true_label,pred_label,fraction,method_a,method_b,iou,overlap_fraction,normalised_centre_distance,score_drop_a,score_drop_b,flipped_a,flipped_b,explain_time_a_s,explain_time_b_s,dataset,sample_idx
1,1,0.05,hydra,shapley_sampling,0.4,0.5714285714285714,0.02142857142857143,0.5452619506968384,0.38372870359368577,0,0,0.07843340699764667,0.7281809670021175,ECG5000,3390
1,1,0.1,hydra,shapley_sampling,0.0,0.0,0.45,0.13154623230164653,0.7840958312349176,0,0,0.07843340699764667,0.7281809670021175,ECG5000,3390
1,1,0.2,hydra,shapley_sampling,0.0,0.0,0.39285714285714285,-0.11801739366073805,0.8074428174345295,0,1,0.07843340699764667,0.7281809670021175,ECG5000,3390
1,1,0.05,hydra,feature_ablation,0.4,0.5714285714285714,0.02142857142857143,0.5452619506968384,0.3837287123079361,0,0,0.07843340699764667,0.031226932995195966,ECG5000,3390
1,1,0.1,hydra,feature_ablation,0.0,0.0,0.45,0.13154623230164653,0.7840958361792283,0,0,0.07843340699764667,0.031226932995195966,ECG5000,3390
1,1,0.2,hydra,feature_ablation,0.0,0.0,0.39285714285714285,-0.11801739366073805,0.8074428168261831,0,1,0.07843340699764667,0.031226932995195966,ECG5000,3390
1,1,0.05,hydra,tshap_centroid,0.5555555555555556,0.7142857142857143,0.014285714285714285,0.5452619506968384,0.403893941699683,0,0,0.07843340699764667,0.015005615998234134,ECG5000,3390
1,1,0.1,hydra,tshap_centroid,0.0,0.0,0.42857142857142855,0.13154623230164653,0.6767161639622561,0,0,0.07843340699764667,0.015005615998234134,ECG5000,3390
1,1,0.2,hydra,tshap_centroid,0.0,0.0,0.39285714285714285,-0.11801739366073805,0.8074428094788131,0,1,0.07843340699764667,0.015005615998234134,ECG5000,3390
1,1,0.05,hydra,tshap_zero,0.75,0.8571428571428571,0.007142857142857143,0.5452619506968384,0.5610264304770045,0,0,0.07843340699764667,0.0051215839994256385,ECG5000,3390
1,1,0.1,hydra,tshap_zero,0.0,0.0,0.4357142857142857,0.13154623230164653,0.8078704684797524,0,1,0.07843340699764667,0.0051215839994256385,ECG5000,3390
1,1,0.2,hydra,tshap_zero,0.0,0.0,0.39285714285714285,-0.11801739366073805,0.8074428180505462,0,1,0.07843340699764667,0.0051215839994256385,ECG5000,3390
1,1,0.05,hydra,tshap_train,0.5555555555555556,0.7142857142857143,0.014285714285714285,0.5452619506968384,0.4038939537609764,0,0,0.07843340699764667,0.03887236500304425,ECG5000,3390
1,1,0.1,hydra,tshap_train,0.0,0.0,0.42857142857142855,0.13154623230164653,0.6767161607207388,0,0,0.07843340699764667,0.03887236500304425,ECG5000,3390
1,1,0.2,hydra,tshap_train,0.0,0.0,0.39285714285714285,-0.11801739366073805,0.8074428164126253,0,1,0.07843340699764667,0.03887236500304425,ECG5000,3390
1,1,0.05,hydra,mrsqm,0.0,0.0,0.9214285714285714,0.5452619506968384,0.31655620047209293,0,0,0.07843340699764667,2.7150999812874943e-05,ECG5000,3390
1,1,0.1,hydra,mrsqm,0.0,0.0,0.45,0.13154623230164653,0.14205392856357624,0,0,0.07843340699764667,2.7150999812874943e-05,ECG5000,3390
1,1,0.2,hydra,mrsqm,0.0,0.0,0.40714285714285714,-0.11801739366073805,0.15455889524184885,0,0,0.07843340699764667,2.7150999812874943e-05,ECG5000,3390
1,1,0.05,shapley_sampling,feature_ablation,1.0,1.0,0.0,0.38372870359368577,0.3837287123079361,0,0,0.7281809670021175,0.031226932995195966,ECG5000,3390
1,1,0.1,shapley_sampling,feature_ablation,1.0,1.0,0.0,0.7840958312349176,0.7840958361792283,0,0,0.7281809670021175,0.031226932995195966,ECG5000,3390
1,1,0.2,shapley_sampling,feature_ablation,1.0,1.0,0.0,0.8074428174345295,0.8074428168261831,1,1,0.7281809670021175,0.031226932995195966,ECG5000,3390
1,1,0.05,shapley_sampling,tshap_centroid,0.75,0.8571428571428571,0.007142857142857143,0.38372870359368577,0.403893941699683,0,0,0.7281809670021175,0.015005615998234134,ECG5000,3390
1,1,0.1,shapley_sampling,tshap_centroid,0.6470588235294118,0.7857142857142857,0.02142857142857143,0.7840958312349176,0.6767161639622561,0,0,0.7281809670021175,0.015005615998234134,ECG5000,3390
1,1,0.2,shapley_sampling,tshap_centroid,1.0,1.0,0.0,0.8074428174345295,0.8074428094788131,1,1,0.7281809670021175,0.015005615998234134,ECG5000,3390
1,1,0.05,shapley_sampling,tshap_zero,0.5555555555555556,0.7142857142857143,0.014285714285714285,0.38372870359368577,0.5610264304770045,0,0,0.7281809670021175,0.0051215839994256385,ECG5000,3390
1,1,0.1,shapley_sampling,tshap_zero,0.75,0.8571428571428571,0.014285714285714285,0.7840958312349176,0.8078704684797524,0,1,0.7281809670021175,0.0051215839994256385,ECG5000,3390
1,1,0.2,shapley_sampling,tshap_zero,1.0,1.0,0.0,0.8074428174345295,0.8074428180505462,1,1,0.7281809670021175,0.0051215839994256385,ECG5000,3390
1,1,0.05,shapley_sampling,tshap_train,0.75,0.8571428571428571,0.007142857142857143,0.38372870359368577,0.4038939537609764,0,0,0.7281809670021175,0.03887236500304425,ECG5000,3390
1,1,0.1,shapley_sampling,tshap_train,0.6470588235294118,0.7857142857142857,0.02142857142857143,0.7840958312349176,0.6767161607207388,0,0,0.7281809670021175,0.03887236500304425,ECG5000,3390
1,1,0.2,shapley_sampling,tshap_train,1.0,1.0,0.0,0.8074428174345295,0.8074428164126253,1,1,0.7281809670021175,0.03887236500304425,ECG5000,3390
1,1,0.05,shapley_sampling,mrsqm,0.0,0.0,0.9,0.38372870359368577,0.31655620047209293,0,0,0.7281809670021175,2.7150999812874943e-05,ECG5000,3390
1,1,0.1,shapley_sampling,mrsqm,0.0,0.0,0.9,0.7840958312349176,0.14205392856357624,0,0,0.7281809670021175,2.7150999812874943e-05,ECG5000,3390
1,1,0.2,shapley_sampling,mrsqm,0.0,0.0,0.8,0.8074428174345295,0.15455889524184885,1,0,0.7281809670021175,2.7150999812874943e-05,ECG5000,3390
1,1,0.05,feature_ablation,tshap_centroid,0.75,0.8571428571428571,0.007142857142857143,0.3837287123079361,0.403893941699683,0,0,0.031226932995195966,0.015005615998234134,ECG5000,3390
1,1,0.1,feature_ablation,tshap_centroid,0.6470588235294118,0.7857142857142857,0.02142857142857143,0.7840958361792283,0.6767161639622561,0,0,0.031226932995195966,0.015005615998234134,ECG5000,3390
1,1,0.2,feature_ablation,tshap_centroid,1.0,1.0,0.0,0.8074428168261831,0.8074428094788131,1,1,0.031226932995195966,0.015005615998234134,ECG5000,3390
1,1,0.05,feature_ablation,tshap_zero,0.5555555555555556,0.7142857142857143,0.014285714285714285,0.3837287123079361,0.5610264304770045,0,0,0.031226932995195966,0.0051215839994256385,ECG5000,3390
1,1,0.1,feature_ablation,tshap_zero,0.75,0.8571428571428571,0.014285714285714285,0.7840958361792283,0.8078704684797524,0,1,0.031226932995195966,0.0051215839994256385,ECG5000,3390
1,1,0.2,feature_ablation,tshap_zero,1.0,1.0,0.0,0.8074428168261831,0.8074428180505462,1,1,0.031226932995195966,0.0051215839994256385,ECG5000,3390
1,1,0.05,feature_ablation,tshap_train,0.75,0.8571428571428571,0.007142857142857143,0.3837287123079361,0.4038939537609764,0,0,0.031226932995195966,0.03887236500304425,ECG5000,3390
1,1,0.1,feature_ablation,tshap_train,0.6470588235294118,0.7857142857142857,0.02142857142857143,0.7840958361792283,0.6767161607207388,0,0,0.031226932995195966,0.03887236500304425,ECG5000,3390
1,1,0.2,feature_ablation,tshap_train,1.0,1.0,0.0,0.8074428168261831,0.8074428164126253,1,1,0.031226932995195966,0.03887236500304425,ECG5000,3390
1,1,0.05,feature_ablation,mrsqm,0.0,0.0,0.9,0.3837287123079361,0.31655620047209293,0,0,0.031226932995195966,2.7150999812874943e-05,ECG5000,3390
1,1,0.1,feature_ablation,mrsqm,0.0,0.0,0.9,0.7840958361792283,0.14205392856357624,0,0,0.031226932995195966,2.7150999812874943e-05,ECG5000,3390
1,1,0.2,feature_ablation,mrsqm,0.0,0.0,0.8,0.8074428168261831,0.15455889524184885,1,0,0.031226932995195966,2.7150999812874943e-05,ECG5000,3390
1,1,0.05,tshap_centroid,tshap_zero,0.75,0.8571428571428571,0.007142857142857143,0.403893941699683,0.5610264304770045,0,0,0.015005615998234134,0.0051215839994256385,ECG5000,3390
1,1,0.1,tshap_centroid,tshap_zero,0.8666666666666667,0.9285714285714286,0.007142857142857143,0.6767161639622561,0.8078704684797524,0,1,0.015005615998234134,0.0051215839994256385,ECG5000,3390
1,1,0.2,tshap_centroid,tshap_zero,1.0,1.0,0.0,0.8074428094788131,0.8074428180505462,1,1,0.015005615998234134,0.0051215839994256385,ECG5000,3390
1,1,0.05,tshap_centroid,tshap_train,1.0,1.0,0.0,0.403893941699683,0.4038939537609764,0,0,0.015005615998234134,0.03887236500304425,ECG5000,3390
1,1,0.1,tshap_centroid,tshap_train,1.0,1.0,0.0,0.6767161639622561,0.6767161607207388,0,0,0.015005615998234134,0.03887236500304425,ECG5000,3390
1,1,0.2,tshap_centroid,tshap_train,1.0,1.0,0.0,0.8074428094788131,0.8074428164126253,1,1,0.015005615998234134,0.03887236500304425,ECG5000,3390
1,1,0.05,tshap_centroid,mrsqm,0.0,0.0,0.9071428571428571,0.403893941699683,0.31655620047209293,0,0,0.015005615998234134,2.7150999812874943e-05,ECG5000,3390
1,1,0.1,tshap_centroid,mrsqm,0.0,0.0,0.8785714285714286,0.6767161639622561,0.14205392856357624,0,0,0.015005615998234134,2.7150999812874943e-05,ECG5000,3390
1,1,0.2,tshap_centroid,mrsqm,0.0,0.0,0.8,0.8074428094788131,0.15455889524184885,1,0,0.015005615998234134,2.7150999812874943e-05,ECG5000,3390
1,1,0.05,tshap_zero,tshap_train,0.75,0.8571428571428571,0.007142857142857143,0.5610264304770045,0.4038939537609764,0,0,0.0051215839994256385,0.03887236500304425,ECG5000,3390
1,1,0.1,tshap_zero,tshap_train,0.8666666666666667,0.9285714285714286,0.007142857142857143,0.8078704684797524,0.6767161607207388,1,0,0.0051215839994256385,0.03887236500304425,ECG5000,3390
1,1,0.2,tshap_zero,tshap_train,1.0,1.0,0.0,0.8074428180505462,0.8074428164126253,1,1,0.0051215839994256385,0.03887236500304425,ECG5000,3390
1,1,0.05,tshap_zero,mrsqm,0.0,0.0,0.9142857142857143,0.5610264304770045,0.31655620047209293,0,0,0.0051215839994256385,2.7150999812874943e-05,ECG5000,3390
1,1,0.1,tshap_zero,mrsqm,0.0,0.0,0.8857142857142857,0.8078704684797524,0.14205392856357624,1,0,0.0051215839994256385,2.7150999812874943e-05,ECG5000,3390
1,1,0.2,tshap_zero,mrsqm,0.0,0.0,0.8,0.8074428180505462,0.15455889524184885,1,0,0.0051215839994256385,2.7150999812874943e-05,ECG5000,3390
1,1,0.05,tshap_train,mrsqm,0.0,0.0,0.9071428571428571,0.4038939537609764,0.31655620047209293,0,0,0.03887236500304425,2.7150999812874943e-05,ECG5000,3390
1,1,0.1,tshap_train,mrsqm,0.0,0.0,0.8785714285714286,0.6767161607207388,0.14205392856357624,0,0,0.03887236500304425,2.7150999812874943e-05,ECG5000,3390
1,1,0.2,tshap_train,mrsqm,0.0,0.0,0.8,0.8074428164126253,0.15455889524184885,1,0,0.03887236500304425,2.7150999812874943e-05,ECG5000,3390
1,1,0.05,hydra,shapley_sampling,1.0,1.0,0.0,0.7394579767949503,0.7394579672785169,0,0,0.06403724100528052,0.7258291229954921,ECG5000,3124
1,1,0.1,hydra,shapley_sampling,1.0,1.0,0.0,1.0097817410003993,1.0097817411931318,0,0,0.06403724100528052,0.7258291229954921,ECG5000,3124
1,1,0.2,hydra,shapley_sampling,0.9310344827586207,0.9642857142857143,0.007142857142857143,1.1594864156590488,1.1129839262560335,0,0,0.06403724100528052,0.7258291229954921,ECG5000,3124
1,1,0.05,hydra,feature_ablation,1.0,1.0,0.0,0.7394579767949503,0.7394579636100795,0,0,0.06403724100528052,0.031350186000054237,ECG5000,3124
1,1,0.1,hydra,feature_ablation,1.0,1.0,0.0,1.0097817410003993,1.0097817393965187,0,0,0.06403724100528052,0.031350186000054237,ECG5000,3124
1,1,0.2,hydra,feature_ablation,0.9310344827586207,0.9642857142857143,0.007142857142857143,1.1594864156590488,1.1129839313321575,0,0,0.06403724100528052,0.031350186000054237,ECG5000,3124
1,1,0.05,hydra,tshap_centroid,0.16666666666666666,0.2857142857142857,0.03571428571428571,0.7394579767949503,0.6784052167203729,0,0,0.06403724100528052,0.005152682999323588,ECG5000,3124
1,1,0.1,hydra,tshap_centroid,0.75,0.8571428571428571,0.014285714285714285,1.0097817410003993,1.0698755663790918,0,0,0.06403724100528052,0.005152682999323588,ECG5000,3124
1,1,0.2,hydra,tshap_centroid,1.0,1.0,0.0,1.1594864156590488,1.1594864087042287,0,0,0.06403724100528052,0.005152682999323588,ECG5000,3124
1,1,0.05,hydra,tshap_zero,0.16666666666666666,0.2857142857142857,0.03571428571428571,0.7394579767949503,0.6784052258217133,0,0,0.06403724100528052,0.00503970000136178,ECG5000,3124
1,1,0.1,hydra,tshap_zero,0.8666666666666667,0.9285714285714286,0.007142857142857143,1.0097817410003993,1.12028506076479,0,0,0.06403724100528052,0.00503970000136178,ECG5000,3124
1,1,0.2,hydra,tshap_zero,0.9310344827586207,0.9642857142857143,0.007142857142857143,1.1594864156590488,1.112983929221656,0,0,0.06403724100528052,0.00503970000136178,ECG5000,3124
1,1,0.05,hydra,tshap_train,0.16666666666666666,0.2857142857142857,0.03571428571428571,0.7394579767949503,0.6784052197914032,0,0,0.06403724100528052,0.037979861997882836,ECG5000,3124
1,1,0.1,hydra,tshap_train,0.75,0.8571428571428571,0.014285714285714285,1.0097817410003993,1.0698755667601227,0,0,0.06403724100528052,0.037979861997882836,ECG5000,3124
1,1,0.2,hydra,tshap_train,0.9310344827586207,0.9642857142857143,0.007142857142857143,1.1594864156590488,1.1129839325346336,0,0,0.06403724100528052,0.037979861997882836,ECG5000,3124
1,1,0.05,hydra,mrsqm,0.0,0.0,0.95,0.7394579767949503,0.3873893269498039,0,0,0.06403724100528052,2.289300027769059e-05,ECG5000,3124
1,1,0.1,hydra,mrsqm,0.0,0.0,0.9,1.0097817410003993,0.3869013322686983,0,0,0.06403724100528052,2.289300027769059e-05,ECG5000,3124
1,1,0.2,hydra,mrsqm,0.0,0.0,0.7928571428571428,1.1594864156590488,0.25641559668971325,0,0,0.06403724100528052,2.289300027769059e-05,ECG5000,3124
1,1,0.05,shapley_sampling,feature_ablation,1.0,1.0,0.0,0.7394579672785169,0.7394579636100795,0,0,0.7258291229954921,0.031350186000054237,ECG5000,3124
1,1,0.1,shapley_sampling,feature_ablation,1.0,1.0,0.0,1.0097817411931318,1.0097817393965187,0,0,0.7258291229954921,0.031350186000054237,ECG5000,3124
1,1,0.2,shapley_sampling,feature_ablation,1.0,1.0,0.0,1.1129839262560335,1.1129839313321575,0,0,0.7258291229954921,0.031350186000054237,ECG5000,3124
1,1,0.05,shapley_sampling,tshap_centroid,0.16666666666666666,0.2857142857142857,0.03571428571428571,0.7394579672785169,0.6784052167203729,0,0,0.7258291229954921,0.005152682999323588,ECG5000,3124
1,1,0.1,shapley_sampling,tshap_centroid,0.75,0.8571428571428571,0.014285714285714285,1.0097817411931318,1.0698755663790918,0,0,0.7258291229954921,0.005152682999323588,ECG5000,3124
1,1,0.2,shapley_sampling,tshap_centroid,0.9310344827586207,0.9642857142857143,0.007142857142857143,1.1129839262560335,1.1594864087042287,0,0,0.7258291229954921,0.005152682999323588,ECG5000,3124
1,1,0.05,shapley_sampling,tshap_zero,0.16666666666666666,0.2857142857142857,0.03571428571428571,0.7394579672785169,0.6784052258217133,0,0,0.7258291229954921,0.00503970000136178,ECG5000,3124
1,1,0.1,shapley_sampling,tshap_zero,0.8666666666666667,0.9285714285714286,0.007142857142857143,1.0097817411931318,1.12028506076479,0,0,0.7258291229954921,0.00503970000136178,ECG5000,3124
1,1,0.2,shapley_sampling,tshap_zero,1.0,1.0,0.0,1.1129839262560335,1.112983929221656,0,0,0.7258291229954921,0.00503970000136178,ECG5000,3124
1,1,0.05,shapley_sampling,tshap_train,0.16666666666666666,0.2857142857142857,0.03571428571428571,0.7394579672785169,0.6784052197914032,0,0,0.7258291229954921,0.037979861997882836,ECG5000,3124
1,1,0.1,shapley_sampling,tshap_train,0.75,0.8571428571428571,0.014285714285714285,1.0097817411931318,1.0698755667601227,0,0,0.7258291229954921,0.037979861997882836,ECG5000,3124
1,1,0.2,shapley_sampling,tshap_train,1.0,1.0,0.0,1.1129839262560335,1.1129839325346336,0,0,0.7258291229954921,0.037979861997882836,ECG5000,3124
1,1,0.05,shapley_sampling,mrsqm,0.0,0.0,0.95,0.7394579672785169,0.3873893269498039,0,0,0.7258291229954921,2.289300027769059e-05,ECG5000,3124
1,1,0.1,shapley_sampling,mrsqm,0.0,0.0,0.9,1.0097817411931318,0.3869013322686983,0,0,0.7258291229954921,2.289300027769059e-05,ECG5000,3124
1,1,0.2,shapley_sampling,mrsqm,0.0,0.0,0.8,1.1129839262560335,0.25641559668971325,0,0,0.7258291229954921,2.289300027769059e-05,ECG5000,3124
1,1,0.05,feature_ablation,tshap_centroid,0.16666666666666666,0.2857142857142857,0.03571428571428571,0.7394579636100795,0.6784052167203729,0,0,0.031350186000054237,0.005152682999323588,ECG5000,3124
1,1,0.1,feature_ablation,tshap_centroid,0.75,0.8571428571428571,0.014285714285714285,1.0097817393965187,1.0698755663790918,0,0,0.031350186000054237,0.005152682999323588,ECG5000,3124
1,1,0.2,feature_ablation,tshap_centroid,0.9310344827586207,0.9642857142857143,0.007142857142857143,1.1129839313321575,1.1594864087042287,0,0,0.031350186000054237,0.005152682999323588,ECG5000,3124
1,1,0.05,feature_ablation,tshap_zero,0.16666666666666666,0.2857142857142857,0.03571428571428571,0.7394579636100795,0.6784052258217133,0,0,0.031350186000054237,0.00503970000136178,ECG5000,3124
1,1,0.1,feature_ablation,tshap_zero,0.8666666666666667,0.9285714285714286,0.007142857142857143,1.0097817393965187,1.12028506076479,0,0,0.031350186000054237,0.00503970000136178,ECG5000,3124
1,1,0.2,feature_ablation,tshap_zero,1.0,1.0,0.0,1.1129839313321575,1.112983929221656,0,0,0.031350186000054237,0.00503970000136178,ECG5000,3124
1,1,0.05,feature_ablation,tshap_train,0.16666666666666666,0.2857142857142857,0.03571428571428571,0.7394579636100795,0.6784052197914032,0,0,0.031350186000054237,0.037979861997882836,ECG5000,3124
1,1,0.1,feature_ablation,tshap_train,0.75,0.8571428571428571,0.014285714285714285,1.0097817393965187,1.0698755667601227,0,0,0.031350186000054237,0.037979861997882836,ECG5000,3124
1,1,0.2,feature_ablation,tshap_train,1.0,1.0,0.0,1.1129839313321575,1.1129839325346336,0,0,0.031350186000054237,0.037979861997882836,ECG5000,3124
1,1,0.05,feature_ablation,mrsqm,0.0,0.0,0.95,0.7394579636100795,0.3873893269498039,0,0,0.031350186000054237,2.289300027769059e-05,ECG5000,3124
1,1,0.1,feature_ablation,mrsqm,0.0,0.0,0.9,1.0097817393965187,0.3869013322686983,0,0,0.031350186000054237,2.289300027769059e-05,ECG5000,3124
1,1,0.2,feature_ablation,mrsqm,0.0,0.0,0.8,1.1129839313321575,0.25641559668971325,0,0,0.031350186000054237,2.289300027769059e-05,ECG5000,3124
1,1,0.05,tshap_centroid,tshap_zero,1.0,1.0,0.0,0.6784052167203729,0.6784052258217133,0,0,0.005152682999323588,0.00503970000136178,ECG5000,3124
1,1,0.1,tshap_centroid,tshap_zero,0.8666666666666667,0.9285714285714286,0.007142857142857143,1.0698755663790918,1.12028506076479,0,0,0.005152682999323588,0.00503970000136178,ECG5000,3124
1,1,0.2,tshap_centroid,tshap_zero,0.9310344827586207,0.9642857142857143,0.007142857142857143,1.1594864087042287,1.112983929221656,0,0,0.005152682999323588,0.00503970000136178,ECG5000,3124
1,1,0.05,tshap_centroid,tshap_train,1.0,1.0,0.0,0.6784052167203729,0.6784052197914032,0,0,0.005152682999323588,0.037979861997882836,ECG5000,3124
1,1,0.1,tshap_centroid,tshap_train,1.0,1.0,0.0,1.0698755663790918,1.0698755667601227,0,0,0.005152682999323588,0.037979861997882836,ECG5000,3124
1,1,0.2,tshap_centroid,tshap_train,0.9310344827586207,0.9642857142857143,0.007142857142857143,1.1594864087042287,1.1129839325346336,0,0,0.005152682999323588,0.037979861997882836,ECG5000,3124
1,1,0.05,tshap_centroid,mrsqm,0.0,0.0,0.9142857142857143,0.6784052167203729,0.3873893269498039,0,0,0.005152682999323588,2.289300027769059e-05,ECG5000,3124
1,1,0.1,tshap_centroid,mrsqm,0.0,0.0,0.8857142857142857,1.0698755663790918,0.3869013322686983,0,0,0.005152682999323588,2.289300027769059e-05,ECG5000,3124
1,1,0.2,tshap_centroid,mrsqm,0.0,0.0,0.7928571428571428,1.1594864087042287,0.25641559668971325,0,0,0.005152682999323588,2.289300027769059e-05,ECG5000,3124
1,1,0.05,tshap_zero,tshap_train,1.0,1.0,0.0,0.6784052258217133,0.6784052197914032,0,0,0.00503970000136178,0.037979861997882836,ECG5000,3124
1,1,0.1,tshap_zero,tshap_train,0.8666666666666667,0.9285714285714286,0.007142857142857143,1.12028506076479,1.0698755667601227,0,0,0.00503970000136178,0.037979861997882836,ECG5000,3124
1,1,0.2,tshap_zero,tshap_train,1.0,1.0,0.0,1.112983929221656,1.1129839325346336,0,0,0.00503970000136178,0.037979861997882836,ECG5000,3124
1,1,0.05,tshap_zero,mrsqm,0.0,0.0,0.9142857142857143,0.6784052258217133,0.3873893269498039,0,0,0.00503970000136178,2.289300027769059e-05,ECG5000,3124
1,1,0.1,tshap_zero,mrsqm,0.0,0.0,0.8928571428571429,1.12028506076479,0.3869013322686983,0,0,0.00503970000136178,2.289300027769059e-05,ECG5000,3124
1,1,0.2,tshap_zero,mrsqm,0.0,0.0,0.8,1.112983929221656,0.25641559668971325,0,0,0.00503970000136178,2.289300027769059e-05,ECG5000,3124
1,1,0.05,tshap_train,mrsqm,0.0,0.0,0.9142857142857143,0.6784052197914032,0.3873893269498039,0,0,0.037979861997882836,2.289300027769059e-05,ECG5000,3124
1,1,0.1,tshap_train,mrsqm,0.0,0.0,0.8857142857142857,1.0698755667601227,0.3869013322686983,0,0,0.037979861997882836,2.289300027769059e-05,ECG5000,3124
1,1,0.2,tshap_train,mrsqm,0.0,0.0,0.8,1.1129839325346336,0.25641559668971325,0,0,0.037979861997882836,2.289300027769059e-05,ECG5000,3124
0,0,0.05,hydra,shapley_sampling,0.0,0.0,0.8857142857142857,0.10998727283508414,0.21694484295701744,0,0,0.06294312799582258,0.7255480640014866,ECG5000,858
0,0,0.1,hydra,shapley_sampling,0.0,0.0,0.8571428571428571,0.15826287341049572,0.5021519802758557,0,0,0.06294312799582258,0.7255480640014866,ECG5000,858
0,0,0.2,hydra,shapley_sampling,0.0,0.0,0.7857142857142857,0.15952259052912754,0.4401222879985135,0,0,0.06294312799582258,0.7255480640014866,ECG5000,858
0,0,0.05,hydra,feature_ablation,0.0,0.0,0.8857142857142857,0.10998727283508414,0.21694484822276505,0,0,0.06294312799582258,0.03156555100576952,ECG5000,858
0,0,0.1,hydra,feature_ablation,0.0,0.0,0.8571428571428571,0.15826287341049572,0.5021519782373975,0,0,0.06294312799582258,0.03156555100576952,ECG5000,858
0,0,0.2,hydra,feature_ablation,0.0,0.0,0.7857142857142857,0.15952259052912754,0.44012229806358727,0,0,0.06294312799582258,0.03156555100576952,ECG5000,858
0,0,0.05,hydra,tshap_centroid,0.4,0.5714285714285714,0.02142857142857143,0.10998727283508414,0.10208313691415494,0,0,0.06294312799582258,0.005139968998264521,ECG5000,858
0,0,0.1,hydra,tshap_centroid,0.6470588235294118,0.7857142857142857,0.02142857142857143,0.15826287341049572,0.14596206932715672,0,0,0.06294312799582258,0.005139968998264521,ECG5000,858
0,0,0.2,hydra,tshap_centroid,0.9310344827586207,0.9642857142857143,0.007142857142857143,0.15952259052912754,0.19267358964123382,0,0,0.06294312799582258,0.005139968998264521,ECG5000,858
0,0,0.05,hydra,tshap_zero,0.0,0.0,0.6071428571428571,0.10998727283508414,0.014117562198178168,0,0,0.06294312799582258,0.005198498998652212,ECG5000,858
0,0,0.1,hydra,tshap_zero,0.0,0.0,0.6142857142857143,0.15826287341049572,0.1785444458689388,0,0,0.06294312799582258,0.005198498998652212,ECG5000,858
0,0,0.2,hydra,tshap_zero,0.0,0.0,0.6428571428571429,0.15952259052912754,0.20639508788552352,0,0,0.06294312799582258,0.005198498998652212,ECG5000,858
0,0,0.05,hydra,tshap_train,0.5555555555555556,0.7142857142857143,0.014285714285714285,0.10998727283508414,0.13306930219854696,0,0,0.06294312799582258,0.04045254399534315,ECG5000,858
0,0,0.1,hydra,tshap_train,0.75,0.8571428571428571,0.014285714285714285,0.15826287341049572,0.18239389792151817,0,0,0.06294312799582258,0.04045254399534315,ECG5000,858
0,0,0.2,hydra,tshap_train,1.0,1.0,0.0,0.15952259052912754,0.15952259040872419,0,0,0.06294312799582258,0.04045254399534315,ECG5000,858
0,0,0.05,hydra,mrsqm,0.0,0.0,0.8857142857142857,0.10998727283508414,0.2169448476425473,0,0,0.06294312799582258,2.79019950539805e-05,ECG5000,858
0,0,0.1,hydra,mrsqm,0.0,0.0,0.8571428571428571,0.15826287341049572,0.5021519770928986,0,0,0.06294312799582258,2.79019950539805e-05,ECG5000,858
0,0,0.2,hydra,mrsqm,0.0,0.0,0.7857142857142857,0.15952259052912754,0.4401222960416823,0,0,0.06294312799582258,2.79019950539805e-05,ECG5000,858
0,0,0.05,shapley_sampling,feature_ablation,1.0,1.0,0.0,0.21694484295701744,0.21694484822276505,0,0,0.7255480640014866,0.03156555100576952,ECG5000,858
0,0,0.1,shapley_sampling,feature_ablation,1.0,1.0,0.0,0.5021519802758557,0.5021519782373975,0,0,0.7255480640014866,0.03156555100576952,ECG5000,858
0,0,0.2,shapley_sampling,feature_ablation,1.0,1.0,0.0,0.4401222879985135,0.44012229806358727,0,0,0.7255480640014866,0.03156555100576952,ECG5000,858
0,0,0.05,shapley_sampling,tshap_centroid,0.0,0.0,0.9071428571428571,0.21694484295701744,0.10208313691415494,0,0,0.7255480640014866,0.005139968998264521,ECG5000,858
0,0,0.1,shapley_sampling,tshap_centroid,0.0,0.0,0.8785714285714286,0.5021519802758557,0.14596206932715672,0,0,0.7255480640014866,0.005139968998264521,ECG5000,858
0,0,0.2,shapley_sampling,tshap_centroid,0.0,0.0,0.7928571428571428,0.4401222879985135,0.19267358964123382,0,0,0.7255480640014866,0.005139968998264521,ECG5000,858
0,0,0.05,shapley_sampling,tshap_zero,0.0,0.0,0.2785714285714286,0.21694484295701744,0.014117562198178168,0,0,0.7255480640014866,0.005198498998652212,ECG5000,858
0,0,0.1,shapley_sampling,tshap_zero,0.0,0.0,0.24285714285714285,0.5021519802758557,0.1785444458689388,0,0,0.7255480640014866,0.005198498998652212,ECG5000,858
0,0,0.2,shapley_sampling,tshap_zero,0.16666666666666666,0.2857142857142857,0.14285714285714285,0.4401222879985135,0.20639508788552352,0,0,0.7255480640014866,0.005198498998652212,ECG5000,858
0,0,0.05,shapley_sampling,tshap_train,0.0,0.0,0.9,0.21694484295701744,0.13306930219854696,0,0,0.7255480640014866,0.04045254399534315,ECG5000,858
0,0,0.1,shapley_sampling,tshap_train,0.0,0.0,0.8714285714285714,0.5021519802758557,0.18239389792151817,0,0,0.7255480640014866,0.04045254399534315,ECG5000,858
0,0,0.2,shapley_sampling,tshap_train,0.0,0.0,0.7857142857142857,0.4401222879985135,0.15952259040872419,0,0,0.7255480640014866,0.04045254399534315,ECG5000,858
0,0,0.05,shapley_sampling,mrsqm,1.0,1.0,0.0,0.21694484295701744,0.2169448476425473,0,0,0.7255480640014866,2.79019950539805e-05,ECG5000,858
0,0,0.1,shapley_sampling,mrsqm,1.0,1.0,0.0,0.5021519802758557,0.5021519770928986,0,0,0.7255480640014866,2.79019950539805e-05,ECG5000,858
0,0,0.2,shapley_sampling,mrsqm,1.0,1.0,0.0,0.4401222879985135,0.4401222960416823,0,0,0.7255480640014866,2.79019950539805e-05,ECG5000,858
0,0,0.05,feature_ablation,tshap_centroid,0.0,0.0,0.9071428571428571,0.21694484822276505,0.10208313691415494,0,0,0.03156555100576952,0.005139968998264521,ECG5000,858
0,0,0.1,feature_ablation,tshap_centroid,0.0,0.0,0.8785714285714286,0.5021519782373975,0.14596206932715672,0,0,0.03156555100576952,0.005139968998264521,ECG5000,858
0,0,0.2,feature_ablation,tshap_centroid,0.0,0.0,0.7928571428571428,0.44012229806358727,0.19267358964123382,0,0,0.03156555100576952,0.005139968998264521,ECG5000,858
0,0,0.05,feature_ablation,tshap_zero,0.0,0.0,0.2785714285714286,0.21694484822276505,0.014117562198178168,0,0,0.03156555100576952,0.005198498998652212,ECG5000,858
0,0,0.1,feature_ablation,tshap_zero,0.0,0.0,0.24285714285714285,0.5021519782373975,0.1785444458689388,0,0,0.03156555100576952,0.005198498998652212,ECG5000,858
0,0,0.2,feature_ablation,tshap_zero,0.16666666666666666,0.2857142857142857,0.14285714285714285,0.44012229806358727,0.20639508788552352,0,0,0.03156555100576952,0.005198498998652212,ECG5000,858
0,0,0.05,feature_ablation,tshap_train,0.0,0.0,0.9,0.21694484822276505,0.13306930219854696,0,0,0.03156555100576952,0.04045254399534315,ECG5000,858
0,0,0.1,feature_ablation,tshap_train,0.0,0.0,0.8714285714285714,0.5021519782373975,0.18239389792151817,0,0,0.03156555100576952,0.04045254399534315,ECG5000,858
0,0,0.2,feature_ablation,tshap_train,0.0,0.0,0.7857142857142857,0.44012229806358727,0.15952259040872419,0,0,0.03156555100576952,0.04045254399534315,ECG5000,858
0,0,0.05,feature_ablation,mrsqm,1.0,1.0,0.0,0.21694484822276505,0.2169448476425473,0,0,0.03156555100576952,2.79019950539805e-05,ECG5000,858
0,0,0.1,feature_ablation,mrsqm,1.0,1.0,0.0,0.5021519782373975,0.5021519770928986,0,0,0.03156555100576952,2.79019950539805e-05,ECG5000,858
0,0,0.2,feature_ablation,mrsqm,1.0,1.0,0.0,0.44012229806358727,0.4401222960416823,0,0,0.03156555100576952,2.79019950539805e-05,ECG5000,858
0,0,0.05,tshap_centroid,tshap_zero,0.0,0.0,0.6285714285714286,0.10208313691415494,0.014117562198178168,0,0,0.005139968998264521,0.005198498998652212,ECG5000,858
0,0,0.1,tshap_centroid,tshap_zero,0.0,0.0,0.6357142857142857,0.14596206932715672,0.1785444458689388,0,0,0.005139968998264521,0.005198498998652212,ECG5000,858
0,0,0.2,tshap_centroid,tshap_zero,0.0,0.0,0.65,0.19267358964123382,0.20639508788552352,0,0,0.005139968998264521,0.005198498998652212,ECG5000,858
0,0,0.05,tshap_centroid,tshap_train,0.75,0.8571428571428571,0.007142857142857143,0.10208313691415494,0.13306930219854696,0,0,0.005139968998264521,0.04045254399534315,ECG5000,858
0,0,0.1,tshap_centroid,tshap_train,0.8666666666666667,0.9285714285714286,0.007142857142857143,0.14596206932715672,0.18239389792151817,0,0,0.005139968998264521,0.04045254399534315,ECG5000,858
0,0,0.2,tshap_centroid,tshap_train,0.9310344827586207,0.9642857142857143,0.007142857142857143,0.19267358964123382,0.15952259040872419,0,0,0.005139968998264521,0.04045254399534315,ECG5000,858
0,0,0.05,tshap_centroid,mrsqm,0.0,0.0,0.9071428571428571,0.10208313691415494,0.2169448476425473,0,0,0.005139968998264521,2.79019950539805e-05,ECG5000,858
0,0,0.1,tshap_centroid,mrsqm,0.0,0.0,0.8785714285714286,0.14596206932715672,0.5021519770928986,0,0,0.005139968998264521,2.79019950539805e-05,ECG5000,858
0,0,0.2,tshap_centroid,mrsqm,0.0,0.0,0.7928571428571428,0.19267358964123382,0.4401222960416823,0,0,0.005139968998264521,2.79019950539805e-05,ECG5000,858
0,0,0.05,tshap_zero,tshap_train,0.0,0.0,0.6214285714285714,0.014117562198178168,0.13306930219854696,0,0,0.005198498998652212,0.04045254399534315,ECG5000,858
0,0,0.1,tshap_zero,tshap_train,0.0,0.0,0.6285714285714286,0.1785444458689388,0.18239389792151817,0,0,0.005198498998652212,0.04045254399534315,ECG5000,858
0,0,0.2,tshap_zero,tshap_train,0.0,0.0,0.6428571428571429,0.20639508788552352,0.15952259040872419,0,0,0.005198498998652212,0.04045254399534315,ECG5000,858
0,0,0.05,tshap_zero,mrsqm,0.0,0.0,0.2785714285714286,0.014117562198178168,0.2169448476425473,0,0,0.005198498998652212,2.79019950539805e-05,ECG5000,858
0,0,0.1,tshap_zero,mrsqm,0.0,0.0,0.24285714285714285,0.1785444458689388,0.5021519770928986,0,0,0.005198498998652212,2.79019950539805e-05,ECG5000,858
0,0,0.2,tshap_zero,mrsqm,0.16666666666666666,0.2857142857142857,0.14285714285714285,0.20639508788552352,0.4401222960416823,0,0,0.005198498998652212,2.79019950539805e-05,ECG5000,858
0,0,0.05,tshap_train,mrsqm,0.0,0.0,0.9,0.13306930219854696,0.2169448476425473,0,0,0.04045254399534315,2.79019950539805e-05,ECG5000,858
0,0,0.1,tshap_train,mrsqm,0.0,0.0,0.8714285714285714,0.18239389792151817,0.5021519770928986,0,0,0.04045254399534315,2.79019950539805e-05,ECG5000,858
0,0,0.2,tshap_train,mrsqm,0.0,0.0,0.7857142857142857,0.15952259040872419,0.4401222960416823,0,0,0.04045254399534315,2.79019950539805e-05,ECG5000,858
1,1,0.05,hydra,shapley_sampling,0.2727272727272727,0.42857142857142855,0.02857142857142857,0.8206206786928218,0.8026507335123638,0,0,0.06379375099641038,0.7268650170008186,ECG5000,4369
1,1,0.1,hydra,shapley_sampling,1.0,1.0,0.0,1.0007626605270397,1.0007626573590551,1,1,0.06379375099641038,0.7268650170008186,ECG5000,4369
1,1,0.2,hydra,shapley_sampling,0.0,0.0,0.7,0.14385888031336647,1.0633798183206769,0,1,0.06379375099641038,0.7268650170008186,ECG5000,4369
1,1,0.05,hydra,feature_ablation,0.2727272727272727,0.42857142857142855,0.02857142857142857,0.8206206786928218,0.8026507340150029,0,0,0.06379375099641038,0.031081027998880018,ECG5000,4369
1,1,0.1,hydra,feature_ablation,1.0,1.0,0.0,1.0007626605270397,1.0007626599072452,1,1,0.06379375099641038,0.031081027998880018,ECG5000,4369
1,1,0.2,hydra,feature_ablation,0.0,0.0,0.7,0.14385888031336647,1.063379812848241,0,1,0.06379375099641038,0.031081027998880018,ECG5000,4369
1,1,0.05,hydra,tshap_centroid,0.2727272727272727,0.42857142857142855,0.02857142857142857,0.8206206786928218,0.8026507379936025,0,0,0.06379375099641038,0.005135439998412039,ECG5000,4369
1,1,0.1,hydra,tshap_centroid,0.6470588235294118,0.7857142857142857,0.02142857142857143,1.0007626605270397,1.1117773209808932,1,1,0.06379375099641038,0.005135439998412039,ECG5000,4369
1,1,0.2,hydra,tshap_centroid,0.0,0.0,0.7,0.14385888031336647,1.0633798160659607,0,1,0.06379375099641038,0.005135439998412039,ECG5000,4369
1,1,0.05,hydra,tshap_zero,0.4,0.5714285714285714,0.02142857142857143,0.8206206786928218,0.8742756531236751,0,0,0.06379375099641038,0.005009041997254826,ECG5000,4369
1,1,0.1,hydra,tshap_zero,0.6470588235294118,0.7857142857142857,0.02142857142857143,1.0007626605270397,1.111777318729733,1,1,0.06379375099641038,0.005009041997254826,ECG5000,4369
1,1,0.2,hydra,tshap_zero,0.0,0.0,0.7,0.14385888031336647,1.0633798178646274,0,1,0.06379375099641038,0.005009041997254826,ECG5000,4369
1,1,0.05,hydra,tshap_train,0.2727272727272727,0.42857142857142855,0.02857142857142857,0.8206206786928218,0.8026507379978035,0,0,0.06379375099641038,0.040244160998554435,ECG5000,4369
1,1,0.1,hydra,tshap_train,0.6470588235294118,0.7857142857142857,0.02142857142857143,1.0007626605270397,1.1117773231279064,1,1,0.06379375099641038,0.040244160998554435,ECG5000,4369
1,1,0.2,hydra,tshap_train,0.0,0.0,0.7,0.14385888031336647,1.063379810925451,0,1,0.06379375099641038,0.040244160998554435,ECG5000,4369
1,1,0.05,hydra,mrsqm,0.0,0.0,0.9285714285714286,0.8206206786928218,0.17918169066621004,0,0,0.06379375099641038,2.1931002265773714e-05,ECG5000,4369
1,1,0.1,hydra,mrsqm,0.0,0.0,0.9,1.0007626605270397,0.08842444704298669,1,0,0.06379375099641038,2.1931002265773714e-05,ECG5000,4369
1,1,0.2,hydra,mrsqm,0.3333333333333333,0.5,0.1,0.14385888031336647,-0.08504924973595118,0,0,0.06379375099641038,2.1931002265773714e-05,ECG5000,4369
1,1,0.05,shapley_sampling,feature_ablation,1.0,1.0,0.0,0.8026507335123638,0.8026507340150029,0,0,0.7268650170008186,0.031081027998880018,ECG5000,4369
1,1,0.1,shapley_sampling,feature_ablation,1.0,1.0,0.0,1.0007626573590551,1.0007626599072452,1,1,0.7268650170008186,0.031081027998880018,ECG5000,4369
1,1,0.2,shapley_sampling,feature_ablation,1.0,1.0,0.0,1.0633798183206769,1.063379812848241,1,1,0.7268650170008186,0.031081027998880018,ECG5000,4369
1,1,0.05,shapley_sampling,tshap_centroid,1.0,1.0,0.0,0.8026507335123638,0.8026507379936025,0,0,0.7268650170008186,0.005135439998412039,ECG5000,4369
1,1,0.1,shapley_sampling,tshap_centroid,0.6470588235294118,0.7857142857142857,0.02142857142857143,1.0007626573590551,1.1117773209808932,1,1,0.7268650170008186,0.005135439998412039,ECG5000,4369
1,1,0.2,shapley_sampling,tshap_centroid,1.0,1.0,0.0,1.0633798183206769,1.0633798160659607,1,1,0.7268650170008186,0.005135439998412039,ECG5000,4369
1,1,0.05,shapley_sampling,tshap_zero,0.75,0.8571428571428571,0.007142857142857143,0.8026507335123638,0.8742756531236751,0,0,0.7268650170008186,0.005009041997254826,ECG5000,4369
1,1,0.1,shapley_sampling,tshap_zero,0.6470588235294118,0.7857142857142857,0.02142857142857143,1.0007626573590551,1.111777318729733,1,1,0.7268650170008186,0.005009041997254826,ECG5000,4369
1,1,0.2,shapley_sampling,tshap_zero,1.0,1.0,0.0,1.0633798183206769,1.0633798178646274,1,1,0.7268650170008186,0.005009041997254826,ECG5000,4369
1,1,0.05,shapley_sampling,tshap_train,1.0,1.0,0.0,0.8026507335123638,0.8026507379978035,0,0,0.7268650170008186,0.040244160998554435,ECG5000,4369
1,1,0.1,shapley_sampling,tshap_train,0.6470588235294118,0.7857142857142857,0.02142857142857143,1.0007626573590551,1.1117773231279064,1,1,0.7268650170008186,0.040244160998554435,ECG5000,4369
1,1,0.2,shapley_sampling,tshap_train,1.0,1.0,0.0,1.0633798183206769,1.063379810925451,1,1,0.7268650170008186,0.040244160998554435,ECG5000,4369
1,1,0.05,shapley_sampling,mrsqm,0.0,0.0,0.9,0.8026507335123638,0.17918169066621004,0,0,0.7268650170008186,2.1931002265773714e-05,ECG5000,4369
1,1,0.1,shapley_sampling,mrsqm,0.0,0.0,0.9,1.0007626573590551,0.08842444704298669,1,0,0.7268650170008186,2.1931002265773714e-05,ECG5000,4369
1,1,0.2,shapley_sampling,mrsqm,0.0,0.0,0.8,1.0633798183206769,-0.08504924973595118,1,0,0.7268650170008186,2.1931002265773714e-05,ECG5000,4369
1,1,0.05,feature_ablation,tshap_centroid,1.0,1.0,0.0,0.8026507340150029,0.8026507379936025,0,0,0.031081027998880018,0.005135439998412039,ECG5000,4369
1,1,0.1,feature_ablation,tshap_centroid,0.6470588235294118,0.7857142857142857,0.02142857142857143,1.0007626599072452,1.1117773209808932,1,1,0.031081027998880018,0.005135439998412039,ECG5000,4369
1,1,0.2,feature_ablation,tshap_centroid,1.0,1.0,0.0,1.063379812848241,1.0633798160659607,1,1,0.031081027998880018,0.005135439998412039,ECG5000,4369
1,1,0.05,feature_ablation,tshap_zero,0.75,0.8571428571428571,0.007142857142857143,0.8026507340150029,0.8742756531236751,0,0,0.031081027998880018,0.005009041997254826,ECG5000,4369
1,1,0.1,feature_ablation,tshap_zero,0.6470588235294118,0.7857142857142857,0.02142857142857143,1.0007626599072452,1.111777318729733,1,1,0.031081027998880018,0.005009041997254826,ECG5000,4369
1,1,0.2,feature_ablation,tshap_zero,1.0,1.0,0.0,1.063379812848241,1.0633798178646274,1,1,0.031081027998880018,0.005009041997254826,ECG5000,4369
1,1,0.05,feature_ablation,tshap_train,1.0,1.0,0.0,0.8026507340150029,0.8026507379978035,0,0,0.031081027998880018,0.040244160998554435,ECG5000,4369
1,1,0.1,feature_ablation,tshap_train,0.6470588235294118,0.7857142857142857,0.02142857142857143,1.0007626599072452,1.1117773231279064,1,1,0.031081027998880018,0.040244160998554435,ECG5000,4369
1,1,0.2,feature_ablation,tshap_train,1.0,1.0,0.0,1.063379812848241,1.063379810925451,1,1,0.031081027998880018,0.040244160998554435,ECG5000,4369
1,1,0.05,feature_ablation,mrsqm,0.0,0.0,0.9,0.8026507340150029,0.17918169066621004,0,0,0.031081027998880018,2.1931002265773714e-05,ECG5000,4369
1,1,0.1,feature_ablation,mrsqm,0.0,0.0,0.9,1.0007626599072452,0.08842444704298669,1,0,0.031081027998880018,2.1931002265773714e-05,ECG5000,4369
1,1,0.2,feature_ablation,mrsqm,0.0,0.0,0.8,1.063379812848241,-0.08504924973595118,1,0,0.031081027998880018,2.1931002265773714e-05,ECG5000,4369
1,1,0.05,tshap_centroid,tshap_zero,0.75,0.8571428571428571,0.007142857142857143,0.8026507379936025,0.8742756531236751,0,0,0.005135439998412039,0.005009041997254826,ECG5000,4369
1,1,0.1,tshap_centroid,tshap_zero,1.0,1.0,0.0,1.1117773209808932,1.111777318729733,1,1,0.005135439998412039,0.005009041997254826,ECG5000,4369
1,1,0.2,tshap_centroid,tshap_zero,1.0,1.0,0.0,1.0633798160659607,1.0633798178646274,1,1,0.005135439998412039,0.005009041997254826,ECG5000,4369
1,1,0.05,tshap_centroid,tshap_train,1.0,1.0,0.0,0.8026507379936025,0.8026507379978035,0,0,0.005135439998412039,0.040244160998554435,ECG5000,4369
1,1,0.1,tshap_centroid,tshap_train,1.0,1.0,0.0,1.1117773209808932,1.1117773231279064,1,1,0.005135439998412039,0.040244160998554435,ECG5000,4369
1,1,0.2,tshap_centroid,tshap_train,1.0,1.0,0.0,1.0633798160659607,1.063379810925451,1,1,0.005135439998412039,0.040244160998554435,ECG5000,4369
1,1,0.05,tshap_centroid,mrsqm,0.0,0.0,0.9,0.8026507379936025,0.17918169066621004,0,0,0.005135439998412039,2.1931002265773714e-05,ECG5000,4369
1,1,0.1,tshap_centroid,mrsqm,0.0,0.0,0.8785714285714286,1.1117773209808932,0.08842444704298669,1,0,0.005135439998412039,2.1931002265773714e-05,ECG5000,4369
1,1,0.2,tshap_centroid,mrsqm,0.0,0.0,0.8,1.0633798160659607,-0.08504924973595118,1,0,0.005135439998412039,2.1931002265773714e-05,ECG5000,4369
1,1,0.05,tshap_zero,tshap_train,0.75,0.8571428571428571,0.007142857142857143,0.8742756531236751,0.8026507379978035,0,0,0.005009041997254826,0.040244160998554435,ECG5000,4369
1,1,0.1,tshap_zero,tshap_train,1.0,1.0,0.0,1.111777318729733,1.1117773231279064,1,1,0.005009041997254826,0.040244160998554435,ECG5000,4369
1,1,0.2,tshap_zero,tshap_train,1.0,1.0,0.0,1.0633798178646274,1.063379810925451,1,1,0.005009041997254826,0.040244160998554435,ECG5000,4369
1,1,0.05,tshap_zero,mrsqm,0.0,0.0,0.9071428571428571,0.8742756531236751,0.17918169066621004,0,0,0.005009041997254826,2.1931002265773714e-05,ECG5000,4369
1,1,0.1,tshap_zero,mrsqm,0.0,0.0,0.8785714285714286,1.111777318729733,0.08842444704298669,1,0,0.005009041997254826,2.1931002265773714e-05,ECG5000,4369
1,1,0.2,tshap_zero,mrsqm,0.0,0.0,0.8,1.0633798178646274,-0.08504924973595118,1,0,0.005009041997254826,2.1931002265773714e-05,ECG5000,4369
1,1,0.05,tshap_train,mrsqm,0.0,0.0,0.9,0.8026507379978035,0.17918169066621004,0,0,0.040244160998554435,2.1931002265773714e-05,ECG5000,4369
1,1,0.1,tshap_train,mrsqm,0.0,0.0,0.8785714285714286,1.1117773231279064,0.08842444704298669,1,0,0.040244160998554435,2.1931002265773714e-05,ECG5000,4369
1,1,0.2,tshap_train,mrsqm,0.0,0.0,0.8,1.063379810925451,-0.08504924973595118,1,0,0.040244160998554435,2.1931002265773714e-05,ECG5000,4369
1,1,0.05,hydra,shapley_sampling,1.0,1.0,0.0,0.7255095629215735,0.7255095603746176,1,1,0.06336742799612693,0.7283544040037668,ECG5000,3765
1,1,0.1,hydra,shapley_sampling,1.0,1.0,0.0,0.8889455443239891,0.888945530004833,1,1,0.06336742799612693,0.7283544040037668,ECG5000,3765
1,1,0.2,hydra,shapley_sampling,1.0,1.0,0.0,0.8357196848436484,0.8357196820001733,1,1,0.06336742799612693,0.7283544040037668,ECG5000,3765
1,1,0.05,hydra,feature_ablation,1.0,1.0,0.0,0.7255095629215735,0.7255095539746406,1,1,0.06336742799612693,0.03147249600442592,ECG5000,3765
1,1,0.1,hydra,feature_ablation,1.0,1.0,0.0,0.8889455443239891,0.888945536572924,1,1,0.06336742799612693,0.03147249600442592,ECG5000,3765
1,1,0.2,hydra,feature_ablation,1.0,1.0,0.0,0.8357196848436484,0.8357196893210614,1,1,0.06336742799612693,0.03147249600442592,ECG5000,3765
1,1,0.05,hydra,tshap_centroid,0.16666666666666666,0.2857142857142857,0.03571428571428571,0.7255095629215735,0.2946437121395922,1,0,0.06336742799612693,0.005146420997334644,ECG5000,3765
1,1,0.1,hydra,tshap_centroid,0.8666666666666667,0.9285714285714286,0.007142857142857143,0.8889455443239891,0.8757124164973487,1,1,0.06336742799612693,0.005146420997334644,ECG5000,3765
1,1,0.2,hydra,tshap_centroid,1.0,1.0,0.0,0.8357196848436484,0.8357196751124927,1,1,0.06336742799612693,0.005146420997334644,ECG5000,3765
1,1,0.05,hydra,tshap_zero,0.2727272727272727,0.42857142857142855,0.02857142857142857,0.7255095629215735,0.3623337776964435,1,0,0.06336742799612693,0.005118989996844903,ECG5000,3765
1,1,0.1,hydra,tshap_zero,0.8666666666666667,0.9285714285714286,0.007142857142857143,0.8889455443239891,0.8757124135573819,1,1,0.06336742799612693,0.005118989996844903,ECG5000,3765
1,1,0.2,hydra,tshap_zero,1.0,1.0,0.0,0.8357196848436484,0.8357196809769966,1,1,0.06336742799612693,0.005118989996844903,ECG5000,3765
1,1,0.05,hydra,tshap_train,0.2727272727272727,0.42857142857142855,0.02857142857142857,0.7255095629215735,0.3623337847309687,1,0,0.06336742799612693,0.03785637900000438,ECG5000,3765
1,1,0.1,hydra,tshap_train,1.0,1.0,0.0,0.8889455443239891,0.8889455390622085,1,1,0.06336742799612693,0.03785637900000438,ECG5000,3765
1,1,0.2,hydra,tshap_train,1.0,1.0,0.0,0.8357196848436484,0.8357196737483736,1,1,0.06336742799612693,0.03785637900000438,ECG5000,3765
1,1,0.05,hydra,mrsqm,0.0,0.0,0.95,0.7255095629215735,0.03384297545414938,1,0,0.06336742799612693,2.365499676670879e-05,ECG5000,3765
1,1,0.1,hydra,mrsqm,0.0,0.0,0.9,0.8889455443239891,-0.1508363844124257,1,0,0.06336742799612693,2.365499676670879e-05,ECG5000,3765
1,1,0.2,hydra,mrsqm,0.0,0.0,0.8,0.8357196848436484,0.03401737351731726,1,0,0.06336742799612693,2.365499676670879e-05,ECG5000,3765
1,1,0.05,shapley_sampling,feature_ablation,1.0,1.0,0.0,0.7255095603746176,0.7255095539746406,1,1,0.7283544040037668,0.03147249600442592,ECG5000,3765
1,1,0.1,shapley_sampling,feature_ablation,1.0,1.0,0.0,0.888945530004833,0.888945536572924,1,1,0.7283544040037668,0.03147249600442592,ECG5000,3765
1,1,0.2,shapley_sampling,feature_ablation,1.0,1.0,0.0,0.8357196820001733,0.8357196893210614,1,1,0.7283544040037668,0.03147249600442592,ECG5000,3765
1,1,0.05,shapley_sampling,tshap_centroid,0.16666666666666666,0.2857142857142857,0.03571428571428571,0.7255095603746176,0.2946437121395922,1,0,0.7283544040037668,0.005146420997334644,ECG5000,3765
1,1,0.1,shapley_sampling,tshap_centroid,0.8666666666666667,0.9285714285714286,0.007142857142857143,0.888945530004833,0.8757124164973487,1,1,0.7283544040037668,0.005146420997334644,ECG5000,3765
1,1,0.2,shapley_sampling,tshap_centroid,1.0,1.0,0.0,0.8357196820001733,0.8357196751124927,1,1,0.7283544040037668,0.005146420997334644,ECG5000,3765
1,1,0.05,shapley_sampling,tshap_zero,0.2727272727272727,0.42857142857142855,0.02857142857142857,0.7255095603746176,0.3623337776964435,1,0,0.7283544040037668,0.005118989996844903,ECG5000,3765
1,1,0.1,shapley_sampling,tshap_zero,0.8666666666666667,0.9285714285714286,0.007142857142857143,0.888945530004833,0.8757124135573819,1,1,0.7283544040037668,0.005118989996844903,ECG5000,3765
1,1,0.2,shapley_sampling,tshap_zero,1.0,1.0,0.0,0.8357196820001733,0.8357196809769966,1,1,0.7283544040037668,0.005118989996844903,ECG5000,3765
1,1,0.05,shapley_sampling,tshap_train,0.2727272727272727,0.42857142857142855,0.02857142857142857,0.7255095603746176,0.3623337847309687,1,0,0.7283544040037668,0.03785637900000438,ECG5000,3765
1,1,0.1,shapley_sampling,tshap_train,1.0,1.0,0.0,0.888945530004833,0.8889455390622085,1,1,0.7283544040037668,0.03785637900000438,ECG5000,3765
1,1,0.2,shapley_sampling,tshap_train,1.0,1.0,0.0,0.8357196820001733,0.8357196737483736,1,1,0.7283544040037668,0.03785637900000438,ECG5000,3765
1,1,0.05,shapley_sampling,mrsqm,0.0,0.0,0.95,0.7255095603746176,0.03384297545414938,1,0,0.7283544040037668,2.365499676670879e-05,ECG5000,3765
1,1,0.1,shapley_sampling,mrsqm,0.0,0.0,0.9,0.888945530004833,-0.1508363844124257,1,0,0.7283544040037668,2.365499676670879e-05,ECG5000,3765
1,1,0.2,shapley_sampling,mrsqm,0.0,0.0,0.8,0.8357196820001733,0.03401737351731726,1,0,0.7283544040037668,2.365499676670879e-05,ECG5000,3765
1,1,0.05,feature_ablation,tshap_centroid,0.16666666666666666,0.2857142857142857,0.03571428571428571,0.7255095539746406,0.2946437121395922,1,0,0.03147249600442592,0.005146420997334644,ECG5000,3765
1,1,0.1,feature_ablation,tshap_centroid,0.8666666666666667,0.9285714285714286,0.007142857142857143,0.888945536572924,0.8757124164973487,1,1,0.03147249600442592,0.005146420997334644,ECG5000,3765
1,1,0.2,feature_ablation,tshap_centroid,1.0,1.0,0.0,0.8357196893210614,0.8357196751124927,1,1,0.03147249600442592,0.005146420997334644,ECG5000,3765
1,1,0.05,feature_ablation,tshap_zero,0.2727272727272727,0.42857142857142855,0.02857142857142857,0.7255095539746406,0.3623337776964435,1,0,0.03147249600442592,0.005118989996844903,ECG5000,3765
1,1,0.1,feature_ablation,tshap_zero,0.8666666666666667,0.9285714285714286,0.007142857142857143,0.888945536572924,0.8757124135573819,1,1,0.03147249600442592,0.005118989996844903,ECG5000,3765
1,1,0.2,feature_ablation,tshap_zero,1.0,1.0,0.0,0.8357196893210614,0.8357196809769966,1,1,0.03147249600442592,0.005118989996844903,ECG5000,3765
1,1,0.05,feature_ablation,tshap_train,0.2727272727272727,0.42857142857142855,0.02857142857142857,0.7255095539746406,0.3623337847309687,1,0,0.03147249600442592,0.03785637900000438,ECG5000,3765
1,1,0.1,feature_ablation,tshap_train,1.0,1.0,0.0,0.888945536572924,0.8889455390622085,1,1,0.03147249600442592,0.03785637900000438,ECG5000,3765
1,1,0.2,feature_ablation,tshap_train,1.0,1.0,0.0,0.8357196893210614,0.8357196737483736,1,1,0.03147249600442592,0.03785637900000438,ECG5000,3765
1,1,0.05,feature_ablation,mrsqm,0.0,0.0,0.95,0.7255095539746406,0.03384297545414938,1,0,0.03147249600442592,2.365499676670879e-05,ECG5000,3765
1,1,0.1,feature_ablation,mrsqm,0.0,0.0,0.9,0.888945536572924,-0.1508363844124257,1,0,0.03147249600442592,2.365499676670879e-05,ECG5000,3765
1,1,0.2,feature_ablation,mrsqm,0.0,0.0,0.8,0.8357196893210614,0.03401737351731726,1,0,0.03147249600442592,2.365499676670879e-05,ECG5000,3765
1,1,0.05,tshap_centroid,tshap_zero,0.75,0.8571428571428571,0.007142857142857143,0.2946437121395922,0.3623337776964435,0,0,0.005146420997334644,0.005118989996844903,ECG5000,3765
1,1,0.1,tshap_centroid,tshap_zero,1.0,1.0,0.0,0.8757124164973487,0.8757124135573819,1,1,0.005146420997334644,0.005118989996844903,ECG5000,3765
1,1,0.2,tshap_centroid,tshap_zero,1.0,1.0,0.0,0.8357196751124927,0.8357196809769966,1,1,0.005146420997334644,0.005118989996844903,ECG5000,3765
1,1,0.05,tshap_centroid,tshap_train,0.75,0.8571428571428571,0.007142857142857143,0.2946437121395922,0.3623337847309687,0,0,0.005146420997334644,0.03785637900000438,ECG5000,3765
1,1,0.1,tshap_centroid,tshap_train,0.8666666666666667,0.9285714285714286,0.007142857142857143,0.8757124164973487,0.8889455390622085,1,1,0.005146420997334644,0.03785637900000438,ECG5000,3765
1,1,0.2,tshap_centroid,tshap_train,1.0,1.0,0.0,0.8357196751124927,0.8357196737483736,1,1,0.005146420997334644,0.03785637900000438,ECG5000,3765
1,1,0.05,tshap_centroid,mrsqm,0.0,0.0,0.9142857142857143,0.2946437121395922,0.03384297545414938,0,0,0.005146420997334644,2.365499676670879e-05,ECG5000,3765
1,1,0.1,tshap_centroid,mrsqm,0.0,0.0,0.8928571428571429,0.8757124164973487,-0.1508363844124257,1,0,0.005146420997334644,2.365499676670879e-05,ECG5000,3765
1,1,0.2,tshap_centroid,mrsqm,0.0,0.0,0.8,0.8357196751124927,0.03401737351731726,1,0,0.005146420997334644,2.365499676670879e-05,ECG5000,3765
1,1,0.05,tshap_zero,tshap_train,1.0,1.0,0.0,0.3623337776964435,0.3623337847309687,0,0,0.005118989996844903,0.03785637900000438,ECG5000,3765
1,1,0.1,tshap_zero,tshap_train,0.8666666666666667,0.9285714285714286,0.007142857142857143,0.8757124135573819,0.8889455390622085,1,1,0.005118989996844903,0.03785637900000438,ECG5000,3765
1,1,0.2,tshap_zero,tshap_train,1.0,1.0,0.0,0.8357196809769966,0.8357196737483736,1,1,0.005118989996844903,0.03785637900000438,ECG5000,3765
1,1,0.05,tshap_zero,mrsqm,0.0,0.0,0.9214285714285714,0.3623337776964435,0.03384297545414938,0,0,0.005118989996844903,2.365499676670879e-05,ECG5000,3765
1,1,0.1,tshap_zero,mrsqm,0.0,0.0,0.8928571428571429,0.8757124135573819,-0.1508363844124257,1,0,0.005118989996844903,2.365499676670879e-05,ECG5000,3765
1,1,0.2,tshap_zero,mrsqm,0.0,0.0,0.8,0.8357196809769966,0.03401737351731726,1,0,0.005118989996844903,2.365499676670879e-05,ECG5000,3765
1,1,0.05,tshap_train,mrsqm,0.0,0.0,0.9214285714285714,0.3623337847309687,0.03384297545414938,0,0,0.03785637900000438,2.365499676670879e-05,ECG5000,3765
1,1,0.1,tshap_train,mrsqm,0.0,0.0,0.9,0.8889455390622085,-0.1508363844124257,1,0,0.03785637900000438,2.365499676670879e-05,ECG5000,3765
1,1,0.2,tshap_train,mrsqm,0.0,0.0,0.8,0.8357196737483736,0.03401737351731726,1,0,0.03785637900000438,2.365499676670879e-05,ECG5000,3765
1,1,0.05,hydra,shapley_sampling,1.0,1.0,0.0,0.7391235280422803,0.7391235261285396,0,0,0.0631330460018944,0.7305249359997106,ECG5000,3328
1,1,0.1,hydra,shapley_sampling,1.0,1.0,0.0,0.8316995423593971,0.8316995389921868,0,0,0.0631330460018944,0.7305249359997106,ECG5000,3328
1,1,0.2,hydra,shapley_sampling,1.0,1.0,0.0,0.8878515381037733,0.8878515387025401,0,0,0.0631330460018944,0.7305249359997106,ECG5000,3328
1,1,0.05,hydra,feature_ablation,1.0,1.0,0.0,0.7391235280422803,0.739123529524,0,0,0.0631330460018944,0.03143763000116451,ECG5000,3328
1,1,0.1,hydra,feature_ablation,1.0,1.0,0.0,0.8316995423593971,0.8316995387265556,0,0,0.0631330460018944,0.03143763000116451,ECG5000,3328
1,1,0.2,hydra,feature_ablation,1.0,1.0,0.0,0.8878515381037733,0.887851532523579,0,0,0.0631330460018944,0.03143763000116451,ECG5000,3328
1,1,0.05,hydra,tshap_centroid,0.16666666666666666,0.2857142857142857,0.03571428571428571,0.7391235280422803,0.19865278025939404,0,0,0.0631330460018944,0.005185233996598981,ECG5000,3328
1,1,0.1,hydra,tshap_centroid,0.75,0.8571428571428571,0.014285714285714285,0.8316995423593971,0.6245614728962967,0,0,0.0631330460018944,0.005185233996598981,ECG5000,3328
1,1,0.2,hydra,tshap_centroid,0.8666666666666667,0.9285714285714286,0.014285714285714285,0.8878515381037733,0.7130107445328002,0,0,0.0631330460018944,0.005185233996598981,ECG5000,3328
1,1,0.05,hydra,tshap_zero,0.0,0.0,0.9,0.7391235280422803,0.6245109749943456,0,0,0.0631330460018944,0.005041534001065884,ECG5000,3328
1,1,0.1,hydra,tshap_zero,0.0,0.0,0.8857142857142857,0.8316995423593971,0.48916015127285656,0,0,0.0631330460018944,0.005041534001065884,ECG5000,3328
1,1,0.2,hydra,tshap_zero,0.8666666666666667,0.9285714285714286,0.014285714285714285,0.8878515381037733,0.713010743942561,0,0,0.0631330460018944,0.005041534001065884,ECG5000,3328
1,1,0.05,hydra,tshap_train,0.16666666666666666,0.2857142857142857,0.03571428571428571,0.7391235280422803,0.19865279500258382,0,0,0.0631330460018944,0.038389535002352204,ECG5000,3328
1,1,0.1,hydra,tshap_train,0.8666666666666667,0.9285714285714286,0.007142857142857143,0.8316995423593971,0.8151748455240952,0,0,0.0631330460018944,0.038389535002352204,ECG5000,3328
1,1,0.2,hydra,tshap_train,1.0,1.0,0.0,0.8878515381037733,0.8878515390523141,0,0,0.0631330460018944,0.038389535002352204,ECG5000,3328
1,1,0.05,hydra,mrsqm,0.0,0.0,0.95,0.7391235280422803,0.31334342927362946,0,0,0.0631330460018944,2.3162996512837708e-05,ECG5000,3328
1,1,0.1,hydra,mrsqm,0.0,0.0,0.9,0.8316995423593971,0.4264142038449663,0,0,0.0631330460018944,2.3162996512837708e-05,ECG5000,3328
1,1,0.2,hydra,mrsqm,0.0,0.0,0.8,0.8878515381037733,0.33052936745038664,0,0,0.0631330460018944,2.3162996512837708e-05,ECG5000,3328
1,1,0.05,shapley_sampling,feature_ablation,1.0,1.0,0.0,0.7391235261285396,0.739123529524,0,0,0.7305249359997106,0.03143763000116451,ECG5000,3328
1,1,0.1,shapley_sampling,feature_ablation,1.0,1.0,0.0,0.8316995389921868,0.8316995387265556,0,0,0.7305249359997106,0.03143763000116451,ECG5000,3328
1,1,0.2,shapley_sampling,feature_ablation,1.0,1.0,0.0,0.8878515387025401,0.887851532523579,0,0,0.7305249359997106,0.03143763000116451,ECG5000,3328
1,1,0.05,shapley_sampling,tshap_centroid,0.16666666666666666,0.2857142857142857,0.03571428571428571,0.7391235261285396,0.19865278025939404,0,0,0.7305249359997106,0.005185233996598981,ECG5000,3328
1,1,0.1,shapley_sampling,tshap_centroid,0.75,0.8571428571428571,0.014285714285714285,0.8316995389921868,0.6245614728962967,0,0,0.7305249359997106,0.005185233996598981,ECG5000,3328
1,1,0.2,shapley_sampling,tshap_centroid,0.8666666666666667,0.9285714285714286,0.014285714285714285,0.8878515387025401,0.7130107445328002,0,0,0.7305249359997106,0.005185233996598981,ECG5000,3328
1,1,0.05,shapley_sampling,tshap_zero,0.0,0.0,0.9,0.7391235261285396,0.6245109749943456,0,0,0.7305249359997106,0.005041534001065884,ECG5000,3328
1,1,0.1,shapley_sampling,tshap_zero,0.0,0.0,0.8857142857142857,0.8316995389921868,0.48916015127285656,0,0,0.7305249359997106,0.005041534001065884,ECG5000,3328
1,1,0.2,shapley_sampling,tshap_zero,0.8666666666666667,0.9285714285714286,0.014285714285714285,0.8878515387025401,0.713010743942561,0,0,0.7305249359997106,0.005041534001065884,ECG5000,3328
1,1,0.05,shapley_sampling,tshap_train,0.16666666666666666,0.2857142857142857,0.03571428571428571,0.7391235261285396,0.19865279500258382,0,0,0.7305249359997106,0.038389535002352204,ECG5000,3328
1,1,0.1,shapley_sampling,tshap_train,0.8666666666666667,0.9285714285714286,0.007142857142857143,0.8316995389921868,0.8151748455240952,0,0,0.7305249359997106,0.038389535002352204,ECG5000,3328
1,1,0.2,shapley_sampling,tshap_train,1.0,1.0,0.0,0.8878515387025401,0.8878515390523141,0,0,0.7305249359997106,0.038389535002352204,ECG5000,3328
1,1,0.05,shapley_sampling,mrsqm,0.0,0.0,0.95,0.7391235261285396,0.31334342927362946,0,0,0.7305249359997106,2.3162996512837708e-05,ECG5000,3328
1,1,0.1,shapley_sampling,mrsqm,0.0,0.0,0.9,0.8316995389921868,0.4264142038449663,0,0,0.7305249359997106,2.3162996512837708e-05,ECG5000,3328
1,1,0.2,shapley_sampling,mrsqm,0.0,0.0,0.8,0.8878515387025401,0.33052936745038664,0,0,0.7305249359997106,2.3162996512837708e-05,ECG5000,3328
1,1,0.05,feature_ablation,tshap_centroid,0.16666666666666666,0.2857142857142857,0.03571428571428571,0.739123529524,0.19865278025939404,0,0,0.03143763000116451,0.005185233996598981,ECG5000,3328
1,1,0.1,feature_ablation,tshap_centroid,0.75,0.8571428571428571,0.014285714285714285,0.8316995387265556,0.6245614728962967,0,0,0.03143763000116451,0.005185233996598981,ECG5000,3328
1,1,0.2,feature_ablation,tshap_centroid,0.8666666666666667,0.9285714285714286,0.014285714285714285,0.887851532523579,0.7130107445328002,0,0,0.03143763000116451,0.005185233996598981,ECG5000,3328
1,1,0.05,feature_ablation,tshap_zero,0.0,0.0,0.9,0.739123529524,0.6245109749943456,0,0,0.03143763000116451,0.005041534001065884,ECG5000,3328
1,1,0.1,feature_ablation,tshap_zero,0.0,0.0,0.8857142857142857,0.8316995387265556,0.48916015127285656,0,0,0.03143763000116451,0.005041534001065884,ECG5000,3328
1,1,0.2,feature_ablation,tshap_zero,0.8666666666666667,0.9285714285714286,0.014285714285714285,0.887851532523579,0.713010743942561,0,0,0.03143763000116451,0.005041534001065884,ECG5000,3328
1,1,0.05,feature_ablation,tshap_train,0.16666666666666666,0.2857142857142857,0.03571428571428571,0.739123529524,0.19865279500258382,0,0,0.03143763000116451,0.038389535002352204,ECG5000,3328
1,1,0.1,feature_ablation,tshap_train,0.8666666666666667,0.9285714285714286,0.007142857142857143,0.8316995387265556,0.8151748455240952,0,0,0.03143763000116451,0.038389535002352204,ECG5000,3328
1,1,0.2,feature_ablation,tshap_train,1.0,1.0,0.0,0.887851532523579,0.8878515390523141,0,0,0.03143763000116451,0.038389535002352204,ECG5000,3328
1,1,0.05,feature_ablation,mrsqm,0.0,0.0,0.95,0.739123529524,0.31334342927362946,0,0,0.03143763000116451,2.3162996512837708e-05,ECG5000,3328
1,1,0.1,feature_ablation,mrsqm,0.0,0.0,0.9,0.8316995387265556,0.4264142038449663,0,0,0.03143763000116451,2.3162996512837708e-05,ECG5000,3328
1,1,0.2,feature_ablation,mrsqm,0.0,0.0,0.8,0.887851532523579,0.33052936745038664,0,0,0.03143763000116451,2.3162996512837708e-05,ECG5000,3328
1,1,0.05,tshap_centroid,tshap_zero,0.0,0.0,0.8642857142857143,0.19865278025939404,0.6245109749943456,0,0,0.005185233996598981,0.005041534001065884,ECG5000,3328
1,1,0.1,tshap_centroid,tshap_zero,0.0,0.0,0.8714285714285714,0.6245614728962967,0.48916015127285656,0,0,0.005185233996598981,0.005041534001065884,ECG5000,3328
1,1,0.2,tshap_centroid,tshap_zero,1.0,1.0,0.0,0.7130107445328002,0.713010743942561,0,0,0.005185233996598981,0.005041534001065884,ECG5000,3328
1,1,0.05,tshap_centroid,tshap_train,1.0,1.0,0.0,0.19865278025939404,0.19865279500258382,0,0,0.005185233996598981,0.038389535002352204,ECG5000,3328
1,1,0.1,tshap_centroid,tshap_train,0.8666666666666667,0.9285714285714286,0.007142857142857143,0.6245614728962967,0.8151748455240952,0,0,0.005185233996598981,0.038389535002352204,ECG5000,3328
1,1,0.2,tshap_centroid,tshap_train,0.8666666666666667,0.9285714285714286,0.014285714285714285,0.7130107445328002,0.8878515390523141,0,0,0.005185233996598981,0.038389535002352204,ECG5000,3328
1,1,0.05,tshap_centroid,mrsqm,0.0,0.0,0.9142857142857143,0.19865278025939404,0.31334342927362946,0,0,0.005185233996598981,2.3162996512837708e-05,ECG5000,3328
1,1,0.1,tshap_centroid,mrsqm,0.0,0.0,0.8857142857142857,0.6245614728962967,0.4264142038449663,0,0,0.005185233996598981,2.3162996512837708e-05,ECG5000,3328
1,1,0.2,tshap_centroid,mrsqm,0.0,0.0,0.7857142857142857,0.7130107445328002,0.33052936745038664,0,0,0.005185233996598981,2.3162996512837708e-05,ECG5000,3328
1,1,0.05,tshap_zero,tshap_train,0.0,0.0,0.8642857142857143,0.6245109749943456,0.19865279500258382,0,0,0.005041534001065884,0.038389535002352204,ECG5000,3328
1,1,0.1,tshap_zero,tshap_train,0.0,0.0,0.8785714285714286,0.48916015127285656,0.8151748455240952,0,0,0.005041534001065884,0.038389535002352204,ECG5000,3328
1,1,0.2,tshap_zero,tshap_train,0.8666666666666667,0.9285714285714286,0.014285714285714285,0.713010743942561,0.8878515390523141,0,0,0.005041534001065884,0.038389535002352204,ECG5000,3328
1,1,0.05,tshap_zero,mrsqm,0.0,0.0,0.05,0.6245109749943456,0.31334342927362946,0,0,0.005041534001065884,2.3162996512837708e-05,ECG5000,3328
1,1,0.1,tshap_zero,mrsqm,0.75,0.8571428571428571,0.014285714285714285,0.48916015127285656,0.4264142038449663,0,0,0.005041534001065884,2.3162996512837708e-05,ECG5000,3328
1,1,0.2,tshap_zero,mrsqm,0.0,0.0,0.7857142857142857,0.713010743942561,0.33052936745038664,0,0,0.005041534001065884,2.3162996512837708e-05,ECG5000,3328
1,1,0.05,tshap_train,mrsqm,0.0,0.0,0.9142857142857143,0.19865279500258382,0.31334342927362946,0,0,0.038389535002352204,2.3162996512837708e-05,ECG5000,3328
1,1,0.1,tshap_train,mrsqm,0.0,0.0,0.8928571428571429,0.8151748455240952,0.4264142038449663,0,0,0.038389535002352204,2.3162996512837708e-05,ECG5000,3328
1,1,0.2,tshap_train,mrsqm,0.0,0.0,0.8,0.8878515390523141,0.33052936745038664,0,0,0.038389535002352204,2.3162996512837708e-05,ECG5000,3328
0,0,0.05,hydra,shapley_sampling,0.0,0.0,0.8785714285714286,0.06817022944463247,0.19539314558528742,0,0,0.06341838400112465,0.7239203659992199,ECG5000,546
0,0,0.1,hydra,shapley_sampling,0.0,0.0,0.1,0.014564131084966792,0.18702029998460346,0,0,0.06341838400112465,0.7239203659992199,ECG5000,546
0,0,0.2,hydra,shapley_sampling,0.19148936170212766,0.32142857142857145,0.1357142857142857,0.03670037548762828,0.5823621040045072,0,0,0.06341838400112465,0.7239203659992199,ECG5000,546
0,0,0.05,hydra,feature_ablation,0.0,0.0,0.8785714285714286,0.06817022944463247,0.19539314545799347,0,0,0.06341838400112465,0.031391923999763094,ECG5000,546
0,0,0.1,hydra,feature_ablation,0.0,0.0,0.15,0.014564131084966792,0.4861589910655166,0,0,0.06341838400112465,0.031391923999763094,ECG5000,546
0,0,0.2,hydra,feature_ablation,0.0,0.0,0.7857142857142857,0.03670037548762828,0.4283748099054072,0,0,0.06341838400112465,0.031391923999763094,ECG5000,546
0,0,0.05,hydra,tshap_centroid,0.2727272727272727,0.42857142857142855,0.02857142857142857,0.06817022944463247,-0.06809693758071,0,0,0.06341838400112465,0.00516976499784505,ECG5000,546
0,0,0.1,hydra,tshap_centroid,0.47368421052631576,0.6428571428571429,0.03571428571428571,0.014564131084966792,0.07391130731623996,0,0,0.06341838400112465,0.00516976499784505,ECG5000,546
0,0,0.2,hydra,tshap_centroid,0.8666666666666667,0.9285714285714286,0.014285714285714285,0.03670037548762828,0.10869602362973385,0,0,0.06341838400112465,0.00516976499784505,ECG5000,546
0,0,0.05,hydra,tshap_zero,0.0,0.0,0.7928571428571428,0.06817022944463247,-0.043413346954119025,0,0,0.06341838400112465,0.005005745995731559,ECG5000,546
0,0,0.1,hydra,tshap_zero,0.0,0.0,0.7714285714285715,0.014564131084966792,-0.02201235113627309,0,0,0.06341838400112465,0.005005745995731559,ECG5000,546
0,0,0.2,hydra,tshap_zero,0.0,0.0,0.7,0.03670037548762828,0.19985545852650433,0,0,0.06341838400112465,0.005005745995731559,ECG5000,546
0,0,0.05,hydra,tshap_train,0.4,0.5714285714285714,0.02142857142857143,0.06817022944463247,0.017544672944319495,0,0,0.06341838400112465,0.038185810000868514,ECG5000,546
0,0,0.1,hydra,tshap_train,0.6470588235294118,0.7857142857142857,0.02142857142857143,0.014564131084966792,0.06336043071152375,0,0,0.06341838400112465,0.038185810000868514,ECG5000,546
0,0,0.2,hydra,tshap_train,0.8666666666666667,0.9285714285714286,0.014285714285714285,0.03670037548762828,0.10869601837249243,0,0,0.06341838400112465,0.038185810000868514,ECG5000,546
0,0,0.05,hydra,mrsqm,0.0,0.0,0.8785714285714286,0.06817022944463247,0.19539315228821097,0,0,0.06341838400112465,2.3464002879336476e-05,ECG5000,546
0,0,0.1,hydra,mrsqm,0.0,0.0,0.85,0.014564131084966792,0.45708205463253765,0,0,0.06341838400112465,2.3464002879336476e-05,ECG5000,546
0,0,0.2,hydra,mrsqm,0.0,0.0,0.7857142857142857,0.03670037548762828,0.42837481934050226,0,0,0.06341838400112465,2.3464002879336476e-05,ECG5000,546
0,0,0.05,shapley_sampling,feature_ablation,1.0,1.0,0.0,0.19539314558528742,0.19539314545799347,0,0,0.7239203659992199,0.031391923999763094,ECG5000,546
0,0,0.1,shapley_sampling,feature_ablation,0.3333333333333333,0.5,0.05,0.18702029998460346,0.4861589910655166,0,0,0.7239203659992199,0.031391923999763094,ECG5000,546
0,0,0.2,shapley_sampling,feature_ablation,0.0,0.0,0.65,0.5823621040045072,0.4283748099054072,0,0,0.7239203659992199,0.031391923999763094,ECG5000,546
0,0,0.05,shapley_sampling,tshap_centroid,0.0,0.0,0.9071428571428571,0.19539314558528742,-0.06809693758071,0,0,0.7239203659992199,0.00516976499784505,ECG5000,546
0,0,0.1,shapley_sampling,tshap_centroid,0.0,0.0,0.1357142857142857,0.18702029998460346,0.07391130731623996,0,0,0.7239203659992199,0.00516976499784505,ECG5000,546
0,0,0.2,shapley_sampling,tshap_centroid,0.14285714285714285,0.25,0.15,0.5823621040045072,0.10869602362973385,0,0,0.7239203659992199,0.00516976499784505,ECG5000,546
0,0,0.05,shapley_sampling,tshap_zero,0.0,0.0,0.08571428571428572,0.19539314558528742,-0.043413346954119025,0,0,0.7239203659992199,0.005005745995731559,ECG5000,546
0,0,0.1,shapley_sampling,tshap_zero,0.0,0.0,0.6714285714285714,0.18702029998460346,-0.02201235113627309,0,0,0.7239203659992199,0.005005745995731559,ECG5000,546
0,0,0.2,shapley_sampling,tshap_zero,0.0,0.0,0.5642857142857143,0.5823621040045072,0.19985545852650433,0,0,0.7239203659992199,0.005005745995731559,ECG5000,546
0,0,0.05,shapley_sampling,tshap_train,0.0,0.0,0.9,0.19539314558528742,0.017544672944319495,0,0,0.7239203659992199,0.038185810000868514,ECG5000,546
0,0,0.1,shapley_sampling,tshap_train,0.0,0.0,0.12142857142857143,0.18702029998460346,0.06336043071152375,0,0,0.7239203659992199,0.038185810000868514,ECG5000,546
0,0,0.2,shapley_sampling,tshap_train,0.14285714285714285,0.25,0.15,0.5823621040045072,0.10869601837249243,0,0,0.7239203659992199,0.038185810000868514,ECG5000,546
0,0,0.05,shapley_sampling,mrsqm,1.0,1.0,0.0,0.19539314558528742,0.19539315228821097,0,0,0.7239203659992199,2.3464002879336476e-05,ECG5000,546
0,0,0.1,shapley_sampling,mrsqm,0.0,0.0,0.75,0.18702029998460346,0.45708205463253765,0,0,0.7239203659992199,2.3464002879336476e-05,ECG5000,546
0,0,0.2,shapley_sampling,mrsqm,0.0,0.0,0.65,0.5823621040045072,0.42837481934050226,0,0,0.7239203659992199,2.3464002879336476e-05,ECG5000,546
0,0,0.05,feature_ablation,tshap_centroid,0.0,0.0,0.9071428571428571,0.19539314545799347,-0.06809693758071,0,0,0.031391923999763094,0.00516976499784505,ECG5000,546
0,0,0.1,feature_ablation,tshap_centroid,0.0,0.0,0.18571428571428572,0.4861589910655166,0.07391130731623996,0,0,0.031391923999763094,0.00516976499784505,ECG5000,546
0,0,0.2,feature_ablation,tshap_centroid,0.0,0.0,0.8,0.4283748099054072,0.10869602362973385,0,0,0.031391923999763094,0.00516976499784505,ECG5000,546
0,0,0.05,feature_ablation,tshap_zero,0.0,0.0,0.08571428571428572,0.19539314545799347,-0.043413346954119025,0,0,0.031391923999763094,0.005005745995731559,ECG5000,546
0,0,0.1,feature_ablation,tshap_zero,0.0,0.0,0.6214285714285714,0.4861589910655166,-0.02201235113627309,0,0,0.031391923999763094,0.005005745995731559,ECG5000,546
0,0,0.2,feature_ablation,tshap_zero,0.4,0.5714285714285714,0.08571428571428572,0.4283748099054072,0.19985545852650433,0,0,0.031391923999763094,0.005005745995731559,ECG5000,546
0,0,0.05,feature_ablation,tshap_train,0.0,0.0,0.9,0.19539314545799347,0.017544672944319495,0,0,0.031391923999763094,0.038185810000868514,ECG5000,546
0,0,0.1,feature_ablation,tshap_train,0.0,0.0,0.17142857142857143,0.4861589910655166,0.06336043071152375,0,0,0.031391923999763094,0.038185810000868514,ECG5000,546
0,0,0.2,feature_ablation,tshap_train,0.0,0.0,0.8,0.4283748099054072,0.10869601837249243,0,0,0.031391923999763094,0.038185810000868514,ECG5000,546
0,0,0.05,feature_ablation,mrsqm,1.0,1.0,0.0,0.19539314545799347,0.19539315228821097,0,0,0.031391923999763094,2.3464002879336476e-05,ECG5000,546
0,0,0.1,feature_ablation,mrsqm,0.0,0.0,0.7,0.4861589910655166,0.45708205463253765,0,0,0.031391923999763094,2.3464002879336476e-05,ECG5000,546
0,0,0.2,feature_ablation,mrsqm,1.0,1.0,0.0,0.4283748099054072,0.42837481934050226,0,0,0.031391923999763094,2.3464002879336476e-05,ECG5000,546
0,0,0.05,tshap_centroid,tshap_zero,0.0,0.0,0.8214285714285714,-0.06809693758071,-0.043413346954119025,0,0,0.00516976499784505,0.005005745995731559,ECG5000,546
0,0,0.1,tshap_centroid,tshap_zero,0.0,0.0,0.8071428571428572,0.07391130731623996,-0.02201235113627309,0,0,0.00516976499784505,0.005005745995731559,ECG5000,546
0,0,0.2,tshap_centroid,tshap_zero,0.0,0.0,0.7142857142857143,0.10869602362973385,0.19985545852650433,0,0,0.00516976499784505,0.005005745995731559,ECG5000,546
0,0,0.05,tshap_centroid,tshap_train,0.75,0.8571428571428571,0.007142857142857143,-0.06809693758071,0.017544672944319495,0,0,0.00516976499784505,0.038185810000868514,ECG5000,546
0,0,0.1,tshap_centroid,tshap_train,0.75,0.8571428571428571,0.014285714285714285,0.07391130731623996,0.06336043071152375,0,0,0.00516976499784505,0.038185810000868514,ECG5000,546
0,0,0.2,tshap_centroid,tshap_train,1.0,1.0,0.0,0.10869602362973385,0.10869601837249243,0,0,0.00516976499784505,0.038185810000868514,ECG5000,546
0,0,0.05,tshap_centroid,mrsqm,0.0,0.0,0.9071428571428571,-0.06809693758071,0.19539315228821097,0,0,0.00516976499784505,2.3464002879336476e-05,ECG5000,546
0,0,0.1,tshap_centroid,mrsqm,0.0,0.0,0.8857142857142857,0.07391130731623996,0.45708205463253765,0,0,0.00516976499784505,2.3464002879336476e-05,ECG5000,546
0,0,0.2,tshap_centroid,mrsqm,0.0,0.0,0.8,0.10869602362973385,0.42837481934050226,0,0,0.00516976499784505,2.3464002879336476e-05,ECG5000,546
0,0,0.05,tshap_zero,tshap_train,0.0,0.0,0.8142857142857143,-0.043413346954119025,0.017544672944319495,0,0,0.005005745995731559,0.038185810000868514,ECG5000,546
0,0,0.1,tshap_zero,tshap_train,0.0,0.0,0.7928571428571428,-0.02201235113627309,0.06336043071152375,0,0,0.005005745995731559,0.038185810000868514,ECG5000,546
0,0,0.2,tshap_zero,tshap_train,0.0,0.0,0.7142857142857143,0.19985545852650433,0.10869601837249243,0,0,0.005005745995731559,0.038185810000868514,ECG5000,546
0,0,0.05,tshap_zero,mrsqm,0.0,0.0,0.08571428571428572,-0.043413346954119025,0.19539315228821097,0,0,0.005005745995731559,2.3464002879336476e-05,ECG5000,546
0,0,0.1,tshap_zero,mrsqm,0.12,0.21428571428571427,0.07857142857142857,-0.02201235113627309,0.45708205463253765,0,0,0.005005745995731559,2.3464002879336476e-05,ECG5000,546
0,0,0.2,tshap_zero,mrsqm,0.4,0.5714285714285714,0.08571428571428572,0.19985545852650433,0.42837481934050226,0,0,0.005005745995731559,2.3464002879336476e-05,ECG5000,546
0,0,0.05,tshap_train,mrsqm,0.0,0.0,0.9,0.017544672944319495,0.19539315228821097,0,0,0.038185810000868514,2.3464002879336476e-05,ECG5000,546
0,0,0.1,tshap_train,mrsqm,0.0,0.0,0.8714285714285714,0.06336043071152375,0.45708205463253765,0,0,0.038185810000868514,2.3464002879336476e-05,ECG5000,546
0,0,0.2,tshap_train,mrsqm,0.0,0.0,0.8,0.10869601837249243,0.42837481934050226,0,0,0.038185810000868514,2.3464002879336476e-05,ECG5000,546
0,0,0.05,hydra,shapley_sampling,0.0,0.0,0.8857142857142857,0.016156827378501992,0.19275843837455686,0,0,0.06325494599877857,0.7251578990035341,ECG5000,378
0,0,0.1,hydra,shapley_sampling,0.0,0.0,0.15714285714285714,0.09721990830583205,0.6802461944531069,0,0,0.06325494599877857,0.7251578990035341,ECG5000,378
0,0,0.2,hydra,shapley_sampling,0.037037037037037035,0.07142857142857142,0.18571428571428572,0.17552808130839215,0.40018742573862576,0,0,0.06325494599877857,0.7251578990035341,ECG5000,378
0,0,0.05,hydra,feature_ablation,0.0,0.0,0.8857142857142857,0.016156827378501992,0.19275842575011493,0,0,0.06325494599877857,0.03149095099797705,ECG5000,378
0,0,0.1,hydra,feature_ablation,0.0,0.0,0.15714285714285714,0.09721990830583205,0.6802461995035475,0,0,0.06325494599877857,0.03149095099797705,ECG5000,378
0,0,0.2,hydra,feature_ablation,0.0,0.0,0.2357142857142857,0.17552808130839215,-0.005546066200154076,0,0,0.06325494599877857,0.03149095099797705,ECG5000,378
0,0,0.05,hydra,tshap_centroid,0.4,0.5714285714285714,0.02142857142857143,0.016156827378501992,0.12997031148742677,0,0,0.06325494599877857,0.005063143995357677,ECG5000,378
0,0,0.1,hydra,tshap_centroid,0.6470588235294118,0.7857142857142857,0.02142857142857143,0.09721990830583205,0.15740155157897706,0,0,0.06325494599877857,0.005063143995357677,ECG5000,378
0,0,0.2,hydra,tshap_centroid,0.8666666666666667,0.9285714285714286,0.014285714285714285,0.17552808130839215,0.21751361755188936,0,0,0.06325494599877857,0.005063143995357677,ECG5000,378
0,0,0.05,hydra,tshap_zero,0.0,0.0,0.6071428571428571,0.016156827378501992,-0.08666575125898301,0,0,0.06325494599877857,0.005033869005274028,ECG5000,378
0,0,0.1,hydra,tshap_zero,0.0,0.0,0.6214285714285714,0.09721990830583205,0.10713590165146403,0,0,0.06325494599877857,0.005033869005274028,ECG5000,378
0,0,0.2,hydra,tshap_zero,0.0,0.0,0.6428571428571429,0.17552808130839215,0.17086927861072398,0,0,0.06325494599877857,0.005033869005274028,ECG5000,378
0,0,0.05,hydra,tshap_train,0.4,0.5714285714285714,0.02142857142857143,0.016156827378501992,0.12997031749897459,0,0,0.06325494599877857,0.037847863997740205,ECG5000,378
0,0,0.1,hydra,tshap_train,0.6470588235294118,0.7857142857142857,0.02142857142857143,0.09721990830583205,0.15740154802944373,0,0,0.06325494599877857,0.037847863997740205,ECG5000,378
0,0,0.2,hydra,tshap_train,0.9310344827586207,0.9642857142857143,0.007142857142857143,0.17552808130839215,0.22890401786829806,0,0,0.06325494599877857,0.037847863997740205,ECG5000,378
0,0,0.05,hydra,mrsqm,0.0,0.0,0.8857142857142857,0.016156827378501992,0.1927584370308244,0,0,0.06325494599877857,2.372499875491485e-05,ECG5000,378
0,0,0.1,hydra,mrsqm,0.0,0.0,0.8571428571428571,0.09721990830583205,0.5107007744312417,0,0,0.06325494599877857,2.372499875491485e-05,ECG5000,378
0,0,0.2,hydra,mrsqm,0.0,0.0,0.7857142857142857,0.17552808130839215,0.5688679617313881,0,0,0.06325494599877857,2.372499875491485e-05,ECG5000,378
0,0,0.05,shapley_sampling,feature_ablation,1.0,1.0,0.0,0.19275843837455686,0.19275842575011493,0,0,0.7251578990035341,0.03149095099797705,ECG5000,378
0,0,0.1,shapley_sampling,feature_ablation,1.0,1.0,0.0,0.6802461944531069,0.6802461995035475,0,0,0.7251578990035341,0.03149095099797705,ECG5000,378
0,0,0.2,shapley_sampling,feature_ablation,0.6,0.75,0.05,0.40018742573862576,-0.005546066200154076,0,0,0.7251578990035341,0.03149095099797705,ECG5000,378
0,0,0.05,shapley_sampling,tshap_centroid,0.0,0.0,0.9071428571428571,0.19275843837455686,0.12997031148742677,0,0,0.7251578990035341,0.005063143995357677,ECG5000,378
0,0,0.1,shapley_sampling,tshap_centroid,0.0,0.0,0.17857142857142858,0.6802461944531069,0.15740155157897706,0,0,0.7251578990035341,0.005063143995357677,ECG5000,378
0,0,0.2,shapley_sampling,tshap_centroid,0.0,0.0,0.2,0.40018742573862576,0.21751361755188936,0,0,0.7251578990035341,0.005063143995357677,ECG5000,378
0,0,0.05,shapley_sampling,tshap_zero,0.0,0.0,0.2785714285714286,0.19275843837455686,-0.08666575125898301,0,0,0.7251578990035341,0.005033869005274028,ECG5000,378
0,0,0.1,shapley_sampling,tshap_zero,0.0,0.0,0.4642857142857143,0.6802461944531069,0.10713590165146403,0,0,0.7251578990035341,0.005033869005274028,ECG5000,378
0,0,0.2,shapley_sampling,tshap_zero,0.0,0.0,0.45714285714285713,0.40018742573862576,0.17086927861072398,0,0,0.7251578990035341,0.005033869005274028,ECG5000,378
0,0,0.05,shapley_sampling,tshap_train,0.0,0.0,0.9071428571428571,0.19275843837455686,0.12997031749897459,0,0,0.7251578990035341,0.037847863997740205,ECG5000,378
0,0,0.1,shapley_sampling,tshap_train,0.0,0.0,0.17857142857142858,0.6802461944531069,0.15740154802944373,0,0,0.7251578990035341,0.037847863997740205,ECG5000,378
0,0,0.2,shapley_sampling,tshap_train,0.01818181818181818,0.03571428571428571,0.19285714285714287,0.40018742573862576,0.22890401786829806,0,0,0.7251578990035341,0.037847863997740205,ECG5000,378
0,0,0.05,shapley_sampling,mrsqm,1.0,1.0,0.0,0.19275843837455686,0.1927584370308244,0,0,0.7251578990035341,2.372499875491485e-05,ECG5000,378
0,0,0.1,shapley_sampling,mrsqm,0.0,0.0,0.7,0.6802461944531069,0.5107007744312417,0,0,0.7251578990035341,2.372499875491485e-05,ECG5000,378
0,0,0.2,shapley_sampling,mrsqm,0.0,0.0,0.6,0.40018742573862576,0.5688679617313881,0,0,0.7251578990035341,2.372499875491485e-05,ECG5000,378
0,0,0.05,feature_ablation,tshap_centroid,0.0,0.0,0.9071428571428571,0.19275842575011493,0.12997031148742677,0,0,0.03149095099797705,0.005063143995357677,ECG5000,378
0,0,0.1,feature_ablation,tshap_centroid,0.0,0.0,0.17857142857142858,0.6802461995035475,0.15740155157897706,0,0,0.03149095099797705,0.005063143995357677,ECG5000,378
0,0,0.2,feature_ablation,tshap_centroid,0.0,0.0,0.25,-0.005546066200154076,0.21751361755188936,0,0,0.03149095099797705,0.005063143995357677,ECG5000,378
0,0,0.05,feature_ablation,tshap_zero,0.0,0.0,0.2785714285714286,0.19275842575011493,-0.08666575125898301,0,0,0.03149095099797705,0.005033869005274028,ECG5000,378
0,0,0.1,feature_ablation,tshap_zero,0.0,0.0,0.4642857142857143,0.6802461995035475,0.10713590165146403,0,0,0.03149095099797705,0.005033869005274028,ECG5000,378
0,0,0.2,feature_ablation,tshap_zero,0.0,0.0,0.40714285714285714,-0.005546066200154076,0.17086927861072398,0,0,0.03149095099797705,0.005033869005274028,ECG5000,378
0,0,0.05,feature_ablation,tshap_train,0.0,0.0,0.9071428571428571,0.19275842575011493,0.12997031749897459,0,0,0.03149095099797705,0.037847863997740205,ECG5000,378
0,0,0.1,feature_ablation,tshap_train,0.0,0.0,0.17857142857142858,0.6802461995035475,0.15740154802944373,0,0,0.03149095099797705,0.037847863997740205,ECG5000,378
0,0,0.2,feature_ablation,tshap_train,0.0,0.0,0.24285714285714285,-0.005546066200154076,0.22890401786829806,0,0,0.03149095099797705,0.037847863997740205,ECG5000,378
0,0,0.05,feature_ablation,mrsqm,1.0,1.0,0.0,0.19275842575011493,0.1927584370308244,0,0,0.03149095099797705,2.372499875491485e-05,ECG5000,378
0,0,0.1,feature_ablation,mrsqm,0.0,0.0,0.7,0.6802461995035475,0.5107007744312417,0,0,0.03149095099797705,2.372499875491485e-05,ECG5000,378
0,0,0.2,feature_ablation,mrsqm,0.0,0.0,0.55,-0.005546066200154076,0.5688679617313881,0,0,0.03149095099797705,2.372499875491485e-05,ECG5000,378
0,0,0.05,tshap_centroid,tshap_zero,0.0,0.0,0.6285714285714286,0.12997031148742677,-0.08666575125898301,0,0,0.005063143995357677,0.005033869005274028,ECG5000,378
0,0,0.1,tshap_centroid,tshap_zero,0.0,0.0,0.6428571428571429,0.15740155157897706,0.10713590165146403,0,0,0.005063143995357677,0.005033869005274028,ECG5000,378
0,0,0.2,tshap_centroid,tshap_zero,0.0,0.0,0.6571428571428571,0.21751361755188936,0.17086927861072398,0,0,0.005063143995357677,0.005033869005274028,ECG5000,378
0,0,0.05,tshap_centroid,tshap_train,1.0,1.0,0.0,0.12997031148742677,0.12997031749897459,0,0,0.005063143995357677,0.037847863997740205,ECG5000,378
0,0,0.1,tshap_centroid,tshap_train,1.0,1.0,0.0,0.15740155157897706,0.15740154802944373,0,0,0.005063143995357677,0.037847863997740205,ECG5000,378
0,0,0.2,tshap_centroid,tshap_train,0.9310344827586207,0.9642857142857143,0.007142857142857143,0.21751361755188936,0.22890401786829806,0,0,0.005063143995357677,0.037847863997740205,ECG5000,378
0,0,0.05,tshap_centroid,mrsqm,0.0,0.0,0.9071428571428571,0.12997031148742677,0.1927584370308244,0,0,0.005063143995357677,2.372499875491485e-05,ECG5000,378
0,0,0.1,tshap_centroid,mrsqm,0.0,0.0,0.8785714285714286,0.15740155157897706,0.5107007744312417,0,0,0.005063143995357677,2.372499875491485e-05,ECG5000,378
0,0,0.2,tshap_centroid,mrsqm,0.0,0.0,0.8,0.21751361755188936,0.5688679617313881,0,0,0.005063143995357677,2.372499875491485e-05,ECG5000,378
0,0,0.05,tshap_zero,tshap_train,0.0,0.0,0.6285714285714286,-0.08666575125898301,0.12997031749897459,0,0,0.005033869005274028,0.037847863997740205,ECG5000,378
0,0,0.1,tshap_zero,tshap_train,0.0,0.0,0.6428571428571429,0.10713590165146403,0.15740154802944373,0,0,0.005033869005274028,0.037847863997740205,ECG5000,378
0,0,0.2,tshap_zero,tshap_train,0.0,0.0,0.65,0.17086927861072398,0.22890401786829806,0,0,0.005033869005274028,0.037847863997740205,ECG5000,378
0,0,0.05,tshap_zero,mrsqm,0.0,0.0,0.2785714285714286,-0.08666575125898301,0.1927584370308244,0,0,0.005033869005274028,2.372499875491485e-05,ECG5000,378
0,0,0.1,tshap_zero,mrsqm,0.0,0.0,0.2357142857142857,0.10713590165146403,0.5107007744312417,0,0,0.005033869005274028,2.372499875491485e-05,ECG5000,378
0,0,0.2,tshap_zero,mrsqm,0.16666666666666666,0.2857142857142857,0.14285714285714285,0.17086927861072398,0.5688679617313881,0,0,0.005033869005274028,2.372499875491485e-05,ECG5000,378
0,0,0.05,tshap_train,mrsqm,0.0,0.0,0.9071428571428571,0.12997031749897459,0.1927584370308244,0,0,0.037847863997740205,2.372499875491485e-05,ECG5000,378
0,0,0.1,tshap_train,mrsqm,0.0,0.0,0.8785714285714286,0.15740154802944373,0.5107007744312417,0,0,0.037847863997740205,2.372499875491485e-05,ECG5000,378
0,0,0.2,tshap_train,mrsqm,0.0,0.0,0.7928571428571428,0.22890401786829806,0.5688679617313881,0,0,0.037847863997740205,2.372499875491485e-05,ECG5000,378
1,1,0.05,hydra,shapley_sampling,0.0,0.0,0.4928571428571429,0.26574121901338765,0.5856930275166607,0,0,0.06300150899915025,0.7363704950039391,ECG5000,2801
1,1,0.1,hydra,shapley_sampling,0.0,0.0,0.45,0.37063501005720445,0.8307502848920902,0,0,0.06300150899915025,0.7363704950039391,ECG5000,2801
1,1,0.2,hydra,shapley_sampling,0.0,0.0,0.35714285714285715,0.019717754565050205,0.8473277056881974,0,0,0.06300150899915025,0.7363704950039391,ECG5000,2801
1,1,0.05,hydra,feature_ablation,0.0,0.0,0.4928571428571429,0.26574121901338765,0.5856930181876214,0,0,0.06300150899915025,0.03371820900065359,ECG5000,2801
1,1,0.1,hydra,feature_ablation,0.0,0.0,0.45,0.37063501005720445,0.830750278045344,0,0,0.06300150899915025,0.03371820900065359,ECG5000,2801
1,1,0.2,hydra,feature_ablation,0.0,0.0,0.35714285714285715,0.019717754565050205,0.847327703876064,0,0,0.06300150899915025,0.03371820900065359,ECG5000,2801
1,1,0.05,hydra,tshap_centroid,0.0,0.0,0.45,0.26574121901338765,0.3633362726203706,0,0,0.06300150899915025,0.005297677002090495,ECG5000,2801
1,1,0.1,hydra,tshap_centroid,0.0,0.0,0.42857142857142855,0.37063501005720445,0.713822879947793,0,0,0.06300150899915025,0.005297677002090495,ECG5000,2801
1,1,0.2,hydra,tshap_centroid,0.0,0.0,0.35,0.019717754565050205,0.9434958597963465,0,1,0.06300150899915025,0.005297677002090495,ECG5000,2801
1,1,0.05,hydra,tshap_zero,0.0,0.0,0.45714285714285713,0.26574121901338765,0.4807094180669078,0,0,0.06300150899915025,0.00598131500009913,ECG5000,2801
1,1,0.1,hydra,tshap_zero,0.0,0.0,0.44285714285714284,0.37063501005720445,0.8309393924058575,0,0,0.06300150899915025,0.00598131500009913,ECG5000,2801
1,1,0.2,hydra,tshap_zero,0.0,0.0,0.35,0.019717754565050205,0.9434958607388921,0,1,0.06300150899915025,0.00598131500009913,ECG5000,2801
1,1,0.05,hydra,tshap_train,0.0,0.0,0.45,0.26574121901338765,0.36333627255658496,0,0,0.06300150899915025,0.04616970999632031,ECG5000,2801
1,1,0.1,hydra,tshap_train,0.0,0.0,0.4357142857142857,0.37063501005720445,0.8233232705778413,0,0,0.06300150899915025,0.04616970999632031,ECG5000,2801
1,1,0.2,hydra,tshap_train,0.0,0.0,0.35714285714285715,0.019717754565050205,0.8473277039973801,0,0,0.06300150899915025,0.04616970999632031,ECG5000,2801
1,1,0.05,hydra,mrsqm,0.0,0.0,0.45714285714285713,0.26574121901338765,0.4872614390773051,0,0,0.06300150899915025,2.2943000658415258e-05,ECG5000,2801
1,1,0.1,hydra,mrsqm,0.0,0.0,0.45,0.37063501005720445,0.33302606163464055,0,0,0.06300150899915025,2.2943000658415258e-05,ECG5000,2801
1,1,0.2,hydra,mrsqm,0.0,0.0,0.44285714285714284,0.019717754565050205,0.1345521633817357,0,0,0.06300150899915025,2.2943000658415258e-05,ECG5000,2801
1,1,0.05,shapley_sampling,feature_ablation,1.0,1.0,0.0,0.5856930275166607,0.5856930181876214,0,0,0.7363704950039391,0.03371820900065359,ECG5000,2801
1,1,0.1,shapley_sampling,feature_ablation,1.0,1.0,0.0,0.8307502848920902,0.830750278045344,0,0,0.7363704950039391,0.03371820900065359,ECG5000,2801
1,1,0.2,shapley_sampling,feature_ablation,1.0,1.0,0.0,0.8473277056881974,0.847327703876064,0,0,0.7363704950039391,0.03371820900065359,ECG5000,2801
1,1,0.05,shapley_sampling,tshap_centroid,0.07692307692307693,0.14285714285714285,0.04285714285714286,0.5856930275166607,0.3633362726203706,0,0,0.7363704950039391,0.005297677002090495,ECG5000,2801
1,1,0.1,shapley_sampling,tshap_centroid,0.6470588235294118,0.7857142857142857,0.02142857142857143,0.8307502848920902,0.713822879947793,0,0,0.7363704950039391,0.005297677002090495,ECG5000,2801
1,1,0.2,shapley_sampling,tshap_centroid,0.9310344827586207,0.9642857142857143,0.007142857142857143,0.8473277056881974,0.9434958597963465,0,1,0.7363704950039391,0.005297677002090495,ECG5000,2801
1,1,0.05,shapley_sampling,tshap_zero,0.16666666666666666,0.2857142857142857,0.03571428571428571,0.5856930275166607,0.4807094180669078,0,0,0.7363704950039391,0.00598131500009913,ECG5000,2801
1,1,0.1,shapley_sampling,tshap_zero,0.8666666666666667,0.9285714285714286,0.007142857142857143,0.8307502848920902,0.8309393924058575,0,0,0.7363704950039391,0.00598131500009913,ECG5000,2801
1,1,0.2,shapley_sampling,tshap_zero,0.9310344827586207,0.9642857142857143,0.007142857142857143,0.8473277056881974,0.9434958607388921,0,1,0.7363704950039391,0.00598131500009913,ECG5000,2801
1,1,0.05,shapley_sampling,tshap_train,0.07692307692307693,0.14285714285714285,0.04285714285714286,0.5856930275166607,0.36333627255658496,0,0,0.7363704950039391,0.04616970999632031,ECG5000,2801
1,1,0.1,shapley_sampling,tshap_train,0.75,0.8571428571428571,0.014285714285714285,0.8307502848920902,0.8233232705778413,0,0,0.7363704950039391,0.04616970999632031,ECG5000,2801
1,1,0.2,shapley_sampling,tshap_train,1.0,1.0,0.0,0.8473277056881974,0.8473277039973801,0,0,0.7363704950039391,0.04616970999632031,ECG5000,2801
1,1,0.05,shapley_sampling,mrsqm,0.0,0.0,0.95,0.5856930275166607,0.4872614390773051,0,0,0.7363704950039391,2.2943000658415258e-05,ECG5000,2801
1,1,0.1,shapley_sampling,mrsqm,0.0,0.0,0.9,0.8307502848920902,0.33302606163464055,0,0,0.7363704950039391,2.2943000658415258e-05,ECG5000,2801
1,1,0.2,shapley_sampling,mrsqm,0.0,0.0,0.8,0.8473277056881974,0.1345521633817357,0,0,0.7363704950039391,2.2943000658415258e-05,ECG5000,2801
1,1,0.05,feature_ablation,tshap_centroid,0.07692307692307693,0.14285714285714285,0.04285714285714286,0.5856930181876214,0.3633362726203706,0,0,0.03371820900065359,0.005297677002090495,ECG5000,2801
1,1,0.1,feature_ablation,tshap_centroid,0.6470588235294118,0.7857142857142857,0.02142857142857143,0.830750278045344,0.713822879947793,0,0,0.03371820900065359,0.005297677002090495,ECG5000,2801
1,1,0.2,feature_ablation,tshap_centroid,0.9310344827586207,0.9642857142857143,0.007142857142857143,0.847327703876064,0.9434958597963465,0,1,0.03371820900065359,0.005297677002090495,ECG5000,2801
1,1,0.05,feature_ablation,tshap_zero,0.16666666666666666,0.2857142857142857,0.03571428571428571,0.5856930181876214,0.4807094180669078,0,0,0.03371820900065359,0.00598131500009913,ECG5000,2801
1,1,0.1,feature_ablation,tshap_zero,0.8666666666666667,0.9285714285714286,0.007142857142857143,0.830750278045344,0.8309393924058575,0,0,0.03371820900065359,0.00598131500009913,ECG5000,2801
1,1,0.2,feature_ablation,tshap_zero,0.9310344827586207,0.9642857142857143,0.007142857142857143,0.847327703876064,0.9434958607388921,0,1,0.03371820900065359,0.00598131500009913,ECG5000,2801
1,1,0.05,feature_ablation,tshap_train,0.07692307692307693,0.14285714285714285,0.04285714285714286,0.5856930181876214,0.36333627255658496,0,0,0.03371820900065359,0.04616970999632031,ECG5000,2801
1,1,0.1,feature_ablation,tshap_train,0.75,0.8571428571428571,0.014285714285714285,0.830750278045344,0.8233232705778413,0,0,0.03371820900065359,0.04616970999632031,ECG5000,2801
1,1,0.2,feature_ablation,tshap_train,1.0,1.0,0.0,0.847327703876064,0.8473277039973801,0,0,0.03371820900065359,0.04616970999632031,ECG5000,2801
1,1,0.05,feature_ablation,mrsqm,0.0,0.0,0.95,0.5856930181876214,0.4872614390773051,0,0,0.03371820900065359,2.2943000658415258e-05,ECG5000,2801
1,1,0.1,feature_ablation,mrsqm,0.0,0.0,0.9,0.830750278045344,0.33302606163464055,0,0,0.03371820900065359,2.2943000658415258e-05,ECG5000,2801
1,1,0.2,feature_ablation,mrsqm,0.0,0.0,0.8,0.847327703876064,0.1345521633817357,0,0,0.03371820900065359,2.2943000658415258e-05,ECG5000,2801
1,1,0.05,tshap_centroid,tshap_zero,0.75,0.8571428571428571,0.007142857142857143,0.3633362726203706,0.4807094180669078,0,0,0.005297677002090495,0.00598131500009913,ECG5000,2801
1,1,0.1,tshap_centroid,tshap_zero,0.75,0.8571428571428571,0.014285714285714285,0.713822879947793,0.8309393924058575,0,0,0.005297677002090495,0.00598131500009913,ECG5000,2801
1,1,0.2,tshap_centroid,tshap_zero,1.0,1.0,0.0,0.9434958597963465,0.9434958607388921,1,1,0.005297677002090495,0.00598131500009913,ECG5000,2801
1,1,0.05,tshap_centroid,tshap_train,1.0,1.0,0.0,0.3633362726203706,0.36333627255658496,0,0,0.005297677002090495,0.04616970999632031,ECG5000,2801
1,1,0.1,tshap_centroid,tshap_train,0.8666666666666667,0.9285714285714286,0.007142857142857143,0.713822879947793,0.8233232705778413,0,0,0.005297677002090495,0.04616970999632031,ECG5000,2801
1,1,0.2,tshap_centroid,tshap_train,0.9310344827586207,0.9642857142857143,0.007142857142857143,0.9434958597963465,0.8473277039973801,1,0,0.005297677002090495,0.04616970999632031,ECG5000,2801
1,1,0.05,tshap_centroid,mrsqm,0.0,0.0,0.9071428571428571,0.3633362726203706,0.4872614390773051,0,0,0.005297677002090495,2.2943000658415258e-05,ECG5000,2801
1,1,0.1,tshap_centroid,mrsqm,0.0,0.0,0.8785714285714286,0.713822879947793,0.33302606163464055,0,0,0.005297677002090495,2.2943000658415258e-05,ECG5000,2801
1,1,0.2,tshap_centroid,mrsqm,0.0,0.0,0.7928571428571428,0.9434958597963465,0.1345521633817357,1,0,0.005297677002090495,2.2943000658415258e-05,ECG5000,2801
1,1,0.05,tshap_zero,tshap_train,0.75,0.8571428571428571,0.007142857142857143,0.4807094180669078,0.36333627255658496,0,0,0.00598131500009913,0.04616970999632031,ECG5000,2801
1,1,0.1,tshap_zero,tshap_train,0.8666666666666667,0.9285714285714286,0.007142857142857143,0.8309393924058575,0.8233232705778413,0,0,0.00598131500009913,0.04616970999632031,ECG5000,2801
1,1,0.2,tshap_zero,tshap_train,0.9310344827586207,0.9642857142857143,0.007142857142857143,0.9434958607388921,0.8473277039973801,1,0,0.00598131500009913,0.04616970999632031,ECG5000,2801
1,1,0.05,tshap_zero,mrsqm,0.0,0.0,0.9142857142857143,0.4807094180669078,0.4872614390773051,0,0,0.00598131500009913,2.2943000658415258e-05,ECG5000,2801
1,1,0.1,tshap_zero,mrsqm,0.0,0.0,0.8928571428571429,0.8309393924058575,0.33302606163464055,0,0,0.00598131500009913,2.2943000658415258e-05,ECG5000,2801
1,1,0.2,tshap_zero,mrsqm,0.0,0.0,0.7928571428571428,0.9434958607388921,0.1345521633817357,1,0,0.00598131500009913,2.2943000658415258e-05,ECG5000,2801
1,1,0.05,tshap_train,mrsqm,0.0,0.0,0.9071428571428571,0.36333627255658496,0.4872614390773051,0,0,0.04616970999632031,2.2943000658415258e-05,ECG5000,2801
1,1,0.1,tshap_train,mrsqm,0.0,0.0,0.8857142857142857,0.8233232705778413,0.33302606163464055,0,0,0.04616970999632031,2.2943000658415258e-05,ECG5000,2801
1,1,0.2,tshap_train,mrsqm,0.0,0.0,0.8,0.8473277039973801,0.1345521633817357,0,0,0.04616970999632031,2.2943000658415258e-05,ECG5000,2801
0,0,0.05,hydra,shapley_sampling,0.0,0.0,0.6928571428571428,0.1640622977828573,0.19293948927076554,0,0,0.06483065700012958,0.7702820270060329,ECG5000,2189
0,0,0.1,hydra,shapley_sampling,0.0,0.0,0.6642857142857143,0.17546983607681044,0.46772632426060545,0,0,0.06483065700012958,0.7702820270060329,ECG5000,2189
0,0,0.2,hydra,shapley_sampling,0.8064516129032258,0.8928571428571429,0.02142857142857143,0.6115390498095463,0.5909186902654295,0,0,0.06483065700012958,0.7702820270060329,ECG5000,2189
0,0,0.05,hydra,feature_ablation,0.0,0.0,0.6928571428571428,0.1640622977828573,0.19293949181553738,0,0,0.06483065700012958,0.033338412999000866,ECG5000,2189
0,0,0.1,hydra,feature_ablation,0.47368421052631576,0.6428571428571429,0.03571428571428571,0.17546983607681044,0.5166676414234436,0,0,0.06483065700012958,0.033338412999000866,ECG5000,2189
0,0,0.2,hydra,feature_ablation,0.8064516129032258,0.8928571428571429,0.02142857142857143,0.6115390498095463,0.5909186891477303,0,0,0.06483065700012958,0.033338412999000866,ECG5000,2189
0,0,0.05,hydra,tshap_centroid,0.0,0.0,0.21428571428571427,0.1640622977828573,0.015060270532513242,0,0,0.06483065700012958,0.005379651003750041,ECG5000,2189
0,0,0.1,hydra,tshap_centroid,0.0,0.0,0.22142857142857142,0.17546983607681044,0.08817470700218022,0,0,0.06483065700012958,0.005379651003750041,ECG5000,2189
0,0,0.2,hydra,tshap_centroid,0.0,0.0,0.65,0.6115390498095463,0.02438405354517692,0,0,0.06483065700012958,0.005379651003750041,ECG5000,2189
0,0,0.05,hydra,tshap_zero,0.0,0.0,0.4142857142857143,0.1640622977828573,-0.11720606578093029,0,0,0.06483065700012958,0.006165201994008385,ECG5000,2189
0,0,0.1,hydra,tshap_zero,0.0,0.0,0.40714285714285714,0.17546983607681044,-0.03660590663402674,0,0,0.06483065700012958,0.006165201994008385,ECG5000,2189
0,0,0.2,hydra,tshap_zero,0.0,0.0,0.4714285714285714,0.6115390498095463,0.0001802258989168637,0,0,0.06483065700012958,0.006165201994008385,ECG5000,2189
0,0,0.05,hydra,tshap_train,0.0,0.0,0.21428571428571427,0.1640622977828573,0.015060289483760925,0,0,0.06483065700012958,0.04012871300074039,ECG5000,2189
0,0,0.1,hydra,tshap_train,0.0,0.0,0.21428571428571427,0.17546983607681044,0.10747156752773834,0,0,0.06483065700012958,0.04012871300074039,ECG5000,2189
0,0,0.2,hydra,tshap_train,0.24444444444444444,0.39285714285714285,0.12142857142857143,0.6115390498095463,0.17961108282337146,0,0,0.06483065700012958,0.04012871300074039,ECG5000,2189
0,0,0.05,hydra,mrsqm,0.0,0.0,0.6928571428571428,0.1640622977828573,0.19293948814042872,0,0,0.06483065700012958,2.3715001589152962e-05,ECG5000,2189
0,0,0.1,hydra,mrsqm,0.0,0.0,0.6642857142857143,0.17546983607681044,0.46772632118276636,0,0,0.06483065700012958,2.3715001589152962e-05,ECG5000,2189
0,0,0.2,hydra,mrsqm,0.0,0.0,0.6714285714285714,0.6115390498095463,0.42451601322980936,0,0,0.06483065700012958,2.3715001589152962e-05,ECG5000,2189
0,0,0.05,shapley_sampling,feature_ablation,1.0,1.0,0.0,0.19293948927076554,0.19293949181553738,0,0,0.7702820270060329,0.033338412999000866,ECG5000,2189
0,0,0.1,shapley_sampling,feature_ablation,0.0,0.0,0.7,0.46772632426060545,0.5166676414234436,0,0,0.7702820270060329,0.033338412999000866,ECG5000,2189
0,0,0.2,shapley_sampling,feature_ablation,1.0,1.0,0.0,0.5909186902654295,0.5909186891477303,0,0,0.7702820270060329,0.033338412999000866,ECG5000,2189
0,0,0.05,shapley_sampling,tshap_centroid,0.0,0.0,0.9071428571428571,0.19293948927076554,0.015060270532513242,0,0,0.7702820270060329,0.005379651003750041,ECG5000,2189
0,0,0.1,shapley_sampling,tshap_centroid,0.0,0.0,0.8857142857142857,0.46772632426060545,0.08817470700218022,0,0,0.7702820270060329,0.005379651003750041,ECG5000,2189
0,0,0.2,shapley_sampling,tshap_centroid,0.0,0.0,0.6285714285714286,0.5909186902654295,0.02438405354517692,0,0,0.7702820270060329,0.005379651003750041,ECG5000,2189
0,0,0.05,shapley_sampling,tshap_zero,0.0,0.0,0.2785714285714286,0.19293948927076554,-0.11720606578093029,0,0,0.7702820270060329,0.006165201994008385,ECG5000,2189
0,0,0.1,shapley_sampling,tshap_zero,0.0,0.0,0.2571428571428571,0.46772632426060545,-0.03660590663402674,0,0,0.7702820270060329,0.006165201994008385,ECG5000,2189
0,0,0.2,shapley_sampling,tshap_zero,0.0,0.0,0.45,0.5909186902654295,0.0001802258989168637,0,0,0.7702820270060329,0.006165201994008385,ECG5000,2189
0,0,0.05,shapley_sampling,tshap_train,0.0,0.0,0.9071428571428571,0.19293948927076554,0.015060289483760925,0,0,0.7702820270060329,0.04012871300074039,ECG5000,2189
0,0,0.1,shapley_sampling,tshap_train,0.0,0.0,0.8785714285714286,0.46772632426060545,0.10747156752773834,0,0,0.7702820270060329,0.04012871300074039,ECG5000,2189
0,0,0.2,shapley_sampling,tshap_train,0.16666666666666666,0.2857142857142857,0.14285714285714285,0.5909186902654295,0.17961108282337146,0,0,0.7702820270060329,0.04012871300074039,ECG5000,2189
0,0,0.05,shapley_sampling,mrsqm,1.0,1.0,0.0,0.19293948927076554,0.19293948814042872,0,0,0.7702820270060329,2.3715001589152962e-05,ECG5000,2189
0,0,0.1,shapley_sampling,mrsqm,1.0,1.0,0.0,0.46772632426060545,0.46772632118276636,0,0,0.7702820270060329,2.3715001589152962e-05,ECG5000,2189
0,0,0.2,shapley_sampling,mrsqm,0.0,0.0,0.65,0.5909186902654295,0.42451601322980936,0,0,0.7702820270060329,2.3715001589152962e-05,ECG5000,2189
0,0,0.05,feature_ablation,tshap_centroid,0.0,0.0,0.9071428571428571,0.19293949181553738,0.015060270532513242,0,0,0.033338412999000866,0.005379651003750041,ECG5000,2189
0,0,0.1,feature_ablation,tshap_centroid,0.0,0.0,0.18571428571428572,0.5166676414234436,0.08817470700218022,0,0,0.033338412999000866,0.005379651003750041,ECG5000,2189
0,0,0.2,feature_ablation,tshap_centroid,0.0,0.0,0.6285714285714286,0.5909186891477303,0.02438405354517692,0,0,0.033338412999000866,0.005379651003750041,ECG5000,2189
0,0,0.05,feature_ablation,tshap_zero,0.0,0.0,0.2785714285714286,0.19293949181553738,-0.11720606578093029,0,0,0.033338412999000866,0.006165201994008385,ECG5000,2189
0,0,0.1,feature_ablation,tshap_zero,0.0,0.0,0.44285714285714284,0.5166676414234436,-0.03660590663402674,0,0,0.033338412999000866,0.006165201994008385,ECG5000,2189
0,0,0.2,feature_ablation,tshap_zero,0.0,0.0,0.45,0.5909186891477303,0.0001802258989168637,0,0,0.033338412999000866,0.006165201994008385,ECG5000,2189
0,0,0.05,feature_ablation,tshap_train,0.0,0.0,0.9071428571428571,0.19293949181553738,0.015060289483760925,0,0,0.033338412999000866,0.04012871300074039,ECG5000,2189
0,0,0.1,feature_ablation,tshap_train,0.0,0.0,0.17857142857142858,0.5166676414234436,0.10747156752773834,0,0,0.033338412999000866,0.04012871300074039,ECG5000,2189
0,0,0.2,feature_ablation,tshap_train,0.16666666666666666,0.2857142857142857,0.14285714285714285,0.5909186891477303,0.17961108282337146,0,0,0.033338412999000866,0.04012871300074039,ECG5000,2189
0,0,0.05,feature_ablation,mrsqm,1.0,1.0,0.0,0.19293949181553738,0.19293948814042872,0,0,0.033338412999000866,2.3715001589152962e-05,ECG5000,2189
0,0,0.1,feature_ablation,mrsqm,0.0,0.0,0.7,0.5166676414234436,0.46772632118276636,0,0,0.033338412999000866,2.3715001589152962e-05,ECG5000,2189
0,0,0.2,feature_ablation,mrsqm,0.0,0.0,0.65,0.5909186891477303,0.42451601322980936,0,0,0.033338412999000866,2.3715001589152962e-05,ECG5000,2189
0,0,0.05,tshap_centroid,tshap_zero,0.0,0.0,0.6285714285714286,0.015060270532513242,-0.11720606578093029,0,0,0.005379651003750041,0.006165201994008385,ECG5000,2189
0,0,0.1,tshap_centroid,tshap_zero,0.0,0.0,0.6285714285714286,0.08817470700218022,-0.03660590663402674,0,0,0.005379651003750041,0.006165201994008385,ECG5000,2189
0,0,0.2,tshap_centroid,tshap_zero,0.05660377358490566,0.10714285714285714,0.17857142857142858,0.02438405354517692,0.0001802258989168637,0,0,0.005379651003750041,0.006165201994008385,ECG5000,2189
0,0,0.05,tshap_centroid,tshap_train,1.0,1.0,0.0,0.015060270532513242,0.015060289483760925,0,0,0.005379651003750041,0.04012871300074039,ECG5000,2189
0,0,0.1,tshap_centroid,tshap_train,0.8666666666666667,0.9285714285714286,0.007142857142857143,0.08817470700218022,0.10747156752773834,0,0,0.005379651003750041,0.04012871300074039,ECG5000,2189
0,0,0.2,tshap_centroid,tshap_train,0.0,0.0,0.7714285714285715,0.02438405354517692,0.17961108282337146,0,0,0.005379651003750041,0.04012871300074039,ECG5000,2189
0,0,0.05,tshap_centroid,mrsqm,0.0,0.0,0.9071428571428571,0.015060270532513242,0.19293948814042872,0,0,0.005379651003750041,2.3715001589152962e-05,ECG5000,2189
0,0,0.1,tshap_centroid,mrsqm,0.0,0.0,0.8857142857142857,0.08817470700218022,0.46772632118276636,0,0,0.005379651003750041,2.3715001589152962e-05,ECG5000,2189
0,0,0.2,tshap_centroid,mrsqm,0.8064516129032258,0.8928571428571429,0.02142857142857143,0.02438405354517692,0.42451601322980936,0,0,0.005379651003750041,2.3715001589152962e-05,ECG5000,2189
0,0,0.05,tshap_zero,tshap_train,0.0,0.0,0.6285714285714286,-0.11720606578093029,0.015060289483760925,0,0,0.006165201994008385,0.04012871300074039,ECG5000,2189
0,0,0.1,tshap_zero,tshap_train,0.0,0.0,0.6214285714285714,-0.03660590663402674,0.10747156752773834,0,0,0.006165201994008385,0.04012871300074039,ECG5000,2189
0,0,0.2,tshap_zero,tshap_train,0.0,0.0,0.5928571428571429,0.0001802258989168637,0.17961108282337146,0,0,0.006165201994008385,0.04012871300074039,ECG5000,2189
0,0,0.05,tshap_zero,mrsqm,0.0,0.0,0.2785714285714286,-0.11720606578093029,0.19293948814042872,0,0,0.006165201994008385,2.3715001589152962e-05,ECG5000,2189
0,0,0.1,tshap_zero,mrsqm,0.0,0.0,0.2571428571428571,-0.03660590663402674,0.46772632118276636,0,0,0.006165201994008385,2.3715001589152962e-05,ECG5000,2189
0,0,0.2,tshap_zero,mrsqm,0.0,0.0,0.2,0.0001802258989168637,0.42451601322980936,0,0,0.006165201994008385,2.3715001589152962e-05,ECG5000,2189
0,0,0.05,tshap_train,mrsqm,0.0,0.0,0.9071428571428571,0.015060289483760925,0.19293948814042872,0,0,0.04012871300074039,2.3715001589152962e-05,ECG5000,2189
0,0,0.1,tshap_train,mrsqm,0.0,0.0,0.8785714285714286,0.10747156752773834,0.46772632118276636,0,0,0.04012871300074039,2.3715001589152962e-05,ECG5000,2189
0,0,0.2,tshap_train,mrsqm,0.0,0.0,0.7928571428571428,0.17961108282337146,0.42451601322980936,0,0,0.04012871300074039,2.3715001589152962e-05,ECG5000,2189
0,0,0.05,hydra,shapley_sampling,0.0,0.0,0.8785714285714286,0.09056891186150118,0.22769241951576324,0,0,0.06403944500198122,0.7687361339994823,ECG5000,1842
0,0,0.1,hydra,shapley_sampling,0.0,0.0,0.85,0.167618987732311,0.5254570810856045,0,0,0.06403944500198122,0.7687361339994823,ECG5000,1842
0,0,0.2,hydra,shapley_sampling,0.0,0.0,0.7785714285714286,0.2657362791839679,0.45266252590743505,0,0,0.06403944500198122,0.7687361339994823,ECG5000,1842
0,0,0.05,hydra,feature_ablation,0.0,0.0,0.8785714285714286,0.09056891186150118,0.22769241474591118,0,0,0.06403944500198122,0.03278316600335529,ECG5000,1842
0,0,0.1,hydra,feature_ablation,0.0,0.0,0.85,0.167618987732311,0.525457077786103,0,0,0.06403944500198122,0.03278316600335529,ECG5000,1842
0,0,0.2,hydra,feature_ablation,0.0,0.0,0.7785714285714286,0.2657362791839679,0.4526625270627094,0,0,0.06403944500198122,0.03278316600335529,ECG5000,1842
0,0,0.05,hydra,tshap_centroid,0.2727272727272727,0.42857142857142855,0.02857142857142857,0.09056891186150118,0.09039443919115231,0,0,0.06403944500198122,0.005323844998201821,ECG5000,1842
0,0,0.1,hydra,tshap_centroid,0.5555555555555556,0.7142857142857143,0.02857142857142857,0.167618987732311,0.24685977419112537,0,0,0.06403944500198122,0.005323844998201821,ECG5000,1842
0,0,0.2,hydra,tshap_centroid,1.0,1.0,0.0,0.2657362791839679,0.26573628217408984,0,0,0.06403944500198122,0.005323844998201821,ECG5000,1842
0,0,0.05,hydra,tshap_zero,0.0,0.0,0.5857142857142857,0.09056891186150118,-0.10135379473244965,0,0,0.06403944500198122,0.005314106994774193,ECG5000,1842
0,0,0.1,hydra,tshap_zero,0.0,0.0,0.5857142857142857,0.167618987732311,-0.09746898634450019,0,0,0.06403944500198122,0.005314106994774193,ECG5000,1842
0,0,0.2,hydra,tshap_zero,0.0,0.0,0.6142857142857143,0.2657362791839679,0.11002015005426646,0,0,0.06403944500198122,0.005314106994774193,ECG5000,1842
0,0,0.05,hydra,tshap_train,0.2727272727272727,0.42857142857142855,0.02857142857142857,0.09056891186150118,0.09039443453299745,0,0,0.06403944500198122,0.039399798995873425,ECG5000,1842
0,0,0.1,hydra,tshap_train,0.5555555555555556,0.7142857142857143,0.02857142857142857,0.167618987732311,0.2468597725648799,0,0,0.06403944500198122,0.039399798995873425,ECG5000,1842
0,0,0.2,hydra,tshap_train,0.9310344827586207,0.9642857142857143,0.007142857142857143,0.2657362791839679,0.1951199647231764,0,0,0.06403944500198122,0.039399798995873425,ECG5000,1842
0,0,0.05,hydra,mrsqm,0.0,0.0,0.8785714285714286,0.09056891186150118,0.22769241299603182,0,0,0.06403944500198122,2.3153996153268963e-05,ECG5000,1842
0,0,0.1,hydra,mrsqm,0.0,0.0,0.85,0.167618987732311,0.5254570734610207,0,0,0.06403944500198122,2.3153996153268963e-05,ECG5000,1842
0,0,0.2,hydra,mrsqm,0.0,0.0,0.7785714285714286,0.2657362791839679,0.4526625263666928,0,0,0.06403944500198122,2.3153996153268963e-05,ECG5000,1842
0,0,0.05,shapley_sampling,feature_ablation,1.0,1.0,0.0,0.22769241951576324,0.22769241474591118,0,0,0.7687361339994823,0.03278316600335529,ECG5000,1842
0,0,0.1,shapley_sampling,feature_ablation,1.0,1.0,0.0,0.5254570810856045,0.525457077786103,0,0,0.7687361339994823,0.03278316600335529,ECG5000,1842
0,0,0.2,shapley_sampling,feature_ablation,1.0,1.0,0.0,0.45266252590743505,0.4526625270627094,0,0,0.7687361339994823,0.03278316600335529,ECG5000,1842
0,0,0.05,shapley_sampling,tshap_centroid,0.0,0.0,0.9071428571428571,0.22769241951576324,0.09039443919115231,0,0,0.7687361339994823,0.005323844998201821,ECG5000,1842
0,0,0.1,shapley_sampling,tshap_centroid,0.0,0.0,0.8785714285714286,0.5254570810856045,0.24685977419112537,0,0,0.7687361339994823,0.005323844998201821,ECG5000,1842
0,0,0.2,shapley_sampling,tshap_centroid,0.0,0.0,0.7785714285714286,0.45266252590743505,0.26573628217408984,0,0,0.7687361339994823,0.005323844998201821,ECG5000,1842
0,0,0.05,shapley_sampling,tshap_zero,0.0,0.0,0.29285714285714287,0.22769241951576324,-0.10135379473244965,0,0,0.7687361339994823,0.005314106994774193,ECG5000,1842
0,0,0.1,shapley_sampling,tshap_zero,0.0,0.0,0.2642857142857143,0.5254570810856045,-0.09746898634450019,0,0,0.7687361339994823,0.005314106994774193,ECG5000,1842
0,0,0.2,shapley_sampling,tshap_zero,0.09803921568627451,0.17857142857142858,0.16428571428571428,0.45266252590743505,0.11002015005426646,0,0,0.7687361339994823,0.005314106994774193,ECG5000,1842
0,0,0.05,shapley_sampling,tshap_train,0.0,0.0,0.9071428571428571,0.22769241951576324,0.09039443453299745,0,0,0.7687361339994823,0.039399798995873425,ECG5000,1842
0,0,0.1,shapley_sampling,tshap_train,0.0,0.0,0.8785714285714286,0.5254570810856045,0.2468597725648799,0,0,0.7687361339994823,0.039399798995873425,ECG5000,1842
0,0,0.2,shapley_sampling,tshap_train,0.0,0.0,0.7857142857142857,0.45266252590743505,0.1951199647231764,0,0,0.7687361339994823,0.039399798995873425,ECG5000,1842
0,0,0.05,shapley_sampling,mrsqm,1.0,1.0,0.0,0.22769241951576324,0.22769241299603182,0,0,0.7687361339994823,2.3153996153268963e-05,ECG5000,1842
0,0,0.1,shapley_sampling,mrsqm,1.0,1.0,0.0,0.5254570810856045,0.5254570734610207,0,0,0.7687361339994823,2.3153996153268963e-05,ECG5000,1842
0,0,0.2,shapley_sampling,mrsqm,1.0,1.0,0.0,0.45266252590743505,0.4526625263666928,0,0,0.7687361339994823,2.3153996153268963e-05,ECG5000,1842
0,0,0.05,feature_ablation,tshap_centroid,0.0,0.0,0.9071428571428571,0.22769241474591118,0.09039443919115231,0,0,0.03278316600335529,0.005323844998201821,ECG5000,1842
0,0,0.1,feature_ablation,tshap_centroid,0.0,0.0,0.8785714285714286,0.525457077786103,0.24685977419112537,0,0,0.03278316600335529,0.005323844998201821,ECG5000,1842
0,0,0.2,feature_ablation,tshap_centroid,0.0,0.0,0.7785714285714286,0.4526625270627094,0.26573628217408984,0,0,0.03278316600335529,0.005323844998201821,ECG5000,1842
0,0,0.05,feature_ablation,tshap_zero,0.0,0.0,0.29285714285714287,0.22769241474591118,-0.10135379473244965,0,0,0.03278316600335529,0.005314106994774193,ECG5000,1842
0,0,0.1,feature_ablation,tshap_zero,0.0,0.0,0.2642857142857143,0.525457077786103,-0.09746898634450019,0,0,0.03278316600335529,0.005314106994774193,ECG5000,1842
0,0,0.2,feature_ablation,tshap_zero,0.09803921568627451,0.17857142857142858,0.16428571428571428,0.4526625270627094,0.11002015005426646,0,0,0.03278316600335529,0.005314106994774193,ECG5000,1842
0,0,0.05,feature_ablation,tshap_train,0.0,0.0,0.9071428571428571,0.22769241474591118,0.09039443453299745,0,0,0.03278316600335529,0.039399798995873425,ECG5000,1842
0,0,0.1,feature_ablation,tshap_train,0.0,0.0,0.8785714285714286,0.525457077786103,0.2468597725648799,0,0,0.03278316600335529,0.039399798995873425,ECG5000,1842
0,0,0.2,feature_ablation,tshap_train,0.0,0.0,0.7857142857142857,0.4526625270627094,0.1951199647231764,0,0,0.03278316600335529,0.039399798995873425,ECG5000,1842
0,0,0.05,feature_ablation,mrsqm,1.0,1.0,0.0,0.22769241474591118,0.22769241299603182,0,0,0.03278316600335529,2.3153996153268963e-05,ECG5000,1842
0,0,0.1,feature_ablation,mrsqm,1.0,1.0,0.0,0.525457077786103,0.5254570734610207,0,0,0.03278316600335529,2.3153996153268963e-05,ECG5000,1842
0,0,0.2,feature_ablation,mrsqm,1.0,1.0,0.0,0.4526625270627094,0.4526625263666928,0,0,0.03278316600335529,2.3153996153268963e-05,ECG5000,1842
0,0,0.05,tshap_centroid,tshap_zero,0.0,0.0,0.6142857142857143,0.09039443919115231,-0.10135379473244965,0,0,0.005323844998201821,0.005314106994774193,ECG5000,1842
0,0,0.1,tshap_centroid,tshap_zero,0.0,0.0,0.6142857142857143,0.24685977419112537,-0.09746898634450019,0,0,0.005323844998201821,0.005314106994774193,ECG5000,1842
0,0,0.2,tshap_centroid,tshap_zero,0.0,0.0,0.6142857142857143,0.26573628217408984,0.11002015005426646,0,0,0.005323844998201821,0.005314106994774193,ECG5000,1842
0,0,0.05,tshap_centroid,tshap_train,1.0,1.0,0.0,0.09039443919115231,0.09039443453299745,0,0,0.005323844998201821,0.039399798995873425,ECG5000,1842
0,0,0.1,tshap_centroid,tshap_train,1.0,1.0,0.0,0.24685977419112537,0.2468597725648799,0,0,0.005323844998201821,0.039399798995873425,ECG5000,1842
0,0,0.2,tshap_centroid,tshap_train,0.9310344827586207,0.9642857142857143,0.007142857142857143,0.26573628217408984,0.1951199647231764,0,0,0.005323844998201821,0.039399798995873425,ECG5000,1842
0,0,0.05,tshap_centroid,mrsqm,0.0,0.0,0.9071428571428571,0.09039443919115231,0.22769241299603182,0,0,0.005323844998201821,2.3153996153268963e-05,ECG5000,1842
0,0,0.1,tshap_centroid,mrsqm,0.0,0.0,0.8785714285714286,0.24685977419112537,0.5254570734610207,0,0,0.005323844998201821,2.3153996153268963e-05,ECG5000,1842
0,0,0.2,tshap_centroid,mrsqm,0.0,0.0,0.7785714285714286,0.26573628217408984,0.4526625263666928,0,0,0.005323844998201821,2.3153996153268963e-05,ECG5000,1842
0,0,0.05,tshap_zero,tshap_train,0.0,0.0,0.6142857142857143,-0.10135379473244965,0.09039443453299745,0,0,0.005314106994774193,0.039399798995873425,ECG5000,1842
0,0,0.1,tshap_zero,tshap_train,0.0,0.0,0.6142857142857143,-0.09746898634450019,0.2468597725648799,0,0,0.005314106994774193,0.039399798995873425,ECG5000,1842
0,0,0.2,tshap_zero,tshap_train,0.0,0.0,0.6214285714285714,0.11002015005426646,0.1951199647231764,0,0,0.005314106994774193,0.039399798995873425,ECG5000,1842
0,0,0.05,tshap_zero,mrsqm,0.0,0.0,0.29285714285714287,-0.10135379473244965,0.22769241299603182,0,0,0.005314106994774193,2.3153996153268963e-05,ECG5000,1842
0,0,0.1,tshap_zero,mrsqm,0.0,0.0,0.2642857142857143,-0.09746898634450019,0.5254570734610207,0,0,0.005314106994774193,2.3153996153268963e-05,ECG5000,1842
0,0,0.2,tshap_zero,mrsqm,0.09803921568627451,0.17857142857142858,0.16428571428571428,0.11002015005426646,0.4526625263666928,0,0,0.005314106994774193,2.3153996153268963e-05,ECG5000,1842
0,0,0.05,tshap_train,mrsqm,0.0,0.0,0.9071428571428571,0.09039443453299745,0.22769241299603182,0,0,0.039399798995873425,2.3153996153268963e-05,ECG5000,1842
0,0,0.1,tshap_train,mrsqm,0.0,0.0,0.8785714285714286,0.2468597725648799,0.5254570734610207,0,0,0.039399798995873425,2.3153996153268963e-05,ECG5000,1842
0,0,0.2,tshap_train,mrsqm,0.0,0.0,0.7857142857142857,0.1951199647231764,0.4526625263666928,0,0,0.039399798995873425,2.3153996153268963e-05,ECG5000,1842
0,0,0.05,hydra,shapley_sampling,0.4,0.5714285714285714,0.02142857142857143,0.20435795709048543,0.3501444795033404,0,0,0.06386015599855455,0.7644052399991779,ECG5000,365
0,0,0.1,hydra,shapley_sampling,0.47368421052631576,0.6428571428571429,0.03571428571428571,0.37695516945753105,0.25813973279894786,0,0,0.06386015599855455,0.7644052399991779,ECG5000,365
0,0,0.2,hydra,shapley_sampling,1.0,1.0,0.0,0.3138800787579866,0.313880075393118,0,0,0.06386015599855455,0.7644052399991779,ECG5000,365
0,0,0.05,hydra,feature_ablation,0.4,0.5714285714285714,0.02142857142857143,0.20435795709048543,0.35014447626026834,0,0,0.06386015599855455,0.03280609999637818,ECG5000,365
0,0,0.1,hydra,feature_ablation,0.75,0.8571428571428571,0.014285714285714285,0.37695516945753105,0.4220619519969585,0,0,0.06386015599855455,0.03280609999637818,ECG5000,365
0,0,0.2,hydra,feature_ablation,0.6,0.75,0.05,0.3138800787579866,0.5179755734913942,0,0,0.06386015599855455,0.03280609999637818,ECG5000,365
0,0,0.05,hydra,tshap_centroid,0.75,0.8571428571428571,0.007142857142857143,0.20435795709048543,0.28669622014310436,0,0,0.06386015599855455,0.005337200993380975,ECG5000,365
0,0,0.1,hydra,tshap_centroid,0.75,0.8571428571428571,0.014285714285714285,0.37695516945753105,0.4220619476080336,0,0,0.06386015599855455,0.005337200993380975,ECG5000,365
0,0,0.2,hydra,tshap_centroid,0.696969696969697,0.8214285714285714,0.03571428571428571,0.3138800787579866,0.4365158134552365,0,0,0.06386015599855455,0.005337200993380975,ECG5000,365
0,0,0.05,hydra,tshap_zero,0.0,0.0,0.8,0.20435795709048543,-0.010570426130148913,0,0,0.06386015599855455,0.005245446998742409,ECG5000,365
0,0,0.1,hydra,tshap_zero,0.0,0.0,0.7928571428571428,0.37695516945753105,0.04614567003602388,0,0,0.06386015599855455,0.005245446998742409,ECG5000,365
0,0,0.2,hydra,tshap_zero,0.0,0.0,0.7428571428571429,0.3138800787579866,0.0889469491737076,0,0,0.06386015599855455,0.005245446998742409,ECG5000,365
0,0,0.05,hydra,tshap_train,0.5555555555555556,0.7142857142857143,0.014285714285714285,0.20435795709048543,0.38147571091743837,0,0,0.06386015599855455,0.039549872002680786,ECG5000,365
0,0,0.1,hydra,tshap_train,0.6470588235294118,0.7857142857142857,0.02142857142857143,0.37695516945753105,0.4509026885967098,0,0,0.06386015599855455,0.039549872002680786,ECG5000,365
0,0,0.2,hydra,tshap_train,0.75,0.8571428571428571,0.02857142857142857,0.3138800787579866,0.35037748676355107,0,0,0.06386015599855455,0.039549872002680786,ECG5000,365
0,0,0.05,hydra,mrsqm,0.0,0.0,0.8785714285714286,0.20435795709048543,0.23856089328766406,0,0,0.06386015599855455,2.352500450797379e-05,ECG5000,365
0,0,0.1,hydra,mrsqm,0.0,0.0,0.8642857142857143,0.37695516945753105,0.4112314049618222,0,0,0.06386015599855455,2.352500450797379e-05,ECG5000,365
0,0,0.2,hydra,mrsqm,0.0,0.0,0.8,0.3138800787579866,0.5062763434991511,0,0,0.06386015599855455,2.352500450797379e-05,ECG5000,365
0,0,0.05,shapley_sampling,feature_ablation,1.0,1.0,0.0,0.3501444795033404,0.35014447626026834,0,0,0.7644052399991779,0.03280609999637818,ECG5000,365
0,0,0.1,shapley_sampling,feature_ablation,0.3333333333333333,0.5,0.05,0.25813973279894786,0.4220619519969585,0,0,0.7644052399991779,0.03280609999637818,ECG5000,365
0,0,0.2,shapley_sampling,feature_ablation,0.6,0.75,0.05,0.313880075393118,0.5179755734913942,0,0,0.7644052399991779,0.03280609999637818,ECG5000,365
0,0,0.05,shapley_sampling,tshap_centroid,0.5555555555555556,0.7142857142857143,0.014285714285714285,0.3501444795033404,0.28669622014310436,0,0,0.7644052399991779,0.005337200993380975,ECG5000,365
0,0,0.1,shapley_sampling,tshap_centroid,0.3333333333333333,0.5,0.05,0.25813973279894786,0.4220619476080336,0,0,0.7644052399991779,0.005337200993380975,ECG5000,365
0,0,0.2,shapley_sampling,tshap_centroid,0.696969696969697,0.8214285714285714,0.03571428571428571,0.313880075393118,0.4365158134552365,0,0,0.7644052399991779,0.005337200993380975,ECG5000,365
0,0,0.05,shapley_sampling,tshap_zero,0.0,0.0,0.8214285714285714,0.3501444795033404,-0.010570426130148913,0,0,0.7644052399991779,0.005245446998742409,ECG5000,365
0,0,0.1,shapley_sampling,tshap_zero,0.0,0.0,0.8285714285714286,0.25813973279894786,0.04614567003602388,0,0,0.7644052399991779,0.005245446998742409,ECG5000,365
0,0,0.2,shapley_sampling,tshap_zero,0.0,0.0,0.7428571428571429,0.313880075393118,0.0889469491737076,0,0,0.7644052399991779,0.005245446998742409,ECG5000,365
0,0,0.05,shapley_sampling,tshap_train,0.75,0.8571428571428571,0.007142857142857143,0.3501444795033404,0.38147571091743837,0,0,0.7644052399991779,0.039549872002680786,ECG5000,365
0,0,0.1,shapley_sampling,tshap_train,0.2727272727272727,0.42857142857142855,0.05714285714285714,0.25813973279894786,0.4509026885967098,0,0,0.7644052399991779,0.039549872002680786,ECG5000,365
0,0,0.2,shapley_sampling,tshap_train,0.75,0.8571428571428571,0.02857142857142857,0.313880075393118,0.35037748676355107,0,0,0.7644052399991779,0.039549872002680786,ECG5000,365
0,0,0.05,shapley_sampling,mrsqm,0.0,0.0,0.9,0.3501444795033404,0.23856089328766406,0,0,0.7644052399991779,2.352500450797379e-05,ECG5000,365
0,0,0.1,shapley_sampling,mrsqm,0.0,0.0,0.9,0.25813973279894786,0.4112314049618222,0,0,0.7644052399991779,2.352500450797379e-05,ECG5000,365
0,0,0.2,shapley_sampling,mrsqm,0.0,0.0,0.8,0.313880075393118,0.5062763434991511,0,0,0.7644052399991779,2.352500450797379e-05,ECG5000,365
0,0,0.05,feature_ablation,tshap_centroid,0.5555555555555556,0.7142857142857143,0.014285714285714285,0.35014447626026834,0.28669622014310436,0,0,0.03280609999637818,0.005337200993380975,ECG5000,365
0,0,0.1,feature_ablation,tshap_centroid,1.0,1.0,0.0,0.4220619519969585,0.4220619476080336,0,0,0.03280609999637818,0.005337200993380975,ECG5000,365
0,0,0.2,feature_ablation,tshap_centroid,0.8666666666666667,0.9285714285714286,0.014285714285714285,0.5179755734913942,0.4365158134552365,0,0,0.03280609999637818,0.005337200993380975,ECG5000,365
0,0,0.05,feature_ablation,tshap_zero,0.0,0.0,0.8214285714285714,0.35014447626026834,-0.010570426130148913,0,0,0.03280609999637818,0.005245446998742409,ECG5000,365
0,0,0.1,feature_ablation,tshap_zero,0.0,0.0,0.7785714285714286,0.4220619519969585,0.04614567003602388,0,0,0.03280609999637818,0.005245446998742409,ECG5000,365
0,0,0.2,feature_ablation,tshap_zero,0.0,0.0,0.6928571428571428,0.5179755734913942,0.0889469491737076,0,0,0.03280609999637818,0.005245446998742409,ECG5000,365
0,0,0.05,feature_ablation,tshap_train,0.75,0.8571428571428571,0.007142857142857143,0.35014447626026834,0.38147571091743837,0,0,0.03280609999637818,0.039549872002680786,ECG5000,365
0,0,0.1,feature_ablation,tshap_train,0.8666666666666667,0.9285714285714286,0.007142857142857143,0.4220619519969585,0.4509026885967098,0,0,0.03280609999637818,0.039549872002680786,ECG5000,365
0,0,0.2,feature_ablation,tshap_train,0.8064516129032258,0.8928571428571429,0.02142857142857143,0.5179755734913942,0.35037748676355107,0,0,0.03280609999637818,0.039549872002680786,ECG5000,365
0,0,0.05,feature_ablation,mrsqm,0.0,0.0,0.9,0.35014447626026834,0.23856089328766406,0,0,0.03280609999637818,2.352500450797379e-05,ECG5000,365
0,0,0.1,feature_ablation,mrsqm,0.0,0.0,0.85,0.4220619519969585,0.4112314049618222,0,0,0.03280609999637818,2.352500450797379e-05,ECG5000,365
0,0,0.2,feature_ablation,mrsqm,0.0,0.0,0.75,0.5179755734913942,0.5062763434991511,0,0,0.03280609999637818,2.352500450797379e-05,ECG5000,365
0,0,0.05,tshap_centroid,tshap_zero,0.0,0.0,0.8071428571428572,0.28669622014310436,-0.010570426130148913,0,0,0.005337200993380975,0.005245446998742409,ECG5000,365
0,0,0.1,tshap_centroid,tshap_zero,0.0,0.0,0.7785714285714286,0.4220619476080336,0.04614567003602388,0,0,0.005337200993380975,0.005245446998742409,ECG5000,365
0,0,0.2,tshap_centroid,tshap_zero,0.0,0.0,0.7071428571428572,0.4365158134552365,0.0889469491737076,0,0,0.005337200993380975,0.005245446998742409,ECG5000,365
0,0,0.05,tshap_centroid,tshap_train,0.75,0.8571428571428571,0.007142857142857143,0.28669622014310436,0.38147571091743837,0,0,0.005337200993380975,0.039549872002680786,ECG5000,365
0,0,0.1,tshap_centroid,tshap_train,0.8666666666666667,0.9285714285714286,0.007142857142857143,0.4220619476080336,0.4509026885967098,0,0,0.005337200993380975,0.039549872002680786,ECG5000,365
0,0,0.2,tshap_centroid,tshap_train,0.9310344827586207,0.9642857142857143,0.007142857142857143,0.4365158134552365,0.35037748676355107,0,0,0.005337200993380975,0.039549872002680786,ECG5000,365
0,0,0.05,tshap_centroid,mrsqm,0.0,0.0,0.8857142857142857,0.28669622014310436,0.23856089328766406,0,0,0.005337200993380975,2.352500450797379e-05,ECG5000,365
0,0,0.1,tshap_centroid,mrsqm,0.0,0.0,0.85,0.4220619476080336,0.4112314049618222,0,0,0.005337200993380975,2.352500450797379e-05,ECG5000,365
0,0,0.2,tshap_centroid,mrsqm,0.0,0.0,0.7642857142857142,0.4365158134552365,0.5062763434991511,0,0,0.005337200993380975,2.352500450797379e-05,ECG5000,365
0,0,0.05,tshap_zero,tshap_train,0.0,0.0,0.8142857142857143,-0.010570426130148913,0.38147571091743837,0,0,0.005245446998742409,0.039549872002680786,ECG5000,365
0,0,0.1,tshap_zero,tshap_train,0.0,0.0,0.7714285714285715,0.04614567003602388,0.4509026885967098,0,0,0.005245446998742409,0.039549872002680786,ECG5000,365
0,0,0.2,tshap_zero,tshap_train,0.0,0.0,0.7142857142857143,0.0889469491737076,0.35037748676355107,0,0,0.005245446998742409,0.039549872002680786,ECG5000,365
0,0,0.05,tshap_zero,mrsqm,0.0,0.0,0.07857142857142857,-0.010570426130148913,0.23856089328766406,0,0,0.005245446998742409,2.352500450797379e-05,ECG5000,365
0,0,0.1,tshap_zero,mrsqm,0.16666666666666666,0.2857142857142857,0.07142857142857142,0.04614567003602388,0.4112314049618222,0,0,0.005245446998742409,2.352500450797379e-05,ECG5000,365
0,0,0.2,tshap_zero,mrsqm,0.5555555555555556,0.7142857142857143,0.05714285714285714,0.0889469491737076,0.5062763434991511,0,0,0.005245446998742409,2.352500450797379e-05,ECG5000,365
0,0,0.05,tshap_train,mrsqm,0.0,0.0,0.8928571428571429,0.38147571091743837,0.23856089328766406,0,0,0.039549872002680786,2.352500450797379e-05,ECG5000,365
0,0,0.1,tshap_train,mrsqm,0.0,0.0,0.8428571428571429,0.4509026885967098,0.4112314049618222,0,0,0.039549872002680786,2.352500450797379e-05,ECG5000,365
0,0,0.2,tshap_train,mrsqm,0.0,0.0,0.7714285714285715,0.35037748676355107,0.5062763434991511,0,0,0.039549872002680786,2.352500450797379e-05,ECG5000,365
0,0,0.05,hydra,shapley_sampling,0.0,0.0,0.9,0.19790703303926882,0.2570515208865193,0,0,0.06434756600356195,0.7585710529965581,ECG5000,1922
0,0,0.1,hydra,shapley_sampling,0.0,0.0,0.8642857142857143,0.19688647032227535,0.2449384635811116,0,0,0.06434756600356195,0.7585710529965581,ECG5000,1922
0,0,0.2,hydra,shapley_sampling,0.0,0.0,0.8,0.023422068769098803,0.43864605355414577,0,0,0.06434756600356195,0.7585710529965581,ECG5000,1922
0,0,0.05,hydra,feature_ablation,0.0,0.0,0.9,0.19790703303926882,0.2570515262298164,0,0,0.06434756600356195,0.03257235999626573,ECG5000,1922
0,0,0.1,hydra,feature_ablation,0.75,0.8571428571428571,0.014285714285714285,0.19688647032227535,0.20632863797521417,0,0,0.06434756600356195,0.03257235999626573,ECG5000,1922
0,0,0.2,hydra,feature_ablation,0.6,0.75,0.05,0.023422068769098803,0.27293405712076757,0,0,0.06434756600356195,0.03257235999626573,ECG5000,1922
0,0,0.05,hydra,tshap_centroid,0.5555555555555556,0.7142857142857143,0.014285714285714285,0.19790703303926882,0.02700492429319845,0,0,0.06434756600356195,0.0057961359998444095,ECG5000,1922
0,0,0.1,hydra,tshap_centroid,0.8666666666666667,0.9285714285714286,0.007142857142857143,0.19688647032227535,0.28953101320544383,0,0,0.06434756600356195,0.0057961359998444095,ECG5000,1922
0,0,0.2,hydra,tshap_centroid,0.9310344827586207,0.9642857142857143,0.007142857142857143,0.023422068769098803,0.00700450769242178,0,0,0.06434756600356195,0.0057961359998444095,ECG5000,1922
0,0,0.05,hydra,tshap_zero,0.0,0.0,0.6785714285714286,0.19790703303926882,-0.005906109494996814,0,0,0.06434756600356195,0.005643296994094271,ECG5000,1922
0,0,0.1,hydra,tshap_zero,0.0,0.0,0.6642857142857143,0.19688647032227535,-0.01522831745069142,0,0,0.06434756600356195,0.005643296994094271,ECG5000,1922
0,0,0.2,hydra,tshap_zero,0.0,0.0,0.6642857142857143,0.023422068769098803,0.016418136133859784,0,0,0.06434756600356195,0.005643296994094271,ECG5000,1922
0,0,0.05,hydra,tshap_train,0.75,0.8571428571428571,0.007142857142857143,0.19790703303926882,0.11677354126657136,0,0,0.06434756600356195,0.039488826994784176,ECG5000,1922
0,0,0.1,hydra,tshap_train,0.8666666666666667,0.9285714285714286,0.007142857142857143,0.19688647032227535,0.28953102182229806,0,0,0.06434756600356195,0.039488826994784176,ECG5000,1922
0,0,0.2,hydra,tshap_train,1.0,1.0,0.0,0.023422068769098803,0.02342206307761019,0,0,0.06434756600356195,0.039488826994784176,ECG5000,1922
0,0,0.05,hydra,mrsqm,0.0,0.0,0.9,0.19790703303926882,0.25705153650632384,0,0,0.06434756600356195,2.1439998818095773e-05,ECG5000,1922
0,0,0.1,hydra,mrsqm,0.0,0.0,0.8642857142857143,0.19688647032227535,0.24493846888553372,0,0,0.06434756600356195,2.1439998818095773e-05,ECG5000,1922
0,0,0.2,hydra,mrsqm,0.0,0.0,0.8,0.023422068769098803,0.4386460461413578,0,0,0.06434756600356195,2.1439998818095773e-05,ECG5000,1922
0,0,0.05,shapley_sampling,feature_ablation,1.0,1.0,0.0,0.2570515208865193,0.2570515262298164,0,0,0.7585710529965581,0.03257235999626573,ECG5000,1922
0,0,0.1,shapley_sampling,feature_ablation,0.0,0.0,0.85,0.2449384635811116,0.20632863797521417,0,0,0.7585710529965581,0.03257235999626573,ECG5000,1922
0,0,0.2,shapley_sampling,feature_ablation,0.0,0.0,0.75,0.43864605355414577,0.27293405712076757,0,0,0.7585710529965581,0.03257235999626573,ECG5000,1922
0,0,0.05,shapley_sampling,tshap_centroid,0.0,0.0,0.8857142857142857,0.2570515208865193,0.02700492429319845,0,0,0.7585710529965581,0.0057961359998444095,ECG5000,1922
0,0,0.1,shapley_sampling,tshap_centroid,0.0,0.0,0.8571428571428571,0.2449384635811116,0.28953101320544383,0,0,0.7585710529965581,0.0057961359998444095,ECG5000,1922
0,0,0.2,shapley_sampling,tshap_centroid,0.0,0.0,0.7928571428571428,0.43864605355414577,0.00700450769242178,0,0,0.7585710529965581,0.0057961359998444095,ECG5000,1922
0,0,0.05,shapley_sampling,tshap_zero,0.0,0.0,0.22142857142857142,0.2570515208865193,-0.005906109494996814,0,0,0.7585710529965581,0.005643296994094271,ECG5000,1922
0,0,0.1,shapley_sampling,tshap_zero,0.0,0.0,0.2,0.2449384635811116,-0.01522831745069142,0,0,0.7585710529965581,0.005643296994094271,ECG5000,1922
0,0,0.2,shapley_sampling,tshap_zero,0.19148936170212766,0.32142857142857145,0.1357142857142857,0.43864605355414577,0.016418136133859784,0,0,0.7585710529965581,0.005643296994094271,ECG5000,1922
0,0,0.05,shapley_sampling,tshap_train,0.0,0.0,0.8928571428571429,0.2570515208865193,0.11677354126657136,0,0,0.7585710529965581,0.039488826994784176,ECG5000,1922
0,0,0.1,shapley_sampling,tshap_train,0.0,0.0,0.8571428571428571,0.2449384635811116,0.28953102182229806,0,0,0.7585710529965581,0.039488826994784176,ECG5000,1922
0,0,0.2,shapley_sampling,tshap_train,0.0,0.0,0.8,0.43864605355414577,0.02342206307761019,0,0,0.7585710529965581,0.039488826994784176,ECG5000,1922
0,0,0.05,shapley_sampling,mrsqm,1.0,1.0,0.0,0.2570515208865193,0.25705153650632384,0,0,0.7585710529965581,2.1439998818095773e-05,ECG5000,1922
0,0,0.1,shapley_sampling,mrsqm,1.0,1.0,0.0,0.2449384635811116,0.24493846888553372,0,0,0.7585710529965581,2.1439998818095773e-05,ECG5000,1922
0,0,0.2,shapley_sampling,mrsqm,1.0,1.0,0.0,0.43864605355414577,0.4386460461413578,0,0,0.7585710529965581,2.1439998818095773e-05,ECG5000,1922
0,0,0.05,feature_ablation,tshap_centroid,0.0,0.0,0.8857142857142857,0.2570515262298164,0.02700492429319845,0,0,0.03257235999626573,0.0057961359998444095,ECG5000,1922
0,0,0.1,feature_ablation,tshap_centroid,0.8666666666666667,0.9285714285714286,0.007142857142857143,0.20632863797521417,0.28953101320544383,0,0,0.03257235999626573,0.0057961359998444095,ECG5000,1922
0,0,0.2,feature_ablation,tshap_centroid,0.6470588235294118,0.7857142857142857,0.04285714285714286,0.27293405712076757,0.00700450769242178,0,0,0.03257235999626573,0.0057961359998444095,ECG5000,1922
0,0,0.05,feature_ablation,tshap_zero,0.0,0.0,0.22142857142857142,0.2570515262298164,-0.005906109494996814,0,0,0.03257235999626573,0.005643296994094271,ECG5000,1922
0,0,0.1,feature_ablation,tshap_zero,0.0,0.0,0.65,0.20632863797521417,-0.01522831745069142,0,0,0.03257235999626573,0.005643296994094271,ECG5000,1922
0,0,0.2,feature_ablation,tshap_zero,0.0,0.0,0.6142857142857143,0.27293405712076757,0.016418136133859784,0,0,0.03257235999626573,0.005643296994094271,ECG5000,1922
0,0,0.05,feature_ablation,tshap_train,0.0,0.0,0.8928571428571429,0.2570515262298164,0.11677354126657136,0,0,0.03257235999626573,0.039488826994784176,ECG5000,1922
0,0,0.1,feature_ablation,tshap_train,0.8666666666666667,0.9285714285714286,0.007142857142857143,0.20632863797521417,0.28953102182229806,0,0,0.03257235999626573,0.039488826994784176,ECG5000,1922
0,0,0.2,feature_ablation,tshap_train,0.6,0.75,0.05,0.27293405712076757,0.02342206307761019,0,0,0.03257235999626573,0.039488826994784176,ECG5000,1922
0,0,0.05,feature_ablation,mrsqm,1.0,1.0,0.0,0.2570515262298164,0.25705153650632384,0,0,0.03257235999626573,2.1439998818095773e-05,ECG5000,1922
0,0,0.1,feature_ablation,mrsqm,0.0,0.0,0.85,0.20632863797521417,0.24493846888553372,0,0,0.03257235999626573,2.1439998818095773e-05,ECG5000,1922
0,0,0.2,feature_ablation,mrsqm,0.0,0.0,0.75,0.27293405712076757,0.4386460461413578,0,0,0.03257235999626573,2.1439998818095773e-05,ECG5000,1922
0,0,0.05,tshap_centroid,tshap_zero,0.0,0.0,0.6642857142857143,0.02700492429319845,-0.005906109494996814,0,0,0.0057961359998444095,0.005643296994094271,ECG5000,1922
0,0,0.1,tshap_centroid,tshap_zero,0.0,0.0,0.6571428571428571,0.28953101320544383,-0.01522831745069142,0,0,0.0057961359998444095,0.005643296994094271,ECG5000,1922
0,0,0.2,tshap_centroid,tshap_zero,0.0,0.0,0.6571428571428571,0.00700450769242178,0.016418136133859784,0,0,0.0057961359998444095,0.005643296994094271,ECG5000,1922
0,0,0.05,tshap_centroid,tshap_train,0.75,0.8571428571428571,0.007142857142857143,0.02700492429319845,0.11677354126657136,0,0,0.0057961359998444095,0.039488826994784176,ECG5000,1922
0,0,0.1,tshap_centroid,tshap_train,1.0,1.0,0.0,0.28953101320544383,0.28953102182229806,0,0,0.0057961359998444095,0.039488826994784176,ECG5000,1922
0,0,0.2,tshap_centroid,tshap_train,0.9310344827586207,0.9642857142857143,0.007142857142857143,0.00700450769242178,0.02342206307761019,0,0,0.0057961359998444095,0.039488826994784176,ECG5000,1922
0,0,0.05,tshap_centroid,mrsqm,0.0,0.0,0.8857142857142857,0.02700492429319845,0.25705153650632384,0,0,0.0057961359998444095,2.1439998818095773e-05,ECG5000,1922
0,0,0.1,tshap_centroid,mrsqm,0.0,0.0,0.8571428571428571,0.28953101320544383,0.24493846888553372,0,0,0.0057961359998444095,2.1439998818095773e-05,ECG5000,1922
0,0,0.2,tshap_centroid,mrsqm,0.0,0.0,0.7928571428571428,0.00700450769242178,0.4386460461413578,0,0,0.0057961359998444095,2.1439998818095773e-05,ECG5000,1922
0,0,0.05,tshap_zero,tshap_train,0.0,0.0,0.6714285714285714,-0.005906109494996814,0.11677354126657136,0,0,0.005643296994094271,0.039488826994784176,ECG5000,1922
0,0,0.1,tshap_zero,tshap_train,0.0,0.0,0.6571428571428571,-0.01522831745069142,0.28953102182229806,0,0,0.005643296994094271,0.039488826994784176,ECG5000,1922
0,0,0.2,tshap_zero,tshap_train,0.0,0.0,0.6642857142857143,0.016418136133859784,0.02342206307761019,0,0,0.005643296994094271,0.039488826994784176,ECG5000,1922
0,0,0.05,tshap_zero,mrsqm,0.0,0.0,0.22142857142857142,-0.005906109494996814,0.25705153650632384,0,0,0.005643296994094271,2.1439998818095773e-05,ECG5000,1922
0,0,0.1,tshap_zero,mrsqm,0.0,0.0,0.2,-0.01522831745069142,0.24493846888553372,0,0,0.005643296994094271,2.1439998818095773e-05,ECG5000,1922
0,0,0.2,tshap_zero,mrsqm,0.19148936170212766,0.32142857142857145,0.1357142857142857,0.016418136133859784,0.4386460461413578,0,0,0.005643296994094271,2.1439998818095773e-05,ECG5000,1922
0,0,0.05,tshap_train,mrsqm,0.0,0.0,0.8928571428571429,0.11677354126657136,0.25705153650632384,0,0,0.039488826994784176,2.1439998818095773e-05,ECG5000,1922
0,0,0.1,tshap_train,mrsqm,0.0,0.0,0.8571428571428571,0.28953102182229806,0.24493846888553372,0,0,0.039488826994784176,2.1439998818095773e-05,ECG5000,1922
0,0,0.2,tshap_train,mrsqm,0.0,0.0,0.8,0.02342206307761019,0.4386460461413578,0,0,0.039488826994784176,2.1439998818095773e-05,ECG5000,1922
1,1,0.05,hydra,shapley_sampling,1.0,1.0,0.0,0.623742775844867,0.6237427745395214,0,0,0.06426453900348861,0.7608771090017399,ECG5000,3836
1,1,0.1,hydra,shapley_sampling,1.0,1.0,0.0,0.6113057529950556,0.6113057516631815,0,0,0.06426453900348861,0.7608771090017399,ECG5000,3836
1,1,0.2,hydra,shapley_sampling,0.0,0.0,0.3142857142857143,0.0597264727415745,0.7844316690742636,0,0,0.06426453900348861,0.7608771090017399,ECG5000,3836
1,1,0.05,hydra,feature_ablation,1.0,1.0,0.0,0.623742775844867,0.6237427642256292,0,0,0.06426453900348861,0.032712343003368005,ECG5000,3836
1,1,0.1,hydra,feature_ablation,1.0,1.0,0.0,0.6113057529950556,0.6113057608077392,0,0,0.06426453900348861,0.032712343003368005,ECG5000,3836
1,1,0.2,hydra,feature_ablation,0.0,0.0,0.3142857142857143,0.0597264727415745,0.7844316784183187,0,0,0.06426453900348861,0.032712343003368005,ECG5000,3836
1,1,0.05,hydra,tshap_centroid,0.0,0.0,0.8928571428571429,0.623742775844867,0.42463738221819985,0,0,0.06426453900348861,0.0053696920003858395,ECG5000,3836
1,1,0.1,hydra,tshap_centroid,0.8666666666666667,0.9285714285714286,0.007142857142857143,0.6113057529950556,0.6095618497337785,0,0,0.06426453900348861,0.0053696920003858395,ECG5000,3836
1,1,0.2,hydra,tshap_centroid,0.0,0.0,0.4714285714285714,0.0597264727415745,0.323356367564146,0,0,0.06426453900348861,0.0053696920003858395,ECG5000,3836
1,1,0.05,hydra,tshap_zero,0.2727272727272727,0.42857142857142855,0.02857142857142857,0.623742775844867,0.10037443935498502,0,0,0.06426453900348861,0.005326200000126846,ECG5000,3836
1,1,0.1,hydra,tshap_zero,0.0,0.0,0.21428571428571427,0.6113057529950556,0.6586961569560315,0,0,0.06426453900348861,0.005326200000126846,ECG5000,3836
1,1,0.2,hydra,tshap_zero,0.14285714285714285,0.25,0.15,0.0597264727415745,0.5597727326331645,0,0,0.06426453900348861,0.005326200000126846,ECG5000,3836
1,1,0.05,hydra,tshap_train,0.2727272727272727,0.42857142857142855,0.02857142857142857,0.623742775844867,0.10037444371969628,0,0,0.06426453900348861,0.039504606000264175,ECG5000,3836
1,1,0.1,hydra,tshap_train,1.0,1.0,0.0,0.6113057529950556,0.6113057592056437,0,0,0.06426453900348861,0.039504606000264175,ECG5000,3836
1,1,0.2,hydra,tshap_train,0.0,0.0,0.3142857142857143,0.0597264727415745,0.784431675353734,0,0,0.06426453900348861,0.039504606000264175,ECG5000,3836
1,1,0.05,hydra,mrsqm,0.0,0.0,0.95,0.623742775844867,0.16525852683409425,0,0,0.06426453900348861,2.3052998585626483e-05,ECG5000,3836
1,1,0.1,hydra,mrsqm,0.0,0.0,0.9,0.6113057529950556,0.05975867209970853,0,0,0.06426453900348861,2.3052998585626483e-05,ECG5000,3836
1,1,0.2,hydra,mrsqm,0.0,0.0,0.4857142857142857,0.0597264727415745,0.21063701598835682,0,0,0.06426453900348861,2.3052998585626483e-05,ECG5000,3836
1,1,0.05,shapley_sampling,feature_ablation,1.0,1.0,0.0,0.6237427745395214,0.6237427642256292,0,0,0.7608771090017399,0.032712343003368005,ECG5000,3836
1,1,0.1,shapley_sampling,feature_ablation,1.0,1.0,0.0,0.6113057516631815,0.6113057608077392,0,0,0.7608771090017399,0.032712343003368005,ECG5000,3836
1,1,0.2,shapley_sampling,feature_ablation,1.0,1.0,0.0,0.7844316690742636,0.7844316784183187,0,0,0.7608771090017399,0.032712343003368005,ECG5000,3836
1,1,0.05,shapley_sampling,tshap_centroid,0.0,0.0,0.8928571428571429,0.6237427745395214,0.42463738221819985,0,0,0.7608771090017399,0.0053696920003858395,ECG5000,3836
1,1,0.1,shapley_sampling,tshap_centroid,0.8666666666666667,0.9285714285714286,0.007142857142857143,0.6113057516631815,0.6095618497337785,0,0,0.7608771090017399,0.0053696920003858395,ECG5000,3836
1,1,0.2,shapley_sampling,tshap_centroid,0.0,0.0,0.7857142857142857,0.7844316690742636,0.323356367564146,0,0,0.7608771090017399,0.0053696920003858395,ECG5000,3836
1,1,0.05,shapley_sampling,tshap_zero,0.2727272727272727,0.42857142857142855,0.02857142857142857,0.6237427745395214,0.10037443935498502,0,0,0.7608771090017399,0.005326200000126846,ECG5000,3836
1,1,0.1,shapley_sampling,tshap_zero,0.0,0.0,0.21428571428571427,0.6113057516631815,0.6586961569560315,0,0,0.7608771090017399,0.005326200000126846,ECG5000,3836
1,1,0.2,shapley_sampling,tshap_zero,0.09803921568627451,0.17857142857142858,0.16428571428571428,0.7844316690742636,0.5597727326331645,0,0,0.7608771090017399,0.005326200000126846,ECG5000,3836
1,1,0.05,shapley_sampling,tshap_train,0.2727272727272727,0.42857142857142855,0.02857142857142857,0.6237427745395214,0.10037444371969628,0,0,0.7608771090017399,0.039504606000264175,ECG5000,3836
1,1,0.1,shapley_sampling,tshap_train,1.0,1.0,0.0,0.6113057516631815,0.6113057592056437,0,0,0.7608771090017399,0.039504606000264175,ECG5000,3836
1,1,0.2,shapley_sampling,tshap_train,1.0,1.0,0.0,0.7844316690742636,0.784431675353734,0,0,0.7608771090017399,0.039504606000264175,ECG5000,3836
1,1,0.05,shapley_sampling,mrsqm,0.0,0.0,0.95,0.6237427745395214,0.16525852683409425,0,0,0.7608771090017399,2.3052998585626483e-05,ECG5000,3836
1,1,0.1,shapley_sampling,mrsqm,0.0,0.0,0.9,0.6113057516631815,0.05975867209970853,0,0,0.7608771090017399,2.3052998585626483e-05,ECG5000,3836
1,1,0.2,shapley_sampling,mrsqm,0.0,0.0,0.8,0.7844316690742636,0.21063701598835682,0,0,0.7608771090017399,2.3052998585626483e-05,ECG5000,3836
1,1,0.05,feature_ablation,tshap_centroid,0.0,0.0,0.8928571428571429,0.6237427642256292,0.42463738221819985,0,0,0.032712343003368005,0.0053696920003858395,ECG5000,3836
1,1,0.1,feature_ablation,tshap_centroid,0.8666666666666667,0.9285714285714286,0.007142857142857143,0.6113057608077392,0.6095618497337785,0,0,0.032712343003368005,0.0053696920003858395,ECG5000,3836
1,1,0.2,feature_ablation,tshap_centroid,0.0,0.0,0.7857142857142857,0.7844316784183187,0.323356367564146,0,0,0.032712343003368005,0.0053696920003858395,ECG5000,3836
1,1,0.05,feature_ablation,tshap_zero,0.2727272727272727,0.42857142857142855,0.02857142857142857,0.6237427642256292,0.10037443935498502,0,0,0.032712343003368005,0.005326200000126846,ECG5000,3836
1,1,0.1,feature_ablation,tshap_zero,0.0,0.0,0.21428571428571427,0.6113057608077392,0.6586961569560315,0,0,0.032712343003368005,0.005326200000126846,ECG5000,3836
1,1,0.2,feature_ablation,tshap_zero,0.09803921568627451,0.17857142857142858,0.16428571428571428,0.7844316784183187,0.5597727326331645,0,0,0.032712343003368005,0.005326200000126846,ECG5000,3836
1,1,0.05,feature_ablation,tshap_train,0.2727272727272727,0.42857142857142855,0.02857142857142857,0.6237427642256292,0.10037444371969628,0,0,0.032712343003368005,0.039504606000264175,ECG5000,3836
1,1,0.1,feature_ablation,tshap_train,1.0,1.0,0.0,0.6113057608077392,0.6113057592056437,0,0,0.032712343003368005,0.039504606000264175,ECG5000,3836
1,1,0.2,feature_ablation,tshap_train,1.0,1.0,0.0,0.7844316784183187,0.784431675353734,0,0,0.032712343003368005,0.039504606000264175,ECG5000,3836
1,1,0.05,feature_ablation,mrsqm,0.0,0.0,0.95,0.6237427642256292,0.16525852683409425,0,0,0.032712343003368005,2.3052998585626483e-05,ECG5000,3836
1,1,0.1,feature_ablation,mrsqm,0.0,0.0,0.9,0.6113057608077392,0.05975867209970853,0,0,0.032712343003368005,2.3052998585626483e-05,ECG5000,3836
1,1,0.2,feature_ablation,mrsqm,0.0,0.0,0.8,0.7844316784183187,0.21063701598835682,0,0,0.032712343003368005,2.3052998585626483e-05,ECG5000,3836
1,1,0.05,tshap_centroid,tshap_zero,0.0,0.0,0.8642857142857143,0.42463738221819985,0.10037443935498502,0,0,0.0053696920003858395,0.005326200000126846,ECG5000,3836
1,1,0.1,tshap_centroid,tshap_zero,0.0,0.0,0.20714285714285716,0.6095618497337785,0.6586961569560315,0,0,0.0053696920003858395,0.005326200000126846,ECG5000,3836
1,1,0.2,tshap_centroid,tshap_zero,0.0,0.0,0.6214285714285714,0.323356367564146,0.5597727326331645,0,0,0.0053696920003858395,0.005326200000126846,ECG5000,3836
1,1,0.05,tshap_centroid,tshap_train,0.0,0.0,0.8642857142857143,0.42463738221819985,0.10037444371969628,0,0,0.0053696920003858395,0.039504606000264175,ECG5000,3836
1,1,0.1,tshap_centroid,tshap_train,0.8666666666666667,0.9285714285714286,0.007142857142857143,0.6095618497337785,0.6113057592056437,0,0,0.0053696920003858395,0.039504606000264175,ECG5000,3836
1,1,0.2,tshap_centroid,tshap_train,0.0,0.0,0.7857142857142857,0.323356367564146,0.784431675353734,0,0,0.0053696920003858395,0.039504606000264175,ECG5000,3836
1,1,0.05,tshap_centroid,mrsqm,0.0,0.0,0.05714285714285714,0.42463738221819985,0.16525852683409425,0,0,0.0053696920003858395,2.3052998585626483e-05,ECG5000,3836
1,1,0.1,tshap_centroid,mrsqm,0.0,0.0,0.8928571428571429,0.6095618497337785,0.05975867209970853,0,0,0.0053696920003858395,2.3052998585626483e-05,ECG5000,3836
1,1,0.2,tshap_centroid,mrsqm,0.8666666666666667,0.9285714285714286,0.014285714285714285,0.323356367564146,0.21063701598835682,0,0,0.0053696920003858395,2.3052998585626483e-05,ECG5000,3836
1,1,0.05,tshap_zero,tshap_train,1.0,1.0,0.0,0.10037443935498502,0.10037444371969628,0,0,0.005326200000126846,0.039504606000264175,ECG5000,3836
1,1,0.1,tshap_zero,tshap_train,0.0,0.0,0.21428571428571427,0.6586961569560315,0.6113057592056437,0,0,0.005326200000126846,0.039504606000264175,ECG5000,3836
1,1,0.2,tshap_zero,tshap_train,0.09803921568627451,0.17857142857142858,0.16428571428571428,0.5597727326331645,0.784431675353734,0,0,0.005326200000126846,0.039504606000264175,ECG5000,3836
1,1,0.05,tshap_zero,mrsqm,0.0,0.0,0.9214285714285714,0.10037443935498502,0.16525852683409425,0,0,0.005326200000126846,2.3052998585626483e-05,ECG5000,3836
1,1,0.1,tshap_zero,mrsqm,0.0,0.0,0.6857142857142857,0.6586961569560315,0.05975867209970853,0,0,0.005326200000126846,2.3052998585626483e-05,ECG5000,3836
1,1,0.2,tshap_zero,mrsqm,0.0,0.0,0.6357142857142857,0.5597727326331645,0.21063701598835682,0,0,0.005326200000126846,2.3052998585626483e-05,ECG5000,3836
1,1,0.05,tshap_train,mrsqm,0.0,0.0,0.9214285714285714,0.10037444371969628,0.16525852683409425,0,0,0.039504606000264175,2.3052998585626483e-05,ECG5000,3836
1,1,0.1,tshap_train,mrsqm,0.0,0.0,0.9,0.6113057592056437,0.05975867209970853,0,0,0.039504606000264175,2.3052998585626483e-05,ECG5000,3836
1,1,0.2,tshap_train,mrsqm,0.0,0.0,0.8,0.784431675353734,0.21063701598835682,0,0,0.039504606000264175,2.3052998585626483e-05,ECG5000,3836
0,0,0.05,hydra,shapley_sampling,0.0,0.0,0.8928571428571429,0.29234513173126264,0.08600707634074678,0,0,0.06401441799971508,0.7631077040059608,ECG5000,400
0,0,0.1,hydra,shapley_sampling,0.0,0.0,0.16428571428571428,0.4316203515138557,0.5641271421779547,0,0,0.06401441799971508,0.7631077040059608,ECG5000,400
0,0,0.2,hydra,shapley_sampling,0.3333333333333333,0.5,0.1,0.2758076416481835,0.6787680598074568,0,0,0.06401441799971508,0.7631077040059608,ECG5000,400
0,0,0.05,hydra,feature_ablation,0.75,0.8571428571428571,0.007142857142857143,0.29234513173126264,0.31415940796170916,0,0,0.06401441799971508,0.03313488999992842,ECG5000,400
0,0,0.1,hydra,feature_ablation,0.75,0.8571428571428571,0.014285714285714285,0.4316203515138557,0.45289161498201147,0,0,0.06401441799971508,0.03313488999992842,ECG5000,400
0,0,0.2,hydra,feature_ablation,0.6,0.75,0.05,0.2758076416481835,0.482950218019471,0,0,0.06401441799971508,0.03313488999992842,ECG5000,400
0,0,0.05,hydra,tshap_centroid,1.0,1.0,0.0,0.29234513173126264,0.2923451398094511,0,0,0.06401441799971508,0.005291845001920592,ECG5000,400
0,0,0.1,hydra,tshap_centroid,0.8666666666666667,0.9285714285714286,0.007142857142857143,0.4316203515138557,0.46856081262853044,0,0,0.06401441799971508,0.005291845001920592,ECG5000,400
0,0,0.2,hydra,tshap_centroid,0.6470588235294118,0.7857142857142857,0.04285714285714286,0.2758076416481835,0.5450319316717827,0,0,0.06401441799971508,0.005291845001920592,ECG5000,400
0,0,0.05,hydra,tshap_zero,0.0,0.0,0.8285714285714286,0.29234513173126264,-0.1323909829365535,0,0,0.06401441799971508,0.0052299489980214275,ECG5000,400
0,0,0.1,hydra,tshap_zero,0.0,0.0,0.8071428571428572,0.4316203515138557,-0.09413756962946374,0,0,0.06401441799971508,0.0052299489980214275,ECG5000,400
0,0,0.2,hydra,tshap_zero,0.0,0.0,0.7428571428571429,0.2758076416481835,-0.08770603096341034,0,0,0.06401441799971508,0.0052299489980214275,ECG5000,400
0,0,0.05,hydra,tshap_train,1.0,1.0,0.0,0.29234513173126264,0.29234513186801403,0,0,0.06401441799971508,0.03928411100059748,ECG5000,400
0,0,0.1,hydra,tshap_train,0.8666666666666667,0.9285714285714286,0.007142857142857143,0.4316203515138557,0.4685608149193432,0,0,0.06401441799971508,0.03928411100059748,ECG5000,400
0,0,0.2,hydra,tshap_train,0.696969696969697,0.8214285714285714,0.03571428571428571,0.2758076416481835,0.4630502228262787,0,0,0.06401441799971508,0.03928411100059748,ECG5000,400
0,0,0.05,hydra,mrsqm,0.0,0.0,0.8928571428571429,0.29234513173126264,0.08600707117061956,0,0,0.06401441799971508,2.4124994524754584e-05,ECG5000,400
0,0,0.1,hydra,mrsqm,0.0,0.0,0.8642857142857143,0.4316203515138557,0.18959555220335111,0,0,0.06401441799971508,2.4124994524754584e-05,ECG5000,400
0,0,0.2,hydra,mrsqm,0.0,0.0,0.8,0.2758076416481835,0.20117480712944003,0,0,0.06401441799971508,2.4124994524754584e-05,ECG5000,400
0,0,0.05,shapley_sampling,feature_ablation,0.0,0.0,0.9,0.08600707634074678,0.31415940796170916,0,0,0.7631077040059608,0.03313488999992842,ECG5000,400
0,0,0.1,shapley_sampling,feature_ablation,0.0,0.0,0.15,0.5641271421779547,0.45289161498201147,0,0,0.7631077040059608,0.03313488999992842,ECG5000,400
0,0,0.2,shapley_sampling,feature_ablation,0.6,0.75,0.05,0.6787680598074568,0.482950218019471,0,0,0.7631077040059608,0.03313488999992842,ECG5000,400
0,0,0.05,shapley_sampling,tshap_centroid,0.0,0.0,0.8928571428571429,0.08600707634074678,0.2923451398094511,0,0,0.7631077040059608,0.005291845001920592,ECG5000,400
0,0,0.1,shapley_sampling,tshap_centroid,0.0,0.0,0.15714285714285714,0.5641271421779547,0.46856081262853044,0,0,0.7631077040059608,0.005291845001920592,ECG5000,400
0,0,0.2,shapley_sampling,tshap_centroid,0.5555555555555556,0.7142857142857143,0.05714285714285714,0.6787680598074568,0.5450319316717827,0,0,0.7631077040059608,0.005291845001920592,ECG5000,400
0,0,0.05,shapley_sampling,tshap_zero,0.0,0.0,0.06428571428571428,0.08600707634074678,-0.1323909829365535,0,0,0.7631077040059608,0.0052299489980214275,ECG5000,400
0,0,0.1,shapley_sampling,tshap_zero,0.0,0.0,0.6428571428571429,0.5641271421779547,-0.09413756962946374,0,0,0.7631077040059608,0.0052299489980214275,ECG5000,400
0,0,0.2,shapley_sampling,tshap_zero,0.0,0.0,0.6428571428571429,0.6787680598074568,-0.08770603096341034,0,0,0.7631077040059608,0.0052299489980214275,ECG5000,400
0,0,0.05,shapley_sampling,tshap_train,0.0,0.0,0.8928571428571429,0.08600707634074678,0.29234513186801403,0,0,0.7631077040059608,0.03928411100059748,ECG5000,400
0,0,0.1,shapley_sampling,tshap_train,0.0,0.0,0.15714285714285714,0.5641271421779547,0.4685608149193432,0,0,0.7631077040059608,0.03928411100059748,ECG5000,400
0,0,0.2,shapley_sampling,tshap_train,0.5135135135135135,0.6785714285714286,0.06428571428571428,0.6787680598074568,0.4630502228262787,0,0,0.7631077040059608,0.03928411100059748,ECG5000,400
0,0,0.05,shapley_sampling,mrsqm,1.0,1.0,0.0,0.08600707634074678,0.08600707117061956,0,0,0.7631077040059608,2.4124994524754584e-05,ECG5000,400
0,0,0.1,shapley_sampling,mrsqm,0.0,0.0,0.7,0.5641271421779547,0.18959555220335111,0,0,0.7631077040059608,2.4124994524754584e-05,ECG5000,400
0,0,0.2,shapley_sampling,mrsqm,0.0,0.0,0.7,0.6787680598074568,0.20117480712944003,0,0,0.7631077040059608,2.4124994524754584e-05,ECG5000,400
0,0,0.05,feature_ablation,tshap_centroid,0.75,0.8571428571428571,0.007142857142857143,0.31415940796170916,0.2923451398094511,0,0,0.03313488999992842,0.005291845001920592,ECG5000,400
0,0,0.1,feature_ablation,tshap_centroid,0.8666666666666667,0.9285714285714286,0.007142857142857143,0.45289161498201147,0.46856081262853044,0,0,0.03313488999992842,0.005291845001920592,ECG5000,400
0,0,0.2,feature_ablation,tshap_centroid,0.9310344827586207,0.9642857142857143,0.007142857142857143,0.482950218019471,0.5450319316717827,0,0,0.03313488999992842,0.005291845001920592,ECG5000,400
0,0,0.05,feature_ablation,tshap_zero,0.0,0.0,0.8357142857142857,0.31415940796170916,-0.1323909829365535,0,0,0.03313488999992842,0.0052299489980214275,ECG5000,400
0,0,0.1,feature_ablation,tshap_zero,0.0,0.0,0.7928571428571428,0.45289161498201147,-0.09413756962946374,0,0,0.03313488999992842,0.0052299489980214275,ECG5000,400
0,0,0.2,feature_ablation,tshap_zero,0.0,0.0,0.6928571428571428,0.482950218019471,-0.08770603096341034,0,0,0.03313488999992842,0.0052299489980214275,ECG5000,400
0,0,0.05,feature_ablation,tshap_train,0.75,0.8571428571428571,0.007142857142857143,0.31415940796170916,0.29234513186801403,0,0,0.03313488999992842,0.03928411100059748,ECG5000,400
0,0,0.1,feature_ablation,tshap_train,0.8666666666666667,0.9285714285714286,0.007142857142857143,0.45289161498201147,0.4685608149193432,0,0,0.03313488999992842,0.03928411100059748,ECG5000,400
0,0,0.2,feature_ablation,tshap_train,0.8666666666666667,0.9285714285714286,0.014285714285714285,0.482950218019471,0.4630502228262787,0,0,0.03313488999992842,0.03928411100059748,ECG5000,400
0,0,0.05,feature_ablation,mrsqm,0.0,0.0,0.9,0.31415940796170916,0.08600707117061956,0,0,0.03313488999992842,2.4124994524754584e-05,ECG5000,400
0,0,0.1,feature_ablation,mrsqm,0.0,0.0,0.85,0.45289161498201147,0.18959555220335111,0,0,0.03313488999992842,2.4124994524754584e-05,ECG5000,400
0,0,0.2,feature_ablation,mrsqm,0.0,0.0,0.75,0.482950218019471,0.20117480712944003,0,0,0.03313488999992842,2.4124994524754584e-05,ECG5000,400
0,0,0.05,tshap_centroid,tshap_zero,0.0,0.0,0.8285714285714286,0.2923451398094511,-0.1323909829365535,0,0,0.005291845001920592,0.0052299489980214275,ECG5000,400
0,0,0.1,tshap_centroid,tshap_zero,0.0,0.0,0.8,0.46856081262853044,-0.09413756962946374,0,0,0.005291845001920592,0.0052299489980214275,ECG5000,400
0,0,0.2,tshap_centroid,tshap_zero,0.0,0.0,0.7,0.5450319316717827,-0.08770603096341034,0,0,0.005291845001920592,0.0052299489980214275,ECG5000,400
0,0,0.05,tshap_centroid,tshap_train,1.0,1.0,0.0,0.2923451398094511,0.29234513186801403,0,0,0.005291845001920592,0.03928411100059748,ECG5000,400
0,0,0.1,tshap_centroid,tshap_train,1.0,1.0,0.0,0.46856081262853044,0.4685608149193432,0,0,0.005291845001920592,0.03928411100059748,ECG5000,400
0,0,0.2,tshap_centroid,tshap_train,0.9310344827586207,0.9642857142857143,0.007142857142857143,0.5450319316717827,0.4630502228262787,0,0,0.005291845001920592,0.03928411100059748,ECG5000,400
0,0,0.05,tshap_centroid,mrsqm,0.0,0.0,0.8928571428571429,0.2923451398094511,0.08600707117061956,0,0,0.005291845001920592,2.4124994524754584e-05,ECG5000,400
0,0,0.1,tshap_centroid,mrsqm,0.0,0.0,0.8571428571428571,0.46856081262853044,0.18959555220335111,0,0,0.005291845001920592,2.4124994524754584e-05,ECG5000,400
0,0,0.2,tshap_centroid,mrsqm,0.0,0.0,0.7571428571428571,0.5450319316717827,0.20117480712944003,0,0,0.005291845001920592,2.4124994524754584e-05,ECG5000,400
0,0,0.05,tshap_zero,tshap_train,0.0,0.0,0.8285714285714286,-0.1323909829365535,0.29234513186801403,0,0,0.0052299489980214275,0.03928411100059748,ECG5000,400
0,0,0.1,tshap_zero,tshap_train,0.0,0.0,0.8,-0.09413756962946374,0.4685608149193432,0,0,0.0052299489980214275,0.03928411100059748,ECG5000,400
0,0,0.2,tshap_zero,tshap_train,0.0,0.0,0.7071428571428572,-0.08770603096341034,0.4630502228262787,0,0,0.0052299489980214275,0.03928411100059748,ECG5000,400
0,0,0.05,tshap_zero,mrsqm,0.0,0.0,0.06428571428571428,-0.1323909829365535,0.08600707117061956,0,0,0.0052299489980214275,2.4124994524754584e-05,ECG5000,400
0,0,0.1,tshap_zero,mrsqm,0.2727272727272727,0.42857142857142855,0.05714285714285714,-0.09413756962946374,0.18959555220335111,0,0,0.0052299489980214275,2.4124994524754584e-05,ECG5000,400
0,0,0.2,tshap_zero,mrsqm,0.5555555555555556,0.7142857142857143,0.05714285714285714,-0.08770603096341034,0.20117480712944003,0,0,0.0052299489980214275,2.4124994524754584e-05,ECG5000,400
0,0,0.05,tshap_train,mrsqm,0.0,0.0,0.8928571428571429,0.29234513186801403,0.08600707117061956,0,0,0.03928411100059748,2.4124994524754584e-05,ECG5000,400
0,0,0.1,tshap_train,mrsqm,0.0,0.0,0.8571428571428571,0.4685608149193432,0.18959555220335111,0,0,0.03928411100059748,2.4124994524754584e-05,ECG5000,400
0,0,0.2,tshap_train,mrsqm,0.0,0.0,0.7642857142857142,0.4630502228262787,0.20117480712944003,0,0,0.03928411100059748,2.4124994524754584e-05,ECG5000,400
1,1,0.05,hydra,shapley_sampling,0.0,0.0,0.2571428571428571,0.701732809155494,0.5689011783690865,0,0,0.06417701399914222,0.7613641269999789,ECG5000,3206
1,1,0.1,hydra,shapley_sampling,0.0,0.0,0.2571428571428571,0.7398247735533017,0.8007566958066503,0,0,0.06417701399914222,0.7613641269999789,ECG5000,3206
1,1,0.2,hydra,shapley_sampling,0.0,0.0,0.25,0.543272725753623,0.7875678854721881,0,0,0.06417701399914222,0.7613641269999789,ECG5000,3206
1,1,0.05,hydra,feature_ablation,0.0,0.0,0.2571428571428571,0.701732809155494,0.5689011721905699,0,0,0.06417701399914222,0.032788085998618044,ECG5000,3206
1,1,0.1,hydra,feature_ablation,0.0,0.0,0.2571428571428571,0.7398247735533017,0.800756693674356,0,0,0.06417701399914222,0.032788085998618044,ECG5000,3206
1,1,0.2,hydra,feature_ablation,0.0,0.0,0.25,0.543272725753623,0.7875678785414875,0,0,0.06417701399914222,0.032788085998618044,ECG5000,3206
1,1,0.05,hydra,tshap_centroid,0.0,0.0,0.21428571428571427,0.701732809155494,0.41720040309077966,0,0,0.06417701399914222,0.005370183003833517,ECG5000,3206
1,1,0.1,hydra,tshap_centroid,0.0,0.0,0.24285714285714285,0.7398247735533017,0.858821108419558,0,0,0.06417701399914222,0.005370183003833517,ECG5000,3206
1,1,0.2,hydra,tshap_centroid,0.0,0.0,0.25,0.543272725753623,0.787567884692707,0,0,0.06417701399914222,0.005370183003833517,ECG5000,3206
1,1,0.05,hydra,tshap_zero,0.0,0.0,0.22142857142857142,0.701732809155494,0.5986515394436718,0,0,0.06417701399914222,0.00540352600364713,ECG5000,3206
1,1,0.1,hydra,tshap_zero,0.0,0.0,0.25,0.7398247735533017,0.8351209711679142,0,0,0.06417701399914222,0.00540352600364713,ECG5000,3206
1,1,0.2,hydra,tshap_zero,0.6,0.75,0.05,0.543272725753623,0.6615365840378242,0,0,0.06417701399914222,0.00540352600364713,ECG5000,3206
1,1,0.05,hydra,tshap_train,0.0,0.0,0.21428571428571427,0.701732809155494,0.4172004127849773,0,0,0.06417701399914222,0.04140175200154772,ECG5000,3206
1,1,0.1,hydra,tshap_train,0.0,0.0,0.24285714285714285,0.7398247735533017,0.8588211128573786,0,0,0.06417701399914222,0.04140175200154772,ECG5000,3206
1,1,0.2,hydra,tshap_train,0.0,0.0,0.25,0.543272725753623,0.7875678926264249,0,0,0.06417701399914222,0.04140175200154772,ECG5000,3206
1,1,0.05,hydra,mrsqm,0.0,0.0,0.6928571428571428,0.701732809155494,0.12876268437000427,0,0,0.06417701399914222,2.2050997358746827e-05,ECG5000,3206
1,1,0.1,hydra,mrsqm,0.0,0.0,0.6428571428571429,0.7398247735533017,-0.053092578575089755,0,0,0.06417701399914222,2.2050997358746827e-05,ECG5000,3206
1,1,0.2,hydra,mrsqm,0.0,0.0,0.55,0.543272725753623,-0.026940464390935226,0,0,0.06417701399914222,2.2050997358746827e-05,ECG5000,3206
1,1,0.05,shapley_sampling,feature_ablation,1.0,1.0,0.0,0.5689011783690865,0.5689011721905699,0,0,0.7613641269999789,0.032788085998618044,ECG5000,3206
1,1,0.1,shapley_sampling,feature_ablation,1.0,1.0,0.0,0.8007566958066503,0.800756693674356,0,0,0.7613641269999789,0.032788085998618044,ECG5000,3206
1,1,0.2,shapley_sampling,feature_ablation,1.0,1.0,0.0,0.7875678854721881,0.7875678785414875,0,0,0.7613641269999789,0.032788085998618044,ECG5000,3206
1,1,0.05,shapley_sampling,tshap_centroid,0.07692307692307693,0.14285714285714285,0.04285714285714286,0.5689011783690865,0.41720040309077966,0,0,0.7613641269999789,0.005370183003833517,ECG5000,3206
1,1,0.1,shapley_sampling,tshap_centroid,0.75,0.8571428571428571,0.014285714285714285,0.8007566958066503,0.858821108419558,0,0,0.7613641269999789,0.005370183003833517,ECG5000,3206
1,1,0.2,shapley_sampling,tshap_centroid,1.0,1.0,0.0,0.7875678854721881,0.787567884692707,0,0,0.7613641269999789,0.005370183003833517,ECG5000,3206
1,1,0.05,shapley_sampling,tshap_zero,0.16666666666666666,0.2857142857142857,0.03571428571428571,0.5689011783690865,0.5986515394436718,0,0,0.7613641269999789,0.00540352600364713,ECG5000,3206
1,1,0.1,shapley_sampling,tshap_zero,0.8666666666666667,0.9285714285714286,0.007142857142857143,0.8007566958066503,0.8351209711679142,0,0,0.7613641269999789,0.00540352600364713,ECG5000,3206
1,1,0.2,shapley_sampling,tshap_zero,0.0,0.0,0.2,0.7875678854721881,0.6615365840378242,0,0,0.7613641269999789,0.00540352600364713,ECG5000,3206
1,1,0.05,shapley_sampling,tshap_train,0.07692307692307693,0.14285714285714285,0.04285714285714286,0.5689011783690865,0.4172004127849773,0,0,0.7613641269999789,0.04140175200154772,ECG5000,3206
1,1,0.1,shapley_sampling,tshap_train,0.75,0.8571428571428571,0.014285714285714285,0.8007566958066503,0.8588211128573786,0,0,0.7613641269999789,0.04140175200154772,ECG5000,3206
1,1,0.2,shapley_sampling,tshap_train,1.0,1.0,0.0,0.7875678854721881,0.7875678926264249,0,0,0.7613641269999789,0.04140175200154772,ECG5000,3206
1,1,0.05,shapley_sampling,mrsqm,0.0,0.0,0.95,0.5689011783690865,0.12876268437000427,0,0,0.7613641269999789,2.2050997358746827e-05,ECG5000,3206
1,1,0.1,shapley_sampling,mrsqm,0.0,0.0,0.9,0.8007566958066503,-0.053092578575089755,0,0,0.7613641269999789,2.2050997358746827e-05,ECG5000,3206
1,1,0.2,shapley_sampling,mrsqm,0.0,0.0,0.8,0.7875678854721881,-0.026940464390935226,0,0,0.7613641269999789,2.2050997358746827e-05,ECG5000,3206
1,1,0.05,feature_ablation,tshap_centroid,0.07692307692307693,0.14285714285714285,0.04285714285714286,0.5689011721905699,0.41720040309077966,0,0,0.032788085998618044,0.005370183003833517,ECG5000,3206
1,1,0.1,feature_ablation,tshap_centroid,0.75,0.8571428571428571,0.014285714285714285,0.800756693674356,0.858821108419558,0,0,0.032788085998618044,0.005370183003833517,ECG5000,3206
1,1,0.2,feature_ablation,tshap_centroid,1.0,1.0,0.0,0.7875678785414875,0.787567884692707,0,0,0.032788085998618044,0.005370183003833517,ECG5000,3206
1,1,0.05,feature_ablation,tshap_zero,0.16666666666666666,0.2857142857142857,0.03571428571428571,0.5689011721905699,0.5986515394436718,0,0,0.032788085998618044,0.00540352600364713,ECG5000,3206
1,1,0.1,feature_ablation,tshap_zero,0.8666666666666667,0.9285714285714286,0.007142857142857143,0.800756693674356,0.8351209711679142,0,0,0.032788085998618044,0.00540352600364713,ECG5000,3206
1,1,0.2,feature_ablation,tshap_zero,0.0,0.0,0.2,0.7875678785414875,0.6615365840378242,0,0,0.032788085998618044,0.00540352600364713,ECG5000,3206
1,1,0.05,feature_ablation,tshap_train,0.07692307692307693,0.14285714285714285,0.04285714285714286,0.5689011721905699,0.4172004127849773,0,0,0.032788085998618044,0.04140175200154772,ECG5000,3206
1,1,0.1,feature_ablation,tshap_train,0.75,0.8571428571428571,0.014285714285714285,0.800756693674356,0.8588211128573786,0,0,0.032788085998618044,0.04140175200154772,ECG5000,3206
1,1,0.2,feature_ablation,tshap_train,1.0,1.0,0.0,0.7875678785414875,0.7875678926264249,0,0,0.032788085998618044,0.04140175200154772,ECG5000,3206
1,1,0.05,feature_ablation,mrsqm,0.0,0.0,0.95,0.5689011721905699,0.12876268437000427,0,0,0.032788085998618044,2.2050997358746827e-05,ECG5000,3206
1,1,0.1,feature_ablation,mrsqm,0.0,0.0,0.9,0.800756693674356,-0.053092578575089755,0,0,0.032788085998618044,2.2050997358746827e-05,ECG5000,3206
1,1,0.2,feature_ablation,mrsqm,0.0,0.0,0.8,0.7875678785414875,-0.026940464390935226,0,0,0.032788085998618044,2.2050997358746827e-05,ECG5000,3206
1,1,0.05,tshap_centroid,tshap_zero,0.75,0.8571428571428571,0.007142857142857143,0.41720040309077966,0.5986515394436718,0,0,0.005370183003833517,0.00540352600364713,ECG5000,3206
1,1,0.1,tshap_centroid,tshap_zero,0.8666666666666667,0.9285714285714286,0.007142857142857143,0.858821108419558,0.8351209711679142,0,0,0.005370183003833517,0.00540352600364713,ECG5000,3206
1,1,0.2,tshap_centroid,tshap_zero,0.0,0.0,0.2,0.787567884692707,0.6615365840378242,0,0,0.005370183003833517,0.00540352600364713,ECG5000,3206
1,1,0.05,tshap_centroid,tshap_train,1.0,1.0,0.0,0.41720040309077966,0.4172004127849773,0,0,0.005370183003833517,0.04140175200154772,ECG5000,3206
1,1,0.1,tshap_centroid,tshap_train,1.0,1.0,0.0,0.858821108419558,0.8588211128573786,0,0,0.005370183003833517,0.04140175200154772,ECG5000,3206
1,1,0.2,tshap_centroid,tshap_train,1.0,1.0,0.0,0.787567884692707,0.7875678926264249,0,0,0.005370183003833517,0.04140175200154772,ECG5000,3206
1,1,0.05,tshap_centroid,mrsqm,0.0,0.0,0.9071428571428571,0.41720040309077966,0.12876268437000427,0,0,0.005370183003833517,2.2050997358746827e-05,ECG5000,3206
1,1,0.1,tshap_centroid,mrsqm,0.0,0.0,0.8857142857142857,0.858821108419558,-0.053092578575089755,0,0,0.005370183003833517,2.2050997358746827e-05,ECG5000,3206
1,1,0.2,tshap_centroid,mrsqm,0.0,0.0,0.8,0.787567884692707,-0.026940464390935226,0,0,0.005370183003833517,2.2050997358746827e-05,ECG5000,3206
1,1,0.05,tshap_zero,tshap_train,0.75,0.8571428571428571,0.007142857142857143,0.5986515394436718,0.4172004127849773,0,0,0.00540352600364713,0.04140175200154772,ECG5000,3206
1,1,0.1,tshap_zero,tshap_train,0.8666666666666667,0.9285714285714286,0.007142857142857143,0.8351209711679142,0.8588211128573786,0,0,0.00540352600364713,0.04140175200154772,ECG5000,3206
1,1,0.2,tshap_zero,tshap_train,0.0,0.0,0.2,0.6615365840378242,0.7875678926264249,0,0,0.00540352600364713,0.04140175200154772,ECG5000,3206
1,1,0.05,tshap_zero,mrsqm,0.0,0.0,0.9142857142857143,0.5986515394436718,0.12876268437000427,0,0,0.00540352600364713,2.2050997358746827e-05,ECG5000,3206
1,1,0.1,tshap_zero,mrsqm,0.0,0.0,0.8928571428571429,0.8351209711679142,-0.053092578575089755,0,0,0.00540352600364713,2.2050997358746827e-05,ECG5000,3206
1,1,0.2,tshap_zero,mrsqm,0.0,0.0,0.6,0.6615365840378242,-0.026940464390935226,0,0,0.00540352600364713,2.2050997358746827e-05,ECG5000,3206
1,1,0.05,tshap_train,mrsqm,0.0,0.0,0.9071428571428571,0.4172004127849773,0.12876268437000427,0,0,0.04140175200154772,2.2050997358746827e-05,ECG5000,3206
1,1,0.1,tshap_train,mrsqm,0.0,0.0,0.8857142857142857,0.8588211128573786,-0.053092578575089755,0,0,0.04140175200154772,2.2050997358746827e-05,ECG5000,3206
1,1,0.2,tshap_train,mrsqm,0.0,0.0,0.8,0.7875678926264249,-0.026940464390935226,0,0,0.04140175200154772,2.2050997358746827e-05,ECG5000,3206
1,1,0.05,hydra,shapley_sampling,0.5555555555555556,0.7142857142857143,0.014285714285714285,0.8345639337569455,0.6142887648663407,0,0,0.06426641299913172,0.7606778740009759,ECG5000,3481
1,1,0.1,hydra,shapley_sampling,1.0,1.0,0.0,0.9990057197528348,0.9990057231129165,1,1,0.06426641299913172,0.7606778740009759,ECG5000,3481
1,1,0.2,hydra,shapley_sampling,0.8666666666666667,0.9285714285714286,0.014285714285714285,1.0312768901601672,1.0963882051603457,1,1,0.06426641299913172,0.7606778740009759,ECG5000,3481
1,1,0.05,hydra,feature_ablation,0.16666666666666666,0.2857142857142857,0.03571428571428571,0.8345639337569455,0.721514973633612,0,0,0.06426641299913172,0.032151496001461055,ECG5000,3481
1,1,0.1,hydra,feature_ablation,1.0,1.0,0.0,0.9990057197528348,0.9990057165730788,1,1,0.06426641299913172,0.032151496001461055,ECG5000,3481
1,1,0.2,hydra,feature_ablation,0.8666666666666667,0.9285714285714286,0.014285714285714285,1.0312768901601672,1.0963882068463442,1,1,0.06426641299913172,0.032151496001461055,ECG5000,3481
1,1,0.05,hydra,tshap_centroid,0.2727272727272727,0.42857142857142855,0.02857142857142857,0.8345639337569455,0.6630092562724905,0,0,0.06426641299913172,0.005276726995361969,ECG5000,3481
1,1,0.1,hydra,tshap_centroid,0.75,0.8571428571428571,0.014285714285714285,0.9990057197528348,1.058065257232005,1,1,0.06426641299913172,0.005276726995361969,ECG5000,3481
1,1,0.2,hydra,tshap_centroid,0.8666666666666667,0.9285714285714286,0.014285714285714285,1.0312768901601672,1.0963882076583829,1,1,0.06426641299913172,0.005276726995361969,ECG5000,3481
1,1,0.05,hydra,tshap_zero,0.4,0.5714285714285714,0.02142857142857143,0.8345639337569455,0.7415957568530172,0,0,0.06426641299913172,0.0051708469982258976,ECG5000,3481
1,1,0.1,hydra,tshap_zero,0.8666666666666667,0.9285714285714286,0.007142857142857143,0.9990057197528348,1.0358089993836046,1,1,0.06426641299913172,0.0051708469982258976,ECG5000,3481
1,1,0.2,hydra,tshap_zero,0.8666666666666667,0.9285714285714286,0.014285714285714285,1.0312768901601672,1.0963881987459754,1,1,0.06426641299913172,0.0051708469982258976,ECG5000,3481
1,1,0.05,hydra,tshap_train,0.2727272727272727,0.42857142857142855,0.02857142857142857,0.8345639337569455,0.6630092503403571,0,0,0.06426641299913172,0.039273550995858386,ECG5000,3481
1,1,0.1,hydra,tshap_train,0.6470588235294118,0.7857142857142857,0.02142857142857143,0.9990057197528348,0.9091992297796375,1,0,0.06426641299913172,0.039273550995858386,ECG5000,3481
1,1,0.2,hydra,tshap_train,0.8666666666666667,0.9285714285714286,0.014285714285714285,1.0312768901601672,1.0963882089502983,1,1,0.06426641299913172,0.039273550995858386,ECG5000,3481
1,1,0.05,hydra,mrsqm,0.0,0.0,0.9357142857142857,0.8345639337569455,0.28043462098483163,0,0,0.06426641299913172,2.1179999748710543e-05,ECG5000,3481
1,1,0.1,hydra,mrsqm,0.0,0.0,0.9,0.9990057197528348,0.11939328440116648,1,0,0.06426641299913172,2.1179999748710543e-05,ECG5000,3481
1,1,0.2,hydra,mrsqm,0.0,0.0,0.7857142857142857,1.0312768901601672,0.08333009267991143,1,0,0.06426641299913172,2.1179999748710543e-05,ECG5000,3481
1,1,0.05,shapley_sampling,feature_ablation,0.0,0.0,0.05,0.6142887648663407,0.721514973633612,0,0,0.7606778740009759,0.032151496001461055,ECG5000,3481
1,1,0.1,shapley_sampling,feature_ablation,1.0,1.0,0.0,0.9990057231129165,0.9990057165730788,1,1,0.7606778740009759,0.032151496001461055,ECG5000,3481
1,1,0.2,shapley_sampling,feature_ablation,1.0,1.0,0.0,1.0963882051603457,1.0963882068463442,1,1,0.7606778740009759,0.032151496001461055,ECG5000,3481
1,1,0.05,shapley_sampling,tshap_centroid,0.07692307692307693,0.14285714285714285,0.04285714285714286,0.6142887648663407,0.6630092562724905,0,0,0.7606778740009759,0.005276726995361969,ECG5000,3481
1,1,0.1,shapley_sampling,tshap_centroid,0.75,0.8571428571428571,0.014285714285714285,0.9990057231129165,1.058065257232005,1,1,0.7606778740009759,0.005276726995361969,ECG5000,3481
1,1,0.2,shapley_sampling,tshap_centroid,1.0,1.0,0.0,1.0963882051603457,1.0963882076583829,1,1,0.7606778740009759,0.005276726995361969,ECG5000,3481
1,1,0.05,shapley_sampling,tshap_zero,0.16666666666666666,0.2857142857142857,0.03571428571428571,0.6142887648663407,0.7415957568530172,0,0,0.7606778740009759,0.0051708469982258976,ECG5000,3481
1,1,0.1,shapley_sampling,tshap_zero,0.8666666666666667,0.9285714285714286,0.007142857142857143,0.9990057231129165,1.0358089993836046,1,1,0.7606778740009759,0.0051708469982258976,ECG5000,3481
1,1,0.2,shapley_sampling,tshap_zero,1.0,1.0,0.0,1.0963882051603457,1.0963881987459754,1,1,0.7606778740009759,0.0051708469982258976,ECG5000,3481
1,1,0.05,shapley_sampling,tshap_train,0.07692307692307693,0.14285714285714285,0.04285714285714286,0.6142887648663407,0.6630092503403571,0,0,0.7606778740009759,0.039273550995858386,ECG5000,3481
1,1,0.1,shapley_sampling,tshap_train,0.6470588235294118,0.7857142857142857,0.02142857142857143,0.9990057231129165,0.9091992297796375,1,0,0.7606778740009759,0.039273550995858386,ECG5000,3481
1,1,0.2,shapley_sampling,tshap_train,1.0,1.0,0.0,1.0963882051603457,1.0963882089502983,1,1,0.7606778740009759,0.039273550995858386,ECG5000,3481
1,1,0.05,shapley_sampling,mrsqm,0.0,0.0,0.95,0.6142887648663407,0.28043462098483163,0,0,0.7606778740009759,2.1179999748710543e-05,ECG5000,3481
1,1,0.1,shapley_sampling,mrsqm,0.0,0.0,0.9,0.9990057231129165,0.11939328440116648,1,0,0.7606778740009759,2.1179999748710543e-05,ECG5000,3481
1,1,0.2,shapley_sampling,mrsqm,0.0,0.0,0.8,1.0963882051603457,0.08333009267991143,1,0,0.7606778740009759,2.1179999748710543e-05,ECG5000,3481
1,1,0.05,feature_ablation,tshap_centroid,0.75,0.8571428571428571,0.007142857142857143,0.721514973633612,0.6630092562724905,0,0,0.032151496001461055,0.005276726995361969,ECG5000,3481
1,1,0.1,feature_ablation,tshap_centroid,0.75,0.8571428571428571,0.014285714285714285,0.9990057165730788,1.058065257232005,1,1,0.032151496001461055,0.005276726995361969,ECG5000,3481
1,1,0.2,feature_ablation,tshap_centroid,1.0,1.0,0.0,1.0963882068463442,1.0963882076583829,1,1,0.032151496001461055,0.005276726995361969,ECG5000,3481
1,1,0.05,feature_ablation,tshap_zero,0.5555555555555556,0.7142857142857143,0.014285714285714285,0.721514973633612,0.7415957568530172,0,0,0.032151496001461055,0.0051708469982258976,ECG5000,3481
1,1,0.1,feature_ablation,tshap_zero,0.8666666666666667,0.9285714285714286,0.007142857142857143,0.9990057165730788,1.0358089993836046,1,1,0.032151496001461055,0.0051708469982258976,ECG5000,3481
1,1,0.2,feature_ablation,tshap_zero,1.0,1.0,0.0,1.0963882068463442,1.0963881987459754,1,1,0.032151496001461055,0.0051708469982258976,ECG5000,3481
1,1,0.05,feature_ablation,tshap_train,0.75,0.8571428571428571,0.007142857142857143,0.721514973633612,0.6630092503403571,0,0,0.032151496001461055,0.039273550995858386,ECG5000,3481
1,1,0.1,feature_ablation,tshap_train,0.6470588235294118,0.7857142857142857,0.02142857142857143,0.9990057165730788,0.9091992297796375,1,0,0.032151496001461055,0.039273550995858386,ECG5000,3481
1,1,0.2,feature_ablation,tshap_train,1.0,1.0,0.0,1.0963882068463442,1.0963882089502983,1,1,0.032151496001461055,0.039273550995858386,ECG5000,3481
1,1,0.05,feature_ablation,mrsqm,0.0,0.0,0.9,0.721514973633612,0.28043462098483163,0,0,0.032151496001461055,2.1179999748710543e-05,ECG5000,3481
1,1,0.1,feature_ablation,mrsqm,0.0,0.0,0.9,0.9990057165730788,0.11939328440116648,1,0,0.032151496001461055,2.1179999748710543e-05,ECG5000,3481
1,1,0.2,feature_ablation,mrsqm,0.0,0.0,0.8,1.0963882068463442,0.08333009267991143,1,0,0.032151496001461055,2.1179999748710543e-05,ECG5000,3481
1,1,0.05,tshap_centroid,tshap_zero,0.75,0.8571428571428571,0.007142857142857143,0.6630092562724905,0.7415957568530172,0,0,0.005276726995361969,0.0051708469982258976,ECG5000,3481
1,1,0.1,tshap_centroid,tshap_zero,0.8666666666666667,0.9285714285714286,0.007142857142857143,1.058065257232005,1.0358089993836046,1,1,0.005276726995361969,0.0051708469982258976,ECG5000,3481
1,1,0.2,tshap_centroid,tshap_zero,1.0,1.0,0.0,1.0963882076583829,1.0963881987459754,1,1,0.005276726995361969,0.0051708469982258976,ECG5000,3481
1,1,0.05,tshap_centroid,tshap_train,1.0,1.0,0.0,0.6630092562724905,0.6630092503403571,0,0,0.005276726995361969,0.039273550995858386,ECG5000,3481
1,1,0.1,tshap_centroid,tshap_train,0.8666666666666667,0.9285714285714286,0.007142857142857143,1.058065257232005,0.9091992297796375,1,0,0.005276726995361969,0.039273550995858386,ECG5000,3481
1,1,0.2,tshap_centroid,tshap_train,1.0,1.0,0.0,1.0963882076583829,1.0963882089502983,1,1,0.005276726995361969,0.039273550995858386,ECG5000,3481
1,1,0.05,tshap_centroid,mrsqm,0.0,0.0,0.9071428571428571,0.6630092562724905,0.28043462098483163,0,0,0.005276726995361969,2.1179999748710543e-05,ECG5000,3481
1,1,0.1,tshap_centroid,mrsqm,0.0,0.0,0.8857142857142857,1.058065257232005,0.11939328440116648,1,0,0.005276726995361969,2.1179999748710543e-05,ECG5000,3481
1,1,0.2,tshap_centroid,mrsqm,0.0,0.0,0.8,1.0963882076583829,0.08333009267991143,1,0,0.005276726995361969,2.1179999748710543e-05,ECG5000,3481
1,1,0.05,tshap_zero,tshap_train,0.75,0.8571428571428571,0.007142857142857143,0.7415957568530172,0.6630092503403571,0,0,0.0051708469982258976,0.039273550995858386,ECG5000,3481
1,1,0.1,tshap_zero,tshap_train,0.75,0.8571428571428571,0.014285714285714285,1.0358089993836046,0.9091992297796375,1,0,0.0051708469982258976,0.039273550995858386,ECG5000,3481
1,1,0.2,tshap_zero,tshap_train,1.0,1.0,0.0,1.0963881987459754,1.0963882089502983,1,1,0.0051708469982258976,0.039273550995858386,ECG5000,3481
1,1,0.05,tshap_zero,mrsqm,0.0,0.0,0.9142857142857143,0.7415957568530172,0.28043462098483163,0,0,0.0051708469982258976,2.1179999748710543e-05,ECG5000,3481
1,1,0.1,tshap_zero,mrsqm,0.0,0.0,0.8928571428571429,1.0358089993836046,0.11939328440116648,1,0,0.0051708469982258976,2.1179999748710543e-05,ECG5000,3481
1,1,0.2,tshap_zero,mrsqm,0.0,0.0,0.8,1.0963881987459754,0.08333009267991143,1,0,0.0051708469982258976,2.1179999748710543e-05,ECG5000,3481
1,1,0.05,tshap_train,mrsqm,0.0,0.0,0.9071428571428571,0.6630092503403571,0.28043462098483163,0,0,0.039273550995858386,2.1179999748710543e-05,ECG5000,3481
1,1,0.1,tshap_train,mrsqm,0.0,0.0,0.8785714285714286,0.9091992297796375,0.11939328440116648,0,0,0.039273550995858386,2.1179999748710543e-05,ECG5000,3481
1,1,0.2,tshap_train,mrsqm,0.0,0.0,0.8,1.0963882089502983,0.08333009267991143,1,0,0.039273550995858386,2.1179999748710543e-05,ECG5000,3481
0,0,0.05,hydra,shapley_sampling,0.16666666666666666,0.2857142857142857,0.03571428571428571,-0.11332880006699542,0.10970979850814,0,0,0.06500396299816202,0.7639246239996282,ECG5000,1866
0,0,0.1,hydra,shapley_sampling,0.75,0.8571428571428571,0.014285714285714285,0.11567430642500243,0.3124702600432152,0,0,0.06500396299816202,0.7639246239996282,ECG5000,1866
0,0,0.2,hydra,shapley_sampling,0.0,0.0,0.8,0.22101347420685047,0.13763699720076839,0,0,0.06500396299816202,0.7639246239996282,ECG5000,1866
0,0,0.05,hydra,feature_ablation,0.0,0.0,0.7642857142857142,-0.11332880006699542,0.14569415214568449,0,0,0.06500396299816202,0.033029481004632544,ECG5000,1866
0,0,0.1,hydra,feature_ablation,0.0,0.0,0.7857142857142857,0.11567430642500243,0.31664160291223575,0,0,0.06500396299816202,0.033029481004632544,ECG5000,1866
0,0,0.2,hydra,feature_ablation,0.0,0.0,0.8,0.22101347420685047,0.13763699555162756,0,0,0.06500396299816202,0.033029481004632544,ECG5000,1866
0,0,0.05,hydra,tshap_centroid,0.5555555555555556,0.7142857142857143,0.014285714285714285,-0.11332880006699542,-0.10132504161028244,0,0,0.06500396299816202,0.005330088002665434,ECG5000,1866
0,0,0.1,hydra,tshap_centroid,1.0,1.0,0.0,0.11567430642500243,0.11567429355375336,0,0,0.06500396299816202,0.005330088002665434,ECG5000,1866
0,0,0.2,hydra,tshap_centroid,0.9310344827586207,0.9642857142857143,0.007142857142857143,0.22101347420685047,0.002950967222478562,0,0,0.06500396299816202,0.005330088002665434,ECG5000,1866
0,0,0.05,hydra,tshap_zero,0.0,0.0,0.5642857142857143,-0.11332880006699542,-0.06643859795528573,0,0,0.06500396299816202,0.005201836000196636,ECG5000,1866
0,0,0.1,hydra,tshap_zero,0.0,0.0,0.5785714285714286,0.11567430642500243,-0.03837243550912628,0,0,0.06500396299816202,0.005201836000196636,ECG5000,1866
0,0,0.2,hydra,tshap_zero,0.0,0.0,0.5214285714285715,0.22101347420685047,0.06827065095541396,0,0,0.06500396299816202,0.005201836000196636,ECG5000,1866
0,0,0.05,hydra,tshap_train,0.5555555555555556,0.7142857142857143,0.014285714285714285,-0.11332880006699542,-0.10132504136059162,0,0,0.06500396299816202,0.04177518699725624,ECG5000,1866
0,0,0.1,hydra,tshap_train,0.0,0.0,0.8428571428571429,0.11567430642500243,0.10258431432268422,0,0,0.06500396299816202,0.04177518699725624,ECG5000,1866
0,0,0.2,hydra,tshap_train,0.0,0.0,0.7928571428571428,0.22101347420685047,0.15892878546109568,0,0,0.06500396299816202,0.04177518699725624,ECG5000,1866
0,0,0.05,hydra,mrsqm,0.16666666666666666,0.2857142857142857,0.03571428571428571,-0.11332880006699542,0.10970980639743888,0,0,0.06500396299816202,2.0248000510036945e-05,ECG5000,1866
0,0,0.1,hydra,mrsqm,0.75,0.8571428571428571,0.014285714285714285,0.11567430642500243,0.3124702527183223,0,0,0.06500396299816202,2.0248000510036945e-05,ECG5000,1866
0,0,0.2,hydra,mrsqm,1.0,1.0,0.0,0.22101347420685047,0.22101347090965984,0,0,0.06500396299816202,2.0248000510036945e-05,ECG5000,1866
0,0,0.05,shapley_sampling,feature_ablation,0.0,0.0,0.8,0.10970979850814,0.14569415214568449,0,0,0.7639246239996282,0.033029481004632544,ECG5000,1866
0,0,0.1,shapley_sampling,feature_ablation,0.0,0.0,0.8,0.3124702600432152,0.31664160291223575,0,0,0.7639246239996282,0.033029481004632544,ECG5000,1866
0,0,0.2,shapley_sampling,feature_ablation,1.0,1.0,0.0,0.13763699720076839,0.13763699555162756,0,0,0.7639246239996282,0.033029481004632544,ECG5000,1866
0,0,0.05,shapley_sampling,tshap_centroid,0.0,0.0,0.05,0.10970979850814,-0.10132504161028244,0,0,0.7639246239996282,0.005330088002665434,ECG5000,1866
0,0,0.1,shapley_sampling,tshap_centroid,0.75,0.8571428571428571,0.014285714285714285,0.3124702600432152,0.11567429355375336,0,0,0.7639246239996282,0.005330088002665434,ECG5000,1866
0,0,0.2,shapley_sampling,tshap_centroid,0.0,0.0,0.7928571428571428,0.13763699720076839,0.002950967222478562,0,0,0.7639246239996282,0.005330088002665434,ECG5000,1866
0,0,0.05,shapley_sampling,tshap_zero,0.0,0.0,0.6,0.10970979850814,-0.06643859795528573,0,0,0.7639246239996282,0.005201836000196636,ECG5000,1866
0,0,0.1,shapley_sampling,tshap_zero,0.0,0.0,0.5928571428571429,0.3124702600432152,-0.03837243550912628,0,0,0.7639246239996282,0.005201836000196636,ECG5000,1866
0,0,0.2,shapley_sampling,tshap_zero,0.0,0.0,0.2785714285714286,0.13763699720076839,0.06827065095541396,0,0,0.7639246239996282,0.005201836000196636,ECG5000,1866
0,0,0.05,shapley_sampling,tshap_train,0.0,0.0,0.05,0.10970979850814,-0.10132504136059162,0,0,0.7639246239996282,0.04177518699725624,ECG5000,1866
0,0,0.1,shapley_sampling,tshap_train,0.0,0.0,0.8571428571428571,0.3124702600432152,0.10258431432268422,0,0,0.7639246239996282,0.04177518699725624,ECG5000,1866
0,0,0.2,shapley_sampling,tshap_train,0.9310344827586207,0.9642857142857143,0.007142857142857143,0.13763699720076839,0.15892878546109568,0,0,0.7639246239996282,0.04177518699725624,ECG5000,1866
0,0,0.05,shapley_sampling,mrsqm,1.0,1.0,0.0,0.10970979850814,0.10970980639743888,0,0,0.7639246239996282,2.0248000510036945e-05,ECG5000,1866
0,0,0.1,shapley_sampling,mrsqm,1.0,1.0,0.0,0.3124702600432152,0.3124702527183223,0,0,0.7639246239996282,2.0248000510036945e-05,ECG5000,1866
0,0,0.2,shapley_sampling,mrsqm,0.0,0.0,0.8,0.13763699720076839,0.22101347090965984,0,0,0.7639246239996282,2.0248000510036945e-05,ECG5000,1866
0,0,0.05,feature_ablation,tshap_centroid,0.0,0.0,0.75,0.14569415214568449,-0.10132504161028244,0,0,0.033029481004632544,0.005330088002665434,ECG5000,1866
0,0,0.1,feature_ablation,tshap_centroid,0.0,0.0,0.7857142857142857,0.31664160291223575,0.11567429355375336,0,0,0.033029481004632544,0.005330088002665434,ECG5000,1866
0,0,0.2,feature_ablation,tshap_centroid,0.0,0.0,0.7928571428571428,0.13763699555162756,0.002950967222478562,0,0,0.033029481004632544,0.005330088002665434,ECG5000,1866
0,0,0.05,feature_ablation,tshap_zero,0.0,0.0,0.2,0.14569415214568449,-0.06643859795528573,0,0,0.033029481004632544,0.005201836000196636,ECG5000,1866
0,0,0.1,feature_ablation,tshap_zero,0.0,0.0,0.20714285714285716,0.31664160291223575,-0.03837243550912628,0,0,0.033029481004632544,0.005201836000196636,ECG5000,1866
0,0,0.2,feature_ablation,tshap_zero,0.0,0.0,0.2785714285714286,0.13763699555162756,0.06827065095541396,0,0,0.033029481004632544,0.005201836000196636,ECG5000,1866
0,0,0.05,feature_ablation,tshap_train,0.0,0.0,0.75,0.14569415214568449,-0.10132504136059162,0,0,0.033029481004632544,0.04177518699725624,ECG5000,1866
0,0,0.1,feature_ablation,tshap_train,0.2727272727272727,0.42857142857142855,0.05714285714285714,0.31664160291223575,0.10258431432268422,0,0,0.033029481004632544,0.04177518699725624,ECG5000,1866
0,0,0.2,feature_ablation,tshap_train,0.9310344827586207,0.9642857142857143,0.007142857142857143,0.13763699555162756,0.15892878546109568,0,0,0.033029481004632544,0.04177518699725624,ECG5000,1866
0,0,0.05,feature_ablation,mrsqm,0.0,0.0,0.8,0.14569415214568449,0.10970980639743888,0,0,0.033029481004632544,2.0248000510036945e-05,ECG5000,1866
0,0,0.1,feature_ablation,mrsqm,0.0,0.0,0.8,0.31664160291223575,0.3124702527183223,0,0,0.033029481004632544,2.0248000510036945e-05,ECG5000,1866
0,0,0.2,feature_ablation,mrsqm,0.0,0.0,0.8,0.13763699555162756,0.22101347090965984,0,0,0.033029481004632544,2.0248000510036945e-05,ECG5000,1866
0,0,0.05,tshap_centroid,tshap_zero,0.0,0.0,0.55,-0.10132504161028244,-0.06643859795528573,0,0,0.005330088002665434,0.005201836000196636,ECG5000,1866
0,0,0.1,tshap_centroid,tshap_zero,0.0,0.0,0.5785714285714286,0.11567429355375336,-0.03837243550912628,0,0,0.005330088002665434,0.005201836000196636,ECG5000,1866
0,0,0.2,tshap_centroid,tshap_zero,0.0,0.0,0.5142857142857142,0.002950967222478562,0.06827065095541396,0,0,0.005330088002665434,0.005201836000196636,ECG5000,1866
0,0,0.05,tshap_centroid,tshap_train,1.0,1.0,0.0,-0.10132504161028244,-0.10132504136059162,0,0,0.005330088002665434,0.04177518699725624,ECG5000,1866
0,0,0.1,tshap_centroid,tshap_train,0.0,0.0,0.8428571428571429,0.11567429355375336,0.10258431432268422,0,0,0.005330088002665434,0.04177518699725624,ECG5000,1866
0,0,0.2,tshap_centroid,tshap_train,0.0,0.0,0.7857142857142857,0.002950967222478562,0.15892878546109568,0,0,0.005330088002665434,0.04177518699725624,ECG5000,1866
0,0,0.05,tshap_centroid,mrsqm,0.0,0.0,0.05,-0.10132504161028244,0.10970980639743888,0,0,0.005330088002665434,2.0248000510036945e-05,ECG5000,1866
0,0,0.1,tshap_centroid,mrsqm,0.75,0.8571428571428571,0.014285714285714285,0.11567429355375336,0.3124702527183223,0,0,0.005330088002665434,2.0248000510036945e-05,ECG5000,1866
0,0,0.2,tshap_centroid,mrsqm,0.9310344827586207,0.9642857142857143,0.007142857142857143,0.002950967222478562,0.22101347090965984,0,0,0.005330088002665434,2.0248000510036945e-05,ECG5000,1866
0,0,0.05,tshap_zero,tshap_train,0.0,0.0,0.55,-0.06643859795528573,-0.10132504136059162,0,0,0.005201836000196636,0.04177518699725624,ECG5000,1866
0,0,0.1,tshap_zero,tshap_train,0.0,0.0,0.2642857142857143,-0.03837243550912628,0.10258431432268422,0,0,0.005201836000196636,0.04177518699725624,ECG5000,1866
0,0,0.2,tshap_zero,tshap_train,0.0,0.0,0.2714285714285714,0.06827065095541396,0.15892878546109568,0,0,0.005201836000196636,0.04177518699725624,ECG5000,1866
0,0,0.05,tshap_zero,mrsqm,0.0,0.0,0.6,-0.06643859795528573,0.10970980639743888,0,0,0.005201836000196636,2.0248000510036945e-05,ECG5000,1866
0,0,0.1,tshap_zero,mrsqm,0.0,0.0,0.5928571428571429,-0.03837243550912628,0.3124702527183223,0,0,0.005201836000196636,2.0248000510036945e-05,ECG5000,1866
0,0,0.2,tshap_zero,mrsqm,0.0,0.0,0.5214285714285715,0.06827065095541396,0.22101347090965984,0,0,0.005201836000196636,2.0248000510036945e-05,ECG5000,1866
0,0,0.05,tshap_train,mrsqm,0.0,0.0,0.05,-0.10132504136059162,0.10970980639743888,0,0,0.04177518699725624,2.0248000510036945e-05,ECG5000,1866
0,0,0.1,tshap_train,mrsqm,0.0,0.0,0.8571428571428571,0.10258431432268422,0.3124702527183223,0,0,0.04177518699725624,2.0248000510036945e-05,ECG5000,1866
0,0,0.2,tshap_train,mrsqm,0.0,0.0,0.7928571428571428,0.15892878546109568,0.22101347090965984,0,0,0.04177518699725624,2.0248000510036945e-05,ECG5000,1866
1,1,0.05,hydra,shapley_sampling,0.4,0.5714285714285714,0.02142857142857143,0.6130488122068656,0.5068879387244098,0,0,0.06399465999857057,0.7632540600025095,ECG5000,3026
1,1,0.1,hydra,shapley_sampling,0.0,0.0,0.36428571428571427,0.14386938946810357,0.7061791082344591,0,0,0.06399465999857057,0.7632540600025095,ECG5000,3026
1,1,0.2,hydra,shapley_sampling,0.0,0.0,0.36428571428571427,0.050218481777453805,0.772163825193124,0,0,0.06399465999857057,0.7632540600025095,ECG5000,3026
1,1,0.05,hydra,feature_ablation,0.4,0.5714285714285714,0.02142857142857143,0.6130488122068656,0.5068879377139639,0,0,0.06399465999857057,0.0330545169999823,ECG5000,3026
1,1,0.1,hydra,feature_ablation,0.0,0.0,0.36428571428571427,0.14386938946810357,0.7061791075189441,0,0,0.06399465999857057,0.0330545169999823,ECG5000,3026
1,1,0.2,hydra,feature_ablation,0.0,0.0,0.36428571428571427,0.050218481777453805,0.7721638105773503,0,0,0.06399465999857057,0.0330545169999823,ECG5000,3026
1,1,0.05,hydra,tshap_centroid,0.0,0.0,0.8714285714285714,0.6130488122068656,0.6524072816953825,0,0,0.06399465999857057,0.005347329999494832,ECG5000,3026
1,1,0.1,hydra,tshap_centroid,0.0,0.0,0.5071428571428571,0.14386938946810357,0.7692726463746171,0,0,0.06399465999857057,0.005347329999494832,ECG5000,3026
1,1,0.2,hydra,tshap_centroid,0.0,0.0,0.42857142857142855,0.050218481777453805,0.26022869631110046,0,0,0.06399465999857057,0.005347329999494832,ECG5000,3026
1,1,0.05,hydra,tshap_zero,0.0,0.0,0.8785714285714286,0.6130488122068656,0.6551339210202833,0,0,0.06399465999857057,0.005169795003894251,ECG5000,3026
1,1,0.1,hydra,tshap_zero,0.0,0.0,0.5214285714285715,0.14386938946810357,0.6148074209981125,0,0,0.06399465999857057,0.005169795003894251,ECG5000,3026
1,1,0.2,hydra,tshap_zero,0.01818181818181818,0.03571428571428571,0.19285714285714287,0.050218481777453805,0.7471139254005816,0,0,0.06399465999857057,0.005169795003894251,ECG5000,3026
1,1,0.05,hydra,tshap_train,0.0,0.0,0.8714285714285714,0.6130488122068656,0.6524072748391767,0,0,0.06399465999857057,0.03957575000094948,ECG5000,3026
1,1,0.1,hydra,tshap_train,0.0,0.0,0.5071428571428571,0.14386938946810357,0.7692726568230988,0,0,0.06399465999857057,0.03957575000094948,ECG5000,3026
1,1,0.2,hydra,tshap_train,0.0,0.0,0.42857142857142855,0.050218481777453805,0.2602287041302884,0,0,0.06399465999857057,0.03957575000094948,ECG5000,3026
1,1,0.05,hydra,mrsqm,0.0,0.0,0.9285714285714286,0.6130488122068656,0.3741175739232745,0,0,0.06399465999857057,2.2753003577236086e-05,ECG5000,3026
1,1,0.1,hydra,mrsqm,0.0,0.0,0.5357142857142857,0.14386938946810357,0.40776574582335967,0,0,0.06399465999857057,2.2753003577236086e-05,ECG5000,3026
1,1,0.2,hydra,mrsqm,0.0,0.0,0.4357142857142857,0.050218481777453805,0.14224923256675792,0,0,0.06399465999857057,2.2753003577236086e-05,ECG5000,3026
1,1,0.05,shapley_sampling,feature_ablation,1.0,1.0,0.0,0.5068879387244098,0.5068879377139639,0,0,0.7632540600025095,0.0330545169999823,ECG5000,3026
1,1,0.1,shapley_sampling,feature_ablation,1.0,1.0,0.0,0.7061791082344591,0.7061791075189441,0,0,0.7632540600025095,0.0330545169999823,ECG5000,3026
1,1,0.2,shapley_sampling,feature_ablation,1.0,1.0,0.0,0.772163825193124,0.7721638105773503,0,0,0.7632540600025095,0.0330545169999823,ECG5000,3026
1,1,0.05,shapley_sampling,tshap_centroid,0.0,0.0,0.8928571428571429,0.5068879387244098,0.6524072816953825,0,0,0.7632540600025095,0.005347329999494832,ECG5000,3026
1,1,0.1,shapley_sampling,tshap_centroid,0.0,0.0,0.8714285714285714,0.7061791082344591,0.7692726463746171,0,0,0.7632540600025095,0.005347329999494832,ECG5000,3026
1,1,0.2,shapley_sampling,tshap_centroid,0.0,0.0,0.7928571428571428,0.772163825193124,0.26022869631110046,0,0,0.7632540600025095,0.005347329999494832,ECG5000,3026
1,1,0.05,shapley_sampling,tshap_zero,0.0,0.0,0.9,0.5068879387244098,0.6551339210202833,0,0,0.7632540600025095,0.005169795003894251,ECG5000,3026
1,1,0.1,shapley_sampling,tshap_zero,0.0,0.0,0.8857142857142857,0.7061791082344591,0.6148074209981125,0,0,0.7632540600025095,0.005169795003894251,ECG5000,3026
1,1,0.2,shapley_sampling,tshap_zero,0.07692307692307693,0.14285714285714285,0.17142857142857143,0.772163825193124,0.7471139254005816,0,0,0.7632540600025095,0.005169795003894251,ECG5000,3026
1,1,0.05,shapley_sampling,tshap_train,0.0,0.0,0.8928571428571429,0.5068879387244098,0.6524072748391767,0,0,0.7632540600025095,0.03957575000094948,ECG5000,3026
1,1,0.1,shapley_sampling,tshap_train,0.0,0.0,0.8714285714285714,0.7061791082344591,0.7692726568230988,0,0,0.7632540600025095,0.03957575000094948,ECG5000,3026
1,1,0.2,shapley_sampling,tshap_train,0.0,0.0,0.7928571428571428,0.772163825193124,0.2602287041302884,0,0,0.7632540600025095,0.03957575000094948,ECG5000,3026
1,1,0.05,shapley_sampling,mrsqm,0.0,0.0,0.95,0.5068879387244098,0.3741175739232745,0,0,0.7632540600025095,2.2753003577236086e-05,ECG5000,3026
1,1,0.1,shapley_sampling,mrsqm,0.0,0.0,0.9,0.7061791082344591,0.40776574582335967,0,0,0.7632540600025095,2.2753003577236086e-05,ECG5000,3026
1,1,0.2,shapley_sampling,mrsqm,0.0,0.0,0.8,0.772163825193124,0.14224923256675792,0,0,0.7632540600025095,2.2753003577236086e-05,ECG5000,3026
1,1,0.05,feature_ablation,tshap_centroid,0.0,0.0,0.8928571428571429,0.5068879377139639,0.6524072816953825,0,0,0.0330545169999823,0.005347329999494832,ECG5000,3026
1,1,0.1,feature_ablation,tshap_centroid,0.0,0.0,0.8714285714285714,0.7061791075189441,0.7692726463746171,0,0,0.0330545169999823,0.005347329999494832,ECG5000,3026
1,1,0.2,feature_ablation,tshap_centroid,0.0,0.0,0.7928571428571428,0.7721638105773503,0.26022869631110046,0,0,0.0330545169999823,0.005347329999494832,ECG5000,3026
1,1,0.05,feature_ablation,tshap_zero,0.0,0.0,0.9,0.5068879377139639,0.6551339210202833,0,0,0.0330545169999823,0.005169795003894251,ECG5000,3026
1,1,0.1,feature_ablation,tshap_zero,0.0,0.0,0.8857142857142857,0.7061791075189441,0.6148074209981125,0,0,0.0330545169999823,0.005169795003894251,ECG5000,3026
1,1,0.2,feature_ablation,tshap_zero,0.07692307692307693,0.14285714285714285,0.17142857142857143,0.7721638105773503,0.7471139254005816,0,0,0.0330545169999823,0.005169795003894251,ECG5000,3026
1,1,0.05,feature_ablation,tshap_train,0.0,0.0,0.8928571428571429,0.5068879377139639,0.6524072748391767,0,0,0.0330545169999823,0.03957575000094948,ECG5000,3026
1,1,0.1,feature_ablation,tshap_train,0.0,0.0,0.8714285714285714,0.7061791075189441,0.7692726568230988,0,0,0.0330545169999823,0.03957575000094948,ECG5000,3026
1,1,0.2,feature_ablation,tshap_train,0.0,0.0,0.7928571428571428,0.7721638105773503,0.2602287041302884,0,0,0.0330545169999823,0.03957575000094948,ECG5000,3026
1,1,0.05,feature_ablation,mrsqm,0.0,0.0,0.95,0.5068879377139639,0.3741175739232745,0,0,0.0330545169999823,2.2753003577236086e-05,ECG5000,3026
1,1,0.1,feature_ablation,mrsqm,0.0,0.0,0.9,0.7061791075189441,0.40776574582335967,0,0,0.0330545169999823,2.2753003577236086e-05,ECG5000,3026
1,1,0.2,feature_ablation,mrsqm,0.0,0.0,0.8,0.7721638105773503,0.14224923256675792,0,0,0.0330545169999823,2.2753003577236086e-05,ECG5000,3026
1,1,0.05,tshap_centroid,tshap_zero,0.75,0.8571428571428571,0.007142857142857143,0.6524072816953825,0.6551339210202833,0,0,0.005347329999494832,0.005169795003894251,ECG5000,3026
1,1,0.1,tshap_centroid,tshap_zero,0.75,0.8571428571428571,0.014285714285714285,0.7692726463746171,0.6148074209981125,0,0,0.005347329999494832,0.005169795003894251,ECG5000,3026
1,1,0.2,tshap_centroid,tshap_zero,0.0,0.0,0.6214285714285714,0.26022869631110046,0.7471139254005816,0,0,0.005347329999494832,0.005169795003894251,ECG5000,3026
1,1,0.05,tshap_centroid,tshap_train,1.0,1.0,0.0,0.6524072816953825,0.6524072748391767,0,0,0.005347329999494832,0.03957575000094948,ECG5000,3026
1,1,0.1,tshap_centroid,tshap_train,1.0,1.0,0.0,0.7692726463746171,0.7692726568230988,0,0,0.005347329999494832,0.03957575000094948,ECG5000,3026
1,1,0.2,tshap_centroid,tshap_train,1.0,1.0,0.0,0.26022869631110046,0.2602287041302884,0,0,0.005347329999494832,0.03957575000094948,ECG5000,3026
1,1,0.05,tshap_centroid,mrsqm,0.0,0.0,0.05714285714285714,0.6524072816953825,0.3741175739232745,0,0,0.005347329999494832,2.2753003577236086e-05,ECG5000,3026
1,1,0.1,tshap_centroid,mrsqm,0.5555555555555556,0.7142857142857143,0.02857142857142857,0.7692726463746171,0.40776574582335967,0,0,0.005347329999494832,2.2753003577236086e-05,ECG5000,3026
1,1,0.2,tshap_centroid,mrsqm,0.9310344827586207,0.9642857142857143,0.007142857142857143,0.26022869631110046,0.14224923256675792,0,0,0.005347329999494832,2.2753003577236086e-05,ECG5000,3026
1,1,0.05,tshap_zero,tshap_train,0.75,0.8571428571428571,0.007142857142857143,0.6551339210202833,0.6524072748391767,0,0,0.005169795003894251,0.03957575000094948,ECG5000,3026
1,1,0.1,tshap_zero,tshap_train,0.75,0.8571428571428571,0.014285714285714285,0.6148074209981125,0.7692726568230988,0,0,0.005169795003894251,0.03957575000094948,ECG5000,3026
1,1,0.2,tshap_zero,tshap_train,0.0,0.0,0.6214285714285714,0.7471139254005816,0.2602287041302884,0,0,0.005169795003894251,0.03957575000094948,ECG5000,3026
1,1,0.05,tshap_zero,mrsqm,0.0,0.0,0.05,0.6551339210202833,0.3741175739232745,0,0,0.005169795003894251,2.2753003577236086e-05,ECG5000,3026
1,1,0.1,tshap_zero,mrsqm,0.75,0.8571428571428571,0.014285714285714285,0.6148074209981125,0.40776574582335967,0,0,0.005169795003894251,2.2753003577236086e-05,ECG5000,3026
1,1,0.2,tshap_zero,mrsqm,0.0,0.0,0.6285714285714286,0.7471139254005816,0.14224923256675792,0,0,0.005169795003894251,2.2753003577236086e-05,ECG5000,3026
1,1,0.05,tshap_train,mrsqm,0.0,0.0,0.05714285714285714,0.6524072748391767,0.3741175739232745,0,0,0.03957575000094948,2.2753003577236086e-05,ECG5000,3026
1,1,0.1,tshap_train,mrsqm,0.5555555555555556,0.7142857142857143,0.02857142857142857,0.7692726568230988,0.40776574582335967,0,0,0.03957575000094948,2.2753003577236086e-05,ECG5000,3026
1,1,0.2,tshap_train,mrsqm,0.9310344827586207,0.9642857142857143,0.007142857142857143,0.2602287041302884,0.14224923256675792,0,0,0.03957575000094948,2.2753003577236086e-05,ECG5000,3026
0,0,0.05,hydra,shapley_sampling,0.0,0.0,0.8785714285714286,0.1008357596683751,0.1001811864972505,0,0,0.06394515099964337,0.7388535589998355,ECG5000,2242
0,0,0.1,hydra,shapley_sampling,0.0,0.0,0.85,0.22953716702830096,0.4075392100783848,0,0,0.06394515099964337,0.7388535589998355,ECG5000,2242
0,0,0.2,hydra,shapley_sampling,0.0,0.0,0.7857142857142857,0.2158650504709797,0.3585306735802586,0,0,0.06394515099964337,0.7388535589998355,ECG5000,2242
0,0,0.05,hydra,feature_ablation,0.0,0.0,0.12857142857142856,0.1008357596683751,0.18534103836336646,0,0,0.06394515099964337,0.03232409799966263,ECG5000,2242
0,0,0.1,hydra,feature_ablation,0.0,0.0,0.15,0.22953716702830096,0.5797770928138047,0,0,0.06394515099964337,0.03232409799966263,ECG5000,2242
0,0,0.2,hydra,feature_ablation,0.696969696969697,0.8214285714285714,0.03571428571428571,0.2158650504709797,0.3832465419564406,0,0,0.06394515099964337,0.03232409799966263,ECG5000,2242
0,0,0.05,hydra,tshap_centroid,0.2727272727272727,0.42857142857142855,0.02857142857142857,0.1008357596683751,0.11558188170777828,0,0,0.06394515099964337,0.0051585620021796785,ECG5000,2242
0,0,0.1,hydra,tshap_centroid,0.5555555555555556,0.7142857142857143,0.02857142857142857,0.22953716702830096,0.1438732162412053,0,0,0.06394515099964337,0.0051585620021796785,ECG5000,2242
0,0,0.2,hydra,tshap_centroid,0.9310344827586207,0.9642857142857143,0.007142857142857143,0.2158650504709797,0.2244227906348607,0,0,0.06394515099964337,0.0051585620021796785,ECG5000,2242
0,0,0.05,hydra,tshap_zero,0.0,0.0,0.7357142857142858,0.1008357596683751,-0.04620290227909174,0,0,0.06394515099964337,0.005044917998020537,ECG5000,2242
0,0,0.1,hydra,tshap_zero,0.0,0.0,0.7642857142857142,0.22953716702830096,0.03835483366215908,0,0,0.06394515099964337,0.005044917998020537,ECG5000,2242
0,0,0.2,hydra,tshap_zero,0.0,0.0,0.7,0.2158650504709797,0.17364997637912416,0,0,0.06394515099964337,0.005044917998020537,ECG5000,2242
0,0,0.05,hydra,tshap_train,0.4,0.5714285714285714,0.02142857142857143,0.1008357596683751,0.1861159232455456,0,0,0.06394515099964337,0.03814302399405278,ECG5000,2242
0,0,0.1,hydra,tshap_train,0.6470588235294118,0.7857142857142857,0.02142857142857143,0.22953716702830096,0.18838239326748718,0,0,0.06394515099964337,0.03814302399405278,ECG5000,2242
0,0,0.2,hydra,tshap_train,1.0,1.0,0.0,0.2158650504709797,0.2158650448593411,0,0,0.06394515099964337,0.03814302399405278,ECG5000,2242
0,0,0.05,hydra,mrsqm,0.0,0.0,0.8785714285714286,0.1008357596683751,0.10018118613253635,0,0,0.06394515099964337,2.330399729544297e-05,ECG5000,2242
0,0,0.1,hydra,mrsqm,0.0,0.0,0.85,0.22953716702830096,0.40753920546891154,0,0,0.06394515099964337,2.330399729544297e-05,ECG5000,2242
0,0,0.2,hydra,mrsqm,0.0,0.0,0.7857142857142857,0.2158650504709797,0.35853067516073933,0,0,0.06394515099964337,2.330399729544297e-05,ECG5000,2242
0,0,0.05,shapley_sampling,feature_ablation,0.0,0.0,0.75,0.1001811864972505,0.18534103836336646,0,0,0.7388535589998355,0.03232409799966263,ECG5000,2242
0,0,0.1,shapley_sampling,feature_ablation,0.0,0.0,0.7,0.4075392100783848,0.5797770928138047,0,0,0.7388535589998355,0.03232409799966263,ECG5000,2242
0,0,0.2,shapley_sampling,feature_ablation,0.0,0.0,0.75,0.3585306735802586,0.3832465419564406,0,0,0.7388535589998355,0.03232409799966263,ECG5000,2242
0,0,0.05,shapley_sampling,tshap_centroid,0.0,0.0,0.9071428571428571,0.1001811864972505,0.11558188170777828,0,0,0.7388535589998355,0.0051585620021796785,ECG5000,2242
0,0,0.1,shapley_sampling,tshap_centroid,0.0,0.0,0.8785714285714286,0.4075392100783848,0.1438732162412053,0,0,0.7388535589998355,0.0051585620021796785,ECG5000,2242
0,0,0.2,shapley_sampling,tshap_centroid,0.0,0.0,0.7928571428571428,0.3585306735802586,0.2244227906348607,0,0,0.7388535589998355,0.0051585620021796785,ECG5000,2242
0,0,0.05,shapley_sampling,tshap_zero,0.0,0.0,0.14285714285714285,0.1001811864972505,-0.04620290227909174,0,0,0.7388535589998355,0.005044917998020537,ECG5000,2242
0,0,0.1,shapley_sampling,tshap_zero,0.07692307692307693,0.14285714285714285,0.08571428571428572,0.4075392100783848,0.03835483366215908,0,0,0.7388535589998355,0.005044917998020537,ECG5000,2242
0,0,0.2,shapley_sampling,tshap_zero,0.4,0.5714285714285714,0.08571428571428572,0.3585306735802586,0.17364997637912416,0,0,0.7388535589998355,0.005044917998020537,ECG5000,2242
0,0,0.05,shapley_sampling,tshap_train,0.0,0.0,0.9,0.1001811864972505,0.1861159232455456,0,0,0.7388535589998355,0.03814302399405278,ECG5000,2242
0,0,0.1,shapley_sampling,tshap_train,0.0,0.0,0.8714285714285714,0.4075392100783848,0.18838239326748718,0,0,0.7388535589998355,0.03814302399405278,ECG5000,2242
0,0,0.2,shapley_sampling,tshap_train,0.0,0.0,0.7857142857142857,0.3585306735802586,0.2158650448593411,0,0,0.7388535589998355,0.03814302399405278,ECG5000,2242
0,0,0.05,shapley_sampling,mrsqm,1.0,1.0,0.0,0.1001811864972505,0.10018118613253635,0,0,0.7388535589998355,2.330399729544297e-05,ECG5000,2242
0,0,0.1,shapley_sampling,mrsqm,1.0,1.0,0.0,0.4075392100783848,0.40753920546891154,0,0,0.7388535589998355,2.330399729544297e-05,ECG5000,2242
0,0,0.2,shapley_sampling,mrsqm,1.0,1.0,0.0,0.3585306735802586,0.35853067516073933,0,0,0.7388535589998355,2.330399729544297e-05,ECG5000,2242
0,0,0.05,feature_ablation,tshap_centroid,0.0,0.0,0.15714285714285714,0.18534103836336646,0.11558188170777828,0,0,0.03232409799966263,0.0051585620021796785,ECG5000,2242
0,0,0.1,feature_ablation,tshap_centroid,0.0,0.0,0.17857142857142858,0.5797770928138047,0.1438732162412053,0,0,0.03232409799966263,0.0051585620021796785,ECG5000,2242
0,0,0.2,feature_ablation,tshap_centroid,0.6470588235294118,0.7857142857142857,0.04285714285714286,0.3832465419564406,0.2244227906348607,0,0,0.03232409799966263,0.0051585620021796785,ECG5000,2242
0,0,0.05,feature_ablation,tshap_zero,0.0,0.0,0.6071428571428571,0.18534103836336646,-0.04620290227909174,0,0,0.03232409799966263,0.005044917998020537,ECG5000,2242
0,0,0.1,feature_ablation,tshap_zero,0.0,0.0,0.6142857142857143,0.5797770928138047,0.03835483366215908,0,0,0.03232409799966263,0.005044917998020537,ECG5000,2242
0,0,0.2,feature_ablation,tshap_zero,0.0,0.0,0.6642857142857143,0.3832465419564406,0.17364997637912416,0,0,0.03232409799966263,0.005044917998020537,ECG5000,2242
0,0,0.05,feature_ablation,tshap_train,0.0,0.0,0.15,0.18534103836336646,0.1861159232455456,0,0,0.03232409799966263,0.03814302399405278,ECG5000,2242
0,0,0.1,feature_ablation,tshap_train,0.0,0.0,0.17142857142857143,0.5797770928138047,0.18838239326748718,0,0,0.03232409799966263,0.03814302399405278,ECG5000,2242
0,0,0.2,feature_ablation,tshap_train,0.696969696969697,0.8214285714285714,0.03571428571428571,0.3832465419564406,0.2158650448593411,0,0,0.03232409799966263,0.03814302399405278,ECG5000,2242
0,0,0.05,feature_ablation,mrsqm,0.0,0.0,0.75,0.18534103836336646,0.10018118613253635,0,0,0.03232409799966263,2.330399729544297e-05,ECG5000,2242
0,0,0.1,feature_ablation,mrsqm,0.0,0.0,0.7,0.5797770928138047,0.40753920546891154,0,0,0.03232409799966263,2.330399729544297e-05,ECG5000,2242
0,0,0.2,feature_ablation,mrsqm,0.0,0.0,0.75,0.3832465419564406,0.35853067516073933,0,0,0.03232409799966263,2.330399729544297e-05,ECG5000,2242
0,0,0.05,tshap_centroid,tshap_zero,0.0,0.0,0.7642857142857142,0.11558188170777828,-0.04620290227909174,0,0,0.0051585620021796785,0.005044917998020537,ECG5000,2242
0,0,0.1,tshap_centroid,tshap_zero,0.0,0.0,0.7928571428571428,0.1438732162412053,0.03835483366215908,0,0,0.0051585620021796785,0.005044917998020537,ECG5000,2242
0,0,0.2,tshap_centroid,tshap_zero,0.0,0.0,0.7071428571428572,0.2244227906348607,0.17364997637912416,0,0,0.0051585620021796785,0.005044917998020537,ECG5000,2242
0,0,0.05,tshap_centroid,tshap_train,0.75,0.8571428571428571,0.007142857142857143,0.11558188170777828,0.1861159232455456,0,0,0.0051585620021796785,0.03814302399405278,ECG5000,2242
0,0,0.1,tshap_centroid,tshap_train,0.8666666666666667,0.9285714285714286,0.007142857142857143,0.1438732162412053,0.18838239326748718,0,0,0.0051585620021796785,0.03814302399405278,ECG5000,2242
0,0,0.2,tshap_centroid,tshap_train,0.9310344827586207,0.9642857142857143,0.007142857142857143,0.2244227906348607,0.2158650448593411,0,0,0.0051585620021796785,0.03814302399405278,ECG5000,2242
0,0,0.05,tshap_centroid,mrsqm,0.0,0.0,0.9071428571428571,0.11558188170777828,0.10018118613253635,0,0,0.0051585620021796785,2.330399729544297e-05,ECG5000,2242
0,0,0.1,tshap_centroid,mrsqm,0.0,0.0,0.8785714285714286,0.1438732162412053,0.40753920546891154,0,0,0.0051585620021796785,2.330399729544297e-05,ECG5000,2242
0,0,0.2,tshap_centroid,mrsqm,0.0,0.0,0.7928571428571428,0.2244227906348607,0.35853067516073933,0,0,0.0051585620021796785,2.330399729544297e-05,ECG5000,2242
0,0,0.05,tshap_zero,tshap_train,0.0,0.0,0.7571428571428571,-0.04620290227909174,0.1861159232455456,0,0,0.005044917998020537,0.03814302399405278,ECG5000,2242
0,0,0.1,tshap_zero,tshap_train,0.0,0.0,0.7857142857142857,0.03835483366215908,0.18838239326748718,0,0,0.005044917998020537,0.03814302399405278,ECG5000,2242
0,0,0.2,tshap_zero,tshap_train,0.0,0.0,0.7,0.17364997637912416,0.2158650448593411,0,0,0.005044917998020537,0.03814302399405278,ECG5000,2242
0,0,0.05,tshap_zero,mrsqm,0.0,0.0,0.14285714285714285,-0.04620290227909174,0.10018118613253635,0,0,0.005044917998020537,2.330399729544297e-05,ECG5000,2242
0,0,0.1,tshap_zero,mrsqm,0.07692307692307693,0.14285714285714285,0.08571428571428572,0.03835483366215908,0.40753920546891154,0,0,0.005044917998020537,2.330399729544297e-05,ECG5000,2242
0,0,0.2,tshap_zero,mrsqm,0.4,0.5714285714285714,0.08571428571428572,0.17364997637912416,0.35853067516073933,0,0,0.005044917998020537,2.330399729544297e-05,ECG5000,2242
0,0,0.05,tshap_train,mrsqm,0.0,0.0,0.9,0.1861159232455456,0.10018118613253635,0,0,0.03814302399405278,2.330399729544297e-05,ECG5000,2242
0,0,0.1,tshap_train,mrsqm,0.0,0.0,0.8714285714285714,0.18838239326748718,0.40753920546891154,0,0,0.03814302399405278,2.330399729544297e-05,ECG5000,2242
0,0,0.2,tshap_train,mrsqm,0.0,0.0,0.7857142857142857,0.2158650448593411,0.35853067516073933,0,0,0.03814302399405278,2.330399729544297e-05,ECG5000,2242
