true_label,pred_label,fraction,method_a,method_b,iou,overlap_fraction,normalised_centre_distance,score_drop_a,score_drop_b,flipped_a,flipped_b,explain_time_a_s,explain_time_b_s,dataset,sample_idx
0,0,0.05,hydra,shapley_sampling,0.0,0.0,0.2890625,-1.2133286990949603,-5.8532027983047055,0,0,0.6719112999999197,1.0873039799989783,StarLightCurves,6352
0,0,0.1,hydra,shapley_sampling,0.0,0.0,0.2841796875,-1.44458982119949,-5.352794849406517,0,0,0.6719112999999197,1.0873039799989783,StarLightCurves,6352
0,0,0.2,hydra,shapley_sampling,0.6015625,0.751219512195122,0.0498046875,-2.2106104338309773,-2.287529017120587,0,0,0.6719112999999197,1.0873039799989783,StarLightCurves,6352
0,0,0.05,hydra,feature_ablation,0.0,0.0,0.08984375,-1.2133286990949603,-3.0772179862197815,0,0,0.6719112999999197,0.044793726003263146,StarLightCurves,6352
0,0,0.1,hydra,feature_ablation,0.0,0.0,0.7841796875,-1.44458982119949,-3.29942682031081,0,0,0.6719112999999197,0.044793726003263146,StarLightCurves,6352
0,0,0.2,hydra,feature_ablation,0.0,0.0,0.447265625,-2.2106104338309773,-5.348794275656604,0,0,0.6719112999999197,0.044793726003263146,StarLightCurves,6352
0,0,0.05,hydra,tshap_centroid,0.0,0.0,0.6103515625,-1.2133286990949603,-5.5107318141339094,0,0,0.6719112999999197,0.23600740000256337,StarLightCurves,6352
0,0,0.1,hydra,tshap_centroid,0.0,0.0,0.6416015625,-1.44458982119949,-5.358831142605983,0,0,0.6719112999999197,0.23600740000256337,StarLightCurves,6352
0,0,0.2,hydra,tshap_centroid,0.0,0.0,0.6181640625,-2.2106104338309773,-4.581186336551253,0,0,0.6719112999999197,0.23600740000256337,StarLightCurves,6352
0,0,0.05,hydra,tshap_zero,0.0,0.0,0.271484375,-1.2133286990949603,-5.6380678432107825,0,0,0.6719112999999197,0.24174955299531575,StarLightCurves,6352
0,0,0.1,hydra,tshap_zero,0.0,0.0,0.2900390625,-1.44458982119949,-5.486869714738299,0,0,0.6719112999999197,0.24174955299531575,StarLightCurves,6352
0,0,0.2,hydra,tshap_zero,0.0,0.0,0.23828125,-2.2106104338309773,-5.1502489657304,0,0,0.6719112999999197,0.24174955299531575,StarLightCurves,6352
0,0,0.05,hydra,tshap_train,0.0,0.0,0.5986328125,-1.2133286990949603,-5.640763857784701,0,0,0.6719112999999197,4.56017936799617,StarLightCurves,6352
0,0,0.1,hydra,tshap_train,0.0,0.0,0.609375,-1.44458982119949,-5.4759003789762914,0,0,0.6719112999999197,4.56017936799617,StarLightCurves,6352
0,0,0.2,hydra,tshap_train,0.0,0.0,0.541015625,-2.2106104338309773,-3.478077587219646,0,0,0.6719112999999197,4.56017936799617,StarLightCurves,6352
0,0,0.05,hydra,mrsqm,0.0,0.0,0.791015625,-1.2133286990949603,-2.4943229729292673,0,0,0.6719112999999197,2.9405004170257598e-05,StarLightCurves,6352
0,0,0.1,hydra,mrsqm,0.0,0.0,0.7861328125,-1.44458982119949,-2.4304606921385465,0,0,0.6719112999999197,2.9405004170257598e-05,StarLightCurves,6352
0,0,0.2,hydra,mrsqm,0.0,0.0,0.7001953125,-2.2106104338309773,-2.6257682126726216,0,0,0.6719112999999197,2.9405004170257598e-05,StarLightCurves,6352
0,0,0.05,shapley_sampling,feature_ablation,0.0,0.0,0.19921875,-5.8532027983047055,-3.0772179862197815,0,0,1.0873039799989783,0.044793726003263146,StarLightCurves,6352
0,0,0.1,shapley_sampling,feature_ablation,0.0,0.0,0.5,-5.352794849406517,-3.29942682031081,0,0,1.0873039799989783,0.044793726003263146,StarLightCurves,6352
0,0,0.2,shapley_sampling,feature_ablation,0.0,0.0,0.4970703125,-2.287529017120587,-5.348794275656604,0,0,1.0873039799989783,0.044793726003263146,StarLightCurves,6352
0,0,0.05,shapley_sampling,tshap_centroid,0.0,0.0,0.3212890625,-5.8532027983047055,-5.5107318141339094,0,0,1.0873039799989783,0.23600740000256337,StarLightCurves,6352
0,0,0.1,shapley_sampling,tshap_centroid,0.0,0.0,0.357421875,-5.352794849406517,-5.358831142605983,0,0,1.0873039799989783,0.23600740000256337,StarLightCurves,6352
0,0,0.2,shapley_sampling,tshap_centroid,0.0,0.0,0.66796875,-2.287529017120587,-4.581186336551253,0,0,1.0873039799989783,0.23600740000256337,StarLightCurves,6352
0,0,0.05,shapley_sampling,tshap_zero,0.4782608695652174,0.6470588235294118,0.017578125,-5.8532027983047055,-5.6380678432107825,0,0,1.0873039799989783,0.24174955299531575,StarLightCurves,6352
0,0,0.1,shapley_sampling,tshap_zero,0.8888888888888888,0.9411764705882353,0.005859375,-5.352794849406517,-5.486869714738299,0,0,1.0873039799989783,0.24174955299531575,StarLightCurves,6352
0,0,0.2,shapley_sampling,tshap_zero,0.0,0.0,0.2880859375,-2.287529017120587,-5.1502489657304,0,0,1.0873039799989783,0.24174955299531575,StarLightCurves,6352
0,0,0.05,shapley_sampling,tshap_train,0.0,0.0,0.3095703125,-5.8532027983047055,-5.640763857784701,0,0,1.0873039799989783,4.56017936799617,StarLightCurves,6352
0,0,0.1,shapley_sampling,tshap_train,0.0,0.0,0.3251953125,-5.352794849406517,-5.4759003789762914,0,0,1.0873039799989783,4.56017936799617,StarLightCurves,6352
0,0,0.2,shapley_sampling,tshap_train,0.0,0.0,0.5908203125,-2.287529017120587,-3.478077587219646,0,0,1.0873039799989783,4.56017936799617,StarLightCurves,6352
0,0,0.05,shapley_sampling,mrsqm,0.0,0.0,0.501953125,-5.8532027983047055,-2.4943229729292673,0,0,1.0873039799989783,2.9405004170257598e-05,StarLightCurves,6352
0,0,0.1,shapley_sampling,mrsqm,0.0,0.0,0.501953125,-5.352794849406517,-2.4304606921385465,0,0,1.0873039799989783,2.9405004170257598e-05,StarLightCurves,6352
0,0,0.2,shapley_sampling,mrsqm,0.0,0.0,0.75,-2.287529017120587,-2.6257682126726216,0,0,1.0873039799989783,2.9405004170257598e-05,StarLightCurves,6352
0,0,0.05,feature_ablation,tshap_centroid,0.0,0.0,0.5205078125,-3.0772179862197815,-5.5107318141339094,0,0,0.044793726003263146,0.23600740000256337,StarLightCurves,6352
0,0,0.1,feature_ablation,tshap_centroid,0.0,0.0,0.142578125,-3.29942682031081,-5.358831142605983,0,0,0.044793726003263146,0.23600740000256337,StarLightCurves,6352
0,0,0.2,feature_ablation,tshap_centroid,0.07894736842105263,0.14634146341463414,0.1708984375,-5.348794275656604,-4.581186336551253,0,0,0.044793726003263146,0.23600740000256337,StarLightCurves,6352
0,0,0.05,feature_ablation,tshap_zero,0.0,0.0,0.181640625,-3.0772179862197815,-5.6380678432107825,0,0,0.044793726003263146,0.24174955299531575,StarLightCurves,6352
0,0,0.1,feature_ablation,tshap_zero,0.0,0.0,0.494140625,-3.29942682031081,-5.486869714738299,0,0,0.044793726003263146,0.24174955299531575,StarLightCurves,6352
0,0,0.2,feature_ablation,tshap_zero,0.0,0.0,0.208984375,-5.348794275656604,-5.1502489657304,0,0,0.044793726003263146,0.24174955299531575,StarLightCurves,6352
0,0,0.05,feature_ablation,tshap_train,0.0,0.0,0.5087890625,-3.0772179862197815,-5.640763857784701,0,0,0.044793726003263146,4.56017936799617,StarLightCurves,6352
0,0,0.1,feature_ablation,tshap_train,0.0,0.0,0.1748046875,-3.29942682031081,-5.4759003789762914,0,0,0.044793726003263146,4.56017936799617,StarLightCurves,6352
0,0,0.2,feature_ablation,tshap_train,0.36212624584717606,0.5317073170731708,0.09375,-5.348794275656604,-3.478077587219646,0,0,0.044793726003263146,4.56017936799617,StarLightCurves,6352
0,0,0.05,feature_ablation,mrsqm,0.0,0.0,0.701171875,-3.0772179862197815,-2.4943229729292673,0,0,0.044793726003263146,2.9405004170257598e-05,StarLightCurves,6352
0,0,0.1,feature_ablation,mrsqm,0.9615384615384616,0.9803921568627451,0.001953125,-3.29942682031081,-2.4304606921385465,0,0,0.044793726003263146,2.9405004170257598e-05,StarLightCurves,6352
0,0,0.2,feature_ablation,mrsqm,0.0,0.0,0.2529296875,-5.348794275656604,-2.6257682126726216,0,0,0.044793726003263146,2.9405004170257598e-05,StarLightCurves,6352
0,0,0.05,tshap_centroid,tshap_zero,0.0,0.0,0.3388671875,-5.5107318141339094,-5.6380678432107825,0,0,0.23600740000256337,0.24174955299531575,StarLightCurves,6352
0,0,0.1,tshap_centroid,tshap_zero,0.0,0.0,0.3515625,-5.358831142605983,-5.486869714738299,0,0,0.23600740000256337,0.24174955299531575,StarLightCurves,6352
0,0,0.2,tshap_centroid,tshap_zero,0.0,0.0,0.3798828125,-4.581186336551253,-5.1502489657304,0,0,0.23600740000256337,0.24174955299531575,StarLightCurves,6352
0,0,0.05,tshap_centroid,tshap_train,0.6190476190476191,0.7647058823529411,0.01171875,-5.5107318141339094,-5.640763857784701,0,0,0.23600740000256337,4.56017936799617,StarLightCurves,6352
0,0,0.1,tshap_centroid,tshap_train,0.5111111111111111,0.6764705882352942,0.0322265625,-5.358831142605983,-5.4759003789762914,0,0,0.23600740000256337,4.56017936799617,StarLightCurves,6352
0,0,0.2,tshap_centroid,tshap_train,0.44366197183098594,0.6146341463414634,0.0771484375,-4.581186336551253,-3.478077587219646,0,0,0.23600740000256337,4.56017936799617,StarLightCurves,6352
0,0,0.05,tshap_centroid,mrsqm,0.0,0.0,0.1806640625,-5.5107318141339094,-2.4943229729292673,0,0,0.23600740000256337,2.9405004170257598e-05,StarLightCurves,6352
0,0,0.1,tshap_centroid,mrsqm,0.0,0.0,0.14453125,-5.358831142605983,-2.4304606921385465,0,0,0.23600740000256337,2.9405004170257598e-05,StarLightCurves,6352
0,0,0.2,tshap_centroid,mrsqm,0.4186851211072664,0.5902439024390244,0.08203125,-4.581186336551253,-2.6257682126726216,0,0,0.23600740000256337,2.9405004170257598e-05,StarLightCurves,6352
0,0,0.05,tshap_zero,tshap_train,0.0,0.0,0.3271484375,-5.6380678432107825,-5.640763857784701,0,0,0.24174955299531575,4.56017936799617,StarLightCurves,6352
0,0,0.1,tshap_zero,tshap_train,0.0,0.0,0.3193359375,-5.486869714738299,-5.4759003789762914,0,0,0.24174955299531575,4.56017936799617,StarLightCurves,6352
0,0,0.2,tshap_zero,tshap_train,0.0,0.0,0.302734375,-5.1502489657304,-3.478077587219646,0,0,0.24174955299531575,4.56017936799617,StarLightCurves,6352
0,0,0.05,tshap_zero,mrsqm,0.0,0.0,0.51953125,-5.6380678432107825,-2.4943229729292673,0,0,0.24174955299531575,2.9405004170257598e-05,StarLightCurves,6352
0,0,0.1,tshap_zero,mrsqm,0.0,0.0,0.49609375,-5.486869714738299,-2.4304606921385465,0,0,0.24174955299531575,2.9405004170257598e-05,StarLightCurves,6352
0,0,0.2,tshap_zero,mrsqm,0.0,0.0,0.4619140625,-5.1502489657304,-2.6257682126726216,0,0,0.24174955299531575,2.9405004170257598e-05,StarLightCurves,6352
0,0,0.05,tshap_train,mrsqm,0.0,0.0,0.1923828125,-5.640763857784701,-2.4943229729292673,0,0,4.56017936799617,2.9405004170257598e-05,StarLightCurves,6352
0,0,0.1,tshap_train,mrsqm,0.0,0.0,0.1767578125,-5.4759003789762914,-2.4304606921385465,0,0,4.56017936799617,2.9405004170257598e-05,StarLightCurves,6352
0,0,0.2,tshap_train,mrsqm,0.11413043478260869,0.2048780487804878,0.1591796875,-3.478077587219646,-2.6257682126726216,0,0,4.56017936799617,2.9405004170257598e-05,StarLightCurves,6352
0,0,0.05,hydra,shapley_sampling,0.7586206896551724,0.8627450980392157,0.0068359375,-6.396897972562444,-6.344083839989618,0,0,0.6508349959985935,1.0983352109979023,StarLightCurves,5899
0,0,0.1,hydra,shapley_sampling,0.9428571428571428,0.9705882352941176,0.0029296875,-5.8698337005789964,-5.940634755713742,0,0,0.6508349959985935,1.0983352109979023,StarLightCurves,5899
0,0,0.2,hydra,shapley_sampling,0.8894009216589862,0.9414634146341463,0.01171875,-3.900260440101678,-3.5609707342635186,0,0,0.6508349959985935,1.0983352109979023,StarLightCurves,5899
0,0,0.05,hydra,feature_ablation,0.0,0.0,0.142578125,-6.396897972562444,-3.182487760885345,0,0,0.6508349959985935,0.046157746997778304,StarLightCurves,5899
0,0,0.1,hydra,feature_ablation,0.014925373134328358,0.029411764705882353,0.0966796875,-5.8698337005789964,-4.383936927228725,0,0,0.6508349959985935,0.046157746997778304,StarLightCurves,5899
0,0,0.2,hydra,feature_ablation,0.3898305084745763,0.5609756097560976,0.087890625,-3.900260440101678,-5.544809519870854,0,0,0.6508349959985935,0.046157746997778304,StarLightCurves,5899
0,0,0.05,hydra,tshap_centroid,0.0,0.0,0.2744140625,-6.396897972562444,-5.599012774102676,0,0,0.6508349959985935,0.2451276499996311,StarLightCurves,5899
0,0,0.1,hydra,tshap_centroid,0.0,0.0,0.2666015625,-5.8698337005789964,-5.423103498023167,0,0,0.6508349959985935,0.2451276499996311,StarLightCurves,5899
0,0,0.2,hydra,tshap_centroid,0.0,0.0,0.2626953125,-3.900260440101678,-5.063089083607079,0,0,0.6508349959985935,0.2451276499996311,StarLightCurves,5899
0,0,0.05,hydra,tshap_zero,0.0,0.0,0.0791015625,-6.396897972562444,-5.5553366128491275,0,0,0.6508349959985935,0.2453624019981362,StarLightCurves,5899
0,0,0.1,hydra,tshap_zero,0.0,0.0,0.1044921875,-5.8698337005789964,-5.417905948831999,0,0,0.6508349959985935,0.2453624019981362,StarLightCurves,5899
0,0,0.2,hydra,tshap_zero,0.23867069486404835,0.3853658536585366,0.123046875,-3.900260440101678,-5.303313476595787,0,0,0.6508349959985935,0.2453624019981362,StarLightCurves,5899
0,0,0.05,hydra,tshap_train,0.0,0.0,0.064453125,-6.396897972562444,-4.88710611214153,0,0,0.6508349959985935,4.575325426005293,StarLightCurves,5899
0,0,0.1,hydra,tshap_train,0.3076923076923077,0.47058823529411764,0.052734375,-5.8698337005789964,-4.107351024790882,0,0,0.6508349959985935,4.575325426005293,StarLightCurves,5899
0,0,0.2,hydra,tshap_train,0.4186851211072664,0.5902439024390244,0.08203125,-3.900260440101678,-5.473113627810001,0,0,0.6508349959985935,4.575325426005293,StarLightCurves,5899
0,0,0.05,hydra,mrsqm,0.0,0.0,0.4453125,-6.396897972562444,-2.495235936671172,0,0,0.6508349959985935,2.5747998734004796e-05,StarLightCurves,5899
0,0,0.1,hydra,mrsqm,0.0,0.0,0.3994140625,-5.8698337005789964,-2.5981261480609197,0,0,0.6508349959985935,2.5747998734004796e-05,StarLightCurves,5899
0,0,0.2,hydra,mrsqm,0.0,0.0,0.3408203125,-3.900260440101678,-2.9999818081865275,0,0,0.6508349959985935,2.5747998734004796e-05,StarLightCurves,5899
0,0,0.05,shapley_sampling,feature_ablation,0.0,0.0,0.1494140625,-6.344083839989618,-3.182487760885345,0,0,1.0983352109979023,0.046157746997778304,StarLightCurves,5899
0,0,0.1,shapley_sampling,feature_ablation,0.0,0.0,0.099609375,-5.940634755713742,-4.383936927228725,0,0,1.0983352109979023,0.046157746997778304,StarLightCurves,5899
0,0,0.2,shapley_sampling,feature_ablation,0.3355048859934853,0.5024390243902439,0.099609375,-3.5609707342635186,-5.544809519870854,0,0,1.0983352109979023,0.046157746997778304,StarLightCurves,5899
0,0,0.05,shapley_sampling,tshap_centroid,0.0,0.0,0.28125,-6.344083839989618,-5.599012774102676,0,0,1.0983352109979023,0.2451276499996311,StarLightCurves,5899
0,0,0.1,shapley_sampling,tshap_centroid,0.0,0.0,0.26953125,-5.940634755713742,-5.423103498023167,0,0,1.0983352109979023,0.2451276499996311,StarLightCurves,5899
0,0,0.2,shapley_sampling,tshap_centroid,0.0,0.0,0.2744140625,-3.5609707342635186,-5.063089083607079,0,0,1.0983352109979023,0.2451276499996311,StarLightCurves,5899
0,0,0.05,shapley_sampling,tshap_zero,0.0,0.0,0.072265625,-6.344083839989618,-5.5553366128491275,0,0,1.0983352109979023,0.2453624019981362,StarLightCurves,5899
0,0,0.1,shapley_sampling,tshap_zero,0.0,0.0,0.1015625,-5.940634755713742,-5.417905948831999,0,0,1.0983352109979023,0.2453624019981362,StarLightCurves,5899
0,0,0.2,shapley_sampling,tshap_zero,0.2852664576802508,0.44390243902439025,0.111328125,-3.5609707342635186,-5.303313476595787,0,0,1.0983352109979023,0.2453624019981362,StarLightCurves,5899
0,0,0.05,shapley_sampling,tshap_train,0.0,0.0,0.0712890625,-6.344083839989618,-4.88710611214153,0,0,1.0983352109979023,4.575325426005293,StarLightCurves,5899
0,0,0.1,shapley_sampling,tshap_train,0.2830188679245283,0.4411764705882353,0.0556640625,-5.940634755713742,-4.107351024790882,0,0,1.0983352109979023,4.575325426005293,StarLightCurves,5899
0,0,0.2,shapley_sampling,tshap_train,0.36212624584717606,0.5317073170731708,0.09375,-3.5609707342635186,-5.473113627810001,0,0,1.0983352109979023,4.575325426005293,StarLightCurves,5899
0,0,0.05,shapley_sampling,mrsqm,0.0,0.0,0.4521484375,-6.344083839989618,-2.495235936671172,0,0,1.0983352109979023,2.5747998734004796e-05,StarLightCurves,5899
0,0,0.1,shapley_sampling,mrsqm,0.0,0.0,0.40234375,-5.940634755713742,-2.5981261480609197,0,0,1.0983352109979023,2.5747998734004796e-05,StarLightCurves,5899
0,0,0.2,shapley_sampling,mrsqm,0.0,0.0,0.3525390625,-3.5609707342635186,-2.9999818081865275,0,0,1.0983352109979023,2.5747998734004796e-05,StarLightCurves,5899
0,0,0.05,feature_ablation,tshap_centroid,0.0,0.0,0.1318359375,-3.182487760885345,-5.599012774102676,0,0,0.046157746997778304,0.2451276499996311,StarLightCurves,5899
0,0,0.1,feature_ablation,tshap_centroid,0.0,0.0,0.169921875,-4.383936927228725,-5.423103498023167,0,0,0.046157746997778304,0.2451276499996311,StarLightCurves,5899
0,0,0.2,feature_ablation,tshap_centroid,0.06770833333333333,0.12682926829268293,0.1748046875,-5.544809519870854,-5.063089083607079,0,0,0.046157746997778304,0.2451276499996311,StarLightCurves,5899
0,0,0.05,feature_ablation,tshap_zero,0.0,0.0,0.2216796875,-3.182487760885345,-5.5553366128491275,0,0,0.046157746997778304,0.2453624019981362,StarLightCurves,5899
0,0,0.1,feature_ablation,tshap_zero,0.0,0.0,0.201171875,-4.383936927228725,-5.417905948831999,0,0,0.046157746997778304,0.2453624019981362,StarLightCurves,5899
0,0,0.2,feature_ablation,tshap_zero,0.0,0.0,0.2109375,-5.544809519870854,-5.303313476595787,0,0,0.046157746997778304,0.2453624019981362,StarLightCurves,5899
0,0,0.05,feature_ablation,tshap_train,0.0,0.0,0.078125,-3.182487760885345,-4.88710611214153,0,0,0.046157746997778304,4.575325426005293,StarLightCurves,5899
0,0,0.1,feature_ablation,tshap_train,0.3877551020408163,0.5588235294117647,0.0439453125,-4.383936927228725,-4.107351024790882,0,0,0.046157746997778304,4.575325426005293,StarLightCurves,5899
0,0,0.2,feature_ablation,tshap_train,0.943127962085308,0.9707317073170731,0.005859375,-5.544809519870854,-5.473113627810001,0,0,0.046157746997778304,4.575325426005293,StarLightCurves,5899
0,0,0.05,feature_ablation,mrsqm,0.0,0.0,0.302734375,-3.182487760885345,-2.495235936671172,0,0,0.046157746997778304,2.5747998734004796e-05,StarLightCurves,5899
0,0,0.1,feature_ablation,mrsqm,0.0,0.0,0.302734375,-4.383936927228725,-2.5981261480609197,0,0,0.046157746997778304,2.5747998734004796e-05,StarLightCurves,5899
0,0,0.2,feature_ablation,mrsqm,0.0,0.0,0.2529296875,-5.544809519870854,-2.9999818081865275,0,0,0.046157746997778304,2.5747998734004796e-05,StarLightCurves,5899
0,0,0.05,tshap_centroid,tshap_zero,0.0,0.0,0.353515625,-5.599012774102676,-5.5553366128491275,0,0,0.2451276499996311,0.2453624019981362,StarLightCurves,5899
0,0,0.1,tshap_centroid,tshap_zero,0.0,0.0,0.37109375,-5.423103498023167,-5.417905948831999,0,0,0.2451276499996311,0.2453624019981362,StarLightCurves,5899
0,0,0.2,tshap_centroid,tshap_zero,0.0,0.0,0.3857421875,-5.063089083607079,-5.303313476595787,0,0,0.2451276499996311,0.2453624019981362,StarLightCurves,5899
0,0,0.05,tshap_centroid,tshap_train,0.0,0.0,0.2099609375,-5.599012774102676,-4.88710611214153,0,0,0.2451276499996311,4.575325426005293,StarLightCurves,5899
0,0,0.1,tshap_centroid,tshap_train,0.0,0.0,0.2138671875,-5.423103498023167,-4.107351024790882,0,0,0.2451276499996311,4.575325426005293,StarLightCurves,5899
0,0,0.2,tshap_centroid,tshap_train,0.05128205128205128,0.0975609756097561,0.1806640625,-5.063089083607079,-5.473113627810001,0,0,0.2451276499996311,4.575325426005293,StarLightCurves,5899
0,0,0.05,tshap_centroid,mrsqm,0.0,0.0,0.1708984375,-5.599012774102676,-2.495235936671172,0,0,0.2451276499996311,2.5747998734004796e-05,StarLightCurves,5899
0,0,0.1,tshap_centroid,mrsqm,0.0,0.0,0.1328125,-5.423103498023167,-2.5981261480609197,0,0,0.2451276499996311,2.5747998734004796e-05,StarLightCurves,5899
0,0,0.2,tshap_centroid,mrsqm,0.43859649122807015,0.6097560975609756,0.078125,-5.063089083607079,-2.9999818081865275,0,0,0.2451276499996311,2.5747998734004796e-05,StarLightCurves,5899
0,0,0.05,tshap_zero,tshap_train,0.0,0.0,0.1435546875,-5.5553366128491275,-4.88710611214153,0,0,0.2453624019981362,4.575325426005293,StarLightCurves,5899
0,0,0.1,tshap_zero,tshap_train,0.0,0.0,0.1572265625,-5.417905948831999,-4.107351024790882,0,0,0.2453624019981362,4.575325426005293,StarLightCurves,5899
0,0,0.2,tshap_zero,tshap_train,0.0,0.0,0.205078125,-5.303313476595787,-5.473113627810001,0,0,0.2453624019981362,4.575325426005293,StarLightCurves,5899
0,0,0.05,tshap_zero,mrsqm,0.0,0.0,0.5244140625,-5.5553366128491275,-2.495235936671172,0,0,0.2453624019981362,2.5747998734004796e-05,StarLightCurves,5899
0,0,0.1,tshap_zero,mrsqm,0.0,0.0,0.50390625,-5.417905948831999,-2.5981261480609197,0,0,0.2453624019981362,2.5747998734004796e-05,StarLightCurves,5899
0,0,0.2,tshap_zero,mrsqm,0.0,0.0,0.4638671875,-5.303313476595787,-2.9999818081865275,0,0,0.2453624019981362,2.5747998734004796e-05,StarLightCurves,5899
0,0,0.05,tshap_train,mrsqm,0.0,0.0,0.380859375,-4.88710611214153,-2.495235936671172,0,0,4.575325426005293,2.5747998734004796e-05,StarLightCurves,5899
0,0,0.1,tshap_train,mrsqm,0.0,0.0,0.3466796875,-4.107351024790882,-2.5981261480609197,0,0,4.575325426005293,2.5747998734004796e-05,StarLightCurves,5899
0,0,0.2,tshap_train,mrsqm,0.0,0.0,0.2587890625,-5.473113627810001,-2.9999818081865275,0,0,4.575325426005293,2.5747998734004796e-05,StarLightCurves,5899
0,0,0.05,hydra,shapley_sampling,0.0,0.0,0.1708984375,-4.9224303444253525,-5.005580389503427,0,0,0.6585687409969978,1.112301966000814,StarLightCurves,1657
0,0,0.1,hydra,shapley_sampling,0.5223880597014925,0.6862745098039216,0.03125,-4.155490074541987,-4.538206809718776,0,0,0.6585687409969978,1.112301966000814,StarLightCurves,1657
0,0,0.2,hydra,shapley_sampling,0.15819209039548024,0.2731707317073171,0.1455078125,-3.652667662884683,-4.527678489779188,0,0,0.6585687409969978,1.112301966000814,StarLightCurves,1657
0,0,0.05,hydra,feature_ablation,0.0,0.0,0.71875,-4.9224303444253525,-2.929609413530278,0,0,0.6585687409969978,0.04743287000019336,StarLightCurves,1657
0,0,0.1,hydra,feature_ablation,0.6721311475409836,0.803921568627451,0.01953125,-4.155490074541987,-3.8028615064700557,0,0,0.6585687409969978,0.04743287000019336,StarLightCurves,1657
0,0,0.2,hydra,feature_ablation,0.9339622641509434,0.9658536585365853,0.0068359375,-3.652667662884683,-2.846314210349553,0,0,0.6585687409969978,0.04743287000019336,StarLightCurves,1657
0,0,0.05,hydra,tshap_centroid,0.0,0.0,0.2353515625,-4.9224303444253525,-3.4172377271682293,0,0,0.6585687409969978,0.2467799539954285,StarLightCurves,1657
0,0,0.1,hydra,tshap_centroid,0.0,0.0,0.2763671875,-4.155490074541987,-2.54232520532821,0,0,0.6585687409969978,0.2467799539954285,StarLightCurves,1657
0,0,0.2,hydra,tshap_centroid,0.0,0.0,0.3251953125,-3.652667662884683,-3.218820550530841,0,0,0.6585687409969978,0.2467799539954285,StarLightCurves,1657
0,0,0.05,hydra,tshap_zero,0.0,0.0,0.5146484375,-4.9224303444253525,-5.831987830839129,0,0,0.6585687409969978,0.2465743070060853,StarLightCurves,1657
0,0,0.1,hydra,tshap_zero,0.0,0.0,0.5537109375,-4.155490074541987,-5.499840815458338,0,0,0.6585687409969978,0.2465743070060853,StarLightCurves,1657
0,0,0.2,hydra,tshap_zero,0.0,0.0,0.5732421875,-3.652667662884683,-4.439370675317132,0,0,0.6585687409969978,0.2465743070060853,StarLightCurves,1657
0,0,0.05,hydra,tshap_train,0.0,0.0,0.5400390625,-4.9224303444253525,-5.792440702002523,0,0,0.6585687409969978,4.588632848004636,StarLightCurves,1657
0,0,0.1,hydra,tshap_train,0.0,0.0,0.578125,-4.155490074541987,-5.594271670801328,0,0,0.6585687409969978,4.588632848004636,StarLightCurves,1657
0,0,0.2,hydra,tshap_train,0.0,0.0,0.5751953125,-3.652667662884683,-4.431896364401718,0,0,0.6585687409969978,4.588632848004636,StarLightCurves,1657
0,0,0.05,hydra,mrsqm,0.0,0.0,0.1318359375,-4.9224303444253525,-2.160541253302054,0,0,0.6585687409969978,2.8182999812997878e-05,StarLightCurves,1657
0,0,0.1,hydra,mrsqm,0.1724137931034483,0.29411764705882354,0.0703125,-4.155490074541987,-2.362244748556693,0,0,0.6585687409969978,2.8182999812997878e-05,StarLightCurves,1657
0,0,0.2,hydra,mrsqm,0.9339622641509434,0.9658536585365853,0.0068359375,-3.652667662884683,-2.8463142182521284,0,0,0.6585687409969978,2.8182999812997878e-05,StarLightCurves,1657
0,0,0.05,shapley_sampling,feature_ablation,0.0,0.0,0.5478515625,-5.005580389503427,-2.929609413530278,0,0,1.112301966000814,0.04743287000019336,StarLightCurves,1657
0,0,0.1,shapley_sampling,feature_ablation,0.3246753246753247,0.49019607843137253,0.05078125,-4.538206809718776,-3.8028615064700557,0,0,1.112301966000814,0.04743287000019336,StarLightCurves,1657
0,0,0.2,shapley_sampling,feature_ablation,0.13573407202216067,0.23902439024390243,0.15234375,-4.527678489779188,-2.846314210349553,0,0,1.112301966000814,0.04743287000019336,StarLightCurves,1657
0,0,0.05,shapley_sampling,tshap_centroid,0.0,0.0,0.064453125,-5.005580389503427,-3.4172377271682293,0,0,1.112301966000814,0.2467799539954285,StarLightCurves,1657
0,0,0.1,shapley_sampling,tshap_centroid,0.0,0.0,0.2451171875,-4.538206809718776,-2.54232520532821,0,0,1.112301966000814,0.2467799539954285,StarLightCurves,1657
0,0,0.2,shapley_sampling,tshap_centroid,0.05398457583547558,0.1024390243902439,0.1796875,-4.527678489779188,-3.218820550530841,0,0,1.112301966000814,0.2467799539954285,StarLightCurves,1657
0,0,0.05,shapley_sampling,tshap_zero,0.0,0.0,0.34375,-5.005580389503427,-5.831987830839129,0,0,1.112301966000814,0.2465743070060853,StarLightCurves,1657
0,0,0.1,shapley_sampling,tshap_zero,0.0,0.0,0.5224609375,-4.538206809718776,-5.499840815458338,0,0,1.112301966000814,0.2465743070060853,StarLightCurves,1657
0,0,0.2,shapley_sampling,tshap_zero,0.0,0.0,0.427734375,-4.527678489779188,-4.439370675317132,0,0,1.112301966000814,0.2465743070060853,StarLightCurves,1657
0,0,0.05,shapley_sampling,tshap_train,0.0,0.0,0.369140625,-5.005580389503427,-5.792440702002523,0,0,1.112301966000814,4.588632848004636,StarLightCurves,1657
0,0,0.1,shapley_sampling,tshap_train,0.0,0.0,0.546875,-4.538206809718776,-5.594271670801328,0,0,1.112301966000814,4.588632848004636,StarLightCurves,1657
0,0,0.2,shapley_sampling,tshap_train,0.0,0.0,0.4296875,-4.527678489779188,-4.431896364401718,0,0,1.112301966000814,4.588632848004636,StarLightCurves,1657
0,0,0.05,shapley_sampling,mrsqm,0.0,0.0,0.302734375,-5.005580389503427,-2.160541253302054,0,0,1.112301966000814,2.8182999812997878e-05,StarLightCurves,1657
0,0,0.1,shapley_sampling,mrsqm,0.0,0.0,0.1015625,-4.538206809718776,-2.362244748556693,0,0,1.112301966000814,2.8182999812997878e-05,StarLightCurves,1657
0,0,0.2,shapley_sampling,mrsqm,0.13573407202216067,0.23902439024390243,0.15234375,-4.527678489779188,-2.8463142182521284,0,0,1.112301966000814,2.8182999812997878e-05,StarLightCurves,1657
0,0,0.05,feature_ablation,tshap_centroid,0.0,0.0,0.4833984375,-2.929609413530278,-3.4172377271682293,0,0,0.04743287000019336,0.2467799539954285,StarLightCurves,1657
0,0,0.1,feature_ablation,tshap_centroid,0.0,0.0,0.2958984375,-3.8028615064700557,-2.54232520532821,0,0,0.04743287000019336,0.2467799539954285,StarLightCurves,1657
0,0,0.2,feature_ablation,tshap_centroid,0.0,0.0,0.33203125,-2.846314210349553,-3.218820550530841,0,0,0.04743287000019336,0.2467799539954285,StarLightCurves,1657
0,0,0.05,feature_ablation,tshap_zero,0.0,0.0,0.2041015625,-2.929609413530278,-5.831987830839129,0,0,0.04743287000019336,0.2465743070060853,StarLightCurves,1657
0,0,0.1,feature_ablation,tshap_zero,0.0,0.0,0.5732421875,-3.8028615064700557,-5.499840815458338,0,0,0.04743287000019336,0.2465743070060853,StarLightCurves,1657
0,0,0.2,feature_ablation,tshap_zero,0.0,0.0,0.580078125,-2.846314210349553,-4.439370675317132,0,0,0.04743287000019336,0.2465743070060853,StarLightCurves,1657
0,0,0.05,feature_ablation,tshap_train,0.0,0.0,0.1787109375,-2.929609413530278,-5.792440702002523,0,0,0.04743287000019336,4.588632848004636,StarLightCurves,1657
0,0,0.1,feature_ablation,tshap_train,0.0,0.0,0.59765625,-3.8028615064700557,-5.594271670801328,0,0,0.04743287000019336,4.588632848004636,StarLightCurves,1657
0,0,0.2,feature_ablation,tshap_train,0.0,0.0,0.58203125,-2.846314210349553,-4.431896364401718,0,0,0.04743287000019336,4.588632848004636,StarLightCurves,1657
0,0,0.05,feature_ablation,mrsqm,0.0,0.0,0.8505859375,-2.929609413530278,-2.160541253302054,0,0,0.04743287000019336,2.8182999812997878e-05,StarLightCurves,1657
0,0,0.1,feature_ablation,mrsqm,0.3246753246753247,0.49019607843137253,0.05078125,-3.8028615064700557,-2.362244748556693,0,0,0.04743287000019336,2.8182999812997878e-05,StarLightCurves,1657
0,0,0.2,feature_ablation,mrsqm,1.0,1.0,0.0,-2.846314210349553,-2.8463142182521284,0,0,0.04743287000019336,2.8182999812997878e-05,StarLightCurves,1657
0,0,0.05,tshap_centroid,tshap_zero,0.0,0.0,0.279296875,-3.4172377271682293,-5.831987830839129,0,0,0.2467799539954285,0.2465743070060853,StarLightCurves,1657
0,0,0.1,tshap_centroid,tshap_zero,0.0,0.0,0.27734375,-2.54232520532821,-5.499840815458338,0,0,0.2467799539954285,0.2465743070060853,StarLightCurves,1657
0,0,0.2,tshap_centroid,tshap_zero,0.0,0.0,0.248046875,-3.218820550530841,-4.439370675317132,0,0,0.2467799539954285,0.2465743070060853,StarLightCurves,1657
0,0,0.05,tshap_centroid,tshap_train,0.0,0.0,0.3046875,-3.4172377271682293,-5.792440702002523,0,0,0.2467799539954285,4.588632848004636,StarLightCurves,1657
0,0,0.1,tshap_centroid,tshap_train,0.0,0.0,0.3017578125,-2.54232520532821,-5.594271670801328,0,0,0.2467799539954285,4.588632848004636,StarLightCurves,1657
0,0,0.2,tshap_centroid,tshap_train,0.0,0.0,0.25,-3.218820550530841,-4.431896364401718,0,0,0.2467799539954285,4.588632848004636,StarLightCurves,1657
0,0,0.05,tshap_centroid,mrsqm,0.0,0.0,0.3671875,-3.4172377271682293,-2.160541253302054,0,0,0.2467799539954285,2.8182999812997878e-05,StarLightCurves,1657
0,0,0.1,tshap_centroid,mrsqm,0.0,0.0,0.3466796875,-2.54232520532821,-2.362244748556693,0,0,0.2467799539954285,2.8182999812997878e-05,StarLightCurves,1657
0,0,0.2,tshap_centroid,mrsqm,0.0,0.0,0.33203125,-3.218820550530841,-2.8463142182521284,0,0,0.2467799539954285,2.8182999812997878e-05,StarLightCurves,1657
0,0,0.05,tshap_zero,tshap_train,0.3246753246753247,0.49019607843137253,0.025390625,-5.831987830839129,-5.792440702002523,0,0,0.2465743070060853,4.588632848004636,StarLightCurves,1657
0,0,0.1,tshap_zero,tshap_train,0.6062992125984252,0.7549019607843137,0.0244140625,-5.499840815458338,-5.594271670801328,0,0,0.2465743070060853,4.588632848004636,StarLightCurves,1657
0,0,0.2,tshap_zero,tshap_train,0.9806763285024155,0.9902439024390244,0.001953125,-4.439370675317132,-4.431896364401718,0,0,0.2465743070060853,4.588632848004636,StarLightCurves,1657
0,0,0.05,tshap_zero,mrsqm,0.0,0.0,0.646484375,-5.831987830839129,-2.160541253302054,0,0,0.2465743070060853,2.8182999812997878e-05,StarLightCurves,1657
0,0,0.1,tshap_zero,mrsqm,0.0,0.0,0.6240234375,-5.499840815458338,-2.362244748556693,0,0,0.2465743070060853,2.8182999812997878e-05,StarLightCurves,1657
0,0,0.2,tshap_zero,mrsqm,0.0,0.0,0.580078125,-4.439370675317132,-2.8463142182521284,0,0,0.2465743070060853,2.8182999812997878e-05,StarLightCurves,1657
0,0,0.05,tshap_train,mrsqm,0.0,0.0,0.671875,-5.792440702002523,-2.160541253302054,0,0,4.588632848004636,2.8182999812997878e-05,StarLightCurves,1657
0,0,0.1,tshap_train,mrsqm,0.0,0.0,0.6484375,-5.594271670801328,-2.362244748556693,0,0,4.588632848004636,2.8182999812997878e-05,StarLightCurves,1657
0,0,0.2,tshap_train,mrsqm,0.0,0.0,0.58203125,-4.431896364401718,-2.8463142182521284,0,0,4.588632848004636,2.8182999812997878e-05,StarLightCurves,1657
2,2,0.05,hydra,shapley_sampling,0.0,0.0,0.0712890625,5.26757781820998,4.3307453795018205,1,1,0.6628830629997537,1.0803929440007778,StarLightCurves,8027
2,2,0.1,hydra,shapley_sampling,0.19298245614035087,0.3235294117647059,0.0673828125,5.006739051919153,3.1863102476563547,1,1,0.6628830629997537,1.0803929440007778,StarLightCurves,8027
2,2,0.2,hydra,shapley_sampling,0.05398457583547558,0.1024390243902439,0.1796875,5.782284600984929,5.0303621350218375,1,1,0.6628830629997537,1.0803929440007778,StarLightCurves,8027
2,2,0.05,hydra,feature_ablation,0.0,0.0,0.23046875,5.26757781820998,4.696924982328647,1,1,0.6628830629997537,0.04790054100158159,StarLightCurves,8027
2,2,0.1,hydra,feature_ablation,0.0,0.0,0.6318359375,5.006739051919153,5.313964633253997,1,1,0.6628830629997537,0.04790054100158159,StarLightCurves,8027
2,2,0.2,hydra,feature_ablation,0.0,0.0,0.5771484375,5.782284600984929,4.316946794404531,1,1,0.6628830629997537,0.04790054100158159,StarLightCurves,8027
2,2,0.05,hydra,tshap_centroid,0.21428571428571427,0.35294117647058826,0.0322265625,5.26757781820998,5.238000012698374,1,1,0.6628830629997537,0.24147815100150183,StarLightCurves,8027
2,2,0.1,hydra,tshap_centroid,0.29936305732484075,0.46078431372549017,0.0537109375,5.006739051919153,5.607779766686643,1,1,0.6628830629997537,0.24147815100150183,StarLightCurves,8027
2,2,0.2,hydra,tshap_centroid,0.6666666666666666,0.8,0.0400390625,5.782284600984929,5.766454549926228,1,1,0.6628830629997537,0.24147815100150183,StarLightCurves,8027
2,2,0.05,hydra,tshap_zero,0.0,0.0,0.755859375,5.26757781820998,2.825456736239618,1,1,0.6628830629997537,0.24370812499546446,StarLightCurves,8027
2,2,0.1,hydra,tshap_zero,0.0,0.0,0.7705078125,5.006739051919153,3.119456778509894,1,1,0.6628830629997537,0.24370812499546446,StarLightCurves,8027
2,2,0.2,hydra,tshap_zero,0.0,0.0,0.6884765625,5.782284600984929,3.8836819837598897,1,1,0.6628830629997537,0.24370812499546446,StarLightCurves,8027
2,2,0.05,hydra,tshap_train,0.7,0.8235294117647058,0.0087890625,5.26757781820998,4.926454336782914,1,1,0.6628830629997537,4.576779215996794,StarLightCurves,8027
2,2,0.1,hydra,tshap_train,0.6062992125984252,0.7549019607843137,0.0244140625,5.006739051919153,5.402932734543248,1,1,0.6628830629997537,4.576779215996794,StarLightCurves,8027
2,2,0.2,hydra,tshap_train,0.9806763285024155,0.9902439024390244,0.001953125,5.782284600984929,5.735475721477746,1,1,0.6628830629997537,4.576779215996794,StarLightCurves,8027
2,2,0.05,hydra,mrsqm,0.0,0.0,0.1220703125,5.26757781820998,2.389181940781931,1,1,0.6628830629997537,2.742200013017282e-05,StarLightCurves,8027
2,2,0.1,hydra,mrsqm,0.1791907514450867,0.30392156862745096,0.0693359375,5.006739051919153,2.6960561087350357,1,1,0.6628830629997537,2.742200013017282e-05,StarLightCurves,8027
2,2,0.2,hydra,mrsqm,0.4642857142857143,0.6341463414634146,0.0732421875,5.782284600984929,3.489152184039552,1,1,0.6628830629997537,2.742200013017282e-05,StarLightCurves,8027
2,2,0.05,shapley_sampling,feature_ablation,0.0,0.0,0.3017578125,4.3307453795018205,4.696924982328647,1,1,1.0803929440007778,0.04790054100158159,StarLightCurves,8027
2,2,0.1,shapley_sampling,feature_ablation,0.0,0.0,0.69921875,3.1863102476563547,5.313964633253997,1,1,1.0803929440007778,0.04790054100158159,StarLightCurves,8027
2,2,0.2,shapley_sampling,feature_ablation,0.0,0.0,0.3974609375,5.0303621350218375,4.316946794404531,1,1,1.0803929440007778,0.04790054100158159,StarLightCurves,8027
2,2,0.05,shapley_sampling,tshap_centroid,0.0,0.0,0.103515625,4.3307453795018205,5.238000012698374,1,1,1.0803929440007778,0.24147815100150183,StarLightCurves,8027
2,2,0.1,shapley_sampling,tshap_centroid,0.0,0.0,0.12109375,3.1863102476563547,5.607779766686643,1,1,1.0803929440007778,0.24147815100150183,StarLightCurves,8027
2,2,0.2,shapley_sampling,tshap_centroid,0.1781609195402299,0.3024390243902439,0.1396484375,5.0303621350218375,5.766454549926228,1,1,1.0803929440007778,0.24147815100150183,StarLightCurves,8027
2,2,0.05,shapley_sampling,tshap_zero,0.0,0.0,0.8271484375,4.3307453795018205,2.825456736239618,1,1,1.0803929440007778,0.24370812499546446,StarLightCurves,8027
2,2,0.1,shapley_sampling,tshap_zero,0.0,0.0,0.837890625,3.1863102476563547,3.119456778509894,1,1,1.0803929440007778,0.24370812499546446,StarLightCurves,8027
2,2,0.2,shapley_sampling,tshap_zero,0.0,0.0,0.5087890625,5.0303621350218375,3.8836819837598897,1,1,1.0803929440007778,0.24370812499546446,StarLightCurves,8027
2,2,0.05,shapley_sampling,tshap_train,0.0,0.0,0.0625,4.3307453795018205,4.926454336782914,1,1,1.0803929440007778,4.576779215996794,StarLightCurves,8027
2,2,0.1,shapley_sampling,tshap_train,0.04081632653061224,0.0784313725490196,0.091796875,3.1863102476563547,5.402932734543248,1,1,1.0803929440007778,4.576779215996794,StarLightCurves,8027
2,2,0.2,shapley_sampling,tshap_train,0.059431524547803614,0.11219512195121951,0.177734375,5.0303621350218375,5.735475721477746,1,1,1.0803929440007778,4.576779215996794,StarLightCurves,8027
2,2,0.05,shapley_sampling,mrsqm,0.0,0.0,0.05078125,4.3307453795018205,2.389181940781931,1,1,1.0803929440007778,2.742200013017282e-05,StarLightCurves,8027
2,2,0.1,shapley_sampling,mrsqm,0.9615384615384616,0.9803921568627451,0.001953125,3.1863102476563547,2.6960561087350357,1,1,1.0803929440007778,2.742200013017282e-05,StarLightCurves,8027
2,2,0.2,shapley_sampling,mrsqm,0.0,0.0,0.2529296875,5.0303621350218375,3.489152184039552,1,1,1.0803929440007778,2.742200013017282e-05,StarLightCurves,8027
2,2,0.05,feature_ablation,tshap_centroid,0.0,0.0,0.1982421875,4.696924982328647,5.238000012698374,1,1,0.04790054100158159,0.24147815100150183,StarLightCurves,8027
2,2,0.1,feature_ablation,tshap_centroid,0.0,0.0,0.578125,5.313964633253997,5.607779766686643,1,1,0.04790054100158159,0.24147815100150183,StarLightCurves,8027
2,2,0.2,feature_ablation,tshap_centroid,0.0,0.0,0.537109375,4.316946794404531,5.766454549926228,1,1,0.04790054100158159,0.24147815100150183,StarLightCurves,8027
2,2,0.05,feature_ablation,tshap_zero,0.0,0.0,0.525390625,4.696924982328647,2.825456736239618,1,1,0.04790054100158159,0.24370812499546446,StarLightCurves,8027
2,2,0.1,feature_ablation,tshap_zero,0.0,0.0,0.138671875,5.313964633253997,3.119456778509894,1,1,0.04790054100158159,0.24370812499546446,StarLightCurves,8027
2,2,0.2,feature_ablation,tshap_zero,0.2852664576802508,0.44390243902439025,0.111328125,4.316946794404531,3.8836819837598897,1,1,0.04790054100158159,0.24370812499546446,StarLightCurves,8027
2,2,0.05,feature_ablation,tshap_train,0.0,0.0,0.2392578125,4.696924982328647,4.926454336782914,1,1,0.04790054100158159,4.576779215996794,StarLightCurves,8027
2,2,0.1,feature_ablation,tshap_train,0.0,0.0,0.607421875,5.313964633253997,5.402932734543248,1,1,0.04790054100158159,4.576779215996794,StarLightCurves,8027
2,2,0.2,feature_ablation,tshap_train,0.0,0.0,0.5751953125,4.316946794404531,5.735475721477746,1,1,0.04790054100158159,4.576779215996794,StarLightCurves,8027
2,2,0.05,feature_ablation,mrsqm,0.0,0.0,0.3525390625,4.696924982328647,2.389181940781931,1,1,0.04790054100158159,2.742200013017282e-05,StarLightCurves,8027
2,2,0.1,feature_ablation,mrsqm,0.0,0.0,0.701171875,5.313964633253997,2.6960561087350357,1,1,0.04790054100158159,2.742200013017282e-05,StarLightCurves,8027
2,2,0.2,feature_ablation,mrsqm,0.0,0.0,0.650390625,4.316946794404531,3.489152184039552,1,1,0.04790054100158159,2.742200013017282e-05,StarLightCurves,8027
2,2,0.05,tshap_centroid,tshap_zero,0.0,0.0,0.7236328125,5.238000012698374,2.825456736239618,1,1,0.24147815100150183,0.24370812499546446,StarLightCurves,8027
2,2,0.1,tshap_centroid,tshap_zero,0.0,0.0,0.716796875,5.607779766686643,3.119456778509894,1,1,0.24147815100150183,0.24370812499546446,StarLightCurves,8027
2,2,0.2,tshap_centroid,tshap_zero,0.0,0.0,0.6484375,5.766454549926228,3.8836819837598897,1,1,0.24147815100150183,0.24370812499546446,StarLightCurves,8027
2,2,0.05,tshap_centroid,tshap_train,0.0967741935483871,0.17647058823529413,0.041015625,5.238000012698374,4.926454336782914,1,1,0.24147815100150183,4.576779215996794,StarLightCurves,8027
2,2,0.1,tshap_centroid,tshap_train,0.5454545454545454,0.7058823529411765,0.029296875,5.607779766686643,5.402932734543248,1,1,0.24147815100150183,4.576779215996794,StarLightCurves,8027
2,2,0.2,tshap_centroid,tshap_train,0.680327868852459,0.8097560975609757,0.0380859375,5.766454549926228,5.735475721477746,1,1,0.24147815100150183,4.576779215996794,StarLightCurves,8027
2,2,0.05,tshap_centroid,mrsqm,0.0,0.0,0.154296875,5.238000012698374,2.389181940781931,1,1,0.24147815100150183,2.742200013017282e-05,StarLightCurves,8027
2,2,0.1,tshap_centroid,mrsqm,0.0,0.0,0.123046875,5.607779766686643,2.6960561087350357,1,1,0.24147815100150183,2.742200013017282e-05,StarLightCurves,8027
2,2,0.2,tshap_centroid,mrsqm,0.2772585669781931,0.43414634146341463,0.11328125,5.766454549926228,3.489152184039552,1,1,0.24147815100150183,2.742200013017282e-05,StarLightCurves,8027
2,2,0.05,tshap_zero,tshap_train,0.0,0.0,0.7646484375,2.825456736239618,4.926454336782914,1,1,0.24370812499546446,4.576779215996794,StarLightCurves,8027
2,2,0.1,tshap_zero,tshap_train,0.0,0.0,0.74609375,3.119456778509894,5.402932734543248,1,1,0.24370812499546446,4.576779215996794,StarLightCurves,8027
2,2,0.2,tshap_zero,tshap_train,0.0,0.0,0.6865234375,3.8836819837598897,5.735475721477746,1,1,0.24370812499546446,4.576779215996794,StarLightCurves,8027
2,2,0.05,tshap_zero,mrsqm,0.0,0.0,0.8779296875,2.825456736239618,2.389181940781931,1,1,0.24370812499546446,2.742200013017282e-05,StarLightCurves,8027
2,2,0.1,tshap_zero,mrsqm,0.0,0.0,0.83984375,3.119456778509894,2.6960561087350357,1,1,0.24370812499546446,2.742200013017282e-05,StarLightCurves,8027
2,2,0.2,tshap_zero,mrsqm,0.0,0.0,0.76171875,3.8836819837598897,3.489152184039552,1,1,0.24370812499546446,2.742200013017282e-05,StarLightCurves,8027
2,2,0.05,tshap_train,mrsqm,0.0,0.0,0.11328125,4.926454336782914,2.389181940781931,1,1,4.576779215996794,2.742200013017282e-05,StarLightCurves,8027
2,2,0.1,tshap_train,mrsqm,0.030303030303030304,0.058823529411764705,0.09375,5.402932734543248,2.6960561087350357,1,1,4.576779215996794,2.742200013017282e-05,StarLightCurves,8027
2,2,0.2,tshap_train,mrsqm,0.45390070921985815,0.624390243902439,0.0751953125,5.735475721477746,3.489152184039552,1,1,4.576779215996794,2.742200013017282e-05,StarLightCurves,8027
2,2,0.05,hydra,shapley_sampling,0.0,0.0,0.3330078125,6.023990735687897,4.412861649306048,1,1,0.6542195239962894,1.08982929999911,StarLightCurves,6910
2,2,0.1,hydra,shapley_sampling,0.0,0.0,0.3251953125,4.298002184411518,4.600424821530073,1,1,0.6542195239962894,1.08982929999911,StarLightCurves,6910
2,2,0.2,hydra,shapley_sampling,0.0,0.0,0.2626953125,3.693943178501875,5.213046728562655,1,1,0.6542195239962894,1.08982929999911,StarLightCurves,6910
2,2,0.05,hydra,feature_ablation,0.0,0.0,0.3330078125,6.023990735687897,4.412861647091406,1,1,0.6542195239962894,0.045849315996747464,StarLightCurves,6910
2,2,0.1,hydra,feature_ablation,0.0,0.0,0.3251953125,4.298002184411518,4.600424799900274,1,1,0.6542195239962894,0.045849315996747464,StarLightCurves,6910
2,2,0.2,hydra,feature_ablation,0.0,0.0,0.2626953125,3.693943178501875,5.2130467602784325,1,1,0.6542195239962894,0.045849315996747464,StarLightCurves,6910
2,2,0.05,hydra,tshap_centroid,0.43661971830985913,0.6078431372549019,0.01953125,6.023990735687897,5.712246981462311,1,1,0.6542195239962894,0.2404132439987734,StarLightCurves,6910
2,2,0.1,hydra,tshap_centroid,0.0,0.0,0.701171875,4.298002184411518,5.7706278094137025,1,1,0.6542195239962894,0.2404132439987734,StarLightCurves,6910
2,2,0.2,hydra,tshap_centroid,0.0,0.0,0.638671875,3.693943178501875,6.194875909432703,1,1,0.6542195239962894,0.2404132439987734,StarLightCurves,6910
2,2,0.05,hydra,tshap_zero,0.0,0.0,0.703125,6.023990735687897,4.025909843569643,1,1,0.6542195239962894,0.24293723099981435,StarLightCurves,6910
2,2,0.1,hydra,tshap_zero,0.0,0.0,0.4248046875,4.298002184411518,3.468916362883388,1,1,0.6542195239962894,0.24293723099981435,StarLightCurves,6910
2,2,0.2,hydra,tshap_zero,0.0,0.0,0.4033203125,3.693943178501875,4.682557465203752,1,1,0.6542195239962894,0.24293723099981435,StarLightCurves,6910
2,2,0.05,hydra,tshap_train,0.6721311475409836,0.803921568627451,0.009765625,6.023990735687897,5.918157472164305,1,1,0.6542195239962894,4.633306506999361,StarLightCurves,6910
2,2,0.1,hydra,tshap_train,0.0,0.0,0.2470703125,4.298002184411518,5.62129913849361,1,1,0.6542195239962894,4.633306506999361,StarLightCurves,6910
2,2,0.2,hydra,tshap_train,0.0,0.0,0.2314453125,3.693943178501875,5.920090420472782,1,1,0.6542195239962894,4.633306506999361,StarLightCurves,6910
2,2,0.05,hydra,mrsqm,0.0,0.0,0.1689453125,6.023990735687897,2.077404233200619,1,1,0.6542195239962894,2.8744005248881876e-05,StarLightCurves,6910
2,2,0.1,hydra,mrsqm,0.0,0.0,0.8271484375,4.298002184411518,2.6083445141065473,1,1,0.6542195239962894,2.8744005248881876e-05,StarLightCurves,6910
2,2,0.2,hydra,mrsqm,0.0,0.0,0.7646484375,3.693943178501875,3.024914560982368,1,1,0.6542195239962894,2.8744005248881876e-05,StarLightCurves,6910
2,2,0.05,shapley_sampling,feature_ablation,1.0,1.0,0.0,4.412861649306048,4.412861647091406,1,1,1.08982929999911,0.045849315996747464,StarLightCurves,6910
2,2,0.1,shapley_sampling,feature_ablation,1.0,1.0,0.0,4.600424821530073,4.600424799900274,1,1,1.08982929999911,0.045849315996747464,StarLightCurves,6910
2,2,0.2,shapley_sampling,feature_ablation,1.0,1.0,0.0,5.213046728562655,5.2130467602784325,1,1,1.08982929999911,0.045849315996747464,StarLightCurves,6910
2,2,0.05,shapley_sampling,tshap_centroid,0.0,0.0,0.3525390625,4.412861649306048,5.712246981462311,1,1,1.08982929999911,0.2404132439987734,StarLightCurves,6910
2,2,0.1,shapley_sampling,tshap_centroid,0.0,0.0,0.3759765625,4.600424821530073,5.7706278094137025,1,1,1.08982929999911,0.2404132439987734,StarLightCurves,6910
2,2,0.2,shapley_sampling,tshap_centroid,0.0,0.0,0.3759765625,5.213046728562655,6.194875909432703,1,1,1.08982929999911,0.2404132439987734,StarLightCurves,6910
2,2,0.05,shapley_sampling,tshap_zero,0.0,0.0,0.3701171875,4.412861649306048,4.025909843569643,1,1,1.08982929999911,0.24293723099981435,StarLightCurves,6910
2,2,0.1,shapley_sampling,tshap_zero,0.0,0.0,0.099609375,4.600424821530073,3.468916362883388,1,1,1.08982929999911,0.24293723099981435,StarLightCurves,6910
2,2,0.2,shapley_sampling,tshap_zero,0.17478510028653296,0.2975609756097561,0.140625,5.213046728562655,4.682557465203752,1,1,1.08982929999911,0.24293723099981435,StarLightCurves,6910
2,2,0.05,shapley_sampling,tshap_train,0.0,0.0,0.3427734375,4.412861649306048,5.918157472164305,1,1,1.08982929999911,4.633306506999361,StarLightCurves,6910
2,2,0.1,shapley_sampling,tshap_train,0.12087912087912088,0.21568627450980393,0.078125,4.600424821530073,5.62129913849361,1,1,1.08982929999911,4.633306506999361,StarLightCurves,6910
2,2,0.2,shapley_sampling,tshap_train,0.729957805907173,0.8439024390243902,0.03125,5.213046728562655,5.920090420472782,1,1,1.08982929999911,4.633306506999361,StarLightCurves,6910
2,2,0.05,shapley_sampling,mrsqm,0.0,0.0,0.501953125,4.412861649306048,2.077404233200619,1,1,1.08982929999911,2.8744005248881876e-05,StarLightCurves,6910
2,2,0.1,shapley_sampling,mrsqm,0.0,0.0,0.501953125,4.600424821530073,2.6083445141065473,1,1,1.08982929999911,2.8744005248881876e-05,StarLightCurves,6910
2,2,0.2,shapley_sampling,mrsqm,0.0,0.0,0.501953125,5.213046728562655,3.024914560982368,1,1,1.08982929999911,2.8744005248881876e-05,StarLightCurves,6910
2,2,0.05,feature_ablation,tshap_centroid,0.0,0.0,0.3525390625,4.412861647091406,5.712246981462311,1,1,0.045849315996747464,0.2404132439987734,StarLightCurves,6910
2,2,0.1,feature_ablation,tshap_centroid,0.0,0.0,0.3759765625,4.600424799900274,5.7706278094137025,1,1,0.045849315996747464,0.2404132439987734,StarLightCurves,6910
2,2,0.2,feature_ablation,tshap_centroid,0.0,0.0,0.3759765625,5.2130467602784325,6.194875909432703,1,1,0.045849315996747464,0.2404132439987734,StarLightCurves,6910
2,2,0.05,feature_ablation,tshap_zero,0.0,0.0,0.3701171875,4.412861647091406,4.025909843569643,1,1,0.045849315996747464,0.24293723099981435,StarLightCurves,6910
2,2,0.1,feature_ablation,tshap_zero,0.0,0.0,0.099609375,4.600424799900274,3.468916362883388,1,1,0.045849315996747464,0.24293723099981435,StarLightCurves,6910
2,2,0.2,feature_ablation,tshap_zero,0.17478510028653296,0.2975609756097561,0.140625,5.2130467602784325,4.682557465203752,1,1,0.045849315996747464,0.24293723099981435,StarLightCurves,6910
2,2,0.05,feature_ablation,tshap_train,0.0,0.0,0.3427734375,4.412861647091406,5.918157472164305,1,1,0.045849315996747464,4.633306506999361,StarLightCurves,6910
2,2,0.1,feature_ablation,tshap_train,0.12087912087912088,0.21568627450980393,0.078125,4.600424799900274,5.62129913849361,1,1,0.045849315996747464,4.633306506999361,StarLightCurves,6910
2,2,0.2,feature_ablation,tshap_train,0.729957805907173,0.8439024390243902,0.03125,5.2130467602784325,5.920090420472782,1,1,0.045849315996747464,4.633306506999361,StarLightCurves,6910
2,2,0.05,feature_ablation,mrsqm,0.0,0.0,0.501953125,4.412861647091406,2.077404233200619,1,1,0.045849315996747464,2.8744005248881876e-05,StarLightCurves,6910
2,2,0.1,feature_ablation,mrsqm,0.0,0.0,0.501953125,4.600424799900274,2.6083445141065473,1,1,0.045849315996747464,2.8744005248881876e-05,StarLightCurves,6910
2,2,0.2,feature_ablation,mrsqm,0.0,0.0,0.501953125,5.2130467602784325,3.024914560982368,1,1,0.045849315996747464,2.8744005248881876e-05,StarLightCurves,6910
2,2,0.05,tshap_centroid,tshap_zero,0.0,0.0,0.72265625,5.712246981462311,4.025909843569643,1,1,0.2404132439987734,0.24293723099981435,StarLightCurves,6910
2,2,0.1,tshap_centroid,tshap_zero,0.0,0.0,0.2763671875,5.7706278094137025,3.468916362883388,1,1,0.2404132439987734,0.24293723099981435,StarLightCurves,6910
2,2,0.2,tshap_centroid,tshap_zero,0.0,0.0,0.2353515625,6.194875909432703,4.682557465203752,1,1,0.2404132439987734,0.24293723099981435,StarLightCurves,6910
2,2,0.05,tshap_centroid,tshap_train,0.6721311475409836,0.803921568627451,0.009765625,5.712246981462311,5.918157472164305,1,1,0.2404132439987734,4.633306506999361,StarLightCurves,6910
2,2,0.1,tshap_centroid,tshap_train,0.0,0.0,0.4541015625,5.7706278094137025,5.62129913849361,1,1,0.2404132439987734,4.633306506999361,StarLightCurves,6910
2,2,0.2,tshap_centroid,tshap_train,0.0,0.0,0.4072265625,6.194875909432703,5.920090420472782,1,1,0.2404132439987734,4.633306506999361,StarLightCurves,6910
2,2,0.05,tshap_centroid,mrsqm,0.0,0.0,0.1494140625,5.712246981462311,2.077404233200619,1,1,0.2404132439987734,2.8744005248881876e-05,StarLightCurves,6910
2,2,0.1,tshap_centroid,mrsqm,0.0,0.0,0.1259765625,5.7706278094137025,2.6083445141065473,1,1,0.2404132439987734,2.8744005248881876e-05,StarLightCurves,6910
2,2,0.2,tshap_centroid,mrsqm,0.2275449101796407,0.37073170731707317,0.1259765625,6.194875909432703,3.024914560982368,1,1,0.2404132439987734,2.8744005248881876e-05,StarLightCurves,6910
2,2,0.05,tshap_zero,tshap_train,0.0,0.0,0.712890625,4.025909843569643,5.918157472164305,1,1,0.24293723099981435,4.633306506999361,StarLightCurves,6910
2,2,0.1,tshap_zero,tshap_train,0.0,0.0,0.177734375,3.468916362883388,5.62129913849361,1,1,0.24293723099981435,4.633306506999361,StarLightCurves,6910
2,2,0.2,tshap_zero,tshap_train,0.07611548556430446,0.14146341463414633,0.171875,4.682557465203752,5.920090420472782,1,1,0.24293723099981435,4.633306506999361,StarLightCurves,6910
2,2,0.05,tshap_zero,mrsqm,0.0,0.0,0.8720703125,4.025909843569643,2.077404233200619,1,1,0.24293723099981435,2.8744005248881876e-05,StarLightCurves,6910
2,2,0.1,tshap_zero,mrsqm,0.0,0.0,0.40234375,3.468916362883388,2.6083445141065473,1,1,0.24293723099981435,2.8744005248881876e-05,StarLightCurves,6910
2,2,0.2,tshap_zero,mrsqm,0.0,0.0,0.361328125,4.682557465203752,3.024914560982368,1,1,0.24293723099981435,2.8744005248881876e-05,StarLightCurves,6910
2,2,0.05,tshap_train,mrsqm,0.0,0.0,0.1591796875,5.918157472164305,2.077404233200619,1,1,4.633306506999361,2.8744005248881876e-05,StarLightCurves,6910
2,2,0.1,tshap_train,mrsqm,0.0,0.0,0.580078125,5.62129913849361,2.6083445141065473,1,1,4.633306506999361,2.8744005248881876e-05,StarLightCurves,6910
2,2,0.2,tshap_train,mrsqm,0.0,0.0,0.533203125,5.920090420472782,3.024914560982368,1,1,4.633306506999361,2.8744005248881876e-05,StarLightCurves,6910
1,1,0.05,hydra,shapley_sampling,0.0,0.0,0.0615234375,-0.2559823945147457,0.0913517135532782,1,1,0.6502963610037114,1.1108380270015914,StarLightCurves,6256
1,1,0.1,hydra,shapley_sampling,0.0,0.0,0.109375,-0.33477745302040196,0.21242874907292308,1,1,0.6502963610037114,1.1108380270015914,StarLightCurves,6256
1,1,0.2,hydra,shapley_sampling,0.10512129380053908,0.1902439024390244,0.162109375,-0.10596315103761444,0.33616123924290164,1,1,0.6502963610037114,1.1108380270015914,StarLightCurves,6256
1,1,0.05,hydra,feature_ablation,0.0,0.0,0.0615234375,-0.2559823945147457,0.0913517269018338,1,1,0.6502963610037114,0.04881516600289615,StarLightCurves,6256
1,1,0.1,hydra,feature_ablation,0.25153374233128833,0.4019607843137255,0.0595703125,-0.33477745302040196,0.0803909173877968,1,1,0.6502963610037114,0.04881516600289615,StarLightCurves,6256
1,1,0.2,hydra,feature_ablation,0.28125,0.43902439024390244,0.1123046875,-0.10596315103761444,0.387300177417234,1,1,0.6502963610037114,0.04881516600289615,StarLightCurves,6256
1,1,0.05,hydra,tshap_centroid,0.0,0.0,0.123046875,-0.2559823945147457,0.05681505037553958,1,1,0.6502963610037114,0.2500501969989273,StarLightCurves,6256
1,1,0.1,hydra,tshap_centroid,0.0,0.0,0.166015625,-0.33477745302040196,0.03174585698922572,1,1,0.6502963610037114,0.2500501969989273,StarLightCurves,6256
1,1,0.2,hydra,tshap_centroid,0.1484593837535014,0.25853658536585367,0.1484375,-0.10596315103761444,0.40869202464380106,1,1,0.6502963610037114,0.2500501969989273,StarLightCurves,6256
1,1,0.05,hydra,tshap_zero,0.0,0.0,0.0791015625,-0.2559823945147457,0.12527998275764318,1,1,0.6502963610037114,0.24784269699739525,StarLightCurves,6256
1,1,0.1,hydra,tshap_zero,0.02,0.0392156862745098,0.095703125,-0.33477745302040196,0.31080923964284524,1,1,0.6502963610037114,0.24784269699739525,StarLightCurves,6256
1,1,0.2,hydra,tshap_zero,0.3712374581939799,0.5414634146341464,0.091796875,-0.10596315103761444,0.3055955193721416,1,1,0.6502963610037114,0.24784269699739525,StarLightCurves,6256
1,1,0.05,hydra,tshap_train,0.0,0.0,0.1171875,-0.2559823945147457,0.01309248824628595,1,1,0.6502963610037114,4.6289965830001165,StarLightCurves,6256
1,1,0.1,hydra,tshap_train,0.0,0.0,0.150390625,-0.33477745302040196,0.08924408736904743,1,1,0.6502963610037114,4.6289965830001165,StarLightCurves,6256
1,1,0.2,hydra,tshap_train,0.17142857142857143,0.2926829268292683,0.1416015625,-0.10596315103761444,0.4511834054808368,1,1,0.6502963610037114,4.6289965830001165,StarLightCurves,6256
1,1,0.05,hydra,mrsqm,0.0,0.0,0.2646484375,-0.2559823945147457,-0.11426347736030262,1,1,0.6502963610037114,2.977600524900481e-05,StarLightCurves,6256
1,1,0.1,hydra,mrsqm,0.0,0.0,0.2626953125,-0.33477745302040196,-0.04612519772004342,1,0,0.6502963610037114,2.977600524900481e-05,StarLightCurves,6256
1,1,0.2,hydra,mrsqm,0.0,0.0,0.21484375,-0.10596315103761444,0.18844620643260712,1,1,0.6502963610037114,2.977600524900481e-05,StarLightCurves,6256
1,1,0.05,shapley_sampling,feature_ablation,1.0,1.0,0.0,0.0913517135532782,0.0913517269018338,1,1,1.1108380270015914,0.04881516600289615,StarLightCurves,6256
1,1,0.1,shapley_sampling,feature_ablation,0.3333333333333333,0.5,0.0498046875,0.21242874907292308,0.0803909173877968,1,1,1.1108380270015914,0.04881516600289615,StarLightCurves,6256
1,1,0.2,shapley_sampling,feature_ablation,0.6015625,0.751219512195122,0.0498046875,0.33616123924290164,0.387300177417234,1,1,1.1108380270015914,0.04881516600289615,StarLightCurves,6256
1,1,0.05,shapley_sampling,tshap_centroid,0.0,0.0,0.0615234375,0.0913517135532782,0.05681505037553958,1,1,1.1108380270015914,0.2500501969989273,StarLightCurves,6256
1,1,0.1,shapley_sampling,tshap_centroid,0.275,0.43137254901960786,0.056640625,0.21242874907292308,0.03174585698922572,1,1,1.1108380270015914,0.2500501969989273,StarLightCurves,6256
1,1,0.2,shapley_sampling,tshap_centroid,0.8721461187214612,0.9317073170731708,0.013671875,0.33616123924290164,0.40869202464380106,1,1,1.1108380270015914,0.2500501969989273,StarLightCurves,6256
1,1,0.05,shapley_sampling,tshap_zero,0.4782608695652174,0.6470588235294118,0.017578125,0.0913517135532782,0.12527998275764318,1,1,1.1108380270015914,0.24784269699739525,StarLightCurves,6256
1,1,0.1,shapley_sampling,tshap_zero,0.7586206896551724,0.8627450980392157,0.013671875,0.21242874907292308,0.31080923964284524,1,1,1.1108380270015914,0.24784269699739525,StarLightCurves,6256
1,1,0.2,shapley_sampling,tshap_zero,0.48014440433212996,0.6487804878048781,0.0703125,0.33616123924290164,0.3055955193721416,1,1,1.1108380270015914,0.24784269699739525,StarLightCurves,6256
1,1,0.05,shapley_sampling,tshap_train,0.0,0.0,0.0556640625,0.0913517135532782,0.01309248824628595,1,1,1.1108380270015914,4.6289965830001165,StarLightCurves,6256
1,1,0.1,shapley_sampling,tshap_train,0.4166666666666667,0.5882352941176471,0.041015625,0.21242874907292308,0.08924408736904743,1,1,1.1108380270015914,4.6289965830001165,StarLightCurves,6256
1,1,0.2,shapley_sampling,tshap_train,0.8141592920353983,0.8975609756097561,0.0205078125,0.33616123924290164,0.4511834054808368,1,1,1.1108380270015914,4.6289965830001165,StarLightCurves,6256
1,1,0.05,shapley_sampling,mrsqm,0.0,0.0,0.203125,0.0913517135532782,-0.11426347736030262,1,1,1.1108380270015914,2.977600524900481e-05,StarLightCurves,6256
1,1,0.1,shapley_sampling,mrsqm,0.0,0.0,0.1533203125,0.21242874907292308,-0.04612519772004342,1,0,1.1108380270015914,2.977600524900481e-05,StarLightCurves,6256
1,1,0.2,shapley_sampling,mrsqm,0.583011583011583,0.7365853658536585,0.052734375,0.33616123924290164,0.18844620643260712,1,1,1.1108380270015914,2.977600524900481e-05,StarLightCurves,6256
1,1,0.05,feature_ablation,tshap_centroid,0.0,0.0,0.0615234375,0.0913517269018338,0.05681505037553958,1,1,0.04881516600289615,0.2500501969989273,StarLightCurves,6256
1,1,0.1,feature_ablation,tshap_centroid,0.0,0.0,0.1064453125,0.0803909173877968,0.03174585698922572,1,1,0.04881516600289615,0.2500501969989273,StarLightCurves,6256
1,1,0.2,feature_ablation,tshap_centroid,0.6942148760330579,0.8195121951219512,0.0361328125,0.387300177417234,0.40869202464380106,1,1,0.04881516600289615,0.2500501969989273,StarLightCurves,6256
1,1,0.05,feature_ablation,tshap_zero,0.4782608695652174,0.6470588235294118,0.017578125,0.0913517269018338,0.12527998275764318,1,1,0.04881516600289615,0.24784269699739525,StarLightCurves,6256
1,1,0.1,feature_ablation,tshap_zero,0.4676258992805755,0.6372549019607843,0.0361328125,0.0803909173877968,0.31080923964284524,1,1,0.04881516600289615,0.24784269699739525,StarLightCurves,6256
1,1,0.2,feature_ablation,tshap_zero,0.8141592920353983,0.8975609756097561,0.0205078125,0.387300177417234,0.3055955193721416,1,1,0.04881516600289615,0.24784269699739525,StarLightCurves,6256
1,1,0.05,feature_ablation,tshap_train,0.0,0.0,0.0556640625,0.0913517269018338,0.01309248824628595,1,1,0.04881516600289615,4.6289965830001165,StarLightCurves,6256
1,1,0.1,feature_ablation,tshap_train,0.046153846153846156,0.08823529411764706,0.0908203125,0.0803909173877968,0.08924408736904743,1,1,0.04881516600289615,4.6289965830001165,StarLightCurves,6256
1,1,0.2,feature_ablation,tshap_train,0.7446808510638298,0.8536585365853658,0.029296875,0.387300177417234,0.4511834054808368,1,1,0.04881516600289615,4.6289965830001165,StarLightCurves,6256
1,1,0.05,feature_ablation,mrsqm,0.0,0.0,0.203125,0.0913517269018338,-0.11426347736030262,1,1,0.04881516600289615,2.977600524900481e-05,StarLightCurves,6256
1,1,0.1,feature_ablation,mrsqm,0.0,0.0,0.203125,0.0803909173877968,-0.04612519772004342,1,0,0.04881516600289615,2.977600524900481e-05,StarLightCurves,6256
1,1,0.2,feature_ablation,mrsqm,0.3225806451612903,0.4878048780487805,0.1025390625,0.387300177417234,0.18844620643260712,1,1,0.04881516600289615,2.977600524900481e-05,StarLightCurves,6256
1,1,0.05,tshap_centroid,tshap_zero,0.0625,0.11764705882352941,0.0439453125,0.05681505037553958,0.12527998275764318,1,1,0.2500501969989273,0.24784269699739525,StarLightCurves,6256
1,1,0.1,tshap_centroid,tshap_zero,0.1724137931034483,0.29411764705882354,0.0703125,0.03174585698922572,0.31080923964284524,1,1,0.2500501969989273,0.24784269699739525,StarLightCurves,6256
1,1,0.2,tshap_centroid,tshap_zero,0.55893536121673,0.7170731707317073,0.056640625,0.40869202464380106,0.3055955193721416,1,1,0.2500501969989273,0.24784269699739525,StarLightCurves,6256
1,1,0.05,tshap_centroid,tshap_train,0.7894736842105263,0.8823529411764706,0.005859375,0.05681505037553958,0.01309248824628595,1,1,0.2500501969989273,4.6289965830001165,StarLightCurves,6256
1,1,0.1,tshap_centroid,tshap_train,0.7288135593220338,0.8431372549019608,0.015625,0.03174585698922572,0.08924408736904743,1,1,0.2500501969989273,4.6289965830001165,StarLightCurves,6256
1,1,0.2,tshap_centroid,tshap_train,0.9339622641509434,0.9658536585365853,0.0068359375,0.40869202464380106,0.4511834054808368,1,1,0.2500501969989273,4.6289965830001165,StarLightCurves,6256
1,1,0.05,tshap_centroid,mrsqm,0.0,0.0,0.1416015625,0.05681505037553958,-0.11426347736030262,1,1,0.2500501969989273,2.977600524900481e-05,StarLightCurves,6256
1,1,0.1,tshap_centroid,mrsqm,0.014925373134328358,0.029411764705882353,0.0966796875,0.03174585698922572,-0.04612519772004342,1,0,0.2500501969989273,2.977600524900481e-05,StarLightCurves,6256
1,1,0.2,tshap_centroid,mrsqm,0.5018315018315018,0.6682926829268293,0.06640625,0.40869202464380106,0.18844620643260712,1,1,0.2500501969989273,2.977600524900481e-05,StarLightCurves,6256
1,1,0.05,tshap_zero,tshap_train,0.13333333333333333,0.23529411764705882,0.0380859375,0.12527998275764318,0.01309248824628595,1,1,0.24784269699739525,4.6289965830001165,StarLightCurves,6256
1,1,0.1,tshap_zero,tshap_train,0.2911392405063291,0.45098039215686275,0.0546875,0.31080923964284524,0.08924408736904743,1,1,0.24784269699739525,4.6289965830001165,StarLightCurves,6256
1,1,0.2,tshap_zero,tshap_train,0.6015625,0.751219512195122,0.0498046875,0.3055955193721416,0.4511834054808368,1,1,0.24784269699739525,4.6289965830001165,StarLightCurves,6256
1,1,0.05,tshap_zero,mrsqm,0.0,0.0,0.185546875,0.12527998275764318,-0.11426347736030262,1,1,0.24784269699739525,2.977600524900481e-05,StarLightCurves,6256
1,1,0.1,tshap_zero,mrsqm,0.0,0.0,0.1669921875,0.31080923964284524,-0.04612519772004342,1,0,0.24784269699739525,2.977600524900481e-05,StarLightCurves,6256
1,1,0.2,tshap_zero,mrsqm,0.23867069486404835,0.3853658536585366,0.123046875,0.3055955193721416,0.18844620643260712,1,1,0.24784269699739525,2.977600524900481e-05,StarLightCurves,6256
1,1,0.05,tshap_train,mrsqm,0.0,0.0,0.1474609375,0.01309248824628595,-0.11426347736030262,1,1,4.6289965830001165,2.977600524900481e-05,StarLightCurves,6256
1,1,0.1,tshap_train,mrsqm,0.0,0.0,0.1123046875,0.08924408736904743,-0.04612519772004342,1,0,4.6289965830001165,2.977600524900481e-05,StarLightCurves,6256
1,1,0.2,tshap_train,mrsqm,0.4642857142857143,0.6341463414634146,0.0732421875,0.4511834054808368,0.18844620643260712,1,1,4.6289965830001165,2.977600524900481e-05,StarLightCurves,6256
2,2,0.05,hydra,shapley_sampling,0.0,0.0,0.693359375,2.272527190526664,3.022138062134606,1,1,0.6586055509978905,1.1141640950008878,StarLightCurves,1055
2,2,0.1,hydra,shapley_sampling,0.0,0.0,0.701171875,1.9836774977818594,3.0092015079534784,1,1,0.6586055509978905,1.1141640950008878,StarLightCurves,1055
2,2,0.2,hydra,shapley_sampling,0.0,0.0,0.6865234375,2.7044735942792313,3.50196735336944,1,1,0.6586055509978905,1.1141640950008878,StarLightCurves,1055
2,2,0.05,hydra,feature_ablation,0.0,0.0,0.3408203125,2.272527190526664,5.480216038849104,1,1,0.6586055509978905,0.04731153100146912,StarLightCurves,1055
2,2,0.1,hydra,feature_ablation,0.0,0.0,0.3486328125,1.9836774977818594,6.587911609988745,1,1,0.6586055509978905,0.04731153100146912,StarLightCurves,1055
2,2,0.2,hydra,feature_ablation,0.0,0.0,0.4833984375,2.7044735942792313,5.850057209659017,1,1,0.6586055509978905,0.04731153100146912,StarLightCurves,1055
2,2,0.05,hydra,tshap_centroid,0.0,0.0,0.3212890625,2.272527190526664,6.7892230855005495,1,1,0.6586055509978905,0.2457686779962387,StarLightCurves,1055
2,2,0.1,hydra,tshap_centroid,0.0,0.0,0.3486328125,1.9836774977818594,6.5879116152805235,1,1,0.6586055509978905,0.2457686779962387,StarLightCurves,1055
2,2,0.2,hydra,tshap_centroid,0.0,0.0,0.376953125,2.7044735942792313,5.148651892045437,1,1,0.6586055509978905,0.2457686779962387,StarLightCurves,1055
2,2,0.05,hydra,tshap_zero,0.030303030303030304,0.058823529411764705,0.046875,2.272527190526664,1.6567484226874627,1,1,0.6586055509978905,0.24555015600344632,StarLightCurves,1055
2,2,0.1,hydra,tshap_zero,0.7,0.8235294117647058,0.017578125,1.9836774977818594,2.100383236821841,1,1,0.6586055509978905,0.24555015600344632,StarLightCurves,1055
2,2,0.2,hydra,tshap_zero,0.8468468468468469,0.9170731707317074,0.0166015625,2.7044735942792313,2.647818811283811,1,1,0.6586055509978905,0.24555015600344632,StarLightCurves,1055
2,2,0.05,hydra,tshap_train,0.0,0.0,0.3232421875,2.272527190526664,6.72740443491133,1,1,0.6586055509978905,4.54685112900188,StarLightCurves,1055
2,2,0.1,hydra,tshap_train,0.0,0.0,0.3408203125,1.9836774977818594,6.848034075603461,1,1,0.6586055509978905,4.54685112900188,StarLightCurves,1055
2,2,0.2,hydra,tshap_train,0.0,0.0,0.359375,2.7044735942792313,4.544106100705963,1,1,0.6586055509978905,4.54685112900188,StarLightCurves,1055
2,2,0.05,hydra,mrsqm,0.0,0.0,0.693359375,2.272527190526664,3.0221380156554316,1,1,0.6586055509978905,2.9164999432396144e-05,StarLightCurves,1055
2,2,0.1,hydra,mrsqm,0.0,0.0,0.701171875,1.9836774977818594,3.0092015101266956,1,1,0.6586055509978905,2.9164999432396144e-05,StarLightCurves,1055
2,2,0.2,hydra,mrsqm,0.0,0.0,0.6865234375,2.7044735942792313,3.5019673203794266,1,1,0.6586055509978905,2.9164999432396144e-05,StarLightCurves,1055
2,2,0.05,shapley_sampling,feature_ablation,0.0,0.0,0.3525390625,3.022138062134606,5.480216038849104,1,1,1.1141640950008878,0.04731153100146912,StarLightCurves,1055
2,2,0.1,shapley_sampling,feature_ablation,0.0,0.0,0.3525390625,3.0092015079534784,6.587911609988745,1,1,1.1141640950008878,0.04731153100146912,StarLightCurves,1055
2,2,0.2,shapley_sampling,feature_ablation,0.0,0.0,0.203125,3.50196735336944,5.850057209659017,1,1,1.1141640950008878,0.04731153100146912,StarLightCurves,1055
2,2,0.05,shapley_sampling,tshap_centroid,0.0,0.0,0.3720703125,3.022138062134606,6.7892230855005495,1,1,1.1141640950008878,0.2457686779962387,StarLightCurves,1055
2,2,0.1,shapley_sampling,tshap_centroid,0.0,0.0,0.3525390625,3.0092015079534784,6.5879116152805235,1,1,1.1141640950008878,0.2457686779962387,StarLightCurves,1055
2,2,0.2,shapley_sampling,tshap_centroid,0.0,0.0,0.3095703125,3.50196735336944,5.148651892045437,1,1,1.1141640950008878,0.2457686779962387,StarLightCurves,1055
2,2,0.05,shapley_sampling,tshap_zero,0.0,0.0,0.740234375,3.022138062134606,1.6567484226874627,1,1,1.1141640950008878,0.24555015600344632,StarLightCurves,1055
2,2,0.1,shapley_sampling,tshap_zero,0.0,0.0,0.71875,3.0092015079534784,2.100383236821841,1,1,1.1141640950008878,0.24555015600344632,StarLightCurves,1055
2,2,0.2,shapley_sampling,tshap_zero,0.0,0.0,0.669921875,3.50196735336944,2.647818811283811,1,1,1.1141640950008878,0.24555015600344632,StarLightCurves,1055
2,2,0.05,shapley_sampling,tshap_train,0.0,0.0,0.3701171875,3.022138062134606,6.72740443491133,1,1,1.1141640950008878,4.54685112900188,StarLightCurves,1055
2,2,0.1,shapley_sampling,tshap_train,0.0,0.0,0.3603515625,3.0092015079534784,6.848034075603461,1,1,1.1141640950008878,4.54685112900188,StarLightCurves,1055
2,2,0.2,shapley_sampling,tshap_train,0.0,0.0,0.3271484375,3.50196735336944,4.544106100705963,1,1,1.1141640950008878,4.54685112900188,StarLightCurves,1055
2,2,0.05,shapley_sampling,mrsqm,1.0,1.0,0.0,3.022138062134606,3.0221380156554316,1,1,1.1141640950008878,2.9164999432396144e-05,StarLightCurves,1055
2,2,0.1,shapley_sampling,mrsqm,1.0,1.0,0.0,3.0092015079534784,3.0092015101266956,1,1,1.1141640950008878,2.9164999432396144e-05,StarLightCurves,1055
2,2,0.2,shapley_sampling,mrsqm,1.0,1.0,0.0,3.50196735336944,3.5019673203794266,1,1,1.1141640950008878,2.9164999432396144e-05,StarLightCurves,1055
2,2,0.05,feature_ablation,tshap_centroid,0.43661971830985913,0.6078431372549019,0.01953125,5.480216038849104,6.7892230855005495,1,1,0.04731153100146912,0.2457686779962387,StarLightCurves,1055
2,2,0.1,feature_ablation,tshap_centroid,1.0,1.0,0.0,6.587911609988745,6.5879116152805235,1,1,0.04731153100146912,0.2457686779962387,StarLightCurves,1055
2,2,0.2,feature_ablation,tshap_centroid,0.3057324840764331,0.4682926829268293,0.1064453125,5.850057209659017,5.148651892045437,1,1,0.04731153100146912,0.2457686779962387,StarLightCurves,1055
2,2,0.05,feature_ablation,tshap_zero,0.0,0.0,0.3876953125,5.480216038849104,1.6567484226874627,1,1,0.04731153100146912,0.24555015600344632,StarLightCurves,1055
2,2,0.1,feature_ablation,tshap_zero,0.0,0.0,0.3662109375,6.587911609988745,2.100383236821841,1,1,0.04731153100146912,0.24555015600344632,StarLightCurves,1055
2,2,0.2,feature_ablation,tshap_zero,0.0,0.0,0.466796875,5.850057209659017,2.647818811283811,1,1,0.04731153100146912,0.24555015600344632,StarLightCurves,1055
2,2,0.05,feature_ablation,tshap_train,0.4782608695652174,0.6470588235294118,0.017578125,5.480216038849104,6.72740443491133,1,1,0.04731153100146912,4.54685112900188,StarLightCurves,1055
2,2,0.1,feature_ablation,tshap_train,0.8545454545454545,0.9215686274509803,0.0078125,6.587911609988745,6.848034075603461,1,1,0.04731153100146912,4.54685112900188,StarLightCurves,1055
2,2,0.2,feature_ablation,tshap_train,0.23493975903614459,0.3804878048780488,0.1240234375,5.850057209659017,4.544106100705963,1,1,0.04731153100146912,4.54685112900188,StarLightCurves,1055
2,2,0.05,feature_ablation,mrsqm,0.0,0.0,0.3525390625,5.480216038849104,3.0221380156554316,1,1,0.04731153100146912,2.9164999432396144e-05,StarLightCurves,1055
2,2,0.1,feature_ablation,mrsqm,0.0,0.0,0.3525390625,6.587911609988745,3.0092015101266956,1,1,0.04731153100146912,2.9164999432396144e-05,StarLightCurves,1055
2,2,0.2,feature_ablation,mrsqm,0.0,0.0,0.203125,5.850057209659017,3.5019673203794266,1,1,0.04731153100146912,2.9164999432396144e-05,StarLightCurves,1055
2,2,0.05,tshap_centroid,tshap_zero,0.0,0.0,0.3681640625,6.7892230855005495,1.6567484226874627,1,1,0.2457686779962387,0.24555015600344632,StarLightCurves,1055
2,2,0.1,tshap_centroid,tshap_zero,0.0,0.0,0.3662109375,6.5879116152805235,2.100383236821841,1,1,0.2457686779962387,0.24555015600344632,StarLightCurves,1055
2,2,0.2,tshap_centroid,tshap_zero,0.0,0.0,0.3603515625,5.148651892045437,2.647818811283811,1,1,0.2457686779962387,0.24555015600344632,StarLightCurves,1055
2,2,0.05,tshap_centroid,tshap_train,0.9245283018867925,0.9607843137254902,0.001953125,6.7892230855005495,6.72740443491133,1,1,0.2457686779962387,4.54685112900188,StarLightCurves,1055
2,2,0.1,tshap_centroid,tshap_train,0.8545454545454545,0.9215686274509803,0.0078125,6.5879116152805235,6.848034075603461,1,1,0.2457686779962387,4.54685112900188,StarLightCurves,1055
2,2,0.2,tshap_centroid,tshap_train,0.8385650224215246,0.9121951219512195,0.017578125,5.148651892045437,4.544106100705963,1,1,0.2457686779962387,4.54685112900188,StarLightCurves,1055
2,2,0.05,tshap_centroid,mrsqm,0.0,0.0,0.3720703125,6.7892230855005495,3.0221380156554316,1,1,0.2457686779962387,2.9164999432396144e-05,StarLightCurves,1055
2,2,0.1,tshap_centroid,mrsqm,0.0,0.0,0.3525390625,6.5879116152805235,3.0092015101266956,1,1,0.2457686779962387,2.9164999432396144e-05,StarLightCurves,1055
2,2,0.2,tshap_centroid,mrsqm,0.0,0.0,0.3095703125,5.148651892045437,3.5019673203794266,1,1,0.2457686779962387,2.9164999432396144e-05,StarLightCurves,1055
2,2,0.05,tshap_zero,tshap_train,0.0,0.0,0.3701171875,1.6567484226874627,6.72740443491133,1,1,0.24555015600344632,4.54685112900188,StarLightCurves,1055
2,2,0.1,tshap_zero,tshap_train,0.0,0.0,0.3583984375,2.100383236821841,6.848034075603461,1,1,0.24555015600344632,4.54685112900188,StarLightCurves,1055
2,2,0.2,tshap_zero,tshap_train,0.0,0.0,0.3427734375,2.647818811283811,4.544106100705963,1,1,0.24555015600344632,4.54685112900188,StarLightCurves,1055
2,2,0.05,tshap_zero,mrsqm,0.0,0.0,0.740234375,1.6567484226874627,3.0221380156554316,1,1,0.24555015600344632,2.9164999432396144e-05,StarLightCurves,1055
2,2,0.1,tshap_zero,mrsqm,0.0,0.0,0.71875,2.100383236821841,3.0092015101266956,1,1,0.24555015600344632,2.9164999432396144e-05,StarLightCurves,1055
2,2,0.2,tshap_zero,mrsqm,0.0,0.0,0.669921875,2.647818811283811,3.5019673203794266,1,1,0.24555015600344632,2.9164999432396144e-05,StarLightCurves,1055
2,2,0.05,tshap_train,mrsqm,0.0,0.0,0.3701171875,6.72740443491133,3.0221380156554316,1,1,4.54685112900188,2.9164999432396144e-05,StarLightCurves,1055
2,2,0.1,tshap_train,mrsqm,0.0,0.0,0.3603515625,6.848034075603461,3.0092015101266956,1,1,4.54685112900188,2.9164999432396144e-05,StarLightCurves,1055
2,2,0.2,tshap_train,mrsqm,0.0,0.0,0.3271484375,4.544106100705963,3.5019673203794266,1,1,4.54685112900188,2.9164999432396144e-05,StarLightCurves,1055
2,2,0.05,hydra,shapley_sampling,0.0,0.0,0.5888671875,2.711651373970804,5.977562005641847,1,1,0.64804314399953,1.0555923610008904,StarLightCurves,731
2,2,0.1,hydra,shapley_sampling,0.0,0.0,0.53515625,3.4180464687512746,6.526883336161257,1,1,0.64804314399953,1.0555923610008904,StarLightCurves,731
2,2,0.2,hydra,shapley_sampling,0.44876325088339225,0.6195121951219512,0.076171875,2.6154187802443,4.651419670907666,1,1,0.64804314399953,1.0555923610008904,StarLightCurves,731
2,2,0.05,hydra,feature_ablation,0.0,0.0,0.3388671875,2.711651373970804,5.967704001382915,1,1,0.64804314399953,0.04440563500247663,StarLightCurves,731
2,2,0.1,hydra,feature_ablation,0.0,0.0,0.28515625,3.4180464687512746,6.142737365409211,1,1,0.64804314399953,0.04440563500247663,StarLightCurves,731
2,2,0.2,hydra,feature_ablation,0.0,0.0,0.224609375,2.6154187802443,5.438973343650158,1,1,0.64804314399953,0.04440563500247663,StarLightCurves,731
2,2,0.05,hydra,tshap_centroid,0.0,0.0,0.6259765625,2.711651373970804,5.255543153266693,1,1,0.64804314399953,0.23936467799649108,StarLightCurves,731
2,2,0.1,hydra,tshap_centroid,0.0,0.0,0.5947265625,3.4180464687512746,5.762797033731875,1,1,0.64804314399953,0.23936467799649108,StarLightCurves,731
2,2,0.2,hydra,tshap_centroid,0.0,0.0,0.271484375,2.6154187802443,4.333729267307502,1,1,0.64804314399953,0.23936467799649108,StarLightCurves,731
2,2,0.05,hydra,tshap_zero,0.0,0.0,0.0693359375,2.711651373970804,1.557726876327381,1,1,0.64804314399953,0.23963124000147218,StarLightCurves,731
2,2,0.1,hydra,tshap_zero,0.0,0.0,0.103515625,3.4180464687512746,1.5754204056708612,1,1,0.64804314399953,0.23963124000147218,StarLightCurves,731
2,2,0.2,hydra,tshap_zero,0.29337539432176657,0.45365853658536587,0.109375,2.6154187802443,2.5641357875084556,1,1,0.64804314399953,0.23963124000147218,StarLightCurves,731
2,2,0.05,hydra,tshap_train,0.0,0.0,0.2763671875,2.711651373970804,6.807633697258439,1,1,0.64804314399953,4.56502140500379,StarLightCurves,731
2,2,0.1,hydra,tshap_train,0.0,0.0,0.23828125,3.4180464687512746,6.690004428251697,1,1,0.64804314399953,4.56502140500379,StarLightCurves,731
2,2,0.2,hydra,tshap_train,0.0,0.0,0.244140625,2.6154187802443,5.459721188583478,1,1,0.64804314399953,4.56502140500379,StarLightCurves,731
2,2,0.05,hydra,mrsqm,0.0,0.0,0.7412109375,2.711651373970804,2.8549874167479166,1,1,0.64804314399953,3.3923999581020325e-05,StarLightCurves,731
2,2,0.1,hydra,mrsqm,0.0,0.0,0.6875,3.4180464687512746,2.8535142330324237,1,1,0.64804314399953,3.3923999581020325e-05,StarLightCurves,731
2,2,0.2,hydra,mrsqm,0.0,0.0,0.626953125,2.6154187802443,4.122189176400625,1,1,0.64804314399953,3.3923999581020325e-05,StarLightCurves,731
2,2,0.05,shapley_sampling,feature_ablation,0.0,0.0,0.25,5.977562005641847,5.967704001382915,1,1,1.0555923610008904,0.04440563500247663,StarLightCurves,731
2,2,0.1,shapley_sampling,feature_ablation,0.0,0.0,0.25,6.526883336161257,6.142737365409211,1,1,1.0555923610008904,0.04440563500247663,StarLightCurves,731
2,2,0.2,shapley_sampling,feature_ablation,0.1484593837535014,0.25853658536585367,0.1484375,4.651419670907666,5.438973343650158,1,1,1.0555923610008904,0.04440563500247663,StarLightCurves,731
2,2,0.05,shapley_sampling,tshap_centroid,0.14606741573033707,0.2549019607843137,0.037109375,5.977562005641847,5.255543153266693,1,1,1.0555923610008904,0.23936467799649108,StarLightCurves,731
2,2,0.1,shapley_sampling,tshap_centroid,0.25153374233128833,0.4019607843137255,0.0595703125,6.526883336161257,5.762797033731875,1,1,1.0555923610008904,0.23936467799649108,StarLightCurves,731
2,2,0.2,shapley_sampling,tshap_centroid,0.012345679012345678,0.024390243902439025,0.1953125,4.651419670907666,4.333729267307502,1,1,1.0555923610008904,0.23936467799649108,StarLightCurves,731
2,2,0.05,shapley_sampling,tshap_zero,0.0,0.0,0.658203125,5.977562005641847,1.557726876327381,1,1,1.0555923610008904,0.23963124000147218,StarLightCurves,731
2,2,0.1,shapley_sampling,tshap_zero,0.0,0.0,0.638671875,6.526883336161257,1.5754204056708612,1,1,1.0555923610008904,0.23963124000147218,StarLightCurves,731
2,2,0.2,shapley_sampling,tshap_zero,0.0379746835443038,0.07317073170731707,0.185546875,4.651419670907666,2.5641357875084556,1,1,1.0555923610008904,0.23963124000147218,StarLightCurves,731
2,2,0.05,shapley_sampling,tshap_train,0.0,0.0,0.3125,5.977562005641847,6.807633697258439,1,1,1.0555923610008904,4.56502140500379,StarLightCurves,731
2,2,0.1,shapley_sampling,tshap_train,0.0,0.0,0.296875,6.526883336161257,6.690004428251697,1,1,1.0555923610008904,4.56502140500379,StarLightCurves,731
2,2,0.2,shapley_sampling,tshap_train,0.08753315649867374,0.16097560975609757,0.16796875,4.651419670907666,5.459721188583478,1,1,1.0555923610008904,4.56502140500379,StarLightCurves,731
2,2,0.05,shapley_sampling,mrsqm,0.0,0.0,0.15234375,5.977562005641847,2.8549874167479166,1,1,1.0555923610008904,3.3923999581020325e-05,StarLightCurves,731
2,2,0.1,shapley_sampling,mrsqm,0.0,0.0,0.15234375,6.526883336161257,2.8535142330324237,1,1,1.0555923610008904,3.3923999581020325e-05,StarLightCurves,731
2,2,0.2,shapley_sampling,mrsqm,0.0,0.0,0.55078125,4.651419670907666,4.122189176400625,1,1,1.0555923610008904,3.3923999581020325e-05,StarLightCurves,731
2,2,0.05,feature_ablation,tshap_centroid,0.0,0.0,0.287109375,5.967704001382915,5.255543153266693,1,1,0.04440563500247663,0.23936467799649108,StarLightCurves,731
2,2,0.1,feature_ablation,tshap_centroid,0.0,0.0,0.3095703125,6.142737365409211,5.762797033731875,1,1,0.04440563500247663,0.23936467799649108,StarLightCurves,731
2,2,0.2,feature_ablation,tshap_centroid,0.6205533596837944,0.7658536585365854,0.046875,5.438973343650158,4.333729267307502,1,1,0.04440563500247663,0.23936467799649108,StarLightCurves,731
2,2,0.05,feature_ablation,tshap_zero,0.0,0.0,0.408203125,5.967704001382915,1.557726876327381,1,1,0.04440563500247663,0.23963124000147218,StarLightCurves,731
2,2,0.1,feature_ablation,tshap_zero,0.0,0.0,0.388671875,6.142737365409211,1.5754204056708612,1,1,0.04440563500247663,0.23963124000147218,StarLightCurves,731
2,2,0.2,feature_ablation,tshap_zero,0.0,0.0,0.333984375,5.438973343650158,2.5641357875084556,1,1,0.04440563500247663,0.23963124000147218,StarLightCurves,731
2,2,0.05,feature_ablation,tshap_train,0.0,0.0,0.0625,5.967704001382915,6.807633697258439,1,1,0.04440563500247663,4.56502140500379,StarLightCurves,731
2,2,0.1,feature_ablation,tshap_train,0.36,0.5294117647058824,0.046875,6.142737365409211,6.690004428251697,1,1,0.04440563500247663,4.56502140500379,StarLightCurves,731
2,2,0.2,feature_ablation,tshap_train,0.8222222222222222,0.9024390243902439,0.01953125,5.438973343650158,5.459721188583478,1,1,0.04440563500247663,4.56502140500379,StarLightCurves,731
2,2,0.05,feature_ablation,mrsqm,0.0,0.0,0.40234375,5.967704001382915,2.8549874167479166,1,1,0.04440563500247663,3.3923999581020325e-05,StarLightCurves,731
2,2,0.1,feature_ablation,mrsqm,0.0,0.0,0.40234375,6.142737365409211,2.8535142330324237,1,1,0.04440563500247663,3.3923999581020325e-05,StarLightCurves,731
2,2,0.2,feature_ablation,mrsqm,0.0,0.0,0.40234375,5.438973343650158,4.122189176400625,1,1,0.04440563500247663,3.3923999581020325e-05,StarLightCurves,731
2,2,0.05,tshap_centroid,tshap_zero,0.0,0.0,0.6953125,5.255543153266693,1.557726876327381,1,1,0.23936467799649108,0.23963124000147218,StarLightCurves,731
2,2,0.1,tshap_centroid,tshap_zero,0.0,0.0,0.6982421875,5.762797033731875,1.5754204056708612,1,1,0.23936467799649108,0.23963124000147218,StarLightCurves,731
2,2,0.2,tshap_centroid,tshap_zero,0.0,0.0,0.380859375,4.333729267307502,2.5641357875084556,1,1,0.23936467799649108,0.23963124000147218,StarLightCurves,731
2,2,0.05,tshap_centroid,tshap_train,0.0,0.0,0.349609375,5.255543153266693,6.807633697258439,1,1,0.23936467799649108,4.56502140500379,StarLightCurves,731
2,2,0.1,tshap_centroid,tshap_train,0.0,0.0,0.3564453125,5.762797033731875,6.690004428251697,1,1,0.23936467799649108,4.56502140500379,StarLightCurves,731
2,2,0.2,tshap_centroid,tshap_train,0.759656652360515,0.8634146341463415,0.02734375,4.333729267307502,5.459721188583478,1,1,0.23936467799649108,4.56502140500379,StarLightCurves,731
2,2,0.05,tshap_centroid,mrsqm,0.0,0.0,0.115234375,5.255543153266693,2.8549874167479166,1,1,0.23936467799649108,3.3923999581020325e-05,StarLightCurves,731
2,2,0.1,tshap_centroid,mrsqm,0.03553299492385787,0.06862745098039216,0.0927734375,5.762797033731875,2.8535142330324237,1,1,0.23936467799649108,3.3923999581020325e-05,StarLightCurves,731
2,2,0.2,tshap_centroid,mrsqm,0.0,0.0,0.35546875,4.333729267307502,4.122189176400625,1,1,0.23936467799649108,3.3923999581020325e-05,StarLightCurves,731
2,2,0.05,tshap_zero,tshap_train,0.0,0.0,0.345703125,1.557726876327381,6.807633697258439,1,1,0.23963124000147218,4.56502140500379,StarLightCurves,731
2,2,0.1,tshap_zero,tshap_train,0.0,0.0,0.341796875,1.5754204056708612,6.690004428251697,1,1,0.23963124000147218,4.56502140500379,StarLightCurves,731
2,2,0.2,tshap_zero,tshap_train,0.0,0.0,0.353515625,2.5641357875084556,5.459721188583478,1,1,0.23963124000147218,4.56502140500379,StarLightCurves,731
2,2,0.05,tshap_zero,mrsqm,0.0,0.0,0.810546875,1.557726876327381,2.8549874167479166,1,1,0.23963124000147218,3.3923999581020325e-05,StarLightCurves,731
2,2,0.1,tshap_zero,mrsqm,0.0,0.0,0.791015625,1.5754204056708612,2.8535142330324237,1,1,0.23963124000147218,3.3923999581020325e-05,StarLightCurves,731
2,2,0.2,tshap_zero,mrsqm,0.0,0.0,0.736328125,2.5641357875084556,4.122189176400625,1,1,0.23963124000147218,3.3923999581020325e-05,StarLightCurves,731
2,2,0.05,tshap_train,mrsqm,0.0,0.0,0.46484375,6.807633697258439,2.8549874167479166,1,1,4.56502140500379,3.3923999581020325e-05,StarLightCurves,731
2,2,0.1,tshap_train,mrsqm,0.0,0.0,0.44921875,6.690004428251697,2.8535142330324237,1,1,4.56502140500379,3.3923999581020325e-05,StarLightCurves,731
2,2,0.2,tshap_train,mrsqm,0.0,0.0,0.3828125,5.459721188583478,4.122189176400625,1,1,4.56502140500379,3.3923999581020325e-05,StarLightCurves,731
0,0,0.05,hydra,shapley_sampling,0.0,0.0,0.10546875,-4.658900648279211,-2.9368969849295414,0,0,0.6488534409945714,1.0783007110003382,StarLightCurves,5370
0,0,0.1,hydra,shapley_sampling,0.0,0.0,0.10546875,-4.050307887220252,-1.8494615160967707,0,0,0.6488534409945714,1.0783007110003382,StarLightCurves,5370
0,0,0.2,hydra,shapley_sampling,0.0,0.0,0.27734375,-4.267100979180622,-2.338899231456314,0,0,0.6488534409945714,1.0783007110003382,StarLightCurves,5370
0,0,0.05,hydra,feature_ablation,0.0,0.0,0.29296875,-4.658900648279211,-3.7437507614115972,0,0,0.6488534409945714,0.044328549003694206,StarLightCurves,5370
0,0,0.1,hydra,feature_ablation,0.2830188679245283,0.4411764705882353,0.0556640625,-4.050307887220252,-3.065625431493947,0,0,0.6488534409945714,0.044328549003694206,StarLightCurves,5370
0,0,0.2,hydra,feature_ablation,0.0,0.0,0.4716796875,-4.267100979180622,-3.7334885041131827,0,0,0.6488534409945714,0.044328549003694206,StarLightCurves,5370
0,0,0.05,hydra,tshap_centroid,0.0,0.0,0.439453125,-4.658900648279211,-4.25285055095993,0,0,0.6488534409945714,0.23734835700452095,StarLightCurves,5370
0,0,0.1,hydra,tshap_centroid,0.0,0.0,0.4619140625,-4.050307887220252,-3.901688978077588,0,0,0.6488534409945714,0.23734835700452095,StarLightCurves,5370
0,0,0.2,hydra,tshap_centroid,0.0,0.0,0.20703125,-4.267100979180622,-3.858662495798362,0,0,0.6488534409945714,0.23734835700452095,StarLightCurves,5370
0,0,0.05,hydra,tshap_zero,0.0,0.0,0.099609375,-4.658900648279211,-4.896787100672502,0,0,0.6488534409945714,0.24347470400243765,StarLightCurves,5370
0,0,0.1,hydra,tshap_zero,0.0,0.0,0.126953125,-4.050307887220252,-5.071600901448682,0,0,0.6488534409945714,0.24347470400243765,StarLightCurves,5370
0,0,0.2,hydra,tshap_zero,0.3898305084745763,0.5609756097560976,0.087890625,-4.267100979180622,-5.0691114436564195,0,0,0.6488534409945714,0.24347470400243765,StarLightCurves,5370
0,0,0.05,hydra,tshap_train,0.0,0.0,0.087890625,-4.658900648279211,-4.850508711065384,0,0,0.6488534409945714,4.508817514004477,StarLightCurves,5370
0,0,0.1,hydra,tshap_train,0.0,0.0,0.109375,-4.050307887220252,-4.82779447682408,0,0,0.6488534409945714,4.508817514004477,StarLightCurves,5370
0,0,0.2,hydra,tshap_train,0.28125,0.43902439024390244,0.1123046875,-4.267100979180622,-5.055491586103029,0,0,0.6488534409945714,4.508817514004477,StarLightCurves,5370
0,0,0.05,hydra,mrsqm,0.0,0.0,0.794921875,-4.658900648279211,-1.1045977497256332,0,0,0.6488534409945714,2.969599881907925e-05,StarLightCurves,5370
0,0,0.1,hydra,mrsqm,0.0,0.0,0.794921875,-4.050307887220252,-1.7379644856419765,0,0,0.6488534409945714,2.969599881907925e-05,StarLightCurves,5370
0,0,0.2,hydra,mrsqm,0.0,0.0,0.5224609375,-4.267100979180622,-2.7584958713923173,0,0,0.6488534409945714,2.969599881907925e-05,StarLightCurves,5370
0,0,0.05,shapley_sampling,feature_ablation,0.0,0.0,0.3984375,-2.9368969849295414,-3.7437507614115972,0,0,1.0783007110003382,0.044328549003694206,StarLightCurves,5370
0,0,0.1,shapley_sampling,feature_ablation,0.3333333333333333,0.5,0.0498046875,-1.8494615160967707,-3.065625431493947,0,0,1.0783007110003382,0.044328549003694206,StarLightCurves,5370
0,0,0.2,shapley_sampling,feature_ablation,0.0,0.0,0.7490234375,-2.338899231456314,-3.7334885041131827,0,0,1.0783007110003382,0.044328549003694206,StarLightCurves,5370
0,0,0.05,shapley_sampling,tshap_centroid,0.0,0.0,0.544921875,-2.9368969849295414,-4.25285055095993,0,0,1.0783007110003382,0.23734835700452095,StarLightCurves,5370
0,0,0.1,shapley_sampling,tshap_centroid,0.0,0.0,0.5673828125,-1.8494615160967707,-3.901688978077588,0,0,1.0783007110003382,0.23734835700452095,StarLightCurves,5370
0,0,0.2,shapley_sampling,tshap_centroid,0.0,0.0,0.484375,-2.338899231456314,-3.858662495798362,0,0,1.0783007110003382,0.23734835700452095,StarLightCurves,5370
0,0,0.05,shapley_sampling,tshap_zero,0.0,0.0,0.205078125,-2.9368969849295414,-4.896787100672502,0,0,1.0783007110003382,0.24347470400243765,StarLightCurves,5370
0,0,0.1,shapley_sampling,tshap_zero,0.0,0.0,0.232421875,-1.8494615160967707,-5.071600901448682,0,0,1.0783007110003382,0.24347470400243765,StarLightCurves,5370
0,0,0.2,shapley_sampling,tshap_zero,0.02756892230576441,0.05365853658536585,0.189453125,-2.338899231456314,-5.0691114436564195,0,0,1.0783007110003382,0.24347470400243765,StarLightCurves,5370
0,0,0.05,shapley_sampling,tshap_train,0.0,0.0,0.193359375,-2.9368969849295414,-4.850508711065384,0,0,1.0783007110003382,4.508817514004477,StarLightCurves,5370
0,0,0.1,shapley_sampling,tshap_train,0.0,0.0,0.21484375,-1.8494615160967707,-4.82779447682408,0,0,1.0783007110003382,4.508817514004477,StarLightCurves,5370
0,0,0.2,shapley_sampling,tshap_train,0.0962566844919786,0.17560975609756097,0.1650390625,-2.338899231456314,-5.055491586103029,0,0,1.0783007110003382,4.508817514004477,StarLightCurves,5370
0,0,0.05,shapley_sampling,mrsqm,0.0,0.0,0.900390625,-2.9368969849295414,-1.1045977497256332,0,0,1.0783007110003382,2.969599881907925e-05,StarLightCurves,5370
0,0,0.1,shapley_sampling,mrsqm,0.0,0.0,0.900390625,-1.8494615160967707,-1.7379644856419765,0,0,1.0783007110003382,2.969599881907925e-05,StarLightCurves,5370
0,0,0.2,shapley_sampling,mrsqm,0.0,0.0,0.7998046875,-2.338899231456314,-2.7584958713923173,0,0,1.0783007110003382,2.969599881907925e-05,StarLightCurves,5370
0,0,0.05,feature_ablation,tshap_centroid,0.0,0.0,0.146484375,-3.7437507614115972,-4.25285055095993,0,0,0.044328549003694206,0.23734835700452095,StarLightCurves,5370
0,0,0.1,feature_ablation,tshap_centroid,0.0,0.0,0.517578125,-3.065625431493947,-3.901688978077588,0,0,0.044328549003694206,0.23734835700452095,StarLightCurves,5370
0,0,0.2,feature_ablation,tshap_centroid,0.0,0.0,0.2646484375,-3.7334885041131827,-3.858662495798362,0,0,0.044328549003694206,0.23734835700452095,StarLightCurves,5370
0,0,0.05,feature_ablation,tshap_zero,0.0,0.0,0.193359375,-3.7437507614115972,-4.896787100672502,0,0,0.044328549003694206,0.24347470400243765,StarLightCurves,5370
0,0,0.1,feature_ablation,tshap_zero,0.0,0.0,0.1826171875,-3.065625431493947,-5.071600901448682,0,0,0.044328549003694206,0.24347470400243765,StarLightCurves,5370
0,0,0.2,feature_ablation,tshap_zero,0.0,0.0,0.5595703125,-3.7334885041131827,-5.0691114436564195,0,0,0.044328549003694206,0.24347470400243765,StarLightCurves,5370
0,0,0.05,feature_ablation,tshap_train,0.0,0.0,0.205078125,-3.7437507614115972,-4.850508711065384,0,0,0.044328549003694206,4.508817514004477,StarLightCurves,5370
0,0,0.1,feature_ablation,tshap_train,0.0,0.0,0.1650390625,-3.065625431493947,-4.82779447682408,0,0,0.044328549003694206,4.508817514004477,StarLightCurves,5370
0,0,0.2,feature_ablation,tshap_train,0.0,0.0,0.583984375,-3.7334885041131827,-5.055491586103029,0,0,0.044328549003694206,4.508817514004477,StarLightCurves,5370
0,0,0.05,feature_ablation,mrsqm,0.0,0.0,0.501953125,-3.7437507614115972,-1.1045977497256332,0,0,0.044328549003694206,2.969599881907925e-05,StarLightCurves,5370
0,0,0.1,feature_ablation,mrsqm,0.0,0.0,0.8505859375,-3.065625431493947,-1.7379644856419765,0,0,0.044328549003694206,2.969599881907925e-05,StarLightCurves,5370
0,0,0.2,feature_ablation,mrsqm,0.5953307392996109,0.7463414634146341,0.05078125,-3.7334885041131827,-2.7584958713923173,0,0,0.044328549003694206,2.969599881907925e-05,StarLightCurves,5370
0,0,0.05,tshap_centroid,tshap_zero,0.0,0.0,0.33984375,-4.25285055095993,-4.896787100672502,0,0,0.23734835700452095,0.24347470400243765,StarLightCurves,5370
0,0,0.1,tshap_centroid,tshap_zero,0.0,0.0,0.3349609375,-3.901688978077588,-5.071600901448682,0,0,0.23734835700452095,0.24347470400243765,StarLightCurves,5370
0,0,0.2,tshap_centroid,tshap_zero,0.0,0.0,0.294921875,-3.858662495798362,-5.0691114436564195,0,0,0.23734835700452095,0.24347470400243765,StarLightCurves,5370
0,0,0.05,tshap_centroid,tshap_train,0.0,0.0,0.3515625,-4.25285055095993,-4.850508711065384,0,0,0.23734835700452095,4.508817514004477,StarLightCurves,5370
0,0,0.1,tshap_centroid,tshap_train,0.0,0.0,0.3525390625,-3.901688978077588,-4.82779447682408,0,0,0.23734835700452095,4.508817514004477,StarLightCurves,5370
0,0,0.2,tshap_centroid,tshap_train,0.0,0.0,0.3193359375,-3.858662495798362,-5.055491586103029,0,0,0.23734835700452095,4.508817514004477,StarLightCurves,5370
0,0,0.05,tshap_centroid,mrsqm,0.0,0.0,0.35546875,-4.25285055095993,-1.1045977497256332,0,0,0.23734835700452095,2.969599881907925e-05,StarLightCurves,5370
0,0,0.1,tshap_centroid,mrsqm,0.0,0.0,0.3330078125,-3.901688978077588,-1.7379644856419765,0,0,0.23734835700452095,2.969599881907925e-05,StarLightCurves,5370
0,0,0.2,tshap_centroid,mrsqm,0.0,0.0,0.3154296875,-3.858662495798362,-2.7584958713923173,0,0,0.23734835700452095,2.969599881907925e-05,StarLightCurves,5370
0,0,0.05,tshap_zero,tshap_train,0.6190476190476191,0.7647058823529411,0.01171875,-4.896787100672502,-4.850508711065384,0,0,0.24347470400243765,4.508817514004477,StarLightCurves,5370
0,0,0.1,tshap_zero,tshap_train,0.7,0.8235294117647058,0.017578125,-5.071600901448682,-4.82779447682408,0,0,0.24347470400243765,4.508817514004477,StarLightCurves,5370
0,0,0.2,tshap_zero,tshap_train,0.782608695652174,0.8780487804878049,0.0244140625,-5.0691114436564195,-5.055491586103029,0,0,0.24347470400243765,4.508817514004477,StarLightCurves,5370
0,0,0.05,tshap_zero,mrsqm,0.0,0.0,0.6953125,-4.896787100672502,-1.1045977497256332,0,0,0.24347470400243765,2.969599881907925e-05,StarLightCurves,5370
0,0,0.1,tshap_zero,mrsqm,0.0,0.0,0.66796875,-5.071600901448682,-1.7379644856419765,0,0,0.24347470400243765,2.969599881907925e-05,StarLightCurves,5370
0,0,0.2,tshap_zero,mrsqm,0.0,0.0,0.6103515625,-5.0691114436564195,-2.7584958713923173,0,0,0.24347470400243765,2.969599881907925e-05,StarLightCurves,5370
0,0,0.05,tshap_train,mrsqm,0.0,0.0,0.70703125,-4.850508711065384,-1.1045977497256332,0,0,4.508817514004477,2.969599881907925e-05,StarLightCurves,5370
0,0,0.1,tshap_train,mrsqm,0.0,0.0,0.685546875,-4.82779447682408,-1.7379644856419765,0,0,4.508817514004477,2.969599881907925e-05,StarLightCurves,5370
0,0,0.2,tshap_train,mrsqm,0.0,0.0,0.634765625,-5.055491586103029,-2.7584958713923173,0,0,4.508817514004477,2.969599881907925e-05,StarLightCurves,5370
2,2,0.05,hydra,shapley_sampling,0.0,0.0,0.0712890625,2.782469576113911,3.623979704762593,1,1,0.6479816979990574,1.0604268329989281,StarLightCurves,4216
2,2,0.1,hydra,shapley_sampling,0.3076923076923077,0.47058823529411764,0.052734375,1.8559958422311502,3.5634648121251447,1,1,0.6479816979990574,1.0604268329989281,StarLightCurves,4216
2,2,0.2,hydra,shapley_sampling,0.7748917748917749,0.8731707317073171,0.025390625,4.086849325791964,4.550483541768307,1,1,0.6479816979990574,1.0604268329989281,StarLightCurves,4216
2,2,0.05,hydra,feature_ablation,0.0,0.0,0.3701171875,2.782469576113911,4.597017974745465,1,1,0.6479816979990574,0.04609327599609969,StarLightCurves,4216
2,2,0.1,hydra,feature_ablation,0.0,0.0,0.3515625,1.8559958422311502,5.129871596952938,1,1,0.6479816979990574,0.04609327599609969,StarLightCurves,4216
2,2,0.2,hydra,feature_ablation,0.0,0.0,0.3232421875,4.086849325791964,6.515176521191312,1,1,0.6479816979990574,0.04609327599609969,StarLightCurves,4216
2,2,0.05,hydra,tshap_centroid,0.0,0.0,0.3759765625,2.782469576113911,4.099710628456741,1,1,0.6479816979990574,0.23757857099553803,StarLightCurves,4216
2,2,0.1,hydra,tshap_centroid,0.0,0.0,0.361328125,1.8559958422311502,4.651394617226315,1,1,0.6479816979990574,0.23757857099553803,StarLightCurves,4216
2,2,0.2,hydra,tshap_centroid,0.0,0.0,0.267578125,4.086849325791964,5.515076193835278,1,1,0.6479816979990574,0.23757857099553803,StarLightCurves,4216
2,2,0.05,hydra,tshap_zero,0.0,0.0,0.05078125,2.782469576113911,1.678460519424394,1,1,0.6479816979990574,0.24051874299766496,StarLightCurves,4216
2,2,0.1,hydra,tshap_zero,0.3691275167785235,0.5392156862745098,0.0458984375,1.8559958422311502,2.1336611796699296,1,1,0.6479816979990574,0.24051874299766496,StarLightCurves,4216
2,2,0.2,hydra,tshap_zero,0.20943952802359883,0.3463414634146341,0.130859375,4.086849325791964,2.586622606990798,1,1,0.6479816979990574,0.24051874299766496,StarLightCurves,4216
2,2,0.05,hydra,tshap_train,0.0,0.0,0.2841796875,2.782469576113911,6.928089724980454,1,1,0.6479816979990574,4.49380261299666,StarLightCurves,4216
2,2,0.1,hydra,tshap_train,0.0,0.0,0.2978515625,1.8559958422311502,6.571945044566107,1,1,0.6479816979990574,4.49380261299666,StarLightCurves,4216
2,2,0.2,hydra,tshap_train,0.0,0.0,0.2529296875,4.086849325791964,5.107101331569672,1,1,0.6479816979990574,4.49380261299666,StarLightCurves,4216
2,2,0.05,hydra,mrsqm,0.0,0.0,0.72265625,2.782469576113911,2.654378556312108,1,1,0.6479816979990574,2.8663998818956316e-05,StarLightCurves,4216
2,2,0.1,hydra,mrsqm,0.0,0.0,0.7041015625,1.8559958422311502,3.0060323408372502,1,1,0.6479816979990574,2.8663998818956316e-05,StarLightCurves,4216
2,2,0.2,hydra,mrsqm,0.0,0.0,0.576171875,4.086849325791964,3.702119722589315,1,1,0.6479816979990574,2.8663998818956316e-05,StarLightCurves,4216
2,2,0.05,shapley_sampling,feature_ablation,0.0,0.0,0.298828125,3.623979704762593,4.597017974745465,1,1,1.0604268329989281,0.04609327599609969,StarLightCurves,4216
2,2,0.1,shapley_sampling,feature_ablation,0.0,0.0,0.298828125,3.5634648121251447,5.129871596952938,1,1,1.0604268329989281,0.04609327599609969,StarLightCurves,4216
2,2,0.2,shapley_sampling,feature_ablation,0.0,0.0,0.2978515625,4.550483541768307,6.515176521191312,1,1,1.0604268329989281,0.04609327599609969,StarLightCurves,4216
2,2,0.05,shapley_sampling,tshap_centroid,0.0,0.0,0.3046875,3.623979704762593,4.099710628456741,1,1,1.0604268329989281,0.23757857099553803,StarLightCurves,4216
2,2,0.1,shapley_sampling,tshap_centroid,0.0,0.0,0.30859375,3.5634648121251447,4.651394617226315,1,1,1.0604268329989281,0.23757857099553803,StarLightCurves,4216
2,2,0.2,shapley_sampling,tshap_centroid,0.0,0.0,0.2421875,4.550483541768307,5.515076193835278,1,1,1.0604268329989281,0.23757857099553803,StarLightCurves,4216
2,2,0.05,shapley_sampling,tshap_zero,0.0,0.0,0.1220703125,3.623979704762593,1.678460519424394,1,1,1.0604268329989281,0.24051874299766496,StarLightCurves,4216
2,2,0.1,shapley_sampling,tshap_zero,0.0049261083743842365,0.00980392156862745,0.0986328125,3.5634648121251447,2.1336611796699296,1,1,1.0604268329989281,0.24051874299766496,StarLightCurves,4216
2,2,0.2,shapley_sampling,tshap_zero,0.1232876712328767,0.21951219512195122,0.15625,4.550483541768307,2.586622606990798,1,1,1.0604268329989281,0.24051874299766496,StarLightCurves,4216
2,2,0.05,shapley_sampling,tshap_train,0.0,0.0,0.212890625,3.623979704762593,6.928089724980454,1,1,1.0604268329989281,4.49380261299666,StarLightCurves,4216
2,2,0.1,shapley_sampling,tshap_train,0.0,0.0,0.2451171875,3.5634648121251447,6.571945044566107,1,1,1.0604268329989281,4.49380261299666,StarLightCurves,4216
2,2,0.2,shapley_sampling,tshap_train,0.0,0.0,0.2275390625,4.550483541768307,5.107101331569672,1,1,1.0604268329989281,4.49380261299666,StarLightCurves,4216
2,2,0.05,shapley_sampling,mrsqm,0.0,0.0,0.6513671875,3.623979704762593,2.654378556312108,1,1,1.0604268329989281,2.8663998818956316e-05,StarLightCurves,4216
2,2,0.1,shapley_sampling,mrsqm,0.0,0.0,0.6513671875,3.5634648121251447,3.0060323408372502,1,1,1.0604268329989281,2.8663998818956316e-05,StarLightCurves,4216
2,2,0.2,shapley_sampling,mrsqm,0.0,0.0,0.55078125,4.550483541768307,3.702119722589315,1,1,1.0604268329989281,2.8663998818956316e-05,StarLightCurves,4216
2,2,0.05,feature_ablation,tshap_centroid,0.7894736842105263,0.8823529411764706,0.005859375,4.597017974745465,4.099710628456741,1,1,0.04609327599609969,0.23757857099553803,StarLightCurves,4216
2,2,0.1,feature_ablation,tshap_centroid,0.8214285714285714,0.9019607843137255,0.009765625,5.129871596952938,4.651394617226315,1,1,0.04609327599609969,0.23757857099553803,StarLightCurves,4216
2,2,0.2,feature_ablation,tshap_centroid,0.5648854961832062,0.7219512195121951,0.0556640625,6.515176521191312,5.515076193835278,1,1,0.04609327599609969,0.23757857099553803,StarLightCurves,4216
2,2,0.05,feature_ablation,tshap_zero,0.0,0.0,0.4208984375,4.597017974745465,1.678460519424394,1,1,0.04609327599609969,0.24051874299766496,StarLightCurves,4216
2,2,0.1,feature_ablation,tshap_zero,0.0,0.0,0.3974609375,5.129871596952938,2.1336611796699296,1,1,0.04609327599609969,0.24051874299766496,StarLightCurves,4216
2,2,0.2,feature_ablation,tshap_zero,0.0,0.0,0.4541015625,6.515176521191312,2.586622606990798,1,1,0.04609327599609969,0.24051874299766496,StarLightCurves,4216
2,2,0.05,feature_ablation,tshap_train,0.0,0.0,0.0859375,4.597017974745465,6.928089724980454,1,1,0.04609327599609969,4.49380261299666,StarLightCurves,4216
2,2,0.1,feature_ablation,tshap_train,0.29936305732484075,0.46078431372549017,0.0537109375,5.129871596952938,6.571945044566107,1,1,0.04609327599609969,4.49380261299666,StarLightCurves,4216
2,2,0.2,feature_ablation,tshap_train,0.48014440433212996,0.6487804878048781,0.0703125,6.515176521191312,5.107101331569672,1,1,0.04609327599609969,4.49380261299666,StarLightCurves,4216
2,2,0.05,feature_ablation,mrsqm,0.0,0.0,0.3525390625,4.597017974745465,2.654378556312108,1,1,0.04609327599609969,2.8663998818956316e-05,StarLightCurves,4216
2,2,0.1,feature_ablation,mrsqm,0.0,0.0,0.3525390625,5.129871596952938,3.0060323408372502,1,1,0.04609327599609969,2.8663998818956316e-05,StarLightCurves,4216
2,2,0.2,feature_ablation,mrsqm,0.0,0.0,0.2529296875,6.515176521191312,3.702119722589315,1,1,0.04609327599609969,2.8663998818956316e-05,StarLightCurves,4216
2,2,0.05,tshap_centroid,tshap_zero,0.0,0.0,0.4267578125,4.099710628456741,1.678460519424394,1,1,0.23757857099553803,0.24051874299766496,StarLightCurves,4216
2,2,0.1,tshap_centroid,tshap_zero,0.0,0.0,0.4072265625,4.651394617226315,2.1336611796699296,1,1,0.23757857099553803,0.24051874299766496,StarLightCurves,4216
2,2,0.2,tshap_centroid,tshap_zero,0.0,0.0,0.3984375,5.515076193835278,2.586622606990798,1,1,0.23757857099553803,0.24051874299766496,StarLightCurves,4216
2,2,0.05,tshap_centroid,tshap_train,0.0,0.0,0.091796875,4.099710628456741,6.928089724980454,1,1,0.23757857099553803,4.49380261299666,StarLightCurves,4216
2,2,0.1,tshap_centroid,tshap_train,0.2215568862275449,0.3627450980392157,0.0634765625,4.651394617226315,6.571945044566107,1,1,0.23757857099553803,4.49380261299666,StarLightCurves,4216
2,2,0.2,tshap_centroid,tshap_train,0.8636363636363636,0.926829268292683,0.0146484375,5.515076193835278,5.107101331569672,1,1,0.23757857099553803,4.49380261299666,StarLightCurves,4216
2,2,0.05,tshap_centroid,mrsqm,0.0,0.0,0.3466796875,4.099710628456741,2.654378556312108,1,1,0.23757857099553803,2.8663998818956316e-05,StarLightCurves,4216
2,2,0.1,tshap_centroid,mrsqm,0.0,0.0,0.3427734375,4.651394617226315,3.0060323408372502,1,1,0.23757857099553803,2.8663998818956316e-05,StarLightCurves,4216
2,2,0.2,tshap_centroid,mrsqm,0.0,0.0,0.30859375,5.515076193835278,3.702119722589315,1,1,0.23757857099553803,2.8663998818956316e-05,StarLightCurves,4216
2,2,0.05,tshap_zero,tshap_train,0.0,0.0,0.3349609375,1.678460519424394,6.928089724980454,1,1,0.24051874299766496,4.49380261299666,StarLightCurves,4216
2,2,0.1,tshap_zero,tshap_train,0.0,0.0,0.34375,2.1336611796699296,6.571945044566107,1,1,0.24051874299766496,4.49380261299666,StarLightCurves,4216
2,2,0.2,tshap_zero,tshap_train,0.0,0.0,0.3837890625,2.586622606990798,5.107101331569672,1,1,0.24051874299766496,4.49380261299666,StarLightCurves,4216
2,2,0.05,tshap_zero,mrsqm,0.0,0.0,0.7734375,1.678460519424394,2.654378556312108,1,1,0.24051874299766496,2.8663998818956316e-05,StarLightCurves,4216
2,2,0.1,tshap_zero,mrsqm,0.0,0.0,0.75,2.1336611796699296,3.0060323408372502,1,1,0.24051874299766496,2.8663998818956316e-05,StarLightCurves,4216
2,2,0.2,tshap_zero,mrsqm,0.0,0.0,0.70703125,2.586622606990798,3.702119722589315,1,1,0.24051874299766496,2.8663998818956316e-05,StarLightCurves,4216
2,2,0.05,tshap_train,mrsqm,0.0,0.0,0.4384765625,6.928089724980454,2.654378556312108,1,1,4.49380261299666,2.8663998818956316e-05,StarLightCurves,4216
2,2,0.1,tshap_train,mrsqm,0.0,0.0,0.40625,6.571945044566107,3.0060323408372502,1,1,4.49380261299666,2.8663998818956316e-05,StarLightCurves,4216
2,2,0.2,tshap_train,mrsqm,0.0,0.0,0.3232421875,5.107101331569672,3.702119722589315,1,1,4.49380261299666,2.8663998818956316e-05,StarLightCurves,4216
2,2,0.05,hydra,shapley_sampling,0.0,0.0,0.2177734375,4.118107573342672,5.28313770868799,1,1,0.6497436390054645,1.057995259994641,StarLightCurves,3555
2,2,0.1,hydra,shapley_sampling,0.0,0.0,0.611328125,4.158859703477778,5.905056167231404,1,1,0.6497436390054645,1.057995259994641,StarLightCurves,3555
2,2,0.2,hydra,shapley_sampling,0.0,0.0,0.6015625,2.676714237220151,5.092072781387261,1,1,0.6497436390054645,1.057995259994641,StarLightCurves,3555
2,2,0.05,hydra,feature_ablation,0.0,0.0,0.7685546875,4.118107573342672,4.4697214512402414,1,1,0.6497436390054645,0.04514426600508159,StarLightCurves,3555
2,2,0.1,hydra,feature_ablation,0.0,0.0,0.3115234375,4.158859703477778,4.6876143125824985,1,1,0.6497436390054645,0.04514426600508159,StarLightCurves,3555
2,2,0.2,hydra,feature_ablation,0.0,0.0,0.3017578125,2.676714237220151,4.632828238583832,1,1,0.6497436390054645,0.04514426600508159,StarLightCurves,3555
2,2,0.05,hydra,tshap_centroid,0.0,0.0,0.16015625,4.118107573342672,6.326699963037411,1,1,0.6497436390054645,0.2430314079974778,StarLightCurves,3555
2,2,0.1,hydra,tshap_centroid,0.0,0.0,0.1259765625,4.158859703477778,5.474483827164068,1,1,0.6497436390054645,0.2430314079974778,StarLightCurves,3555
2,2,0.2,hydra,tshap_centroid,0.15819209039548024,0.2731707317073171,0.1455078125,2.676714237220151,5.248326665730502,1,1,0.6497436390054645,0.2430314079974778,StarLightCurves,3555
2,2,0.05,hydra,tshap_zero,0.0,0.0,0.0625,4.118107573342672,3.034260162772442,1,1,0.6497436390054645,0.23969259699515533,StarLightCurves,3555
2,2,0.1,hydra,tshap_zero,0.04081632653061224,0.0784313725490196,0.091796875,4.158859703477778,2.8791373602241688,1,1,0.6497436390054645,0.23969259699515533,StarLightCurves,3555
2,2,0.2,hydra,tshap_zero,0.8552036199095022,0.9219512195121952,0.015625,2.676714237220151,2.5078808592420105,1,1,0.6497436390054645,0.23969259699515533,StarLightCurves,3555
2,2,0.05,hydra,tshap_train,0.0,0.0,0.16796875,4.118107573342672,6.418943361500871,1,1,0.6497436390054645,4.518480705999536,StarLightCurves,3555
2,2,0.1,hydra,tshap_train,0.0,0.0,0.138671875,4.158859703477778,5.8105903014646465,1,1,0.6497436390054645,4.518480705999536,StarLightCurves,3555
2,2,0.2,hydra,tshap_train,0.18155619596541786,0.3073170731707317,0.138671875,2.676714237220151,5.052878428047835,1,1,0.6497436390054645,4.518480705999536,StarLightCurves,3555
2,2,0.05,hydra,mrsqm,0.0,0.0,0.8193359375,4.118107573342672,1.8063034550672459,1,1,0.6497436390054645,3.060799645027146e-05,StarLightCurves,3555
2,2,0.1,hydra,mrsqm,0.0,0.0,0.763671875,4.158859703477778,3.5256834007352547,1,1,0.6497436390054645,3.060799645027146e-05,StarLightCurves,3555
2,2,0.2,hydra,mrsqm,0.0,0.0,0.75390625,2.676714237220151,3.518227603994103,1,1,0.6497436390054645,3.060799645027146e-05,StarLightCurves,3555
2,2,0.05,shapley_sampling,feature_ablation,0.0,0.0,0.55078125,5.28313770868799,4.4697214512402414,1,1,1.057995259994641,0.04514426600508159,StarLightCurves,3555
2,2,0.1,shapley_sampling,feature_ablation,0.0,0.0,0.2998046875,5.905056167231404,4.6876143125824985,1,1,1.057995259994641,0.04514426600508159,StarLightCurves,3555
2,2,0.2,shapley_sampling,feature_ablation,0.0,0.0,0.2998046875,5.092072781387261,4.632828238583832,1,1,1.057995259994641,0.04514426600508159,StarLightCurves,3555
2,2,0.05,shapley_sampling,tshap_centroid,0.0,0.0,0.0576171875,5.28313770868799,6.326699963037411,1,1,1.057995259994641,0.2430314079974778,StarLightCurves,3555
2,2,0.1,shapley_sampling,tshap_centroid,0.0,0.0,0.4853515625,5.905056167231404,5.474483827164068,1,1,1.057995259994641,0.2430314079974778,StarLightCurves,3555
2,2,0.2,shapley_sampling,tshap_centroid,0.0,0.0,0.4560546875,5.092072781387261,5.248326665730502,1,1,1.057995259994641,0.2430314079974778,StarLightCurves,3555
2,2,0.05,shapley_sampling,tshap_zero,0.0,0.0,0.2802734375,5.28313770868799,3.034260162772442,1,1,1.057995259994641,0.23969259699515533,StarLightCurves,3555
2,2,0.1,shapley_sampling,tshap_zero,0.0,0.0,0.703125,5.905056167231404,2.8791373602241688,1,1,1.057995259994641,0.23969259699515533,StarLightCurves,3555
2,2,0.2,shapley_sampling,tshap_zero,0.0,0.0,0.6171875,5.092072781387261,2.5078808592420105,1,1,1.057995259994641,0.23969259699515533,StarLightCurves,3555
2,2,0.05,shapley_sampling,tshap_train,0.0,0.0,0.0498046875,5.28313770868799,6.418943361500871,1,1,1.057995259994641,4.518480705999536,StarLightCurves,3555
2,2,0.1,shapley_sampling,tshap_train,0.0,0.0,0.47265625,5.905056167231404,5.8105903014646465,1,1,1.057995259994641,4.518480705999536,StarLightCurves,3555
2,2,0.2,shapley_sampling,tshap_train,0.0,0.0,0.462890625,5.092072781387261,5.052878428047835,1,1,1.057995259994641,4.518480705999536,StarLightCurves,3555
2,2,0.05,shapley_sampling,mrsqm,0.0,0.0,0.6015625,5.28313770868799,1.8063034550672459,1,1,1.057995259994641,3.060799645027146e-05,StarLightCurves,3555
2,2,0.1,shapley_sampling,mrsqm,0.0,0.0,0.15234375,5.905056167231404,3.5256834007352547,1,1,1.057995259994641,3.060799645027146e-05,StarLightCurves,3555
2,2,0.2,shapley_sampling,mrsqm,0.13573407202216067,0.23902439024390243,0.15234375,5.092072781387261,3.518227603994103,1,1,1.057995259994641,3.060799645027146e-05,StarLightCurves,3555
2,2,0.05,feature_ablation,tshap_centroid,0.0,0.0,0.6083984375,4.4697214512402414,6.326699963037411,1,1,0.04514426600508159,0.2430314079974778,StarLightCurves,3555
2,2,0.1,feature_ablation,tshap_centroid,0.0,0.0,0.185546875,4.6876143125824985,5.474483827164068,1,1,0.04514426600508159,0.2430314079974778,StarLightCurves,3555
2,2,0.2,feature_ablation,tshap_centroid,0.1232876712328767,0.21951219512195122,0.15625,4.632828238583832,5.248326665730502,1,1,0.04514426600508159,0.2430314079974778,StarLightCurves,3555
2,2,0.05,feature_ablation,tshap_zero,0.0,0.0,0.8310546875,4.4697214512402414,3.034260162772442,1,1,0.04514426600508159,0.23969259699515533,StarLightCurves,3555
2,2,0.1,feature_ablation,tshap_zero,0.0,0.0,0.4033203125,4.6876143125824985,2.8791373602241688,1,1,0.04514426600508159,0.23969259699515533,StarLightCurves,3555
2,2,0.2,feature_ablation,tshap_zero,0.0,0.0,0.3173828125,4.632828238583832,2.5078808592420105,1,1,0.04514426600508159,0.23969259699515533,StarLightCurves,3555
2,2,0.05,feature_ablation,tshap_train,0.0,0.0,0.6005859375,4.4697214512402414,6.418943361500871,1,1,0.04514426600508159,4.518480705999536,StarLightCurves,3555
2,2,0.1,feature_ablation,tshap_train,0.0,0.0,0.1728515625,4.6876143125824985,5.8105903014646465,1,1,0.04514426600508159,4.518480705999536,StarLightCurves,3555
2,2,0.2,feature_ablation,tshap_train,0.10215053763440861,0.18536585365853658,0.1630859375,4.632828238583832,5.052878428047835,1,1,0.04514426600508159,4.518480705999536,StarLightCurves,3555
2,2,0.05,feature_ablation,mrsqm,0.0,0.0,0.05078125,4.4697214512402414,1.8063034550672459,1,1,0.04514426600508159,3.060799645027146e-05,StarLightCurves,3555
2,2,0.1,feature_ablation,mrsqm,0.0,0.0,0.4521484375,4.6876143125824985,3.5256834007352547,1,1,0.04514426600508159,3.060799645027146e-05,StarLightCurves,3555
2,2,0.2,feature_ablation,mrsqm,0.0,0.0,0.4521484375,4.632828238583832,3.518227603994103,1,1,0.04514426600508159,3.060799645027146e-05,StarLightCurves,3555
2,2,0.05,tshap_centroid,tshap_zero,0.0,0.0,0.22265625,6.326699963037411,3.034260162772442,1,1,0.2430314079974778,0.23969259699515533,StarLightCurves,3555
2,2,0.1,tshap_centroid,tshap_zero,0.0,0.0,0.2177734375,5.474483827164068,2.8791373602241688,1,1,0.2430314079974778,0.23969259699515533,StarLightCurves,3555
2,2,0.2,tshap_centroid,tshap_zero,0.10810810810810811,0.1951219512195122,0.1611328125,5.248326665730502,2.5078808592420105,1,1,0.2430314079974778,0.23969259699515533,StarLightCurves,3555
2,2,0.05,tshap_centroid,tshap_train,0.7288135593220338,0.8431372549019608,0.0078125,6.326699963037411,6.418943361500871,1,1,0.2430314079974778,4.518480705999536,StarLightCurves,3555
2,2,0.1,tshap_centroid,tshap_train,0.7739130434782608,0.8725490196078431,0.0126953125,5.474483827164068,5.8105903014646465,1,1,0.2430314079974778,4.518480705999536,StarLightCurves,3555
2,2,0.2,tshap_centroid,tshap_train,0.9339622641509434,0.9658536585365853,0.0068359375,5.248326665730502,5.052878428047835,1,1,0.2430314079974778,4.518480705999536,StarLightCurves,3555
2,2,0.05,tshap_centroid,mrsqm,0.0,0.0,0.6591796875,6.326699963037411,1.8063034550672459,1,1,0.2430314079974778,3.060799645027146e-05,StarLightCurves,3555
2,2,0.1,tshap_centroid,mrsqm,0.0,0.0,0.6376953125,5.474483827164068,3.5256834007352547,1,1,0.2430314079974778,3.060799645027146e-05,StarLightCurves,3555
2,2,0.2,tshap_centroid,mrsqm,0.0,0.0,0.6083984375,5.248326665730502,3.518227603994103,1,1,0.2430314079974778,3.060799645027146e-05,StarLightCurves,3555
2,2,0.05,tshap_zero,tshap_train,0.0,0.0,0.23046875,3.034260162772442,6.418943361500871,1,1,0.23969259699515533,4.518480705999536,StarLightCurves,3555
2,2,0.1,tshap_zero,tshap_train,0.0,0.0,0.23046875,2.8791373602241688,5.8105903014646465,1,1,0.23969259699515533,4.518480705999536,StarLightCurves,3555
2,2,0.2,tshap_zero,tshap_train,0.12947658402203857,0.22926829268292684,0.154296875,2.5078808592420105,5.052878428047835,1,1,0.23969259699515533,4.518480705999536,StarLightCurves,3555
2,2,0.05,tshap_zero,mrsqm,0.0,0.0,0.8818359375,3.034260162772442,1.8063034550672459,1,1,0.23969259699515533,3.060799645027146e-05,StarLightCurves,3555
2,2,0.1,tshap_zero,mrsqm,0.0,0.0,0.85546875,2.8791373602241688,3.5256834007352547,1,1,0.23969259699515533,3.060799645027146e-05,StarLightCurves,3555
2,2,0.2,tshap_zero,mrsqm,0.0,0.0,0.76953125,2.5078808592420105,3.518227603994103,1,1,0.23969259699515533,3.060799645027146e-05,StarLightCurves,3555
2,2,0.05,tshap_train,mrsqm,0.0,0.0,0.6513671875,6.418943361500871,1.8063034550672459,1,1,4.518480705999536,3.060799645027146e-05,StarLightCurves,3555
2,2,0.1,tshap_train,mrsqm,0.0,0.0,0.625,5.8105903014646465,3.5256834007352547,1,1,4.518480705999536,3.060799645027146e-05,StarLightCurves,3555
2,2,0.2,tshap_train,mrsqm,0.0,0.0,0.615234375,5.052878428047835,3.518227603994103,1,1,4.518480705999536,3.060799645027146e-05,StarLightCurves,3555
1,1,0.05,hydra,shapley_sampling,0.0,0.0,0.4755859375,-0.12285378319277207,-0.13120974340598557,1,1,0.6503190639996319,1.060870638997585,StarLightCurves,705
1,1,0.1,hydra,shapley_sampling,0.0,0.0,0.4599609375,-0.08529983855086098,-0.12296522313924796,1,1,0.6503190639996319,1.060870638997585,StarLightCurves,705
1,1,0.2,hydra,shapley_sampling,0.0,0.0,0.5478515625,0.061367321473887904,-0.3586338788274186,1,1,0.6503190639996319,1.060870638997585,StarLightCurves,705
1,1,0.05,hydra,feature_ablation,0.0,0.0,0.1220703125,-0.12285378319277207,-0.004446836133062293,1,1,0.6503190639996319,0.04436630000418518,StarLightCurves,705
1,1,0.1,hydra,feature_ablation,0.0,0.0,0.6591796875,-0.08529983855086098,0.1309232955650106,1,1,0.6503190639996319,0.04436630000418518,StarLightCurves,705
1,1,0.2,hydra,feature_ablation,0.0,0.0,0.6474609375,0.061367321473887904,0.22014653572739395,1,0,0.6503190639996319,0.04436630000418518,StarLightCurves,705
1,1,0.05,hydra,tshap_centroid,0.0,0.0,0.2333984375,-0.12285378319277207,0.10596564202528636,1,1,0.6503190639996319,0.23730383400106803,StarLightCurves,705
1,1,0.1,hydra,tshap_centroid,0.0,0.0,0.73046875,-0.08529983855086098,0.20367553115168402,1,1,0.6503190639996319,0.23730383400106803,StarLightCurves,705
1,1,0.2,hydra,tshap_centroid,0.0,0.0,0.7392578125,0.061367321473887904,0.2964936617526537,1,1,0.6503190639996319,0.23730383400106803,StarLightCurves,705
1,1,0.05,hydra,tshap_zero,0.0,0.0,0.1591796875,-0.12285378319277207,0.0731302164474299,1,1,0.6503190639996319,0.24039984899718547,StarLightCurves,705
1,1,0.1,hydra,tshap_zero,0.0,0.0,0.662109375,-0.08529983855086098,0.14338427021737954,1,1,0.6503190639996319,0.24039984899718547,StarLightCurves,705
1,1,0.2,hydra,tshap_zero,0.0,0.0,0.685546875,0.061367321473887904,0.4407363324298619,1,1,0.6503190639996319,0.24039984899718547,StarLightCurves,705
1,1,0.05,hydra,tshap_train,0.0,0.0,0.2294921875,-0.12285378319277207,0.10646614898677176,1,1,0.6503190639996319,4.504808136000065,StarLightCurves,705
1,1,0.1,hydra,tshap_train,0.0,0.0,0.7255859375,-0.08529983855086098,0.1883109921160513,1,1,0.6503190639996319,4.504808136000065,StarLightCurves,705
1,1,0.2,hydra,tshap_train,0.0,0.0,0.734375,0.061367321473887904,0.30187101799065186,1,1,0.6503190639996319,4.504808136000065,StarLightCurves,705
1,1,0.05,hydra,mrsqm,0.0,0.0,0.3251953125,-0.12285378319277207,-0.054020660038527346,1,1,0.6503190639996319,2.913499338319525e-05,StarLightCurves,705
1,1,0.1,hydra,mrsqm,0.0,0.0,0.8125,-0.08529983855086098,0.062405319802206316,1,1,0.6503190639996319,2.913499338319525e-05,StarLightCurves,705
1,1,0.2,hydra,mrsqm,0.0,0.0,0.7998046875,0.061367321473887904,0.398473736893753,1,1,0.6503190639996319,2.913499338319525e-05,StarLightCurves,705
1,1,0.05,shapley_sampling,feature_ablation,0.0,0.0,0.59765625,-0.13120974340598557,-0.004446836133062293,1,1,1.060870638997585,0.04436630000418518,StarLightCurves,705
1,1,0.1,shapley_sampling,feature_ablation,0.0,0.0,0.19921875,-0.12296522313924796,0.1309232955650106,1,1,1.060870638997585,0.04436630000418518,StarLightCurves,705
1,1,0.2,shapley_sampling,feature_ablation,0.3355048859934853,0.5024390243902439,0.099609375,-0.3586338788274186,0.22014653572739395,1,0,1.060870638997585,0.04436630000418518,StarLightCurves,705
1,1,0.05,shapley_sampling,tshap_centroid,0.0,0.0,0.708984375,-0.13120974340598557,0.10596564202528636,1,1,1.060870638997585,0.23730383400106803,StarLightCurves,705
1,1,0.1,shapley_sampling,tshap_centroid,0.0,0.0,0.2705078125,-0.12296522313924796,0.20367553115168402,1,1,1.060870638997585,0.23730383400106803,StarLightCurves,705
1,1,0.2,shapley_sampling,tshap_centroid,0.022443890274314215,0.04390243902439024,0.19140625,-0.3586338788274186,0.2964936617526537,1,1,1.060870638997585,0.23730383400106803,StarLightCurves,705
1,1,0.05,shapley_sampling,tshap_zero,0.0,0.0,0.634765625,-0.13120974340598557,0.0731302164474299,1,1,1.060870638997585,0.24039984899718547,StarLightCurves,705
1,1,0.1,shapley_sampling,tshap_zero,0.0,0.0,0.2021484375,-0.12296522313924796,0.14338427021737954,1,1,1.060870638997585,0.24039984899718547,StarLightCurves,705
1,1,0.2,shapley_sampling,tshap_zero,0.18497109826589594,0.3121951219512195,0.1376953125,-0.3586338788274186,0.4407363324298619,1,1,1.060870638997585,0.24039984899718547,StarLightCurves,705
1,1,0.05,shapley_sampling,tshap_train,0.0,0.0,0.705078125,-0.13120974340598557,0.10646614898677176,1,1,1.060870638997585,4.504808136000065,StarLightCurves,705
1,1,0.1,shapley_sampling,tshap_train,0.0,0.0,0.265625,-0.12296522313924796,0.1883109921160513,1,1,1.060870638997585,4.504808136000065,StarLightCurves,705
1,1,0.2,shapley_sampling,tshap_train,0.03535353535353535,0.06829268292682927,0.1865234375,-0.3586338788274186,0.30187101799065186,1,1,1.060870638997585,4.504808136000065,StarLightCurves,705
1,1,0.05,shapley_sampling,mrsqm,0.0,0.0,0.80078125,-0.13120974340598557,-0.054020660038527346,1,1,1.060870638997585,2.913499338319525e-05,StarLightCurves,705
1,1,0.1,shapley_sampling,mrsqm,0.0,0.0,0.3525390625,-0.12296522313924796,0.062405319802206316,1,1,1.060870638997585,2.913499338319525e-05,StarLightCurves,705
1,1,0.2,shapley_sampling,mrsqm,0.0,0.0,0.251953125,-0.3586338788274186,0.398473736893753,1,1,1.060870638997585,2.913499338319525e-05,StarLightCurves,705
1,1,0.05,feature_ablation,tshap_centroid,0.0,0.0,0.111328125,-0.004446836133062293,0.10596564202528636,1,1,0.04436630000418518,0.23730383400106803,StarLightCurves,705
1,1,0.1,feature_ablation,tshap_centroid,0.1657142857142857,0.28431372549019607,0.0712890625,0.1309232955650106,0.20367553115168402,1,1,0.04436630000418518,0.23730383400106803,StarLightCurves,705
1,1,0.2,feature_ablation,tshap_centroid,0.3712374581939799,0.5414634146341464,0.091796875,0.22014653572739395,0.2964936617526537,0,1,0.04436630000418518,0.23730383400106803,StarLightCurves,705
1,1,0.05,feature_ablation,tshap_zero,0.14606741573033707,0.2549019607843137,0.037109375,-0.004446836133062293,0.0731302164474299,1,1,0.04436630000418518,0.24039984899718547,StarLightCurves,705
1,1,0.1,feature_ablation,tshap_zero,0.9428571428571428,0.9705882352941176,0.0029296875,0.1309232955650106,0.14338427021737954,1,1,0.04436630000418518,0.24039984899718547,StarLightCurves,705
1,1,0.2,feature_ablation,tshap_zero,0.680327868852459,0.8097560975609757,0.0380859375,0.22014653572739395,0.4407363324298619,0,1,0.04436630000418518,0.24039984899718547,StarLightCurves,705
1,1,0.05,feature_ablation,tshap_train,0.0,0.0,0.107421875,-0.004446836133062293,0.10646614898677176,1,1,0.04436630000418518,4.504808136000065,StarLightCurves,705
1,1,0.1,feature_ablation,tshap_train,0.2,0.3333333333333333,0.06640625,0.1309232955650106,0.1883109921160513,1,1,0.04436630000418518,4.504808136000065,StarLightCurves,705
1,1,0.2,feature_ablation,tshap_train,0.3945578231292517,0.5658536585365853,0.0869140625,0.22014653572739395,0.30187101799065186,0,1,0.04436630000418518,4.504808136000065,StarLightCurves,705
1,1,0.05,feature_ablation,mrsqm,0.0,0.0,0.203125,-0.004446836133062293,-0.054020660038527346,1,1,0.04436630000418518,2.913499338319525e-05,StarLightCurves,705
1,1,0.1,feature_ablation,mrsqm,0.0,0.0,0.1533203125,0.1309232955650106,0.062405319802206316,1,1,0.04436630000418518,2.913499338319525e-05,StarLightCurves,705
1,1,0.2,feature_ablation,mrsqm,0.13573407202216067,0.23902439024390243,0.15234375,0.22014653572739395,0.398473736893753,0,1,0.04436630000418518,2.913499338319525e-05,StarLightCurves,705
1,1,0.05,tshap_centroid,tshap_zero,0.0,0.0,0.07421875,0.10596564202528636,0.0731302164474299,1,1,0.23730383400106803,0.24039984899718547,StarLightCurves,705
1,1,0.1,tshap_centroid,tshap_zero,0.18604651162790697,0.3137254901960784,0.068359375,0.20367553115168402,0.14338427021737954,1,1,0.23730383400106803,0.24039984899718547,StarLightCurves,705
1,1,0.2,tshap_centroid,tshap_zero,0.5769230769230769,0.7317073170731707,0.0537109375,0.2964936617526537,0.4407363324298619,1,1,0.23730383400106803,0.24039984899718547,StarLightCurves,705
1,1,0.05,tshap_centroid,tshap_train,0.8545454545454545,0.9215686274509803,0.00390625,0.10596564202528636,0.10646614898677176,1,1,0.23730383400106803,4.504808136000065,StarLightCurves,705
1,1,0.1,tshap_centroid,tshap_train,0.9065420560747663,0.9509803921568627,0.0048828125,0.20367553115168402,0.1883109921160513,1,1,0.23730383400106803,4.504808136000065,StarLightCurves,705
1,1,0.2,tshap_centroid,tshap_train,0.9523809523809523,0.975609756097561,0.0048828125,0.2964936617526537,0.30187101799065186,1,1,0.23730383400106803,4.504808136000065,StarLightCurves,705
1,1,0.05,tshap_centroid,mrsqm,0.0,0.0,0.091796875,0.10596564202528636,-0.054020660038527346,1,1,0.23730383400106803,2.913499338319525e-05,StarLightCurves,705
1,1,0.1,tshap_centroid,mrsqm,0.0967741935483871,0.17647058823529413,0.08203125,0.20367553115168402,0.062405319802206316,1,1,0.23730383400106803,2.913499338319525e-05,StarLightCurves,705
1,1,0.2,tshap_centroid,mrsqm,0.5355805243445693,0.697560975609756,0.060546875,0.2964936617526537,0.398473736893753,1,1,0.23730383400106803,2.913499338319525e-05,StarLightCurves,705
1,1,0.05,tshap_zero,tshap_train,0.0,0.0,0.0703125,0.0731302164474299,0.10646614898677176,1,1,0.24039984899718547,4.504808136000065,StarLightCurves,705
1,1,0.1,tshap_zero,tshap_train,0.2215568862275449,0.3627450980392157,0.0634765625,0.14338427021737954,0.1883109921160513,1,1,0.24039984899718547,4.504808136000065,StarLightCurves,705
1,1,0.2,tshap_zero,tshap_train,0.6078431372549019,0.7560975609756098,0.048828125,0.4407363324298619,0.30187101799065186,1,1,0.24039984899718547,4.504808136000065,StarLightCurves,705
1,1,0.05,tshap_zero,mrsqm,0.0,0.0,0.166015625,0.0731302164474299,-0.054020660038527346,1,1,0.24039984899718547,2.913499338319525e-05,StarLightCurves,705
1,1,0.1,tshap_zero,mrsqm,0.0,0.0,0.150390625,0.14338427021737954,0.062405319802206316,1,1,0.24039984899718547,2.913499338319525e-05,StarLightCurves,705
1,1,0.2,tshap_zero,mrsqm,0.2732919254658385,0.4292682926829268,0.1142578125,0.4407363324298619,0.398473736893753,1,1,0.24039984899718547,2.913499338319525e-05,StarLightCurves,705
1,1,0.05,tshap_train,mrsqm,0.0,0.0,0.095703125,0.10646614898677176,-0.054020660038527346,1,1,4.504808136000065,2.913499338319525e-05,StarLightCurves,705
1,1,0.1,tshap_train,mrsqm,0.06806282722513089,0.12745098039215685,0.0869140625,0.1883109921160513,0.062405319802206316,1,1,4.504808136000065,2.913499338319525e-05,StarLightCurves,705
1,1,0.2,tshap_train,mrsqm,0.5073529411764706,0.6731707317073171,0.0654296875,0.30187101799065186,0.398473736893753,1,1,4.504808136000065,2.913499338319525e-05,StarLightCurves,705
0,0,0.05,hydra,shapley_sampling,0.0,0.0,0.365234375,-5.271918273021734,-6.116841844220544,0,0,0.6522115600018878,1.0586103500027093,StarLightCurves,3705
0,0,0.1,hydra,shapley_sampling,0.6721311475409836,0.803921568627451,0.01953125,-5.983398856807409,-6.082417724207526,0,0,0.6522115600018878,1.0586103500027093,StarLightCurves,3705
0,0,0.2,hydra,shapley_sampling,0.8721461187214612,0.9317073170731708,0.013671875,-5.264944304986931,-5.236909284461489,0,0,0.6522115600018878,1.0586103500027093,StarLightCurves,3705
0,0,0.05,hydra,feature_ablation,0.0,0.0,0.06640625,-5.271918273021734,-3.8659894354723443,0,0,0.6522115600018878,0.04462786400108598,StarLightCurves,3705
0,0,0.1,hydra,feature_ablation,0.0,0.0,0.1796875,-5.983398856807409,-3.0305041205819547,0,0,0.6522115600018878,0.04462786400108598,StarLightCurves,3705
0,0,0.2,hydra,feature_ablation,0.19186046511627908,0.32195121951219513,0.1357421875,-5.264944304986931,-3.8340887141045057,0,0,0.6522115600018878,0.04462786400108598,StarLightCurves,3705
0,0,0.05,hydra,tshap_centroid,0.0,0.0,0.0849609375,-5.271918273021734,-3.190732139882493,0,0,0.6522115600018878,0.23898028399707982,StarLightCurves,3705
0,0,0.1,hydra,tshap_centroid,0.0,0.0,0.2666015625,-5.983398856807409,-2.9935065395683127,0,0,0.6522115600018878,0.23898028399707982,StarLightCurves,3705
0,0,0.2,hydra,tshap_centroid,0.0,0.0,0.2451171875,-5.264944304986931,-4.437074303243609,0,0,0.6522115600018878,0.23898028399707982,StarLightCurves,3705
0,0,0.05,hydra,tshap_zero,0.0,0.0,0.326171875,-5.271918273021734,-6.032117020240076,0,0,0.6522115600018878,0.24071666600502795,StarLightCurves,3705
0,0,0.1,hydra,tshap_zero,0.5223880597014925,0.6862745098039216,0.03125,-5.983398856807409,-6.034460224634368,0,0,0.6522115600018878,0.24071666600502795,StarLightCurves,3705
0,0,0.2,hydra,tshap_zero,0.8807339449541285,0.9365853658536586,0.0126953125,-5.264944304986931,-5.232797479309601,0,0,0.6522115600018878,0.24071666600502795,StarLightCurves,3705
0,0,0.05,hydra,tshap_train,0.0,0.0,0.0673828125,-5.271918273021734,-3.8191624214198754,0,0,0.6522115600018878,4.574084707004658,StarLightCurves,3705
0,0,0.1,hydra,tshap_train,0.0,0.0,0.2900390625,-5.983398856807409,-3.4271859686497255,0,0,0.6522115600018878,4.574084707004658,StarLightCurves,3705
0,0,0.2,hydra,tshap_train,0.6872427983539094,0.8146341463414634,0.037109375,-5.264944304986931,-5.132464139274832,0,0,0.6522115600018878,4.574084707004658,StarLightCurves,3705
0,0,0.05,hydra,mrsqm,0.0,0.0,0.2861328125,-5.271918273021734,-2.322949330249153,0,0,0.6522115600018878,2.9767004889436066e-05,StarLightCurves,3705
0,0,0.1,hydra,mrsqm,0.0,0.0,0.62109375,-5.983398856807409,-2.711428000787974,0,0,0.6522115600018878,2.9767004889436066e-05,StarLightCurves,3705
0,0,0.2,hydra,mrsqm,0.0,0.0,0.564453125,-5.264944304986931,-2.96232797560092,0,0,0.6522115600018878,2.9767004889436066e-05,StarLightCurves,3705
0,0,0.05,shapley_sampling,feature_ablation,0.0,0.0,0.298828125,-6.116841844220544,-3.8659894354723443,0,0,1.0586103500027093,0.04462786400108598,StarLightCurves,3705
0,0,0.1,shapley_sampling,feature_ablation,0.0,0.0,0.19921875,-6.082417724207526,-3.0305041205819547,0,0,1.0586103500027093,0.04462786400108598,StarLightCurves,3705
0,0,0.2,shapley_sampling,feature_ablation,0.1452513966480447,0.25365853658536586,0.1494140625,-5.236909284461489,-3.8340887141045057,0,0,1.0586103500027093,0.04462786400108598,StarLightCurves,3705
0,0,0.05,shapley_sampling,tshap_centroid,0.0,0.0,0.2802734375,-6.116841844220544,-3.190732139882493,0,0,1.0586103500027093,0.23898028399707982,StarLightCurves,3705
0,0,0.1,shapley_sampling,tshap_centroid,0.0,0.0,0.2470703125,-6.082417724207526,-2.9935065395683127,0,0,1.0586103500027093,0.23898028399707982,StarLightCurves,3705
0,0,0.2,shapley_sampling,tshap_centroid,0.0,0.0,0.2314453125,-5.236909284461489,-4.437074303243609,0,0,1.0586103500027093,0.23898028399707982,StarLightCurves,3705
0,0,0.05,shapley_sampling,tshap_zero,0.12087912087912088,0.21568627450980393,0.0390625,-6.116841844220544,-6.032117020240076,0,0,1.0586103500027093,0.24071666600502795,StarLightCurves,3705
0,0,0.1,shapley_sampling,tshap_zero,0.7894736842105263,0.8823529411764706,0.01171875,-6.082417724207526,-6.034460224634368,0,0,1.0586103500027093,0.24071666600502795,StarLightCurves,3705
0,0,0.2,shapley_sampling,tshap_zero,0.9902912621359223,0.9951219512195122,0.0009765625,-5.236909284461489,-5.232797479309601,0,0,1.0586103500027093,0.24071666600502795,StarLightCurves,3705
0,0,0.05,shapley_sampling,tshap_train,0.0,0.0,0.2978515625,-6.116841844220544,-3.8191624214198754,0,0,1.0586103500027093,4.574084707004658,StarLightCurves,3705
0,0,0.1,shapley_sampling,tshap_train,0.0,0.0,0.2705078125,-6.082417724207526,-3.4271859686497255,0,0,1.0586103500027093,4.574084707004658,StarLightCurves,3705
0,0,0.2,shapley_sampling,tshap_train,0.5953307392996109,0.7463414634146341,0.05078125,-5.236909284461489,-5.132464139274832,0,0,1.0586103500027093,4.574084707004658,StarLightCurves,3705
0,0,0.05,shapley_sampling,mrsqm,0.0,0.0,0.6513671875,-6.116841844220544,-2.322949330249153,0,0,1.0586103500027093,2.9767004889436066e-05,StarLightCurves,3705
0,0,0.1,shapley_sampling,mrsqm,0.0,0.0,0.6015625,-6.082417724207526,-2.711428000787974,0,0,1.0586103500027093,2.9767004889436066e-05,StarLightCurves,3705
0,0,0.2,shapley_sampling,mrsqm,0.0,0.0,0.55078125,-5.236909284461489,-2.96232797560092,0,0,1.0586103500027093,2.9767004889436066e-05,StarLightCurves,3705
0,0,0.05,feature_ablation,tshap_centroid,0.45714285714285713,0.6274509803921569,0.0185546875,-3.8659894354723443,-3.190732139882493,0,0,0.04462786400108598,0.23898028399707982,StarLightCurves,3705
0,0,0.1,feature_ablation,tshap_centroid,0.0,0.0,0.4462890625,-3.0305041205819547,-2.9935065395683127,0,0,0.04462786400108598,0.23898028399707982,StarLightCurves,3705
0,0,0.2,feature_ablation,tshap_centroid,0.0,0.0,0.380859375,-3.8340887141045057,-4.437074303243609,0,0,0.04462786400108598,0.23898028399707982,StarLightCurves,3705
0,0,0.05,feature_ablation,tshap_zero,0.0,0.0,0.259765625,-3.8659894354723443,-6.032117020240076,0,0,0.04462786400108598,0.24071666600502795,StarLightCurves,3705
0,0,0.1,feature_ablation,tshap_zero,0.0,0.0,0.2109375,-3.0305041205819547,-6.034460224634368,0,0,0.04462786400108598,0.24071666600502795,StarLightCurves,3705
0,0,0.2,feature_ablation,tshap_zero,0.1484593837535014,0.25853658536585367,0.1484375,-3.8340887141045057,-5.232797479309601,0,0,0.04462786400108598,0.24071666600502795,StarLightCurves,3705
0,0,0.05,feature_ablation,tshap_train,0.9615384615384616,0.9803921568627451,0.0009765625,-3.8659894354723443,-3.8191624214198754,0,0,0.04462786400108598,4.574084707004658,StarLightCurves,3705
0,0,0.1,feature_ablation,tshap_train,0.0,0.0,0.4697265625,-3.0305041205819547,-3.4271859686497255,0,0,0.04462786400108598,4.574084707004658,StarLightCurves,3705
0,0,0.2,feature_ablation,tshap_train,0.33986928104575165,0.5073170731707317,0.0986328125,-3.8340887141045057,-5.132464139274832,0,0,0.04462786400108598,4.574084707004658,StarLightCurves,3705
0,0,0.05,feature_ablation,mrsqm,0.0,0.0,0.3525390625,-3.8659894354723443,-2.322949330249153,0,0,0.04462786400108598,2.9767004889436066e-05,StarLightCurves,3705
0,0,0.1,feature_ablation,mrsqm,0.0,0.0,0.80078125,-3.0305041205819547,-2.711428000787974,0,0,0.04462786400108598,2.9767004889436066e-05,StarLightCurves,3705
0,0,0.2,feature_ablation,mrsqm,0.0,0.0,0.7001953125,-3.8340887141045057,-2.96232797560092,0,0,0.04462786400108598,2.9767004889436066e-05,StarLightCurves,3705
0,0,0.05,tshap_centroid,tshap_zero,0.0,0.0,0.2412109375,-3.190732139882493,-6.032117020240076,0,0,0.23898028399707982,0.24071666600502795,StarLightCurves,3705
0,0,0.1,tshap_centroid,tshap_zero,0.0,0.0,0.2353515625,-2.9935065395683127,-6.034460224634368,0,0,0.23898028399707982,0.24071666600502795,StarLightCurves,3705
0,0,0.2,tshap_centroid,tshap_zero,0.0,0.0,0.232421875,-4.437074303243609,-5.232797479309601,0,0,0.23898028399707982,0.24071666600502795,StarLightCurves,3705
0,0,0.05,tshap_centroid,tshap_train,0.4782608695652174,0.6470588235294118,0.017578125,-3.190732139882493,-3.8191624214198754,0,0,0.23898028399707982,4.574084707004658,StarLightCurves,3705
0,0,0.1,tshap_centroid,tshap_train,0.6190476190476191,0.7647058823529411,0.0234375,-2.9935065395683127,-3.4271859686497255,0,0,0.23898028399707982,4.574084707004658,StarLightCurves,3705
0,0,0.2,tshap_centroid,tshap_train,0.0,0.0,0.2822265625,-4.437074303243609,-5.132464139274832,0,0,0.23898028399707982,4.574084707004658,StarLightCurves,3705
0,0,0.05,tshap_centroid,mrsqm,0.0,0.0,0.37109375,-3.190732139882493,-2.322949330249153,0,0,0.23898028399707982,2.9767004889436066e-05,StarLightCurves,3705
0,0,0.1,tshap_centroid,mrsqm,0.0,0.0,0.3544921875,-2.9935065395683127,-2.711428000787974,0,0,0.23898028399707982,2.9767004889436066e-05,StarLightCurves,3705
0,0,0.2,tshap_centroid,mrsqm,0.0,0.0,0.3193359375,-4.437074303243609,-2.96232797560092,0,0,0.23898028399707982,2.9767004889436066e-05,StarLightCurves,3705
0,0,0.05,tshap_zero,tshap_train,0.0,0.0,0.2587890625,-6.032117020240076,-3.8191624214198754,0,0,0.24071666600502795,4.574084707004658,StarLightCurves,3705
0,0,0.1,tshap_zero,tshap_train,0.0,0.0,0.2587890625,-6.034460224634368,-3.4271859686497255,0,0,0.24071666600502795,4.574084707004658,StarLightCurves,3705
0,0,0.2,tshap_zero,tshap_train,0.6015625,0.751219512195122,0.0498046875,-5.232797479309601,-5.132464139274832,0,0,0.24071666600502795,4.574084707004658,StarLightCurves,3705
0,0,0.05,tshap_zero,mrsqm,0.0,0.0,0.6123046875,-6.032117020240076,-2.322949330249153,0,0,0.24071666600502795,2.9767004889436066e-05,StarLightCurves,3705
0,0,0.1,tshap_zero,mrsqm,0.0,0.0,0.58984375,-6.034460224634368,-2.711428000787974,0,0,0.24071666600502795,2.9767004889436066e-05,StarLightCurves,3705
0,0,0.2,tshap_zero,mrsqm,0.0,0.0,0.5517578125,-5.232797479309601,-2.96232797560092,0,0,0.24071666600502795,2.9767004889436066e-05,StarLightCurves,3705
0,0,0.05,tshap_train,mrsqm,0.0,0.0,0.353515625,-3.8191624214198754,-2.322949330249153,0,0,4.574084707004658,2.9767004889436066e-05,StarLightCurves,3705
0,0,0.1,tshap_train,mrsqm,0.0,0.0,0.3310546875,-3.4271859686497255,-2.711428000787974,0,0,4.574084707004658,2.9767004889436066e-05,StarLightCurves,3705
0,0,0.2,tshap_train,mrsqm,0.0,0.0,0.6015625,-5.132464139274832,-2.96232797560092,0,0,4.574084707004658,2.9767004889436066e-05,StarLightCurves,3705
2,2,0.05,hydra,shapley_sampling,0.0,0.0,0.451171875,4.413653054463502,6.071630410919822,1,1,0.6483249950033496,1.0864043639958254,StarLightCurves,7053
2,2,0.1,hydra,shapley_sampling,0.0,0.0,0.6259765625,4.289048101538064,5.3638192495573875,1,1,0.6483249950033496,1.0864043639958254,StarLightCurves,7053
2,2,0.2,hydra,shapley_sampling,0.0,0.0,0.48046875,5.06504304453259,6.928977996978968,1,1,0.6483249950033496,1.0864043639958254,StarLightCurves,7053
2,2,0.05,hydra,feature_ablation,0.0,0.0,0.4013671875,4.413653054463502,4.93764399983189,1,1,0.6483249950033496,0.045451585996488575,StarLightCurves,7053
2,2,0.1,hydra,feature_ablation,0.0,0.0,0.4267578125,4.289048101538064,5.1516793244172,1,1,0.6483249950033496,0.045451585996488575,StarLightCurves,7053
2,2,0.2,hydra,feature_ablation,0.05128205128205128,0.0975609756097561,0.1806640625,5.06504304453259,5.373798578594174,1,1,0.6483249950033496,0.045451585996488575,StarLightCurves,7053
2,2,0.05,hydra,tshap_centroid,0.0,0.0,0.4384765625,4.413653054463502,6.060606393012061,1,1,0.6483249950033496,0.2460208929987857,StarLightCurves,7053
2,2,0.1,hydra,tshap_centroid,0.0,0.0,0.4326171875,4.289048101538064,5.350258989397419,1,1,0.6483249950033496,0.2460208929987857,StarLightCurves,7053
2,2,0.2,hydra,tshap_centroid,0.0,0.0,0.3955078125,5.06504304453259,4.3183026628115275,1,1,0.6483249950033496,0.2460208929987857,StarLightCurves,7053
2,2,0.05,hydra,tshap_zero,0.0,0.0,0.119140625,4.413653054463502,1.539385631721402,1,1,0.6483249950033496,0.24932576200080803,StarLightCurves,7053
2,2,0.1,hydra,tshap_zero,0.0,0.0,0.11328125,4.289048101538064,2.046057635296913,1,1,0.6483249950033496,0.24932576200080803,StarLightCurves,7053
2,2,0.2,hydra,tshap_zero,0.13573407202216067,0.23902439024390243,0.15234375,5.06504304453259,3.1902849356033016,1,1,0.6483249950033496,0.24932576200080803,StarLightCurves,7053
2,2,0.05,hydra,tshap_train,0.0,0.0,0.3759765625,4.413653054463502,3.6674643686898083,1,1,0.6483249950033496,4.575165164002101,StarLightCurves,7053
2,2,0.1,hydra,tshap_train,0.0,0.0,0.390625,4.289048101538064,4.020886551291952,1,1,0.6483249950033496,4.575165164002101,StarLightCurves,7053
2,2,0.2,hydra,tshap_train,0.0,0.0,0.34765625,5.06504304453259,5.366096411413153,1,1,0.6483249950033496,4.575165164002101,StarLightCurves,7053
2,2,0.05,hydra,mrsqm,0.0,0.0,0.75390625,4.413653054463502,2.4403901757543394,1,1,0.6483249950033496,3.095799911534414e-05,StarLightCurves,7053
2,2,0.1,hydra,mrsqm,0.0,0.0,0.7294921875,4.289048101538064,2.909136060881619,1,1,0.6483249950033496,3.095799911534414e-05,StarLightCurves,7053
2,2,0.2,hydra,mrsqm,0.0,0.0,0.6328125,5.06504304453259,3.307084134435352,1,1,0.6483249950033496,3.095799911534414e-05,StarLightCurves,7053
2,2,0.05,shapley_sampling,feature_ablation,0.0,0.0,0.0498046875,6.071630410919822,4.93764399983189,1,1,1.0864043639958254,0.045451585996488575,StarLightCurves,7053
2,2,0.1,shapley_sampling,feature_ablation,0.0,0.0,0.19921875,5.3638192495573875,5.1516793244172,1,1,1.0864043639958254,0.045451585996488575,StarLightCurves,7053
2,2,0.2,shapley_sampling,feature_ablation,0.0,0.0,0.2998046875,6.928977996978968,5.373798578594174,1,1,1.0864043639958254,0.045451585996488575,StarLightCurves,7053
2,2,0.05,shapley_sampling,tshap_centroid,0.59375,0.7450980392156863,0.0126953125,6.071630410919822,6.060606393012061,1,1,1.0864043639958254,0.2460208929987857,StarLightCurves,7053
2,2,0.1,shapley_sampling,tshap_centroid,0.0,0.0,0.193359375,5.3638192495573875,5.350258989397419,1,1,1.0864043639958254,0.2460208929987857,StarLightCurves,7053
2,2,0.2,shapley_sampling,tshap_centroid,0.4041095890410959,0.5756097560975609,0.0849609375,6.928977996978968,4.3183026628115275,1,1,1.0864043639958254,0.2460208929987857,StarLightCurves,7053
2,2,0.05,shapley_sampling,tshap_zero,0.0,0.0,0.5703125,6.071630410919822,1.539385631721402,1,1,1.0864043639958254,0.24932576200080803,StarLightCurves,7053
2,2,0.1,shapley_sampling,tshap_zero,0.0,0.0,0.7392578125,5.3638192495573875,2.046057635296913,1,1,1.0864043639958254,0.24932576200080803,StarLightCurves,7053
2,2,0.2,shapley_sampling,tshap_zero,0.0,0.0,0.6328125,6.928977996978968,3.1902849356033016,1,1,1.0864043639958254,0.24932576200080803,StarLightCurves,7053
2,2,0.05,shapley_sampling,tshap_train,0.0,0.0,0.0751953125,6.071630410919822,3.6674643686898083,1,1,1.0864043639958254,4.575165164002101,StarLightCurves,7053
2,2,0.1,shapley_sampling,tshap_train,0.0,0.0,0.2353515625,5.3638192495573875,4.020886551291952,1,1,1.0864043639958254,4.575165164002101,StarLightCurves,7053
2,2,0.2,shapley_sampling,tshap_train,0.20234604105571846,0.33658536585365856,0.1328125,6.928977996978968,5.366096411413153,1,1,1.0864043639958254,4.575165164002101,StarLightCurves,7053
2,2,0.05,shapley_sampling,mrsqm,0.0,0.0,0.302734375,6.071630410919822,2.4403901757543394,1,1,1.0864043639958254,3.095799911534414e-05,StarLightCurves,7053
2,2,0.1,shapley_sampling,mrsqm,0.0,0.0,0.103515625,5.3638192495573875,2.909136060881619,1,1,1.0864043639958254,3.095799911534414e-05,StarLightCurves,7053
2,2,0.2,shapley_sampling,mrsqm,0.13573407202216067,0.23902439024390243,0.15234375,6.928977996978968,3.307084134435352,1,1,1.0864043639958254,3.095799911534414e-05,StarLightCurves,7053
2,2,0.05,feature_ablation,tshap_centroid,0.14606741573033707,0.2549019607843137,0.037109375,4.93764399983189,6.060606393012061,1,1,0.045451585996488575,0.2460208929987857,StarLightCurves,7053
2,2,0.1,feature_ablation,tshap_centroid,0.8888888888888888,0.9411764705882353,0.005859375,5.1516793244172,5.350258989397419,1,1,0.045451585996488575,0.2460208929987857,StarLightCurves,7053
2,2,0.2,feature_ablation,tshap_centroid,0.0,0.0,0.21484375,5.373798578594174,4.3183026628115275,1,1,0.045451585996488575,0.2460208929987857,StarLightCurves,7053
2,2,0.05,feature_ablation,tshap_zero,0.0,0.0,0.5205078125,4.93764399983189,1.539385631721402,1,1,0.045451585996488575,0.24932576200080803,StarLightCurves,7053
2,2,0.1,feature_ablation,tshap_zero,0.0,0.0,0.5400390625,5.1516793244172,2.046057635296913,1,1,0.045451585996488575,0.24932576200080803,StarLightCurves,7053
2,2,0.2,feature_ablation,tshap_zero,0.0,0.0,0.3330078125,5.373798578594174,3.1902849356033016,1,1,0.045451585996488575,0.24932576200080803,StarLightCurves,7053
2,2,0.05,feature_ablation,tshap_train,0.3246753246753247,0.49019607843137253,0.025390625,4.93764399983189,3.6674643686898083,1,1,0.045451585996488575,4.575165164002101,StarLightCurves,7053
2,2,0.1,feature_ablation,tshap_train,0.4676258992805755,0.6372549019607843,0.0361328125,5.1516793244172,4.020886551291952,1,1,0.045451585996488575,4.575165164002101,StarLightCurves,7053
2,2,0.2,feature_ablation,tshap_train,0.09042553191489362,0.16585365853658537,0.1669921875,5.373798578594174,5.366096411413153,1,1,0.045451585996488575,4.575165164002101,StarLightCurves,7053
2,2,0.05,feature_ablation,mrsqm,0.0,0.0,0.3525390625,4.93764399983189,2.4403901757543394,1,1,0.045451585996488575,3.095799911534414e-05,StarLightCurves,7053
2,2,0.1,feature_ablation,mrsqm,0.0,0.0,0.302734375,5.1516793244172,2.909136060881619,1,1,0.045451585996488575,3.095799911534414e-05,StarLightCurves,7053
2,2,0.2,feature_ablation,mrsqm,0.0,0.0,0.4521484375,5.373798578594174,3.307084134435352,1,1,0.045451585996488575,3.095799911534414e-05,StarLightCurves,7053
2,2,0.05,tshap_centroid,tshap_zero,0.0,0.0,0.5576171875,6.060606393012061,1.539385631721402,1,1,0.2460208929987857,0.24932576200080803,StarLightCurves,7053
2,2,0.1,tshap_centroid,tshap_zero,0.0,0.0,0.5458984375,5.350258989397419,2.046057635296913,1,1,0.2460208929987857,0.24932576200080803,StarLightCurves,7053
2,2,0.2,tshap_centroid,tshap_zero,0.0,0.0,0.5478515625,4.3183026628115275,3.1902849356033016,1,1,0.2460208929987857,0.24932576200080803,StarLightCurves,7053
2,2,0.05,tshap_centroid,tshap_train,0.0,0.0,0.0625,6.060606393012061,3.6674643686898083,1,1,0.2460208929987857,4.575165164002101,StarLightCurves,7053
2,2,0.1,tshap_centroid,tshap_train,0.4068965517241379,0.5784313725490197,0.0419921875,5.350258989397419,4.020886551291952,1,1,0.2460208929987857,4.575165164002101,StarLightCurves,7053
2,2,0.2,tshap_centroid,tshap_train,0.6141732283464567,0.7609756097560976,0.0478515625,4.3183026628115275,5.366096411413153,1,1,0.2460208929987857,4.575165164002101,StarLightCurves,7053
2,2,0.05,tshap_centroid,mrsqm,0.0,0.0,0.3154296875,6.060606393012061,2.4403901757543394,1,1,0.2460208929987857,3.095799911534414e-05,StarLightCurves,7053
2,2,0.1,tshap_centroid,mrsqm,0.0,0.0,0.296875,5.350258989397419,2.909136060881619,1,1,0.2460208929987857,3.095799911534414e-05,StarLightCurves,7053
2,2,0.2,tshap_centroid,mrsqm,0.0,0.0,0.2373046875,4.3183026628115275,3.307084134435352,1,1,0.2460208929987857,3.095799911534414e-05,StarLightCurves,7053
2,2,0.05,tshap_zero,tshap_train,0.0,0.0,0.4951171875,1.539385631721402,3.6674643686898083,1,1,0.24932576200080803,4.575165164002101,StarLightCurves,7053
2,2,0.1,tshap_zero,tshap_train,0.0,0.0,0.50390625,2.046057635296913,4.020886551291952,1,1,0.24932576200080803,4.575165164002101,StarLightCurves,7053
2,2,0.2,tshap_zero,tshap_train,0.0,0.0,0.5,3.1902849356033016,5.366096411413153,1,1,0.24932576200080803,4.575165164002101,StarLightCurves,7053
2,2,0.05,tshap_zero,mrsqm,0.0,0.0,0.873046875,1.539385631721402,2.4403901757543394,1,1,0.24932576200080803,3.095799911534414e-05,StarLightCurves,7053
2,2,0.1,tshap_zero,mrsqm,0.0,0.0,0.8427734375,2.046057635296913,2.909136060881619,1,1,0.24932576200080803,3.095799911534414e-05,StarLightCurves,7053
2,2,0.2,tshap_zero,mrsqm,0.0,0.0,0.78515625,3.1902849356033016,3.307084134435352,1,1,0.24932576200080803,3.095799911534414e-05,StarLightCurves,7053
2,2,0.05,tshap_train,mrsqm,0.0,0.0,0.3779296875,3.6674643686898083,2.4403901757543394,1,1,4.575165164002101,3.095799911534414e-05,StarLightCurves,7053
2,2,0.1,tshap_train,mrsqm,0.0,0.0,0.3388671875,4.020886551291952,2.909136060881619,1,1,4.575165164002101,3.095799911534414e-05,StarLightCurves,7053
2,2,0.2,tshap_train,mrsqm,0.0,0.0,0.28515625,5.366096411413153,3.307084134435352,1,1,4.575165164002101,3.095799911534414e-05,StarLightCurves,7053
0,0,0.05,hydra,shapley_sampling,0.0,0.0,0.1845703125,-4.7264100735379415,-4.908227842428696,0,0,0.6511671810003463,1.0865177490049973,StarLightCurves,773
0,0,0.1,hydra,shapley_sampling,0.0,0.0,0.158203125,-5.472215462204945,-4.957034964438632,0,0,0.6511671810003463,1.0865177490049973,StarLightCurves,773
0,0,0.2,hydra,shapley_sampling,0.13259668508287292,0.23414634146341465,0.1533203125,-4.904814746578477,-3.739387319099118,0,0,0.6511671810003463,1.0865177490049973,StarLightCurves,773
0,0,0.05,hydra,feature_ablation,0.1724137931034483,0.29411764705882354,0.03515625,-4.7264100735379415,-3.814925524827894,0,0,0.6511671810003463,0.04461127200193005,StarLightCurves,773
0,0,0.1,hydra,feature_ablation,0.0,0.0,0.140625,-5.472215462204945,-2.908599865071365,0,0,0.6511671810003463,0.04461127200193005,StarLightCurves,773
0,0,0.2,hydra,feature_ablation,0.0,0.0,0.2529296875,-4.904814746578477,-4.12205096956607,0,0,0.6511671810003463,0.04461127200193005,StarLightCurves,773
0,0,0.05,hydra,tshap_centroid,0.0,0.0,0.0537109375,-4.7264100735379415,-3.197891472334424,0,0,0.6511671810003463,0.23761212499812245,StarLightCurves,773
0,0,0.1,hydra,tshap_centroid,0.0,0.0,0.3056640625,-5.472215462204945,-2.7916510332658073,0,0,0.6511671810003463,0.23761212499812245,StarLightCurves,773
0,0,0.2,hydra,tshap_centroid,0.0,0.0,0.283203125,-4.904814746578477,-3.927228831066556,0,0,0.6511671810003463,0.23761212499812245,StarLightCurves,773
0,0,0.05,hydra,tshap_zero,0.0,0.0,0.3115234375,-4.7264100735379415,-5.92648744050668,0,0,0.6511671810003463,0.24012072200275725,StarLightCurves,773
0,0,0.1,hydra,tshap_zero,0.2670807453416149,0.4215686274509804,0.0576171875,-5.472215462204945,-5.695042456385055,0,0,0.6511671810003463,0.24012072200275725,StarLightCurves,773
0,0,0.2,hydra,tshap_zero,0.64,0.7804878048780488,0.0439453125,-4.904814746578477,-5.250824910378865,0,0,0.6511671810003463,0.24012072200275725,StarLightCurves,773
0,0,0.05,hydra,tshap_train,0.0,0.0,0.392578125,-4.7264100735379415,-5.230237783733646,0,0,0.6511671810003463,4.496296184006496,StarLightCurves,773
0,0,0.1,hydra,tshap_train,0.48905109489051096,0.6568627450980392,0.0341796875,-5.472215462204945,-4.878987454013183,0,0,0.6511671810003463,4.496296184006496,StarLightCurves,773
0,0,0.2,hydra,tshap_train,0.8141592920353983,0.8975609756097561,0.0205078125,-4.904814746578477,-4.779230035682231,0,0,0.6511671810003463,4.496296184006496,StarLightCurves,773
0,0,0.05,hydra,mrsqm,0.0,0.0,0.3173828125,-4.7264100735379415,-2.1556263405253326,0,0,0.6511671810003463,3.027700586244464e-05,StarLightCurves,773
0,0,0.1,hydra,mrsqm,0.0,0.0,0.66015625,-5.472215462204945,-2.477724401545013,0,0,0.6511671810003463,3.027700586244464e-05,StarLightCurves,773
0,0,0.2,hydra,mrsqm,0.0,0.0,0.6044921875,-4.904814746578477,-2.6192972045077574,0,0,0.6511671810003463,3.027700586244464e-05,StarLightCurves,773
0,0,0.05,shapley_sampling,feature_ablation,0.0,0.0,0.1494140625,-4.908227842428696,-3.814925524827894,0,0,1.0865177490049973,0.04461127200193005,StarLightCurves,773
0,0,0.1,shapley_sampling,feature_ablation,0.0,0.0,0.298828125,-4.957034964438632,-2.908599865071365,0,0,1.0865177490049973,0.04461127200193005,StarLightCurves,773
0,0,0.2,shapley_sampling,feature_ablation,0.3355048859934853,0.5024390243902439,0.099609375,-3.739387319099118,-4.12205096956607,0,0,1.0865177490049973,0.04461127200193005,StarLightCurves,773
0,0,0.05,shapley_sampling,tshap_centroid,0.0,0.0,0.130859375,-4.908227842428696,-3.197891472334424,0,0,1.0865177490049973,0.23761212499812245,StarLightCurves,773
0,0,0.1,shapley_sampling,tshap_centroid,0.0,0.0,0.1474609375,-4.957034964438632,-2.7916510332658073,0,0,1.0865177490049973,0.23761212499812245,StarLightCurves,773
0,0,0.2,shapley_sampling,tshap_centroid,0.21301775147928995,0.35121951219512193,0.1298828125,-3.739387319099118,-3.927228831066556,0,0,1.0865177490049973,0.23761212499812245,StarLightCurves,773
0,0,0.05,shapley_sampling,tshap_zero,0.0,0.0,0.126953125,-4.908227842428696,-5.92648744050668,0,0,1.0865177490049973,0.24012072200275725,StarLightCurves,773
0,0,0.1,shapley_sampling,tshap_zero,0.0,0.0,0.1005859375,-4.957034964438632,-5.695042456385055,0,0,1.0865177490049973,0.24012072200275725,StarLightCurves,773
0,0,0.2,shapley_sampling,tshap_zero,0.29337539432176657,0.45365853658536587,0.109375,-3.739387319099118,-5.250824910378865,0,0,1.0865177490049973,0.24012072200275725,StarLightCurves,773
0,0,0.05,shapley_sampling,tshap_train,0.0,0.0,0.2080078125,-4.908227842428696,-5.230237783733646,0,0,1.0865177490049973,4.496296184006496,StarLightCurves,773
0,0,0.1,shapley_sampling,tshap_train,0.0,0.0,0.1923828125,-4.957034964438632,-4.878987454013183,0,0,1.0865177490049973,4.496296184006496,StarLightCurves,773
0,0,0.2,shapley_sampling,tshap_train,0.07049608355091384,0.13170731707317074,0.173828125,-3.739387319099118,-4.779230035682231,0,0,1.0865177490049973,4.496296184006496,StarLightCurves,773
0,0,0.05,shapley_sampling,mrsqm,0.0,0.0,0.501953125,-4.908227842428696,-2.1556263405253326,0,0,1.0865177490049973,3.027700586244464e-05,StarLightCurves,773
0,0,0.1,shapley_sampling,mrsqm,0.0,0.0,0.501953125,-4.957034964438632,-2.477724401545013,0,0,1.0865177490049973,3.027700586244464e-05,StarLightCurves,773
0,0,0.2,shapley_sampling,mrsqm,0.0,0.0,0.451171875,-3.739387319099118,-2.6192972045077574,0,0,1.0865177490049973,3.027700586244464e-05,StarLightCurves,773
0,0,0.05,feature_ablation,tshap_centroid,0.45714285714285713,0.6274509803921569,0.0185546875,-3.814925524827894,-3.197891472334424,0,0,0.04461127200193005,0.23761212499812245,StarLightCurves,773
0,0,0.1,feature_ablation,tshap_centroid,0.0,0.0,0.4462890625,-2.908599865071365,-2.7916510332658073,0,0,0.04461127200193005,0.23761212499812245,StarLightCurves,773
0,0,0.2,feature_ablation,tshap_centroid,0.7372881355932204,0.848780487804878,0.0302734375,-4.12205096956607,-3.927228831066556,0,0,0.04461127200193005,0.23761212499812245,StarLightCurves,773
0,0,0.05,feature_ablation,tshap_zero,0.0,0.0,0.2763671875,-3.814925524827894,-5.92648744050668,0,0,0.04461127200193005,0.24012072200275725,StarLightCurves,773
0,0,0.1,feature_ablation,tshap_zero,0.0,0.0,0.1982421875,-2.908599865071365,-5.695042456385055,0,0,0.04461127200193005,0.24012072200275725,StarLightCurves,773
0,0,0.2,feature_ablation,tshap_zero,0.0,0.0,0.208984375,-4.12205096956607,-5.250824910378865,0,0,0.04461127200193005,0.24012072200275725,StarLightCurves,773
0,0,0.05,feature_ablation,tshap_train,0.0,0.0,0.357421875,-3.814925524827894,-5.230237783733646,0,0,0.04461127200193005,4.496296184006496,StarLightCurves,773
0,0,0.1,feature_ablation,tshap_train,0.0,0.0,0.1064453125,-2.908599865071365,-4.878987454013183,0,0,0.04461127200193005,4.496296184006496,StarLightCurves,773
0,0,0.2,feature_ablation,tshap_train,0.0,0.0,0.2734375,-4.12205096956607,-4.779230035682231,0,0,0.04461127200193005,4.496296184006496,StarLightCurves,773
0,0,0.05,feature_ablation,mrsqm,0.0,0.0,0.3525390625,-3.814925524827894,-2.1556263405253326,0,0,0.04461127200193005,3.027700586244464e-05,StarLightCurves,773
0,0,0.1,feature_ablation,mrsqm,0.0,0.0,0.80078125,-2.908599865071365,-2.477724401545013,0,0,0.04461127200193005,3.027700586244464e-05,StarLightCurves,773
0,0,0.2,feature_ablation,mrsqm,0.0,0.0,0.3515625,-4.12205096956607,-2.6192972045077574,0,0,0.04461127200193005,3.027700586244464e-05,StarLightCurves,773
0,0,0.05,tshap_centroid,tshap_zero,0.0,0.0,0.2578125,-3.197891472334424,-5.92648744050668,0,0,0.23761212499812245,0.24012072200275725,StarLightCurves,773
0,0,0.1,tshap_centroid,tshap_zero,0.0,0.0,0.248046875,-2.7916510332658073,-5.695042456385055,0,0,0.23761212499812245,0.24012072200275725,StarLightCurves,773
0,0,0.2,tshap_centroid,tshap_zero,0.0,0.0,0.2392578125,-3.927228831066556,-5.250824910378865,0,0,0.23761212499812245,0.24012072200275725,StarLightCurves,773
0,0,0.05,tshap_centroid,tshap_train,0.0,0.0,0.3388671875,-3.197891472334424,-5.230237783733646,0,0,0.23761212499812245,4.496296184006496,StarLightCurves,773
0,0,0.1,tshap_centroid,tshap_train,0.0,0.0,0.33984375,-2.7916510332658073,-4.878987454013183,0,0,0.23761212499812245,4.496296184006496,StarLightCurves,773
0,0,0.2,tshap_centroid,tshap_train,0.0,0.0,0.3037109375,-3.927228831066556,-4.779230035682231,0,0,0.23761212499812245,4.496296184006496,StarLightCurves,773
0,0,0.05,tshap_centroid,mrsqm,0.0,0.0,0.37109375,-3.197891472334424,-2.1556263405253326,0,0,0.23761212499812245,3.027700586244464e-05,StarLightCurves,773
0,0,0.1,tshap_centroid,mrsqm,0.0,0.0,0.3544921875,-2.7916510332658073,-2.477724401545013,0,0,0.23761212499812245,3.027700586244464e-05,StarLightCurves,773
0,0,0.2,tshap_centroid,mrsqm,0.0,0.0,0.3212890625,-3.927228831066556,-2.6192972045077574,0,0,0.23761212499812245,3.027700586244464e-05,StarLightCurves,773
0,0,0.05,tshap_zero,tshap_train,0.0,0.0,0.0810546875,-5.92648744050668,-5.230237783733646,0,0,0.24012072200275725,4.496296184006496,StarLightCurves,773
0,0,0.1,tshap_zero,tshap_train,0.04081632653061224,0.0784313725490196,0.091796875,-5.695042456385055,-4.878987454013183,0,0,0.24012072200275725,4.496296184006496,StarLightCurves,773
0,0,0.2,tshap_zero,tshap_train,0.5129151291512916,0.6780487804878049,0.064453125,-5.250824910378865,-4.779230035682231,0,0,0.24012072200275725,4.496296184006496,StarLightCurves,773
0,0,0.05,tshap_zero,mrsqm,0.0,0.0,0.62890625,-5.92648744050668,-2.1556263405253326,0,0,0.24012072200275725,3.027700586244464e-05,StarLightCurves,773
0,0,0.1,tshap_zero,mrsqm,0.0,0.0,0.6025390625,-5.695042456385055,-2.477724401545013,0,0,0.24012072200275725,3.027700586244464e-05,StarLightCurves,773
0,0,0.2,tshap_zero,mrsqm,0.0,0.0,0.560546875,-5.250824910378865,-2.6192972045077574,0,0,0.24012072200275725,3.027700586244464e-05,StarLightCurves,773
0,0,0.05,tshap_train,mrsqm,0.0,0.0,0.7099609375,-5.230237783733646,-2.1556263405253326,0,0,4.496296184006496,3.027700586244464e-05,StarLightCurves,773
0,0,0.1,tshap_train,mrsqm,0.0,0.0,0.6943359375,-4.878987454013183,-2.477724401545013,0,0,4.496296184006496,3.027700586244464e-05,StarLightCurves,773
0,0,0.2,tshap_train,mrsqm,0.0,0.0,0.625,-4.779230035682231,-2.6192972045077574,0,0,4.496296184006496,3.027700586244464e-05,StarLightCurves,773
2,2,0.05,hydra,shapley_sampling,0.0,0.0,0.0966796875,5.546345375943654,3.388213220129081,1,1,0.6579512679963955,1.0633617639978183,StarLightCurves,6047
2,2,0.1,hydra,shapley_sampling,0.014925373134328358,0.029411764705882353,0.0966796875,4.8509125079853685,3.1459024080694413,1,1,0.6579512679963955,1.0633617639978183,StarLightCurves,6047
2,2,0.2,hydra,shapley_sampling,0.5891472868217055,0.7414634146341463,0.0517578125,4.02494903921451,4.656023934638903,1,1,0.6579512679963955,1.0633617639978183,StarLightCurves,6047
2,2,0.05,hydra,feature_ablation,0.0,0.0,0.251953125,5.546345375943654,4.432488094980084,1,1,0.6579512679963955,0.044073587996535935,StarLightCurves,6047
2,2,0.1,hydra,feature_ablation,0.0,0.0,0.251953125,4.8509125079853685,4.672951985057374,1,1,0.6579512679963955,0.044073587996535935,StarLightCurves,6047
2,2,0.2,hydra,feature_ablation,0.5891472868217055,0.7414634146341463,0.0517578125,4.02494903921451,4.6560239190964055,1,1,0.6579512679963955,0.044073587996535935,StarLightCurves,6047
2,2,0.05,hydra,tshap_centroid,0.0,0.0,0.287109375,5.546345375943654,2.6944825449702337,1,1,0.6579512679963955,0.2375014160061255,StarLightCurves,6047
2,2,0.1,hydra,tshap_centroid,0.0,0.0,0.322265625,4.8509125079853685,3.600862752686562,1,1,0.6579512679963955,0.2375014160061255,StarLightCurves,6047
2,2,0.2,hydra,tshap_centroid,0.9711538461538461,0.9853658536585366,0.0029296875,4.02494903921451,4.1262972572485435,1,1,0.6579512679963955,0.2375014160061255,StarLightCurves,6047
2,2,0.05,hydra,tshap_zero,0.0,0.0,0.1181640625,5.546345375943654,3.121015791748402,1,1,0.6579512679963955,0.23984260900033405,StarLightCurves,6047
2,2,0.1,hydra,tshap_zero,0.13966480446927373,0.24509803921568626,0.0751953125,4.8509125079853685,3.556283416212308,1,1,0.6579512679963955,0.23984260900033405,StarLightCurves,6047
2,2,0.2,hydra,tshap_zero,0.0,0.0,0.392578125,4.02494903921451,4.642998153400492,1,1,0.6579512679963955,0.23984260900033405,StarLightCurves,6047
2,2,0.05,hydra,tshap_train,0.0,0.0,0.6142578125,5.546345375943654,5.780329508914599,1,1,0.6579512679963955,4.496921862002637,StarLightCurves,6047
2,2,0.1,hydra,tshap_train,0.0,0.0,0.6396484375,4.8509125079853685,5.787902200537969,1,1,0.6579512679963955,4.496921862002637,StarLightCurves,6047
2,2,0.2,hydra,tshap_train,0.0,0.0,0.66796875,4.02494903921451,5.3489717124730545,1,1,0.6579512679963955,4.496921862002637,StarLightCurves,6047
2,2,0.05,hydra,mrsqm,0.0,0.0,0.75390625,5.546345375943654,1.5119192230673155,1,1,0.6579512679963955,3.04770001093857e-05,StarLightCurves,6047
2,2,0.1,hydra,mrsqm,0.0,0.0,0.75390625,4.8509125079853685,2.592164425896323,1,1,0.6579512679963955,3.04770001093857e-05,StarLightCurves,6047
2,2,0.2,hydra,mrsqm,0.0,0.0,0.751953125,4.02494903921451,3.3667013512122135,1,1,0.6579512679963955,3.04770001093857e-05,StarLightCurves,6047
2,2,0.05,shapley_sampling,feature_ablation,0.0,0.0,0.3486328125,3.388213220129081,4.432488094980084,1,1,1.0633617639978183,0.044073587996535935,StarLightCurves,6047
2,2,0.1,shapley_sampling,feature_ablation,0.0,0.0,0.3486328125,3.1459024080694413,4.672951985057374,1,1,1.0633617639978183,0.044073587996535935,StarLightCurves,6047
2,2,0.2,shapley_sampling,feature_ablation,1.0,1.0,0.0,4.656023934638903,4.6560239190964055,1,1,1.0633617639978183,0.044073587996535935,StarLightCurves,6047
2,2,0.05,shapley_sampling,tshap_centroid,0.0,0.0,0.3837890625,3.388213220129081,2.6944825449702337,1,1,1.0633617639978183,0.2375014160061255,StarLightCurves,6047
2,2,0.1,shapley_sampling,tshap_centroid,0.0,0.0,0.4189453125,3.1459024080694413,3.600862752686562,1,1,1.0633617639978183,0.2375014160061255,StarLightCurves,6047
2,2,0.2,shapley_sampling,tshap_centroid,0.6078431372549019,0.7560975609756098,0.048828125,4.656023934638903,4.1262972572485435,1,1,1.0633617639978183,0.2375014160061255,StarLightCurves,6047
2,2,0.05,shapley_sampling,tshap_zero,0.3972602739726027,0.5686274509803921,0.021484375,3.388213220129081,3.121015791748402,1,1,1.0633617639978183,0.23984260900033405,StarLightCurves,6047
2,2,0.1,shapley_sampling,tshap_zero,0.6451612903225806,0.7843137254901961,0.021484375,3.1459024080694413,3.556283416212308,1,1,1.0633617639978183,0.23984260900033405,StarLightCurves,6047
2,2,0.2,shapley_sampling,tshap_zero,0.0,0.0,0.3408203125,4.656023934638903,4.642998153400492,1,1,1.0633617639978183,0.23984260900033405,StarLightCurves,6047
2,2,0.05,shapley_sampling,tshap_train,0.0,0.0,0.7109375,3.388213220129081,5.780329508914599,1,1,1.0633617639978183,4.496921862002637,StarLightCurves,6047
2,2,0.1,shapley_sampling,tshap_train,0.0,0.0,0.736328125,3.1459024080694413,5.787902200537969,1,1,1.0633617639978183,4.496921862002637,StarLightCurves,6047
2,2,0.2,shapley_sampling,tshap_train,0.0,0.0,0.6162109375,4.656023934638903,5.3489717124730545,1,1,1.0633617639978183,4.496921862002637,StarLightCurves,6047
2,2,0.05,shapley_sampling,mrsqm,0.0,0.0,0.8505859375,3.388213220129081,1.5119192230673155,1,1,1.0633617639978183,3.04770001093857e-05,StarLightCurves,6047
2,2,0.1,shapley_sampling,mrsqm,0.0,0.0,0.8505859375,3.1459024080694413,2.592164425896323,1,1,1.0633617639978183,3.04770001093857e-05,StarLightCurves,6047
2,2,0.2,shapley_sampling,mrsqm,0.0,0.0,0.7001953125,4.656023934638903,3.3667013512122135,1,1,1.0633617639978183,3.04770001093857e-05,StarLightCurves,6047
2,2,0.05,feature_ablation,tshap_centroid,0.1724137931034483,0.29411764705882354,0.03515625,4.432488094980084,2.6944825449702337,1,1,0.044073587996535935,0.2375014160061255,StarLightCurves,6047
2,2,0.1,feature_ablation,tshap_centroid,0.1724137931034483,0.29411764705882354,0.0703125,4.672951985057374,3.600862752686562,1,1,0.044073587996535935,0.2375014160061255,StarLightCurves,6047
2,2,0.2,feature_ablation,tshap_centroid,0.6078431372549019,0.7560975609756098,0.048828125,4.6560239190964055,4.1262972572485435,1,1,0.044073587996535935,0.2375014160061255,StarLightCurves,6047
2,2,0.05,feature_ablation,tshap_zero,0.0,0.0,0.3701171875,4.432488094980084,3.121015791748402,1,1,0.044073587996535935,0.23984260900033405,StarLightCurves,6047
2,2,0.1,feature_ablation,tshap_zero,0.0,0.0,0.3271484375,4.672951985057374,3.556283416212308,1,1,0.044073587996535935,0.23984260900033405,StarLightCurves,6047
2,2,0.2,feature_ablation,tshap_zero,0.0,0.0,0.3408203125,4.6560239190964055,4.642998153400492,1,1,0.044073587996535935,0.23984260900033405,StarLightCurves,6047
2,2,0.05,feature_ablation,tshap_train,0.0,0.0,0.3623046875,4.432488094980084,5.780329508914599,1,1,0.044073587996535935,4.496921862002637,StarLightCurves,6047
2,2,0.1,feature_ablation,tshap_train,0.0,0.0,0.3876953125,4.672951985057374,5.787902200537969,1,1,0.044073587996535935,4.496921862002637,StarLightCurves,6047
2,2,0.2,feature_ablation,tshap_train,0.0,0.0,0.6162109375,4.6560239190964055,5.3489717124730545,1,1,0.044073587996535935,4.496921862002637,StarLightCurves,6047
2,2,0.05,feature_ablation,mrsqm,0.0,0.0,0.501953125,4.432488094980084,1.5119192230673155,1,1,0.044073587996535935,3.04770001093857e-05,StarLightCurves,6047
2,2,0.1,feature_ablation,mrsqm,0.0,0.0,0.501953125,4.672951985057374,2.592164425896323,1,1,0.044073587996535935,3.04770001093857e-05,StarLightCurves,6047
2,2,0.2,feature_ablation,mrsqm,0.0,0.0,0.7001953125,4.6560239190964055,3.3667013512122135,1,1,0.044073587996535935,3.04770001093857e-05,StarLightCurves,6047
2,2,0.05,tshap_centroid,tshap_zero,0.0,0.0,0.4052734375,2.6944825449702337,3.121015791748402,1,1,0.2375014160061255,0.23984260900033405,StarLightCurves,6047
2,2,0.1,tshap_centroid,tshap_zero,0.0,0.0,0.3974609375,3.600862752686562,3.556283416212308,1,1,0.2375014160061255,0.23984260900033405,StarLightCurves,6047
2,2,0.2,tshap_centroid,tshap_zero,0.0,0.0,0.3896484375,4.1262972572485435,4.642998153400492,1,1,0.2375014160061255,0.23984260900033405,StarLightCurves,6047
2,2,0.05,tshap_centroid,tshap_train,0.0,0.0,0.3271484375,2.6944825449702337,5.780329508914599,1,1,0.2375014160061255,4.496921862002637,StarLightCurves,6047
2,2,0.1,tshap_centroid,tshap_train,0.0,0.0,0.3173828125,3.600862752686562,5.787902200537969,1,1,0.2375014160061255,4.496921862002637,StarLightCurves,6047
2,2,0.2,tshap_centroid,tshap_train,0.0,0.0,0.6650390625,4.1262972572485435,5.3489717124730545,1,1,0.2375014160061255,4.496921862002637,StarLightCurves,6047
2,2,0.05,tshap_centroid,mrsqm,0.0,0.0,0.466796875,2.6944825449702337,1.5119192230673155,1,1,0.2375014160061255,3.04770001093857e-05,StarLightCurves,6047
2,2,0.1,tshap_centroid,mrsqm,0.0,0.0,0.431640625,3.600862752686562,2.592164425896323,1,1,0.2375014160061255,3.04770001093857e-05,StarLightCurves,6047
2,2,0.2,tshap_centroid,mrsqm,0.0,0.0,0.7490234375,4.1262972572485435,3.3667013512122135,1,1,0.2375014160061255,3.04770001093857e-05,StarLightCurves,6047
2,2,0.05,tshap_zero,tshap_train,0.0,0.0,0.732421875,3.121015791748402,5.780329508914599,1,1,0.23984260900033405,4.496921862002637,StarLightCurves,6047
2,2,0.1,tshap_zero,tshap_train,0.0,0.0,0.71484375,3.556283416212308,5.787902200537969,1,1,0.23984260900033405,4.496921862002637,StarLightCurves,6047
2,2,0.2,tshap_zero,tshap_train,0.0,0.0,0.275390625,4.642998153400492,5.3489717124730545,1,1,0.23984260900033405,4.496921862002637,StarLightCurves,6047
2,2,0.05,tshap_zero,mrsqm,0.0,0.0,0.8720703125,3.121015791748402,1.5119192230673155,1,1,0.23984260900033405,3.04770001093857e-05,StarLightCurves,6047
2,2,0.1,tshap_zero,mrsqm,0.0,0.0,0.8291015625,3.556283416212308,2.592164425896323,1,1,0.23984260900033405,3.04770001093857e-05,StarLightCurves,6047
2,2,0.2,tshap_zero,mrsqm,0.0,0.0,0.359375,4.642998153400492,3.3667013512122135,1,1,0.23984260900033405,3.04770001093857e-05,StarLightCurves,6047
2,2,0.05,tshap_train,mrsqm,0.0,0.0,0.1396484375,5.780329508914599,1.5119192230673155,1,1,4.496921862002637,3.04770001093857e-05,StarLightCurves,6047
2,2,0.1,tshap_train,mrsqm,0.0,0.0,0.1142578125,5.787902200537969,2.592164425896323,1,1,4.496921862002637,3.04770001093857e-05,StarLightCurves,6047
2,2,0.2,tshap_train,mrsqm,0.40893470790378006,0.5804878048780487,0.083984375,5.3489717124730545,3.3667013512122135,1,1,4.496921862002637,3.04770001093857e-05,StarLightCurves,6047
2,2,0.05,hydra,shapley_sampling,0.2289156626506024,0.37254901960784315,0.03125,3.852525600474895,4.366110014719151,1,1,0.6486634329994558,1.0585960719981813,StarLightCurves,6463
2,2,0.1,hydra,shapley_sampling,0.0,0.0,0.78125,4.0613502003352835,4.175138265588187,1,1,0.6486634329994558,1.0585960719981813,StarLightCurves,6463
2,2,0.2,hydra,shapley_sampling,0.8636363636363636,0.926829268292683,0.0146484375,5.233795093912105,4.257300488166395,1,1,0.6486634329994558,1.0585960719981813,StarLightCurves,6463
2,2,0.05,hydra,feature_ablation,0.0,0.0,0.08203125,3.852525600474895,5.663131928829499,1,1,0.6486634329994558,0.04428489700512728,StarLightCurves,6463
2,2,0.1,hydra,feature_ablation,0.0,0.0,0.73046875,4.0613502003352835,4.871722618201633,1,1,0.6486634329994558,0.04428489700512728,StarLightCurves,6463
2,2,0.2,hydra,feature_ablation,0.0,0.0,0.6357421875,5.233795093912105,5.41764173203674,1,1,0.6486634329994558,0.04428489700512728,StarLightCurves,6463
2,2,0.05,hydra,tshap_centroid,0.0,0.0,0.1259765625,3.852525600474895,6.103333564359446,1,1,0.6486634329994558,0.23790198100323323,StarLightCurves,6463
2,2,0.1,hydra,tshap_centroid,0.0,0.0,0.1474609375,4.0613502003352835,6.401348392110406,1,1,0.6486634329994558,0.23790198100323323,StarLightCurves,6463
2,2,0.2,hydra,tshap_centroid,0.0,0.0,0.552734375,5.233795093912105,6.084508428774601,1,1,0.6486634329994558,0.23790198100323323,StarLightCurves,6463
2,2,0.05,hydra,tshap_zero,0.0,0.0,0.8525390625,3.852525600474895,2.1958826742479602,1,1,0.6486634329994558,0.24138260100153275,StarLightCurves,6463
2,2,0.1,hydra,tshap_zero,0.2670807453416149,0.4215686274509804,0.0576171875,4.0613502003352835,2.0554522721601707,1,1,0.6486634329994558,0.24138260100153275,StarLightCurves,6463
2,2,0.2,hydra,tshap_zero,0.0,0.0,0.74609375,5.233795093912105,3.2433921110320436,1,1,0.6486634329994558,0.24138260100153275,StarLightCurves,6463
2,2,0.05,hydra,tshap_train,0.0,0.0,0.2822265625,3.852525600474895,5.768847062949964,1,1,0.6486634329994558,4.503834101000393,StarLightCurves,6463
2,2,0.1,hydra,tshap_train,0.0,0.0,0.4853515625,4.0613502003352835,4.758736718506871,1,1,0.6486634329994558,4.503834101000393,StarLightCurves,6463
2,2,0.2,hydra,tshap_train,0.0,0.0,0.6044921875,5.233795093912105,5.835812388889192,1,1,0.6486634329994558,4.503834101000393,StarLightCurves,6463
2,2,0.05,hydra,mrsqm,0.43661971830985913,0.6078431372549019,0.01953125,3.852525600474895,2.3141899583148775,1,1,0.6486634329994558,2.9376002203207463e-05,StarLightCurves,6463
2,2,0.1,hydra,mrsqm,0.0,0.0,0.783203125,4.0613502003352835,3.2807532978848943,1,1,0.6486634329994558,2.9376002203207463e-05,StarLightCurves,6463
2,2,0.2,hydra,mrsqm,0.8636363636363636,0.926829268292683,0.0146484375,5.233795093912105,4.257300529338384,1,1,0.6486634329994558,2.9376002203207463e-05,StarLightCurves,6463
2,2,0.05,shapley_sampling,feature_ablation,0.0,0.0,0.05078125,4.366110014719151,5.663131928829499,1,1,1.0585960719981813,0.04428489700512728,StarLightCurves,6463
2,2,0.1,shapley_sampling,feature_ablation,0.3246753246753247,0.49019607843137253,0.05078125,4.175138265588187,4.871722618201633,1,1,1.0585960719981813,0.04428489700512728,StarLightCurves,6463
2,2,0.2,shapley_sampling,feature_ablation,0.0,0.0,0.650390625,4.257300488166395,5.41764173203674,1,1,1.0585960719981813,0.04428489700512728,StarLightCurves,6463
2,2,0.05,shapley_sampling,tshap_centroid,0.0,0.0,0.0947265625,4.366110014719151,6.103333564359446,1,1,1.0585960719981813,0.23790198100323323,StarLightCurves,6463
2,2,0.1,shapley_sampling,tshap_centroid,0.0,0.0,0.6337890625,4.175138265588187,6.401348392110406,1,1,1.0585960719981813,0.23790198100323323,StarLightCurves,6463
2,2,0.2,shapley_sampling,tshap_centroid,0.0,0.0,0.5673828125,4.257300488166395,6.084508428774601,1,1,1.0585960719981813,0.23790198100323323,StarLightCurves,6463
2,2,0.05,shapley_sampling,tshap_zero,0.0,0.0,0.8212890625,4.366110014719151,2.1958826742479602,1,1,1.0585960719981813,0.24138260100153275,StarLightCurves,6463
2,2,0.1,shapley_sampling,tshap_zero,0.0,0.0,0.8388671875,4.175138265588187,2.0554522721601707,1,1,1.0585960719981813,0.24138260100153275,StarLightCurves,6463
2,2,0.2,shapley_sampling,tshap_zero,0.0,0.0,0.7607421875,4.257300488166395,3.2433921110320436,1,1,1.0585960719981813,0.24138260100153275,StarLightCurves,6463
2,2,0.05,shapley_sampling,tshap_train,0.0,0.0,0.2509765625,4.366110014719151,5.768847062949964,1,1,1.0585960719981813,4.503834101000393,StarLightCurves,6463
2,2,0.1,shapley_sampling,tshap_train,0.0,0.0,0.2958984375,4.175138265588187,4.758736718506871,1,1,1.0585960719981813,4.503834101000393,StarLightCurves,6463
2,2,0.2,shapley_sampling,tshap_train,0.0,0.0,0.619140625,4.257300488166395,5.835812388889192,1,1,1.0585960719981813,4.503834101000393,StarLightCurves,6463
2,2,0.05,shapley_sampling,mrsqm,0.0,0.0,0.05078125,4.366110014719151,2.3141899583148775,1,1,1.0585960719981813,2.9376002203207463e-05,StarLightCurves,6463
2,2,0.1,shapley_sampling,mrsqm,0.9615384615384616,0.9803921568627451,0.001953125,4.175138265588187,3.2807532978848943,1,1,1.0585960719981813,2.9376002203207463e-05,StarLightCurves,6463
2,2,0.2,shapley_sampling,mrsqm,1.0,1.0,0.0,4.257300488166395,4.257300529338384,1,1,1.0585960719981813,2.9376002203207463e-05,StarLightCurves,6463
2,2,0.05,feature_ablation,tshap_centroid,0.0625,0.11764705882352941,0.0439453125,5.663131928829499,6.103333564359446,1,1,0.04428489700512728,0.23790198100323323,StarLightCurves,6463
2,2,0.1,feature_ablation,tshap_centroid,0.0,0.0,0.5830078125,4.871722618201633,6.401348392110406,1,1,0.04428489700512728,0.23790198100323323,StarLightCurves,6463
2,2,0.2,feature_ablation,tshap_centroid,0.41379310344827586,0.5853658536585366,0.0830078125,5.41764173203674,6.084508428774601,1,1,0.04428489700512728,0.23790198100323323,StarLightCurves,6463
2,2,0.05,feature_ablation,tshap_zero,0.0,0.0,0.7705078125,5.663131928829499,2.1958826742479602,1,1,0.04428489700512728,0.24138260100153275,StarLightCurves,6463
2,2,0.1,feature_ablation,tshap_zero,0.0,0.0,0.7880859375,4.871722618201633,2.0554522721601707,1,1,0.04428489700512728,0.24138260100153275,StarLightCurves,6463
2,2,0.2,feature_ablation,tshap_zero,0.2893081761006289,0.44878048780487806,0.1103515625,5.41764173203674,3.2433921110320436,1,1,0.04428489700512728,0.24138260100153275,StarLightCurves,6463
2,2,0.05,feature_ablation,tshap_train,0.0,0.0,0.2001953125,5.663131928829499,5.768847062949964,1,1,0.04428489700512728,4.503834101000393,StarLightCurves,6463
2,2,0.1,feature_ablation,tshap_train,0.0,0.0,0.2451171875,4.871722618201633,4.758736718506871,1,1,0.04428489700512728,4.503834101000393,StarLightCurves,6463
2,2,0.2,feature_ablation,tshap_train,0.729957805907173,0.8439024390243902,0.03125,5.41764173203674,5.835812388889192,1,1,0.04428489700512728,4.503834101000393,StarLightCurves,6463
2,2,0.05,feature_ablation,mrsqm,0.0,0.0,0.1015625,5.663131928829499,2.3141899583148775,1,1,0.04428489700512728,2.9376002203207463e-05,StarLightCurves,6463
2,2,0.1,feature_ablation,mrsqm,0.3076923076923077,0.47058823529411764,0.052734375,4.871722618201633,3.2807532978848943,1,1,0.04428489700512728,2.9376002203207463e-05,StarLightCurves,6463
2,2,0.2,feature_ablation,mrsqm,0.0,0.0,0.650390625,5.41764173203674,4.257300529338384,1,1,0.04428489700512728,2.9376002203207463e-05,StarLightCurves,6463
2,2,0.05,tshap_centroid,tshap_zero,0.0,0.0,0.7265625,6.103333564359446,2.1958826742479602,1,1,0.23790198100323323,0.24138260100153275,StarLightCurves,6463
2,2,0.1,tshap_centroid,tshap_zero,0.0,0.0,0.205078125,6.401348392110406,2.0554522721601707,1,1,0.23790198100323323,0.24138260100153275,StarLightCurves,6463
2,2,0.2,tshap_centroid,tshap_zero,0.017369727047146403,0.03414634146341464,0.193359375,6.084508428774601,3.2433921110320436,1,1,0.23790198100323323,0.24138260100153275,StarLightCurves,6463
2,2,0.05,tshap_centroid,tshap_train,0.0,0.0,0.15625,6.103333564359446,5.768847062949964,1,1,0.23790198100323323,4.503834101000393,StarLightCurves,6463
2,2,0.1,tshap_centroid,tshap_train,0.0,0.0,0.337890625,6.401348392110406,4.758736718506871,1,1,0.23790198100323323,4.503834101000393,StarLightCurves,6463
2,2,0.2,tshap_centroid,tshap_train,0.5891472868217055,0.7414634146341463,0.0517578125,6.084508428774601,5.835812388889192,1,1,0.23790198100323323,4.503834101000393,StarLightCurves,6463
2,2,0.05,tshap_centroid,mrsqm,0.0,0.0,0.1455078125,6.103333564359446,2.3141899583148775,1,1,0.23790198100323323,2.9376002203207463e-05,StarLightCurves,6463
2,2,0.1,tshap_centroid,mrsqm,0.0,0.0,0.6357421875,6.401348392110406,3.2807532978848943,1,1,0.23790198100323323,2.9376002203207463e-05,StarLightCurves,6463
2,2,0.2,tshap_centroid,mrsqm,0.0,0.0,0.5673828125,6.084508428774601,4.257300529338384,1,1,0.23790198100323323,2.9376002203207463e-05,StarLightCurves,6463
2,2,0.05,tshap_zero,tshap_train,0.0,0.0,0.5703125,2.1958826742479602,5.768847062949964,1,1,0.24138260100153275,4.503834101000393,StarLightCurves,6463
2,2,0.1,tshap_zero,tshap_train,0.0,0.0,0.54296875,2.0554522721601707,4.758736718506871,1,1,0.24138260100153275,4.503834101000393,StarLightCurves,6463
2,2,0.2,tshap_zero,tshap_train,0.17142857142857143,0.2926829268292683,0.1416015625,3.2433921110320436,5.835812388889192,1,1,0.24138260100153275,4.503834101000393,StarLightCurves,6463
2,2,0.05,tshap_zero,mrsqm,0.0,0.0,0.8720703125,2.1958826742479602,2.3141899583148775,1,1,0.24138260100153275,2.9376002203207463e-05,StarLightCurves,6463
2,2,0.1,tshap_zero,mrsqm,0.0,0.0,0.8408203125,2.0554522721601707,3.2807532978848943,1,1,0.24138260100153275,2.9376002203207463e-05,StarLightCurves,6463
2,2,0.2,tshap_zero,mrsqm,0.0,0.0,0.7607421875,3.2433921110320436,4.257300529338384,1,1,0.24138260100153275,2.9376002203207463e-05,StarLightCurves,6463
2,2,0.05,tshap_train,mrsqm,0.0,0.0,0.3017578125,5.768847062949964,2.3141899583148775,1,1,4.503834101000393,2.9376002203207463e-05,StarLightCurves,6463
2,2,0.1,tshap_train,mrsqm,0.0,0.0,0.2978515625,4.758736718506871,3.2807532978848943,1,1,4.503834101000393,2.9376002203207463e-05,StarLightCurves,6463
2,2,0.2,tshap_train,mrsqm,0.0,0.0,0.619140625,5.835812388889192,4.257300529338384,1,1,4.503834101000393,2.9376002203207463e-05,StarLightCurves,6463
2,2,0.05,hydra,shapley_sampling,0.0,0.0,0.423828125,5.348067751680622,4.803353177284301,1,1,0.6518532949994551,1.0572273129946552,StarLightCurves,3603
2,2,0.1,hydra,shapley_sampling,0.0,0.0,0.54296875,2.1776081921282846,3.5387120239866645,1,1,0.6518532949994551,1.0572273129946552,StarLightCurves,3603
2,2,0.2,hydra,shapley_sampling,0.0,0.0,0.5322265625,3.668478577817184,4.706615931020496,1,1,0.6518532949994551,1.0572273129946552,StarLightCurves,3603
2,2,0.05,hydra,feature_ablation,0.34210526315789475,0.5098039215686274,0.0244140625,5.348067751680622,4.789216533500976,1,1,0.6518532949994551,0.04462854500161484,StarLightCurves,3603
2,2,0.1,hydra,feature_ablation,0.0,0.0,0.14453125,2.1776081921282846,5.250420304469949,1,1,0.6518532949994551,0.04462854500161484,StarLightCurves,3603
2,2,0.2,hydra,feature_ablation,0.19883040935672514,0.33170731707317075,0.1337890625,3.668478577817184,5.8185489662296925,1,1,0.6518532949994551,0.04462854500161484,StarLightCurves,3603
2,2,0.05,hydra,tshap_centroid,0.0,0.0,0.591796875,5.348067751680622,5.943252934383539,1,1,0.6518532949994551,0.23908349800331052,StarLightCurves,3603
2,2,0.1,hydra,tshap_centroid,0.0,0.0,0.75,2.1776081921282846,6.303574737793778,1,1,0.6518532949994551,0.23908349800331052,StarLightCurves,3603
2,2,0.2,hydra,tshap_centroid,0.0,0.0,0.6767578125,3.668478577817184,6.57682178079349,1,1,0.6518532949994551,0.23908349800331052,StarLightCurves,3603
2,2,0.05,hydra,tshap_zero,0.0,0.0,0.1376953125,5.348067751680622,1.743371151791088,1,1,0.6518532949994551,0.24096278000070015,StarLightCurves,3603
2,2,0.1,hydra,tshap_zero,0.7435897435897436,0.8529411764705882,0.0146484375,2.1776081921282846,2.1443543361163,1,1,0.6518532949994551,0.24096278000070015,StarLightCurves,3603
2,2,0.2,hydra,tshap_zero,0.8061674008810573,0.8926829268292683,0.021484375,3.668478577817184,3.895869937371997,1,1,0.6518532949994551,0.24096278000070015,StarLightCurves,3603
2,2,0.05,hydra,tshap_train,0.0,0.0,0.6396484375,5.348067751680622,5.667535136599273,1,1,0.6518532949994551,4.603792599998997,StarLightCurves,3603
2,2,0.1,hydra,tshap_train,0.0,0.0,0.7666015625,2.1776081921282846,6.041935598108547,1,1,0.6518532949994551,4.603792599998997,StarLightCurves,3603
2,2,0.2,hydra,tshap_train,0.0,0.0,0.662109375,3.668478577817184,6.537539489312984,1,1,0.6518532949994551,4.603792599998997,StarLightCurves,3603
2,2,0.05,hydra,mrsqm,0.0,0.0,0.7265625,5.348067751680622,3.2829819874710955,1,1,0.6518532949994551,2.92249969788827e-05,StarLightCurves,3603
2,2,0.1,hydra,mrsqm,0.0,0.0,0.845703125,2.1776081921282846,3.5422068575302137,1,1,0.6518532949994551,2.92249969788827e-05,StarLightCurves,3603
2,2,0.2,hydra,mrsqm,0.0,0.0,0.734375,3.668478577817184,4.090750801704256,1,1,0.6518532949994551,2.92249969788827e-05,StarLightCurves,3603
2,2,0.05,shapley_sampling,feature_ablation,0.0,0.0,0.4482421875,4.803353177284301,4.789216533500976,1,1,1.0572273129946552,0.04462854500161484,StarLightCurves,3603
2,2,0.1,shapley_sampling,feature_ablation,0.0,0.0,0.3984375,3.5387120239866645,5.250420304469949,1,1,1.0572273129946552,0.04462854500161484,StarLightCurves,3603
2,2,0.2,shapley_sampling,feature_ablation,0.0,0.0,0.3984375,4.706615931020496,5.8185489662296925,1,1,1.0572273129946552,0.04462854500161484,StarLightCurves,3603
2,2,0.05,shapley_sampling,tshap_centroid,0.0,0.0,0.16796875,4.803353177284301,5.943252934383539,1,1,1.0572273129946552,0.23908349800331052,StarLightCurves,3603
2,2,0.1,shapley_sampling,tshap_centroid,0.0,0.0,0.20703125,3.5387120239866645,6.303574737793778,1,1,1.0572273129946552,0.23908349800331052,StarLightCurves,3603
2,2,0.2,shapley_sampling,tshap_centroid,0.16147308781869688,0.2780487804878049,0.14453125,4.706615931020496,6.57682178079349,1,1,1.0572273129946552,0.23908349800331052,StarLightCurves,3603
2,2,0.05,shapley_sampling,tshap_zero,0.0,0.0,0.5615234375,4.803353177284301,1.743371151791088,1,1,1.0572273129946552,0.24096278000070015,StarLightCurves,3603
2,2,0.1,shapley_sampling,tshap_zero,0.0,0.0,0.5283203125,3.5387120239866645,2.1443543361163,1,1,1.0572273129946552,0.24096278000070015,StarLightCurves,3603
2,2,0.2,shapley_sampling,tshap_zero,0.0,0.0,0.5537109375,4.706615931020496,3.895869937371997,1,1,1.0572273129946552,0.24096278000070015,StarLightCurves,3603
2,2,0.05,shapley_sampling,tshap_train,0.0,0.0,0.2158203125,4.803353177284301,5.667535136599273,1,1,1.0572273129946552,4.603792599998997,StarLightCurves,3603
2,2,0.1,shapley_sampling,tshap_train,0.0,0.0,0.2236328125,3.5387120239866645,6.041935598108547,1,1,1.0572273129946552,4.603792599998997,StarLightCurves,3603
2,2,0.2,shapley_sampling,tshap_train,0.21301775147928995,0.35121951219512193,0.1298828125,4.706615931020496,6.537539489312984,1,1,1.0572273129946552,4.603792599998997,StarLightCurves,3603
2,2,0.05,shapley_sampling,mrsqm,0.0,0.0,0.302734375,4.803353177284301,3.2829819874710955,1,1,1.0572273129946552,2.92249969788827e-05,StarLightCurves,3603
2,2,0.1,shapley_sampling,mrsqm,0.0,0.0,0.302734375,3.5387120239866645,3.5422068575302137,1,1,1.0572273129946552,2.92249969788827e-05,StarLightCurves,3603
2,2,0.2,shapley_sampling,mrsqm,0.0,0.0,0.2021484375,4.706615931020496,4.090750801704256,1,1,1.0572273129946552,2.92249969788827e-05,StarLightCurves,3603
2,2,0.05,feature_ablation,tshap_centroid,0.0,0.0,0.6162109375,4.789216533500976,5.943252934383539,1,1,0.04462854500161484,0.23908349800331052,StarLightCurves,3603
2,2,0.1,feature_ablation,tshap_centroid,0.0,0.0,0.60546875,5.250420304469949,6.303574737793778,1,1,0.04462854500161484,0.23908349800331052,StarLightCurves,3603
2,2,0.2,feature_ablation,tshap_centroid,0.0,0.0,0.54296875,5.8185489662296925,6.57682178079349,1,1,0.04462854500161484,0.23908349800331052,StarLightCurves,3603
2,2,0.05,feature_ablation,tshap_zero,0.0,0.0,0.11328125,4.789216533500976,1.743371151791088,1,1,0.04462854500161484,0.24096278000070015,StarLightCurves,3603
2,2,0.1,feature_ablation,tshap_zero,0.0,0.0,0.1298828125,5.250420304469949,2.1443543361163,1,1,0.04462854500161484,0.24096278000070015,StarLightCurves,3603
2,2,0.2,feature_ablation,tshap_zero,0.12637362637362637,0.22439024390243903,0.1552734375,5.8185489662296925,3.895869937371997,1,1,0.04462854500161484,0.24096278000070015,StarLightCurves,3603
2,2,0.05,feature_ablation,tshap_train,0.0,0.0,0.6640625,4.789216533500976,5.667535136599273,1,1,0.04462854500161484,4.603792599998997,StarLightCurves,3603
2,2,0.1,feature_ablation,tshap_train,0.0,0.0,0.6220703125,5.250420304469949,6.041935598108547,1,1,0.04462854500161484,4.603792599998997,StarLightCurves,3603
2,2,0.2,feature_ablation,tshap_train,0.0,0.0,0.5283203125,5.8185489662296925,6.537539489312984,1,1,0.04462854500161484,4.603792599998997,StarLightCurves,3603
2,2,0.05,feature_ablation,mrsqm,0.0,0.0,0.7509765625,4.789216533500976,3.2829819874710955,1,1,0.04462854500161484,2.92249969788827e-05,StarLightCurves,3603
2,2,0.1,feature_ablation,mrsqm,0.0,0.0,0.701171875,5.250420304469949,3.5422068575302137,1,1,0.04462854500161484,2.92249969788827e-05,StarLightCurves,3603
2,2,0.2,feature_ablation,mrsqm,0.0,0.0,0.6005859375,5.8185489662296925,4.090750801704256,1,1,0.04462854500161484,2.92249969788827e-05,StarLightCurves,3603
2,2,0.05,tshap_centroid,tshap_zero,0.0,0.0,0.7294921875,5.943252934383539,1.743371151791088,1,1,0.23908349800331052,0.24096278000070015,StarLightCurves,3603
2,2,0.1,tshap_centroid,tshap_zero,0.0,0.0,0.7353515625,6.303574737793778,2.1443543361163,1,1,0.23908349800331052,0.24096278000070015,StarLightCurves,3603
2,2,0.2,tshap_centroid,tshap_zero,0.0,0.0,0.6982421875,6.57682178079349,3.895869937371997,1,1,0.23908349800331052,0.24096278000070015,StarLightCurves,3603
2,2,0.05,tshap_centroid,tshap_train,0.02,0.0392156862745098,0.0478515625,5.943252934383539,5.667535136599273,1,1,0.23908349800331052,4.603792599998997,StarLightCurves,3603
2,2,0.1,tshap_centroid,tshap_train,0.7142857142857143,0.8333333333333334,0.0166015625,6.303574737793778,6.041935598108547,1,1,0.23908349800331052,4.603792599998997,StarLightCurves,3603
2,2,0.2,tshap_centroid,tshap_train,0.8636363636363636,0.926829268292683,0.0146484375,6.57682178079349,6.537539489312984,1,1,0.23908349800331052,4.603792599998997,StarLightCurves,3603
2,2,0.05,tshap_centroid,mrsqm,0.0,0.0,0.134765625,5.943252934383539,3.2829819874710955,1,1,0.23908349800331052,2.92249969788827e-05,StarLightCurves,3603
2,2,0.1,tshap_centroid,mrsqm,0.02,0.0392156862745098,0.095703125,6.303574737793778,3.5422068575302137,1,1,0.23908349800331052,2.92249969788827e-05,StarLightCurves,3603
2,2,0.2,tshap_centroid,mrsqm,0.553030303030303,0.7121951219512195,0.0576171875,6.57682178079349,4.090750801704256,1,1,0.23908349800331052,2.92249969788827e-05,StarLightCurves,3603
2,2,0.05,tshap_zero,tshap_train,0.0,0.0,0.77734375,1.743371151791088,5.667535136599273,1,1,0.24096278000070015,4.603792599998997,StarLightCurves,3603
2,2,0.1,tshap_zero,tshap_train,0.0,0.0,0.751953125,2.1443543361163,6.041935598108547,1,1,0.24096278000070015,4.603792599998997,StarLightCurves,3603
2,2,0.2,tshap_zero,tshap_train,0.0,0.0,0.68359375,3.895869937371997,6.537539489312984,1,1,0.24096278000070015,4.603792599998997,StarLightCurves,3603
2,2,0.05,tshap_zero,mrsqm,0.0,0.0,0.8642578125,1.743371151791088,3.2829819874710955,1,1,0.24096278000070015,2.92249969788827e-05,StarLightCurves,3603
2,2,0.1,tshap_zero,mrsqm,0.0,0.0,0.8310546875,2.1443543361163,3.5422068575302137,1,1,0.24096278000070015,2.92249969788827e-05,StarLightCurves,3603
2,2,0.2,tshap_zero,mrsqm,0.0,0.0,0.755859375,3.895869937371997,4.090750801704256,1,1,0.24096278000070015,2.92249969788827e-05,StarLightCurves,3603
2,2,0.05,tshap_train,mrsqm,0.0,0.0,0.0869140625,5.667535136599273,3.2829819874710955,1,1,4.603792599998997,2.92249969788827e-05,StarLightCurves,3603
2,2,0.1,tshap_train,mrsqm,0.11475409836065574,0.20588235294117646,0.0791015625,6.041935598108547,3.5422068575302137,1,1,4.603792599998997,2.92249969788827e-05,StarLightCurves,3603
2,2,0.2,tshap_train,mrsqm,0.46953405017921146,0.6390243902439025,0.072265625,6.537539489312984,4.090750801704256,1,1,4.603792599998997,2.92249969788827e-05,StarLightCurves,3603
2,2,0.05,hydra,shapley_sampling,0.0,0.0,0.3408203125,2.549072968156952,4.456110813009435,1,1,0.6479368930013152,1.0871799269953044,StarLightCurves,5728
2,2,0.1,hydra,shapley_sampling,0.0,0.0,0.2392578125,4.898297589687782,5.637357756181778,1,1,0.6479368930013152,1.0871799269953044,StarLightCurves,5728
2,2,0.2,hydra,shapley_sampling,0.0,0.0,0.3408203125,4.534822861544912,5.940855401017047,1,1,0.6479368930013152,1.0871799269953044,StarLightCurves,5728
2,2,0.05,hydra,feature_ablation,0.0,0.0,0.291015625,2.549072968156952,6.49327959562663,1,1,0.6479368930013152,0.04525321199616883,StarLightCurves,5728
2,2,0.1,hydra,feature_ablation,0.0,0.0,0.2890625,4.898297589687782,5.42674049699076,1,1,0.6479368930013152,0.04525321199616883,StarLightCurves,5728
2,2,0.2,hydra,feature_ablation,0.0,0.0,0.2900390625,4.534822861544912,6.845015202095114,1,1,0.6479368930013152,0.04525321199616883,StarLightCurves,5728
2,2,0.05,hydra,tshap_centroid,0.0,0.0,0.4794921875,2.549072968156952,6.4079001059437495,1,1,0.6479368930013152,0.24631931500334758,StarLightCurves,5728
2,2,0.1,hydra,tshap_centroid,0.0,0.0,0.142578125,4.898297589687782,7.107619093054283,1,1,0.6479368930013152,0.24631931500334758,StarLightCurves,5728
2,2,0.2,hydra,tshap_centroid,0.0,0.0,0.3349609375,4.534822861544912,6.12039719387281,1,1,0.6479368930013152,0.24631931500334758,StarLightCurves,5728
2,2,0.05,hydra,tshap_zero,0.0,0.0,0.1181640625,2.549072968156952,0.2924755118016653,1,0,0.6479368930013152,0.24513030500384048,StarLightCurves,5728
2,2,0.1,hydra,tshap_zero,0.0,0.0,0.7255859375,4.898297589687782,0.4519704286458762,1,0,0.6479368930013152,0.24513030500384048,StarLightCurves,5728
2,2,0.2,hydra,tshap_zero,0.004901960784313725,0.00975609756097561,0.1982421875,4.534822861544912,2.018096050327517,1,1,0.6479368930013152,0.24513030500384048,StarLightCurves,5728
2,2,0.05,hydra,tshap_train,0.0,0.0,0.265625,2.549072968156952,7.072136525541647,1,1,0.6479368930013152,4.561367799004074,StarLightCurves,5728
2,2,0.1,hydra,tshap_train,0.0,0.0,0.3349609375,4.898297589687782,6.130100174289267,1,1,0.6479368930013152,4.561367799004074,StarLightCurves,5728
2,2,0.2,hydra,tshap_train,0.025,0.04878048780487805,0.1904296875,4.534822861544912,5.161050089290486,1,1,0.6479368930013152,4.561367799004074,StarLightCurves,5728
2,2,0.05,hydra,mrsqm,0.0,0.0,0.6435546875,2.549072968156952,2.3315899598070517,1,1,0.6479368930013152,2.9515998903661966e-05,StarLightCurves,5728
2,2,0.1,hydra,mrsqm,0.7586206896551724,0.8627450980392157,0.013671875,4.898297589687782,3.037539534595021,1,1,0.6479368930013152,2.9515998903661966e-05,StarLightCurves,5728
2,2,0.2,hydra,mrsqm,0.0,0.0,0.4931640625,4.534822861544912,4.143487878698059,1,1,0.6479368930013152,2.9515998903661966e-05,StarLightCurves,5728
2,2,0.05,shapley_sampling,feature_ablation,0.0,0.0,0.0498046875,4.456110813009435,6.49327959562663,1,1,1.0871799269953044,0.04525321199616883,StarLightCurves,5728
2,2,0.1,shapley_sampling,feature_ablation,0.3333333333333333,0.5,0.0498046875,5.637357756181778,5.42674049699076,1,1,1.0871799269953044,0.04525321199616883,StarLightCurves,5728
2,2,0.2,shapley_sampling,feature_ablation,0.5953307392996109,0.7463414634146341,0.05078125,5.940855401017047,6.845015202095114,1,1,1.0871799269953044,0.04525321199616883,StarLightCurves,5728
2,2,0.05,shapley_sampling,tshap_centroid,0.0,0.0,0.138671875,4.456110813009435,6.4079001059437495,1,1,1.0871799269953044,0.24631931500334758,StarLightCurves,5728
2,2,0.1,shapley_sampling,tshap_centroid,0.014925373134328358,0.029411764705882353,0.0966796875,5.637357756181778,7.107619093054283,1,1,1.0871799269953044,0.24631931500334758,StarLightCurves,5728
2,2,0.2,shapley_sampling,tshap_centroid,0.943127962085308,0.9707317073170731,0.005859375,5.940855401017047,6.12039719387281,1,1,1.0871799269953044,0.24631931500334758,StarLightCurves,5728
2,2,0.05,shapley_sampling,tshap_zero,0.0,0.0,0.458984375,4.456110813009435,0.2924755118016653,1,0,1.0871799269953044,0.24513030500384048,StarLightCurves,5728
2,2,0.1,shapley_sampling,tshap_zero,0.0,0.0,0.486328125,5.637357756181778,0.4519704286458762,1,0,1.0871799269953044,0.24513030500384048,StarLightCurves,5728
2,2,0.2,shapley_sampling,tshap_zero,0.0,0.0,0.5390625,5.940855401017047,2.018096050327517,1,1,1.0871799269953044,0.24513030500384048,StarLightCurves,5728
2,2,0.05,shapley_sampling,tshap_train,0.0,0.0,0.0751953125,4.456110813009435,7.072136525541647,1,1,1.0871799269953044,4.561367799004074,StarLightCurves,5728
2,2,0.1,shapley_sampling,tshap_train,0.02,0.0392156862745098,0.095703125,5.637357756181778,6.130100174289267,1,1,1.0871799269953044,4.561367799004074,StarLightCurves,5728
2,2,0.2,shapley_sampling,tshap_train,0.14206128133704735,0.24878048780487805,0.150390625,5.940855401017047,5.161050089290486,1,1,1.0871799269953044,4.561367799004074,StarLightCurves,5728
2,2,0.05,shapley_sampling,mrsqm,0.0,0.0,0.302734375,4.456110813009435,2.3315899598070517,1,1,1.0871799269953044,2.9515998903661966e-05,StarLightCurves,5728
2,2,0.1,shapley_sampling,mrsqm,0.0,0.0,0.2529296875,5.637357756181778,3.037539534595021,1,1,1.0871799269953044,2.9515998903661966e-05,StarLightCurves,5728
2,2,0.2,shapley_sampling,mrsqm,0.13573407202216067,0.23902439024390243,0.15234375,5.940855401017047,4.143487878698059,1,1,1.0871799269953044,2.9515998903661966e-05,StarLightCurves,5728
2,2,0.05,feature_ablation,tshap_centroid,0.0,0.0,0.1884765625,6.49327959562663,6.4079001059437495,1,1,0.04525321199616883,0.24631931500334758,StarLightCurves,5728
2,2,0.1,feature_ablation,tshap_centroid,0.0,0.0,0.146484375,5.42674049699076,7.107619093054283,1,1,0.04525321199616883,0.24631931500334758,StarLightCurves,5728
2,2,0.2,feature_ablation,tshap_centroid,0.6334661354581673,0.775609756097561,0.044921875,6.845015202095114,6.12039719387281,1,1,0.04525321199616883,0.24631931500334758,StarLightCurves,5728
2,2,0.05,feature_ablation,tshap_zero,0.0,0.0,0.4091796875,6.49327959562663,0.2924755118016653,1,0,0.04525321199616883,0.24513030500384048,StarLightCurves,5728
2,2,0.1,feature_ablation,tshap_zero,0.0,0.0,0.4365234375,5.42674049699076,0.4519704286458762,1,0,0.04525321199616883,0.24513030500384048,StarLightCurves,5728
2,2,0.2,feature_ablation,tshap_zero,0.0,0.0,0.48828125,6.845015202095114,2.018096050327517,1,1,0.04525321199616883,0.24513030500384048,StarLightCurves,5728
2,2,0.05,feature_ablation,tshap_train,0.3246753246753247,0.49019607843137253,0.025390625,6.49327959562663,7.072136525541647,1,1,0.04525321199616883,4.561367799004074,StarLightCurves,5728
2,2,0.1,feature_ablation,tshap_train,0.3691275167785235,0.5392156862745098,0.0458984375,5.42674049699076,6.130100174289267,1,1,0.04525321199616883,4.561367799004074,StarLightCurves,5728
2,2,0.2,feature_ablation,tshap_train,0.3355048859934853,0.5024390243902439,0.099609375,6.845015202095114,5.161050089290486,1,1,0.04525321199616883,4.561367799004074,StarLightCurves,5728
2,2,0.05,feature_ablation,mrsqm,0.0,0.0,0.3525390625,6.49327959562663,2.3315899598070517,1,1,0.04525321199616883,2.9515998903661966e-05,StarLightCurves,5728
2,2,0.1,feature_ablation,mrsqm,0.0,0.0,0.302734375,5.42674049699076,3.037539534595021,1,1,0.04525321199616883,2.9515998903661966e-05,StarLightCurves,5728
2,2,0.2,feature_ablation,mrsqm,0.0,0.0,0.203125,6.845015202095114,4.143487878698059,1,1,0.04525321199616883,2.9515998903661966e-05,StarLightCurves,5728
2,2,0.05,tshap_centroid,tshap_zero,0.0,0.0,0.59765625,6.4079001059437495,0.2924755118016653,1,0,0.24631931500334758,0.24513030500384048,StarLightCurves,5728
2,2,0.1,tshap_centroid,tshap_zero,0.0,0.0,0.5830078125,7.107619093054283,0.4519704286458762,1,0,0.24631931500334758,0.24513030500384048,StarLightCurves,5728
2,2,0.2,tshap_centroid,tshap_zero,0.0,0.0,0.533203125,6.12039719387281,2.018096050327517,1,1,0.24631931500334758,0.24513030500384048,StarLightCurves,5728
2,2,0.05,tshap_centroid,tshap_train,0.0,0.0,0.2138671875,6.4079001059437495,7.072136525541647,1,1,0.24631931500334758,4.561367799004074,StarLightCurves,5728
2,2,0.1,tshap_centroid,tshap_train,0.0,0.0,0.1923828125,7.107619093054283,6.130100174289267,1,1,0.24631931500334758,4.561367799004074,StarLightCurves,5728
2,2,0.2,tshap_centroid,tshap_train,0.16147308781869688,0.2780487804878049,0.14453125,6.12039719387281,5.161050089290486,1,1,0.24631931500334758,4.561367799004074,StarLightCurves,5728
2,2,0.05,tshap_centroid,mrsqm,0.0,0.0,0.1640625,6.4079001059437495,2.3315899598070517,1,1,0.24631931500334758,2.9515998903661966e-05,StarLightCurves,5728
2,2,0.1,tshap_centroid,mrsqm,0.0,0.0,0.15625,7.107619093054283,3.037539534595021,1,1,0.24631931500334758,2.9515998903661966e-05,StarLightCurves,5728
2,2,0.2,tshap_centroid,mrsqm,0.11716621253405994,0.2097560975609756,0.158203125,6.12039719387281,4.143487878698059,1,1,0.24631931500334758,2.9515998903661966e-05,StarLightCurves,5728
2,2,0.05,tshap_zero,tshap_train,0.0,0.0,0.3837890625,0.2924755118016653,7.072136525541647,0,1,0.24513030500384048,4.561367799004074,StarLightCurves,5728
2,2,0.1,tshap_zero,tshap_train,0.0,0.0,0.390625,0.4519704286458762,6.130100174289267,0,1,0.24513030500384048,4.561367799004074,StarLightCurves,5728
2,2,0.2,tshap_zero,tshap_train,0.0,0.0,0.388671875,2.018096050327517,5.161050089290486,1,1,0.24513030500384048,4.561367799004074,StarLightCurves,5728
2,2,0.05,tshap_zero,mrsqm,0.0,0.0,0.76171875,0.2924755118016653,2.3315899598070517,0,1,0.24513030500384048,2.9515998903661966e-05,StarLightCurves,5728
2,2,0.1,tshap_zero,mrsqm,0.0,0.0,0.7392578125,0.4519704286458762,3.037539534595021,0,1,0.24513030500384048,2.9515998903661966e-05,StarLightCurves,5728
2,2,0.2,tshap_zero,mrsqm,0.0,0.0,0.69140625,2.018096050327517,4.143487878698059,1,1,0.24513030500384048,2.9515998903661966e-05,StarLightCurves,5728
2,2,0.05,tshap_train,mrsqm,0.0,0.0,0.3779296875,7.072136525541647,2.3315899598070517,1,1,4.561367799004074,2.9515998903661966e-05,StarLightCurves,5728
2,2,0.1,tshap_train,mrsqm,0.0,0.0,0.3486328125,6.130100174289267,3.037539534595021,1,1,4.561367799004074,2.9515998903661966e-05,StarLightCurves,5728
2,2,0.2,tshap_train,mrsqm,0.0,0.0,0.302734375,5.161050089290486,4.143487878698059,1,1,4.561367799004074,2.9515998903661966e-05,StarLightCurves,5728
2,2,0.05,hydra,shapley_sampling,0.34210526315789475,0.5098039215686274,0.0244140625,5.285770791479525,4.6374112221071435,1,1,0.6502017319944571,1.0624180560043897,StarLightCurves,4324
2,2,0.1,hydra,shapley_sampling,0.0,0.0,0.4765625,4.980822493497134,5.375037630115301,1,1,0.6502017319944571,1.0624180560043897,StarLightCurves,4324
2,2,0.2,hydra,shapley_sampling,0.37583892617449666,0.5463414634146342,0.0908203125,4.642109908878831,5.456570585565066,1,1,0.6502017319944571,1.0624180560043897,StarLightCurves,4324
2,2,0.05,hydra,feature_ablation,0.0,0.0,0.7236328125,5.285770791479525,4.155899151929733,1,1,0.6502017319944571,0.04451065199828008,StarLightCurves,4324
2,2,0.1,hydra,feature_ablation,0.0,0.0,0.7255859375,4.980822493497134,4.5237171681372015,1,1,0.6502017319944571,0.04451065199828008,StarLightCurves,4324
2,2,0.2,hydra,feature_ablation,0.0,0.0,0.6884765625,4.642109908878831,4.809305040203024,1,1,0.6502017319944571,0.04451065199828008,StarLightCurves,4324
2,2,0.05,hydra,tshap_centroid,0.0,0.0,0.46875,5.285770791479525,5.742132065700291,1,1,0.6502017319944571,0.23747383400041144,StarLightCurves,4324
2,2,0.1,hydra,tshap_centroid,0.0,0.0,0.4970703125,4.980822493497134,5.7391790149398965,1,1,0.6502017319944571,0.23747383400041144,StarLightCurves,4324
2,2,0.2,hydra,tshap_centroid,0.0,0.0,0.5390625,4.642109908878831,5.806421410718035,1,1,0.6502017319944571,0.23747383400041144,StarLightCurves,4324
2,2,0.05,hydra,tshap_zero,0.0,0.0,0.1005859375,5.285770791479525,3.551975670874702,1,1,0.6502017319944571,0.2400670409988379,StarLightCurves,4324
2,2,0.1,hydra,tshap_zero,0.25925925925925924,0.4117647058823529,0.05859375,4.980822493497134,3.6914966330562633,1,1,0.6502017319944571,0.2400670409988379,StarLightCurves,4324
2,2,0.2,hydra,tshap_zero,0.9902912621359223,0.9951219512195122,0.0009765625,4.642109908878831,4.635279649404002,1,1,0.6502017319944571,0.2400670409988379,StarLightCurves,4324
2,2,0.05,hydra,tshap_train,0.3076923076923077,0.47058823529411764,0.0263671875,5.285770791479525,4.618074892556518,1,1,0.6502017319944571,4.58361300600518,StarLightCurves,4324
2,2,0.1,hydra,tshap_train,0.9065420560747663,0.9509803921568627,0.0048828125,4.980822493497134,4.8459081865679225,1,1,0.6502017319944571,4.58361300600518,StarLightCurves,4324
2,2,0.2,hydra,tshap_train,0.7446808510638298,0.8536585365853658,0.029296875,4.642109908878831,5.04395131508109,1,1,0.6502017319944571,4.58361300600518,StarLightCurves,4324
2,2,0.05,hydra,mrsqm,0.0,0.0,0.1767578125,5.285770791479525,1.426808520307121,1,1,0.6502017319944571,3.0397000955417752e-05,StarLightCurves,4324
2,2,0.1,hydra,mrsqm,0.0,0.0,0.125,4.980822493497134,2.023568922023375,1,1,0.6502017319944571,3.0397000955417752e-05,StarLightCurves,4324
2,2,0.2,hydra,mrsqm,0.5298507462686567,0.6926829268292682,0.0615234375,4.642109908878831,2.9206928889315082,1,1,0.6502017319944571,3.0397000955417752e-05,StarLightCurves,4324
2,2,0.05,shapley_sampling,feature_ablation,0.0,0.0,0.748046875,4.6374112221071435,4.155899151929733,1,1,1.0624180560043897,0.04451065199828008,StarLightCurves,4324
2,2,0.1,shapley_sampling,feature_ablation,0.0,0.0,0.2490234375,5.375037630115301,4.5237171681372015,1,1,1.0624180560043897,0.04451065199828008,StarLightCurves,4324
2,2,0.2,shapley_sampling,feature_ablation,0.0,0.0,0.59765625,5.456570585565066,4.809305040203024,1,1,1.0624180560043897,0.04451065199828008,StarLightCurves,4324
2,2,0.05,shapley_sampling,tshap_centroid,0.0,0.0,0.4931640625,4.6374112221071435,5.742132065700291,1,1,1.0624180560043897,0.23747383400041144,StarLightCurves,4324
2,2,0.1,shapley_sampling,tshap_centroid,0.6585365853658537,0.7941176470588235,0.0205078125,5.375037630115301,5.7391790149398965,1,1,1.0624180560043897,0.23747383400041144,StarLightCurves,4324
2,2,0.2,shapley_sampling,tshap_centroid,0.0,0.0,0.4482421875,5.456570585565066,5.806421410718035,1,1,1.0624180560043897,0.23747383400041144,StarLightCurves,4324
2,2,0.05,shapley_sampling,tshap_zero,0.0,0.0,0.076171875,4.6374112221071435,3.551975670874702,1,1,1.0624180560043897,0.2400670409988379,StarLightCurves,4324
2,2,0.1,shapley_sampling,tshap_zero,0.0,0.0,0.53515625,5.375037630115301,3.6914966330562633,1,1,1.0624180560043897,0.2400670409988379,StarLightCurves,4324
2,2,0.2,shapley_sampling,tshap_zero,0.3712374581939799,0.5414634146341464,0.091796875,5.456570585565066,4.635279649404002,1,1,1.0624180560043897,0.2400670409988379,StarLightCurves,4324
2,2,0.05,shapley_sampling,tshap_train,0.9245283018867925,0.9607843137254902,0.001953125,4.6374112221071435,4.618074892556518,1,1,1.0624180560043897,4.58361300600518,StarLightCurves,4324
2,2,0.1,shapley_sampling,tshap_train,0.0,0.0,0.4814453125,5.375037630115301,4.8459081865679225,1,1,1.0624180560043897,4.58361300600518,StarLightCurves,4324
2,2,0.2,shapley_sampling,tshap_train,0.5298507462686567,0.6926829268292682,0.0615234375,5.456570585565066,5.04395131508109,1,1,1.0624180560043897,4.58361300600518,StarLightCurves,4324
2,2,0.05,shapley_sampling,mrsqm,0.0,0.0,0.15234375,4.6374112221071435,1.426808520307121,1,1,1.0624180560043897,3.0397000955417752e-05,StarLightCurves,4324
2,2,0.1,shapley_sampling,mrsqm,0.0,0.0,0.6015625,5.375037630115301,2.023568922023375,1,1,1.0624180560043897,3.0397000955417752e-05,StarLightCurves,4324
2,2,0.2,shapley_sampling,mrsqm,0.13573407202216067,0.23902439024390243,0.15234375,5.456570585565066,2.9206928889315082,1,1,1.0624180560043897,3.0397000955417752e-05,StarLightCurves,4324
2,2,0.05,feature_ablation,tshap_centroid,0.0,0.0,0.2548828125,4.155899151929733,5.742132065700291,1,1,0.04451065199828008,0.23747383400041144,StarLightCurves,4324
2,2,0.1,feature_ablation,tshap_centroid,0.0,0.0,0.228515625,4.5237171681372015,5.7391790149398965,1,1,0.04451065199828008,0.23747383400041144,StarLightCurves,4324
2,2,0.2,feature_ablation,tshap_centroid,0.1452513966480447,0.25365853658536586,0.1494140625,4.809305040203024,5.806421410718035,1,1,0.04451065199828008,0.23747383400041144,StarLightCurves,4324
2,2,0.05,feature_ablation,tshap_zero,0.0,0.0,0.82421875,4.155899151929733,3.551975670874702,1,1,0.04451065199828008,0.2400670409988379,StarLightCurves,4324
2,2,0.1,feature_ablation,tshap_zero,0.0,0.0,0.7841796875,4.5237171681372015,3.6914966330562633,1,1,0.04451065199828008,0.2400670409988379,StarLightCurves,4324
2,2,0.2,feature_ablation,tshap_zero,0.0,0.0,0.689453125,4.809305040203024,4.635279649404002,1,1,0.04451065199828008,0.2400670409988379,StarLightCurves,4324
2,2,0.05,feature_ablation,tshap_train,0.0,0.0,0.75,4.155899151929733,4.618074892556518,1,1,0.04451065199828008,4.58361300600518,StarLightCurves,4324
2,2,0.1,feature_ablation,tshap_train,0.0,0.0,0.73046875,4.5237171681372015,4.8459081865679225,1,1,0.04451065199828008,4.58361300600518,StarLightCurves,4324
2,2,0.2,feature_ablation,tshap_train,0.0,0.0,0.6591796875,4.809305040203024,5.04395131508109,1,1,0.04451065199828008,4.58361300600518,StarLightCurves,4324
2,2,0.05,feature_ablation,mrsqm,0.0,0.0,0.900390625,4.155899151929733,1.426808520307121,1,1,0.04451065199828008,3.0397000955417752e-05,StarLightCurves,4324
2,2,0.1,feature_ablation,mrsqm,0.0,0.0,0.8505859375,4.5237171681372015,2.023568922023375,1,1,0.04451065199828008,3.0397000955417752e-05,StarLightCurves,4324
2,2,0.2,feature_ablation,mrsqm,0.0,0.0,0.75,4.809305040203024,2.9206928889315082,1,1,0.04451065199828008,3.0397000955417752e-05,StarLightCurves,4324
2,2,0.05,tshap_centroid,tshap_zero,0.0,0.0,0.5693359375,5.742132065700291,3.551975670874702,1,1,0.23747383400041144,0.2400670409988379,StarLightCurves,4324
2,2,0.1,tshap_centroid,tshap_zero,0.0,0.0,0.5556640625,5.7391790149398965,3.6914966330562633,1,1,0.23747383400041144,0.2400670409988379,StarLightCurves,4324
2,2,0.2,tshap_centroid,tshap_zero,0.0,0.0,0.5400390625,5.806421410718035,4.635279649404002,1,1,0.23747383400041144,0.2400670409988379,StarLightCurves,4324
2,2,0.05,tshap_centroid,tshap_train,0.0,0.0,0.4951171875,5.742132065700291,4.618074892556518,1,1,0.23747383400041144,4.58361300600518,StarLightCurves,4324
2,2,0.1,tshap_centroid,tshap_train,0.0,0.0,0.501953125,5.7391790149398965,4.8459081865679225,1,1,0.23747383400041144,4.58361300600518,StarLightCurves,4324
2,2,0.2,tshap_centroid,tshap_train,0.0,0.0,0.509765625,5.806421410718035,5.04395131508109,1,1,0.23747383400041144,4.58361300600518,StarLightCurves,4324
2,2,0.05,tshap_centroid,mrsqm,0.0,0.0,0.6455078125,5.742132065700291,1.426808520307121,1,1,0.23747383400041144,3.0397000955417752e-05,StarLightCurves,4324
2,2,0.1,tshap_centroid,mrsqm,0.0,0.0,0.6220703125,5.7391790149398965,2.023568922023375,1,1,0.23747383400041144,3.0397000955417752e-05,StarLightCurves,4324
2,2,0.2,tshap_centroid,mrsqm,0.0,0.0,0.6005859375,5.806421410718035,2.9206928889315082,1,1,0.23747383400041144,3.0397000955417752e-05,StarLightCurves,4324
2,2,0.05,tshap_zero,tshap_train,0.0,0.0,0.07421875,3.551975670874702,4.618074892556518,1,1,0.2400670409988379,4.58361300600518,StarLightCurves,4324
2,2,0.1,tshap_zero,tshap_train,0.29936305732484075,0.46078431372549017,0.0537109375,3.6914966330562633,4.8459081865679225,1,1,0.2400670409988379,4.58361300600518,StarLightCurves,4324
2,2,0.2,tshap_zero,tshap_train,0.7372881355932204,0.848780487804878,0.0302734375,4.635279649404002,5.04395131508109,1,1,0.2400670409988379,4.58361300600518,StarLightCurves,4324
2,2,0.05,tshap_zero,mrsqm,0.0,0.0,0.076171875,3.551975670874702,1.426808520307121,1,1,0.2400670409988379,3.0397000955417752e-05,StarLightCurves,4324
2,2,0.1,tshap_zero,mrsqm,0.2,0.3333333333333333,0.06640625,3.6914966330562633,2.023568922023375,1,1,0.2400670409988379,3.0397000955417752e-05,StarLightCurves,4324
2,2,0.2,tshap_zero,mrsqm,0.5355805243445693,0.697560975609756,0.060546875,4.635279649404002,2.9206928889315082,1,1,0.2400670409988379,3.0397000955417752e-05,StarLightCurves,4324
2,2,0.05,tshap_train,mrsqm,0.0,0.0,0.150390625,4.618074892556518,1.426808520307121,1,1,4.58361300600518,3.0397000955417752e-05,StarLightCurves,4324
2,2,0.1,tshap_train,mrsqm,0.0,0.0,0.1201171875,4.8459081865679225,2.023568922023375,1,1,4.58361300600518,3.0397000955417752e-05,StarLightCurves,4324
2,2,0.2,tshap_train,mrsqm,0.37583892617449666,0.5463414634146342,0.0908203125,5.04395131508109,2.9206928889315082,1,1,4.58361300600518,3.0397000955417752e-05,StarLightCurves,4324
