true_label,pred_label,fraction,method_a,method_b,iou,overlap_fraction,normalised_centre_distance,score_drop_a,score_drop_b,flipped_a,flipped_b,explain_time_a_s,explain_time_b_s,dataset,sample_idx
11,11,0.05,hydra,shapley_sampling,0.0,0.0,0.12213740458015267,0.11931892824563661,0.27243113231037297,0,0,0.07976790999964578,0.7647629119965131,FacesUCR,1567
11,11,0.1,hydra,shapley_sampling,0.08333333333333333,0.15384615384615385,0.08396946564885496,0.3701182148767659,0.2708779501270868,0,0,0.07976790999964578,0.7647629119965131,FacesUCR,1567
11,11,0.2,hydra,shapley_sampling,0.15555555555555556,0.2692307692307692,0.1450381679389313,0.9462818616152388,0.6450282027219382,1,1,0.07976790999964578,0.7647629119965131,FacesUCR,1567
11,11,0.05,hydra,feature_ablation,0.0,0.0,0.15267175572519084,0.11931892824563661,0.12462089756533345,0,0,0.07976790999964578,0.03398979199846508,FacesUCR,1567
11,11,0.1,hydra,feature_ablation,0.0,0.0,0.19083969465648856,0.3701182148767659,0.2709217873755332,0,1,0.07976790999964578,0.03398979199846508,FacesUCR,1567
11,11,0.2,hydra,feature_ablation,0.20930232558139536,0.34615384615384615,0.1297709923664122,0.9462818616152388,0.371564707784786,1,1,0.07976790999964578,0.03398979199846508,FacesUCR,1567
11,11,0.05,hydra,tshap_centroid,0.0,0.0,0.061068702290076333,0.11931892824563661,0.5288028990537509,0,1,0.07976790999964578,0.004378983001515735,FacesUCR,1567
11,11,0.1,hydra,tshap_centroid,0.08333333333333333,0.15384615384615385,0.08396946564885496,0.3701182148767659,0.485628724173066,0,1,0.07976790999964578,0.004378983001515735,FacesUCR,1567
11,11,0.2,hydra,tshap_centroid,0.8571428571428571,0.9230769230769231,0.015267175572519083,0.9462818616152388,0.7650380703031836,1,1,0.07976790999964578,0.004378983001515735,FacesUCR,1567
11,11,0.05,hydra,tshap_zero,0.0,0.0,0.6564885496183206,0.11931892824563661,-0.00922219236727928,0,0,0.07976790999964578,0.004982009995728731,FacesUCR,1567
11,11,0.1,hydra,tshap_zero,0.0,0.0,0.6335877862595419,0.3701182148767659,-0.07969598097354891,0,0,0.07976790999964578,0.004982009995728731,FacesUCR,1567
11,11,0.2,hydra,tshap_zero,0.0,0.0,0.648854961832061,0.9462818616152388,-0.09604291686289967,1,0,0.07976790999964578,0.004982009995728731,FacesUCR,1567
11,11,0.05,hydra,tshap_train,0.0,0.0,0.07633587786259542,0.11931892824563661,0.34960681818463357,0,0,0.07976790999964578,0.038649974994768854,FacesUCR,1567
11,11,0.1,hydra,tshap_train,0.0,0.0,0.09923664122137404,0.3701182148767659,0.5485772392979192,0,1,0.07976790999964578,0.038649974994768854,FacesUCR,1567
11,11,0.2,hydra,tshap_train,0.8571428571428571,0.9230769230769231,0.015267175572519083,0.9462818616152388,0.7650380724271006,1,1,0.07976790999964578,0.038649974994768854,FacesUCR,1567
11,11,0.05,hydra,mrsqm,0.0,0.0,0.7099236641221374,0.11931892824563661,-0.073391885157984,0,0,0.07976790999964578,2.407500141998753e-05,FacesUCR,1567
11,11,0.1,hydra,mrsqm,0.0,0.0,0.6641221374045801,0.3701182148767659,-0.08755790499399496,0,0,0.07976790999964578,2.407500141998753e-05,FacesUCR,1567
11,11,0.2,hydra,mrsqm,0.0,0.0,0.6717557251908397,0.9462818616152388,-0.13742310673237013,1,0,0.07976790999964578,2.407500141998753e-05,FacesUCR,1567
11,11,0.05,shapley_sampling,feature_ablation,0.0,0.0,0.2748091603053435,0.27243113231037297,0.12462089756533345,0,0,0.7647629119965131,0.03398979199846508,FacesUCR,1567
11,11,0.1,shapley_sampling,feature_ablation,0.0,0.0,0.2748091603053435,0.2708779501270868,0.2709217873755332,0,1,0.7647629119965131,0.03398979199846508,FacesUCR,1567
11,11,0.2,shapley_sampling,feature_ablation,0.0,0.0,0.2748091603053435,0.6450282027219382,0.371564707784786,1,1,0.7647629119965131,0.03398979199846508,FacesUCR,1567
11,11,0.05,shapley_sampling,tshap_centroid,0.0,0.0,0.183206106870229,0.27243113231037297,0.5288028990537509,0,1,0.7647629119965131,0.004378983001515735,FacesUCR,1567
11,11,0.1,shapley_sampling,tshap_centroid,0.0,0.0,0.16793893129770993,0.2708779501270868,0.485628724173066,0,1,0.7647629119965131,0.004378983001515735,FacesUCR,1567
11,11,0.2,shapley_sampling,tshap_centroid,0.10638297872340426,0.19230769230769232,0.16030534351145037,0.6450282027219382,0.7650380703031836,1,1,0.7647629119965131,0.004378983001515735,FacesUCR,1567
11,11,0.05,shapley_sampling,tshap_zero,0.0,0.0,0.5343511450381679,0.27243113231037297,-0.00922219236727928,0,0,0.7647629119965131,0.004982009995728731,FacesUCR,1567
11,11,0.1,shapley_sampling,tshap_zero,0.0,0.0,0.549618320610687,0.2708779501270868,-0.07969598097354891,0,0,0.7647629119965131,0.004982009995728731,FacesUCR,1567
11,11,0.2,shapley_sampling,tshap_zero,0.0,0.0,0.5038167938931297,0.6450282027219382,-0.09604291686289967,1,0,0.7647629119965131,0.004982009995728731,FacesUCR,1567
11,11,0.05,shapley_sampling,tshap_train,0.0,0.0,0.1984732824427481,0.27243113231037297,0.34960681818463357,0,0,0.7647629119965131,0.038649974994768854,FacesUCR,1567
11,11,0.1,shapley_sampling,tshap_train,0.0,0.0,0.183206106870229,0.2708779501270868,0.5485772392979192,0,1,0.7647629119965131,0.038649974994768854,FacesUCR,1567
11,11,0.2,shapley_sampling,tshap_train,0.10638297872340426,0.19230769230769232,0.16030534351145037,0.6450282027219382,0.7650380724271006,1,1,0.7647629119965131,0.038649974994768854,FacesUCR,1567
11,11,0.05,shapley_sampling,mrsqm,0.0,0.0,0.5877862595419847,0.27243113231037297,-0.073391885157984,0,0,0.7647629119965131,2.407500141998753e-05,FacesUCR,1567
11,11,0.1,shapley_sampling,mrsqm,0.0,0.0,0.5801526717557252,0.2708779501270868,-0.08755790499399496,0,0,0.7647629119965131,2.407500141998753e-05,FacesUCR,1567
11,11,0.2,shapley_sampling,mrsqm,0.0,0.0,0.5267175572519084,0.6450282027219382,-0.13742310673237013,1,0,0.7647629119965131,2.407500141998753e-05,FacesUCR,1567
11,11,0.05,feature_ablation,tshap_centroid,0.0,0.0,0.0916030534351145,0.12462089756533345,0.5288028990537509,0,1,0.03398979199846508,0.004378983001515735,FacesUCR,1567
11,11,0.1,feature_ablation,tshap_centroid,0.0,0.0,0.10687022900763359,0.2709217873755332,0.485628724173066,1,1,0.03398979199846508,0.004378983001515735,FacesUCR,1567
11,11,0.2,feature_ablation,tshap_centroid,0.2682926829268293,0.4230769230769231,0.11450381679389313,0.371564707784786,0.7650380703031836,1,1,0.03398979199846508,0.004378983001515735,FacesUCR,1567
11,11,0.05,feature_ablation,tshap_zero,0.0,0.0,0.8091603053435115,0.12462089756533345,-0.00922219236727928,0,0,0.03398979199846508,0.004982009995728731,FacesUCR,1567
11,11,0.1,feature_ablation,tshap_zero,0.0,0.0,0.8244274809160306,0.2709217873755332,-0.07969598097354891,1,0,0.03398979199846508,0.004982009995728731,FacesUCR,1567
11,11,0.2,feature_ablation,tshap_zero,0.0,0.0,0.7786259541984732,0.371564707784786,-0.09604291686289967,1,0,0.03398979199846508,0.004982009995728731,FacesUCR,1567
11,11,0.05,feature_ablation,tshap_train,0.0,0.0,0.07633587786259542,0.12462089756533345,0.34960681818463357,0,0,0.03398979199846508,0.038649974994768854,FacesUCR,1567
11,11,0.1,feature_ablation,tshap_train,0.04,0.07692307692307693,0.0916030534351145,0.2709217873755332,0.5485772392979192,1,1,0.03398979199846508,0.038649974994768854,FacesUCR,1567
11,11,0.2,feature_ablation,tshap_train,0.2682926829268293,0.4230769230769231,0.11450381679389313,0.371564707784786,0.7650380724271006,1,1,0.03398979199846508,0.038649974994768854,FacesUCR,1567
11,11,0.05,feature_ablation,mrsqm,0.0,0.0,0.8625954198473282,0.12462089756533345,-0.073391885157984,0,0,0.03398979199846508,2.407500141998753e-05,FacesUCR,1567
11,11,0.1,feature_ablation,mrsqm,0.0,0.0,0.8549618320610687,0.2709217873755332,-0.08755790499399496,1,0,0.03398979199846508,2.407500141998753e-05,FacesUCR,1567
11,11,0.2,feature_ablation,mrsqm,0.0,0.0,0.8015267175572519,0.371564707784786,-0.13742310673237013,1,0,0.03398979199846508,2.407500141998753e-05,FacesUCR,1567
11,11,0.05,tshap_centroid,tshap_zero,0.0,0.0,0.7175572519083969,0.5288028990537509,-0.00922219236727928,1,0,0.004378983001515735,0.004982009995728731,FacesUCR,1567
11,11,0.1,tshap_centroid,tshap_zero,0.0,0.0,0.7175572519083969,0.485628724173066,-0.07969598097354891,1,0,0.004378983001515735,0.004982009995728731,FacesUCR,1567
11,11,0.2,tshap_centroid,tshap_zero,0.0,0.0,0.6641221374045801,0.7650380703031836,-0.09604291686289967,1,0,0.004378983001515735,0.004982009995728731,FacesUCR,1567
11,11,0.05,tshap_centroid,tshap_train,0.5555555555555556,0.7142857142857143,0.015267175572519083,0.5288028990537509,0.34960681818463357,1,0,0.004378983001515735,0.038649974994768854,FacesUCR,1567
11,11,0.1,tshap_centroid,tshap_train,0.7333333333333333,0.8461538461538461,0.015267175572519083,0.485628724173066,0.5485772392979192,1,1,0.004378983001515735,0.038649974994768854,FacesUCR,1567
11,11,0.2,tshap_centroid,tshap_train,1.0,1.0,0.0,0.7650380703031836,0.7650380724271006,1,1,0.004378983001515735,0.038649974994768854,FacesUCR,1567
11,11,0.05,tshap_centroid,mrsqm,0.0,0.0,0.7709923664122137,0.5288028990537509,-0.073391885157984,1,0,0.004378983001515735,2.407500141998753e-05,FacesUCR,1567
11,11,0.1,tshap_centroid,mrsqm,0.0,0.0,0.7480916030534351,0.485628724173066,-0.08755790499399496,1,0,0.004378983001515735,2.407500141998753e-05,FacesUCR,1567
11,11,0.2,tshap_centroid,mrsqm,0.0,0.0,0.6870229007633588,0.7650380703031836,-0.13742310673237013,1,0,0.004378983001515735,2.407500141998753e-05,FacesUCR,1567
11,11,0.05,tshap_zero,tshap_train,0.0,0.0,0.732824427480916,-0.00922219236727928,0.34960681818463357,0,0,0.004982009995728731,0.038649974994768854,FacesUCR,1567
11,11,0.1,tshap_zero,tshap_train,0.0,0.0,0.732824427480916,-0.07969598097354891,0.5485772392979192,0,1,0.004982009995728731,0.038649974994768854,FacesUCR,1567
11,11,0.2,tshap_zero,tshap_train,0.0,0.0,0.6641221374045801,-0.09604291686289967,0.7650380724271006,0,1,0.004982009995728731,0.038649974994768854,FacesUCR,1567
11,11,0.05,tshap_zero,mrsqm,0.0,0.0,0.05343511450381679,-0.00922219236727928,-0.073391885157984,0,0,0.004982009995728731,2.407500141998753e-05,FacesUCR,1567
11,11,0.1,tshap_zero,mrsqm,0.5294117647058824,0.6923076923076923,0.030534351145038167,-0.07969598097354891,-0.08755790499399496,0,0,0.004982009995728731,2.407500141998753e-05,FacesUCR,1567
11,11,0.2,tshap_zero,mrsqm,0.7931034482758621,0.8846153846153846,0.022900763358778626,-0.09604291686289967,-0.13742310673237013,0,0,0.004982009995728731,2.407500141998753e-05,FacesUCR,1567
11,11,0.05,tshap_train,mrsqm,0.0,0.0,0.7862595419847328,0.34960681818463357,-0.073391885157984,0,0,0.038649974994768854,2.407500141998753e-05,FacesUCR,1567
11,11,0.1,tshap_train,mrsqm,0.0,0.0,0.7633587786259542,0.5485772392979192,-0.08755790499399496,1,0,0.038649974994768854,2.407500141998753e-05,FacesUCR,1567
11,11,0.2,tshap_train,mrsqm,0.0,0.0,0.6870229007633588,0.7650380724271006,-0.13742310673237013,1,0,0.038649974994768854,2.407500141998753e-05,FacesUCR,1567
6,6,0.05,hydra,shapley_sampling,0.5555555555555556,0.7142857142857143,0.015267175572519083,0.060572311331392736,0.22128734660206417,0,0,0.058632987005694304,0.7519476680026855,FacesUCR,1464
6,6,0.1,hydra,shapley_sampling,0.7333333333333333,0.8461538461538461,0.015267175572519083,0.16466506954324123,0.29442568477042297,0,0,0.058632987005694304,0.7519476680026855,FacesUCR,1464
6,6,0.2,hydra,shapley_sampling,0.8571428571428571,0.9230769230769231,0.015267175572519083,0.5287722889633104,0.46417153312100556,1,1,0.058632987005694304,0.7519476680026855,FacesUCR,1464
6,6,0.05,hydra,feature_ablation,0.0,0.0,0.17557251908396945,0.060572311331392736,0.21226060556714932,0,0,0.058632987005694304,0.032782755995867774,FacesUCR,1464
6,6,0.1,hydra,feature_ablation,0.0,0.0,0.3053435114503817,0.16466506954324123,0.01595939852888395,0,0,0.058632987005694304,0.032782755995867774,FacesUCR,1464
6,6,0.2,hydra,feature_ablation,0.18181818181818182,0.3076923076923077,0.13740458015267176,0.5287722889633104,0.2996105718790609,1,0,0.058632987005694304,0.032782755995867774,FacesUCR,1464
6,6,0.05,hydra,tshap_centroid,0.0,0.0,0.3969465648854962,0.060572311331392736,0.2885658015239424,0,0,0.058632987005694304,0.004226585995638743,FacesUCR,1464
6,6,0.1,hydra,tshap_centroid,0.0,0.0,0.42748091603053434,0.16466506954324123,0.3316834511571063,0,0,0.058632987005694304,0.004226585995638743,FacesUCR,1464
6,6,0.2,hydra,tshap_centroid,0.0,0.0,0.45038167938931295,0.5287722889633104,0.48448732201303646,1,0,0.058632987005694304,0.004226585995638743,FacesUCR,1464
6,6,0.05,hydra,tshap_zero,0.0,0.0,0.22137404580152673,0.060572311331392736,-0.08472851770989864,0,0,0.058632987005694304,0.0041840360063361,FacesUCR,1464
6,6,0.1,hydra,tshap_zero,0.0,0.0,0.20610687022900764,0.16466506954324123,-0.09629979119400423,0,0,0.058632987005694304,0.0041840360063361,FacesUCR,1464
6,6,0.2,hydra,tshap_zero,0.0,0.0,0.20610687022900764,0.5287722889633104,-0.10424645145929645,1,0,0.058632987005694304,0.0041840360063361,FacesUCR,1464
6,6,0.05,hydra,tshap_train,0.0,0.0,0.3816793893129771,0.060572311331392736,0.2671350289153098,0,0,0.058632987005694304,0.03437832400231855,FacesUCR,1464
6,6,0.1,hydra,tshap_train,0.0,0.0,0.40458015267175573,0.16466506954324123,0.34231940367935043,0,0,0.058632987005694304,0.03437832400231855,FacesUCR,1464
6,6,0.2,hydra,tshap_train,0.0,0.0,0.4351145038167939,0.5287722889633104,0.6464388258309888,1,1,0.058632987005694304,0.03437832400231855,FacesUCR,1464
6,6,0.05,hydra,mrsqm,0.0,0.0,0.549618320610687,0.060572311331392736,0.18998157058991483,0,0,0.058632987005694304,2.881399996113032e-05,FacesUCR,1464
6,6,0.1,hydra,mrsqm,0.0,0.0,0.549618320610687,0.16466506954324123,0.19231324932530114,0,0,0.058632987005694304,2.881399996113032e-05,FacesUCR,1464
6,6,0.2,hydra,mrsqm,0.0,0.0,0.5114503816793893,0.5287722889633104,0.5194216472644312,1,0,0.058632987005694304,2.881399996113032e-05,FacesUCR,1464
6,6,0.05,shapley_sampling,feature_ablation,0.0,0.0,0.16030534351145037,0.22128734660206417,0.21226060556714932,0,0,0.7519476680026855,0.032782755995867774,FacesUCR,1464
6,6,0.1,shapley_sampling,feature_ablation,0.0,0.0,0.32061068702290074,0.29442568477042297,0.01595939852888395,0,0,0.7519476680026855,0.032782755995867774,FacesUCR,1464
6,6,0.2,shapley_sampling,feature_ablation,0.13043478260869565,0.23076923076923078,0.15267175572519084,0.46417153312100556,0.2996105718790609,1,0,0.7519476680026855,0.032782755995867774,FacesUCR,1464
6,6,0.05,shapley_sampling,tshap_centroid,0.0,0.0,0.3816793893129771,0.22128734660206417,0.2885658015239424,0,0,0.7519476680026855,0.004226585995638743,FacesUCR,1464
6,6,0.1,shapley_sampling,tshap_centroid,0.0,0.0,0.4122137404580153,0.29442568477042297,0.3316834511571063,0,0,0.7519476680026855,0.004226585995638743,FacesUCR,1464
6,6,0.2,shapley_sampling,tshap_centroid,0.0,0.0,0.46564885496183206,0.46417153312100556,0.48448732201303646,1,0,0.7519476680026855,0.004226585995638743,FacesUCR,1464
6,6,0.05,shapley_sampling,tshap_zero,0.0,0.0,0.2366412213740458,0.22128734660206417,-0.08472851770989864,0,0,0.7519476680026855,0.0041840360063361,FacesUCR,1464
6,6,0.1,shapley_sampling,tshap_zero,0.0,0.0,0.22137404580152673,0.29442568477042297,-0.09629979119400423,0,0,0.7519476680026855,0.0041840360063361,FacesUCR,1464
6,6,0.2,shapley_sampling,tshap_zero,0.0196078431372549,0.038461538461538464,0.19083969465648856,0.46417153312100556,-0.10424645145929645,1,0,0.7519476680026855,0.0041840360063361,FacesUCR,1464
6,6,0.05,shapley_sampling,tshap_train,0.0,0.0,0.366412213740458,0.22128734660206417,0.2671350289153098,0,0,0.7519476680026855,0.03437832400231855,FacesUCR,1464
6,6,0.1,shapley_sampling,tshap_train,0.0,0.0,0.3893129770992366,0.29442568477042297,0.34231940367935043,0,0,0.7519476680026855,0.03437832400231855,FacesUCR,1464
6,6,0.2,shapley_sampling,tshap_train,0.0,0.0,0.45038167938931295,0.46417153312100556,0.6464388258309888,1,1,0.7519476680026855,0.03437832400231855,FacesUCR,1464
6,6,0.05,shapley_sampling,mrsqm,0.0,0.0,0.5343511450381679,0.22128734660206417,0.18998157058991483,0,0,0.7519476680026855,2.881399996113032e-05,FacesUCR,1464
6,6,0.1,shapley_sampling,mrsqm,0.0,0.0,0.5343511450381679,0.29442568477042297,0.19231324932530114,0,0,0.7519476680026855,2.881399996113032e-05,FacesUCR,1464
6,6,0.2,shapley_sampling,mrsqm,0.0,0.0,0.5267175572519084,0.46417153312100556,0.5194216472644312,1,0,0.7519476680026855,2.881399996113032e-05,FacesUCR,1464
6,6,0.05,feature_ablation,tshap_centroid,0.0,0.0,0.22137404580152673,0.21226060556714932,0.2885658015239424,0,0,0.032782755995867774,0.004226585995638743,FacesUCR,1464
6,6,0.1,feature_ablation,tshap_centroid,0.0,0.0,0.732824427480916,0.01595939852888395,0.3316834511571063,0,0,0.032782755995867774,0.004226585995638743,FacesUCR,1464
6,6,0.2,feature_ablation,tshap_centroid,0.0,0.0,0.31297709923664124,0.2996105718790609,0.48448732201303646,0,0,0.032782755995867774,0.004226585995638743,FacesUCR,1464
6,6,0.05,feature_ablation,tshap_zero,0.0,0.0,0.3969465648854962,0.21226060556714932,-0.08472851770989864,0,0,0.032782755995867774,0.0041840360063361,FacesUCR,1464
6,6,0.1,feature_ablation,tshap_zero,0.0,0.0,0.09923664122137404,0.01595939852888395,-0.09629979119400423,0,0,0.032782755995867774,0.0041840360063361,FacesUCR,1464
6,6,0.2,feature_ablation,tshap_zero,0.0,0.0,0.3435114503816794,0.2996105718790609,-0.10424645145929645,0,0,0.032782755995867774,0.0041840360063361,FacesUCR,1464
6,6,0.05,feature_ablation,tshap_train,0.0,0.0,0.20610687022900764,0.21226060556714932,0.2671350289153098,0,0,0.032782755995867774,0.03437832400231855,FacesUCR,1464
6,6,0.1,feature_ablation,tshap_train,0.0,0.0,0.7099236641221374,0.01595939852888395,0.34231940367935043,0,0,0.032782755995867774,0.03437832400231855,FacesUCR,1464
6,6,0.2,feature_ablation,tshap_train,0.0,0.0,0.29770992366412213,0.2996105718790609,0.6464388258309888,0,1,0.032782755995867774,0.03437832400231855,FacesUCR,1464
6,6,0.05,feature_ablation,mrsqm,0.0,0.0,0.37404580152671757,0.21226060556714932,0.18998157058991483,0,0,0.032782755995867774,2.881399996113032e-05,FacesUCR,1464
6,6,0.1,feature_ablation,mrsqm,0.0,0.0,0.8549618320610687,0.01595939852888395,0.19231324932530114,0,0,0.032782755995867774,2.881399996113032e-05,FacesUCR,1464
6,6,0.2,feature_ablation,mrsqm,0.0,0.0,0.37404580152671757,0.2996105718790609,0.5194216472644312,0,0,0.032782755995867774,2.881399996113032e-05,FacesUCR,1464
6,6,0.05,tshap_centroid,tshap_zero,0.0,0.0,0.6183206106870229,0.2885658015239424,-0.08472851770989864,0,0,0.004226585995638743,0.0041840360063361,FacesUCR,1464
6,6,0.1,tshap_centroid,tshap_zero,0.0,0.0,0.6335877862595419,0.3316834511571063,-0.09629979119400423,0,0,0.004226585995638743,0.0041840360063361,FacesUCR,1464
6,6,0.2,tshap_centroid,tshap_zero,0.0,0.0,0.6564885496183206,0.48448732201303646,-0.10424645145929645,0,0,0.004226585995638743,0.0041840360063361,FacesUCR,1464
6,6,0.05,tshap_centroid,tshap_train,0.5555555555555556,0.7142857142857143,0.015267175572519083,0.2885658015239424,0.2671350289153098,0,0,0.004226585995638743,0.03437832400231855,FacesUCR,1464
6,6,0.1,tshap_centroid,tshap_train,0.625,0.7692307692307693,0.022900763358778626,0.3316834511571063,0.34231940367935043,0,0,0.004226585995638743,0.03437832400231855,FacesUCR,1464
6,6,0.2,tshap_centroid,tshap_train,0.8571428571428571,0.9230769230769231,0.015267175572519083,0.48448732201303646,0.6464388258309888,0,1,0.004226585995638743,0.03437832400231855,FacesUCR,1464
6,6,0.05,tshap_centroid,mrsqm,0.0,0.0,0.15267175572519084,0.2885658015239424,0.18998157058991483,0,0,0.004226585995638743,2.881399996113032e-05,FacesUCR,1464
6,6,0.1,tshap_centroid,mrsqm,0.0,0.0,0.12213740458015267,0.3316834511571063,0.19231324932530114,0,0,0.004226585995638743,2.881399996113032e-05,FacesUCR,1464
6,6,0.2,tshap_centroid,mrsqm,0.5294117647058824,0.6923076923076923,0.061068702290076333,0.48448732201303646,0.5194216472644312,0,0,0.004226585995638743,2.881399996113032e-05,FacesUCR,1464
6,6,0.05,tshap_zero,tshap_train,0.0,0.0,0.6030534351145038,-0.08472851770989864,0.2671350289153098,0,0,0.0041840360063361,0.03437832400231855,FacesUCR,1464
6,6,0.1,tshap_zero,tshap_train,0.0,0.0,0.6106870229007634,-0.09629979119400423,0.34231940367935043,0,0,0.0041840360063361,0.03437832400231855,FacesUCR,1464
6,6,0.2,tshap_zero,tshap_train,0.0,0.0,0.6412213740458015,-0.10424645145929645,0.6464388258309888,0,1,0.0041840360063361,0.03437832400231855,FacesUCR,1464
6,6,0.05,tshap_zero,mrsqm,0.0,0.0,0.7709923664122137,-0.08472851770989864,0.18998157058991483,0,0,0.0041840360063361,2.881399996113032e-05,FacesUCR,1464
6,6,0.1,tshap_zero,mrsqm,0.0,0.0,0.7557251908396947,-0.09629979119400423,0.19231324932530114,0,0,0.0041840360063361,2.881399996113032e-05,FacesUCR,1464
6,6,0.2,tshap_zero,mrsqm,0.0,0.0,0.7175572519083969,-0.10424645145929645,0.5194216472644312,0,0,0.0041840360063361,2.881399996113032e-05,FacesUCR,1464
6,6,0.05,tshap_train,mrsqm,0.0,0.0,0.16793893129770993,0.2671350289153098,0.18998157058991483,0,0,0.03437832400231855,2.881399996113032e-05,FacesUCR,1464
6,6,0.1,tshap_train,mrsqm,0.0,0.0,0.1450381679389313,0.34231940367935043,0.19231324932530114,0,0,0.03437832400231855,2.881399996113032e-05,FacesUCR,1464
6,6,0.2,tshap_train,mrsqm,0.4444444444444444,0.6153846153846154,0.07633587786259542,0.6464388258309888,0.5194216472644312,1,0,0.03437832400231855,2.881399996113032e-05,FacesUCR,1464
4,4,0.05,hydra,shapley_sampling,0.0,0.0,0.40458015267175573,-0.2537447214163545,-0.0838681100089339,0,0,0.05912042599811684,0.7501638070025365,FacesUCR,408
4,4,0.1,hydra,shapley_sampling,0.0,0.0,0.366412213740458,0.9513587007027011,-0.12019333938723131,1,0,0.05912042599811684,0.7501638070025365,FacesUCR,408
4,4,0.2,hydra,shapley_sampling,0.0,0.0,0.26717557251908397,0.7954018162891201,-0.15217582967563426,1,0,0.05912042599811684,0.7501638070025365,FacesUCR,408
4,4,0.05,hydra,feature_ablation,0.0,0.0,0.9389312977099237,-0.2537447214163545,0.21174130434948824,0,0,0.05912042599811684,0.03258678699785378,FacesUCR,408
4,4,0.1,hydra,feature_ablation,0.04,0.07692307692307693,0.0916030534351145,0.9513587007027011,-0.34978174487654623,1,0,0.05912042599811684,0.03258678699785378,FacesUCR,408
4,4,0.2,hydra,feature_ablation,0.3684210526315789,0.5384615384615384,0.0916030534351145,0.7954018162891201,-0.7524860601283683,1,0,0.05912042599811684,0.03258678699785378,FacesUCR,408
4,4,0.05,hydra,tshap_centroid,0.0,0.0,0.15267175572519084,-0.2537447214163545,-0.21414519239815133,0,0,0.05912042599811684,0.004301927998312749,FacesUCR,408
4,4,0.1,hydra,tshap_centroid,0.0,0.0,0.12213740458015267,0.9513587007027011,-0.2583671756170155,1,0,0.05912042599811684,0.004301927998312749,FacesUCR,408
4,4,0.2,hydra,tshap_centroid,0.9259259259259259,0.9615384615384616,0.007633587786259542,0.7954018162891201,-0.6551510112805258,1,0,0.05912042599811684,0.004301927998312749,FacesUCR,408
4,4,0.05,hydra,tshap_zero,0.0,0.0,0.19083969465648856,-0.2537447214163545,-0.30933762685762567,0,0,0.05912042599811684,0.004065031003847253,FacesUCR,408
4,4,0.1,hydra,tshap_zero,0.0,0.0,0.16793893129770993,0.9513587007027011,-0.45231453833712465,1,0,0.05912042599811684,0.004065031003847253,FacesUCR,408
4,4,0.2,hydra,tshap_zero,0.3333333333333333,0.5,0.09923664122137404,0.7954018162891201,-0.7327725172418438,1,0,0.05912042599811684,0.004065031003847253,FacesUCR,408
4,4,0.05,hydra,tshap_train,0.0,0.0,0.8854961832061069,-0.2537447214163545,0.04508488738103,0,0,0.05912042599811684,0.03420624999853317,FacesUCR,408
4,4,0.1,hydra,tshap_train,0.0,0.0,0.8702290076335878,0.9513587007027011,0.12019716977066375,1,0,0.05912042599811684,0.03420624999853317,FacesUCR,408
4,4,0.2,hydra,tshap_train,0.0,0.0,0.7938931297709924,0.7954018162891201,0.20540339718321177,1,0,0.05912042599811684,0.03420624999853317,FacesUCR,408
4,4,0.05,hydra,mrsqm,0.0,0.0,0.9389312977099237,-0.2537447214163545,0.2117412990673806,0,0,0.05912042599811684,2.733199653448537e-05,FacesUCR,408
4,4,0.1,hydra,mrsqm,0.0,0.0,0.9007633587786259,0.9513587007027011,0.21801244757120175,1,0,0.05912042599811684,2.733199653448537e-05,FacesUCR,408
4,4,0.2,hydra,mrsqm,0.0,0.0,0.8015267175572519,0.7954018162891201,0.21468002998840652,1,0,0.05912042599811684,2.733199653448537e-05,FacesUCR,408
4,4,0.05,shapley_sampling,feature_ablation,0.0,0.0,0.5343511450381679,-0.0838681100089339,0.21174130434948824,0,0,0.7501638070025365,0.03258678699785378,FacesUCR,408
4,4,0.1,shapley_sampling,feature_ablation,0.0,0.0,0.2748091603053435,-0.12019333938723131,-0.34978174487654623,0,0,0.7501638070025365,0.03258678699785378,FacesUCR,408
4,4,0.2,shapley_sampling,feature_ablation,0.061224489795918366,0.11538461538461539,0.17557251908396945,-0.15217582967563426,-0.7524860601283683,0,0,0.7501638070025365,0.03258678699785378,FacesUCR,408
4,4,0.05,shapley_sampling,tshap_centroid,0.0,0.0,0.25190839694656486,-0.0838681100089339,-0.21414519239815133,0,0,0.7501638070025365,0.004301927998312749,FacesUCR,408
4,4,0.1,shapley_sampling,tshap_centroid,0.0,0.0,0.24427480916030533,-0.12019333938723131,-0.2583671756170155,0,0,0.7501638070025365,0.004301927998312749,FacesUCR,408
4,4,0.2,shapley_sampling,tshap_centroid,0.0,0.0,0.2595419847328244,-0.15217582967563426,-0.6551510112805258,0,0,0.7501638070025365,0.004301927998312749,FacesUCR,408
4,4,0.05,shapley_sampling,tshap_zero,0.0,0.0,0.21374045801526717,-0.0838681100089339,-0.30933762685762567,0,0,0.7501638070025365,0.004065031003847253,FacesUCR,408
4,4,0.1,shapley_sampling,tshap_zero,0.0,0.0,0.1984732824427481,-0.12019333938723131,-0.45231453833712465,0,0,0.7501638070025365,0.004065031003847253,FacesUCR,408
4,4,0.2,shapley_sampling,tshap_zero,0.08333333333333333,0.15384615384615385,0.16793893129770993,-0.15217582967563426,-0.7327725172418438,0,0,0.7501638070025365,0.004065031003847253,FacesUCR,408
4,4,0.05,shapley_sampling,tshap_train,0.0,0.0,0.48091603053435117,-0.0838681100089339,0.04508488738103,0,0,0.7501638070025365,0.03420624999853317,FacesUCR,408
4,4,0.1,shapley_sampling,tshap_train,0.0,0.0,0.5038167938931297,-0.12019333938723131,0.12019716977066375,0,0,0.7501638070025365,0.03420624999853317,FacesUCR,408
4,4,0.2,shapley_sampling,tshap_train,0.0,0.0,0.5267175572519084,-0.15217582967563426,0.20540339718321177,0,0,0.7501638070025365,0.03420624999853317,FacesUCR,408
4,4,0.05,shapley_sampling,mrsqm,0.0,0.0,0.5343511450381679,-0.0838681100089339,0.2117412990673806,0,0,0.7501638070025365,2.733199653448537e-05,FacesUCR,408
4,4,0.1,shapley_sampling,mrsqm,0.0,0.0,0.5343511450381679,-0.12019333938723131,0.21801244757120175,0,0,0.7501638070025365,2.733199653448537e-05,FacesUCR,408
4,4,0.2,shapley_sampling,mrsqm,0.0,0.0,0.5343511450381679,-0.15217582967563426,0.21468002998840652,0,0,0.7501638070025365,2.733199653448537e-05,FacesUCR,408
4,4,0.05,feature_ablation,tshap_centroid,0.0,0.0,0.7862595419847328,0.21174130434948824,-0.21414519239815133,0,0,0.03258678699785378,0.004301927998312749,FacesUCR,408
4,4,0.1,feature_ablation,tshap_centroid,0.5294117647058824,0.6923076923076923,0.030534351145038167,-0.34978174487654623,-0.2583671756170155,0,0,0.03258678699785378,0.004301927998312749,FacesUCR,408
4,4,0.2,feature_ablation,tshap_centroid,0.40540540540540543,0.5769230769230769,0.08396946564885496,-0.7524860601283683,-0.6551510112805258,0,0,0.03258678699785378,0.004301927998312749,FacesUCR,408
4,4,0.05,feature_ablation,tshap_zero,0.0,0.0,0.7480916030534351,0.21174130434948824,-0.30933762685762567,0,0,0.03258678699785378,0.004065031003847253,FacesUCR,408
4,4,0.1,feature_ablation,tshap_zero,0.13043478260869565,0.23076923076923078,0.07633587786259542,-0.34978174487654623,-0.45231453833712465,0,0,0.03258678699785378,0.004065031003847253,FacesUCR,408
4,4,0.2,feature_ablation,tshap_zero,0.9259259259259259,0.9615384615384616,0.007633587786259542,-0.7524860601283683,-0.7327725172418438,0,0,0.03258678699785378,0.004065031003847253,FacesUCR,408
4,4,0.05,feature_ablation,tshap_train,0.0,0.0,0.05343511450381679,0.21174130434948824,0.04508488738103,0,0,0.03258678699785378,0.03420624999853317,FacesUCR,408
4,4,0.1,feature_ablation,tshap_train,0.0,0.0,0.7786259541984732,-0.34978174487654623,0.12019716977066375,0,0,0.03258678699785378,0.03420624999853317,FacesUCR,408
4,4,0.2,feature_ablation,tshap_train,0.0,0.0,0.7022900763358778,-0.7524860601283683,0.20540339718321177,0,0,0.03258678699785378,0.03420624999853317,FacesUCR,408
4,4,0.05,feature_ablation,mrsqm,1.0,1.0,0.0,0.21174130434948824,0.2117412990673806,0,0,0.03258678699785378,2.733199653448537e-05,FacesUCR,408
4,4,0.1,feature_ablation,mrsqm,0.0,0.0,0.8091603053435115,-0.34978174487654623,0.21801244757120175,0,0,0.03258678699785378,2.733199653448537e-05,FacesUCR,408
4,4,0.2,feature_ablation,mrsqm,0.0,0.0,0.7099236641221374,-0.7524860601283683,0.21468002998840652,0,0,0.03258678699785378,2.733199653448537e-05,FacesUCR,408
4,4,0.05,tshap_centroid,tshap_zero,0.16666666666666666,0.2857142857142857,0.03816793893129771,-0.21414519239815133,-0.30933762685762567,0,0,0.004301927998312749,0.004065031003847253,FacesUCR,408
4,4,0.1,tshap_centroid,tshap_zero,0.3684210526315789,0.5384615384615384,0.04580152671755725,-0.2583671756170155,-0.45231453833712465,0,0,0.004301927998312749,0.004065031003847253,FacesUCR,408
4,4,0.2,tshap_centroid,tshap_zero,0.3684210526315789,0.5384615384615384,0.0916030534351145,-0.6551510112805258,-0.7327725172418438,0,0,0.004301927998312749,0.004065031003847253,FacesUCR,408
4,4,0.05,tshap_centroid,tshap_train,0.0,0.0,0.732824427480916,-0.21414519239815133,0.04508488738103,0,0,0.004301927998312749,0.03420624999853317,FacesUCR,408
4,4,0.1,tshap_centroid,tshap_train,0.0,0.0,0.7480916030534351,-0.2583671756170155,0.12019716977066375,0,0,0.004301927998312749,0.03420624999853317,FacesUCR,408
4,4,0.2,tshap_centroid,tshap_train,0.0,0.0,0.7862595419847328,-0.6551510112805258,0.20540339718321177,0,0,0.004301927998312749,0.03420624999853317,FacesUCR,408
4,4,0.05,tshap_centroid,mrsqm,0.0,0.0,0.7862595419847328,-0.21414519239815133,0.2117412990673806,0,0,0.004301927998312749,2.733199653448537e-05,FacesUCR,408
4,4,0.1,tshap_centroid,mrsqm,0.0,0.0,0.7786259541984732,-0.2583671756170155,0.21801244757120175,0,0,0.004301927998312749,2.733199653448537e-05,FacesUCR,408
4,4,0.2,tshap_centroid,mrsqm,0.0,0.0,0.7938931297709924,-0.6551510112805258,0.21468002998840652,0,0,0.004301927998312749,2.733199653448537e-05,FacesUCR,408
4,4,0.05,tshap_zero,tshap_train,0.0,0.0,0.6946564885496184,-0.30933762685762567,0.04508488738103,0,0,0.004065031003847253,0.03420624999853317,FacesUCR,408
4,4,0.1,tshap_zero,tshap_train,0.0,0.0,0.7022900763358778,-0.45231453833712465,0.12019716977066375,0,0,0.004065031003847253,0.03420624999853317,FacesUCR,408
4,4,0.2,tshap_zero,tshap_train,0.0,0.0,0.6946564885496184,-0.7327725172418438,0.20540339718321177,0,0,0.004065031003847253,0.03420624999853317,FacesUCR,408
4,4,0.05,tshap_zero,mrsqm,0.0,0.0,0.7480916030534351,-0.30933762685762567,0.2117412990673806,0,0,0.004065031003847253,2.733199653448537e-05,FacesUCR,408
4,4,0.1,tshap_zero,mrsqm,0.0,0.0,0.732824427480916,-0.45231453833712465,0.21801244757120175,0,0,0.004065031003847253,2.733199653448537e-05,FacesUCR,408
4,4,0.2,tshap_zero,mrsqm,0.0,0.0,0.7022900763358778,-0.7327725172418438,0.21468002998840652,0,0,0.004065031003847253,2.733199653448537e-05,FacesUCR,408
4,4,0.05,tshap_train,mrsqm,0.0,0.0,0.05343511450381679,0.04508488738103,0.2117412990673806,0,0,0.03420624999853317,2.733199653448537e-05,FacesUCR,408
4,4,0.1,tshap_train,mrsqm,0.5294117647058824,0.6923076923076923,0.030534351145038167,0.12019716977066375,0.21801244757120175,0,0,0.03420624999853317,2.733199653448537e-05,FacesUCR,408
4,4,0.2,tshap_train,mrsqm,0.9259259259259259,0.9615384615384616,0.007633587786259542,0.20540339718321177,0.21468002998840652,0,0,0.03420624999853317,2.733199653448537e-05,FacesUCR,408
1,1,0.05,hydra,shapley_sampling,0.0,0.0,0.5801526717557252,0.03270350779934539,0.08170353984785517,0,0,0.05874813399714185,0.7454516049983795,FacesUCR,1990
1,1,0.1,hydra,shapley_sampling,0.0,0.0,0.5343511450381679,0.1120376089821864,0.13770696732761722,0,0,0.05874813399714185,0.7454516049983795,FacesUCR,1990
1,1,0.2,hydra,shapley_sampling,0.0,0.0,0.4351145038167939,0.12623486959061103,0.8017883729103482,0,1,0.05874813399714185,0.7454516049983795,FacesUCR,1990
1,1,0.05,hydra,feature_ablation,0.0,0.0,0.5877862595419847,0.03270350779934539,0.1362979592486273,0,0,0.05874813399714185,0.03227347700158134,FacesUCR,1990
1,1,0.1,hydra,feature_ablation,0.3684210526315789,0.5384615384615384,0.04580152671755725,0.1120376089821864,0.30794207790416284,0,0,0.05874813399714185,0.03227347700158134,FacesUCR,1990
1,1,0.2,hydra,feature_ablation,0.5757575757575758,0.7307692307692307,0.05343511450381679,0.12623486959061103,0.30782133965308134,0,0,0.05874813399714185,0.03227347700158134,FacesUCR,1990
1,1,0.05,hydra,tshap_centroid,0.0,0.0,0.2366412213740458,0.03270350779934539,0.27849293071946146,0,0,0.05874813399714185,0.004394773000967689,FacesUCR,1990
1,1,0.1,hydra,tshap_centroid,0.0,0.0,0.21374045801526717,0.1120376089821864,0.34253255018930595,0,0,0.05874813399714185,0.004394773000967689,FacesUCR,1990
1,1,0.2,hydra,tshap_centroid,0.0,0.0,0.25190839694656486,0.12623486959061103,0.426622133268844,0,0,0.05874813399714185,0.004394773000967689,FacesUCR,1990
1,1,0.05,hydra,tshap_zero,0.0,0.0,0.4198473282442748,0.03270350779934539,0.4165594084124393,0,0,0.05874813399714185,0.004011991004517768,FacesUCR,1990
1,1,0.1,hydra,tshap_zero,0.0,0.0,0.3969465648854962,0.1120376089821864,0.5314912355425615,0,0,0.05874813399714185,0.004011991004517768,FacesUCR,1990
1,1,0.2,hydra,tshap_zero,0.0,0.0,0.35877862595419846,0.12623486959061103,0.5973321615181237,0,1,0.05874813399714185,0.004011991004517768,FacesUCR,1990
1,1,0.05,hydra,tshap_train,0.0,0.0,0.2595419847328244,0.03270350779934539,0.1293001018688098,0,0,0.05874813399714185,0.035002049000468105,FacesUCR,1990
1,1,0.1,hydra,tshap_train,0.0,0.0,0.22900763358778625,0.1120376089821864,0.41792009699286425,0,0,0.05874813399714185,0.035002049000468105,FacesUCR,1990
1,1,0.2,hydra,tshap_train,0.0,0.0,0.1984732824427481,0.12623486959061103,0.43512331020782646,0,0,0.05874813399714185,0.035002049000468105,FacesUCR,1990
1,1,0.05,hydra,mrsqm,0.0,0.0,0.32061068702290074,0.03270350779934539,0.09980483291567954,0,0,0.05874813399714185,2.7472000510897487e-05,FacesUCR,1990
1,1,0.1,hydra,mrsqm,0.0,0.0,0.32061068702290074,0.1120376089821864,0.15385505486838258,0,0,0.05874813399714185,2.7472000510897487e-05,FacesUCR,1990
1,1,0.2,hydra,mrsqm,0.0,0.0,0.32061068702290074,0.12623486959061103,0.1628272757536282,0,0,0.05874813399714185,2.7472000510897487e-05,FacesUCR,1990
1,1,0.05,shapley_sampling,feature_ablation,0.75,0.8571428571428571,0.007633587786259542,0.08170353984785517,0.1362979592486273,0,0,0.7454516049983795,0.03227347700158134,FacesUCR,1990
1,1,0.1,shapley_sampling,feature_ablation,0.0,0.0,0.5801526717557252,0.13770696732761722,0.30794207790416284,0,0,0.7454516049983795,0.03227347700158134,FacesUCR,1990
1,1,0.2,shapley_sampling,feature_ablation,0.0,0.0,0.48854961832061067,0.8017883729103482,0.30782133965308134,1,0,0.7454516049983795,0.03227347700158134,FacesUCR,1990
1,1,0.05,shapley_sampling,tshap_centroid,0.0,0.0,0.3435114503816794,0.08170353984785517,0.27849293071946146,0,0,0.7454516049983795,0.004394773000967689,FacesUCR,1990
1,1,0.1,shapley_sampling,tshap_centroid,0.0,0.0,0.32061068702290074,0.13770696732761722,0.34253255018930595,0,0,0.7454516049983795,0.004394773000967689,FacesUCR,1990
1,1,0.2,shapley_sampling,tshap_centroid,0.04,0.07692307692307693,0.183206106870229,0.8017883729103482,0.426622133268844,1,0,0.7454516049983795,0.004394773000967689,FacesUCR,1990
1,1,0.05,shapley_sampling,tshap_zero,0.0,0.0,0.16030534351145037,0.08170353984785517,0.4165594084124393,0,0,0.7454516049983795,0.004011991004517768,FacesUCR,1990
1,1,0.1,shapley_sampling,tshap_zero,0.0,0.0,0.13740458015267176,0.13770696732761722,0.5314912355425615,0,0,0.7454516049983795,0.004011991004517768,FacesUCR,1990
1,1,0.2,shapley_sampling,tshap_zero,0.4444444444444444,0.6153846153846154,0.07633587786259542,0.8017883729103482,0.5973321615181237,1,1,0.7454516049983795,0.004011991004517768,FacesUCR,1990
1,1,0.05,shapley_sampling,tshap_train,0.0,0.0,0.32061068702290074,0.08170353984785517,0.1293001018688098,0,0,0.7454516049983795,0.035002049000468105,FacesUCR,1990
1,1,0.1,shapley_sampling,tshap_train,0.0,0.0,0.3053435114503817,0.13770696732761722,0.41792009699286425,0,0,0.7454516049983795,0.035002049000468105,FacesUCR,1990
1,1,0.2,shapley_sampling,tshap_train,0.0,0.0,0.2366412213740458,0.8017883729103482,0.43512331020782646,1,0,0.7454516049983795,0.035002049000468105,FacesUCR,1990
1,1,0.05,shapley_sampling,mrsqm,0.0,0.0,0.9007633587786259,0.08170353984785517,0.09980483291567954,0,0,0.7454516049983795,2.7472000510897487e-05,FacesUCR,1990
1,1,0.1,shapley_sampling,mrsqm,0.0,0.0,0.8549618320610687,0.13770696732761722,0.15385505486838258,0,0,0.7454516049983795,2.7472000510897487e-05,FacesUCR,1990
1,1,0.2,shapley_sampling,mrsqm,0.0,0.0,0.7557251908396947,0.8017883729103482,0.1628272757536282,1,0,0.7454516049983795,2.7472000510897487e-05,FacesUCR,1990
1,1,0.05,feature_ablation,tshap_centroid,0.0,0.0,0.3511450381679389,0.1362979592486273,0.27849293071946146,0,0,0.03227347700158134,0.004394773000967689,FacesUCR,1990
1,1,0.1,feature_ablation,tshap_centroid,0.0,0.0,0.2595419847328244,0.30794207790416284,0.34253255018930595,0,0,0.03227347700158134,0.004394773000967689,FacesUCR,1990
1,1,0.2,feature_ablation,tshap_centroid,0.0,0.0,0.3053435114503817,0.30782133965308134,0.426622133268844,0,0,0.03227347700158134,0.004394773000967689,FacesUCR,1990
1,1,0.05,feature_ablation,tshap_zero,0.0,0.0,0.16793893129770993,0.1362979592486273,0.4165594084124393,0,0,0.03227347700158134,0.004011991004517768,FacesUCR,1990
1,1,0.1,feature_ablation,tshap_zero,0.0,0.0,0.44274809160305345,0.30794207790416284,0.5314912355425615,0,0,0.03227347700158134,0.004011991004517768,FacesUCR,1990
1,1,0.2,feature_ablation,tshap_zero,0.0,0.0,0.4122137404580153,0.30782133965308134,0.5973321615181237,0,1,0.03227347700158134,0.004011991004517768,FacesUCR,1990
1,1,0.05,feature_ablation,tshap_train,0.0,0.0,0.3282442748091603,0.1362979592486273,0.1293001018688098,0,0,0.03227347700158134,0.035002049000468105,FacesUCR,1990
1,1,0.1,feature_ablation,tshap_train,0.0,0.0,0.2748091603053435,0.30794207790416284,0.41792009699286425,0,0,0.03227347700158134,0.035002049000468105,FacesUCR,1990
1,1,0.2,feature_ablation,tshap_train,0.0,0.0,0.25190839694656486,0.30782133965308134,0.43512331020782646,0,0,0.03227347700158134,0.035002049000468105,FacesUCR,1990
1,1,0.05,feature_ablation,mrsqm,0.0,0.0,0.9083969465648855,0.1362979592486273,0.09980483291567954,0,0,0.03227347700158134,2.7472000510897487e-05,FacesUCR,1990
1,1,0.1,feature_ablation,mrsqm,0.0,0.0,0.2748091603053435,0.30794207790416284,0.15385505486838258,0,0,0.03227347700158134,2.7472000510897487e-05,FacesUCR,1990
1,1,0.2,feature_ablation,mrsqm,0.0,0.0,0.26717557251908397,0.30782133965308134,0.1628272757536282,0,0,0.03227347700158134,2.7472000510897487e-05,FacesUCR,1990
1,1,0.05,tshap_centroid,tshap_zero,0.0,0.0,0.183206106870229,0.27849293071946146,0.4165594084124393,0,0,0.004394773000967689,0.004011991004517768,FacesUCR,1990
1,1,0.1,tshap_centroid,tshap_zero,0.0,0.0,0.183206106870229,0.34253255018930595,0.5314912355425615,0,0,0.004394773000967689,0.004011991004517768,FacesUCR,1990
1,1,0.2,tshap_centroid,tshap_zero,0.3,0.46153846153846156,0.10687022900763359,0.426622133268844,0.5973321615181237,0,1,0.004394773000967689,0.004011991004517768,FacesUCR,1990
1,1,0.05,tshap_centroid,tshap_train,0.4,0.5714285714285714,0.022900763358778626,0.27849293071946146,0.1293001018688098,0,0,0.004394773000967689,0.035002049000468105,FacesUCR,1990
1,1,0.1,tshap_centroid,tshap_train,0.7333333333333333,0.8461538461538461,0.015267175572519083,0.34253255018930595,0.41792009699286425,0,0,0.004394773000967689,0.035002049000468105,FacesUCR,1990
1,1,0.2,tshap_centroid,tshap_train,0.5757575757575758,0.7307692307692307,0.05343511450381679,0.426622133268844,0.43512331020782646,0,0,0.004394773000967689,0.035002049000468105,FacesUCR,1990
1,1,0.05,tshap_centroid,mrsqm,0.0,0.0,0.5572519083969466,0.27849293071946146,0.09980483291567954,0,0,0.004394773000967689,2.7472000510897487e-05,FacesUCR,1990
1,1,0.1,tshap_centroid,mrsqm,0.0,0.0,0.5343511450381679,0.34253255018930595,0.15385505486838258,0,0,0.004394773000967689,2.7472000510897487e-05,FacesUCR,1990
1,1,0.2,tshap_centroid,mrsqm,0.0,0.0,0.5725190839694656,0.426622133268844,0.1628272757536282,0,0,0.004394773000967689,2.7472000510897487e-05,FacesUCR,1990
1,1,0.05,tshap_zero,tshap_train,0.0,0.0,0.16030534351145037,0.4165594084124393,0.1293001018688098,0,0,0.004011991004517768,0.035002049000468105,FacesUCR,1990
1,1,0.1,tshap_zero,tshap_train,0.0,0.0,0.16793893129770993,0.5314912355425615,0.41792009699286425,0,0,0.004011991004517768,0.035002049000468105,FacesUCR,1990
1,1,0.2,tshap_zero,tshap_train,0.10638297872340426,0.19230769230769232,0.16030534351145037,0.5973321615181237,0.43512331020782646,1,0,0.004011991004517768,0.035002049000468105,FacesUCR,1990
1,1,0.05,tshap_zero,mrsqm,0.0,0.0,0.7404580152671756,0.4165594084124393,0.09980483291567954,0,0,0.004011991004517768,2.7472000510897487e-05,FacesUCR,1990
1,1,0.1,tshap_zero,mrsqm,0.0,0.0,0.7175572519083969,0.5314912355425615,0.15385505486838258,0,0,0.004011991004517768,2.7472000510897487e-05,FacesUCR,1990
1,1,0.2,tshap_zero,mrsqm,0.0,0.0,0.6793893129770993,0.5973321615181237,0.1628272757536282,1,0,0.004011991004517768,2.7472000510897487e-05,FacesUCR,1990
1,1,0.05,tshap_train,mrsqm,0.0,0.0,0.5801526717557252,0.1293001018688098,0.09980483291567954,0,0,0.035002049000468105,2.7472000510897487e-05,FacesUCR,1990
1,1,0.1,tshap_train,mrsqm,0.0,0.0,0.549618320610687,0.41792009699286425,0.15385505486838258,0,0,0.035002049000468105,2.7472000510897487e-05,FacesUCR,1990
1,1,0.2,tshap_train,mrsqm,0.0,0.0,0.5190839694656488,0.43512331020782646,0.1628272757536282,0,0,0.035002049000468105,2.7472000510897487e-05,FacesUCR,1990
6,6,0.05,hydra,shapley_sampling,0.0,0.0,0.2748091603053435,0.3877674220458507,0.18943665301592438,0,0,0.058603380995919,0.753199658000085,FacesUCR,1716
6,6,0.1,hydra,shapley_sampling,0.0,0.0,0.2900763358778626,0.4649286714840106,0.29217653427240675,0,0,0.058603380995919,0.753199658000085,FacesUCR,1716
6,6,0.2,hydra,shapley_sampling,0.0,0.0,0.5190839694656488,0.7125407001807095,0.34137920836626834,1,0,0.058603380995919,0.753199658000085,FacesUCR,1716
6,6,0.05,hydra,feature_ablation,0.0,0.0,0.2748091603053435,0.3877674220458507,0.18943665198460802,0,0,0.058603380995919,0.03305603199987672,FacesUCR,1716
6,6,0.1,hydra,feature_ablation,0.0,0.0,0.2824427480916031,0.4649286714840106,0.346379602133451,0,0,0.058603380995919,0.03305603199987672,FacesUCR,1716
6,6,0.2,hydra,feature_ablation,0.20930232558139536,0.34615384615384615,0.1297709923664122,0.7125407001807095,0.4853993411096462,1,0,0.058603380995919,0.03305603199987672,FacesUCR,1716
6,6,0.05,hydra,tshap_centroid,0.4,0.5714285714285714,0.022900763358778626,0.3877674220458507,0.28110383956514695,0,0,0.058603380995919,0.004160330994636752,FacesUCR,1716
6,6,0.1,hydra,tshap_centroid,0.18181818181818182,0.3076923076923077,0.06870229007633588,0.4649286714840106,0.4081528481413572,0,0,0.058603380995919,0.004160330994636752,FacesUCR,1716
6,6,0.2,hydra,tshap_centroid,0.7931034482758621,0.8846153846153846,0.022900763358778626,0.7125407001807095,0.5665779917709722,1,0,0.058603380995919,0.004160330994636752,FacesUCR,1716
6,6,0.05,hydra,tshap_zero,0.0,0.0,0.5725190839694656,0.3877674220458507,0.08930114731374639,0,0,0.058603380995919,0.004248678000294603,FacesUCR,1716
6,6,0.1,hydra,tshap_zero,0.0,0.0,0.5343511450381679,0.4649286714840106,0.09893858376241638,0,0,0.058603380995919,0.004248678000294603,FacesUCR,1716
6,6,0.2,hydra,tshap_zero,0.0,0.0,0.6030534351145038,0.7125407001807095,0.23939531902043898,1,0,0.058603380995919,0.004248678000294603,FacesUCR,1716
6,6,0.05,hydra,tshap_train,0.0,0.0,0.0916030534351145,0.3877674220458507,0.17171014413998487,0,0,0.058603380995919,0.03748472900042543,FacesUCR,1716
6,6,0.1,hydra,tshap_train,0.0,0.0,0.11450381679389313,0.4649286714840106,0.2671330845773934,0,0,0.058603380995919,0.03748472900042543,FacesUCR,1716
6,6,0.2,hydra,tshap_train,1.0,1.0,0.0,0.7125407001807095,0.7125406946659518,1,1,0.058603380995919,0.03748472900042543,FacesUCR,1716
6,6,0.05,hydra,mrsqm,0.0,0.0,0.6259541984732825,0.3877674220458507,0.08189881300157298,0,0,0.058603380995919,2.2100997739471495e-05,FacesUCR,1716
6,6,0.1,hydra,mrsqm,0.0,0.0,0.5725190839694656,0.4649286714840106,0.12037443078647714,0,0,0.058603380995919,2.2100997739471495e-05,FacesUCR,1716
6,6,0.2,hydra,mrsqm,0.0,0.0,0.6259541984732825,0.7125407001807095,0.24936847351911196,1,0,0.058603380995919,2.2100997739471495e-05,FacesUCR,1716
6,6,0.05,shapley_sampling,feature_ablation,1.0,1.0,0.0,0.18943665301592438,0.18943665198460802,0,0,0.753199658000085,0.03305603199987672,FacesUCR,1716
6,6,0.1,shapley_sampling,feature_ablation,0.8571428571428571,0.9230769230769231,0.007633587786259542,0.29217653427240675,0.346379602133451,0,0,0.753199658000085,0.03305603199987672,FacesUCR,1716
6,6,0.2,shapley_sampling,feature_ablation,0.0,0.0,0.648854961832061,0.34137920836626834,0.4853993411096462,0,0,0.753199658000085,0.03305603199987672,FacesUCR,1716
6,6,0.05,shapley_sampling,tshap_centroid,0.0,0.0,0.25190839694656486,0.18943665301592438,0.28110383956514695,0,0,0.753199658000085,0.004160330994636752,FacesUCR,1716
6,6,0.1,shapley_sampling,tshap_centroid,0.0,0.0,0.22137404580152673,0.29217653427240675,0.4081528481413572,0,0,0.753199658000085,0.004160330994636752,FacesUCR,1716
6,6,0.2,shapley_sampling,tshap_centroid,0.0,0.0,0.4961832061068702,0.34137920836626834,0.5665779917709722,0,0,0.753199658000085,0.004160330994636752,FacesUCR,1716
6,6,0.05,shapley_sampling,tshap_zero,0.0,0.0,0.8473282442748091,0.18943665301592438,0.08930114731374639,0,0,0.753199658000085,0.004248678000294603,FacesUCR,1716
6,6,0.1,shapley_sampling,tshap_zero,0.0,0.0,0.8244274809160306,0.29217653427240675,0.09893858376241638,0,0,0.753199658000085,0.004248678000294603,FacesUCR,1716
6,6,0.2,shapley_sampling,tshap_zero,0.40540540540540543,0.5769230769230769,0.08396946564885496,0.34137920836626834,0.23939531902043898,0,0,0.753199658000085,0.004248678000294603,FacesUCR,1716
6,6,0.05,shapley_sampling,tshap_train,0.0,0.0,0.183206106870229,0.18943665301592438,0.17171014413998487,0,0,0.753199658000085,0.03748472900042543,FacesUCR,1716
6,6,0.1,shapley_sampling,tshap_train,0.0,0.0,0.17557251908396945,0.29217653427240675,0.2671330845773934,0,0,0.753199658000085,0.03748472900042543,FacesUCR,1716
6,6,0.2,shapley_sampling,tshap_train,0.0,0.0,0.5190839694656488,0.34137920836626834,0.7125406946659518,0,1,0.753199658000085,0.03748472900042543,FacesUCR,1716
6,6,0.05,shapley_sampling,mrsqm,0.0,0.0,0.9007633587786259,0.18943665301592438,0.08189881300157298,0,0,0.753199658000085,2.2100997739471495e-05,FacesUCR,1716
6,6,0.1,shapley_sampling,mrsqm,0.0,0.0,0.8625954198473282,0.29217653427240675,0.12037443078647714,0,0,0.753199658000085,2.2100997739471495e-05,FacesUCR,1716
6,6,0.2,shapley_sampling,mrsqm,0.3,0.46153846153846156,0.10687022900763359,0.34137920836626834,0.24936847351911196,0,0,0.753199658000085,2.2100997739471495e-05,FacesUCR,1716
6,6,0.05,feature_ablation,tshap_centroid,0.0,0.0,0.25190839694656486,0.18943665198460802,0.28110383956514695,0,0,0.03305603199987672,0.004160330994636752,FacesUCR,1716
6,6,0.1,feature_ablation,tshap_centroid,0.0,0.0,0.21374045801526717,0.346379602133451,0.4081528481413572,0,0,0.03305603199987672,0.004160330994636752,FacesUCR,1716
6,6,0.2,feature_ablation,tshap_centroid,0.13043478260869565,0.23076923076923078,0.15267175572519084,0.4853993411096462,0.5665779917709722,0,0,0.03305603199987672,0.004160330994636752,FacesUCR,1716
6,6,0.05,feature_ablation,tshap_zero,0.0,0.0,0.8473282442748091,0.18943665198460802,0.08930114731374639,0,0,0.03305603199987672,0.004248678000294603,FacesUCR,1716
6,6,0.1,feature_ablation,tshap_zero,0.0,0.0,0.816793893129771,0.346379602133451,0.09893858376241638,0,0,0.03305603199987672,0.004248678000294603,FacesUCR,1716
6,6,0.2,feature_ablation,tshap_zero,0.0,0.0,0.732824427480916,0.4853993411096462,0.23939531902043898,0,0,0.03305603199987672,0.004248678000294603,FacesUCR,1716
6,6,0.05,feature_ablation,tshap_train,0.0,0.0,0.183206106870229,0.18943665198460802,0.17171014413998487,0,0,0.03305603199987672,0.03748472900042543,FacesUCR,1716
6,6,0.1,feature_ablation,tshap_train,0.0,0.0,0.16793893129770993,0.346379602133451,0.2671330845773934,0,0,0.03305603199987672,0.03748472900042543,FacesUCR,1716
6,6,0.2,feature_ablation,tshap_train,0.20930232558139536,0.34615384615384615,0.1297709923664122,0.4853993411096462,0.7125406946659518,0,1,0.03305603199987672,0.03748472900042543,FacesUCR,1716
6,6,0.05,feature_ablation,mrsqm,0.0,0.0,0.9007633587786259,0.18943665198460802,0.08189881300157298,0,0,0.03305603199987672,2.2100997739471495e-05,FacesUCR,1716
6,6,0.1,feature_ablation,mrsqm,0.0,0.0,0.8549618320610687,0.346379602133451,0.12037443078647714,0,0,0.03305603199987672,2.2100997739471495e-05,FacesUCR,1716
6,6,0.2,feature_ablation,mrsqm,0.0,0.0,0.7557251908396947,0.4853993411096462,0.24936847351911196,0,0,0.03305603199987672,2.2100997739471495e-05,FacesUCR,1716
6,6,0.05,tshap_centroid,tshap_zero,0.0,0.0,0.5954198473282443,0.28110383956514695,0.08930114731374639,0,0,0.004160330994636752,0.004248678000294603,FacesUCR,1716
6,6,0.1,tshap_centroid,tshap_zero,0.0,0.0,0.6030534351145038,0.4081528481413572,0.09893858376241638,0,0,0.004160330994636752,0.004248678000294603,FacesUCR,1716
6,6,0.2,tshap_centroid,tshap_zero,0.0,0.0,0.5801526717557252,0.5665779917709722,0.23939531902043898,0,0,0.004160330994636752,0.004248678000294603,FacesUCR,1716
6,6,0.05,tshap_centroid,tshap_train,0.0,0.0,0.06870229007633588,0.28110383956514695,0.17171014413998487,0,0,0.004160330994636752,0.03748472900042543,FacesUCR,1716
6,6,0.1,tshap_centroid,tshap_train,0.3684210526315789,0.5384615384615384,0.04580152671755725,0.4081528481413572,0.2671330845773934,0,0,0.004160330994636752,0.03748472900042543,FacesUCR,1716
6,6,0.2,tshap_centroid,tshap_train,0.7931034482758621,0.8846153846153846,0.022900763358778626,0.5665779917709722,0.7125406946659518,0,1,0.004160330994636752,0.03748472900042543,FacesUCR,1716
6,6,0.05,tshap_centroid,mrsqm,0.0,0.0,0.648854961832061,0.28110383956514695,0.08189881300157298,0,0,0.004160330994636752,2.2100997739471495e-05,FacesUCR,1716
6,6,0.1,tshap_centroid,mrsqm,0.0,0.0,0.6412213740458015,0.4081528481413572,0.12037443078647714,0,0,0.004160330994636752,2.2100997739471495e-05,FacesUCR,1716
6,6,0.2,tshap_centroid,mrsqm,0.0,0.0,0.6030534351145038,0.5665779917709722,0.24936847351911196,0,0,0.004160330994636752,2.2100997739471495e-05,FacesUCR,1716
6,6,0.05,tshap_zero,tshap_train,0.0,0.0,0.6641221374045801,0.08930114731374639,0.17171014413998487,0,0,0.004248678000294603,0.03748472900042543,FacesUCR,1716
6,6,0.1,tshap_zero,tshap_train,0.0,0.0,0.648854961832061,0.09893858376241638,0.2671330845773934,0,0,0.004248678000294603,0.03748472900042543,FacesUCR,1716
6,6,0.2,tshap_zero,tshap_train,0.0,0.0,0.6030534351145038,0.23939531902043898,0.7125406946659518,0,1,0.004248678000294603,0.03748472900042543,FacesUCR,1716
6,6,0.05,tshap_zero,mrsqm,0.0,0.0,0.05343511450381679,0.08930114731374639,0.08189881300157298,0,0,0.004248678000294603,2.2100997739471495e-05,FacesUCR,1716
6,6,0.1,tshap_zero,mrsqm,0.4444444444444444,0.6153846153846154,0.03816793893129771,0.09893858376241638,0.12037443078647714,0,0,0.004248678000294603,2.2100997739471495e-05,FacesUCR,1716
6,6,0.2,tshap_zero,mrsqm,0.7931034482758621,0.8846153846153846,0.022900763358778626,0.23939531902043898,0.24936847351911196,0,0,0.004248678000294603,2.2100997739471495e-05,FacesUCR,1716
6,6,0.05,tshap_train,mrsqm,0.0,0.0,0.7175572519083969,0.17171014413998487,0.08189881300157298,0,0,0.03748472900042543,2.2100997739471495e-05,FacesUCR,1716
6,6,0.1,tshap_train,mrsqm,0.0,0.0,0.6870229007633588,0.2671330845773934,0.12037443078647714,0,0,0.03748472900042543,2.2100997739471495e-05,FacesUCR,1716
6,6,0.2,tshap_train,mrsqm,0.0,0.0,0.6259541984732825,0.7125406946659518,0.24936847351911196,1,0,0.03748472900042543,2.2100997739471495e-05,FacesUCR,1716
6,6,0.05,hydra,shapley_sampling,0.5555555555555556,0.7142857142857143,0.015267175572519083,0.253202461998554,0.07296064860090512,0,0,0.05999270000029355,0.7515076900017448,FacesUCR,1551
6,6,0.1,hydra,shapley_sampling,0.7333333333333333,0.8461538461538461,0.015267175572519083,0.30058349383039795,0.13610776114015555,0,0,0.05999270000029355,0.7515076900017448,FacesUCR,1551
6,6,0.2,hydra,shapley_sampling,0.2682926829268293,0.4230769230769231,0.11450381679389313,0.6401531792738415,0.06459182070610847,1,0,0.05999270000029355,0.7515076900017448,FacesUCR,1551
6,6,0.05,hydra,feature_ablation,0.0,0.0,0.2595419847328244,0.253202461998554,0.1788069225553246,0,0,0.05999270000029355,0.03233666599408025,FacesUCR,1551
6,6,0.1,hydra,feature_ablation,0.0,0.0,0.26717557251908397,0.30058349383039795,0.2520527305662814,0,0,0.05999270000029355,0.03233666599408025,FacesUCR,1551
6,6,0.2,hydra,feature_ablation,0.0,0.0,0.20610687022900764,0.6401531792738415,0.4120260884125819,1,0,0.05999270000029355,0.03233666599408025,FacesUCR,1551
6,6,0.05,hydra,tshap_centroid,0.0,0.0,0.35877862595419846,0.253202461998554,0.14724772975046707,0,0,0.05999270000029355,0.004202440999506507,FacesUCR,1551
6,6,0.1,hydra,tshap_centroid,0.0,0.0,0.3282442748091603,0.30058349383039795,0.27710094177819133,0,0,0.05999270000029355,0.004202440999506507,FacesUCR,1551
6,6,0.2,hydra,tshap_centroid,0.0,0.0,0.37404580152671757,0.6401531792738415,0.5030664724223487,1,0,0.05999270000029355,0.004202440999506507,FacesUCR,1551
6,6,0.05,hydra,tshap_zero,0.0,0.0,0.5419847328244275,0.253202461998554,0.005097017013653726,0,0,0.05999270000029355,0.0048610820012982,FacesUCR,1551
6,6,0.1,hydra,tshap_zero,0.0,0.0,0.5114503816793893,0.30058349383039795,0.03426463016689585,0,0,0.05999270000029355,0.0048610820012982,FacesUCR,1551
6,6,0.2,hydra,tshap_zero,0.0,0.0,0.5343511450381679,0.6401531792738415,0.024169325848399703,1,0,0.05999270000029355,0.0048610820012982,FacesUCR,1551
6,6,0.05,hydra,tshap_train,0.0,0.0,0.3816793893129771,0.253202461998554,0.26082968364938575,0,0,0.05999270000029355,0.033758687000954524,FacesUCR,1551
6,6,0.1,hydra,tshap_train,0.0,0.0,0.3511450381679389,0.30058349383039795,0.3054104438698251,0,0,0.05999270000029355,0.033758687000954524,FacesUCR,1551
6,6,0.2,hydra,tshap_train,0.4857142857142857,0.6538461538461539,0.06870229007633588,0.6401531792738415,0.6317824366926691,1,1,0.05999270000029355,0.033758687000954524,FacesUCR,1551
6,6,0.05,hydra,mrsqm,0.0,0.0,0.5954198473282443,0.253202461998554,0.11097209491346627,0,0,0.05999270000029355,2.8774004022125155e-05,FacesUCR,1551
6,6,0.1,hydra,mrsqm,0.0,0.0,0.549618320610687,0.30058349383039795,0.08024778756894713,0,0,0.05999270000029355,2.8774004022125155e-05,FacesUCR,1551
6,6,0.2,hydra,mrsqm,0.0,0.0,0.549618320610687,0.6401531792738415,0.11481423334793006,1,0,0.05999270000029355,2.8774004022125155e-05,FacesUCR,1551
6,6,0.05,shapley_sampling,feature_ablation,0.0,0.0,0.2748091603053435,0.07296064860090512,0.1788069225553246,0,0,0.7515076900017448,0.03233666599408025,FacesUCR,1551
6,6,0.1,shapley_sampling,feature_ablation,0.0,0.0,0.2824427480916031,0.13610776114015555,0.2520527305662814,0,0,0.7515076900017448,0.03233666599408025,FacesUCR,1551
6,6,0.2,shapley_sampling,feature_ablation,0.0,0.0,0.32061068702290074,0.06459182070610847,0.4120260884125819,0,0,0.7515076900017448,0.03233666599408025,FacesUCR,1551
6,6,0.05,shapley_sampling,tshap_centroid,0.0,0.0,0.3435114503816794,0.07296064860090512,0.14724772975046707,0,0,0.7515076900017448,0.004202440999506507,FacesUCR,1551
6,6,0.1,shapley_sampling,tshap_centroid,0.0,0.0,0.31297709923664124,0.13610776114015555,0.27710094177819133,0,0,0.7515076900017448,0.004202440999506507,FacesUCR,1551
6,6,0.2,shapley_sampling,tshap_centroid,0.0,0.0,0.2595419847328244,0.06459182070610847,0.5030664724223487,0,0,0.7515076900017448,0.004202440999506507,FacesUCR,1551
6,6,0.05,shapley_sampling,tshap_zero,0.0,0.0,0.5267175572519084,0.07296064860090512,0.005097017013653726,0,0,0.7515076900017448,0.0048610820012982,FacesUCR,1551
6,6,0.1,shapley_sampling,tshap_zero,0.0,0.0,0.4961832061068702,0.13610776114015555,0.03426463016689585,0,0,0.7515076900017448,0.0048610820012982,FacesUCR,1551
6,6,0.2,shapley_sampling,tshap_zero,0.0,0.0,0.4198473282442748,0.06459182070610847,0.024169325848399703,0,0,0.7515076900017448,0.0048610820012982,FacesUCR,1551
6,6,0.05,shapley_sampling,tshap_train,0.0,0.0,0.366412213740458,0.07296064860090512,0.26082968364938575,0,0,0.7515076900017448,0.033758687000954524,FacesUCR,1551
6,6,0.1,shapley_sampling,tshap_train,0.0,0.0,0.33587786259541985,0.13610776114015555,0.3054104438698251,0,0,0.7515076900017448,0.033758687000954524,FacesUCR,1551
6,6,0.2,shapley_sampling,tshap_train,0.04,0.07692307692307693,0.183206106870229,0.06459182070610847,0.6317824366926691,0,1,0.7515076900017448,0.033758687000954524,FacesUCR,1551
6,6,0.05,shapley_sampling,mrsqm,0.0,0.0,0.5801526717557252,0.07296064860090512,0.11097209491346627,0,0,0.7515076900017448,2.8774004022125155e-05,FacesUCR,1551
6,6,0.1,shapley_sampling,mrsqm,0.0,0.0,0.5343511450381679,0.13610776114015555,0.08024778756894713,0,0,0.7515076900017448,2.8774004022125155e-05,FacesUCR,1551
6,6,0.2,shapley_sampling,mrsqm,0.0,0.0,0.4351145038167939,0.06459182070610847,0.11481423334793006,0,0,0.7515076900017448,2.8774004022125155e-05,FacesUCR,1551
6,6,0.05,feature_ablation,tshap_centroid,0.0,0.0,0.6183206106870229,0.1788069225553246,0.14724772975046707,0,0,0.03233666599408025,0.004202440999506507,FacesUCR,1551
6,6,0.1,feature_ablation,tshap_centroid,0.0,0.0,0.5954198473282443,0.2520527305662814,0.27710094177819133,0,0,0.03233666599408025,0.004202440999506507,FacesUCR,1551
6,6,0.2,feature_ablation,tshap_centroid,0.0,0.0,0.5801526717557252,0.4120260884125819,0.5030664724223487,0,0,0.03233666599408025,0.004202440999506507,FacesUCR,1551
6,6,0.05,feature_ablation,tshap_zero,0.0,0.0,0.8015267175572519,0.1788069225553246,0.005097017013653726,0,0,0.03233666599408025,0.0048610820012982,FacesUCR,1551
6,6,0.1,feature_ablation,tshap_zero,0.0,0.0,0.7786259541984732,0.2520527305662814,0.03426463016689585,0,0,0.03233666599408025,0.0048610820012982,FacesUCR,1551
6,6,0.2,feature_ablation,tshap_zero,0.0,0.0,0.7404580152671756,0.4120260884125819,0.024169325848399703,0,0,0.03233666599408025,0.0048610820012982,FacesUCR,1551
6,6,0.05,feature_ablation,tshap_train,0.0,0.0,0.6412213740458015,0.1788069225553246,0.26082968364938575,0,0,0.03233666599408025,0.033758687000954524,FacesUCR,1551
6,6,0.1,feature_ablation,tshap_train,0.0,0.0,0.6183206106870229,0.2520527305662814,0.3054104438698251,0,0,0.03233666599408025,0.033758687000954524,FacesUCR,1551
6,6,0.2,feature_ablation,tshap_train,0.18181818181818182,0.3076923076923077,0.13740458015267176,0.4120260884125819,0.6317824366926691,0,1,0.03233666599408025,0.033758687000954524,FacesUCR,1551
6,6,0.05,feature_ablation,mrsqm,0.0,0.0,0.8549618320610687,0.1788069225553246,0.11097209491346627,0,0,0.03233666599408025,2.8774004022125155e-05,FacesUCR,1551
6,6,0.1,feature_ablation,mrsqm,0.0,0.0,0.816793893129771,0.2520527305662814,0.08024778756894713,0,0,0.03233666599408025,2.8774004022125155e-05,FacesUCR,1551
6,6,0.2,feature_ablation,mrsqm,0.0,0.0,0.7557251908396947,0.4120260884125819,0.11481423334793006,0,0,0.03233666599408025,2.8774004022125155e-05,FacesUCR,1551
6,6,0.05,tshap_centroid,tshap_zero,0.0,0.0,0.183206106870229,0.14724772975046707,0.005097017013653726,0,0,0.004202440999506507,0.0048610820012982,FacesUCR,1551
6,6,0.1,tshap_centroid,tshap_zero,0.0,0.0,0.183206106870229,0.27710094177819133,0.03426463016689585,0,0,0.004202440999506507,0.0048610820012982,FacesUCR,1551
6,6,0.2,tshap_centroid,tshap_zero,0.10638297872340426,0.19230769230769232,0.16030534351145037,0.5030664724223487,0.024169325848399703,0,0,0.004202440999506507,0.0048610820012982,FacesUCR,1551
6,6,0.05,tshap_centroid,tshap_train,0.4,0.5714285714285714,0.022900763358778626,0.14724772975046707,0.26082968364938575,0,0,0.004202440999506507,0.033758687000954524,FacesUCR,1551
6,6,0.1,tshap_centroid,tshap_train,0.625,0.7692307692307693,0.022900763358778626,0.27710094177819133,0.3054104438698251,0,0,0.004202440999506507,0.033758687000954524,FacesUCR,1551
6,6,0.2,tshap_centroid,tshap_train,0.0,0.0,0.44274809160305345,0.5030664724223487,0.6317824366926691,0,1,0.004202440999506507,0.033758687000954524,FacesUCR,1551
6,6,0.05,tshap_centroid,mrsqm,0.0,0.0,0.2366412213740458,0.14724772975046707,0.11097209491346627,0,0,0.004202440999506507,2.8774004022125155e-05,FacesUCR,1551
6,6,0.1,tshap_centroid,mrsqm,0.0,0.0,0.22137404580152673,0.27710094177819133,0.08024778756894713,0,0,0.004202440999506507,2.8774004022125155e-05,FacesUCR,1551
6,6,0.2,tshap_centroid,mrsqm,0.061224489795918366,0.11538461538461539,0.17557251908396945,0.5030664724223487,0.11481423334793006,0,0,0.004202440999506507,2.8774004022125155e-05,FacesUCR,1551
6,6,0.05,tshap_zero,tshap_train,0.0,0.0,0.16030534351145037,0.005097017013653726,0.26082968364938575,0,0,0.0048610820012982,0.033758687000954524,FacesUCR,1551
6,6,0.1,tshap_zero,tshap_train,0.0,0.0,0.16030534351145037,0.03426463016689585,0.3054104438698251,0,0,0.0048610820012982,0.033758687000954524,FacesUCR,1551
6,6,0.2,tshap_zero,tshap_train,0.0,0.0,0.6030534351145038,0.024169325848399703,0.6317824366926691,0,1,0.0048610820012982,0.033758687000954524,FacesUCR,1551
6,6,0.05,tshap_zero,mrsqm,0.0,0.0,0.05343511450381679,0.005097017013653726,0.11097209491346627,0,0,0.0048610820012982,2.8774004022125155e-05,FacesUCR,1551
6,6,0.1,tshap_zero,mrsqm,0.4444444444444444,0.6153846153846154,0.03816793893129771,0.03426463016689585,0.08024778756894713,0,0,0.0048610820012982,2.8774004022125155e-05,FacesUCR,1551
6,6,0.2,tshap_zero,mrsqm,0.8571428571428571,0.9230769230769231,0.015267175572519083,0.024169325848399703,0.11481423334793006,0,0,0.0048610820012982,2.8774004022125155e-05,FacesUCR,1551
6,6,0.05,tshap_train,mrsqm,0.0,0.0,0.21374045801526717,0.26082968364938575,0.11097209491346627,0,0,0.033758687000954524,2.8774004022125155e-05,FacesUCR,1551
6,6,0.1,tshap_train,mrsqm,0.0,0.0,0.1984732824427481,0.3054104438698251,0.08024778756894713,0,0,0.033758687000954524,2.8774004022125155e-05,FacesUCR,1551
6,6,0.2,tshap_train,mrsqm,0.0,0.0,0.6183206106870229,0.6317824366926691,0.11481423334793006,1,0,0.033758687000954524,2.8774004022125155e-05,FacesUCR,1551
8,8,0.05,hydra,shapley_sampling,0.0,0.0,0.22137404580152673,0.18555095669709987,0.29000255668364305,0,0,0.058976334003091324,0.728127192996908,FacesUCR,260
8,8,0.1,hydra,shapley_sampling,0.0,0.0,0.2366412213740458,0.26049552219232597,0.32694305989513905,0,0,0.058976334003091324,0.728127192996908,FacesUCR,260
8,8,0.2,hydra,shapley_sampling,0.0196078431372549,0.038461538461538464,0.19083969465648856,0.9893109650397884,0.6816581543310095,0,0,0.058976334003091324,0.728127192996908,FacesUCR,260
8,8,0.05,hydra,feature_ablation,0.0,0.0,0.5954198473282443,0.18555095669709987,0.23610330845052907,0,0,0.058976334003091324,0.032032622999395244,FacesUCR,260
8,8,0.1,hydra,feature_ablation,0.0,0.0,0.6030534351145038,0.26049552219232597,0.37729736987930185,0,0,0.058976334003091324,0.032032622999395244,FacesUCR,260
8,8,0.2,hydra,feature_ablation,0.0,0.0,0.5114503816793893,0.9893109650397884,0.5496393472206871,0,0,0.058976334003091324,0.032032622999395244,FacesUCR,260
8,8,0.05,hydra,tshap_centroid,0.0,0.0,0.11450381679389313,0.18555095669709987,0.5126357843428968,0,0,0.058976334003091324,0.004108633002033457,FacesUCR,260
8,8,0.1,hydra,tshap_centroid,0.0,0.0,0.10687022900763359,0.26049552219232597,0.7183653307666863,0,0,0.058976334003091324,0.004108633002033457,FacesUCR,260
8,8,0.2,hydra,tshap_centroid,0.4857142857142857,0.6538461538461539,0.06870229007633588,0.9893109650397884,1.1925376837904782,0,0,0.058976334003091324,0.004108633002033457,FacesUCR,260
8,8,0.05,hydra,tshap_zero,0.0,0.0,0.37404580152671757,0.18555095669709987,0.03566602049059897,0,0,0.058976334003091324,0.004019605999928899,FacesUCR,260
8,8,0.1,hydra,tshap_zero,0.0,0.0,0.35877862595419846,0.26049552219232597,-0.01407526308425755,0,0,0.058976334003091324,0.004019605999928899,FacesUCR,260
8,8,0.2,hydra,tshap_zero,0.0,0.0,0.31297709923664124,0.9893109650397884,0.2502165325186181,0,0,0.058976334003091324,0.004019605999928899,FacesUCR,260
8,8,0.05,hydra,tshap_train,0.0,0.0,0.10687022900763359,0.18555095669709987,0.48908995432354585,0,0,0.058976334003091324,0.03357810500165215,FacesUCR,260
8,8,0.1,hydra,tshap_train,0.0,0.0,0.09923664122137404,0.26049552219232597,0.6908992467692001,0,0,0.058976334003091324,0.03357810500165215,FacesUCR,260
8,8,0.2,hydra,tshap_train,0.4857142857142857,0.6538461538461539,0.06870229007633588,0.9893109650397884,1.1925376736965079,0,0,0.058976334003091324,0.03357810500165215,FacesUCR,260
8,8,0.05,hydra,mrsqm,0.0,0.0,0.31297709923664124,0.18555095669709987,0.056238514492608305,0,0,0.058976334003091324,2.632899850141257e-05,FacesUCR,260
8,8,0.1,hydra,mrsqm,0.0,0.0,0.29770992366412213,0.26049552219232597,0.25728626470370974,0,0,0.058976334003091324,2.632899850141257e-05,FacesUCR,260
8,8,0.2,hydra,mrsqm,0.0,0.0,0.2900763358778626,0.9893109650397884,0.7093830828398571,0,0,0.058976334003091324,2.632899850141257e-05,FacesUCR,260
8,8,0.05,shapley_sampling,feature_ablation,0.0,0.0,0.37404580152671757,0.29000255668364305,0.23610330845052907,0,0,0.728127192996908,0.032032622999395244,FacesUCR,260
8,8,0.1,shapley_sampling,feature_ablation,0.0,0.0,0.366412213740458,0.32694305989513905,0.37729736987930185,0,0,0.728127192996908,0.032032622999395244,FacesUCR,260
8,8,0.2,shapley_sampling,feature_ablation,0.0,0.0,0.32061068702290074,0.6816581543310095,0.5496393472206871,0,0,0.728127192996908,0.032032622999395244,FacesUCR,260
8,8,0.05,shapley_sampling,tshap_centroid,0.0,0.0,0.10687022900763359,0.29000255668364305,0.5126357843428968,0,0,0.728127192996908,0.004108633002033457,FacesUCR,260
8,8,0.1,shapley_sampling,tshap_centroid,0.0,0.0,0.1297709923664122,0.32694305989513905,0.7183653307666863,0,0,0.728127192996908,0.004108633002033457,FacesUCR,260
8,8,0.2,shapley_sampling,tshap_centroid,0.23809523809523808,0.38461538461538464,0.12213740458015267,0.6816581543310095,1.1925376837904782,0,0,0.728127192996908,0.004108633002033457,FacesUCR,260
8,8,0.05,shapley_sampling,tshap_zero,0.0,0.0,0.15267175572519084,0.29000255668364305,0.03566602049059897,0,0,0.728127192996908,0.004019605999928899,FacesUCR,260
8,8,0.1,shapley_sampling,tshap_zero,0.0,0.0,0.12213740458015267,0.32694305989513905,-0.01407526308425755,0,0,0.728127192996908,0.004019605999928899,FacesUCR,260
8,8,0.2,shapley_sampling,tshap_zero,0.23809523809523808,0.38461538461538464,0.12213740458015267,0.6816581543310095,0.2502165325186181,0,0,0.728127192996908,0.004019605999928899,FacesUCR,260
8,8,0.05,shapley_sampling,tshap_train,0.0,0.0,0.11450381679389313,0.29000255668364305,0.48908995432354585,0,0,0.728127192996908,0.03357810500165215,FacesUCR,260
8,8,0.1,shapley_sampling,tshap_train,0.0,0.0,0.13740458015267176,0.32694305989513905,0.6908992467692001,0,0,0.728127192996908,0.03357810500165215,FacesUCR,260
8,8,0.2,shapley_sampling,tshap_train,0.23809523809523808,0.38461538461538464,0.12213740458015267,0.6816581543310095,1.1925376736965079,0,0,0.728127192996908,0.03357810500165215,FacesUCR,260
8,8,0.05,shapley_sampling,mrsqm,0.0,0.0,0.5343511450381679,0.29000255668364305,0.056238514492608305,0,0,0.728127192996908,2.632899850141257e-05,FacesUCR,260
8,8,0.1,shapley_sampling,mrsqm,0.0,0.0,0.5343511450381679,0.32694305989513905,0.25728626470370974,0,0,0.728127192996908,2.632899850141257e-05,FacesUCR,260
8,8,0.2,shapley_sampling,mrsqm,0.0,0.0,0.48091603053435117,0.6816581543310095,0.7093830828398571,0,0,0.728127192996908,2.632899850141257e-05,FacesUCR,260
8,8,0.05,feature_ablation,tshap_centroid,0.0,0.0,0.48091603053435117,0.23610330845052907,0.5126357843428968,0,0,0.032032622999395244,0.004108633002033457,FacesUCR,260
8,8,0.1,feature_ablation,tshap_centroid,0.0,0.0,0.4961832061068702,0.37729736987930185,0.7183653307666863,0,0,0.032032622999395244,0.004108633002033457,FacesUCR,260
8,8,0.2,feature_ablation,tshap_centroid,0.0,0.0,0.44274809160305345,0.5496393472206871,1.1925376837904782,0,0,0.032032622999395244,0.004108633002033457,FacesUCR,260
8,8,0.05,feature_ablation,tshap_zero,0.0,0.0,0.22137404580152673,0.23610330845052907,0.03566602049059897,0,0,0.032032622999395244,0.004019605999928899,FacesUCR,260
8,8,0.1,feature_ablation,tshap_zero,0.0,0.0,0.24427480916030533,0.37729736987930185,-0.01407526308425755,0,0,0.032032622999395244,0.004019605999928899,FacesUCR,260
8,8,0.2,feature_ablation,tshap_zero,0.0,0.0,0.1984732824427481,0.5496393472206871,0.2502165325186181,0,0,0.032032622999395244,0.004019605999928899,FacesUCR,260
8,8,0.05,feature_ablation,tshap_train,0.0,0.0,0.48854961832061067,0.23610330845052907,0.48908995432354585,0,0,0.032032622999395244,0.03357810500165215,FacesUCR,260
8,8,0.1,feature_ablation,tshap_train,0.0,0.0,0.5038167938931297,0.37729736987930185,0.6908992467692001,0,0,0.032032622999395244,0.03357810500165215,FacesUCR,260
8,8,0.2,feature_ablation,tshap_train,0.0,0.0,0.44274809160305345,0.5496393472206871,1.1925376736965079,0,0,0.032032622999395244,0.03357810500165215,FacesUCR,260
8,8,0.05,feature_ablation,mrsqm,0.0,0.0,0.9083969465648855,0.23610330845052907,0.056238514492608305,0,0,0.032032622999395244,2.632899850141257e-05,FacesUCR,260
8,8,0.1,feature_ablation,mrsqm,0.0,0.0,0.9007633587786259,0.37729736987930185,0.25728626470370974,0,0,0.032032622999395244,2.632899850141257e-05,FacesUCR,260
8,8,0.2,feature_ablation,mrsqm,0.0,0.0,0.8015267175572519,0.5496393472206871,0.7093830828398571,0,0,0.032032622999395244,2.632899850141257e-05,FacesUCR,260
8,8,0.05,tshap_centroid,tshap_zero,0.0,0.0,0.2595419847328244,0.5126357843428968,0.03566602049059897,0,0,0.004108633002033457,0.004019605999928899,FacesUCR,260
8,8,0.1,tshap_centroid,tshap_zero,0.0,0.0,0.25190839694656486,0.7183653307666863,-0.01407526308425755,0,0,0.004108633002033457,0.004019605999928899,FacesUCR,260
8,8,0.2,tshap_centroid,tshap_zero,0.0,0.0,0.24427480916030533,1.1925376837904782,0.2502165325186181,0,0,0.004108633002033457,0.004019605999928899,FacesUCR,260
8,8,0.05,tshap_centroid,tshap_train,0.75,0.8571428571428571,0.007633587786259542,0.5126357843428968,0.48908995432354585,0,0,0.004108633002033457,0.03357810500165215,FacesUCR,260
8,8,0.1,tshap_centroid,tshap_train,0.8571428571428571,0.9230769230769231,0.007633587786259542,0.7183653307666863,0.6908992467692001,0,0,0.004108633002033457,0.03357810500165215,FacesUCR,260
8,8,0.2,tshap_centroid,tshap_train,1.0,1.0,0.0,1.1925376837904782,1.1925376736965079,0,0,0.004108633002033457,0.03357810500165215,FacesUCR,260
8,8,0.05,tshap_centroid,mrsqm,0.0,0.0,0.42748091603053434,0.5126357843428968,0.056238514492608305,0,0,0.004108633002033457,2.632899850141257e-05,FacesUCR,260
8,8,0.1,tshap_centroid,mrsqm,0.0,0.0,0.40458015267175573,0.7183653307666863,0.25728626470370974,0,0,0.004108633002033457,2.632899850141257e-05,FacesUCR,260
8,8,0.2,tshap_centroid,mrsqm,0.0,0.0,0.35877862595419846,1.1925376837904782,0.7093830828398571,0,0,0.004108633002033457,2.632899850141257e-05,FacesUCR,260
8,8,0.05,tshap_zero,tshap_train,0.0,0.0,0.26717557251908397,0.03566602049059897,0.48908995432354585,0,0,0.004019605999928899,0.03357810500165215,FacesUCR,260
8,8,0.1,tshap_zero,tshap_train,0.0,0.0,0.2595419847328244,-0.01407526308425755,0.6908992467692001,0,0,0.004019605999928899,0.03357810500165215,FacesUCR,260
8,8,0.2,tshap_zero,tshap_train,0.0,0.0,0.24427480916030533,0.2502165325186181,1.1925376736965079,0,0,0.004019605999928899,0.03357810500165215,FacesUCR,260
8,8,0.05,tshap_zero,mrsqm,0.0,0.0,0.6870229007633588,0.03566602049059897,0.056238514492608305,0,0,0.004019605999928899,2.632899850141257e-05,FacesUCR,260
8,8,0.1,tshap_zero,mrsqm,0.0,0.0,0.6564885496183206,-0.01407526308425755,0.25728626470370974,0,0,0.004019605999928899,2.632899850141257e-05,FacesUCR,260
8,8,0.2,tshap_zero,mrsqm,0.0,0.0,0.6030534351145038,0.2502165325186181,0.7093830828398571,0,0,0.004019605999928899,2.632899850141257e-05,FacesUCR,260
8,8,0.05,tshap_train,mrsqm,0.0,0.0,0.4198473282442748,0.48908995432354585,0.056238514492608305,0,0,0.03357810500165215,2.632899850141257e-05,FacesUCR,260
8,8,0.1,tshap_train,mrsqm,0.0,0.0,0.3969465648854962,0.6908992467692001,0.25728626470370974,0,0,0.03357810500165215,2.632899850141257e-05,FacesUCR,260
8,8,0.2,tshap_train,mrsqm,0.0,0.0,0.35877862595419846,1.1925376736965079,0.7093830828398571,0,0,0.03357810500165215,2.632899850141257e-05,FacesUCR,260
9,9,0.05,hydra,shapley_sampling,0.0,0.0,0.40458015267175573,0.06814309045326339,-0.004651917147257212,0,0,0.0587768289988162,0.7320841410037247,FacesUCR,178
9,9,0.1,hydra,shapley_sampling,0.0,0.0,0.366412213740458,0.4845094278414144,0.06396532241252717,0,0,0.0587768289988162,0.7320841410037247,FacesUCR,178
9,9,0.2,hydra,shapley_sampling,0.0,0.0,0.33587786259541985,0.9561441248420248,0.5704325115571105,0,0,0.0587768289988162,0.7320841410037247,FacesUCR,178
9,9,0.05,hydra,feature_ablation,0.0,0.0,0.40458015267175573,0.06814309045326339,-0.004651914154570669,0,0,0.0587768289988162,0.03177113100537099,FacesUCR,178
9,9,0.1,hydra,feature_ablation,0.0,0.0,0.21374045801526717,0.4845094278414144,0.4143805419270157,0,0,0.0587768289988162,0.03177113100537099,FacesUCR,178
9,9,0.2,hydra,feature_ablation,0.18181818181818182,0.3076923076923077,0.13740458015267176,0.9561441248420248,0.861164140413081,0,0,0.0587768289988162,0.03177113100537099,FacesUCR,178
9,9,0.05,hydra,tshap_centroid,0.07692307692307693,0.14285714285714285,0.04580152671755725,0.06814309045326339,0.4918938269731472,0,0,0.0587768289988162,0.004125526000279933,FacesUCR,178
9,9,0.1,hydra,tshap_centroid,0.4444444444444444,0.6153846153846154,0.03816793893129771,0.4845094278414144,0.6319358564472085,0,0,0.0587768289988162,0.004125526000279933,FacesUCR,178
9,9,0.2,hydra,tshap_centroid,0.4857142857142857,0.6538461538461539,0.06870229007633588,0.9561441248420248,1.055050067749597,0,1,0.0587768289988162,0.004125526000279933,FacesUCR,178
9,9,0.05,hydra,tshap_zero,0.0,0.0,0.6106870229007634,0.06814309045326339,-0.01945449420959422,0,0,0.0587768289988162,0.003976613996201195,FacesUCR,178
9,9,0.1,hydra,tshap_zero,0.0,0.0,0.5954198473282443,0.4845094278414144,0.04628432847852171,0,0,0.0587768289988162,0.003976613996201195,FacesUCR,178
9,9,0.2,hydra,tshap_zero,0.0,0.0,0.5725190839694656,0.9561441248420248,0.11739137620632989,0,0,0.0587768289988162,0.003976613996201195,FacesUCR,178
9,9,0.05,hydra,tshap_train,0.0,0.0,0.17557251908396945,0.06814309045326339,0.42442916294942634,0,0,0.0587768289988162,0.033806567000283394,FacesUCR,178
9,9,0.1,hydra,tshap_train,0.0,0.0,0.15267175572519084,0.4845094278414144,0.39542326206637113,0,0,0.0587768289988162,0.033806567000283394,FacesUCR,178
9,9,0.2,hydra,tshap_train,0.5294117647058824,0.6923076923076923,0.061068702290076333,0.9561441248420248,1.025346743992737,0,1,0.0587768289988162,0.033806567000283394,FacesUCR,178
9,9,0.05,hydra,mrsqm,0.0,0.0,0.8854961832061069,0.06814309045326339,0.08586183642349976,0,0,0.0587768289988162,2.7141999453306198e-05,FacesUCR,178
9,9,0.1,hydra,mrsqm,0.0,0.0,0.8473282442748091,0.4845094278414144,0.06310037917671352,0,0,0.0587768289988162,2.7141999453306198e-05,FacesUCR,178
9,9,0.2,hydra,mrsqm,0.0,0.0,0.7709923664122137,0.9561441248420248,0.16336001596052685,0,0,0.0587768289988162,2.7141999453306198e-05,FacesUCR,178
9,9,0.05,shapley_sampling,feature_ablation,1.0,1.0,0.0,-0.004651917147257212,-0.004651914154570669,0,0,0.7320841410037247,0.03177113100537099,FacesUCR,178
9,9,0.1,shapley_sampling,feature_ablation,0.0,0.0,0.15267175572519084,0.06396532241252717,0.4143805419270157,0,0,0.7320841410037247,0.03177113100537099,FacesUCR,178
9,9,0.2,shapley_sampling,feature_ablation,0.0,0.0,0.1984732824427481,0.5704325115571105,0.861164140413081,0,0,0.7320841410037247,0.03177113100537099,FacesUCR,178
9,9,0.05,shapley_sampling,tshap_centroid,0.0,0.0,0.35877862595419846,-0.004651917147257212,0.4918938269731472,0,0,0.7320841410037247,0.004125526000279933,FacesUCR,178
9,9,0.1,shapley_sampling,tshap_centroid,0.0,0.0,0.3282442748091603,0.06396532241252717,0.6319358564472085,0,0,0.7320841410037247,0.004125526000279933,FacesUCR,178
9,9,0.2,shapley_sampling,tshap_centroid,0.0,0.0,0.26717557251908397,0.5704325115571105,1.055050067749597,0,1,0.7320841410037247,0.004125526000279933,FacesUCR,178
9,9,0.05,shapley_sampling,tshap_zero,0.0,0.0,0.20610687022900764,-0.004651917147257212,-0.01945449420959422,0,0,0.7320841410037247,0.003976613996201195,FacesUCR,178
9,9,0.1,shapley_sampling,tshap_zero,0.0,0.0,0.22900763358778625,0.06396532241252717,0.04628432847852171,0,0,0.7320841410037247,0.003976613996201195,FacesUCR,178
9,9,0.2,shapley_sampling,tshap_zero,0.0,0.0,0.2366412213740458,0.5704325115571105,0.11739137620632989,0,0,0.7320841410037247,0.003976613996201195,FacesUCR,178
9,9,0.05,shapley_sampling,tshap_train,0.0,0.0,0.22900763358778625,-0.004651917147257212,0.42442916294942634,0,0,0.7320841410037247,0.033806567000283394,FacesUCR,178
9,9,0.1,shapley_sampling,tshap_train,0.0,0.0,0.21374045801526717,0.06396532241252717,0.39542326206637113,0,0,0.7320841410037247,0.033806567000283394,FacesUCR,178
9,9,0.2,shapley_sampling,tshap_train,0.0,0.0,0.2748091603053435,0.5704325115571105,1.025346743992737,0,1,0.7320841410037247,0.033806567000283394,FacesUCR,178
9,9,0.05,shapley_sampling,mrsqm,0.0,0.0,0.48091603053435117,-0.004651917147257212,0.08586183642349976,0,0,0.7320841410037247,2.7141999453306198e-05,FacesUCR,178
9,9,0.1,shapley_sampling,mrsqm,0.0,0.0,0.48091603053435117,0.06396532241252717,0.06310037917671352,0,0,0.7320841410037247,2.7141999453306198e-05,FacesUCR,178
9,9,0.2,shapley_sampling,mrsqm,0.0,0.0,0.4351145038167939,0.5704325115571105,0.16336001596052685,0,0,0.7320841410037247,2.7141999453306198e-05,FacesUCR,178
9,9,0.05,feature_ablation,tshap_centroid,0.0,0.0,0.35877862595419846,-0.004651914154570669,0.4918938269731472,0,0,0.03177113100537099,0.004125526000279933,FacesUCR,178
9,9,0.1,feature_ablation,tshap_centroid,0.0,0.0,0.17557251908396945,0.4143805419270157,0.6319358564472085,0,0,0.03177113100537099,0.004125526000279933,FacesUCR,178
9,9,0.2,feature_ablation,tshap_centroid,0.4857142857142857,0.6538461538461539,0.06870229007633588,0.861164140413081,1.055050067749597,0,1,0.03177113100537099,0.004125526000279933,FacesUCR,178
9,9,0.05,feature_ablation,tshap_zero,0.0,0.0,0.20610687022900764,-0.004651914154570669,-0.01945449420959422,0,0,0.03177113100537099,0.003976613996201195,FacesUCR,178
9,9,0.1,feature_ablation,tshap_zero,0.0,0.0,0.3816793893129771,0.4143805419270157,0.04628432847852171,0,0,0.03177113100537099,0.003976613996201195,FacesUCR,178
9,9,0.2,feature_ablation,tshap_zero,0.0,0.0,0.4351145038167939,0.861164140413081,0.11739137620632989,0,0,0.03177113100537099,0.003976613996201195,FacesUCR,178
9,9,0.05,feature_ablation,tshap_train,0.0,0.0,0.22900763358778625,-0.004651914154570669,0.42442916294942634,0,0,0.03177113100537099,0.033806567000283394,FacesUCR,178
9,9,0.1,feature_ablation,tshap_train,0.23809523809523808,0.38461538461538464,0.061068702290076333,0.4143805419270157,0.39542326206637113,0,0,0.03177113100537099,0.033806567000283394,FacesUCR,178
9,9,0.2,feature_ablation,tshap_train,0.4444444444444444,0.6153846153846154,0.07633587786259542,0.861164140413081,1.025346743992737,0,1,0.03177113100537099,0.033806567000283394,FacesUCR,178
9,9,0.05,feature_ablation,mrsqm,0.0,0.0,0.48091603053435117,-0.004651914154570669,0.08586183642349976,0,0,0.03177113100537099,2.7141999453306198e-05,FacesUCR,178
9,9,0.1,feature_ablation,mrsqm,0.0,0.0,0.6335877862595419,0.4143805419270157,0.06310037917671352,0,0,0.03177113100537099,2.7141999453306198e-05,FacesUCR,178
9,9,0.2,feature_ablation,mrsqm,0.0,0.0,0.6335877862595419,0.861164140413081,0.16336001596052685,0,0,0.03177113100537099,2.7141999453306198e-05,FacesUCR,178
9,9,0.05,tshap_centroid,tshap_zero,0.0,0.0,0.5648854961832062,0.4918938269731472,-0.01945449420959422,0,0,0.004125526000279933,0.003976613996201195,FacesUCR,178
9,9,0.1,tshap_centroid,tshap_zero,0.0,0.0,0.5572519083969466,0.6319358564472085,0.04628432847852171,0,0,0.004125526000279933,0.003976613996201195,FacesUCR,178
9,9,0.2,tshap_centroid,tshap_zero,0.0,0.0,0.5038167938931297,1.055050067749597,0.11739137620632989,1,0,0.004125526000279933,0.003976613996201195,FacesUCR,178
9,9,0.05,tshap_centroid,tshap_train,0.0,0.0,0.1297709923664122,0.4918938269731472,0.42442916294942634,0,0,0.004125526000279933,0.033806567000283394,FacesUCR,178
9,9,0.1,tshap_centroid,tshap_train,0.0,0.0,0.11450381679389313,0.6319358564472085,0.39542326206637113,0,0,0.004125526000279933,0.033806567000283394,FacesUCR,178
9,9,0.2,tshap_centroid,tshap_train,0.9259259259259259,0.9615384615384616,0.007633587786259542,1.055050067749597,1.025346743992737,1,1,0.004125526000279933,0.033806567000283394,FacesUCR,178
9,9,0.05,tshap_centroid,mrsqm,0.0,0.0,0.8396946564885496,0.4918938269731472,0.08586183642349976,0,0,0.004125526000279933,2.7141999453306198e-05,FacesUCR,178
9,9,0.1,tshap_centroid,mrsqm,0.0,0.0,0.8091603053435115,0.6319358564472085,0.06310037917671352,0,0,0.004125526000279933,2.7141999453306198e-05,FacesUCR,178
9,9,0.2,tshap_centroid,mrsqm,0.0,0.0,0.7022900763358778,1.055050067749597,0.16336001596052685,1,0,0.004125526000279933,2.7141999453306198e-05,FacesUCR,178
9,9,0.05,tshap_zero,tshap_train,0.0,0.0,0.4351145038167939,-0.01945449420959422,0.42442916294942634,0,0,0.003976613996201195,0.033806567000283394,FacesUCR,178
9,9,0.1,tshap_zero,tshap_train,0.0,0.0,0.44274809160305345,0.04628432847852171,0.39542326206637113,0,0,0.003976613996201195,0.033806567000283394,FacesUCR,178
9,9,0.2,tshap_zero,tshap_train,0.0,0.0,0.5114503816793893,0.11739137620632989,1.025346743992737,0,1,0.003976613996201195,0.033806567000283394,FacesUCR,178
9,9,0.05,tshap_zero,mrsqm,0.0,0.0,0.2748091603053435,-0.01945449420959422,0.08586183642349976,0,0,0.003976613996201195,2.7141999453306198e-05,FacesUCR,178
9,9,0.1,tshap_zero,mrsqm,0.0,0.0,0.25190839694656486,0.04628432847852171,0.06310037917671352,0,0,0.003976613996201195,2.7141999453306198e-05,FacesUCR,178
9,9,0.2,tshap_zero,mrsqm,0.0,0.0,0.1984732824427481,0.11739137620632989,0.16336001596052685,0,0,0.003976613996201195,2.7141999453306198e-05,FacesUCR,178
9,9,0.05,tshap_train,mrsqm,0.0,0.0,0.7099236641221374,0.42442916294942634,0.08586183642349976,0,0,0.033806567000283394,2.7141999453306198e-05,FacesUCR,178
9,9,0.1,tshap_train,mrsqm,0.0,0.0,0.6946564885496184,0.39542326206637113,0.06310037917671352,0,0,0.033806567000283394,2.7141999453306198e-05,FacesUCR,178
9,9,0.2,tshap_train,mrsqm,0.0,0.0,0.7099236641221374,1.025346743992737,0.16336001596052685,1,0,0.033806567000283394,2.7141999453306198e-05,FacesUCR,178
1,1,0.05,hydra,shapley_sampling,0.0,0.0,0.22137404580152673,0.13416300447465224,0.04057107688823813,0,0,0.05891487900225911,0.7307026470007258,FacesUCR,1327
1,1,0.1,hydra,shapley_sampling,0.08333333333333333,0.15384615384615385,0.08396946564885496,0.2295310121765337,0.294870220208335,0,0,0.05891487900225911,0.7307026470007258,FacesUCR,1327
1,1,0.2,hydra,shapley_sampling,0.40540540540540543,0.5769230769230769,0.08396946564885496,-0.057461117710659426,0.24358843273375186,0,0,0.05891487900225911,0.7307026470007258,FacesUCR,1327
1,1,0.05,hydra,feature_ablation,0.0,0.0,0.22137404580152673,0.13416300447465224,0.040571084440962135,0,0,0.05891487900225911,0.03228202299942495,FacesUCR,1327
1,1,0.1,hydra,feature_ablation,0.0,0.0,0.1984732824427481,0.2295310121765337,0.38929231688504684,0,0,0.05891487900225911,0.03228202299942495,FacesUCR,1327
1,1,0.2,hydra,feature_ablation,0.0,0.0,0.46564885496183206,-0.057461117710659426,0.6340019440065752,0,1,0.05891487900225911,0.03228202299942495,FacesUCR,1327
1,1,0.05,hydra,tshap_centroid,0.0,0.0,0.32061068702290074,0.13416300447465224,0.18384543960516786,0,0,0.05891487900225911,0.004130654997425154,FacesUCR,1327
1,1,0.1,hydra,tshap_centroid,0.0,0.0,0.3282442748091603,0.2295310121765337,0.269273776980292,0,0,0.05891487900225911,0.004130654997425154,FacesUCR,1327
1,1,0.2,hydra,tshap_centroid,0.2682926829268293,0.4230769230769231,0.11450381679389313,-0.057461117710659426,0.29194174075113166,0,0,0.05891487900225911,0.004130654997425154,FacesUCR,1327
1,1,0.05,hydra,tshap_zero,0.0,0.0,0.15267175572519084,0.13416300447465224,0.34086607087565723,0,0,0.05891487900225911,0.004628915005014278,FacesUCR,1327
1,1,0.1,hydra,tshap_zero,0.0,0.0,0.1450381679389313,0.2295310121765337,0.4750510981377579,0,0,0.05891487900225911,0.004628915005014278,FacesUCR,1327
1,1,0.2,hydra,tshap_zero,0.0,0.0,0.32061068702290074,-0.057461117710659426,0.7325864063227716,0,1,0.05891487900225911,0.004628915005014278,FacesUCR,1327
1,1,0.05,hydra,tshap_train,1.0,1.0,0.0,0.13416300447465224,0.1341630090680348,0,0,0.05891487900225911,0.03552104799746303,FacesUCR,1327
1,1,0.1,hydra,tshap_train,1.0,1.0,0.0,0.2295310121765337,0.22953101962906985,0,0,0.05891487900225911,0.03552104799746303,FacesUCR,1327
1,1,0.2,hydra,tshap_train,0.0,0.0,0.22137404580152673,-0.057461117710659426,0.4738114286453101,0,0,0.05891487900225911,0.03552104799746303,FacesUCR,1327
1,1,0.05,hydra,mrsqm,0.0,0.0,0.5877862595419847,0.13416300447465224,0.15684359111374424,0,0,0.05891487900225911,2.402500103926286e-05,FacesUCR,1327
1,1,0.1,hydra,mrsqm,0.0,0.0,0.5725190839694656,0.2295310121765337,0.17961113993863775,0,0,0.05891487900225911,2.402500103926286e-05,FacesUCR,1327
1,1,0.2,hydra,mrsqm,0.0,0.0,0.3053435114503817,-0.057461117710659426,0.03658139798108584,0,0,0.05891487900225911,2.402500103926286e-05,FacesUCR,1327
1,1,0.05,shapley_sampling,feature_ablation,1.0,1.0,0.0,0.04057107688823813,0.040571084440962135,0,0,0.7307026470007258,0.03228202299942495,FacesUCR,1327
1,1,0.1,shapley_sampling,feature_ablation,0.0,0.0,0.2824427480916031,0.294870220208335,0.38929231688504684,0,0,0.7307026470007258,0.03228202299942495,FacesUCR,1327
1,1,0.2,shapley_sampling,feature_ablation,0.0,0.0,0.3816793893129771,0.24358843273375186,0.6340019440065752,0,1,0.7307026470007258,0.03228202299942495,FacesUCR,1327
1,1,0.05,shapley_sampling,tshap_centroid,0.0,0.0,0.5419847328244275,0.04057107688823813,0.18384543960516786,0,0,0.7307026470007258,0.004130654997425154,FacesUCR,1327
1,1,0.1,shapley_sampling,tshap_centroid,0.0,0.0,0.24427480916030533,0.294870220208335,0.269273776980292,0,0,0.7307026470007258,0.004130654997425154,FacesUCR,1327
1,1,0.2,shapley_sampling,tshap_centroid,0.0,0.0,0.1984732824427481,0.24358843273375186,0.29194174075113166,0,0,0.7307026470007258,0.004130654997425154,FacesUCR,1327
1,1,0.05,shapley_sampling,tshap_zero,0.0,0.0,0.06870229007633588,0.04057107688823813,0.34086607087565723,0,0,0.7307026470007258,0.004628915005014278,FacesUCR,1327
1,1,0.1,shapley_sampling,tshap_zero,0.0,0.0,0.22900763358778625,0.294870220208335,0.4750510981377579,0,0,0.7307026470007258,0.004628915005014278,FacesUCR,1327
1,1,0.2,shapley_sampling,tshap_zero,0.0,0.0,0.2366412213740458,0.24358843273375186,0.7325864063227716,0,1,0.7307026470007258,0.004628915005014278,FacesUCR,1327
1,1,0.05,shapley_sampling,tshap_train,0.0,0.0,0.22137404580152673,0.04057107688823813,0.1341630090680348,0,0,0.7307026470007258,0.03552104799746303,FacesUCR,1327
1,1,0.1,shapley_sampling,tshap_train,0.08333333333333333,0.15384615384615385,0.08396946564885496,0.294870220208335,0.22953101962906985,0,0,0.7307026470007258,0.03552104799746303,FacesUCR,1327
1,1,0.2,shapley_sampling,tshap_train,0.18181818181818182,0.3076923076923077,0.13740458015267176,0.24358843273375186,0.4738114286453101,0,0,0.7307026470007258,0.03552104799746303,FacesUCR,1327
1,1,0.05,shapley_sampling,mrsqm,0.0,0.0,0.8091603053435115,0.04057107688823813,0.15684359111374424,0,0,0.7307026470007258,2.402500103926286e-05,FacesUCR,1327
1,1,0.1,shapley_sampling,mrsqm,0.0,0.0,0.48854961832061067,0.294870220208335,0.17961113993863775,0,0,0.7307026470007258,2.402500103926286e-05,FacesUCR,1327
1,1,0.2,shapley_sampling,mrsqm,0.0,0.0,0.3893129770992366,0.24358843273375186,0.03658139798108584,0,0,0.7307026470007258,2.402500103926286e-05,FacesUCR,1327
1,1,0.05,feature_ablation,tshap_centroid,0.0,0.0,0.5419847328244275,0.040571084440962135,0.18384543960516786,0,0,0.03228202299942495,0.004130654997425154,FacesUCR,1327
1,1,0.1,feature_ablation,tshap_centroid,0.0,0.0,0.5267175572519084,0.38929231688504684,0.269273776980292,0,0,0.03228202299942495,0.004130654997425154,FacesUCR,1327
1,1,0.2,feature_ablation,tshap_centroid,0.0,0.0,0.5801526717557252,0.6340019440065752,0.29194174075113166,1,0,0.03228202299942495,0.004130654997425154,FacesUCR,1327
1,1,0.05,feature_ablation,tshap_zero,0.0,0.0,0.06870229007633588,0.040571084440962135,0.34086607087565723,0,0,0.03228202299942495,0.004628915005014278,FacesUCR,1327
1,1,0.1,feature_ablation,tshap_zero,0.3,0.46153846153846156,0.05343511450381679,0.38929231688504684,0.4750510981377579,0,0,0.03228202299942495,0.004628915005014278,FacesUCR,1327
1,1,0.2,feature_ablation,tshap_zero,0.15555555555555556,0.2692307692307692,0.1450381679389313,0.6340019440065752,0.7325864063227716,1,1,0.03228202299942495,0.004628915005014278,FacesUCR,1327
1,1,0.05,feature_ablation,tshap_train,0.0,0.0,0.22137404580152673,0.040571084440962135,0.1341630090680348,0,0,0.03228202299942495,0.03552104799746303,FacesUCR,1327
1,1,0.1,feature_ablation,tshap_train,0.0,0.0,0.1984732824427481,0.38929231688504684,0.22953101962906985,0,0,0.03228202299942495,0.03552104799746303,FacesUCR,1327
1,1,0.2,feature_ablation,tshap_train,0.0,0.0,0.24427480916030533,0.6340019440065752,0.4738114286453101,1,0,0.03228202299942495,0.03552104799746303,FacesUCR,1327
1,1,0.05,feature_ablation,mrsqm,0.0,0.0,0.8091603053435115,0.040571084440962135,0.15684359111374424,0,0,0.03228202299942495,2.402500103926286e-05,FacesUCR,1327
1,1,0.1,feature_ablation,mrsqm,0.0,0.0,0.7709923664122137,0.38929231688504684,0.17961113993863775,0,0,0.03228202299942495,2.402500103926286e-05,FacesUCR,1327
1,1,0.2,feature_ablation,mrsqm,0.0,0.0,0.7709923664122137,0.6340019440065752,0.03658139798108584,1,0,0.03228202299942495,2.402500103926286e-05,FacesUCR,1327
1,1,0.05,tshap_centroid,tshap_zero,0.0,0.0,0.4732824427480916,0.18384543960516786,0.34086607087565723,0,0,0.004130654997425154,0.004628915005014278,FacesUCR,1327
1,1,0.1,tshap_centroid,tshap_zero,0.0,0.0,0.4732824427480916,0.269273776980292,0.4750510981377579,0,0,0.004130654997425154,0.004628915005014278,FacesUCR,1327
1,1,0.2,tshap_centroid,tshap_zero,0.0,0.0,0.4351145038167939,0.29194174075113166,0.7325864063227716,0,1,0.004130654997425154,0.004628915005014278,FacesUCR,1327
1,1,0.05,tshap_centroid,tshap_train,0.0,0.0,0.32061068702290074,0.18384543960516786,0.1341630090680348,0,0,0.004130654997425154,0.03552104799746303,FacesUCR,1327
1,1,0.1,tshap_centroid,tshap_train,0.0,0.0,0.3282442748091603,0.269273776980292,0.22953101962906985,0,0,0.004130654997425154,0.03552104799746303,FacesUCR,1327
1,1,0.2,tshap_centroid,tshap_train,0.0,0.0,0.33587786259541985,0.29194174075113166,0.4738114286453101,0,0,0.004130654997425154,0.03552104799746303,FacesUCR,1327
1,1,0.05,tshap_centroid,mrsqm,0.0,0.0,0.26717557251908397,0.18384543960516786,0.15684359111374424,0,0,0.004130654997425154,2.402500103926286e-05,FacesUCR,1327
1,1,0.1,tshap_centroid,mrsqm,0.0,0.0,0.24427480916030533,0.269273776980292,0.17961113993863775,0,0,0.004130654997425154,2.402500103926286e-05,FacesUCR,1327
1,1,0.2,tshap_centroid,mrsqm,0.0196078431372549,0.038461538461538464,0.19083969465648856,0.29194174075113166,0.03658139798108584,0,0,0.004130654997425154,2.402500103926286e-05,FacesUCR,1327
1,1,0.05,tshap_zero,tshap_train,0.0,0.0,0.15267175572519084,0.34086607087565723,0.1341630090680348,0,0,0.004628915005014278,0.03552104799746303,FacesUCR,1327
1,1,0.1,tshap_zero,tshap_train,0.0,0.0,0.1450381679389313,0.4750510981377579,0.22953101962906985,0,0,0.004628915005014278,0.03552104799746303,FacesUCR,1327
1,1,0.2,tshap_zero,tshap_train,0.3333333333333333,0.5,0.09923664122137404,0.7325864063227716,0.4738114286453101,1,0,0.004628915005014278,0.03552104799746303,FacesUCR,1327
1,1,0.05,tshap_zero,mrsqm,0.0,0.0,0.7404580152671756,0.34086607087565723,0.15684359111374424,0,0,0.004628915005014278,2.402500103926286e-05,FacesUCR,1327
1,1,0.1,tshap_zero,mrsqm,0.0,0.0,0.7175572519083969,0.4750510981377579,0.17961113993863775,0,0,0.004628915005014278,2.402500103926286e-05,FacesUCR,1327
1,1,0.2,tshap_zero,mrsqm,0.0,0.0,0.6259541984732825,0.7325864063227716,0.03658139798108584,1,0,0.004628915005014278,2.402500103926286e-05,FacesUCR,1327
1,1,0.05,tshap_train,mrsqm,0.0,0.0,0.5877862595419847,0.1341630090680348,0.15684359111374424,0,0,0.03552104799746303,2.402500103926286e-05,FacesUCR,1327
1,1,0.1,tshap_train,mrsqm,0.0,0.0,0.5725190839694656,0.22953101962906985,0.17961113993863775,0,0,0.03552104799746303,2.402500103926286e-05,FacesUCR,1327
1,1,0.2,tshap_train,mrsqm,0.0,0.0,0.5267175572519084,0.4738114286453101,0.03658139798108584,0,0,0.03552104799746303,2.402500103926286e-05,FacesUCR,1327
7,7,0.05,hydra,shapley_sampling,0.0,0.0,0.22137404580152673,0.20120412029108858,0.054057714952431724,0,0,0.05975888899411075,0.7437472629972035,FacesUCR,1045
7,7,0.1,hydra,shapley_sampling,0.0,0.0,0.22137404580152673,0.3975340177175952,-0.001015568635350128,0,0,0.05975888899411075,0.7437472629972035,FacesUCR,1045
7,7,0.2,hydra,shapley_sampling,0.0,0.0,0.3435114503816794,0.5498541013031528,0.10502400182177674,0,0,0.05975888899411075,0.7437472629972035,FacesUCR,1045
7,7,0.05,hydra,feature_ablation,0.0,0.0,0.29770992366412213,0.20120412029108858,0.23332884154410038,0,0,0.05975888899411075,0.032544898000196554,FacesUCR,1045
7,7,0.1,hydra,feature_ablation,0.0,0.0,0.22137404580152673,0.3975340177175952,-0.0010155603069790242,0,0,0.05975888899411075,0.032544898000196554,FacesUCR,1045
7,7,0.2,hydra,feature_ablation,0.0,0.0,0.25190839694656486,0.5498541013031528,0.3088235831897599,0,0,0.05975888899411075,0.032544898000196554,FacesUCR,1045
7,7,0.05,hydra,tshap_centroid,0.0,0.0,0.42748091603053434,0.20120412029108858,0.24825385208515827,0,0,0.05975888899411075,0.004230853999615647,FacesUCR,1045
7,7,0.1,hydra,tshap_centroid,0.0,0.0,0.4351145038167939,0.3975340177175952,0.5319346622688979,0,0,0.05975888899411075,0.004230853999615647,FacesUCR,1045
7,7,0.2,hydra,tshap_centroid,0.0,0.0,0.366412213740458,0.5498541013031528,1.1181802882209377,0,1,0.05975888899411075,0.004230853999615647,FacesUCR,1045
7,7,0.05,hydra,tshap_zero,0.0,0.0,0.366412213740458,0.20120412029108858,0.5709063760105118,0,0,0.05975888899411075,0.004520950002188329,FacesUCR,1045
7,7,0.1,hydra,tshap_zero,0.0,0.0,0.3969465648854962,0.3975340177175952,0.7364912320117103,0,0,0.05975888899411075,0.004520950002188329,FacesUCR,1045
7,7,0.2,hydra,tshap_zero,0.0,0.0,0.3282442748091603,0.5498541013031528,0.9718898487460933,0,1,0.05975888899411075,0.004520950002188329,FacesUCR,1045
7,7,0.05,hydra,tshap_train,0.0,0.0,0.21374045801526717,0.20120412029108858,0.2926025541288422,0,0,0.05975888899411075,0.0404527320060879,FacesUCR,1045
7,7,0.1,hydra,tshap_train,0.0,0.0,0.22900763358778625,0.3975340177175952,0.3357709461475107,0,0,0.05975888899411075,0.0404527320060879,FacesUCR,1045
7,7,0.2,hydra,tshap_train,0.13043478260869565,0.23076923076923078,0.15267175572519084,0.5498541013031528,0.5431090544291965,0,0,0.05975888899411075,0.0404527320060879,FacesUCR,1045
7,7,0.05,hydra,mrsqm,0.0,0.0,0.3816793893129771,0.20120412029108858,0.038025976897702485,0,0,0.05975888899411075,2.559799759183079e-05,FacesUCR,1045
7,7,0.1,hydra,mrsqm,0.0,0.0,0.33587786259541985,0.3975340177175952,0.0747168009980661,0,0,0.05975888899411075,2.559799759183079e-05,FacesUCR,1045
7,7,0.2,hydra,mrsqm,0.0,0.0,0.35877862595419846,0.5498541013031528,0.005574317526525263,0,0,0.05975888899411075,2.559799759183079e-05,FacesUCR,1045
7,7,0.05,shapley_sampling,feature_ablation,0.0,0.0,0.5190839694656488,0.054057714952431724,0.23332884154410038,0,0,0.7437472629972035,0.032544898000196554,FacesUCR,1045
7,7,0.1,shapley_sampling,feature_ablation,1.0,1.0,0.0,-0.001015568635350128,-0.0010155603069790242,0,0,0.7437472629972035,0.032544898000196554,FacesUCR,1045
7,7,0.2,shapley_sampling,feature_ablation,0.3684210526315789,0.5384615384615384,0.0916030534351145,0.10502400182177674,0.3088235831897599,0,0,0.7437472629972035,0.032544898000196554,FacesUCR,1045
7,7,0.05,shapley_sampling,tshap_centroid,0.0,0.0,0.648854961832061,0.054057714952431724,0.24825385208515827,0,0,0.7437472629972035,0.004230853999615647,FacesUCR,1045
7,7,0.1,shapley_sampling,tshap_centroid,0.0,0.0,0.6564885496183206,-0.001015568635350128,0.5319346622688979,0,0,0.7437472629972035,0.004230853999615647,FacesUCR,1045
7,7,0.2,shapley_sampling,tshap_centroid,0.0,0.0,0.7099236641221374,0.10502400182177674,1.1181802882209377,0,1,0.7437472629972035,0.004230853999615647,FacesUCR,1045
7,7,0.05,shapley_sampling,tshap_zero,0.0,0.0,0.5877862595419847,0.054057714952431724,0.5709063760105118,0,0,0.7437472629972035,0.004520950002188329,FacesUCR,1045
7,7,0.1,shapley_sampling,tshap_zero,0.0,0.0,0.6183206106870229,-0.001015568635350128,0.7364912320117103,0,0,0.7437472629972035,0.004520950002188329,FacesUCR,1045
7,7,0.2,shapley_sampling,tshap_zero,0.0,0.0,0.6717557251908397,0.10502400182177674,0.9718898487460933,0,1,0.7437472629972035,0.004520950002188329,FacesUCR,1045
7,7,0.05,shapley_sampling,tshap_train,0.0,0.0,0.4351145038167939,0.054057714952431724,0.2926025541288422,0,0,0.7437472629972035,0.0404527320060879,FacesUCR,1045
7,7,0.1,shapley_sampling,tshap_train,0.0,0.0,0.45038167938931295,-0.001015568635350128,0.3357709461475107,0,0,0.7437472629972035,0.0404527320060879,FacesUCR,1045
7,7,0.2,shapley_sampling,tshap_train,0.0,0.0,0.4961832061068702,0.10502400182177674,0.5431090544291965,0,0,0.7437472629972035,0.0404527320060879,FacesUCR,1045
7,7,0.05,shapley_sampling,mrsqm,0.0,0.0,0.16030534351145037,0.054057714952431724,0.038025976897702485,0,0,0.7437472629972035,2.559799759183079e-05,FacesUCR,1045
7,7,0.1,shapley_sampling,mrsqm,0.0,0.0,0.11450381679389313,-0.001015568635350128,0.0747168009980661,0,0,0.7437472629972035,2.559799759183079e-05,FacesUCR,1045
7,7,0.2,shapley_sampling,mrsqm,0.8571428571428571,0.9230769230769231,0.015267175572519083,0.10502400182177674,0.005574317526525263,0,0,0.7437472629972035,2.559799759183079e-05,FacesUCR,1045
7,7,0.05,feature_ablation,tshap_centroid,0.0,0.0,0.1297709923664122,0.23332884154410038,0.24825385208515827,0,0,0.032544898000196554,0.004230853999615647,FacesUCR,1045
7,7,0.1,feature_ablation,tshap_centroid,0.0,0.0,0.6564885496183206,-0.0010155603069790242,0.5319346622688979,0,0,0.032544898000196554,0.004230853999615647,FacesUCR,1045
7,7,0.2,feature_ablation,tshap_centroid,0.0,0.0,0.6183206106870229,0.3088235831897599,1.1181802882209377,0,1,0.032544898000196554,0.004230853999615647,FacesUCR,1045
7,7,0.05,feature_ablation,tshap_zero,0.0,0.0,0.06870229007633588,0.23332884154410038,0.5709063760105118,0,0,0.032544898000196554,0.004520950002188329,FacesUCR,1045
7,7,0.1,feature_ablation,tshap_zero,0.0,0.0,0.6183206106870229,-0.0010155603069790242,0.7364912320117103,0,0,0.032544898000196554,0.004520950002188329,FacesUCR,1045
7,7,0.2,feature_ablation,tshap_zero,0.0,0.0,0.5801526717557252,0.3088235831897599,0.9718898487460933,0,1,0.032544898000196554,0.004520950002188329,FacesUCR,1045
7,7,0.05,feature_ablation,tshap_train,0.0,0.0,0.08396946564885496,0.23332884154410038,0.2926025541288422,0,0,0.032544898000196554,0.0404527320060879,FacesUCR,1045
7,7,0.1,feature_ablation,tshap_train,0.0,0.0,0.45038167938931295,-0.0010155603069790242,0.3357709461475107,0,0,0.032544898000196554,0.0404527320060879,FacesUCR,1045
7,7,0.2,feature_ablation,tshap_train,0.0,0.0,0.40458015267175573,0.3088235831897599,0.5431090544291965,0,0,0.032544898000196554,0.0404527320060879,FacesUCR,1045
7,7,0.05,feature_ablation,mrsqm,0.0,0.0,0.6793893129770993,0.23332884154410038,0.038025976897702485,0,0,0.032544898000196554,2.559799759183079e-05,FacesUCR,1045
7,7,0.1,feature_ablation,mrsqm,0.0,0.0,0.11450381679389313,-0.0010155603069790242,0.0747168009980661,0,0,0.032544898000196554,2.559799759183079e-05,FacesUCR,1045
7,7,0.2,feature_ablation,mrsqm,0.3,0.46153846153846156,0.10687022900763359,0.3088235831897599,0.005574317526525263,0,0,0.032544898000196554,2.559799759183079e-05,FacesUCR,1045
7,7,0.05,tshap_centroid,tshap_zero,0.0,0.0,0.061068702290076333,0.24825385208515827,0.5709063760105118,0,0,0.004230853999615647,0.004520950002188329,FacesUCR,1045
7,7,0.1,tshap_centroid,tshap_zero,0.4444444444444444,0.6153846153846154,0.03816793893129771,0.5319346622688979,0.7364912320117103,0,0,0.004230853999615647,0.004520950002188329,FacesUCR,1045
7,7,0.2,tshap_centroid,tshap_zero,0.6774193548387096,0.8076923076923077,0.03816793893129771,1.1181802882209377,0.9718898487460933,1,1,0.004230853999615647,0.004520950002188329,FacesUCR,1045
7,7,0.05,tshap_centroid,tshap_train,0.0,0.0,0.21374045801526717,0.24825385208515827,0.2926025541288422,0,0,0.004230853999615647,0.0404527320060879,FacesUCR,1045
7,7,0.1,tshap_centroid,tshap_train,0.0,0.0,0.20610687022900764,0.5319346622688979,0.3357709461475107,0,0,0.004230853999615647,0.0404527320060879,FacesUCR,1045
7,7,0.2,tshap_centroid,tshap_train,0.0,0.0,0.21374045801526717,1.1181802882209377,0.5431090544291965,1,0,0.004230853999615647,0.0404527320060879,FacesUCR,1045
7,7,0.05,tshap_centroid,mrsqm,0.0,0.0,0.8091603053435115,0.24825385208515827,0.038025976897702485,0,0,0.004230853999615647,2.559799759183079e-05,FacesUCR,1045
7,7,0.1,tshap_centroid,mrsqm,0.0,0.0,0.7709923664122137,0.5319346622688979,0.0747168009980661,0,0,0.004230853999615647,2.559799759183079e-05,FacesUCR,1045
7,7,0.2,tshap_centroid,mrsqm,0.0,0.0,0.7251908396946565,1.1181802882209377,0.005574317526525263,1,0,0.004230853999615647,2.559799759183079e-05,FacesUCR,1045
7,7,0.05,tshap_zero,tshap_train,0.0,0.0,0.15267175572519084,0.5709063760105118,0.2926025541288422,0,0,0.004520950002188329,0.0404527320060879,FacesUCR,1045
7,7,0.1,tshap_zero,tshap_train,0.0,0.0,0.16793893129770993,0.7364912320117103,0.3357709461475107,0,0,0.004520950002188329,0.0404527320060879,FacesUCR,1045
7,7,0.2,tshap_zero,tshap_train,0.061224489795918366,0.11538461538461539,0.17557251908396945,0.9718898487460933,0.5431090544291965,1,0,0.004520950002188329,0.0404527320060879,FacesUCR,1045
7,7,0.05,tshap_zero,mrsqm,0.0,0.0,0.7480916030534351,0.5709063760105118,0.038025976897702485,0,0,0.004520950002188329,2.559799759183079e-05,FacesUCR,1045
7,7,0.1,tshap_zero,mrsqm,0.0,0.0,0.732824427480916,0.7364912320117103,0.0747168009980661,0,0,0.004520950002188329,2.559799759183079e-05,FacesUCR,1045
7,7,0.2,tshap_zero,mrsqm,0.0,0.0,0.6870229007633588,0.9718898487460933,0.005574317526525263,1,0,0.004520950002188329,2.559799759183079e-05,FacesUCR,1045
7,7,0.05,tshap_train,mrsqm,0.0,0.0,0.5954198473282443,0.2926025541288422,0.038025976897702485,0,0,0.0404527320060879,2.559799759183079e-05,FacesUCR,1045
7,7,0.1,tshap_train,mrsqm,0.0,0.0,0.5648854961832062,0.3357709461475107,0.0747168009980661,0,0,0.0404527320060879,2.559799759183079e-05,FacesUCR,1045
7,7,0.2,tshap_train,mrsqm,0.0,0.0,0.5114503816793893,0.5431090544291965,0.005574317526525263,0,0,0.0404527320060879,2.559799759183079e-05,FacesUCR,1045
2,2,0.05,hydra,shapley_sampling,0.0,0.0,0.1297709923664122,0.0025718671270835713,0.22954973851974214,0,1,0.0596925950012519,0.7455366349968244,FacesUCR,874
2,2,0.1,hydra,shapley_sampling,0.0,0.0,0.31297709923664124,0.172811301210833,0.2701712583290611,0,1,0.0596925950012519,0.7455366349968244,FacesUCR,874
2,2,0.2,hydra,shapley_sampling,0.6774193548387096,0.8076923076923077,0.03816793893129771,0.253221162402987,0.21105231511641154,1,1,0.0596925950012519,0.7455366349968244,FacesUCR,874
2,2,0.05,hydra,feature_ablation,0.0,0.0,0.1297709923664122,0.0025718671270835713,0.22954973306579274,0,1,0.0596925950012519,0.03469303699966986,FacesUCR,874
2,2,0.1,hydra,feature_ablation,0.0,0.0,0.31297709923664124,0.172811301210833,0.2701712536320594,0,1,0.0596925950012519,0.03469303699966986,FacesUCR,874
2,2,0.2,hydra,feature_ablation,0.8571428571428571,0.9230769230769231,0.015267175572519083,0.253221162402987,0.28332179861482254,1,1,0.0596925950012519,0.03469303699966986,FacesUCR,874
2,2,0.05,hydra,tshap_centroid,0.0,0.0,0.08396946564885496,0.0025718671270835713,0.056019298335868495,0,1,0.0596925950012519,0.004143710000789724,FacesUCR,874
2,2,0.1,hydra,tshap_centroid,0.0,0.0,0.2748091603053435,0.172811301210833,0.1459559616819588,0,1,0.0596925950012519,0.004143710000789724,FacesUCR,874
2,2,0.2,hydra,tshap_centroid,0.6774193548387096,0.8076923076923077,0.03816793893129771,0.253221162402987,0.3379113711954156,1,1,0.0596925950012519,0.004143710000789724,FacesUCR,874
2,2,0.05,hydra,tshap_zero,0.0,0.0,0.2366412213740458,0.0025718671270835713,0.022205290542017142,0,0,0.0596925950012519,0.0040025529960985295,FacesUCR,874
2,2,0.1,hydra,tshap_zero,0.0,0.0,0.4580152671755725,0.172811301210833,0.0005006461734349266,0,0,0.0596925950012519,0.0040025529960985295,FacesUCR,874
2,2,0.2,hydra,tshap_zero,0.0,0.0,0.21374045801526717,0.253221162402987,-0.007960643426361602,1,0,0.0596925950012519,0.0040025529960985295,FacesUCR,874
2,2,0.05,hydra,tshap_train,0.0,0.0,0.0916030534351145,0.0025718671270835713,0.1456291325627843,0,1,0.0596925950012519,0.03454020900244359,FacesUCR,874
2,2,0.1,hydra,tshap_train,0.0,0.0,0.2900763358778626,0.172811301210833,0.2813644322738754,0,1,0.0596925950012519,0.03454020900244359,FacesUCR,874
2,2,0.2,hydra,tshap_train,0.0,0.0,0.24427480916030533,0.253221162402987,0.1956283040079565,1,1,0.0596925950012519,0.03454020900244359,FacesUCR,874
2,2,0.05,hydra,mrsqm,0.0,0.0,0.6641221374045801,0.0025718671270835713,0.052236068520388534,0,0,0.0596925950012519,2.2301996068563312e-05,FacesUCR,874
2,2,0.1,hydra,mrsqm,0.0,0.0,0.8473282442748091,0.172811301210833,0.09199334296846307,0,0,0.0596925950012519,2.2301996068563312e-05,FacesUCR,874
2,2,0.2,hydra,mrsqm,0.0,0.0,0.5190839694656488,0.253221162402987,-0.009825062518598604,1,0,0.0596925950012519,2.2301996068563312e-05,FacesUCR,874
2,2,0.05,shapley_sampling,feature_ablation,1.0,1.0,0.0,0.22954973851974214,0.22954973306579274,1,1,0.7455366349968244,0.03469303699966986,FacesUCR,874
2,2,0.1,shapley_sampling,feature_ablation,1.0,1.0,0.0,0.2701712583290611,0.2701712536320594,1,1,0.7455366349968244,0.03469303699966986,FacesUCR,874
2,2,0.2,shapley_sampling,feature_ablation,0.5757575757575758,0.7307692307692307,0.05343511450381679,0.21105231511641154,0.28332179861482254,1,1,0.7455366349968244,0.03469303699966986,FacesUCR,874
2,2,0.05,shapley_sampling,tshap_centroid,0.07692307692307693,0.14285714285714285,0.04580152671755725,0.22954973851974214,0.056019298335868495,1,1,0.7455366349968244,0.004143710000789724,FacesUCR,874
2,2,0.1,shapley_sampling,tshap_centroid,0.4444444444444444,0.6153846153846154,0.03816793893129771,0.2701712583290611,0.1459559616819588,1,1,0.7455366349968244,0.004143710000789724,FacesUCR,874
2,2,0.2,shapley_sampling,tshap_centroid,0.4444444444444444,0.6153846153846154,0.07633587786259542,0.21105231511641154,0.3379113711954156,1,1,0.7455366349968244,0.004143710000789724,FacesUCR,874
2,2,0.05,shapley_sampling,tshap_zero,0.0,0.0,0.10687022900763359,0.22954973851974214,0.022205290542017142,1,0,0.7455366349968244,0.0040025529960985295,FacesUCR,874
2,2,0.1,shapley_sampling,tshap_zero,0.0,0.0,0.1450381679389313,0.2701712583290611,0.0005006461734349266,1,0,0.7455366349968244,0.0040025529960985295,FacesUCR,874
2,2,0.2,shapley_sampling,tshap_zero,0.061224489795918366,0.11538461538461539,0.17557251908396945,0.21105231511641154,-0.007960643426361602,1,0,0.7455366349968244,0.0040025529960985295,FacesUCR,874
2,2,0.05,shapley_sampling,tshap_train,0.16666666666666666,0.2857142857142857,0.03816793893129771,0.22954973851974214,0.1456291325627843,1,1,0.7455366349968244,0.03454020900244359,FacesUCR,874
2,2,0.1,shapley_sampling,tshap_train,0.625,0.7692307692307693,0.022900763358778626,0.2701712583290611,0.2813644322738754,1,1,0.7455366349968244,0.03454020900244359,FacesUCR,874
2,2,0.2,shapley_sampling,tshap_train,0.0,0.0,0.2824427480916031,0.21105231511641154,0.1956283040079565,1,1,0.7455366349968244,0.03454020900244359,FacesUCR,874
2,2,0.05,shapley_sampling,mrsqm,0.0,0.0,0.5343511450381679,0.22954973851974214,0.052236068520388534,1,0,0.7455366349968244,2.2301996068563312e-05,FacesUCR,874
2,2,0.1,shapley_sampling,mrsqm,0.0,0.0,0.5343511450381679,0.2701712583290611,0.09199334296846307,1,0,0.7455366349968244,2.2301996068563312e-05,FacesUCR,874
2,2,0.2,shapley_sampling,mrsqm,0.0,0.0,0.48091603053435117,0.21105231511641154,-0.009825062518598604,1,0,0.7455366349968244,2.2301996068563312e-05,FacesUCR,874
2,2,0.05,feature_ablation,tshap_centroid,0.07692307692307693,0.14285714285714285,0.04580152671755725,0.22954973306579274,0.056019298335868495,1,1,0.03469303699966986,0.004143710000789724,FacesUCR,874
2,2,0.1,feature_ablation,tshap_centroid,0.4444444444444444,0.6153846153846154,0.03816793893129771,0.2701712536320594,0.1459559616819588,1,1,0.03469303699966986,0.004143710000789724,FacesUCR,874
2,2,0.2,feature_ablation,tshap_centroid,0.7931034482758621,0.8846153846153846,0.022900763358778626,0.28332179861482254,0.3379113711954156,1,1,0.03469303699966986,0.004143710000789724,FacesUCR,874
2,2,0.05,feature_ablation,tshap_zero,0.0,0.0,0.10687022900763359,0.22954973306579274,0.022205290542017142,1,0,0.03469303699966986,0.0040025529960985295,FacesUCR,874
2,2,0.1,feature_ablation,tshap_zero,0.0,0.0,0.1450381679389313,0.2701712536320594,0.0005006461734349266,1,0,0.03469303699966986,0.0040025529960985295,FacesUCR,874
2,2,0.2,feature_ablation,tshap_zero,0.0,0.0,0.22900763358778625,0.28332179861482254,-0.007960643426361602,1,0,0.03469303699966986,0.0040025529960985295,FacesUCR,874
2,2,0.05,feature_ablation,tshap_train,0.16666666666666666,0.2857142857142857,0.03816793893129771,0.22954973306579274,0.1456291325627843,1,1,0.03469303699966986,0.03454020900244359,FacesUCR,874
2,2,0.1,feature_ablation,tshap_train,0.625,0.7692307692307693,0.022900763358778626,0.2701712536320594,0.2813644322738754,1,1,0.03469303699966986,0.03454020900244359,FacesUCR,874
2,2,0.2,feature_ablation,tshap_train,0.0,0.0,0.22900763358778625,0.28332179861482254,0.1956283040079565,1,1,0.03469303699966986,0.03454020900244359,FacesUCR,874
2,2,0.05,feature_ablation,mrsqm,0.0,0.0,0.5343511450381679,0.22954973306579274,0.052236068520388534,1,0,0.03469303699966986,2.2301996068563312e-05,FacesUCR,874
2,2,0.1,feature_ablation,mrsqm,0.0,0.0,0.5343511450381679,0.2701712536320594,0.09199334296846307,1,0,0.03469303699966986,2.2301996068563312e-05,FacesUCR,874
2,2,0.2,feature_ablation,mrsqm,0.0,0.0,0.5343511450381679,0.28332179861482254,-0.009825062518598604,1,0,0.03469303699966986,2.2301996068563312e-05,FacesUCR,874
2,2,0.05,tshap_centroid,tshap_zero,0.0,0.0,0.15267175572519084,0.056019298335868495,0.022205290542017142,1,0,0.004143710000789724,0.0040025529960985295,FacesUCR,874
2,2,0.1,tshap_centroid,tshap_zero,0.0,0.0,0.183206106870229,0.1459559616819588,0.0005006461734349266,1,0,0.004143710000789724,0.0040025529960985295,FacesUCR,874
2,2,0.2,tshap_centroid,tshap_zero,0.0,0.0,0.25190839694656486,0.3379113711954156,-0.007960643426361602,1,0,0.004143710000789724,0.0040025529960985295,FacesUCR,874
2,2,0.05,tshap_centroid,tshap_train,0.75,0.8571428571428571,0.007633587786259542,0.056019298335868495,0.1456291325627843,1,1,0.004143710000789724,0.03454020900244359,FacesUCR,874
2,2,0.1,tshap_centroid,tshap_train,0.7333333333333333,0.8461538461538461,0.015267175572519083,0.1459559616819588,0.2813644322738754,1,1,0.004143710000789724,0.03454020900244359,FacesUCR,874
2,2,0.2,tshap_centroid,tshap_train,0.0,0.0,0.20610687022900764,0.3379113711954156,0.1956283040079565,1,1,0.004143710000789724,0.03454020900244359,FacesUCR,874
2,2,0.05,tshap_centroid,mrsqm,0.0,0.0,0.5801526717557252,0.056019298335868495,0.052236068520388534,1,0,0.004143710000789724,2.2301996068563312e-05,FacesUCR,874
2,2,0.1,tshap_centroid,mrsqm,0.0,0.0,0.5725190839694656,0.1459559616819588,0.09199334296846307,1,0,0.004143710000789724,2.2301996068563312e-05,FacesUCR,874
2,2,0.2,tshap_centroid,mrsqm,0.0,0.0,0.5572519083969466,0.3379113711954156,-0.009825062518598604,1,0,0.004143710000789724,2.2301996068563312e-05,FacesUCR,874
2,2,0.05,tshap_zero,tshap_train,0.0,0.0,0.1450381679389313,0.022205290542017142,0.1456291325627843,0,1,0.0040025529960985295,0.03454020900244359,FacesUCR,874
2,2,0.1,tshap_zero,tshap_train,0.0,0.0,0.16793893129770993,0.0005006461734349266,0.2813644322738754,0,1,0.0040025529960985295,0.03454020900244359,FacesUCR,874
2,2,0.2,tshap_zero,tshap_train,0.0,0.0,0.4580152671755725,-0.007960643426361602,0.1956283040079565,0,1,0.0040025529960985295,0.03454020900244359,FacesUCR,874
2,2,0.05,tshap_zero,mrsqm,0.0,0.0,0.42748091603053434,0.022205290542017142,0.052236068520388534,0,0,0.0040025529960985295,2.2301996068563312e-05,FacesUCR,874
2,2,0.1,tshap_zero,mrsqm,0.0,0.0,0.3893129770992366,0.0005006461734349266,0.09199334296846307,0,0,0.0040025529960985295,2.2301996068563312e-05,FacesUCR,874
2,2,0.2,tshap_zero,mrsqm,0.0,0.0,0.3053435114503817,-0.007960643426361602,-0.009825062518598604,0,0,0.0040025529960985295,2.2301996068563312e-05,FacesUCR,874
2,2,0.05,tshap_train,mrsqm,0.0,0.0,0.5725190839694656,0.1456291325627843,0.052236068520388534,1,0,0.03454020900244359,2.2301996068563312e-05,FacesUCR,874
2,2,0.1,tshap_train,mrsqm,0.0,0.0,0.5572519083969466,0.2813644322738754,0.09199334296846307,1,0,0.03454020900244359,2.2301996068563312e-05,FacesUCR,874
2,2,0.2,tshap_train,mrsqm,0.0,0.0,0.7633587786259542,0.1956283040079565,-0.009825062518598604,1,0,0.03454020900244359,2.2301996068563312e-05,FacesUCR,874
7,7,0.05,hydra,shapley_sampling,0.0,0.0,0.40458015267175573,0.2595692813330355,0.4561040573049775,0,0,0.05934870700002648,0.7313554170032148,FacesUCR,171
7,7,0.1,hydra,shapley_sampling,0.0,0.0,0.4351145038167939,0.46063346466415567,0.5375844406922696,0,0,0.05934870700002648,0.7313554170032148,FacesUCR,171
7,7,0.2,hydra,shapley_sampling,0.0,0.0,0.4351145038167939,0.5588321298465289,0.5868181197075577,0,0,0.05934870700002648,0.7313554170032148,FacesUCR,171
7,7,0.05,hydra,feature_ablation,0.0,0.0,0.45038167938931295,0.2595692813330355,0.21414028160799514,0,0,0.05934870700002648,0.03412437500082888,FacesUCR,171
7,7,0.1,hydra,feature_ablation,0.0,0.0,0.48091603053435117,0.46063346466415567,0.32685069076291584,0,0,0.05934870700002648,0.03412437500082888,FacesUCR,171
7,7,0.2,hydra,feature_ablation,0.0,0.0,0.4198473282442748,0.5588321298465289,0.8345952068300706,0,1,0.05934870700002648,0.03412437500082888,FacesUCR,171
7,7,0.05,hydra,tshap_centroid,0.0,0.0,0.3969465648854962,0.2595692813330355,0.5630017503878291,0,0,0.05934870700002648,0.004907959999400191,FacesUCR,171
7,7,0.1,hydra,tshap_centroid,0.0,0.0,0.4122137404580153,0.46063346466415567,0.7093894070192392,0,0,0.05934870700002648,0.004907959999400191,FacesUCR,171
7,7,0.2,hydra,tshap_centroid,0.0,0.0,0.366412213740458,0.5588321298465289,0.6394841255346946,0,0,0.05934870700002648,0.004907959999400191,FacesUCR,171
7,7,0.05,hydra,tshap_zero,0.0,0.0,0.37404580152671757,0.2595692813330355,0.5988030295346496,0,0,0.05934870700002648,0.004720636999991257,FacesUCR,171
7,7,0.1,hydra,tshap_zero,0.0,0.0,0.3816793893129771,0.46063346466415567,0.6280928884133479,0,0,0.05934870700002648,0.004720636999991257,FacesUCR,171
7,7,0.2,hydra,tshap_zero,0.0,0.0,0.3282442748091603,0.5588321298465289,0.6643069595709208,0,0,0.05934870700002648,0.004720636999991257,FacesUCR,171
7,7,0.05,hydra,tshap_train,0.0,0.0,0.22900763358778625,0.2595692813330355,0.32370694537799216,0,0,0.05934870700002648,0.033319527996354736,FacesUCR,171
7,7,0.1,hydra,tshap_train,0.0,0.0,0.22900763358778625,0.46063346466415567,0.3474899482561793,0,0,0.05934870700002648,0.033319527996354736,FacesUCR,171
7,7,0.2,hydra,tshap_train,0.08333333333333333,0.15384615384615385,0.16793893129770993,0.5588321298465289,0.43598177571435914,0,0,0.05934870700002648,0.033319527996354736,FacesUCR,171
7,7,0.05,hydra,mrsqm,0.0,0.0,0.366412213740458,0.2595692813330355,0.2693442425143546,0,0,0.05934870700002648,2.4535998818464577e-05,FacesUCR,171
7,7,0.1,hydra,mrsqm,0.0,0.0,0.33587786259541985,0.46063346466415567,0.29169742024439627,0,0,0.05934870700002648,2.4535998818464577e-05,FacesUCR,171
7,7,0.2,hydra,mrsqm,0.0,0.0,0.33587786259541985,0.5588321298465289,0.2112264297107045,0,0,0.05934870700002648,2.4535998818464577e-05,FacesUCR,171
7,7,0.05,shapley_sampling,feature_ablation,0.07692307692307693,0.14285714285714285,0.04580152671755725,0.4561040573049775,0.21414028160799514,0,0,0.7313554170032148,0.03412437500082888,FacesUCR,171
7,7,0.1,shapley_sampling,feature_ablation,0.3684210526315789,0.5384615384615384,0.04580152671755725,0.5375844406922696,0.32685069076291584,0,0,0.7313554170032148,0.03412437500082888,FacesUCR,171
7,7,0.2,shapley_sampling,feature_ablation,0.8571428571428571,0.9230769230769231,0.015267175572519083,0.5868181197075577,0.8345952068300706,0,1,0.7313554170032148,0.03412437500082888,FacesUCR,171
7,7,0.05,shapley_sampling,tshap_centroid,0.75,0.8571428571428571,0.007633587786259542,0.4561040573049775,0.5630017503878291,0,0,0.7313554170032148,0.004907959999400191,FacesUCR,171
7,7,0.1,shapley_sampling,tshap_centroid,0.625,0.7692307692307693,0.022900763358778626,0.5375844406922696,0.7093894070192392,0,0,0.7313554170032148,0.004907959999400191,FacesUCR,171
7,7,0.2,shapley_sampling,tshap_centroid,0.4857142857142857,0.6538461538461539,0.06870229007633588,0.5868181197075577,0.6394841255346946,0,0,0.7313554170032148,0.004907959999400191,FacesUCR,171
7,7,0.05,shapley_sampling,tshap_zero,0.2727272727272727,0.42857142857142855,0.030534351145038167,0.4561040573049775,0.5988030295346496,0,0,0.7313554170032148,0.004720636999991257,FacesUCR,171
7,7,0.1,shapley_sampling,tshap_zero,0.3,0.46153846153846156,0.05343511450381679,0.5375844406922696,0.6280928884133479,0,0,0.7313554170032148,0.004720636999991257,FacesUCR,171
7,7,0.2,shapley_sampling,tshap_zero,0.3,0.46153846153846156,0.10687022900763359,0.5868181197075577,0.6643069595709208,0,0,0.7313554170032148,0.004720636999991257,FacesUCR,171
7,7,0.05,shapley_sampling,tshap_train,0.0,0.0,0.17557251908396945,0.4561040573049775,0.32370694537799216,0,0,0.7313554170032148,0.033319527996354736,FacesUCR,171
7,7,0.1,shapley_sampling,tshap_train,0.0,0.0,0.20610687022900764,0.5375844406922696,0.3474899482561793,0,0,0.7313554170032148,0.033319527996354736,FacesUCR,171
7,7,0.2,shapley_sampling,tshap_train,0.0,0.0,0.26717557251908397,0.5868181197075577,0.43598177571435914,0,0,0.7313554170032148,0.033319527996354736,FacesUCR,171
7,7,0.05,shapley_sampling,mrsqm,0.0,0.0,0.7709923664122137,0.4561040573049775,0.2693442425143546,0,0,0.7313554170032148,2.4535998818464577e-05,FacesUCR,171
7,7,0.1,shapley_sampling,mrsqm,0.0,0.0,0.7709923664122137,0.5375844406922696,0.29169742024439627,0,0,0.7313554170032148,2.4535998818464577e-05,FacesUCR,171
7,7,0.2,shapley_sampling,mrsqm,0.0,0.0,0.7709923664122137,0.5868181197075577,0.2112264297107045,0,0,0.7313554170032148,2.4535998818464577e-05,FacesUCR,171
7,7,0.05,feature_ablation,tshap_centroid,0.0,0.0,0.05343511450381679,0.21414028160799514,0.5630017503878291,0,0,0.03412437500082888,0.004907959999400191,FacesUCR,171
7,7,0.1,feature_ablation,tshap_centroid,0.18181818181818182,0.3076923076923077,0.06870229007633588,0.32685069076291584,0.7093894070192392,0,0,0.03412437500082888,0.004907959999400191,FacesUCR,171
7,7,0.2,feature_ablation,tshap_centroid,0.5757575757575758,0.7307692307692307,0.05343511450381679,0.8345952068300706,0.6394841255346946,1,0,0.03412437500082888,0.004907959999400191,FacesUCR,171
7,7,0.05,feature_ablation,tshap_zero,0.0,0.0,0.07633587786259542,0.21414028160799514,0.5988030295346496,0,0,0.03412437500082888,0.004720636999991257,FacesUCR,171
7,7,0.1,feature_ablation,tshap_zero,0.0,0.0,0.09923664122137404,0.32685069076291584,0.6280928884133479,0,0,0.03412437500082888,0.004720636999991257,FacesUCR,171
7,7,0.2,feature_ablation,tshap_zero,0.3684210526315789,0.5384615384615384,0.0916030534351145,0.8345952068300706,0.6643069595709208,1,0,0.03412437500082888,0.004720636999991257,FacesUCR,171
7,7,0.05,feature_ablation,tshap_train,0.0,0.0,0.22137404580152673,0.21414028160799514,0.32370694537799216,0,0,0.03412437500082888,0.033319527996354736,FacesUCR,171
7,7,0.1,feature_ablation,tshap_train,0.0,0.0,0.25190839694656486,0.32685069076291584,0.3474899482561793,0,0,0.03412437500082888,0.033319527996354736,FacesUCR,171
7,7,0.2,feature_ablation,tshap_train,0.0,0.0,0.25190839694656486,0.8345952068300706,0.43598177571435914,1,0,0.03412437500082888,0.033319527996354736,FacesUCR,171
7,7,0.05,feature_ablation,mrsqm,0.0,0.0,0.816793893129771,0.21414028160799514,0.2693442425143546,0,0,0.03412437500082888,2.4535998818464577e-05,FacesUCR,171
7,7,0.1,feature_ablation,mrsqm,0.0,0.0,0.816793893129771,0.32685069076291584,0.29169742024439627,0,0,0.03412437500082888,2.4535998818464577e-05,FacesUCR,171
7,7,0.2,feature_ablation,mrsqm,0.0,0.0,0.7557251908396947,0.8345952068300706,0.2112264297107045,1,0,0.03412437500082888,2.4535998818464577e-05,FacesUCR,171
7,7,0.05,tshap_centroid,tshap_zero,0.4,0.5714285714285714,0.022900763358778626,0.5630017503878291,0.5988030295346496,0,0,0.004907959999400191,0.004720636999991257,FacesUCR,171
7,7,0.1,tshap_centroid,tshap_zero,0.5294117647058824,0.6923076923076923,0.030534351145038167,0.7093894070192392,0.6280928884133479,0,0,0.004907959999400191,0.004720636999991257,FacesUCR,171
7,7,0.2,tshap_centroid,tshap_zero,0.6774193548387096,0.8076923076923077,0.03816793893129771,0.6394841255346946,0.6643069595709208,0,0,0.004907959999400191,0.004720636999991257,FacesUCR,171
7,7,0.05,tshap_centroid,tshap_train,0.0,0.0,0.16793893129770993,0.5630017503878291,0.32370694537799216,0,0,0.004907959999400191,0.033319527996354736,FacesUCR,171
7,7,0.1,tshap_centroid,tshap_train,0.0,0.0,0.183206106870229,0.7093894070192392,0.3474899482561793,0,0,0.004907959999400191,0.033319527996354736,FacesUCR,171
7,7,0.2,tshap_centroid,tshap_train,0.0,0.0,0.1984732824427481,0.6394841255346946,0.43598177571435914,0,0,0.004907959999400191,0.033319527996354736,FacesUCR,171
7,7,0.05,tshap_centroid,mrsqm,0.0,0.0,0.7633587786259542,0.5630017503878291,0.2693442425143546,0,0,0.004907959999400191,2.4535998818464577e-05,FacesUCR,171
7,7,0.1,tshap_centroid,mrsqm,0.0,0.0,0.7480916030534351,0.7093894070192392,0.29169742024439627,0,0,0.004907959999400191,2.4535998818464577e-05,FacesUCR,171
7,7,0.2,tshap_centroid,mrsqm,0.0,0.0,0.7022900763358778,0.6394841255346946,0.2112264297107045,0,0,0.004907959999400191,2.4535998818464577e-05,FacesUCR,171
7,7,0.05,tshap_zero,tshap_train,0.0,0.0,0.1450381679389313,0.5988030295346496,0.32370694537799216,0,0,0.004720636999991257,0.033319527996354736,FacesUCR,171
7,7,0.1,tshap_zero,tshap_train,0.0,0.0,0.15267175572519084,0.6280928884133479,0.3474899482561793,0,0,0.004720636999991257,0.033319527996354736,FacesUCR,171
7,7,0.2,tshap_zero,tshap_train,0.10638297872340426,0.19230769230769232,0.16030534351145037,0.6643069595709208,0.43598177571435914,0,0,0.004720636999991257,0.033319527996354736,FacesUCR,171
7,7,0.05,tshap_zero,mrsqm,0.0,0.0,0.7404580152671756,0.5988030295346496,0.2693442425143546,0,0,0.004720636999991257,2.4535998818464577e-05,FacesUCR,171
7,7,0.1,tshap_zero,mrsqm,0.0,0.0,0.7175572519083969,0.6280928884133479,0.29169742024439627,0,0,0.004720636999991257,2.4535998818464577e-05,FacesUCR,171
7,7,0.2,tshap_zero,mrsqm,0.0,0.0,0.6641221374045801,0.6643069595709208,0.2112264297107045,0,0,0.004720636999991257,2.4535998818464577e-05,FacesUCR,171
7,7,0.05,tshap_train,mrsqm,0.0,0.0,0.5954198473282443,0.32370694537799216,0.2693442425143546,0,0,0.033319527996354736,2.4535998818464577e-05,FacesUCR,171
7,7,0.1,tshap_train,mrsqm,0.0,0.0,0.5648854961832062,0.3474899482561793,0.29169742024439627,0,0,0.033319527996354736,2.4535998818464577e-05,FacesUCR,171
7,7,0.2,tshap_train,mrsqm,0.0,0.0,0.5038167938931297,0.43598177571435914,0.2112264297107045,0,0,0.033319527996354736,2.4535998818464577e-05,FacesUCR,171
11,11,0.05,hydra,shapley_sampling,0.0,0.0,0.1297709923664122,0.22892942382811898,0.45041406036714315,0,0,0.05933466999704251,0.7407333829978597,FacesUCR,915
11,11,0.1,hydra,shapley_sampling,0.0,0.0,0.12213740458015267,0.6476702323730659,0.6273493295746819,0,0,0.05933466999704251,0.7407333829978597,FacesUCR,915
11,11,0.2,hydra,shapley_sampling,0.061224489795918366,0.11538461538461539,0.17557251908396945,1.2654660006367418,1.0196746835154769,0,0,0.05933466999704251,0.7407333829978597,FacesUCR,915
11,11,0.05,hydra,feature_ablation,0.0,0.0,0.12213740458015267,0.22892942382811898,0.42855623550331234,0,0,0.05933466999704251,0.03405544599809218,FacesUCR,915
11,11,0.1,hydra,feature_ablation,0.0,0.0,0.1984732824427481,0.6476702323730659,0.514188369298987,0,0,0.05933466999704251,0.03405544599809218,FacesUCR,915
11,11,0.2,hydra,feature_ablation,0.2682926829268293,0.4230769230769231,0.11450381679389313,1.2654660006367418,0.9474301396800306,0,1,0.05933466999704251,0.03405544599809218,FacesUCR,915
11,11,0.05,hydra,tshap_centroid,0.16666666666666666,0.2857142857142857,0.03816793893129771,0.22892942382811898,0.46583900034657066,0,0,0.05933466999704251,0.004544344999885652,FacesUCR,915
11,11,0.1,hydra,tshap_centroid,0.23809523809523808,0.38461538461538464,0.061068702290076333,0.6476702323730659,0.7445735319322597,0,0,0.05933466999704251,0.004544344999885652,FacesUCR,915
11,11,0.2,hydra,tshap_centroid,0.9259259259259259,0.9615384615384616,0.007633587786259542,1.2654660006367418,1.2913196126142577,0,1,0.05933466999704251,0.004544344999885652,FacesUCR,915
11,11,0.05,hydra,tshap_zero,0.0,0.0,0.6564885496183206,0.22892942382811898,0.029832805897846315,0,0,0.05933466999704251,0.004816527994989883,FacesUCR,915
11,11,0.1,hydra,tshap_zero,0.0,0.0,0.6106870229007634,0.6476702323730659,0.07157825290762343,0,0,0.05933466999704251,0.004816527994989883,FacesUCR,915
11,11,0.2,hydra,tshap_zero,0.0,0.0,0.6183206106870229,1.2654660006367418,0.02788014813534745,0,0,0.05933466999704251,0.004816527994989883,FacesUCR,915
11,11,0.05,hydra,tshap_train,0.5555555555555556,0.7142857142857143,0.015267175572519083,0.22892942382811898,0.373172396074108,0,0,0.05933466999704251,0.03358390599896666,FacesUCR,915
11,11,0.1,hydra,tshap_train,0.625,0.7692307692307693,0.022900763358778626,0.6476702323730659,0.7779980850411147,0,0,0.05933466999704251,0.03358390599896666,FacesUCR,915
11,11,0.2,hydra,tshap_train,0.9259259259259259,0.9615384615384616,0.007633587786259542,1.2654660006367418,1.289860522341581,0,0,0.05933466999704251,0.03358390599896666,FacesUCR,915
11,11,0.05,hydra,mrsqm,0.0,0.0,0.7099236641221374,0.22892942382811898,-0.1026319299969145,0,0,0.05933466999704251,2.7501999284140766e-05,FacesUCR,915
11,11,0.1,hydra,mrsqm,0.0,0.0,0.6564885496183206,0.6476702323730659,-0.036769054958045055,0,0,0.05933466999704251,2.7501999284140766e-05,FacesUCR,915
11,11,0.2,hydra,mrsqm,0.0,0.0,0.6564885496183206,1.2654660006367418,-0.00018723849428936568,0,0,0.05933466999704251,2.7501999284140766e-05,FacesUCR,915
11,11,0.05,shapley_sampling,feature_ablation,0.75,0.8571428571428571,0.007633587786259542,0.45041406036714315,0.42855623550331234,0,0,0.7407333829978597,0.03405544599809218,FacesUCR,915
11,11,0.1,shapley_sampling,feature_ablation,0.0,0.0,0.32061068702290074,0.6273493295746819,0.514188369298987,0,0,0.7407333829978597,0.03405544599809218,FacesUCR,915
11,11,0.2,shapley_sampling,feature_ablation,0.0,0.0,0.2900763358778626,1.0196746835154769,0.9474301396800306,0,1,0.7407333829978597,0.03405544599809218,FacesUCR,915
11,11,0.05,shapley_sampling,tshap_centroid,0.0,0.0,0.16793893129770993,0.45041406036714315,0.46583900034657066,0,0,0.7407333829978597,0.004544344999885652,FacesUCR,915
11,11,0.1,shapley_sampling,tshap_centroid,0.0,0.0,0.183206106870229,0.6273493295746819,0.7445735319322597,0,0,0.7407333829978597,0.004544344999885652,FacesUCR,915
11,11,0.2,shapley_sampling,tshap_centroid,0.04,0.07692307692307693,0.183206106870229,1.0196746835154769,1.2913196126142577,0,1,0.7407333829978597,0.004544344999885652,FacesUCR,915
11,11,0.05,shapley_sampling,tshap_zero,0.0,0.0,0.5267175572519084,0.45041406036714315,0.029832805897846315,0,0,0.7407333829978597,0.004816527994989883,FacesUCR,915
11,11,0.1,shapley_sampling,tshap_zero,0.0,0.0,0.48854961832061067,0.6273493295746819,0.07157825290762343,0,0,0.7407333829978597,0.004816527994989883,FacesUCR,915
11,11,0.2,shapley_sampling,tshap_zero,0.0,0.0,0.44274809160305345,1.0196746835154769,0.02788014813534745,0,0,0.7407333829978597,0.004816527994989883,FacesUCR,915
11,11,0.05,shapley_sampling,tshap_train,0.0,0.0,0.11450381679389313,0.45041406036714315,0.373172396074108,0,0,0.7407333829978597,0.03358390599896666,FacesUCR,915
11,11,0.1,shapley_sampling,tshap_train,0.0,0.0,0.1450381679389313,0.6273493295746819,0.7779980850411147,0,0,0.7407333829978597,0.03358390599896666,FacesUCR,915
11,11,0.2,shapley_sampling,tshap_train,0.08333333333333333,0.15384615384615385,0.16793893129770993,1.0196746835154769,1.289860522341581,0,0,0.7407333829978597,0.03358390599896666,FacesUCR,915
11,11,0.05,shapley_sampling,mrsqm,0.0,0.0,0.5801526717557252,0.45041406036714315,-0.1026319299969145,0,0,0.7407333829978597,2.7501999284140766e-05,FacesUCR,915
11,11,0.1,shapley_sampling,mrsqm,0.0,0.0,0.5343511450381679,0.6273493295746819,-0.036769054958045055,0,0,0.7407333829978597,2.7501999284140766e-05,FacesUCR,915
11,11,0.2,shapley_sampling,mrsqm,0.0,0.0,0.48091603053435117,1.0196746835154769,-0.00018723849428936568,0,0,0.7407333829978597,2.7501999284140766e-05,FacesUCR,915
11,11,0.05,feature_ablation,tshap_centroid,0.0,0.0,0.16030534351145037,0.42855623550331234,0.46583900034657066,0,0,0.03405544599809218,0.004544344999885652,FacesUCR,915
11,11,0.1,feature_ablation,tshap_centroid,0.0,0.0,0.13740458015267176,0.514188369298987,0.7445735319322597,0,0,0.03405544599809218,0.004544344999885652,FacesUCR,915
11,11,0.2,feature_ablation,tshap_centroid,0.3,0.46153846153846156,0.10687022900763359,0.9474301396800306,1.2913196126142577,1,1,0.03405544599809218,0.004544344999885652,FacesUCR,915
11,11,0.05,feature_ablation,tshap_zero,0.0,0.0,0.5343511450381679,0.42855623550331234,0.029832805897846315,0,0,0.03405544599809218,0.004816527994989883,FacesUCR,915
11,11,0.1,feature_ablation,tshap_zero,0.0,0.0,0.8091603053435115,0.514188369298987,0.07157825290762343,0,0,0.03405544599809218,0.004816527994989883,FacesUCR,915
11,11,0.2,feature_ablation,tshap_zero,0.0,0.0,0.732824427480916,0.9474301396800306,0.02788014813534745,1,0,0.03405544599809218,0.004816527994989883,FacesUCR,915
11,11,0.05,feature_ablation,tshap_train,0.0,0.0,0.10687022900763359,0.42855623550331234,0.373172396074108,0,0,0.03405544599809218,0.03358390599896666,FacesUCR,915
11,11,0.1,feature_ablation,tshap_train,0.0,0.0,0.17557251908396945,0.514188369298987,0.7779980850411147,0,0,0.03405544599809218,0.03358390599896666,FacesUCR,915
11,11,0.2,feature_ablation,tshap_train,0.23809523809523808,0.38461538461538464,0.12213740458015267,0.9474301396800306,1.289860522341581,1,0,0.03405544599809218,0.03358390599896666,FacesUCR,915
11,11,0.05,feature_ablation,mrsqm,0.0,0.0,0.5877862595419847,0.42855623550331234,-0.1026319299969145,0,0,0.03405544599809218,2.7501999284140766e-05,FacesUCR,915
11,11,0.1,feature_ablation,mrsqm,0.0,0.0,0.8549618320610687,0.514188369298987,-0.036769054958045055,0,0,0.03405544599809218,2.7501999284140766e-05,FacesUCR,915
11,11,0.2,feature_ablation,mrsqm,0.0,0.0,0.7709923664122137,0.9474301396800306,-0.00018723849428936568,1,0,0.03405544599809218,2.7501999284140766e-05,FacesUCR,915
11,11,0.05,tshap_centroid,tshap_zero,0.0,0.0,0.6946564885496184,0.46583900034657066,0.029832805897846315,0,0,0.004544344999885652,0.004816527994989883,FacesUCR,915
11,11,0.1,tshap_centroid,tshap_zero,0.0,0.0,0.6717557251908397,0.7445735319322597,0.07157825290762343,0,0,0.004544344999885652,0.004816527994989883,FacesUCR,915
11,11,0.2,tshap_centroid,tshap_zero,0.0,0.0,0.6259541984732825,1.2913196126142577,0.02788014813534745,1,0,0.004544344999885652,0.004816527994989883,FacesUCR,915
11,11,0.05,tshap_centroid,tshap_train,0.0,0.0,0.05343511450381679,0.46583900034657066,0.373172396074108,0,0,0.004544344999885652,0.03358390599896666,FacesUCR,915
11,11,0.1,tshap_centroid,tshap_train,0.4444444444444444,0.6153846153846154,0.03816793893129771,0.7445735319322597,0.7779980850411147,0,0,0.004544344999885652,0.03358390599896666,FacesUCR,915
11,11,0.2,tshap_centroid,tshap_train,0.8571428571428571,0.9230769230769231,0.015267175572519083,1.2913196126142577,1.289860522341581,1,0,0.004544344999885652,0.03358390599896666,FacesUCR,915
11,11,0.05,tshap_centroid,mrsqm,0.0,0.0,0.7480916030534351,0.46583900034657066,-0.1026319299969145,0,0,0.004544344999885652,2.7501999284140766e-05,FacesUCR,915
11,11,0.1,tshap_centroid,mrsqm,0.0,0.0,0.7175572519083969,0.7445735319322597,-0.036769054958045055,0,0,0.004544344999885652,2.7501999284140766e-05,FacesUCR,915
11,11,0.2,tshap_centroid,mrsqm,0.0,0.0,0.6641221374045801,1.2913196126142577,-0.00018723849428936568,1,0,0.004544344999885652,2.7501999284140766e-05,FacesUCR,915
11,11,0.05,tshap_zero,tshap_train,0.0,0.0,0.6412213740458015,0.029832805897846315,0.373172396074108,0,0,0.004816527994989883,0.03358390599896666,FacesUCR,915
11,11,0.1,tshap_zero,tshap_train,0.0,0.0,0.6335877862595419,0.07157825290762343,0.7779980850411147,0,0,0.004816527994989883,0.03358390599896666,FacesUCR,915
11,11,0.2,tshap_zero,tshap_train,0.0,0.0,0.6106870229007634,0.02788014813534745,1.289860522341581,0,0,0.004816527994989883,0.03358390599896666,FacesUCR,915
11,11,0.05,tshap_zero,mrsqm,0.0,0.0,0.05343511450381679,0.029832805897846315,-0.1026319299969145,0,0,0.004816527994989883,2.7501999284140766e-05,FacesUCR,915
11,11,0.1,tshap_zero,mrsqm,0.3684210526315789,0.5384615384615384,0.04580152671755725,0.07157825290762343,-0.036769054958045055,0,0,0.004816527994989883,2.7501999284140766e-05,FacesUCR,915
11,11,0.2,tshap_zero,mrsqm,0.6774193548387096,0.8076923076923077,0.03816793893129771,0.02788014813534745,-0.00018723849428936568,0,0,0.004816527994989883,2.7501999284140766e-05,FacesUCR,915
11,11,0.05,tshap_train,mrsqm,0.0,0.0,0.6946564885496184,0.373172396074108,-0.1026319299969145,0,0,0.03358390599896666,2.7501999284140766e-05,FacesUCR,915
11,11,0.1,tshap_train,mrsqm,0.0,0.0,0.6793893129770993,0.7779980850411147,-0.036769054958045055,0,0,0.03358390599896666,2.7501999284140766e-05,FacesUCR,915
11,11,0.2,tshap_train,mrsqm,0.0,0.0,0.648854961832061,1.289860522341581,-0.00018723849428936568,0,0,0.03358390599896666,2.7501999284140766e-05,FacesUCR,915
4,4,0.05,hydra,shapley_sampling,0.0,0.0,0.08396946564885496,0.8295326765359204,0.15484409574941038,0,0,0.05977457900007721,0.7408395229940652,FacesUCR,1744
4,4,0.1,hydra,shapley_sampling,0.4444444444444444,0.6153846153846154,0.03816793893129771,1.0258924476628164,0.0904958408160943,1,0,0.05977457900007721,0.7408395229940652,FacesUCR,1744
4,4,0.2,hydra,shapley_sampling,0.0,0.0,0.2748091603053435,0.9424095211812165,0.10013271827663806,1,0,0.05977457900007721,0.7408395229940652,FacesUCR,1744
4,4,0.05,hydra,feature_ablation,0.0,0.0,0.08396946564885496,0.8295326765359204,0.1548441021635778,0,0,0.05977457900007721,0.031569159000355285,FacesUCR,1744
4,4,0.1,hydra,feature_ablation,0.3684210526315789,0.5384615384615384,0.04580152671755725,1.0258924476628164,0.12360327240079338,1,0,0.05977457900007721,0.031569159000355285,FacesUCR,1744
4,4,0.2,hydra,feature_ablation,0.7333333333333333,0.8461538461538461,0.030534351145038167,0.9424095211812165,0.003405375158089363,1,0,0.05977457900007721,0.031569159000355285,FacesUCR,1744
4,4,0.05,hydra,tshap_centroid,0.16666666666666666,0.2857142857142857,0.03816793893129771,0.8295326765359204,0.04848125396811809,0,0,0.05977457900007721,0.0041658920017653145,FacesUCR,1744
4,4,0.1,hydra,tshap_centroid,0.8571428571428571,0.9230769230769231,0.007633587786259542,1.0258924476628164,0.04155970118832952,1,0,0.05977457900007721,0.0041658920017653145,FacesUCR,1744
4,4,0.2,hydra,tshap_centroid,1.0,1.0,0.0,0.9424095211812165,0.9424095242173749,1,1,0.05977457900007721,0.0041658920017653145,FacesUCR,1744
4,4,0.05,hydra,tshap_zero,0.0,0.0,0.20610687022900764,0.8295326765359204,-0.1431145579054609,0,0,0.05977457900007721,0.003970793994085398,FacesUCR,1744
4,4,0.1,hydra,tshap_zero,0.0,0.0,0.19083969465648856,1.0258924476628164,-0.19188840276912256,1,0,0.05977457900007721,0.003970793994085398,FacesUCR,1744
4,4,0.2,hydra,tshap_zero,0.04,0.07692307692307693,0.183206106870229,0.9424095211812165,-0.33017414419168656,1,0,0.05977457900007721,0.003970793994085398,FacesUCR,1744
4,4,0.05,hydra,tshap_train,0.2727272727272727,0.42857142857142855,0.030534351145038167,0.8295326765359204,0.05683615759743521,0,0,0.05977457900007721,0.03353617699758615,FacesUCR,1744
4,4,0.1,hydra,tshap_train,1.0,1.0,0.0,1.0258924476628164,1.025892444897392,1,1,0.05977457900007721,0.03353617699758615,FacesUCR,1744
4,4,0.2,hydra,tshap_train,1.0,1.0,0.0,0.9424095211812165,0.9424095261923158,1,1,0.05977457900007721,0.03353617699758615,FacesUCR,1744
4,4,0.05,hydra,mrsqm,0.0,0.0,0.9465648854961832,0.8295326765359204,0.13539773613210748,0,0,0.05977457900007721,2.479699469404295e-05,FacesUCR,1744
4,4,0.1,hydra,mrsqm,0.0,0.0,0.9007633587786259,1.0258924476628164,0.1437608443863545,1,0,0.05977457900007721,2.479699469404295e-05,FacesUCR,1744
4,4,0.2,hydra,mrsqm,0.0,0.0,0.8015267175572519,0.9424095211812165,0.13325289318001055,1,0,0.05977457900007721,2.479699469404295e-05,FacesUCR,1744
4,4,0.05,shapley_sampling,feature_ablation,1.0,1.0,0.0,0.15484409574941038,0.1548441021635778,0,0,0.7408395229940652,0.031569159000355285,FacesUCR,1744
4,4,0.1,shapley_sampling,feature_ablation,0.8571428571428571,0.9230769230769231,0.007633587786259542,0.0904958408160943,0.12360327240079338,0,0,0.7408395229940652,0.031569159000355285,FacesUCR,1744
4,4,0.2,shapley_sampling,feature_ablation,0.0,0.0,0.24427480916030533,0.10013271827663806,0.003405375158089363,0,0,0.7408395229940652,0.031569159000355285,FacesUCR,1744
4,4,0.05,shapley_sampling,tshap_centroid,0.07692307692307693,0.14285714285714285,0.04580152671755725,0.15484409574941038,0.04848125396811809,0,0,0.7408395229940652,0.0041658920017653145,FacesUCR,1744
4,4,0.1,shapley_sampling,tshap_centroid,0.5294117647058824,0.6923076923076923,0.030534351145038167,0.0904958408160943,0.04155970118832952,0,0,0.7408395229940652,0.0041658920017653145,FacesUCR,1744
4,4,0.2,shapley_sampling,tshap_centroid,0.0,0.0,0.2748091603053435,0.10013271827663806,0.9424095242173749,0,1,0.7408395229940652,0.0041658920017653145,FacesUCR,1744
4,4,0.05,shapley_sampling,tshap_zero,0.0,0.0,0.12213740458015267,0.15484409574941038,-0.1431145579054609,0,0,0.7408395229940652,0.003970793994085398,FacesUCR,1744
4,4,0.1,shapley_sampling,tshap_zero,0.0,0.0,0.15267175572519084,0.0904958408160943,-0.19188840276912256,0,0,0.7408395229940652,0.003970793994085398,FacesUCR,1744
4,4,0.2,shapley_sampling,tshap_zero,0.3684210526315789,0.5384615384615384,0.0916030534351145,0.10013271827663806,-0.33017414419168656,0,0,0.7408395229940652,0.003970793994085398,FacesUCR,1744
4,4,0.05,shapley_sampling,tshap_train,0.0,0.0,0.05343511450381679,0.15484409574941038,0.05683615759743521,0,0,0.7408395229940652,0.03353617699758615,FacesUCR,1744
4,4,0.1,shapley_sampling,tshap_train,0.4444444444444444,0.6153846153846154,0.03816793893129771,0.0904958408160943,1.025892444897392,0,1,0.7408395229940652,0.03353617699758615,FacesUCR,1744
4,4,0.2,shapley_sampling,tshap_train,0.0,0.0,0.2748091603053435,0.10013271827663806,0.9424095261923158,0,1,0.7408395229940652,0.03353617699758615,FacesUCR,1744
4,4,0.05,shapley_sampling,mrsqm,0.0,0.0,0.8625954198473282,0.15484409574941038,0.13539773613210748,0,0,0.7408395229940652,2.479699469404295e-05,FacesUCR,1744
4,4,0.1,shapley_sampling,mrsqm,0.0,0.0,0.8625954198473282,0.0904958408160943,0.1437608443863545,0,0,0.7408395229940652,2.479699469404295e-05,FacesUCR,1744
4,4,0.2,shapley_sampling,mrsqm,0.0,0.0,0.5267175572519084,0.10013271827663806,0.13325289318001055,0,0,0.7408395229940652,2.479699469404295e-05,FacesUCR,1744
4,4,0.05,feature_ablation,tshap_centroid,0.07692307692307693,0.14285714285714285,0.04580152671755725,0.1548441021635778,0.04848125396811809,0,0,0.031569159000355285,0.0041658920017653145,FacesUCR,1744
4,4,0.1,feature_ablation,tshap_centroid,0.4444444444444444,0.6153846153846154,0.03816793893129771,0.12360327240079338,0.04155970118832952,0,0,0.031569159000355285,0.0041658920017653145,FacesUCR,1744
4,4,0.2,feature_ablation,tshap_centroid,0.7333333333333333,0.8461538461538461,0.030534351145038167,0.003405375158089363,0.9424095242173749,0,1,0.031569159000355285,0.0041658920017653145,FacesUCR,1744
4,4,0.05,feature_ablation,tshap_zero,0.0,0.0,0.12213740458015267,0.1548441021635778,-0.1431145579054609,0,0,0.031569159000355285,0.003970793994085398,FacesUCR,1744
4,4,0.1,feature_ablation,tshap_zero,0.0,0.0,0.1450381679389313,0.12360327240079338,-0.19188840276912256,0,0,0.031569159000355285,0.003970793994085398,FacesUCR,1744
4,4,0.2,feature_ablation,tshap_zero,0.13043478260869565,0.23076923076923078,0.15267175572519084,0.003405375158089363,-0.33017414419168656,0,0,0.031569159000355285,0.003970793994085398,FacesUCR,1744
4,4,0.05,feature_ablation,tshap_train,0.0,0.0,0.05343511450381679,0.1548441021635778,0.05683615759743521,0,0,0.031569159000355285,0.03353617699758615,FacesUCR,1744
4,4,0.1,feature_ablation,tshap_train,0.3684210526315789,0.5384615384615384,0.04580152671755725,0.12360327240079338,1.025892444897392,0,1,0.031569159000355285,0.03353617699758615,FacesUCR,1744
4,4,0.2,feature_ablation,tshap_train,0.7333333333333333,0.8461538461538461,0.030534351145038167,0.003405375158089363,0.9424095261923158,0,1,0.031569159000355285,0.03353617699758615,FacesUCR,1744
4,4,0.05,feature_ablation,mrsqm,0.0,0.0,0.8625954198473282,0.1548441021635778,0.13539773613210748,0,0,0.031569159000355285,2.479699469404295e-05,FacesUCR,1744
4,4,0.1,feature_ablation,mrsqm,0.0,0.0,0.8549618320610687,0.12360327240079338,0.1437608443863545,0,0,0.031569159000355285,2.479699469404295e-05,FacesUCR,1744
4,4,0.2,feature_ablation,mrsqm,0.0,0.0,0.7709923664122137,0.003405375158089363,0.13325289318001055,0,0,0.031569159000355285,2.479699469404295e-05,FacesUCR,1744
4,4,0.05,tshap_centroid,tshap_zero,0.0,0.0,0.16793893129770993,0.04848125396811809,-0.1431145579054609,0,0,0.0041658920017653145,0.003970793994085398,FacesUCR,1744
4,4,0.1,tshap_centroid,tshap_zero,0.0,0.0,0.183206106870229,0.04155970118832952,-0.19188840276912256,0,0,0.0041658920017653145,0.003970793994085398,FacesUCR,1744
4,4,0.2,tshap_centroid,tshap_zero,0.04,0.07692307692307693,0.183206106870229,0.9424095242173749,-0.33017414419168656,1,0,0.0041658920017653145,0.003970793994085398,FacesUCR,1744
4,4,0.05,tshap_centroid,tshap_train,0.75,0.8571428571428571,0.007633587786259542,0.04848125396811809,0.05683615759743521,0,0,0.0041658920017653145,0.03353617699758615,FacesUCR,1744
4,4,0.1,tshap_centroid,tshap_train,0.8571428571428571,0.9230769230769231,0.007633587786259542,0.04155970118832952,1.025892444897392,0,1,0.0041658920017653145,0.03353617699758615,FacesUCR,1744
4,4,0.2,tshap_centroid,tshap_train,1.0,1.0,0.0,0.9424095242173749,0.9424095261923158,1,1,0.0041658920017653145,0.03353617699758615,FacesUCR,1744
4,4,0.05,tshap_centroid,mrsqm,0.0,0.0,0.9083969465648855,0.04848125396811809,0.13539773613210748,0,0,0.0041658920017653145,2.479699469404295e-05,FacesUCR,1744
4,4,0.1,tshap_centroid,mrsqm,0.0,0.0,0.8931297709923665,0.04155970118832952,0.1437608443863545,0,0,0.0041658920017653145,2.479699469404295e-05,FacesUCR,1744
4,4,0.2,tshap_centroid,mrsqm,0.0,0.0,0.8015267175572519,0.9424095242173749,0.13325289318001055,1,0,0.0041658920017653145,2.479699469404295e-05,FacesUCR,1744
4,4,0.05,tshap_zero,tshap_train,0.0,0.0,0.17557251908396945,-0.1431145579054609,0.05683615759743521,0,0,0.003970793994085398,0.03353617699758615,FacesUCR,1744
4,4,0.1,tshap_zero,tshap_train,0.0,0.0,0.19083969465648856,-0.19188840276912256,1.025892444897392,0,1,0.003970793994085398,0.03353617699758615,FacesUCR,1744
4,4,0.2,tshap_zero,tshap_train,0.04,0.07692307692307693,0.183206106870229,-0.33017414419168656,0.9424095261923158,0,1,0.003970793994085398,0.03353617699758615,FacesUCR,1744
4,4,0.05,tshap_zero,mrsqm,0.0,0.0,0.7404580152671756,-0.1431145579054609,0.13539773613210748,0,0,0.003970793994085398,2.479699469404295e-05,FacesUCR,1744
4,4,0.1,tshap_zero,mrsqm,0.0,0.0,0.7099236641221374,-0.19188840276912256,0.1437608443863545,0,0,0.003970793994085398,2.479699469404295e-05,FacesUCR,1744
4,4,0.2,tshap_zero,mrsqm,0.0,0.0,0.6183206106870229,-0.33017414419168656,0.13325289318001055,0,0,0.003970793994085398,2.479699469404295e-05,FacesUCR,1744
4,4,0.05,tshap_train,mrsqm,0.0,0.0,0.916030534351145,0.05683615759743521,0.13539773613210748,0,0,0.03353617699758615,2.479699469404295e-05,FacesUCR,1744
4,4,0.1,tshap_train,mrsqm,0.0,0.0,0.9007633587786259,1.025892444897392,0.1437608443863545,1,0,0.03353617699758615,2.479699469404295e-05,FacesUCR,1744
4,4,0.2,tshap_train,mrsqm,0.0,0.0,0.8015267175572519,0.9424095261923158,0.13325289318001055,1,0,0.03353617699758615,2.479699469404295e-05,FacesUCR,1744
8,8,0.05,hydra,shapley_sampling,0.0,0.0,0.44274809160305345,0.304285066386214,0.27899464259148476,0,0,0.05970571900252253,0.7397954150001169,FacesUCR,188
8,8,0.1,hydra,shapley_sampling,0.0,0.0,0.29770992366412213,0.2958068365750989,0.4722804149941279,0,0,0.05970571900252253,0.7397954150001169,FacesUCR,188
8,8,0.2,hydra,shapley_sampling,0.0,0.0,0.20610687022900764,0.7783508197839297,0.7150923014975384,0,1,0.05970571900252253,0.7397954150001169,FacesUCR,188
8,8,0.05,hydra,feature_ablation,0.0,0.0,0.44274809160305345,0.304285066386214,0.2789946283806144,0,0,0.05970571900252253,0.032473444000061136,FacesUCR,188
8,8,0.1,hydra,feature_ablation,0.08333333333333333,0.15384615384615385,0.08396946564885496,0.2958068365750989,0.3790211854076442,0,0,0.05970571900252253,0.032473444000061136,FacesUCR,188
8,8,0.2,hydra,feature_ablation,0.0,0.0,0.4961832061068702,0.7783508197839297,0.5791426428426314,0,1,0.05970571900252253,0.032473444000061136,FacesUCR,188
8,8,0.05,hydra,tshap_centroid,1.0,1.0,0.0,0.304285066386214,0.30428506742760275,0,0,0.05970571900252253,0.004156043003604282,FacesUCR,188
8,8,0.1,hydra,tshap_centroid,0.0,0.0,0.3816793893129771,0.2958068365750989,0.5461079325959763,0,0,0.05970571900252253,0.004156043003604282,FacesUCR,188
8,8,0.2,hydra,tshap_centroid,0.4444444444444444,0.6153846153846154,0.07633587786259542,0.7783508197839297,1.015600731192372,0,1,0.05970571900252253,0.004156043003604282,FacesUCR,188
8,8,0.05,hydra,tshap_zero,0.0,0.0,0.22900763358778625,0.304285066386214,0.08396324400345345,0,0,0.05970571900252253,0.00497150000592228,FacesUCR,188
8,8,0.1,hydra,tshap_zero,0.0,0.0,0.15267175572519084,0.2958068365750989,-0.08840053397464054,0,0,0.05970571900252253,0.00497150000592228,FacesUCR,188
8,8,0.2,hydra,tshap_zero,0.0,0.0,0.20610687022900764,0.7783508197839297,0.2217992115723314,0,0,0.05970571900252253,0.00497150000592228,FacesUCR,188
8,8,0.05,hydra,tshap_train,1.0,1.0,0.0,0.304285066386214,0.30428506797871324,0,0,0.05970571900252253,0.03396523500123294,FacesUCR,188
8,8,0.1,hydra,tshap_train,0.0,0.0,0.37404580152671757,0.2958068365750989,0.4936724979007543,0,0,0.05970571900252253,0.03396523500123294,FacesUCR,188
8,8,0.2,hydra,tshap_train,0.3684210526315789,0.5384615384615384,0.0916030534351145,0.7783508197839297,0.9684296445317658,0,1,0.05970571900252253,0.03396523500123294,FacesUCR,188
8,8,0.05,hydra,mrsqm,0.0,0.0,0.4198473282442748,0.304285066386214,0.02233935644465679,0,0,0.05970571900252253,2.3955995857249945e-05,FacesUCR,188
8,8,0.1,hydra,mrsqm,0.0,0.0,0.7786259541984732,0.2958068365750989,0.216958347089526,0,0,0.05970571900252253,2.3955995857249945e-05,FacesUCR,188
8,8,0.2,hydra,mrsqm,0.0,0.0,0.2748091603053435,0.7783508197839297,0.3808203918475126,0,0,0.05970571900252253,2.3955995857249945e-05,FacesUCR,188
8,8,0.05,shapley_sampling,feature_ablation,1.0,1.0,0.0,0.27899464259148476,0.2789946283806144,0,0,0.7397954150001169,0.032473444000061136,FacesUCR,188
8,8,0.1,shapley_sampling,feature_ablation,0.0,0.0,0.3816793893129771,0.4722804149941279,0.3790211854076442,0,0,0.7397954150001169,0.032473444000061136,FacesUCR,188
8,8,0.2,shapley_sampling,feature_ablation,0.0,0.0,0.2900763358778626,0.7150923014975384,0.5791426428426314,1,1,0.7397954150001169,0.032473444000061136,FacesUCR,188
8,8,0.05,shapley_sampling,tshap_centroid,0.0,0.0,0.44274809160305345,0.27899464259148476,0.30428506742760275,0,0,0.7397954150001169,0.004156043003604282,FacesUCR,188
8,8,0.1,shapley_sampling,tshap_centroid,0.08333333333333333,0.15384615384615385,0.08396946564885496,0.4722804149941279,0.5461079325959763,0,0,0.7397954150001169,0.004156043003604282,FacesUCR,188
8,8,0.2,shapley_sampling,tshap_centroid,0.20930232558139536,0.34615384615384615,0.1297709923664122,0.7150923014975384,1.015600731192372,1,1,0.7397954150001169,0.004156043003604282,FacesUCR,188
8,8,0.05,shapley_sampling,tshap_zero,0.0,0.0,0.21374045801526717,0.27899464259148476,0.08396324400345345,0,0,0.7397954150001169,0.00497150000592228,FacesUCR,188
8,8,0.1,shapley_sampling,tshap_zero,0.0,0.0,0.1450381679389313,0.4722804149941279,-0.08840053397464054,0,0,0.7397954150001169,0.00497150000592228,FacesUCR,188
8,8,0.2,shapley_sampling,tshap_zero,0.0,0.0,0.4122137404580153,0.7150923014975384,0.2217992115723314,1,0,0.7397954150001169,0.00497150000592228,FacesUCR,188
8,8,0.05,shapley_sampling,tshap_train,0.0,0.0,0.44274809160305345,0.27899464259148476,0.30428506797871324,0,0,0.7397954150001169,0.03396523500123294,FacesUCR,188
8,8,0.1,shapley_sampling,tshap_train,0.13043478260869565,0.23076923076923078,0.07633587786259542,0.4722804149941279,0.4936724979007543,0,0,0.7397954150001169,0.03396523500123294,FacesUCR,188
8,8,0.2,shapley_sampling,tshap_train,0.2682926829268293,0.4230769230769231,0.11450381679389313,0.7150923014975384,0.9684296445317658,1,1,0.7397954150001169,0.03396523500123294,FacesUCR,188
8,8,0.05,shapley_sampling,mrsqm,0.0,0.0,0.8625954198473282,0.27899464259148476,0.02233935644465679,0,0,0.7397954150001169,2.3955995857249945e-05,FacesUCR,188
8,8,0.1,shapley_sampling,mrsqm,0.0,0.0,0.48091603053435117,0.4722804149941279,0.216958347089526,0,0,0.7397954150001169,2.3955995857249945e-05,FacesUCR,188
8,8,0.2,shapley_sampling,mrsqm,0.0,0.0,0.48091603053435117,0.7150923014975384,0.3808203918475126,1,0,0.7397954150001169,2.3955995857249945e-05,FacesUCR,188
8,8,0.05,feature_ablation,tshap_centroid,0.0,0.0,0.44274809160305345,0.2789946283806144,0.30428506742760275,0,0,0.032473444000061136,0.004156043003604282,FacesUCR,188
8,8,0.1,feature_ablation,tshap_centroid,0.0,0.0,0.46564885496183206,0.3790211854076442,0.5461079325959763,0,0,0.032473444000061136,0.004156043003604282,FacesUCR,188
8,8,0.2,feature_ablation,tshap_centroid,0.0,0.0,0.4198473282442748,0.5791426428426314,1.015600731192372,1,1,0.032473444000061136,0.004156043003604282,FacesUCR,188
8,8,0.05,feature_ablation,tshap_zero,0.0,0.0,0.21374045801526717,0.2789946283806144,0.08396324400345345,0,0,0.032473444000061136,0.00497150000592228,FacesUCR,188
8,8,0.1,feature_ablation,tshap_zero,0.0,0.0,0.2366412213740458,0.3790211854076442,-0.08840053397464054,0,0,0.032473444000061136,0.00497150000592228,FacesUCR,188
8,8,0.2,feature_ablation,tshap_zero,0.0,0.0,0.7022900763358778,0.5791426428426314,0.2217992115723314,1,0,0.032473444000061136,0.00497150000592228,FacesUCR,188
8,8,0.05,feature_ablation,tshap_train,0.0,0.0,0.44274809160305345,0.2789946283806144,0.30428506797871324,0,0,0.032473444000061136,0.03396523500123294,FacesUCR,188
8,8,0.1,feature_ablation,tshap_train,0.0,0.0,0.4580152671755725,0.3790211854076442,0.4936724979007543,0,0,0.032473444000061136,0.03396523500123294,FacesUCR,188
8,8,0.2,feature_ablation,tshap_train,0.0,0.0,0.40458015267175573,0.5791426428426314,0.9684296445317658,1,1,0.032473444000061136,0.03396523500123294,FacesUCR,188
8,8,0.05,feature_ablation,mrsqm,0.0,0.0,0.8625954198473282,0.2789946283806144,0.02233935644465679,0,0,0.032473444000061136,2.3955995857249945e-05,FacesUCR,188
8,8,0.1,feature_ablation,mrsqm,0.0,0.0,0.8625954198473282,0.3790211854076442,0.216958347089526,0,0,0.032473444000061136,2.3955995857249945e-05,FacesUCR,188
8,8,0.2,feature_ablation,mrsqm,0.0,0.0,0.7709923664122137,0.5791426428426314,0.3808203918475126,1,0,0.032473444000061136,2.3955995857249945e-05,FacesUCR,188
8,8,0.05,tshap_centroid,tshap_zero,0.0,0.0,0.22900763358778625,0.30428506742760275,0.08396324400345345,0,0,0.004156043003604282,0.00497150000592228,FacesUCR,188
8,8,0.1,tshap_centroid,tshap_zero,0.0,0.0,0.22900763358778625,0.5461079325959763,-0.08840053397464054,0,0,0.004156043003604282,0.00497150000592228,FacesUCR,188
8,8,0.2,tshap_centroid,tshap_zero,0.0,0.0,0.2824427480916031,1.015600731192372,0.2217992115723314,1,0,0.004156043003604282,0.00497150000592228,FacesUCR,188
8,8,0.05,tshap_centroid,tshap_train,1.0,1.0,0.0,0.30428506742760275,0.30428506797871324,0,0,0.004156043003604282,0.03396523500123294,FacesUCR,188
8,8,0.1,tshap_centroid,tshap_train,0.8571428571428571,0.9230769230769231,0.007633587786259542,0.5461079325959763,0.4936724979007543,0,0,0.004156043003604282,0.03396523500123294,FacesUCR,188
8,8,0.2,tshap_centroid,tshap_train,0.8571428571428571,0.9230769230769231,0.015267175572519083,1.015600731192372,0.9684296445317658,1,1,0.004156043003604282,0.03396523500123294,FacesUCR,188
8,8,0.05,tshap_centroid,mrsqm,0.0,0.0,0.4198473282442748,0.30428506742760275,0.02233935644465679,0,0,0.004156043003604282,2.3955995857249945e-05,FacesUCR,188
8,8,0.1,tshap_centroid,mrsqm,0.0,0.0,0.3969465648854962,0.5461079325959763,0.216958347089526,0,0,0.004156043003604282,2.3955995857249945e-05,FacesUCR,188
8,8,0.2,tshap_centroid,mrsqm,0.0,0.0,0.3511450381679389,1.015600731192372,0.3808203918475126,1,0,0.004156043003604282,2.3955995857249945e-05,FacesUCR,188
8,8,0.05,tshap_zero,tshap_train,0.0,0.0,0.22900763358778625,0.08396324400345345,0.30428506797871324,0,0,0.00497150000592228,0.03396523500123294,FacesUCR,188
8,8,0.1,tshap_zero,tshap_train,0.0,0.0,0.22137404580152673,-0.08840053397464054,0.4936724979007543,0,0,0.00497150000592228,0.03396523500123294,FacesUCR,188
8,8,0.2,tshap_zero,tshap_train,0.0,0.0,0.29770992366412213,0.2217992115723314,0.9684296445317658,0,1,0.00497150000592228,0.03396523500123294,FacesUCR,188
8,8,0.05,tshap_zero,mrsqm,0.0,0.0,0.648854961832061,0.08396324400345345,0.02233935644465679,0,0,0.00497150000592228,2.3955995857249945e-05,FacesUCR,188
8,8,0.1,tshap_zero,mrsqm,0.0,0.0,0.6259541984732825,-0.08840053397464054,0.216958347089526,0,0,0.00497150000592228,2.3955995857249945e-05,FacesUCR,188
8,8,0.2,tshap_zero,mrsqm,0.4857142857142857,0.6538461538461539,0.06870229007633588,0.2217992115723314,0.3808203918475126,0,0,0.00497150000592228,2.3955995857249945e-05,FacesUCR,188
8,8,0.05,tshap_train,mrsqm,0.0,0.0,0.4198473282442748,0.30428506797871324,0.02233935644465679,0,0,0.03396523500123294,2.3955995857249945e-05,FacesUCR,188
8,8,0.1,tshap_train,mrsqm,0.0,0.0,0.40458015267175573,0.4936724979007543,0.216958347089526,0,0,0.03396523500123294,2.3955995857249945e-05,FacesUCR,188
8,8,0.2,tshap_train,mrsqm,0.0,0.0,0.366412213740458,0.9684296445317658,0.3808203918475126,1,0,0.03396523500123294,2.3955995857249945e-05,FacesUCR,188
1,1,0.05,hydra,shapley_sampling,0.0,0.0,0.44274809160305345,0.012900343639233203,0.45020042997107734,0,0,0.05879471200023545,0.7397078400026658,FacesUCR,1499
1,1,0.1,hydra,shapley_sampling,0.0,0.0,0.44274809160305345,0.3679357861171433,0.5229202394103564,0,0,0.05879471200023545,0.7397078400026658,FacesUCR,1499
1,1,0.2,hydra,shapley_sampling,0.0,0.0,0.48854961832061067,0.21829197116588928,0.7724555324280269,0,1,0.05879471200023545,0.7397078400026658,FacesUCR,1499
1,1,0.05,hydra,feature_ablation,0.0,0.0,0.32061068702290074,0.012900343639233203,0.12571682773806891,0,0,0.05879471200023545,0.031784746002813336,FacesUCR,1499
1,1,0.1,hydra,feature_ablation,0.0,0.0,0.2748091603053435,0.3679357861171433,0.2476836507818485,0,0,0.05879471200023545,0.031784746002813336,FacesUCR,1499
1,1,0.2,hydra,feature_ablation,0.0,0.0,0.26717557251908397,0.21829197116588928,0.1733150616661454,0,0,0.05879471200023545,0.031784746002813336,FacesUCR,1499
1,1,0.05,hydra,tshap_centroid,0.16666666666666666,0.2857142857142857,0.03816793893129771,0.012900343639233203,0.3107541827067464,0,0,0.05879471200023545,0.00441837700054748,FacesUCR,1499
1,1,0.1,hydra,tshap_centroid,0.7333333333333333,0.8461538461538461,0.015267175572519083,0.3679357861171433,0.3156324235686121,0,0,0.05879471200023545,0.00441837700054748,FacesUCR,1499
1,1,0.2,hydra,tshap_centroid,0.0,0.0,0.46564885496183206,0.21829197116588928,0.6642696533251126,0,1,0.05879471200023545,0.00441837700054748,FacesUCR,1499
1,1,0.05,hydra,tshap_zero,0.0,0.0,0.4351145038167939,0.012900343639233203,0.44083094619386876,0,0,0.05879471200023545,0.004175509995548055,FacesUCR,1499
1,1,0.1,hydra,tshap_zero,0.0,0.0,0.4580152671755725,0.3679357861171433,0.5830329455154082,0,0,0.05879471200023545,0.004175509995548055,FacesUCR,1499
1,1,0.2,hydra,tshap_zero,0.0,0.0,0.3969465648854962,0.21829197116588928,0.6256855325896864,0,1,0.05879471200023545,0.004175509995548055,FacesUCR,1499
1,1,0.05,hydra,tshap_train,0.0,0.0,0.26717557251908397,0.012900343639233203,0.04224443523491628,0,0,0.05879471200023545,0.03393200299615273,FacesUCR,1499
1,1,0.1,hydra,tshap_train,0.0,0.0,0.2900763358778626,0.3679357861171433,0.31819079944605466,0,0,0.05879471200023545,0.03393200299615273,FacesUCR,1499
1,1,0.2,hydra,tshap_train,0.0,0.0,0.2824427480916031,0.21829197116588928,0.4043981373886021,0,0,0.05879471200023545,0.03393200299615273,FacesUCR,1499
1,1,0.05,hydra,mrsqm,0.0,0.0,0.32061068702290074,0.012900343639233203,0.12571682984417842,0,0,0.05879471200023545,2.3865002731326967e-05,FacesUCR,1499
1,1,0.1,hydra,mrsqm,0.0,0.0,0.2748091603053435,0.3679357861171433,0.24768365095720535,0,0,0.05879471200023545,2.3865002731326967e-05,FacesUCR,1499
1,1,0.2,hydra,mrsqm,0.0,0.0,0.26717557251908397,0.21829197116588928,0.1733150646805579,0,0,0.05879471200023545,2.3865002731326967e-05,FacesUCR,1499
1,1,0.05,shapley_sampling,feature_ablation,0.0,0.0,0.7633587786259542,0.45020042997107734,0.12571682773806891,0,0,0.7397078400026658,0.031784746002813336,FacesUCR,1499
1,1,0.1,shapley_sampling,feature_ablation,0.0,0.0,0.7175572519083969,0.5229202394103564,0.2476836507818485,0,0,0.7397078400026658,0.031784746002813336,FacesUCR,1499
1,1,0.2,shapley_sampling,feature_ablation,0.0,0.0,0.7557251908396947,0.7724555324280269,0.1733150616661454,1,0,0.7397078400026658,0.031784746002813336,FacesUCR,1499
1,1,0.05,shapley_sampling,tshap_centroid,0.0,0.0,0.48091603053435117,0.45020042997107734,0.3107541827067464,0,0,0.7397078400026658,0.00441837700054748,FacesUCR,1499
1,1,0.1,shapley_sampling,tshap_centroid,0.0,0.0,0.4580152671755725,0.5229202394103564,0.3156324235686121,0,0,0.7397078400026658,0.00441837700054748,FacesUCR,1499
1,1,0.2,shapley_sampling,tshap_centroid,0.7931034482758621,0.8846153846153846,0.022900763358778626,0.7724555324280269,0.6642696533251126,1,1,0.7397078400026658,0.00441837700054748,FacesUCR,1499
1,1,0.05,shapley_sampling,tshap_zero,0.75,0.8571428571428571,0.007633587786259542,0.45020042997107734,0.44083094619386876,0,0,0.7397078400026658,0.004175509995548055,FacesUCR,1499
1,1,0.1,shapley_sampling,tshap_zero,0.7333333333333333,0.8461538461538461,0.015267175572519083,0.5229202394103564,0.5830329455154082,0,0,0.7397078400026658,0.004175509995548055,FacesUCR,1499
1,1,0.2,shapley_sampling,tshap_zero,0.3684210526315789,0.5384615384615384,0.0916030534351145,0.7724555324280269,0.6256855325896864,1,1,0.7397078400026658,0.004175509995548055,FacesUCR,1499
1,1,0.05,shapley_sampling,tshap_train,0.0,0.0,0.17557251908396945,0.45020042997107734,0.04224443523491628,0,0,0.7397078400026658,0.03393200299615273,FacesUCR,1499
1,1,0.1,shapley_sampling,tshap_train,0.0,0.0,0.15267175572519084,0.5229202394103564,0.31819079944605466,0,0,0.7397078400026658,0.03393200299615273,FacesUCR,1499
1,1,0.2,shapley_sampling,tshap_train,0.0,0.0,0.20610687022900764,0.7724555324280269,0.4043981373886021,1,0,0.7397078400026658,0.03393200299615273,FacesUCR,1499
1,1,0.05,shapley_sampling,mrsqm,0.0,0.0,0.7633587786259542,0.45020042997107734,0.12571682984417842,0,0,0.7397078400026658,2.3865002731326967e-05,FacesUCR,1499
1,1,0.1,shapley_sampling,mrsqm,0.0,0.0,0.7175572519083969,0.5229202394103564,0.24768365095720535,0,0,0.7397078400026658,2.3865002731326967e-05,FacesUCR,1499
1,1,0.2,shapley_sampling,mrsqm,0.0,0.0,0.7557251908396947,0.7724555324280269,0.1733150646805579,1,0,0.7397078400026658,2.3865002731326967e-05,FacesUCR,1499
1,1,0.05,feature_ablation,tshap_centroid,0.0,0.0,0.2824427480916031,0.12571682773806891,0.3107541827067464,0,0,0.031784746002813336,0.00441837700054748,FacesUCR,1499
1,1,0.1,feature_ablation,tshap_centroid,0.0,0.0,0.2595419847328244,0.2476836507818485,0.3156324235686121,0,0,0.031784746002813336,0.00441837700054748,FacesUCR,1499
1,1,0.2,feature_ablation,tshap_centroid,0.0,0.0,0.732824427480916,0.1733150616661454,0.6642696533251126,0,1,0.031784746002813336,0.00441837700054748,FacesUCR,1499
1,1,0.05,feature_ablation,tshap_zero,0.0,0.0,0.7557251908396947,0.12571682773806891,0.44083094619386876,0,0,0.031784746002813336,0.004175509995548055,FacesUCR,1499
1,1,0.1,feature_ablation,tshap_zero,0.0,0.0,0.732824427480916,0.2476836507818485,0.5830329455154082,0,0,0.031784746002813336,0.004175509995548055,FacesUCR,1499
1,1,0.2,feature_ablation,tshap_zero,0.0,0.0,0.6641221374045801,0.1733150616661454,0.6256855325896864,0,1,0.031784746002813336,0.004175509995548055,FacesUCR,1499
1,1,0.05,feature_ablation,tshap_train,0.0,0.0,0.5877862595419847,0.12571682773806891,0.04224443523491628,0,0,0.031784746002813336,0.03393200299615273,FacesUCR,1499
1,1,0.1,feature_ablation,tshap_train,0.0,0.0,0.5648854961832062,0.2476836507818485,0.31819079944605466,0,0,0.031784746002813336,0.03393200299615273,FacesUCR,1499
1,1,0.2,feature_ablation,tshap_train,0.0,0.0,0.549618320610687,0.1733150616661454,0.4043981373886021,0,0,0.031784746002813336,0.03393200299615273,FacesUCR,1499
1,1,0.05,feature_ablation,mrsqm,1.0,1.0,0.0,0.12571682773806891,0.12571682984417842,0,0,0.031784746002813336,2.3865002731326967e-05,FacesUCR,1499
1,1,0.1,feature_ablation,mrsqm,1.0,1.0,0.0,0.2476836507818485,0.24768365095720535,0,0,0.031784746002813336,2.3865002731326967e-05,FacesUCR,1499
1,1,0.2,feature_ablation,mrsqm,1.0,1.0,0.0,0.1733150616661454,0.1733150646805579,0,0,0.031784746002813336,2.3865002731326967e-05,FacesUCR,1499
1,1,0.05,tshap_centroid,tshap_zero,0.0,0.0,0.4732824427480916,0.3107541827067464,0.44083094619386876,0,0,0.00441837700054748,0.004175509995548055,FacesUCR,1499
1,1,0.1,tshap_centroid,tshap_zero,0.0,0.0,0.4732824427480916,0.3156324235686121,0.5830329455154082,0,0,0.00441837700054748,0.004175509995548055,FacesUCR,1499
1,1,0.2,tshap_centroid,tshap_zero,0.4857142857142857,0.6538461538461539,0.06870229007633588,0.6642696533251126,0.6256855325896864,1,1,0.00441837700054748,0.004175509995548055,FacesUCR,1499
1,1,0.05,tshap_centroid,tshap_train,0.0,0.0,0.3053435114503817,0.3107541827067464,0.04224443523491628,0,0,0.00441837700054748,0.03393200299615273,FacesUCR,1499
1,1,0.1,tshap_centroid,tshap_train,0.0,0.0,0.3053435114503817,0.3156324235686121,0.31819079944605466,0,0,0.00441837700054748,0.03393200299615273,FacesUCR,1499
1,1,0.2,tshap_centroid,tshap_train,0.04,0.07692307692307693,0.183206106870229,0.6642696533251126,0.4043981373886021,1,0,0.00441837700054748,0.03393200299615273,FacesUCR,1499
1,1,0.05,tshap_centroid,mrsqm,0.0,0.0,0.2824427480916031,0.3107541827067464,0.12571682984417842,0,0,0.00441837700054748,2.3865002731326967e-05,FacesUCR,1499
1,1,0.1,tshap_centroid,mrsqm,0.0,0.0,0.2595419847328244,0.3156324235686121,0.24768365095720535,0,0,0.00441837700054748,2.3865002731326967e-05,FacesUCR,1499
1,1,0.2,tshap_centroid,mrsqm,0.0,0.0,0.732824427480916,0.6642696533251126,0.1733150646805579,1,0,0.00441837700054748,2.3865002731326967e-05,FacesUCR,1499
1,1,0.05,tshap_zero,tshap_train,0.0,0.0,0.16793893129770993,0.44083094619386876,0.04224443523491628,0,0,0.004175509995548055,0.03393200299615273,FacesUCR,1499
1,1,0.1,tshap_zero,tshap_train,0.0,0.0,0.16793893129770993,0.5830329455154082,0.31819079944605466,0,0,0.004175509995548055,0.03393200299615273,FacesUCR,1499
1,1,0.2,tshap_zero,tshap_train,0.2682926829268293,0.4230769230769231,0.11450381679389313,0.6256855325896864,0.4043981373886021,1,0,0.004175509995548055,0.03393200299615273,FacesUCR,1499
1,1,0.05,tshap_zero,mrsqm,0.0,0.0,0.7557251908396947,0.44083094619386876,0.12571682984417842,0,0,0.004175509995548055,2.3865002731326967e-05,FacesUCR,1499
1,1,0.1,tshap_zero,mrsqm,0.0,0.0,0.732824427480916,0.5830329455154082,0.24768365095720535,0,0,0.004175509995548055,2.3865002731326967e-05,FacesUCR,1499
1,1,0.2,tshap_zero,mrsqm,0.0,0.0,0.6641221374045801,0.6256855325896864,0.1733150646805579,1,0,0.004175509995548055,2.3865002731326967e-05,FacesUCR,1499
1,1,0.05,tshap_train,mrsqm,0.0,0.0,0.5877862595419847,0.04224443523491628,0.12571682984417842,0,0,0.03393200299615273,2.3865002731326967e-05,FacesUCR,1499
1,1,0.1,tshap_train,mrsqm,0.0,0.0,0.5648854961832062,0.31819079944605466,0.24768365095720535,0,0,0.03393200299615273,2.3865002731326967e-05,FacesUCR,1499
1,1,0.2,tshap_train,mrsqm,0.0,0.0,0.549618320610687,0.4043981373886021,0.1733150646805579,0,0,0.03393200299615273,2.3865002731326967e-05,FacesUCR,1499
4,4,0.05,hydra,shapley_sampling,0.0,0.0,0.8931297709923665,1.1890334141105448,0.07347840615575785,0,0,0.05953233200125396,0.7458174639978097,FacesUCR,1601
4,4,0.1,hydra,shapley_sampling,0.0,0.0,0.8473282442748091,1.216608248764868,0.0748972392432321,1,0,0.05953233200125396,0.7458174639978097,FacesUCR,1601
4,4,0.2,hydra,shapley_sampling,0.0,0.0,0.7480916030534351,1.2061846425510403,0.020957679315264377,1,0,0.05953233200125396,0.7458174639978097,FacesUCR,1601
4,4,0.05,hydra,feature_ablation,0.0,0.0,0.6259541984732825,1.1890334141105448,0.22119446723306346,0,0,0.05953233200125396,0.03236311500222655,FacesUCR,1601
4,4,0.1,hydra,feature_ablation,0.0,0.0,0.6259541984732825,1.216608248764868,0.15734392045535484,1,0,0.05953233200125396,0.03236311500222655,FacesUCR,1601
4,4,0.2,hydra,feature_ablation,0.0,0.0,0.6259541984732825,1.2061846425510403,0.23507345823684744,1,0,0.05953233200125396,0.03236311500222655,FacesUCR,1601
4,4,0.05,hydra,tshap_centroid,0.2727272727272727,0.42857142857142855,0.030534351145038167,1.1890334141105448,0.16756791647364278,0,0,0.05953233200125396,0.004204473996651359,FacesUCR,1601
4,4,0.1,hydra,tshap_centroid,1.0,1.0,0.0,1.216608248764868,1.216608253177725,1,1,0.05953233200125396,0.004204473996651359,FacesUCR,1601
4,4,0.2,hydra,tshap_centroid,1.0,1.0,0.0,1.2061846425510403,1.206184640791891,1,1,0.05953233200125396,0.004204473996651359,FacesUCR,1601
4,4,0.05,hydra,tshap_zero,0.5555555555555556,0.7142857142857143,0.015267175572519083,1.1890334141105448,0.10813362683888728,0,0,0.05953233200125396,0.004178133996902034,FacesUCR,1601
4,4,0.1,hydra,tshap_zero,0.0,0.0,0.16030534351145037,1.216608248764868,-0.29079857114288077,1,0,0.05953233200125396,0.004178133996902034,FacesUCR,1601
4,4,0.2,hydra,tshap_zero,0.18181818181818182,0.3076923076923077,0.13740458015267176,1.2061846425510403,-0.5238110910458619,1,0,0.05953233200125396,0.004178133996902034,FacesUCR,1601
4,4,0.05,hydra,tshap_train,0.2727272727272727,0.42857142857142855,0.030534351145038167,1.1890334141105448,0.16756792783969643,0,0,0.05953233200125396,0.03382553200208349,FacesUCR,1601
4,4,0.1,hydra,tshap_train,1.0,1.0,0.0,1.216608248764868,1.2166082459655039,1,1,0.05953233200125396,0.03382553200208349,FacesUCR,1601
4,4,0.2,hydra,tshap_train,0.0,0.0,0.7786259541984732,1.2061846425510403,0.14900789991575514,1,0,0.05953233200125396,0.03382553200208349,FacesUCR,1601
4,4,0.05,hydra,mrsqm,0.0,0.0,0.9465648854961832,1.1890334141105448,0.2214270888561798,0,0,0.05953233200125396,2.42649985011667e-05,FacesUCR,1601
4,4,0.1,hydra,mrsqm,0.0,0.0,0.9007633587786259,1.216608248764868,0.1951028012529481,1,0,0.05953233200125396,2.42649985011667e-05,FacesUCR,1601
4,4,0.2,hydra,mrsqm,0.0,0.0,0.8015267175572519,1.2061846425510403,0.231458795884796,1,0,0.05953233200125396,2.42649985011667e-05,FacesUCR,1601
4,4,0.05,shapley_sampling,feature_ablation,0.0,0.0,0.26717557251908397,0.07347840615575785,0.22119446723306346,0,0,0.7458174639978097,0.03236311500222655,FacesUCR,1601
4,4,0.1,shapley_sampling,feature_ablation,0.0,0.0,0.22137404580152673,0.0748972392432321,0.15734392045535484,0,0,0.7458174639978097,0.03236311500222655,FacesUCR,1601
4,4,0.2,shapley_sampling,feature_ablation,0.23809523809523808,0.38461538461538464,0.12213740458015267,0.020957679315264377,0.23507345823684744,0,0,0.7458174639978097,0.03236311500222655,FacesUCR,1601
4,4,0.05,shapley_sampling,tshap_centroid,0.0,0.0,0.8625954198473282,0.07347840615575785,0.16756791647364278,0,0,0.7458174639978097,0.004204473996651359,FacesUCR,1601
4,4,0.1,shapley_sampling,tshap_centroid,0.0,0.0,0.8473282442748091,0.0748972392432321,1.216608253177725,0,1,0.7458174639978097,0.004204473996651359,FacesUCR,1601
4,4,0.2,shapley_sampling,tshap_centroid,0.0,0.0,0.7480916030534351,0.020957679315264377,1.206184640791891,0,1,0.7458174639978097,0.004204473996651359,FacesUCR,1601
4,4,0.05,shapley_sampling,tshap_zero,0.0,0.0,0.8778625954198473,0.07347840615575785,0.10813362683888728,0,0,0.7458174639978097,0.004178133996902034,FacesUCR,1601
4,4,0.1,shapley_sampling,tshap_zero,0.0,0.0,0.6870229007633588,0.0748972392432321,-0.29079857114288077,0,0,0.7458174639978097,0.004178133996902034,FacesUCR,1601
4,4,0.2,shapley_sampling,tshap_zero,0.0,0.0,0.6106870229007634,0.020957679315264377,-0.5238110910458619,0,0,0.7458174639978097,0.004178133996902034,FacesUCR,1601
4,4,0.05,shapley_sampling,tshap_train,0.0,0.0,0.8625954198473282,0.07347840615575785,0.16756792783969643,0,0,0.7458174639978097,0.03382553200208349,FacesUCR,1601
4,4,0.1,shapley_sampling,tshap_train,0.0,0.0,0.8473282442748091,0.0748972392432321,1.2166082459655039,0,1,0.7458174639978097,0.03382553200208349,FacesUCR,1601
4,4,0.2,shapley_sampling,tshap_train,0.7333333333333333,0.8461538461538461,0.030534351145038167,0.020957679315264377,0.14900789991575514,0,0,0.7458174639978097,0.03382553200208349,FacesUCR,1601
4,4,0.05,shapley_sampling,mrsqm,0.0,0.0,0.05343511450381679,0.07347840615575785,0.2214270888561798,0,0,0.7458174639978097,2.42649985011667e-05,FacesUCR,1601
4,4,0.1,shapley_sampling,mrsqm,0.3,0.46153846153846156,0.05343511450381679,0.0748972392432321,0.1951028012529481,0,0,0.7458174639978097,2.42649985011667e-05,FacesUCR,1601
4,4,0.2,shapley_sampling,mrsqm,0.5757575757575758,0.7307692307692307,0.05343511450381679,0.020957679315264377,0.231458795884796,0,0,0.7458174639978097,2.42649985011667e-05,FacesUCR,1601
4,4,0.05,feature_ablation,tshap_centroid,0.0,0.0,0.5954198473282443,0.22119446723306346,0.16756791647364278,0,0,0.03236311500222655,0.004204473996651359,FacesUCR,1601
4,4,0.1,feature_ablation,tshap_centroid,0.0,0.0,0.6259541984732825,0.15734392045535484,1.216608253177725,0,1,0.03236311500222655,0.004204473996651359,FacesUCR,1601
4,4,0.2,feature_ablation,tshap_centroid,0.0,0.0,0.6259541984732825,0.23507345823684744,1.206184640791891,0,1,0.03236311500222655,0.004204473996651359,FacesUCR,1601
4,4,0.05,feature_ablation,tshap_zero,0.0,0.0,0.6106870229007634,0.22119446723306346,0.10813362683888728,0,0,0.03236311500222655,0.004178133996902034,FacesUCR,1601
4,4,0.1,feature_ablation,tshap_zero,0.0,0.0,0.46564885496183206,0.15734392045535484,-0.29079857114288077,0,0,0.03236311500222655,0.004178133996902034,FacesUCR,1601
4,4,0.2,feature_ablation,tshap_zero,0.0,0.0,0.48854961832061067,0.23507345823684744,-0.5238110910458619,0,0,0.03236311500222655,0.004178133996902034,FacesUCR,1601
4,4,0.05,feature_ablation,tshap_train,0.0,0.0,0.5954198473282443,0.22119446723306346,0.16756792783969643,0,0,0.03236311500222655,0.03382553200208349,FacesUCR,1601
4,4,0.1,feature_ablation,tshap_train,0.0,0.0,0.6259541984732825,0.15734392045535484,1.2166082459655039,0,1,0.03236311500222655,0.03382553200208349,FacesUCR,1601
4,4,0.2,feature_ablation,tshap_train,0.13043478260869565,0.23076923076923078,0.15267175572519084,0.23507345823684744,0.14900789991575514,0,0,0.03236311500222655,0.03382553200208349,FacesUCR,1601
4,4,0.05,feature_ablation,mrsqm,0.0,0.0,0.32061068702290074,0.22119446723306346,0.2214270888561798,0,0,0.03236311500222655,2.42649985011667e-05,FacesUCR,1601
4,4,0.1,feature_ablation,mrsqm,0.0,0.0,0.2748091603053435,0.15734392045535484,0.1951028012529481,0,0,0.03236311500222655,2.42649985011667e-05,FacesUCR,1601
4,4,0.2,feature_ablation,mrsqm,0.061224489795918366,0.11538461538461539,0.17557251908396945,0.23507345823684744,0.231458795884796,0,0,0.03236311500222655,2.42649985011667e-05,FacesUCR,1601
4,4,0.05,tshap_centroid,tshap_zero,0.5555555555555556,0.7142857142857143,0.015267175572519083,0.16756791647364278,0.10813362683888728,0,0,0.004204473996651359,0.004178133996902034,FacesUCR,1601
4,4,0.1,tshap_centroid,tshap_zero,0.0,0.0,0.16030534351145037,1.216608253177725,-0.29079857114288077,1,0,0.004204473996651359,0.004178133996902034,FacesUCR,1601
4,4,0.2,tshap_centroid,tshap_zero,0.18181818181818182,0.3076923076923077,0.13740458015267176,1.206184640791891,-0.5238110910458619,1,0,0.004204473996651359,0.004178133996902034,FacesUCR,1601
4,4,0.05,tshap_centroid,tshap_train,1.0,1.0,0.0,0.16756791647364278,0.16756792783969643,0,0,0.004204473996651359,0.03382553200208349,FacesUCR,1601
4,4,0.1,tshap_centroid,tshap_train,1.0,1.0,0.0,1.216608253177725,1.2166082459655039,1,1,0.004204473996651359,0.03382553200208349,FacesUCR,1601
4,4,0.2,tshap_centroid,tshap_train,0.0,0.0,0.7786259541984732,1.206184640791891,0.14900789991575514,1,0,0.004204473996651359,0.03382553200208349,FacesUCR,1601
4,4,0.05,tshap_centroid,mrsqm,0.0,0.0,0.916030534351145,0.16756791647364278,0.2214270888561798,0,0,0.004204473996651359,2.42649985011667e-05,FacesUCR,1601
4,4,0.1,tshap_centroid,mrsqm,0.0,0.0,0.9007633587786259,1.216608253177725,0.1951028012529481,1,0,0.004204473996651359,2.42649985011667e-05,FacesUCR,1601
4,4,0.2,tshap_centroid,mrsqm,0.0,0.0,0.8015267175572519,1.206184640791891,0.231458795884796,1,0,0.004204473996651359,2.42649985011667e-05,FacesUCR,1601
4,4,0.05,tshap_zero,tshap_train,0.5555555555555556,0.7142857142857143,0.015267175572519083,0.10813362683888728,0.16756792783969643,0,0,0.004178133996902034,0.03382553200208349,FacesUCR,1601
4,4,0.1,tshap_zero,tshap_train,0.0,0.0,0.16030534351145037,-0.29079857114288077,1.2166082459655039,0,1,0.004178133996902034,0.03382553200208349,FacesUCR,1601
4,4,0.2,tshap_zero,tshap_train,0.0,0.0,0.6412213740458015,-0.5238110910458619,0.14900789991575514,0,0,0.004178133996902034,0.03382553200208349,FacesUCR,1601
4,4,0.05,tshap_zero,mrsqm,0.0,0.0,0.9312977099236641,0.10813362683888728,0.2214270888561798,0,0,0.004178133996902034,2.42649985011667e-05,FacesUCR,1601
4,4,0.1,tshap_zero,mrsqm,0.0,0.0,0.7404580152671756,-0.29079857114288077,0.1951028012529481,0,0,0.004178133996902034,2.42649985011667e-05,FacesUCR,1601
4,4,0.2,tshap_zero,mrsqm,0.0,0.0,0.6641221374045801,-0.5238110910458619,0.231458795884796,0,0,0.004178133996902034,2.42649985011667e-05,FacesUCR,1601
4,4,0.05,tshap_train,mrsqm,0.0,0.0,0.916030534351145,0.16756792783969643,0.2214270888561798,0,0,0.03382553200208349,2.42649985011667e-05,FacesUCR,1601
4,4,0.1,tshap_train,mrsqm,0.0,0.0,0.9007633587786259,1.2166082459655039,0.1951028012529481,1,0,0.03382553200208349,2.42649985011667e-05,FacesUCR,1601
4,4,0.2,tshap_train,mrsqm,0.7931034482758621,0.8846153846153846,0.022900763358778626,0.14900789991575514,0.231458795884796,0,0,0.03382553200208349,2.42649985011667e-05,FacesUCR,1601
1,1,0.05,hydra,shapley_sampling,0.0,0.0,0.8320610687022901,0.09850354199779876,0.031584822818282454,0,0,0.060620502998062875,0.7593009970005369,FacesUCR,886
1,1,0.1,hydra,shapley_sampling,0.0,0.0,0.8396946564885496,0.0799682155024074,-0.03501858127737778,0,0,0.060620502998062875,0.7593009970005369,FacesUCR,886
1,1,0.2,hydra,shapley_sampling,0.0,0.0,0.22900763358778625,0.10634021367186386,0.45868843395102177,0,1,0.060620502998062875,0.7593009970005369,FacesUCR,886
1,1,0.05,hydra,feature_ablation,0.0,0.0,0.1450381679389313,0.09850354199779876,-0.07386589432092316,0,0,0.060620502998062875,0.033350626996252686,FacesUCR,886
1,1,0.1,hydra,feature_ablation,0.0,0.0,0.19083969465648856,0.0799682155024074,-0.05469641330524566,0,0,0.060620502998062875,0.033350626996252686,FacesUCR,886
1,1,0.2,hydra,feature_ablation,0.0,0.0,0.4580152671755725,0.10634021367186386,0.04619012127021915,0,0,0.060620502998062875,0.033350626996252686,FacesUCR,886
1,1,0.05,hydra,tshap_centroid,0.4,0.5714285714285714,0.022900763358778626,0.09850354199779876,0.1028743843635499,0,0,0.060620502998062875,0.004176050999376457,FacesUCR,886
1,1,0.1,hydra,tshap_centroid,1.0,1.0,0.0,0.0799682155024074,0.07996821593931513,0,0,0.060620502998062875,0.004176050999376457,FacesUCR,886
1,1,0.2,hydra,tshap_centroid,0.7333333333333333,0.8461538461538461,0.030534351145038167,0.10634021367186386,0.05860651030886055,0,0,0.060620502998062875,0.004176050999376457,FacesUCR,886
1,1,0.05,hydra,tshap_zero,0.0,0.0,0.6717557251908397,0.09850354199779876,0.1529927331430485,0,0,0.060620502998062875,0.003995981998741627,FacesUCR,886
1,1,0.1,hydra,tshap_zero,0.0,0.0,0.6870229007633588,0.0799682155024074,0.29427622003459064,0,0,0.060620502998062875,0.003995981998741627,FacesUCR,886
1,1,0.2,hydra,tshap_zero,0.08333333333333333,0.15384615384615385,0.16793893129770993,0.10634021367186386,0.3767504636373984,0,1,0.060620502998062875,0.003995981998741627,FacesUCR,886
1,1,0.05,hydra,tshap_train,0.0,0.0,0.6259541984732825,0.09850354199779876,0.2382050567095172,0,0,0.060620502998062875,0.03439127899764571,FacesUCR,886
1,1,0.1,hydra,tshap_train,0.0,0.0,0.6412213740458015,0.0799682155024074,0.21382737832484078,0,0,0.060620502998062875,0.03439127899764571,FacesUCR,886
1,1,0.2,hydra,tshap_train,0.5757575757575758,0.7307692307692307,0.05343511450381679,0.10634021367186386,0.28830004429334033,0,0,0.060620502998062875,0.03439127899764571,FacesUCR,886
1,1,0.05,hydra,mrsqm,0.0,0.0,0.06870229007633588,0.09850354199779876,0.11171601559347122,0,0,0.060620502998062875,2.2982996597420424e-05,FacesUCR,886
1,1,0.1,hydra,mrsqm,0.625,0.7692307692307693,0.022900763358778626,0.0799682155024074,0.28535355770911935,0,1,0.060620502998062875,2.2982996597420424e-05,FacesUCR,886
1,1,0.2,hydra,mrsqm,0.0,0.0,0.5267175572519084,0.10634021367186386,0.31597223517183326,0,1,0.060620502998062875,2.2982996597420424e-05,FacesUCR,886
1,1,0.05,shapley_sampling,feature_ablation,0.0,0.0,0.6870229007633588,0.031584822818282454,-0.07386589432092316,0,0,0.7593009970005369,0.033350626996252686,FacesUCR,886
1,1,0.1,shapley_sampling,feature_ablation,0.0,0.0,0.648854961832061,-0.03501858127737778,-0.05469641330524566,0,0,0.7593009970005369,0.033350626996252686,FacesUCR,886
1,1,0.2,shapley_sampling,feature_ablation,0.0,0.0,0.6870229007633588,0.45868843395102177,0.04619012127021915,1,0,0.7593009970005369,0.033350626996252686,FacesUCR,886
1,1,0.05,shapley_sampling,tshap_centroid,0.0,0.0,0.8549618320610687,0.031584822818282454,0.1028743843635499,0,0,0.7593009970005369,0.004176050999376457,FacesUCR,886
1,1,0.1,shapley_sampling,tshap_centroid,0.0,0.0,0.8396946564885496,-0.03501858127737778,0.07996821593931513,0,0,0.7593009970005369,0.004176050999376457,FacesUCR,886
1,1,0.2,shapley_sampling,tshap_centroid,0.0,0.0,0.2595419847328244,0.45868843395102177,0.05860651030886055,1,0,0.7593009970005369,0.004176050999376457,FacesUCR,886
1,1,0.05,shapley_sampling,tshap_zero,0.0,0.0,0.16030534351145037,0.031584822818282454,0.1529927331430485,0,0,0.7593009970005369,0.003995981998741627,FacesUCR,886
1,1,0.1,shapley_sampling,tshap_zero,0.0,0.0,0.15267175572519084,-0.03501858127737778,0.29427622003459064,0,0,0.7593009970005369,0.003995981998741627,FacesUCR,886
1,1,0.2,shapley_sampling,tshap_zero,0.5294117647058824,0.6923076923076923,0.061068702290076333,0.45868843395102177,0.3767504636373984,1,1,0.7593009970005369,0.003995981998741627,FacesUCR,886
1,1,0.05,shapley_sampling,tshap_train,0.0,0.0,0.20610687022900764,0.031584822818282454,0.2382050567095172,0,0,0.7593009970005369,0.03439127899764571,FacesUCR,886
1,1,0.1,shapley_sampling,tshap_train,0.0,0.0,0.1984732824427481,-0.03501858127737778,0.21382737832484078,0,0,0.7593009970005369,0.03439127899764571,FacesUCR,886
1,1,0.2,shapley_sampling,tshap_train,0.061224489795918366,0.11538461538461539,0.17557251908396945,0.45868843395102177,0.28830004429334033,1,0,0.7593009970005369,0.03439127899764571,FacesUCR,886
1,1,0.05,shapley_sampling,mrsqm,0.0,0.0,0.9007633587786259,0.031584822818282454,0.11171601559347122,0,0,0.7593009970005369,2.2982996597420424e-05,FacesUCR,886
1,1,0.1,shapley_sampling,mrsqm,0.0,0.0,0.8625954198473282,-0.03501858127737778,0.28535355770911935,0,1,0.7593009970005369,2.2982996597420424e-05,FacesUCR,886
1,1,0.2,shapley_sampling,mrsqm,0.0,0.0,0.7557251908396947,0.45868843395102177,0.31597223517183326,1,1,0.7593009970005369,2.2982996597420424e-05,FacesUCR,886
1,1,0.05,feature_ablation,tshap_centroid,0.0,0.0,0.16793893129770993,-0.07386589432092316,0.1028743843635499,0,0,0.033350626996252686,0.004176050999376457,FacesUCR,886
1,1,0.1,feature_ablation,tshap_centroid,0.0,0.0,0.19083969465648856,-0.05469641330524566,0.07996821593931513,0,0,0.033350626996252686,0.004176050999376457,FacesUCR,886
1,1,0.2,feature_ablation,tshap_centroid,0.0,0.0,0.42748091603053434,0.04619012127021915,0.05860651030886055,0,0,0.033350626996252686,0.004176050999376457,FacesUCR,886
1,1,0.05,feature_ablation,tshap_zero,0.0,0.0,0.5267175572519084,-0.07386589432092316,0.1529927331430485,0,0,0.033350626996252686,0.003995981998741627,FacesUCR,886
1,1,0.1,feature_ablation,tshap_zero,0.0,0.0,0.4961832061068702,-0.05469641330524566,0.29427622003459064,0,0,0.033350626996252686,0.003995981998741627,FacesUCR,886
1,1,0.2,feature_ablation,tshap_zero,0.0,0.0,0.6259541984732825,0.04619012127021915,0.3767504636373984,0,1,0.033350626996252686,0.003995981998741627,FacesUCR,886
1,1,0.05,feature_ablation,tshap_train,0.0,0.0,0.48091603053435117,-0.07386589432092316,0.2382050567095172,0,0,0.033350626996252686,0.03439127899764571,FacesUCR,886
1,1,0.1,feature_ablation,tshap_train,0.0,0.0,0.45038167938931295,-0.05469641330524566,0.21382737832484078,0,0,0.033350626996252686,0.03439127899764571,FacesUCR,886
1,1,0.2,feature_ablation,tshap_train,0.0,0.0,0.5114503816793893,0.04619012127021915,0.28830004429334033,0,0,0.033350626996252686,0.03439127899764571,FacesUCR,886
1,1,0.05,feature_ablation,mrsqm,0.0,0.0,0.21374045801526717,-0.07386589432092316,0.11171601559347122,0,0,0.033350626996252686,2.2982996597420424e-05,FacesUCR,886
1,1,0.1,feature_ablation,mrsqm,0.0,0.0,0.21374045801526717,-0.05469641330524566,0.28535355770911935,0,1,0.033350626996252686,2.2982996597420424e-05,FacesUCR,886
1,1,0.2,feature_ablation,mrsqm,0.4857142857142857,0.6538461538461539,0.06870229007633588,0.04619012127021915,0.31597223517183326,0,1,0.033350626996252686,2.2982996597420424e-05,FacesUCR,886
1,1,0.05,tshap_centroid,tshap_zero,0.0,0.0,0.6946564885496184,0.1028743843635499,0.1529927331430485,0,0,0.004176050999376457,0.003995981998741627,FacesUCR,886
1,1,0.1,tshap_centroid,tshap_zero,0.0,0.0,0.6870229007633588,0.07996821593931513,0.29427622003459064,0,0,0.004176050999376457,0.003995981998741627,FacesUCR,886
1,1,0.2,tshap_centroid,tshap_zero,0.0,0.0,0.1984732824427481,0.05860651030886055,0.3767504636373984,0,1,0.004176050999376457,0.003995981998741627,FacesUCR,886
1,1,0.05,tshap_centroid,tshap_train,0.0,0.0,0.648854961832061,0.1028743843635499,0.2382050567095172,0,0,0.004176050999376457,0.03439127899764571,FacesUCR,886
1,1,0.1,tshap_centroid,tshap_train,0.0,0.0,0.6412213740458015,0.07996821593931513,0.21382737832484078,0,0,0.004176050999376457,0.03439127899764571,FacesUCR,886
1,1,0.2,tshap_centroid,tshap_train,0.40540540540540543,0.5769230769230769,0.08396946564885496,0.05860651030886055,0.28830004429334033,0,0,0.004176050999376457,0.03439127899764571,FacesUCR,886
1,1,0.05,tshap_centroid,mrsqm,0.07692307692307693,0.14285714285714285,0.04580152671755725,0.1028743843635499,0.11171601559347122,0,0,0.004176050999376457,2.2982996597420424e-05,FacesUCR,886
1,1,0.1,tshap_centroid,mrsqm,0.625,0.7692307692307693,0.022900763358778626,0.07996821593931513,0.28535355770911935,0,1,0.004176050999376457,2.2982996597420424e-05,FacesUCR,886
1,1,0.2,tshap_centroid,mrsqm,0.0,0.0,0.4961832061068702,0.05860651030886055,0.31597223517183326,0,1,0.004176050999376457,2.2982996597420424e-05,FacesUCR,886
1,1,0.05,tshap_zero,tshap_train,0.07692307692307693,0.14285714285714285,0.04580152671755725,0.1529927331430485,0.2382050567095172,0,0,0.003995981998741627,0.03439127899764571,FacesUCR,886
1,1,0.1,tshap_zero,tshap_train,0.3684210526315789,0.5384615384615384,0.04580152671755725,0.29427622003459064,0.21382737832484078,0,0,0.003995981998741627,0.03439127899764571,FacesUCR,886
1,1,0.2,tshap_zero,tshap_train,0.2682926829268293,0.4230769230769231,0.11450381679389313,0.3767504636373984,0.28830004429334033,1,0,0.003995981998741627,0.03439127899764571,FacesUCR,886
1,1,0.05,tshap_zero,mrsqm,0.0,0.0,0.7404580152671756,0.1529927331430485,0.11171601559347122,0,0,0.003995981998741627,2.2982996597420424e-05,FacesUCR,886
1,1,0.1,tshap_zero,mrsqm,0.0,0.0,0.7099236641221374,0.29427622003459064,0.28535355770911935,0,1,0.003995981998741627,2.2982996597420424e-05,FacesUCR,886
1,1,0.2,tshap_zero,mrsqm,0.0,0.0,0.6946564885496184,0.3767504636373984,0.31597223517183326,1,1,0.003995981998741627,2.2982996597420424e-05,FacesUCR,886
1,1,0.05,tshap_train,mrsqm,0.0,0.0,0.6946564885496184,0.2382050567095172,0.11171601559347122,0,0,0.03439127899764571,2.2982996597420424e-05,FacesUCR,886
1,1,0.1,tshap_train,mrsqm,0.0,0.0,0.6641221374045801,0.21382737832484078,0.28535355770911935,0,1,0.03439127899764571,2.2982996597420424e-05,FacesUCR,886
1,1,0.2,tshap_train,mrsqm,0.0,0.0,0.5801526717557252,0.28830004429334033,0.31597223517183326,0,1,0.03439127899764571,2.2982996597420424e-05,FacesUCR,886
12,12,0.05,hydra,shapley_sampling,0.0,0.0,0.35877862595419846,0.11092281352056288,-0.13134012422046848,0,0,0.059495301997230854,0.7440668150011334,FacesUCR,1419
12,12,0.1,hydra,shapley_sampling,0.0,0.0,0.2748091603053435,0.09090546843369252,0.11337505881695664,0,0,0.059495301997230854,0.7440668150011334,FacesUCR,1419
12,12,0.2,hydra,shapley_sampling,0.0,0.0,0.32061068702290074,-0.12955443700469815,0.023747913196445536,0,0,0.059495301997230854,0.7440668150011334,FacesUCR,1419
12,12,0.05,hydra,feature_ablation,0.0,0.0,0.366412213740458,0.11092281352056288,-0.09495728275952531,0,0,0.059495301997230854,0.03224062499793945,FacesUCR,1419
12,12,0.1,hydra,feature_ablation,0.0,0.0,0.2748091603053435,0.09090546843369252,0.11337506255577623,0,0,0.059495301997230854,0.03224062499793945,FacesUCR,1419
12,12,0.2,hydra,feature_ablation,0.0,0.0,0.32061068702290074,-0.12955443700469815,0.02374789617288664,0,0,0.059495301997230854,0.03224062499793945,FacesUCR,1419
12,12,0.05,hydra,tshap_centroid,0.0,0.0,0.16793893129770993,0.11092281352056288,0.28304272912571005,0,0,0.059495301997230854,0.004172674998699222,FacesUCR,1419
12,12,0.1,hydra,tshap_centroid,0.0,0.0,0.183206106870229,0.09090546843369252,0.4701221294765678,0,0,0.059495301997230854,0.004172674998699222,FacesUCR,1419
12,12,0.2,hydra,tshap_centroid,0.04,0.07692307692307693,0.183206106870229,-0.12955443700469815,0.2837128219134213,0,0,0.059495301997230854,0.004172674998699222,FacesUCR,1419
12,12,0.05,hydra,tshap_zero,0.0,0.0,0.183206106870229,0.11092281352056288,0.4277048952968301,0,0,0.059495301997230854,0.004089026006113272,FacesUCR,1419
12,12,0.1,hydra,tshap_zero,0.0,0.0,0.19083969465648856,0.09090546843369252,0.3949549253744574,0,0,0.059495301997230854,0.004089026006113272,FacesUCR,1419
12,12,0.2,hydra,tshap_zero,0.08333333333333333,0.15384615384615385,0.16793893129770993,-0.12955443700469815,0.2530244718361313,0,0,0.059495301997230854,0.004089026006113272,FacesUCR,1419
12,12,0.05,hydra,tshap_train,0.0,0.0,0.16030534351145037,0.11092281352056288,0.2688749592308286,0,0,0.059495301997230854,0.033889682999870274,FacesUCR,1419
12,12,0.1,hydra,tshap_train,0.0,0.0,0.17557251908396945,0.09090546843369252,0.5022376187093369,0,0,0.059495301997230854,0.033889682999870274,FacesUCR,1419
12,12,0.2,hydra,tshap_train,0.18181818181818182,0.3076923076923077,0.13740458015267176,-0.12955443700469815,0.3334919251017592,0,0,0.059495301997230854,0.033889682999870274,FacesUCR,1419
12,12,0.05,hydra,mrsqm,0.0,0.0,0.5419847328244275,0.11092281352056288,0.0026054368986202503,0,0,0.059495301997230854,2.2902997443452477e-05,FacesUCR,1419
12,12,0.1,hydra,mrsqm,0.0,0.0,0.4961832061068702,0.09090546843369252,-0.06415225003406277,0,0,0.059495301997230854,2.2902997443452477e-05,FacesUCR,1419
12,12,0.2,hydra,mrsqm,0.0,0.0,0.45038167938931295,-0.12955443700469815,-0.2667213984482848,0,0,0.059495301997230854,2.2902997443452477e-05,FacesUCR,1419
12,12,0.05,shapley_sampling,feature_ablation,0.75,0.8571428571428571,0.007633587786259542,-0.13134012422046848,-0.09495728275952531,0,0,0.7440668150011334,0.03224062499793945,FacesUCR,1419
12,12,0.1,shapley_sampling,feature_ablation,1.0,1.0,0.0,0.11337505881695664,0.11337506255577623,0,0,0.7440668150011334,0.03224062499793945,FacesUCR,1419
12,12,0.2,shapley_sampling,feature_ablation,1.0,1.0,0.0,0.023747913196445536,0.02374789617288664,0,0,0.7440668150011334,0.03224062499793945,FacesUCR,1419
12,12,0.05,shapley_sampling,tshap_centroid,0.0,0.0,0.19083969465648856,-0.13134012422046848,0.28304272912571005,0,0,0.7440668150011334,0.004172674998699222,FacesUCR,1419
12,12,0.1,shapley_sampling,tshap_centroid,0.04,0.07692307692307693,0.0916030534351145,0.11337505881695664,0.4701221294765678,0,0,0.7440668150011334,0.004172674998699222,FacesUCR,1419
12,12,0.2,shapley_sampling,tshap_centroid,0.18181818181818182,0.3076923076923077,0.13740458015267176,0.023747913196445536,0.2837128219134213,0,0,0.7440668150011334,0.004172674998699222,FacesUCR,1419
12,12,0.05,shapley_sampling,tshap_zero,0.0,0.0,0.17557251908396945,-0.13134012422046848,0.4277048952968301,0,0,0.7440668150011334,0.004089026006113272,FacesUCR,1419
12,12,0.1,shapley_sampling,tshap_zero,0.08333333333333333,0.15384615384615385,0.08396946564885496,0.11337505881695664,0.3949549253744574,0,0,0.7440668150011334,0.004089026006113272,FacesUCR,1419
12,12,0.2,shapley_sampling,tshap_zero,0.13043478260869565,0.23076923076923078,0.15267175572519084,0.023747913196445536,0.2530244718361313,0,0,0.7440668150011334,0.004089026006113272,FacesUCR,1419
12,12,0.05,shapley_sampling,tshap_train,0.0,0.0,0.1984732824427481,-0.13134012422046848,0.2688749592308286,0,0,0.7440668150011334,0.033889682999870274,FacesUCR,1419
12,12,0.1,shapley_sampling,tshap_train,0.0,0.0,0.09923664122137404,0.11337505881695664,0.5022376187093369,0,0,0.7440668150011334,0.033889682999870274,FacesUCR,1419
12,12,0.2,shapley_sampling,tshap_train,0.04,0.07692307692307693,0.183206106870229,0.023747913196445536,0.3334919251017592,0,0,0.7440668150011334,0.033889682999870274,FacesUCR,1419
12,12,0.05,shapley_sampling,mrsqm,0.0,0.0,0.9007633587786259,-0.13134012422046848,0.0026054368986202503,0,0,0.7440668150011334,2.2902997443452477e-05,FacesUCR,1419
12,12,0.1,shapley_sampling,mrsqm,0.0,0.0,0.7709923664122137,0.11337505881695664,-0.06415225003406277,0,0,0.7440668150011334,2.2902997443452477e-05,FacesUCR,1419
12,12,0.2,shapley_sampling,mrsqm,0.0,0.0,0.7709923664122137,0.023747913196445536,-0.2667213984482848,0,0,0.7440668150011334,2.2902997443452477e-05,FacesUCR,1419
12,12,0.05,feature_ablation,tshap_centroid,0.0,0.0,0.1984732824427481,-0.09495728275952531,0.28304272912571005,0,0,0.03224062499793945,0.004172674998699222,FacesUCR,1419
12,12,0.1,feature_ablation,tshap_centroid,0.04,0.07692307692307693,0.0916030534351145,0.11337506255577623,0.4701221294765678,0,0,0.03224062499793945,0.004172674998699222,FacesUCR,1419
12,12,0.2,feature_ablation,tshap_centroid,0.18181818181818182,0.3076923076923077,0.13740458015267176,0.02374789617288664,0.2837128219134213,0,0,0.03224062499793945,0.004172674998699222,FacesUCR,1419
12,12,0.05,feature_ablation,tshap_zero,0.0,0.0,0.183206106870229,-0.09495728275952531,0.4277048952968301,0,0,0.03224062499793945,0.004089026006113272,FacesUCR,1419
12,12,0.1,feature_ablation,tshap_zero,0.08333333333333333,0.15384615384615385,0.08396946564885496,0.11337506255577623,0.3949549253744574,0,0,0.03224062499793945,0.004089026006113272,FacesUCR,1419
12,12,0.2,feature_ablation,tshap_zero,0.13043478260869565,0.23076923076923078,0.15267175572519084,0.02374789617288664,0.2530244718361313,0,0,0.03224062499793945,0.004089026006113272,FacesUCR,1419
12,12,0.05,feature_ablation,tshap_train,0.0,0.0,0.20610687022900764,-0.09495728275952531,0.2688749592308286,0,0,0.03224062499793945,0.033889682999870274,FacesUCR,1419
12,12,0.1,feature_ablation,tshap_train,0.0,0.0,0.09923664122137404,0.11337506255577623,0.5022376187093369,0,0,0.03224062499793945,0.033889682999870274,FacesUCR,1419
12,12,0.2,feature_ablation,tshap_train,0.04,0.07692307692307693,0.183206106870229,0.02374789617288664,0.3334919251017592,0,0,0.03224062499793945,0.033889682999870274,FacesUCR,1419
12,12,0.05,feature_ablation,mrsqm,0.0,0.0,0.9083969465648855,-0.09495728275952531,0.0026054368986202503,0,0,0.03224062499793945,2.2902997443452477e-05,FacesUCR,1419
12,12,0.1,feature_ablation,mrsqm,0.0,0.0,0.7709923664122137,0.11337506255577623,-0.06415225003406277,0,0,0.03224062499793945,2.2902997443452477e-05,FacesUCR,1419
12,12,0.2,feature_ablation,mrsqm,0.0,0.0,0.7709923664122137,0.02374789617288664,-0.2667213984482848,0,0,0.03224062499793945,2.2902997443452477e-05,FacesUCR,1419
12,12,0.05,tshap_centroid,tshap_zero,0.5555555555555556,0.7142857142857143,0.015267175572519083,0.28304272912571005,0.4277048952968301,0,0,0.004172674998699222,0.004089026006113272,FacesUCR,1419
12,12,0.1,tshap_centroid,tshap_zero,0.8571428571428571,0.9230769230769231,0.007633587786259542,0.4701221294765678,0.3949549253744574,0,0,0.004172674998699222,0.004089026006113272,FacesUCR,1419
12,12,0.2,tshap_centroid,tshap_zero,0.8571428571428571,0.9230769230769231,0.015267175572519083,0.2837128219134213,0.2530244718361313,0,0,0.004172674998699222,0.004089026006113272,FacesUCR,1419
12,12,0.05,tshap_centroid,tshap_train,0.75,0.8571428571428571,0.007633587786259542,0.28304272912571005,0.2688749592308286,0,0,0.004172674998699222,0.033889682999870274,FacesUCR,1419
12,12,0.1,tshap_centroid,tshap_train,0.8571428571428571,0.9230769230769231,0.007633587786259542,0.4701221294765678,0.5022376187093369,0,0,0.004172674998699222,0.033889682999870274,FacesUCR,1419
12,12,0.2,tshap_centroid,tshap_train,0.625,0.7692307692307693,0.04580152671755725,0.2837128219134213,0.3334919251017592,0,0,0.004172674998699222,0.033889682999870274,FacesUCR,1419
12,12,0.05,tshap_centroid,mrsqm,0.0,0.0,0.7099236641221374,0.28304272912571005,0.0026054368986202503,0,0,0.004172674998699222,2.2902997443452477e-05,FacesUCR,1419
12,12,0.1,tshap_centroid,mrsqm,0.0,0.0,0.6793893129770993,0.4701221294765678,-0.06415225003406277,0,0,0.004172674998699222,2.2902997443452477e-05,FacesUCR,1419
12,12,0.2,tshap_centroid,mrsqm,0.0,0.0,0.6335877862595419,0.2837128219134213,-0.2667213984482848,0,0,0.004172674998699222,2.2902997443452477e-05,FacesUCR,1419
12,12,0.05,tshap_zero,tshap_train,0.4,0.5714285714285714,0.022900763358778626,0.4277048952968301,0.2688749592308286,0,0,0.004089026006113272,0.033889682999870274,FacesUCR,1419
12,12,0.1,tshap_zero,tshap_train,0.7333333333333333,0.8461538461538461,0.015267175572519083,0.3949549253744574,0.5022376187093369,0,0,0.004089026006113272,0.033889682999870274,FacesUCR,1419
12,12,0.2,tshap_zero,tshap_train,0.7333333333333333,0.8461538461538461,0.030534351145038167,0.2530244718361313,0.3334919251017592,0,0,0.004089026006113272,0.033889682999870274,FacesUCR,1419
12,12,0.05,tshap_zero,mrsqm,0.0,0.0,0.7251908396946565,0.4277048952968301,0.0026054368986202503,0,0,0.004089026006113272,2.2902997443452477e-05,FacesUCR,1419
12,12,0.1,tshap_zero,mrsqm,0.0,0.0,0.6870229007633588,0.3949549253744574,-0.06415225003406277,0,0,0.004089026006113272,2.2902997443452477e-05,FacesUCR,1419
12,12,0.2,tshap_zero,mrsqm,0.0,0.0,0.6183206106870229,0.2530244718361313,-0.2667213984482848,0,0,0.004089026006113272,2.2902997443452477e-05,FacesUCR,1419
12,12,0.05,tshap_train,mrsqm,0.0,0.0,0.7022900763358778,0.2688749592308286,0.0026054368986202503,0,0,0.033889682999870274,2.2902997443452477e-05,FacesUCR,1419
12,12,0.1,tshap_train,mrsqm,0.0,0.0,0.6717557251908397,0.5022376187093369,-0.06415225003406277,0,0,0.033889682999870274,2.2902997443452477e-05,FacesUCR,1419
12,12,0.2,tshap_train,mrsqm,0.0,0.0,0.5877862595419847,0.3334919251017592,-0.2667213984482848,0,0,0.033889682999870274,2.2902997443452477e-05,FacesUCR,1419
10,10,0.05,hydra,shapley_sampling,0.0,0.0,0.21374045801526717,0.2802252394261724,0.12077855494861833,0,0,0.05957394099823432,0.7478752629976952,FacesUCR,1068
10,10,0.1,hydra,shapley_sampling,0.0,0.0,0.25190839694656486,0.2809400534414739,0.23091949296121816,0,1,0.05957394099823432,0.7478752629976952,FacesUCR,1068
10,10,0.2,hydra,shapley_sampling,0.0,0.0,0.24427480916030533,0.38947251049772447,0.0640301049883919,0,1,0.05957394099823432,0.7478752629976952,FacesUCR,1068
10,10,0.05,hydra,feature_ablation,0.0,0.0,0.21374045801526717,0.2802252394261724,0.12077854602258908,0,0,0.05957394099823432,0.03148041199892759,FacesUCR,1068
10,10,0.1,hydra,feature_ablation,0.0,0.0,0.25190839694656486,0.2809400534414739,0.2309194918443767,0,1,0.05957394099823432,0.03148041199892759,FacesUCR,1068
10,10,0.2,hydra,feature_ablation,0.0,0.0,0.24427480916030533,0.38947251049772447,0.06403010392335373,0,1,0.05957394099823432,0.03148041199892759,FacesUCR,1068
10,10,0.05,hydra,tshap_centroid,0.0,0.0,0.17557251908396945,0.2802252394261724,0.3464391187924486,0,0,0.05957394099823432,0.004119514000194613,FacesUCR,1068
10,10,0.1,hydra,tshap_centroid,0.0,0.0,0.15267175572519084,0.2809400534414739,0.3655369964454739,0,0,0.05957394099823432,0.004119514000194613,FacesUCR,1068
10,10,0.2,hydra,tshap_centroid,0.08333333333333333,0.15384615384615385,0.16793893129770993,0.38947251049772447,0.35632460279893463,0,0,0.05957394099823432,0.004119514000194613,FacesUCR,1068
10,10,0.05,hydra,tshap_zero,0.0,0.0,0.29770992366412213,0.2802252394261724,-0.2866245474783561,0,0,0.05957394099823432,0.004137197996897157,FacesUCR,1068
10,10,0.1,hydra,tshap_zero,0.0,0.0,0.2748091603053435,0.2809400534414739,-0.2694201260455137,0,0,0.05957394099823432,0.004137197996897157,FacesUCR,1068
10,10,0.2,hydra,tshap_zero,0.0,0.0,0.1984732824427481,0.38947251049772447,0.33079824232113086,0,1,0.05957394099823432,0.004137197996897157,FacesUCR,1068
10,10,0.05,hydra,tshap_train,0.0,0.0,0.16793893129770993,0.2802252394261724,0.3007570177351091,0,0,0.05957394099823432,0.033267029000853654,FacesUCR,1068
10,10,0.1,hydra,tshap_train,0.0,0.0,0.1450381679389313,0.2809400534414739,0.4353302922264275,0,1,0.05957394099823432,0.033267029000853654,FacesUCR,1068
10,10,0.2,hydra,tshap_train,0.4857142857142857,0.6538461538461539,0.06870229007633588,0.38947251049772447,0.604788427879442,0,1,0.05957394099823432,0.033267029000853654,FacesUCR,1068
10,10,0.05,hydra,mrsqm,0.0,0.0,0.6946564885496184,0.2802252394261724,0.011984218557274162,0,0,0.05957394099823432,2.3143998987507075e-05,FacesUCR,1068
10,10,0.1,hydra,mrsqm,0.0,0.0,0.648854961832061,0.2809400534414739,0.02837828764896355,0,0,0.05957394099823432,2.3143998987507075e-05,FacesUCR,1068
10,10,0.2,hydra,mrsqm,0.0,0.0,0.5572519083969466,0.38947251049772447,0.2873776644447319,0,0,0.05957394099823432,2.3143998987507075e-05,FacesUCR,1068
10,10,0.05,shapley_sampling,feature_ablation,1.0,1.0,0.0,0.12077855494861833,0.12077854602258908,0,0,0.7478752629976952,0.03148041199892759,FacesUCR,1068
10,10,0.1,shapley_sampling,feature_ablation,1.0,1.0,0.0,0.23091949296121816,0.2309194918443767,1,1,0.7478752629976952,0.03148041199892759,FacesUCR,1068
10,10,0.2,shapley_sampling,feature_ablation,1.0,1.0,0.0,0.0640301049883919,0.06403010392335373,1,1,0.7478752629976952,0.03148041199892759,FacesUCR,1068
10,10,0.05,shapley_sampling,tshap_centroid,0.0,0.0,0.3893129770992366,0.12077855494861833,0.3464391187924486,0,0,0.7478752629976952,0.004119514000194613,FacesUCR,1068
10,10,0.1,shapley_sampling,tshap_centroid,0.0,0.0,0.40458015267175573,0.23091949296121816,0.3655369964454739,1,0,0.7478752629976952,0.004119514000194613,FacesUCR,1068
10,10,0.2,shapley_sampling,tshap_centroid,0.0,0.0,0.4122137404580153,0.0640301049883919,0.35632460279893463,1,0,0.7478752629976952,0.004119514000194613,FacesUCR,1068
10,10,0.05,shapley_sampling,tshap_zero,0.0,0.0,0.5114503816793893,0.12077855494861833,-0.2866245474783561,0,0,0.7478752629976952,0.004137197996897157,FacesUCR,1068
10,10,0.1,shapley_sampling,tshap_zero,0.0,0.0,0.5267175572519084,0.23091949296121816,-0.2694201260455137,1,0,0.7478752629976952,0.004137197996897157,FacesUCR,1068
10,10,0.2,shapley_sampling,tshap_zero,0.0,0.0,0.44274809160305345,0.0640301049883919,0.33079824232113086,1,1,0.7478752629976952,0.004137197996897157,FacesUCR,1068
10,10,0.05,shapley_sampling,tshap_train,0.0,0.0,0.3816793893129771,0.12077855494861833,0.3007570177351091,0,0,0.7478752629976952,0.033267029000853654,FacesUCR,1068
10,10,0.1,shapley_sampling,tshap_train,0.0,0.0,0.3969465648854962,0.23091949296121816,0.4353302922264275,1,1,0.7478752629976952,0.033267029000853654,FacesUCR,1068
10,10,0.2,shapley_sampling,tshap_train,0.0,0.0,0.31297709923664124,0.0640301049883919,0.604788427879442,1,1,0.7478752629976952,0.033267029000853654,FacesUCR,1068
10,10,0.05,shapley_sampling,mrsqm,0.0,0.0,0.9083969465648855,0.12077855494861833,0.011984218557274162,0,0,0.7478752629976952,2.3143998987507075e-05,FacesUCR,1068
10,10,0.1,shapley_sampling,mrsqm,0.0,0.0,0.9007633587786259,0.23091949296121816,0.02837828764896355,1,0,0.7478752629976952,2.3143998987507075e-05,FacesUCR,1068
10,10,0.2,shapley_sampling,mrsqm,0.0,0.0,0.8015267175572519,0.0640301049883919,0.2873776644447319,1,0,0.7478752629976952,2.3143998987507075e-05,FacesUCR,1068
10,10,0.05,feature_ablation,tshap_centroid,0.0,0.0,0.3893129770992366,0.12077854602258908,0.3464391187924486,0,0,0.03148041199892759,0.004119514000194613,FacesUCR,1068
10,10,0.1,feature_ablation,tshap_centroid,0.0,0.0,0.40458015267175573,0.2309194918443767,0.3655369964454739,1,0,0.03148041199892759,0.004119514000194613,FacesUCR,1068
10,10,0.2,feature_ablation,tshap_centroid,0.0,0.0,0.4122137404580153,0.06403010392335373,0.35632460279893463,1,0,0.03148041199892759,0.004119514000194613,FacesUCR,1068
10,10,0.05,feature_ablation,tshap_zero,0.0,0.0,0.5114503816793893,0.12077854602258908,-0.2866245474783561,0,0,0.03148041199892759,0.004137197996897157,FacesUCR,1068
10,10,0.1,feature_ablation,tshap_zero,0.0,0.0,0.5267175572519084,0.2309194918443767,-0.2694201260455137,1,0,0.03148041199892759,0.004137197996897157,FacesUCR,1068
10,10,0.2,feature_ablation,tshap_zero,0.0,0.0,0.44274809160305345,0.06403010392335373,0.33079824232113086,1,1,0.03148041199892759,0.004137197996897157,FacesUCR,1068
10,10,0.05,feature_ablation,tshap_train,0.0,0.0,0.3816793893129771,0.12077854602258908,0.3007570177351091,0,0,0.03148041199892759,0.033267029000853654,FacesUCR,1068
10,10,0.1,feature_ablation,tshap_train,0.0,0.0,0.3969465648854962,0.2309194918443767,0.4353302922264275,1,1,0.03148041199892759,0.033267029000853654,FacesUCR,1068
10,10,0.2,feature_ablation,tshap_train,0.0,0.0,0.31297709923664124,0.06403010392335373,0.604788427879442,1,1,0.03148041199892759,0.033267029000853654,FacesUCR,1068
10,10,0.05,feature_ablation,mrsqm,0.0,0.0,0.9083969465648855,0.12077854602258908,0.011984218557274162,0,0,0.03148041199892759,2.3143998987507075e-05,FacesUCR,1068
10,10,0.1,feature_ablation,mrsqm,0.0,0.0,0.9007633587786259,0.2309194918443767,0.02837828764896355,1,0,0.03148041199892759,2.3143998987507075e-05,FacesUCR,1068
10,10,0.2,feature_ablation,mrsqm,0.0,0.0,0.8015267175572519,0.06403010392335373,0.2873776644447319,1,0,0.03148041199892759,2.3143998987507075e-05,FacesUCR,1068
10,10,0.05,tshap_centroid,tshap_zero,0.0,0.0,0.12213740458015267,0.3464391187924486,-0.2866245474783561,0,0,0.004119514000194613,0.004137197996897157,FacesUCR,1068
10,10,0.1,tshap_centroid,tshap_zero,0.0,0.0,0.12213740458015267,0.3655369964454739,-0.2694201260455137,0,0,0.004119514000194613,0.004137197996897157,FacesUCR,1068
10,10,0.2,tshap_centroid,tshap_zero,0.7333333333333333,0.8461538461538461,0.030534351145038167,0.35632460279893463,0.33079824232113086,0,1,0.004119514000194613,0.004137197996897157,FacesUCR,1068
10,10,0.05,tshap_centroid,tshap_train,0.75,0.8571428571428571,0.007633587786259542,0.3464391187924486,0.3007570177351091,0,0,0.004119514000194613,0.033267029000853654,FacesUCR,1068
10,10,0.1,tshap_centroid,tshap_train,0.8571428571428571,0.9230769230769231,0.007633587786259542,0.3655369964454739,0.4353302922264275,0,1,0.004119514000194613,0.033267029000853654,FacesUCR,1068
10,10,0.2,tshap_centroid,tshap_train,0.3333333333333333,0.5,0.09923664122137404,0.35632460279893463,0.604788427879442,0,1,0.004119514000194613,0.033267029000853654,FacesUCR,1068
10,10,0.05,tshap_centroid,mrsqm,0.0,0.0,0.5190839694656488,0.3464391187924486,0.011984218557274162,0,0,0.004119514000194613,2.3143998987507075e-05,FacesUCR,1068
10,10,0.1,tshap_centroid,mrsqm,0.0,0.0,0.4961832061068702,0.3655369964454739,0.02837828764896355,0,0,0.004119514000194613,2.3143998987507075e-05,FacesUCR,1068
10,10,0.2,tshap_centroid,mrsqm,0.0,0.0,0.3893129770992366,0.35632460279893463,0.2873776644447319,0,0,0.004119514000194613,2.3143998987507075e-05,FacesUCR,1068
10,10,0.05,tshap_zero,tshap_train,0.0,0.0,0.1297709923664122,-0.2866245474783561,0.3007570177351091,0,0,0.004137197996897157,0.033267029000853654,FacesUCR,1068
10,10,0.1,tshap_zero,tshap_train,0.0,0.0,0.1297709923664122,-0.2694201260455137,0.4353302922264275,0,1,0.004137197996897157,0.033267029000853654,FacesUCR,1068
10,10,0.2,tshap_zero,tshap_train,0.20930232558139536,0.34615384615384615,0.1297709923664122,0.33079824232113086,0.604788427879442,1,1,0.004137197996897157,0.033267029000853654,FacesUCR,1068
10,10,0.05,tshap_zero,mrsqm,0.0,0.0,0.3969465648854962,-0.2866245474783561,0.011984218557274162,0,0,0.004137197996897157,2.3143998987507075e-05,FacesUCR,1068
10,10,0.1,tshap_zero,mrsqm,0.0,0.0,0.37404580152671757,-0.2694201260455137,0.02837828764896355,0,0,0.004137197996897157,2.3143998987507075e-05,FacesUCR,1068
10,10,0.2,tshap_zero,mrsqm,0.0,0.0,0.35877862595419846,0.33079824232113086,0.2873776644447319,1,0,0.004137197996897157,2.3143998987507075e-05,FacesUCR,1068
10,10,0.05,tshap_train,mrsqm,0.0,0.0,0.5267175572519084,0.3007570177351091,0.011984218557274162,0,0,0.033267029000853654,2.3143998987507075e-05,FacesUCR,1068
10,10,0.1,tshap_train,mrsqm,0.0,0.0,0.5038167938931297,0.4353302922264275,0.02837828764896355,1,0,0.033267029000853654,2.3143998987507075e-05,FacesUCR,1068
10,10,0.2,tshap_train,mrsqm,0.0,0.0,0.48854961832061067,0.604788427879442,0.2873776644447319,1,0,0.033267029000853654,2.3143998987507075e-05,FacesUCR,1068
