true_label,pred_label,fraction,method_a,method_b,iou,overlap_fraction,normalised_centre_distance,score_drop_a,score_drop_b,flipped_a,flipped_b,explain_time_a_s,explain_time_b_s,dataset,sample_idx
1,1,0.05,hydra,shapley_sampling,0.0,0.0,0.5054151624548736,-0.0738067766261683,-0.0603624847338079,0,0,0.16722129100526217,1.026477025996428,ToeSegmentation1,164
1,1,0.1,hydra,shapley_sampling,0.0,0.0,0.851985559566787,-0.113796447990544,0.03771306576668476,0,0,0.16722129100526217,1.026477025996428,ToeSegmentation1,164
1,1,0.2,hydra,shapley_sampling,0.0,0.0,0.7545126353790613,-0.05745036962437455,0.119794890170831,0,0,0.16722129100526217,1.026477025996428,ToeSegmentation1,164
1,1,0.05,hydra,feature_ablation,0.0,0.0,0.05054151624548736,-0.0738067766261683,-0.1605787159661396,0,0,0.16722129100526217,0.04531449700152734,ToeSegmentation1,164
1,1,0.1,hydra,feature_ablation,1.0,1.0,0.0,-0.113796447990544,-0.11379645026955099,0,0,0.16722129100526217,0.04531449700152734,ToeSegmentation1,164
1,1,0.2,hydra,feature_ablation,1.0,1.0,0.0,-0.05745036962437455,-0.05745036267231374,0,0,0.16722129100526217,0.04531449700152734,ToeSegmentation1,164
1,1,0.05,hydra,tshap_centroid,0.0,0.0,0.7003610108303249,-0.0738067766261683,-0.11836170501051224,0,0,0.16722129100526217,0.03202617100032512,ToeSegmentation1,164
1,1,0.1,hydra,tshap_centroid,0.0,0.0,0.6750902527075813,-0.113796447990544,-0.09379338140419491,0,0,0.16722129100526217,0.03202617100032512,ToeSegmentation1,164
1,1,0.2,hydra,tshap_centroid,0.9642857142857143,0.9818181818181818,0.0036101083032490976,-0.05745036962437455,-0.01830987984277388,0,0,0.16722129100526217,0.03202617100032512,ToeSegmentation1,164
1,1,0.05,hydra,tshap_zero,0.0,0.0,0.855595667870036,-0.0738067766261683,0.07276806709633432,0,0,0.16722129100526217,0.02100036000047112,ToeSegmentation1,164
1,1,0.1,hydra,tshap_zero,0.0,0.0,0.8158844765342961,-0.113796447990544,0.004309319958605506,0,0,0.16722129100526217,0.02100036000047112,ToeSegmentation1,164
1,1,0.2,hydra,tshap_zero,0.0,0.0,0.7509025270758123,-0.05745036962437455,0.11825950209461866,0,0,0.16722129100526217,0.02100036000047112,ToeSegmentation1,164
1,1,0.05,hydra,tshap_train,0.0,0.0,0.24548736462093862,-0.0738067766261683,0.04562792808134386,0,0,0.16722129100526217,0.17946013799519278,ToeSegmentation1,164
1,1,0.1,hydra,tshap_train,0.0,0.0,0.22021660649819494,-0.113796447990544,0.11667394248543128,0,0,0.16722129100526217,0.17946013799519278,ToeSegmentation1,164
1,1,0.2,hydra,tshap_train,0.028037383177570093,0.05454545454545454,0.18772563176895307,-0.05745036962437455,0.1763929052127633,0,0,0.16722129100526217,0.17946013799519278,ToeSegmentation1,164
1,1,0.05,hydra,mrsqm,1.0,1.0,0.0,-0.0738067766261683,-0.07380677818876313,0,0,0.16722129100526217,3.067699435632676e-05,ToeSegmentation1,164
1,1,0.1,hydra,mrsqm,1.0,1.0,0.0,-0.113796447990544,-0.11379645025193974,0,0,0.16722129100526217,3.067699435632676e-05,ToeSegmentation1,164
1,1,0.2,hydra,mrsqm,1.0,1.0,0.0,-0.05745036962437455,-0.057450374432908236,0,0,0.16722129100526217,3.067699435632676e-05,ToeSegmentation1,164
1,1,0.05,shapley_sampling,feature_ablation,0.0,0.0,0.4548736462093863,-0.0603624847338079,-0.1605787159661396,0,0,1.026477025996428,0.04531449700152734,ToeSegmentation1,164
1,1,0.1,shapley_sampling,feature_ablation,0.0,0.0,0.851985559566787,0.03771306576668476,-0.11379645026955099,0,0,1.026477025996428,0.04531449700152734,ToeSegmentation1,164
1,1,0.2,shapley_sampling,feature_ablation,0.0,0.0,0.7545126353790613,0.119794890170831,-0.05745036267231374,0,0,1.026477025996428,0.04531449700152734,ToeSegmentation1,164
1,1,0.05,shapley_sampling,tshap_centroid,0.0,0.0,0.19494584837545126,-0.0603624847338079,-0.11836170501051224,0,0,1.026477025996428,0.03202617100032512,ToeSegmentation1,164
1,1,0.1,shapley_sampling,tshap_centroid,0.0,0.0,0.17689530685920576,0.03771306576668476,-0.09379338140419491,0,0,1.026477025996428,0.03202617100032512,ToeSegmentation1,164
1,1,0.2,shapley_sampling,tshap_centroid,0.0,0.0,0.7509025270758123,0.119794890170831,-0.01830987984277388,0,0,1.026477025996428,0.03202617100032512,ToeSegmentation1,164
1,1,0.05,shapley_sampling,tshap_zero,0.0,0.0,0.35018050541516244,-0.0603624847338079,0.07276806709633432,0,0,1.026477025996428,0.02100036000047112,ToeSegmentation1,164
1,1,0.1,shapley_sampling,tshap_zero,0.47368421052631576,0.6428571428571429,0.036101083032490974,0.03771306576668476,0.004309319958605506,0,0,1.026477025996428,0.02100036000047112,ToeSegmentation1,164
1,1,0.2,shapley_sampling,tshap_zero,0.9642857142857143,0.9818181818181818,0.0036101083032490976,0.119794890170831,0.11825950209461866,0,0,1.026477025996428,0.02100036000047112,ToeSegmentation1,164
1,1,0.05,shapley_sampling,tshap_train,0.0,0.0,0.259927797833935,-0.0603624847338079,0.04562792808134386,0,0,1.026477025996428,0.17946013799519278,ToeSegmentation1,164
1,1,0.1,shapley_sampling,tshap_train,0.0,0.0,0.631768953068592,0.03771306576668476,0.11667394248543128,0,0,1.026477025996428,0.17946013799519278,ToeSegmentation1,164
1,1,0.2,shapley_sampling,tshap_train,0.0,0.0,0.5667870036101083,0.119794890170831,0.1763929052127633,0,0,1.026477025996428,0.17946013799519278,ToeSegmentation1,164
1,1,0.05,shapley_sampling,mrsqm,0.0,0.0,0.5054151624548736,-0.0603624847338079,-0.07380677818876313,0,0,1.026477025996428,3.067699435632676e-05,ToeSegmentation1,164
1,1,0.1,shapley_sampling,mrsqm,0.0,0.0,0.851985559566787,0.03771306576668476,-0.11379645025193974,0,0,1.026477025996428,3.067699435632676e-05,ToeSegmentation1,164
1,1,0.2,shapley_sampling,mrsqm,0.0,0.0,0.7545126353790613,0.119794890170831,-0.057450374432908236,0,0,1.026477025996428,3.067699435632676e-05,ToeSegmentation1,164
1,1,0.05,feature_ablation,tshap_centroid,0.0,0.0,0.6498194945848376,-0.1605787159661396,-0.11836170501051224,0,0,0.04531449700152734,0.03202617100032512,ToeSegmentation1,164
1,1,0.1,feature_ablation,tshap_centroid,0.0,0.0,0.6750902527075813,-0.11379645026955099,-0.09379338140419491,0,0,0.04531449700152734,0.03202617100032512,ToeSegmentation1,164
1,1,0.2,feature_ablation,tshap_centroid,0.9642857142857143,0.9818181818181818,0.0036101083032490976,-0.05745036267231374,-0.01830987984277388,0,0,0.04531449700152734,0.03202617100032512,ToeSegmentation1,164
1,1,0.05,feature_ablation,tshap_zero,0.0,0.0,0.8050541516245487,-0.1605787159661396,0.07276806709633432,0,0,0.04531449700152734,0.02100036000047112,ToeSegmentation1,164
1,1,0.1,feature_ablation,tshap_zero,0.0,0.0,0.8158844765342961,-0.11379645026955099,0.004309319958605506,0,0,0.04531449700152734,0.02100036000047112,ToeSegmentation1,164
1,1,0.2,feature_ablation,tshap_zero,0.0,0.0,0.7509025270758123,-0.05745036267231374,0.11825950209461866,0,0,0.04531449700152734,0.02100036000047112,ToeSegmentation1,164
1,1,0.05,feature_ablation,tshap_train,0.0,0.0,0.19494584837545126,-0.1605787159661396,0.04562792808134386,0,0,0.04531449700152734,0.17946013799519278,ToeSegmentation1,164
1,1,0.1,feature_ablation,tshap_train,0.0,0.0,0.22021660649819494,-0.11379645026955099,0.11667394248543128,0,0,0.04531449700152734,0.17946013799519278,ToeSegmentation1,164
1,1,0.2,feature_ablation,tshap_train,0.028037383177570093,0.05454545454545454,0.18772563176895307,-0.05745036267231374,0.1763929052127633,0,0,0.04531449700152734,0.17946013799519278,ToeSegmentation1,164
1,1,0.05,feature_ablation,mrsqm,0.0,0.0,0.05054151624548736,-0.1605787159661396,-0.07380677818876313,0,0,0.04531449700152734,3.067699435632676e-05,ToeSegmentation1,164
1,1,0.1,feature_ablation,mrsqm,1.0,1.0,0.0,-0.11379645026955099,-0.11379645025193974,0,0,0.04531449700152734,3.067699435632676e-05,ToeSegmentation1,164
1,1,0.2,feature_ablation,mrsqm,1.0,1.0,0.0,-0.05745036267231374,-0.057450374432908236,0,0,0.04531449700152734,3.067699435632676e-05,ToeSegmentation1,164
1,1,0.05,tshap_centroid,tshap_zero,0.0,0.0,0.1552346570397112,-0.11836170501051224,0.07276806709633432,0,0,0.03202617100032512,0.02100036000047112,ToeSegmentation1,164
1,1,0.1,tshap_centroid,tshap_zero,0.0,0.0,0.1407942238267148,-0.09379338140419491,0.004309319958605506,0,0,0.03202617100032512,0.02100036000047112,ToeSegmentation1,164
1,1,0.2,tshap_centroid,tshap_zero,0.0,0.0,0.7472924187725631,-0.01830987984277388,0.11825950209461866,0,0,0.03202617100032512,0.02100036000047112,ToeSegmentation1,164
1,1,0.05,tshap_centroid,tshap_train,0.0,0.0,0.4548736462093863,-0.11836170501051224,0.04562792808134386,0,0,0.03202617100032512,0.17946013799519278,ToeSegmentation1,164
1,1,0.1,tshap_centroid,tshap_train,0.0,0.0,0.4548736462093863,-0.09379338140419491,0.11667394248543128,0,0,0.03202617100032512,0.17946013799519278,ToeSegmentation1,164
1,1,0.2,tshap_centroid,tshap_train,0.03773584905660377,0.07272727272727272,0.18411552346570398,-0.01830987984277388,0.1763929052127633,0,0,0.03202617100032512,0.17946013799519278,ToeSegmentation1,164
1,1,0.05,tshap_centroid,mrsqm,0.0,0.0,0.7003610108303249,-0.11836170501051224,-0.07380677818876313,0,0,0.03202617100032512,3.067699435632676e-05,ToeSegmentation1,164
1,1,0.1,tshap_centroid,mrsqm,0.0,0.0,0.6750902527075813,-0.09379338140419491,-0.11379645025193974,0,0,0.03202617100032512,3.067699435632676e-05,ToeSegmentation1,164
1,1,0.2,tshap_centroid,mrsqm,0.9642857142857143,0.9818181818181818,0.0036101083032490976,-0.01830987984277388,-0.057450374432908236,0,0,0.03202617100032512,3.067699435632676e-05,ToeSegmentation1,164
1,1,0.05,tshap_zero,tshap_train,0.0,0.0,0.6101083032490975,0.07276806709633432,0.04562792808134386,0,0,0.02100036000047112,0.17946013799519278,ToeSegmentation1,164
1,1,0.1,tshap_zero,tshap_train,0.0,0.0,0.5956678700361011,0.004309319958605506,0.11667394248543128,0,0,0.02100036000047112,0.17946013799519278,ToeSegmentation1,164
1,1,0.2,tshap_zero,tshap_train,0.0,0.0,0.5631768953068592,0.11825950209461866,0.1763929052127633,0,0,0.02100036000047112,0.17946013799519278,ToeSegmentation1,164
1,1,0.05,tshap_zero,mrsqm,0.0,0.0,0.855595667870036,0.07276806709633432,-0.07380677818876313,0,0,0.02100036000047112,3.067699435632676e-05,ToeSegmentation1,164
1,1,0.1,tshap_zero,mrsqm,0.0,0.0,0.8158844765342961,0.004309319958605506,-0.11379645025193974,0,0,0.02100036000047112,3.067699435632676e-05,ToeSegmentation1,164
1,1,0.2,tshap_zero,mrsqm,0.0,0.0,0.7509025270758123,0.11825950209461866,-0.057450374432908236,0,0,0.02100036000047112,3.067699435632676e-05,ToeSegmentation1,164
1,1,0.05,tshap_train,mrsqm,0.0,0.0,0.24548736462093862,0.04562792808134386,-0.07380677818876313,0,0,0.17946013799519278,3.067699435632676e-05,ToeSegmentation1,164
1,1,0.1,tshap_train,mrsqm,0.0,0.0,0.22021660649819494,0.11667394248543128,-0.11379645025193974,0,0,0.17946013799519278,3.067699435632676e-05,ToeSegmentation1,164
1,1,0.2,tshap_train,mrsqm,0.028037383177570093,0.05454545454545454,0.18772563176895307,0.1763929052127633,-0.057450374432908236,0,0,0.17946013799519278,3.067699435632676e-05,ToeSegmentation1,164
1,1,0.05,hydra,shapley_sampling,0.0,0.0,0.15162454873646208,0.03952918959929702,-0.19079731220022933,0,0,0.1489763940044213,1.0049224399990635,ToeSegmentation1,162
1,1,0.1,hydra,shapley_sampling,0.0,0.0,0.18411552346570398,0.10504546669647802,-0.16900977323125566,0,0,0.1489763940044213,1.0049224399990635,ToeSegmentation1,162
1,1,0.2,hydra,shapley_sampling,0.1827956989247312,0.3090909090909091,0.1371841155234657,-0.013241431400455306,-0.11394181935349168,0,0,0.1489763940044213,1.0049224399990635,ToeSegmentation1,162
1,1,0.05,hydra,feature_ablation,0.0,0.0,0.20216606498194944,0.03952918959929702,0.2027365656496786,0,0,0.1489763940044213,0.043270793998090085,ToeSegmentation1,162
1,1,0.1,hydra,feature_ablation,0.0,0.0,0.18411552346570398,0.10504546669647802,-0.1690097666838002,0,0,0.1489763940044213,0.043270793998090085,ToeSegmentation1,162
1,1,0.2,hydra,feature_ablation,0.03773584905660377,0.07272727272727272,0.18411552346570398,-0.013241431400455306,-0.028751041989461823,0,0,0.1489763940044213,0.043270793998090085,ToeSegmentation1,162
1,1,0.05,hydra,tshap_centroid,0.0,0.0,0.48014440433212996,0.03952918959929702,-0.15936686248868726,0,0,0.1489763940044213,0.019754251996346284,ToeSegmentation1,162
1,1,0.1,hydra,tshap_centroid,0.0,0.0,0.48736462093862815,0.10504546669647802,-0.20612737737224496,0,0,0.1489763940044213,0.019754251996346284,ToeSegmentation1,162
1,1,0.2,hydra,tshap_centroid,0.15789473684210525,0.2727272727272727,0.1444043321299639,-0.013241431400455306,-0.31966929909250874,0,0,0.1489763940044213,0.019754251996346284,ToeSegmentation1,162
1,1,0.05,hydra,tshap_zero,0.037037037037037035,0.07142857142857142,0.04693140794223827,0.03952918959929702,0.02835606432670368,0,0,0.1489763940044213,0.01898062400141498,ToeSegmentation1,162
1,1,0.1,hydra,tshap_zero,0.5135135135135135,0.6785714285714286,0.032490974729241874,0.10504546669647802,0.04871522494016273,0,0,0.1489763940044213,0.01898062400141498,ToeSegmentation1,162
1,1,0.2,hydra,tshap_zero,0.0,0.0,0.3935018050541516,-0.013241431400455306,0.2272744833412148,0,0,0.1489763940044213,0.01898062400141498,ToeSegmentation1,162
1,1,0.05,hydra,tshap_train,0.0,0.0,0.5487364620938628,0.03952918959929702,0.03978378683106848,0,0,0.1489763940044213,0.1663118159995065,ToeSegmentation1,162
1,1,0.1,hydra,tshap_train,0.0,0.0,0.5451263537906137,0.10504546669647802,0.02607847137232322,0,0,0.1489763940044213,0.1663118159995065,ToeSegmentation1,162
1,1,0.2,hydra,tshap_train,0.047619047619047616,0.09090909090909091,0.18050541516245489,-0.013241431400455306,-0.30010807370308423,0,0,0.1489763940044213,0.1663118159995065,ToeSegmentation1,162
1,1,0.05,hydra,mrsqm,0.0,0.0,0.7581227436823105,0.03952918959929702,-0.07333740944882594,0,0,0.1489763940044213,2.8293005016166717e-05,ToeSegmentation1,162
1,1,0.1,hydra,mrsqm,0.0,0.0,0.740072202166065,0.10504546669647802,-0.11022840438844561,0,0,0.1489763940044213,2.8293005016166717e-05,ToeSegmentation1,162
1,1,0.2,hydra,mrsqm,0.0,0.0,0.3212996389891697,-0.013241431400455306,-0.029899880993064176,0,0,0.1489763940044213,2.8293005016166717e-05,ToeSegmentation1,162
1,1,0.05,shapley_sampling,feature_ablation,0.0,0.0,0.05054151624548736,-0.19079731220022933,0.2027365656496786,0,0,1.0049224399990635,0.043270793998090085,ToeSegmentation1,162
1,1,0.1,shapley_sampling,feature_ablation,1.0,1.0,0.0,-0.16900977323125566,-0.1690097666838002,0,0,1.0049224399990635,0.043270793998090085,ToeSegmentation1,162
1,1,0.2,shapley_sampling,feature_ablation,0.6176470588235294,0.7636363636363637,0.04693140794223827,-0.11394181935349168,-0.028751041989461823,0,0,1.0049224399990635,0.043270793998090085,ToeSegmentation1,162
1,1,0.05,shapley_sampling,tshap_centroid,0.0,0.0,0.3285198555956679,-0.19079731220022933,-0.15936686248868726,0,0,1.0049224399990635,0.019754251996346284,ToeSegmentation1,162
1,1,0.1,shapley_sampling,tshap_centroid,0.0,0.0,0.30324909747292417,-0.16900977323125566,-0.20612737737224496,0,0,1.0049224399990635,0.019754251996346284,ToeSegmentation1,162
1,1,0.2,shapley_sampling,tshap_centroid,0.0,0.0,0.2815884476534296,-0.11394181935349168,-0.31966929909250874,0,0,1.0049224399990635,0.019754251996346284,ToeSegmentation1,162
1,1,0.05,shapley_sampling,tshap_zero,0.0,0.0,0.19855595667870035,-0.19079731220022933,0.02835606432670368,0,0,1.0049224399990635,0.01898062400141498,ToeSegmentation1,162
1,1,0.1,shapley_sampling,tshap_zero,0.0,0.0,0.21660649819494585,-0.16900977323125566,0.04871522494016273,0,0,1.0049224399990635,0.01898062400141498,ToeSegmentation1,162
1,1,0.2,shapley_sampling,tshap_zero,0.0,0.0,0.2563176895306859,-0.11394181935349168,0.2272744833412148,0,0,1.0049224399990635,0.01898062400141498,ToeSegmentation1,162
1,1,0.05,shapley_sampling,tshap_train,0.0,0.0,0.3971119133574007,-0.19079731220022933,0.03978378683106848,0,0,1.0049224399990635,0.1663118159995065,ToeSegmentation1,162
1,1,0.1,shapley_sampling,tshap_train,0.0,0.0,0.36101083032490977,-0.16900977323125566,0.02607847137232322,0,0,1.0049224399990635,0.1663118159995065,ToeSegmentation1,162
1,1,0.2,shapley_sampling,tshap_train,0.0,0.0,0.3176895306859206,-0.11394181935349168,-0.30010807370308423,0,0,1.0049224399990635,0.1663118159995065,ToeSegmentation1,162
1,1,0.05,shapley_sampling,mrsqm,0.0,0.0,0.6064981949458483,-0.19079731220022933,-0.07333740944882594,0,0,1.0049224399990635,2.8293005016166717e-05,ToeSegmentation1,162
1,1,0.1,shapley_sampling,mrsqm,0.0,0.0,0.555956678700361,-0.16900977323125566,-0.11022840438844561,0,0,1.0049224399990635,2.8293005016166717e-05,ToeSegmentation1,162
1,1,0.2,shapley_sampling,mrsqm,0.0,0.0,0.4584837545126354,-0.11394181935349168,-0.029899880993064176,0,0,1.0049224399990635,2.8293005016166717e-05,ToeSegmentation1,162
1,1,0.05,feature_ablation,tshap_centroid,0.0,0.0,0.2779783393501805,0.2027365656496786,-0.15936686248868726,0,0,0.043270793998090085,0.019754251996346284,ToeSegmentation1,162
1,1,0.1,feature_ablation,tshap_centroid,0.0,0.0,0.30324909747292417,-0.1690097666838002,-0.20612737737224496,0,0,0.043270793998090085,0.019754251996346284,ToeSegmentation1,162
1,1,0.2,feature_ablation,tshap_centroid,0.0,0.0,0.3285198555956679,-0.028751041989461823,-0.31966929909250874,0,0,0.043270793998090085,0.019754251996346284,ToeSegmentation1,162
1,1,0.05,feature_ablation,tshap_zero,0.0,0.0,0.2490974729241877,0.2027365656496786,0.02835606432670368,0,0,0.043270793998090085,0.01898062400141498,ToeSegmentation1,162
1,1,0.1,feature_ablation,tshap_zero,0.0,0.0,0.21660649819494585,-0.1690097666838002,0.04871522494016273,0,0,0.043270793998090085,0.01898062400141498,ToeSegmentation1,162
1,1,0.2,feature_ablation,tshap_zero,0.0,0.0,0.20938628158844766,-0.028751041989461823,0.2272744833412148,0,0,0.043270793998090085,0.01898062400141498,ToeSegmentation1,162
1,1,0.05,feature_ablation,tshap_train,0.0,0.0,0.34657039711191334,0.2027365656496786,0.03978378683106848,0,0,0.043270793998090085,0.1663118159995065,ToeSegmentation1,162
1,1,0.1,feature_ablation,tshap_train,0.0,0.0,0.36101083032490977,-0.1690097666838002,0.02607847137232322,0,0,0.043270793998090085,0.1663118159995065,ToeSegmentation1,162
1,1,0.2,feature_ablation,tshap_train,0.0,0.0,0.36462093862815886,-0.028751041989461823,-0.30010807370308423,0,0,0.043270793998090085,0.1663118159995065,ToeSegmentation1,162
1,1,0.05,feature_ablation,mrsqm,0.0,0.0,0.555956678700361,0.2027365656496786,-0.07333740944882594,0,0,0.043270793998090085,2.8293005016166717e-05,ToeSegmentation1,162
1,1,0.1,feature_ablation,mrsqm,0.0,0.0,0.555956678700361,-0.1690097666838002,-0.11022840438844561,0,0,0.043270793998090085,2.8293005016166717e-05,ToeSegmentation1,162
1,1,0.2,feature_ablation,mrsqm,0.0,0.0,0.5054151624548736,-0.028751041989461823,-0.029899880993064176,0,0,0.043270793998090085,2.8293005016166717e-05,ToeSegmentation1,162
1,1,0.05,tshap_centroid,tshap_zero,0.0,0.0,0.5270758122743683,-0.15936686248868726,0.02835606432670368,0,0,0.019754251996346284,0.01898062400141498,ToeSegmentation1,162
1,1,0.1,tshap_centroid,tshap_zero,0.0,0.0,0.51985559566787,-0.20612737737224496,0.04871522494016273,0,0,0.019754251996346284,0.01898062400141498,ToeSegmentation1,162
1,1,0.2,tshap_centroid,tshap_zero,0.0,0.0,0.5379061371841155,-0.31966929909250874,0.2272744833412148,0,0,0.019754251996346284,0.01898062400141498,ToeSegmentation1,162
1,1,0.05,tshap_centroid,tshap_train,0.0,0.0,0.06859205776173286,-0.15936686248868726,0.03978378683106848,0,0,0.019754251996346284,0.1663118159995065,ToeSegmentation1,162
1,1,0.1,tshap_centroid,tshap_train,0.2727272727272727,0.42857142857142855,0.05776173285198556,-0.20612737737224496,0.02607847137232322,0,0,0.019754251996346284,0.1663118159995065,ToeSegmentation1,162
1,1,0.2,tshap_centroid,tshap_train,0.6923076923076923,0.8181818181818182,0.036101083032490974,-0.31966929909250874,-0.30010807370308423,0,0,0.019754251996346284,0.1663118159995065,ToeSegmentation1,162
1,1,0.05,tshap_centroid,mrsqm,0.0,0.0,0.2779783393501805,-0.15936686248868726,-0.07333740944882594,0,0,0.019754251996346284,2.8293005016166717e-05,ToeSegmentation1,162
1,1,0.1,tshap_centroid,mrsqm,0.0,0.0,0.2527075812274368,-0.20612737737224496,-0.11022840438844561,0,0,0.019754251996346284,2.8293005016166717e-05,ToeSegmentation1,162
1,1,0.2,tshap_centroid,mrsqm,0.057692307692307696,0.10909090909090909,0.17689530685920576,-0.31966929909250874,-0.029899880993064176,0,0,0.019754251996346284,2.8293005016166717e-05,ToeSegmentation1,162
1,1,0.05,tshap_zero,tshap_train,0.0,0.0,0.5956678700361011,0.02835606432670368,0.03978378683106848,0,0,0.01898062400141498,0.1663118159995065,ToeSegmentation1,162
1,1,0.1,tshap_zero,tshap_train,0.0,0.0,0.5776173285198556,0.04871522494016273,0.02607847137232322,0,0,0.01898062400141498,0.1663118159995065,ToeSegmentation1,162
1,1,0.2,tshap_zero,tshap_train,0.0,0.0,0.5740072202166066,0.2272744833412148,-0.30010807370308423,0,0,0.01898062400141498,0.1663118159995065,ToeSegmentation1,162
1,1,0.05,tshap_zero,mrsqm,0.0,0.0,0.8050541516245487,0.02835606432670368,-0.07333740944882594,0,0,0.01898062400141498,2.8293005016166717e-05,ToeSegmentation1,162
1,1,0.1,tshap_zero,mrsqm,0.0,0.0,0.7725631768953068,0.04871522494016273,-0.11022840438844561,0,0,0.01898062400141498,2.8293005016166717e-05,ToeSegmentation1,162
1,1,0.2,tshap_zero,mrsqm,0.0,0.0,0.7148014440433214,0.2272744833412148,-0.029899880993064176,0,0,0.01898062400141498,2.8293005016166717e-05,ToeSegmentation1,162
1,1,0.05,tshap_train,mrsqm,0.0,0.0,0.20938628158844766,0.03978378683106848,-0.07333740944882594,0,0,0.1663118159995065,2.8293005016166717e-05,ToeSegmentation1,162
1,1,0.1,tshap_train,mrsqm,0.0,0.0,0.19494584837545126,0.02607847137232322,-0.11022840438844561,0,0,0.1663118159995065,2.8293005016166717e-05,ToeSegmentation1,162
1,1,0.2,tshap_train,mrsqm,0.1702127659574468,0.2909090909090909,0.1407942238267148,-0.30010807370308423,-0.029899880993064176,0,0,0.1663118159995065,2.8293005016166717e-05,ToeSegmentation1,162
0,0,0.05,hydra,shapley_sampling,0.0,0.0,0.17689530685920576,0.1426208450282384,0.3315522277471185,0,0,0.14817819999734638,1.0169154340037494,ToeSegmentation1,45
0,0,0.1,hydra,shapley_sampling,0.0,0.0,0.20938628158844766,0.16207788885206736,0.36597015168049657,0,0,0.14817819999734638,1.0169154340037494,ToeSegmentation1,45
0,0,0.2,hydra,shapley_sampling,0.057692307692307696,0.10909090909090909,0.17689530685920576,0.20390337549031984,0.14203108154496263,0,0,0.14817819999734638,1.0169154340037494,ToeSegmentation1,45
0,0,0.05,hydra,feature_ablation,0.0,0.0,0.17689530685920576,0.1426208450282384,0.33155223010196105,0,0,0.14817819999734638,0.04344668699923204,ToeSegmentation1,45
0,0,0.1,hydra,feature_ablation,0.0,0.0,0.20938628158844766,0.16207788885206736,0.36597015670582544,0,0,0.14817819999734638,0.04344668699923204,ToeSegmentation1,45
0,0,0.2,hydra,feature_ablation,0.0784313725490196,0.14545454545454545,0.16967509025270758,0.20390337549031984,0.5225927005888804,0,1,0.14817819999734638,0.04344668699923204,ToeSegmentation1,45
0,0,0.05,hydra,tshap_centroid,0.0,0.0,0.148014440433213,0.1426208450282384,0.35829875157982544,0,0,0.14817819999734638,0.01697170799889136,ToeSegmentation1,45
0,0,0.1,hydra,tshap_centroid,0.0,0.0,0.1371841155234657,0.16207788885206736,0.36153792915824057,0,0,0.14817819999734638,0.01697170799889136,ToeSegmentation1,45
0,0,0.2,hydra,tshap_centroid,0.0,0.0,0.19855595667870035,0.20390337549031984,0.4160429067933319,0,0,0.14817819999734638,0.01697170799889136,ToeSegmentation1,45
0,0,0.05,hydra,tshap_zero,0.0,0.0,0.06498194945848375,0.1426208450282384,-0.019053574953253938,0,0,0.14817819999734638,0.019247567004640587,ToeSegmentation1,45
0,0,0.1,hydra,tshap_zero,0.2727272727272727,0.42857142857142855,0.05776173285198556,0.16207788885206736,0.08566384988388598,0,0,0.14817819999734638,0.019247567004640587,ToeSegmentation1,45
0,0,0.2,hydra,tshap_zero,0.0,0.0,0.41155234657039713,0.20390337549031984,-0.020523030530065767,0,0,0.14817819999734638,0.019247567004640587,ToeSegmentation1,45
0,0,0.05,hydra,tshap_train,0.0,0.0,0.1371841155234657,0.1426208450282384,0.30400892500913174,0,0,0.14817819999734638,0.16529232599714305,ToeSegmentation1,45
0,0,0.1,hydra,tshap_train,0.0,0.0,0.12274368231046931,0.16207788885206736,0.41839351653091517,0,0,0.14817819999734638,0.16529232599714305,ToeSegmentation1,45
0,0,0.2,hydra,tshap_train,0.1,0.18181818181818182,0.1624548736462094,0.20390337549031984,0.527554569950602,0,1,0.14817819999734638,0.16529232599714305,ToeSegmentation1,45
0,0,0.05,hydra,mrsqm,0.0,0.0,0.631768953068592,0.1426208450282384,-0.0717310368390573,0,0,0.14817819999734638,2.608900103950873e-05,ToeSegmentation1,45
0,0,0.1,hydra,mrsqm,0.0,0.0,0.5992779783393501,0.16207788885206736,-0.025876973175442297,0,0,0.14817819999734638,2.608900103950873e-05,ToeSegmentation1,45
0,0,0.2,hydra,mrsqm,0.0,0.0,0.6245487364620939,0.20390337549031984,0.11630431293502963,0,0,0.14817819999734638,2.608900103950873e-05,ToeSegmentation1,45
0,0,0.05,shapley_sampling,feature_ablation,1.0,1.0,0.0,0.3315522277471185,0.33155223010196105,0,0,1.0169154340037494,0.04344668699923204,ToeSegmentation1,45
0,0,0.1,shapley_sampling,feature_ablation,1.0,1.0,0.0,0.36597015168049657,0.36597015670582544,0,0,1.0169154340037494,0.04344668699923204,ToeSegmentation1,45
0,0,0.2,shapley_sampling,feature_ablation,0.0,0.0,0.34657039711191334,0.14203108154496263,0.5225927005888804,0,1,1.0169154340037494,0.04344668699923204,ToeSegmentation1,45
0,0,0.05,shapley_sampling,tshap_centroid,0.0,0.0,0.3249097472924188,0.3315522277471185,0.35829875157982544,0,0,1.0169154340037494,0.01697170799889136,ToeSegmentation1,45
0,0,0.1,shapley_sampling,tshap_centroid,0.0,0.0,0.34657039711191334,0.36597015168049657,0.36153792915824057,0,0,1.0169154340037494,0.01697170799889136,ToeSegmentation1,45
0,0,0.2,shapley_sampling,tshap_centroid,0.0,0.0,0.37545126353790614,0.14203108154496263,0.4160429067933319,0,0,1.0169154340037494,0.01697170799889136,ToeSegmentation1,45
0,0,0.05,shapley_sampling,tshap_zero,0.0,0.0,0.11191335740072202,0.3315522277471185,-0.019053574953253938,0,0,1.0169154340037494,0.019247567004640587,ToeSegmentation1,45
0,0,0.1,shapley_sampling,tshap_zero,0.0,0.0,0.15162454873646208,0.36597015168049657,0.08566384988388598,0,0,1.0169154340037494,0.019247567004640587,ToeSegmentation1,45
0,0,0.2,shapley_sampling,tshap_zero,0.0,0.0,0.5884476534296029,0.14203108154496263,-0.020523030530065767,0,0,1.0169154340037494,0.019247567004640587,ToeSegmentation1,45
0,0,0.05,shapley_sampling,tshap_train,0.0,0.0,0.3140794223826715,0.3315522277471185,0.30400892500913174,0,0,1.0169154340037494,0.16529232599714305,ToeSegmentation1,45
0,0,0.1,shapley_sampling,tshap_train,0.0,0.0,0.33212996389891697,0.36597015168049657,0.41839351653091517,0,0,1.0169154340037494,0.16529232599714305,ToeSegmentation1,45
0,0,0.2,shapley_sampling,tshap_train,0.0,0.0,0.33935018050541516,0.14203108154496263,0.527554569950602,0,1,1.0169154340037494,0.16529232599714305,ToeSegmentation1,45
0,0,0.05,shapley_sampling,mrsqm,0.0,0.0,0.8086642599277978,0.3315522277471185,-0.0717310368390573,0,0,1.0169154340037494,2.608900103950873e-05,ToeSegmentation1,45
0,0,0.1,shapley_sampling,mrsqm,0.0,0.0,0.8086642599277978,0.36597015168049657,-0.025876973175442297,0,0,1.0169154340037494,2.608900103950873e-05,ToeSegmentation1,45
0,0,0.2,shapley_sampling,mrsqm,0.0,0.0,0.8014440433212996,0.14203108154496263,0.11630431293502963,0,0,1.0169154340037494,2.608900103950873e-05,ToeSegmentation1,45
0,0,0.05,feature_ablation,tshap_centroid,0.0,0.0,0.3249097472924188,0.33155223010196105,0.35829875157982544,0,0,0.04344668699923204,0.01697170799889136,ToeSegmentation1,45
0,0,0.1,feature_ablation,tshap_centroid,0.0,0.0,0.34657039711191334,0.36597015670582544,0.36153792915824057,0,0,0.04344668699923204,0.01697170799889136,ToeSegmentation1,45
0,0,0.2,feature_ablation,tshap_centroid,0.746031746031746,0.8545454545454545,0.02888086642599278,0.5225927005888804,0.4160429067933319,1,0,0.04344668699923204,0.01697170799889136,ToeSegmentation1,45
0,0,0.05,feature_ablation,tshap_zero,0.0,0.0,0.11191335740072202,0.33155223010196105,-0.019053574953253938,0,0,0.04344668699923204,0.019247567004640587,ToeSegmentation1,45
0,0,0.1,feature_ablation,tshap_zero,0.0,0.0,0.15162454873646208,0.36597015670582544,0.08566384988388598,0,0,0.04344668699923204,0.019247567004640587,ToeSegmentation1,45
0,0,0.2,feature_ablation,tshap_zero,0.0,0.0,0.24187725631768953,0.5225927005888804,-0.020523030530065767,1,0,0.04344668699923204,0.019247567004640587,ToeSegmentation1,45
0,0,0.05,feature_ablation,tshap_train,0.0,0.0,0.3140794223826715,0.33155223010196105,0.30400892500913174,0,0,0.04344668699923204,0.16529232599714305,ToeSegmentation1,45
0,0,0.1,feature_ablation,tshap_train,0.0,0.0,0.33212996389891697,0.36597015670582544,0.41839351653091517,0,0,0.04344668699923204,0.16529232599714305,ToeSegmentation1,45
0,0,0.2,feature_ablation,tshap_train,0.9298245614035088,0.9636363636363636,0.007220216606498195,0.5225927005888804,0.527554569950602,1,1,0.04344668699923204,0.16529232599714305,ToeSegmentation1,45
0,0,0.05,feature_ablation,mrsqm,0.0,0.0,0.8086642599277978,0.33155223010196105,-0.0717310368390573,0,0,0.04344668699923204,2.608900103950873e-05,ToeSegmentation1,45
0,0,0.1,feature_ablation,mrsqm,0.0,0.0,0.8086642599277978,0.36597015670582544,-0.025876973175442297,0,0,0.04344668699923204,2.608900103950873e-05,ToeSegmentation1,45
0,0,0.2,feature_ablation,mrsqm,0.0,0.0,0.4548736462093863,0.5225927005888804,0.11630431293502963,1,0,0.04344668699923204,2.608900103950873e-05,ToeSegmentation1,45
0,0,0.05,tshap_centroid,tshap_zero,0.0,0.0,0.21299638989169675,0.35829875157982544,-0.019053574953253938,0,0,0.01697170799889136,0.019247567004640587,ToeSegmentation1,45
0,0,0.1,tshap_centroid,tshap_zero,0.0,0.0,0.19494584837545126,0.36153792915824057,0.08566384988388598,0,0,0.01697170799889136,0.019247567004640587,ToeSegmentation1,45
0,0,0.2,tshap_centroid,tshap_zero,0.0,0.0,0.21299638989169675,0.4160429067933319,-0.020523030530065767,0,0,0.01697170799889136,0.019247567004640587,ToeSegmentation1,45
0,0,0.05,tshap_centroid,tshap_train,0.6470588235294118,0.7857142857142857,0.010830324909747292,0.35829875157982544,0.30400892500913174,0,0,0.01697170799889136,0.16529232599714305,ToeSegmentation1,45
0,0,0.1,tshap_centroid,tshap_train,0.75,0.8571428571428571,0.01444043321299639,0.36153792915824057,0.41839351653091517,0,0,0.01697170799889136,0.16529232599714305,ToeSegmentation1,45
0,0,0.2,tshap_centroid,tshap_train,0.6923076923076923,0.8181818181818182,0.036101083032490974,0.4160429067933319,0.527554569950602,0,1,0.01697170799889136,0.16529232599714305,ToeSegmentation1,45
0,0,0.05,tshap_centroid,mrsqm,0.0,0.0,0.48375451263537905,0.35829875157982544,-0.0717310368390573,0,0,0.01697170799889136,2.608900103950873e-05,ToeSegmentation1,45
0,0,0.1,tshap_centroid,mrsqm,0.0,0.0,0.4620938628158845,0.36153792915824057,-0.025876973175442297,0,0,0.01697170799889136,2.608900103950873e-05,ToeSegmentation1,45
0,0,0.2,tshap_centroid,mrsqm,0.0,0.0,0.4259927797833935,0.4160429067933319,0.11630431293502963,0,0,0.01697170799889136,2.608900103950873e-05,ToeSegmentation1,45
0,0,0.05,tshap_zero,tshap_train,0.0,0.0,0.20216606498194944,-0.019053574953253938,0.30400892500913174,0,0,0.019247567004640587,0.16529232599714305,ToeSegmentation1,45
0,0,0.1,tshap_zero,tshap_train,0.0,0.0,0.18050541516245489,0.08566384988388598,0.41839351653091517,0,0,0.019247567004640587,0.16529232599714305,ToeSegmentation1,45
0,0,0.2,tshap_zero,tshap_train,0.0,0.0,0.2490974729241877,-0.020523030530065767,0.527554569950602,0,1,0.019247567004640587,0.16529232599714305,ToeSegmentation1,45
0,0,0.05,tshap_zero,mrsqm,0.0,0.0,0.6967509025270758,-0.019053574953253938,-0.0717310368390573,0,0,0.019247567004640587,2.608900103950873e-05,ToeSegmentation1,45
0,0,0.1,tshap_zero,mrsqm,0.0,0.0,0.6570397111913358,0.08566384988388598,-0.025876973175442297,0,0,0.019247567004640587,2.608900103950873e-05,ToeSegmentation1,45
0,0,0.2,tshap_zero,mrsqm,0.0,0.0,0.21299638989169675,-0.020523030530065767,0.11630431293502963,0,0,0.019247567004640587,2.608900103950873e-05,ToeSegmentation1,45
0,0,0.05,tshap_train,mrsqm,0.0,0.0,0.49458483754512633,0.30400892500913174,-0.0717310368390573,0,0,0.16529232599714305,2.608900103950873e-05,ToeSegmentation1,45
0,0,0.1,tshap_train,mrsqm,0.0,0.0,0.47653429602888087,0.41839351653091517,-0.025876973175442297,0,0,0.16529232599714305,2.608900103950873e-05,ToeSegmentation1,45
0,0,0.2,tshap_train,mrsqm,0.0,0.0,0.4620938628158845,0.527554569950602,0.11630431293502963,1,0,0.16529232599714305,2.608900103950873e-05,ToeSegmentation1,45
1,1,0.05,hydra,shapley_sampling,0.0,0.0,0.1407942238267148,0.013605103661097795,0.054332098230994275,0,0,0.14896509199752472,1.008344670997758,ToeSegmentation1,219
1,1,0.1,hydra,shapley_sampling,0.05660377358490566,0.10714285714285714,0.09025270758122744,0.1688538805053279,0.20899512311515,0,0,0.14896509199752472,1.008344670997758,ToeSegmentation1,219
1,1,0.2,hydra,shapley_sampling,0.4666666666666667,0.6363636363636364,0.07220216606498195,0.448755194485671,0.32727272306726196,0,0,0.14896509199752472,1.008344670997758,ToeSegmentation1,219
1,1,0.05,hydra,feature_ablation,0.037037037037037035,0.07142857142857142,0.04693140794223827,0.013605103661097795,0.12537635070708775,0,0,0.14896509199752472,0.04338634199666558,ToeSegmentation1,219
1,1,0.1,hydra,feature_ablation,0.4,0.5714285714285714,0.04332129963898917,0.1688538805053279,0.31156266179729064,0,0,0.14896509199752472,0.04338634199666558,ToeSegmentation1,219
1,1,0.2,hydra,feature_ablation,0.4473684210526316,0.6181818181818182,0.07581227436823104,0.448755194485671,0.326332855923825,0,0,0.14896509199752472,0.04338634199666558,ToeSegmentation1,219
1,1,0.05,hydra,tshap_centroid,0.0,0.0,0.08303249097472924,0.013605103661097795,0.19304294351785,0,0,0.14896509199752472,0.016635323001537472,ToeSegmentation1,219
1,1,0.1,hydra,tshap_centroid,0.24444444444444444,0.39285714285714285,0.061371841155234655,0.1688538805053279,0.3051321704038624,0,0,0.14896509199752472,0.016635323001537472,ToeSegmentation1,219
1,1,0.2,hydra,tshap_centroid,0.3253012048192771,0.4909090909090909,0.10108303249097472,0.448755194485671,0.33058143426050834,0,0,0.14896509199752472,0.016635323001537472,ToeSegmentation1,219
1,1,0.05,hydra,tshap_zero,0.0,0.0,0.08303249097472924,0.013605103661097795,0.19304294950995815,0,0,0.14896509199752472,0.018659178000234533,ToeSegmentation1,219
1,1,0.1,hydra,tshap_zero,0.3333333333333333,0.5,0.05054151624548736,0.1688538805053279,0.28898237246989744,0,0,0.14896509199752472,0.018659178000234533,ToeSegmentation1,219
1,1,0.2,hydra,tshap_zero,0.6176470588235294,0.7636363636363637,0.04693140794223827,0.448755194485671,0.5097512904693662,0,0,0.14896509199752472,0.018659178000234533,ToeSegmentation1,219
1,1,0.05,hydra,tshap_train,0.0,0.0,0.07220216606498195,0.013605103661097795,0.19184584491190027,0,0,0.14896509199752472,0.16541713100014022,ToeSegmentation1,219
1,1,0.1,hydra,tshap_train,0.4,0.5714285714285714,0.04332129963898917,0.1688538805053279,0.3115626662848989,0,0,0.14896509199752472,0.16541713100014022,ToeSegmentation1,219
1,1,0.2,hydra,tshap_train,0.5942028985507246,0.7454545454545455,0.05054151624548736,0.448755194485671,0.5136160645118143,0,0,0.14896509199752472,0.16541713100014022,ToeSegmentation1,219
1,1,0.05,hydra,mrsqm,0.0,0.0,0.7617328519855595,0.013605103661097795,0.017071372326391332,0,0,0.14896509199752472,2.7080997824668884e-05,ToeSegmentation1,219
1,1,0.1,hydra,mrsqm,0.0,0.0,0.7617328519855595,0.1688538805053279,0.021728590284127325,0,0,0.14896509199752472,2.7080997824668884e-05,ToeSegmentation1,219
1,1,0.2,hydra,mrsqm,0.0,0.0,0.6823104693140795,0.448755194485671,0.03799535935926479,0,0,0.14896509199752472,2.7080997824668884e-05,ToeSegmentation1,219
1,1,0.05,shapley_sampling,feature_ablation,0.0,0.0,0.09386281588447654,0.054332098230994275,0.12537635070708775,0,0,1.008344670997758,0.04338634199666558,ToeSegmentation1,219
1,1,0.1,shapley_sampling,feature_ablation,0.36585365853658536,0.5357142857142857,0.04693140794223827,0.20899512311515,0.31156266179729064,0,0,1.008344670997758,0.04338634199666558,ToeSegmentation1,219
1,1,0.2,shapley_sampling,feature_ablation,0.9642857142857143,0.9818181818181818,0.0036101083032490976,0.32727272306726196,0.326332855923825,0,0,1.008344670997758,0.04338634199666558,ToeSegmentation1,219
1,1,0.05,shapley_sampling,tshap_centroid,0.0,0.0,0.05776173285198556,0.054332098230994275,0.19304294351785,0,0,1.008344670997758,0.016635323001537472,ToeSegmentation1,219
1,1,0.1,shapley_sampling,tshap_centroid,0.5555555555555556,0.7142857142857143,0.02888086642599278,0.20899512311515,0.3051321704038624,0,0,1.008344670997758,0.016635323001537472,ToeSegmentation1,219
1,1,0.2,shapley_sampling,tshap_centroid,0.746031746031746,0.8545454545454545,0.02888086642599278,0.32727272306726196,0.33058143426050834,0,0,1.008344670997758,0.016635323001537472,ToeSegmentation1,219
1,1,0.05,shapley_sampling,tshap_zero,0.0,0.0,0.05776173285198556,0.054332098230994275,0.19304294950995815,0,0,1.008344670997758,0.018659178000234533,ToeSegmentation1,219
1,1,0.1,shapley_sampling,tshap_zero,0.4358974358974359,0.6071428571428571,0.039711191335740074,0.20899512311515,0.28898237246989744,0,0,1.008344670997758,0.018659178000234533,ToeSegmentation1,219
1,1,0.2,shapley_sampling,tshap_zero,0.7741935483870968,0.8727272727272727,0.02527075812274368,0.32727272306726196,0.5097512904693662,0,0,1.008344670997758,0.018659178000234533,ToeSegmentation1,219
1,1,0.05,shapley_sampling,tshap_train,0.0,0.0,0.06859205776173286,0.054332098230994275,0.19184584491190027,0,0,1.008344670997758,0.16541713100014022,ToeSegmentation1,219
1,1,0.1,shapley_sampling,tshap_train,0.36585365853658536,0.5357142857142857,0.04693140794223827,0.20899512311515,0.3115626662848989,0,0,1.008344670997758,0.16541713100014022,ToeSegmentation1,219
1,1,0.2,shapley_sampling,tshap_train,0.8032786885245902,0.8909090909090909,0.021660649819494584,0.32727272306726196,0.5136160645118143,0,0,1.008344670997758,0.16541713100014022,ToeSegmentation1,219
1,1,0.05,shapley_sampling,mrsqm,0.0,0.0,0.9025270758122743,0.054332098230994275,0.017071372326391332,0,0,1.008344670997758,2.7080997824668884e-05,ToeSegmentation1,219
1,1,0.1,shapley_sampling,mrsqm,0.0,0.0,0.851985559566787,0.20899512311515,0.021728590284127325,0,0,1.008344670997758,2.7080997824668884e-05,ToeSegmentation1,219
1,1,0.2,shapley_sampling,mrsqm,0.0,0.0,0.7545126353790613,0.32727272306726196,0.03799535935926479,0,0,1.008344670997758,2.7080997824668884e-05,ToeSegmentation1,219
1,1,0.05,feature_ablation,tshap_centroid,0.16666666666666666,0.2857142857142857,0.036101083032490974,0.12537635070708775,0.19304294351785,0,0,0.04338634199666558,0.016635323001537472,ToeSegmentation1,219
1,1,0.1,feature_ablation,tshap_centroid,0.696969696969697,0.8214285714285714,0.018050541516245487,0.31156266179729064,0.3051321704038624,0,0,0.04338634199666558,0.016635323001537472,ToeSegmentation1,219
1,1,0.2,feature_ablation,tshap_centroid,0.7741935483870968,0.8727272727272727,0.02527075812274368,0.326332855923825,0.33058143426050834,0,0,0.04338634199666558,0.016635323001537472,ToeSegmentation1,219
1,1,0.05,feature_ablation,tshap_zero,0.16666666666666666,0.2857142857142857,0.036101083032490974,0.12537635070708775,0.19304294950995815,0,0,0.04338634199666558,0.018659178000234533,ToeSegmentation1,219
1,1,0.1,feature_ablation,tshap_zero,0.8666666666666667,0.9285714285714286,0.007220216606498195,0.31156266179729064,0.28898237246989744,0,0,0.04338634199666558,0.018659178000234533,ToeSegmentation1,219
1,1,0.2,feature_ablation,tshap_zero,0.746031746031746,0.8545454545454545,0.02888086642599278,0.326332855923825,0.5097512904693662,0,0,0.04338634199666558,0.018659178000234533,ToeSegmentation1,219
1,1,0.05,feature_ablation,tshap_train,0.3333333333333333,0.5,0.02527075812274368,0.12537635070708775,0.19184584491190027,0,0,0.04338634199666558,0.16541713100014022,ToeSegmentation1,219
1,1,0.1,feature_ablation,tshap_train,1.0,1.0,0.0,0.31156266179729064,0.3115626662848989,0,0,0.04338634199666558,0.16541713100014022,ToeSegmentation1,219
1,1,0.2,feature_ablation,tshap_train,0.7741935483870968,0.8727272727272727,0.02527075812274368,0.326332855923825,0.5136160645118143,0,0,0.04338634199666558,0.16541713100014022,ToeSegmentation1,219
1,1,0.05,feature_ablation,mrsqm,0.0,0.0,0.8086642599277978,0.12537635070708775,0.017071372326391332,0,0,0.04338634199666558,2.7080997824668884e-05,ToeSegmentation1,219
1,1,0.1,feature_ablation,mrsqm,0.0,0.0,0.8050541516245487,0.31156266179729064,0.021728590284127325,0,0,0.04338634199666558,2.7080997824668884e-05,ToeSegmentation1,219
1,1,0.2,feature_ablation,mrsqm,0.0,0.0,0.7581227436823105,0.326332855923825,0.03799535935926479,0,0,0.04338634199666558,2.7080997824668884e-05,ToeSegmentation1,219
1,1,0.05,tshap_centroid,tshap_zero,1.0,1.0,0.0,0.19304294351785,0.19304294950995815,0,0,0.016635323001537472,0.018659178000234533,ToeSegmentation1,219
1,1,0.1,tshap_centroid,tshap_zero,0.8064516129032258,0.8928571428571429,0.010830324909747292,0.3051321704038624,0.28898237246989744,0,0,0.016635323001537472,0.018659178000234533,ToeSegmentation1,219
1,1,0.2,tshap_centroid,tshap_zero,0.5714285714285714,0.7272727272727273,0.05415162454873646,0.33058143426050834,0.5097512904693662,0,0,0.016635323001537472,0.018659178000234533,ToeSegmentation1,219
1,1,0.05,tshap_centroid,tshap_train,0.6470588235294118,0.7857142857142857,0.010830324909747292,0.19304294351785,0.19184584491190027,0,0,0.016635323001537472,0.16541713100014022,ToeSegmentation1,219
1,1,0.1,tshap_centroid,tshap_train,0.696969696969697,0.8214285714285714,0.018050541516245487,0.3051321704038624,0.3115626662848989,0,0,0.016635323001537472,0.16541713100014022,ToeSegmentation1,219
1,1,0.2,tshap_centroid,tshap_train,0.5942028985507246,0.7454545454545455,0.05054151624548736,0.33058143426050834,0.5136160645118143,0,0,0.016635323001537472,0.16541713100014022,ToeSegmentation1,219
1,1,0.05,tshap_centroid,mrsqm,0.0,0.0,0.8447653429602888,0.19304294351785,0.017071372326391332,0,0,0.016635323001537472,2.7080997824668884e-05,ToeSegmentation1,219
1,1,0.1,tshap_centroid,mrsqm,0.0,0.0,0.8231046931407943,0.3051321704038624,0.021728590284127325,0,0,0.016635323001537472,2.7080997824668884e-05,ToeSegmentation1,219
1,1,0.2,tshap_centroid,mrsqm,0.0,0.0,0.7833935018050542,0.33058143426050834,0.03799535935926479,0,0,0.016635323001537472,2.7080997824668884e-05,ToeSegmentation1,219
1,1,0.05,tshap_zero,tshap_train,0.6470588235294118,0.7857142857142857,0.010830324909747292,0.19304294950995815,0.19184584491190027,0,0,0.018659178000234533,0.16541713100014022,ToeSegmentation1,219
1,1,0.1,tshap_zero,tshap_train,0.8666666666666667,0.9285714285714286,0.007220216606498195,0.28898237246989744,0.3115626662848989,0,0,0.018659178000234533,0.16541713100014022,ToeSegmentation1,219
1,1,0.2,tshap_zero,tshap_train,0.9642857142857143,0.9818181818181818,0.0036101083032490976,0.5097512904693662,0.5136160645118143,0,0,0.018659178000234533,0.16541713100014022,ToeSegmentation1,219
1,1,0.05,tshap_zero,mrsqm,0.0,0.0,0.8447653429602888,0.19304294950995815,0.017071372326391332,0,0,0.018659178000234533,2.7080997824668884e-05,ToeSegmentation1,219
1,1,0.1,tshap_zero,mrsqm,0.0,0.0,0.8122743682310469,0.28898237246989744,0.021728590284127325,0,0,0.018659178000234533,2.7080997824668884e-05,ToeSegmentation1,219
1,1,0.2,tshap_zero,mrsqm,0.0,0.0,0.7292418772563177,0.5097512904693662,0.03799535935926479,0,0,0.018659178000234533,2.7080997824668884e-05,ToeSegmentation1,219
1,1,0.05,tshap_train,mrsqm,0.0,0.0,0.8339350180505415,0.19184584491190027,0.017071372326391332,0,0,0.16541713100014022,2.7080997824668884e-05,ToeSegmentation1,219
1,1,0.1,tshap_train,mrsqm,0.0,0.0,0.8050541516245487,0.3115626662848989,0.021728590284127325,0,0,0.16541713100014022,2.7080997824668884e-05,ToeSegmentation1,219
1,1,0.2,tshap_train,mrsqm,0.0,0.0,0.7328519855595668,0.5136160645118143,0.03799535935926479,0,0,0.16541713100014022,2.7080997824668884e-05,ToeSegmentation1,219
1,1,0.05,hydra,shapley_sampling,0.0,0.0,0.4548736462093863,-0.017576736303911322,-0.1390873820486489,0,0,0.14988268200249877,1.0120838889997685,ToeSegmentation1,192
1,1,0.1,hydra,shapley_sampling,0.0,0.0,0.8122743682310469,-0.03513578848715282,0.14209855909745017,0,0,0.14988268200249877,1.0120838889997685,ToeSegmentation1,192
1,1,0.2,hydra,shapley_sampling,0.0,0.0,0.5054151624548736,-0.07862874199717518,0.056037495102270185,0,0,0.14988268200249877,1.0120838889997685,ToeSegmentation1,192
1,1,0.05,hydra,feature_ablation,0.0,0.0,0.4548736462093863,-0.017576736303911322,-0.13908737618259015,0,0,0.14988268200249877,0.04322438699455233,ToeSegmentation1,192
1,1,0.1,hydra,feature_ablation,0.24444444444444444,0.39285714285714285,0.061371841155234655,-0.03513578848715282,-0.1352925287449862,0,0,0.14988268200249877,0.04322438699455233,ToeSegmentation1,192
1,1,0.2,hydra,feature_ablation,0.0,0.0,0.3574007220216607,-0.07862874199717518,-0.08026135208163332,0,0,0.14988268200249877,0.04322438699455233,ToeSegmentation1,192
1,1,0.05,hydra,tshap_centroid,0.0,0.0,0.4368231046931408,-0.017576736303911322,-0.21711923964002977,0,0,0.14988268200249877,0.016545714999665506,ToeSegmentation1,192
1,1,0.1,hydra,tshap_centroid,0.0,0.0,0.4223826714801444,-0.03513578848715282,-0.06472104096484221,0,0,0.14988268200249877,0.016545714999665506,ToeSegmentation1,192
1,1,0.2,hydra,tshap_centroid,0.0,0.0,0.4693140794223827,-0.07862874199717518,0.13948975749911852,0,0,0.14988268200249877,0.016545714999665506,ToeSegmentation1,192
1,1,0.05,hydra,tshap_zero,0.0,0.0,0.8158844765342961,-0.017576736303911322,0.12781716218993244,0,0,0.14988268200249877,0.01859664000221528,ToeSegmentation1,192
1,1,0.1,hydra,tshap_zero,0.0,0.0,0.5523465703971119,-0.03513578848715282,0.1391129329998434,0,0,0.14988268200249877,0.01859664000221528,ToeSegmentation1,192
1,1,0.2,hydra,tshap_zero,0.0,0.0,0.555956678700361,-0.07862874199717518,0.25120900959325576,0,0,0.14988268200249877,0.01859664000221528,ToeSegmentation1,192
1,1,0.05,hydra,tshap_train,0.0,0.0,0.8050541516245487,-0.017576736303911322,0.0325398981833217,0,0,0.14988268200249877,0.16503659300360596,ToeSegmentation1,192
1,1,0.1,hydra,tshap_train,0.0,0.0,0.7833935018050542,-0.03513578848715282,0.08597815679612864,0,0,0.14988268200249877,0.16503659300360596,ToeSegmentation1,192
1,1,0.2,hydra,tshap_train,0.0,0.0,0.7328519855595668,-0.07862874199717518,0.03821694028824374,0,0,0.14988268200249877,0.16503659300360596,ToeSegmentation1,192
1,1,0.05,hydra,mrsqm,0.0,0.0,0.05054151624548736,-0.017576736303911322,-0.013620901038888578,0,0,0.14988268200249877,2.7952999516855925e-05,ToeSegmentation1,192
1,1,0.1,hydra,mrsqm,0.4358974358974359,0.6071428571428571,0.039711191335740074,-0.03513578848715282,0.011571689194396217,0,0,0.14988268200249877,2.7952999516855925e-05,ToeSegmentation1,192
1,1,0.2,hydra,mrsqm,1.0,1.0,0.0,-0.07862874199717518,-0.07862873682715454,0,0,0.14988268200249877,2.7952999516855925e-05,ToeSegmentation1,192
1,1,0.05,shapley_sampling,feature_ablation,1.0,1.0,0.0,-0.1390873820486489,-0.13908737618259015,0,0,1.0120838889997685,0.04322438699455233,ToeSegmentation1,192
1,1,0.1,shapley_sampling,feature_ablation,0.0,0.0,0.7509025270758123,0.14209855909745017,-0.1352925287449862,0,0,1.0120838889997685,0.04322438699455233,ToeSegmentation1,192
1,1,0.2,shapley_sampling,feature_ablation,0.14583333333333334,0.2545454545454545,0.148014440433213,0.056037495102270185,-0.08026135208163332,0,0,1.0120838889997685,0.04322438699455233,ToeSegmentation1,192
1,1,0.05,shapley_sampling,tshap_centroid,0.47368421052631576,0.6428571428571429,0.018050541516245487,-0.1390873820486489,-0.21711923964002977,0,0,1.0120838889997685,0.016545714999665506,ToeSegmentation1,192
1,1,0.1,shapley_sampling,tshap_centroid,0.0,0.0,0.3898916967509025,0.14209855909745017,-0.06472104096484221,0,0,1.0120838889997685,0.016545714999665506,ToeSegmentation1,192
1,1,0.2,shapley_sampling,tshap_centroid,0.6923076923076923,0.8181818181818182,0.036101083032490974,0.056037495102270185,0.13948975749911852,0,0,1.0120838889997685,0.016545714999665506,ToeSegmentation1,192
1,1,0.05,shapley_sampling,tshap_zero,0.0,0.0,0.36101083032490977,-0.1390873820486489,0.12781716218993244,0,0,1.0120838889997685,0.01859664000221528,ToeSegmentation1,192
1,1,0.1,shapley_sampling,tshap_zero,0.0,0.0,0.259927797833935,0.14209855909745017,0.1391129329998434,0,0,1.0120838889997685,0.01859664000221528,ToeSegmentation1,192
1,1,0.2,shapley_sampling,tshap_zero,0.5942028985507246,0.7454545454545455,0.05054151624548736,0.056037495102270185,0.25120900959325576,0,0,1.0120838889997685,0.01859664000221528,ToeSegmentation1,192
1,1,0.05,shapley_sampling,tshap_train,0.0,0.0,0.35018050541516244,-0.1390873820486489,0.0325398981833217,0,0,1.0120838889997685,0.16503659300360596,ToeSegmentation1,192
1,1,0.1,shapley_sampling,tshap_train,0.5555555555555556,0.7142857142857143,0.02888086642599278,0.14209855909745017,0.08597815679612864,0,0,1.0120838889997685,0.16503659300360596,ToeSegmentation1,192
1,1,0.2,shapley_sampling,tshap_train,0.0,0.0,0.22743682310469315,0.056037495102270185,0.03821694028824374,0,0,1.0120838889997685,0.16503659300360596,ToeSegmentation1,192
1,1,0.05,shapley_sampling,mrsqm,0.0,0.0,0.5054151624548736,-0.1390873820486489,-0.013620901038888578,0,0,1.0120838889997685,2.7952999516855925e-05,ToeSegmentation1,192
1,1,0.1,shapley_sampling,mrsqm,0.0,0.0,0.851985559566787,0.14209855909745017,0.011571689194396217,0,0,1.0120838889997685,2.7952999516855925e-05,ToeSegmentation1,192
1,1,0.2,shapley_sampling,mrsqm,0.0,0.0,0.5054151624548736,0.056037495102270185,-0.07862873682715454,0,0,1.0120838889997685,2.7952999516855925e-05,ToeSegmentation1,192
1,1,0.05,feature_ablation,tshap_centroid,0.47368421052631576,0.6428571428571429,0.018050541516245487,-0.13908737618259015,-0.21711923964002977,0,0,0.04322438699455233,0.016545714999665506,ToeSegmentation1,192
1,1,0.1,feature_ablation,tshap_centroid,0.0,0.0,0.36101083032490977,-0.1352925287449862,-0.06472104096484221,0,0,0.04322438699455233,0.016545714999665506,ToeSegmentation1,192
1,1,0.2,feature_ablation,tshap_centroid,0.27906976744186046,0.43636363636363634,0.11191335740072202,-0.08026135208163332,0.13948975749911852,0,0,0.04322438699455233,0.016545714999665506,ToeSegmentation1,192
1,1,0.05,feature_ablation,tshap_zero,0.0,0.0,0.36101083032490977,-0.13908737618259015,0.12781716218993244,0,0,0.04322438699455233,0.01859664000221528,ToeSegmentation1,192
1,1,0.1,feature_ablation,tshap_zero,0.0,0.0,0.49097472924187724,-0.1352925287449862,0.1391129329998434,0,0,0.04322438699455233,0.01859664000221528,ToeSegmentation1,192
1,1,0.2,feature_ablation,tshap_zero,0.0,0.0,0.19855595667870035,-0.08026135208163332,0.25120900959325576,0,0,0.04322438699455233,0.01859664000221528,ToeSegmentation1,192
1,1,0.05,feature_ablation,tshap_train,0.0,0.0,0.35018050541516244,-0.13908737618259015,0.0325398981833217,0,0,0.04322438699455233,0.16503659300360596,ToeSegmentation1,192
1,1,0.1,feature_ablation,tshap_train,0.0,0.0,0.7220216606498195,-0.1352925287449862,0.08597815679612864,0,0,0.04322438699455233,0.16503659300360596,ToeSegmentation1,192
1,1,0.2,feature_ablation,tshap_train,0.0,0.0,0.37545126353790614,-0.08026135208163332,0.03821694028824374,0,0,0.04322438699455233,0.16503659300360596,ToeSegmentation1,192
1,1,0.05,feature_ablation,mrsqm,0.0,0.0,0.5054151624548736,-0.13908737618259015,-0.013620901038888578,0,0,0.04322438699455233,2.7952999516855925e-05,ToeSegmentation1,192
1,1,0.1,feature_ablation,mrsqm,0.0,0.0,0.10108303249097472,-0.1352925287449862,0.011571689194396217,0,0,0.04322438699455233,2.7952999516855925e-05,ToeSegmentation1,192
1,1,0.2,feature_ablation,mrsqm,0.0,0.0,0.3574007220216607,-0.08026135208163332,-0.07862873682715454,0,0,0.04322438699455233,2.7952999516855925e-05,ToeSegmentation1,192
1,1,0.05,tshap_centroid,tshap_zero,0.0,0.0,0.37906137184115524,-0.21711923964002977,0.12781716218993244,0,0,0.016545714999665506,0.01859664000221528,ToeSegmentation1,192
1,1,0.1,tshap_centroid,tshap_zero,0.0,0.0,0.1299638989169675,-0.06472104096484221,0.1391129329998434,0,0,0.016545714999665506,0.01859664000221528,ToeSegmentation1,192
1,1,0.2,tshap_centroid,tshap_zero,0.3924050632911392,0.5636363636363636,0.08664259927797834,0.13948975749911852,0.25120900959325576,0,0,0.016545714999665506,0.01859664000221528,ToeSegmentation1,192
1,1,0.05,tshap_centroid,tshap_train,0.0,0.0,0.36823104693140796,-0.21711923964002977,0.0325398981833217,0,0,0.016545714999665506,0.16503659300360596,ToeSegmentation1,192
1,1,0.1,tshap_centroid,tshap_train,0.0,0.0,0.36101083032490977,-0.06472104096484221,0.08597815679612864,0,0,0.016545714999665506,0.16503659300360596,ToeSegmentation1,192
1,1,0.2,tshap_centroid,tshap_train,0.0,0.0,0.26353790613718414,0.13948975749911852,0.03821694028824374,0,0,0.016545714999665506,0.16503659300360596,ToeSegmentation1,192
1,1,0.05,tshap_centroid,mrsqm,0.0,0.0,0.48736462093862815,-0.21711923964002977,-0.013620901038888578,0,0,0.016545714999665506,2.7952999516855925e-05,ToeSegmentation1,192
1,1,0.1,tshap_centroid,mrsqm,0.0,0.0,0.4620938628158845,-0.06472104096484221,0.011571689194396217,0,0,0.016545714999665506,2.7952999516855925e-05,ToeSegmentation1,192
1,1,0.2,tshap_centroid,mrsqm,0.0,0.0,0.4693140794223827,0.13948975749911852,-0.07862873682715454,0,0,0.016545714999665506,2.7952999516855925e-05,ToeSegmentation1,192
1,1,0.05,tshap_zero,tshap_train,0.6470588235294118,0.7857142857142857,0.010830324909747292,0.12781716218993244,0.0325398981833217,0,0,0.01859664000221528,0.16503659300360596,ToeSegmentation1,192
1,1,0.1,tshap_zero,tshap_train,0.0,0.0,0.23104693140794225,0.1391129329998434,0.08597815679612864,0,0,0.01859664000221528,0.16503659300360596,ToeSegmentation1,192
1,1,0.2,tshap_zero,tshap_train,0.057692307692307696,0.10909090909090909,0.17689530685920576,0.25120900959325576,0.03821694028824374,0,0,0.01859664000221528,0.16503659300360596,ToeSegmentation1,192
1,1,0.05,tshap_zero,mrsqm,0.0,0.0,0.8664259927797834,0.12781716218993244,-0.013620901038888578,0,0,0.01859664000221528,2.7952999516855925e-05,ToeSegmentation1,192
1,1,0.1,tshap_zero,mrsqm,0.0,0.0,0.592057761732852,0.1391129329998434,0.011571689194396217,0,0,0.01859664000221528,2.7952999516855925e-05,ToeSegmentation1,192
1,1,0.2,tshap_zero,mrsqm,0.0,0.0,0.555956678700361,0.25120900959325576,-0.07862873682715454,0,0,0.01859664000221528,2.7952999516855925e-05,ToeSegmentation1,192
1,1,0.05,tshap_train,mrsqm,0.0,0.0,0.855595667870036,0.0325398981833217,-0.013620901038888578,0,0,0.16503659300360596,2.7952999516855925e-05,ToeSegmentation1,192
1,1,0.1,tshap_train,mrsqm,0.0,0.0,0.8231046931407943,0.08597815679612864,0.011571689194396217,0,0,0.16503659300360596,2.7952999516855925e-05,ToeSegmentation1,192
1,1,0.2,tshap_train,mrsqm,0.0,0.0,0.7328519855595668,0.03821694028824374,-0.07862873682715454,0,0,0.16503659300360596,2.7952999516855925e-05,ToeSegmentation1,192
1,1,0.05,hydra,shapley_sampling,0.0,0.0,0.23465703971119134,-0.04354882976136942,0.05970557947531285,0,0,0.14879470199957723,1.0152824159958982,ToeSegmentation1,171
1,1,0.1,hydra,shapley_sampling,0.0,0.0,0.20577617328519857,-0.045157840910351355,0.10068954559691157,0,0,0.14879470199957723,1.0152824159958982,ToeSegmentation1,171
1,1,0.2,hydra,shapley_sampling,0.0,0.0,0.6895306859205776,-0.0033601419173652225,0.06528033281264867,0,0,0.14879470199957723,1.0152824159958982,ToeSegmentation1,171
1,1,0.05,hydra,feature_ablation,0.0,0.0,0.13357400722021662,-0.04354882976136942,-0.21916283328850494,0,0,0.14879470199957723,0.04356595100398408,ToeSegmentation1,171
1,1,0.1,hydra,feature_ablation,0.0,0.0,0.10469314079422383,-0.045157840910351355,-0.29034918450138436,0,0,0.14879470199957723,0.04356595100398408,ToeSegmentation1,171
1,1,0.2,hydra,feature_ablation,0.0,0.0,0.5415162454873647,-0.0033601419173652225,-0.2903683715391645,0,0,0.14879470199957723,0.04356595100398408,ToeSegmentation1,171
1,1,0.05,hydra,tshap_centroid,0.0,0.0,0.259927797833935,-0.04354882976136942,0.09796687013885652,0,0,0.14879470199957723,0.018592952998005785,ToeSegmentation1,171
1,1,0.1,hydra,tshap_centroid,0.0,0.0,0.2563176895306859,-0.045157840910351355,0.13317817442094748,0,0,0.14879470199957723,0.018592952998005785,ToeSegmentation1,171
1,1,0.2,hydra,tshap_centroid,0.0,0.0,0.6787003610108303,-0.0033601419173652225,0.02006205798727012,0,0,0.14879470199957723,0.018592952998005785,ToeSegmentation1,171
1,1,0.05,hydra,tshap_zero,0.0,0.0,0.26353790613718414,-0.04354882976136942,0.08021345162996862,0,0,0.14879470199957723,0.018645541997102555,ToeSegmentation1,171
1,1,0.1,hydra,tshap_zero,0.0,0.0,0.11191335740072202,-0.045157840910351355,0.15219471848918698,0,0,0.14879470199957723,0.018645541997102555,ToeSegmentation1,171
1,1,0.2,hydra,tshap_zero,0.0,0.0,0.37545126353790614,-0.0033601419173652225,0.19952259100571113,0,0,0.14879470199957723,0.018645541997102555,ToeSegmentation1,171
1,1,0.05,hydra,tshap_train,0.0,0.0,0.1624548736462094,-0.04354882976136942,0.1664442732328163,0,0,0.14879470199957723,0.16879637900274247,ToeSegmentation1,171
1,1,0.1,hydra,tshap_train,0.0,0.0,0.1588447653429603,-0.045157840910351355,0.25050737756103425,0,0,0.14879470199957723,0.16879637900274247,ToeSegmentation1,171
1,1,0.2,hydra,tshap_train,0.0,0.0,0.35018050541516244,-0.0033601419173652225,0.25066333076640956,0,0,0.14879470199957723,0.16879637900274247,ToeSegmentation1,171
1,1,0.05,hydra,mrsqm,0.0,0.0,0.33574007220216606,-0.04354882976136942,0.11821427086738023,0,0,0.14879470199957723,2.836400381056592e-05,ToeSegmentation1,171
1,1,0.1,hydra,mrsqm,0.0,0.0,0.30685920577617326,-0.045157840910351355,0.12887151967000288,0,0,0.14879470199957723,2.836400381056592e-05,ToeSegmentation1,171
1,1,0.2,hydra,mrsqm,0.0,0.0,0.7436823104693141,-0.0033601419173652225,0.21132046766156165,0,0,0.14879470199957723,2.836400381056592e-05,ToeSegmentation1,171
1,1,0.05,shapley_sampling,feature_ablation,0.0,0.0,0.10108303249097472,0.05970557947531285,-0.21916283328850494,0,0,1.0152824159958982,0.04356595100398408,ToeSegmentation1,171
1,1,0.1,shapley_sampling,feature_ablation,0.0,0.0,0.10108303249097472,0.10068954559691157,-0.29034918450138436,0,0,1.0152824159958982,0.04356595100398408,ToeSegmentation1,171
1,1,0.2,shapley_sampling,feature_ablation,0.14583333333333334,0.2545454545454545,0.148014440433213,0.06528033281264867,-0.2903683715391645,0,0,1.0152824159958982,0.04356595100398408,ToeSegmentation1,171
1,1,0.05,shapley_sampling,tshap_centroid,0.3333333333333333,0.5,0.02527075812274368,0.05970557947531285,0.09796687013885652,0,0,1.0152824159958982,0.018592952998005785,ToeSegmentation1,171
1,1,0.1,shapley_sampling,tshap_centroid,0.3333333333333333,0.5,0.05054151624548736,0.10068954559691157,0.13317817442094748,0,0,1.0152824159958982,0.018592952998005785,ToeSegmentation1,171
1,1,0.2,shapley_sampling,tshap_centroid,0.896551724137931,0.9454545454545454,0.010830324909747292,0.06528033281264867,0.02006205798727012,0,0,1.0152824159958982,0.018592952998005785,ToeSegmentation1,171
1,1,0.05,shapley_sampling,tshap_zero,0.2727272727272727,0.42857142857142855,0.02888086642599278,0.05970557947531285,0.08021345162996862,0,0,1.0152824159958982,0.018645541997102555,ToeSegmentation1,171
1,1,0.1,shapley_sampling,tshap_zero,0.0,0.0,0.3176895306859206,0.10068954559691157,0.15219471848918698,0,0,1.0152824159958982,0.018645541997102555,ToeSegmentation1,171
1,1,0.2,shapley_sampling,tshap_zero,0.0,0.0,0.3140794223826715,0.06528033281264867,0.19952259100571113,0,0,1.0152824159958982,0.018645541997102555,ToeSegmentation1,171
1,1,0.05,shapley_sampling,tshap_train,0.0,0.0,0.3971119133574007,0.05970557947531285,0.1664442732328163,0,0,1.0152824159958982,0.16879637900274247,ToeSegmentation1,171
1,1,0.1,shapley_sampling,tshap_train,0.0,0.0,0.36462093862815886,0.10068954559691157,0.25050737756103425,0,0,1.0152824159958982,0.16879637900274247,ToeSegmentation1,171
1,1,0.2,shapley_sampling,tshap_train,0.0,0.0,0.33935018050541516,0.06528033281264867,0.25066333076640956,0,0,1.0152824159958982,0.16879637900274247,ToeSegmentation1,171
1,1,0.05,shapley_sampling,mrsqm,0.0,0.0,0.10108303249097472,0.05970557947531285,0.11821427086738023,0,0,1.0152824159958982,2.836400381056592e-05,ToeSegmentation1,171
1,1,0.1,shapley_sampling,mrsqm,0.0,0.0,0.10108303249097472,0.10068954559691157,0.12887151967000288,0,0,1.0152824159958982,2.836400381056592e-05,ToeSegmentation1,171
1,1,0.2,shapley_sampling,mrsqm,0.5714285714285714,0.7272727272727273,0.05415162454873646,0.06528033281264867,0.21132046766156165,0,0,1.0152824159958982,2.836400381056592e-05,ToeSegmentation1,171
1,1,0.05,feature_ablation,tshap_centroid,0.0,0.0,0.1263537906137184,-0.21916283328850494,0.09796687013885652,0,0,0.04356595100398408,0.018592952998005785,ToeSegmentation1,171
1,1,0.1,feature_ablation,tshap_centroid,0.0,0.0,0.15162454873646208,-0.29034918450138436,0.13317817442094748,0,0,0.04356595100398408,0.018592952998005785,ToeSegmentation1,171
1,1,0.2,feature_ablation,tshap_centroid,0.1827956989247312,0.3090909090909091,0.1371841155234657,-0.2903683715391645,0.02006205798727012,0,0,0.04356595100398408,0.018592952998005785,ToeSegmentation1,171
1,1,0.05,feature_ablation,tshap_zero,0.0,0.0,0.1299638989169675,-0.21916283328850494,0.08021345162996862,0,0,0.04356595100398408,0.018645541997102555,ToeSegmentation1,171
1,1,0.1,feature_ablation,tshap_zero,0.0,0.0,0.21660649819494585,-0.29034918450138436,0.15219471848918698,0,0,0.04356595100398408,0.018645541997102555,ToeSegmentation1,171
1,1,0.2,feature_ablation,tshap_zero,0.0891089108910891,0.16363636363636364,0.16606498194945848,-0.2903683715391645,0.19952259100571113,0,0,0.04356595100398408,0.018645541997102555,ToeSegmentation1,171
1,1,0.05,feature_ablation,tshap_train,0.0,0.0,0.296028880866426,-0.21916283328850494,0.1664442732328163,0,0,0.04356595100398408,0.16879637900274247,ToeSegmentation1,171
1,1,0.1,feature_ablation,tshap_train,0.0,0.0,0.26353790613718414,-0.29034918450138436,0.25050737756103425,0,0,0.04356595100398408,0.16879637900274247,ToeSegmentation1,171
1,1,0.2,feature_ablation,tshap_train,0.018518518518518517,0.03636363636363636,0.19133574007220217,-0.2903683715391645,0.25066333076640956,0,0,0.04356595100398408,0.16879637900274247,ToeSegmentation1,171
1,1,0.05,feature_ablation,mrsqm,0.0,0.0,0.20216606498194944,-0.21916283328850494,0.11821427086738023,0,0,0.04356595100398408,2.836400381056592e-05,ToeSegmentation1,171
1,1,0.1,feature_ablation,mrsqm,0.0,0.0,0.20216606498194944,-0.29034918450138436,0.12887151967000288,0,0,0.04356595100398408,2.836400381056592e-05,ToeSegmentation1,171
1,1,0.2,feature_ablation,mrsqm,0.0,0.0,0.20216606498194944,-0.2903683715391645,0.21132046766156165,0,0,0.04356595100398408,2.836400381056592e-05,ToeSegmentation1,171
1,1,0.05,tshap_centroid,tshap_zero,0.8666666666666667,0.9285714285714286,0.0036101083032490976,0.09796687013885652,0.08021345162996862,0,0,0.018592952998005785,0.018645541997102555,ToeSegmentation1,171
1,1,0.1,tshap_centroid,tshap_zero,0.0,0.0,0.36823104693140796,0.13317817442094748,0.15219471848918698,0,0,0.018592952998005785,0.018645541997102555,ToeSegmentation1,171
1,1,0.2,tshap_centroid,tshap_zero,0.0,0.0,0.30324909747292417,0.02006205798727012,0.19952259100571113,0,0,0.018592952998005785,0.018645541997102555,ToeSegmentation1,171
1,1,0.05,tshap_centroid,tshap_train,0.0,0.0,0.4223826714801444,0.09796687013885652,0.1664442732328163,0,0,0.018592952998005785,0.16879637900274247,ToeSegmentation1,171
1,1,0.1,tshap_centroid,tshap_train,0.0,0.0,0.4151624548736462,0.13317817442094748,0.25050737756103425,0,0,0.018592952998005785,0.16879637900274247,ToeSegmentation1,171
1,1,0.2,tshap_centroid,tshap_train,0.0,0.0,0.3285198555956679,0.02006205798727012,0.25066333076640956,0,0,0.018592952998005785,0.16879637900274247,ToeSegmentation1,171
1,1,0.05,tshap_centroid,mrsqm,0.0,0.0,0.07581227436823104,0.09796687013885652,0.11821427086738023,0,0,0.018592952998005785,2.836400381056592e-05,ToeSegmentation1,171
1,1,0.1,tshap_centroid,mrsqm,0.3333333333333333,0.5,0.05054151624548736,0.13317817442094748,0.12887151967000288,0,0,0.018592952998005785,2.836400381056592e-05,ToeSegmentation1,171
1,1,0.2,tshap_centroid,mrsqm,0.5068493150684932,0.6727272727272727,0.06498194945848375,0.02006205798727012,0.21132046766156165,0,0,0.018592952998005785,2.836400381056592e-05,ToeSegmentation1,171
1,1,0.05,tshap_zero,tshap_train,0.0,0.0,0.4259927797833935,0.08021345162996862,0.1664442732328163,0,0,0.018645541997102555,0.16879637900274247,ToeSegmentation1,171
1,1,0.1,tshap_zero,tshap_train,0.36585365853658536,0.5357142857142857,0.04693140794223827,0.15219471848918698,0.25050737756103425,0,0,0.018645541997102555,0.16879637900274247,ToeSegmentation1,171
1,1,0.2,tshap_zero,tshap_train,0.7741935483870968,0.8727272727272727,0.02527075812274368,0.19952259100571113,0.25066333076640956,0,0,0.018645541997102555,0.16879637900274247,ToeSegmentation1,171
1,1,0.05,tshap_zero,mrsqm,0.0,0.0,0.07220216606498195,0.08021345162996862,0.11821427086738023,0,0,0.018645541997102555,2.836400381056592e-05,ToeSegmentation1,171
1,1,0.1,tshap_zero,mrsqm,0.0,0.0,0.4187725631768953,0.15219471848918698,0.12887151967000288,0,0,0.018645541997102555,2.836400381056592e-05,ToeSegmentation1,171
1,1,0.2,tshap_zero,mrsqm,0.0,0.0,0.36823104693140796,0.19952259100571113,0.21132046766156165,0,0,0.018645541997102555,2.836400381056592e-05,ToeSegmentation1,171
1,1,0.05,tshap_train,mrsqm,0.0,0.0,0.4981949458483754,0.1664442732328163,0.11821427086738023,0,0,0.16879637900274247,2.836400381056592e-05,ToeSegmentation1,171
1,1,0.1,tshap_train,mrsqm,0.0,0.0,0.4657039711191336,0.25050737756103425,0.12887151967000288,0,0,0.16879637900274247,2.836400381056592e-05,ToeSegmentation1,171
1,1,0.2,tshap_train,mrsqm,0.0,0.0,0.3935018050541516,0.25066333076640956,0.21132046766156165,0,0,0.16879637900274247,2.836400381056592e-05,ToeSegmentation1,171
0,0,0.05,hydra,shapley_sampling,0.0,0.0,0.1407942238267148,0.10627344080677625,0.20389695938327962,0,0,0.14718843300215667,1.0061039880019962,ToeSegmentation1,30
0,0,0.1,hydra,shapley_sampling,0.0,0.0,0.4729241877256318,0.06888772347244126,0.40342274429030917,0,0,0.14718843300215667,1.0061039880019962,ToeSegmentation1,30
0,0,0.2,hydra,shapley_sampling,0.1956521739130435,0.32727272727272727,0.13357400722021662,0.10731684061506008,0.34738614908582177,0,0,0.14718843300215667,1.0061039880019962,ToeSegmentation1,30
0,0,0.05,hydra,feature_ablation,0.0,0.0,0.44404332129963897,0.10627344080677625,0.31454141619101667,0,0,0.14718843300215667,0.04284593400370795,ToeSegmentation1,30
0,0,0.1,hydra,feature_ablation,0.0,0.0,0.4729241877256318,0.06888772347244126,0.40342274933088196,0,0,0.14718843300215667,0.04284593400370795,ToeSegmentation1,30
0,0,0.2,hydra,feature_ablation,0.0,0.0,0.48736462093862815,0.10731684061506008,0.4360099595301309,0,0,0.14718843300215667,0.04284593400370795,ToeSegmentation1,30
0,0,0.05,hydra,tshap_centroid,0.0,0.0,0.4657039711191336,0.10627344080677625,0.45305268758363937,0,0,0.14718843300215667,0.016492364004079718,ToeSegmentation1,30
0,0,0.1,hydra,tshap_centroid,0.0,0.0,0.1371841155234657,0.06888772347244126,0.17877337082050582,0,0,0.14718843300215667,0.016492364004079718,ToeSegmentation1,30
0,0,0.2,hydra,tshap_centroid,0.03773584905660377,0.07272727272727272,0.18411552346570398,0.10731684061506008,0.302545971079491,0,0,0.14718843300215667,0.016492364004079718,ToeSegmentation1,30
0,0,0.05,hydra,tshap_zero,0.0,0.0,0.6245487364620939,0.10627344080677625,0.08893192495005575,0,0,0.14718843300215667,0.018443911998474505,ToeSegmentation1,30
0,0,0.1,hydra,tshap_zero,0.0,0.0,0.6173285198555957,0.06888772347244126,0.05683905028668379,0,0,0.14718843300215667,0.018443911998474505,ToeSegmentation1,30
0,0,0.2,hydra,tshap_zero,0.7741935483870968,0.8727272727272727,0.02527075812274368,0.10731684061506008,-0.01744572157215074,0,0,0.14718843300215667,0.018443911998474505,ToeSegmentation1,30
0,0,0.05,hydra,tshap_train,0.0,0.0,0.48375451263537905,0.10627344080677625,0.3002145434480797,0,0,0.14718843300215667,0.16679088000091724,ToeSegmentation1,30
0,0,0.1,hydra,tshap_train,0.0,0.0,0.49458483754512633,0.06888772347244126,0.3843663862144747,0,0,0.14718843300215667,0.16679088000091724,ToeSegmentation1,30
0,0,0.2,hydra,tshap_train,0.0,0.0,0.5667870036101083,0.10731684061506008,0.39306039319455605,0,0,0.14718843300215667,0.16679088000091724,ToeSegmentation1,30
0,0,0.05,hydra,mrsqm,0.0,0.0,0.6967509025270758,0.10627344080677625,0.08948594926843079,0,0,0.14718843300215667,2.632899850141257e-05,ToeSegmentation1,30
0,0,0.1,hydra,mrsqm,0.0,0.0,0.6750902527075813,0.06888772347244126,0.026205313102170447,0,0,0.14718843300215667,2.632899850141257e-05,ToeSegmentation1,30
0,0,0.2,hydra,mrsqm,0.0,0.0,0.6895306859205776,0.10731684061506008,-0.04289905553316953,0,0,0.14718843300215667,2.632899850141257e-05,ToeSegmentation1,30
0,0,0.05,shapley_sampling,feature_ablation,0.0,0.0,0.30324909747292417,0.20389695938327962,0.31454141619101667,0,0,1.0061039880019962,0.04284593400370795,ToeSegmentation1,30
0,0,0.1,shapley_sampling,feature_ablation,1.0,1.0,0.0,0.40342274429030917,0.40342274933088196,0,0,1.0061039880019962,0.04284593400370795,ToeSegmentation1,30
0,0,0.2,shapley_sampling,feature_ablation,0.0,0.0,0.35379061371841153,0.34738614908582177,0.4360099595301309,0,0,1.0061039880019962,0.04284593400370795,ToeSegmentation1,30
0,0,0.05,shapley_sampling,tshap_centroid,0.0,0.0,0.3249097472924188,0.20389695938327962,0.45305268758363937,0,0,1.0061039880019962,0.016492364004079718,ToeSegmentation1,30
0,0,0.1,shapley_sampling,tshap_centroid,0.0,0.0,0.33574007220216606,0.40342274429030917,0.17877337082050582,0,0,1.0061039880019962,0.016492364004079718,ToeSegmentation1,30
0,0,0.2,shapley_sampling,tshap_centroid,0.5942028985507246,0.7454545454545455,0.05054151624548736,0.34738614908582177,0.302545971079491,0,0,1.0061039880019962,0.016492364004079718,ToeSegmentation1,30
0,0,0.05,shapley_sampling,tshap_zero,0.0,0.0,0.48375451263537905,0.20389695938327962,0.08893192495005575,0,0,1.0061039880019962,0.018443911998474505,ToeSegmentation1,30
0,0,0.1,shapley_sampling,tshap_zero,0.0,0.0,0.1444043321299639,0.40342274429030917,0.05683905028668379,0,0,1.0061039880019962,0.018443911998474505,ToeSegmentation1,30
0,0,0.2,shapley_sampling,tshap_zero,0.29411764705882354,0.45454545454545453,0.10830324909747292,0.34738614908582177,-0.01744572157215074,0,0,1.0061039880019962,0.018443911998474505,ToeSegmentation1,30
0,0,0.05,shapley_sampling,tshap_train,0.0,0.0,0.34296028880866425,0.20389695938327962,0.3002145434480797,0,0,1.0061039880019962,0.16679088000091724,ToeSegmentation1,30
0,0,0.1,shapley_sampling,tshap_train,0.6470588235294118,0.7857142857142857,0.021660649819494584,0.40342274429030917,0.3843663862144747,0,0,1.0061039880019962,0.16679088000091724,ToeSegmentation1,30
0,0,0.2,shapley_sampling,tshap_train,0.0,0.0,0.4332129963898917,0.34738614908582177,0.39306039319455605,0,0,1.0061039880019962,0.16679088000091724,ToeSegmentation1,30
0,0,0.05,shapley_sampling,mrsqm,0.0,0.0,0.555956678700361,0.20389695938327962,0.08948594926843079,0,0,1.0061039880019962,2.632899850141257e-05,ToeSegmentation1,30
0,0,0.1,shapley_sampling,mrsqm,0.0,0.0,0.20216606498194944,0.40342274429030917,0.026205313102170447,0,0,1.0061039880019962,2.632899850141257e-05,ToeSegmentation1,30
0,0,0.2,shapley_sampling,mrsqm,0.0,0.0,0.555956678700361,0.34738614908582177,-0.04289905553316953,0,0,1.0061039880019962,2.632899850141257e-05,ToeSegmentation1,30
0,0,0.05,feature_ablation,tshap_centroid,0.4,0.5714285714285714,0.021660649819494584,0.31454141619101667,0.45305268758363937,0,0,0.04284593400370795,0.016492364004079718,ToeSegmentation1,30
0,0,0.1,feature_ablation,tshap_centroid,0.0,0.0,0.33574007220216606,0.40342274933088196,0.17877337082050582,0,0,0.04284593400370795,0.016492364004079718,ToeSegmentation1,30
0,0,0.2,feature_ablation,tshap_centroid,0.0,0.0,0.30324909747292417,0.4360099595301309,0.302545971079491,0,0,0.04284593400370795,0.016492364004079718,ToeSegmentation1,30
0,0,0.05,feature_ablation,tshap_zero,0.0,0.0,0.18050541516245489,0.31454141619101667,0.08893192495005575,0,0,0.04284593400370795,0.018443911998474505,ToeSegmentation1,30
0,0,0.1,feature_ablation,tshap_zero,0.0,0.0,0.1444043321299639,0.40342274933088196,0.05683905028668379,0,0,0.04284593400370795,0.018443911998474505,ToeSegmentation1,30
0,0,0.2,feature_ablation,tshap_zero,0.0,0.0,0.4620938628158845,0.4360099595301309,-0.01744572157215074,0,0,0.04284593400370795,0.018443911998474505,ToeSegmentation1,30
0,0,0.05,feature_ablation,tshap_train,0.12,0.21428571428571427,0.039711191335740074,0.31454141619101667,0.3002145434480797,0,0,0.04284593400370795,0.16679088000091724,ToeSegmentation1,30
0,0,0.1,feature_ablation,tshap_train,0.6470588235294118,0.7857142857142857,0.021660649819494584,0.40342274933088196,0.3843663862144747,0,0,0.04284593400370795,0.16679088000091724,ToeSegmentation1,30
0,0,0.2,feature_ablation,tshap_train,0.42857142857142855,0.6,0.07942238267148015,0.4360099595301309,0.39306039319455605,0,0,0.04284593400370795,0.16679088000091724,ToeSegmentation1,30
0,0,0.05,feature_ablation,mrsqm,0.0,0.0,0.2527075812274368,0.31454141619101667,0.08948594926843079,0,0,0.04284593400370795,2.632899850141257e-05,ToeSegmentation1,30
0,0,0.1,feature_ablation,mrsqm,0.0,0.0,0.20216606498194944,0.40342274933088196,0.026205313102170447,0,0,0.04284593400370795,2.632899850141257e-05,ToeSegmentation1,30
0,0,0.2,feature_ablation,mrsqm,0.0,0.0,0.20216606498194944,0.4360099595301309,-0.04289905553316953,0,0,0.04284593400370795,2.632899850141257e-05,ToeSegmentation1,30
0,0,0.05,tshap_centroid,tshap_zero,0.0,0.0,0.1588447653429603,0.45305268758363937,0.08893192495005575,0,0,0.016492364004079718,0.018443911998474505,ToeSegmentation1,30
0,0,0.1,tshap_centroid,tshap_zero,0.0,0.0,0.48014440433212996,0.17877337082050582,0.05683905028668379,0,0,0.016492364004079718,0.018443911998474505,ToeSegmentation1,30
0,0,0.2,tshap_centroid,tshap_zero,0.1111111111111111,0.2,0.1588447653429603,0.302545971079491,-0.01744572157215074,0,0,0.016492364004079718,0.018443911998474505,ToeSegmentation1,30
0,0,0.05,tshap_centroid,tshap_train,0.47368421052631576,0.6428571428571429,0.018050541516245487,0.45305268758363937,0.3002145434480797,0,0,0.016492364004079718,0.16679088000091724,ToeSegmentation1,30
0,0,0.1,tshap_centroid,tshap_train,0.0,0.0,0.3574007220216607,0.17877337082050582,0.3843663862144747,0,0,0.016492364004079718,0.16679088000091724,ToeSegmentation1,30
0,0,0.2,tshap_centroid,tshap_train,0.0,0.0,0.38267148014440433,0.302545971079491,0.39306039319455605,0,0,0.016492364004079718,0.16679088000091724,ToeSegmentation1,30
0,0,0.05,tshap_centroid,mrsqm,0.0,0.0,0.23104693140794225,0.45305268758363937,0.08948594926843079,0,0,0.016492364004079718,2.632899850141257e-05,ToeSegmentation1,30
0,0,0.1,tshap_centroid,mrsqm,0.0,0.0,0.5379061371841155,0.17877337082050582,0.026205313102170447,0,0,0.016492364004079718,2.632899850141257e-05,ToeSegmentation1,30
0,0,0.2,tshap_centroid,mrsqm,0.0,0.0,0.5054151624548736,0.302545971079491,-0.04289905553316953,0,0,0.016492364004079718,2.632899850141257e-05,ToeSegmentation1,30
0,0,0.05,tshap_zero,tshap_train,0.0,0.0,0.1407942238267148,0.08893192495005575,0.3002145434480797,0,0,0.018443911998474505,0.16679088000091724,ToeSegmentation1,30
0,0,0.1,tshap_zero,tshap_train,0.0,0.0,0.12274368231046931,0.05683905028668379,0.3843663862144747,0,0,0.018443911998474505,0.16679088000091724,ToeSegmentation1,30
0,0,0.2,tshap_zero,tshap_train,0.0,0.0,0.5415162454873647,-0.01744572157215074,0.39306039319455605,0,0,0.018443911998474505,0.16679088000091724,ToeSegmentation1,30
0,0,0.05,tshap_zero,mrsqm,0.0,0.0,0.07220216606498195,0.08893192495005575,0.08948594926843079,0,0,0.018443911998474505,2.632899850141257e-05,ToeSegmentation1,30
0,0,0.1,tshap_zero,mrsqm,0.2727272727272727,0.42857142857142855,0.05776173285198556,0.05683905028668379,0.026205313102170447,0,0,0.018443911998474505,2.632899850141257e-05,ToeSegmentation1,30
0,0,0.2,tshap_zero,mrsqm,0.0,0.0,0.6642599277978339,-0.01744572157215074,-0.04289905553316953,0,0,0.018443911998474505,2.632899850141257e-05,ToeSegmentation1,30
0,0,0.05,tshap_train,mrsqm,0.0,0.0,0.21299638989169675,0.3002145434480797,0.08948594926843079,0,0,0.16679088000091724,2.632899850141257e-05,ToeSegmentation1,30
0,0,0.1,tshap_train,mrsqm,0.0,0.0,0.18050541516245489,0.3843663862144747,0.026205313102170447,0,0,0.16679088000091724,2.632899850141257e-05,ToeSegmentation1,30
0,0,0.2,tshap_train,mrsqm,0.23595505617977527,0.38181818181818183,0.12274368231046931,0.39306039319455605,-0.04289905553316953,0,0,0.16679088000091724,2.632899850141257e-05,ToeSegmentation1,30
0,0,0.05,hydra,shapley_sampling,0.0,0.0,0.09386281588447654,0.10154878740158135,0.3542148403465876,0,1,0.14812435800558887,1.00436552100291,ToeSegmentation1,19
0,0,0.1,hydra,shapley_sampling,0.09803921568627451,0.17857142857142858,0.08303249097472924,-0.016903299166657476,0.19638222782314899,0,0,0.14812435800558887,1.00436552100291,ToeSegmentation1,19
0,0,0.2,hydra,shapley_sampling,0.4473684210526316,0.6181818181818182,0.07581227436823104,0.15438222148178843,0.09818849280259152,0,0,0.14812435800558887,1.00436552100291,ToeSegmentation1,19
0,0,0.05,hydra,feature_ablation,0.0,0.0,0.259927797833935,0.10154878740158135,0.4206275349640398,0,1,0.14812435800558887,0.04285802699450869,ToeSegmentation1,19
0,0,0.1,hydra,feature_ablation,0.0,0.0,0.22021660649819494,-0.016903299166657476,0.4864535424652816,0,1,0.14812435800558887,0.04285802699450869,ToeSegmentation1,19
0,0,0.2,hydra,feature_ablation,0.0,0.0,0.2779783393501805,0.15438222148178843,0.3945598759287632,0,1,0.14812435800558887,0.04285802699450869,ToeSegmentation1,19
0,0,0.05,hydra,tshap_centroid,0.0,0.0,0.08664259927797834,0.10154878740158135,0.40850311870094685,0,1,0.14812435800558887,0.016481442995427642,ToeSegmentation1,19
0,0,0.1,hydra,tshap_centroid,0.0,0.0,0.10469314079422383,-0.016903299166657476,0.2551432462506324,0,1,0.14812435800558887,0.016481442995427642,ToeSegmentation1,19
0,0,0.2,hydra,tshap_centroid,0.71875,0.8363636363636363,0.032490974729241874,0.15438222148178843,0.2010988133372045,0,0,0.14812435800558887,0.016481442995427642,ToeSegmentation1,19
0,0,0.05,hydra,tshap_zero,0.0,0.0,0.10469314079422383,0.10154878740158135,0.055761874892912566,0,0,0.14812435800558887,0.018443531000229996,ToeSegmentation1,19
0,0,0.1,hydra,tshap_zero,0.037037037037037035,0.07142857142857142,0.09386281588447654,-0.016903299166657476,0.030642439837612445,0,0,0.14812435800558887,0.018443531000229996,ToeSegmentation1,19
0,0,0.2,hydra,tshap_zero,0.1956521739130435,0.32727272727272727,0.13357400722021662,0.15438222148178843,0.04099009128047801,0,0,0.14812435800558887,0.018443531000229996,ToeSegmentation1,19
0,0,0.05,hydra,tshap_train,0.0,0.0,0.08303249097472924,0.10154878740158135,0.40241382288331606,0,1,0.14812435800558887,0.16648667600384215,ToeSegmentation1,19
0,0,0.1,hydra,tshap_train,0.01818181818181818,0.03571428571428571,0.09747292418772563,-0.016903299166657476,0.24118279938503753,0,1,0.14812435800558887,0.16648667600384215,ToeSegmentation1,19
0,0,0.2,hydra,tshap_train,0.7741935483870968,0.8727272727272727,0.02527075812274368,0.15438222148178843,0.22354116016178743,0,1,0.14812435800558887,0.16648667600384215,ToeSegmentation1,19
0,0,0.05,hydra,mrsqm,0.0,0.0,0.5631768953068592,0.10154878740158135,0.13533943506562815,0,0,0.14812435800558887,2.577900158939883e-05,ToeSegmentation1,19
0,0,0.1,hydra,mrsqm,0.0,0.0,0.5234657039711191,-0.016903299166657476,0.17383891048752412,0,0,0.14812435800558887,2.577900158939883e-05,ToeSegmentation1,19
0,0,0.2,hydra,mrsqm,0.0,0.0,0.5306859205776173,0.15438222148178843,0.039108207193946865,0,0,0.14812435800558887,2.577900158939883e-05,ToeSegmentation1,19
0,0,0.05,shapley_sampling,feature_ablation,0.0,0.0,0.35379061371841153,0.3542148403465876,0.4206275349640398,1,1,1.00436552100291,0.04285802699450869,ToeSegmentation1,19
0,0,0.1,shapley_sampling,feature_ablation,0.0,0.0,0.30324909747292417,0.19638222782314899,0.4864535424652816,0,1,1.00436552100291,0.04285802699450869,ToeSegmentation1,19
0,0,0.2,shapley_sampling,feature_ablation,0.0,0.0,0.35379061371841153,0.09818849280259152,0.3945598759287632,0,1,1.00436552100291,0.04285802699450869,ToeSegmentation1,19
0,0,0.05,shapley_sampling,tshap_centroid,0.75,0.8571428571428571,0.007220216606498195,0.3542148403465876,0.40850311870094685,1,1,1.00436552100291,0.016481442995427642,ToeSegmentation1,19
0,0,0.1,shapley_sampling,tshap_centroid,0.6470588235294118,0.7857142857142857,0.021660649819494584,0.19638222782314899,0.2551432462506324,0,1,1.00436552100291,0.016481442995427642,ToeSegmentation1,19
0,0,0.2,shapley_sampling,tshap_centroid,0.6417910447761194,0.7818181818181819,0.04332129963898917,0.09818849280259152,0.2010988133372045,0,0,1.00436552100291,0.016481442995427642,ToeSegmentation1,19
0,0,0.05,shapley_sampling,tshap_zero,0.0,0.0,0.19855595667870035,0.3542148403465876,0.055761874892912566,1,0,1.00436552100291,0.018443531000229996,ToeSegmentation1,19
0,0,0.1,shapley_sampling,tshap_zero,0.0,0.0,0.17689530685920576,0.19638222782314899,0.030642439837612445,0,0,1.00436552100291,0.018443531000229996,ToeSegmentation1,19
0,0,0.2,shapley_sampling,tshap_zero,0.0,0.0,0.20938628158844766,0.09818849280259152,0.04099009128047801,0,0,1.00436552100291,0.018443531000229996,ToeSegmentation1,19
0,0,0.05,shapley_sampling,tshap_train,0.6470588235294118,0.7857142857142857,0.010830324909747292,0.3542148403465876,0.40241382288331606,1,1,1.00436552100291,0.16648667600384215,ToeSegmentation1,19
0,0,0.1,shapley_sampling,tshap_train,0.75,0.8571428571428571,0.01444043321299639,0.19638222782314899,0.24118279938503753,0,1,1.00436552100291,0.16648667600384215,ToeSegmentation1,19
0,0,0.2,shapley_sampling,tshap_train,0.5942028985507246,0.7454545454545455,0.05054151624548736,0.09818849280259152,0.22354116016178743,0,1,1.00436552100291,0.16648667600384215,ToeSegmentation1,19
0,0,0.05,shapley_sampling,mrsqm,0.0,0.0,0.6570397111913358,0.3542148403465876,0.13533943506562815,1,0,1.00436552100291,2.577900158939883e-05,ToeSegmentation1,19
0,0,0.1,shapley_sampling,mrsqm,0.0,0.0,0.6064981949458483,0.19638222782314899,0.17383891048752412,0,0,1.00436552100291,2.577900158939883e-05,ToeSegmentation1,19
0,0,0.2,shapley_sampling,mrsqm,0.0,0.0,0.6064981949458483,0.09818849280259152,0.039108207193946865,0,0,1.00436552100291,2.577900158939883e-05,ToeSegmentation1,19
0,0,0.05,feature_ablation,tshap_centroid,0.0,0.0,0.34657039711191334,0.4206275349640398,0.40850311870094685,1,1,0.04285802699450869,0.016481442995427642,ToeSegmentation1,19
0,0,0.1,feature_ablation,tshap_centroid,0.0,0.0,0.3249097472924188,0.4864535424652816,0.2551432462506324,1,1,0.04285802699450869,0.016481442995427642,ToeSegmentation1,19
0,0,0.2,feature_ablation,tshap_centroid,0.0,0.0,0.3104693140794224,0.3945598759287632,0.2010988133372045,1,0,0.04285802699450869,0.016481442995427642,ToeSegmentation1,19
0,0,0.05,feature_ablation,tshap_zero,0.0,0.0,0.1552346570397112,0.4206275349640398,0.055761874892912566,1,0,0.04285802699450869,0.018443531000229996,ToeSegmentation1,19
0,0,0.1,feature_ablation,tshap_zero,0.0,0.0,0.1263537906137184,0.4864535424652816,0.030642439837612445,1,0,0.04285802699450869,0.018443531000229996,ToeSegmentation1,19
0,0,0.2,feature_ablation,tshap_zero,0.15789473684210525,0.2727272727272727,0.1444043321299639,0.3945598759287632,0.04099009128047801,1,0,0.04285802699450869,0.018443531000229996,ToeSegmentation1,19
0,0,0.05,feature_ablation,tshap_train,0.0,0.0,0.34296028880866425,0.4206275349640398,0.40241382288331606,1,1,0.04285802699450869,0.16648667600384215,ToeSegmentation1,19
0,0,0.1,feature_ablation,tshap_train,0.0,0.0,0.3176895306859206,0.4864535424652816,0.24118279938503753,1,1,0.04285802699450869,0.16648667600384215,ToeSegmentation1,19
0,0,0.2,feature_ablation,tshap_train,0.0,0.0,0.30324909747292417,0.3945598759287632,0.22354116016178743,1,1,0.04285802699450869,0.16648667600384215,ToeSegmentation1,19
0,0,0.05,feature_ablation,mrsqm,0.0,0.0,0.30324909747292417,0.4206275349640398,0.13533943506562815,1,0,0.04285802699450869,2.577900158939883e-05,ToeSegmentation1,19
0,0,0.1,feature_ablation,mrsqm,0.0,0.0,0.30324909747292417,0.4864535424652816,0.17383891048752412,1,0,0.04285802699450869,2.577900158939883e-05,ToeSegmentation1,19
0,0,0.2,feature_ablation,mrsqm,0.0,0.0,0.2527075812274368,0.3945598759287632,0.039108207193946865,1,0,0.04285802699450869,2.577900158939883e-05,ToeSegmentation1,19
0,0,0.05,tshap_centroid,tshap_zero,0.0,0.0,0.19133574007220217,0.40850311870094685,0.055761874892912566,1,0,0.016481442995427642,0.018443531000229996,ToeSegmentation1,19
0,0,0.1,tshap_centroid,tshap_zero,0.0,0.0,0.19855595667870035,0.2551432462506324,0.030642439837612445,1,0,0.016481442995427642,0.018443531000229996,ToeSegmentation1,19
0,0,0.2,tshap_centroid,tshap_zero,0.0891089108910891,0.16363636363636364,0.16606498194945848,0.2010988133372045,0.04099009128047801,0,0,0.016481442995427642,0.018443531000229996,ToeSegmentation1,19
0,0,0.05,tshap_centroid,tshap_train,0.8666666666666667,0.9285714285714286,0.0036101083032490976,0.40850311870094685,0.40241382288331606,1,1,0.016481442995427642,0.16648667600384215,ToeSegmentation1,19
0,0,0.1,tshap_centroid,tshap_train,0.8666666666666667,0.9285714285714286,0.007220216606498195,0.2551432462506324,0.24118279938503753,1,1,0.016481442995427642,0.16648667600384215,ToeSegmentation1,19
0,0,0.2,tshap_centroid,tshap_train,0.9298245614035088,0.9636363636363636,0.007220216606498195,0.2010988133372045,0.22354116016178743,0,1,0.016481442995427642,0.16648667600384215,ToeSegmentation1,19
0,0,0.05,tshap_centroid,mrsqm,0.0,0.0,0.6498194945848376,0.40850311870094685,0.13533943506562815,1,0,0.016481442995427642,2.577900158939883e-05,ToeSegmentation1,19
0,0,0.1,tshap_centroid,mrsqm,0.0,0.0,0.628158844765343,0.2551432462506324,0.17383891048752412,1,0,0.016481442995427642,2.577900158939883e-05,ToeSegmentation1,19
0,0,0.2,tshap_centroid,mrsqm,0.0,0.0,0.5631768953068592,0.2010988133372045,0.039108207193946865,0,0,0.016481442995427642,2.577900158939883e-05,ToeSegmentation1,19
0,0,0.05,tshap_zero,tshap_train,0.0,0.0,0.18772563176895307,0.055761874892912566,0.40241382288331606,0,1,0.018443531000229996,0.16648667600384215,ToeSegmentation1,19
0,0,0.1,tshap_zero,tshap_train,0.0,0.0,0.19133574007220217,0.030642439837612445,0.24118279938503753,0,1,0.018443531000229996,0.16648667600384215,ToeSegmentation1,19
0,0,0.2,tshap_zero,tshap_train,0.1111111111111111,0.2,0.1588447653429603,0.04099009128047801,0.22354116016178743,0,1,0.018443531000229996,0.16648667600384215,ToeSegmentation1,19
0,0,0.05,tshap_zero,mrsqm,0.0,0.0,0.4584837545126354,0.055761874892912566,0.13533943506562815,0,0,0.018443531000229996,2.577900158939883e-05,ToeSegmentation1,19
0,0,0.1,tshap_zero,mrsqm,0.0,0.0,0.4296028880866426,0.030642439837612445,0.17383891048752412,0,0,0.018443531000229996,2.577900158939883e-05,ToeSegmentation1,19
0,0,0.2,tshap_zero,mrsqm,0.0,0.0,0.3971119133574007,0.04099009128047801,0.039108207193946865,0,0,0.018443531000229996,2.577900158939883e-05,ToeSegmentation1,19
0,0,0.05,tshap_train,mrsqm,0.0,0.0,0.6462093862815884,0.40241382288331606,0.13533943506562815,1,0,0.16648667600384215,2.577900158939883e-05,ToeSegmentation1,19
0,0,0.1,tshap_train,mrsqm,0.0,0.0,0.6209386281588448,0.24118279938503753,0.17383891048752412,1,0,0.16648667600384215,2.577900158939883e-05,ToeSegmentation1,19
0,0,0.2,tshap_train,mrsqm,0.0,0.0,0.555956678700361,0.22354116016178743,0.039108207193946865,1,0,0.16648667600384215,2.577900158939883e-05,ToeSegmentation1,19
1,1,0.05,hydra,shapley_sampling,0.0,0.0,0.37184115523465705,0.12427636576039913,0.023975306803204477,0,0,0.14640265300113242,1.008994795003673,ToeSegmentation1,141
1,1,0.1,hydra,shapley_sampling,0.0,0.0,0.35379061371841153,0.16443937458794,0.1346503047341412,0,0,0.14640265300113242,1.008994795003673,ToeSegmentation1,141
1,1,0.2,hydra,shapley_sampling,0.0,0.0,0.2996389891696751,0.11568136154702624,0.2008496501195417,0,0,0.14640265300113242,1.008994795003673,ToeSegmentation1,141
1,1,0.05,hydra,feature_ablation,0.4,0.5714285714285714,0.021660649819494584,0.12427636576039913,0.21379287890058096,0,0,0.14640265300113242,0.04303500000241911,ToeSegmentation1,141
1,1,0.1,hydra,feature_ablation,0.4358974358974359,0.6071428571428571,0.039711191335740074,0.16443937458794,0.16309566447954504,0,0,0.14640265300113242,0.04303500000241911,ToeSegmentation1,141
1,1,0.2,hydra,feature_ablation,0.6176470588235294,0.7636363636363637,0.04693140794223827,0.11568136154702624,0.150202095927926,0,0,0.14640265300113242,0.04303500000241911,ToeSegmentation1,141
1,1,0.05,hydra,tshap_centroid,0.0,0.0,0.20577617328519857,0.12427636576039913,0.0734086415645645,0,0,0.14640265300113242,0.016540405005798675,ToeSegmentation1,141
1,1,0.1,hydra,tshap_centroid,0.0,0.0,0.20216606498194944,0.16443937458794,0.11320798489095352,0,0,0.14640265300113242,0.016540405005798675,ToeSegmentation1,141
1,1,0.2,hydra,tshap_centroid,0.12244897959183673,0.21818181818181817,0.1552346570397112,0.11568136154702624,0.3139716962817818,0,0,0.14640265300113242,0.016540405005798675,ToeSegmentation1,141
1,1,0.05,hydra,tshap_zero,0.0,0.0,0.22743682310469315,0.12427636576039913,0.1716824515438291,0,0,0.14640265300113242,0.018473617994459346,ToeSegmentation1,141
1,1,0.1,hydra,tshap_zero,0.0,0.0,0.22743682310469315,0.16443937458794,0.10667205043144024,0,0,0.14640265300113242,0.018473617994459346,ToeSegmentation1,141
1,1,0.2,hydra,tshap_zero,0.0,0.0,0.20577617328519857,0.11568136154702624,0.33714412766118873,0,0,0.14640265300113242,0.018473617994459346,ToeSegmentation1,141
1,1,0.05,hydra,tshap_train,0.0,0.0,0.3212996389891697,0.12427636576039913,0.10939286197142728,0,0,0.14640265300113242,0.16650685499917017,ToeSegmentation1,141
1,1,0.1,hydra,tshap_train,0.0,0.0,0.30685920577617326,0.16443937458794,0.18793612227524126,0,0,0.14640265300113242,0.16650685499917017,ToeSegmentation1,141
1,1,0.2,hydra,tshap_train,0.0,0.0,0.2851985559566787,0.11568136154702624,0.17701654940109213,0,0,0.14640265300113242,0.16650685499917017,ToeSegmentation1,141
1,1,0.05,hydra,mrsqm,0.0,0.0,0.5776173285198556,0.12427636576039913,0.024371475384351804,0,0,0.14640265300113242,2.7541995223145932e-05,ToeSegmentation1,141
1,1,0.1,hydra,mrsqm,0.0,0.0,0.5451263537906137,0.16443937458794,0.017815322292709768,0,0,0.14640265300113242,2.7541995223145932e-05,ToeSegmentation1,141
1,1,0.2,hydra,mrsqm,0.0,0.0,0.5018050541516246,0.11568136154702624,0.008790011862804592,0,0,0.14640265300113242,2.7541995223145932e-05,ToeSegmentation1,141
1,1,0.05,shapley_sampling,feature_ablation,0.0,0.0,0.3935018050541516,0.023975306803204477,0.21379287890058096,0,0,1.008994795003673,0.04303500000241911,ToeSegmentation1,141
1,1,0.1,shapley_sampling,feature_ablation,0.0,0.0,0.3935018050541516,0.1346503047341412,0.16309566447954504,0,0,1.008994795003673,0.04303500000241911,ToeSegmentation1,141
1,1,0.2,shapley_sampling,feature_ablation,0.0,0.0,0.34657039711191334,0.2008496501195417,0.150202095927926,0,0,1.008994795003673,0.04303500000241911,ToeSegmentation1,141
1,1,0.05,shapley_sampling,tshap_centroid,0.0,0.0,0.5776173285198556,0.023975306803204477,0.0734086415645645,0,0,1.008994795003673,0.016540405005798675,ToeSegmentation1,141
1,1,0.1,shapley_sampling,tshap_centroid,0.0,0.0,0.555956678700361,0.1346503047341412,0.11320798489095352,0,0,1.008994795003673,0.016540405005798675,ToeSegmentation1,141
1,1,0.2,shapley_sampling,tshap_centroid,0.0,0.0,0.4548736462093863,0.2008496501195417,0.3139716962817818,0,0,1.008994795003673,0.016540405005798675,ToeSegmentation1,141
1,1,0.05,shapley_sampling,tshap_zero,0.0,0.0,0.1444043321299639,0.023975306803204477,0.1716824515438291,0,0,1.008994795003673,0.018473617994459346,ToeSegmentation1,141
1,1,0.1,shapley_sampling,tshap_zero,0.0,0.0,0.1263537906137184,0.1346503047341412,0.10667205043144024,0,0,1.008994795003673,0.018473617994459346,ToeSegmentation1,141
1,1,0.2,shapley_sampling,tshap_zero,0.35802469135802467,0.5272727272727272,0.09386281588447654,0.2008496501195417,0.33714412766118873,0,0,1.008994795003673,0.018473617994459346,ToeSegmentation1,141
1,1,0.05,shapley_sampling,tshap_train,0.0,0.0,0.6931407942238267,0.023975306803204477,0.10939286197142728,0,0,1.008994795003673,0.16650685499917017,ToeSegmentation1,141
1,1,0.1,shapley_sampling,tshap_train,0.0,0.0,0.6606498194945848,0.1346503047341412,0.18793612227524126,0,0,1.008994795003673,0.16650685499917017,ToeSegmentation1,141
1,1,0.2,shapley_sampling,tshap_train,0.0,0.0,0.5848375451263538,0.2008496501195417,0.17701654940109213,0,0,1.008994795003673,0.16650685499917017,ToeSegmentation1,141
1,1,0.05,shapley_sampling,mrsqm,0.0,0.0,0.9494584837545126,0.023975306803204477,0.024371475384351804,0,0,1.008994795003673,2.7541995223145932e-05,ToeSegmentation1,141
1,1,0.1,shapley_sampling,mrsqm,0.0,0.0,0.8989169675090253,0.1346503047341412,0.017815322292709768,0,0,1.008994795003673,2.7541995223145932e-05,ToeSegmentation1,141
1,1,0.2,shapley_sampling,mrsqm,0.0,0.0,0.8014440433212996,0.2008496501195417,0.008790011862804592,0,0,1.008994795003673,2.7541995223145932e-05,ToeSegmentation1,141
1,1,0.05,feature_ablation,tshap_centroid,0.0,0.0,0.18411552346570398,0.21379287890058096,0.0734086415645645,0,0,0.04303500000241911,0.016540405005798675,ToeSegmentation1,141
1,1,0.1,feature_ablation,tshap_centroid,0.0,0.0,0.1624548736462094,0.16309566447954504,0.11320798489095352,0,0,0.04303500000241911,0.016540405005798675,ToeSegmentation1,141
1,1,0.2,feature_ablation,tshap_centroid,0.29411764705882354,0.45454545454545453,0.10830324909747292,0.150202095927926,0.3139716962817818,0,0,0.04303500000241911,0.016540405005798675,ToeSegmentation1,141
1,1,0.05,feature_ablation,tshap_zero,0.0,0.0,0.2490974729241877,0.21379287890058096,0.1716824515438291,0,0,0.04303500000241911,0.018473617994459346,ToeSegmentation1,141
1,1,0.1,feature_ablation,tshap_zero,0.0,0.0,0.26714801444043323,0.16309566447954504,0.10667205043144024,0,0,0.04303500000241911,0.018473617994459346,ToeSegmentation1,141
1,1,0.2,feature_ablation,tshap_zero,0.0,0.0,0.2527075812274368,0.150202095927926,0.33714412766118873,0,0,0.04303500000241911,0.018473617994459346,ToeSegmentation1,141
1,1,0.05,feature_ablation,tshap_train,0.0,0.0,0.2996389891696751,0.21379287890058096,0.10939286197142728,0,0,0.04303500000241911,0.16650685499917017,ToeSegmentation1,141
1,1,0.1,feature_ablation,tshap_train,0.0,0.0,0.26714801444043323,0.16309566447954504,0.18793612227524126,0,0,0.04303500000241911,0.16650685499917017,ToeSegmentation1,141
1,1,0.2,feature_ablation,tshap_train,0.0,0.0,0.23826714801444043,0.150202095927926,0.17701654940109213,0,0,0.04303500000241911,0.16650685499917017,ToeSegmentation1,141
1,1,0.05,feature_ablation,mrsqm,0.0,0.0,0.555956678700361,0.21379287890058096,0.024371475384351804,0,0,0.04303500000241911,2.7541995223145932e-05,ToeSegmentation1,141
1,1,0.1,feature_ablation,mrsqm,0.0,0.0,0.5054151624548736,0.16309566447954504,0.017815322292709768,0,0,0.04303500000241911,2.7541995223145932e-05,ToeSegmentation1,141
1,1,0.2,feature_ablation,mrsqm,0.0,0.0,0.4548736462093863,0.150202095927926,0.008790011862804592,0,0,0.04303500000241911,2.7541995223145932e-05,ToeSegmentation1,141
1,1,0.05,tshap_centroid,tshap_zero,0.0,0.0,0.4332129963898917,0.0734086415645645,0.1716824515438291,0,0,0.016540405005798675,0.018473617994459346,ToeSegmentation1,141
1,1,0.1,tshap_centroid,tshap_zero,0.0,0.0,0.4296028880866426,0.11320798489095352,0.10667205043144024,0,0,0.016540405005798675,0.018473617994459346,ToeSegmentation1,141
1,1,0.2,tshap_centroid,tshap_zero,0.0,0.0,0.36101083032490977,0.3139716962817818,0.33714412766118873,0,0,0.016540405005798675,0.018473617994459346,ToeSegmentation1,141
1,1,0.05,tshap_centroid,tshap_train,0.0,0.0,0.11552346570397112,0.0734086415645645,0.10939286197142728,0,0,0.016540405005798675,0.16650685499917017,ToeSegmentation1,141
1,1,0.1,tshap_centroid,tshap_train,0.0,0.0,0.10469314079422383,0.11320798489095352,0.18793612227524126,0,0,0.016540405005798675,0.16650685499917017,ToeSegmentation1,141
1,1,0.2,tshap_centroid,tshap_train,0.2087912087912088,0.34545454545454546,0.1299638989169675,0.3139716962817818,0.17701654940109213,0,0,0.016540405005798675,0.16650685499917017,ToeSegmentation1,141
1,1,0.05,tshap_centroid,mrsqm,0.0,0.0,0.37184115523465705,0.0734086415645645,0.024371475384351804,0,0,0.016540405005798675,2.7541995223145932e-05,ToeSegmentation1,141
1,1,0.1,tshap_centroid,mrsqm,0.0,0.0,0.34296028880866425,0.11320798489095352,0.017815322292709768,0,0,0.016540405005798675,2.7541995223145932e-05,ToeSegmentation1,141
1,1,0.2,tshap_centroid,mrsqm,0.0,0.0,0.34657039711191334,0.3139716962817818,0.008790011862804592,0,0,0.016540405005798675,2.7541995223145932e-05,ToeSegmentation1,141
1,1,0.05,tshap_zero,tshap_train,0.0,0.0,0.5487364620938628,0.1716824515438291,0.10939286197142728,0,0,0.018473617994459346,0.16650685499917017,ToeSegmentation1,141
1,1,0.1,tshap_zero,tshap_train,0.0,0.0,0.5342960288808665,0.10667205043144024,0.18793612227524126,0,0,0.018473617994459346,0.16650685499917017,ToeSegmentation1,141
1,1,0.2,tshap_zero,tshap_train,0.0,0.0,0.49097472924187724,0.33714412766118873,0.17701654940109213,0,0,0.018473617994459346,0.16650685499917017,ToeSegmentation1,141
1,1,0.05,tshap_zero,mrsqm,0.0,0.0,0.8050541516245487,0.1716824515438291,0.024371475384351804,0,0,0.018473617994459346,2.7541995223145932e-05,ToeSegmentation1,141
1,1,0.1,tshap_zero,mrsqm,0.0,0.0,0.7725631768953068,0.10667205043144024,0.017815322292709768,0,0,0.018473617994459346,2.7541995223145932e-05,ToeSegmentation1,141
1,1,0.2,tshap_zero,mrsqm,0.0,0.0,0.7075812274368231,0.33714412766118873,0.008790011862804592,0,0,0.018473617994459346,2.7541995223145932e-05,ToeSegmentation1,141
1,1,0.05,tshap_train,mrsqm,0.0,0.0,0.2563176895306859,0.10939286197142728,0.024371475384351804,0,0,0.16650685499917017,2.7541995223145932e-05,ToeSegmentation1,141
1,1,0.1,tshap_train,mrsqm,0.0,0.0,0.23826714801444043,0.18793612227524126,0.017815322292709768,0,0,0.16650685499917017,2.7541995223145932e-05,ToeSegmentation1,141
1,1,0.2,tshap_train,mrsqm,0.0,0.0,0.21660649819494585,0.17701654940109213,0.008790011862804592,0,0,0.16650685499917017,2.7541995223145932e-05,ToeSegmentation1,141
1,1,0.05,hydra,shapley_sampling,0.0,0.0,0.10830324909747292,0.010543109181804011,-0.06373682183351803,0,0,0.1471636570058763,1.0093570190001628,ToeSegmentation1,224
1,1,0.1,hydra,shapley_sampling,0.0,0.0,0.4620938628158845,0.0898551357873596,0.16590172270368642,0,0,0.1471636570058763,1.0093570190001628,ToeSegmentation1,224
1,1,0.2,hydra,shapley_sampling,0.0,0.0,0.3862815884476534,-0.14838269614838218,0.3182050148739741,0,0,0.1471636570058763,1.0093570190001628,ToeSegmentation1,224
1,1,0.05,hydra,feature_ablation,0.0,0.0,0.296028880866426,0.010543109181804011,-0.2435405149754496,0,0,0.1471636570058763,0.04310532299859915,ToeSegmentation1,224
1,1,0.1,hydra,feature_ablation,0.0,0.0,0.3104693140794224,0.0898551357873596,-0.21895080975608583,0,0,0.1471636570058763,0.04310532299859915,ToeSegmentation1,224
1,1,0.2,hydra,feature_ablation,0.25,0.4,0.11913357400722022,-0.14838269614838218,-0.26371110595972713,0,0,0.1471636570058763,0.04310532299859915,ToeSegmentation1,224
1,1,0.05,hydra,tshap_centroid,0.0,0.0,0.47653429602888087,0.010543109181804011,0.10031333720091506,0,0,0.1471636570058763,0.019804185998509638,ToeSegmentation1,224
1,1,0.1,hydra,tshap_centroid,0.0,0.0,0.4584837545126354,0.0898551357873596,0.18298782089922538,0,0,0.1471636570058763,0.019804185998509638,ToeSegmentation1,224
1,1,0.2,hydra,tshap_centroid,0.0,0.0,0.19855595667870035,-0.14838269614838218,-0.032323083211151626,0,0,0.1471636570058763,0.019804185998509638,ToeSegmentation1,224
1,1,0.05,hydra,tshap_zero,0.0,0.0,0.22021660649819494,0.010543109181804011,0.0026973417480842254,0,0,0.1471636570058763,0.018755930999759585,ToeSegmentation1,224
1,1,0.1,hydra,tshap_zero,0.0,0.0,0.23104693140794225,0.0898551357873596,0.28205292969042106,0,0,0.1471636570058763,0.018755930999759585,ToeSegmentation1,224
1,1,0.2,hydra,tshap_zero,0.0,0.0,0.4368231046931408,-0.14838269614838218,0.17540956546536868,0,0,0.1471636570058763,0.018755930999759585,ToeSegmentation1,224
1,1,0.05,hydra,tshap_train,0.0,0.0,0.2527075812274368,0.010543109181804011,0.14531508332291687,0,0,0.1471636570058763,0.1667964000007487,ToeSegmentation1,224
1,1,0.1,hydra,tshap_train,0.0,0.0,0.26353790613718414,0.0898551357873596,0.19091481782062558,0,0,0.1471636570058763,0.1667964000007487,ToeSegmentation1,224
1,1,0.2,hydra,tshap_train,0.0,0.0,0.4693140794223827,-0.14838269614838218,0.174568382501064,0,0,0.1471636570058763,0.1667964000007487,ToeSegmentation1,224
1,1,0.05,hydra,mrsqm,0.0,0.0,0.5487364620938628,0.010543109181804011,-0.032074929006216224,0,0,0.1471636570058763,2.5739005650393665e-05,ToeSegmentation1,224
1,1,0.1,hydra,mrsqm,0.0,0.0,0.5126353790613718,0.0898551357873596,0.057093083742507766,0,0,0.1471636570058763,2.5739005650393665e-05,ToeSegmentation1,224
1,1,0.2,hydra,mrsqm,0.0,0.0,0.27075812274368233,-0.14838269614838218,0.2704488351395067,0,0,0.1471636570058763,2.5739005650393665e-05,ToeSegmentation1,224
1,1,0.05,shapley_sampling,feature_ablation,0.0,0.0,0.4043321299638989,-0.06373682183351803,-0.2435405149754496,0,0,1.0093570190001628,0.04310532299859915,ToeSegmentation1,224
1,1,0.1,shapley_sampling,feature_ablation,0.0,0.0,0.15162454873646208,0.16590172270368642,-0.21895080975608583,0,0,1.0093570190001628,0.04310532299859915,ToeSegmentation1,224
1,1,0.2,shapley_sampling,feature_ablation,0.0,0.0,0.5054151624548736,0.3182050148739741,-0.26371110595972713,0,0,1.0093570190001628,0.04310532299859915,ToeSegmentation1,224
1,1,0.05,shapley_sampling,tshap_centroid,0.0,0.0,0.5848375451263538,-0.06373682183351803,0.10031333720091506,0,0,1.0093570190001628,0.019804185998509638,ToeSegmentation1,224
1,1,0.1,shapley_sampling,tshap_centroid,0.9310344827586207,0.9642857142857143,0.0036101083032490976,0.16590172270368642,0.18298782089922538,0,0,1.0093570190001628,0.019804185998509638,ToeSegmentation1,224
1,1,0.2,shapley_sampling,tshap_centroid,0.0,0.0,0.5848375451263538,0.3182050148739741,-0.032323083211151626,0,0,1.0093570190001628,0.019804185998509638,ToeSegmentation1,224
1,1,0.05,shapley_sampling,tshap_zero,0.0,0.0,0.11191335740072202,-0.06373682183351803,0.0026973417480842254,0,0,1.0093570190001628,0.018755930999759585,ToeSegmentation1,224
1,1,0.1,shapley_sampling,tshap_zero,0.0,0.0,0.6931407942238267,0.16590172270368642,0.28205292969042106,0,0,1.0093570190001628,0.018755930999759585,ToeSegmentation1,224
1,1,0.2,shapley_sampling,tshap_zero,0.5942028985507246,0.7454545454545455,0.05054151624548736,0.3182050148739741,0.17540956546536868,0,0,1.0093570190001628,0.018755930999759585,ToeSegmentation1,224
1,1,0.05,shapley_sampling,tshap_train,0.0,0.0,0.1444043321299639,-0.06373682183351803,0.14531508332291687,0,0,1.0093570190001628,0.1667964000007487,ToeSegmentation1,224
1,1,0.1,shapley_sampling,tshap_train,0.0,0.0,0.7256317689530686,0.16590172270368642,0.19091481782062558,0,0,1.0093570190001628,0.1667964000007487,ToeSegmentation1,224
1,1,0.2,shapley_sampling,tshap_train,0.41025641025641024,0.5818181818181818,0.08303249097472924,0.3182050148739741,0.174568382501064,0,0,1.0093570190001628,0.1667964000007487,ToeSegmentation1,224
1,1,0.05,shapley_sampling,mrsqm,0.0,0.0,0.6570397111913358,-0.06373682183351803,-0.032074929006216224,0,0,1.0093570190001628,2.5739005650393665e-05,ToeSegmentation1,224
1,1,0.1,shapley_sampling,mrsqm,0.3333333333333333,0.5,0.05054151624548736,0.16590172270368642,0.057093083742507766,0,0,1.0093570190001628,2.5739005650393665e-05,ToeSegmentation1,224
1,1,0.2,shapley_sampling,mrsqm,0.0,0.0,0.6570397111913358,0.3182050148739741,0.2704488351395067,0,0,1.0093570190001628,2.5739005650393665e-05,ToeSegmentation1,224
1,1,0.05,feature_ablation,tshap_centroid,0.0,0.0,0.18050541516245489,-0.2435405149754496,0.10031333720091506,0,0,0.04310532299859915,0.019804185998509638,ToeSegmentation1,224
1,1,0.1,feature_ablation,tshap_centroid,0.0,0.0,0.148014440433213,-0.21895080975608583,0.18298782089922538,0,0,0.04310532299859915,0.019804185998509638,ToeSegmentation1,224
1,1,0.2,feature_ablation,tshap_centroid,0.42857142857142855,0.6,0.07942238267148015,-0.26371110595972713,-0.032323083211151626,0,0,0.04310532299859915,0.019804185998509638,ToeSegmentation1,224
1,1,0.05,feature_ablation,tshap_zero,0.0,0.0,0.516245487364621,-0.2435405149754496,0.0026973417480842254,0,0,0.04310532299859915,0.018755930999759585,ToeSegmentation1,224
1,1,0.1,feature_ablation,tshap_zero,0.0,0.0,0.5415162454873647,-0.21895080975608583,0.28205292969042106,0,0,0.04310532299859915,0.018755930999759585,ToeSegmentation1,224
1,1,0.2,feature_ablation,tshap_zero,0.0,0.0,0.555956678700361,-0.26371110595972713,0.17540956546536868,0,0,0.04310532299859915,0.018755930999759585,ToeSegmentation1,224
1,1,0.05,feature_ablation,tshap_train,0.0,0.0,0.5487364620938628,-0.2435405149754496,0.14531508332291687,0,0,0.04310532299859915,0.1667964000007487,ToeSegmentation1,224
1,1,0.1,feature_ablation,tshap_train,0.0,0.0,0.5740072202166066,-0.21895080975608583,0.19091481782062558,0,0,0.04310532299859915,0.1667964000007487,ToeSegmentation1,224
1,1,0.2,feature_ablation,tshap_train,0.0,0.0,0.5884476534296029,-0.26371110595972713,0.174568382501064,0,0,0.04310532299859915,0.1667964000007487,ToeSegmentation1,224
1,1,0.05,feature_ablation,mrsqm,0.0,0.0,0.2527075812274368,-0.2435405149754496,-0.032074929006216224,0,0,0.04310532299859915,2.5739005650393665e-05,ToeSegmentation1,224
1,1,0.1,feature_ablation,mrsqm,0.0,0.0,0.20216606498194944,-0.21895080975608583,0.057093083742507766,0,0,0.04310532299859915,2.5739005650393665e-05,ToeSegmentation1,224
1,1,0.2,feature_ablation,mrsqm,0.13402061855670103,0.23636363636363636,0.15162454873646208,-0.26371110595972713,0.2704488351395067,0,0,0.04310532299859915,2.5739005650393665e-05,ToeSegmentation1,224
1,1,0.05,tshap_centroid,tshap_zero,0.0,0.0,0.6967509025270758,0.10031333720091506,0.0026973417480842254,0,0,0.019804185998509638,0.018755930999759585,ToeSegmentation1,224
1,1,0.1,tshap_centroid,tshap_zero,0.0,0.0,0.6895306859205776,0.18298782089922538,0.28205292969042106,0,0,0.019804185998509638,0.018755930999759585,ToeSegmentation1,224
1,1,0.2,tshap_centroid,tshap_zero,0.0,0.0,0.6353790613718412,-0.032323083211151626,0.17540956546536868,0,0,0.019804185998509638,0.018755930999759585,ToeSegmentation1,224
1,1,0.05,tshap_centroid,tshap_train,0.0,0.0,0.7292418772563177,0.10031333720091506,0.14531508332291687,0,0,0.019804185998509638,0.1667964000007487,ToeSegmentation1,224
1,1,0.1,tshap_centroid,tshap_train,0.0,0.0,0.7220216606498195,0.18298782089922538,0.19091481782062558,0,0,0.019804185998509638,0.1667964000007487,ToeSegmentation1,224
1,1,0.2,tshap_centroid,tshap_train,0.0,0.0,0.6678700361010831,-0.032323083211151626,0.174568382501064,0,0,0.019804185998509638,0.1667964000007487,ToeSegmentation1,224
1,1,0.05,tshap_centroid,mrsqm,0.0,0.0,0.07220216606498195,0.10031333720091506,-0.032074929006216224,0,0,0.019804185998509638,2.5739005650393665e-05,ToeSegmentation1,224
1,1,0.1,tshap_centroid,mrsqm,0.3023255813953488,0.4642857142857143,0.05415162454873646,0.18298782089922538,0.057093083742507766,0,0,0.019804185998509638,2.5739005650393665e-05,ToeSegmentation1,224
1,1,0.2,tshap_centroid,mrsqm,0.4666666666666667,0.6363636363636364,0.07220216606498195,-0.032323083211151626,0.2704488351395067,0,0,0.019804185998509638,2.5739005650393665e-05,ToeSegmentation1,224
1,1,0.05,tshap_zero,tshap_train,0.21739130434782608,0.35714285714285715,0.032490974729241874,0.0026973417480842254,0.14531508332291687,0,0,0.018755930999759585,0.1667964000007487,ToeSegmentation1,224
1,1,0.1,tshap_zero,tshap_train,0.5135135135135135,0.6785714285714286,0.032490974729241874,0.28205292969042106,0.19091481782062558,0,0,0.018755930999759585,0.1667964000007487,ToeSegmentation1,224
1,1,0.2,tshap_zero,tshap_train,0.71875,0.8363636363636363,0.032490974729241874,0.17540956546536868,0.174568382501064,0,0,0.018755930999759585,0.1667964000007487,ToeSegmentation1,224
1,1,0.05,tshap_zero,mrsqm,0.0,0.0,0.7689530685920578,0.0026973417480842254,-0.032074929006216224,0,0,0.018755930999759585,2.5739005650393665e-05,ToeSegmentation1,224
1,1,0.1,tshap_zero,mrsqm,0.0,0.0,0.7436823104693141,0.28205292969042106,0.057093083742507766,0,0,0.018755930999759585,2.5739005650393665e-05,ToeSegmentation1,224
1,1,0.2,tshap_zero,mrsqm,0.0,0.0,0.7075812274368231,0.17540956546536868,0.2704488351395067,0,0,0.018755930999759585,2.5739005650393665e-05,ToeSegmentation1,224
1,1,0.05,tshap_train,mrsqm,0.0,0.0,0.8014440433212996,0.14531508332291687,-0.032074929006216224,0,0,0.1667964000007487,2.5739005650393665e-05,ToeSegmentation1,224
1,1,0.1,tshap_train,mrsqm,0.0,0.0,0.776173285198556,0.19091481782062558,0.057093083742507766,0,0,0.1667964000007487,2.5739005650393665e-05,ToeSegmentation1,224
1,1,0.2,tshap_train,mrsqm,0.0,0.0,0.740072202166065,0.174568382501064,0.2704488351395067,0,0,0.1667964000007487,2.5739005650393665e-05,ToeSegmentation1,224
0,0,0.05,hydra,shapley_sampling,0.0,0.0,0.061371841155234655,0.13721162136379905,0.4797488885698902,0,1,0.14769356599572347,1.0050075410035788,ToeSegmentation1,94
0,0,0.1,hydra,shapley_sampling,0.75,0.8571428571428571,0.01444043321299639,0.3867083336595756,0.46863860993145534,0,1,0.14769356599572347,1.0050075410035788,ToeSegmentation1,94
0,0,0.2,hydra,shapley_sampling,0.864406779661017,0.9272727272727272,0.01444043321299639,0.40151160184581963,0.35451593580301966,0,0,0.14769356599572347,1.0050075410035788,ToeSegmentation1,94
0,0,0.05,hydra,feature_ablation,0.0,0.0,0.061371841155234655,0.13721162136379905,0.4797488922506275,0,1,0.14769356599572347,0.04257681699527893,ToeSegmentation1,94
0,0,0.1,hydra,feature_ablation,0.75,0.8571428571428571,0.01444043321299639,0.3867083336595756,0.4686386139577299,0,1,0.14769356599572347,0.04257681699527893,ToeSegmentation1,94
0,0,0.2,hydra,feature_ablation,0.6923076923076923,0.8181818181818182,0.036101083032490974,0.40151160184581963,0.44381785778178257,0,0,0.14769356599572347,0.04257681699527893,ToeSegmentation1,94
0,0,0.05,hydra,tshap_centroid,0.0,0.0,0.35379061371841153,0.13721162136379905,0.39758226771833055,0,0,0.14769356599572347,0.0161314439974376,ToeSegmentation1,94
0,0,0.1,hydra,tshap_centroid,0.0,0.0,0.33212996389891697,0.3867083336595756,0.39093044463506377,0,0,0.14769356599572347,0.0161314439974376,ToeSegmentation1,94
0,0,0.2,hydra,tshap_centroid,0.0,0.0,0.2815884476534296,0.40151160184581963,0.2670304116950103,0,0,0.14769356599572347,0.0161314439974376,ToeSegmentation1,94
0,0,0.05,hydra,tshap_zero,0.0,0.0,0.08303249097472924,0.13721162136379905,0.00332363992496304,0,0,0.14769356599572347,0.019076435004535597,ToeSegmentation1,94
0,0,0.1,hydra,tshap_zero,0.0,0.0,0.17328519855595667,0.3867083336595756,-0.0344463687654763,0,0,0.14769356599572347,0.019076435004535597,ToeSegmentation1,94
0,0,0.2,hydra,tshap_zero,0.0,0.0,0.4223826714801444,0.40151160184581963,-0.023842875527168073,0,0,0.14769356599572347,0.019076435004535597,ToeSegmentation1,94
0,0,0.05,hydra,tshap_train,0.0,0.0,0.36101083032490977,0.13721162136379905,0.4073014247785687,0,0,0.14769356599572347,0.16468189500301378,ToeSegmentation1,94
0,0,0.1,hydra,tshap_train,0.6470588235294118,0.7857142857142857,0.021660649819494584,0.3867083336595756,0.44003131679695573,0,0,0.14769356599572347,0.16468189500301378,ToeSegmentation1,94
0,0,0.2,hydra,tshap_train,0.71875,0.8363636363636363,0.032490974729241874,0.40151160184581963,0.43627729573809154,0,0,0.14769356599572347,0.16468189500301378,ToeSegmentation1,94
0,0,0.05,hydra,mrsqm,0.0,0.0,0.1407942238267148,0.13721162136379905,0.008707782892337923,0,0,0.14769356599572347,2.6229994546156377e-05,ToeSegmentation1,94
0,0,0.1,hydra,mrsqm,0.0,0.0,0.1371841155234657,0.3867083336595756,-0.06971630530873657,0,0,0.14769356599572347,2.6229994546156377e-05,ToeSegmentation1,94
0,0,0.2,hydra,mrsqm,0.1702127659574468,0.2909090909090909,0.1407942238267148,0.40151160184581963,0.04046175314499001,0,0,0.14769356599572347,2.6229994546156377e-05,ToeSegmentation1,94
0,0,0.05,shapley_sampling,feature_ablation,1.0,1.0,0.0,0.4797488885698902,0.4797488922506275,1,1,1.0050075410035788,0.04257681699527893,ToeSegmentation1,94
0,0,0.1,shapley_sampling,feature_ablation,1.0,1.0,0.0,0.46863860993145534,0.4686386139577299,1,1,1.0050075410035788,0.04257681699527893,ToeSegmentation1,94
0,0,0.2,shapley_sampling,feature_ablation,0.5942028985507246,0.7454545454545455,0.05054151624548736,0.35451593580301966,0.44381785778178257,0,0,1.0050075410035788,0.04257681699527893,ToeSegmentation1,94
0,0,0.05,shapley_sampling,tshap_centroid,0.0,0.0,0.2924187725631769,0.4797488885698902,0.39758226771833055,1,0,1.0050075410035788,0.0161314439974376,ToeSegmentation1,94
0,0,0.1,shapley_sampling,tshap_centroid,0.0,0.0,0.3176895306859206,0.46863860993145534,0.39093044463506377,1,0,1.0050075410035788,0.0161314439974376,ToeSegmentation1,94
0,0,0.2,shapley_sampling,tshap_centroid,0.0,0.0,0.26714801444043323,0.35451593580301966,0.2670304116950103,0,0,1.0050075410035788,0.0161314439974376,ToeSegmentation1,94
0,0,0.05,shapley_sampling,tshap_zero,0.0,0.0,0.1444043321299639,0.4797488885698902,0.00332363992496304,1,0,1.0050075410035788,0.019076435004535597,ToeSegmentation1,94
0,0,0.1,shapley_sampling,tshap_zero,0.0,0.0,0.1588447653429603,0.46863860993145534,-0.0344463687654763,1,0,1.0050075410035788,0.019076435004535597,ToeSegmentation1,94
0,0,0.2,shapley_sampling,tshap_zero,0.0,0.0,0.40794223826714804,0.35451593580301966,-0.023842875527168073,0,0,1.0050075410035788,0.019076435004535597,ToeSegmentation1,94
0,0,0.05,shapley_sampling,tshap_train,0.0,0.0,0.2996389891696751,0.4797488885698902,0.4073014247785687,1,0,1.0050075410035788,0.16468189500301378,ToeSegmentation1,94
0,0,0.1,shapley_sampling,tshap_train,0.8666666666666667,0.9285714285714286,0.007220216606498195,0.46863860993145534,0.44003131679695573,1,0,1.0050075410035788,0.16468189500301378,ToeSegmentation1,94
0,0,0.2,shapley_sampling,tshap_train,0.6176470588235294,0.7636363636363637,0.04693140794223827,0.35451593580301966,0.43627729573809154,0,0,1.0050075410035788,0.16468189500301378,ToeSegmentation1,94
0,0,0.05,shapley_sampling,mrsqm,0.0,0.0,0.20216606498194944,0.4797488885698902,0.008707782892337923,1,0,1.0050075410035788,2.6229994546156377e-05,ToeSegmentation1,94
0,0,0.1,shapley_sampling,mrsqm,0.0,0.0,0.15162454873646208,0.46863860993145534,-0.06971630530873657,1,0,1.0050075410035788,2.6229994546156377e-05,ToeSegmentation1,94
0,0,0.2,shapley_sampling,mrsqm,0.12244897959183673,0.21818181818181817,0.1552346570397112,0.35451593580301966,0.04046175314499001,0,0,1.0050075410035788,2.6229994546156377e-05,ToeSegmentation1,94
0,0,0.05,feature_ablation,tshap_centroid,0.0,0.0,0.2924187725631769,0.4797488922506275,0.39758226771833055,1,0,0.04257681699527893,0.0161314439974376,ToeSegmentation1,94
0,0,0.1,feature_ablation,tshap_centroid,0.0,0.0,0.3176895306859206,0.4686386139577299,0.39093044463506377,1,0,0.04257681699527893,0.0161314439974376,ToeSegmentation1,94
0,0,0.2,feature_ablation,tshap_centroid,0.0,0.0,0.3176895306859206,0.44381785778178257,0.2670304116950103,0,0,0.04257681699527893,0.0161314439974376,ToeSegmentation1,94
0,0,0.05,feature_ablation,tshap_zero,0.0,0.0,0.1444043321299639,0.4797488922506275,0.00332363992496304,1,0,0.04257681699527893,0.019076435004535597,ToeSegmentation1,94
0,0,0.1,feature_ablation,tshap_zero,0.0,0.0,0.1588447653429603,0.4686386139577299,-0.0344463687654763,1,0,0.04257681699527893,0.019076435004535597,ToeSegmentation1,94
0,0,0.2,feature_ablation,tshap_zero,0.0,0.0,0.4584837545126354,0.44381785778178257,-0.023842875527168073,0,0,0.04257681699527893,0.019076435004535597,ToeSegmentation1,94
0,0,0.05,feature_ablation,tshap_train,0.0,0.0,0.2996389891696751,0.4797488922506275,0.4073014247785687,1,0,0.04257681699527893,0.16468189500301378,ToeSegmentation1,94
0,0,0.1,feature_ablation,tshap_train,0.8666666666666667,0.9285714285714286,0.007220216606498195,0.4686386139577299,0.44003131679695573,1,0,0.04257681699527893,0.16468189500301378,ToeSegmentation1,94
0,0,0.2,feature_ablation,tshap_train,0.9642857142857143,0.9818181818181818,0.0036101083032490976,0.44381785778178257,0.43627729573809154,0,0,0.04257681699527893,0.16468189500301378,ToeSegmentation1,94
0,0,0.05,feature_ablation,mrsqm,0.0,0.0,0.20216606498194944,0.4797488922506275,0.008707782892337923,1,0,0.04257681699527893,2.6229994546156377e-05,ToeSegmentation1,94
0,0,0.1,feature_ablation,mrsqm,0.0,0.0,0.15162454873646208,0.4686386139577299,-0.06971630530873657,1,0,0.04257681699527893,2.6229994546156377e-05,ToeSegmentation1,94
0,0,0.2,feature_ablation,mrsqm,0.30952380952380953,0.4727272727272727,0.10469314079422383,0.44381785778178257,0.04046175314499001,0,0,0.04257681699527893,2.6229994546156377e-05,ToeSegmentation1,94
0,0,0.05,tshap_centroid,tshap_zero,0.0,0.0,0.4368231046931408,0.39758226771833055,0.00332363992496304,0,0,0.0161314439974376,0.019076435004535597,ToeSegmentation1,94
0,0,0.1,tshap_centroid,tshap_zero,0.0,0.0,0.1588447653429603,0.39093044463506377,-0.0344463687654763,0,0,0.0161314439974376,0.019076435004535597,ToeSegmentation1,94
0,0,0.2,tshap_centroid,tshap_zero,0.1702127659574468,0.2909090909090909,0.1407942238267148,0.2670304116950103,-0.023842875527168073,0,0,0.0161314439974376,0.019076435004535597,ToeSegmentation1,94
0,0,0.05,tshap_centroid,tshap_train,0.75,0.8571428571428571,0.007220216606498195,0.39758226771833055,0.4073014247785687,0,0,0.0161314439974376,0.16468189500301378,ToeSegmentation1,94
0,0,0.1,tshap_centroid,tshap_train,0.0,0.0,0.3104693140794224,0.39093044463506377,0.44003131679695573,0,0,0.0161314439974376,0.16468189500301378,ToeSegmentation1,94
0,0,0.2,tshap_centroid,tshap_train,0.0,0.0,0.3140794223826715,0.2670304116950103,0.43627729573809154,0,0,0.0161314439974376,0.16468189500301378,ToeSegmentation1,94
0,0,0.05,tshap_centroid,mrsqm,0.0,0.0,0.49458483754512633,0.39758226771833055,0.008707782892337923,0,0,0.0161314439974376,2.6229994546156377e-05,ToeSegmentation1,94
0,0,0.1,tshap_centroid,mrsqm,0.0,0.0,0.4693140794223827,0.39093044463506377,-0.06971630530873657,0,0,0.0161314439974376,2.6229994546156377e-05,ToeSegmentation1,94
0,0,0.2,tshap_centroid,mrsqm,0.0,0.0,0.4223826714801444,0.2670304116950103,0.04046175314499001,0,0,0.0161314439974376,2.6229994546156377e-05,ToeSegmentation1,94
0,0,0.05,tshap_zero,tshap_train,0.0,0.0,0.44404332129963897,0.00332363992496304,0.4073014247785687,0,0,0.019076435004535597,0.16468189500301378,ToeSegmentation1,94
0,0,0.1,tshap_zero,tshap_train,0.0,0.0,0.15162454873646208,-0.0344463687654763,0.44003131679695573,0,0,0.019076435004535597,0.16468189500301378,ToeSegmentation1,94
0,0,0.2,tshap_zero,tshap_train,0.0,0.0,0.4548736462093863,-0.023842875527168073,0.43627729573809154,0,0,0.019076435004535597,0.16468189500301378,ToeSegmentation1,94
0,0,0.05,tshap_zero,mrsqm,0.0,0.0,0.05776173285198556,0.00332363992496304,0.008707782892337923,0,0,0.019076435004535597,2.6229994546156377e-05,ToeSegmentation1,94
0,0,0.1,tshap_zero,mrsqm,0.0,0.0,0.3104693140794224,-0.0344463687654763,-0.06971630530873657,0,0,0.019076435004535597,2.6229994546156377e-05,ToeSegmentation1,94
0,0,0.2,tshap_zero,mrsqm,0.0,0.0,0.5631768953068592,-0.023842875527168073,0.04046175314499001,0,0,0.019076435004535597,2.6229994546156377e-05,ToeSegmentation1,94
0,0,0.05,tshap_train,mrsqm,0.0,0.0,0.5018050541516246,0.4073014247785687,0.008707782892337923,0,0,0.16468189500301378,2.6229994546156377e-05,ToeSegmentation1,94
0,0,0.1,tshap_train,mrsqm,0.0,0.0,0.1588447653429603,0.44003131679695573,-0.06971630530873657,0,0,0.16468189500301378,2.6229994546156377e-05,ToeSegmentation1,94
0,0,0.2,tshap_train,mrsqm,0.29411764705882354,0.45454545454545453,0.10830324909747292,0.43627729573809154,0.04046175314499001,0,0,0.16468189500301378,2.6229994546156377e-05,ToeSegmentation1,94
1,1,0.05,hydra,shapley_sampling,0.0,0.0,0.4729241877256318,0.009277291769856144,0.0889627061851781,0,0,0.14674748299876228,0.9949701529985759,ToeSegmentation1,214
1,1,0.1,hydra,shapley_sampling,0.0,0.0,0.516245487364621,0.033417810139153015,0.1523629249024876,0,0,0.14674748299876228,0.9949701529985759,ToeSegmentation1,214
1,1,0.2,hydra,shapley_sampling,0.0,0.0,0.5740072202166066,0.111375397645331,0.17361343187398037,0,0,0.14674748299876228,0.9949701529985759,ToeSegmentation1,214
1,1,0.05,hydra,feature_ablation,0.0,0.0,0.6173285198555957,0.009277291769856144,-0.09362621972247476,0,0,0.14674748299876228,0.04298992600524798,ToeSegmentation1,214
1,1,0.1,hydra,feature_ablation,0.0,0.0,0.5631768953068592,0.033417810139153015,0.05674831001161795,0,0,0.14674748299876228,0.04298992600524798,ToeSegmentation1,214
1,1,0.2,hydra,feature_ablation,0.0,0.0,0.5703971119133574,0.111375397645331,0.12189788345282304,0,0,0.14674748299876228,0.04298992600524798,ToeSegmentation1,214
1,1,0.05,hydra,tshap_centroid,0.0,0.0,0.24548736462093862,0.009277291769856144,-0.09048097962275226,0,0,0.14674748299876228,0.019752489002712537,ToeSegmentation1,214
1,1,0.1,hydra,tshap_centroid,0.0,0.0,0.22021660649819494,0.033417810139153015,-0.07474284527227493,0,0,0.14674748299876228,0.019752489002712537,ToeSegmentation1,214
1,1,0.2,hydra,tshap_centroid,0.0,0.0,0.21299638989169675,0.111375397645331,0.0015670756701939847,0,0,0.14674748299876228,0.019752489002712537,ToeSegmentation1,214
1,1,0.05,hydra,tshap_zero,0.0,0.0,0.5054151624548736,0.009277291769856144,0.0284900754762476,0,0,0.14674748299876228,0.01890514099795837,ToeSegmentation1,214
1,1,0.1,hydra,tshap_zero,0.0,0.0,0.4729241877256318,0.033417810139153015,0.09350326678355414,0,0,0.14674748299876228,0.01890514099795837,ToeSegmentation1,214
1,1,0.2,hydra,tshap_zero,0.0,0.0,0.51985559566787,0.111375397645331,0.05170641490763572,0,0,0.14674748299876228,0.01890514099795837,ToeSegmentation1,214
1,1,0.05,hydra,tshap_train,0.0,0.0,0.5451263537906137,0.009277291769856144,0.19633185042766965,0,0,0.14674748299876228,0.1682959669997217,ToeSegmentation1,214
1,1,0.1,hydra,tshap_train,0.0,0.0,0.51985559566787,0.033417810139153015,0.07153338548875898,0,0,0.14674748299876228,0.1682959669997217,ToeSegmentation1,214
1,1,0.2,hydra,tshap_train,0.0,0.0,0.5667870036101083,0.111375397645331,0.1400698846736188,0,0,0.14674748299876228,0.1682959669997217,ToeSegmentation1,214
1,1,0.05,hydra,mrsqm,0.0,0.0,0.2851985559566787,0.009277291769856144,0.06146333921717506,0,0,0.14674748299876228,3.052700049011037e-05,ToeSegmentation1,214
1,1,0.1,hydra,mrsqm,0.0,0.0,0.2888086642599278,0.033417810139153015,-0.0045794727363766,0,0,0.14674748299876228,3.052700049011037e-05,ToeSegmentation1,214
1,1,0.2,hydra,mrsqm,0.03773584905660377,0.07272727272727272,0.18411552346570398,0.111375397645331,0.14590278974898663,0,0,0.14674748299876228,3.052700049011037e-05,ToeSegmentation1,214
1,1,0.05,shapley_sampling,feature_ablation,0.0,0.0,0.1444043321299639,0.0889627061851781,-0.09362621972247476,0,0,0.9949701529985759,0.04298992600524798,ToeSegmentation1,214
1,1,0.1,shapley_sampling,feature_ablation,0.36585365853658536,0.5357142857142857,0.04693140794223827,0.1523629249024876,0.05674831001161795,0,0,0.9949701529985759,0.04298992600524798,ToeSegmentation1,214
1,1,0.2,shapley_sampling,feature_ablation,0.9642857142857143,0.9818181818181818,0.0036101083032490976,0.17361343187398037,0.12189788345282304,0,0,0.9949701529985759,0.04298992600524798,ToeSegmentation1,214
1,1,0.05,shapley_sampling,tshap_centroid,0.0,0.0,0.22743682310469315,0.0889627061851781,-0.09048097962275226,0,0,0.9949701529985759,0.019752489002712537,ToeSegmentation1,214
1,1,0.1,shapley_sampling,tshap_centroid,0.0,0.0,0.296028880866426,0.1523629249024876,-0.07474284527227493,0,0,0.9949701529985759,0.019752489002712537,ToeSegmentation1,214
1,1,0.2,shapley_sampling,tshap_centroid,0.0,0.0,0.36101083032490977,0.17361343187398037,0.0015670756701939847,0,0,0.9949701529985759,0.019752489002712537,ToeSegmentation1,214
1,1,0.05,shapley_sampling,tshap_zero,0.21739130434782608,0.35714285714285715,0.032490974729241874,0.0889627061851781,0.0284900754762476,0,0,0.9949701529985759,0.01890514099795837,ToeSegmentation1,214
1,1,0.1,shapley_sampling,tshap_zero,0.4,0.5714285714285714,0.04332129963898917,0.1523629249024876,0.09350326678355414,0,0,0.9949701529985759,0.01890514099795837,ToeSegmentation1,214
1,1,0.2,shapley_sampling,tshap_zero,0.5714285714285714,0.7272727272727273,0.05415162454873646,0.17361343187398037,0.05170641490763572,0,0,0.9949701529985759,0.01890514099795837,ToeSegmentation1,214
1,1,0.05,shapley_sampling,tshap_train,0.0,0.0,0.07220216606498195,0.0889627061851781,0.19633185042766965,0,0,0.9949701529985759,0.1682959669997217,ToeSegmentation1,214
1,1,0.1,shapley_sampling,tshap_train,0.9310344827586207,0.9642857142857143,0.0036101083032490976,0.1523629249024876,0.07153338548875898,0,0,0.9949701529985759,0.1682959669997217,ToeSegmentation1,214
1,1,0.2,shapley_sampling,tshap_train,0.9298245614035088,0.9636363636363636,0.007220216606498195,0.17361343187398037,0.1400698846736188,0,0,0.9949701529985759,0.1682959669997217,ToeSegmentation1,214
1,1,0.05,shapley_sampling,mrsqm,0.0,0.0,0.7581227436823105,0.0889627061851781,0.06146333921717506,0,0,0.9949701529985759,3.052700049011037e-05,ToeSegmentation1,214
1,1,0.1,shapley_sampling,mrsqm,0.0,0.0,0.8050541516245487,0.1523629249024876,-0.0045794727363766,0,0,0.9949701529985759,3.052700049011037e-05,ToeSegmentation1,214
1,1,0.2,shapley_sampling,mrsqm,0.0,0.0,0.7581227436823105,0.17361343187398037,0.14590278974898663,0,0,0.9949701529985759,3.052700049011037e-05,ToeSegmentation1,214
1,1,0.05,feature_ablation,tshap_centroid,0.0,0.0,0.37184115523465705,-0.09362621972247476,-0.09048097962275226,0,0,0.04298992600524798,0.019752489002712537,ToeSegmentation1,214
1,1,0.1,feature_ablation,tshap_centroid,0.0,0.0,0.34296028880866425,0.05674831001161795,-0.07474284527227493,0,0,0.04298992600524798,0.019752489002712537,ToeSegmentation1,214
1,1,0.2,feature_ablation,tshap_centroid,0.0,0.0,0.3574007220216607,0.12189788345282304,0.0015670756701939847,0,0,0.04298992600524798,0.019752489002712537,ToeSegmentation1,214
1,1,0.05,feature_ablation,tshap_zero,0.0,0.0,0.11191335740072202,-0.09362621972247476,0.0284900754762476,0,0,0.04298992600524798,0.01890514099795837,ToeSegmentation1,214
1,1,0.1,feature_ablation,tshap_zero,0.05660377358490566,0.10714285714285714,0.09025270758122744,0.05674831001161795,0.09350326678355414,0,0,0.04298992600524798,0.01890514099795837,ToeSegmentation1,214
1,1,0.2,feature_ablation,tshap_zero,0.5942028985507246,0.7454545454545455,0.05054151624548736,0.12189788345282304,0.05170641490763572,0,0,0.04298992600524798,0.01890514099795837,ToeSegmentation1,214
1,1,0.05,feature_ablation,tshap_train,0.0,0.0,0.07220216606498195,-0.09362621972247476,0.19633185042766965,0,0,0.04298992600524798,0.1682959669997217,ToeSegmentation1,214
1,1,0.1,feature_ablation,tshap_train,0.4,0.5714285714285714,0.04332129963898917,0.05674831001161795,0.07153338548875898,0,0,0.04298992600524798,0.1682959669997217,ToeSegmentation1,214
1,1,0.2,feature_ablation,tshap_train,0.9642857142857143,0.9818181818181818,0.0036101083032490976,0.12189788345282304,0.1400698846736188,0,0,0.04298992600524798,0.1682959669997217,ToeSegmentation1,214
1,1,0.05,feature_ablation,mrsqm,0.0,0.0,0.9025270758122743,-0.09362621972247476,0.06146333921717506,0,0,0.04298992600524798,3.052700049011037e-05,ToeSegmentation1,214
1,1,0.1,feature_ablation,mrsqm,0.0,0.0,0.851985559566787,0.05674831001161795,-0.0045794727363766,0,0,0.04298992600524798,3.052700049011037e-05,ToeSegmentation1,214
1,1,0.2,feature_ablation,mrsqm,0.0,0.0,0.7545126353790613,0.12189788345282304,0.14590278974898663,0,0,0.04298992600524798,3.052700049011037e-05,ToeSegmentation1,214
1,1,0.05,tshap_centroid,tshap_zero,0.0,0.0,0.259927797833935,-0.09048097962275226,0.0284900754762476,0,0,0.019752489002712537,0.01890514099795837,ToeSegmentation1,214
1,1,0.1,tshap_centroid,tshap_zero,0.0,0.0,0.2527075812274368,-0.07474284527227493,0.09350326678355414,0,0,0.019752489002712537,0.01890514099795837,ToeSegmentation1,214
1,1,0.2,tshap_centroid,tshap_zero,0.0,0.0,0.30685920577617326,0.0015670756701939847,0.05170641490763572,0,0,0.019752489002712537,0.01890514099795837,ToeSegmentation1,214
1,1,0.05,tshap_centroid,tshap_train,0.0,0.0,0.2996389891696751,-0.09048097962275226,0.19633185042766965,0,0,0.019752489002712537,0.1682959669997217,ToeSegmentation1,214
1,1,0.1,tshap_centroid,tshap_train,0.0,0.0,0.2996389891696751,-0.07474284527227493,0.07153338548875898,0,0,0.019752489002712537,0.1682959669997217,ToeSegmentation1,214
1,1,0.2,tshap_centroid,tshap_train,0.0,0.0,0.35379061371841153,0.0015670756701939847,0.1400698846736188,0,0,0.019752489002712537,0.1682959669997217,ToeSegmentation1,214
1,1,0.05,tshap_centroid,mrsqm,0.0,0.0,0.5306859205776173,-0.09048097962275226,0.06146333921717506,0,0,0.019752489002712537,3.052700049011037e-05,ToeSegmentation1,214
1,1,0.1,tshap_centroid,mrsqm,0.0,0.0,0.5090252707581228,-0.07474284527227493,-0.0045794727363766,0,0,0.019752489002712537,3.052700049011037e-05,ToeSegmentation1,214
1,1,0.2,tshap_centroid,mrsqm,0.0,0.0,0.3971119133574007,0.0015670756701939847,0.14590278974898663,0,0,0.019752489002712537,3.052700049011037e-05,ToeSegmentation1,214
1,1,0.05,tshap_zero,tshap_train,0.12,0.21428571428571427,0.039711191335740074,0.0284900754762476,0.19633185042766965,0,0,0.01890514099795837,0.1682959669997217,ToeSegmentation1,214
1,1,0.1,tshap_zero,tshap_train,0.36585365853658536,0.5357142857142857,0.04693140794223827,0.09350326678355414,0.07153338548875898,0,0,0.01890514099795837,0.1682959669997217,ToeSegmentation1,214
1,1,0.2,tshap_zero,tshap_train,0.6176470588235294,0.7636363636363637,0.04693140794223827,0.05170641490763572,0.1400698846736188,0,0,0.01890514099795837,0.1682959669997217,ToeSegmentation1,214
1,1,0.05,tshap_zero,mrsqm,0.0,0.0,0.7906137184115524,0.0284900754762476,0.06146333921717506,0,0,0.01890514099795837,3.052700049011037e-05,ToeSegmentation1,214
1,1,0.1,tshap_zero,mrsqm,0.0,0.0,0.7617328519855595,0.09350326678355414,-0.0045794727363766,0,0,0.01890514099795837,3.052700049011037e-05,ToeSegmentation1,214
1,1,0.2,tshap_zero,mrsqm,0.0,0.0,0.703971119133574,0.05170641490763572,0.14590278974898663,0,0,0.01890514099795837,3.052700049011037e-05,ToeSegmentation1,214
1,1,0.05,tshap_train,mrsqm,0.0,0.0,0.8303249097472925,0.19633185042766965,0.06146333921717506,0,0,0.1682959669997217,3.052700049011037e-05,ToeSegmentation1,214
1,1,0.1,tshap_train,mrsqm,0.0,0.0,0.8086642599277978,0.07153338548875898,-0.0045794727363766,0,0,0.1682959669997217,3.052700049011037e-05,ToeSegmentation1,214
1,1,0.2,tshap_train,mrsqm,0.0,0.0,0.7509025270758123,0.1400698846736188,0.14590278974898663,0,0,0.1682959669997217,3.052700049011037e-05,ToeSegmentation1,214
0,0,0.05,hydra,shapley_sampling,0.0,0.0,0.19855595667870035,0.238643594410481,0.45424630089664675,0,0,0.14774715700332308,1.0057046650035772,ToeSegmentation1,108
0,0,0.1,hydra,shapley_sampling,0.0,0.0,0.20216606498194944,0.24542920467555762,0.6845271489343984,0,1,0.14774715700332308,1.0057046650035772,ToeSegmentation1,108
0,0,0.2,hydra,shapley_sampling,0.5492957746478874,0.7090909090909091,0.05776173285198556,0.7071958446170314,0.5563686146042403,1,1,0.14774715700332308,1.0057046650035772,ToeSegmentation1,108
0,0,0.05,hydra,feature_ablation,0.0,0.0,0.2490974729241877,0.238643594410481,0.47919870655544544,0,0,0.14774715700332308,0.04436109000380384,ToeSegmentation1,108
0,0,0.1,hydra,feature_ablation,0.0,0.0,0.20216606498194944,0.24542920467555762,0.6845271494256797,0,1,0.14774715700332308,0.04436109000380384,ToeSegmentation1,108
0,0,0.2,hydra,feature_ablation,0.6666666666666666,0.8,0.039711191335740074,0.7071958446170314,0.7476600063660188,1,1,0.14774715700332308,0.04436109000380384,ToeSegmentation1,108
0,0,0.05,hydra,tshap_centroid,0.0,0.0,0.22382671480144403,0.238643594410481,0.679123974524919,0,1,0.14774715700332308,0.01680931200098712,ToeSegmentation1,108
0,0,0.1,hydra,tshap_centroid,0.0,0.0,0.20216606498194944,0.24542920467555762,0.6845271506510028,0,1,0.14774715700332308,0.01680931200098712,ToeSegmentation1,108
0,0,0.2,hydra,tshap_centroid,0.9298245614035088,0.9636363636363636,0.007220216606498195,0.7071958446170314,0.6862746527038952,1,1,0.14774715700332308,0.01680931200098712,ToeSegmentation1,108
0,0,0.05,hydra,tshap_zero,0.0,0.0,0.3285198555956679,0.238643594410481,-0.032248448870376256,0,0,0.14774715700332308,0.01870059600332752,ToeSegmentation1,108
0,0,0.1,hydra,tshap_zero,0.0,0.0,0.36101083032490977,0.24542920467555762,0.024917238574097555,0,0,0.14774715700332308,0.01870059600332752,ToeSegmentation1,108
0,0,0.2,hydra,tshap_zero,0.0,0.0,0.6064981949458483,0.7071958446170314,0.10226259866243015,1,0,0.14774715700332308,0.01870059600332752,ToeSegmentation1,108
0,0,0.05,hydra,tshap_train,0.0,0.0,0.22382671480144403,0.238643594410481,0.6791239725843137,0,1,0.14774715700332308,0.16911590199742932,ToeSegmentation1,108
0,0,0.1,hydra,tshap_train,0.0,0.0,0.20577617328519857,0.24542920467555762,0.6755909796456709,0,1,0.14774715700332308,0.16911590199742932,ToeSegmentation1,108
0,0,0.2,hydra,tshap_train,0.896551724137931,0.9454545454545454,0.010830324909747292,0.7071958446170314,0.6884536234081022,1,1,0.14774715700332308,0.16911590199742932,ToeSegmentation1,108
0,0,0.05,hydra,mrsqm,0.0,0.0,0.5090252707581228,0.238643594410481,0.06281879354092479,0,0,0.14774715700332308,2.4656997993588448e-05,ToeSegmentation1,108
0,0,0.1,hydra,mrsqm,0.0,0.0,0.5054151624548736,0.24542920467555762,0.07359383583619883,0,0,0.14774715700332308,2.4656997993588448e-05,ToeSegmentation1,108
0,0,0.2,hydra,mrsqm,0.0,0.0,0.6678700361010831,0.7071958446170314,-0.04860117630326821,1,0,0.14774715700332308,2.4656997993588448e-05,ToeSegmentation1,108
0,0,0.05,shapley_sampling,feature_ablation,0.0,0.0,0.05054151624548736,0.45424630089664675,0.47919870655544544,0,0,1.0057046650035772,0.04436109000380384,ToeSegmentation1,108
0,0,0.1,shapley_sampling,feature_ablation,1.0,1.0,0.0,0.6845271489343984,0.6845271494256797,1,1,1.0057046650035772,0.04436109000380384,ToeSegmentation1,108
0,0,0.2,shapley_sampling,feature_ablation,0.34146341463414637,0.509090909090909,0.09747292418772563,0.5563686146042403,0.7476600063660188,1,1,1.0057046650035772,0.04436109000380384,ToeSegmentation1,108
0,0,0.05,shapley_sampling,tshap_centroid,0.3333333333333333,0.5,0.02527075812274368,0.45424630089664675,0.679123974524919,0,1,1.0057046650035772,0.01680931200098712,ToeSegmentation1,108
0,0,0.1,shapley_sampling,tshap_centroid,1.0,1.0,0.0,0.6845271489343984,0.6845271506510028,1,1,1.0057046650035772,0.01680931200098712,ToeSegmentation1,108
0,0,0.2,shapley_sampling,tshap_centroid,0.5942028985507246,0.7454545454545455,0.05054151624548736,0.5563686146042403,0.6862746527038952,1,1,1.0057046650035772,0.01680931200098712,ToeSegmentation1,108
0,0,0.05,shapley_sampling,tshap_zero,0.0,0.0,0.5270758122743683,0.45424630089664675,-0.032248448870376256,0,0,1.0057046650035772,0.01870059600332752,ToeSegmentation1,108
0,0,0.1,shapley_sampling,tshap_zero,0.0,0.0,0.5631768953068592,0.6845271489343984,0.024917238574097555,1,0,1.0057046650035772,0.01870059600332752,ToeSegmentation1,108
0,0,0.2,shapley_sampling,tshap_zero,0.0,0.0,0.5487364620938628,0.5563686146042403,0.10226259866243015,1,0,1.0057046650035772,0.01870059600332752,ToeSegmentation1,108
0,0,0.05,shapley_sampling,tshap_train,0.3333333333333333,0.5,0.02527075812274368,0.45424630089664675,0.6791239725843137,0,1,1.0057046650035772,0.16911590199742932,ToeSegmentation1,108
0,0,0.1,shapley_sampling,tshap_train,0.9310344827586207,0.9642857142857143,0.0036101083032490976,0.6845271489343984,0.6755909796456709,1,1,1.0057046650035772,0.16911590199742932,ToeSegmentation1,108
0,0,0.2,shapley_sampling,tshap_train,0.6176470588235294,0.7636363636363637,0.04693140794223827,0.5563686146042403,0.6884536234081022,1,1,1.0057046650035772,0.16911590199742932,ToeSegmentation1,108
0,0,0.05,shapley_sampling,mrsqm,0.0,0.0,0.7075812274368231,0.45424630089664675,0.06281879354092479,0,0,1.0057046650035772,2.4656997993588448e-05,ToeSegmentation1,108
0,0,0.1,shapley_sampling,mrsqm,0.0,0.0,0.7075812274368231,0.6845271489343984,0.07359383583619883,1,0,1.0057046650035772,2.4656997993588448e-05,ToeSegmentation1,108
0,0,0.2,shapley_sampling,mrsqm,0.0,0.0,0.6101083032490975,0.5563686146042403,-0.04860117630326821,1,0,1.0057046650035772,2.4656997993588448e-05,ToeSegmentation1,108
0,0,0.05,feature_ablation,tshap_centroid,0.3333333333333333,0.5,0.02527075812274368,0.47919870655544544,0.679123974524919,0,1,0.04436109000380384,0.01680931200098712,ToeSegmentation1,108
0,0,0.1,feature_ablation,tshap_centroid,1.0,1.0,0.0,0.6845271494256797,0.6845271506510028,1,1,0.04436109000380384,0.01680931200098712,ToeSegmentation1,108
0,0,0.2,feature_ablation,tshap_centroid,0.6176470588235294,0.7636363636363637,0.04693140794223827,0.7476600063660188,0.6862746527038952,1,1,0.04436109000380384,0.01680931200098712,ToeSegmentation1,108
0,0,0.05,feature_ablation,tshap_zero,0.0,0.0,0.5776173285198556,0.47919870655544544,-0.032248448870376256,0,0,0.04436109000380384,0.01870059600332752,ToeSegmentation1,108
0,0,0.1,feature_ablation,tshap_zero,0.0,0.0,0.5631768953068592,0.6845271494256797,0.024917238574097555,1,0,0.04436109000380384,0.01870059600332752,ToeSegmentation1,108
0,0,0.2,feature_ablation,tshap_zero,0.0,0.0,0.6462093862815884,0.7476600063660188,0.10226259866243015,1,0,0.04436109000380384,0.01870059600332752,ToeSegmentation1,108
0,0,0.05,feature_ablation,tshap_train,0.3333333333333333,0.5,0.02527075812274368,0.47919870655544544,0.6791239725843137,0,1,0.04436109000380384,0.16911590199742932,ToeSegmentation1,108
0,0,0.1,feature_ablation,tshap_train,0.9310344827586207,0.9642857142857143,0.0036101083032490976,0.6845271494256797,0.6755909796456709,1,1,0.04436109000380384,0.16911590199742932,ToeSegmentation1,108
0,0,0.2,feature_ablation,tshap_train,0.5942028985507246,0.7454545454545455,0.05054151624548736,0.7476600063660188,0.6884536234081022,1,1,0.04436109000380384,0.16911590199742932,ToeSegmentation1,108
0,0,0.05,feature_ablation,mrsqm,0.0,0.0,0.7581227436823105,0.47919870655544544,0.06281879354092479,0,0,0.04436109000380384,2.4656997993588448e-05,ToeSegmentation1,108
0,0,0.1,feature_ablation,mrsqm,0.0,0.0,0.7075812274368231,0.6845271494256797,0.07359383583619883,1,0,0.04436109000380384,2.4656997993588448e-05,ToeSegmentation1,108
0,0,0.2,feature_ablation,mrsqm,0.0,0.0,0.7075812274368231,0.7476600063660188,-0.04860117630326821,1,0,0.04436109000380384,2.4656997993588448e-05,ToeSegmentation1,108
0,0,0.05,tshap_centroid,tshap_zero,0.0,0.0,0.5523465703971119,0.679123974524919,-0.032248448870376256,1,0,0.01680931200098712,0.01870059600332752,ToeSegmentation1,108
0,0,0.1,tshap_centroid,tshap_zero,0.0,0.0,0.5631768953068592,0.6845271506510028,0.024917238574097555,1,0,0.01680931200098712,0.01870059600332752,ToeSegmentation1,108
0,0,0.2,tshap_centroid,tshap_zero,0.0,0.0,0.5992779783393501,0.6862746527038952,0.10226259866243015,1,0,0.01680931200098712,0.01870059600332752,ToeSegmentation1,108
0,0,0.05,tshap_centroid,tshap_train,1.0,1.0,0.0,0.679123974524919,0.6791239725843137,1,1,0.01680931200098712,0.16911590199742932,ToeSegmentation1,108
0,0,0.1,tshap_centroid,tshap_train,0.9310344827586207,0.9642857142857143,0.0036101083032490976,0.6845271506510028,0.6755909796456709,1,1,0.01680931200098712,0.16911590199742932,ToeSegmentation1,108
0,0,0.2,tshap_centroid,tshap_train,0.9642857142857143,0.9818181818181818,0.0036101083032490976,0.6862746527038952,0.6884536234081022,1,1,0.01680931200098712,0.16911590199742932,ToeSegmentation1,108
0,0,0.05,tshap_centroid,mrsqm,0.0,0.0,0.7328519855595668,0.679123974524919,0.06281879354092479,1,0,0.01680931200098712,2.4656997993588448e-05,ToeSegmentation1,108
0,0,0.1,tshap_centroid,mrsqm,0.0,0.0,0.7075812274368231,0.6845271506510028,0.07359383583619883,1,0,0.01680931200098712,2.4656997993588448e-05,ToeSegmentation1,108
0,0,0.2,tshap_centroid,mrsqm,0.0,0.0,0.6606498194945848,0.6862746527038952,-0.04860117630326821,1,0,0.01680931200098712,2.4656997993588448e-05,ToeSegmentation1,108
0,0,0.05,tshap_zero,tshap_train,0.0,0.0,0.5523465703971119,-0.032248448870376256,0.6791239725843137,0,1,0.01870059600332752,0.16911590199742932,ToeSegmentation1,108
0,0,0.1,tshap_zero,tshap_train,0.0,0.0,0.5667870036101083,0.024917238574097555,0.6755909796456709,0,1,0.01870059600332752,0.16911590199742932,ToeSegmentation1,108
0,0,0.2,tshap_zero,tshap_train,0.0,0.0,0.5956678700361011,0.10226259866243015,0.6884536234081022,0,1,0.01870059600332752,0.16911590199742932,ToeSegmentation1,108
0,0,0.05,tshap_zero,mrsqm,0.0,0.0,0.18050541516245489,-0.032248448870376256,0.06281879354092479,0,0,0.01870059600332752,2.4656997993588448e-05,ToeSegmentation1,108
0,0,0.1,tshap_zero,mrsqm,0.0,0.0,0.1444043321299639,0.024917238574097555,0.07359383583619883,0,0,0.01870059600332752,2.4656997993588448e-05,ToeSegmentation1,108
0,0,0.2,tshap_zero,mrsqm,0.5277777777777778,0.6909090909090909,0.061371841155234655,0.10226259866243015,-0.04860117630326821,0,0,0.01870059600332752,2.4656997993588448e-05,ToeSegmentation1,108
0,0,0.05,tshap_train,mrsqm,0.0,0.0,0.7328519855595668,0.6791239725843137,0.06281879354092479,1,0,0.16911590199742932,2.4656997993588448e-05,ToeSegmentation1,108
0,0,0.1,tshap_train,mrsqm,0.0,0.0,0.7111913357400722,0.6755909796456709,0.07359383583619883,1,0,0.16911590199742932,2.4656997993588448e-05,ToeSegmentation1,108
0,0,0.2,tshap_train,mrsqm,0.0,0.0,0.6570397111913358,0.6884536234081022,-0.04860117630326821,1,0,0.16911590199742932,2.4656997993588448e-05,ToeSegmentation1,108
1,1,0.05,hydra,shapley_sampling,0.0,0.0,0.17689530685920576,0.048796760130188854,0.15607305321648668,0,0,0.15067582699703053,1.0172553550000885,ToeSegmentation1,185
1,1,0.1,hydra,shapley_sampling,0.0,0.0,0.1371841155234657,0.15780042082868984,0.2820466748829613,0,0,0.15067582699703053,1.0172553550000885,ToeSegmentation1,185
1,1,0.2,hydra,shapley_sampling,0.42857142857142855,0.6,0.07942238267148015,0.2804925234998541,0.4217349263412653,0,0,0.15067582699703053,1.0172553550000885,ToeSegmentation1,185
1,1,0.05,hydra,feature_ablation,0.0,0.0,0.37906137184115524,0.048796760130188854,0.1757006773505423,0,0,0.15067582699703053,0.04352514399943175,ToeSegmentation1,185
1,1,0.1,hydra,feature_ablation,0.0,0.0,0.33935018050541516,0.15780042082868984,0.24503574573868692,0,0,0.15067582699703053,0.04352514399943175,ToeSegmentation1,185
1,1,0.2,hydra,feature_ablation,0.0,0.0,0.2815884476534296,0.2804925234998541,0.32058623242035145,0,0,0.15067582699703053,0.04352514399943175,ToeSegmentation1,185
1,1,0.05,hydra,tshap_centroid,0.21739130434782608,0.35714285714285715,0.032490974729241874,0.048796760130188854,0.16958946442934786,0,0,0.15067582699703053,0.016648007003823295,ToeSegmentation1,185
1,1,0.1,hydra,tshap_centroid,0.4,0.5714285714285714,0.04332129963898917,0.15780042082868984,0.21139725409513788,0,0,0.15067582699703053,0.016648007003823295,ToeSegmentation1,185
1,1,0.2,hydra,tshap_centroid,0.8333333333333334,0.9090909090909091,0.018050541516245487,0.2804925234998541,0.27723271753772005,0,0,0.15067582699703053,0.016648007003823295,ToeSegmentation1,185
1,1,0.05,hydra,tshap_zero,0.0,0.0,0.5776173285198556,0.048796760130188854,0.2315284334751344,0,0,0.15067582699703053,0.018668866003281437,ToeSegmentation1,185
1,1,0.1,hydra,tshap_zero,0.0,0.0,0.5703971119133574,0.15780042082868984,0.29340741633859313,0,0,0.15067582699703053,0.018668866003281437,ToeSegmentation1,185
1,1,0.2,hydra,tshap_zero,0.29411764705882354,0.45454545454545453,0.10830324909747292,0.2804925234998541,0.3977201604077871,0,0,0.15067582699703053,0.018668866003281437,ToeSegmentation1,185
1,1,0.05,hydra,tshap_train,0.0,0.0,0.3285198555956679,0.048796760130188854,0.16869223115455423,0,0,0.15067582699703053,0.1682827120021102,ToeSegmentation1,185
1,1,0.1,hydra,tshap_train,0.0,0.0,0.30685920577617326,0.15780042082868984,0.1311883064406314,0,0,0.15067582699703053,0.1682827120021102,ToeSegmentation1,185
1,1,0.2,hydra,tshap_train,0.0,0.0,0.2779783393501805,0.2804925234998541,0.32697920804492897,0,0,0.15067582699703053,0.1682827120021102,ToeSegmentation1,185
1,1,0.05,hydra,mrsqm,0.0,0.0,0.1263537906137184,0.048796760130188854,0.0070896441826113765,0,0,0.15067582699703053,2.6430003345012665e-05,ToeSegmentation1,185
1,1,0.1,hydra,mrsqm,0.0,0.0,0.11552346570397112,0.15780042082868984,0.12189593745128802,0,0,0.15067582699703053,2.6430003345012665e-05,ToeSegmentation1,185
1,1,0.2,hydra,mrsqm,0.4473684210526316,0.6181818181818182,0.07581227436823104,0.2804925234998541,0.2127441016957201,0,0,0.15067582699703053,2.6430003345012665e-05,ToeSegmentation1,185
1,1,0.05,shapley_sampling,feature_ablation,0.0,0.0,0.20216606498194944,0.15607305321648668,0.1757006773505423,0,0,1.0172553550000885,0.04352514399943175,ToeSegmentation1,185
1,1,0.1,shapley_sampling,feature_ablation,0.0,0.0,0.20216606498194944,0.2820466748829613,0.24503574573868692,0,0,1.0172553550000885,0.04352514399943175,ToeSegmentation1,185
1,1,0.2,shapley_sampling,feature_ablation,0.0,0.0,0.20216606498194944,0.4217349263412653,0.32058623242035145,0,0,1.0172553550000885,0.04352514399943175,ToeSegmentation1,185
1,1,0.05,shapley_sampling,tshap_centroid,0.0,0.0,0.20938628158844766,0.15607305321648668,0.16958946442934786,0,0,1.0172553550000885,0.016648007003823295,ToeSegmentation1,185
1,1,0.1,shapley_sampling,tshap_centroid,0.0,0.0,0.18050541516245489,0.2820466748829613,0.21139725409513788,0,0,1.0172553550000885,0.016648007003823295,ToeSegmentation1,185
1,1,0.2,shapley_sampling,tshap_centroid,0.5277777777777778,0.6909090909090909,0.061371841155234655,0.4217349263412653,0.27723271753772005,0,0,1.0172553550000885,0.016648007003823295,ToeSegmentation1,185
1,1,0.05,shapley_sampling,tshap_zero,0.0,0.0,0.4007220216606498,0.15607305321648668,0.2315284334751344,0,0,1.0172553550000885,0.018668866003281437,ToeSegmentation1,185
1,1,0.1,shapley_sampling,tshap_zero,0.0,0.0,0.4332129963898917,0.2820466748829613,0.29340741633859313,0,0,1.0172553550000885,0.018668866003281437,ToeSegmentation1,185
1,1,0.2,shapley_sampling,tshap_zero,0.746031746031746,0.8545454545454545,0.02888086642599278,0.4217349263412653,0.3977201604077871,0,0,1.0172553550000885,0.018668866003281437,ToeSegmentation1,185
1,1,0.05,shapley_sampling,tshap_train,0.0,0.0,0.15162454873646208,0.15607305321648668,0.16869223115455423,0,0,1.0172553550000885,0.1682827120021102,ToeSegmentation1,185
1,1,0.1,shapley_sampling,tshap_train,0.0,0.0,0.16967509025270758,0.2820466748829613,0.1311883064406314,0,0,1.0172553550000885,0.1682827120021102,ToeSegmentation1,185
1,1,0.2,shapley_sampling,tshap_train,0.0,0.0,0.19855595667870035,0.4217349263412653,0.32697920804492897,0,0,1.0172553550000885,0.1682827120021102,ToeSegmentation1,185
1,1,0.05,shapley_sampling,mrsqm,0.0,0.0,0.30324909747292417,0.15607305321648668,0.0070896441826113765,0,0,1.0172553550000885,2.6430003345012665e-05,ToeSegmentation1,185
1,1,0.1,shapley_sampling,mrsqm,0.0,0.0,0.2527075812274368,0.2820466748829613,0.12189593745128802,0,0,1.0172553550000885,2.6430003345012665e-05,ToeSegmentation1,185
1,1,0.2,shapley_sampling,mrsqm,0.12244897959183673,0.21818181818181817,0.1552346570397112,0.4217349263412653,0.2127441016957201,0,0,1.0172553550000885,2.6430003345012665e-05,ToeSegmentation1,185
1,1,0.05,feature_ablation,tshap_centroid,0.0,0.0,0.41155234657039713,0.1757006773505423,0.16958946442934786,0,0,0.04352514399943175,0.016648007003823295,ToeSegmentation1,185
1,1,0.1,feature_ablation,tshap_centroid,0.0,0.0,0.38267148014440433,0.24503574573868692,0.21139725409513788,0,0,0.04352514399943175,0.016648007003823295,ToeSegmentation1,185
1,1,0.2,feature_ablation,tshap_centroid,0.0,0.0,0.26353790613718414,0.32058623242035145,0.27723271753772005,0,0,0.04352514399943175,0.016648007003823295,ToeSegmentation1,185
1,1,0.05,feature_ablation,tshap_zero,0.0,0.0,0.19855595667870035,0.1757006773505423,0.2315284334751344,0,0,0.04352514399943175,0.018668866003281437,ToeSegmentation1,185
1,1,0.1,feature_ablation,tshap_zero,0.0,0.0,0.23104693140794225,0.24503574573868692,0.29340741633859313,0,0,0.04352514399943175,0.018668866003281437,ToeSegmentation1,185
1,1,0.2,feature_ablation,tshap_zero,0.06796116504854369,0.12727272727272726,0.17328519855595667,0.32058623242035145,0.3977201604077871,0,0,0.04352514399943175,0.018668866003281437,ToeSegmentation1,185
1,1,0.05,feature_ablation,tshap_train,0.0,0.0,0.05054151624548736,0.1757006773505423,0.16869223115455423,0,0,0.04352514399943175,0.1682827120021102,ToeSegmentation1,185
1,1,0.1,feature_ablation,tshap_train,0.5135135135135135,0.6785714285714286,0.032490974729241874,0.24503574573868692,0.1311883064406314,0,0,0.04352514399943175,0.1682827120021102,ToeSegmentation1,185
1,1,0.2,feature_ablation,tshap_train,0.9642857142857143,0.9818181818181818,0.0036101083032490976,0.32058623242035145,0.32697920804492897,0,0,0.04352514399943175,0.1682827120021102,ToeSegmentation1,185
1,1,0.05,feature_ablation,mrsqm,0.0,0.0,0.5054151624548736,0.1757006773505423,0.0070896441826113765,0,0,0.04352514399943175,2.6430003345012665e-05,ToeSegmentation1,185
1,1,0.1,feature_ablation,mrsqm,0.0,0.0,0.4548736462093863,0.24503574573868692,0.12189593745128802,0,0,0.04352514399943175,2.6430003345012665e-05,ToeSegmentation1,185
1,1,0.2,feature_ablation,mrsqm,0.0,0.0,0.3574007220216607,0.32058623242035145,0.2127441016957201,0,0,0.04352514399943175,2.6430003345012665e-05,ToeSegmentation1,185
1,1,0.05,tshap_centroid,tshap_zero,0.0,0.0,0.6101083032490975,0.16958946442934786,0.2315284334751344,0,0,0.016648007003823295,0.018668866003281437,ToeSegmentation1,185
1,1,0.1,tshap_centroid,tshap_zero,0.0,0.0,0.6137184115523465,0.21139725409513788,0.29340741633859313,0,0,0.016648007003823295,0.018668866003281437,ToeSegmentation1,185
1,1,0.2,tshap_centroid,tshap_zero,0.375,0.5454545454545454,0.09025270758122744,0.27723271753772005,0.3977201604077871,0,0,0.016648007003823295,0.018668866003281437,ToeSegmentation1,185
1,1,0.05,tshap_centroid,tshap_train,0.0,0.0,0.36101083032490977,0.16958946442934786,0.16869223115455423,0,0,0.016648007003823295,0.1682827120021102,ToeSegmentation1,185
1,1,0.1,tshap_centroid,tshap_train,0.0,0.0,0.35018050541516244,0.21139725409513788,0.1311883064406314,0,0,0.016648007003823295,0.1682827120021102,ToeSegmentation1,185
1,1,0.2,tshap_centroid,tshap_train,0.0,0.0,0.259927797833935,0.27723271753772005,0.32697920804492897,0,0,0.016648007003823295,0.1682827120021102,ToeSegmentation1,185
1,1,0.05,tshap_centroid,mrsqm,0.0,0.0,0.09386281588447654,0.16958946442934786,0.0070896441826113765,0,0,0.016648007003823295,2.6430003345012665e-05,ToeSegmentation1,185
1,1,0.1,tshap_centroid,mrsqm,0.16666666666666666,0.2857142857142857,0.07220216606498195,0.21139725409513788,0.12189593745128802,0,0,0.016648007003823295,2.6430003345012665e-05,ToeSegmentation1,185
1,1,0.2,tshap_centroid,mrsqm,0.35802469135802467,0.5272727272727272,0.09386281588447654,0.27723271753772005,0.2127441016957201,0,0,0.016648007003823295,2.6430003345012665e-05,ToeSegmentation1,185
1,1,0.05,tshap_zero,tshap_train,0.0,0.0,0.2490974729241877,0.2315284334751344,0.16869223115455423,0,0,0.018668866003281437,0.1682827120021102,ToeSegmentation1,185
1,1,0.1,tshap_zero,tshap_train,0.0,0.0,0.26353790613718414,0.29340741633859313,0.1311883064406314,0,0,0.018668866003281437,0.1682827120021102,ToeSegmentation1,185
1,1,0.2,tshap_zero,tshap_train,0.0784313725490196,0.14545454545454545,0.16967509025270758,0.3977201604077871,0.32697920804492897,0,0,0.018668866003281437,0.1682827120021102,ToeSegmentation1,185
1,1,0.05,tshap_zero,mrsqm,0.0,0.0,0.703971119133574,0.2315284334751344,0.0070896441826113765,0,0,0.018668866003281437,2.6430003345012665e-05,ToeSegmentation1,185
1,1,0.1,tshap_zero,mrsqm,0.0,0.0,0.6859205776173285,0.29340741633859313,0.12189593745128802,0,0,0.018668866003281437,2.6430003345012665e-05,ToeSegmentation1,185
1,1,0.2,tshap_zero,mrsqm,0.03773584905660377,0.07272727272727272,0.18411552346570398,0.3977201604077871,0.2127441016957201,0,0,0.018668866003281437,2.6430003345012665e-05,ToeSegmentation1,185
1,1,0.05,tshap_train,mrsqm,0.0,0.0,0.4548736462093863,0.16869223115455423,0.0070896441826113765,0,0,0.1682827120021102,2.6430003345012665e-05,ToeSegmentation1,185
1,1,0.1,tshap_train,mrsqm,0.0,0.0,0.4223826714801444,0.1311883064406314,0.12189593745128802,0,0,0.1682827120021102,2.6430003345012665e-05,ToeSegmentation1,185
1,1,0.2,tshap_train,mrsqm,0.0,0.0,0.35379061371841153,0.32697920804492897,0.2127441016957201,0,0,0.1682827120021102,2.6430003345012665e-05,ToeSegmentation1,185
0,0,0.05,hydra,shapley_sampling,0.0,0.0,0.23104693140794225,-0.005275762634867565,0.41761832459269266,0,0,0.15108701200369978,1.010989595000865,ToeSegmentation1,21
0,0,0.1,hydra,shapley_sampling,0.0,0.0,0.17689530685920576,0.035199591875495984,0.4675206098041704,0,0,0.15108701200369978,1.010989595000865,ToeSegmentation1,21
0,0,0.2,hydra,shapley_sampling,0.028037383177570093,0.05454545454545454,0.18772563176895307,0.241965729664631,0.35231444933046585,0,0,0.15108701200369978,1.010989595000865,ToeSegmentation1,21
0,0,0.05,hydra,feature_ablation,0.0,0.0,0.07220216606498195,-0.005275762634867565,0.4214216712517695,0,0,0.15108701200369978,0.04269818500324618,ToeSegmentation1,21
0,0,0.1,hydra,feature_ablation,0.0,0.0,0.17689530685920576,0.035199591875495984,0.4675206036240651,0,0,0.15108701200369978,0.04269818500324618,ToeSegmentation1,21
0,0,0.2,hydra,feature_ablation,0.26436781609195403,0.41818181818181815,0.11552346570397112,0.241965729664631,0.43293084123966785,0,0,0.15108701200369978,0.04269818500324618,ToeSegmentation1,21
0,0,0.05,hydra,tshap_centroid,0.0,0.0,0.06498194945848375,-0.005275762634867565,0.46204403566778435,0,0,0.15108701200369978,0.020099131994356867,ToeSegmentation1,21
0,0,0.1,hydra,tshap_centroid,0.037037037037037035,0.07142857142857142,0.09386281588447654,0.035199591875495984,0.42260676602073594,0,0,0.15108701200369978,0.020099131994356867,ToeSegmentation1,21
0,0,0.2,hydra,tshap_centroid,0.375,0.5454545454545454,0.09025270758122744,0.241965729664631,0.4370453899753955,0,0,0.15108701200369978,0.020099131994356867,ToeSegmentation1,21
0,0,0.05,hydra,tshap_zero,0.0,0.0,0.20938628158844766,-0.005275762634867565,0.07673865585577239,0,0,0.15108701200369978,0.018438863000483252,ToeSegmentation1,21
0,0,0.1,hydra,tshap_zero,0.0,0.0,0.24548736462093862,0.035199591875495984,0.005762363777973456,0,0,0.15108701200369978,0.018438863000483252,ToeSegmentation1,21
0,0,0.2,hydra,tshap_zero,0.0,0.0,0.26353790613718414,0.241965729664631,-0.020802005273145963,0,0,0.15108701200369978,0.018438863000483252,ToeSegmentation1,21
0,0,0.05,hydra,tshap_train,0.0,0.0,0.05776173285198556,-0.005275762634867565,0.46121008091321397,0,0,0.15108701200369978,0.1681997749983566,ToeSegmentation1,21
0,0,0.1,hydra,tshap_train,0.09803921568627451,0.17857142857142858,0.08303249097472924,0.035199591875495984,0.42515779874314463,0,0,0.15108701200369978,0.1681997749983566,ToeSegmentation1,21
0,0,0.2,hydra,tshap_train,0.4666666666666667,0.6363636363636364,0.07220216606498195,0.241965729664631,0.44721401015706774,0,0,0.15108701200369978,0.1681997749983566,ToeSegmentation1,21
0,0,0.05,hydra,mrsqm,0.0,0.0,0.5848375451263538,-0.005275762634867565,-0.04184960193946757,0,0,0.15108701200369978,2.5928995455615222e-05,ToeSegmentation1,21
0,0,0.1,hydra,mrsqm,0.0,0.0,0.5306859205776173,0.035199591875495984,0.18807930789919663,0,0,0.15108701200369978,2.5928995455615222e-05,ToeSegmentation1,21
0,0,0.2,hydra,mrsqm,0.0,0.0,0.4693140794223827,0.241965729664631,0.1931207272269327,0,0,0.15108701200369978,2.5928995455615222e-05,ToeSegmentation1,21
0,0,0.05,shapley_sampling,feature_ablation,0.0,0.0,0.30324909747292417,0.41761832459269266,0.4214216712517695,0,0,1.010989595000865,0.04269818500324618,ToeSegmentation1,21
0,0,0.1,shapley_sampling,feature_ablation,1.0,1.0,0.0,0.4675206098041704,0.4675206036240651,0,0,1.010989595000865,0.04269818500324618,ToeSegmentation1,21
0,0,0.2,shapley_sampling,feature_ablation,0.0,0.0,0.30324909747292417,0.35231444933046585,0.43293084123966785,0,0,1.010989595000865,0.04269818500324618,ToeSegmentation1,21
0,0,0.05,shapley_sampling,tshap_centroid,0.0,0.0,0.296028880866426,0.41761832459269266,0.46204403566778435,0,0,1.010989595000865,0.020099131994356867,ToeSegmentation1,21
0,0,0.1,shapley_sampling,tshap_centroid,0.0,0.0,0.27075812274368233,0.4675206098041704,0.42260676602073594,0,0,1.010989595000865,0.020099131994356867,ToeSegmentation1,21
0,0,0.2,shapley_sampling,tshap_centroid,0.34146341463414637,0.509090909090909,0.09747292418772563,0.35231444933046585,0.4370453899753955,0,0,1.010989595000865,0.020099131994356867,ToeSegmentation1,21
0,0,0.05,shapley_sampling,tshap_zero,0.0,0.0,0.4404332129963899,0.41761832459269266,0.07673865585577239,0,0,1.010989595000865,0.018438863000483252,ToeSegmentation1,21
0,0,0.1,shapley_sampling,tshap_zero,0.0,0.0,0.4223826714801444,0.4675206098041704,0.005762363777973456,0,0,1.010989595000865,0.018438863000483252,ToeSegmentation1,21
0,0,0.2,shapley_sampling,tshap_zero,0.4473684210526316,0.6181818181818182,0.07581227436823104,0.35231444933046585,-0.020802005273145963,0,0,1.010989595000865,0.018438863000483252,ToeSegmentation1,21
0,0,0.05,shapley_sampling,tshap_train,0.0,0.0,0.2888086642599278,0.41761832459269266,0.46121008091321397,0,0,1.010989595000865,0.1681997749983566,ToeSegmentation1,21
0,0,0.1,shapley_sampling,tshap_train,0.0,0.0,0.259927797833935,0.4675206098041704,0.42515779874314463,0,0,1.010989595000865,0.1681997749983566,ToeSegmentation1,21
0,0,0.2,shapley_sampling,tshap_train,0.26436781609195403,0.41818181818181815,0.11552346570397112,0.35231444933046585,0.44721401015706774,0,0,1.010989595000865,0.1681997749983566,ToeSegmentation1,21
0,0,0.05,shapley_sampling,mrsqm,0.0,0.0,0.35379061371841153,0.41761832459269266,-0.04184960193946757,0,0,1.010989595000865,2.5928995455615222e-05,ToeSegmentation1,21
0,0,0.1,shapley_sampling,mrsqm,0.0,0.0,0.35379061371841153,0.4675206098041704,0.18807930789919663,0,0,1.010989595000865,2.5928995455615222e-05,ToeSegmentation1,21
0,0,0.2,shapley_sampling,mrsqm,0.0,0.0,0.6570397111913358,0.35231444933046585,0.1931207272269327,0,0,1.010989595000865,2.5928995455615222e-05,ToeSegmentation1,21
0,0,0.05,feature_ablation,tshap_centroid,0.75,0.8571428571428571,0.007220216606498195,0.4214216712517695,0.46204403566778435,0,0,0.04269818500324618,0.020099131994356867,ToeSegmentation1,21
0,0,0.1,feature_ablation,tshap_centroid,0.0,0.0,0.27075812274368233,0.4675206036240651,0.42260676602073594,0,0,0.04269818500324618,0.020099131994356867,ToeSegmentation1,21
0,0,0.2,feature_ablation,tshap_centroid,0.0,0.0,0.20577617328519857,0.43293084123966785,0.4370453899753955,0,0,0.04269818500324618,0.020099131994356867,ToeSegmentation1,21
0,0,0.05,feature_ablation,tshap_zero,0.0,0.0,0.1371841155234657,0.4214216712517695,0.07673865585577239,0,0,0.04269818500324618,0.018438863000483252,ToeSegmentation1,21
0,0,0.1,feature_ablation,tshap_zero,0.0,0.0,0.4223826714801444,0.4675206036240651,0.005762363777973456,0,0,0.04269818500324618,0.018438863000483252,ToeSegmentation1,21
0,0,0.2,feature_ablation,tshap_zero,0.0,0.0,0.37906137184115524,0.43293084123966785,-0.020802005273145963,0,0,0.04269818500324618,0.018438863000483252,ToeSegmentation1,21
0,0,0.05,feature_ablation,tshap_train,0.5555555555555556,0.7142857142857143,0.01444043321299639,0.4214216712517695,0.46121008091321397,0,0,0.04269818500324618,0.1681997749983566,ToeSegmentation1,21
0,0,0.1,feature_ablation,tshap_train,0.0,0.0,0.259927797833935,0.4675206036240651,0.42515779874314463,0,0,0.04269818500324618,0.1681997749983566,ToeSegmentation1,21
0,0,0.2,feature_ablation,tshap_train,0.028037383177570093,0.05454545454545454,0.18772563176895307,0.43293084123966785,0.44721401015706774,0,0,0.04269818500324618,0.1681997749983566,ToeSegmentation1,21
0,0,0.05,feature_ablation,mrsqm,0.0,0.0,0.6570397111913358,0.4214216712517695,-0.04184960193946757,0,0,0.04269818500324618,2.5928995455615222e-05,ToeSegmentation1,21
0,0,0.1,feature_ablation,mrsqm,0.0,0.0,0.35379061371841153,0.4675206036240651,0.18807930789919663,0,0,0.04269818500324618,2.5928995455615222e-05,ToeSegmentation1,21
0,0,0.2,feature_ablation,mrsqm,0.0,0.0,0.35379061371841153,0.43293084123966785,0.1931207272269327,0,0,0.04269818500324618,2.5928995455615222e-05,ToeSegmentation1,21
0,0,0.05,tshap_centroid,tshap_zero,0.0,0.0,0.1444043321299639,0.46204403566778435,0.07673865585577239,0,0,0.020099131994356867,0.018438863000483252,ToeSegmentation1,21
0,0,0.1,tshap_centroid,tshap_zero,0.0,0.0,0.15162454873646208,0.42260676602073594,0.005762363777973456,0,0,0.020099131994356867,0.018438863000483252,ToeSegmentation1,21
0,0,0.2,tshap_centroid,tshap_zero,0.06796116504854369,0.12727272727272726,0.17328519855595667,0.4370453899753955,-0.020802005273145963,0,0,0.020099131994356867,0.018438863000483252,ToeSegmentation1,21
0,0,0.05,tshap_centroid,tshap_train,0.75,0.8571428571428571,0.007220216606498195,0.46204403566778435,0.46121008091321397,0,0,0.020099131994356867,0.1681997749983566,ToeSegmentation1,21
0,0,0.1,tshap_centroid,tshap_train,0.8064516129032258,0.8928571428571429,0.010830324909747292,0.42260676602073594,0.42515779874314463,0,0,0.020099131994356867,0.1681997749983566,ToeSegmentation1,21
0,0,0.2,tshap_centroid,tshap_train,0.8333333333333334,0.9090909090909091,0.018050541516245487,0.4370453899753955,0.44721401015706774,0,0,0.020099131994356867,0.1681997749983566,ToeSegmentation1,21
0,0,0.05,tshap_centroid,mrsqm,0.0,0.0,0.6498194945848376,0.46204403566778435,-0.04184960193946757,0,0,0.020099131994356867,2.5928995455615222e-05,ToeSegmentation1,21
0,0,0.1,tshap_centroid,mrsqm,0.0,0.0,0.6245487364620939,0.42260676602073594,0.18807930789919663,0,0,0.020099131994356867,2.5928995455615222e-05,ToeSegmentation1,21
0,0,0.2,tshap_centroid,mrsqm,0.0,0.0,0.5595667870036101,0.4370453899753955,0.1931207272269327,0,0,0.020099131994356867,2.5928995455615222e-05,ToeSegmentation1,21
0,0,0.05,tshap_zero,tshap_train,0.0,0.0,0.15162454873646208,0.07673865585577239,0.46121008091321397,0,0,0.018438863000483252,0.1681997749983566,ToeSegmentation1,21
0,0,0.1,tshap_zero,tshap_train,0.0,0.0,0.1624548736462094,0.005762363777973456,0.42515779874314463,0,0,0.018438863000483252,0.1681997749983566,ToeSegmentation1,21
0,0,0.2,tshap_zero,tshap_train,0.018518518518518517,0.03636363636363636,0.19133574007220217,-0.020802005273145963,0.44721401015706774,0,0,0.018438863000483252,0.1681997749983566,ToeSegmentation1,21
0,0,0.05,tshap_zero,mrsqm,0.0,0.0,0.7942238267148014,0.07673865585577239,-0.04184960193946757,0,0,0.018438863000483252,2.5928995455615222e-05,ToeSegmentation1,21
0,0,0.1,tshap_zero,mrsqm,0.0,0.0,0.776173285198556,0.005762363777973456,0.18807930789919663,0,0,0.018438863000483252,2.5928995455615222e-05,ToeSegmentation1,21
0,0,0.2,tshap_zero,mrsqm,0.0,0.0,0.7328519855595668,-0.020802005273145963,0.1931207272269327,0,0,0.018438863000483252,2.5928995455615222e-05,ToeSegmentation1,21
0,0,0.05,tshap_train,mrsqm,0.0,0.0,0.6425992779783394,0.46121008091321397,-0.04184960193946757,0,0,0.1681997749983566,2.5928995455615222e-05,ToeSegmentation1,21
0,0,0.1,tshap_train,mrsqm,0.0,0.0,0.6137184115523465,0.42515779874314463,0.18807930789919663,0,0,0.1681997749983566,2.5928995455615222e-05,ToeSegmentation1,21
0,0,0.2,tshap_train,mrsqm,0.0,0.0,0.5415162454873647,0.44721401015706774,0.1931207272269327,0,0,0.1681997749983566,2.5928995455615222e-05,ToeSegmentation1,21
1,1,0.05,hydra,shapley_sampling,0.0,0.0,0.6498194945848376,-0.08354017573863193,-0.030190353581534324,0,0,0.1490426380041754,1.0086930679972284,ToeSegmentation1,165
1,1,0.1,hydra,shapley_sampling,0.0,0.0,0.631768953068592,-0.16876352878188638,-0.03357153500354715,0,0,0.1490426380041754,1.0086930679972284,ToeSegmentation1,165
1,1,0.2,hydra,shapley_sampling,0.0,0.0,0.6245487364620939,-0.039243400779085835,-0.05084003848966201,0,0,0.1490426380041754,1.0086930679972284,ToeSegmentation1,165
1,1,0.05,hydra,feature_ablation,0.037037037037037035,0.07142857142857142,0.04693140794223827,-0.08354017573863193,-0.24152362064476274,0,0,0.1490426380041754,0.04326027500064811,ToeSegmentation1,165
1,1,0.1,hydra,feature_ablation,0.12,0.21428571428571427,0.07942238267148015,-0.16876352878188638,-0.22037500314622238,0,0,0.1490426380041754,0.04326027500064811,ToeSegmentation1,165
1,1,0.2,hydra,feature_ablation,0.4666666666666667,0.6363636363636364,0.07220216606498195,-0.039243400779085835,-0.19291601075358855,0,0,0.1490426380041754,0.04326027500064811,ToeSegmentation1,165
1,1,0.05,hydra,tshap_centroid,0.07692307692307693,0.14285714285714285,0.04332129963898917,-0.08354017573863193,-0.24006457431211714,0,0,0.1490426380041754,0.01651075800327817,ToeSegmentation1,165
1,1,0.1,hydra,tshap_centroid,0.36585365853658536,0.5357142857142857,0.04693140794223827,-0.16876352878188638,-0.3063821902427075,0,0,0.1490426380041754,0.01651075800327817,ToeSegmentation1,165
1,1,0.2,hydra,tshap_centroid,0.5492957746478874,0.7090909090909091,0.05776173285198556,-0.039243400779085835,-0.2022645364554786,0,0,0.1490426380041754,0.01651075800327817,ToeSegmentation1,165
1,1,0.05,hydra,tshap_zero,0.0,0.0,0.5812274368231047,-0.08354017573863193,0.0965179197044087,0,0,0.1490426380041754,0.018475041004421655,ToeSegmentation1,165
1,1,0.1,hydra,tshap_zero,0.0,0.0,0.592057761732852,-0.16876352878188638,0.11607664610104568,0,0,0.1490426380041754,0.018475041004421655,ToeSegmentation1,165
1,1,0.2,hydra,tshap_zero,0.0,0.0,0.6245487364620939,-0.039243400779085835,-0.05084004404892406,0,0,0.1490426380041754,0.018475041004421655,ToeSegmentation1,165
1,1,0.05,hydra,tshap_train,0.0,0.0,0.15162454873646208,-0.08354017573863193,0.17521805437685234,0,0,0.1490426380041754,0.1677936799969757,ToeSegmentation1,165
1,1,0.1,hydra,tshap_train,0.6,0.75,0.02527075812274368,-0.16876352878188638,-0.27490149404332365,0,0,0.1490426380041754,0.1677936799969757,ToeSegmentation1,165
1,1,0.2,hydra,tshap_train,0.8333333333333334,0.9090909090909091,0.018050541516245487,-0.039243400779085835,0.09569780594634641,0,0,0.1490426380041754,0.1677936799969757,ToeSegmentation1,165
1,1,0.05,hydra,mrsqm,0.0,0.0,0.20577617328519857,-0.08354017573863193,0.043898391449230356,0,0,0.1490426380041754,2.6090005121659487e-05,ToeSegmentation1,165
1,1,0.1,hydra,mrsqm,0.0,0.0,0.17328519855595667,-0.16876352878188638,0.2532620199916073,0,0,0.1490426380041754,2.6090005121659487e-05,ToeSegmentation1,165
1,1,0.2,hydra,mrsqm,0.41025641025641024,0.5818181818181818,0.08303249097472924,-0.039243400779085835,0.2497288931694588,0,0,0.1490426380041754,2.6090005121659487e-05,ToeSegmentation1,165
1,1,0.05,shapley_sampling,feature_ablation,0.0,0.0,0.6028880866425993,-0.030190353581534324,-0.24152362064476274,0,0,1.0086930679972284,0.04326027500064811,ToeSegmentation1,165
1,1,0.1,shapley_sampling,feature_ablation,0.0,0.0,0.5523465703971119,-0.03357153500354715,-0.22037500314622238,0,0,1.0086930679972284,0.04326027500064811,ToeSegmentation1,165
1,1,0.2,shapley_sampling,feature_ablation,0.0,0.0,0.5523465703971119,-0.05084003848966201,-0.19291601075358855,0,0,1.0086930679972284,0.04326027500064811,ToeSegmentation1,165
1,1,0.05,shapley_sampling,tshap_centroid,0.0,0.0,0.6064981949458483,-0.030190353581534324,-0.24006457431211714,0,0,1.0086930679972284,0.01651075800327817,ToeSegmentation1,165
1,1,0.1,shapley_sampling,tshap_centroid,0.0,0.0,0.5848375451263538,-0.03357153500354715,-0.3063821902427075,0,0,1.0086930679972284,0.01651075800327817,ToeSegmentation1,165
1,1,0.2,shapley_sampling,tshap_centroid,0.0,0.0,0.5667870036101083,-0.05084003848966201,-0.2022645364554786,0,0,1.0086930679972284,0.01651075800327817,ToeSegmentation1,165
1,1,0.05,shapley_sampling,tshap_zero,0.0,0.0,0.06859205776173286,-0.030190353581534324,0.0965179197044087,0,0,1.0086930679972284,0.018475041004421655,ToeSegmentation1,165
1,1,0.1,shapley_sampling,tshap_zero,0.4358974358974359,0.6071428571428571,0.039711191335740074,-0.03357153500354715,0.11607664610104568,0,0,1.0086930679972284,0.018475041004421655,ToeSegmentation1,165
1,1,0.2,shapley_sampling,tshap_zero,1.0,1.0,0.0,-0.05084003848966201,-0.05084004404892406,0,0,1.0086930679972284,0.018475041004421655,ToeSegmentation1,165
1,1,0.05,shapley_sampling,tshap_train,0.0,0.0,0.8014440433212996,-0.030190353581534324,0.17521805437685234,0,0,1.0086930679972284,0.1677936799969757,ToeSegmentation1,165
1,1,0.1,shapley_sampling,tshap_train,0.0,0.0,0.6064981949458483,-0.03357153500354715,-0.27490149404332365,0,0,1.0086930679972284,0.1677936799969757,ToeSegmentation1,165
1,1,0.2,shapley_sampling,tshap_train,0.0,0.0,0.6425992779783394,-0.05084003848966201,0.09569780594634641,0,0,1.0086930679972284,0.1677936799969757,ToeSegmentation1,165
1,1,0.05,shapley_sampling,mrsqm,0.0,0.0,0.855595667870036,-0.030190353581534324,0.043898391449230356,0,0,1.0086930679972284,2.6090005121659487e-05,ToeSegmentation1,165
1,1,0.1,shapley_sampling,mrsqm,0.0,0.0,0.8050541516245487,-0.03357153500354715,0.2532620199916073,0,0,1.0086930679972284,2.6090005121659487e-05,ToeSegmentation1,165
1,1,0.2,shapley_sampling,mrsqm,0.0,0.0,0.7075812274368231,-0.05084003848966201,0.2497288931694588,0,0,1.0086930679972284,2.6090005121659487e-05,ToeSegmentation1,165
1,1,0.05,feature_ablation,tshap_centroid,0.8666666666666667,0.9285714285714286,0.0036101083032490976,-0.24152362064476274,-0.24006457431211714,0,0,0.04326027500064811,0.01651075800327817,ToeSegmentation1,165
1,1,0.1,feature_ablation,tshap_centroid,0.5135135135135135,0.6785714285714286,0.032490974729241874,-0.22037500314622238,-0.3063821902427075,0,0,0.04326027500064811,0.01651075800327817,ToeSegmentation1,165
1,1,0.2,feature_ablation,tshap_centroid,0.864406779661017,0.9272727272727272,0.01444043321299639,-0.19291601075358855,-0.2022645364554786,0,0,0.04326027500064811,0.01651075800327817,ToeSegmentation1,165
1,1,0.05,feature_ablation,tshap_zero,0.0,0.0,0.5342960288808665,-0.24152362064476274,0.0965179197044087,0,0,0.04326027500064811,0.018475041004421655,ToeSegmentation1,165
1,1,0.1,feature_ablation,tshap_zero,0.0,0.0,0.5126353790613718,-0.22037500314622238,0.11607664610104568,0,0,0.04326027500064811,0.018475041004421655,ToeSegmentation1,165
1,1,0.2,feature_ablation,tshap_zero,0.0,0.0,0.5523465703971119,-0.19291601075358855,-0.05084004404892406,0,0,0.04326027500064811,0.018475041004421655,ToeSegmentation1,165
1,1,0.05,feature_ablation,tshap_train,0.0,0.0,0.19855595667870035,-0.24152362064476274,0.17521805437685234,0,0,0.04326027500064811,0.1677936799969757,ToeSegmentation1,165
1,1,0.1,feature_ablation,tshap_train,0.3023255813953488,0.4642857142857143,0.05415162454873646,-0.22037500314622238,-0.27490149404332365,0,0,0.04326027500064811,0.1677936799969757,ToeSegmentation1,165
1,1,0.2,feature_ablation,tshap_train,0.375,0.5454545454545454,0.09025270758122744,-0.19291601075358855,0.09569780594634641,0,0,0.04326027500064811,0.1677936799969757,ToeSegmentation1,165
1,1,0.05,feature_ablation,mrsqm,0.0,0.0,0.2527075812274368,-0.24152362064476274,0.043898391449230356,0,0,0.04326027500064811,2.6090005121659487e-05,ToeSegmentation1,165
1,1,0.1,feature_ablation,mrsqm,0.0,0.0,0.2527075812274368,-0.22037500314622238,0.2532620199916073,0,0,0.04326027500064811,2.6090005121659487e-05,ToeSegmentation1,165
1,1,0.2,feature_ablation,mrsqm,0.12244897959183673,0.21818181818181817,0.1552346570397112,-0.19291601075358855,0.2497288931694588,0,0,0.04326027500064811,2.6090005121659487e-05,ToeSegmentation1,165
1,1,0.05,tshap_centroid,tshap_zero,0.0,0.0,0.5379061371841155,-0.24006457431211714,0.0965179197044087,0,0,0.01651075800327817,0.018475041004421655,ToeSegmentation1,165
1,1,0.1,tshap_centroid,tshap_zero,0.0,0.0,0.5451263537906137,-0.3063821902427075,0.11607664610104568,0,0,0.01651075800327817,0.018475041004421655,ToeSegmentation1,165
1,1,0.2,tshap_centroid,tshap_zero,0.0,0.0,0.5667870036101083,-0.2022645364554786,-0.05084004404892406,0,0,0.01651075800327817,0.018475041004421655,ToeSegmentation1,165
1,1,0.05,tshap_centroid,tshap_train,0.0,0.0,0.19494584837545126,-0.24006457431211714,0.17521805437685234,0,0,0.01651075800327817,0.1677936799969757,ToeSegmentation1,165
1,1,0.1,tshap_centroid,tshap_train,0.6470588235294118,0.7857142857142857,0.021660649819494584,-0.3063821902427075,-0.27490149404332365,0,0,0.01651075800327817,0.1677936799969757,ToeSegmentation1,165
1,1,0.2,tshap_centroid,tshap_train,0.4473684210526316,0.6181818181818182,0.07581227436823104,-0.2022645364554786,0.09569780594634641,0,0,0.01651075800327817,0.1677936799969757,ToeSegmentation1,165
1,1,0.05,tshap_centroid,mrsqm,0.0,0.0,0.2490974729241877,-0.24006457431211714,0.043898391449230356,0,0,0.01651075800327817,2.6090005121659487e-05,ToeSegmentation1,165
1,1,0.1,tshap_centroid,mrsqm,0.0,0.0,0.22021660649819494,-0.3063821902427075,0.2532620199916073,0,0,0.01651075800327817,2.6090005121659487e-05,ToeSegmentation1,165
1,1,0.2,tshap_centroid,mrsqm,0.1702127659574468,0.2909090909090909,0.1407942238267148,-0.2022645364554786,0.2497288931694588,0,0,0.01651075800327817,2.6090005121659487e-05,ToeSegmentation1,165
1,1,0.05,tshap_zero,tshap_train,0.0,0.0,0.7328519855595668,0.0965179197044087,0.17521805437685234,0,0,0.018475041004421655,0.1677936799969757,ToeSegmentation1,165
1,1,0.1,tshap_zero,tshap_train,0.0,0.0,0.5667870036101083,0.11607664610104568,-0.27490149404332365,0,0,0.018475041004421655,0.1677936799969757,ToeSegmentation1,165
1,1,0.2,tshap_zero,tshap_train,0.0,0.0,0.6425992779783394,-0.05084004404892406,0.09569780594634641,0,0,0.018475041004421655,0.1677936799969757,ToeSegmentation1,165
1,1,0.05,tshap_zero,mrsqm,0.0,0.0,0.7870036101083032,0.0965179197044087,0.043898391449230356,0,0,0.018475041004421655,2.6090005121659487e-05,ToeSegmentation1,165
1,1,0.1,tshap_zero,mrsqm,0.0,0.0,0.7653429602888087,0.11607664610104568,0.2532620199916073,0,0,0.018475041004421655,2.6090005121659487e-05,ToeSegmentation1,165
1,1,0.2,tshap_zero,mrsqm,0.0,0.0,0.7075812274368231,-0.05084004404892406,0.2497288931694588,0,0,0.018475041004421655,2.6090005121659487e-05,ToeSegmentation1,165
1,1,0.05,tshap_train,mrsqm,0.0,0.0,0.05415162454873646,0.17521805437685234,0.043898391449230356,0,0,0.1677936799969757,2.6090005121659487e-05,ToeSegmentation1,165
1,1,0.1,tshap_train,mrsqm,0.0,0.0,0.19855595667870035,-0.27490149404332365,0.2532620199916073,0,0,0.1677936799969757,2.6090005121659487e-05,ToeSegmentation1,165
1,1,0.2,tshap_train,mrsqm,0.5068493150684932,0.6727272727272727,0.06498194945848375,0.09569780594634641,0.2497288931694588,0,0,0.1677936799969757,2.6090005121659487e-05,ToeSegmentation1,165
1,1,0.05,hydra,shapley_sampling,0.0,0.0,0.48014440433212996,-0.047137086699565955,0.17085414735407278,0,0,0.14962157000263687,1.0201161870063515,ToeSegmentation1,178
1,1,0.1,hydra,shapley_sampling,0.0,0.0,0.19133574007220217,-0.041341060759164217,0.2745203464202212,0,0,0.14962157000263687,1.0201161870063515,ToeSegmentation1,178
1,1,0.2,hydra,shapley_sampling,0.0,0.0,0.3898916967509025,0.09894264553549814,0.012654423086948086,0,0,0.14962157000263687,1.0201161870063515,ToeSegmentation1,178
1,1,0.05,hydra,feature_ablation,0.0,0.0,0.48014440433212996,-0.047137086699565955,0.17085415199200127,0,0,0.14962157000263687,0.04388920000201324,ToeSegmentation1,178
1,1,0.1,hydra,feature_ablation,0.0,0.0,0.19133574007220217,-0.041341060759164217,0.2745203399472914,0,0,0.14962157000263687,0.04388920000201324,ToeSegmentation1,178
1,1,0.2,hydra,feature_ablation,0.0,0.0,0.26353790613718414,0.09894264553549814,0.02260407543070686,0,0,0.14962157000263687,0.04388920000201324,ToeSegmentation1,178
1,1,0.05,hydra,tshap_centroid,0.0,0.0,0.23465703971119134,-0.047137086699565955,-0.09137272779003791,0,0,0.14962157000263687,0.016934136998315807,ToeSegmentation1,178
1,1,0.1,hydra,tshap_centroid,0.12,0.21428571428571427,0.07942238267148015,-0.041341060759164217,-0.00679325920781193,0,0,0.14962157000263687,0.016934136998315807,ToeSegmentation1,178
1,1,0.2,hydra,tshap_centroid,0.26436781609195403,0.41818181818181815,0.11552346570397112,0.09894264553549814,0.03487545906706435,0,0,0.14962157000263687,0.016934136998315807,ToeSegmentation1,178
1,1,0.05,hydra,tshap_zero,0.0,0.0,0.48736462093862815,-0.047137086699565955,0.1651762017895868,0,0,0.14962157000263687,0.019118563999654725,ToeSegmentation1,178
1,1,0.1,hydra,tshap_zero,0.0,0.0,0.22021660649819494,-0.041341060759164217,0.0960348510701543,0,0,0.14962157000263687,0.019118563999654725,ToeSegmentation1,178
1,1,0.2,hydra,tshap_zero,0.14583333333333334,0.2545454545454545,0.148014440433213,0.09894264553549814,0.12630390541155045,0,0,0.14962157000263687,0.019118563999654725,ToeSegmentation1,178
1,1,0.05,hydra,tshap_train,0.0,0.0,0.5018050541516246,-0.047137086699565955,0.07513215664153816,0,0,0.14962157000263687,0.16795597500458825,ToeSegmentation1,178
1,1,0.1,hydra,tshap_train,0.0,0.0,0.19494584837545126,-0.041341060759164217,0.2624430426454405,0,0,0.14962157000263687,0.16795597500458825,ToeSegmentation1,178
1,1,0.2,hydra,tshap_train,0.0,0.0,0.20938628158844766,0.09894264553549814,0.02099091472226644,0,0,0.14962157000263687,0.16795597500458825,ToeSegmentation1,178
1,1,0.05,hydra,mrsqm,0.0,0.0,0.22743682310469315,-0.047137086699565955,-0.00581320159003984,0,0,0.14962157000263687,2.6228997739963233e-05,ToeSegmentation1,178
1,1,0.1,hydra,mrsqm,0.0,0.0,0.8989169675090253,-0.041341060759164217,-0.04669173686679762,0,0,0.14962157000263687,2.6228997739963233e-05,ToeSegmentation1,178
1,1,0.2,hydra,mrsqm,0.0,0.0,0.44404332129963897,0.09894264553549814,-0.020997525914973614,0,0,0.14962157000263687,2.6228997739963233e-05,ToeSegmentation1,178
1,1,0.05,shapley_sampling,feature_ablation,1.0,1.0,0.0,0.17085414735407278,0.17085415199200127,0,0,1.0201161870063515,0.04388920000201324,ToeSegmentation1,178
1,1,0.1,shapley_sampling,feature_ablation,1.0,1.0,0.0,0.2745203464202212,0.2745203399472914,0,0,1.0201161870063515,0.04388920000201324,ToeSegmentation1,178
1,1,0.2,shapley_sampling,feature_ablation,0.0,0.0,0.6534296028880866,0.012654423086948086,0.02260407543070686,0,0,1.0201161870063515,0.04388920000201324,ToeSegmentation1,178
1,1,0.05,shapley_sampling,tshap_centroid,0.0,0.0,0.24548736462093862,0.17085414735407278,-0.09137272779003791,0,0,1.0201161870063515,0.016934136998315807,ToeSegmentation1,178
1,1,0.1,shapley_sampling,tshap_centroid,0.0,0.0,0.11191335740072202,0.2745203464202212,-0.00679325920781193,0,0,1.0201161870063515,0.016934136998315807,ToeSegmentation1,178
1,1,0.2,shapley_sampling,tshap_centroid,0.0,0.0,0.2743682310469314,0.012654423086948086,0.03487545906706435,0,0,1.0201161870063515,0.016934136998315807,ToeSegmentation1,178
1,1,0.05,shapley_sampling,tshap_zero,0.75,0.8571428571428571,0.007220216606498195,0.17085414735407278,0.1651762017895868,0,0,1.0201161870063515,0.019118563999654725,ToeSegmentation1,178
1,1,0.1,shapley_sampling,tshap_zero,0.5555555555555556,0.7142857142857143,0.02888086642599278,0.2745203464202212,0.0960348510701543,0,0,1.0201161870063515,0.019118563999654725,ToeSegmentation1,178
1,1,0.2,shapley_sampling,tshap_zero,0.0,0.0,0.5379061371841155,0.012654423086948086,0.12630390541155045,0,0,1.0201161870063515,0.019118563999654725,ToeSegmentation1,178
1,1,0.05,shapley_sampling,tshap_train,0.4,0.5714285714285714,0.021660649819494584,0.17085414735407278,0.07513215664153816,0,0,1.0201161870063515,0.16795597500458825,ToeSegmentation1,178
1,1,0.1,shapley_sampling,tshap_train,0.9310344827586207,0.9642857142857143,0.0036101083032490976,0.2745203464202212,0.2624430426454405,0,0,1.0201161870063515,0.16795597500458825,ToeSegmentation1,178
1,1,0.2,shapley_sampling,tshap_train,0.0,0.0,0.5992779783393501,0.012654423086948086,0.02099091472226644,0,0,1.0201161870063515,0.16795597500458825,ToeSegmentation1,178
1,1,0.05,shapley_sampling,mrsqm,0.0,0.0,0.7075812274368231,0.17085414735407278,-0.00581320159003984,0,0,1.0201161870063515,2.6228997739963233e-05,ToeSegmentation1,178
1,1,0.1,shapley_sampling,mrsqm,0.0,0.0,0.7075812274368231,0.2745203464202212,-0.04669173686679762,0,0,1.0201161870063515,2.6228997739963233e-05,ToeSegmentation1,178
1,1,0.2,shapley_sampling,mrsqm,0.5714285714285714,0.7272727272727273,0.05415162454873646,0.012654423086948086,-0.020997525914973614,0,0,1.0201161870063515,2.6228997739963233e-05,ToeSegmentation1,178
1,1,0.05,feature_ablation,tshap_centroid,0.0,0.0,0.24548736462093862,0.17085415199200127,-0.09137272779003791,0,0,0.04388920000201324,0.016934136998315807,ToeSegmentation1,178
1,1,0.1,feature_ablation,tshap_centroid,0.0,0.0,0.11191335740072202,0.2745203399472914,-0.00679325920781193,0,0,0.04388920000201324,0.016934136998315807,ToeSegmentation1,178
1,1,0.2,feature_ablation,tshap_centroid,0.0,0.0,0.37906137184115524,0.02260407543070686,0.03487545906706435,0,0,0.04388920000201324,0.016934136998315807,ToeSegmentation1,178
1,1,0.05,feature_ablation,tshap_zero,0.75,0.8571428571428571,0.007220216606498195,0.17085415199200127,0.1651762017895868,0,0,0.04388920000201324,0.019118563999654725,ToeSegmentation1,178
1,1,0.1,feature_ablation,tshap_zero,0.5555555555555556,0.7142857142857143,0.02888086642599278,0.2745203399472914,0.0960348510701543,0,0,0.04388920000201324,0.019118563999654725,ToeSegmentation1,178
1,1,0.2,feature_ablation,tshap_zero,0.26436781609195403,0.41818181818181815,0.11552346570397112,0.02260407543070686,0.12630390541155045,0,0,0.04388920000201324,0.019118563999654725,ToeSegmentation1,178
1,1,0.05,feature_ablation,tshap_train,0.4,0.5714285714285714,0.021660649819494584,0.17085415199200127,0.07513215664153816,0,0,0.04388920000201324,0.16795597500458825,ToeSegmentation1,178
1,1,0.1,feature_ablation,tshap_train,0.9310344827586207,0.9642857142857143,0.0036101083032490976,0.2745203399472914,0.2624430426454405,0,0,0.04388920000201324,0.16795597500458825,ToeSegmentation1,178
1,1,0.2,feature_ablation,tshap_train,0.5714285714285714,0.7272727272727273,0.05415162454873646,0.02260407543070686,0.02099091472226644,0,0,0.04388920000201324,0.16795597500458825,ToeSegmentation1,178
1,1,0.05,feature_ablation,mrsqm,0.0,0.0,0.7075812274368231,0.17085415199200127,-0.00581320159003984,0,0,0.04388920000201324,2.6228997739963233e-05,ToeSegmentation1,178
1,1,0.1,feature_ablation,mrsqm,0.0,0.0,0.7075812274368231,0.2745203399472914,-0.04669173686679762,0,0,0.04388920000201324,2.6228997739963233e-05,ToeSegmentation1,178
1,1,0.2,feature_ablation,mrsqm,0.0,0.0,0.7075812274368231,0.02260407543070686,-0.020997525914973614,0,0,0.04388920000201324,2.6228997739963233e-05,ToeSegmentation1,178
1,1,0.05,tshap_centroid,tshap_zero,0.0,0.0,0.2527075812274368,-0.09137272779003791,0.1651762017895868,0,0,0.016934136998315807,0.019118563999654725,ToeSegmentation1,178
1,1,0.1,tshap_centroid,tshap_zero,0.0,0.0,0.1407942238267148,-0.00679325920781193,0.0960348510701543,0,0,0.016934136998315807,0.019118563999654725,ToeSegmentation1,178
1,1,0.2,tshap_centroid,tshap_zero,0.0,0.0,0.26353790613718414,0.03487545906706435,0.12630390541155045,0,0,0.016934136998315807,0.019118563999654725,ToeSegmentation1,178
1,1,0.05,tshap_centroid,tshap_train,0.0,0.0,0.26714801444043323,-0.09137272779003791,0.07513215664153816,0,0,0.016934136998315807,0.16795597500458825,ToeSegmentation1,178
1,1,0.1,tshap_centroid,tshap_train,0.0,0.0,0.11552346570397112,-0.00679325920781193,0.2624430426454405,0,0,0.016934136998315807,0.16795597500458825,ToeSegmentation1,178
1,1,0.2,tshap_centroid,tshap_train,0.0,0.0,0.3249097472924188,0.03487545906706435,0.02099091472226644,0,0,0.016934136998315807,0.16795597500458825,ToeSegmentation1,178
1,1,0.05,tshap_centroid,mrsqm,0.0,0.0,0.4620938628158845,-0.09137272779003791,-0.00581320159003984,0,0,0.016934136998315807,2.6228997739963233e-05,ToeSegmentation1,178
1,1,0.1,tshap_centroid,mrsqm,0.0,0.0,0.8194945848375451,-0.00679325920781193,-0.04669173686679762,0,0,0.016934136998315807,2.6228997739963233e-05,ToeSegmentation1,178
1,1,0.2,tshap_centroid,mrsqm,0.0,0.0,0.3285198555956679,0.03487545906706435,-0.020997525914973614,0,0,0.016934136998315807,2.6228997739963233e-05,ToeSegmentation1,178
1,1,0.05,tshap_zero,tshap_train,0.5555555555555556,0.7142857142857143,0.01444043321299639,0.1651762017895868,0.07513215664153816,0,0,0.019118563999654725,0.16795597500458825,ToeSegmentation1,178
1,1,0.1,tshap_zero,tshap_train,0.6,0.75,0.02527075812274368,0.0960348510701543,0.2624430426454405,0,0,0.019118563999654725,0.16795597500458825,ToeSegmentation1,178
1,1,0.2,tshap_zero,tshap_train,0.5277777777777778,0.6909090909090909,0.061371841155234655,0.12630390541155045,0.02099091472226644,0,0,0.019118563999654725,0.16795597500458825,ToeSegmentation1,178
1,1,0.05,tshap_zero,mrsqm,0.0,0.0,0.7148014440433214,0.1651762017895868,-0.00581320159003984,0,0,0.019118563999654725,2.6228997739963233e-05,ToeSegmentation1,178
1,1,0.1,tshap_zero,mrsqm,0.0,0.0,0.6787003610108303,0.0960348510701543,-0.04669173686679762,0,0,0.019118563999654725,2.6228997739963233e-05,ToeSegmentation1,178
1,1,0.2,tshap_zero,mrsqm,0.0,0.0,0.592057761732852,0.12630390541155045,-0.020997525914973614,0,0,0.019118563999654725,2.6228997739963233e-05,ToeSegmentation1,178
1,1,0.05,tshap_train,mrsqm,0.0,0.0,0.7292418772563177,0.07513215664153816,-0.00581320159003984,0,0,0.16795597500458825,2.6228997739963233e-05,ToeSegmentation1,178
1,1,0.1,tshap_train,mrsqm,0.0,0.0,0.703971119133574,0.2624430426454405,-0.04669173686679762,0,0,0.16795597500458825,2.6228997739963233e-05,ToeSegmentation1,178
1,1,0.2,tshap_train,mrsqm,0.0,0.0,0.6534296028880866,0.02099091472226644,-0.020997525914973614,0,0,0.16795597500458825,2.6228997739963233e-05,ToeSegmentation1,178
0,0,0.05,hydra,shapley_sampling,0.0,0.0,0.12274368231046931,0.11115699460333561,0.37571435566480843,0,0,0.1479927799955476,1.0051922089987784,ToeSegmentation1,95
0,0,0.1,hydra,shapley_sampling,0.19148936170212766,0.32142857142857145,0.06859205776173286,0.23613307246003318,0.48300150591826396,0,0,0.1479927799955476,1.0051922089987784,ToeSegmentation1,95
0,0,0.2,hydra,shapley_sampling,0.25,0.4,0.11913357400722022,0.5482775538575595,0.4139394318277241,0,0,0.1479927799955476,1.0051922089987784,ToeSegmentation1,95
0,0,0.05,hydra,feature_ablation,0.0,0.0,0.37545126353790614,0.11115699460333561,0.42123193955636273,0,0,0.1479927799955476,0.04274856100528268,ToeSegmentation1,95
0,0,0.1,hydra,feature_ablation,0.19148936170212766,0.32142857142857145,0.06859205776173286,0.23613307246003318,0.4830015049741935,0,0,0.1479927799955476,0.04274856100528268,ToeSegmentation1,95
0,0,0.2,hydra,feature_ablation,0.8032786885245902,0.8909090909090909,0.021660649819494584,0.5482775538575595,0.4863881061115753,0,0,0.1479927799955476,0.04274856100528268,ToeSegmentation1,95
0,0,0.05,hydra,tshap_centroid,0.0,0.0,0.09386281588447654,0.11115699460333561,0.49704250954827617,0,0,0.1479927799955476,0.016436818994407076,ToeSegmentation1,95
0,0,0.1,hydra,tshap_centroid,0.21739130434782608,0.35714285714285715,0.06498194945848375,0.23613307246003318,0.48425307045137955,0,0,0.1479927799955476,0.016436818994407076,ToeSegmentation1,95
0,0,0.2,hydra,tshap_centroid,0.4864864864864865,0.6545454545454545,0.06859205776173286,0.5482775538575595,0.386102554919787,0,0,0.1479927799955476,0.016436818994407076,ToeSegmentation1,95
0,0,0.05,hydra,tshap_zero,0.0,0.0,0.5342960288808665,0.11115699460333561,-0.016298168857112327,0,0,0.1479927799955476,0.01841859400155954,ToeSegmentation1,95
0,0,0.1,hydra,tshap_zero,0.0,0.0,0.5018050541516246,0.23613307246003318,-0.08529313454097098,0,0,0.1479927799955476,0.01841859400155954,ToeSegmentation1,95
0,0,0.2,hydra,tshap_zero,0.0,0.0,0.5126353790613718,0.5482775538575595,-0.09509743428397555,0,0,0.1479927799955476,0.01841859400155954,ToeSegmentation1,95
0,0,0.05,hydra,tshap_train,0.0,0.0,0.09386281588447654,0.11115699460333561,0.4970425018257488,0,0,0.1479927799955476,0.16690196900162846,ToeSegmentation1,95
0,0,0.1,hydra,tshap_train,0.24444444444444444,0.39285714285714285,0.061371841155234655,0.23613307246003318,0.46157437477649776,0,0,0.1479927799955476,0.16690196900162846,ToeSegmentation1,95
0,0,0.2,hydra,tshap_train,0.4666666666666667,0.6363636363636364,0.07220216606498195,0.5482775538575595,0.35941926204792063,0,0,0.1479927799955476,0.16690196900162846,ToeSegmentation1,95
0,0,0.05,hydra,mrsqm,0.0,0.0,0.7292418772563177,0.11115699460333561,0.022443560973319676,0,0,0.1479927799955476,2.533799852244556e-05,ToeSegmentation1,95
0,0,0.1,hydra,mrsqm,0.0,0.0,0.6750902527075813,0.23613307246003318,0.15900001969058386,0,0,0.1479927799955476,2.533799852244556e-05,ToeSegmentation1,95
0,0,0.2,hydra,mrsqm,0.0,0.0,0.628158844765343,0.5482775538575595,0.11416322239057719,0,0,0.1479927799955476,2.533799852244556e-05,ToeSegmentation1,95
0,0,0.05,shapley_sampling,feature_ablation,0.0,0.0,0.2527075812274368,0.37571435566480843,0.42123193955636273,0,0,1.0051922089987784,0.04274856100528268,ToeSegmentation1,95
0,0,0.1,shapley_sampling,feature_ablation,1.0,1.0,0.0,0.48300150591826396,0.4830015049741935,0,0,1.0051922089987784,0.04274856100528268,ToeSegmentation1,95
0,0,0.2,shapley_sampling,feature_ablation,0.34146341463414637,0.509090909090909,0.09747292418772563,0.4139394318277241,0.4863881061115753,0,0,1.0051922089987784,0.04274856100528268,ToeSegmentation1,95
0,0,0.05,shapley_sampling,tshap_centroid,0.2727272727272727,0.42857142857142855,0.02888086642599278,0.37571435566480843,0.49704250954827617,0,0,1.0051922089987784,0.016436818994407076,ToeSegmentation1,95
0,0,0.1,shapley_sampling,tshap_centroid,0.9310344827586207,0.9642857142857143,0.0036101083032490976,0.48300150591826396,0.48425307045137955,0,0,1.0051922089987784,0.016436818994407076,ToeSegmentation1,95
0,0,0.2,shapley_sampling,tshap_centroid,0.5942028985507246,0.7454545454545455,0.05054151624548736,0.4139394318277241,0.386102554919787,0,0,1.0051922089987784,0.016436818994407076,ToeSegmentation1,95
0,0,0.05,shapley_sampling,tshap_zero,0.0,0.0,0.41155234657039713,0.37571435566480843,-0.016298168857112327,0,0,1.0051922089987784,0.01841859400155954,ToeSegmentation1,95
0,0,0.1,shapley_sampling,tshap_zero,0.0,0.0,0.4332129963898917,0.48300150591826396,-0.08529313454097098,0,0,1.0051922089987784,0.01841859400155954,ToeSegmentation1,95
0,0,0.2,shapley_sampling,tshap_zero,0.0,0.0,0.3935018050541516,0.4139394318277241,-0.09509743428397555,0,0,1.0051922089987784,0.01841859400155954,ToeSegmentation1,95
0,0,0.05,shapley_sampling,tshap_train,0.2727272727272727,0.42857142857142855,0.02888086642599278,0.37571435566480843,0.4970425018257488,0,0,1.0051922089987784,0.16690196900162846,ToeSegmentation1,95
0,0,0.1,shapley_sampling,tshap_train,0.8666666666666667,0.9285714285714286,0.007220216606498195,0.48300150591826396,0.46157437477649776,0,0,1.0051922089987784,0.16690196900162846,ToeSegmentation1,95
0,0,0.2,shapley_sampling,tshap_train,0.6176470588235294,0.7636363636363637,0.04693140794223827,0.4139394318277241,0.35941926204792063,0,0,1.0051922089987784,0.16690196900162846,ToeSegmentation1,95
0,0,0.05,shapley_sampling,mrsqm,0.0,0.0,0.6064981949458483,0.37571435566480843,0.022443560973319676,0,0,1.0051922089987784,2.533799852244556e-05,ToeSegmentation1,95
0,0,0.1,shapley_sampling,mrsqm,0.0,0.0,0.6064981949458483,0.48300150591826396,0.15900001969058386,0,0,1.0051922089987784,2.533799852244556e-05,ToeSegmentation1,95
0,0,0.2,shapley_sampling,mrsqm,0.0,0.0,0.5090252707581228,0.4139394318277241,0.11416322239057719,0,0,1.0051922089987784,2.533799852244556e-05,ToeSegmentation1,95
0,0,0.05,feature_ablation,tshap_centroid,0.0,0.0,0.2815884476534296,0.42123193955636273,0.49704250954827617,0,0,0.04274856100528268,0.016436818994407076,ToeSegmentation1,95
0,0,0.1,feature_ablation,tshap_centroid,0.9310344827586207,0.9642857142857143,0.0036101083032490976,0.4830015049741935,0.48425307045137955,0,0,0.04274856100528268,0.016436818994407076,ToeSegmentation1,95
0,0,0.2,feature_ablation,tshap_centroid,0.6176470588235294,0.7636363636363637,0.04693140794223827,0.4863881061115753,0.386102554919787,0,0,0.04274856100528268,0.016436818994407076,ToeSegmentation1,95
0,0,0.05,feature_ablation,tshap_zero,0.0,0.0,0.1588447653429603,0.42123193955636273,-0.016298168857112327,0,0,0.04274856100528268,0.01841859400155954,ToeSegmentation1,95
0,0,0.1,feature_ablation,tshap_zero,0.0,0.0,0.4332129963898917,0.4830015049741935,-0.08529313454097098,0,0,0.04274856100528268,0.01841859400155954,ToeSegmentation1,95
0,0,0.2,feature_ablation,tshap_zero,0.0,0.0,0.49097472924187724,0.4863881061115753,-0.09509743428397555,0,0,0.04274856100528268,0.01841859400155954,ToeSegmentation1,95
0,0,0.05,feature_ablation,tshap_train,0.0,0.0,0.2815884476534296,0.42123193955636273,0.4970425018257488,0,0,0.04274856100528268,0.16690196900162846,ToeSegmentation1,95
0,0,0.1,feature_ablation,tshap_train,0.8666666666666667,0.9285714285714286,0.007220216606498195,0.4830015049741935,0.46157437477649776,0,0,0.04274856100528268,0.16690196900162846,ToeSegmentation1,95
0,0,0.2,feature_ablation,tshap_train,0.5942028985507246,0.7454545454545455,0.05054151624548736,0.4863881061115753,0.35941926204792063,0,0,0.04274856100528268,0.16690196900162846,ToeSegmentation1,95
0,0,0.05,feature_ablation,mrsqm,0.0,0.0,0.35379061371841153,0.42123193955636273,0.022443560973319676,0,0,0.04274856100528268,2.533799852244556e-05,ToeSegmentation1,95
0,0,0.1,feature_ablation,mrsqm,0.0,0.0,0.6064981949458483,0.4830015049741935,0.15900001969058386,0,0,0.04274856100528268,2.533799852244556e-05,ToeSegmentation1,95
0,0,0.2,feature_ablation,mrsqm,0.0,0.0,0.6064981949458483,0.4863881061115753,0.11416322239057719,0,0,0.04274856100528268,2.533799852244556e-05,ToeSegmentation1,95
0,0,0.05,tshap_centroid,tshap_zero,0.0,0.0,0.4404332129963899,0.49704250954827617,-0.016298168857112327,0,0,0.016436818994407076,0.01841859400155954,ToeSegmentation1,95
0,0,0.1,tshap_centroid,tshap_zero,0.0,0.0,0.4368231046931408,0.48425307045137955,-0.08529313454097098,0,0,0.016436818994407076,0.01841859400155954,ToeSegmentation1,95
0,0,0.2,tshap_centroid,tshap_zero,0.0,0.0,0.44404332129963897,0.386102554919787,-0.09509743428397555,0,0,0.016436818994407076,0.01841859400155954,ToeSegmentation1,95
0,0,0.05,tshap_centroid,tshap_train,1.0,1.0,0.0,0.49704250954827617,0.4970425018257488,0,0,0.016436818994407076,0.16690196900162846,ToeSegmentation1,95
0,0,0.1,tshap_centroid,tshap_train,0.9310344827586207,0.9642857142857143,0.0036101083032490976,0.48425307045137955,0.46157437477649776,0,0,0.016436818994407076,0.16690196900162846,ToeSegmentation1,95
0,0,0.2,tshap_centroid,tshap_train,0.9642857142857143,0.9818181818181818,0.0036101083032490976,0.386102554919787,0.35941926204792063,0,0,0.016436818994407076,0.16690196900162846,ToeSegmentation1,95
0,0,0.05,tshap_centroid,mrsqm,0.0,0.0,0.6353790613718412,0.49704250954827617,0.022443560973319676,0,0,0.016436818994407076,2.533799852244556e-05,ToeSegmentation1,95
0,0,0.1,tshap_centroid,mrsqm,0.0,0.0,0.6101083032490975,0.48425307045137955,0.15900001969058386,0,0,0.016436818994407076,2.533799852244556e-05,ToeSegmentation1,95
0,0,0.2,tshap_centroid,mrsqm,0.0,0.0,0.5595667870036101,0.386102554919787,0.11416322239057719,0,0,0.016436818994407076,2.533799852244556e-05,ToeSegmentation1,95
0,0,0.05,tshap_zero,tshap_train,0.0,0.0,0.4404332129963899,-0.016298168857112327,0.4970425018257488,0,0,0.01841859400155954,0.16690196900162846,ToeSegmentation1,95
0,0,0.1,tshap_zero,tshap_train,0.0,0.0,0.4404332129963899,-0.08529313454097098,0.46157437477649776,0,0,0.01841859400155954,0.16690196900162846,ToeSegmentation1,95
0,0,0.2,tshap_zero,tshap_train,0.0,0.0,0.4404332129963899,-0.09509743428397555,0.35941926204792063,0,0,0.01841859400155954,0.16690196900162846,ToeSegmentation1,95
0,0,0.05,tshap_zero,mrsqm,0.0,0.0,0.19494584837545126,-0.016298168857112327,0.022443560973319676,0,0,0.01841859400155954,2.533799852244556e-05,ToeSegmentation1,95
0,0,0.1,tshap_zero,mrsqm,0.0,0.0,0.17328519855595667,-0.08529313454097098,0.15900001969058386,0,0,0.01841859400155954,2.533799852244556e-05,ToeSegmentation1,95
0,0,0.2,tshap_zero,mrsqm,0.26436781609195403,0.41818181818181815,0.11552346570397112,-0.09509743428397555,0.11416322239057719,0,0,0.01841859400155954,2.533799852244556e-05,ToeSegmentation1,95
0,0,0.05,tshap_train,mrsqm,0.0,0.0,0.6353790613718412,0.4970425018257488,0.022443560973319676,0,0,0.16690196900162846,2.533799852244556e-05,ToeSegmentation1,95
0,0,0.1,tshap_train,mrsqm,0.0,0.0,0.6137184115523465,0.46157437477649776,0.15900001969058386,0,0,0.16690196900162846,2.533799852244556e-05,ToeSegmentation1,95
0,0,0.2,tshap_train,mrsqm,0.0,0.0,0.555956678700361,0.35941926204792063,0.11416322239057719,0,0,0.16690196900162846,2.533799852244556e-05,ToeSegmentation1,95
1,1,0.05,hydra,shapley_sampling,0.0,0.0,0.37184115523465705,-0.06317817185533992,-0.007770339071354826,0,0,0.1484523260005517,1.008326166003826,ToeSegmentation1,153
1,1,0.1,hydra,shapley_sampling,0.0,0.0,0.3212996389891697,-0.1187997433622413,-0.013031521977649785,0,0,0.1484523260005517,1.008326166003826,ToeSegmentation1,153
1,1,0.2,hydra,shapley_sampling,0.0,0.0,0.37906137184115524,0.0603167373485653,0.1200562077814879,0,0,0.1484523260005517,1.008326166003826,ToeSegmentation1,153
1,1,0.05,hydra,feature_ablation,0.0,0.0,0.5234657039711191,-0.06317817185533992,-0.24696608511426166,0,0,0.1484523260005517,0.042850161997193936,ToeSegmentation1,153
1,1,0.1,hydra,feature_ablation,0.0,0.0,0.4729241877256318,-0.1187997433622413,-0.1902212311395146,0,0,0.1484523260005517,0.042850161997193936,ToeSegmentation1,153
1,1,0.2,hydra,feature_ablation,0.0,0.0,0.5306859205776173,0.0603167373485653,-0.1621462020788984,0,0,0.1484523260005517,0.042850161997193936,ToeSegmentation1,153
1,1,0.05,hydra,tshap_centroid,0.0,0.0,0.15162454873646208,-0.06317817185533992,-0.1193933588180871,0,0,0.1484523260005517,0.01648783600103343,ToeSegmentation1,153
1,1,0.1,hydra,tshap_centroid,0.0,0.0,0.12274368231046931,-0.1187997433622413,-0.07663907466724407,0,0,0.1484523260005517,0.01648783600103343,ToeSegmentation1,153
1,1,0.2,hydra,tshap_centroid,0.1,0.18181818181818182,0.1624548736462094,0.0603167373485653,-0.29924184479598503,0,0,0.1484523260005517,0.01648783600103343,ToeSegmentation1,153
1,1,0.05,hydra,tshap_zero,0.0,0.0,0.06498194945848375,-0.06317817185533992,0.0386324188073941,0,0,0.1484523260005517,0.018446617999870796,ToeSegmentation1,153
1,1,0.1,hydra,tshap_zero,0.07692307692307693,0.14285714285714285,0.08664259927797834,-0.1187997433622413,0.12572828334295183,0,0,0.1484523260005517,0.018446617999870796,ToeSegmentation1,153
1,1,0.2,hydra,tshap_zero,0.0,0.0,0.36462093862815886,0.0603167373485653,0.12686100033566838,0,0,0.1484523260005517,0.018446617999870796,ToeSegmentation1,153
1,1,0.05,hydra,tshap_train,0.0,0.0,0.06498194945848375,-0.06317817185533992,-0.04632674873524467,0,0,0.1484523260005517,0.16703525000048103,ToeSegmentation1,153
1,1,0.1,hydra,tshap_train,0.4,0.5714285714285714,0.04332129963898917,-0.1187997433622413,-0.16351577137162787,0,0,0.1484523260005517,0.16703525000048103,ToeSegmentation1,153
1,1,0.2,hydra,tshap_train,0.29411764705882354,0.45454545454545453,0.10830324909747292,0.0603167373485653,-0.24764865011203863,0,0,0.1484523260005517,0.16703525000048103,ToeSegmentation1,153
1,1,0.05,hydra,mrsqm,0.0,0.0,0.6245487364620939,-0.06317817185533992,0.0006471064802830995,0,0,0.1484523260005517,2.7531998057384044e-05,ToeSegmentation1,153
1,1,0.1,hydra,mrsqm,0.0,0.0,0.5740072202166066,-0.1187997433622413,0.1092233521435716,0,0,0.1484523260005517,2.7531998057384044e-05,ToeSegmentation1,153
1,1,0.2,hydra,mrsqm,0.0,0.0,0.5812274368231047,0.0603167373485653,-0.0408710579379713,0,0,0.1484523260005517,2.7531998057384044e-05,ToeSegmentation1,153
1,1,0.05,shapley_sampling,feature_ablation,0.0,0.0,0.15162454873646208,-0.007770339071354826,-0.24696608511426166,0,0,1.008326166003826,0.042850161997193936,ToeSegmentation1,153
1,1,0.1,shapley_sampling,feature_ablation,0.0,0.0,0.15162454873646208,-0.013031521977649785,-0.1902212311395146,0,0,1.008326166003826,0.042850161997193936,ToeSegmentation1,153
1,1,0.2,shapley_sampling,feature_ablation,0.13402061855670103,0.23636363636363636,0.15162454873646208,0.1200562077814879,-0.1621462020788984,0,0,1.008326166003826,0.042850161997193936,ToeSegmentation1,153
1,1,0.05,shapley_sampling,tshap_centroid,0.0,0.0,0.22021660649819494,-0.007770339071354826,-0.1193933588180871,0,0,1.008326166003826,0.01648783600103343,ToeSegmentation1,153
1,1,0.1,shapley_sampling,tshap_centroid,0.0,0.0,0.19855595667870035,-0.013031521977649785,-0.07663907466724407,0,0,1.008326166003826,0.01648783600103343,ToeSegmentation1,153
1,1,0.2,shapley_sampling,tshap_centroid,0.0,0.0,0.21660649819494585,0.1200562077814879,-0.29924184479598503,0,0,1.008326166003826,0.01648783600103343,ToeSegmentation1,153
1,1,0.05,shapley_sampling,tshap_zero,0.0,0.0,0.4368231046931408,-0.007770339071354826,0.0386324188073941,0,0,1.008326166003826,0.018446617999870796,ToeSegmentation1,153
1,1,0.1,shapley_sampling,tshap_zero,0.0,0.0,0.40794223826714804,-0.013031521977649785,0.12572828334295183,0,0,1.008326166003826,0.018446617999870796,ToeSegmentation1,153
1,1,0.2,shapley_sampling,tshap_zero,0.864406779661017,0.9272727272727272,0.01444043321299639,0.1200562077814879,0.12686100033566838,0,0,1.008326166003826,0.018446617999870796,ToeSegmentation1,153
1,1,0.05,shapley_sampling,tshap_train,0.0,0.0,0.30685920577617326,-0.007770339071354826,-0.04632674873524467,0,0,1.008326166003826,0.16703525000048103,ToeSegmentation1,153
1,1,0.1,shapley_sampling,tshap_train,0.0,0.0,0.2779783393501805,-0.013031521977649785,-0.16351577137162787,0,0,1.008326166003826,0.16703525000048103,ToeSegmentation1,153
1,1,0.2,shapley_sampling,tshap_train,0.0,0.0,0.27075812274368233,0.1200562077814879,-0.24764865011203863,0,0,1.008326166003826,0.16703525000048103,ToeSegmentation1,153
1,1,0.05,shapley_sampling,mrsqm,0.0,0.0,0.2527075812274368,-0.007770339071354826,0.0006471064802830995,0,0,1.008326166003826,2.7531998057384044e-05,ToeSegmentation1,153
1,1,0.1,shapley_sampling,mrsqm,0.0,0.0,0.2527075812274368,-0.013031521977649785,0.1092233521435716,0,0,1.008326166003826,2.7531998057384044e-05,ToeSegmentation1,153
1,1,0.2,shapley_sampling,mrsqm,0.0,0.0,0.20216606498194944,0.1200562077814879,-0.0408710579379713,0,0,1.008326166003826,2.7531998057384044e-05,ToeSegmentation1,153
1,1,0.05,feature_ablation,tshap_centroid,0.0,0.0,0.37184115523465705,-0.24696608511426166,-0.1193933588180871,0,0,0.042850161997193936,0.01648783600103343,ToeSegmentation1,153
1,1,0.1,feature_ablation,tshap_centroid,0.0,0.0,0.35018050541516244,-0.1902212311395146,-0.07663907466724407,0,0,0.042850161997193936,0.01648783600103343,ToeSegmentation1,153
1,1,0.2,feature_ablation,tshap_centroid,0.0,0.0,0.36823104693140796,-0.1621462020788984,-0.29924184479598503,0,0,0.042850161997193936,0.01648783600103343,ToeSegmentation1,153
1,1,0.05,feature_ablation,tshap_zero,0.0,0.0,0.5884476534296029,-0.24696608511426166,0.0386324188073941,0,0,0.042850161997193936,0.018446617999870796,ToeSegmentation1,153
1,1,0.1,feature_ablation,tshap_zero,0.0,0.0,0.5595667870036101,-0.1902212311395146,0.12572828334295183,0,0,0.042850161997193936,0.018446617999870796,ToeSegmentation1,153
1,1,0.2,feature_ablation,tshap_zero,0.0891089108910891,0.16363636363636364,0.16606498194945848,-0.1621462020788984,0.12686100033566838,0,0,0.042850161997193936,0.018446617999870796,ToeSegmentation1,153
1,1,0.05,feature_ablation,tshap_train,0.0,0.0,0.4584837545126354,-0.24696608511426166,-0.04632674873524467,0,0,0.042850161997193936,0.16703525000048103,ToeSegmentation1,153
1,1,0.1,feature_ablation,tshap_train,0.0,0.0,0.4296028880866426,-0.1902212311395146,-0.16351577137162787,0,0,0.042850161997193936,0.16703525000048103,ToeSegmentation1,153
1,1,0.2,feature_ablation,tshap_train,0.0,0.0,0.4223826714801444,-0.1621462020788984,-0.24764865011203863,0,0,0.042850161997193936,0.16703525000048103,ToeSegmentation1,153
1,1,0.05,feature_ablation,mrsqm,0.0,0.0,0.10108303249097472,-0.24696608511426166,0.0006471064802830995,0,0,0.042850161997193936,2.7531998057384044e-05,ToeSegmentation1,153
1,1,0.1,feature_ablation,mrsqm,0.0,0.0,0.10108303249097472,-0.1902212311395146,0.1092233521435716,0,0,0.042850161997193936,2.7531998057384044e-05,ToeSegmentation1,153
1,1,0.2,feature_ablation,mrsqm,0.5942028985507246,0.7454545454545455,0.05054151624548736,-0.1621462020788984,-0.0408710579379713,0,0,0.042850161997193936,2.7531998057384044e-05,ToeSegmentation1,153
1,1,0.05,tshap_centroid,tshap_zero,0.0,0.0,0.21660649819494585,-0.1193933588180871,0.0386324188073941,0,0,0.01648783600103343,0.018446617999870796,ToeSegmentation1,153
1,1,0.1,tshap_centroid,tshap_zero,0.0,0.0,0.20938628158844766,-0.07663907466724407,0.12572828334295183,0,0,0.01648783600103343,0.018446617999870796,ToeSegmentation1,153
1,1,0.2,tshap_centroid,tshap_zero,0.0,0.0,0.20216606498194944,-0.29924184479598503,0.12686100033566838,0,0,0.01648783600103343,0.018446617999870796,ToeSegmentation1,153
1,1,0.05,tshap_centroid,tshap_train,0.0,0.0,0.08664259927797834,-0.1193933588180871,-0.04632674873524467,0,0,0.01648783600103343,0.16703525000048103,ToeSegmentation1,153
1,1,0.1,tshap_centroid,tshap_train,0.12,0.21428571428571427,0.07942238267148015,-0.07663907466724407,-0.16351577137162787,0,0,0.01648783600103343,0.16703525000048103,ToeSegmentation1,153
1,1,0.2,tshap_centroid,tshap_train,0.5714285714285714,0.7272727272727273,0.05415162454873646,-0.29924184479598503,-0.24764865011203863,0,0,0.01648783600103343,0.16703525000048103,ToeSegmentation1,153
1,1,0.05,tshap_centroid,mrsqm,0.0,0.0,0.4729241877256318,-0.1193933588180871,0.0006471064802830995,0,0,0.01648783600103343,2.7531998057384044e-05,ToeSegmentation1,153
1,1,0.1,tshap_centroid,mrsqm,0.0,0.0,0.45126353790613716,-0.07663907466724407,0.1092233521435716,0,0,0.01648783600103343,2.7531998057384044e-05,ToeSegmentation1,153
1,1,0.2,tshap_centroid,mrsqm,0.0,0.0,0.4187725631768953,-0.29924184479598503,-0.0408710579379713,0,0,0.01648783600103343,2.7531998057384044e-05,ToeSegmentation1,153
1,1,0.05,tshap_zero,tshap_train,0.0,0.0,0.1299638989169675,0.0386324188073941,-0.04632674873524467,0,0,0.018446617999870796,0.16703525000048103,ToeSegmentation1,153
1,1,0.1,tshap_zero,tshap_train,0.0,0.0,0.1299638989169675,0.12572828334295183,-0.16351577137162787,0,0,0.018446617999870796,0.16703525000048103,ToeSegmentation1,153
1,1,0.2,tshap_zero,tshap_train,0.0,0.0,0.2563176895306859,0.12686100033566838,-0.24764865011203863,0,0,0.018446617999870796,0.16703525000048103,ToeSegmentation1,153
1,1,0.05,tshap_zero,mrsqm,0.0,0.0,0.6895306859205776,0.0386324188073941,0.0006471064802830995,0,0,0.018446617999870796,2.7531998057384044e-05,ToeSegmentation1,153
1,1,0.1,tshap_zero,mrsqm,0.0,0.0,0.6606498194945848,0.12572828334295183,0.1092233521435716,0,0,0.018446617999870796,2.7531998057384044e-05,ToeSegmentation1,153
1,1,0.2,tshap_zero,mrsqm,0.0,0.0,0.21660649819494585,0.12686100033566838,-0.0408710579379713,0,0,0.018446617999870796,2.7531998057384044e-05,ToeSegmentation1,153
1,1,0.05,tshap_train,mrsqm,0.0,0.0,0.5595667870036101,-0.04632674873524467,0.0006471064802830995,0,0,0.16703525000048103,2.7531998057384044e-05,ToeSegmentation1,153
1,1,0.1,tshap_train,mrsqm,0.0,0.0,0.5306859205776173,-0.16351577137162787,0.1092233521435716,0,0,0.16703525000048103,2.7531998057384044e-05,ToeSegmentation1,153
1,1,0.2,tshap_train,mrsqm,0.0,0.0,0.4729241877256318,-0.24764865011203863,-0.0408710579379713,0,0,0.16703525000048103,2.7531998057384044e-05,ToeSegmentation1,153
1,1,0.05,hydra,shapley_sampling,0.0,0.0,0.148014440433213,-0.029729139635222945,-0.4078355697372379,0,0,0.1489820540009532,1.012715548997221,ToeSegmentation1,120
1,1,0.1,hydra,shapley_sampling,0.0,0.0,0.4187725631768953,-0.5128233785791699,0.2454495253291458,0,0,0.1489820540009532,1.012715548997221,ToeSegmentation1,120
1,1,0.2,hydra,shapley_sampling,0.0,0.0,0.3104693140794224,-0.42372116612773036,0.052491279105896294,0,0,0.1489820540009532,1.012715548997221,ToeSegmentation1,120
1,1,0.05,hydra,feature_ablation,0.0,0.0,0.148014440433213,-0.029729139635222945,-0.4078355660429659,0,0,0.1489820540009532,0.04327375099819619,ToeSegmentation1,120
1,1,0.1,hydra,feature_ablation,0.47368421052631576,0.6428571428571429,0.036101083032490974,-0.5128233785791699,-0.38865094322654403,0,0,0.1489820540009532,0.04327375099819619,ToeSegmentation1,120
1,1,0.2,hydra,feature_ablation,0.1702127659574468,0.2909090909090909,0.1407942238267148,-0.42372116612773036,-0.20914498640403612,0,0,0.1489820540009532,0.04327375099819619,ToeSegmentation1,120
1,1,0.05,hydra,tshap_centroid,0.0,0.0,0.1552346570397112,-0.029729139635222945,-0.35792363814650263,0,0,0.1489820540009532,0.01663519300200278,ToeSegmentation1,120
1,1,0.1,hydra,tshap_centroid,0.75,0.8571428571428571,0.01444043321299639,-0.5128233785791699,-0.4623375083006209,0,0,0.1489820540009532,0.01663519300200278,ToeSegmentation1,120
1,1,0.2,hydra,tshap_centroid,0.5942028985507246,0.7454545454545455,0.05054151624548736,-0.42372116612773036,-0.3969248575110491,0,0,0.1489820540009532,0.01663519300200278,ToeSegmentation1,120
1,1,0.05,hydra,tshap_zero,0.0,0.0,0.2815884476534296,-0.029729139635222945,0.2032811084570574,0,0,0.1489820540009532,0.01892874600162031,ToeSegmentation1,120
1,1,0.1,hydra,tshap_zero,0.0,0.0,0.4296028880866426,-0.5128233785791699,0.21625866781498085,0,0,0.1489820540009532,0.01892874600162031,ToeSegmentation1,120
1,1,0.2,hydra,tshap_zero,0.0,0.0,0.40794223826714804,-0.42372116612773036,0.2784948484913073,0,0,0.1489820540009532,0.01892874600162031,ToeSegmentation1,120
1,1,0.05,hydra,tshap_train,0.0,0.0,0.1552346570397112,-0.029729139635222945,-0.3579236310687558,0,0,0.1489820540009532,0.16761028399923816,ToeSegmentation1,120
1,1,0.1,hydra,tshap_train,1.0,1.0,0.0,-0.5128233785791699,-0.5128233772467525,0,0,0.1489820540009532,0.16761028399923816,ToeSegmentation1,120
1,1,0.2,hydra,tshap_train,0.9298245614035088,0.9636363636363636,0.007220216606498195,-0.42372116612773036,-0.42641149271057854,0,0,0.1489820540009532,0.16761028399923816,ToeSegmentation1,120
1,1,0.05,hydra,mrsqm,0.0,0.0,0.5595667870036101,-0.029729139635222945,0.11526119125666126,0,0,0.1489820540009532,2.7812995540443808e-05,ToeSegmentation1,120
1,1,0.1,hydra,mrsqm,0.0,0.0,0.6714801444043321,-0.5128233785791699,0.022208715778302024,0,0,0.1489820540009532,2.7812995540443808e-05,ToeSegmentation1,120
1,1,0.2,hydra,mrsqm,0.0,0.0,0.5667870036101083,-0.42372116612773036,0.025858357028103574,0,0,0.1489820540009532,2.7812995540443808e-05,ToeSegmentation1,120
1,1,0.05,shapley_sampling,feature_ablation,1.0,1.0,0.0,-0.4078355697372379,-0.4078355660429659,0,0,1.012715548997221,0.04327375099819619,ToeSegmentation1,120
1,1,0.1,shapley_sampling,feature_ablation,0.0,0.0,0.4548736462093863,0.2454495253291458,-0.38865094322654403,0,0,1.012715548997221,0.04327375099819619,ToeSegmentation1,120
1,1,0.2,shapley_sampling,feature_ablation,0.0,0.0,0.45126353790613716,0.052491279105896294,-0.20914498640403612,0,0,1.012715548997221,0.04327375099819619,ToeSegmentation1,120
1,1,0.05,shapley_sampling,tshap_centroid,0.75,0.8571428571428571,0.007220216606498195,-0.4078355697372379,-0.35792363814650263,0,0,1.012715548997221,0.01663519300200278,ToeSegmentation1,120
1,1,0.1,shapley_sampling,tshap_centroid,0.0,0.0,0.4332129963898917,0.2454495253291458,-0.4623375083006209,0,0,1.012715548997221,0.01663519300200278,ToeSegmentation1,120
1,1,0.2,shapley_sampling,tshap_centroid,0.0,0.0,0.36101083032490977,0.052491279105896294,-0.3969248575110491,0,0,1.012715548997221,0.01663519300200278,ToeSegmentation1,120
1,1,0.05,shapley_sampling,tshap_zero,0.0,0.0,0.4296028880866426,-0.4078355697372379,0.2032811084570574,0,0,1.012715548997221,0.01892874600162031,ToeSegmentation1,120
1,1,0.1,shapley_sampling,tshap_zero,0.8064516129032258,0.8928571428571429,0.010830324909747292,0.2454495253291458,0.21625866781498085,0,0,1.012715548997221,0.01892874600162031,ToeSegmentation1,120
1,1,0.2,shapley_sampling,tshap_zero,0.34146341463414637,0.509090909090909,0.09747292418772563,0.052491279105896294,0.2784948484913073,0,0,1.012715548997221,0.01892874600162031,ToeSegmentation1,120
1,1,0.05,shapley_sampling,tshap_train,0.75,0.8571428571428571,0.007220216606498195,-0.4078355697372379,-0.3579236310687558,0,0,1.012715548997221,0.16761028399923816,ToeSegmentation1,120
1,1,0.1,shapley_sampling,tshap_train,0.0,0.0,0.4187725631768953,0.2454495253291458,-0.5128233772467525,0,0,1.012715548997221,0.16761028399923816,ToeSegmentation1,120
1,1,0.2,shapley_sampling,tshap_train,0.0,0.0,0.3176895306859206,0.052491279105896294,-0.42641149271057854,0,0,1.012715548997221,0.16761028399923816,ToeSegmentation1,120
1,1,0.05,shapley_sampling,mrsqm,0.0,0.0,0.7075812274368231,-0.4078355697372379,0.11526119125666126,0,0,1.012715548997221,2.7812995540443808e-05,ToeSegmentation1,120
1,1,0.1,shapley_sampling,mrsqm,0.0,0.0,0.2527075812274368,0.2454495253291458,0.022208715778302024,0,0,1.012715548997221,2.7812995540443808e-05,ToeSegmentation1,120
1,1,0.2,shapley_sampling,mrsqm,0.0,0.0,0.2563176895306859,0.052491279105896294,0.025858357028103574,0,0,1.012715548997221,2.7812995540443808e-05,ToeSegmentation1,120
1,1,0.05,feature_ablation,tshap_centroid,0.75,0.8571428571428571,0.007220216606498195,-0.4078355660429659,-0.35792363814650263,0,0,0.04327375099819619,0.01663519300200278,ToeSegmentation1,120
1,1,0.1,feature_ablation,tshap_centroid,0.6470588235294118,0.7857142857142857,0.021660649819494584,-0.38865094322654403,-0.4623375083006209,0,0,0.04327375099819619,0.01663519300200278,ToeSegmentation1,120
1,1,0.2,feature_ablation,tshap_centroid,0.375,0.5454545454545454,0.09025270758122744,-0.20914498640403612,-0.3969248575110491,0,0,0.04327375099819619,0.01663519300200278,ToeSegmentation1,120
1,1,0.05,feature_ablation,tshap_zero,0.0,0.0,0.4296028880866426,-0.4078355660429659,0.2032811084570574,0,0,0.04327375099819619,0.01892874600162031,ToeSegmentation1,120
1,1,0.1,feature_ablation,tshap_zero,0.0,0.0,0.4657039711191336,-0.38865094322654403,0.21625866781498085,0,0,0.04327375099819619,0.01892874600162031,ToeSegmentation1,120
1,1,0.2,feature_ablation,tshap_zero,0.0,0.0,0.5487364620938628,-0.20914498640403612,0.2784948484913073,0,0,0.04327375099819619,0.01892874600162031,ToeSegmentation1,120
1,1,0.05,feature_ablation,tshap_train,0.75,0.8571428571428571,0.007220216606498195,-0.4078355660429659,-0.3579236310687558,0,0,0.04327375099819619,0.16761028399923816,ToeSegmentation1,120
1,1,0.1,feature_ablation,tshap_train,0.47368421052631576,0.6428571428571429,0.036101083032490974,-0.38865094322654403,-0.5128233772467525,0,0,0.04327375099819619,0.16761028399923816,ToeSegmentation1,120
1,1,0.2,feature_ablation,tshap_train,0.1956521739130435,0.32727272727272727,0.13357400722021662,-0.20914498640403612,-0.42641149271057854,0,0,0.04327375099819619,0.16761028399923816,ToeSegmentation1,120
1,1,0.05,feature_ablation,mrsqm,0.0,0.0,0.7075812274368231,-0.4078355660429659,0.11526119125666126,0,0,0.04327375099819619,2.7812995540443808e-05,ToeSegmentation1,120
1,1,0.1,feature_ablation,mrsqm,0.0,0.0,0.7075812274368231,-0.38865094322654403,0.022208715778302024,0,0,0.04327375099819619,2.7812995540443808e-05,ToeSegmentation1,120
1,1,0.2,feature_ablation,mrsqm,0.0,0.0,0.7075812274368231,-0.20914498640403612,0.025858357028103574,0,0,0.04327375099819619,2.7812995540443808e-05,ToeSegmentation1,120
1,1,0.05,tshap_centroid,tshap_zero,0.0,0.0,0.4368231046931408,-0.35792363814650263,0.2032811084570574,0,0,0.01663519300200278,0.01892874600162031,ToeSegmentation1,120
1,1,0.1,tshap_centroid,tshap_zero,0.0,0.0,0.44404332129963897,-0.4623375083006209,0.21625866781498085,0,0,0.01663519300200278,0.01892874600162031,ToeSegmentation1,120
1,1,0.2,tshap_centroid,tshap_zero,0.0,0.0,0.4584837545126354,-0.3969248575110491,0.2784948484913073,0,0,0.01663519300200278,0.01892874600162031,ToeSegmentation1,120
1,1,0.05,tshap_centroid,tshap_train,1.0,1.0,0.0,-0.35792363814650263,-0.3579236310687558,0,0,0.01663519300200278,0.16761028399923816,ToeSegmentation1,120
1,1,0.1,tshap_centroid,tshap_train,0.75,0.8571428571428571,0.01444043321299639,-0.4623375083006209,-0.5128233772467525,0,0,0.01663519300200278,0.16761028399923816,ToeSegmentation1,120
1,1,0.2,tshap_centroid,tshap_train,0.6417910447761194,0.7818181818181819,0.04332129963898917,-0.3969248575110491,-0.42641149271057854,0,0,0.01663519300200278,0.16761028399923816,ToeSegmentation1,120
1,1,0.05,tshap_centroid,mrsqm,0.0,0.0,0.7148014440433214,-0.35792363814650263,0.11526119125666126,0,0,0.01663519300200278,2.7812995540443808e-05,ToeSegmentation1,120
1,1,0.1,tshap_centroid,mrsqm,0.0,0.0,0.6859205776173285,-0.4623375083006209,0.022208715778302024,0,0,0.01663519300200278,2.7812995540443808e-05,ToeSegmentation1,120
1,1,0.2,tshap_centroid,mrsqm,0.0,0.0,0.6173285198555957,-0.3969248575110491,0.025858357028103574,0,0,0.01663519300200278,2.7812995540443808e-05,ToeSegmentation1,120
1,1,0.05,tshap_zero,tshap_train,0.0,0.0,0.4368231046931408,0.2032811084570574,-0.3579236310687558,0,0,0.01892874600162031,0.16761028399923816,ToeSegmentation1,120
1,1,0.1,tshap_zero,tshap_train,0.0,0.0,0.4296028880866426,0.21625866781498085,-0.5128233772467525,0,0,0.01892874600162031,0.16761028399923816,ToeSegmentation1,120
1,1,0.2,tshap_zero,tshap_train,0.0,0.0,0.4151624548736462,0.2784948484913073,-0.42641149271057854,0,0,0.01892874600162031,0.16761028399923816,ToeSegmentation1,120
1,1,0.05,tshap_zero,mrsqm,0.0,0.0,0.2779783393501805,0.2032811084570574,0.11526119125666126,0,0,0.01892874600162031,2.7812995540443808e-05,ToeSegmentation1,120
1,1,0.1,tshap_zero,mrsqm,0.0,0.0,0.24187725631768953,0.21625866781498085,0.022208715778302024,0,0,0.01892874600162031,2.7812995540443808e-05,ToeSegmentation1,120
1,1,0.2,tshap_zero,mrsqm,0.1111111111111111,0.2,0.1588447653429603,0.2784948484913073,0.025858357028103574,0,0,0.01892874600162031,2.7812995540443808e-05,ToeSegmentation1,120
1,1,0.05,tshap_train,mrsqm,0.0,0.0,0.7148014440433214,-0.3579236310687558,0.11526119125666126,0,0,0.16761028399923816,2.7812995540443808e-05,ToeSegmentation1,120
1,1,0.1,tshap_train,mrsqm,0.0,0.0,0.6714801444043321,-0.5128233772467525,0.022208715778302024,0,0,0.16761028399923816,2.7812995540443808e-05,ToeSegmentation1,120
1,1,0.2,tshap_train,mrsqm,0.0,0.0,0.5740072202166066,-0.42641149271057854,0.025858357028103574,0,0,0.16761028399923816,2.7812995540443808e-05,ToeSegmentation1,120
