sample_idx,fraction,mode,perturbation,true_label,base_pred,masked_pred,score_before,score_after,score_drop,bounded_relative_score_drop,flipped,dataset,model
0,0.05,top,global_mean,0,0,0,0.16832579707572615,0.22864493535247976,-0.060319138276753614,-0.35834542880072445,0.0,AllGestureWiimoteY,HYDRA
0,0.05,bottom,global_mean,0,0,0,0.16832579707572615,0.04022389191042142,0.12810190516530473,0.7610309670876396,0.0,AllGestureWiimoteY,HYDRA
0,0.05,random,global_mean,0,0,0,0.16832579707572615,,0.0914414197990496,0.3854229490677988,0.0,AllGestureWiimoteY,HYDRA
0,0.1,top,global_mean,0,0,0,0.16832579707572615,0.14235103660739112,0.025974760468335023,0.15431149953295675,0.0,AllGestureWiimoteY,HYDRA
0,0.1,bottom,global_mean,0,0,0,0.16832579707572615,0.022602901768355332,0.14572289530737081,0.865714181217466,0.0,AllGestureWiimoteY,HYDRA
0,0.1,random,global_mean,0,0,2,0.16832579707572615,,0.41865765097385504,0.6715154190922789,0.4,AllGestureWiimoteY,HYDRA
0,0.2,top,global_mean,0,0,0,0.16832579707572615,0.35749689809060103,-0.1891711010148749,-1.0,0.0,AllGestureWiimoteY,HYDRA
0,0.2,bottom,global_mean,0,0,0,0.16832579707572615,0.1633281500952395,0.0049976469804866586,0.02969014480943482,0.0,AllGestureWiimoteY,HYDRA
0,0.2,random,global_mean,0,0,0,0.16832579707572615,,-0.03772340151834448,-0.22410811691125826,0.0,AllGestureWiimoteY,HYDRA
1,0.05,top,global_mean,0,0,0,0.29170582737480655,-0.17624770717739113,0.4679535345521977,1.0,0.0,AllGestureWiimoteY,HYDRA
1,0.05,bottom,global_mean,0,0,0,0.29170582737480655,0.2229912473096749,0.06871458006513165,0.2355604107162088,0.0,AllGestureWiimoteY,HYDRA
1,0.05,random,global_mean,0,0,0,0.29170582737480655,,0.07942865670977887,0.27228933043697007,0.0,AllGestureWiimoteY,HYDRA
1,0.1,top,global_mean,0,0,0,0.29170582737480655,-0.3112881688858127,0.6029939962606192,1.0,0.0,AllGestureWiimoteY,HYDRA
1,0.1,bottom,global_mean,0,0,0,0.29170582737480655,-0.13461679081901234,0.4263226181938189,1.0,0.0,AllGestureWiimoteY,HYDRA
1,0.1,random,global_mean,0,0,1,0.29170582737480655,,0.20526280761957483,0.4156830490015892,0.2,AllGestureWiimoteY,HYDRA
1,0.2,top,global_mean,0,0,4,0.29170582737480655,-0.47408179139105056,0.7657876187658571,1.0,1.0,AllGestureWiimoteY,HYDRA
1,0.2,bottom,global_mean,0,0,0,0.29170582737480655,0.23345361666675113,0.05825221070805542,0.19969436859703207,0.0,AllGestureWiimoteY,HYDRA
1,0.2,random,global_mean,0,0,0,0.29170582737480655,,-0.08250337947598667,-0.28282978570803297,0.0,AllGestureWiimoteY,HYDRA
2,0.05,top,global_mean,0,0,0,0.38293205956175314,-0.05891429108239732,0.44184635064415045,1.0,0.0,AllGestureWiimoteY,HYDRA
2,0.05,bottom,global_mean,0,0,0,0.38293205956175314,0.3688398801956725,0.014092179366080648,0.036800633986024636,0.0,AllGestureWiimoteY,HYDRA
2,0.05,random,global_mean,0,0,0,0.38293205956175314,,0.2219481622316354,0.43238809483827,0.0,AllGestureWiimoteY,HYDRA
2,0.1,top,global_mean,0,0,0,0.38293205956175314,-0.16940873906969678,0.5523407986314499,1.0,0.0,AllGestureWiimoteY,HYDRA
2,0.1,bottom,global_mean,0,0,0,0.38293205956175314,0.28849445783415817,0.09443760172759497,0.24661647609029597,0.0,AllGestureWiimoteY,HYDRA
2,0.1,random,global_mean,0,0,0,0.38293205956175314,,0.1729976226649421,0.38455422772671544,0.0,AllGestureWiimoteY,HYDRA
2,0.2,top,global_mean,0,0,4,0.38293205956175314,-0.6891370258753945,1.0720690854371475,1.0,1.0,AllGestureWiimoteY,HYDRA
2,0.2,bottom,global_mean,0,0,0,0.38293205956175314,0.2712883824731753,0.11164367708857781,0.29154880807718236,0.0,AllGestureWiimoteY,HYDRA
2,0.2,random,global_mean,0,0,2,0.38293205956175314,,0.3694561625885393,0.456489805106761,0.4,AllGestureWiimoteY,HYDRA
3,0.05,top,global_mean,0,0,0,0.8161853899535381,0.1708814732397842,0.6453039167137539,0.7906330277701497,0.0,AllGestureWiimoteY,HYDRA
3,0.05,bottom,global_mean,0,0,0,0.8161853899535381,0.7182478010732114,0.09793758888032666,0.11999414605026901,0.0,AllGestureWiimoteY,HYDRA
3,0.05,random,global_mean,0,0,0,0.8161853899535381,,0.05689111579801813,0.06970358302747084,0.0,AllGestureWiimoteY,HYDRA
3,0.1,top,global_mean,0,0,0,0.8161853899535381,-0.4643830394128301,1.2805684293663682,1.0,0.0,AllGestureWiimoteY,HYDRA
3,0.1,bottom,global_mean,0,0,0,0.8161853899535381,0.6156026551492644,0.2005827348042737,0.24575603964149903,0.0,AllGestureWiimoteY,HYDRA
3,0.1,random,global_mean,0,0,0,0.8161853899535381,,0.3634335106707108,0.35530676012540485,0.0,AllGestureWiimoteY,HYDRA
3,0.2,top,global_mean,0,0,4,0.8161853899535381,-0.5018551777807858,1.3180405677343239,1.0,1.0,AllGestureWiimoteY,HYDRA
3,0.2,bottom,global_mean,0,0,0,0.8161853899535381,0.6083106371673843,0.20787475278615375,0.2546902954336045,0.0,AllGestureWiimoteY,HYDRA
3,0.2,random,global_mean,0,0,1,0.8161853899535381,,0.391772148076607,0.3289851335783446,0.2,AllGestureWiimoteY,HYDRA
4,0.05,top,global_mean,0,0,0,0.16653198822534854,0.18531059581032527,-0.018778607584976736,-0.11276208867138061,0.0,AllGestureWiimoteY,HYDRA
4,0.05,bottom,global_mean,0,0,0,0.16653198822534854,0.021283824214952562,0.14524816401039597,0.8721885408904665,0.0,AllGestureWiimoteY,HYDRA
4,0.05,random,global_mean,0,0,0,0.16653198822534854,,0.04611987563972071,0.27694138039072697,0.0,AllGestureWiimoteY,HYDRA
4,0.1,top,global_mean,0,0,0,0.16653198822534854,0.08112915869420967,0.08540282953113887,0.5128283017150558,0.0,AllGestureWiimoteY,HYDRA
4,0.1,bottom,global_mean,0,0,0,0.16653198822534854,-0.021469481175508065,0.1880014694008566,1.0,0.0,AllGestureWiimoteY,HYDRA
4,0.1,random,global_mean,0,0,1,0.16653198822534854,,0.3041838122410618,0.7688018637136944,0.2,AllGestureWiimoteY,HYDRA
4,0.2,top,global_mean,0,0,0,0.16653198822534854,0.3348416272693029,-0.16830963904395435,-1.0,0.0,AllGestureWiimoteY,HYDRA
4,0.2,bottom,global_mean,0,0,1,0.16653198822534854,-0.032196936084506356,0.1987289243098549,1.0,1.0,AllGestureWiimoteY,HYDRA
4,0.2,random,global_mean,0,0,2,0.16653198822534854,,0.28192497514974824,0.12368749062213565,0.4,AllGestureWiimoteY,HYDRA
5,0.05,top,global_mean,0,0,0,-0.01581494653773663,-0.5063897183922678,0.49057477185453113,1.0,0.0,AllGestureWiimoteY,HYDRA
5,0.05,bottom,global_mean,0,0,0,-0.01581494653773663,-0.13513143938801142,0.11931649285027479,1.0,0.0,AllGestureWiimoteY,HYDRA
5,0.05,random,global_mean,0,0,2,-0.01581494653773663,,0.10759134728155846,0.004441224513040742,0.2,AllGestureWiimoteY,HYDRA
5,0.1,top,global_mean,0,0,3,-0.01581494653773663,-0.9420731336732312,0.9262581871354946,1.0,1.0,AllGestureWiimoteY,HYDRA
5,0.1,bottom,global_mean,0,0,8,-0.01581494653773663,-0.34256817554928504,0.3267532290115484,1.0,1.0,AllGestureWiimoteY,HYDRA
5,0.1,random,global_mean,0,0,2,-0.01581494653773663,,0.25733989465664037,1.0,0.2,AllGestureWiimoteY,HYDRA
5,0.2,top,global_mean,0,0,4,-0.01581494653773663,-0.9799715760195382,0.9641566294818016,1.0,1.0,AllGestureWiimoteY,HYDRA
5,0.2,bottom,global_mean,0,0,0,-0.01581494653773663,0.04586347290548465,-0.06167841944322128,-1.0,0.0,AllGestureWiimoteY,HYDRA
5,0.2,random,global_mean,0,0,1,-0.01581494653773663,,0.14113786064591902,-0.6,0.2,AllGestureWiimoteY,HYDRA
6,0.05,top,global_mean,0,0,0,0.4437256158144174,-0.02512228410803863,0.468847899922456,1.0,0.0,AllGestureWiimoteY,HYDRA
6,0.05,bottom,global_mean,0,0,0,0.4437256158144174,0.3509488849339524,0.09277673088046501,0.20908534123016775,0.0,AllGestureWiimoteY,HYDRA
6,0.05,random,global_mean,0,0,0,0.4437256158144174,,0.05257325561065555,0.11848118579536279,0.0,AllGestureWiimoteY,HYDRA
6,0.1,top,global_mean,0,0,0,0.4437256158144174,-0.13925167512777215,0.5829772909421895,1.0,0.0,AllGestureWiimoteY,HYDRA
6,0.1,bottom,global_mean,0,0,0,0.4437256158144174,0.3550891323026273,0.0886364835117901,0.19975471462108801,0.0,AllGestureWiimoteY,HYDRA
6,0.1,random,global_mean,0,0,2,0.4437256158144174,,0.37665631245273345,0.560187928273965,0.4,AllGestureWiimoteY,HYDRA
6,0.2,top,global_mean,0,0,1,0.4437256158144174,-0.6850837029488624,1.1288093187632797,1.0,1.0,AllGestureWiimoteY,HYDRA
6,0.2,bottom,global_mean,0,0,0,0.4437256158144174,0.49522094832225716,-0.051495332507839775,-0.11605193529652276,0.0,AllGestureWiimoteY,HYDRA
6,0.2,random,global_mean,0,0,2,0.4437256158144174,,0.40907925108907717,0.35303081168965084,0.4,AllGestureWiimoteY,HYDRA
7,0.05,top,global_mean,0,0,0,0.31678951599525784,0.16058206319285495,0.1562074528024029,0.4930938425086603,0.0,AllGestureWiimoteY,HYDRA
7,0.05,bottom,global_mean,0,0,0,0.31678951599525784,0.22776329671491147,0.08902621928034637,0.2810255193425016,0.0,AllGestureWiimoteY,HYDRA
7,0.05,random,global_mean,0,0,0,0.31678951599525784,,0.03780937842974459,0.11935135845515835,0.0,AllGestureWiimoteY,HYDRA
7,0.1,top,global_mean,0,0,0,0.31678951599525784,0.10060802202689478,0.21618149396836306,0.6824115087195325,0.0,AllGestureWiimoteY,HYDRA
7,0.1,bottom,global_mean,0,0,0,0.31678951599525784,0.20634506340539294,0.1104444525898649,0.34863560306684876,0.0,AllGestureWiimoteY,HYDRA
7,0.1,random,global_mean,0,0,0,0.31678951599525784,,0.11937188692124467,0.37681647932614126,0.0,AllGestureWiimoteY,HYDRA
7,0.2,top,global_mean,0,0,4,0.31678951599525784,-0.5003516282955142,0.817141144290772,1.0,1.0,AllGestureWiimoteY,HYDRA
7,0.2,bottom,global_mean,0,0,0,0.31678951599525784,0.3364762657726159,-0.01968674977735807,-0.06214437864564345,0.0,AllGestureWiimoteY,HYDRA
7,0.2,random,global_mean,0,0,3,0.31678951599525784,,0.5766985930712661,0.8178816828341935,0.8,AllGestureWiimoteY,HYDRA
8,0.05,top,global_mean,0,0,0,0.3977460724988562,-0.16749286616071934,0.5652389386595755,1.0,0.0,AllGestureWiimoteY,HYDRA
8,0.05,bottom,global_mean,0,0,0,0.3977460724988562,-0.16895080866638823,0.5666968811652444,1.0,0.0,AllGestureWiimoteY,HYDRA
8,0.05,random,global_mean,0,0,0,0.3977460724988562,,0.05096621454472219,0.1281372461763845,0.0,AllGestureWiimoteY,HYDRA
8,0.1,top,global_mean,0,0,0,0.3977460724988562,-0.3995125533696937,0.7972586258685499,1.0,0.0,AllGestureWiimoteY,HYDRA
8,0.1,bottom,global_mean,0,0,0,0.3977460724988562,0.23812617593583574,0.15961989656302045,0.4013100475138745,0.0,AllGestureWiimoteY,HYDRA
8,0.1,random,global_mean,0,0,0,0.3977460724988562,,0.28564678441942387,0.5051253690942364,0.0,AllGestureWiimoteY,HYDRA
8,0.2,top,global_mean,0,0,4,0.3977460724988562,-0.6489248159288739,1.04667088842773,1.0,1.0,AllGestureWiimoteY,HYDRA
8,0.2,bottom,global_mean,0,0,0,0.3977460724988562,0.2665604148837286,0.13118565761512757,0.3298218055784806,0.0,AllGestureWiimoteY,HYDRA
8,0.2,random,global_mean,0,0,1,0.3977460724988562,,0.264186836368305,0.3441781312132807,0.2,AllGestureWiimoteY,HYDRA
9,0.05,top,global_mean,0,0,0,0.19126190507366236,0.021056312554519452,0.1702055925191429,0.8899038339587622,0.0,AllGestureWiimoteY,HYDRA
9,0.05,bottom,global_mean,0,0,0,0.19126190507366236,0.12380323261833537,0.067458672455327,0.3527012853294589,0.0,AllGestureWiimoteY,HYDRA
9,0.05,random,global_mean,0,0,0,0.19126190507366236,,0.06193141659156469,0.19818085352012466,0.0,AllGestureWiimoteY,HYDRA
9,0.1,top,global_mean,0,0,3,0.19126190507366236,-0.18333810761141067,0.37460001268507304,1.0,1.0,AllGestureWiimoteY,HYDRA
9,0.1,bottom,global_mean,0,0,0,0.19126190507366236,0.09245666226200155,0.09880524281166081,0.5165938621166885,0.0,AllGestureWiimoteY,HYDRA
9,0.1,random,global_mean,0,0,1,0.19126190507366236,,0.26874267718507566,0.48349685079270543,0.2,AllGestureWiimoteY,HYDRA
9,0.2,top,global_mean,0,0,4,0.19126190507366236,-0.43228362612249566,0.623545531196158,1.0,1.0,AllGestureWiimoteY,HYDRA
9,0.2,bottom,global_mean,0,0,0,0.19126190507366236,0.1350392260016997,0.056222679071962656,0.29395495718476744,0.0,AllGestureWiimoteY,HYDRA
9,0.2,random,global_mean,0,0,2,0.19126190507366236,,0.4313819690602335,0.561111845022084,0.6,AllGestureWiimoteY,HYDRA
10,0.05,top,global_mean,0,0,0,0.5841478826382969,-0.07400203127154437,0.6581499139098412,1.0,0.0,AllGestureWiimoteY,HYDRA
10,0.05,bottom,global_mean,0,0,0,0.5841478826382969,0.27454219589677886,0.309605686741518,0.5300116048210005,0.0,AllGestureWiimoteY,HYDRA
10,0.05,random,global_mean,0,0,0,0.5841478826382969,,0.0860765682521897,0.14735381819687232,0.0,AllGestureWiimoteY,HYDRA
10,0.1,top,global_mean,0,0,1,0.5841478826382969,-0.7087192927628714,1.2928671754011682,1.0,1.0,AllGestureWiimoteY,HYDRA
10,0.1,bottom,global_mean,0,0,0,0.5841478826382969,0.47006551518281237,0.1140823674554845,0.19529673144324738,0.0,AllGestureWiimoteY,HYDRA
10,0.1,random,global_mean,0,0,1,0.5841478826382969,,0.2982287402876894,0.28293665535180346,0.2,AllGestureWiimoteY,HYDRA
10,0.2,top,global_mean,0,0,4,0.5841478826382969,-0.9323742859901722,1.5165221686284691,1.0,1.0,AllGestureWiimoteY,HYDRA
10,0.2,bottom,global_mean,0,0,0,0.5841478826382969,0.6736938613161219,-0.08954597867782499,-0.15329307534303985,0.0,AllGestureWiimoteY,HYDRA
10,0.2,random,global_mean,0,0,0,0.5841478826382969,,-0.12371639629900547,-0.21178915166325885,0.0,AllGestureWiimoteY,HYDRA
11,0.05,top,global_mean,0,0,0,0.28278151962890763,-0.26536143627170905,0.5481429559006167,1.0,0.0,AllGestureWiimoteY,HYDRA
11,0.05,bottom,global_mean,0,0,0,0.28278151962890763,0.21391483326886784,0.06886668636003979,0.2435323316675047,0.0,AllGestureWiimoteY,HYDRA
11,0.05,random,global_mean,0,0,0,0.28278151962890763,,0.15592753848461643,0.4668223656692806,0.0,AllGestureWiimoteY,HYDRA
11,0.1,top,global_mean,0,0,9,0.28278151962890763,-0.49548214788408995,0.7782636675129976,1.0,1.0,AllGestureWiimoteY,HYDRA
11,0.1,bottom,global_mean,0,0,0,0.28278151962890763,0.19486584022014997,0.08791567940875766,0.3108950281797066,0.0,AllGestureWiimoteY,HYDRA
11,0.1,random,global_mean,0,0,2,0.28278151962890763,,0.5697968110046581,0.6071359828596986,0.4,AllGestureWiimoteY,HYDRA
11,0.2,top,global_mean,0,0,4,0.28278151962890763,-0.8216187239502557,1.1044002435791633,1.0,1.0,AllGestureWiimoteY,HYDRA
11,0.2,bottom,global_mean,0,0,0,0.28278151962890763,0.33410783321424464,-0.05132631358533701,-0.18150454862871995,0.0,AllGestureWiimoteY,HYDRA
11,0.2,random,global_mean,0,0,1,0.28278151962890763,,0.12075364395406878,-0.053281167671855846,0.2,AllGestureWiimoteY,HYDRA
12,0.05,top,global_mean,0,0,0,-0.332104081314908,-0.21304687489442753,-0.11905720642048045,-0.3584925769551484,0.0,AllGestureWiimoteY,HYDRA
12,0.05,bottom,global_mean,0,0,0,-0.332104081314908,-0.2630614943847893,-0.06904258693011867,-0.20789379872405883,0.0,AllGestureWiimoteY,HYDRA
12,0.05,random,global_mean,0,0,0,-0.332104081314908,,-0.09090431522356875,-0.2737215427829352,0.0,AllGestureWiimoteY,HYDRA
12,0.1,top,global_mean,0,0,0,-0.332104081314908,-0.03687811448320466,-0.2952259668317033,-0.8889534772030928,0.0,AllGestureWiimoteY,HYDRA
12,0.1,bottom,global_mean,0,0,0,-0.332104081314908,-0.09406908249579471,-0.23803499881911327,-0.7167460307341827,0.0,AllGestureWiimoteY,HYDRA
12,0.1,random,global_mean,0,0,0,-0.332104081314908,,-0.2553245421720067,-0.7688064908886575,0.0,AllGestureWiimoteY,HYDRA
12,0.2,top,global_mean,0,0,0,-0.332104081314908,0.45862894279138433,-0.7907330241062923,-1.0,0.0,AllGestureWiimoteY,HYDRA
12,0.2,bottom,global_mean,0,0,0,-0.332104081314908,0.35681578933859326,-0.6889198706535012,-1.0,0.0,AllGestureWiimoteY,HYDRA
12,0.2,random,global_mean,0,0,0,-0.332104081314908,,-0.7698434954687002,-1.0,0.0,AllGestureWiimoteY,HYDRA
13,0.05,top,global_mean,0,0,0,0.7098170576511127,0.22248017924165064,0.48733687840946205,0.6865659067932535,0.0,AllGestureWiimoteY,HYDRA
13,0.05,bottom,global_mean,0,0,0,0.7098170576511127,0.619211195704892,0.09060586194622067,0.12764660037819853,0.0,AllGestureWiimoteY,HYDRA
13,0.05,random,global_mean,0,0,0,0.7098170576511127,,0.21414927918380217,0.30169601473996327,0.0,AllGestureWiimoteY,HYDRA
13,0.1,top,global_mean,0,0,0,0.7098170576511127,0.037813958060536335,0.6720030995905764,0.9467258438230335,0.0,AllGestureWiimoteY,HYDRA
13,0.1,bottom,global_mean,0,0,0,0.7098170576511127,0.5725180941869967,0.13729896346411596,0.19342838912616206,0.0,AllGestureWiimoteY,HYDRA
13,0.1,random,global_mean,0,0,0,0.7098170576511127,,0.10501465359702604,0.1479458749535539,0.0,AllGestureWiimoteY,HYDRA
13,0.2,top,global_mean,0,0,0,0.7098170576511127,-0.3181282991603603,1.027945356811473,1.0,0.0,AllGestureWiimoteY,HYDRA
13,0.2,bottom,global_mean,0,0,0,0.7098170576511127,0.7417862957674854,-0.031969238116372756,-0.04503863739697386,0.0,AllGestureWiimoteY,HYDRA
13,0.2,random,global_mean,0,0,2,0.7098170576511127,,0.35116865827985294,0.36912250497535953,0.4,AllGestureWiimoteY,HYDRA
14,0.05,top,global_mean,0,0,0,0.361136194163602,-0.18594287222555672,0.5470790663891587,1.0,0.0,AllGestureWiimoteY,HYDRA
14,0.05,bottom,global_mean,0,0,0,0.361136194163602,0.239483193635879,0.12165300052772299,0.33686090077061376,0.0,AllGestureWiimoteY,HYDRA
14,0.05,random,global_mean,0,0,0,0.361136194163602,,0.05143562051499604,0.14242681547693128,0.0,AllGestureWiimoteY,HYDRA
14,0.1,top,global_mean,0,0,4,0.361136194163602,-0.47214143129682296,0.8332776254604249,1.0,1.0,AllGestureWiimoteY,HYDRA
14,0.1,bottom,global_mean,0,0,0,0.361136194163602,0.19450050301600408,0.1666356911475979,0.4614193548618778,0.0,AllGestureWiimoteY,HYDRA
14,0.1,random,global_mean,0,0,2,0.361136194163602,,0.5590932608049107,0.5887880720896737,0.4,AllGestureWiimoteY,HYDRA
14,0.2,top,global_mean,0,0,4,0.361136194163602,-0.9666018655601761,1.327738059723778,1.0,1.0,AllGestureWiimoteY,HYDRA
14,0.2,bottom,global_mean,0,0,0,0.361136194163602,0.03672757528854231,0.3244086188750597,0.8982974451756317,0.0,AllGestureWiimoteY,HYDRA
14,0.2,random,global_mean,0,0,1,0.361136194163602,,0.21068290471048381,0.12227375699742993,0.2,AllGestureWiimoteY,HYDRA
15,0.05,top,global_mean,0,0,0,-0.11913448424181072,0.009838804637289256,-0.12897328887909998,-1.0,0.0,AllGestureWiimoteY,HYDRA
15,0.05,bottom,global_mean,0,0,0,-0.11913448424181072,-0.07174514466320014,-0.04738933957861058,-0.3977768662309196,0.0,AllGestureWiimoteY,HYDRA
15,0.05,random,global_mean,0,0,0,-0.11913448424181072,,-0.11443031331369746,-0.8726370503553579,0.0,AllGestureWiimoteY,HYDRA
15,0.1,top,global_mean,0,0,0,-0.11913448424181072,0.2586772572686018,-0.3778117415104125,-1.0,0.0,AllGestureWiimoteY,HYDRA
15,0.1,bottom,global_mean,0,0,5,-0.11913448424181072,-0.6620247669747379,0.5428902827329272,1.0,1.0,AllGestureWiimoteY,HYDRA
15,0.1,random,global_mean,0,0,0,-0.11913448424181072,,-0.24784499689260792,-0.6,0.0,AllGestureWiimoteY,HYDRA
15,0.2,top,global_mean,0,0,0,-0.11913448424181072,0.8273138007853846,-0.9464482850271954,-1.0,0.0,AllGestureWiimoteY,HYDRA
15,0.2,bottom,global_mean,0,0,0,-0.11913448424181072,0.6411411213600966,-0.7602756056019073,-1.0,0.0,AllGestureWiimoteY,HYDRA
15,0.2,random,global_mean,0,0,0,-0.11913448424181072,,-0.8645784980178629,-1.0,0.0,AllGestureWiimoteY,HYDRA
16,0.05,top,global_mean,0,0,0,0.1392214950776679,0.08116896545329433,0.05805252962437357,0.41697665015978824,0.0,AllGestureWiimoteY,HYDRA
16,0.05,bottom,global_mean,0,0,0,0.1392214950776679,-0.006709060928440369,0.14593055600610827,1.0,0.0,AllGestureWiimoteY,HYDRA
16,0.05,random,global_mean,0,0,0,0.1392214950776679,,0.11160703127760092,0.6321213079100291,0.0,AllGestureWiimoteY,HYDRA
16,0.1,top,global_mean,0,0,0,0.1392214950776679,-0.007830176964350954,0.14705167204201886,1.0,0.0,AllGestureWiimoteY,HYDRA
16,0.1,bottom,global_mean,0,0,0,0.1392214950776679,-0.008327525803864644,0.14754902088153254,1.0,0.0,AllGestureWiimoteY,HYDRA
16,0.1,random,global_mean,0,0,0,0.1392214950776679,,0.17147768934558338,0.9381403033149619,0.0,AllGestureWiimoteY,HYDRA
16,0.2,top,global_mean,0,0,0,0.1392214950776679,0.2738847593648013,-0.13466326428713338,-0.967252197369462,0.0,AllGestureWiimoteY,HYDRA
16,0.2,bottom,global_mean,0,0,5,0.1392214950776679,-0.8266720114949988,0.9658935065726667,1.0,1.0,AllGestureWiimoteY,HYDRA
16,0.2,random,global_mean,0,0,3,0.1392214950776679,,0.5468719789235448,0.6191244853756379,0.6,AllGestureWiimoteY,HYDRA
17,0.05,top,global_mean,0,0,0,0.7666471741252625,0.2255352597143836,0.5411119144108789,0.70581517399201,0.0,AllGestureWiimoteY,HYDRA
17,0.05,bottom,global_mean,0,0,0,0.7666471741252625,0.7440596373706876,0.02258753675457492,0.02946271512398378,0.0,AllGestureWiimoteY,HYDRA
17,0.05,random,global_mean,0,0,0,0.7666471741252625,,0.47373559052546044,0.5608452243204672,0.0,AllGestureWiimoteY,HYDRA
17,0.1,top,global_mean,0,0,4,0.7666471741252625,-0.3732322372154103,1.1398794113406727,1.0,1.0,AllGestureWiimoteY,HYDRA
17,0.1,bottom,global_mean,0,0,0,0.7666471741252625,0.5886431669705585,0.178004007154704,0.23218474022690352,0.0,AllGestureWiimoteY,HYDRA
17,0.1,random,global_mean,0,0,1,0.7666471741252625,,0.22995761188738473,0.24248250114569933,0.2,AllGestureWiimoteY,HYDRA
17,0.2,top,global_mean,0,0,0,0.7666471741252625,0.9353805161158131,-0.16873334199055057,-0.2200922765948977,0.0,AllGestureWiimoteY,HYDRA
17,0.2,bottom,global_mean,0,0,0,0.7666471741252625,0.13801108385296856,0.628636090272294,0.8199798962406205,0.0,AllGestureWiimoteY,HYDRA
17,0.2,random,global_mean,0,0,0,0.7666471741252625,,0.0028499593418664926,0.0037174279389868307,0.0,AllGestureWiimoteY,HYDRA
18,0.05,top,global_mean,0,0,0,0.34099218223582684,-0.23806385181171186,0.5790560340475387,1.0,0.0,AllGestureWiimoteY,HYDRA
18,0.05,bottom,global_mean,0,0,0,0.34099218223582684,0.22419400983750726,0.11679817239831958,0.3425234828230183,0.0,AllGestureWiimoteY,HYDRA
18,0.05,random,global_mean,0,0,1,0.34099218223582684,,0.2336525347777772,0.4556657135071294,0.2,AllGestureWiimoteY,HYDRA
18,0.1,top,global_mean,0,0,5,0.34099218223582684,-0.5092919740945181,0.8502841563303449,1.0,1.0,AllGestureWiimoteY,HYDRA
18,0.1,bottom,global_mean,0,0,0,0.34099218223582684,0.173299319098552,0.16769286313727483,0.49177775941954305,0.0,AllGestureWiimoteY,HYDRA
18,0.1,random,global_mean,0,0,2,0.34099218223582684,,0.4470718109615521,0.6201648880011605,0.4,AllGestureWiimoteY,HYDRA
18,0.2,top,global_mean,0,0,0,0.34099218223582684,0.6183430590386509,-0.2773508768028241,-0.8133619416795599,0.0,AllGestureWiimoteY,HYDRA
18,0.2,bottom,global_mean,0,0,0,0.34099218223582684,-0.008839068999241917,0.34983125123506875,1.0,0.0,AllGestureWiimoteY,HYDRA
18,0.2,random,global_mean,0,0,0,0.34099218223582684,,-0.09066063222729737,-0.26587227238050043,0.0,AllGestureWiimoteY,HYDRA
19,0.05,top,global_mean,0,0,0,0.4584455464817334,0.2288022676780328,0.2296432788037006,0.5009161494749108,0.0,AllGestureWiimoteY,HYDRA
19,0.05,bottom,global_mean,0,0,0,0.4584455464817334,0.42644402893404676,0.03200151754768665,0.06980425044812011,0.0,AllGestureWiimoteY,HYDRA
19,0.05,random,global_mean,0,0,0,0.4584455464817334,,0.01786400251773155,0.03896638038791144,0.0,AllGestureWiimoteY,HYDRA
19,0.1,top,global_mean,0,0,0,0.4584455464817334,0.2903683462513118,0.1680772002304216,0.3666233315973263,0.0,AllGestureWiimoteY,HYDRA
19,0.1,bottom,global_mean,0,0,0,0.4584455464817334,0.41024302259564616,0.048202523886087256,0.10514317155622388,0.0,AllGestureWiimoteY,HYDRA
19,0.1,random,global_mean,0,0,0,0.4584455464817334,,-0.013675142800298934,-0.0476760534111445,0.0,AllGestureWiimoteY,HYDRA
19,0.2,top,global_mean,0,0,0,0.4584455464817334,0.862777892950507,-0.4043323464687736,-0.8819618111898767,0.0,AllGestureWiimoteY,HYDRA
19,0.2,bottom,global_mean,0,0,0,0.4584455464817334,0.2918432687131436,0.16660227776858982,0.36340611363996395,0.0,AllGestureWiimoteY,HYDRA
19,0.2,random,global_mean,0,0,0,0.4584455464817334,,-0.14036436379709233,-0.21519398295899203,0.0,AllGestureWiimoteY,HYDRA
20,0.05,top,global_mean,0,0,0,0.6424383376604412,0.003994179700540612,0.6384441579599006,0.9937812343262015,0.0,AllGestureWiimoteY,HYDRA
20,0.05,bottom,global_mean,0,0,0,0.6424383376604412,0.504843446947495,0.13759489071294628,0.21417569355890145,0.0,AllGestureWiimoteY,HYDRA
20,0.05,random,global_mean,0,0,0,0.6424383376604412,,0.10050009397178275,0.15643514971821615,0.0,AllGestureWiimoteY,HYDRA
20,0.1,top,global_mean,0,0,0,0.6424383376604412,-0.3221602577425482,0.9645985954029894,1.0,0.0,AllGestureWiimoteY,HYDRA
20,0.1,bottom,global_mean,0,0,0,0.6424383376604412,0.40895444672588366,0.23348389093455757,0.36343336599659554,0.0,AllGestureWiimoteY,HYDRA
20,0.1,random,global_mean,0,0,1,0.6424383376604412,,0.6560337925828168,0.5509930768192886,0.4,AllGestureWiimoteY,HYDRA
20,0.2,top,global_mean,0,0,4,0.6424383376604412,-0.705959520427138,1.3483978580875793,1.0,1.0,AllGestureWiimoteY,HYDRA
20,0.2,bottom,global_mean,0,0,0,0.6424383376604412,0.5173132220783587,0.1251251155820825,0.19476565061807732,0.0,AllGestureWiimoteY,HYDRA
20,0.2,random,global_mean,0,0,1,0.6424383376604412,,0.37204156305487585,0.3452495565141803,0.2,AllGestureWiimoteY,HYDRA
21,0.05,top,global_mean,0,0,0,0.706377545788252,0.34929893309354676,0.3570786126947052,0.5055060276444822,0.0,AllGestureWiimoteY,HYDRA
21,0.05,bottom,global_mean,0,0,0,0.706377545788252,0.7426241976504395,-0.03624665186218756,-0.051313353269725526,0.0,AllGestureWiimoteY,HYDRA
21,0.05,random,global_mean,0,0,0,0.706377545788252,,-0.07281324168564347,-0.10307963360409078,0.0,AllGestureWiimoteY,HYDRA
21,0.1,top,global_mean,0,0,0,0.706377545788252,0.5320415389084352,0.17433600687981676,0.24680252241420242,0.0,AllGestureWiimoteY,HYDRA
21,0.1,bottom,global_mean,0,0,0,0.706377545788252,0.826474559106255,-0.12009701331800304,-0.17001792315759828,0.0,AllGestureWiimoteY,HYDRA
21,0.1,random,global_mean,0,0,0,0.706377545788252,,0.030461850442963324,0.04312397456659839,0.0,AllGestureWiimoteY,HYDRA
21,0.2,top,global_mean,0,0,0,0.706377545788252,0.9782576299333612,-0.2718800841451092,-0.384892895977916,0.0,AllGestureWiimoteY,HYDRA
21,0.2,bottom,global_mean,0,0,0,0.706377545788252,0.5026743699789233,0.20370317580932862,0.2883767875226378,0.0,AllGestureWiimoteY,HYDRA
21,0.2,random,global_mean,0,0,0,0.706377545788252,,-0.11905616702293127,-0.16854442668566016,0.0,AllGestureWiimoteY,HYDRA
22,0.05,top,global_mean,0,0,0,0.5960688247806234,0.06992363552772274,0.5261451892529007,0.8826905294971814,0.0,AllGestureWiimoteY,HYDRA
22,0.05,bottom,global_mean,0,0,0,0.5960688247806234,0.4793568449741592,0.1167119798064642,0.1958025300969038,0.0,AllGestureWiimoteY,HYDRA
22,0.05,random,global_mean,0,0,0,0.5960688247806234,,0.04849851510972254,0.08136381526706514,0.0,AllGestureWiimoteY,HYDRA
22,0.1,top,global_mean,0,0,0,0.5960688247806234,0.5107978150329779,0.08527100974764545,0.14305540425407118,0.0,AllGestureWiimoteY,HYDRA
22,0.1,bottom,global_mean,0,0,0,0.5960688247806234,0.27507175780679183,0.32099706697383157,0.5385225918657613,0.0,AllGestureWiimoteY,HYDRA
22,0.1,random,global_mean,0,0,0,0.5960688247806234,,0.1431096365471333,0.240088712089734,0.0,AllGestureWiimoteY,HYDRA
22,0.2,top,global_mean,0,0,0,0.5960688247806234,0.6481213238394592,-0.0520524990588358,-0.08732617705986562,0.0,AllGestureWiimoteY,HYDRA
22,0.2,bottom,global_mean,0,0,0,0.5960688247806234,0.23774739684125268,0.3583214279393707,0.6011400225992765,0.0,AllGestureWiimoteY,HYDRA
22,0.2,random,global_mean,0,0,0,0.5960688247806234,,-0.024314327568857718,-0.04079107272005646,0.0,AllGestureWiimoteY,HYDRA
23,0.05,top,global_mean,0,0,0,0.8178909565301935,0.3953955702841718,0.4224953862460217,0.5165662565486114,0.0,AllGestureWiimoteY,HYDRA
23,0.05,bottom,global_mean,0,0,0,0.8178909565301935,0.7445063120144146,0.07338464451577886,0.08972413034492262,0.0,AllGestureWiimoteY,HYDRA
23,0.05,random,global_mean,0,0,0,0.8178909565301935,,0.35599728649639123,0.38405616609677395,0.0,AllGestureWiimoteY,HYDRA
23,0.1,top,global_mean,0,0,0,0.8178909565301935,0.10606417475891683,0.7118267817712767,0.8703188435684276,0.0,AllGestureWiimoteY,HYDRA
23,0.1,bottom,global_mean,0,0,0,0.8178909565301935,0.6418671858306613,0.17602377069953223,0.21521641005774347,0.0,AllGestureWiimoteY,HYDRA
23,0.1,random,global_mean,0,0,1,0.8178909565301935,,0.4092522107361035,0.483975464829142,0.2,AllGestureWiimoteY,HYDRA
23,0.2,top,global_mean,0,0,0,0.8178909565301935,-0.10910200365441225,0.9269929601846058,1.0,0.0,AllGestureWiimoteY,HYDRA
23,0.2,bottom,global_mean,0,0,0,0.8178909565301935,0.6668564542434801,0.15103450228671345,0.18466314661836122,0.0,AllGestureWiimoteY,HYDRA
23,0.2,random,global_mean,0,0,2,0.8178909565301935,,0.41100974524426165,0.3571743053605813,0.4,AllGestureWiimoteY,HYDRA
24,0.05,top,global_mean,0,0,1,-0.0702465359786495,-0.5282421407050131,0.4579956047263636,1.0,1.0,AllGestureWiimoteY,HYDRA
24,0.05,bottom,global_mean,0,0,1,-0.0702465359786495,-0.13732902541522596,0.06708248943657646,0.9549443763688026,1.0,AllGestureWiimoteY,HYDRA
24,0.05,random,global_mean,0,0,1,-0.0702465359786495,,0.10056186800466801,0.8028265541952659,0.8,AllGestureWiimoteY,HYDRA
24,0.1,top,global_mean,0,0,1,-0.0702465359786495,-0.60783735194496,0.5375908159663105,1.0,1.0,AllGestureWiimoteY,HYDRA
24,0.1,bottom,global_mean,0,0,1,-0.0702465359786495,-0.1813453554444886,0.1110988194658391,1.0,1.0,AllGestureWiimoteY,HYDRA
24,0.1,random,global_mean,0,0,1,-0.0702465359786495,,0.18405188999985805,0.7696554736811307,1.0,AllGestureWiimoteY,HYDRA
24,0.2,top,global_mean,0,0,4,-0.0702465359786495,-0.8540387128395162,0.7837921768608667,1.0,1.0,AllGestureWiimoteY,HYDRA
24,0.2,bottom,global_mean,0,0,1,-0.0702465359786495,0.022169129765520434,-0.09241566574416993,-1.0,1.0,AllGestureWiimoteY,HYDRA
24,0.2,random,global_mean,0,0,1,-0.0702465359786495,,-0.07921845457129703,-0.6516523683325615,1.0,AllGestureWiimoteY,HYDRA
25,0.05,top,global_mean,0,0,0,0.47006965536105416,0.055917329611820166,0.414152325749234,0.8810427135280969,0.0,AllGestureWiimoteY,HYDRA
25,0.05,bottom,global_mean,0,0,0,0.47006965536105416,0.3962787444453484,0.07379091091570578,0.1569783394775581,0.0,AllGestureWiimoteY,HYDRA
25,0.05,random,global_mean,0,0,0,0.47006965536105416,,0.169636065319053,0.3608735482302296,0.0,AllGestureWiimoteY,HYDRA
25,0.1,top,global_mean,0,0,0,0.47006965536105416,-0.11595822098060193,0.5860278763416561,1.0,0.0,AllGestureWiimoteY,HYDRA
25,0.1,bottom,global_mean,0,0,0,0.47006965536105416,0.3682338914792995,0.10183576388175464,0.21663927054441665,0.0,AllGestureWiimoteY,HYDRA
25,0.1,random,global_mean,0,0,1,0.47006965536105416,,0.2719163444312747,0.42901645218384965,0.2,AllGestureWiimoteY,HYDRA
25,0.2,top,global_mean,0,0,4,0.47006965536105416,-0.14823732281329094,0.6183069781743451,1.0,1.0,AllGestureWiimoteY,HYDRA
25,0.2,bottom,global_mean,0,0,0,0.47006965536105416,0.5029742943801383,-0.032904639019084136,-0.06999934721262399,0.0,AllGestureWiimoteY,HYDRA
25,0.2,random,global_mean,0,0,2,0.47006965536105416,,0.33509399433104314,0.5298151417119172,0.4,AllGestureWiimoteY,HYDRA
26,0.05,top,global_mean,0,0,0,0.38760184704203415,0.3486137748081062,0.03898807223392797,0.10058768280848014,0.0,AllGestureWiimoteY,HYDRA
26,0.05,bottom,global_mean,0,0,0,0.38760184704203415,0.32231854075274113,0.06528330628929302,0.16842834563135517,0.0,AllGestureWiimoteY,HYDRA
26,0.05,random,global_mean,0,0,0,0.38760184704203415,,0.15270766351252693,0.31317727398608664,0.0,AllGestureWiimoteY,HYDRA
26,0.1,top,global_mean,0,0,0,0.38760184704203415,0.3279846139693221,0.05961723307271205,0.15381010105492537,0.0,AllGestureWiimoteY,HYDRA
26,0.1,bottom,global_mean,0,0,0,0.38760184704203415,0.3173295985800879,0.07027224846194624,0.18129961892236945,0.0,AllGestureWiimoteY,HYDRA
26,0.1,random,global_mean,0,0,0,0.38760184704203415,,0.3511417235876012,0.5731073656503246,0.0,AllGestureWiimoteY,HYDRA
26,0.2,top,global_mean,0,0,0,0.38760184704203415,0.655256973578169,-0.2676551265361349,-0.6905396298781795,0.0,AllGestureWiimoteY,HYDRA
26,0.2,bottom,global_mean,0,0,0,0.38760184704203415,0.294181616721914,0.09342023032012015,0.24102049567760028,0.0,AllGestureWiimoteY,HYDRA
26,0.2,random,global_mean,0,0,0,0.38760184704203415,,-0.10747253763192655,-0.27727489220498824,0.0,AllGestureWiimoteY,HYDRA
27,0.05,top,global_mean,0,0,0,0.39560206549456645,-0.01940397379512948,0.4150060392896959,1.0,0.0,AllGestureWiimoteY,HYDRA
27,0.05,bottom,global_mean,0,0,0,0.39560206549456645,0.2996858512141827,0.09591621428038377,0.24245569017639773,0.0,AllGestureWiimoteY,HYDRA
27,0.05,random,global_mean,0,0,0,0.39560206549456645,,0.12633720560597367,0.3193534545745549,0.0,AllGestureWiimoteY,HYDRA
27,0.1,top,global_mean,0,0,4,0.39560206549456645,-0.48962555217072395,0.8852276176652905,1.0,1.0,AllGestureWiimoteY,HYDRA
27,0.1,bottom,global_mean,0,0,0,0.39560206549456645,0.2571967411854428,0.13840532430912367,0.34985907941864686,0.0,AllGestureWiimoteY,HYDRA
27,0.1,random,global_mean,0,0,1,0.39560206549456645,,0.5357865646041151,0.7314790105516396,0.4,AllGestureWiimoteY,HYDRA
27,0.2,top,global_mean,0,0,4,0.39560206549456645,-0.7247829845444673,1.1203850500390338,1.0,1.0,AllGestureWiimoteY,HYDRA
27,0.2,bottom,global_mean,0,0,0,0.39560206549456645,0.4028839936684536,-0.0072819281738871755,-0.018407158106279114,0.0,AllGestureWiimoteY,HYDRA
27,0.2,random,global_mean,0,0,1,0.39560206549456645,,0.1965340982929052,0.12148155713514164,0.2,AllGestureWiimoteY,HYDRA
28,0.05,top,global_mean,0,0,0,-0.43337394030266496,-0.4464281009652581,0.013054160662593128,0.030122093938971705,0.0,AllGestureWiimoteY,HYDRA
28,0.05,bottom,global_mean,0,0,6,-0.43337394030266496,-0.5662230013252052,0.13284906102254024,0.3065453229246705,1.0,AllGestureWiimoteY,HYDRA
28,0.05,random,global_mean,0,0,0,-0.43337394030266496,,-0.0850307410628709,-0.19620594814154746,0.0,AllGestureWiimoteY,HYDRA
28,0.1,top,global_mean,0,0,0,-0.43337394030266496,-0.20123662496304284,-0.23213731533962212,-0.5356500659163624,0.0,AllGestureWiimoteY,HYDRA
28,0.1,bottom,global_mean,0,0,0,-0.43337394030266496,-0.29746337829172953,-0.13591056201093543,-0.3136096469168632,0.0,AllGestureWiimoteY,HYDRA
28,0.1,random,global_mean,0,0,1,-0.43337394030266496,,-0.24860885633334356,-0.5736576650226187,0.2,AllGestureWiimoteY,HYDRA
28,0.2,top,global_mean,0,0,0,-0.43337394030266496,-0.0111786745970881,-0.42219526570557686,-0.9742032278348159,0.0,AllGestureWiimoteY,HYDRA
28,0.2,bottom,global_mean,0,0,0,-0.43337394030266496,0.27526041901507825,-0.7086343593177432,-1.0,0.0,AllGestureWiimoteY,HYDRA
28,0.2,random,global_mean,0,0,0,-0.43337394030266496,,-0.6258731171889045,-0.9260039017070764,0.0,AllGestureWiimoteY,HYDRA
29,0.05,top,global_mean,0,0,0,0.27264612190288817,-0.20272620631479743,0.4753723282176856,1.0,0.0,AllGestureWiimoteY,HYDRA
29,0.05,bottom,global_mean,0,0,0,0.27264612190288817,0.16764185474378002,0.10500426715910816,0.38512883035863743,0.0,AllGestureWiimoteY,HYDRA
29,0.05,random,global_mean,0,0,0,0.27264612190288817,,0.19336906595333966,0.5157391523986481,0.0,AllGestureWiimoteY,HYDRA
29,0.1,top,global_mean,0,0,4,0.27264612190288817,-0.7245786782531001,0.9972248001559882,1.0,1.0,AllGestureWiimoteY,HYDRA
29,0.1,bottom,global_mean,0,0,0,0.27264612190288817,0.11457941477073408,0.1580667071321541,0.5797483062684026,0.0,AllGestureWiimoteY,HYDRA
29,0.1,random,global_mean,0,0,2,0.27264612190288817,,0.2284005526984773,0.4100706054476829,0.2,AllGestureWiimoteY,HYDRA
29,0.2,top,global_mean,0,0,4,0.27264612190288817,-0.7279568582711204,1.0006029801740086,1.0,1.0,AllGestureWiimoteY,HYDRA
29,0.2,bottom,global_mean,0,0,0,0.27264612190288817,0.18089313384445138,0.09175298805843679,0.3365265234346303,0.0,AllGestureWiimoteY,HYDRA
29,0.2,random,global_mean,0,0,2,0.27264612190288817,,0.41573151278881343,0.2960663953717142,0.4,AllGestureWiimoteY,HYDRA
30,0.05,top,global_mean,0,0,8,0.03689563597284695,-0.47972764485429864,0.5166232808271456,1.0,1.0,AllGestureWiimoteY,HYDRA
30,0.05,bottom,global_mean,0,0,0,0.03689563597284695,0.0013305811932058376,0.035565054779641114,0.9639104986648165,0.0,AllGestureWiimoteY,HYDRA
30,0.05,random,global_mean,0,0,0,0.03689563597284695,,0.027334137804801872,0.5317713434459267,0.0,AllGestureWiimoteY,HYDRA
30,0.1,top,global_mean,0,0,5,0.03689563597284695,-0.5611904563559951,0.598086092328842,1.0,1.0,AllGestureWiimoteY,HYDRA
30,0.1,bottom,global_mean,0,0,0,0.03689563597284695,-0.03630887246409609,0.07320450843694304,1.0,0.0,AllGestureWiimoteY,HYDRA
30,0.1,random,global_mean,0,0,2,0.03689563597284695,,0.32306584280899375,1.0,0.4,AllGestureWiimoteY,HYDRA
30,0.2,top,global_mean,0,0,4,0.03689563597284695,-0.868520384959659,0.905416020932506,1.0,1.0,AllGestureWiimoteY,HYDRA
30,0.2,bottom,global_mean,0,0,0,0.03689563597284695,0.08976071183721102,-0.052865075864364064,-1.0,0.0,AllGestureWiimoteY,HYDRA
30,0.2,random,global_mean,0,0,2,0.03689563597284695,,0.2462623426222197,-0.2,0.4,AllGestureWiimoteY,HYDRA
31,0.05,top,global_mean,0,0,0,0.6335581635465537,-0.014949716520151535,0.6485078800667052,1.0,0.0,AllGestureWiimoteY,HYDRA
31,0.05,bottom,global_mean,0,0,0,0.6335581635465537,0.5646593136914442,0.06889884985510952,0.10874888064032691,0.0,AllGestureWiimoteY,HYDRA
31,0.05,random,global_mean,0,0,0,0.6335581635465537,,0.42450990290402135,0.44023480959702566,0.0,AllGestureWiimoteY,HYDRA
31,0.1,top,global_mean,0,0,0,0.6335581635465537,-0.3231476979034902,0.9567058614500439,1.0,0.0,AllGestureWiimoteY,HYDRA
31,0.1,bottom,global_mean,0,0,0,0.6335581635465537,0.47338854198425606,0.16016962156229764,0.25280925725341263,0.0,AllGestureWiimoteY,HYDRA
31,0.1,random,global_mean,0,0,0,0.6335581635465537,,0.11391849658230373,0.1798071958183161,0.0,AllGestureWiimoteY,HYDRA
31,0.2,top,global_mean,0,0,4,0.6335581635465537,-0.6981424573616071,1.3317006209081608,1.0,1.0,AllGestureWiimoteY,HYDRA
31,0.2,bottom,global_mean,0,0,0,0.6335581635465537,0.7003429868557305,-0.06678482330917679,-0.10541213378609662,0.0,AllGestureWiimoteY,HYDRA
31,0.2,random,global_mean,0,0,2,0.6335581635465537,,0.509717086950632,0.3448110028336752,0.4,AllGestureWiimoteY,HYDRA
32,0.05,top,global_mean,0,0,0,0.06565935401887069,0.08614688930000758,-0.020487535281136893,-0.3120229183541838,0.0,AllGestureWiimoteY,HYDRA
32,0.05,bottom,global_mean,0,0,0,0.06565935401887069,0.012158583365206255,0.05350077065366443,0.8148108771738939,0.0,AllGestureWiimoteY,HYDRA
32,0.05,random,global_mean,0,0,0,0.06565935401887069,,0.025428339424898395,0.274865216894913,0.0,AllGestureWiimoteY,HYDRA
32,0.1,top,global_mean,0,0,0,0.06565935401887069,0.05488191145715604,0.010777442561714645,0.1641392697733129,0.0,AllGestureWiimoteY,HYDRA
32,0.1,bottom,global_mean,0,0,0,0.06565935401887069,-0.07380239160041102,0.1394617456192817,1.0,0.0,AllGestureWiimoteY,HYDRA
32,0.1,random,global_mean,0,0,0,0.06565935401887069,,0.1811887989565648,1.0,0.0,AllGestureWiimoteY,HYDRA
32,0.2,top,global_mean,0,0,0,0.06565935401887069,0.19524876362333266,-0.12958940960446197,-1.0,0.0,AllGestureWiimoteY,HYDRA
32,0.2,bottom,global_mean,0,0,0,0.06565935401887069,0.01669465473700038,0.048964699281870305,0.7457270070124496,0.0,AllGestureWiimoteY,HYDRA
32,0.2,random,global_mean,0,0,0,0.06565935401887069,,-0.053205725947609084,-0.44694220782285754,0.0,AllGestureWiimoteY,HYDRA
33,0.05,top,global_mean,0,0,0,0.8671402338150955,0.16661002166614225,0.7005302121489533,0.8078617240548965,0.0,AllGestureWiimoteY,HYDRA
33,0.05,bottom,global_mean,0,0,0,0.8671402338150955,0.7970118333324454,0.07012840048265012,0.08087310088359138,0.0,AllGestureWiimoteY,HYDRA
33,0.05,random,global_mean,0,0,0,0.8671402338150955,,0.17530691905511472,0.2021665124651381,0.0,AllGestureWiimoteY,HYDRA
33,0.1,top,global_mean,0,0,0,0.8671402338150955,-0.3281663222807767,1.1953065560958722,1.0,0.0,AllGestureWiimoteY,HYDRA
33,0.1,bottom,global_mean,0,0,0,0.8671402338150955,0.7104556541647449,0.15668457965035065,0.18069095729769116,0.0,AllGestureWiimoteY,HYDRA
33,0.1,random,global_mean,0,0,1,0.8671402338150955,,0.338472038194359,0.28061206647648806,0.2,AllGestureWiimoteY,HYDRA
33,0.2,top,global_mean,0,0,4,0.8671402338150955,-0.67110014112299,1.5382403749380855,1.0,1.0,AllGestureWiimoteY,HYDRA
33,0.2,bottom,global_mean,0,0,0,0.8671402338150955,0.7832511869420042,0.08388904687309129,0.09674208029989649,0.0,AllGestureWiimoteY,HYDRA
33,0.2,random,global_mean,0,0,0,0.8671402338150955,,0.38592741455360013,0.44505715966897874,0.0,AllGestureWiimoteY,HYDRA
34,0.05,top,global_mean,0,0,0,0.521744440278398,-0.055092426665479644,0.5768368669438776,1.0,0.0,AllGestureWiimoteY,HYDRA
34,0.05,bottom,global_mean,0,0,0,0.521744440278398,0.4120164607165324,0.10972797956186553,0.2103094173728012,0.0,AllGestureWiimoteY,HYDRA
34,0.05,random,global_mean,0,0,0,0.521744440278398,,0.0385755411437958,0.07393555969212168,0.0,AllGestureWiimoteY,HYDRA
34,0.1,top,global_mean,0,0,4,0.521744440278398,-0.7292494268121545,1.2509938670905525,1.0,1.0,AllGestureWiimoteY,HYDRA
34,0.1,bottom,global_mean,0,0,0,0.521744440278398,0.3801152270801684,0.14162921319822952,0.27145270905033236,0.0,AllGestureWiimoteY,HYDRA
34,0.1,random,global_mean,0,0,1,0.521744440278398,,0.3640713663567078,0.5315196101802544,0.2,AllGestureWiimoteY,HYDRA
34,0.2,top,global_mean,0,0,4,0.521744440278398,-0.5731870926369088,1.0949315329153069,1.0,1.0,AllGestureWiimoteY,HYDRA
34,0.2,bottom,global_mean,0,0,0,0.521744440278398,0.4139168286606363,0.10782761161776167,0.20666708952976373,0.0,AllGestureWiimoteY,HYDRA
34,0.2,random,global_mean,0,0,2,0.521744440278398,,0.46536274350607754,0.36306040081877883,0.4,AllGestureWiimoteY,HYDRA
35,0.05,top,global_mean,0,0,0,0.7176713851869854,0.13497779720445258,0.5826935879825328,0.811921428230397,0.0,AllGestureWiimoteY,HYDRA
35,0.05,bottom,global_mean,0,0,0,0.7176713851869854,0.44491598353176887,0.2727554016552165,0.38005558982759474,0.0,AllGestureWiimoteY,HYDRA
35,0.05,random,global_mean,0,0,0,0.7176713851869854,,0.14555535046726026,0.19874676741433944,0.0,AllGestureWiimoteY,HYDRA
35,0.1,top,global_mean,0,0,0,0.7176713851869854,-0.2895978634665609,1.0072692486535462,1.0,0.0,AllGestureWiimoteY,HYDRA
35,0.1,bottom,global_mean,0,0,0,0.7176713851869854,0.5493407122480425,0.16833067293894288,0.23455085692768476,0.0,AllGestureWiimoteY,HYDRA
35,0.1,random,global_mean,0,0,2,0.7176713851869854,,0.6132182507496141,0.4973006260188185,0.4,AllGestureWiimoteY,HYDRA
35,0.2,top,global_mean,0,0,5,0.7176713851869854,-0.7988831177238934,1.516554502910879,1.0,1.0,AllGestureWiimoteY,HYDRA
35,0.2,bottom,global_mean,0,0,0,0.7176713851869854,0.6521841174740539,0.06548726771293145,0.09124952981975072,0.0,AllGestureWiimoteY,HYDRA
35,0.2,random,global_mean,0,0,3,0.7176713851869854,,0.8803988067241747,0.6158865962410687,0.6,AllGestureWiimoteY,HYDRA
37,0.05,top,global_mean,0,0,0,0.2306072248396065,0.03345873384533227,0.19714849099427423,0.8549065894392782,0.0,AllGestureWiimoteY,HYDRA
37,0.05,bottom,global_mean,0,0,0,0.2306072248396065,0.2948690614592089,-0.06426183661960239,-0.2786623792984748,0.0,AllGestureWiimoteY,HYDRA
37,0.05,random,global_mean,0,0,0,0.2306072248396065,,-0.023163198096515125,-0.10044393738612609,0.0,AllGestureWiimoteY,HYDRA
37,0.1,top,global_mean,0,0,0,0.2306072248396065,0.2148660821400712,0.015741142699535304,0.06825924231663308,0.0,AllGestureWiimoteY,HYDRA
37,0.1,bottom,global_mean,0,0,0,0.2306072248396065,0.06594512636004612,0.16466209847956037,0.7140339361013112,0.0,AllGestureWiimoteY,HYDRA
37,0.1,random,global_mean,0,0,0,0.2306072248396065,,-0.13778130018784127,-0.4600426001305971,0.0,AllGestureWiimoteY,HYDRA
37,0.2,top,global_mean,0,0,0,0.2306072248396065,0.7094475513903811,-0.4788403265507746,-1.0,0.0,AllGestureWiimoteY,HYDRA
37,0.2,bottom,global_mean,0,0,0,0.2306072248396065,-0.26703475525380105,0.49764198009340754,1.0,0.0,AllGestureWiimoteY,HYDRA
37,0.2,random,global_mean,0,0,0,0.2306072248396065,,-0.28625045933728677,-0.2329413114739693,0.0,AllGestureWiimoteY,HYDRA
40,0.05,top,global_mean,0,0,0,0.6750965030848859,0.1741734784109955,0.5009230246738904,0.7420010033882541,0.0,AllGestureWiimoteY,HYDRA
40,0.05,bottom,global_mean,0,0,0,0.6750965030848859,0.594205963486965,0.08089053959792092,0.11982052848409046,0.0,AllGestureWiimoteY,HYDRA
40,0.05,random,global_mean,0,0,0,0.6750965030848859,,0.02430669972319035,0.036004724668836544,0.0,AllGestureWiimoteY,HYDRA
40,0.1,top,global_mean,0,0,0,0.6750965030848859,0.6582200537689811,0.016876449315904818,0.02499853612076357,0.0,AllGestureWiimoteY,HYDRA
40,0.1,bottom,global_mean,0,0,0,0.6750965030848859,0.47834889959190074,0.19674760349298515,0.2914358334817398,0.0,AllGestureWiimoteY,HYDRA
40,0.1,random,global_mean,0,0,0,0.6750965030848859,,0.36984849257529884,0.44544625249995085,0.0,AllGestureWiimoteY,HYDRA
40,0.2,top,global_mean,0,0,0,0.6750965030848859,0.8275455017804176,-0.15244899869553175,-0.22581774928645085,0.0,AllGestureWiimoteY,HYDRA
40,0.2,bottom,global_mean,0,0,0,0.6750965030848859,0.6634415100718374,0.011654993013048509,0.01726416252436209,0.0,AllGestureWiimoteY,HYDRA
40,0.2,random,global_mean,0,0,0,0.6750965030848859,,0.17865632239100737,0.2646378065014756,0.0,AllGestureWiimoteY,HYDRA
41,0.05,top,global_mean,0,0,0,0.4166137732553896,-0.015239421703437284,0.4318531949588269,1.0,0.0,AllGestureWiimoteY,HYDRA
41,0.05,bottom,global_mean,0,0,0,0.4166137732553896,0.3049116617398151,0.11170211151557452,0.2681184602330457,0.0,AllGestureWiimoteY,HYDRA
41,0.05,random,global_mean,0,0,0,0.4166137732553896,,0.20511496065069573,0.45153396278980207,0.0,AllGestureWiimoteY,HYDRA
41,0.1,top,global_mean,0,0,0,0.4166137732553896,-0.11448658847594295,0.5311003617313326,1.0,0.0,AllGestureWiimoteY,HYDRA
41,0.1,bottom,global_mean,0,0,0,0.4166137732553896,0.2515635334000641,0.16505023985532552,0.39616991631294807,0.0,AllGestureWiimoteY,HYDRA
41,0.1,random,global_mean,0,0,0,0.4166137732553896,,0.20769234415560875,0.4043339046092102,0.0,AllGestureWiimoteY,HYDRA
41,0.2,top,global_mean,0,0,4,0.4166137732553896,-0.6673836104051363,1.083997383660526,1.0,1.0,AllGestureWiimoteY,HYDRA
41,0.2,bottom,global_mean,0,0,0,0.4166137732553896,0.38540017816743943,0.031213595087950186,0.07492195930559548,0.0,AllGestureWiimoteY,HYDRA
41,0.2,random,global_mean,0,0,2,0.4166137732553896,,0.7036219642189716,0.5959768701032504,0.6,AllGestureWiimoteY,HYDRA
44,0.05,top,global_mean,0,0,0,0.4657995345180095,-0.20502815596439672,0.6708276904824062,1.0,0.0,AllGestureWiimoteY,HYDRA
44,0.05,bottom,global_mean,0,0,0,0.4657995345180095,0.39743979647128413,0.06835973804672535,0.14675753456887097,0.0,AllGestureWiimoteY,HYDRA
44,0.05,random,global_mean,0,0,0,0.4657995345180095,,0.09402575941503759,0.20185841888810074,0.0,AllGestureWiimoteY,HYDRA
44,0.1,top,global_mean,0,0,4,0.4657995345180095,-0.6837023401574599,1.1495018746754693,1.0,1.0,AllGestureWiimoteY,HYDRA
44,0.1,bottom,global_mean,0,0,0,0.4657995345180095,0.24217040123484002,0.22362913328316947,0.4800963432010042,0.0,AllGestureWiimoteY,HYDRA
44,0.1,random,global_mean,0,0,1,0.4657995345180095,,0.26349766327159224,0.3130598311942265,0.2,AllGestureWiimoteY,HYDRA
44,0.2,top,global_mean,0,0,4,0.4657995345180095,-0.6861170980864211,1.1519166326044306,1.0,1.0,AllGestureWiimoteY,HYDRA
44,0.2,bottom,global_mean,0,0,0,0.4657995345180095,0.4060219190583052,0.05977761545970428,0.12833307613431488,0.0,AllGestureWiimoteY,HYDRA
44,0.2,random,global_mean,0,0,0,0.4657995345180095,,0.008869277863071146,0.019040935348536465,0.0,AllGestureWiimoteY,HYDRA
45,0.05,top,global_mean,0,0,0,0.45971648946830634,-0.20394251641434202,0.6636590058826484,1.0,0.0,AllGestureWiimoteY,HYDRA
45,0.05,bottom,global_mean,0,0,0,0.45971648946830634,0.367234014378488,0.09248247508981833,0.20117240959612048,0.0,AllGestureWiimoteY,HYDRA
45,0.05,random,global_mean,0,0,0,0.45971648946830634,,0.19142190845614446,0.2093612484426525,0.0,AllGestureWiimoteY,HYDRA
45,0.1,top,global_mean,0,0,5,0.45971648946830634,-0.4904996559867239,0.9502161454550302,1.0,1.0,AllGestureWiimoteY,HYDRA
45,0.1,bottom,global_mean,0,0,0,0.45971648946830634,0.2679141522327202,0.19180233723558615,0.41721783841075577,0.0,AllGestureWiimoteY,HYDRA
45,0.1,random,global_mean,0,0,0,0.45971648946830634,,0.06307714423212532,0.13720849364482132,0.0,AllGestureWiimoteY,HYDRA
45,0.2,top,global_mean,0,0,0,0.45971648946830634,0.6997372595024081,-0.24002077003410172,-0.5221049351672515,0.0,AllGestureWiimoteY,HYDRA
45,0.2,bottom,global_mean,0,0,0,0.45971648946830634,0.5507935788440397,-0.09107708937573333,-0.19811534575521592,0.0,AllGestureWiimoteY,HYDRA
45,0.2,random,global_mean,0,0,0,0.45971648946830634,,-0.06811318446323096,-0.14816313502018025,0.0,AllGestureWiimoteY,HYDRA
46,0.05,top,global_mean,0,0,0,-0.18172821507413084,-0.30109530374587945,0.11936708867174861,0.656840390924797,0.0,AllGestureWiimoteY,HYDRA
46,0.05,bottom,global_mean,0,0,0,-0.18172821507413084,-0.2647455115566282,0.08301729648249734,0.4568186598320638,0.0,AllGestureWiimoteY,HYDRA
46,0.05,random,global_mean,0,0,3,-0.18172821507413084,,0.2164697602863305,0.6200117210419893,0.4,AllGestureWiimoteY,HYDRA
46,0.1,top,global_mean,0,0,9,-0.18172821507413084,-0.6111063912166295,0.4293781761424986,1.0,1.0,AllGestureWiimoteY,HYDRA
46,0.1,bottom,global_mean,0,0,0,-0.18172821507413084,-0.3380530398278723,0.1563248247537415,0.8602074503539433,0.0,AllGestureWiimoteY,HYDRA
46,0.1,random,global_mean,0,0,1,-0.18172821507413084,,0.14880136044310063,0.6719744454806905,0.4,AllGestureWiimoteY,HYDRA
46,0.2,top,global_mean,0,0,4,-0.18172821507413084,-0.8121177190227106,0.6303895039485797,1.0,1.0,AllGestureWiimoteY,HYDRA
46,0.2,bottom,global_mean,0,0,1,-0.18172821507413084,-0.30200221319815435,0.1202739981240235,0.6618308348218058,1.0,AllGestureWiimoteY,HYDRA
46,0.2,random,global_mean,0,0,0,-0.18172821507413084,,-0.0010141125316974087,-0.005580349484719546,0.0,AllGestureWiimoteY,HYDRA
47,0.05,top,global_mean,0,0,0,-0.19395492631301214,-0.010838168595346476,-0.18311675771766567,-0.9441153008243023,0.0,AllGestureWiimoteY,HYDRA
47,0.05,bottom,global_mean,0,0,0,-0.19395492631301214,-0.08675633989873976,-0.10719858641427238,-0.5526955966340102,0.0,AllGestureWiimoteY,HYDRA
47,0.05,random,global_mean,0,0,0,-0.19395492631301214,,-0.09732568389116758,-0.48967638536252817,0.0,AllGestureWiimoteY,HYDRA
47,0.1,top,global_mean,0,0,0,-0.19395492631301214,0.16624984154523081,-0.36020476785824296,-1.0,0.0,AllGestureWiimoteY,HYDRA
47,0.1,bottom,global_mean,0,0,0,-0.19395492631301214,0.11920961473957092,-0.31316454105258307,-1.0,0.0,AllGestureWiimoteY,HYDRA
47,0.1,random,global_mean,0,0,0,-0.19395492631301214,,-0.31180935083211525,-1.0,0.0,AllGestureWiimoteY,HYDRA
47,0.2,top,global_mean,0,0,0,-0.19395492631301214,0.8178398330834991,-1.011794759396511,-1.0,0.0,AllGestureWiimoteY,HYDRA
47,0.2,bottom,global_mean,0,0,0,-0.19395492631301214,0.581127769296345,-0.7750826956093572,-1.0,0.0,AllGestureWiimoteY,HYDRA
47,0.2,random,global_mean,0,0,0,-0.19395492631301214,,-0.9184583401859395,-1.0,0.0,AllGestureWiimoteY,HYDRA
48,0.05,top,global_mean,0,0,0,0.12543130831358562,-0.2830128655294679,0.40844417384305354,1.0,0.0,AllGestureWiimoteY,HYDRA
48,0.05,bottom,global_mean,0,0,0,0.12543130831358562,0.02528906533694375,0.10014224297664187,0.7983767844428279,0.0,AllGestureWiimoteY,HYDRA
48,0.05,random,global_mean,0,0,0,0.12543130831358562,,0.048672194400312674,0.3880355472581299,0.0,AllGestureWiimoteY,HYDRA
48,0.1,top,global_mean,0,0,5,0.12543130831358562,-0.6282467476055702,0.7536780559191558,1.0,1.0,AllGestureWiimoteY,HYDRA
48,0.1,bottom,global_mean,0,0,0,0.12543130831358562,-0.06297755733901611,0.18840886565260173,1.0,0.0,AllGestureWiimoteY,HYDRA
48,0.1,random,global_mean,0,0,0,0.12543130831358562,,0.13760446765791404,0.8683015638193687,0.0,AllGestureWiimoteY,HYDRA
48,0.2,top,global_mean,0,0,4,0.12543130831358562,-0.690084935456567,0.8155162437701526,1.0,1.0,AllGestureWiimoteY,HYDRA
48,0.2,bottom,global_mean,0,0,0,0.12543130831358562,-0.07485136118721059,0.2002826695007962,1.0,0.0,AllGestureWiimoteY,HYDRA
48,0.2,random,global_mean,0,0,1,0.12543130831358562,,0.17700558326518773,0.39549401442737186,0.2,AllGestureWiimoteY,HYDRA
49,0.05,top,global_mean,0,0,0,0.1861711987452881,-0.3346506939929163,0.5208218927382045,1.0,0.0,AllGestureWiimoteY,HYDRA
49,0.05,bottom,global_mean,0,0,0,0.1861711987452881,0.08325896920058229,0.1029122295447058,0.5527797933219094,0.0,AllGestureWiimoteY,HYDRA
49,0.05,random,global_mean,0,0,0,0.1861711987452881,,0.12080050073232884,0.38577862365783083,0.0,AllGestureWiimoteY,HYDRA
49,0.1,top,global_mean,0,0,9,0.1861711987452881,-0.4961589028906346,0.6823301016359227,1.0,1.0,AllGestureWiimoteY,HYDRA
49,0.1,bottom,global_mean,0,0,0,0.1861711987452881,0.03750600497839973,0.14866519376688836,0.7985359509573444,0.0,AllGestureWiimoteY,HYDRA
49,0.1,random,global_mean,0,0,1,0.1861711987452881,,0.24549672016224014,0.4416059635925043,0.2,AllGestureWiimoteY,HYDRA
49,0.2,top,global_mean,0,0,0,0.1861711987452881,0.34071962526137667,-0.15454842651608858,-0.8301369783333459,0.0,AllGestureWiimoteY,HYDRA
49,0.2,bottom,global_mean,0,0,0,0.1861711987452881,0.16985364430186567,0.016317554443422422,0.08764764316796474,0.0,AllGestureWiimoteY,HYDRA
49,0.2,random,global_mean,0,0,0,0.1861711987452881,,0.15736480783524914,-0.26588695746394325,0.2,AllGestureWiimoteY,HYDRA
50,0.05,top,global_mean,0,0,0,0.22392980484351144,-0.054986227711376845,0.2789160325548883,1.0,0.0,AllGestureWiimoteY,HYDRA
50,0.05,bottom,global_mean,0,0,0,0.22392980484351144,0.10944981242956542,0.11447999241394602,0.5112293169934684,0.0,AllGestureWiimoteY,HYDRA
50,0.05,random,global_mean,0,0,0,0.22392980484351144,,0.09903309258676485,0.41615094565831645,0.0,AllGestureWiimoteY,HYDRA
50,0.1,top,global_mean,0,0,0,0.22392980484351144,-0.20126588276575408,0.4251956876092655,1.0,0.0,AllGestureWiimoteY,HYDRA
50,0.1,bottom,global_mean,0,0,0,0.22392980484351144,0.08033196158261147,0.14359784326089997,0.6412598899077321,0.0,AllGestureWiimoteY,HYDRA
50,0.1,random,global_mean,0,0,2,0.22392980484351144,,0.41647758255130596,0.5484648995639014,0.4,AllGestureWiimoteY,HYDRA
50,0.2,top,global_mean,0,0,4,0.22392980484351144,-0.818571775854902,1.0425015806984135,1.0,1.0,AllGestureWiimoteY,HYDRA
50,0.2,bottom,global_mean,0,0,0,0.22392980484351144,0.19939763016303602,0.024532174680475416,0.10955247848825053,0.0,AllGestureWiimoteY,HYDRA
50,0.2,random,global_mean,0,0,0,0.22392980484351144,,-0.05463425160880999,-0.2439782755525297,0.0,AllGestureWiimoteY,HYDRA
53,0.05,top,global_mean,0,0,0,0.6475909779620326,0.059044662472586995,0.5885463154894456,0.908822739499641,0.0,AllGestureWiimoteY,HYDRA
53,0.05,bottom,global_mean,0,0,0,0.6475909779620326,0.5755681737503886,0.07202280421164398,0.11121633167584817,0.0,AllGestureWiimoteY,HYDRA
53,0.05,random,global_mean,0,0,0,0.6475909779620326,,0.17482129889773884,0.25259463323645936,0.0,AllGestureWiimoteY,HYDRA
53,0.1,top,global_mean,0,0,1,0.6475909779620326,-0.8110210861433902,1.4586120641054228,1.0,1.0,AllGestureWiimoteY,HYDRA
53,0.1,bottom,global_mean,0,0,0,0.6475909779620326,0.50617185527516,0.14141912268687262,0.21837689085018874,0.0,AllGestureWiimoteY,HYDRA
53,0.1,random,global_mean,0,0,1,0.6475909779620326,,0.6055389185083374,0.49462810080023223,0.4,AllGestureWiimoteY,HYDRA
53,0.2,top,global_mean,0,0,4,0.6475909779620326,-0.8610012279686394,1.508592205930672,1.0,1.0,AllGestureWiimoteY,HYDRA
53,0.2,bottom,global_mean,0,0,0,0.6475909779620326,0.6476275077962172,-3.652983418467315e-05,-5.6408719421806734e-05,0.0,AllGestureWiimoteY,HYDRA
53,0.2,random,global_mean,0,0,3,0.6475909779620326,,0.5873764558178383,0.5165896331856934,0.6,AllGestureWiimoteY,HYDRA
54,0.05,top,global_mean,0,0,0,0.1952865363039582,-0.008123868534402279,0.20341040483836048,1.0,0.0,AllGestureWiimoteY,HYDRA
54,0.05,bottom,global_mean,0,0,0,0.1952865363039582,0.04378981635692902,0.15149671994702918,0.7757623595149966,0.0,AllGestureWiimoteY,HYDRA
54,0.05,random,global_mean,0,0,0,0.1952865363039582,,0.09066231572618641,0.4270622980744275,0.0,AllGestureWiimoteY,HYDRA
54,0.1,top,global_mean,0,0,0,0.1952865363039582,0.2041385866437191,-0.008852050339760886,-0.045328291335413134,0.0,AllGestureWiimoteY,HYDRA
54,0.1,bottom,global_mean,0,0,0,0.1952865363039582,-0.04647408093852001,0.24176061724247822,1.0,0.0,AllGestureWiimoteY,HYDRA
54,0.1,random,global_mean,0,0,0,0.1952865363039582,,0.06956733419661418,0.35623028234805043,0.0,AllGestureWiimoteY,HYDRA
54,0.2,top,global_mean,0,0,0,0.1952865363039582,0.34662499613417297,-0.15133845983021477,-0.7749519641369317,0.0,AllGestureWiimoteY,HYDRA
54,0.2,bottom,global_mean,0,0,0,0.1952865363039582,0.03943241928312036,0.15585411702083785,0.7980750844142781,0.0,AllGestureWiimoteY,HYDRA
54,0.2,random,global_mean,0,0,0,0.1952865363039582,,0.008280619825274504,0.042402193104561524,0.0,AllGestureWiimoteY,HYDRA
55,0.05,top,global_mean,0,0,0,0.08527716780457661,-0.1302960288436621,0.2155731966482387,1.0,0.0,AllGestureWiimoteY,HYDRA
55,0.05,bottom,global_mean,0,0,0,0.08527716780457661,0.03049776170345231,0.054779406101124306,0.6423614333114749,0.0,AllGestureWiimoteY,HYDRA
55,0.05,random,global_mean,0,0,0,0.08527716780457661,,0.15083965453198123,0.5538566404412244,0.0,AllGestureWiimoteY,HYDRA
55,0.1,top,global_mean,0,0,3,0.08527716780457661,-0.3090301493492447,0.39430731715382134,1.0,1.0,AllGestureWiimoteY,HYDRA
55,0.1,bottom,global_mean,0,0,0,0.08527716780457661,-0.05880076487466346,0.14407793267924007,1.0,0.0,AllGestureWiimoteY,HYDRA
55,0.1,random,global_mean,0,0,2,0.08527716780457661,,0.27404445520923804,0.8911501654780055,0.4,AllGestureWiimoteY,HYDRA
55,0.2,top,global_mean,0,0,4,0.08527716780457661,-0.5032270175007518,0.5885041853053284,1.0,1.0,AllGestureWiimoteY,HYDRA
55,0.2,bottom,global_mean,0,0,0,0.08527716780457661,0.07044880908061224,0.014828358723964374,0.17388223862812144,0.0,AllGestureWiimoteY,HYDRA
55,0.2,random,global_mean,0,0,1,0.08527716780457661,,0.1291191400717234,-0.36280130691743606,0.2,AllGestureWiimoteY,HYDRA
56,0.05,top,global_mean,0,0,0,0.49051575589510565,-0.04288040103825941,0.5333961569333651,1.0,0.0,AllGestureWiimoteY,HYDRA
56,0.05,bottom,global_mean,0,0,0,0.49051575589510565,0.39956707744056463,0.09094867845454102,0.1854140095348545,0.0,AllGestureWiimoteY,HYDRA
56,0.05,random,global_mean,0,0,0,0.49051575589510565,,0.05554960743152728,0.11324711493322821,0.0,AllGestureWiimoteY,HYDRA
56,0.1,top,global_mean,0,0,4,0.49051575589510565,-0.7616176126793833,1.2521333685744889,1.0,1.0,AllGestureWiimoteY,HYDRA
56,0.1,bottom,global_mean,0,0,0,0.49051575589510565,0.3802011024352645,0.11031465345984115,0.22489477094118135,0.0,AllGestureWiimoteY,HYDRA
56,0.1,random,global_mean,0,0,0,0.49051575589510565,,0.09986404671942348,0.20358947073518294,0.0,AllGestureWiimoteY,HYDRA
56,0.2,top,global_mean,0,0,4,0.49051575589510565,-0.6806872879040793,1.171203043799185,1.0,1.0,AllGestureWiimoteY,HYDRA
56,0.2,bottom,global_mean,0,0,0,0.49051575589510565,0.45810209321893147,0.03241366267617418,0.06608064309041804,0.0,AllGestureWiimoteY,HYDRA
56,0.2,random,global_mean,0,0,1,0.49051575589510565,,0.2294838872041404,0.18443480033813847,0.2,AllGestureWiimoteY,HYDRA
0,0.05,top,local_mean,0,0,0,0.1683257933737009,0.21015057952336513,-0.04182478614966423,-0.24847372965045067,0.0,AllGestureWiimoteY,HYDRA
0,0.05,bottom,local_mean,0,0,0,0.1683257933737009,0.0465872315300474,0.1217385618436535,0.7232274755771219,0.0,AllGestureWiimoteY,HYDRA
0,0.05,random,local_mean,0,0,0,0.1683257933737009,,0.09047654662989199,0.3234042586331335,0.0,AllGestureWiimoteY,HYDRA
0,0.1,top,local_mean,0,0,0,0.1683257933737009,0.1388179302138297,0.029507863159871195,0.1753010472572898,0.0,AllGestureWiimoteY,HYDRA
0,0.1,bottom,local_mean,0,0,0,0.1683257933737009,0.00921304531215128,0.15911274806154962,0.9452609704760712,0.0,AllGestureWiimoteY,HYDRA
0,0.1,random,local_mean,0,0,2,0.1683257933737009,,0.2915321838856223,0.5533696922694624,0.4,AllGestureWiimoteY,HYDRA
0,0.2,top,local_mean,0,0,0,0.1683257933737009,0.356650066160743,-0.1883242727870421,-1.0,0.0,AllGestureWiimoteY,HYDRA
0,0.2,bottom,local_mean,0,0,0,0.1683257933737009,0.16882488760230763,-0.0004990942286067224,-0.0029650314047074337,0.0,AllGestureWiimoteY,HYDRA
0,0.2,random,local_mean,0,0,0,0.1683257933737009,,-0.02931481972645067,-0.17415421002744988,0.0,AllGestureWiimoteY,HYDRA
1,0.05,top,local_mean,0,0,0,0.2917058317398875,0.04255313196237709,0.24915269977751042,0.8541202079205255,0.0,AllGestureWiimoteY,HYDRA
1,0.05,bottom,local_mean,0,0,0,0.2917058317398875,0.28287372313815173,0.008832108601735777,0.030277345748320677,0.0,AllGestureWiimoteY,HYDRA
1,0.05,random,local_mean,0,0,0,0.2917058317398875,,0.06776903590474359,0.23231898787057775,0.0,AllGestureWiimoteY,HYDRA
1,0.1,top,local_mean,0,0,0,0.2917058317398875,0.1875023873487478,0.10420344439113971,0.35721975988569593,0.0,AllGestureWiimoteY,HYDRA
1,0.1,bottom,local_mean,0,0,0,0.2917058317398875,0.10958001529246464,0.18212581644742287,0.6243453928080194,0.0,AllGestureWiimoteY,HYDRA
1,0.1,random,local_mean,0,0,1,0.2917058317398875,,0.2005920482332396,0.3101406435427164,0.2,AllGestureWiimoteY,HYDRA
1,0.2,top,local_mean,0,0,4,0.2917058317398875,-0.5420715173010651,0.8337773490409526,1.0,1.0,AllGestureWiimoteY,HYDRA
1,0.2,bottom,local_mean,0,0,0,0.2917058317398875,0.391079189458176,-0.09937335771828848,-0.3406617429066552,0.0,AllGestureWiimoteY,HYDRA
1,0.2,random,local_mean,0,0,0,0.2917058317398875,,-0.10055541180789258,-0.34471394176176506,0.0,AllGestureWiimoteY,HYDRA
2,0.05,top,local_mean,0,0,0,0.38293206102460164,-0.044778821649012146,0.4277108826736138,1.0,0.0,AllGestureWiimoteY,HYDRA
2,0.05,bottom,local_mean,0,0,0,0.38293206102460164,0.3731657668347188,0.00976629418988284,0.02550392009441933,0.0,AllGestureWiimoteY,HYDRA
2,0.05,random,local_mean,0,0,0,0.38293206102460164,,0.11741113160639308,0.2211325491777119,0.0,AllGestureWiimoteY,HYDRA
2,0.1,top,local_mean,0,0,4,0.38293206102460164,-0.17822276607737741,0.5611548271019791,1.0,1.0,AllGestureWiimoteY,HYDRA
2,0.1,bottom,local_mean,0,0,0,0.38293206102460164,0.2913841953382168,0.09154786568638484,0.23907015351830208,0.0,AllGestureWiimoteY,HYDRA
2,0.1,random,local_mean,0,0,0,0.38293206102460164,,0.18556544833845917,0.38305511337529163,0.0,AllGestureWiimoteY,HYDRA
2,0.2,top,local_mean,0,0,4,0.38293206102460164,-0.712274514134011,1.0952065751586126,1.0,1.0,AllGestureWiimoteY,HYDRA
2,0.2,bottom,local_mean,0,0,0,0.38293206102460164,0.23949032912696544,0.1434417318976362,0.3745869617886578,0.0,AllGestureWiimoteY,HYDRA
2,0.2,random,local_mean,0,0,2,0.38293206102460164,,0.4060628314948517,0.527655289941986,0.4,AllGestureWiimoteY,HYDRA
3,0.05,top,local_mean,0,0,0,0.8161853902501854,0.23190401815398176,0.5842813720962037,0.7158675751957884,0.0,AllGestureWiimoteY,HYDRA
3,0.05,bottom,local_mean,0,0,0,0.8161853902501854,0.7292063378121763,0.08697905243800919,0.1065676339093911,0.0,AllGestureWiimoteY,HYDRA
3,0.05,random,local_mean,0,0,0,0.8161853902501854,,0.049969920407911816,0.06122366288488901,0.0,AllGestureWiimoteY,HYDRA
3,0.1,top,local_mean,0,0,0,0.8161853902501854,-0.46338709783990006,1.2795724880900856,1.0,0.0,AllGestureWiimoteY,HYDRA
3,0.1,bottom,local_mean,0,0,0,0.8161853902501854,0.7894199486598985,0.02676544159028693,0.03279329563689799,0.0,AllGestureWiimoteY,HYDRA
3,0.1,random,local_mean,0,0,0,0.8161853902501854,,0.3171670278116737,0.30111903605997675,0.0,AllGestureWiimoteY,HYDRA
3,0.2,top,local_mean,0,0,4,0.8161853902501854,-0.5377920672843328,1.3539774575345183,1.0,1.0,AllGestureWiimoteY,HYDRA
3,0.2,bottom,local_mean,0,0,0,0.8161853902501854,0.8390954918588107,-0.022910101608625277,-0.02806969324936017,0.0,AllGestureWiimoteY,HYDRA
3,0.2,random,local_mean,0,0,2,0.8161853902501854,,0.4896061872116347,0.3888935436172651,0.4,AllGestureWiimoteY,HYDRA
4,0.05,top,local_mean,0,0,0,0.16653199112935768,0.16470009016631026,0.001831900963047417,0.011000228547053797,0.0,AllGestureWiimoteY,HYDRA
4,0.05,bottom,local_mean,0,0,0,0.16653199112935768,0.0176814921563051,0.14885049897305258,0.8938198849585912,0.0,AllGestureWiimoteY,HYDRA
4,0.05,random,local_mean,0,0,0,0.16653199112935768,,0.05158404261340623,0.30975269382711884,0.0,AllGestureWiimoteY,HYDRA
4,0.1,top,local_mean,0,0,0,0.16653199112935768,0.0750895583361848,0.09144243279317288,0.549095000174129,0.0,AllGestureWiimoteY,HYDRA
4,0.1,bottom,local_mean,0,0,0,0.16653199112935768,0.051684874262965974,0.11484711686639171,0.689635825835747,0.0,AllGestureWiimoteY,HYDRA
4,0.1,random,local_mean,0,0,1,0.16653199112935768,,0.24256787189824464,0.7770830146973451,0.2,AllGestureWiimoteY,HYDRA
4,0.2,top,local_mean,0,0,0,0.16653199112935768,0.3314930828837168,-0.16496109175435913,-0.9905610331962539,0.0,AllGestureWiimoteY,HYDRA
4,0.2,bottom,local_mean,0,0,1,0.16653199112935768,-0.03816015075061152,0.2046921418799692,1.0,1.0,AllGestureWiimoteY,HYDRA
4,0.2,random,local_mean,0,0,2,0.16653199112935768,,0.18771305065002034,0.18468868735833813,0.4,AllGestureWiimoteY,HYDRA
5,0.05,top,local_mean,0,0,0,-0.015814944391129737,-0.3408162970096067,0.32500135261847696,1.0,0.0,AllGestureWiimoteY,HYDRA
5,0.05,bottom,local_mean,0,0,0,-0.015814944391129737,0.008354773623981626,-0.024169718015111363,-1.0,0.0,AllGestureWiimoteY,HYDRA
5,0.05,random,local_mean,0,0,0,-0.015814944391129737,,0.05466848632653794,0.23554413599240326,0.0,AllGestureWiimoteY,HYDRA
5,0.1,top,local_mean,0,0,6,-0.015814944391129737,-0.5649127206374942,0.5490977762463645,1.0,1.0,AllGestureWiimoteY,HYDRA
5,0.1,bottom,local_mean,0,0,0,-0.015814944391129737,0.1999179351518735,-0.21573287954300324,-1.0,0.0,AllGestureWiimoteY,HYDRA
5,0.1,random,local_mean,0,0,2,-0.015814944391129737,,0.11138262796939222,0.6,0.2,AllGestureWiimoteY,HYDRA
5,0.2,top,local_mean,0,0,0,-0.015814944391129737,-0.17112948315623278,0.15531453876510304,1.0,0.0,AllGestureWiimoteY,HYDRA
5,0.2,bottom,local_mean,0,0,0,-0.015814944391129737,0.2885315772273198,-0.30434652161844955,-1.0,0.0,AllGestureWiimoteY,HYDRA
5,0.2,random,local_mean,0,0,0,-0.015814944391129737,,-0.09003443495153278,-0.6,0.0,AllGestureWiimoteY,HYDRA
6,0.05,top,local_mean,0,0,0,0.44372561699502633,0.240159105946393,0.20356651104863333,0.45876560758787,0.0,AllGestureWiimoteY,HYDRA
6,0.05,bottom,local_mean,0,0,0,0.44372561699502633,0.4540459684055034,-0.010320351410477047,-0.023258355517115005,0.0,AllGestureWiimoteY,HYDRA
6,0.05,random,local_mean,0,0,0,0.44372561699502633,,0.048508681613858864,0.10932109942460944,0.0,AllGestureWiimoteY,HYDRA
6,0.1,top,local_mean,0,0,0,0.44372561699502633,0.5022327445321526,-0.05850712753712628,-0.13185399589806912,0.0,AllGestureWiimoteY,HYDRA
6,0.1,bottom,local_mean,0,0,0,0.44372561699502633,0.3524997925916822,0.09122582440334415,0.2055901559864431,0.0,AllGestureWiimoteY,HYDRA
6,0.1,random,local_mean,0,0,2,0.44372561699502633,,0.38715660325115253,0.5303580192765376,0.4,AllGestureWiimoteY,HYDRA
6,0.2,top,local_mean,0,0,4,0.44372561699502633,-0.7087506167339175,1.1524762337289438,1.0,1.0,AllGestureWiimoteY,HYDRA
6,0.2,bottom,local_mean,0,0,0,0.44372561699502633,0.4624612690571128,-0.018735652062086494,-0.042223412670095696,0.0,AllGestureWiimoteY,HYDRA
6,0.2,random,local_mean,0,0,2,0.44372561699502633,,0.47899343678942846,0.40985678245894863,0.4,AllGestureWiimoteY,HYDRA
7,0.05,top,local_mean,0,0,0,0.31678951736613903,0.4642046083834246,-0.14741509101728556,-0.4653393423607648,0.0,AllGestureWiimoteY,HYDRA
7,0.05,bottom,local_mean,0,0,0,0.31678951736613903,0.2152008092841684,0.10158870808197062,0.32068102582930785,0.0,AllGestureWiimoteY,HYDRA
7,0.05,random,local_mean,0,0,0,0.31678951736613903,,0.020099602364468304,0.06344761368358023,0.0,AllGestureWiimoteY,HYDRA
7,0.1,top,local_mean,0,0,0,0.31678951736613903,0.04965142403021661,0.2671380933359224,0.8432641720369758,0.0,AllGestureWiimoteY,HYDRA
7,0.1,bottom,local_mean,0,0,0,0.31678951736613903,0.2134086369657875,0.10338088040035154,0.32633830475697717,0.0,AllGestureWiimoteY,HYDRA
7,0.1,random,local_mean,0,0,0,0.31678951736613903,,0.046845470340726614,0.14787522912683565,0.0,AllGestureWiimoteY,HYDRA
7,0.2,top,local_mean,0,0,4,0.31678951736613903,-0.5266877768092759,0.843477294175415,1.0,1.0,AllGestureWiimoteY,HYDRA
7,0.2,bottom,local_mean,0,0,0,0.31678951736613903,0.28550591754784826,0.031283599818290764,0.09875169269076926,0.0,AllGestureWiimoteY,HYDRA
7,0.2,random,local_mean,0,0,2,0.31678951736613903,,0.4406346982014764,0.7851684653114558,0.6,AllGestureWiimoteY,HYDRA
8,0.05,top,local_mean,0,0,0,0.39774607172354437,-0.1622007379222734,0.5599468096458178,1.0,0.0,AllGestureWiimoteY,HYDRA
8,0.05,bottom,local_mean,0,0,0,0.39774607172354437,0.1988727255980507,0.19887334612549368,0.4999995229725321,0.0,AllGestureWiimoteY,HYDRA
8,0.05,random,local_mean,0,0,0,0.39774607172354437,,0.03252353301930437,0.08176938394133541,0.0,AllGestureWiimoteY,HYDRA
8,0.1,top,local_mean,0,0,6,0.39774607172354437,-0.4135035510769678,0.8112496228005122,1.0,1.0,AllGestureWiimoteY,HYDRA
8,0.1,bottom,local_mean,0,0,0,0.39774607172354437,0.2728310725970744,0.12491499912646997,0.3140563639731649,0.0,AllGestureWiimoteY,HYDRA
8,0.1,random,local_mean,0,0,0,0.39774607172354437,,0.2790541139266854,0.4896971003092057,0.0,AllGestureWiimoteY,HYDRA
8,0.2,top,local_mean,0,0,4,0.39774607172354437,-0.6117457706532137,1.009491842376758,1.0,1.0,AllGestureWiimoteY,HYDRA
8,0.2,bottom,local_mean,0,0,0,0.39774607172354437,0.3389505523584251,0.058795519365119286,0.14782137580634494,0.0,AllGestureWiimoteY,HYDRA
8,0.2,random,local_mean,0,0,1,0.39774607172354437,,0.22231480982483118,0.2472334207446199,0.2,AllGestureWiimoteY,HYDRA
9,0.05,top,local_mean,0,0,0,0.1912619080198381,0.2536753560125391,-0.06241344799270099,-0.32632280162877875,0.0,AllGestureWiimoteY,HYDRA
9,0.05,bottom,local_mean,0,0,0,0.1912619080198381,0.12422895127353328,0.06703295674630483,0.3504754656315905,0.0,AllGestureWiimoteY,HYDRA
9,0.05,random,local_mean,0,0,0,0.1912619080198381,,0.0121122029898026,0.06332750618089684,0.0,AllGestureWiimoteY,HYDRA
9,0.1,top,local_mean,0,0,3,0.1912619080198381,-0.25391516789986557,0.4451770759197037,1.0,1.0,AllGestureWiimoteY,HYDRA
9,0.1,bottom,local_mean,0,0,0,0.1912619080198381,0.1259107966190629,0.06535111140077521,0.3416820965306921,0.0,AllGestureWiimoteY,HYDRA
9,0.1,random,local_mean,0,0,1,0.1912619080198381,,0.1722846616002716,0.3414116921845729,0.2,AllGestureWiimoteY,HYDRA
9,0.2,top,local_mean,0,0,4,0.1912619080198381,-0.50156832822323,0.6928302362430682,1.0,1.0,AllGestureWiimoteY,HYDRA
9,0.2,bottom,local_mean,0,0,0,0.1912619080198381,0.0509236134074027,0.1403382946124354,0.7337454818886225,0.0,AllGestureWiimoteY,HYDRA
9,0.2,random,local_mean,0,0,2,0.1912619080198381,,0.3356849759342148,0.5711699152051932,0.4,AllGestureWiimoteY,HYDRA
10,0.05,top,local_mean,0,0,0,0.5841478847049426,-0.07685731019174225,0.6610051948966849,1.0,0.0,AllGestureWiimoteY,HYDRA
10,0.05,bottom,local_mean,0,0,0,0.5841478847049426,0.5711385059382752,0.013009378766667412,0.022270655833295877,0.0,AllGestureWiimoteY,HYDRA
10,0.05,random,local_mean,0,0,0,0.5841478847049426,,0.07382644467770576,0.1263829249883717,0.0,AllGestureWiimoteY,HYDRA
10,0.1,top,local_mean,0,0,1,0.5841478847049426,-0.7208968391385984,1.305044723843541,1.0,1.0,AllGestureWiimoteY,HYDRA
10,0.1,bottom,local_mean,0,0,0,0.5841478847049426,0.5119276307995537,0.07222025390538889,0.12363329931181466,0.0,AllGestureWiimoteY,HYDRA
10,0.1,random,local_mean,0,0,1,0.5841478847049426,,0.30300901399405133,0.27182122981167856,0.2,AllGestureWiimoteY,HYDRA
10,0.2,top,local_mean,0,0,4,0.5841478847049426,-0.8153436504060322,1.399491535110975,1.0,1.0,AllGestureWiimoteY,HYDRA
10,0.2,bottom,local_mean,0,0,0,0.5841478847049426,0.6171148914777373,-0.03296700677279474,-0.056435966302403516,0.0,AllGestureWiimoteY,HYDRA
10,0.2,random,local_mean,0,0,0,0.5841478847049426,,-0.08429925159632239,-0.14431124291010583,0.0,AllGestureWiimoteY,HYDRA
11,0.05,top,local_mean,0,0,0,0.2827815184297926,-0.26598732258755,0.5487688410173426,1.0,0.0,AllGestureWiimoteY,HYDRA
11,0.05,bottom,local_mean,0,0,0,0.2827815184297926,0.2115119818084763,0.0712695366213163,0.2520294996206091,0.0,AllGestureWiimoteY,HYDRA
11,0.05,random,local_mean,0,0,0,0.2827815184297926,,0.09152699857496278,0.27423737126784176,0.0,AllGestureWiimoteY,HYDRA
11,0.1,top,local_mean,0,0,4,0.2827815184297926,-0.5374127095712827,0.8201942280010753,1.0,1.0,AllGestureWiimoteY,HYDRA
11,0.1,bottom,local_mean,0,0,0,0.2827815184297926,0.1853238345777174,0.0974576838520752,0.34463829091426446,0.0,AllGestureWiimoteY,HYDRA
11,0.1,random,local_mean,0,0,2,0.2827815184297926,,0.43615355193067423,0.6159406736794686,0.4,AllGestureWiimoteY,HYDRA
11,0.2,top,local_mean,0,0,4,0.2827815184297926,-0.837655775507348,1.1204372939371408,1.0,1.0,AllGestureWiimoteY,HYDRA
11,0.2,bottom,local_mean,0,0,0,0.2827815184297926,0.32042969628766116,-0.03764817785786856,-0.1331347427942778,0.0,AllGestureWiimoteY,HYDRA
11,0.2,random,local_mean,0,0,0,0.2827815184297926,,-0.0012841706451725444,-0.0394564217632629,0.0,AllGestureWiimoteY,HYDRA
12,0.05,top,local_mean,0,0,0,-0.33210407940095077,-0.2065435466101696,-0.12556053279078117,-0.3780747136336082,0.0,AllGestureWiimoteY,HYDRA
12,0.05,bottom,local_mean,0,0,0,-0.33210407940095077,-0.2707187752508172,-0.061385304150133546,-0.18483699273994847,0.0,AllGestureWiimoteY,HYDRA
12,0.05,random,local_mean,0,0,0,-0.33210407940095077,,-0.11786750695206197,-0.3549102806999239,0.0,AllGestureWiimoteY,HYDRA
12,0.1,top,local_mean,0,0,0,-0.33210407940095077,-0.0032078864400880702,-0.3288961929608627,-0.9903377375441645,0.0,AllGestureWiimoteY,HYDRA
12,0.1,bottom,local_mean,0,0,0,-0.33210407940095077,-0.0732929756316325,-0.25881110376931826,-0.7793048640995202,0.0,AllGestureWiimoteY,HYDRA
12,0.1,random,local_mean,0,0,0,-0.33210407940095077,,-0.2761555000769069,-0.7528762997803395,0.0,AllGestureWiimoteY,HYDRA
12,0.2,top,local_mean,0,0,0,-0.33210407940095077,0.4851462618228519,-0.8172503412238027,-1.0,0.0,AllGestureWiimoteY,HYDRA
12,0.2,bottom,local_mean,0,0,0,-0.33210407940095077,0.374567112756617,-0.7066711921575678,-1.0,0.0,AllGestureWiimoteY,HYDRA
12,0.2,random,local_mean,0,0,0,-0.33210407940095077,,-0.8187872183186938,-1.0,0.0,AllGestureWiimoteY,HYDRA
13,0.05,top,local_mean,0,0,0,0.7098170598506688,0.44169373940024825,0.26812332045042053,0.3777352755815035,0.0,AllGestureWiimoteY,HYDRA
13,0.05,bottom,local_mean,0,0,0,0.7098170598506688,0.6131977761767435,0.09661928367392525,0.13611837897482063,0.0,AllGestureWiimoteY,HYDRA
13,0.05,random,local_mean,0,0,0,0.7098170598506688,,0.040118474722493504,0.05651937727666946,0.0,AllGestureWiimoteY,HYDRA
13,0.1,top,local_mean,0,0,0,0.7098170598506688,0.45422127770732024,0.25559578214334855,0.3600863328232599,0.0,AllGestureWiimoteY,HYDRA
13,0.1,bottom,local_mean,0,0,0,0.7098170598506688,0.7133055861358211,-0.0034885262851522825,-0.004914676707276505,0.0,AllGestureWiimoteY,HYDRA
13,0.1,random,local_mean,0,0,0,0.7098170598506688,,0.03595640379122735,0.05065580297969855,0.0,AllGestureWiimoteY,HYDRA
13,0.2,top,local_mean,0,0,5,0.7098170598506688,-0.49085181887430984,1.2006688787249786,1.0,1.0,AllGestureWiimoteY,HYDRA
13,0.2,bottom,local_mean,0,0,0,0.7098170598506688,0.8567416106927992,-0.1469245508421304,-0.20698902881259507,0.0,AllGestureWiimoteY,HYDRA
13,0.2,random,local_mean,0,0,2,0.7098170598506688,,0.3508702908601951,0.36757090507605006,0.4,AllGestureWiimoteY,HYDRA
14,0.05,top,local_mean,0,0,0,0.3611361967686497,-0.18837737071463712,0.5495135674832868,1.0,0.0,AllGestureWiimoteY,HYDRA
14,0.05,bottom,local_mean,0,0,0,0.3611361967686497,0.46613587066603146,-0.10499967389738174,-0.29074732494156846,0.0,AllGestureWiimoteY,HYDRA
14,0.05,random,local_mean,0,0,0,0.3611361967686497,,0.030963229943229552,0.08573813559023967,0.0,AllGestureWiimoteY,HYDRA
14,0.1,top,local_mean,0,0,4,0.3611361967686497,-0.5789720952586909,0.9401082920273406,1.0,1.0,AllGestureWiimoteY,HYDRA
14,0.1,bottom,local_mean,0,0,0,0.3611361967686497,0.3148231600485596,0.04631303672009013,0.12824222244201283,0.0,AllGestureWiimoteY,HYDRA
14,0.1,random,local_mean,0,0,2,0.3611361967686497,,0.5897483423135249,0.5459370422367578,0.4,AllGestureWiimoteY,HYDRA
14,0.2,top,local_mean,0,0,4,0.3611361967686497,-0.9823105618554617,1.3434467586241114,1.0,1.0,AllGestureWiimoteY,HYDRA
14,0.2,bottom,local_mean,0,0,0,0.3611361967686497,-0.029081190118865896,0.3902173868875156,1.0,0.0,AllGestureWiimoteY,HYDRA
14,0.2,random,local_mean,0,0,1,0.3611361967686497,,0.31008949369120214,0.23474653300277262,0.2,AllGestureWiimoteY,HYDRA
15,0.05,top,local_mean,0,0,0,-0.11913448352621492,0.01378942188758947,-0.1329239054138044,-1.0,0.0,AllGestureWiimoteY,HYDRA
15,0.05,bottom,local_mean,0,0,0,-0.11913448352621492,-0.007057136781515427,-0.11207734674469949,-0.9407553772175496,0.0,AllGestureWiimoteY,HYDRA
15,0.05,random,local_mean,0,0,0,-0.11913448352621492,,-0.11119331449485334,-0.8362776069204761,0.0,AllGestureWiimoteY,HYDRA
15,0.1,top,local_mean,0,0,0,-0.11913448352621492,0.24292045518423033,-0.36205493871044525,-1.0,0.0,AllGestureWiimoteY,HYDRA
15,0.1,bottom,local_mean,0,0,5,-0.11913448352621492,-0.7222822236097791,0.6031477400835642,1.0,1.0,AllGestureWiimoteY,HYDRA
15,0.1,random,local_mean,0,0,2,-0.11913448352621492,,-0.141643453842894,-0.6,0.2,AllGestureWiimoteY,HYDRA
15,0.2,top,local_mean,0,0,0,-0.11913448352621492,0.8328051322906072,-0.9519396158168221,-1.0,0.0,AllGestureWiimoteY,HYDRA
15,0.2,bottom,local_mean,0,0,0,-0.11913448352621492,0.6407605686045676,-0.7598950521307826,-1.0,0.0,AllGestureWiimoteY,HYDRA
15,0.2,random,local_mean,0,0,0,-0.11913448352621492,,-0.8710138561506657,-1.0,0.0,AllGestureWiimoteY,HYDRA
16,0.05,top,local_mean,0,0,0,0.1392214925011669,0.23927947556591533,-0.10005798306474845,-0.718691220557697,0.0,AllGestureWiimoteY,HYDRA
16,0.05,bottom,local_mean,0,0,0,0.1392214925011669,0.09543786812021815,0.04378362438094874,0.3144867154320037,0.0,AllGestureWiimoteY,HYDRA
16,0.05,random,local_mean,0,0,0,0.1392214925011669,,0.012159428507613845,0.08733810384490803,0.0,AllGestureWiimoteY,HYDRA
16,0.1,top,local_mean,0,0,0,0.1392214925011669,0.3607022313031878,-0.2214807388020209,-1.0,0.0,AllGestureWiimoteY,HYDRA
16,0.1,bottom,local_mean,0,0,0,0.1392214925011669,0.06204707400040099,0.0771744185007659,0.5543243560311856,0.0,AllGestureWiimoteY,HYDRA
16,0.1,random,local_mean,0,0,0,0.1392214925011669,,0.051507145834281884,0.3300664141200606,0.0,AllGestureWiimoteY,HYDRA
16,0.2,top,local_mean,0,0,0,0.1392214925011669,0.39738369407693663,-0.25816220157576975,-1.0,0.0,AllGestureWiimoteY,HYDRA
16,0.2,bottom,local_mean,0,0,0,0.1392214925011669,-0.10960122820513751,0.2488227207063044,1.0,0.0,AllGestureWiimoteY,HYDRA
16,0.2,random,local_mean,0,0,0,0.1392214925011669,,-0.1254145664187664,-0.2,0.0,AllGestureWiimoteY,HYDRA
17,0.05,top,local_mean,0,0,0,0.7666471721025527,0.24323662173593452,0.5234105503666182,0.6827258831533518,0.0,AllGestureWiimoteY,HYDRA
17,0.05,bottom,local_mean,0,0,0,0.7666471721025527,0.748148051479876,0.01849912062267678,0.024129869861872173,0.0,AllGestureWiimoteY,HYDRA
17,0.05,random,local_mean,0,0,0,0.7666471721025527,,0.3495646402170462,0.4559648779418022,0.0,AllGestureWiimoteY,HYDRA
17,0.1,top,local_mean,0,0,4,0.7666471721025527,-0.3884505415809383,1.155097713683491,1.0,1.0,AllGestureWiimoteY,HYDRA
17,0.1,bottom,local_mean,0,0,0,0.7666471721025527,0.5462111993423264,0.2204359727602263,0.2875321180975034,0.0,AllGestureWiimoteY,HYDRA
17,0.1,random,local_mean,0,0,1,0.7666471721025527,,0.25241278864081035,0.23479133952916437,0.2,AllGestureWiimoteY,HYDRA
17,0.2,top,local_mean,0,0,0,0.7666471721025527,0.930088503060273,-0.1634413309577203,-0.21318948757091294,0.0,AllGestureWiimoteY,HYDRA
17,0.2,bottom,local_mean,0,0,0,0.7666471721025527,0.004592866448826505,0.7620543056537262,0.9940078557335789,0.0,AllGestureWiimoteY,HYDRA
17,0.2,random,local_mean,0,0,0,0.7666471721025527,,0.012168753225530127,0.01587266971778854,0.0,AllGestureWiimoteY,HYDRA
18,0.05,top,local_mean,0,0,0,0.34099218555105937,-0.23726865228787886,0.5782608378389382,1.0,0.0,AllGestureWiimoteY,HYDRA
18,0.05,bottom,local_mean,0,0,0,0.34099218555105937,0.22329114083860957,0.1177010447124498,0.3451712518015278,0.0,AllGestureWiimoteY,HYDRA
18,0.05,random,local_mean,0,0,0,0.34099218555105937,,0.07754319933213742,0.17758560522943453,0.0,AllGestureWiimoteY,HYDRA
18,0.1,top,local_mean,0,0,6,0.34099218555105937,-0.5880867408837224,0.9290789264347817,1.0,1.0,AllGestureWiimoteY,HYDRA
18,0.1,bottom,local_mean,0,0,0,0.34099218555105937,0.1741825291836374,0.16680965636742195,0.48918765370003076,0.0,AllGestureWiimoteY,HYDRA
18,0.1,random,local_mean,0,0,2,0.34099218555105937,,0.4496159027277411,0.6267326098506546,0.4,AllGestureWiimoteY,HYDRA
18,0.2,top,local_mean,0,0,0,0.34099218555105937,0.6402655993365935,-0.2992734137855342,-0.8776521832889292,0.0,AllGestureWiimoteY,HYDRA
18,0.2,bottom,local_mean,0,0,0,0.34099218555105937,-0.13401501004759298,0.47500719559865234,1.0,0.0,AllGestureWiimoteY,HYDRA
18,0.2,random,local_mean,0,0,0,0.34099218555105937,,-0.016437263670847458,-0.04820408256629571,0.0,AllGestureWiimoteY,HYDRA
19,0.05,top,local_mean,0,0,0,0.45844554912310564,0.24649870703098298,0.21194684209212267,0.4623152742615782,0.0,AllGestureWiimoteY,HYDRA
19,0.05,bottom,local_mean,0,0,0,0.45844554912310564,0.32048182054941154,0.1379637285736941,0.3009374349912426,0.0,AllGestureWiimoteY,HYDRA
19,0.05,random,local_mean,0,0,0,0.45844554912310564,,0.050802327202563856,0.11081406829157311,0.0,AllGestureWiimoteY,HYDRA
19,0.1,top,local_mean,0,0,0,0.45844554912310564,0.3341080923283182,0.12433745679478747,0.2712147294654396,0.0,AllGestureWiimoteY,HYDRA
19,0.1,bottom,local_mean,0,0,0,0.45844554912310564,0.25581733983898713,0.2026282092841185,0.441988732757823,0.0,AllGestureWiimoteY,HYDRA
19,0.1,random,local_mean,0,0,0,0.45844554912310564,,0.16098240740331943,0.26463864885714,0.0,AllGestureWiimoteY,HYDRA
19,0.2,top,local_mean,0,0,0,0.45844554912310564,0.015402053095977752,0.4430434960271279,0.9664016380416868,0.0,AllGestureWiimoteY,HYDRA
19,0.2,bottom,local_mean,0,0,0,0.45844554912310564,0.18401727236708298,0.27442827675602266,0.5986047387224003,0.0,AllGestureWiimoteY,HYDRA
19,0.2,random,local_mean,0,0,0,0.45844554912310564,,0.04884352582270657,0.12244905605459848,0.0,AllGestureWiimoteY,HYDRA
20,0.05,top,local_mean,0,0,0,0.6424383330239463,0.01134816535545946,0.6310901676684868,0.9823342613503453,0.0,AllGestureWiimoteY,HYDRA
20,0.05,bottom,local_mean,0,0,0,0.6424383330239463,0.5886426716813842,0.053795661342562084,0.08373656246940425,0.0,AllGestureWiimoteY,HYDRA
20,0.05,random,local_mean,0,0,0,0.6424383330239463,,0.05391585195043276,0.08392364722852844,0.0,AllGestureWiimoteY,HYDRA
20,0.1,top,local_mean,0,0,0,0.6424383330239463,-0.2850611488475445,0.9274994818714908,1.0,0.0,AllGestureWiimoteY,HYDRA
20,0.1,bottom,local_mean,0,0,0,0.6424383330239463,0.4919778823531311,0.15046045067081515,0.23420180386932643,0.0,AllGestureWiimoteY,HYDRA
20,0.1,random,local_mean,0,0,1,0.6424383330239463,,0.488322568503741,0.4507219096781096,0.2,AllGestureWiimoteY,HYDRA
20,0.2,top,local_mean,0,0,4,0.6424383330239463,-0.7682126192140765,1.4106509522380226,1.0,1.0,AllGestureWiimoteY,HYDRA
20,0.2,bottom,local_mean,0,0,0,0.6424383330239463,0.5950532984656958,0.047385034558250494,0.07375799102338627,0.0,AllGestureWiimoteY,HYDRA
20,0.2,random,local_mean,0,0,0,0.6424383330239463,,0.21826659723940062,0.312337708251426,0.0,AllGestureWiimoteY,HYDRA
21,0.05,top,local_mean,0,0,0,0.706377540696252,0.4838399963809421,0.22253754431530992,0.3150400691617311,0.0,AllGestureWiimoteY,HYDRA
21,0.05,bottom,local_mean,0,0,0,0.706377540696252,0.6320456514559494,0.07433188924030265,0.10522954047703144,0.0,AllGestureWiimoteY,HYDRA
21,0.05,random,local_mean,0,0,0,0.706377540696252,,-0.08808700727131424,-0.12470226967043765,0.0,AllGestureWiimoteY,HYDRA
21,0.1,top,local_mean,0,0,0,0.706377540696252,0.5678449531649066,0.13853258753134545,0.19611664221112782,0.0,AllGestureWiimoteY,HYDRA
21,0.1,bottom,local_mean,0,0,0,0.706377540696252,0.879646817714187,-0.17326927701793493,-0.24529238508172913,0.0,AllGestureWiimoteY,HYDRA
21,0.1,random,local_mean,0,0,0,0.706377540696252,,0.015519868098098622,0.021971035647262514,0.0,AllGestureWiimoteY,HYDRA
21,0.2,top,local_mean,0,0,0,0.706377540696252,0.8638307781869574,-0.1574532374907054,-0.22290206796983011,0.0,AllGestureWiimoteY,HYDRA
21,0.2,bottom,local_mean,0,0,0,0.706377540696252,0.5869595054051162,0.11941803529113582,0.1690567145109331,0.0,AllGestureWiimoteY,HYDRA
21,0.2,random,local_mean,0,0,0,0.706377540696252,,0.056668286393622334,0.07248755477359864,0.0,AllGestureWiimoteY,HYDRA
22,0.05,top,local_mean,0,0,0,0.596068822174048,0.13933299405158828,0.4567358281224597,0.7662455154273793,0.0,AllGestureWiimoteY,HYDRA
22,0.05,bottom,local_mean,0,0,0,0.596068822174048,0.5848082551306941,0.011260567043353875,0.01889135571783044,0.0,AllGestureWiimoteY,HYDRA
22,0.05,random,local_mean,0,0,0,0.596068822174048,,0.04996564203003166,0.08382514962390106,0.0,AllGestureWiimoteY,HYDRA
22,0.1,top,local_mean,0,0,0,0.596068822174048,0.5128472510362629,0.08322157113778506,0.13961715228972785,0.0,AllGestureWiimoteY,HYDRA
22,0.1,bottom,local_mean,0,0,0,0.596068822174048,0.4496853834500183,0.1463834387240297,0.2455810263806424,0.0,AllGestureWiimoteY,HYDRA
22,0.1,random,local_mean,0,0,0,0.596068822174048,,0.07236263468863444,0.1213995944715099,0.0,AllGestureWiimoteY,HYDRA
22,0.2,top,local_mean,0,0,0,0.596068822174048,0.6507636415802109,-0.05469481940616294,-0.09175908152282276,0.0,AllGestureWiimoteY,HYDRA
22,0.2,bottom,local_mean,0,0,0,0.596068822174048,0.14035796493314723,0.45571085724090077,0.7645259670734288,0.0,AllGestureWiimoteY,HYDRA
22,0.2,random,local_mean,0,0,0,0.596068822174048,,-0.04819783332602694,-0.08085937508165533,0.0,AllGestureWiimoteY,HYDRA
23,0.05,top,local_mean,0,0,0,0.8178909594064332,0.5564432886893662,0.261447670717067,0.31966039977554833,0.0,AllGestureWiimoteY,HYDRA
23,0.05,bottom,local_mean,0,0,0,0.8178909594064332,0.7554673989499412,0.062423560456492,0.07632250169300417,0.0,AllGestureWiimoteY,HYDRA
23,0.05,random,local_mean,0,0,0,0.8178909594064332,,0.3064636774068532,0.34491359352859147,0.0,AllGestureWiimoteY,HYDRA
23,0.1,top,local_mean,0,0,0,0.8178909594064332,0.5381996306635861,0.2796913287428471,0.3419661063129008,0.0,AllGestureWiimoteY,HYDRA
23,0.1,bottom,local_mean,0,0,0,0.8178909594064332,0.6406219455744142,0.17726901383201898,0.21673891250950553,0.0,AllGestureWiimoteY,HYDRA
23,0.1,random,local_mean,0,0,1,0.8178909594064332,,0.3037293581536972,0.33125525128180533,0.2,AllGestureWiimoteY,HYDRA
23,0.2,top,local_mean,0,0,5,0.8178909594064332,-0.2732583200160742,1.0911492794225075,1.0,1.0,AllGestureWiimoteY,HYDRA
23,0.2,bottom,local_mean,0,0,0,0.8178909594064332,0.8152709335941124,0.002620025812320792,0.0032033886409914302,0.0,AllGestureWiimoteY,HYDRA
23,0.2,random,local_mean,0,0,2,0.8178909594064332,,0.42675162767886776,0.3684707980024492,0.4,AllGestureWiimoteY,HYDRA
24,0.05,top,local_mean,0,0,1,-0.07024653549478843,-0.31133117465012006,0.24108463915533163,1.0,1.0,AllGestureWiimoteY,HYDRA
24,0.05,bottom,local_mean,0,0,1,-0.07024653549478843,-0.14729635744655456,0.07704982195176613,1.0,1.0,AllGestureWiimoteY,HYDRA
24,0.05,random,local_mean,0,0,1,-0.07024653549478843,,0.040819607792920355,0.5720426725364748,0.6,AllGestureWiimoteY,HYDRA
24,0.1,top,local_mean,0,0,1,-0.07024653549478843,-0.6415028515754854,0.5712563160806969,1.0,1.0,AllGestureWiimoteY,HYDRA
24,0.1,bottom,local_mean,0,0,1,-0.07024653549478843,-0.19300061352526987,0.12275407803048144,1.0,1.0,AllGestureWiimoteY,HYDRA
24,0.1,random,local_mean,0,0,1,-0.07024653549478843,,0.17460879742823748,0.8019075739574635,1.0,AllGestureWiimoteY,HYDRA
24,0.2,top,local_mean,0,0,4,-0.07024653549478843,-0.8521846913281446,0.7819381558333561,1.0,1.0,AllGestureWiimoteY,HYDRA
24,0.2,bottom,local_mean,0,0,1,-0.07024653549478843,0.016977957698964263,-0.0872244931937527,-1.0,1.0,AllGestureWiimoteY,HYDRA
24,0.2,random,local_mean,0,0,1,-0.07024653549478843,,-0.13806728146417477,-0.8097702077165382,0.8,AllGestureWiimoteY,HYDRA
25,0.05,top,local_mean,0,0,0,0.47006965687704594,0.046824530348885895,0.42324512652816004,0.9003861873447383,0.0,AllGestureWiimoteY,HYDRA
25,0.05,bottom,local_mean,0,0,0,0.47006965687704594,0.4062067740845934,0.06386288279245256,0.13585804997217016,0.0,AllGestureWiimoteY,HYDRA
25,0.05,random,local_mean,0,0,0,0.47006965687704594,,0.10928357469765382,0.23248329394497516,0.0,AllGestureWiimoteY,HYDRA
25,0.1,top,local_mean,0,0,0,0.47006965687704594,-0.20460969384892347,0.6746793507259694,1.0,0.0,AllGestureWiimoteY,HYDRA
25,0.1,bottom,local_mean,0,0,0,0.47006965687704594,0.33959374962813027,0.13047590724891567,0.27756658566127773,0.0,AllGestureWiimoteY,HYDRA
25,0.1,random,local_mean,0,0,1,0.47006965687704594,,0.11433738576930615,0.07394478938709227,0.2,AllGestureWiimoteY,HYDRA
25,0.2,top,local_mean,0,0,4,0.47006965687704594,-0.24619003854309351,0.7162596954201395,1.0,1.0,AllGestureWiimoteY,HYDRA
25,0.2,bottom,local_mean,0,0,0,0.47006965687704594,0.5047788979317918,-0.03470924105474582,-0.07383834865451844,0.0,AllGestureWiimoteY,HYDRA
25,0.2,random,local_mean,0,0,3,0.47006965687704594,,0.3786303319246886,0.5205601373978774,0.6,AllGestureWiimoteY,HYDRA
26,0.05,top,local_mean,0,0,0,0.38760184221532135,0.33999630319731455,0.04760553901800679,0.12282040747152452,0.0,AllGestureWiimoteY,HYDRA
26,0.05,bottom,local_mean,0,0,0,0.38760184221532135,0.3287905519702925,0.05881129024502885,0.15173080235659875,0.0,AllGestureWiimoteY,HYDRA
26,0.05,random,local_mean,0,0,0,0.38760184221532135,,0.09407863069589066,0.24271914560324115,0.0,AllGestureWiimoteY,HYDRA
26,0.1,top,local_mean,0,0,0,0.38760184221532135,0.33297794522817314,0.0546238969871482,0.1409274933974904,0.0,AllGestureWiimoteY,HYDRA
26,0.1,bottom,local_mean,0,0,0,0.38760184221532135,0.3633653183003196,0.02423652391500175,0.06252927294464437,0.0,AllGestureWiimoteY,HYDRA
26,0.1,random,local_mean,0,0,2,0.38760184221532135,,0.3798120657220868,0.5599484468213737,0.4,AllGestureWiimoteY,HYDRA
26,0.2,top,local_mean,0,0,0,0.38760184221532135,0.6617545673836056,-0.27415272516828426,-0.7073031859141704,0.0,AllGestureWiimoteY,HYDRA
26,0.2,bottom,local_mean,0,0,0,0.38760184221532135,0.32279353592174864,0.0648083062935727,0.16720286652998886,0.0,AllGestureWiimoteY,HYDRA
26,0.2,random,local_mean,0,0,0,0.38760184221532135,,-0.1326124120496718,-0.34213477716451546,0.0,AllGestureWiimoteY,HYDRA
27,0.05,top,local_mean,0,0,0,0.39560206652448415,-0.025735958890682475,0.42133802541516663,1.0,0.0,AllGestureWiimoteY,HYDRA
27,0.05,bottom,local_mean,0,0,0,0.39560206652448415,0.3060699963427955,0.08953207018168863,0.22631793774568082,0.0,AllGestureWiimoteY,HYDRA
27,0.05,random,local_mean,0,0,0,0.39560206652448415,,0.07308377258680161,0.18474015691756124,0.0,AllGestureWiimoteY,HYDRA
27,0.1,top,local_mean,0,0,4,0.39560206652448415,-0.5190880605892749,0.9146901271137591,1.0,1.0,AllGestureWiimoteY,HYDRA
27,0.1,bottom,local_mean,0,0,0,0.39560206652448415,0.26353158350947026,0.1320704830150139,0.33384595366082676,0.0,AllGestureWiimoteY,HYDRA
27,0.1,random,local_mean,0,0,1,0.39560206652448415,,0.4373181522218498,0.6250059697568504,0.2,AllGestureWiimoteY,HYDRA
27,0.2,top,local_mean,0,0,4,0.39560206652448415,-0.7886248549607149,1.184226921485199,1.0,1.0,AllGestureWiimoteY,HYDRA
27,0.2,bottom,local_mean,0,0,0,0.39560206652448415,0.3299253454237323,0.06567672110075184,0.16601671386864003,0.0,AllGestureWiimoteY,HYDRA
27,0.2,random,local_mean,0,0,1,0.39560206652448415,,0.1997343520795393,0.07190413364681847,0.2,AllGestureWiimoteY,HYDRA
28,0.05,top,local_mean,0,0,0,-0.43337394078401326,-0.3487395159253216,-0.08463442485869166,-0.19529145987440014,0.0,AllGestureWiimoteY,HYDRA
28,0.05,bottom,local_mean,0,0,6,-0.43337394078401326,-0.6716179430142319,0.2382440022302187,0.5497410667059208,1.0,AllGestureWiimoteY,HYDRA
28,0.05,random,local_mean,0,0,1,-0.43337394078401326,,-0.0673962528117878,-0.1555148820784655,0.2,AllGestureWiimoteY,HYDRA
28,0.1,top,local_mean,0,0,0,-0.43337394078401326,-0.29191213416573036,-0.1414618066182829,-0.32641898113067197,0.0,AllGestureWiimoteY,HYDRA
28,0.1,bottom,local_mean,0,0,0,-0.43337394078401326,-0.20193491985595768,-0.23143902092805557,-0.5340387713912625,0.0,AllGestureWiimoteY,HYDRA
28,0.1,random,local_mean,0,0,0,-0.43337394078401326,,-0.2675962619773319,-0.6174705475430279,0.0,AllGestureWiimoteY,HYDRA
28,0.2,top,local_mean,0,0,0,-0.43337394078401326,0.09331728561201857,-0.5266912263960318,-1.0,0.0,AllGestureWiimoteY,HYDRA
28,0.2,bottom,local_mean,0,0,0,-0.43337394078401326,0.38495642006772646,-0.8183303608517397,-1.0,0.0,AllGestureWiimoteY,HYDRA
28,0.2,random,local_mean,0,0,0,-0.43337394078401326,,-0.6227884911391084,-0.9431975366289336,0.0,AllGestureWiimoteY,HYDRA
29,0.05,top,local_mean,0,0,0,0.2726461176499486,-0.12077199491154311,0.39341811256149173,1.0,0.0,AllGestureWiimoteY,HYDRA
29,0.05,bottom,local_mean,0,0,0,0.2726461176499486,0.1799764726433608,0.09266964500658781,0.33988859227760587,0.0,AllGestureWiimoteY,HYDRA
29,0.05,random,local_mean,0,0,0,0.2726461176499486,,0.06669686351439766,0.2446270625902222,0.0,AllGestureWiimoteY,HYDRA
29,0.1,top,local_mean,0,0,0,0.2726461176499486,-0.3861293841600024,0.658775501809951,1.0,0.0,AllGestureWiimoteY,HYDRA
29,0.1,bottom,local_mean,0,0,0,0.2726461176499486,0.13804452841511883,0.1346015892348298,0.4936842552931172,0.0,AllGestureWiimoteY,HYDRA
29,0.1,random,local_mean,0,0,2,0.2726461176499486,,0.1450928820990476,0.1090264762486715,0.2,AllGestureWiimoteY,HYDRA
29,0.2,top,local_mean,0,0,0,0.2726461176499486,-0.06840032842060606,0.3410464460705547,1.0,0.0,AllGestureWiimoteY,HYDRA
29,0.2,bottom,local_mean,0,0,0,0.2726461176499486,0.20904498387242865,0.06360113377751997,0.23327271649054224,0.0,AllGestureWiimoteY,HYDRA
29,0.2,random,local_mean,0,0,0,0.2726461176499486,,0.050443723810006946,0.11491805904414079,0.0,AllGestureWiimoteY,HYDRA
30,0.05,top,local_mean,0,0,0,0.036895638520859086,-0.3506235969893656,0.3875192355102247,1.0,0.0,AllGestureWiimoteY,HYDRA
30,0.05,bottom,local_mean,0,0,0,0.036895638520859086,-0.006519277230631726,0.04341491575149081,1.0,0.0,AllGestureWiimoteY,HYDRA
30,0.05,random,local_mean,0,0,0,0.036895638520859086,,-0.005038888664628205,0.19877032047603754,0.0,AllGestureWiimoteY,HYDRA
30,0.1,top,local_mean,0,0,5,0.036895638520859086,-0.2542590196123463,0.2911546581332054,1.0,1.0,AllGestureWiimoteY,HYDRA
30,0.1,bottom,local_mean,0,0,0,0.036895638520859086,-0.032325436434271104,0.06922107495513019,1.0,0.0,AllGestureWiimoteY,HYDRA
30,0.1,random,local_mean,0,0,2,0.036895638520859086,,0.2516789465194556,1.0,0.2,AllGestureWiimoteY,HYDRA
30,0.2,top,local_mean,0,0,0,0.036895638520859086,-0.042477131200004514,0.0793727697208636,1.0,0.0,AllGestureWiimoteY,HYDRA
30,0.2,bottom,local_mean,0,0,0,0.036895638520859086,0.2619959690485447,-0.22510033052768563,-1.0,0.0,AllGestureWiimoteY,HYDRA
30,0.2,random,local_mean,0,0,1,0.036895638520859086,,0.06697452935652519,-0.42513355940351405,0.2,AllGestureWiimoteY,HYDRA
31,0.05,top,local_mean,0,0,0,0.6335581630390121,-0.01604463225975883,0.649602795298771,1.0,0.0,AllGestureWiimoteY,HYDRA
31,0.05,bottom,local_mean,0,0,0,0.6335581630390121,0.5938716776561002,0.039686485382911973,0.06264053571973709,0.0,AllGestureWiimoteY,HYDRA
31,0.05,random,local_mean,0,0,0,0.6335581630390121,,0.38942755334686735,0.44692728823455613,0.0,AllGestureWiimoteY,HYDRA
31,0.1,top,local_mean,0,0,0,0.6335581630390121,-0.3504528067155656,0.9840109697545778,1.0,0.0,AllGestureWiimoteY,HYDRA
31,0.1,bottom,local_mean,0,0,0,0.6335581630390121,0.4758312591959337,0.15772690384307841,0.24895370952651852,0.0,AllGestureWiimoteY,HYDRA
31,0.1,random,local_mean,0,0,0,0.6335581630390121,,0.10416478279224792,0.16441208472559624,0.0,AllGestureWiimoteY,HYDRA
31,0.2,top,local_mean,0,0,4,0.6335581630390121,-0.6885539321644342,1.3221120952034462,1.0,1.0,AllGestureWiimoteY,HYDRA
31,0.2,bottom,local_mean,0,0,0,0.6335581630390121,0.5835308149127016,0.05002734812631049,0.07896239379814636,0.0,AllGestureWiimoteY,HYDRA
31,0.2,random,local_mean,0,0,2,0.6335581630390121,,0.5505903342149827,0.37124680172536795,0.4,AllGestureWiimoteY,HYDRA
32,0.05,top,local_mean,0,0,0,0.06565935432369474,0.08108899022490679,-0.015429635901212047,-0.2349916636932308,0.0,AllGestureWiimoteY,HYDRA
32,0.05,bottom,local_mean,0,0,0,0.06565935432369474,0.004682256336692281,0.06097709798700246,0.9286745192752905,0.0,AllGestureWiimoteY,HYDRA
32,0.05,random,local_mean,0,0,0,0.06565935432369474,,-0.019130631727976643,-0.1194085243581207,0.0,AllGestureWiimoteY,HYDRA
32,0.1,top,local_mean,0,0,0,0.06565935432369474,0.055440077993946346,0.010219276329748395,0.15563845847326752,0.0,AllGestureWiimoteY,HYDRA
32,0.1,bottom,local_mean,0,0,0,0.06565935432369474,-0.05232741966977128,0.11798677399346602,1.0,0.0,AllGestureWiimoteY,HYDRA
32,0.1,random,local_mean,0,0,0,0.06565935432369474,,0.12441401188424472,0.9119134429024467,0.0,AllGestureWiimoteY,HYDRA
32,0.2,top,local_mean,0,0,0,0.06565935432369474,0.2004150429230358,-0.13475568859934106,-1.0,0.0,AllGestureWiimoteY,HYDRA
32,0.2,bottom,local_mean,0,0,0,0.06565935432369474,0.17766340050080798,-0.11200404617711324,-1.0,0.0,AllGestureWiimoteY,HYDRA
32,0.2,random,local_mean,0,0,0,0.06565935432369474,,-0.09023187949254477,-0.8815374099479467,0.0,AllGestureWiimoteY,HYDRA
33,0.05,top,local_mean,0,0,0,0.8671402312380416,0.16603751629785246,0.7011027149401892,0.8085219450806247,0.0,AllGestureWiimoteY,HYDRA
33,0.05,bottom,local_mean,0,0,0,0.8671402312380416,0.7961640624661184,0.07097616877192325,0.08185075996281321,0.0,AllGestureWiimoteY,HYDRA
33,0.05,random,local_mean,0,0,0,0.8671402312380416,,0.17187023604860832,0.19820327976242624,0.0,AllGestureWiimoteY,HYDRA
33,0.1,top,local_mean,0,0,0,0.8671402312380416,-0.3698714853215682,1.2370117165596097,1.0,0.0,AllGestureWiimoteY,HYDRA
33,0.1,bottom,local_mean,0,0,0,0.8671402312380416,0.713980945567972,0.15315928567006964,0.17662553705513445,0.0,AllGestureWiimoteY,HYDRA
33,0.1,random,local_mean,0,0,1,0.8671402312380416,,0.33115217385992857,0.2752995773040376,0.2,AllGestureWiimoteY,HYDRA
33,0.2,top,local_mean,0,0,4,0.8671402312380416,-0.6745117961893885,1.5416520274274301,1.0,1.0,AllGestureWiimoteY,HYDRA
33,0.2,bottom,local_mean,0,0,0,0.8671402312380416,0.6947491729828128,0.17239105825522882,0.19880389957827438,0.0,AllGestureWiimoteY,HYDRA
33,0.2,random,local_mean,0,0,0,0.8671402312380416,,0.5258399867244264,0.5803067376289404,0.0,AllGestureWiimoteY,HYDRA
34,0.05,top,local_mean,0,0,0,0.5217444370100648,-0.05662038742520359,0.5783648244352684,1.0,0.0,AllGestureWiimoteY,HYDRA
34,0.05,bottom,local_mean,0,0,0,0.5217444370100648,0.4103924967677759,0.1113519402422889,0.21342197237106042,0.0,AllGestureWiimoteY,HYDRA
34,0.05,random,local_mean,0,0,0,0.5217444370100648,,0.03725615859038447,0.07140677416152616,0.0,AllGestureWiimoteY,HYDRA
34,0.1,top,local_mean,0,0,4,0.5217444370100648,-0.44044610769336906,0.9621905447034338,1.0,1.0,AllGestureWiimoteY,HYDRA
34,0.1,bottom,local_mean,0,0,0,0.5217444370100648,0.3789210957425815,0.1428233412674833,0.2737414285517329,0.0,AllGestureWiimoteY,HYDRA
34,0.1,random,local_mean,0,0,1,0.5217444370100648,,0.365935670344652,0.4860356645669329,0.2,AllGestureWiimoteY,HYDRA
34,0.2,top,local_mean,0,0,4,0.5217444370100648,-0.5343812597077917,1.0561256967178565,1.0,1.0,AllGestureWiimoteY,HYDRA
34,0.2,bottom,local_mean,0,0,0,0.5217444370100648,0.4130808635348291,0.1086635734752357,0.2082693316839482,0.0,AllGestureWiimoteY,HYDRA
34,0.2,random,local_mean,0,0,0,0.5217444370100648,,0.16709779087495663,0.2977530165930434,0.0,AllGestureWiimoteY,HYDRA
35,0.05,top,local_mean,0,0,0,0.7176713842175462,0.13272839116825608,0.5849429930492901,0.8150557356154,0.0,AllGestureWiimoteY,HYDRA
35,0.05,bottom,local_mean,0,0,0,0.7176713842175462,0.6914393874187958,0.026231996798750323,0.03655149254119647,0.0,AllGestureWiimoteY,HYDRA
35,0.05,random,local_mean,0,0,0,0.7176713842175462,,0.13268885501667033,0.18488778157645913,0.0,AllGestureWiimoteY,HYDRA
35,0.1,top,local_mean,0,0,0,0.7176713842175462,-0.27406583244279625,0.9917372166603424,1.0,0.0,AllGestureWiimoteY,HYDRA
35,0.1,bottom,local_mean,0,0,0,0.7176713842175462,0.5493366983991816,0.16833468581836453,0.2345564487644235,0.0,AllGestureWiimoteY,HYDRA
35,0.1,random,local_mean,0,0,2,0.7176713842175462,,0.5942597454659106,0.48962981848154563,0.4,AllGestureWiimoteY,HYDRA
35,0.2,top,local_mean,0,0,4,0.7176713842175462,-0.9069610349719027,1.624632419189449,1.0,1.0,AllGestureWiimoteY,HYDRA
35,0.2,bottom,local_mean,0,0,0,0.7176713842175462,0.614931754698355,0.10273962951919113,0.14315672691126977,0.0,AllGestureWiimoteY,HYDRA
35,0.2,random,local_mean,0,0,2,0.7176713842175462,,0.9353253970123985,0.633365910429088,0.6,AllGestureWiimoteY,HYDRA
37,0.05,top,local_mean,0,0,0,0.23060721996345213,0.04309611155342008,0.18751110841003205,0.8131154580688827,0.0,AllGestureWiimoteY,HYDRA
37,0.05,bottom,local_mean,0,0,0,0.23060721996345213,0.2920795932014646,-0.06147237323801247,-0.2665662709150389,0.0,AllGestureWiimoteY,HYDRA
37,0.05,random,local_mean,0,0,0,0.23060721996345213,,-0.040176363636591605,-0.174219130796634,0.0,AllGestureWiimoteY,HYDRA
37,0.1,top,local_mean,0,0,0,0.23060721996345213,0.2220162283218603,0.008590991641591827,0.03725362280214196,0.0,AllGestureWiimoteY,HYDRA
37,0.1,bottom,local_mean,0,0,0,0.23060721996345213,-0.18071070264712308,0.4113179226105752,1.0,0.0,AllGestureWiimoteY,HYDRA
37,0.1,random,local_mean,0,0,0,0.23060721996345213,,-0.07878775475497721,-0.30475978137356313,0.0,AllGestureWiimoteY,HYDRA
37,0.2,top,local_mean,0,0,0,0.23060721996345213,-0.14574665079077054,0.37635387075422266,1.0,0.0,AllGestureWiimoteY,HYDRA
37,0.2,bottom,local_mean,0,0,0,0.23060721996345213,-0.1770353833608972,0.4076426033243493,1.0,0.0,AllGestureWiimoteY,HYDRA
37,0.2,random,local_mean,0,0,0,0.23060721996345213,,-0.32101022333857054,-0.28590679544667663,0.0,AllGestureWiimoteY,HYDRA
40,0.05,top,local_mean,0,0,0,0.6750965017016644,0.16312179200812327,0.5119747096935411,0.7583715069349943,0.0,AllGestureWiimoteY,HYDRA
40,0.05,bottom,local_mean,0,0,0,0.6750965017016644,0.6061963289211609,0.06890017278050342,0.10205958784743278,0.0,AllGestureWiimoteY,HYDRA
40,0.05,random,local_mean,0,0,0,0.6750965017016644,,0.02074793201768821,0.0307332377403124,0.0,AllGestureWiimoteY,HYDRA
40,0.1,top,local_mean,0,0,0,0.6750965017016644,0.6488277751840805,0.02626872651758383,0.03891101130039786,0.0,AllGestureWiimoteY,HYDRA
40,0.1,bottom,local_mean,0,0,0,0.6750965017016644,0.4933158003379907,0.18178070136367364,0.2692658481263425,0.0,AllGestureWiimoteY,HYDRA
40,0.1,random,local_mean,0,0,0,0.6750965017016644,,0.3514196550688301,0.40961513460820714,0.0,AllGestureWiimoteY,HYDRA
40,0.2,top,local_mean,0,0,0,0.6750965017016644,0.8373651887415539,-0.1622686870398895,-0.24036333511955202,0.0,AllGestureWiimoteY,HYDRA
40,0.2,bottom,local_mean,0,0,0,0.6750965017016644,0.5249058452383386,0.15019065646332574,0.22247254075856027,0.0,AllGestureWiimoteY,HYDRA
40,0.2,random,local_mean,0,0,0,0.6750965017016644,,0.22682210434223923,0.33598421527335953,0.0,AllGestureWiimoteY,HYDRA
41,0.05,top,local_mean,0,0,0,0.4166137741382052,0.214257215503743,0.20235655863446222,0.48571623282695614,0.0,AllGestureWiimoteY,HYDRA
41,0.05,bottom,local_mean,0,0,0,0.4166137741382052,0.3035428680456227,0.11307090609258252,0.2714039758346954,0.0,AllGestureWiimoteY,HYDRA
41,0.05,random,local_mean,0,0,0,0.4166137741382052,,0.08883747830182656,0.21323650483973516,0.0,AllGestureWiimoteY,HYDRA
41,0.1,top,local_mean,0,0,0,0.4166137741382052,-0.0607388762270471,0.4773526503652523,1.0,0.0,AllGestureWiimoteY,HYDRA
41,0.1,bottom,local_mean,0,0,0,0.4166137741382052,0.27040489503460585,0.14620887910359937,0.35094501726695115,0.0,AllGestureWiimoteY,HYDRA
41,0.1,random,local_mean,0,0,0,0.4166137741382052,,0.17933465961985998,0.33838746128381286,0.0,AllGestureWiimoteY,HYDRA
41,0.2,top,local_mean,0,0,4,0.4166137741382052,-0.737689282750103,1.1543030568883084,1.0,1.0,AllGestureWiimoteY,HYDRA
41,0.2,bottom,local_mean,0,0,0,0.4166137741382052,0.3022472871561781,0.11436648698202712,0.2745137572679741,0.0,AllGestureWiimoteY,HYDRA
41,0.2,random,local_mean,0,0,2,0.4166137741382052,,0.7168180950718426,0.5844526899319651,0.6,AllGestureWiimoteY,HYDRA
44,0.05,top,local_mean,0,0,0,0.465799534103152,-0.16707656644288993,0.6328761005460419,1.0,0.0,AllGestureWiimoteY,HYDRA
44,0.05,bottom,local_mean,0,0,0,0.465799534103152,0.3939937243540619,0.07180580974909012,0.1541557050537616,0.0,AllGestureWiimoteY,HYDRA
44,0.05,random,local_mean,0,0,0,0.465799534103152,,0.007186027828401498,0.015427264037464899,0.0,AllGestureWiimoteY,HYDRA
44,0.1,top,local_mean,0,0,4,0.465799534103152,-0.7062609564401343,1.1720604905432863,1.0,1.0,AllGestureWiimoteY,HYDRA
44,0.1,bottom,local_mean,0,0,0,0.465799534103152,0.24174515305986644,0.22405438104328557,0.4810092832432616,0.0,AllGestureWiimoteY,HYDRA
44,0.1,random,local_mean,0,0,1,0.465799534103152,,0.26664602170694895,0.3164404674123272,0.2,AllGestureWiimoteY,HYDRA
44,0.2,top,local_mean,0,0,4,0.465799534103152,-0.7105560335508098,1.1763555676539617,1.0,1.0,AllGestureWiimoteY,HYDRA
44,0.2,bottom,local_mean,0,0,0,0.465799534103152,0.38450827618975003,0.08129125791340197,0.1745194605023788,0.0,AllGestureWiimoteY,HYDRA
44,0.2,random,local_mean,0,0,0,0.465799534103152,,0.07247386190040742,0.15558990725493244,0.0,AllGestureWiimoteY,HYDRA
45,0.05,top,local_mean,0,0,0,0.4597164884978464,-0.20003071170492315,0.6597472002027696,1.0,0.0,AllGestureWiimoteY,HYDRA
45,0.05,bottom,local_mean,0,0,0,0.4597164884978464,0.3744195956307135,0.08529689286713293,0.1855419795880411,0.0,AllGestureWiimoteY,HYDRA
45,0.05,random,local_mean,0,0,0,0.4597164884978464,,0.17502350523321283,0.21471881392134393,0.0,AllGestureWiimoteY,HYDRA
45,0.1,top,local_mean,0,0,4,0.4597164884978464,-0.5927184893748467,1.0524349778726931,1.0,1.0,AllGestureWiimoteY,HYDRA
45,0.1,bottom,local_mean,0,0,0,0.4597164884978464,0.42480964256112363,0.034906845936722775,0.07593108117505584,0.0,AllGestureWiimoteY,HYDRA
45,0.1,random,local_mean,0,0,0,0.4597164884978464,,0.038951760190189685,0.08472977679719525,0.0,AllGestureWiimoteY,HYDRA
45,0.2,top,local_mean,0,0,0,0.4597164884978464,0.7022845484782414,-0.242568059980395,-0.5276459261382468,0.0,AllGestureWiimoteY,HYDRA
45,0.2,bottom,local_mean,0,0,0,0.4597164884978464,0.7280886893654901,-0.2683722008676437,-0.5837763573984655,0.0,AllGestureWiimoteY,HYDRA
45,0.2,random,local_mean,0,0,0,0.4597164884978464,,-0.024717123631072903,-0.053765898077616184,0.0,AllGestureWiimoteY,HYDRA
46,0.05,top,local_mean,0,0,0,-0.18172821604718958,-0.014940915920199194,-0.1667873001269904,-0.9177792308512506,0.0,AllGestureWiimoteY,HYDRA
46,0.05,bottom,local_mean,0,0,0,-0.18172821604718958,-0.2620072023668001,0.0802789863196105,0.44175057850227273,0.0,AllGestureWiimoteY,HYDRA
46,0.05,random,local_mean,0,0,3,-0.18172821604718958,,0.2184664236994057,0.6138713772142455,0.4,AllGestureWiimoteY,HYDRA
46,0.1,top,local_mean,0,0,9,-0.18172821604718958,-0.6355334997834935,0.4538052837363039,1.0,1.0,AllGestureWiimoteY,HYDRA
46,0.1,bottom,local_mean,0,0,0,-0.18172821604718958,-0.1847725823897104,0.00304436634252081,0.01675221193784427,0.0,AllGestureWiimoteY,HYDRA
46,0.1,random,local_mean,0,0,1,-0.18172821604718958,,0.16934100660012566,0.6954409313712002,0.4,AllGestureWiimoteY,HYDRA
46,0.2,top,local_mean,0,0,4,-0.18172821604718958,-0.8762829150197676,0.694554698972578,1.0,1.0,AllGestureWiimoteY,HYDRA
46,0.2,bottom,local_mean,0,0,1,-0.18172821604718958,-0.3178960277626602,0.1361678117154706,0.7492896006336809,1.0,AllGestureWiimoteY,HYDRA
46,0.2,random,local_mean,0,0,0,-0.18172821604718958,,-0.057497324101431914,-0.31639009594638645,0.0,AllGestureWiimoteY,HYDRA
47,0.05,top,local_mean,0,0,0,-0.19395492713892237,-0.0015526563500311008,-0.19240227078889127,-0.9919896423226175,0.0,AllGestureWiimoteY,HYDRA
47,0.05,bottom,local_mean,0,0,0,-0.19395492713892237,-0.08262113118815173,-0.11133379595077064,-0.574015950907378,0.0,AllGestureWiimoteY,HYDRA
47,0.05,random,local_mean,0,0,0,-0.19395492713892237,,-0.10271623372965837,-0.5078111478469218,0.0,AllGestureWiimoteY,HYDRA
47,0.1,top,local_mean,0,0,0,-0.19395492713892237,0.1687538673303024,-0.36270879446922477,-1.0,0.0,AllGestureWiimoteY,HYDRA
47,0.1,bottom,local_mean,0,0,0,-0.19395492713892237,0.11235316273509288,-0.30630808987401525,-1.0,0.0,AllGestureWiimoteY,HYDRA
47,0.1,random,local_mean,0,0,0,-0.19395492713892237,,-0.25900563095436135,-0.8260332611828402,0.0,AllGestureWiimoteY,HYDRA
47,0.2,top,local_mean,0,0,0,-0.19395492713892237,0.8033754880156596,-0.997330415154582,-1.0,0.0,AllGestureWiimoteY,HYDRA
47,0.2,bottom,local_mean,0,0,0,-0.19395492713892237,0.6246904558457531,-0.8186453829846755,-1.0,0.0,AllGestureWiimoteY,HYDRA
47,0.2,random,local_mean,0,0,0,-0.19395492713892237,,-0.9384435566301017,-1.0,0.0,AllGestureWiimoteY,HYDRA
48,0.05,top,local_mean,0,0,0,0.12543130705030725,-0.2798714968139998,0.40530280386430706,1.0,0.0,AllGestureWiimoteY,HYDRA
48,0.05,bottom,local_mean,0,0,0,0.12543130705030725,0.04743116897402544,0.07800013807628181,0.6218504618989287,0.0,AllGestureWiimoteY,HYDRA
48,0.05,random,local_mean,0,0,0,0.12543130705030725,,0.04175172526157498,0.33286261126353656,0.0,AllGestureWiimoteY,HYDRA
48,0.1,top,local_mean,0,0,5,0.12543130705030725,-0.6474299753329513,0.7728612823832586,1.0,1.0,AllGestureWiimoteY,HYDRA
48,0.1,bottom,local_mean,0,0,0,0.12543130705030725,0.03944650493614121,0.08598480211416604,0.6855076187004998,0.0,AllGestureWiimoteY,HYDRA
48,0.1,random,local_mean,0,0,0,0.12543130705030725,,0.12643117271365184,0.8124368600482714,0.0,AllGestureWiimoteY,HYDRA
48,0.2,top,local_mean,0,0,4,0.12543130705030725,-0.7675637492348366,0.8929950562851439,1.0,1.0,AllGestureWiimoteY,HYDRA
48,0.2,bottom,local_mean,0,0,0,0.12543130705030725,-0.09781779618008035,0.2232491032303876,1.0,0.0,AllGestureWiimoteY,HYDRA
48,0.2,random,local_mean,0,0,1,0.12543130705030725,,0.18105659528803458,0.25665258849975114,0.2,AllGestureWiimoteY,HYDRA
49,0.05,top,local_mean,0,0,0,0.18617120200887483,-0.335301452665833,0.5214726546747078,1.0,0.0,AllGestureWiimoteY,HYDRA
49,0.05,bottom,local_mean,0,0,0,0.18617120200887483,0.0841110184866074,0.10206018352226742,0.54820312818453,0.0,AllGestureWiimoteY,HYDRA
49,0.05,random,local_mean,0,0,0,0.18617120200887483,,0.061730783543997345,0.05989377191804368,0.0,AllGestureWiimoteY,HYDRA
49,0.1,top,local_mean,0,0,9,0.18617120200887483,-0.6143049902369282,0.800476192245803,1.0,1.0,AllGestureWiimoteY,HYDRA
49,0.1,bottom,local_mean,0,0,0,0.18617120200887483,0.2054153508684542,-0.01924414885957937,-0.10336746652790839,0.0,AllGestureWiimoteY,HYDRA
49,0.1,random,local_mean,0,0,1,0.18617120200887483,,0.2090094285415342,0.4411483961283048,0.2,AllGestureWiimoteY,HYDRA
49,0.2,top,local_mean,0,0,0,0.18617120200887483,0.3377507405168143,-0.15157953850793948,-0.8141899643036595,0.0,AllGestureWiimoteY,HYDRA
49,0.2,bottom,local_mean,0,0,0,0.18617120200887483,0.1743087484865029,0.011862453522371919,0.06371764094946052,0.0,AllGestureWiimoteY,HYDRA
49,0.2,random,local_mean,0,0,1,0.18617120200887483,,0.020447598181074333,-0.2860061071505492,0.2,AllGestureWiimoteY,HYDRA
50,0.05,top,local_mean,0,0,0,0.22392980637975946,0.2901791366251347,-0.06624933024537527,-0.29584732586111645,0.0,AllGestureWiimoteY,HYDRA
50,0.05,bottom,local_mean,0,0,0,0.22392980637975946,0.10303378758171067,0.12089601879804879,0.5398811389667566,0.0,AllGestureWiimoteY,HYDRA
50,0.05,random,local_mean,0,0,0,0.22392980637975946,,0.05599946680320193,0.2500748678064135,0.0,AllGestureWiimoteY,HYDRA
50,0.1,top,local_mean,0,0,0,0.22392980637975946,-0.2781227643764682,0.5020525707562277,1.0,0.0,AllGestureWiimoteY,HYDRA
50,0.1,bottom,local_mean,0,0,0,0.22392980637975946,0.08080061018944629,0.14312919619031317,0.6391670646136264,0.0,AllGestureWiimoteY,HYDRA
50,0.1,random,local_mean,0,0,2,0.22392980637975946,,0.313505696180882,0.5436581347881451,0.4,AllGestureWiimoteY,HYDRA
50,0.2,top,local_mean,0,0,4,0.22392980637975946,-0.8528682916946007,1.07679809807436,1.0,1.0,AllGestureWiimoteY,HYDRA
50,0.2,bottom,local_mean,0,0,0,0.22392980637975946,0.23024342212584292,-0.006313615746083467,-0.028194493862431513,0.0,AllGestureWiimoteY,HYDRA
50,0.2,random,local_mean,0,0,0,0.22392980637975946,,-0.04474198630301505,-0.19980272936247134,0.0,AllGestureWiimoteY,HYDRA
53,0.05,top,local_mean,0,0,0,0.6475909770549422,0.062325918767765276,0.5852650582871769,0.903755881826687,0.0,AllGestureWiimoteY,HYDRA
53,0.05,bottom,local_mean,0,0,0,0.6475909770549422,0.6418216178010623,0.005769359253879891,0.008908941831116006,0.0,AllGestureWiimoteY,HYDRA
53,0.05,random,local_mean,0,0,0,0.6475909770549422,,0.16956462220965243,0.24721010511717498,0.0,AllGestureWiimoteY,HYDRA
53,0.1,top,local_mean,0,0,1,0.6475909770549422,-0.8480020344683936,1.4955930115233358,1.0,1.0,AllGestureWiimoteY,HYDRA
53,0.1,bottom,local_mean,0,0,0,0.6475909770549422,0.4409894166753243,0.20660156037961785,0.31903045080820946,0.0,AllGestureWiimoteY,HYDRA
53,0.1,random,local_mean,0,0,1,0.6475909770549422,,0.5407590822031374,0.4980864492451548,0.2,AllGestureWiimoteY,HYDRA
53,0.2,top,local_mean,0,0,4,0.6475909770549422,-0.9513090180233641,1.5988999950783063,1.0,1.0,AllGestureWiimoteY,HYDRA
53,0.2,bottom,local_mean,0,0,0,0.6475909770549422,0.6828910105599404,-0.03530003350499822,-0.054509683188992526,0.0,AllGestureWiimoteY,HYDRA
53,0.2,random,local_mean,0,0,3,0.6475909770549422,,0.727238455015278,0.51959799008114,0.6,AllGestureWiimoteY,HYDRA
54,0.05,top,local_mean,0,0,0,0.1952865336780466,0.2548192333047734,-0.059532699626726804,-0.3048463898615932,0.0,AllGestureWiimoteY,HYDRA
54,0.05,bottom,local_mean,0,0,0,0.1952865336780466,0.04375608468867154,0.15153044898937507,0.7759350847207175,0.0,AllGestureWiimoteY,HYDRA
54,0.05,random,local_mean,0,0,0,0.1952865336780466,,0.053075032415155474,0.27177890680239536,0.0,AllGestureWiimoteY,HYDRA
54,0.1,top,local_mean,0,0,0,0.1952865336780466,0.20218486419051018,-0.00689833051246358,-0.03532396760069821,0.0,AllGestureWiimoteY,HYDRA
54,0.1,bottom,local_mean,0,0,0,0.1952865336780466,0.10209487016458074,0.09319166351346586,0.4772023168007374,0.0,AllGestureWiimoteY,HYDRA
54,0.1,random,local_mean,0,0,0,0.1952865336780466,,0.06975818868714881,0.3572075870554697,0.0,AllGestureWiimoteY,HYDRA
54,0.2,top,local_mean,0,0,0,0.1952865336780466,0.36378650430938286,-0.16849997063133626,-0.862830143111579,0.0,AllGestureWiimoteY,HYDRA
54,0.2,bottom,local_mean,0,0,0,0.1952865336780466,0.029356112061867057,0.16593042161617955,0.8496723702278633,0.0,AllGestureWiimoteY,HYDRA
54,0.2,random,local_mean,0,0,0,0.1952865336780466,,0.009870889437259245,0.050545415016262696,0.0,AllGestureWiimoteY,HYDRA
55,0.05,top,local_mean,0,0,0,0.08527716229340565,0.23467834777343843,-0.14940118548003278,-1.0,0.0,AllGestureWiimoteY,HYDRA
55,0.05,bottom,local_mean,0,0,0,0.08527716229340565,0.02897759952955603,0.05629956276384962,0.6601873357700524,0.0,AllGestureWiimoteY,HYDRA
55,0.05,random,local_mean,0,0,0,0.08527716229340565,,0.14184597839937407,0.5591167701915745,0.0,AllGestureWiimoteY,HYDRA
55,0.1,top,local_mean,0,0,3,0.08527716229340565,-0.33300933105562736,0.418286493349033,1.0,1.0,AllGestureWiimoteY,HYDRA
55,0.1,bottom,local_mean,0,0,0,0.08527716229340565,0.06911189988489375,0.016165262408511905,0.18955922564201322,0.0,AllGestureWiimoteY,HYDRA
55,0.1,random,local_mean,0,0,2,0.08527716229340565,,0.24905473957462573,0.6975998504184389,0.4,AllGestureWiimoteY,HYDRA
55,0.2,top,local_mean,0,0,4,0.08527716229340565,-0.6023334142139145,0.6876105765073202,1.0,1.0,AllGestureWiimoteY,HYDRA
55,0.2,bottom,local_mean,0,0,0,0.08527716229340565,0.1221102409132887,-0.03683307861988305,-0.4319168897326398,0.0,AllGestureWiimoteY,HYDRA
55,0.2,random,local_mean,0,0,1,0.08527716229340565,,-0.0018808633632858562,-0.4703460115380934,0.2,AllGestureWiimoteY,HYDRA
56,0.05,top,local_mean,0,0,0,0.49051575211957243,-0.044901915112158575,0.535417667231731,1.0,0.0,AllGestureWiimoteY,HYDRA
56,0.05,bottom,local_mean,0,0,0,0.49051575211957243,0.39765099742870946,0.09286475469086297,0.18932025112207684,0.0,AllGestureWiimoteY,HYDRA
56,0.05,random,local_mean,0,0,0,0.49051575211957243,,0.029852131638778888,0.06085853645117075,0.0,AllGestureWiimoteY,HYDRA
56,0.1,top,local_mean,0,0,4,0.49051575211957243,-0.7976834428337036,1.288199194953276,1.0,1.0,AllGestureWiimoteY,HYDRA
56,0.1,bottom,local_mean,0,0,0,0.49051575211957243,0.5915337332988682,-0.10101798117929572,-0.20594195966353204,0.0,AllGestureWiimoteY,HYDRA
56,0.1,random,local_mean,0,0,0,0.49051575211957243,,0.1024139387040243,0.20878785130473795,0.0,AllGestureWiimoteY,HYDRA
56,0.2,top,local_mean,0,0,4,0.49051575211957243,-0.7082207285455182,1.1987364806650906,1.0,1.0,AllGestureWiimoteY,HYDRA
56,0.2,bottom,local_mean,0,0,0,0.49051575211957243,0.37153685336757714,0.1189788987519953,0.24255827805650973,0.0,AllGestureWiimoteY,HYDRA
56,0.2,random,local_mean,0,0,1,0.49051575211957243,,0.22995771038141505,0.06033160699080076,0.2,AllGestureWiimoteY,HYDRA
0,0.05,top,linear_interpolation,0,0,0,0.1683257976220227,0.2814284828460534,-0.11310268522403066,-0.6719232280412201,0.0,AllGestureWiimoteY,HYDRA
0,0.05,bottom,linear_interpolation,0,0,0,0.1683257976220227,0.15155602917497268,0.016769768447050026,0.09962625490390715,0.0,AllGestureWiimoteY,HYDRA
0,0.05,random,linear_interpolation,0,0,0,0.1683257976220227,,-0.05871164968936902,-0.20523239319349335,0.0,AllGestureWiimoteY,HYDRA
0,0.1,top,linear_interpolation,0,0,0,0.1683257976220227,0.3301092537542907,-0.16178345613226797,-0.9611271551399213,0.0,AllGestureWiimoteY,HYDRA
0,0.1,bottom,linear_interpolation,0,0,0,0.1683257976220227,0.23144085937897518,-0.06311506175695247,-0.3749555189582894,0.0,AllGestureWiimoteY,HYDRA
0,0.1,random,linear_interpolation,0,0,0,0.1683257976220227,,-0.06889877537561444,-0.5128640321644118,0.0,AllGestureWiimoteY,HYDRA
0,0.2,top,linear_interpolation,0,0,0,0.1683257976220227,0.3426026720328945,-0.1742768744108718,-1.0,0.0,AllGestureWiimoteY,HYDRA
0,0.2,bottom,linear_interpolation,0,0,0,0.1683257976220227,0.4436040301076434,-0.27527823248562067,-1.0,0.0,AllGestureWiimoteY,HYDRA
0,0.2,random,linear_interpolation,0,0,0,0.1683257976220227,,-0.18712100653914981,-0.3914184124939025,0.0,AllGestureWiimoteY,HYDRA
1,0.05,top,linear_interpolation,0,0,0,0.2917058300552402,0.2917058276135094,2.441730817537291e-09,8.370495874487764e-09,0.0,AllGestureWiimoteY,HYDRA
1,0.05,bottom,linear_interpolation,0,0,0,0.2917058300552402,0.3217501305034456,-0.030044300448205385,-0.10299484740386755,0.0,AllGestureWiimoteY,HYDRA
1,0.05,random,linear_interpolation,0,0,0,0.2917058300552402,,0.03294779639168936,0.11294832001516757,0.0,AllGestureWiimoteY,HYDRA
1,0.1,top,linear_interpolation,0,0,0,0.2917058300552402,0.2917058283694096,1.6858305862399448e-09,5.7791947686679155e-09,0.0,AllGestureWiimoteY,HYDRA
1,0.1,bottom,linear_interpolation,0,0,0,0.2917058300552402,0.387022262626479,-0.09531643257123878,-0.3267542023379735,0.0,AllGestureWiimoteY,HYDRA
1,0.1,random,linear_interpolation,0,0,0,0.2917058300552402,,-0.1261753869974354,-0.4325417645296194,0.0,AllGestureWiimoteY,HYDRA
1,0.2,top,linear_interpolation,0,0,0,0.2917058300552402,0.6171021234307503,-0.3253962933755101,-1.0,0.0,AllGestureWiimoteY,HYDRA
1,0.2,bottom,linear_interpolation,0,0,0,0.2917058300552402,0.4873212392993109,-0.19561540924407073,-0.6705890609658584,0.0,AllGestureWiimoteY,HYDRA
1,0.2,random,linear_interpolation,0,0,0,0.2917058300552402,,-0.1775767162998909,-0.5357313508127944,0.0,AllGestureWiimoteY,HYDRA
2,0.05,top,linear_interpolation,0,0,0,0.38293206197163543,0.4564248584751165,-0.07349279650348106,-0.1919207396851119,0.0,AllGestureWiimoteY,HYDRA
2,0.05,bottom,linear_interpolation,0,0,0,0.38293206197163543,0.42272698092614513,-0.039794918954509706,-0.10392134528581759,0.0,AllGestureWiimoteY,HYDRA
2,0.05,random,linear_interpolation,0,0,0,0.38293206197163543,,0.053445138806533524,0.1395678360373394,0.0,AllGestureWiimoteY,HYDRA
2,0.1,top,linear_interpolation,0,0,0,0.38293206197163543,0.7707819424551123,-0.3878498804834769,-1.0,0.0,AllGestureWiimoteY,HYDRA
2,0.1,bottom,linear_interpolation,0,0,0,0.38293206197163543,0.5118122704344108,-0.12888020846277537,-0.3365606714635723,0.0,AllGestureWiimoteY,HYDRA
2,0.1,random,linear_interpolation,0,0,0,0.38293206197163543,,-0.059597050535974284,-0.1556330765202738,0.0,AllGestureWiimoteY,HYDRA
2,0.2,top,linear_interpolation,0,0,0,0.38293206197163543,0.31881144981050147,0.06412061216113396,0.16744600696265682,0.0,AllGestureWiimoteY,HYDRA
2,0.2,bottom,linear_interpolation,0,0,0,0.38293206197163543,0.5497134381052449,-0.16678137613360944,-0.43553663210716254,0.0,AllGestureWiimoteY,HYDRA
2,0.2,random,linear_interpolation,0,0,0,0.38293206197163543,,0.047936270157811836,0.07789584966298954,0.0,AllGestureWiimoteY,HYDRA
3,0.05,top,linear_interpolation,0,0,0,0.8161853897604743,0.9568502264489054,-0.1406648366884311,-0.1723440116781559,0.0,AllGestureWiimoteY,HYDRA
3,0.05,bottom,linear_interpolation,0,0,0,0.8161853897604743,0.7440134350686656,0.0721719546918087,0.08842582478371021,0.0,AllGestureWiimoteY,HYDRA
3,0.05,random,linear_interpolation,0,0,0,0.8161853897604743,,0.027643207777956525,0.033868743861397835,0.0,AllGestureWiimoteY,HYDRA
3,0.1,top,linear_interpolation,0,0,0,0.8161853897604743,0.9786132622158215,-0.16242787245534718,-0.19900830802019961,0.0,AllGestureWiimoteY,HYDRA
3,0.1,bottom,linear_interpolation,0,0,0,0.8161853897604743,0.849861257377382,-0.03367586761690777,-0.04126002104346607,0.0,AllGestureWiimoteY,HYDRA
3,0.1,random,linear_interpolation,0,0,0,0.8161853897604743,,-0.057229008768661195,-0.07011757300370587,0.0,AllGestureWiimoteY,HYDRA
3,0.2,top,linear_interpolation,0,0,0,0.8161853897604743,0.658563441301085,0.15762194845938926,0.19312004027125038,0.0,AllGestureWiimoteY,HYDRA
3,0.2,bottom,linear_interpolation,0,0,0,0.8161853897604743,0.7488461567084064,0.0673392330520679,0.08250472428464521,0.0,AllGestureWiimoteY,HYDRA
3,0.2,random,linear_interpolation,0,0,0,0.8161853897604743,,-0.017373942181377798,-0.021286733519872248,0.0,AllGestureWiimoteY,HYDRA
4,0.05,top,linear_interpolation,0,0,0,0.16653199580531863,0.16505736768105894,0.0014746281242596915,0.008854870574619157,0.0,AllGestureWiimoteY,HYDRA
4,0.05,bottom,linear_interpolation,0,0,0,0.16653199580531863,0.12438448081898146,0.042147514986337176,0.25308807292224966,0.0,AllGestureWiimoteY,HYDRA
4,0.05,random,linear_interpolation,0,0,0,0.16653199580531863,,0.03390016352202552,0.20356424477978935,0.0,AllGestureWiimoteY,HYDRA
4,0.1,top,linear_interpolation,0,0,0,0.16653199580531863,0.41483441330571535,-0.24830241750039672,-1.0,0.0,AllGestureWiimoteY,HYDRA
4,0.1,bottom,linear_interpolation,0,0,0,0.16653199580531863,0.004871675271710951,0.16166032053360768,0.9707404814994908,0.0,AllGestureWiimoteY,HYDRA
4,0.1,random,linear_interpolation,0,0,0,0.16653199580531863,,-0.017317145493116047,0.0875723809308279,0.0,AllGestureWiimoteY,HYDRA
4,0.2,top,linear_interpolation,0,0,0,0.16653199580531863,0.3345888779917867,-0.16805688218646808,-1.0,0.0,AllGestureWiimoteY,HYDRA
4,0.2,bottom,linear_interpolation,0,0,0,0.16653199580531863,0.1984467316235209,-0.031914735818202256,-0.19164211671008072,0.0,AllGestureWiimoteY,HYDRA
4,0.2,random,linear_interpolation,0,0,1,0.16653199580531863,,-0.054953474267524324,-0.10181238795161493,0.2,AllGestureWiimoteY,HYDRA
5,0.05,top,linear_interpolation,0,0,0,-0.01581494548326834,0.0238498141114718,-0.03966475959474014,-1.0,0.0,AllGestureWiimoteY,HYDRA
5,0.05,bottom,linear_interpolation,0,0,0,-0.01581494548326834,-0.09828580109148333,0.08247085560821499,1.0,0.0,AllGestureWiimoteY,HYDRA
5,0.05,random,linear_interpolation,0,0,0,-0.01581494548326834,,-0.03099568470778975,-0.3839851101757164,0.0,AllGestureWiimoteY,HYDRA
5,0.1,top,linear_interpolation,0,0,0,-0.01581494548326834,-0.1045526478855181,0.08873770240224976,1.0,0.0,AllGestureWiimoteY,HYDRA
5,0.1,bottom,linear_interpolation,0,0,0,-0.01581494548326834,0.17012338517678616,-0.1859383306600545,-1.0,0.0,AllGestureWiimoteY,HYDRA
5,0.1,random,linear_interpolation,0,0,0,-0.01581494548326834,,-0.0806459009275158,-0.2,0.0,AllGestureWiimoteY,HYDRA
5,0.2,top,linear_interpolation,0,0,6,-0.01581494548326834,-0.25885187053173997,0.24303692504847163,1.0,1.0,AllGestureWiimoteY,HYDRA
5,0.2,bottom,linear_interpolation,0,0,0,-0.01581494548326834,0.17633284092196555,-0.1921477864052339,-1.0,0.0,AllGestureWiimoteY,HYDRA
5,0.2,random,linear_interpolation,0,0,2,-0.01581494548326834,,-0.06630836735331551,-0.6,0.4,AllGestureWiimoteY,HYDRA
6,0.05,top,linear_interpolation,0,0,0,0.44372561629604346,0.4437256168804653,-5.844218442518923e-10,-1.3170763771853173e-09,0.0,AllGestureWiimoteY,HYDRA
6,0.05,bottom,linear_interpolation,0,0,0,0.44372561629604346,0.33351105290460126,0.1102145633914422,0.24838393583744314,0.0,AllGestureWiimoteY,HYDRA
6,0.05,random,linear_interpolation,0,0,0,0.44372561629604346,,-0.018484027573736395,-0.04165634175391523,0.0,AllGestureWiimoteY,HYDRA
6,0.1,top,linear_interpolation,0,0,0,0.44372561629604346,0.37630226387009036,0.0674233524259531,0.15194795612839665,0.0,AllGestureWiimoteY,HYDRA
6,0.1,bottom,linear_interpolation,0,0,0,0.44372561629604346,0.466388823513769,-0.022663207217725523,-0.05107470768128363,0.0,AllGestureWiimoteY,HYDRA
6,0.1,random,linear_interpolation,0,0,0,0.44372561629604346,,-0.25854406621624715,-0.48035345102522875,0.0,AllGestureWiimoteY,HYDRA
6,0.2,top,linear_interpolation,0,0,0,0.44372561629604346,0.4309258001994425,0.012799816096600969,0.0288461760609403,0.0,AllGestureWiimoteY,HYDRA
6,0.2,bottom,linear_interpolation,0,0,0,0.44372561629604346,0.3769171532173101,0.06680846307873334,0.15056221697136235,0.0,AllGestureWiimoteY,HYDRA
6,0.2,random,linear_interpolation,0,0,1,0.44372561629604346,,0.02404793924548303,-0.09602731590195655,0.2,AllGestureWiimoteY,HYDRA
7,0.05,top,linear_interpolation,0,0,0,0.3167895186578642,0.2928654968842721,0.023924021773592097,0.07552000569635166,0.0,AllGestureWiimoteY,HYDRA
7,0.05,bottom,linear_interpolation,0,0,0,0.3167895186578642,0.20857755098285957,0.10821196767500463,0.3415884040136765,0.0,AllGestureWiimoteY,HYDRA
7,0.05,random,linear_interpolation,0,0,0,0.3167895186578642,,0.0026196258385201344,0.008269268441551264,0.0,AllGestureWiimoteY,HYDRA
7,0.1,top,linear_interpolation,0,0,0,0.3167895186578642,0.9611350421882106,-0.6443455235303464,-1.0,0.0,AllGestureWiimoteY,HYDRA
7,0.1,bottom,linear_interpolation,0,0,0,0.3167895186578642,0.2420674042037636,0.0747221144541006,0.2358723195715367,0.0,AllGestureWiimoteY,HYDRA
7,0.1,random,linear_interpolation,0,0,0,0.3167895186578642,,0.05443843710073217,0.17184364396816448,0.0,AllGestureWiimoteY,HYDRA
7,0.2,top,linear_interpolation,0,0,0,0.3167895186578642,0.8242140562408056,-0.5074245375829414,-1.0,0.0,AllGestureWiimoteY,HYDRA
7,0.2,bottom,linear_interpolation,0,0,0,0.3167895186578642,0.6127800350140837,-0.29599051635621954,-0.9343414620179691,0.0,AllGestureWiimoteY,HYDRA
7,0.2,random,linear_interpolation,0,0,0,0.3167895186578642,,-0.07503891865482526,-0.1336449111240457,0.0,AllGestureWiimoteY,HYDRA
8,0.05,top,linear_interpolation,0,0,0,0.39774607358130987,0.51108211770109,-0.11333604411978015,-0.2849450106553991,0.0,AllGestureWiimoteY,HYDRA
8,0.05,bottom,linear_interpolation,0,0,0,0.39774607358130987,0.2948314491011581,0.10291462448015176,0.2587438885558848,0.0,AllGestureWiimoteY,HYDRA
8,0.05,random,linear_interpolation,0,0,0,0.39774607358130987,,-0.0007860300109745033,-0.001976205642186374,0.0,AllGestureWiimoteY,HYDRA
8,0.1,top,linear_interpolation,0,0,0,0.39774607358130987,0.5976175366262801,-0.19987146304497028,-0.5025089468172074,0.0,AllGestureWiimoteY,HYDRA
8,0.1,bottom,linear_interpolation,0,0,0,0.39774607358130987,0.2800903429765873,0.11765573060472256,0.29580539599035083,0.0,AllGestureWiimoteY,HYDRA
8,0.1,random,linear_interpolation,0,0,0,0.39774607358130987,,-0.09138505013759937,-0.2297566876225373,0.0,AllGestureWiimoteY,HYDRA
8,0.2,top,linear_interpolation,0,0,0,0.39774607358130987,0.535970673333632,-0.13822459975232215,-0.3475188352933675,0.0,AllGestureWiimoteY,HYDRA
8,0.2,bottom,linear_interpolation,0,0,0,0.39774607358130987,0.5380128100805239,-0.14026673649921406,-0.3526530949335568,0.0,AllGestureWiimoteY,HYDRA
8,0.2,random,linear_interpolation,0,0,0,0.39774607358130987,,0.04203736957804969,0.11973766392710006,0.0,AllGestureWiimoteY,HYDRA
9,0.05,top,linear_interpolation,0,0,0,0.19126190612670557,0.10946356826460213,0.08179833786210344,0.4276748665939158,0.0,AllGestureWiimoteY,HYDRA
9,0.05,bottom,linear_interpolation,0,0,0,0.19126190612670557,0.14888539762917774,0.04237650849752783,0.22156156337734798,0.0,AllGestureWiimoteY,HYDRA
9,0.05,random,linear_interpolation,0,0,0,0.19126190612670557,,-0.033837217821881024,-0.17691469039723234,0.0,AllGestureWiimoteY,HYDRA
9,0.1,top,linear_interpolation,0,0,0,0.19126190612670557,0.14326928736804145,0.04799261875866412,0.25092486426443056,0.0,AllGestureWiimoteY,HYDRA
9,0.1,bottom,linear_interpolation,0,0,0,0.19126190612670557,0.33227803955711166,-0.1410161334304061,-0.7372895052477525,0.0,AllGestureWiimoteY,HYDRA
9,0.1,random,linear_interpolation,0,0,0,0.19126190612670557,,-0.042896051997290005,-0.2919403758231034,0.0,AllGestureWiimoteY,HYDRA
9,0.2,top,linear_interpolation,0,0,0,0.19126190612670557,0.6978314843752591,-0.5065695782485535,-1.0,0.0,AllGestureWiimoteY,HYDRA
9,0.2,bottom,linear_interpolation,0,0,0,0.19126190612670557,0.08134325793542385,0.10991864819128172,0.5746992473201475,0.0,AllGestureWiimoteY,HYDRA
9,0.2,random,linear_interpolation,0,0,0,0.19126190612670557,,-0.04886793830347393,0.08800134034510024,0.0,AllGestureWiimoteY,HYDRA
10,0.05,top,linear_interpolation,0,0,0,0.5841478841567982,0.6349862376615143,-0.050838353504716105,-0.08702978792487086,0.0,AllGestureWiimoteY,HYDRA
10,0.05,bottom,linear_interpolation,0,0,0,0.5841478841567982,0.4436903237606953,0.1404575603961029,0.24044822168726604,0.0,AllGestureWiimoteY,HYDRA
10,0.05,random,linear_interpolation,0,0,0,0.5841478841567982,,-0.014630975237215437,-0.02504665443011985,0.0,AllGestureWiimoteY,HYDRA
10,0.1,top,linear_interpolation,0,0,0,0.5841478841567982,0.6536695822422061,-0.06952169808540787,-0.1190136623914987,0.0,AllGestureWiimoteY,HYDRA
10,0.1,bottom,linear_interpolation,0,0,0,0.5841478841567982,0.6599014423750653,-0.07575355821826713,-0.12968193601467742,0.0,AllGestureWiimoteY,HYDRA
10,0.1,random,linear_interpolation,0,0,0,0.5841478841567982,,-0.04496640312047782,-0.07697764104331979,0.0,AllGestureWiimoteY,HYDRA
10,0.2,top,linear_interpolation,0,0,0,0.5841478841567982,-0.02228268861361149,0.6064305727704097,1.0,0.0,AllGestureWiimoteY,HYDRA
10,0.2,bottom,linear_interpolation,0,0,0,0.5841478841567982,0.596675907542443,-0.012528023385644849,-0.0214466272647746,0.0,AllGestureWiimoteY,HYDRA
10,0.2,random,linear_interpolation,0,0,0,0.5841478841567982,,-0.050061167308128415,-0.08569932882845484,0.0,AllGestureWiimoteY,HYDRA
11,0.05,top,linear_interpolation,0,0,0,0.2827815198773427,0.40776880117057,-0.12498728129322734,-0.44199083220363394,0.0,AllGestureWiimoteY,HYDRA
11,0.05,bottom,linear_interpolation,0,0,0,0.2827815198773427,0.23700350325859731,0.045778016618745365,0.16188418095503798,0.0,AllGestureWiimoteY,HYDRA
11,0.05,random,linear_interpolation,0,0,0,0.2827815198773427,,-0.030497033991880508,-0.10784624878902926,0.0,AllGestureWiimoteY,HYDRA
11,0.1,top,linear_interpolation,0,0,0,0.2827815198773427,0.20267909159668163,0.08010242828066105,0.2832651336277985,0.0,AllGestureWiimoteY,HYDRA
11,0.1,bottom,linear_interpolation,0,0,0,0.2827815198773427,0.41408247953226085,-0.13130095965491817,-0.4643178075924571,0.0,AllGestureWiimoteY,HYDRA
11,0.1,random,linear_interpolation,0,0,2,0.2827815198773427,,0.4650554403688096,0.5109810889286274,0.4,AllGestureWiimoteY,HYDRA
11,0.2,top,linear_interpolation,0,0,4,0.2827815198773427,-0.8120889832544358,1.0948705031317785,1.0,1.0,AllGestureWiimoteY,HYDRA
11,0.2,bottom,linear_interpolation,0,0,0,0.2827815198773427,0.2655903177438761,0.017191202133466588,0.06079301556872503,0.0,AllGestureWiimoteY,HYDRA
11,0.2,random,linear_interpolation,0,0,0,0.2827815198773427,,-0.014896271895350522,-0.0526774848099232,0.0,AllGestureWiimoteY,HYDRA
12,0.05,top,linear_interpolation,0,0,0,-0.3321040794828045,-0.35872658695434845,0.026622507471543932,0.08016290359967944,0.0,AllGestureWiimoteY,HYDRA
12,0.05,bottom,linear_interpolation,0,0,5,-0.3321040794828045,-0.32621036725499747,-0.005893712227807046,-0.017746528408976673,1.0,AllGestureWiimoteY,HYDRA
12,0.05,random,linear_interpolation,0,0,1,-0.3321040794828045,,-0.013280080893457436,-0.03998758740498289,0.2,AllGestureWiimoteY,HYDRA
12,0.1,top,linear_interpolation,0,0,7,-0.3321040794828045,-0.38334681425207484,0.051242734769270326,0.1542967510435911,1.0,AllGestureWiimoteY,HYDRA
12,0.1,bottom,linear_interpolation,0,0,5,-0.3321040794828045,-0.28619556396795875,-0.04590851551484576,-0.13823490922312973,1.0,AllGestureWiimoteY,HYDRA
12,0.1,random,linear_interpolation,0,0,0,-0.3321040794828045,,-0.1170568278021984,-0.35246924854173833,0.0,AllGestureWiimoteY,HYDRA
12,0.2,top,linear_interpolation,0,0,0,-0.3321040794828045,-0.2768119196674198,-0.05529215981538471,-0.16648995523191806,0.0,AllGestureWiimoteY,HYDRA
12,0.2,bottom,linear_interpolation,0,0,8,-0.3321040794828045,-0.42877533177686394,0.09667125229405943,0.29108634063835453,1.0,AllGestureWiimoteY,HYDRA
12,0.2,random,linear_interpolation,0,0,2,-0.3321040794828045,,-0.13768901524971594,-0.40183325597681707,0.2,AllGestureWiimoteY,HYDRA
13,0.05,top,linear_interpolation,0,0,0,0.7098170595013666,0.7098170593805924,1.207742794662181e-10,1.7014822016653067e-10,0.0,AllGestureWiimoteY,HYDRA
13,0.05,bottom,linear_interpolation,0,0,0,0.7098170595013666,0.5894201496693006,0.12039690983206608,0.1696165774038527,0.0,AllGestureWiimoteY,HYDRA
13,0.05,random,linear_interpolation,0,0,0,0.7098170595013666,,-0.02906950116712097,-0.0409534538858334,0.0,AllGestureWiimoteY,HYDRA
13,0.1,top,linear_interpolation,0,0,0,0.7098170595013666,0.7098170626317095,-3.1303428738027606e-09,-4.410063722528792e-09,0.0,AllGestureWiimoteY,HYDRA
13,0.1,bottom,linear_interpolation,0,0,0,0.7098170595013666,0.8308783847542249,-0.12106132525285829,-0.17055261363440302,0.0,AllGestureWiimoteY,HYDRA
13,0.1,random,linear_interpolation,0,0,0,0.7098170595013666,,-0.06101802316348466,-0.08596290605278292,0.0,AllGestureWiimoteY,HYDRA
13,0.2,top,linear_interpolation,0,0,0,0.7098170595013666,0.0540213122664126,0.655795747234954,0.9238927334359988,0.0,AllGestureWiimoteY,HYDRA
13,0.2,bottom,linear_interpolation,0,0,0,0.7098170595013666,0.8765090070668031,-0.16669194756543648,-0.2348375690561245,0.0,AllGestureWiimoteY,HYDRA
13,0.2,random,linear_interpolation,0,0,0,0.7098170595013666,,0.06105207623440227,0.08601088041813162,0.0,AllGestureWiimoteY,HYDRA
14,0.05,top,linear_interpolation,0,0,0,0.36113619337034764,0.4365533431672548,-0.07541714979690717,-0.20883240824094954,0.0,AllGestureWiimoteY,HYDRA
14,0.05,bottom,linear_interpolation,0,0,0,0.36113619337034764,0.4373785686654523,-0.07624237529510469,-0.21111748303619848,0.0,AllGestureWiimoteY,HYDRA
14,0.05,random,linear_interpolation,0,0,0,0.36113619337034764,,-0.009915269379191249,-0.02745568598641431,0.0,AllGestureWiimoteY,HYDRA
14,0.1,top,linear_interpolation,0,0,0,0.36113619337034764,0.33163693361752533,0.029499259752822304,0.08168435789600519,0.0,AllGestureWiimoteY,HYDRA
14,0.1,bottom,linear_interpolation,0,0,0,0.36113619337034764,0.19907136151818539,0.16206483185216225,0.4487625058490282,0.0,AllGestureWiimoteY,HYDRA
14,0.1,random,linear_interpolation,0,0,0,0.36113619337034764,,0.1580644516575941,0.3070898473924935,0.0,AllGestureWiimoteY,HYDRA
14,0.2,top,linear_interpolation,0,0,0,0.36113619337034764,-0.05774442261515822,0.41888061598550586,1.0,0.0,AllGestureWiimoteY,HYDRA
14,0.2,bottom,linear_interpolation,0,0,0,0.36113619337034764,0.36899074724613,-0.007854553875782377,-0.021749501352876444,0.0,AllGestureWiimoteY,HYDRA
14,0.2,random,linear_interpolation,0,0,1,0.36113619337034764,,-0.036858047067079715,-0.2164168460330747,0.2,AllGestureWiimoteY,HYDRA
15,0.05,top,linear_interpolation,0,0,0,-0.11913448076902611,-0.005382630437648528,-0.11375185033137758,-0.9548108556502488,0.0,AllGestureWiimoteY,HYDRA
15,0.05,bottom,linear_interpolation,0,0,0,-0.11913448076902611,-0.11516901969192772,-0.003965461077098387,-0.03328530721075801,0.0,AllGestureWiimoteY,HYDRA
15,0.05,random,linear_interpolation,0,0,0,-0.11913448076902611,,0.05209049210884069,0.4372374356706641,0.0,AllGestureWiimoteY,HYDRA
15,0.1,top,linear_interpolation,0,0,0,-0.11913448076902611,0.04510523660763366,-0.16423971737665977,-1.0,0.0,AllGestureWiimoteY,HYDRA
15,0.1,bottom,linear_interpolation,0,0,0,-0.11913448076902611,-0.28792209752801,0.1687876167589839,1.0,0.0,AllGestureWiimoteY,HYDRA
15,0.1,random,linear_interpolation,0,0,0,-0.11913448076902611,,-0.13070573881958444,-0.5984309636203232,0.0,AllGestureWiimoteY,HYDRA
15,0.2,top,linear_interpolation,0,0,0,-0.11913448076902611,0.03223889837315175,-0.15137337914217786,-1.0,0.0,AllGestureWiimoteY,HYDRA
15,0.2,bottom,linear_interpolation,0,0,0,-0.11913448076902611,0.15023908297020117,-0.2693735637392273,-1.0,0.0,AllGestureWiimoteY,HYDRA
15,0.2,random,linear_interpolation,0,0,3,-0.11913448076902611,,-0.05010166117904258,0.04304878143591018,0.4,AllGestureWiimoteY,HYDRA
16,0.05,top,linear_interpolation,0,0,0,0.1392214948557271,0.17204455945083375,-0.032823064595106644,-0.23575977882827334,0.0,AllGestureWiimoteY,HYDRA
16,0.05,bottom,linear_interpolation,0,0,0,0.1392214948557271,0.15144144904969847,-0.012219954193971372,-0.08777284307851697,0.0,AllGestureWiimoteY,HYDRA
16,0.05,random,linear_interpolation,0,0,0,0.1392214948557271,,0.02805335593966516,0.20150016682818514,0.0,AllGestureWiimoteY,HYDRA
16,0.1,top,linear_interpolation,0,0,0,0.1392214948557271,0.39657080534947986,-0.25734931049375276,-1.0,0.0,AllGestureWiimoteY,HYDRA
16,0.1,bottom,linear_interpolation,0,0,0,0.1392214948557271,0.1207542498491001,0.018467245006626998,0.13264555433921907,0.0,AllGestureWiimoteY,HYDRA
16,0.1,random,linear_interpolation,0,0,0,0.1392214948557271,,0.04963868861545473,0.32048843771458974,0.0,AllGestureWiimoteY,HYDRA
16,0.2,top,linear_interpolation,0,0,0,0.1392214948557271,0.6189832782051292,-0.4797617833494021,-1.0,0.0,AllGestureWiimoteY,HYDRA
16,0.2,bottom,linear_interpolation,0,0,0,0.1392214948557271,-0.3454117257645961,0.4846332206203232,1.0,0.0,AllGestureWiimoteY,HYDRA
16,0.2,random,linear_interpolation,0,0,2,0.1392214948557271,,0.12145022003131614,0.2,0.4,AllGestureWiimoteY,HYDRA
17,0.05,top,linear_interpolation,0,0,0,0.7666471735499061,0.8150362627734948,-0.048389089223588755,-0.06311772582660277,0.0,AllGestureWiimoteY,HYDRA
17,0.05,bottom,linear_interpolation,0,0,0,0.7666471735499061,0.7266155118494344,0.04003166170047168,0.052216470450986804,0.0,AllGestureWiimoteY,HYDRA
17,0.05,random,linear_interpolation,0,0,0,0.7666471735499061,,0.05835290568092373,0.07611432165907998,0.0,AllGestureWiimoteY,HYDRA
17,0.1,top,linear_interpolation,0,0,0,0.7666471735499061,1.0343168976078043,-0.26766972405789824,-0.34914284451820177,0.0,AllGestureWiimoteY,HYDRA
17,0.1,bottom,linear_interpolation,0,0,0,0.7666471735499061,0.8813905834003646,-0.1147434098504585,-0.14966892742879417,0.0,AllGestureWiimoteY,HYDRA
17,0.1,random,linear_interpolation,0,0,0,0.7666471735499061,,0.05878767517050938,0.07668142597705219,0.0,AllGestureWiimoteY,HYDRA
17,0.2,top,linear_interpolation,0,0,0,0.7666471735499061,0.4939423745855407,0.2727047989643654,0.3557104919478599,0.0,AllGestureWiimoteY,HYDRA
17,0.2,bottom,linear_interpolation,0,0,0,0.7666471735499061,0.5636736561919848,0.20297351735792124,0.2647544523820722,0.0,AllGestureWiimoteY,HYDRA
17,0.2,random,linear_interpolation,0,0,0,0.7666471735499061,,0.10269033186185669,0.13394714212434228,0.0,AllGestureWiimoteY,HYDRA
18,0.05,top,linear_interpolation,0,0,0,0.340992186036007,0.4013816239730108,-0.0603894379370038,-0.17709866475345643,0.0,AllGestureWiimoteY,HYDRA
18,0.05,bottom,linear_interpolation,0,0,0,0.340992186036007,0.23399407265911054,0.10699811337689646,0.31378372870359367,0.0,AllGestureWiimoteY,HYDRA
18,0.05,random,linear_interpolation,0,0,0,0.340992186036007,,0.00171811874266794,0.005038572068377102,0.0,AllGestureWiimoteY,HYDRA
18,0.1,top,linear_interpolation,0,0,0,0.340992186036007,0.6073500287233138,-0.2663578426873068,-0.7811236517177234,0.0,AllGestureWiimoteY,HYDRA
18,0.1,bottom,linear_interpolation,0,0,0,0.340992186036007,0.2174089221988491,0.1235832638371579,0.36242150546699836,0.0,AllGestureWiimoteY,HYDRA
18,0.1,random,linear_interpolation,0,0,0,0.340992186036007,,-0.13299877916163344,-0.3900335391088709,0.0,AllGestureWiimoteY,HYDRA
18,0.2,top,linear_interpolation,0,0,0,0.340992186036007,0.37087134589182646,-0.02987915985581946,-0.08762392059254928,0.0,AllGestureWiimoteY,HYDRA
18,0.2,bottom,linear_interpolation,0,0,0,0.340992186036007,0.41975175184392444,-0.07875956580791743,-0.2309710839782026,0.0,AllGestureWiimoteY,HYDRA
18,0.2,random,linear_interpolation,0,0,0,0.340992186036007,,-0.2085811772389706,-0.5124722623551479,0.0,AllGestureWiimoteY,HYDRA
19,0.05,top,linear_interpolation,0,0,0,0.4584455488506314,0.45844554893046996,-7.983858019144918e-11,-1.7415024803133978e-10,0.0,AllGestureWiimoteY,HYDRA
19,0.05,bottom,linear_interpolation,0,0,0,0.4584455488506314,0.3991115463383319,0.05933400251229948,0.12942403571595293,0.0,AllGestureWiimoteY,HYDRA
19,0.05,random,linear_interpolation,0,0,0,0.4584455488506314,,0.03880200282506725,0.0846380083400072,0.0,AllGestureWiimoteY,HYDRA
19,0.1,top,linear_interpolation,0,0,0,0.4584455488506314,0.458445548773742,7.688938374883492e-11,1.6771722666819904e-10,0.0,AllGestureWiimoteY,HYDRA
19,0.1,bottom,linear_interpolation,0,0,0,0.4584455488506314,0.5742492382881761,-0.11580368943754471,-0.252600198928044,0.0,AllGestureWiimoteY,HYDRA
19,0.1,random,linear_interpolation,0,0,0,0.4584455488506314,,-0.09127871501078352,-0.19910437812134885,0.0,AllGestureWiimoteY,HYDRA
19,0.2,top,linear_interpolation,0,0,0,0.4584455488506314,0.9718784016768596,-0.5134328528262282,-1.0,0.0,AllGestureWiimoteY,HYDRA
19,0.2,bottom,linear_interpolation,0,0,0,0.4584455488506314,0.15117435018367542,0.30727119866695596,0.6702443271463462,0.0,AllGestureWiimoteY,HYDRA
19,0.2,random,linear_interpolation,0,0,0,0.4584455488506314,,0.10922532440502623,0.2382509469836002,0.0,AllGestureWiimoteY,HYDRA
20,0.05,top,linear_interpolation,0,0,0,0.6424383380711929,0.6680736841961341,-0.025635346124941227,-0.039903138873635426,0.0,AllGestureWiimoteY,HYDRA
20,0.05,bottom,linear_interpolation,0,0,0,0.6424383380711929,0.5411306062217192,0.10130773184947373,0.15769229224603795,0.0,AllGestureWiimoteY,HYDRA
20,0.05,random,linear_interpolation,0,0,0,0.6424383380711929,,0.04918406954449548,0.07655830929058872,0.0,AllGestureWiimoteY,HYDRA
20,0.1,top,linear_interpolation,0,0,0,0.6424383380711929,0.9541345969355073,-0.3116962588643144,-0.48517617211941855,0.0,AllGestureWiimoteY,HYDRA
20,0.1,bottom,linear_interpolation,0,0,0,0.6424383380711929,0.4782888478675513,0.16414949020364156,0.25550971193088906,0.0,AllGestureWiimoteY,HYDRA
20,0.1,random,linear_interpolation,0,0,1,0.6424383380711929,,0.27074391693524247,0.2712658491466621,0.2,AllGestureWiimoteY,HYDRA
20,0.2,top,linear_interpolation,0,0,0,0.6424383380711929,-0.04487713104355162,0.6873154691147445,1.0,0.0,AllGestureWiimoteY,HYDRA
20,0.2,bottom,linear_interpolation,0,0,0,0.6424383380711929,0.8092984704334103,-0.16686013236221742,-0.2597290085989824,0.0,AllGestureWiimoteY,HYDRA
20,0.2,random,linear_interpolation,0,0,1,0.6424383380711929,,0.04931629185818058,0.07676412220684334,0.2,AllGestureWiimoteY,HYDRA
21,0.05,top,linear_interpolation,0,0,0,0.7063775456996861,0.7063775453920031,3.076829901971223e-10,4.355780509901449e-10,0.0,AllGestureWiimoteY,HYDRA
21,0.05,bottom,linear_interpolation,0,0,0,0.7063775456996861,0.6564476125471737,0.049929933152512485,0.07068438510268683,0.0,AllGestureWiimoteY,HYDRA
21,0.05,random,linear_interpolation,0,0,0,0.7063775456996861,,-0.00900550564144873,-0.012748837993838764,0.0,AllGestureWiimoteY,HYDRA
21,0.1,top,linear_interpolation,0,0,0,0.7063775456996861,0.21274593938767827,0.49363160631200786,0.6988202137751126,0.0,AllGestureWiimoteY,HYDRA
21,0.1,bottom,linear_interpolation,0,0,0,0.7063775456996861,0.6489006059049185,0.057476939794767645,0.08136846757971004,0.0,AllGestureWiimoteY,HYDRA
21,0.1,random,linear_interpolation,0,0,0,0.7063775456996861,,-0.07313325742644797,-0.10353267079198673,0.0,AllGestureWiimoteY,HYDRA
21,0.2,top,linear_interpolation,0,0,0,0.7063775456996861,0.26758469387878603,0.4387928518209001,0.621186550033544,0.0,AllGestureWiimoteY,HYDRA
21,0.2,bottom,linear_interpolation,0,0,0,0.7063775456996861,0.7150199387889329,-0.008642393089246747,-0.012234789889727234,0.0,AllGestureWiimoteY,HYDRA
21,0.2,random,linear_interpolation,0,0,0,0.7063775456996861,,0.13329002785516372,0.18869489831848804,0.0,AllGestureWiimoteY,HYDRA
22,0.05,top,linear_interpolation,0,0,0,0.5960688238715932,0.7325407558766053,-0.13647193200501206,-0.2289529289011805,0.0,AllGestureWiimoteY,HYDRA
22,0.05,bottom,linear_interpolation,0,0,0,0.5960688238715932,0.42401648498312783,0.17205233888846538,0.2886446050413203,0.0,AllGestureWiimoteY,HYDRA
22,0.05,random,linear_interpolation,0,0,0,0.5960688238715932,,-0.00024855462938382366,-0.00041698911676053276,0.0,AllGestureWiimoteY,HYDRA
22,0.1,top,linear_interpolation,0,0,0,0.5960688238715932,0.7483295906357057,-0.1522607667641125,-0.25544115918358057,0.0,AllGestureWiimoteY,HYDRA
22,0.1,bottom,linear_interpolation,0,0,0,0.5960688238715932,0.6453290214708038,-0.04926019759921063,-0.0826416564409447,0.0,AllGestureWiimoteY,HYDRA
22,0.1,random,linear_interpolation,0,0,0,0.5960688238715932,,-0.0019757323336419665,-0.0033145988179860975,0.0,AllGestureWiimoteY,HYDRA
22,0.2,top,linear_interpolation,0,0,0,0.5960688238715932,0.32791032815792565,0.26815849571366757,0.4498776569025492,0.0,AllGestureWiimoteY,HYDRA
22,0.2,bottom,linear_interpolation,0,0,0,0.5960688238715932,0.563266130507017,0.032802693364576196,0.055031628931516974,0.0,AllGestureWiimoteY,HYDRA
22,0.2,random,linear_interpolation,0,0,0,0.5960688238715932,,0.008651428536108962,0.014514119302192142,0.0,AllGestureWiimoteY,HYDRA
23,0.05,top,linear_interpolation,0,0,0,0.8178909617368817,0.8178909549166222,6.820259468298673e-09,8.338826871235068e-09,0.0,AllGestureWiimoteY,HYDRA
23,0.05,bottom,linear_interpolation,0,0,0,0.8178909617368817,0.8164702120064142,0.0014207497304674632,0.0017370872889499343,0.0,AllGestureWiimoteY,HYDRA
23,0.05,random,linear_interpolation,0,0,0,0.8178909617368817,,0.07388731565916284,0.09033872334709729,0.0,AllGestureWiimoteY,HYDRA
23,0.1,top,linear_interpolation,0,0,0,0.8178909617368817,0.8178909590996644,2.637217333401054e-09,3.2244079374501235e-09,0.0,AllGestureWiimoteY,HYDRA
23,0.1,bottom,linear_interpolation,0,0,0,0.8178909617368817,0.6470321754643926,0.17085878627248907,0.20890141273628857,0.0,AllGestureWiimoteY,HYDRA
23,0.1,random,linear_interpolation,0,0,0,0.8178909617368817,,-0.015250225000487205,-0.01864576950738299,0.0,AllGestureWiimoteY,HYDRA
23,0.2,top,linear_interpolation,0,0,0,0.8178909617368817,0.1583091001554452,0.6595818615814365,0.8064413057450074,0.0,AllGestureWiimoteY,HYDRA
23,0.2,bottom,linear_interpolation,0,0,0,0.8178909617368817,0.9696791964080365,-0.15178823467115476,-0.1855847003910102,0.0,AllGestureWiimoteY,HYDRA
23,0.2,random,linear_interpolation,0,0,2,0.8178909617368817,,0.20849889747185296,0.2549222968631249,0.2,AllGestureWiimoteY,HYDRA
24,0.05,top,linear_interpolation,0,0,0,-0.07024653221043287,-0.07024653740163245,5.191199581311423e-09,7.38986754119805e-08,0.0,AllGestureWiimoteY,HYDRA
24,0.05,bottom,linear_interpolation,0,0,1,-0.07024653221043287,-0.18157297199002942,0.11132643977959655,1.0,1.0,AllGestureWiimoteY,HYDRA
24,0.05,random,linear_interpolation,0,0,0,-0.07024653221043287,,-0.03080457363592981,0.1417574114852453,0.4,AllGestureWiimoteY,HYDRA
24,0.1,top,linear_interpolation,0,0,1,-0.07024653221043287,-0.4945776294453017,0.42433109723486884,1.0,1.0,AllGestureWiimoteY,HYDRA
24,0.1,bottom,linear_interpolation,0,0,0,-0.07024653221043287,0.05903899796772949,-0.12928553017816236,-1.0,0.0,AllGestureWiimoteY,HYDRA
24,0.1,random,linear_interpolation,0,0,0,-0.07024653221043287,,-0.014400555518355262,-0.2994160516904128,0.4,AllGestureWiimoteY,HYDRA
24,0.2,top,linear_interpolation,0,0,0,-0.07024653221043287,0.5534565845978248,-0.6237031168082576,-1.0,0.0,AllGestureWiimoteY,HYDRA
24,0.2,bottom,linear_interpolation,0,0,1,-0.07024653221043287,-0.07998800755163693,0.009741475341204064,0.13867355954971614,1.0,AllGestureWiimoteY,HYDRA
24,0.2,random,linear_interpolation,0,0,2,-0.07024653221043287,,-0.13913670851071794,-0.33241799557247653,0.6,AllGestureWiimoteY,HYDRA
25,0.05,top,linear_interpolation,0,0,0,0.4700696536905562,0.6152170731984268,-0.14514741950787058,-0.30877787917264876,0.0,AllGestureWiimoteY,HYDRA
25,0.05,bottom,linear_interpolation,0,0,0,0.4700696536905562,0.39825912685335063,0.07181052683720557,0.15276539020978297,0.0,AllGestureWiimoteY,HYDRA
25,0.05,random,linear_interpolation,0,0,0,0.4700696536905562,,-0.04625735532083759,-0.09840511199256538,0.0,AllGestureWiimoteY,HYDRA
25,0.1,top,linear_interpolation,0,0,0,0.4700696536905562,0.3324993410943242,0.13757031259623198,0.2926587982384313,0.0,AllGestureWiimoteY,HYDRA
25,0.1,bottom,linear_interpolation,0,0,0,0.4700696536905562,0.47419878745941335,-0.004129133768857152,-0.008784070514589766,0.0,AllGestureWiimoteY,HYDRA
25,0.1,random,linear_interpolation,0,0,0,0.4700696536905562,,-0.14288899330278917,-0.30397343927122045,0.0,AllGestureWiimoteY,HYDRA
25,0.2,top,linear_interpolation,0,0,0,0.4700696536905562,0.5896455804748062,-0.11957592678425,-0.2543786255224643,0.0,AllGestureWiimoteY,HYDRA
25,0.2,bottom,linear_interpolation,0,0,0,0.4700696536905562,0.49864309630380244,-0.028573442613246236,-0.06078542106152389,0.0,AllGestureWiimoteY,HYDRA
25,0.2,random,linear_interpolation,0,0,0,0.4700696536905562,,0.010187283417048488,0.021671813241408388,0.0,AllGestureWiimoteY,HYDRA
26,0.05,top,linear_interpolation,0,0,0,0.38760184768309913,0.48652102575755096,-0.09891917807445183,-0.25520756275590456,0.0,AllGestureWiimoteY,HYDRA
26,0.05,bottom,linear_interpolation,0,0,0,0.38760184768309913,0.38891878400873536,-0.001316936325636231,-0.003397643576429416,0.0,AllGestureWiimoteY,HYDRA
26,0.05,random,linear_interpolation,0,0,0,0.38760184768309913,,-0.018616415286301268,-0.04802961432709053,0.0,AllGestureWiimoteY,HYDRA
26,0.1,top,linear_interpolation,0,0,0,0.38760184768309913,0.5797425656201345,-0.19214071793703535,-0.4957154445215223,0.0,AllGestureWiimoteY,HYDRA
26,0.1,bottom,linear_interpolation,0,0,0,0.38760184768309913,0.27937386906305517,0.10822797862004396,0.27922389958427307,0.0,AllGestureWiimoteY,HYDRA
26,0.1,random,linear_interpolation,0,0,0,0.38760184768309913,,-0.028648934328237896,-0.0739131162206038,0.0,AllGestureWiimoteY,HYDRA
26,0.2,top,linear_interpolation,0,0,0,0.38760184768309913,0.4895840664474891,-0.10198221876438995,-0.2631100864557367,0.0,AllGestureWiimoteY,HYDRA
26,0.2,bottom,linear_interpolation,0,0,0,0.38760184768309913,0.36648021557623545,0.021121632106863686,0.05449297453080778,0.0,AllGestureWiimoteY,HYDRA
26,0.2,random,linear_interpolation,0,0,0,0.38760184768309913,,-0.14903657692683875,-0.3588123312325346,0.0,AllGestureWiimoteY,HYDRA
27,0.05,top,linear_interpolation,0,0,0,0.3956020670968725,0.4793686863655753,-0.08376661926870277,-0.21174410978009578,0.0,AllGestureWiimoteY,HYDRA
27,0.05,bottom,linear_interpolation,0,0,0,0.3956020670968725,0.38446423027596577,0.011137836820906744,0.028154070954610137,0.0,AllGestureWiimoteY,HYDRA
27,0.05,random,linear_interpolation,0,0,0,0.3956020670968725,,0.01630755080162971,0.041222002956909407,0.0,AllGestureWiimoteY,HYDRA
27,0.1,top,linear_interpolation,0,0,0,0.3956020670968725,0.534914279952525,-0.13931221285565254,-0.35215149841479554,0.0,AllGestureWiimoteY,HYDRA
27,0.1,bottom,linear_interpolation,0,0,0,0.3956020670968725,0.5201306465574362,-0.12452857946056373,-0.3147816329494484,0.0,AllGestureWiimoteY,HYDRA
27,0.1,random,linear_interpolation,0,0,0,0.3956020670968725,,-0.007786288505793104,-0.035745158909037025,0.0,AllGestureWiimoteY,HYDRA
27,0.2,top,linear_interpolation,0,0,0,0.3956020670968725,-0.19583802147436824,0.5914400885712408,1.0,0.0,AllGestureWiimoteY,HYDRA
27,0.2,bottom,linear_interpolation,0,0,0,0.3956020670968725,0.6057835359640109,-0.2101814688671384,-0.5312938304790005,0.0,AllGestureWiimoteY,HYDRA
27,0.2,random,linear_interpolation,0,0,0,0.3956020670968725,,0.04184814432664592,0.05933229195785866,0.0,AllGestureWiimoteY,HYDRA
28,0.05,top,linear_interpolation,0,0,8,-0.4333739418356357,-0.5886697194584258,0.15529577762279012,0.35834046372180073,1.0,AllGestureWiimoteY,HYDRA
28,0.05,bottom,linear_interpolation,0,0,0,-0.4333739418356357,-0.36415822691171157,-0.06921571492392414,-0.15971323729689776,0.0,AllGestureWiimoteY,HYDRA
28,0.05,random,linear_interpolation,0,0,3,-0.4333739418356357,,0.023198773358211366,0.053530490849214504,0.4,AllGestureWiimoteY,HYDRA
28,0.1,top,linear_interpolation,0,0,8,-0.4333739418356357,-0.5667153473113359,0.13334140547570017,0.30768139226257346,1.0,AllGestureWiimoteY,HYDRA
28,0.1,bottom,linear_interpolation,0,0,0,-0.4333739418356357,-0.2682908064624081,-0.1650831353732276,-0.38092450540400186,0.0,AllGestureWiimoteY,HYDRA
28,0.1,random,linear_interpolation,0,0,4,-0.4333739418356357,,-0.10328439684480081,-0.23832572415775033,0.6,AllGestureWiimoteY,HYDRA
28,0.2,top,linear_interpolation,0,0,8,-0.4333739418356357,-0.7310333741510533,0.2976594323154176,0.6868404321085774,1.0,AllGestureWiimoteY,HYDRA
28,0.2,bottom,linear_interpolation,0,0,0,-0.4333739418356357,0.25422579786761923,-0.6875997397032549,-1.0,0.0,AllGestureWiimoteY,HYDRA
28,0.2,random,linear_interpolation,0,0,3,-0.4333739418356357,,-0.18638627481402667,-0.43008087644512827,0.4,AllGestureWiimoteY,HYDRA
29,0.05,top,linear_interpolation,0,0,0,0.27264612073841366,0.32837464040197406,-0.055728519663560405,-0.20439797608216126,0.0,AllGestureWiimoteY,HYDRA
29,0.05,bottom,linear_interpolation,0,0,0,0.27264612073841366,0.25572760491573643,0.016918515822677227,0.06205279475116626,0.0,AllGestureWiimoteY,HYDRA
29,0.05,random,linear_interpolation,0,0,0,0.27264612073841366,,-0.0022048047099683553,-0.008086660530274648,0.0,AllGestureWiimoteY,HYDRA
29,0.1,top,linear_interpolation,0,0,0,0.27264612073841366,-0.23453553329408539,0.507181654032499,1.0,0.0,AllGestureWiimoteY,HYDRA
29,0.1,bottom,linear_interpolation,0,0,0,0.27264612073841366,0.43845751663249755,-0.1658113958940839,-0.6081538489935812,0.0,AllGestureWiimoteY,HYDRA
29,0.1,random,linear_interpolation,0,0,0,0.27264612073841366,,-0.12696834624694722,-0.4656874640857283,0.0,AllGestureWiimoteY,HYDRA
29,0.2,top,linear_interpolation,0,0,0,0.27264612073841366,-0.05771507463033543,0.3303611953687491,1.0,0.0,AllGestureWiimoteY,HYDRA
29,0.2,bottom,linear_interpolation,0,0,0,0.27264612073841366,0.5167791965762607,-0.24413307583784705,-0.8954177662931424,0.0,AllGestureWiimoteY,HYDRA
29,0.2,random,linear_interpolation,0,0,2,0.27264612073841366,,-0.02761081989921903,-0.09871174343373719,0.2,AllGestureWiimoteY,HYDRA
30,0.05,top,linear_interpolation,0,0,0,0.0368956375217353,0.05724040060490676,-0.020344763083171458,-0.5513988387474776,0.0,AllGestureWiimoteY,HYDRA
30,0.05,bottom,linear_interpolation,0,0,0,0.0368956375217353,0.001293202552687056,0.03560243496904825,0.9649235637820747,0.0,AllGestureWiimoteY,HYDRA
30,0.05,random,linear_interpolation,0,0,0,0.0368956375217353,,0.001530368174369756,0.3147678043216967,0.0,AllGestureWiimoteY,HYDRA
30,0.1,top,linear_interpolation,0,0,0,0.0368956375217353,0.16741993528718901,-0.1305242977654537,-1.0,0.0,AllGestureWiimoteY,HYDRA
30,0.1,bottom,linear_interpolation,0,0,0,0.0368956375217353,0.1823252375456461,-0.1454296000239108,-1.0,0.0,AllGestureWiimoteY,HYDRA
30,0.1,random,linear_interpolation,0,0,0,0.0368956375217353,,-0.12777638133621882,-0.504053975024634,0.0,AllGestureWiimoteY,HYDRA
30,0.2,top,linear_interpolation,0,0,0,0.0368956375217353,-0.18051973713586,0.2174153746575953,1.0,0.0,AllGestureWiimoteY,HYDRA
30,0.2,bottom,linear_interpolation,0,0,8,0.0368956375217353,0.1670891338708408,-0.1301934963491055,-1.0,1.0,AllGestureWiimoteY,HYDRA
30,0.2,random,linear_interpolation,0,0,4,0.0368956375217353,,-0.05513132935852081,-0.05999255998422477,0.6,AllGestureWiimoteY,HYDRA
31,0.05,top,linear_interpolation,0,0,0,0.6335581619272956,0.6623733772517715,-0.02881521532447584,-0.04548149100522761,0.0,AllGestureWiimoteY,HYDRA
31,0.05,bottom,linear_interpolation,0,0,0,0.6335581619272956,0.596935462495576,0.036622699431719585,0.0578047033844682,0.0,AllGestureWiimoteY,HYDRA
31,0.05,random,linear_interpolation,0,0,0,0.6335581619272956,,0.10023309593070744,0.1582063711710789,0.0,AllGestureWiimoteY,HYDRA
31,0.1,top,linear_interpolation,0,0,0,0.6335581619272956,0.9062632660894872,-0.2727051041621915,-0.4304335262592034,0.0,AllGestureWiimoteY,HYDRA
31,0.1,bottom,linear_interpolation,0,0,0,0.6335581619272956,0.7476109225363465,-0.1140527606090509,-0.18001911654485564,0.0,AllGestureWiimoteY,HYDRA
31,0.1,random,linear_interpolation,0,0,0,0.6335581619272956,,-0.0004449350282226927,-0.0007022785794292607,0.0,AllGestureWiimoteY,HYDRA
31,0.2,top,linear_interpolation,0,0,0,0.6335581619272956,0.3570330531617041,0.27652510876559155,0.4364629625501719,0.0,AllGestureWiimoteY,HYDRA
31,0.2,bottom,linear_interpolation,0,0,0,0.6335581619272956,0.9076198563836895,-0.27406169445639383,-0.43257474743588964,0.0,AllGestureWiimoteY,HYDRA
31,0.2,random,linear_interpolation,0,0,0,0.6335581619272956,,0.15331363559684003,0.24198787549762182,0.0,AllGestureWiimoteY,HYDRA
32,0.05,top,linear_interpolation,0,0,0,0.06565935258029343,0.06210106210591859,0.0035582904743748367,0.05419237537635128,0.0,AllGestureWiimoteY,HYDRA
32,0.05,bottom,linear_interpolation,0,0,0,0.06565935258029343,-0.00018001288748348276,0.06583936546777691,1.0,0.0,AllGestureWiimoteY,HYDRA
32,0.05,random,linear_interpolation,0,0,0,0.06565935258029343,,-0.0494650720093041,-0.5984493312692697,0.0,AllGestureWiimoteY,HYDRA
32,0.1,top,linear_interpolation,0,0,0,0.06565935258029343,0.29155642306299034,-0.22589707048269692,-1.0,0.0,AllGestureWiimoteY,HYDRA
32,0.1,bottom,linear_interpolation,0,0,0,0.06565935258029343,0.1087567166297112,-0.043097364049417775,-0.6563681484456807,0.0,AllGestureWiimoteY,HYDRA
32,0.1,random,linear_interpolation,0,0,0,0.06565935258029343,,-0.12152459694590594,-0.7119822350205668,0.0,AllGestureWiimoteY,HYDRA
32,0.2,top,linear_interpolation,0,0,0,0.06565935258029343,0.5491176665727788,-0.4834583139924854,-1.0,0.0,AllGestureWiimoteY,HYDRA
32,0.2,bottom,linear_interpolation,0,0,0,0.06565935258029343,0.3129291629379396,-0.24726981035764617,-1.0,0.0,AllGestureWiimoteY,HYDRA
32,0.2,random,linear_interpolation,0,0,3,0.06565935258029343,,-0.16447645105757505,-0.47891564230626466,0.4,AllGestureWiimoteY,HYDRA
33,0.05,top,linear_interpolation,0,0,0,0.8671402273291131,0.9451602189078647,-0.07801999157875161,-0.08997380025288551,0.0,AllGestureWiimoteY,HYDRA
33,0.05,bottom,linear_interpolation,0,0,0,0.8671402273291131,0.7630640643186812,0.10407616301043188,0.12002215986316034,0.0,AllGestureWiimoteY,HYDRA
33,0.05,random,linear_interpolation,0,0,0,0.8671402273291131,,0.017117387773447845,0.0197400230019869,0.0,AllGestureWiimoteY,HYDRA
33,0.1,top,linear_interpolation,0,0,0,0.8671402273291131,0.9945159942338548,-0.12737576690474173,-0.14689160530064127,0.0,AllGestureWiimoteY,HYDRA
33,0.1,bottom,linear_interpolation,0,0,0,0.8671402273291131,0.723290008287035,0.14385021904207806,0.1658901854835711,0.0,AllGestureWiimoteY,HYDRA
33,0.1,random,linear_interpolation,0,0,0,0.8671402273291131,,0.019129405322098014,0.022060311191775088,0.0,AllGestureWiimoteY,HYDRA
33,0.2,top,linear_interpolation,0,0,0,0.8671402273291131,0.5711869677919539,0.29595325953715923,0.3412976458848885,0.0,AllGestureWiimoteY,HYDRA
33,0.2,bottom,linear_interpolation,0,0,0,0.8671402273291131,0.495182470421049,0.3719577569080641,0.42894714861353483,0.0,AllGestureWiimoteY,HYDRA
33,0.2,random,linear_interpolation,0,0,0,0.8671402273291131,,0.040486592157041736,0.046689732746008086,0.0,AllGestureWiimoteY,HYDRA
34,0.05,top,linear_interpolation,0,0,0,0.5217444398847044,0.5576742016555423,-0.03592976177083784,-0.06886454394077238,0.0,AllGestureWiimoteY,HYDRA
34,0.05,bottom,linear_interpolation,0,0,0,0.5217444398847044,0.3941339524833538,0.12761048740135061,0.24458380973976512,0.0,AllGestureWiimoteY,HYDRA
34,0.05,random,linear_interpolation,0,0,0,0.5217444398847044,,-0.008111127608976476,-0.015546139915988294,0.0,AllGestureWiimoteY,HYDRA
34,0.1,top,linear_interpolation,0,0,0,0.5217444398847044,0.26075596187538586,0.26098847800931857,0.5002218669452902,0.0,AllGestureWiimoteY,HYDRA
34,0.1,bottom,linear_interpolation,0,0,0,0.5217444398847044,0.6034617188475935,-0.08171727896288905,-0.1566228906206578,0.0,AllGestureWiimoteY,HYDRA
34,0.1,random,linear_interpolation,0,0,0,0.5217444398847044,,-0.13331755804527973,-0.2555222295277565,0.0,AllGestureWiimoteY,HYDRA
34,0.2,top,linear_interpolation,0,0,0,0.5217444398847044,0.7109862069499122,-0.1892417670652078,-0.36270900059428696,0.0,AllGestureWiimoteY,HYDRA
34,0.2,bottom,linear_interpolation,0,0,0,0.5217444398847044,0.3206862380407143,0.20105820184399015,0.385356893370108,0.0,AllGestureWiimoteY,HYDRA
34,0.2,random,linear_interpolation,0,0,0,0.5217444398847044,,0.1271886321985265,0.13323640457246697,0.0,AllGestureWiimoteY,HYDRA
35,0.05,top,linear_interpolation,0,0,0,0.7176713877149692,0.8535015328865811,-0.13583014517161196,-0.1892648337831248,0.0,AllGestureWiimoteY,HYDRA
35,0.05,bottom,linear_interpolation,0,0,0,0.7176713877149692,0.8251952980604811,-0.1075239103455119,-0.1498231117513972,0.0,AllGestureWiimoteY,HYDRA
35,0.05,random,linear_interpolation,0,0,0,0.7176713877149692,,-0.03031427125898172,-0.042239706832668804,0.0,AllGestureWiimoteY,HYDRA
35,0.1,top,linear_interpolation,0,0,0,0.7176713877149692,1.0228439938511291,-0.30517260613615993,-0.4252255086862312,0.0,AllGestureWiimoteY,HYDRA
35,0.1,bottom,linear_interpolation,0,0,0,0.7176713877149692,0.8112475564837933,-0.09357616876882413,-0.1303884200794818,0.0,AllGestureWiimoteY,HYDRA
35,0.1,random,linear_interpolation,0,0,0,0.7176713877149692,,0.29722537304658625,0.3460976957993203,0.0,AllGestureWiimoteY,HYDRA
35,0.2,top,linear_interpolation,0,0,6,0.7176713877149692,-0.12362695609055807,0.8412983438055273,1.0,1.0,AllGestureWiimoteY,HYDRA
35,0.2,bottom,linear_interpolation,0,0,0,0.7176713877149692,0.28212935017794427,0.4355420375370249,0.6068814197014987,0.0,AllGestureWiimoteY,HYDRA
35,0.2,random,linear_interpolation,0,0,2,0.7176713877149692,,0.41921849729674265,0.47605008436242785,0.4,AllGestureWiimoteY,HYDRA
37,0.05,top,linear_interpolation,0,0,0,0.23060721991211475,0.23060721968449682,2.276179245086496e-10,9.87033006002107e-10,0.0,AllGestureWiimoteY,HYDRA
37,0.05,bottom,linear_interpolation,0,0,0,0.23060721991211475,0.1654736223880341,0.06513359752408066,0.2824426533837484,0.0,AllGestureWiimoteY,HYDRA
37,0.05,random,linear_interpolation,0,0,0,0.23060721991211475,,0.0039990425558172225,0.017341283659972163,0.0,AllGestureWiimoteY,HYDRA
37,0.1,top,linear_interpolation,0,0,0,0.23060721991211475,-0.14072646848321557,0.3713336883953303,1.0,0.0,AllGestureWiimoteY,HYDRA
37,0.1,bottom,linear_interpolation,0,0,0,0.23060721991211475,0.30298799133604337,-0.07238077142392862,-0.3138690002095896,0.0,AllGestureWiimoteY,HYDRA
37,0.1,random,linear_interpolation,0,0,0,0.23060721991211475,,-0.21655766229241474,-0.6274133367328828,0.0,AllGestureWiimoteY,HYDRA
37,0.2,top,linear_interpolation,0,0,0,0.23060721991211475,0.858307937981724,-0.6277007180696093,-1.0,0.0,AllGestureWiimoteY,HYDRA
37,0.2,bottom,linear_interpolation,0,0,0,0.23060721991211475,-0.1688368159227387,0.39944403583485344,1.0,0.0,AllGestureWiimoteY,HYDRA
37,0.2,random,linear_interpolation,0,0,2,0.23060721991211475,,-0.025910649169326526,-0.15426670638762005,0.4,AllGestureWiimoteY,HYDRA
40,0.05,top,linear_interpolation,0,0,0,0.6750965044707089,0.8411204816372393,-0.1660239771665304,-0.24592592339190586,0.0,AllGestureWiimoteY,HYDRA
40,0.05,bottom,linear_interpolation,0,0,0,0.6750965044707089,0.6242441070544078,0.0508523974163011,0.07532600413946201,0.0,AllGestureWiimoteY,HYDRA
40,0.05,random,linear_interpolation,0,0,0,0.6750965044707089,,-0.0006051528553510099,-0.0008963932637041261,0.0,AllGestureWiimoteY,HYDRA
40,0.1,top,linear_interpolation,0,0,0,0.6750965044707089,0.8621622502850059,-0.18706574581429702,-0.2770944116597803,0.0,AllGestureWiimoteY,HYDRA
40,0.1,bottom,linear_interpolation,0,0,0,0.6750965044707089,0.46310031316331446,0.21199619130739444,0.31402307059867457,0.0,AllGestureWiimoteY,HYDRA
40,0.1,random,linear_interpolation,0,0,0,0.6750965044707089,,-0.01022004537324972,-0.015138621170378124,0.0,AllGestureWiimoteY,HYDRA
40,0.2,top,linear_interpolation,0,0,0,0.6750965044707089,0.8751821787882079,-0.20008567431749902,-0.29638040874461613,0.0,AllGestureWiimoteY,HYDRA
40,0.2,bottom,linear_interpolation,0,0,0,0.6750965044707089,0.7737591310741603,-0.09866262660345138,-0.1461457433186707,0.0,AllGestureWiimoteY,HYDRA
40,0.2,random,linear_interpolation,0,0,0,0.6750965044707089,,0.07316132261220468,0.10837149023319932,0.0,AllGestureWiimoteY,HYDRA
41,0.05,top,linear_interpolation,0,0,0,0.41661377742014305,0.41661377551167345,1.9084696045723604e-09,4.580897529344544e-09,0.0,AllGestureWiimoteY,HYDRA
41,0.05,bottom,linear_interpolation,0,0,0,0.41661377742014305,0.4214944310367188,-0.0048806536165757475,-0.011715027601274354,0.0,AllGestureWiimoteY,HYDRA
41,0.05,random,linear_interpolation,0,0,0,0.41661377742014305,,0.07780078485632422,0.18674513981021024,0.0,AllGestureWiimoteY,HYDRA
41,0.1,top,linear_interpolation,0,0,0,0.41661377742014305,-0.08184534618530548,0.49845912360544853,1.0,0.0,AllGestureWiimoteY,HYDRA
41,0.1,bottom,linear_interpolation,0,0,0,0.41661377742014305,0.3466666558863116,0.06994712153383142,0.16789400022479742,0.0,AllGestureWiimoteY,HYDRA
41,0.1,random,linear_interpolation,0,0,0,0.41661377742014305,,0.008823007156749085,0.021177854543194364,0.0,AllGestureWiimoteY,HYDRA
41,0.2,top,linear_interpolation,0,0,0,0.41661377742014305,0.6669542441357048,-0.25034046671556176,-0.6008919517108275,0.0,AllGestureWiimoteY,HYDRA
41,0.2,bottom,linear_interpolation,0,0,0,0.41661377742014305,0.2022001950912471,0.21441358232889596,0.5146566899442132,0.0,AllGestureWiimoteY,HYDRA
41,0.2,random,linear_interpolation,0,0,3,0.41661377742014305,,0.16573912444377106,0.2039122390287853,0.4,AllGestureWiimoteY,HYDRA
44,0.05,top,linear_interpolation,0,0,0,0.4657995408089215,0.5434290664045593,-0.07762952559563785,-0.1666582985516169,0.0,AllGestureWiimoteY,HYDRA
44,0.05,bottom,linear_interpolation,0,0,0,0.4657995408089215,0.47675859814624544,-0.01095905733732394,-0.02352736069883507,0.0,AllGestureWiimoteY,HYDRA
44,0.05,random,linear_interpolation,0,0,0,0.4657995408089215,,0.02794407015837521,0.05999149359046859,0.0,AllGestureWiimoteY,HYDRA
44,0.1,top,linear_interpolation,0,0,0,0.4657995408089215,0.5670127108706879,-0.10121317006176644,-0.21728864866922867,0.0,AllGestureWiimoteY,HYDRA
44,0.1,bottom,linear_interpolation,0,0,0,0.4657995408089215,0.43864575291200913,0.027153787896912362,0.05829488271902042,0.0,AllGestureWiimoteY,HYDRA
44,0.1,random,linear_interpolation,0,0,0,0.4657995408089215,,0.07072808228495502,0.07880975868058507,0.0,AllGestureWiimoteY,HYDRA
44,0.2,top,linear_interpolation,0,0,0,0.4657995408089215,0.4678509449497803,-0.0020514041408588035,-0.004404039843526762,0.0,AllGestureWiimoteY,HYDRA
44,0.2,bottom,linear_interpolation,0,0,0,0.4657995408089215,0.5677845422107952,-0.10198500140187372,-0.21894564833429322,0.0,AllGestureWiimoteY,HYDRA
44,0.2,random,linear_interpolation,0,0,0,0.4657995408089215,,0.009332241677913888,0.020034845089933286,0.0,AllGestureWiimoteY,HYDRA
45,0.05,top,linear_interpolation,0,0,0,0.4597164875051505,0.5280292737228762,-0.06831278621772574,-0.14859731916759072,0.0,AllGestureWiimoteY,HYDRA
45,0.05,bottom,linear_interpolation,0,0,0,0.4597164875051505,0.37271081726146704,0.08700567024368344,0.18925899624975365,0.0,AllGestureWiimoteY,HYDRA
45,0.05,random,linear_interpolation,0,0,0,0.4597164875051505,,-0.027024601998142696,-0.058785238179219636,0.0,AllGestureWiimoteY,HYDRA
45,0.1,top,linear_interpolation,0,0,0,0.4597164875051505,0.510203419528205,-0.05048693202305454,-0.10982164784951522,0.0,AllGestureWiimoteY,HYDRA
45,0.1,bottom,linear_interpolation,0,0,0,0.4597164875051505,0.6290036489491708,-0.16928716144402034,-0.36824172681080297,0.0,AllGestureWiimoteY,HYDRA
45,0.1,random,linear_interpolation,0,0,0,0.4597164875051505,,-0.06945218154007585,-0.1510757876907994,0.0,AllGestureWiimoteY,HYDRA
45,0.2,top,linear_interpolation,0,0,0,0.4597164875051505,0.5585534114333448,-0.09883692392819432,-0.21499491886761649,0.0,AllGestureWiimoteY,HYDRA
45,0.2,bottom,linear_interpolation,0,0,0,0.4597164875051505,0.6662387062813453,-0.2065222187761948,-0.4492372476343551,0.0,AllGestureWiimoteY,HYDRA
45,0.2,random,linear_interpolation,0,0,0,0.4597164875051505,,0.022628481627007348,0.04922258178563162,0.0,AllGestureWiimoteY,HYDRA
46,0.05,top,linear_interpolation,0,0,0,-0.1817282183634814,-0.22006331473148688,0.03833509636800547,0.2109462458113391,0.0,AllGestureWiimoteY,HYDRA
46,0.05,bottom,linear_interpolation,0,0,0,-0.1817282183634814,-0.28131095496517156,0.09958273660169015,0.5479731740358453,0.0,AllGestureWiimoteY,HYDRA
46,0.05,random,linear_interpolation,0,0,0,-0.1817282183634814,,-0.031053812198747543,-0.17087957830003975,0.0,AllGestureWiimoteY,HYDRA
46,0.1,top,linear_interpolation,0,0,9,-0.1817282183634814,-0.07137953943778197,-0.11034867892569944,-0.6072148437076758,1.0,AllGestureWiimoteY,HYDRA
46,0.1,bottom,linear_interpolation,0,0,0,-0.1817282183634814,-0.2013826996062864,0.019654481242805,0.10815256577780219,0.0,AllGestureWiimoteY,HYDRA
46,0.1,random,linear_interpolation,0,0,0,-0.1817282183634814,,-0.1629634766987086,-0.33115594376833946,0.0,AllGestureWiimoteY,HYDRA
46,0.2,top,linear_interpolation,0,0,9,-0.1817282183634814,-0.30959723184601656,0.12786901348253515,0.7036238566039554,1.0,AllGestureWiimoteY,HYDRA
46,0.2,bottom,linear_interpolation,0,0,0,-0.1817282183634814,0.011054377716290142,-0.19278259607977155,-1.0,0.0,AllGestureWiimoteY,HYDRA
46,0.2,random,linear_interpolation,0,0,0,-0.1817282183634814,,-0.14017549300978097,-0.42729635530381616,0.0,AllGestureWiimoteY,HYDRA
47,0.05,top,linear_interpolation,0,0,0,-0.1939549244805141,-0.1332452688926281,-0.06070965558788599,-0.3130074822436539,0.0,AllGestureWiimoteY,HYDRA
47,0.05,bottom,linear_interpolation,0,0,0,-0.1939549244805141,-0.06168082213008108,-0.13227410235043302,-0.6819802112501184,0.0,AllGestureWiimoteY,HYDRA
47,0.05,random,linear_interpolation,0,0,0,-0.1939549244805141,,-0.0027538447535996103,-0.014198301809936597,0.0,AllGestureWiimoteY,HYDRA
47,0.1,top,linear_interpolation,0,0,0,-0.1939549244805141,-0.20152508886953802,0.0075701643890239145,0.03903033335691922,0.0,AllGestureWiimoteY,HYDRA
47,0.1,bottom,linear_interpolation,0,0,0,-0.1939549244805141,-0.04930953055992837,-0.14464539392058573,-0.745764246738014,0.0,AllGestureWiimoteY,HYDRA
47,0.1,random,linear_interpolation,0,0,0,-0.1939549244805141,,-0.09883444138648216,-0.5052124136724652,0.0,AllGestureWiimoteY,HYDRA
47,0.2,top,linear_interpolation,0,0,0,-0.1939549244805141,0.03612033723463881,-0.2300752617151529,-1.0,0.0,AllGestureWiimoteY,HYDRA
47,0.2,bottom,linear_interpolation,0,0,0,-0.1939549244805141,0.04759431652585233,-0.24154924100636643,-1.0,0.0,AllGestureWiimoteY,HYDRA
47,0.2,random,linear_interpolation,0,0,0,-0.1939549244805141,,-0.22150070330559202,-0.5185385058437622,0.0,AllGestureWiimoteY,HYDRA
48,0.05,top,linear_interpolation,0,0,0,0.1254313065343844,0.26978943578166237,-0.14435812924727798,-1.0,0.0,AllGestureWiimoteY,HYDRA
48,0.05,bottom,linear_interpolation,0,0,0,0.1254313065343844,0.0037477626379047724,0.12168354389647962,0.9701132607580876,0.0,AllGestureWiimoteY,HYDRA
48,0.05,random,linear_interpolation,0,0,0,0.1254313065343844,,-0.007514234548693754,-0.05990669195446789,0.0,AllGestureWiimoteY,HYDRA
48,0.1,top,linear_interpolation,0,0,0,0.1254313065343844,0.30416811469754923,-0.17873680816316484,-1.0,0.0,AllGestureWiimoteY,HYDRA
48,0.1,bottom,linear_interpolation,0,0,0,0.1254313065343844,-0.12713790277679005,0.25256920931117444,1.0,0.0,AllGestureWiimoteY,HYDRA
48,0.1,random,linear_interpolation,0,0,0,0.1254313065343844,,-0.0033837529041065295,-0.026976725515120405,0.0,AllGestureWiimoteY,HYDRA
48,0.2,top,linear_interpolation,0,0,0,0.1254313065343844,0.31743000477655836,-0.19199869824217397,-1.0,0.0,AllGestureWiimoteY,HYDRA
48,0.2,bottom,linear_interpolation,0,0,0,0.1254313065343844,0.14972713270385285,-0.02429582616946846,-0.1936967184989803,0.0,AllGestureWiimoteY,HYDRA
48,0.2,random,linear_interpolation,0,0,2,0.1254313065343844,,0.2420621076793446,0.699745306016227,0.4,AllGestureWiimoteY,HYDRA
49,0.05,top,linear_interpolation,0,0,0,0.1861712019424775,0.29463797443996875,-0.10846677249749126,-0.5826152957626013,0.0,AllGestureWiimoteY,HYDRA
49,0.05,bottom,linear_interpolation,0,0,0,0.1861712019424775,0.12876715924686866,0.05740404269560884,0.3083384205411355,0.0,AllGestureWiimoteY,HYDRA
49,0.05,random,linear_interpolation,0,0,0,0.1861712019424775,,-0.08339657508359147,-0.24933007854918082,0.0,AllGestureWiimoteY,HYDRA
49,0.1,top,linear_interpolation,0,0,0,0.1861712019424775,0.11935385969926049,0.066817342243217,0.3589007464382995,0.0,AllGestureWiimoteY,HYDRA
49,0.1,bottom,linear_interpolation,0,0,0,0.1861712019424775,0.02906835232792071,0.15710284961455678,0.8438577186893755,0.0,AllGestureWiimoteY,HYDRA
49,0.1,random,linear_interpolation,0,0,0,0.1861712019424775,,-0.04551638718374314,-0.3488285427534783,0.0,AllGestureWiimoteY,HYDRA
49,0.2,top,linear_interpolation,0,0,0,0.1861712019424775,0.664060705991721,-0.47788950404924346,-1.0,0.0,AllGestureWiimoteY,HYDRA
49,0.2,bottom,linear_interpolation,0,0,0,0.1861712019424775,0.4626260201785821,-0.2764548182361046,-1.0,0.0,AllGestureWiimoteY,HYDRA
49,0.2,random,linear_interpolation,0,0,1,0.1861712019424775,,0.1189974532968853,0.10361177630070947,0.2,AllGestureWiimoteY,HYDRA
50,0.05,top,linear_interpolation,0,0,0,0.22392980560643672,0.20191343833067643,0.022016367275760285,0.09831772460308355,0.0,AllGestureWiimoteY,HYDRA
50,0.05,bottom,linear_interpolation,0,0,0,0.22392980560643672,0.11986057384507642,0.10406923176136029,0.4647383439698075,0.0,AllGestureWiimoteY,HYDRA
50,0.05,random,linear_interpolation,0,0,0,0.22392980560643672,,0.013923227938426309,0.062176474115386716,0.0,AllGestureWiimoteY,HYDRA
50,0.1,top,linear_interpolation,0,0,0,0.22392980560643672,0.7565452279980627,-0.532615422391626,-1.0,0.0,AllGestureWiimoteY,HYDRA
50,0.1,bottom,linear_interpolation,0,0,0,0.22392980560643672,0.08956331319108513,0.1343664924153516,0.6000357657423143,0.0,AllGestureWiimoteY,HYDRA
50,0.1,random,linear_interpolation,0,0,1,0.22392980560643672,,0.14960713429982514,0.3482211760009683,0.2,AllGestureWiimoteY,HYDRA
50,0.2,top,linear_interpolation,0,0,0,0.22392980560643672,0.4777793196606259,-0.2538495140541892,-1.0,0.0,AllGestureWiimoteY,HYDRA
50,0.2,bottom,linear_interpolation,0,0,0,0.22392980560643672,0.16574594797100128,0.05818385763543543,0.2598296267361036,0.0,AllGestureWiimoteY,HYDRA
50,0.2,random,linear_interpolation,0,0,0,0.22392980560643672,,-0.17229544895386878,-0.6130045467752675,0.0,AllGestureWiimoteY,HYDRA
53,0.05,top,linear_interpolation,0,0,0,0.6475909760753578,0.8165092504200926,-0.16891827434473483,-0.2608405918931251,0.0,AllGestureWiimoteY,HYDRA
53,0.05,bottom,linear_interpolation,0,0,0,0.6475909760753578,0.5640462431727591,0.08354473290259867,0.12900828915285525,0.0,AllGestureWiimoteY,HYDRA
53,0.05,random,linear_interpolation,0,0,0,0.6475909760753578,,-0.009527783608162732,-0.014712633819066989,0.0,AllGestureWiimoteY,HYDRA
53,0.1,top,linear_interpolation,0,0,0,0.6475909760753578,0.5159837225131574,0.13160725356220038,0.2032255778704796,0.0,AllGestureWiimoteY,HYDRA
53,0.1,bottom,linear_interpolation,0,0,0,0.6475909760753578,0.7658239436421064,-0.11823296756674861,-0.18257324354647392,0.0,AllGestureWiimoteY,HYDRA
53,0.1,random,linear_interpolation,0,0,1,0.6475909760753578,,0.10946137659614882,0.10339798037177324,0.2,AllGestureWiimoteY,HYDRA
53,0.2,top,linear_interpolation,0,0,6,0.6475909760753578,-0.19782983569164803,0.8454208117670058,1.0,1.0,AllGestureWiimoteY,HYDRA
53,0.2,bottom,linear_interpolation,0,0,0,0.6475909760753578,0.5397153639548911,0.1078756121204667,0.1665795996643319,0.0,AllGestureWiimoteY,HYDRA
53,0.2,random,linear_interpolation,0,0,1,0.6475909760753578,,0.07301704554468577,-0.014307524977244235,0.2,AllGestureWiimoteY,HYDRA
54,0.05,top,linear_interpolation,0,0,0,0.1952865380819404,0.34717031800181153,-0.15188377991987112,-0.7777443528226693,0.0,AllGestureWiimoteY,HYDRA
54,0.05,bottom,linear_interpolation,0,0,0,0.1952865380819404,0.08856055068524649,0.10672598739669392,0.5465069017968414,0.0,AllGestureWiimoteY,HYDRA
54,0.05,random,linear_interpolation,0,0,0,0.1952865380819404,,0.05915566022812315,0.30291569451452716,0.0,AllGestureWiimoteY,HYDRA
54,0.1,top,linear_interpolation,0,0,0,0.1952865380819404,0.2187441737221396,-0.023457635640199204,-0.12011844621829709,0.0,AllGestureWiimoteY,HYDRA
54,0.1,bottom,linear_interpolation,0,0,0,0.1952865380819404,0.032901163374357445,0.16238537470758296,0.8315193908555902,0.0,AllGestureWiimoteY,HYDRA
54,0.1,random,linear_interpolation,0,0,0,0.1952865380819404,,-0.03975230060618919,-0.20355779481182043,0.0,AllGestureWiimoteY,HYDRA
54,0.2,top,linear_interpolation,0,0,0,0.1952865380819404,0.15283014247903204,0.04245639560290837,0.21740453087740885,0.0,AllGestureWiimoteY,HYDRA
54,0.2,bottom,linear_interpolation,0,0,0,0.1952865380819404,0.3081373664877989,-0.11285082840585847,-0.5778700961374584,0.0,AllGestureWiimoteY,HYDRA
54,0.2,random,linear_interpolation,0,0,0,0.1952865380819404,,-0.14318737426572076,-0.40171893227444305,0.0,AllGestureWiimoteY,HYDRA
55,0.05,top,linear_interpolation,0,0,0,0.08527716600808177,0.08079661961088569,0.0044805463971960835,0.05254037002591571,0.0,AllGestureWiimoteY,HYDRA
55,0.05,bottom,linear_interpolation,0,0,0,0.08527716600808177,0.032917763554777046,0.052359402453304726,0.6139836830958894,0.0,AllGestureWiimoteY,HYDRA
55,0.05,random,linear_interpolation,0,0,0,0.08527716600808177,,-0.052614510862651585,-0.3575201535380721,0.0,AllGestureWiimoteY,HYDRA
55,0.1,top,linear_interpolation,0,0,0,0.08527716600808177,0.020744940433275127,0.06453222557480665,0.7567262359827363,0.0,AllGestureWiimoteY,HYDRA
55,0.1,bottom,linear_interpolation,0,0,0,0.08527716600808177,0.22293897663365203,-0.13766181062557026,-1.0,0.0,AllGestureWiimoteY,HYDRA
55,0.1,random,linear_interpolation,0,0,0,0.08527716600808177,,-0.26411411625085135,-0.7476827725698136,0.0,AllGestureWiimoteY,HYDRA
55,0.2,top,linear_interpolation,0,0,0,0.08527716600808177,0.3736665688716967,-0.2883894028636149,-1.0,0.0,AllGestureWiimoteY,HYDRA
55,0.2,bottom,linear_interpolation,0,0,0,0.08527716600808177,0.09968134088776437,-0.014404174879682596,-0.16890812213665007,0.0,AllGestureWiimoteY,HYDRA
55,0.2,random,linear_interpolation,0,0,0,0.08527716600808177,,-0.004375906040887867,0.3064555784476174,0.0,AllGestureWiimoteY,HYDRA
56,0.05,top,linear_interpolation,0,0,0,0.49051575297895256,0.655335314633458,-0.1648195616545054,-0.3360120947012336,0.0,AllGestureWiimoteY,HYDRA
56,0.05,bottom,linear_interpolation,0,0,0,0.49051575297895256,0.467200942121208,0.02331481085774456,0.04753112042789896,0.0,AllGestureWiimoteY,HYDRA
56,0.05,random,linear_interpolation,0,0,0,0.49051575297895256,,-0.005576380345764642,-0.01136837898379368,0.0,AllGestureWiimoteY,HYDRA
56,0.1,top,linear_interpolation,0,0,0,0.49051575297895256,0.31654423492545414,0.17397151805349842,0.3546698802782039,0.0,AllGestureWiimoteY,HYDRA
56,0.1,bottom,linear_interpolation,0,0,0,0.49051575297895256,0.3732096424773548,0.11730611050159778,0.23914802050936523,0.0,AllGestureWiimoteY,HYDRA
56,0.1,random,linear_interpolation,0,0,0,0.49051575297895256,,-0.021588961043870158,-0.044012688481603224,0.0,AllGestureWiimoteY,HYDRA
56,0.2,top,linear_interpolation,0,0,0,0.49051575297895256,0.05825231261754482,0.43226344036140774,0.8812409316016891,0.0,AllGestureWiimoteY,HYDRA
56,0.2,bottom,linear_interpolation,0,0,0,0.49051575297895256,0.8766485369364212,-0.38613278395746864,-0.7871959145379834,0.0,AllGestureWiimoteY,HYDRA
56,0.2,random,linear_interpolation,0,0,1,0.49051575297895256,,0.2531349907634229,0.3759973410088181,0.2,AllGestureWiimoteY,HYDRA
