sample_idx,fraction,mode,perturbation,true_label,base_pred,masked_pred,score_before,score_after,score_drop,bounded_relative_score_drop,flipped,dataset,model
0,0.05,top,global_mean,0,0,0,0.8213720072596257,0.9182660269214146,-0.0968940196617889,-0.1179659165877141,0.0,PowerCons,HYDRA
0,0.05,bottom,global_mean,0,0,0,0.8213720072596257,0.7404493777305144,0.08092262952911122,0.0985211698143041,0.0,PowerCons,HYDRA
0,0.05,random,global_mean,0,0,0,0.8213720072596257,,0.06518287948678873,0.0793584387491142,0.0,PowerCons,HYDRA
0,0.1,top,global_mean,0,0,0,0.8213720072596257,0.8264645959247371,-0.005092588665111419,-0.0062000925524713715,0.0,PowerCons,HYDRA
0,0.1,bottom,global_mean,0,0,0,0.8213720072596257,0.626963908263939,0.19440809899568667,0.23668673949281208,0.0,PowerCons,HYDRA
0,0.1,random,global_mean,0,0,0,0.8213720072596257,,0.07094004272726884,0.08636763334109124,0.0,PowerCons,HYDRA
0,0.2,top,global_mean,0,0,0,0.8213720072596257,1.0063811617526337,-0.18500915449300803,-0.22524377214471691,0.0,PowerCons,HYDRA
0,0.2,bottom,global_mean,0,0,0,0.8213720072596257,0.7575683649940982,0.06380364226552748,0.07767925376364353,0.0,PowerCons,HYDRA
0,0.2,random,global_mean,0,0,0,0.8213720072596257,,-0.03371584273225039,-0.04104815039483421,0.0,PowerCons,HYDRA
1,0.05,top,global_mean,0,0,0,1.5843516268186852,1.796570731156305,-0.2122191043376198,-0.13394688830336152,0.0,PowerCons,HYDRA
1,0.05,bottom,global_mean,0,0,0,1.5843516268186852,1.6663648790587842,-0.08201325224009892,-0.05176451937014688,0.0,PowerCons,HYDRA
1,0.05,random,global_mean,0,0,0,1.5843516268186852,,0.02534788032880848,0.015998888063010305,0.0,PowerCons,HYDRA
1,0.1,top,global_mean,0,0,0,1.5843516268186852,1.8109809584232557,-0.22662933160457044,-0.14304222921612647,0.0,PowerCons,HYDRA
1,0.1,bottom,global_mean,0,0,0,1.5843516268186852,1.6838490656192184,-0.09949743880053319,-0.06280005922691588,0.0,PowerCons,HYDRA
1,0.1,random,global_mean,0,0,0,1.5843516268186852,,-0.028718706402111403,-0.018126461190509962,0.0,PowerCons,HYDRA
1,0.2,top,global_mean,0,0,0,1.5843516268186852,1.7284129388640022,-0.1440613120453169,-0.09092755590312372,0.0,PowerCons,HYDRA
1,0.2,bottom,global_mean,0,0,0,1.5843516268186852,1.4761372075134642,0.10821441930522102,0.06830197865894988,0.0,PowerCons,HYDRA
1,0.2,random,global_mean,0,0,0,1.5843516268186852,,-0.022240291059215166,-0.014037462798842168,0.0,PowerCons,HYDRA
2,0.05,top,global_mean,0,0,0,0.3606180540197372,0.2909085099809039,0.06970954403883328,0.19330521574441817,0.0,PowerCons,HYDRA
2,0.05,bottom,global_mean,0,0,0,0.3606180540197372,0.3347711032990234,0.0258469507207138,0.07167383540221689,0.0,PowerCons,HYDRA
2,0.05,random,global_mean,0,0,0,0.3606180540197372,,-0.02932462144615793,-0.08131744875730541,0.0,PowerCons,HYDRA
2,0.1,top,global_mean,0,0,0,0.3606180540197372,0.27115786751598925,0.08946018650374793,0.24807393149795035,0.0,PowerCons,HYDRA
2,0.1,bottom,global_mean,0,0,0,0.3606180540197372,0.4268528487860257,-0.06623479476628852,-0.1836697036054656,0.0,PowerCons,HYDRA
2,0.1,random,global_mean,0,0,0,0.3606180540197372,,-0.2096003622410978,-0.37296773602276,0.0,PowerCons,HYDRA
2,0.2,top,global_mean,0,0,0,0.3606180540197372,0.5539420560608034,-0.1933240020410662,-0.5360892606370303,0.0,PowerCons,HYDRA
2,0.2,bottom,global_mean,0,0,0,0.3606180540197372,0.8037803938528635,-0.4431623398331263,-1.0,0.0,PowerCons,HYDRA
2,0.2,random,global_mean,0,0,0,0.3606180540197372,,-0.1043087090939577,-0.2892490231208048,0.0,PowerCons,HYDRA
3,0.05,top,global_mean,0,0,0,1.2356636039332636,1.3318509510594716,-0.09618734712620802,-0.07784260131756834,0.0,PowerCons,HYDRA
3,0.05,bottom,global_mean,0,0,0,1.2356636039332636,1.2769574398620573,-0.041293835928793765,-0.03341832063275965,0.0,PowerCons,HYDRA
3,0.05,random,global_mean,0,0,0,1.2356636039332636,,-0.0392803077925834,-0.03178881038394208,0.0,PowerCons,HYDRA
3,0.1,top,global_mean,0,0,0,1.2356636039332636,1.3795318656653741,-0.14386826173211054,-0.11642986395674133,0.0,PowerCons,HYDRA
3,0.1,bottom,global_mean,0,0,0,1.2356636039332636,1.377974957721801,-0.14231135378853743,-0.11516988779604426,0.0,PowerCons,HYDRA
3,0.1,random,global_mean,0,0,0,1.2356636039332636,,0.028055988505302443,0.022705181014327818,0.0,PowerCons,HYDRA
3,0.2,top,global_mean,0,0,0,1.2356636039332636,1.6001941988182296,-0.364530594884966,-0.2950077178909413,0.0,PowerCons,HYDRA
3,0.2,bottom,global_mean,0,0,0,1.2356636039332636,1.2719766705867759,-0.036313066653512305,-0.02938747823472778,0.0,PowerCons,HYDRA
3,0.2,random,global_mean,0,0,0,1.2356636039332636,,0.012174689397364657,0.009852745930093984,0.0,PowerCons,HYDRA
4,0.05,top,global_mean,0,0,0,0.884498387115571,1.0153079656444648,-0.13080957852889374,-0.1478910900724025,0.0,PowerCons,HYDRA
4,0.05,bottom,global_mean,0,0,0,0.884498387115571,0.912128145023044,-0.027629757907472907,-0.031237735503216044,0.0,PowerCons,HYDRA
4,0.05,random,global_mean,0,0,0,0.884498387115571,,-0.02837844794589457,-0.032084191757824884,0.0,PowerCons,HYDRA
4,0.1,top,global_mean,0,0,0,0.884498387115571,1.1995086801310217,-0.3150102930154507,-0.35614529258491234,0.0,PowerCons,HYDRA
4,0.1,bottom,global_mean,0,0,0,0.884498387115571,0.7988432612404405,0.08565512587513058,0.09684023202600439,0.0,PowerCons,HYDRA
4,0.1,random,global_mean,0,0,0,0.884498387115571,,0.011771336122994391,0.013308472899434948,0.0,PowerCons,HYDRA
4,0.2,top,global_mean,0,0,0,0.884498387115571,1.1957603712250173,-0.3112619841094463,-0.35190751813237375,0.0,PowerCons,HYDRA
4,0.2,bottom,global_mean,0,0,0,0.884498387115571,0.7218216421387184,0.1626767449768527,0.1839195677764748,0.0,PowerCons,HYDRA
4,0.2,random,global_mean,0,0,0,0.884498387115571,,0.1998792795126673,0.22598012211686305,0.0,PowerCons,HYDRA
5,0.05,top,global_mean,0,0,0,0.11749159883129816,0.4143579185616594,-0.2968663197303612,-1.0,0.0,PowerCons,HYDRA
5,0.05,bottom,global_mean,0,0,0,0.11749159883129816,0.10172037408959551,0.015771224741702644,0.13423164436381027,0.0,PowerCons,HYDRA
5,0.05,random,global_mean,0,0,0,0.11749159883129816,,0.052814105754100324,0.4171585184073591,0.2,PowerCons,HYDRA
5,0.1,top,global_mean,0,0,0,0.11749159883129816,0.607244584009878,-0.48975298517857985,-1.0,0.0,PowerCons,HYDRA
5,0.1,bottom,global_mean,0,0,0,0.11749159883129816,0.05909119041159726,0.0584004084197009,0.49705606140821834,0.0,PowerCons,HYDRA
5,0.1,random,global_mean,0,0,0,0.11749159883129816,,-0.10812947735095277,-0.043684354498743326,0.0,PowerCons,HYDRA
5,0.2,top,global_mean,0,0,0,0.11749159883129816,0.5920075687735605,-0.47451596994226236,-1.0,0.0,PowerCons,HYDRA
5,0.2,bottom,global_mean,0,0,0,0.11749159883129816,0.029075100467776505,0.08841649836352165,0.7525282378890482,0.0,PowerCons,HYDRA
5,0.2,random,global_mean,0,0,0,0.11749159883129816,,0.04398488373178916,0.266780775064077,0.2,PowerCons,HYDRA
6,0.05,top,global_mean,0,0,0,1.0351349559855132,0.9875335297851559,0.047601426200357344,0.0459856755290061,0.0,PowerCons,HYDRA
6,0.05,bottom,global_mean,0,0,0,1.0351349559855132,0.9467833615418106,0.08835159444370255,0.0853526475752515,0.0,PowerCons,HYDRA
6,0.05,random,global_mean,0,0,0,1.0351349559855132,,0.061972256282728934,0.059868711857977666,0.0,PowerCons,HYDRA
6,0.1,top,global_mean,0,0,0,1.0351349559855132,0.8328908986302376,0.20224405735527562,0.19537922162381735,0.0,PowerCons,HYDRA
6,0.1,bottom,global_mean,0,0,0,1.0351349559855132,0.9618875410116364,0.07324741497387677,0.07076115417528968,0.0,PowerCons,HYDRA
6,0.1,random,global_mean,0,0,0,1.0351349559855132,,-0.011140413972614071,-0.010762271282527049,0.0,PowerCons,HYDRA
6,0.2,top,global_mean,0,0,0,1.0351349559855132,1.0499069346806855,-0.014771978695172328,-0.014270568624107444,0.0,PowerCons,HYDRA
6,0.2,bottom,global_mean,0,0,0,1.0351349559855132,1.0076412989747523,0.027493657010760897,0.026560430880391207,0.0,PowerCons,HYDRA
6,0.2,random,global_mean,0,0,0,1.0351349559855132,,0.08464614133529409,0.08177296986530214,0.0,PowerCons,HYDRA
7,0.05,top,global_mean,0,0,0,0.40827301605949917,0.6380711001685705,-0.22979808410907132,-0.562852582015854,0.0,PowerCons,HYDRA
7,0.05,bottom,global_mean,0,0,0,0.40827301605949917,0.3361170365727508,0.07215597948674835,0.17673419480174024,0.0,PowerCons,HYDRA
7,0.05,random,global_mean,0,0,0,0.40827301605949917,,-0.010075173423284034,-0.024677478916061476,0.0,PowerCons,HYDRA
7,0.1,top,global_mean,0,0,0,0.40827301605949917,0.9498950353184971,-0.5416220192589979,-1.0,0.0,PowerCons,HYDRA
7,0.1,bottom,global_mean,0,0,0,0.40827301605949917,0.3945560174631829,0.013716998596316254,0.033597530229102876,0.0,PowerCons,HYDRA
7,0.1,random,global_mean,0,0,0,0.40827301605949917,,0.07419241172532645,0.18172210037122258,0.0,PowerCons,HYDRA
7,0.2,top,global_mean,0,0,0,0.40827301605949917,0.7449502124764672,-0.336677196416968,-0.8246353751983642,0.0,PowerCons,HYDRA
7,0.2,bottom,global_mean,0,0,0,0.40827301605949917,0.07631270308306869,0.33196031297643047,0.8130821456148039,0.0,PowerCons,HYDRA
7,0.2,random,global_mean,0,0,0,0.40827301605949917,,-0.07516541068379493,-0.18410530116332657,0.0,PowerCons,HYDRA
8,0.05,top,global_mean,0,0,0,0.9371865248985135,0.8530756020246709,0.08411092287384259,0.08974823142566993,0.0,PowerCons,HYDRA
8,0.05,bottom,global_mean,0,0,0,0.9371865248985135,0.9040281673696186,0.033158357528894955,0.035380707326941443,0.0,PowerCons,HYDRA
8,0.05,random,global_mean,0,0,0,0.9371865248985135,,0.20730180926038272,0.22119565588843176,0.0,PowerCons,HYDRA
8,0.1,top,global_mean,0,0,0,0.9371865248985135,0.9273019913845996,0.00988453351391394,0.01054701780733191,0.0,PowerCons,HYDRA
8,0.1,bottom,global_mean,0,0,0,0.9371865248985135,0.8425354506266872,0.09465107427182629,0.10099480814373397,0.0,PowerCons,HYDRA
8,0.1,random,global_mean,0,0,0,0.9371865248985135,,0.2845194358169243,0.3035885863373335,0.0,PowerCons,HYDRA
8,0.2,top,global_mean,0,0,0,0.9371865248985135,1.136261908716802,-0.1990753838182885,-0.21241787639015577,0.0,PowerCons,HYDRA
8,0.2,bottom,global_mean,0,0,0,0.9371865248985135,0.757567831576974,0.17961869332153946,0.1916571535040333,0.0,PowerCons,HYDRA
8,0.2,random,global_mean,0,0,0,0.9371865248985135,,0.36554946891382106,0.39004943962885735,0.0,PowerCons,HYDRA
9,0.05,top,global_mean,0,0,0,0.9304032936183237,0.8368413360543415,0.09356195756398222,0.10056053933298355,0.0,PowerCons,HYDRA
9,0.05,bottom,global_mean,0,0,0,0.9304032936183237,0.8693624858800587,0.061040807738265035,0.06560675628535478,0.0,PowerCons,HYDRA
9,0.05,random,global_mean,0,0,0,0.9304032936183237,,0.1160850465060835,0.12476839079775855,0.0,PowerCons,HYDRA
9,0.1,top,global_mean,0,0,0,0.9304032936183237,0.959234143633776,-0.02883085001545227,-0.03098744299999914,0.0,PowerCons,HYDRA
9,0.1,bottom,global_mean,0,0,0,0.9304032936183237,0.744909003240362,0.18549429037796172,0.19936955541829898,0.0,PowerCons,HYDRA
9,0.1,random,global_mean,0,0,0,0.9304032936183237,,0.10671113745083786,0.1146932985829637,0.0,PowerCons,HYDRA
9,0.2,top,global_mean,0,0,0,0.9304032936183237,0.9133424347773904,0.017060858840933335,0.018337037950012028,0.0,PowerCons,HYDRA
9,0.2,bottom,global_mean,0,0,0,0.9304032936183237,0.615441805162143,0.31496148845618077,0.33852110380026496,0.0,PowerCons,HYDRA
9,0.2,random,global_mean,0,0,0,0.9304032936183237,,0.14636149371891266,0.1573095639420533,0.0,PowerCons,HYDRA
10,0.05,top,global_mean,0,0,0,0.5960058859698351,0.5340388458100725,0.06196704015976251,0.10397034265624033,0.0,PowerCons,HYDRA
10,0.05,bottom,global_mean,0,0,0,0.5960058859698351,0.37450083673911405,0.221505049230721,0.37164847327272615,0.0,PowerCons,HYDRA
10,0.05,random,global_mean,0,0,0,0.5960058859698351,,0.037988860635661606,0.06373896263605297,0.0,PowerCons,HYDRA
10,0.1,top,global_mean,0,0,0,0.5960058859698351,0.5743003621745485,0.021705523795286563,0.036418243322754354,0.0,PowerCons,HYDRA
10,0.1,bottom,global_mean,0,0,0,0.5960058859698351,0.46610296782032556,0.1299029181495095,0.2179553981798863,0.0,PowerCons,HYDRA
10,0.1,random,global_mean,0,0,0,0.5960058859698351,,-0.0034170151556462526,-0.005733180666337457,0.0,PowerCons,HYDRA
10,0.2,top,global_mean,0,0,0,0.5960058859698351,0.41562339051844477,0.1803824954513903,0.30265169698143346,0.0,PowerCons,HYDRA
10,0.2,bottom,global_mean,0,0,0,0.5960058859698351,0.42386884830299426,0.1721370376668408,0.2888171961079539,0.0,PowerCons,HYDRA
10,0.2,random,global_mean,0,0,0,0.5960058859698351,,0.07220954648780972,0.12115555740653702,0.0,PowerCons,HYDRA
11,0.05,top,global_mean,0,0,0,0.4151447168554734,0.43765065962653044,-0.022505942771057053,-0.05421215216076083,0.0,PowerCons,HYDRA
11,0.05,bottom,global_mean,0,0,0,0.4151447168554734,0.3566091263387551,0.058535590516718305,0.14100010704698315,0.0,PowerCons,HYDRA
11,0.05,random,global_mean,0,0,0,0.4151447168554734,,0.07650280506553611,0.18427940349477195,0.0,PowerCons,HYDRA
11,0.1,top,global_mean,0,0,0,0.4151447168554734,0.48826672991145936,-0.07312201305598598,-0.1761357761555379,0.0,PowerCons,HYDRA
11,0.1,bottom,global_mean,0,0,0,0.4151447168554734,0.3642301164305064,0.05091460042496698,0.12264272123682327,0.0,PowerCons,HYDRA
11,0.1,random,global_mean,0,0,0,0.4151447168554734,,-0.03797729605443091,-0.09147943604498784,0.0,PowerCons,HYDRA
11,0.2,top,global_mean,0,0,0,0.4151447168554734,0.5726718629898241,-0.1575271461343507,-0.3794502502098351,0.0,PowerCons,HYDRA
11,0.2,bottom,global_mean,0,0,0,0.4151447168554734,0.4145598332138802,0.0005848836415932035,0.0014088634853887264,0.0,PowerCons,HYDRA
11,0.2,random,global_mean,0,0,0,0.4151447168554734,,-0.1171149757659887,-0.28210570652896916,0.0,PowerCons,HYDRA
12,0.05,top,global_mean,0,0,0,1.3495942501559905,1.0883199990627366,0.261274251093254,0.1935945247755244,0.0,PowerCons,HYDRA
12,0.05,bottom,global_mean,0,0,0,1.3495942501559905,1.1755368707323686,0.17405737942362198,0.12897005928518487,0.0,PowerCons,HYDRA
12,0.05,random,global_mean,0,0,0,1.3495942501559905,,0.06481142129515241,0.04802285817741378,0.0,PowerCons,HYDRA
12,0.1,top,global_mean,0,0,0,1.3495942501559905,1.1501616710564613,0.19943257909952927,0.14777214062992458,0.0,PowerCons,HYDRA
12,0.1,bottom,global_mean,0,0,0,1.3495942501559905,1.1874133365115385,0.16218091364445208,0.12017003885106049,0.0,PowerCons,HYDRA
12,0.1,random,global_mean,0,0,0,1.3495942501559905,,0.1727392966858088,0.12799340888747426,0.0,PowerCons,HYDRA
12,0.2,top,global_mean,0,0,0,1.3495942501559905,1.2626719620320923,0.08692228812389824,0.06440619001426649,0.0,PowerCons,HYDRA
12,0.2,bottom,global_mean,0,0,0,1.3495942501559905,1.4967911702897725,-0.14719692013378194,-0.10906745568107805,0.0,PowerCons,HYDRA
12,0.2,random,global_mean,0,0,0,1.3495942501559905,,0.011145213022667421,0.008258189276658478,0.0,PowerCons,HYDRA
13,0.05,top,global_mean,0,0,0,1.3557169516644616,1.3352682745018616,0.020448677162600015,0.015083282726686971,0.0,PowerCons,HYDRA
13,0.05,bottom,global_mean,0,0,0,1.3557169516644616,1.301715962153222,0.05400098951123966,0.03983202364838556,0.0,PowerCons,HYDRA
13,0.05,random,global_mean,0,0,0,1.3557169516644616,,-0.005257548681524993,-0.0038780549265945152,0.0,PowerCons,HYDRA
13,0.1,top,global_mean,0,0,0,1.3557169516644616,1.5041062669733432,-0.14838931530888155,-0.10945441500328212,0.0,PowerCons,HYDRA
13,0.1,bottom,global_mean,0,0,0,1.3557169516644616,1.3580415080140342,-0.0023245563495726262,-0.0017146312378018514,0.0,PowerCons,HYDRA
13,0.1,random,global_mean,0,0,0,1.3557169516644616,,0.014528744457933885,0.010716642381327506,0.0,PowerCons,HYDRA
13,0.2,top,global_mean,0,0,0,1.3557169516644616,1.4805142650619287,-0.12479731339746714,-0.09205256391585667,0.0,PowerCons,HYDRA
13,0.2,bottom,global_mean,0,0,0,1.3557169516644616,1.4321411309396817,-0.07642417927522005,-0.05637173955053959,0.0,PowerCons,HYDRA
13,0.2,random,global_mean,0,0,0,1.3557169516644616,,-0.21624726455287657,-0.1595075615008139,0.0,PowerCons,HYDRA
14,0.05,top,global_mean,0,0,0,0.9457035460322044,0.6634692614074686,0.28223428462473577,0.2984381177069278,0.0,PowerCons,HYDRA
14,0.05,bottom,global_mean,0,0,0,0.9457035460322044,0.7775553418426205,0.16814820418958387,0.17780204705059952,0.0,PowerCons,HYDRA
14,0.05,random,global_mean,0,0,0,0.9457035460322044,,0.1536402821019825,0.16246118594501346,0.0,PowerCons,HYDRA
14,0.1,top,global_mean,0,0,0,0.9457035460322044,0.7279641336321924,0.21773941240001204,0.23024042055582683,0.0,PowerCons,HYDRA
14,0.1,bottom,global_mean,0,0,0,0.9457035460322044,0.6421474496936629,0.3035560963385415,0.32098407225823405,0.0,PowerCons,HYDRA
14,0.1,random,global_mean,0,0,0,0.9457035460322044,,0.189264750513492,0.20013095137119802,0.0,PowerCons,HYDRA
14,0.2,top,global_mean,0,0,0,0.9457035460322044,0.5862795447771109,0.35942400125509355,0.380059504591674,0.0,PowerCons,HYDRA
14,0.2,bottom,global_mean,0,0,0,0.9457035460322044,0.8566397525520176,0.08906379348018678,0.09417718657889783,0.0,PowerCons,HYDRA
14,0.2,random,global_mean,0,0,0,0.9457035460322044,,0.2134421526916927,0.22569644355333818,0.0,PowerCons,HYDRA
15,0.05,top,global_mean,0,0,0,1.0540221277715873,1.2059205965860307,-0.15189846881444335,-0.14411303206940693,0.0,PowerCons,HYDRA
15,0.05,bottom,global_mean,0,0,0,1.0540221277715873,1.0843049885813718,-0.030282860809784484,-0.028730736557753173,0.0,PowerCons,HYDRA
15,0.05,random,global_mean,0,0,0,1.0540221277715873,,0.0106989484068452,0.010150582207304009,0.0,PowerCons,HYDRA
15,0.1,top,global_mean,0,0,0,1.0540221277715873,1.2216568567947585,-0.16763472902317123,-0.1590427426175971,0.0,PowerCons,HYDRA
15,0.1,bottom,global_mean,0,0,0,1.0540221277715873,1.0152620064699833,0.038760121301604,0.0367735017195975,0.0,PowerCons,HYDRA
15,0.1,random,global_mean,0,0,0,1.0540221277715873,,0.02496821146438255,0.023688485391369234,0.0,PowerCons,HYDRA
15,0.2,top,global_mean,0,0,0,1.0540221277715873,1.2375323666863864,-0.18351023891479912,-0.1741045657155322,0.0,PowerCons,HYDRA
15,0.2,bottom,global_mean,0,0,0,1.0540221277715873,0.9200787997220462,0.13394332804954112,0.12707816794563487,0.0,PowerCons,HYDRA
15,0.2,random,global_mean,0,0,0,1.0540221277715873,,-0.01483148246488426,-0.014071306477155718,0.0,PowerCons,HYDRA
16,0.05,top,global_mean,0,0,0,0.7565348303933651,0.6215592616912277,0.13497556870213745,0.1784126584354321,0.0,PowerCons,HYDRA
16,0.05,bottom,global_mean,0,0,0,0.7565348303933651,0.6989085091642385,0.05762632122912659,0.07617130466796722,0.0,PowerCons,HYDRA
16,0.05,random,global_mean,0,0,0,0.7565348303933651,,0.03081873055147897,0.04073664367681646,0.0,PowerCons,HYDRA
16,0.1,top,global_mean,0,0,0,0.7565348303933651,1.2280394013069187,-0.4715045709135536,-0.6232415597135592,0.0,PowerCons,HYDRA
16,0.1,bottom,global_mean,0,0,0,0.7565348303933651,0.6784645711748273,0.07807025921853783,0.10319439751841596,0.0,PowerCons,HYDRA
16,0.1,random,global_mean,0,0,0,0.7565348303933651,,0.03937461366721338,0.05204593369588367,0.0,PowerCons,HYDRA
16,0.2,top,global_mean,0,0,0,0.7565348303933651,1.245070883431985,-0.4885360530386199,-0.6457540190589556,0.0,PowerCons,HYDRA
16,0.2,bottom,global_mean,0,0,0,0.7565348303933651,0.7156805248179415,0.04085430557542358,0.054001811856262176,0.0,PowerCons,HYDRA
16,0.2,random,global_mean,0,0,0,0.7565348303933651,,0.06805787264857169,0.08995988017274026,0.0,PowerCons,HYDRA
17,0.05,top,global_mean,0,0,0,0.37740720200895544,0.3107440965359617,0.06666310547299376,0.17663396057145553,0.0,PowerCons,HYDRA
17,0.05,bottom,global_mean,0,0,0,0.37740720200895544,0.4609794031888983,-0.08357220117994285,-0.2214371620306222,0.0,PowerCons,HYDRA
17,0.05,random,global_mean,0,0,0,0.37740720200895544,,-0.0587813238006865,-0.1557499902964263,0.0,PowerCons,HYDRA
17,0.1,top,global_mean,0,0,0,0.37740720200895544,0.2221694476771554,0.15523775433180004,0.4113258628335704,0.0,PowerCons,HYDRA
17,0.1,bottom,global_mean,0,0,0,0.37740720200895544,0.42410687222052,-0.04669967021156457,-0.12373782541815677,0.0,PowerCons,HYDRA
17,0.1,random,global_mean,0,0,0,0.37740720200895544,,-0.1375308383041342,-0.3204530469547612,0.0,PowerCons,HYDRA
17,0.2,top,global_mean,0,0,0,0.37740720200895544,0.07531586402624227,0.30209133798271315,0.8004365998795778,0.0,PowerCons,HYDRA
17,0.2,bottom,global_mean,0,0,0,0.37740720200895544,0.3317832392855973,0.04562396272335817,0.12088757605293265,0.0,PowerCons,HYDRA
17,0.2,random,global_mean,0,0,0,0.37740720200895544,,0.1861767634556059,0.49330343766929624,0.0,PowerCons,HYDRA
18,0.05,top,global_mean,0,0,0,0.49756412117129745,1.012743511816287,-0.5151793906449896,-1.0,0.0,PowerCons,HYDRA
18,0.05,bottom,global_mean,0,0,0,0.49756412117129745,0.4370453833729627,0.06051873779833472,0.1216297831646038,0.0,PowerCons,HYDRA
18,0.05,random,global_mean,0,0,0,0.49756412117129745,,0.03811799308839765,0.07660905370269053,0.0,PowerCons,HYDRA
18,0.1,top,global_mean,0,0,0,0.49756412117129745,1.0962951911129664,-0.5987310699416689,-1.0,0.0,PowerCons,HYDRA
18,0.1,bottom,global_mean,0,0,0,0.49756412117129745,0.5371057089458449,-0.039541587774547415,-0.07947017604743717,0.0,PowerCons,HYDRA
18,0.1,random,global_mean,0,0,0,0.49756412117129745,,0.14779165144267323,0.29702976586213087,0.0,PowerCons,HYDRA
18,0.2,top,global_mean,0,0,0,0.49756412117129745,1.1960385257812771,-0.6984744046099797,-1.0,0.0,PowerCons,HYDRA
18,0.2,bottom,global_mean,0,0,0,0.49756412117129745,0.14188535468277846,0.355678766488519,0.7148386238392883,0.0,PowerCons,HYDRA
18,0.2,random,global_mean,0,0,0,0.49756412117129745,,0.3464935228347751,0.6927972088768815,0.4,PowerCons,HYDRA
19,0.05,top,global_mean,0,0,0,0.9635614172299692,1.023354852634185,-0.05979343540421567,-0.06205455332733782,0.0,PowerCons,HYDRA
19,0.05,bottom,global_mean,0,0,0,0.9635614172299692,0.8865528121997005,0.07700860503026874,0.07992072298922949,0.0,PowerCons,HYDRA
19,0.05,random,global_mean,0,0,0,0.9635614172299692,,0.03066483872690704,0.0318244445596599,0.0,PowerCons,HYDRA
19,0.1,top,global_mean,0,0,0,0.9635614172299692,1.004990222256347,-0.04142880502637769,-0.04299545549470103,0.0,PowerCons,HYDRA
19,0.1,bottom,global_mean,0,0,0,0.9635614172299692,0.9828409245561199,-0.01927950732615069,-0.020008571298966858,0.0,PowerCons,HYDRA
19,0.1,random,global_mean,0,0,0,0.9635614172299692,,-0.06826850849753037,-0.07085011544326039,0.0,PowerCons,HYDRA
19,0.2,top,global_mean,0,0,0,0.9635614172299692,0.9832308056073137,-0.019669388377344443,-0.020413195892269878,0.0,PowerCons,HYDRA
19,0.2,bottom,global_mean,0,0,0,0.9635614172299692,0.9183943264090569,0.0451670908209123,0.04687510638984633,0.0,PowerCons,HYDRA
19,0.2,random,global_mean,0,0,0,0.9635614172299692,,-0.028008123449004496,-0.029067264297752204,0.0,PowerCons,HYDRA
20,0.05,top,global_mean,0,0,0,1.0627996315225339,1.045937378856622,0.016862252665911903,0.0158658662460104,0.0,PowerCons,HYDRA
20,0.05,bottom,global_mean,0,0,0,1.0627996315225339,1.1160099659620728,-0.05321033443953893,-0.050066148684265954,0.0,PowerCons,HYDRA
20,0.05,random,global_mean,0,0,0,1.0627996315225339,,-0.03380492719953763,-0.03180740225107863,0.0,PowerCons,HYDRA
20,0.1,top,global_mean,0,0,0,1.0627996315225339,0.9987677683115691,0.06403186321096477,0.060248235945470595,0.0,PowerCons,HYDRA
20,0.1,bottom,global_mean,0,0,0,1.0627996315225339,1.1856281128424464,-0.12282848131991253,-0.11557057615213535,0.0,PowerCons,HYDRA
20,0.1,random,global_mean,0,0,0,1.0627996315225339,,-0.021424802319427207,-0.020158815947196724,0.0,PowerCons,HYDRA
20,0.2,top,global_mean,0,0,0,1.0627996315225339,1.265533920205151,-0.20273428868261711,-0.19075476873982145,0.0,PowerCons,HYDRA
20,0.2,bottom,global_mean,0,0,0,1.0627996315225339,1.053499367628708,0.009300263893825766,0.008750713556222214,0.0,PowerCons,HYDRA
20,0.2,random,global_mean,0,0,0,1.0627996315225339,,-0.1185949216908512,-0.11158717653465819,0.0,PowerCons,HYDRA
21,0.05,top,global_mean,0,0,0,1.10700243613224,1.2523219578457505,-0.1453195217135106,-0.13127287320917683,0.0,PowerCons,HYDRA
21,0.05,bottom,global_mean,0,0,0,1.10700243613224,1.0357301787442796,0.07127225738796028,0.06438304982772093,0.0,PowerCons,HYDRA
21,0.05,random,global_mean,0,0,0,1.10700243613224,,-0.03773201487523825,-0.034084821820490614,0.0,PowerCons,HYDRA
21,0.1,top,global_mean,0,0,0,1.10700243613224,1.2269220192990342,-0.1199195831667943,-0.10832810382755578,0.0,PowerCons,HYDRA
21,0.1,bottom,global_mean,0,0,0,1.10700243613224,1.1438090834600905,-0.03680664732785055,-0.03324890070481563,0.0,PowerCons,HYDRA
21,0.1,random,global_mean,0,0,0,1.10700243613224,,-0.026376630047840965,-0.023827053455225303,0.0,PowerCons,HYDRA
21,0.2,top,global_mean,0,0,0,1.10700243613224,1.4487282080889359,-0.34172577195669596,-0.3086944094325957,0.0,PowerCons,HYDRA
21,0.2,bottom,global_mean,0,0,0,1.10700243613224,1.3180054671120771,-0.2110030309798372,-0.1906073857521715,0.0,PowerCons,HYDRA
21,0.2,random,global_mean,0,0,0,1.10700243613224,,-0.12055939832538694,-0.1089060741731837,0.0,PowerCons,HYDRA
22,0.05,top,global_mean,0,0,0,1.0492213805943071,1.0095997771805314,0.03962160341377574,0.037762827162848955,0.0,PowerCons,HYDRA
22,0.05,bottom,global_mean,0,0,0,1.0492213805943071,1.1695338395830375,-0.12031245898873033,-0.11466821639906519,0.0,PowerCons,HYDRA
22,0.05,random,global_mean,0,0,0,1.0492213805943071,,0.014256103091559136,0.013587303659577016,0.0,PowerCons,HYDRA
22,0.1,top,global_mean,0,0,0,1.0492213805943071,0.934166786981951,0.11505459361235615,0.10965701431872452,0.0,PowerCons,HYDRA
22,0.1,bottom,global_mean,0,0,0,1.0492213805943071,1.1219174907872198,-0.07269611019291267,-0.06928570295244339,0.0,PowerCons,HYDRA
22,0.1,random,global_mean,0,0,0,1.0492213805943071,,0.027580137271440087,0.0262862647438172,0.0,PowerCons,HYDRA
22,0.2,top,global_mean,0,0,0,1.0492213805943071,1.1952921898493112,-0.14607080925500404,-0.139218159997946,0.0,PowerCons,HYDRA
22,0.2,bottom,global_mean,0,0,0,1.0492213805943071,1.012086998425246,0.037134382169061064,0.03539228942869783,0.0,PowerCons,HYDRA
22,0.2,random,global_mean,0,0,0,1.0492213805943071,,0.09632141692164227,0.09180267091432351,0.0,PowerCons,HYDRA
23,0.05,top,global_mean,0,0,0,1.2108653178484068,1.2092617675886808,0.0016035502597260276,0.0013242999958702152,0.0,PowerCons,HYDRA
23,0.05,bottom,global_mean,0,0,0,1.2108653178484068,1.207961145467111,0.0029041723812957,0.002398425274935499,0.0,PowerCons,HYDRA
23,0.05,random,global_mean,0,0,0,1.2108653178484068,,-0.08391065758020577,-0.06929803591308656,0.0,PowerCons,HYDRA
23,0.1,top,global_mean,0,0,0,1.2108653178484068,1.3059641752979023,-0.09509885744949553,-0.07853786668909668,0.0,PowerCons,HYDRA
23,0.1,bottom,global_mean,0,0,0,1.2108653178484068,1.1119788513088313,0.09888646653957545,0.08166588258502988,0.0,PowerCons,HYDRA
23,0.1,random,global_mean,0,0,0,1.2108653178484068,,-0.16996046769799364,-0.1403627016399276,0.0,PowerCons,HYDRA
23,0.2,top,global_mean,0,0,0,1.2108653178484068,1.5728149998706873,-0.3619496820222805,-0.2989179537716685,0.0,PowerCons,HYDRA
23,0.2,bottom,global_mean,0,0,0,1.2108653178484068,1.2792745106374102,-0.06840919278900337,-0.05649607374541555,0.0,PowerCons,HYDRA
23,0.2,random,global_mean,0,0,0,1.2108653178484068,,0.041115766202286186,0.03395566099761117,0.0,PowerCons,HYDRA
24,0.05,top,global_mean,0,0,0,1.1621228861625919,1.2448969657051117,-0.08277407954251981,-0.07122655383656658,0.0,PowerCons,HYDRA
24,0.05,bottom,global_mean,0,0,0,1.1621228861625919,1.0179372179821,0.14418566818049183,0.1240708240294434,0.0,PowerCons,HYDRA
24,0.05,random,global_mean,0,0,0,1.1621228861625919,,0.0080686443014101,0.006943015626374642,0.0,PowerCons,HYDRA
24,0.1,top,global_mean,0,0,0,1.1621228861625919,1.3717103843225835,-0.20958749815999167,-0.18034867078764136,0.0,PowerCons,HYDRA
24,0.1,bottom,global_mean,0,0,0,1.1621228861625919,1.0547305531105224,0.10739233305206941,0.09241039989865955,0.0,PowerCons,HYDRA
24,0.1,random,global_mean,0,0,0,1.1621228861625919,,0.1710639837267628,0.14719943868603125,0.0,PowerCons,HYDRA
24,0.2,top,global_mean,0,0,0,1.1621228861625919,1.244300166870225,-0.08217728070763308,-0.0707130123441381,0.0,PowerCons,HYDRA
24,0.2,bottom,global_mean,0,0,0,1.1621228861625919,0.9362757389801154,0.22584714718247645,0.19433999238087976,0.0,PowerCons,HYDRA
24,0.2,random,global_mean,0,0,0,1.1621228861625919,,0.22931256503569722,0.1973219617685531,0.0,PowerCons,HYDRA
25,0.05,top,global_mean,0,0,0,0.769136794017425,0.782243128274387,-0.01310633425696206,-0.017040294156530727,0.0,PowerCons,HYDRA
25,0.05,bottom,global_mean,0,0,0,0.769136794017425,0.5682849866170862,0.2008518074003388,0.2611389129004217,0.0,PowerCons,HYDRA
25,0.05,random,global_mean,0,0,0,0.769136794017425,,0.09853563713676397,0.12811181286786646,0.0,PowerCons,HYDRA
25,0.1,top,global_mean,0,0,0,0.769136794017425,0.7715644551172428,-0.002427661099817846,-0.003156340929675921,0.0,PowerCons,HYDRA
25,0.1,bottom,global_mean,0,0,0,0.769136794017425,0.6654922575343157,0.10364453648310923,0.13475418486685514,0.0,PowerCons,HYDRA
25,0.1,random,global_mean,0,0,0,0.769136794017425,,-0.05172789224428642,-0.0672543888060642,0.0,PowerCons,HYDRA
25,0.2,top,global_mean,0,0,0,0.769136794017425,0.8278822745418193,-0.05874548052439432,-0.07637835636388378,0.0,PowerCons,HYDRA
25,0.2,bottom,global_mean,0,0,0,0.769136794017425,0.7857220798034692,-0.016585285786044235,-0.021563477851497297,0.0,PowerCons,HYDRA
25,0.2,random,global_mean,0,0,0,0.769136794017425,,-0.11608915194625527,-0.15093414060423255,0.0,PowerCons,HYDRA
26,0.05,top,global_mean,0,0,0,0.9901114443774152,0.8724630845116151,0.11764835986580002,0.1188232311732811,0.0,PowerCons,HYDRA
26,0.05,bottom,global_mean,0,0,0,0.9901114443774152,0.9345593955094873,0.05555204886792786,0.05610680805336116,0.0,PowerCons,HYDRA
26,0.05,random,global_mean,0,0,0,0.9901114443774152,,0.061175654984680826,0.06178657316356447,0.0,PowerCons,HYDRA
26,0.1,top,global_mean,0,0,0,0.9901114443774152,0.9400551609553344,0.050056283422080794,0.05055616026880289,0.0,PowerCons,HYDRA
26,0.1,bottom,global_mean,0,0,0,0.9901114443774152,1.0854684831395054,-0.09535703876209023,-0.09630930234600873,0.0,PowerCons,HYDRA
26,0.1,random,global_mean,0,0,0,0.9901114443774152,,0.06732017949241094,0.0679924587098206,0.0,PowerCons,HYDRA
26,0.2,top,global_mean,0,0,0,0.9901114443774152,0.8996865799077821,0.09042486446963305,0.09132787390273879,0.0,PowerCons,HYDRA
26,0.2,bottom,global_mean,0,0,0,0.9901114443774152,1.138286715438265,-0.14817527106084982,-0.14965499312961644,0.0,PowerCons,HYDRA
26,0.2,random,global_mean,0,0,0,0.9901114443774152,,-0.05549332359109369,-0.05604749632854884,0.0,PowerCons,HYDRA
27,0.05,top,global_mean,0,0,0,0.875188895187461,0.9113096466724219,-0.036120751484960856,-0.04127190188504631,0.0,PowerCons,HYDRA
27,0.05,bottom,global_mean,0,0,0,0.875188895187461,0.8514763409589053,0.02371255422855567,0.027094181912916817,0.0,PowerCons,HYDRA
27,0.05,random,global_mean,0,0,0,0.875188895187461,,-0.04902674000005589,-0.056018402714252805,0.0,PowerCons,HYDRA
27,0.1,top,global_mean,0,0,0,0.875188895187461,0.9601260917095825,-0.0849371965221215,-0.09705001964622594,0.0,PowerCons,HYDRA
27,0.1,bottom,global_mean,0,0,0,0.875188895187461,0.6755120906217855,0.1996768045656755,0.22815254799406223,0.0,PowerCons,HYDRA
27,0.1,random,global_mean,0,0,0,0.875188895187461,,-0.0886568914779815,-0.10130017721353109,0.0,PowerCons,HYDRA
27,0.2,top,global_mean,0,0,0,0.875188895187461,1.0943918813586682,-0.21920298617120715,-0.25046334215759547,0.0,PowerCons,HYDRA
27,0.2,bottom,global_mean,0,0,0,0.875188895187461,0.7604481980069182,0.1147406971805428,0.13110377280574745,0.0,PowerCons,HYDRA
27,0.2,random,global_mean,0,0,0,0.875188895187461,,-0.16541893967235582,-0.1890091974118645,0.0,PowerCons,HYDRA
28,0.05,top,global_mean,0,0,0,0.723228586607629,0.6931084393582189,0.030120147249410145,0.04164672990037825,0.0,PowerCons,HYDRA
28,0.05,bottom,global_mean,0,0,0,0.723228586607629,0.7285222724700566,-0.005293685862427622,-0.0073195095450368855,0.0,PowerCons,HYDRA
28,0.05,random,global_mean,0,0,0,0.723228586607629,,0.0007414425935241998,0.0010251828841820521,0.0,PowerCons,HYDRA
28,0.1,top,global_mean,0,0,0,0.723228586607629,0.9029950903319265,-0.17976650372429748,-0.2485607710927699,0.0,PowerCons,HYDRA
28,0.1,bottom,global_mean,0,0,0,0.723228586607629,0.8555690530306888,-0.13234046642305974,-0.18298541552180428,0.0,PowerCons,HYDRA
28,0.1,random,global_mean,0,0,0,0.723228586607629,,-0.07058050369923234,-0.09759073053177528,0.0,PowerCons,HYDRA
28,0.2,top,global_mean,0,0,0,0.723228586607629,0.8383624285689762,-0.11513384196134724,-0.15919404307198284,0.0,PowerCons,HYDRA
28,0.2,bottom,global_mean,0,0,0,0.723228586607629,0.7166352770736186,0.006593309534010383,0.009116482035721012,0.0,PowerCons,HYDRA
28,0.2,random,global_mean,0,0,0,0.723228586607629,,-0.0017589818251378952,-0.0024321209443166638,0.0,PowerCons,HYDRA
30,0.05,top,global_mean,1,1,1,0.9040011484795726,0.9185273171101982,-0.014526168630625613,-0.016068732419560014,0.0,PowerCons,HYDRA
30,0.05,bottom,global_mean,1,1,1,0.9040011484795726,0.9284712834119168,-0.02447013493234418,-0.027068668999847095,0.0,PowerCons,HYDRA
30,0.05,random,global_mean,1,1,1,0.9040011484795726,,0.011024820629046372,0.012195569056543558,0.0,PowerCons,HYDRA
30,0.1,top,global_mean,1,1,1,0.9040011484795726,0.7282238790052644,0.17577726947430816,0.19444342004047807,0.0,PowerCons,HYDRA
30,0.1,bottom,global_mean,1,1,1,0.9040011484795726,0.9171480627603689,-0.013146914280796285,-0.014543012207335877,0.0,PowerCons,HYDRA
30,0.1,random,global_mean,1,1,1,0.9040011484795726,,0.029953952618021938,0.033134824589079834,0.0,PowerCons,HYDRA
30,0.2,top,global_mean,1,1,1,0.9040011484795726,0.3667366143205649,0.5372645341590077,0.5943177624772514,0.0,PowerCons,HYDRA
30,0.2,bottom,global_mean,1,1,1,0.9040011484795726,0.49563831726440066,0.4083628312151719,0.45172772199932393,0.0,PowerCons,HYDRA
30,0.2,random,global_mean,1,1,1,0.9040011484795726,,0.250646342250877,0.27726299397898024,0.0,PowerCons,HYDRA
31,0.05,top,global_mean,1,1,0,1.0150814385125684,-0.033724640982113516,1.0488060794946819,1.0,1.0,PowerCons,HYDRA
31,0.05,bottom,global_mean,1,1,1,1.0150814385125684,1.0601524613147453,-0.0450710228021769,-0.04440134228725389,0.0,PowerCons,HYDRA
31,0.05,random,global_mean,1,1,1,1.0150814385125684,,0.06893551446090178,0.06791124724994271,0.0,PowerCons,HYDRA
31,0.1,top,global_mean,1,1,0,1.0150814385125684,-0.23109123743502247,1.2461726759475908,1.0,1.0,PowerCons,HYDRA
31,0.1,bottom,global_mean,1,1,1,1.0150814385125684,0.9785728170488525,0.03650862146371592,0.03596616400655412,0.0,PowerCons,HYDRA
31,0.1,random,global_mean,1,1,1,1.0150814385125684,,0.2940475283930887,0.23921675168603854,0.2,PowerCons,HYDRA
31,0.2,top,global_mean,1,1,0,1.0150814385125684,-0.4081176810886434,1.4231991196012117,1.0,1.0,PowerCons,HYDRA
31,0.2,bottom,global_mean,1,1,1,1.0150814385125684,1.0607736229985856,-0.045692184486017196,-0.04501327454051059,0.0,PowerCons,HYDRA
31,0.2,random,global_mean,1,1,1,1.0150814385125684,,0.13973359404277136,0.137657384997742,0.0,PowerCons,HYDRA
32,0.05,top,global_mean,1,1,1,0.664926549319934,0.6223086240442152,0.04261792527571884,0.06409408862560598,0.0,PowerCons,HYDRA
32,0.05,bottom,global_mean,1,1,1,0.664926549319934,0.682595557959185,-0.017669008639251027,-0.026572832870772622,0.0,PowerCons,HYDRA
32,0.05,random,global_mean,1,1,1,0.664926549319934,,-0.005920664636398731,-0.008904225193337518,0.0,PowerCons,HYDRA
32,0.1,top,global_mean,1,1,1,0.664926549319934,0.6031520165607961,0.06177453275913791,0.09290415598258617,0.0,PowerCons,HYDRA
32,0.1,bottom,global_mean,1,1,1,0.664926549319934,0.3906213704134987,0.2743051789064353,0.4125339357453088,0.0,PowerCons,HYDRA
32,0.1,random,global_mean,1,1,1,0.664926549319934,,0.14263407122637625,0.21451069574761594,0.0,PowerCons,HYDRA
32,0.2,top,global_mean,1,1,1,0.664926549319934,0.4724848165554044,0.19244173276452958,0.28941759588898464,0.0,PowerCons,HYDRA
32,0.2,bottom,global_mean,1,1,1,0.664926549319934,0.3358821471203622,0.3290444021995718,0.49485752626148155,0.0,PowerCons,HYDRA
32,0.2,random,global_mean,1,1,1,0.664926549319934,,0.23433342873932714,0.3524194913851827,0.0,PowerCons,HYDRA
33,0.05,top,global_mean,1,1,1,0.29903272902173245,0.3548290587445492,-0.05579632972281673,-0.18658875005622427,0.0,PowerCons,HYDRA
33,0.05,bottom,global_mean,1,1,1,0.29903272902173245,0.46146504336265337,-0.16243231434092092,-0.5431906122172462,0.0,PowerCons,HYDRA
33,0.05,random,global_mean,1,1,1,0.29903272902173245,,0.07441395192966124,0.24884802183720614,0.0,PowerCons,HYDRA
33,0.1,top,global_mean,1,1,1,0.29903272902173245,0.2882754413628697,0.010757287658862746,0.035973492669386986,0.0,PowerCons,HYDRA
33,0.1,bottom,global_mean,1,1,1,0.29903272902173245,0.40384012848084216,-0.10480739945910972,-0.350486882539905,0.0,PowerCons,HYDRA
33,0.1,random,global_mean,1,1,1,0.29903272902173245,,-0.004797388093258703,-0.0160429664872689,0.0,PowerCons,HYDRA
33,0.2,top,global_mean,1,1,1,0.29903272902173245,0.3473869486964619,-0.04835421967472947,-0.16170155732236915,0.0,PowerCons,HYDRA
33,0.2,bottom,global_mean,1,1,1,0.29903272902173245,0.31525226412644697,-0.016219535104714522,-0.05423981822310004,0.0,PowerCons,HYDRA
33,0.2,random,global_mean,1,1,1,0.29903272902173245,,0.33999523281439964,0.6318891602640048,0.4,PowerCons,HYDRA
34,0.05,top,global_mean,1,1,1,1.0250146379185663,0.8246469575355589,0.20036768038300734,0.19547768148189543,0.0,PowerCons,HYDRA
34,0.05,bottom,global_mean,1,1,1,1.0250146379185663,1.1641485277542558,-0.13913388983568953,-0.13573830943518075,0.0,PowerCons,HYDRA
34,0.05,random,global_mean,1,1,1,1.0250146379185663,,-0.04213100691118623,-0.04110279429174269,0.0,PowerCons,HYDRA
34,0.1,top,global_mean,1,1,1,1.0250146379185663,0.4684146623018022,0.5565999756167641,0.543016081927312,0.0,PowerCons,HYDRA
34,0.1,bottom,global_mean,1,1,1,1.0250146379185663,1.2721400156492932,-0.24712537773072696,-0.2410942512375213,0.0,PowerCons,HYDRA
34,0.1,random,global_mean,1,1,1,1.0250146379185663,,-0.0158761665009741,-0.015488706624235326,0.0,PowerCons,HYDRA
34,0.2,top,global_mean,1,1,0,1.0250146379185663,-0.055083216046881836,1.0800978539654482,1.0,1.0,PowerCons,HYDRA
34,0.2,bottom,global_mean,1,1,1,1.0250146379185663,1.191279381115996,-0.1662647431974298,-0.162207030845942,0.0,PowerCons,HYDRA
34,0.2,random,global_mean,1,1,1,1.0250146379185663,,-0.0757872977407422,-0.07393769903319586,0.0,PowerCons,HYDRA
35,0.05,top,global_mean,1,1,1,0.6403443392842659,0.4020223219814779,0.23832201730278801,0.37217732789180286,0.0,PowerCons,HYDRA
35,0.05,bottom,global_mean,1,1,1,0.6403443392842659,0.7012715819070591,-0.06092724262279314,-0.09514747572129349,0.0,PowerCons,HYDRA
35,0.05,random,global_mean,1,1,1,0.6403443392842659,,0.07335709918789225,0.11455865247631188,0.0,PowerCons,HYDRA
35,0.1,top,global_mean,1,1,1,0.6403443392842659,0.32537380071236943,0.3149705385718965,0.491876053824252,0.0,PowerCons,HYDRA
35,0.1,bottom,global_mean,1,1,1,0.6403443392842659,0.8320458091591473,-0.19170146987488135,-0.2993720077499933,0.0,PowerCons,HYDRA
35,0.1,random,global_mean,1,1,1,0.6403443392842659,,0.058143249291764086,0.09079983209802481,0.0,PowerCons,HYDRA
35,0.2,top,global_mean,1,1,1,0.6403443392842659,0.2820595371930541,0.35828480209121183,0.5595180914281003,0.0,PowerCons,HYDRA
35,0.2,bottom,global_mean,1,1,1,0.6403443392842659,0.702460630598755,-0.062116291314489036,-0.09700436233973118,0.0,PowerCons,HYDRA
35,0.2,random,global_mean,1,1,1,0.6403443392842659,,0.43092563907604486,0.584907278142855,0.2,PowerCons,HYDRA
36,0.05,top,global_mean,1,1,1,0.8823728230648835,0.8296422560522085,0.05273056701267498,0.059759894994978274,0.0,PowerCons,HYDRA
36,0.05,bottom,global_mean,1,1,1,0.8823728230648835,0.9410672261851062,-0.05869440312022267,-0.06651874929420555,0.0,PowerCons,HYDRA
36,0.05,random,global_mean,1,1,1,0.8823728230648835,,-0.0262601199596592,-0.029760764965177593,0.0,PowerCons,HYDRA
36,0.1,top,global_mean,1,1,1,0.8823728230648835,0.8228368957779996,0.05953592728688395,0.06747245411257638,0.0,PowerCons,HYDRA
36,0.1,bottom,global_mean,1,1,1,0.8823728230648835,0.9151005039417769,-0.03272768087689337,-0.03709049387165105,0.0,PowerCons,HYDRA
36,0.1,random,global_mean,1,1,1,0.8823728230648835,,0.015356295085255378,0.01740338922557337,0.0,PowerCons,HYDRA
36,0.2,top,global_mean,1,1,1,0.8823728230648835,0.3351512876427595,0.547221535422124,0.6201697297879668,0.0,PowerCons,HYDRA
36,0.2,bottom,global_mean,1,1,1,0.8823728230648835,0.747741035611612,0.13463178745327153,0.15257908148910676,0.0,PowerCons,HYDRA
36,0.2,random,global_mean,1,1,1,0.8823728230648835,,0.0706067292670561,0.08001906609355998,0.0,PowerCons,HYDRA
37,0.05,top,global_mean,1,1,1,0.9984158005299887,0.8855551828514635,0.11286061767852518,0.11303958188465527,0.0,PowerCons,HYDRA
37,0.05,bottom,global_mean,1,1,1,0.9984158005299887,0.9181126335497383,0.08030316698025042,0.08043050451236713,0.0,PowerCons,HYDRA
37,0.05,random,global_mean,1,1,1,0.9984158005299887,,0.044751416244823594,0.044822379011519274,0.0,PowerCons,HYDRA
37,0.1,top,global_mean,1,1,1,0.9984158005299887,0.8636235047142082,0.13479229581578045,0.13500603730248606,0.0,PowerCons,HYDRA
37,0.1,bottom,global_mean,1,1,1,0.9984158005299887,0.9817151892459696,0.016700611284019118,0.016727093609756914,0.0,PowerCons,HYDRA
37,0.1,random,global_mean,1,1,1,0.9984158005299887,,0.03998490203976137,0.04004830649738287,0.0,PowerCons,HYDRA
37,0.2,top,global_mean,1,1,1,0.9984158005299887,0.953260842404775,0.04515495812521364,0.04522656079229043,0.0,PowerCons,HYDRA
37,0.2,bottom,global_mean,1,1,1,0.9984158005299887,0.5799445673545865,0.41847123317540214,0.4191348071799928,0.0,PowerCons,HYDRA
37,0.2,random,global_mean,1,1,1,0.9984158005299887,,0.29454116236859545,0.2950082192249213,0.0,PowerCons,HYDRA
38,0.05,top,global_mean,1,1,1,0.96951585530598,1.0148507829083504,-0.045334927602370456,-0.046760329492221905,0.0,PowerCons,HYDRA
38,0.05,bottom,global_mean,1,1,1,0.96951585530598,1.0444057824747073,-0.07488992716872733,-0.07724458503105863,0.0,PowerCons,HYDRA
38,0.05,random,global_mean,1,1,1,0.96951585530598,,0.2763299859202114,0.28501823811304605,0.0,PowerCons,HYDRA
38,0.1,top,global_mean,1,1,1,0.96951585530598,0.3172742034442368,0.6522416518617431,0.6727491619069328,0.0,PowerCons,HYDRA
38,0.1,bottom,global_mean,1,1,1,0.96951585530598,1.198279940337217,-0.22876408503123713,-0.23595679000241732,0.0,PowerCons,HYDRA
38,0.1,random,global_mean,1,1,1,0.96951585530598,,0.15990391423450578,0.16493154642890662,0.0,PowerCons,HYDRA
38,0.2,top,global_mean,1,1,0,0.96951585530598,-0.0988165346309282,1.0683323899369082,1.0,1.0,PowerCons,HYDRA
38,0.2,bottom,global_mean,1,1,1,0.96951585530598,0.9908065082353953,-0.021290652929415343,-0.021960064761015426,0.0,PowerCons,HYDRA
38,0.2,random,global_mean,1,1,1,0.96951585530598,,0.035490660092092764,0.03660654262776266,0.0,PowerCons,HYDRA
39,0.05,top,global_mean,1,1,1,0.9901651022724594,0.8805226839285142,0.10964241834394517,0.11073133900697338,0.0,PowerCons,HYDRA
39,0.05,bottom,global_mean,1,1,1,0.9901651022724594,1.1261729946608683,-0.13600789238840894,-0.1373586634366365,0.0,PowerCons,HYDRA
39,0.05,random,global_mean,1,1,1,0.9901651022724594,,-0.0023013488637488424,-0.0023242048566065655,0.0,PowerCons,HYDRA
39,0.1,top,global_mean,1,1,1,0.9901651022724594,0.7005916679360392,0.28957343433642013,0.29244935134806255,0.0,PowerCons,HYDRA
39,0.1,bottom,global_mean,1,1,1,0.9901651022724594,1.061518110716643,-0.07135300844418357,-0.07206165539339954,0.0,PowerCons,HYDRA
39,0.1,random,global_mean,1,1,1,0.9901651022724594,,0.12050119423326958,0.12169795952084797,0.0,PowerCons,HYDRA
39,0.2,top,global_mean,1,1,1,0.9901651022724594,0.029607212711938648,0.9605578895605207,0.9700977314371932,0.0,PowerCons,HYDRA
39,0.2,bottom,global_mean,1,1,1,0.9901651022724594,1.138717199714083,-0.14855209744162368,-0.15002745206152016,0.0,PowerCons,HYDRA
39,0.2,random,global_mean,1,1,1,0.9901651022724594,,0.26817441287554,0.27083780414222636,0.0,PowerCons,HYDRA
40,0.05,top,global_mean,1,1,1,1.0027772866806939,0.20921168467439155,0.7935656020063023,0.7913669577281052,0.0,PowerCons,HYDRA
40,0.05,bottom,global_mean,1,1,1,1.0027772866806939,0.9925594183088134,0.010217868371880434,0.01018955885622803,0.0,PowerCons,HYDRA
40,0.05,random,global_mean,1,1,1,1.0027772866806939,,0.3328016020536143,0.33187954553266624,0.0,PowerCons,HYDRA
40,0.1,top,global_mean,1,1,1,1.0027772866806939,0.2747994698943552,0.7279778167863387,0.725960889316845,0.0,PowerCons,HYDRA
40,0.1,bottom,global_mean,1,1,1,1.0027772866806939,0.9759603058469576,0.026816980833736292,0.02674268199653928,0.0,PowerCons,HYDRA
40,0.1,random,global_mean,1,1,1,1.0027772866806939,,0.3123058710046598,0.3114405997345898,0.0,PowerCons,HYDRA
40,0.2,top,global_mean,1,1,0,1.0027772866806939,-0.11554816252442081,1.1183254492051147,1.0,1.0,PowerCons,HYDRA
40,0.2,bottom,global_mean,1,1,1,1.0027772866806939,0.6764112929724408,0.32636599370825303,0.3254617676142154,0.0,PowerCons,HYDRA
40,0.2,random,global_mean,1,1,1,1.0027772866806939,,0.1950119699231759,0.19447167186745426,0.0,PowerCons,HYDRA
41,0.05,top,global_mean,1,1,1,0.8953491011351712,0.09411567749347424,0.8012334236416969,0.8948828202798567,0.0,PowerCons,HYDRA
41,0.05,bottom,global_mean,1,1,1,0.8953491011351712,0.9762111792392089,-0.08086207810403767,-0.0903133623389516,0.0,PowerCons,HYDRA
41,0.05,random,global_mean,1,1,1,0.8953491011351712,,0.12532615159394403,0.1399744652232116,0.0,PowerCons,HYDRA
41,0.1,top,global_mean,1,1,0,0.8953491011351712,-0.14425514694264074,1.0396042480778118,1.0,1.0,PowerCons,HYDRA
41,0.1,bottom,global_mean,1,1,1,0.8953491011351712,1.0278013175475509,-0.1324522164123797,-0.1479334354733974,0.0,PowerCons,HYDRA
41,0.1,random,global_mean,1,1,1,0.8953491011351712,,0.22799491924547918,0.2274092237357234,0.2,PowerCons,HYDRA
41,0.2,top,global_mean,1,1,0,0.8953491011351712,-0.07262051397461904,0.9679696151097902,1.0,1.0,PowerCons,HYDRA
41,0.2,bottom,global_mean,1,1,1,0.8953491011351712,0.9307009894187218,-0.035351888283550625,-0.039483871436133945,0.0,PowerCons,HYDRA
41,0.2,random,global_mean,1,1,1,0.8953491011351712,,0.43011137637080343,0.46416197932307623,0.2,PowerCons,HYDRA
42,0.05,top,global_mean,1,1,1,1.027549317208836,0.23483088911293648,0.7927184280958994,0.7714643407917805,0.0,PowerCons,HYDRA
42,0.05,bottom,global_mean,1,1,1,1.027549317208836,1.12570056581092,-0.09815124860208413,-0.09551965189276099,0.0,PowerCons,HYDRA
42,0.05,random,global_mean,1,1,1,1.027549317208836,,0.01066924331110004,0.010383183317077075,0.0,PowerCons,HYDRA
42,0.1,top,global_mean,1,1,1,1.027549317208836,0.1222755987576002,0.9052737184512357,0.88100183834331,0.0,PowerCons,HYDRA
42,0.1,bottom,global_mean,1,1,1,1.027549317208836,1.0675893571480484,-0.04004003993921246,-0.03896650049018948,0.0,PowerCons,HYDRA
42,0.1,random,global_mean,1,1,1,1.027549317208836,,0.02095766694833301,0.020395757363260724,0.0,PowerCons,HYDRA
42,0.2,top,global_mean,1,1,0,1.027549317208836,-0.32340889495678793,1.3509582121656238,1.0,1.0,PowerCons,HYDRA
42,0.2,bottom,global_mean,1,1,1,1.027549317208836,0.9584134819329656,0.0691358352758703,0.06728218960962024,0.0,PowerCons,HYDRA
42,0.2,random,global_mean,1,1,1,1.027549317208836,,0.2050026105689516,0.19950615277488898,0.0,PowerCons,HYDRA
43,0.05,top,global_mean,1,1,1,0.5429012352180836,0.5550026744212014,-0.012101439203117792,-0.022290273309073128,0.0,PowerCons,HYDRA
43,0.05,bottom,global_mean,1,1,1,0.5429012352180836,0.6213761514131427,-0.07847491619505909,-0.1445470493661455,0.0,PowerCons,HYDRA
43,0.05,random,global_mean,1,1,1,0.5429012352180836,,-0.02086779048014592,-0.038437473869974634,0.0,PowerCons,HYDRA
43,0.1,top,global_mean,1,1,1,0.5429012352180836,0.45588780974466775,0.0870134254734159,0.16027457584230176,0.0,PowerCons,HYDRA
43,0.1,bottom,global_mean,1,1,1,0.5429012352180836,0.5565478926011115,-0.013646657383027838,-0.02513649143025904,0.0,PowerCons,HYDRA
43,0.1,random,global_mean,1,1,1,0.5429012352180836,,0.06635628813809973,0.12222511500886421,0.0,PowerCons,HYDRA
43,0.2,top,global_mean,1,1,1,0.5429012352180836,0.5031652383929924,0.03973599682509121,0.07319180921981151,0.0,PowerCons,HYDRA
43,0.2,bottom,global_mean,1,1,1,0.5429012352180836,0.4411500120377534,0.10175122318033025,0.18742089565989134,0.0,PowerCons,HYDRA
43,0.2,random,global_mean,1,1,1,0.5429012352180836,,0.4107690908782694,0.5596828045881329,0.4,PowerCons,HYDRA
44,0.05,top,global_mean,1,1,1,0.5689603522371901,0.47491236024232364,0.09404799199486646,0.165297680809187,0.0,PowerCons,HYDRA
44,0.05,bottom,global_mean,1,1,1,0.5689603522371901,0.6716466526643774,-0.1026863004271873,-0.18048027343758694,0.0,PowerCons,HYDRA
44,0.05,random,global_mean,1,1,1,0.5689603522371901,,0.0888544264881552,0.15616952915830623,0.0,PowerCons,HYDRA
44,0.1,top,global_mean,1,1,1,0.5689603522371901,0.46381259680301656,0.10514775543417354,0.1848064987555416,0.0,PowerCons,HYDRA
44,0.1,bottom,global_mean,1,1,1,0.5689603522371901,0.8758444614401542,-0.30688410920296405,-0.5393760191202396,0.0,PowerCons,HYDRA
44,0.1,random,global_mean,1,1,1,0.5689603522371901,,0.016316365610023975,0.028677458575818982,0.0,PowerCons,HYDRA
44,0.2,top,global_mean,1,1,1,0.5689603522371901,0.5467593264236196,0.02220102581357053,0.03902027040373615,0.0,PowerCons,HYDRA
44,0.2,bottom,global_mean,1,1,1,0.5689603522371901,0.8714470372310679,-0.30248668499387776,-0.5316471563568984,0.0,PowerCons,HYDRA
44,0.2,random,global_mean,1,1,1,0.5689603522371901,,-0.10307798163179276,-0.1811686878669069,0.0,PowerCons,HYDRA
45,0.05,top,global_mean,1,1,1,0.7731126845999368,0.6482190715664272,0.12489361303350954,0.16154624542461468,0.0,PowerCons,HYDRA
45,0.05,bottom,global_mean,1,1,1,0.7731126845999368,0.8294628485921991,-0.056350163992262337,-0.072887293440449,0.0,PowerCons,HYDRA
45,0.05,random,global_mean,1,1,1,0.7731126845999368,,-0.00012109819088277352,-0.0001566369775816867,0.0,PowerCons,HYDRA
45,0.1,top,global_mean,1,1,1,0.7731126845999368,0.7408192458792463,0.03229343872069046,0.041770621014684726,0.0,PowerCons,HYDRA
45,0.1,bottom,global_mean,1,1,1,0.7731126845999368,0.7637980312373983,0.00931465336253845,0.012048232424392416,0.0,PowerCons,HYDRA
45,0.1,random,global_mean,1,1,1,0.7731126845999368,,0.14135365011014858,0.18283682325878742,0.0,PowerCons,HYDRA
45,0.2,top,global_mean,1,1,1,0.7731126845999368,0.6660669019851215,0.10704578261481523,0.13846059738317557,0.0,PowerCons,HYDRA
45,0.2,bottom,global_mean,1,1,1,0.7731126845999368,0.6387137022481972,0.13439898235173953,0.17384116337468142,0.0,PowerCons,HYDRA
45,0.2,random,global_mean,1,1,1,0.7731126845999368,,0.1649195309645219,0.2099155150846764,0.2,PowerCons,HYDRA
46,0.05,top,global_mean,1,1,1,0.5102466777944334,0.11139029151044252,0.3988563862839909,0.7816917227493597,0.0,PowerCons,HYDRA
46,0.05,bottom,global_mean,1,1,1,0.5102466777944334,0.5184256444493214,-0.008178966654887931,-0.01602940495533826,0.0,PowerCons,HYDRA
46,0.05,random,global_mean,1,1,1,0.5102466777944334,,0.00682101892185234,0.013368054806905694,0.0,PowerCons,HYDRA
46,0.1,top,global_mean,1,1,1,0.5102466777944334,0.0759652746616424,0.43428140313279107,0.8511188233329944,0.0,PowerCons,HYDRA
46,0.1,bottom,global_mean,1,1,1,0.5102466777944334,0.5683369134308042,-0.058090235636370724,-0.11384713378308384,0.0,PowerCons,HYDRA
46,0.1,random,global_mean,1,1,1,0.5102466777944334,,-0.010843376033482,-0.02125120114285073,0.0,PowerCons,HYDRA
46,0.2,top,global_mean,1,1,0,0.5102466777944334,-0.03275735706786305,0.5430040348622965,1.0,1.0,PowerCons,HYDRA
46,0.2,bottom,global_mean,1,1,1,0.5102466777944334,0.5405306144116149,-0.03028393661718143,-0.05935144427914888,0.0,PowerCons,HYDRA
46,0.2,random,global_mean,1,1,1,0.5102466777944334,,0.41062936026128777,0.7740029550835468,0.4,PowerCons,HYDRA
47,0.05,top,global_mean,1,1,1,0.9045986610501798,0.7667015663714404,0.13789709467873945,0.15243991415898844,0.0,PowerCons,HYDRA
47,0.05,bottom,global_mean,1,1,1,0.9045986610501798,1.0425892445819944,-0.1379905835318146,-0.15254326247659294,0.0,PowerCons,HYDRA
47,0.05,random,global_mean,1,1,1,0.9045986610501798,,0.2865179272148689,0.31673450649123697,0.0,PowerCons,HYDRA
47,0.1,top,global_mean,1,1,1,0.9045986610501798,0.7105363209867183,0.19406234006346157,0.21452842447250992,0.0,PowerCons,HYDRA
47,0.1,bottom,global_mean,1,1,1,0.9045986610501798,0.9987539468850654,-0.09415528583488553,-0.10408503329039226,0.0,PowerCons,HYDRA
47,0.1,random,global_mean,1,1,1,0.9045986610501798,,0.0006170578206621923,0.0006821335970276947,0.0,PowerCons,HYDRA
47,0.2,top,global_mean,1,1,0,0.9045986610501798,-0.6512794472049838,1.5558781082551636,1.0,1.0,PowerCons,HYDRA
47,0.2,bottom,global_mean,1,1,1,0.9045986610501798,0.9582314564949669,-0.05363279544478705,-0.059288984679170625,0.0,PowerCons,HYDRA
47,0.2,random,global_mean,1,1,1,0.9045986610501798,,0.13311846388616397,0.14715732231385353,0.0,PowerCons,HYDRA
48,0.05,top,global_mean,1,1,1,0.950540225125845,0.8346787454423935,0.11586147968345151,0.12189001026032538,0.0,PowerCons,HYDRA
48,0.05,bottom,global_mean,1,1,1,0.950540225125845,1.0519129243559802,-0.10137269923013514,-0.10664734632284266,0.0,PowerCons,HYDRA
48,0.05,random,global_mean,1,1,1,0.950540225125845,,0.08685472981831303,0.09137397466039843,0.0,PowerCons,HYDRA
48,0.1,top,global_mean,1,1,1,0.950540225125845,0.7669784191702919,0.18356180595555316,0.19311293513992606,0.0,PowerCons,HYDRA
48,0.1,bottom,global_mean,1,1,1,0.950540225125845,1.0091186271513524,-0.05857840202550735,-0.061626366618398876,0.0,PowerCons,HYDRA
48,0.1,random,global_mean,1,1,1,0.950540225125845,,0.1807329904270734,0.19013693004545446,0.0,PowerCons,HYDRA
48,0.2,top,global_mean,1,1,1,0.950540225125845,0.6926160894504925,0.25792413567535255,0.27134450232940205,0.0,PowerCons,HYDRA
48,0.2,bottom,global_mean,1,1,1,0.950540225125845,0.31370790846594887,0.6368323166598961,0.6699681190319589,0.0,PowerCons,HYDRA
48,0.2,random,global_mean,1,1,1,0.950540225125845,,0.4490261673148911,0.4723899978724681,0.0,PowerCons,HYDRA
49,0.05,top,global_mean,1,1,1,0.7226064529265127,0.6784899888546447,0.04411646407186798,0.061051770076822755,0.0,PowerCons,HYDRA
49,0.05,bottom,global_mean,1,1,1,0.7226064529265127,0.636964055040295,0.08564239788621775,0.11851856431783489,0.0,PowerCons,HYDRA
49,0.05,random,global_mean,1,1,1,0.7226064529265127,,0.025200535888605758,0.03487444778841574,0.0,PowerCons,HYDRA
49,0.1,top,global_mean,1,1,1,0.7226064529265127,0.9295318954217011,-0.2069254424951884,-0.28635940808132265,0.0,PowerCons,HYDRA
49,0.1,bottom,global_mean,1,1,1,0.7226064529265127,0.6782805180918979,0.04432593483461478,0.06134165189564217,0.0,PowerCons,HYDRA
49,0.1,random,global_mean,1,1,1,0.7226064529265127,,0.011553695957229038,0.01598889675222326,0.0,PowerCons,HYDRA
49,0.2,top,global_mean,1,1,1,0.7226064529265127,0.8060576531302835,-0.08345120020377084,-0.11548621573967852,0.0,PowerCons,HYDRA
49,0.2,bottom,global_mean,1,1,1,0.7226064529265127,0.0441013760364006,0.6785050768901121,0.9389677260346694,0.0,PowerCons,HYDRA
49,0.2,random,global_mean,1,1,1,0.7226064529265127,,0.36064998672052645,0.4444542885451258,0.2,PowerCons,HYDRA
52,0.05,top,global_mean,1,1,1,0.7231684233327282,0.48306073336563443,0.2401076899670938,0.33202135242465985,0.0,PowerCons,HYDRA
52,0.05,bottom,global_mean,1,1,1,0.7231684233327282,0.624589927702711,0.0985784956300172,0.13631452388531298,0.0,PowerCons,HYDRA
52,0.05,random,global_mean,1,1,1,0.7231684233327282,,-0.03304113388123027,-0.04568934030556783,0.0,PowerCons,HYDRA
52,0.1,top,global_mean,1,1,1,0.7231684233327282,0.6278666686101022,0.09530175472262603,0.13178344057112873,0.0,PowerCons,HYDRA
52,0.1,bottom,global_mean,1,1,1,0.7231684233327282,0.688936932513245,0.03423149081948329,0.0473353680548707,0.0,PowerCons,HYDRA
52,0.1,random,global_mean,1,1,1,0.7231684233327282,,0.19058955022033064,0.24834715302783664,0.2,PowerCons,HYDRA
52,0.2,top,global_mean,1,1,0,0.7231684233327282,-0.4587232515243672,1.1818916748570953,1.0,1.0,PowerCons,HYDRA
52,0.2,bottom,global_mean,1,1,1,0.7231684233327282,0.9602627920966705,-0.2370943687639423,-0.3278545263588334,0.0,PowerCons,HYDRA
52,0.2,random,global_mean,1,1,1,0.7231684233327282,,-0.03806768534927696,-0.05264006486037798,0.0,PowerCons,HYDRA
0,0.05,top,local_mean,0,0,0,0.8213720020932894,0.8829049111082253,-0.06153290901493591,-0.07491469631716378,0.0,PowerCons,HYDRA
0,0.05,bottom,local_mean,0,0,0,0.8213720020932894,0.8752339292367531,-0.05386192714346372,-0.06557547789639452,0.0,PowerCons,HYDRA
0,0.05,random,local_mean,0,0,0,0.8213720020932894,,0.035600172869866095,0.04334227297359199,0.0,PowerCons,HYDRA
0,0.1,top,local_mean,0,0,0,0.8213720020932894,0.8050559218372334,0.01631608025605602,0.019864398043853506,0.0,PowerCons,HYDRA
0,0.1,bottom,local_mean,0,0,0,0.8213720020932894,0.8510298969119221,-0.02965789481863268,-0.03610770593025191,0.0,PowerCons,HYDRA
0,0.1,random,local_mean,0,0,0,0.8213720020932894,,0.0017414769206232528,0.0021202022907802613,0.0,PowerCons,HYDRA
0,0.2,top,local_mean,0,0,0,0.8213720020932894,0.9927079192631839,-0.1713359171698945,-0.20859696719181256,0.0,PowerCons,HYDRA
0,0.2,bottom,local_mean,0,0,0,0.8213720020932894,0.5328324468760784,0.288539555217211,0.3512893100721119,0.0,PowerCons,HYDRA
0,0.2,random,local_mean,0,0,0,0.8213720020932894,,0.024342066648020032,0.04247998430716714,0.0,PowerCons,HYDRA
1,0.05,top,local_mean,0,0,0,1.5843516310383299,1.8070622358814328,-0.2227106048431029,-0.1405688358008697,0.0,PowerCons,HYDRA
1,0.05,bottom,local_mean,0,0,0,1.5843516310383299,1.5677063499640642,0.01664528107426566,0.010506045654342065,0.0,PowerCons,HYDRA
1,0.05,random,local_mean,0,0,0,1.5843516310383299,,0.024236676396359246,0.015297526523798788,0.0,PowerCons,HYDRA
1,0.1,top,local_mean,0,0,0,1.5843516310383299,1.8077298409928753,-0.22337820995454538,-0.14099020986770544,0.0,PowerCons,HYDRA
1,0.1,bottom,local_mean,0,0,0,1.5843516310383299,1.6789590468027267,-0.0946074157643968,-0.059713610411587716,0.0,PowerCons,HYDRA
1,0.1,random,local_mean,0,0,0,1.5843516310383299,,-0.08619108305058965,-0.054401451647858846,0.0,PowerCons,HYDRA
1,0.2,top,local_mean,0,0,0,1.5843516310383299,1.735357872398484,-0.15100624136015406,-0.09531100488733357,0.0,PowerCons,HYDRA
1,0.2,bottom,local_mean,0,0,0,1.5843516310383299,1.451654622858459,0.13269700817987085,0.08375471822387534,0.0,PowerCons,HYDRA
1,0.2,random,local_mean,0,0,0,1.5843516310383299,,-0.011277586421303321,-0.007118103760721743,0.0,PowerCons,HYDRA
2,0.05,top,local_mean,0,0,0,0.36061805925594825,0.31067526216680313,0.04994279708914512,0.13849184009350538,0.0,PowerCons,HYDRA
2,0.05,bottom,local_mean,0,0,0,0.36061805925594825,0.41246951676368854,-0.051851457507740284,-0.14378457315795634,0.0,PowerCons,HYDRA
2,0.05,random,local_mean,0,0,0,0.36061805925594825,,0.0040060123085822515,0.011108709331247515,0.0,PowerCons,HYDRA
2,0.1,top,local_mean,0,0,0,0.36061805925594825,0.28704648348051665,0.07357157577543161,0.20401466280575709,0.0,PowerCons,HYDRA
2,0.1,bottom,local_mean,0,0,0,0.36061805925594825,0.34877022979138095,0.011847829464567305,0.0328541411233574,0.0,PowerCons,HYDRA
2,0.1,random,local_mean,0,0,0,0.36061805925594825,,-0.11130233421846121,-0.2913376299079987,0.0,PowerCons,HYDRA
2,0.2,top,local_mean,0,0,0,0.36061805925594825,0.5799233123115171,-0.2193052530555688,-0.6081355031762689,0.0,PowerCons,HYDRA
2,0.2,bottom,local_mean,0,0,0,0.36061805925594825,0.8223321661230847,-0.46171410686713643,-1.0,0.0,PowerCons,HYDRA
2,0.2,random,local_mean,0,0,0,0.36061805925594825,,-0.03726564874479663,-0.10333799001551788,0.0,PowerCons,HYDRA
3,0.05,top,local_mean,0,0,0,1.2356636136601362,1.256711967463107,-0.021048353802970876,-0.017034034616095376,0.0,PowerCons,HYDRA
3,0.05,bottom,local_mean,0,0,0,1.2356636136601362,1.192264487789309,0.04339912587082728,0.03512209169952326,0.0,PowerCons,HYDRA
3,0.05,random,local_mean,0,0,0,1.2356636136601362,,-0.026915329766091834,-0.021782067292812166,0.0,PowerCons,HYDRA
3,0.1,top,local_mean,0,0,0,1.2356636136601362,1.3133393321344669,-0.07767571847433064,-0.06286148977289964,0.0,PowerCons,HYDRA
3,0.1,bottom,local_mean,0,0,0,1.2356636136601362,1.280660494628747,-0.044996880968610764,-0.03641512467960578,0.0,PowerCons,HYDRA
3,0.1,random,local_mean,0,0,0,1.2356636136601362,,0.052714614484647315,0.04266094043795789,0.0,PowerCons,HYDRA
3,0.2,top,local_mean,0,0,0,1.2356636136601362,1.7198266346596636,-0.48416302099952735,-0.39182397524956086,0.0,PowerCons,HYDRA
3,0.2,bottom,local_mean,0,0,0,1.2356636136601362,1.2921646551657904,-0.05650104150565416,-0.045725224208123603,0.0,PowerCons,HYDRA
3,0.2,random,local_mean,0,0,0,1.2356636136601362,,0.07135585603879524,0.05774694464012655,0.0,PowerCons,HYDRA
4,0.05,top,local_mean,0,0,0,0.8844983841540875,0.8955375006249097,-0.011039116470822119,-0.012480637825858574,0.0,PowerCons,HYDRA
4,0.05,bottom,local_mean,0,0,0,0.8844983841540875,0.9605498668571498,-0.07605148270306228,-0.08598251628608646,0.0,PowerCons,HYDRA
4,0.05,random,local_mean,0,0,0,0.8844983841540875,,-0.018215951484833924,-0.020594645752359902,0.0,PowerCons,HYDRA
4,0.1,top,local_mean,0,0,0,0.8844983841540875,1.038876367842762,-0.1543779836886744,-0.1745371296513875,0.0,PowerCons,HYDRA
4,0.1,bottom,local_mean,0,0,0,0.8844983841540875,0.8502831074004757,0.0342152767536118,0.03868321150538099,0.0,PowerCons,HYDRA
4,0.1,random,local_mean,0,0,0,0.8844983841540875,,0.01759231583628764,0.01988957386681787,0.0,PowerCons,HYDRA
4,0.2,top,local_mean,0,0,0,0.8844983841540875,1.6704637507664064,-0.7859653666123189,-0.8885991111955334,0.0,PowerCons,HYDRA
4,0.2,bottom,local_mean,0,0,0,0.8844983841540875,0.8767465091111483,0.007751875042939282,0.00876413842882771,0.0,PowerCons,HYDRA
4,0.2,random,local_mean,0,0,0,0.8844983841540875,,0.12620319669057153,0.14268319339901975,0.0,PowerCons,HYDRA
5,0.05,top,local_mean,0,0,0,0.11749159240788219,0.28501089411803116,-0.16751930171014895,-1.0,0.0,PowerCons,HYDRA
5,0.05,bottom,local_mean,0,0,0,0.11749159240788219,0.1394381786565259,-0.02194658624864372,-0.1867912333779725,0.0,PowerCons,HYDRA
5,0.05,random,local_mean,0,0,0,0.11749159240788219,,0.01387633035040696,0.06614637351540682,0.2,PowerCons,HYDRA
5,0.1,top,local_mean,0,0,0,0.11749159240788219,0.48829556950963127,-0.37080397710174906,-1.0,0.0,PowerCons,HYDRA
5,0.1,bottom,local_mean,0,0,0,0.11749159240788219,0.11454811761621049,0.002943474791671702,0.025052428679531235,0.0,PowerCons,HYDRA
5,0.1,random,local_mean,0,0,0,0.11749159240788219,,-0.07011133794681153,-0.07410791323093492,0.2,PowerCons,HYDRA
5,0.2,top,local_mean,0,0,0,0.11749159240788219,0.8011485938825026,-0.6836570014746204,-1.0,0.0,PowerCons,HYDRA
5,0.2,bottom,local_mean,0,0,0,0.11749159240788219,0.06121797233593758,0.05627362007194461,0.4789546210418743,0.0,PowerCons,HYDRA
5,0.2,random,local_mean,0,0,1,0.11749159240788219,,0.21349811940178878,0.8511726989356868,0.8,PowerCons,HYDRA
6,0.05,top,local_mean,0,0,0,1.0351349641787175,1.0531884984306275,-0.01805353425190992,-0.017440737136626968,0.0,PowerCons,HYDRA
6,0.05,bottom,local_mean,0,0,0,1.0351349641787175,0.9516597634852842,0.08347520069343328,0.08064177420370373,0.0,PowerCons,HYDRA
6,0.05,random,local_mean,0,0,0,1.0351349641787175,,0.05453977896270705,0.052688517112801904,0.0,PowerCons,HYDRA
6,0.1,top,local_mean,0,0,0,1.0351349641787175,0.8363886983409988,0.1987462658377187,0.19200015526018854,0.0,PowerCons,HYDRA
6,0.1,bottom,local_mean,0,0,0,1.0351349641787175,1.1042701677087075,-0.06913520352998992,-0.06678852433152796,0.0,PowerCons,HYDRA
6,0.1,random,local_mean,0,0,0,1.0351349641787175,,-0.021012498958513183,-0.020299264720441447,0.0,PowerCons,HYDRA
6,0.2,top,local_mean,0,0,0,1.0351349641787175,1.0948940151552797,-0.0597590509765622,-0.05773062964146489,0.0,PowerCons,HYDRA
6,0.2,bottom,local_mean,0,0,0,1.0351349641787175,1.0661899631074343,-0.03105499892871677,-0.03000088877537549,0.0,PowerCons,HYDRA
6,0.2,random,local_mean,0,0,0,1.0351349641787175,,0.09782613426563343,0.09450558926647787,0.0,PowerCons,HYDRA
7,0.05,top,local_mean,0,0,0,0.40827302382516745,0.4378351410822098,-0.02956211725704233,-0.07240753888790517,0.0,PowerCons,HYDRA
7,0.05,bottom,local_mean,0,0,0,0.40827302382516745,0.48855059875207574,-0.08027757492690829,-0.19662670226917264,0.0,PowerCons,HYDRA
7,0.05,random,local_mean,0,0,0,0.40827302382516745,,-0.017369684399200357,-0.04254418205807399,0.0,PowerCons,HYDRA
7,0.1,top,local_mean,0,0,0,0.40827302382516745,0.8624048233683007,-0.45413179954313326,-1.0,0.0,PowerCons,HYDRA
7,0.1,bottom,local_mean,0,0,0,0.40827302382516745,0.40189905929649117,0.006373964528676279,0.01561197665469347,0.0,PowerCons,HYDRA
7,0.1,random,local_mean,0,0,0,0.40827302382516745,,0.043858540019590955,0.10742427257231583,0.0,PowerCons,HYDRA
7,0.2,top,local_mean,0,0,0,0.40827302382516745,0.9903074653828653,-0.5820344415576979,-1.0,0.0,PowerCons,HYDRA
7,0.2,bottom,local_mean,0,0,0,0.40827302382516745,0.30672564262749524,0.1015473811976722,0.24872359070572952,0.0,PowerCons,HYDRA
7,0.2,random,local_mean,0,0,0,0.40827302382516745,,-0.0920786759710027,-0.2255315562530938,0.0,PowerCons,HYDRA
8,0.05,top,local_mean,0,0,0,0.9371865248932799,0.86334555632654,0.07384096856673994,0.07878996103277026,0.0,PowerCons,HYDRA
8,0.05,bottom,local_mean,0,0,0,0.9371865248932799,0.9052605220211534,0.031926002872126547,0.034065757411529826,0.0,PowerCons,HYDRA
8,0.05,random,local_mean,0,0,0,0.9371865248932799,,0.1766092514171227,0.18844601184510396,0.0,PowerCons,HYDRA
8,0.1,top,local_mean,0,0,0,0.9371865248932799,0.8842555889092167,0.05293093598406318,0.05647848971324129,0.0,PowerCons,HYDRA
8,0.1,bottom,local_mean,0,0,0,0.9371865248932799,0.8326272636848767,0.1045592612084032,0.11156706468143571,0.0,PowerCons,HYDRA
8,0.1,random,local_mean,0,0,0,0.9371865248932799,,0.17802967892620983,0.18996163969050117,0.0,PowerCons,HYDRA
8,0.2,top,local_mean,0,0,0,0.9371865248932799,1.2126064936541645,-0.2754199687608846,-0.2938792519589368,0.0,PowerCons,HYDRA
8,0.2,bottom,local_mean,0,0,0,0.9371865248932799,0.7569245530140031,0.18026197187927684,0.19234354607932255,0.0,PowerCons,HYDRA
8,0.2,random,local_mean,0,0,0,0.9371865248932799,,0.4165096385427911,0.44442507767078965,0.0,PowerCons,HYDRA
9,0.05,top,local_mean,0,0,0,0.9304032992429841,0.6846242154145542,0.24577908382842995,0.26416374475956966,0.0,PowerCons,HYDRA
9,0.05,bottom,local_mean,0,0,0,0.9304032992429841,0.9000913620746636,0.03031193716832059,0.03257931760739245,0.0,PowerCons,HYDRA
9,0.05,random,local_mean,0,0,0,0.9304032992429841,,0.13878712871855514,0.14916862360962663,0.0,PowerCons,HYDRA
9,0.1,top,local_mean,0,0,0,0.9304032992429841,0.7701170505124714,0.16028624873051278,0.17227591151602414,0.0,PowerCons,HYDRA
9,0.1,bottom,local_mean,0,0,0,0.9304032992429841,0.7489613264236601,0.18144197281932406,0.1950141169456685,0.0,PowerCons,HYDRA
9,0.1,random,local_mean,0,0,0,0.9304032992429841,,0.20255630526766327,0.217707834575218,0.0,PowerCons,HYDRA
9,0.2,top,local_mean,0,0,0,0.9304032992429841,0.8200520135918741,0.11035128565111008,0.11860573488417507,0.0,PowerCons,HYDRA
9,0.2,bottom,local_mean,0,0,0,0.9304032992429841,1.0110026808150452,-0.08059938157206104,-0.08662834171944396,0.0,PowerCons,HYDRA
9,0.2,random,local_mean,0,0,0,0.9304032992429841,,0.18485120998243543,0.19867837039536265,0.0,PowerCons,HYDRA
10,0.05,top,local_mean,0,0,0,0.596005884737739,0.5531133963649099,0.04289248837282911,0.07196643104500898,0.0,PowerCons,HYDRA
10,0.05,bottom,local_mean,0,0,0,0.596005884737739,0.47110463946692316,0.12490124527081581,0.20956342698251904,0.0,PowerCons,HYDRA
10,0.05,random,local_mean,0,0,0,0.596005884737739,,0.07428830434717745,0.12464336612464896,0.0,PowerCons,HYDRA
10,0.1,top,local_mean,0,0,0,0.596005884737739,0.40759204115528935,0.1884138435824496,0.31612695827390885,0.0,PowerCons,HYDRA
10,0.1,bottom,local_mean,0,0,0,0.596005884737739,0.5264451431307782,0.0695607416069608,0.11671130550374367,0.0,PowerCons,HYDRA
10,0.1,random,local_mean,0,0,0,0.596005884737739,,-0.02692860654012952,-0.045181703818704906,0.0,PowerCons,HYDRA
10,0.2,top,local_mean,0,0,0,0.596005884737739,0.41854527822341786,0.1774606065143211,0.2977492560214453,0.0,PowerCons,HYDRA
10,0.2,bottom,local_mean,0,0,0,0.596005884737739,0.4692470495482659,0.12675883518947306,0.2126801525879198,0.0,PowerCons,HYDRA
10,0.2,random,local_mean,0,0,0,0.596005884737739,,0.02390067031102914,0.04010133259038804,0.0,PowerCons,HYDRA
11,0.05,top,local_mean,0,0,0,0.4151447173334702,0.43404605344223235,-0.018901336108762157,-0.045529401652431016,0.0,PowerCons,HYDRA
11,0.05,bottom,local_mean,0,0,0,0.4151447173334702,0.30420258654969745,0.11094213078377274,0.26723660187648596,0.0,PowerCons,HYDRA
11,0.05,random,local_mean,0,0,0,0.4151447173334702,,0.08287076736456148,0.19961850479116144,0.0,PowerCons,HYDRA
11,0.1,top,local_mean,0,0,0,0.4151447173334702,0.506443397903714,-0.09129868057024376,-0.21991960113828452,0.0,PowerCons,HYDRA
11,0.1,bottom,local_mean,0,0,0,0.4151447173334702,0.18872036509446866,0.22642435223900154,0.545409341311171,0.0,PowerCons,HYDRA
11,0.1,random,local_mean,0,0,0,0.4151447173334702,,0.05129581743869597,0.12356099387987199,0.0,PowerCons,HYDRA
11,0.2,top,local_mean,0,0,0,0.4151447173334702,0.6239854226246072,-0.20884070529113702,-0.5030539797749702,0.0,PowerCons,HYDRA
11,0.2,bottom,local_mean,0,0,0,0.4151447173334702,0.14774638445086918,0.267398332882601,0.644107169405798,0.0,PowerCons,HYDRA
11,0.2,random,local_mean,0,0,0,0.4151447173334702,,-0.10383714949236159,-0.25012217435198375,0.0,PowerCons,HYDRA
12,0.05,top,local_mean,0,0,0,1.349594249847843,1.182295118516536,0.16729913133130703,0.12396244826007559,0.0,PowerCons,HYDRA
12,0.05,bottom,local_mean,0,0,0,1.349594249847843,1.3366859115044956,0.01290833834334748,0.00956459971595395,0.0,PowerCons,HYDRA
12,0.05,random,local_mean,0,0,0,1.349594249847843,,0.07454765907116716,0.05523704909273493,0.0,PowerCons,HYDRA
12,0.1,top,local_mean,0,0,0,1.349594249847843,1.218349318871618,0.13124493097622514,0.09724762367904159,0.0,PowerCons,HYDRA
12,0.1,bottom,local_mean,0,0,0,1.349594249847843,1.3204441022695321,0.029150147578310914,0.021599177665746365,0.0,PowerCons,HYDRA
12,0.1,random,local_mean,0,0,0,1.349594249847843,,0.13405160749166686,0.09932726682816957,0.0,PowerCons,HYDRA
12,0.2,top,local_mean,0,0,0,1.349594249847843,1.2023125325876287,0.14728171726021433,0.10913028723005602,0.0,PowerCons,HYDRA
12,0.2,bottom,local_mean,0,0,0,1.349594249847843,1.2154476310479296,0.1341466187999134,0.09939766668194591,0.0,PowerCons,HYDRA
12,0.2,random,local_mean,0,0,0,1.349594249847843,,0.0952583839245432,0.07058292768538041,0.0,PowerCons,HYDRA
13,0.05,top,local_mean,0,0,0,1.3557169584654385,1.3268054819994042,0.028911476466034314,0.021325583455986476,0.0,PowerCons,HYDRA
13,0.05,bottom,local_mean,0,0,0,1.3557169584654385,1.349037573014043,0.00667938545139557,0.004926825236538201,0.0,PowerCons,HYDRA
13,0.05,random,local_mean,0,0,0,1.3557169584654385,,0.012874702234314705,0.009496593413048694,0.0,PowerCons,HYDRA
13,0.1,top,local_mean,0,0,0,1.3557169584654385,1.4786750460086016,-0.12295808754316306,-0.09069592002922314,0.0,PowerCons,HYDRA
13,0.1,bottom,local_mean,0,0,0,1.3557169584654385,1.4322384294213442,-0.07652147095590567,-0.056443503221364495,0.0,PowerCons,HYDRA
13,0.1,random,local_mean,0,0,0,1.3557169584654385,,-0.045867716027861286,-0.033832786341327054,0.0,PowerCons,HYDRA
13,0.2,top,local_mean,0,0,0,1.3557169584654385,1.4891330742497983,-0.13341611578435986,-0.09840993471486943,0.0,PowerCons,HYDRA
13,0.2,bottom,local_mean,0,0,0,1.3557169584654385,1.3039747995797415,0.051742158885697,0.038165872601012736,0.0,PowerCons,HYDRA
13,0.2,random,local_mean,0,0,0,1.3557169584654385,,-0.22517126181824212,-0.16609004875403252,0.0,PowerCons,HYDRA
14,0.05,top,local_mean,0,0,0,0.9457035400053027,0.6924437141939973,0.25325982581130535,0.2678001586096703,0.0,PowerCons,HYDRA
14,0.05,bottom,local_mean,0,0,0,0.9457035400053027,0.8600842166823112,0.08561932332299149,0.09053496065749184,0.0,PowerCons,HYDRA
14,0.05,random,local_mean,0,0,0,0.9457035400053027,,0.11529716396198327,0.12191668653862735,0.0,PowerCons,HYDRA
14,0.1,top,local_mean,0,0,0,0.9457035400053027,0.7196101567807026,0.22609338322460004,0.23907401694754718,0.0,PowerCons,HYDRA
14,0.1,bottom,local_mean,0,0,0,0.9457035400053027,0.7049778856147799,0.24072565439052274,0.2545463664467265,0.0,PowerCons,HYDRA
14,0.1,random,local_mean,0,0,0,0.9457035400053027,,0.1603599132794379,0.16956661039032206,0.0,PowerCons,HYDRA
14,0.2,top,local_mean,0,0,0,0.9457035400053027,0.4676509835589492,0.47805255644635347,0.5054988489784272,0.0,PowerCons,HYDRA
14,0.2,bottom,local_mean,0,0,0,0.9457035400053027,0.3143479031088727,0.6313556368964299,0.6676034746464153,0.0,PowerCons,HYDRA
14,0.2,random,local_mean,0,0,0,0.9457035400053027,,0.35785409337418406,0.37839946646780137,0.0,PowerCons,HYDRA
15,0.05,top,local_mean,0,0,0,1.0540221308238118,1.1435891339775297,-0.0895670031537179,-0.08497631649099903,0.0,PowerCons,HYDRA
15,0.05,bottom,local_mean,0,0,0,1.0540221308238118,1.09906049220143,-0.045038361377618186,-0.04272995540659221,0.0,PowerCons,HYDRA
15,0.05,random,local_mean,0,0,0,1.0540221308238118,,0.0023474938444595582,0.002227174884316614,0.0,PowerCons,HYDRA
15,0.1,top,local_mean,0,0,0,1.0540221308238118,1.0946913144750634,-0.040669183651251606,-0.038584716465818986,0.0,PowerCons,HYDRA
15,0.1,bottom,local_mean,0,0,0,1.0540221308238118,1.0503488701555772,0.0036732606682345903,0.0034849905669182175,0.0,PowerCons,HYDRA
15,0.1,random,local_mean,0,0,0,1.0540221308238118,,0.03600479129249976,0.03415939388764538,0.0,PowerCons,HYDRA
15,0.2,top,local_mean,0,0,0,1.0540221308238118,1.2676129218232182,-0.21359079099940637,-0.20264336213614817,0.0,PowerCons,HYDRA
15,0.2,bottom,local_mean,0,0,0,1.0540221308238118,0.8509761018096748,0.20304602901413704,0.19263906367542308,0.0,PowerCons,HYDRA
15,0.2,random,local_mean,0,0,0,1.0540221308238118,,-0.006776761238996643,-0.006429423644336921,0.0,PowerCons,HYDRA
16,0.05,top,local_mean,0,0,0,0.7565348366241488,0.6493330758278624,0.1072017607962864,0.14170083637365724,0.0,PowerCons,HYDRA
16,0.05,bottom,local_mean,0,0,0,0.7565348366241488,0.7256733466818452,0.030861489942303533,0.04079316332193222,0.0,PowerCons,HYDRA
16,0.05,random,local_mean,0,0,0,0.7565348366241488,,0.0364364115217954,0.04816217521748042,0.0,PowerCons,HYDRA
16,0.1,top,local_mean,0,0,0,0.7565348366241488,1.181046763384444,-0.42451192676029514,-0.5611259985443294,0.0,PowerCons,HYDRA
16,0.1,bottom,local_mean,0,0,0,0.7565348366241488,0.6859788059384121,0.07055603068573668,0.09326198082112706,0.0,PowerCons,HYDRA
16,0.1,random,local_mean,0,0,0,0.7565348366241488,,0.08711330573186445,0.11514762621237573,0.0,PowerCons,HYDRA
16,0.2,top,local_mean,0,0,0,0.7565348366241488,1.2496975058572775,-0.4931626692331287,-0.6518695418762226,0.0,PowerCons,HYDRA
16,0.2,bottom,local_mean,0,0,0,0.7565348366241488,0.5591735289738583,0.19736130765029047,0.2608750281162697,0.0,PowerCons,HYDRA
16,0.2,random,local_mean,0,0,0,0.7565348366241488,,0.09291755478676844,0.12281976647846544,0.0,PowerCons,HYDRA
17,0.05,top,local_mean,0,0,0,0.37740719763306496,0.39585619507552133,-0.018448997442456372,-0.04888340411830007,0.0,PowerCons,HYDRA
17,0.05,bottom,local_mean,0,0,0,0.37740719763306496,0.3950995577009559,-0.017692360067890933,-0.04687857915871856,0.0,PowerCons,HYDRA
17,0.05,random,local_mean,0,0,0,0.37740719763306496,,0.016219627382258895,0.04297635155775928,0.0,PowerCons,HYDRA
17,0.1,top,local_mean,0,0,0,0.37740719763306496,0.21716645623938274,0.16024074139368222,0.42458203716464116,0.0,PowerCons,HYDRA
17,0.1,bottom,local_mean,0,0,0,0.37740719763306496,0.41462410627175184,-0.037216908638686874,-0.0986118183762161,0.0,PowerCons,HYDRA
17,0.1,random,local_mean,0,0,0,0.37740719763306496,,-0.052407154523855325,-0.09205728939976346,0.0,PowerCons,HYDRA
17,0.2,top,local_mean,0,0,0,0.37740719763306496,0.06804659461389889,0.30936060301916607,0.8196976243741846,0.0,PowerCons,HYDRA
17,0.2,bottom,local_mean,0,0,0,0.37740719763306496,0.27865348366346093,0.09875371396960403,0.26166287481020034,0.0,PowerCons,HYDRA
17,0.2,random,local_mean,0,0,0,0.37740719763306496,,0.18460853358809132,0.48914818158660395,0.0,PowerCons,HYDRA
18,0.05,top,local_mean,0,0,0,0.4975641233010465,0.9248789160179005,-0.427314792716854,-0.8588117870518666,0.0,PowerCons,HYDRA
18,0.05,bottom,local_mean,0,0,0,0.4975641233010465,0.44652296273036396,0.05104116057068253,0.10258186954916577,0.0,PowerCons,HYDRA
18,0.05,random,local_mean,0,0,0,0.4975641233010465,,0.001814495200213928,0.0036467491695877734,0.0,PowerCons,HYDRA
18,0.1,top,local_mean,0,0,0,0.4975641233010465,1.0786176614269039,-0.5810535381258574,-1.0,0.0,PowerCons,HYDRA
18,0.1,bottom,local_mean,0,0,0,0.4975641233010465,0.5218779284867189,-0.024313805185672388,-0.04886557366473932,0.0,PowerCons,HYDRA
18,0.1,random,local_mean,0,0,0,0.4975641233010465,,0.07482369800909186,0.150379708112742,0.0,PowerCons,HYDRA
18,0.2,top,local_mean,0,0,0,0.4975641233010465,1.342446901839819,-0.8448827785387726,-1.0,0.0,PowerCons,HYDRA
18,0.2,bottom,local_mean,0,0,0,0.4975641233010465,0.31833256496076623,0.17923155834028026,0.3602172860332056,0.0,PowerCons,HYDRA
18,0.2,random,local_mean,0,0,0,0.4975641233010465,,0.27153031056570043,0.5457181338681045,0.0,PowerCons,HYDRA
19,0.05,top,local_mean,0,0,0,0.9635614155203042,0.9851355075745843,-0.02157409205428018,-0.022389926907465156,0.0,PowerCons,HYDRA
19,0.05,bottom,local_mean,0,0,0,0.9635614155203042,0.8951035552775091,0.0684578602427951,0.0710466277431849,0.0,PowerCons,HYDRA
19,0.05,random,local_mean,0,0,0,0.9635614155203042,,0.030648189889629696,0.0318071661949167,0.0,PowerCons,HYDRA
19,0.1,top,local_mean,0,0,0,0.9635614155203042,0.9586888886843777,0.004872526835926427,0.005056783823697982,0.0,PowerCons,HYDRA
19,0.1,bottom,local_mean,0,0,0,0.9635614155203042,1.0289159265055878,-0.06535451098528366,-0.06782592381417613,0.0,PowerCons,HYDRA
19,0.1,random,local_mean,0,0,0,0.9635614155203042,,-0.08229843675464132,-0.08541059243183727,0.0,PowerCons,HYDRA
19,0.2,top,local_mean,0,0,0,0.9635614155203042,1.021824861610106,-0.05826344608980183,-0.0604667068280582,0.0,PowerCons,HYDRA
19,0.2,bottom,local_mean,0,0,0,0.9635614155203042,0.8843616611854507,0.07919975433485349,0.08219473181930537,0.0,PowerCons,HYDRA
19,0.2,random,local_mean,0,0,0,0.9635614155203042,,-0.07185125580711046,-0.07456834622208904,0.0,PowerCons,HYDRA
20,0.05,top,local_mean,0,0,0,1.062799633672348,1.0829674113335173,-0.020167777661169284,-0.01897606853270548,0.0,PowerCons,HYDRA
20,0.05,bottom,local_mean,0,0,0,1.062799633672348,1.1826102898521553,-0.11981065617980735,-0.11273107333952148,0.0,PowerCons,HYDRA
20,0.05,random,local_mean,0,0,0,1.062799633672348,,-0.06035244628171097,-0.05678623475521666,0.0,PowerCons,HYDRA
20,0.1,top,local_mean,0,0,0,1.062799633672348,1.0012702061471697,0.061529427525178315,0.057893668460257335,0.0,PowerCons,HYDRA
20,0.1,bottom,local_mean,0,0,0,1.062799633672348,1.1994847811429254,-0.13668514747057747,-0.12860845500089935,0.0,PowerCons,HYDRA
20,0.1,random,local_mean,0,0,0,1.062799633672348,,0.008522131858510296,0.008018561137909141,0.0,PowerCons,HYDRA
20,0.2,top,local_mean,0,0,0,1.062799633672348,1.1148106256285932,-0.052010991956245256,-0.04893767495840597,0.0,PowerCons,HYDRA
20,0.2,bottom,local_mean,0,0,0,1.062799633672348,1.0235229558543293,0.03927667781801869,0.036955828377994125,0.0,PowerCons,HYDRA
20,0.2,random,local_mean,0,0,0,1.062799633672348,,-0.0317206817268693,-0.029846314277460716,0.0,PowerCons,HYDRA
21,0.05,top,local_mean,0,0,0,1.107002437797471,1.1983680282055866,-0.09136559040811565,-0.0825341523689389,0.0,PowerCons,HYDRA
21,0.05,bottom,local_mean,0,0,0,1.107002437797471,1.043910308012607,0.06309212978486389,0.056993616849459826,0.0,PowerCons,HYDRA
21,0.05,random,local_mean,0,0,0,1.107002437797471,,-0.023258659109346436,-0.021010466919256003,0.0,PowerCons,HYDRA
21,0.1,top,local_mean,0,0,0,1.107002437797471,1.2533876335610448,-0.14638519576357378,-0.1322355385407171,0.0,PowerCons,HYDRA
21,0.1,bottom,local_mean,0,0,0,1.107002437797471,1.0932473949664656,0.01375504283100537,0.012425474358392996,0.0,PowerCons,HYDRA
21,0.1,random,local_mean,0,0,0,1.107002437797471,,-0.020976961830544916,-0.018949319500110445,0.0,PowerCons,HYDRA
21,0.2,top,local_mean,0,0,0,1.107002437797471,1.4993228242614944,-0.39232038646402345,-0.35439852584793824,0.0,PowerCons,HYDRA
21,0.2,bottom,local_mean,0,0,0,1.107002437797471,1.2403197933809396,-0.13331735558346858,-0.12043084152360088,0.0,PowerCons,HYDRA
21,0.2,random,local_mean,0,0,0,1.107002437797471,,-0.09335665043569534,-0.08433275566103089,0.0,PowerCons,HYDRA
22,0.05,top,local_mean,0,0,0,1.0492213832569666,0.9757673219428354,0.07345406131413112,0.0700080959825858,0.0,PowerCons,HYDRA
22,0.05,bottom,local_mean,0,0,0,1.0492213832569666,1.1198558780557586,-0.07063449479879202,-0.06732080436516272,0.0,PowerCons,HYDRA
22,0.05,random,local_mean,0,0,0,1.0492213832569666,,0.056550363430954854,0.05389740471930536,0.0,PowerCons,HYDRA
22,0.1,top,local_mean,0,0,0,1.0492213832569666,0.9532583146556203,0.09596306860134629,0.09146113362875508,0.0,PowerCons,HYDRA
22,0.1,bottom,local_mean,0,0,0,1.0492213832569666,1.125284259010511,-0.07606287575354442,-0.07249452257912398,0.0,PowerCons,HYDRA
22,0.1,random,local_mean,0,0,0,1.0492213832569666,,-0.04449031694070336,-0.042403133645126566,0.0,PowerCons,HYDRA
22,0.2,top,local_mean,0,0,0,1.0492213832569666,1.3226889846465966,-0.27346760138963,-0.26063836013556974,0.0,PowerCons,HYDRA
22,0.2,bottom,local_mean,0,0,0,1.0492213832569666,1.0499259576282747,-0.0007045743713081087,-0.0006715205303960337,0.0,PowerCons,HYDRA
22,0.2,random,local_mean,0,0,0,1.0492213832569666,,-0.005314370317706385,-0.005065056181140226,0.0,PowerCons,HYDRA
23,0.05,top,local_mean,0,0,0,1.2108653186056868,1.173897316244298,0.03696800236138875,0.03053020948171837,0.0,PowerCons,HYDRA
23,0.05,bottom,local_mean,0,0,0,1.2108653186056868,1.1708169643796789,0.04004835422600794,0.03307413346183718,0.0,PowerCons,HYDRA
23,0.05,random,local_mean,0,0,0,1.2108653186056868,,-0.039218688025691284,-0.03238894948440851,0.0,PowerCons,HYDRA
23,0.1,top,local_mean,0,0,0,1.2108653186056868,1.3513398580948253,-0.14047453948913846,-0.11601160039771771,0.0,PowerCons,HYDRA
23,0.1,bottom,local_mean,0,0,0,1.2108653186056868,1.096928425195845,0.1139368934098417,0.09409535277274877,0.0,PowerCons,HYDRA
23,0.1,random,local_mean,0,0,0,1.2108653186056868,,-0.15225971932599586,-0.12574445005731352,0.0,PowerCons,HYDRA
23,0.2,top,local_mean,0,0,0,1.2108653186056868,1.5820659204035104,-0.37120060179782355,-0.30655787190881756,0.0,PowerCons,HYDRA
23,0.2,bottom,local_mean,0,0,0,1.2108653186056868,1.445444794664065,-0.23457947605837814,-0.19372863251204853,0.0,PowerCons,HYDRA
23,0.2,random,local_mean,0,0,0,1.2108653186056868,,0.01597403698625921,0.01319223826842696,0.0,PowerCons,HYDRA
24,0.05,top,local_mean,0,0,0,1.1621228836019286,1.219492614921819,-0.05736973131989043,-0.04936627852624164,0.0,PowerCons,HYDRA
24,0.05,bottom,local_mean,0,0,0,1.1621228836019286,1.070863371476921,0.09125951212500771,0.07852821322469916,0.0,PowerCons,HYDRA
24,0.05,random,local_mean,0,0,0,1.1621228836019286,,-0.027988697097668158,-0.024084090769151894,0.0,PowerCons,HYDRA
24,0.1,top,local_mean,0,0,0,1.1621228836019286,1.3739416576081904,-0.2118187740062618,-0.1822686694552246,0.0,PowerCons,HYDRA
24,0.1,bottom,local_mean,0,0,0,1.1621228836019286,1.0735569861216698,0.08856589748025878,0.07621037544272342,0.0,PowerCons,HYDRA
24,0.1,random,local_mean,0,0,0,1.1621228836019286,,0.10450049720634122,0.08992199427349228,0.0,PowerCons,HYDRA
24,0.2,top,local_mean,0,0,0,1.1621228836019286,1.6002042089904487,-0.43808132538852007,-0.3769661148609347,0.0,PowerCons,HYDRA
24,0.2,bottom,local_mean,0,0,0,1.1621228836019286,1.0062959417062043,0.15582694189572432,0.13408806418533342,0.0,PowerCons,HYDRA
24,0.2,random,local_mean,0,0,0,1.1621228836019286,,0.15545743731494882,0.13377010791062866,0.0,PowerCons,HYDRA
25,0.05,top,local_mean,0,0,0,0.7691367957903226,0.7586171485356857,0.010519647254636832,0.013677194531608523,0.0,PowerCons,HYDRA
25,0.05,bottom,local_mean,0,0,0,0.7691367957903226,0.5908676522897848,0.1782691435005378,0.23177790049617636,0.0,PowerCons,HYDRA
25,0.05,random,local_mean,0,0,0,0.7691367957903226,,0.10011697056914573,0.1301677945318903,0.0,PowerCons,HYDRA
25,0.1,top,local_mean,0,0,0,0.7691367957903226,0.7934594742753112,-0.02432267848498859,-0.03162330419609139,0.0,PowerCons,HYDRA
25,0.1,bottom,local_mean,0,0,0,0.7691367957903226,0.6938510308842544,0.0752857649060682,0.09788332509223369,0.0,PowerCons,HYDRA
25,0.1,random,local_mean,0,0,0,0.7691367957903226,,-0.07174546851532113,-0.09328038344754537,0.0,PowerCons,HYDRA
25,0.2,top,local_mean,0,0,0,0.7691367957903226,0.8032655120401454,-0.03412871624982283,-0.044372694251430055,0.0,PowerCons,HYDRA
25,0.2,bottom,local_mean,0,0,0,0.7691367957903226,0.5420328139219327,0.22710398186838987,0.29527086448148165,0.0,PowerCons,HYDRA
25,0.2,random,local_mean,0,0,0,0.7691367957903226,,-0.06560524276054339,-0.08529712506603727,0.0,PowerCons,HYDRA
26,0.05,top,local_mean,0,0,0,0.9901114505812848,0.8528167996903456,0.13729465089093917,0.13866571500068997,0.0,PowerCons,HYDRA
26,0.05,bottom,local_mean,0,0,0,0.9901114505812848,0.971281085585528,0.018830364995756854,0.019018410469135844,0.0,PowerCons,HYDRA
26,0.05,random,local_mean,0,0,0,0.9901114505812848,,0.05509947694566555,0.05564971626537694,0.0,PowerCons,HYDRA
26,0.1,top,local_mean,0,0,0,0.9901114505812848,0.9767445689181172,0.013366881663167574,0.013500367211138507,0.0,PowerCons,HYDRA
26,0.1,bottom,local_mean,0,0,0,0.9901114505812848,0.7843021598436056,0.20580929073767917,0.20786456186552413,0.0,PowerCons,HYDRA
26,0.1,random,local_mean,0,0,0,0.9901114505812848,,0.022425153644513807,0.02264909771748475,0.0,PowerCons,HYDRA
26,0.2,top,local_mean,0,0,0,0.9901114505812848,0.8468882834423391,0.14322316713894567,0.1446534351273543,0.0,PowerCons,HYDRA
26,0.2,bottom,local_mean,0,0,0,0.9901114505812848,0.9871061966476954,0.0030052539335894135,0.0030352652689349174,0.0,PowerCons,HYDRA
26,0.2,random,local_mean,0,0,0,0.9901114505812848,,0.10929969229682279,0.11039119064976313,0.0,PowerCons,HYDRA
27,0.05,top,local_mean,0,0,0,0.875188898060194,0.8638548404483706,0.011334057611823378,0.012950398121532982,0.0,PowerCons,HYDRA
27,0.05,bottom,local_mean,0,0,0,0.875188898060194,0.7960887144671066,0.07910018359308735,0.09038059484965283,0.0,PowerCons,HYDRA
27,0.05,random,local_mean,0,0,0,0.875188898060194,,-0.03035339291387411,-0.03468206497944114,0.0,PowerCons,HYDRA
27,0.1,top,local_mean,0,0,0,0.875188898060194,0.869299474687125,0.005889423373068969,0.006729309131792453,0.0,PowerCons,HYDRA
27,0.1,bottom,local_mean,0,0,0,0.875188898060194,0.8954184073821891,-0.020229509321995187,-0.02311442278622352,0.0,PowerCons,HYDRA
27,0.1,random,local_mean,0,0,0,0.875188898060194,,-0.059430683012339114,-0.06790604318452906,0.0,PowerCons,HYDRA
27,0.2,top,local_mean,0,0,0,0.875188898060194,1.0454292228651076,-0.1702403248049137,-0.19451815563941172,0.0,PowerCons,HYDRA
27,0.2,bottom,local_mean,0,0,0,0.875188898060194,0.6534348268078224,0.22175407125237157,0.25337823453387226,0.0,PowerCons,HYDRA
27,0.2,random,local_mean,0,0,0,0.875188898060194,,-0.19687425474224057,-0.22495032812718768,0.0,PowerCons,HYDRA
28,0.05,top,local_mean,0,0,0,0.7232285877300154,0.6593988798768482,0.06382970785316722,0.08825649411483302,0.0,PowerCons,HYDRA
28,0.05,bottom,local_mean,0,0,0,0.7232285877300154,0.6934495250974818,0.029779062632533604,0.0411751166403472,0.0,PowerCons,HYDRA
28,0.05,random,local_mean,0,0,0,0.7232285877300154,,0.034565039971297076,0.047792624303142225,0.0,PowerCons,HYDRA
28,0.1,top,local_mean,0,0,0,0.7232285877300154,0.8223725894673911,-0.0991440017373757,-0.1370851019087269,0.0,PowerCons,HYDRA
28,0.1,bottom,local_mean,0,0,0,0.7232285877300154,0.7209180766566712,0.0023105110733442347,0.0031947131485538143,0.0,PowerCons,HYDRA
28,0.1,random,local_mean,0,0,0,0.7232285877300154,,0.043043067347823795,0.05951508079601957,0.0,PowerCons,HYDRA
28,0.2,top,local_mean,0,0,0,0.7232285877300154,0.4216530385123161,0.3015755492176993,0.41698452930313284,0.0,PowerCons,HYDRA
28,0.2,bottom,local_mean,0,0,0,0.7232285877300154,0.6006802905100183,0.12254829721999716,0.16944591219592767,0.0,PowerCons,HYDRA
28,0.2,random,local_mean,0,0,0,0.7232285877300154,,0.13031016784161467,0.18017814820134262,0.0,PowerCons,HYDRA
30,0.05,top,local_mean,1,1,1,0.9040011344526324,0.9045104574184654,-0.0005093229658329479,-0.0005634090301582526,0.0,PowerCons,HYDRA
30,0.05,bottom,local_mean,1,1,1,0.9040011344526324,0.9076821279778656,-0.0036809935252332115,-0.004071885878302743,0.0,PowerCons,HYDRA
30,0.05,random,local_mean,1,1,1,0.9040011344526324,,0.03183152555252622,0.0352117814100074,0.0,PowerCons,HYDRA
30,0.1,top,local_mean,1,1,1,0.9040011344526324,0.7964832918368329,0.10751784261579955,0.11893538578965958,0.0,PowerCons,HYDRA
30,0.1,bottom,local_mean,1,1,1,0.9040011344526324,0.9536207728088534,-0.04961963835622096,-0.05488885088337246,0.0,PowerCons,HYDRA
30,0.1,random,local_mean,1,1,1,0.9040011344526324,,0.037092107322884774,0.04103099529222219,0.0,PowerCons,HYDRA
30,0.2,top,local_mean,1,1,1,0.9040011344526324,0.4838583487422267,0.4201427857104057,0.46475862135524654,0.0,PowerCons,HYDRA
30,0.2,bottom,local_mean,1,1,1,0.9040011344526324,0.5112031367125885,0.39279799774004387,0.4345100335165476,0.0,PowerCons,HYDRA
30,0.2,random,local_mean,1,1,1,0.9040011344526324,,0.22457673484519702,0.24842500508162718,0.0,PowerCons,HYDRA
31,0.05,top,local_mean,1,1,1,1.0150814419024519,0.0461001039834733,0.9689813379189786,0.954583881978028,0.0,PowerCons,HYDRA
31,0.05,bottom,local_mean,1,1,1,1.0150814419024519,1.082840744319963,-0.06775930241751116,-0.06675251154036092,0.0,PowerCons,HYDRA
31,0.05,random,local_mean,1,1,1,1.0150814419024519,,0.043267373542612654,0.04262449211664189,0.0,PowerCons,HYDRA
31,0.1,top,local_mean,1,1,0,1.0150814419024519,-0.1127221611746461,1.127803603077098,1.0,1.0,PowerCons,HYDRA
31,0.1,bottom,local_mean,1,1,1,1.0150814419024519,1.0064340254586384,0.008647416443813505,0.008518930174387266,0.0,PowerCons,HYDRA
31,0.1,random,local_mean,1,1,1,1.0150814419024519,,0.23867318872310445,0.21444879885519907,0.2,PowerCons,HYDRA
31,0.2,top,local_mean,1,1,0,1.0150814419024519,-0.9908709986693706,2.0059524405718223,1.0,1.0,PowerCons,HYDRA
31,0.2,bottom,local_mean,1,1,1,1.0150814419024519,0.9639041258006865,0.05117731610176535,0.050416906045433724,0.0,PowerCons,HYDRA
31,0.2,random,local_mean,1,1,1,1.0150814419024519,,0.1314301836335263,0.12947734903896266,0.0,PowerCons,HYDRA
32,0.05,top,local_mean,1,1,1,0.664926551007403,0.6476272928951753,0.017299258112227767,0.026016756391005917,0.0,PowerCons,HYDRA
32,0.05,bottom,local_mean,1,1,1,0.664926551007403,0.7629790126548804,-0.09805246164747738,-0.14746337627147849,0.0,PowerCons,HYDRA
32,0.05,random,local_mean,1,1,1,0.664926551007403,,0.019506395181580705,0.029336121133839925,0.0,PowerCons,HYDRA
32,0.1,top,local_mean,1,1,1,0.664926551007403,0.5959420435205673,0.06898450748683571,0.10374740433348002,0.0,PowerCons,HYDRA
32,0.1,bottom,local_mean,1,1,1,0.664926551007403,0.73650067456565,-0.071574123558247,-0.10764198813811839,0.0,PowerCons,HYDRA
32,0.1,random,local_mean,1,1,1,0.664926551007403,,0.04181322167590764,0.06288387601409842,0.0,PowerCons,HYDRA
32,0.2,top,local_mean,1,1,1,0.664926551007403,0.4655278511965564,0.19939869981084668,0.2998803396080465,0.0,PowerCons,HYDRA
32,0.2,bottom,local_mean,1,1,1,0.664926551007403,0.5282610747158336,0.13666547629156944,0.20553438654258419,0.0,PowerCons,HYDRA
32,0.2,random,local_mean,1,1,1,0.664926551007403,,0.19728864900007642,0.29670698514623567,0.0,PowerCons,HYDRA
33,0.05,top,local_mean,1,1,1,0.2990327215324712,0.42517460913890937,-0.12614188760643819,-0.4218316481498921,0.0,PowerCons,HYDRA
33,0.05,bottom,local_mean,1,1,1,0.2990327215324712,0.3292181251886991,-0.030185403656227905,-0.10094314280521759,0.0,PowerCons,HYDRA
33,0.05,random,local_mean,1,1,1,0.2990327215324712,,-0.017942762652064903,-0.06000247249745898,0.0,PowerCons,HYDRA
33,0.1,top,local_mean,1,1,1,0.2990327215324712,0.3071464011381196,-0.008113679605648405,-0.027132992105598917,0.0,PowerCons,HYDRA
33,0.1,bottom,local_mean,1,1,1,0.2990327215324712,0.3853921809481168,-0.0863594594156456,-0.2887950528558301,0.0,PowerCons,HYDRA
33,0.1,random,local_mean,1,1,1,0.2990327215324712,,-0.009743307951833657,-0.03258263951604422,0.0,PowerCons,HYDRA
33,0.2,top,local_mean,1,1,1,0.2990327215324712,0.46369979682321183,-0.16466707529074065,-0.5506638998667579,0.0,PowerCons,HYDRA
33,0.2,bottom,local_mean,1,1,1,0.2990327215324712,0.3903569949449952,-0.09132427341252403,-0.30539790945486195,0.0,PowerCons,HYDRA
33,0.2,random,local_mean,1,1,1,0.2990327215324712,,0.29401054245778735,0.44545319711799536,0.4,PowerCons,HYDRA
34,0.05,top,local_mean,1,1,1,1.0250146475960245,0.9619571569343899,0.06305749066163457,0.06151856394536386,0.0,PowerCons,HYDRA
34,0.05,bottom,local_mean,1,1,1,1.0250146475960245,1.1260747631414758,-0.10106011554545136,-0.09859372955180565,0.0,PowerCons,HYDRA
34,0.05,random,local_mean,1,1,1,1.0250146475960245,,-0.04849637831636944,-0.04731281754586703,0.0,PowerCons,HYDRA
34,0.1,top,local_mean,1,1,1,1.0250146475960245,0.5665081277688364,0.45850651982718804,0.44731660526600375,0.0,PowerCons,HYDRA
34,0.1,bottom,local_mean,1,1,1,1.0250146475960245,1.2726686595185743,-0.24765401192254988,-0.24160998176308274,0.0,PowerCons,HYDRA
34,0.1,random,local_mean,1,1,1,1.0250146475960245,,0.02927934326829884,0.0285647768763022,0.0,PowerCons,HYDRA
34,0.2,top,local_mean,1,1,0,1.0250146475960245,-0.3902896443474093,1.4153042919434338,1.0,1.0,PowerCons,HYDRA
34,0.2,bottom,local_mean,1,1,1,1.0250146475960245,1.1776136348618245,-0.1525989872658,-0.14887478803244747,0.0,PowerCons,HYDRA
34,0.2,random,local_mean,1,1,1,1.0250146475960245,,-0.043259259992820855,-0.04220351181396798,0.0,PowerCons,HYDRA
35,0.05,top,local_mean,1,1,1,0.6403443313062956,0.430444170834937,0.20990016047135862,0.3277921306042244,0.0,PowerCons,HYDRA
35,0.05,bottom,local_mean,1,1,1,0.6403443313062956,0.7440262912456564,-0.1036819599393608,-0.16191569590716157,0.0,PowerCons,HYDRA
35,0.05,random,local_mean,1,1,1,0.6403443313062956,,-0.06552305333211259,-0.10232455852913999,0.0,PowerCons,HYDRA
35,0.1,top,local_mean,1,1,1,0.6403443313062956,0.38863468182374183,0.2517096494825538,0.39308422686407285,0.0,PowerCons,HYDRA
35,0.1,bottom,local_mean,1,1,1,0.6403443313062956,0.70624640276924,-0.06590207146294436,-0.10291645498297776,0.0,PowerCons,HYDRA
35,0.1,random,local_mean,1,1,1,0.6403443313062956,,0.014158436746676639,0.022110626960914398,0.0,PowerCons,HYDRA
35,0.2,top,local_mean,1,1,1,0.6403443313062956,0.2647522612211344,0.37559207008516127,0.586546120854756,0.0,PowerCons,HYDRA
35,0.2,bottom,local_mean,1,1,1,0.6403443313062956,0.6484580163772617,-0.008113685070966103,-0.012670796013167297,0.0,PowerCons,HYDRA
35,0.2,random,local_mean,1,1,1,0.6403443313062956,,0.42674359394939876,0.5655280950350139,0.2,PowerCons,HYDRA
36,0.05,top,local_mean,1,1,1,0.8823728341685266,0.7650942910231381,0.11727854314538855,0.1329125350321633,0.0,PowerCons,HYDRA
36,0.05,bottom,local_mean,1,1,1,0.8823728341685266,0.9518459863237838,-0.06947315215525718,-0.07873437477973574,0.0,PowerCons,HYDRA
36,0.05,random,local_mean,1,1,1,0.8823728341685266,,-0.031029253172563775,-0.03516565425107271,0.0,PowerCons,HYDRA
36,0.1,top,local_mean,1,1,1,0.8823728341685266,0.8325605180197563,0.04981231614877035,0.05645262157587572,0.0,PowerCons,HYDRA
36,0.1,bottom,local_mean,1,1,1,0.8823728341685266,0.9206984832140095,-0.03832564904548286,-0.043434707106424636,0.0,PowerCons,HYDRA
36,0.1,random,local_mean,1,1,1,0.8823728341685266,,0.015385151945957177,0.017436092674319635,0.0,PowerCons,HYDRA
36,0.2,top,local_mean,1,1,1,0.8823728341685266,0.30646784499257623,0.5759049891759505,0.6526768665104784,0.0,PowerCons,HYDRA
36,0.2,bottom,local_mean,1,1,1,0.8823728341685266,0.7942231788369943,0.0881496553315323,0.09990057719084221,0.0,PowerCons,HYDRA
36,0.2,random,local_mean,1,1,1,0.8823728341685266,,0.06637483829711113,0.07522303555120384,0.0,PowerCons,HYDRA
37,0.05,top,local_mean,1,1,1,0.9984158041922505,0.833126544191863,0.16528926000038746,0.16555136021985475,0.0,PowerCons,HYDRA
37,0.05,bottom,local_mean,1,1,1,0.9984158041922505,0.9507956400918963,0.04762016410035419,0.047695675694160965,0.0,PowerCons,HYDRA
37,0.05,random,local_mean,1,1,1,0.9984158041922505,,0.05111109118976591,0.05119213836862084,0.0,PowerCons,HYDRA
37,0.1,top,local_mean,1,1,1,0.9984158041922505,0.839998326757472,0.15841747743477852,0.15866868102539908,0.0,PowerCons,HYDRA
37,0.1,bottom,local_mean,1,1,1,0.9984158041922505,0.9368704856337461,0.061545318558504425,0.061642911357342844,0.0,PowerCons,HYDRA
37,0.1,random,local_mean,1,1,1,0.9984158041922505,,0.039664129624986263,0.03972702528487163,0.0,PowerCons,HYDRA
37,0.2,top,local_mean,1,1,1,0.9984158041922505,0.9283453138960267,0.07007049029622381,0.07018160151352115,0.0,PowerCons,HYDRA
37,0.2,bottom,local_mean,1,1,1,0.9984158041922505,0.7548408535362017,0.24357495065604884,0.24396118898770774,0.0,PowerCons,HYDRA
37,0.2,random,local_mean,1,1,1,0.9984158041922505,,0.1686247013174877,0.1688920905672358,0.0,PowerCons,HYDRA
38,0.05,top,local_mean,1,1,1,0.9695158602331853,1.0444800140388524,-0.07496415380566712,-0.07732114507801027,0.0,PowerCons,HYDRA
38,0.05,bottom,local_mean,1,1,1,0.9695158602331853,1.0194268678853664,-0.04991100765218115,-0.05148028848118918,0.0,PowerCons,HYDRA
38,0.05,random,local_mean,1,1,1,0.9695158602331853,,0.12193785369986272,0.12577177221088717,0.0,PowerCons,HYDRA
38,0.1,top,local_mean,1,1,1,0.9695158602331853,0.5633358009288477,0.40618005930433754,0.41895100123028733,0.0,PowerCons,HYDRA
38,0.1,bottom,local_mean,1,1,1,0.9695158602331853,1.0312449910992392,-0.061729130866053916,-0.0636699921352652,0.0,PowerCons,HYDRA
38,0.1,random,local_mean,1,1,1,0.9695158602331853,,0.1641794249401161,0.1693414850986997,0.0,PowerCons,HYDRA
38,0.2,top,local_mean,1,1,0,0.9695158602331853,-0.043417373561644934,1.0129332337948302,1.0,1.0,PowerCons,HYDRA
38,0.2,bottom,local_mean,1,1,1,0.9695158602331853,0.9173687220529966,0.05214713818018868,0.053786726481111845,0.0,PowerCons,HYDRA
38,0.2,random,local_mean,1,1,1,0.9695158602331853,,0.02694948541972917,0.027796819761594822,0.0,PowerCons,HYDRA
39,0.05,top,local_mean,1,1,1,0.9901650951852036,0.8523088053929687,0.13785628979223485,0.13922541931356455,0.0,PowerCons,HYDRA
39,0.05,bottom,local_mean,1,1,1,0.9901650951852036,1.1444628321059978,-0.15429773692079418,-0.15583015584060558,0.0,PowerCons,HYDRA
39,0.05,random,local_mean,1,1,1,0.9901650951852036,,0.0003987063341700292,0.00040266611441129065,0.0,PowerCons,HYDRA
39,0.1,top,local_mean,1,1,1,0.9901650951852036,0.5905253616264028,0.3996397335588008,0.4036087839223085,0.0,PowerCons,HYDRA
39,0.1,bottom,local_mean,1,1,1,0.9901650951852036,1.0786824145056086,-0.08851731932040507,-0.08939643535648283,0.0,PowerCons,HYDRA
39,0.1,random,local_mean,1,1,1,0.9901650951852036,,0.08367529355585324,0.08450632066956641,0.0,PowerCons,HYDRA
39,0.2,top,local_mean,1,1,1,0.9901650951852036,0.04987163766962813,0.9402934575155755,0.9496320486914877,0.0,PowerCons,HYDRA
39,0.2,bottom,local_mean,1,1,1,0.9901650951852036,1.1453727680029915,-0.1552076728177879,-0.1567491288305094,0.0,PowerCons,HYDRA
39,0.2,random,local_mean,1,1,1,0.9901650951852036,,0.25816841649146494,0.2607324344338172,0.0,PowerCons,HYDRA
40,0.05,top,local_mean,1,1,1,1.002777288553404,0.5941204939983286,0.40865679455507553,0.407524573696743,0.0,PowerCons,HYDRA
40,0.05,bottom,local_mean,1,1,1,1.002777288553404,0.9964993849077564,0.006277903645647731,0.006260510141981793,0.0,PowerCons,HYDRA
40,0.05,random,local_mean,1,1,1,1.002777288553404,,0.13708755506524642,0.13670774151184234,0.0,PowerCons,HYDRA
40,0.1,top,local_mean,1,1,1,1.002777288553404,0.4383574166576787,0.5644198718957254,0.5628560952490812,0.0,PowerCons,HYDRA
40,0.1,bottom,local_mean,1,1,1,1.002777288553404,0.9634266670793895,0.03935062147401458,0.03924159699426811,0.0,PowerCons,HYDRA
40,0.1,random,local_mean,1,1,1,1.002777288553404,,0.1601936094909962,0.15974977850995317,0.0,PowerCons,HYDRA
40,0.2,top,local_mean,1,1,0,1.002777288553404,-0.08771401004817968,1.0904912986015838,1.0,1.0,PowerCons,HYDRA
40,0.2,bottom,local_mean,1,1,1,1.002777288553404,0.4570240808590227,0.5457532076943814,0.5442411487405441,0.0,PowerCons,HYDRA
40,0.2,random,local_mean,1,1,1,1.002777288553404,,-0.07284266515810225,-0.07264084792181151,0.0,PowerCons,HYDRA
41,0.05,top,local_mean,1,1,1,0.8953490862491206,0.36914430339809734,0.5262047828510232,0.587708418117707,0.0,PowerCons,HYDRA
41,0.05,bottom,local_mean,1,1,1,0.8953490862491206,0.8982559315850543,-0.002906845335933772,-0.0032466019499829218,0.0,PowerCons,HYDRA
41,0.05,random,local_mean,1,1,1,0.8953490862491206,,0.06422309190030517,0.0717295869924514,0.0,PowerCons,HYDRA
41,0.1,top,local_mean,1,1,1,0.8953490862491206,0.009329789892496464,0.8860192963566241,0.9895786128400502,0.0,PowerCons,HYDRA
41,0.1,bottom,local_mean,1,1,1,0.8953490862491206,0.9283199879169374,-0.0329709016678168,-0.03682459204973264,0.0,PowerCons,HYDRA
41,0.1,random,local_mean,1,1,1,0.8953490862491206,,0.1924707191387536,0.20029717693221563,0.2,PowerCons,HYDRA
41,0.2,top,local_mean,1,1,0,0.8953490862491206,-0.06819992337147625,0.9635490096205969,1.0,1.0,PowerCons,HYDRA
41,0.2,bottom,local_mean,1,1,1,0.8953490862491206,0.9157752420997604,-0.020426155850639782,-0.02281359678671706,0.0,PowerCons,HYDRA
41,0.2,random,local_mean,1,1,1,0.8953490862491206,,0.3976746409184799,0.42892145045405605,0.2,PowerCons,HYDRA
42,0.05,top,local_mean,1,1,1,1.027549318823984,0.7576825102767212,0.26986680854726275,0.2626312343089157,0.0,PowerCons,HYDRA
42,0.05,bottom,local_mean,1,1,1,1.027549318823984,1.0547270348165478,-0.02717771599256391,-0.026449036601602544,0.0,PowerCons,HYDRA
42,0.05,random,local_mean,1,1,1,1.027549318823984,,0.01970090195563503,0.019172688280786505,0.0,PowerCons,HYDRA
42,0.1,top,local_mean,1,1,1,1.027549318823984,0.30687119117130174,0.7206781276526821,0.7013555584095265,0.0,PowerCons,HYDRA
42,0.1,bottom,local_mean,1,1,1,1.027549318823984,1.0592796793968426,-0.03173036057285872,-0.030879617271856473,0.0,PowerCons,HYDRA
42,0.1,random,local_mean,1,1,1,1.027549318823984,,-0.011568621906607412,-0.011258448072740155,0.0,PowerCons,HYDRA
42,0.2,top,local_mean,1,1,0,1.027549318823984,-0.17041270550886323,1.1979620243328473,1.0,1.0,PowerCons,HYDRA
42,0.2,bottom,local_mean,1,1,1,1.027549318823984,1.103349720135655,-0.0758004013116711,-0.07376806753213169,0.0,PowerCons,HYDRA
42,0.2,random,local_mean,1,1,1,1.027549318823984,,0.08761386375287665,0.08526479156091298,0.0,PowerCons,HYDRA
43,0.05,top,local_mean,1,1,1,0.5429012323986692,0.5462935529400982,-0.003392320541429017,-0.006248492525884357,0.0,PowerCons,HYDRA
43,0.05,bottom,local_mean,1,1,1,0.5429012323986692,0.6089012647500012,-0.066000032351332,-0.12156890948804613,0.0,PowerCons,HYDRA
43,0.05,random,local_mean,1,1,1,0.5429012323986692,,-0.047708060826364265,-0.08787597099311764,0.0,PowerCons,HYDRA
43,0.1,top,local_mean,1,1,1,0.5429012323986692,0.5188285000294365,0.024072732369232686,0.04434082406121949,0.0,PowerCons,HYDRA
43,0.1,bottom,local_mean,1,1,1,0.5429012323986692,0.7520140418416347,-0.2091128094429655,-0.38517581428806463,0.0,PowerCons,HYDRA
43,0.1,random,local_mean,1,1,1,0.5429012323986692,,0.0036909730486599512,0.006798596189874498,0.0,PowerCons,HYDRA
43,0.2,top,local_mean,1,1,1,0.5429012323986692,0.574415005866829,-0.03151377346815987,-0.05804686661339489,0.0,PowerCons,HYDRA
43,0.2,bottom,local_mean,1,1,1,0.5429012323986692,0.47393280570566365,0.06896842669300551,0.12703655018747456,0.0,PowerCons,HYDRA
43,0.2,random,local_mean,1,1,1,0.5429012323986692,,0.43202433174636423,0.4858840236737416,0.4,PowerCons,HYDRA
44,0.05,top,local_mean,1,1,1,0.5689603482997609,0.4740166174618563,0.09494373083790464,0.16687202236430818,0.0,PowerCons,HYDRA
44,0.05,bottom,local_mean,1,1,1,0.5689603482997609,0.7071220007499378,-0.13816165245017686,-0.24283135025436825,0.0,PowerCons,HYDRA
44,0.05,random,local_mean,1,1,1,0.5689603482997609,,0.05340026054884691,0.09385569109118576,0.0,PowerCons,HYDRA
44,0.1,top,local_mean,1,1,1,0.5689603482997609,0.4441731006217405,0.12478724767802046,0.21932464841579272,0.0,PowerCons,HYDRA
44,0.1,bottom,local_mean,1,1,1,0.5689603482997609,0.8281694626958412,-0.2592091143960803,-0.4555829937669409,0.0,PowerCons,HYDRA
44,0.1,random,local_mean,1,1,1,0.5689603482997609,,-0.009856083170181783,-0.01732293977373845,0.0,PowerCons,HYDRA
44,0.2,top,local_mean,1,1,1,0.5689603482997609,0.5878961275694871,-0.018935779269726116,-0.033281310455116675,0.0,PowerCons,HYDRA
44,0.2,bottom,local_mean,1,1,1,0.5689603482997609,0.8216404200437516,-0.25268007174399065,-0.44410762259875786,0.0,PowerCons,HYDRA
44,0.2,random,local_mean,1,1,1,0.5689603482997609,,-0.13049180980162217,-0.2293509219766396,0.0,PowerCons,HYDRA
45,0.05,top,local_mean,1,1,1,0.7731126797890367,0.7572365166633243,0.015876163125712495,0.020535354037513213,0.0,PowerCons,HYDRA
45,0.05,bottom,local_mean,1,1,1,0.7731126797890367,0.7651645758305882,0.007948103958448582,0.010280640695191709,0.0,PowerCons,HYDRA
45,0.05,random,local_mean,1,1,1,0.7731126797890367,,0.06457500332945768,0.08352588373171531,0.0,PowerCons,HYDRA
45,0.1,top,local_mean,1,1,1,0.7731126797890367,0.7906933011302913,-0.0175806213412546,-0.022740021035524693,0.0,PowerCons,HYDRA
45,0.1,bottom,local_mean,1,1,1,0.7731126797890367,0.7376503617567157,0.03546231803232103,0.045869474256357484,0.0,PowerCons,HYDRA
45,0.1,random,local_mean,1,1,1,0.7731126797890367,,0.1458157139790392,0.18860837389247673,0.0,PowerCons,HYDRA
45,0.2,top,local_mean,1,1,1,0.7731126797890367,0.6347704846941123,0.1383421950949244,0.17894159515153643,0.0,PowerCons,HYDRA
45,0.2,bottom,local_mean,1,1,1,0.7731126797890367,0.6172599448950928,0.1558527348939439,0.20159096775583144,0.0,PowerCons,HYDRA
45,0.2,random,local_mean,1,1,1,0.7731126797890367,,0.007941371964100764,0.010271933056814814,0.0,PowerCons,HYDRA
46,0.05,top,local_mean,1,1,1,0.5102466536746967,0.11336723888679569,0.396879414787901,0.7778172264578948,0.0,PowerCons,HYDRA
46,0.05,bottom,local_mean,1,1,1,0.5102466536746967,0.5487929363095044,-0.03854628263480775,-0.07554426239337995,0.0,PowerCons,HYDRA
46,0.05,random,local_mean,1,1,1,0.5102466536746967,,-0.009749954493435154,-0.01910827893713576,0.0,PowerCons,HYDRA
46,0.1,top,local_mean,1,1,1,0.5102466536746967,0.05278186083719841,0.4574647928374983,0.8965544271353972,0.0,PowerCons,HYDRA
46,0.1,bottom,local_mean,1,1,1,0.5102466536746967,0.4770939323798797,0.033152721294817,0.06497378489848615,0.0,PowerCons,HYDRA
46,0.1,random,local_mean,1,1,1,0.5102466536746967,,-0.007056830145877579,-0.013830205969700731,0.0,PowerCons,HYDRA
46,0.2,top,local_mean,1,1,0,0.5102466536746967,-0.08009369068652077,0.5903403443612174,1.0,1.0,PowerCons,HYDRA
46,0.2,bottom,local_mean,1,1,1,0.5102466536746967,0.6896309986423472,-0.17938434496765054,-0.3515632922087188,0.0,PowerCons,HYDRA
46,0.2,random,local_mean,1,1,1,0.5102466536746967,,0.34383833198559366,0.6611333022118425,0.2,PowerCons,HYDRA
47,0.05,top,local_mean,1,1,1,0.9045986673996772,0.6971818352675327,0.20741683213214446,0.22929129824729633,0.0,PowerCons,HYDRA
47,0.05,bottom,local_mean,1,1,1,0.9045986673996772,0.9607371248775113,-0.05613845747783408,-0.06205889688110017,0.0,PowerCons,HYDRA
47,0.05,random,local_mean,1,1,1,0.9045986673996772,,0.2319515962554295,0.2564135325432823,0.0,PowerCons,HYDRA
47,0.1,top,local_mean,1,1,1,0.9045986673996772,0.46040932105960697,0.44418934634007023,0.49103416942095235,0.0,PowerCons,HYDRA
47,0.1,bottom,local_mean,1,1,1,0.9045986673996772,0.834285265989953,0.0703134014097242,0.07772875001363204,0.0,PowerCons,HYDRA
47,0.1,random,local_mean,1,1,1,0.9045986673996772,,0.02412993016289331,0.026674705985970736,0.0,PowerCons,HYDRA
47,0.2,top,local_mean,1,1,0,0.9045986673996772,-1.1761590074251007,2.080757674824778,1.0,1.0,PowerCons,HYDRA
47,0.2,bottom,local_mean,1,1,1,0.9045986673996772,0.9020188797049186,0.0025797876947586396,0.0028518556746481953,0.0,PowerCons,HYDRA
47,0.2,random,local_mean,1,1,1,0.9045986673996772,,0.060651092258033404,0.06704744036926122,0.0,PowerCons,HYDRA
48,0.05,top,local_mean,1,1,1,0.9505402222225228,0.8338592859975912,0.11668093622493159,0.12275210532386195,0.0,PowerCons,HYDRA
48,0.05,bottom,local_mean,1,1,1,0.9505402222225228,0.9535764169664402,-0.0030361947439174752,-0.0031941747216584137,0.0,PowerCons,HYDRA
48,0.05,random,local_mean,1,1,1,0.9505402222225228,,0.09849839941152994,0.10362349060593541,0.0,PowerCons,HYDRA
48,0.1,top,local_mean,1,1,1,0.9505402222225228,0.8105727488153438,0.13996747340717897,0.14725029292250139,0.0,PowerCons,HYDRA
48,0.1,bottom,local_mean,1,1,1,0.9505402222225228,0.9296181155199317,0.020922106702591092,0.022010730532729283,0.0,PowerCons,HYDRA
48,0.1,random,local_mean,1,1,1,0.9505402222225228,,0.11930646901947242,0.12551425043988534,0.0,PowerCons,HYDRA
48,0.2,top,local_mean,1,1,1,0.9505402222225228,0.8437046322173859,0.10683559000513687,0.11239448380296183,0.0,PowerCons,HYDRA
48,0.2,bottom,local_mean,1,1,1,0.9505402222225228,0.3954847336862912,0.5550554885362315,0.5839362623731561,0.0,PowerCons,HYDRA
48,0.2,random,local_mean,1,1,1,0.9505402222225228,,0.26429276791262923,0.2780445095212904,0.0,PowerCons,HYDRA
49,0.05,top,local_mean,1,1,1,0.7226064466129459,0.6707311850137886,0.05187526159915734,0.071788993930675,0.0,PowerCons,HYDRA
49,0.05,bottom,local_mean,1,1,1,0.7226064466129459,1.0838037777957952,-0.36119733118284925,-0.49985276636142845,0.0,PowerCons,HYDRA
49,0.05,random,local_mean,1,1,1,0.7226064466129459,,0.0019741936630212733,0.002732041680825248,0.0,PowerCons,HYDRA
49,0.1,top,local_mean,1,1,1,0.7226064466129459,0.850092997820662,-0.12748655120771613,-0.1764257368302522,0.0,PowerCons,HYDRA
49,0.1,bottom,local_mean,1,1,1,0.7226064466129459,0.581362145259112,0.14124430135383392,0.19546477415349603,0.0,PowerCons,HYDRA
49,0.1,random,local_mean,1,1,1,0.7226064466129459,,0.004046883181113481,0.00560038953387805,0.0,PowerCons,HYDRA
49,0.2,top,local_mean,1,1,1,0.7226064466129459,0.7853165412006361,-0.06271009458769017,-0.08678307272036723,0.0,PowerCons,HYDRA
49,0.2,bottom,local_mean,1,1,1,0.7226064466129459,0.1493465126391764,0.5732599339737695,0.7933213761645993,0.0,PowerCons,HYDRA
49,0.2,random,local_mean,1,1,1,0.7226064466129459,,0.29310712783985554,0.3762280434325827,0.2,PowerCons,HYDRA
52,0.05,top,local_mean,1,1,1,0.7231684329705044,0.6123046653705957,0.11086376759990868,0.15330261837052844,0.0,PowerCons,HYDRA
52,0.05,bottom,local_mean,1,1,1,0.7231684329705044,0.6799309058063956,0.04323752716410878,0.0597889307717356,0.0,PowerCons,HYDRA
52,0.05,random,local_mean,1,1,1,0.7231684329705044,,-0.03854304770108594,-0.053297396078766476,0.0,PowerCons,HYDRA
52,0.1,top,local_mean,1,1,1,0.7231684329705044,0.7907141262428531,-0.06754569327234872,-0.09340230683547665,0.0,PowerCons,HYDRA
52,0.1,bottom,local_mean,1,1,1,0.7231684329705044,0.6789529125749881,0.04421552039551624,0.06114130158114639,0.0,PowerCons,HYDRA
52,0.1,random,local_mean,1,1,1,0.7231684329705044,,0.06851053131285317,0.0947364866231113,0.0,PowerCons,HYDRA
52,0.2,top,local_mean,1,1,0,0.7231684329705044,-1.2350247507159815,1.9581931836864859,1.0,1.0,PowerCons,HYDRA
52,0.2,bottom,local_mean,1,1,1,0.7231684329705044,1.1708672214506581,-0.44769878848015376,-0.6190786945200073,0.0,PowerCons,HYDRA
52,0.2,random,local_mean,1,1,1,0.7231684329705044,,0.1095953241730742,0.15154861250550702,0.0,PowerCons,HYDRA
0,0.05,top,linear_interpolation,0,0,0,0.8213720115662951,0.8218092165368188,-0.0004372049705236858,-0.0005322855321116158,0.0,PowerCons,HYDRA
0,0.05,bottom,linear_interpolation,0,0,0,0.8213720115662951,0.867203936293357,-0.04583192472706188,-0.05579916077308642,0.0,PowerCons,HYDRA
0,0.05,random,linear_interpolation,0,0,0,0.8213720115662951,,0.0076030175103096505,0.009256473494072178,0.0,PowerCons,HYDRA
0,0.1,top,linear_interpolation,0,0,0,0.8213720115662951,0.8757180153401676,-0.05434600377387244,-0.06616482768314824,0.0,PowerCons,HYDRA
0,0.1,bottom,linear_interpolation,0,0,0,0.8213720115662951,0.7793059622281303,0.042066049338164824,0.05121430671059925,0.0,PowerCons,HYDRA
0,0.1,random,linear_interpolation,0,0,0,0.8213720115662951,,-0.05393687704489938,-0.06566672667031742,0.0,PowerCons,HYDRA
0,0.2,top,linear_interpolation,0,0,0,0.8213720115662951,0.9402592159986766,-0.11888720443238143,-0.1447420389497248,0.0,PowerCons,HYDRA
0,0.2,bottom,linear_interpolation,0,0,0,0.8213720115662951,0.692228379305145,0.1291436322611501,0.15722896959431762,0.0,PowerCons,HYDRA
0,0.2,random,linear_interpolation,0,0,0,0.8213720115662951,,-0.05684005796592808,-0.0692012729484969,0.0,PowerCons,HYDRA
1,0.05,top,linear_interpolation,0,0,0,1.584351630250276,1.6251230857991592,-0.04077145554888317,-0.0257338264035593,0.0,PowerCons,HYDRA
1,0.05,bottom,linear_interpolation,0,0,0,1.584351630250276,1.5693860548317253,0.014965575418550703,0.009445861440698736,0.0,PowerCons,HYDRA
1,0.05,random,linear_interpolation,0,0,0,1.584351630250276,,0.019529532313356725,0.012326506069719906,0.0,PowerCons,HYDRA
1,0.1,top,linear_interpolation,0,0,0,1.584351630250276,1.7545718607830862,-0.1702202305328102,-0.10743834881374924,0.0,PowerCons,HYDRA
1,0.1,bottom,linear_interpolation,0,0,0,1.584351630250276,1.5126120096147762,0.07173962063549988,0.04528008428538245,0.0,PowerCons,HYDRA
1,0.1,random,linear_interpolation,0,0,0,1.584351630250276,,-0.07951359732875844,-0.050186805519550216,0.0,PowerCons,HYDRA
1,0.2,top,linear_interpolation,0,0,0,1.584351630250276,1.825082522839518,-0.24073089258924196,-0.1519427480934054,0.0,PowerCons,HYDRA
1,0.2,bottom,linear_interpolation,0,0,0,1.584351630250276,1.3403434727469965,0.24400815750327953,0.1540112679743109,0.0,PowerCons,HYDRA
1,0.2,random,linear_interpolation,0,0,0,1.584351630250276,,-0.04976370832077537,-0.03140949014167024,0.0,PowerCons,HYDRA
2,0.05,top,linear_interpolation,0,0,0,0.3606180520841342,0.3703013243484182,-0.009683272264284004,-0.026851804441061115,0.0,PowerCons,HYDRA
2,0.05,bottom,linear_interpolation,0,0,0,0.3606180520841342,0.44684141950136125,-0.08622336741722703,-0.23909820326717152,0.0,PowerCons,HYDRA
2,0.05,random,linear_interpolation,0,0,0,0.3606180520841342,,-0.018292869577712957,-0.050726298214119704,0.0,PowerCons,HYDRA
2,0.1,top,linear_interpolation,0,0,0,0.3606180520841342,0.5055785639642468,-0.1449605118801126,-0.4019768535310015,0.0,PowerCons,HYDRA
2,0.1,bottom,linear_interpolation,0,0,0,0.3606180520841342,0.3745157829105712,-0.013897730826436971,-0.03853853740149747,0.0,PowerCons,HYDRA
2,0.1,random,linear_interpolation,0,0,0,0.3606180520841342,,0.015400072053247293,0.04270454365692909,0.0,PowerCons,HYDRA
2,0.2,top,linear_interpolation,0,0,0,0.3606180520841342,0.5132373756595993,-0.15261932357546504,-0.42321480990377125,0.0,PowerCons,HYDRA
2,0.2,bottom,linear_interpolation,0,0,0,0.3606180520841342,0.3158134155394563,0.04480463654467792,0.12424367566199686,0.0,PowerCons,HYDRA
2,0.2,random,linear_interpolation,0,0,0,0.3606180520841342,,0.1126838643797693,0.3124734085138675,0.0,PowerCons,HYDRA
3,0.05,top,linear_interpolation,0,0,0,1.235663609310326,1.3018494949560764,-0.06618588564575045,-0.053562985576394766,0.0,PowerCons,HYDRA
3,0.05,bottom,linear_interpolation,0,0,0,1.235663609310326,1.2858007448359272,-0.050137135525601284,-0.04057503561066205,0.0,PowerCons,HYDRA
3,0.05,random,linear_interpolation,0,0,0,1.235663609310326,,-0.07857839487040304,-0.06359200893053076,0.0,PowerCons,HYDRA
3,0.1,top,linear_interpolation,0,0,0,1.235663609310326,1.2903171261726885,-0.05465351686236253,-0.044230057614797966,0.0,PowerCons,HYDRA
3,0.1,bottom,linear_interpolation,0,0,0,1.235663609310326,1.2634056306660462,-0.027742021355720237,-0.022451093238968926,0.0,PowerCons,HYDRA
3,0.1,random,linear_interpolation,0,0,0,1.235663609310326,,0.07527353135094446,0.060917445384275945,0.0,PowerCons,HYDRA
3,0.2,top,linear_interpolation,0,0,0,1.235663609310326,1.01400792317992,0.22165568613040598,0.17938175493601047,0.0,PowerCons,HYDRA
3,0.2,bottom,linear_interpolation,0,0,0,1.235663609310326,1.243780953983687,-0.008117344673361115,-0.006569213532701023,0.0,PowerCons,HYDRA
3,0.2,random,linear_interpolation,0,0,0,1.235663609310326,,0.194266010321362,0.15721580828457143,0.0,PowerCons,HYDRA
4,0.05,top,linear_interpolation,0,0,0,0.8844983870871804,1.0551201503634409,-0.17062176327626044,-0.19290207067090162,0.0,PowerCons,HYDRA
4,0.05,bottom,linear_interpolation,0,0,0,0.8844983870871804,0.9078280436893146,-0.023329656602134152,-0.026376113926955918,0.0,PowerCons,HYDRA
4,0.05,random,linear_interpolation,0,0,0,0.8844983870871804,,-0.03762679397750905,-0.042540214868233,0.0,PowerCons,HYDRA
4,0.1,top,linear_interpolation,0,0,0,0.8844983870871804,0.9987948552975249,-0.11429646821034445,-0.12922164772408015,0.0,PowerCons,HYDRA
4,0.1,bottom,linear_interpolation,0,0,0,0.8844983870871804,0.849709373094205,0.034789013992975404,0.039331868965497015,0.0,PowerCons,HYDRA
4,0.1,random,linear_interpolation,0,0,0,0.8844983870871804,,-0.0003174764340730718,-0.0003589334698338012,0.0,PowerCons,HYDRA
4,0.2,top,linear_interpolation,0,0,0,0.8844983870871804,0.8562462651813639,0.028252121905816496,0.0319413696812792,0.0,PowerCons,HYDRA
4,0.2,bottom,linear_interpolation,0,0,0,0.8844983870871804,0.9121565148248257,-0.02765812773764531,-0.03126980995286907,0.0,PowerCons,HYDRA
4,0.2,random,linear_interpolation,0,0,0,0.8844983870871804,,0.3300713079478455,0.373173020543102,0.0,PowerCons,HYDRA
5,0.05,top,linear_interpolation,0,0,0,0.11749158986135817,0.2648207542130253,-0.14732916435166715,-1.0,0.0,PowerCons,HYDRA
5,0.05,bottom,linear_interpolation,0,0,0,0.11749158986135817,0.14482161314502262,-0.027330023283664448,-0.23261061243023076,0.0,PowerCons,HYDRA
5,0.05,random,linear_interpolation,0,0,0,0.11749158986135817,,0.007464219809013306,-0.05077512805842641,0.2,PowerCons,HYDRA
5,0.1,top,linear_interpolation,0,0,0,0.11749158986135817,0.3879402396734971,-0.27044864981213895,-1.0,0.0,PowerCons,HYDRA
5,0.1,bottom,linear_interpolation,0,0,0,0.11749158986135817,0.17152535665800517,-0.054033766796646995,-0.45989084809865116,0.0,PowerCons,HYDRA
5,0.1,random,linear_interpolation,0,0,0,0.11749158986135817,,-0.14126959690592192,-0.5402791655757924,0.0,PowerCons,HYDRA
5,0.2,top,linear_interpolation,0,0,1,0.11749158986135817,-0.03895474939493622,0.1564463392562944,1.0,1.0,PowerCons,HYDRA
5,0.2,bottom,linear_interpolation,0,0,0,0.11749158986135817,0.2282438785181613,-0.11075228865680313,-0.9426321165231898,0.0,PowerCons,HYDRA
5,0.2,random,linear_interpolation,0,0,0,0.11749158986135817,,0.0033634284707291574,0.09780223105041715,0.4,PowerCons,HYDRA
6,0.05,top,linear_interpolation,0,0,0,1.0351349650857713,1.1312286498673205,-0.09609368478154923,-0.09283194480986555,0.0,PowerCons,HYDRA
6,0.05,bottom,linear_interpolation,0,0,0,1.0351349650857713,1.0587441028125966,-0.02360913772682527,-0.022807764895763253,0.0,PowerCons,HYDRA
6,0.05,random,linear_interpolation,0,0,0,1.0351349650857713,,-0.0493128493327498,-0.047639006851301645,0.0,PowerCons,HYDRA
6,0.1,top,linear_interpolation,0,0,0,1.0351349650857713,1.07636936706312,-0.041234401977348734,-0.03983476892712549,0.0,PowerCons,HYDRA
6,0.1,bottom,linear_interpolation,0,0,0,1.0351349650857713,1.0675879169644773,-0.032452951878706005,-0.03135139051614051,0.0,PowerCons,HYDRA
6,0.1,random,linear_interpolation,0,0,0,1.0351349650857713,,-0.023623861811409054,-0.022821989195836306,0.0,PowerCons,HYDRA
6,0.2,top,linear_interpolation,0,0,0,1.0351349650857713,0.9552557051779892,0.07987925990778211,0.07716789156404523,0.0,PowerCons,HYDRA
6,0.2,bottom,linear_interpolation,0,0,0,1.0351349650857713,0.8625411068270717,0.17259385825869955,0.16673544740028276,0.0,PowerCons,HYDRA
6,0.2,random,linear_interpolation,0,0,0,1.0351349650857713,,0.09320827527596305,0.09004447572086807,0.0,PowerCons,HYDRA
7,0.05,top,linear_interpolation,0,0,0,0.4082730184180141,0.403684107605747,0.0045889108122670885,0.011239781630112699,0.0,PowerCons,HYDRA
7,0.05,bottom,linear_interpolation,0,0,0,0.4082730184180141,0.4698110921641647,-0.06153807374615061,-0.1507273815380151,0.0,PowerCons,HYDRA
7,0.05,random,linear_interpolation,0,0,0,0.4082730184180141,,-0.07096783624961292,-0.17382403250787326,0.0,PowerCons,HYDRA
7,0.1,top,linear_interpolation,0,0,0,0.4082730184180141,0.3170393737005588,0.09123364471745532,0.22346179428945473,0.0,PowerCons,HYDRA
7,0.1,bottom,linear_interpolation,0,0,0,0.4082730184180141,0.5272398177756216,-0.11896679935760746,-0.2913895912813205,0.0,PowerCons,HYDRA
7,0.1,random,linear_interpolation,0,0,0,0.4082730184180141,,0.010961376940372003,0.0268480884060301,0.0,PowerCons,HYDRA
7,0.2,top,linear_interpolation,0,0,0,0.4082730184180141,0.639828684782459,-0.2315556663644449,-0.567157487174129,0.0,PowerCons,HYDRA
7,0.2,bottom,linear_interpolation,0,0,0,0.4082730184180141,0.315364321538993,0.09290869687902109,0.22756455882014,0.0,PowerCons,HYDRA
7,0.2,random,linear_interpolation,0,0,0,0.4082730184180141,,0.021165335998757705,0.0518410063926415,0.0,PowerCons,HYDRA
8,0.05,top,linear_interpolation,0,0,0,0.9371865184617315,0.9603668366609733,-0.023180318199241823,-0.024733916897750865,0.0,PowerCons,HYDRA
8,0.05,bottom,linear_interpolation,0,0,0,0.9371865184617315,0.941074989786049,-0.0038884713243174662,-0.004149085692796969,0.0,PowerCons,HYDRA
8,0.05,random,linear_interpolation,0,0,0,0.9371865184617315,,0.0981514299142465,0.10472976643494891,0.0,PowerCons,HYDRA
8,0.1,top,linear_interpolation,0,0,0,0.9371865184617315,0.8705594886490426,0.06662702981268886,0.07109252790951405,0.0,PowerCons,HYDRA
8,0.1,bottom,linear_interpolation,0,0,0,0.9371865184617315,0.884118429957798,0.05306808850393352,0.056624834900744,0.0,PowerCons,HYDRA
8,0.1,random,linear_interpolation,0,0,0,0.9371865184617315,,0.21422925168309961,0.2285873930915431,0.0,PowerCons,HYDRA
8,0.2,top,linear_interpolation,0,0,0,0.9371865184617315,0.4932561503845255,0.443930368077206,0.4736836111580514,0.0,PowerCons,HYDRA
8,0.2,bottom,linear_interpolation,0,0,0,0.9371865184617315,0.9133961992194687,0.023790319242262825,0.025384801625731705,0.0,PowerCons,HYDRA
8,0.2,random,linear_interpolation,0,0,0,0.9371865184617315,,0.3401893285051064,0.3629896064594222,0.0,PowerCons,HYDRA
9,0.05,top,linear_interpolation,0,0,0,0.9304032878860168,0.9437011658804687,-0.013297877994451923,-0.014292580298255286,0.0,PowerCons,HYDRA
9,0.05,bottom,linear_interpolation,0,0,0,0.9304032878860168,0.8719937209852792,0.05840956690073762,0.0627786948762357,0.0,PowerCons,HYDRA
9,0.05,random,linear_interpolation,0,0,0,0.9304032878860168,,0.05656585161576333,0.06079706677221717,0.0,PowerCons,HYDRA
9,0.1,top,linear_interpolation,0,0,0,0.9304032878860168,0.9469209513021554,-0.016517663416138584,-0.017753210761386938,0.0,PowerCons,HYDRA
9,0.1,bottom,linear_interpolation,0,0,0,0.9304032878860168,0.7283704337106557,0.2020328541753611,0.21714523117085205,0.0,PowerCons,HYDRA
9,0.1,random,linear_interpolation,0,0,0,0.9304032878860168,,0.16708320496083195,0.17958129292424457,0.0,PowerCons,HYDRA
9,0.2,top,linear_interpolation,0,0,0,0.9304032878860168,0.6731582442297696,0.25724504365624723,0.2764873797397655,0.0,PowerCons,HYDRA
9,0.2,bottom,linear_interpolation,0,0,0,0.9304032878860168,0.6568983200676659,0.2735049678183509,0.29396357194331607,0.0,PowerCons,HYDRA
9,0.2,random,linear_interpolation,0,0,0,0.9304032878860168,,0.312526406678911,0.3359038761407755,0.0,PowerCons,HYDRA
10,0.05,top,linear_interpolation,0,0,0,0.5960058870586613,0.46789901930097544,0.12810686775768587,0.21494192523496308,0.0,PowerCons,HYDRA
10,0.05,bottom,linear_interpolation,0,0,0,0.5960058870586613,0.5815794549408801,0.014426432117781163,0.02420514331466317,0.0,PowerCons,HYDRA
10,0.05,random,linear_interpolation,0,0,0,0.5960058870586613,,0.03130791857439863,0.05252945771970112,0.0,PowerCons,HYDRA
10,0.1,top,linear_interpolation,0,0,0,0.5960058870586613,0.4840022451584507,0.11200364190021062,0.18792340211529598,0.0,PowerCons,HYDRA
10,0.1,bottom,linear_interpolation,0,0,0,0.5960058870586613,0.4769292681473035,0.11907661891135779,0.19979067607592563,0.0,PowerCons,HYDRA
10,0.1,random,linear_interpolation,0,0,0,0.5960058870586613,,-0.09530709424421469,-0.15990938412568073,0.0,PowerCons,HYDRA
10,0.2,top,linear_interpolation,0,0,0,0.5960058870586613,0.2602643026627611,0.3357415843959002,0.5633182966270911,0.0,PowerCons,HYDRA
10,0.2,bottom,linear_interpolation,0,0,0,0.5960058870586613,0.48671115648232266,0.10929473057633865,0.18337830140808664,0.0,PowerCons,HYDRA
10,0.2,random,linear_interpolation,0,0,0,0.5960058870586613,,0.12458879219274699,0.20903918209335132,0.0,PowerCons,HYDRA
11,0.05,top,linear_interpolation,0,0,0,0.4151447262084986,0.5217086685884617,-0.10656394237996303,-0.2566904478415452,0.0,PowerCons,HYDRA
11,0.05,bottom,linear_interpolation,0,0,0,0.4151447262084986,0.4070972874810215,0.008047438727477152,0.019384611762654852,0.0,PowerCons,HYDRA
11,0.05,random,linear_interpolation,0,0,0,0.4151447262084986,,0.04079334066980794,0.09826270173216309,0.0,PowerCons,HYDRA
11,0.1,top,linear_interpolation,0,0,0,0.4151447262084986,0.4534237728998546,-0.038279046691355956,-0.09220628871927992,0.0,PowerCons,HYDRA
11,0.1,bottom,linear_interpolation,0,0,0,0.4151447262084986,0.05246111088480458,0.36268361532369403,0.8736296496077705,0.0,PowerCons,HYDRA
11,0.1,random,linear_interpolation,0,0,0,0.4151447262084986,,0.0015615441089565697,0.0037614360702157706,0.0,PowerCons,HYDRA
11,0.2,top,linear_interpolation,0,0,0,0.4151447262084986,0.3794448792280901,0.03569984698040851,0.08599353125094916,0.0,PowerCons,HYDRA
11,0.2,bottom,linear_interpolation,0,0,1,0.4151447262084986,-0.5393361155295039,0.9544808417380025,1.0,1.0,PowerCons,HYDRA
11,0.2,random,linear_interpolation,0,0,0,0.4151447262084986,,-0.007147305217218058,-0.01721637672268478,0.0,PowerCons,HYDRA
12,0.05,top,linear_interpolation,0,0,0,1.3495942401918068,1.3428605258889226,0.006733714302884275,0.004989432462674711,0.0,PowerCons,HYDRA
12,0.05,bottom,linear_interpolation,0,0,0,1.3495942401918068,1.3656869722165936,-0.016092732024786782,-0.011924117354251824,0.0,PowerCons,HYDRA
12,0.05,random,linear_interpolation,0,0,0,1.3495942401918068,,0.03803673151078133,0.028183806802234628,0.0,PowerCons,HYDRA
12,0.1,top,linear_interpolation,0,0,0,1.3495942401918068,0.9782441849303877,0.3713500552614192,0.27515661303654443,0.0,PowerCons,HYDRA
12,0.1,bottom,linear_interpolation,0,0,0,1.3495942401918068,1.3716772075677424,-0.022082967375935514,-0.01636265949841157,0.0,PowerCons,HYDRA
12,0.1,random,linear_interpolation,0,0,0,1.3495942401918068,,0.17140224635745202,0.12700270514668682,0.0,PowerCons,HYDRA
12,0.2,top,linear_interpolation,0,0,0,1.3495942401918068,0.8725521362254178,0.477042103966389,0.3534704997170789,0.0,PowerCons,HYDRA
12,0.2,bottom,linear_interpolation,0,0,0,1.3495942401918068,1.292869828452018,0.05672441173978893,0.04203068449746989,0.0,PowerCons,HYDRA
12,0.2,random,linear_interpolation,0,0,0,1.3495942401918068,,0.14477680806799073,0.10727424323711665,0.0,PowerCons,HYDRA
13,0.05,top,linear_interpolation,0,0,0,1.3557169567120406,1.3530643381526826,0.0026526185593580554,0.0019566153463005886,0.0,PowerCons,HYDRA
13,0.05,bottom,linear_interpolation,0,0,0,1.3557169567120406,1.4150654920491383,-0.05934853533709772,-0.043776461795219525,0.0,PowerCons,HYDRA
13,0.05,random,linear_interpolation,0,0,0,1.3557169567120406,,0.026048956598150763,0.019214141458542066,0.0,PowerCons,HYDRA
13,0.1,top,linear_interpolation,0,0,0,1.3557169567120406,1.5563193022475224,-0.20060234553548173,-0.1479676097394131,0.0,PowerCons,HYDRA
13,0.1,bottom,linear_interpolation,0,0,0,1.3557169567120406,1.4211497146141945,-0.06543275790215386,-0.048264285044099346,0.0,PowerCons,HYDRA
13,0.1,random,linear_interpolation,0,0,0,1.3557169567120406,,-0.07985653100115284,-0.058903498774055596,0.0,PowerCons,HYDRA
13,0.2,top,linear_interpolation,0,0,0,1.3557169567120406,1.3216068415765965,0.03411011513544415,0.025160185395913633,0.0,PowerCons,HYDRA
13,0.2,bottom,linear_interpolation,0,0,0,1.3557169567120406,1.3844742259533311,-0.028757269241290517,-0.021211837682694842,0.0,PowerCons,HYDRA
13,0.2,random,linear_interpolation,0,0,0,1.3557169567120406,,-0.21184816116781793,-0.156262709451458,0.0,PowerCons,HYDRA
14,0.05,top,linear_interpolation,0,0,0,0.9457035497164266,0.628256935615893,0.31744661410053354,0.33567208087951067,0.0,PowerCons,HYDRA
14,0.05,bottom,linear_interpolation,0,0,0,0.9457035497164266,0.9762234065219974,-0.03051985680557079,-0.03227208414585961,0.0,PowerCons,HYDRA
14,0.05,random,linear_interpolation,0,0,0,0.9457035497164266,,0.08764206474156937,0.09267383218981998,0.0,PowerCons,HYDRA
14,0.1,top,linear_interpolation,0,0,0,0.9457035497164266,0.5990641045133814,0.3466394452030451,0.36654095119557834,0.0,PowerCons,HYDRA
14,0.1,bottom,linear_interpolation,0,0,0,0.9457035497164266,0.7610502332711611,0.1846533164452655,0.19525476164901032,0.0,PowerCons,HYDRA
14,0.1,random,linear_interpolation,0,0,0,0.9457035497164266,,0.24835227013784436,0.26261084417148445,0.0,PowerCons,HYDRA
14,0.2,top,linear_interpolation,0,0,0,0.9457035497164266,0.30486897333358354,0.640834576382843,0.6776266187732732,0.0,PowerCons,HYDRA
14,0.2,bottom,linear_interpolation,0,0,0,0.9457035497164266,0.8384581835442977,0.10724536617212888,0.11340261205710266,0.0,PowerCons,HYDRA
14,0.2,random,linear_interpolation,0,0,0,0.9457035497164266,,0.36431254516202294,0.3852287115159418,0.0,PowerCons,HYDRA
15,0.05,top,linear_interpolation,0,0,0,1.0540221312773423,1.0727593325744904,-0.018737201297148065,-0.017776840698401897,0.0,PowerCons,HYDRA
15,0.05,bottom,linear_interpolation,0,0,0,1.0540221312773423,1.0598339359605213,-0.005811804683178989,-0.005513925179360931,0.0,PowerCons,HYDRA
15,0.05,random,linear_interpolation,0,0,0,1.0540221312773423,,-0.021603002052204355,-0.02049575707700481,0.0,PowerCons,HYDRA
15,0.1,top,linear_interpolation,0,0,0,1.0540221312773423,1.1043624218274268,-0.05034029055008449,-0.047760138327399365,0.0,PowerCons,HYDRA
15,0.1,bottom,linear_interpolation,0,0,0,1.0540221312773423,1.0714369659900949,-0.017414834712752514,-0.016522250979110812,0.0,PowerCons,HYDRA
15,0.1,random,linear_interpolation,0,0,0,1.0540221312773423,,-0.03878403562570489,-0.03679619021140794,0.0,PowerCons,HYDRA
15,0.2,top,linear_interpolation,0,0,0,1.0540221312773423,0.8422421159174053,0.21178001535993707,0.20092539629873832,0.0,PowerCons,HYDRA
15,0.2,bottom,linear_interpolation,0,0,0,1.0540221312773423,0.7285458577053391,0.32547627357200326,0.30879424171419023,0.0,PowerCons,HYDRA
15,0.2,random,linear_interpolation,0,0,0,1.0540221312773423,,0.06536448586616331,0.06201428026247378,0.0,PowerCons,HYDRA
16,0.05,top,linear_interpolation,0,0,0,0.7565348424608981,0.6274875485902356,0.1290472938706625,0.17057657632041717,0.0,PowerCons,HYDRA
16,0.05,bottom,linear_interpolation,0,0,0,0.7565348424608981,0.7407344422423939,0.01580040021850415,0.020885197146916144,0.0,PowerCons,HYDRA
16,0.05,random,linear_interpolation,0,0,0,0.7565348424608981,,0.005401649878555004,0.007139978802569671,0.0,PowerCons,HYDRA
16,0.1,top,linear_interpolation,0,0,0,0.7565348424608981,1.2279682382379389,-0.4714333957770408,-0.6231474694490857,0.0,PowerCons,HYDRA
16,0.1,bottom,linear_interpolation,0,0,0,0.7565348424608981,0.7830559988419534,-0.026521156381055344,-0.03505604743694097,0.0,PowerCons,HYDRA
16,0.1,random,linear_interpolation,0,0,0,0.7565348424608981,,0.057839948812832276,0.07645367947761413,0.0,PowerCons,HYDRA
16,0.2,top,linear_interpolation,0,0,0,0.7565348424608981,1.4164690589045899,-0.6599342164436918,-0.872310575923309,0.0,PowerCons,HYDRA
16,0.2,bottom,linear_interpolation,0,0,0,0.7565348424608981,0.6151043710963228,0.14143047136457532,0.18694483912952903,0.0,PowerCons,HYDRA
16,0.2,random,linear_interpolation,0,0,0,0.7565348424608981,,0.22366762228659587,0.2956470926202762,0.0,PowerCons,HYDRA
17,0.05,top,linear_interpolation,0,0,0,0.37740718862490996,0.265078149682054,0.11232903894285595,0.2976327550075895,0.0,PowerCons,HYDRA
17,0.05,bottom,linear_interpolation,0,0,0,0.37740718862490996,0.4196791953054101,-0.04227200668050013,-0.11200606652049219,0.0,PowerCons,HYDRA
17,0.05,random,linear_interpolation,0,0,0,0.37740718862490996,,0.00021620639202747373,0.0005728714917798264,0.0,PowerCons,HYDRA
17,0.1,top,linear_interpolation,0,0,0,0.37740718862490996,0.18661885541894868,0.19078833320596128,0.505522505754579,0.0,PowerCons,HYDRA
17,0.1,bottom,linear_interpolation,0,0,0,0.37740718862490996,0.468813716778123,-0.09140652815321304,-0.24219540250637786,0.0,PowerCons,HYDRA
17,0.1,random,linear_interpolation,0,0,0,0.37740718862490996,,0.030208072423186138,0.08004085055295043,0.0,PowerCons,HYDRA
17,0.2,top,linear_interpolation,0,0,1,0.37740718862490996,-0.09643013260416788,0.47383732122907785,1.0,1.0,PowerCons,HYDRA
17,0.2,bottom,linear_interpolation,0,0,0,0.37740718862490996,0.43362620227803206,-0.056219013653122096,-0.14896076806906752,0.0,PowerCons,HYDRA
17,0.2,random,linear_interpolation,0,0,0,0.37740718862490996,,0.2361676957057144,0.5680944697987468,0.4,PowerCons,HYDRA
18,0.05,top,linear_interpolation,0,0,0,0.49756412438553,0.7996742714762651,-0.30211014709073514,-0.6071770955888985,0.0,PowerCons,HYDRA
18,0.05,bottom,linear_interpolation,0,0,0,0.49756412438553,0.371472942179222,0.126091182206308,0.25341643942996367,0.0,PowerCons,HYDRA
18,0.05,random,linear_interpolation,0,0,0,0.49756412438553,,0.005757303632490718,0.01157095493700593,0.0,PowerCons,HYDRA
18,0.1,top,linear_interpolation,0,0,0,0.49756412438553,0.9500214506226967,-0.4524573262371667,-0.9093429263072461,0.0,PowerCons,HYDRA
18,0.1,bottom,linear_interpolation,0,0,0,0.49756412438553,0.6027894239064214,-0.10522529952089144,-0.21148045625352024,0.0,PowerCons,HYDRA
18,0.1,random,linear_interpolation,0,0,0,0.49756412438553,,0.006029697274942425,0.012118408183026941,0.0,PowerCons,HYDRA
18,0.2,top,linear_interpolation,0,0,0,0.49756412438553,1.1823834578499615,-0.6848193334644315,-1.0,0.0,PowerCons,HYDRA
18,0.2,bottom,linear_interpolation,0,0,0,0.49756412438553,0.16992600670692581,0.3276381176786042,0.6584828831868434,0.0,PowerCons,HYDRA
18,0.2,random,linear_interpolation,0,0,0,0.49756412438553,,0.2900639283204199,0.5829667597354928,0.0,PowerCons,HYDRA
19,0.05,top,linear_interpolation,0,0,0,0.9635614090573851,1.022013188176735,-0.058451779119349845,-0.06066216217020224,0.0,PowerCons,HYDRA
19,0.05,bottom,linear_interpolation,0,0,0,0.9635614090573851,0.9369626049107369,0.02659880414664817,0.02760465113273641,0.0,PowerCons,HYDRA
19,0.05,random,linear_interpolation,0,0,0,0.9635614090573851,,0.05187245833747656,0.05383404110608812,0.0,PowerCons,HYDRA
19,0.1,top,linear_interpolation,0,0,0,0.9635614090573851,0.9418075825232644,0.021753826534120724,0.02257645828608199,0.0,PowerCons,HYDRA
19,0.1,bottom,linear_interpolation,0,0,0,0.9635614090573851,0.9786087381211087,-0.015047329063723636,-0.015616351283819635,0.0,PowerCons,HYDRA
19,0.1,random,linear_interpolation,0,0,0,0.9635614090573851,,0.01386555018249509,0.014389882847400831,0.0,PowerCons,HYDRA
19,0.2,top,linear_interpolation,0,0,0,0.9635614090573851,1.0036078814322862,-0.04004647237490111,-0.04156084961230169,0.0,PowerCons,HYDRA
19,0.2,bottom,linear_interpolation,0,0,0,0.9635614090573851,0.7366623185902399,0.22689909046714518,0.2354793922368885,0.0,PowerCons,HYDRA
19,0.2,random,linear_interpolation,0,0,0,0.9635614090573851,,0.0717971809800658,0.07451222702876312,0.0,PowerCons,HYDRA
20,0.05,top,linear_interpolation,0,0,0,1.062799637701286,1.1746219124969026,-0.11182227479561657,-0.10521472309000034,0.0,PowerCons,HYDRA
20,0.05,bottom,linear_interpolation,0,0,0,1.062799637701286,1.1216738041395233,-0.058874166438237285,-0.05539530590193778,0.0,PowerCons,HYDRA
20,0.05,random,linear_interpolation,0,0,0,1.062799637701286,,-0.025574112418213522,-0.024062944178813585,0.0,PowerCons,HYDRA
20,0.1,top,linear_interpolation,0,0,0,1.062799637701286,0.822573888712912,0.240225748988374,0.22603086643601789,0.0,PowerCons,HYDRA
20,0.1,bottom,linear_interpolation,0,0,0,1.062799637701286,1.1638890248073586,-0.10108938710607251,-0.0951160391893602,0.0,PowerCons,HYDRA
20,0.1,random,linear_interpolation,0,0,0,1.062799637701286,,-0.013299441371582899,-0.01251358053411413,0.0,PowerCons,HYDRA
20,0.2,top,linear_interpolation,0,0,0,1.062799637701286,1.1285010296100368,-0.0657013919087508,-0.061819112238072474,0.0,PowerCons,HYDRA
20,0.2,bottom,linear_interpolation,0,0,0,1.062799637701286,1.1168437502391497,-0.054044112537863676,-0.050850658741374864,0.0,PowerCons,HYDRA
20,0.2,random,linear_interpolation,0,0,0,1.062799637701286,,0.12934481959504798,0.1217018648716713,0.0,PowerCons,HYDRA
21,0.05,top,linear_interpolation,0,0,0,1.1070024370318667,1.1878439737525879,-0.08084153672072114,-0.07302735837702191,0.0,PowerCons,HYDRA
21,0.05,bottom,linear_interpolation,0,0,0,1.1070024370318667,1.1493835396838512,-0.04238110265198447,-0.0382845267089848,0.0,PowerCons,HYDRA
21,0.05,random,linear_interpolation,0,0,0,1.1070024370318667,,-0.0027890116024975155,-0.002519424519562019,0.0,PowerCons,HYDRA
21,0.1,top,linear_interpolation,0,0,0,1.1070024370318667,1.1935474010453957,-0.08654496401352896,-0.07817948988991047,0.0,PowerCons,HYDRA
21,0.1,bottom,linear_interpolation,0,0,0,1.1070024370318667,1.0635481032542211,0.043454333777645626,0.039254018844021646,0.0,PowerCons,HYDRA
21,0.1,random,linear_interpolation,0,0,0,1.1070024370318667,,-0.045564763024938594,-0.04116045307601601,0.0,PowerCons,HYDRA
21,0.2,top,linear_interpolation,0,0,0,1.1070024370318667,1.2487385196955683,-0.14173608266370152,-0.12803581084059584,0.0,PowerCons,HYDRA
21,0.2,bottom,linear_interpolation,0,0,0,1.1070024370318667,0.9136790296432308,0.19332340738863596,0.17463668216512582,0.0,PowerCons,HYDRA
21,0.2,random,linear_interpolation,0,0,0,1.1070024370318667,,-0.017299442619548255,-0.01562727091971104,0.0,PowerCons,HYDRA
22,0.05,top,linear_interpolation,0,0,0,1.049221388810414,1.096970033117921,-0.04774864430750703,-0.04550860219599719,0.0,PowerCons,HYDRA
22,0.05,bottom,linear_interpolation,0,0,0,1.049221388810414,1.1583700542996394,-0.1091486654892253,-0.10402815137501568,0.0,PowerCons,HYDRA
22,0.05,random,linear_interpolation,0,0,0,1.049221388810414,,0.07714325168655703,0.07352421422690036,0.0,PowerCons,HYDRA
22,0.1,top,linear_interpolation,0,0,0,1.049221388810414,1.0188578599590519,0.030363528851362176,0.02893907828805264,0.0,PowerCons,HYDRA
22,0.1,bottom,linear_interpolation,0,0,0,1.049221388810414,1.0485392934186075,0.0006820953918065253,0.000650096108394971,0.0,PowerCons,HYDRA
22,0.1,random,linear_interpolation,0,0,0,1.049221388810414,,0.055342483735360395,0.05274619025057836,0.0,PowerCons,HYDRA
22,0.2,top,linear_interpolation,0,0,0,1.049221388810414,0.826645148634429,0.2225762401759851,0.21213447458773474,0.0,PowerCons,HYDRA
22,0.2,bottom,linear_interpolation,0,0,0,1.049221388810414,1.1094229387979886,-0.06020154998757454,-0.0573773021140254,0.0,PowerCons,HYDRA
22,0.2,random,linear_interpolation,0,0,0,1.049221388810414,,0.0970980625115592,0.09254288084878451,0.0,PowerCons,HYDRA
23,0.05,top,linear_interpolation,0,0,0,1.210865316325549,1.144675265720744,0.06619005060480498,0.05466338415099606,0.0,PowerCons,HYDRA
23,0.05,bottom,linear_interpolation,0,0,0,1.210865316325549,1.1686485884200812,0.04221672790546771,0.034864895766179266,0.0,PowerCons,HYDRA
23,0.05,random,linear_interpolation,0,0,0,1.210865316325549,,-0.03832713431103425,-0.03165265545360977,0.0,PowerCons,HYDRA
23,0.1,top,linear_interpolation,0,0,0,1.210865316325549,1.163466083136693,0.04739923318885597,0.039144893659848405,0.0,PowerCons,HYDRA
23,0.1,bottom,linear_interpolation,0,0,0,1.210865316325549,1.1861317845283814,0.02473353179716753,0.02042631086825754,0.0,PowerCons,HYDRA
23,0.1,random,linear_interpolation,0,0,0,1.210865316325549,,-0.09555171949353328,-0.07891186517062516,0.0,PowerCons,HYDRA
23,0.2,top,linear_interpolation,0,0,0,1.210865316325549,1.5210990222720286,-0.3102337059464797,-0.25620805679680947,0.0,PowerCons,HYDRA
23,0.2,bottom,linear_interpolation,0,0,0,1.210865316325549,1.498456045932335,-0.2875907296067861,-0.2375082416030025,0.0,PowerCons,HYDRA
23,0.2,random,linear_interpolation,0,0,0,1.210865316325549,,0.048636235585355014,0.04016647827230406,0.0,PowerCons,HYDRA
24,0.05,top,linear_interpolation,0,0,0,1.1621228880205123,1.2943299516755935,-0.13220706365508117,-0.11376331303220541,0.0,PowerCons,HYDRA
24,0.05,bottom,linear_interpolation,0,0,0,1.1621228880205123,1.124167999519337,0.03795488850117534,0.032659933155513465,0.0,PowerCons,HYDRA
24,0.05,random,linear_interpolation,0,0,0,1.1621228880205123,,-0.012109441374897622,-0.010420095051590472,0.0,PowerCons,HYDRA
24,0.1,top,linear_interpolation,0,0,0,1.1621228880205123,1.351357614275415,-0.18923472625490256,-0.16283524347583367,0.0,PowerCons,HYDRA
24,0.1,bottom,linear_interpolation,0,0,0,1.1621228880205123,1.122746123170111,0.03937676485040131,0.03388344844840354,0.0,PowerCons,HYDRA
24,0.1,random,linear_interpolation,0,0,0,1.1621228880205123,,0.11804322147871424,0.10157541953619209,0.0,PowerCons,HYDRA
24,0.2,top,linear_interpolation,0,0,0,1.1621228880205123,1.7044924145402174,-0.542369526519705,-0.46670542797596454,0.0,PowerCons,HYDRA
24,0.2,bottom,linear_interpolation,0,0,0,1.1621228880205123,0.9875349831550896,0.17458790486542275,0.1502317495278448,0.0,PowerCons,HYDRA
24,0.2,random,linear_interpolation,0,0,0,1.1621228880205123,,0.4069887655402303,0.35021116916671335,0.0,PowerCons,HYDRA
25,0.05,top,linear_interpolation,0,0,0,0.7691368058398026,0.8148129165994592,-0.04567611075965661,-0.0593861209432866,0.0,PowerCons,HYDRA
25,0.05,bottom,linear_interpolation,0,0,0,0.7691368058398026,0.6371446001787059,0.1319922056610967,0.1716106069145537,0.0,PowerCons,HYDRA
25,0.05,random,linear_interpolation,0,0,0,0.7691368058398026,,0.10693116154120456,0.13902731178900907,0.0,PowerCons,HYDRA
25,0.1,top,linear_interpolation,0,0,0,0.7691368058398026,0.8904193680737381,-0.12128256223393552,-0.15768638768381704,0.0,PowerCons,HYDRA
25,0.1,bottom,linear_interpolation,0,0,0,0.7691368058398026,0.6776326307547306,0.09150417508507203,0.11896980539808581,0.0,PowerCons,HYDRA
25,0.1,random,linear_interpolation,0,0,0,0.7691368058398026,,-0.07554273684488617,-0.09821742771102367,0.0,PowerCons,HYDRA
25,0.2,top,linear_interpolation,0,0,0,0.7691368058398026,0.6200095752325352,0.1491272306072674,0.19388883172169524,0.0,PowerCons,HYDRA
25,0.2,bottom,linear_interpolation,0,0,0,0.7691368058398026,0.6882739835450921,0.08086282229471053,0.10513437472549982,0.0,PowerCons,HYDRA
25,0.2,random,linear_interpolation,0,0,0,0.7691368058398026,,0.39089004412463557,0.46663766147972285,0.2,PowerCons,HYDRA
26,0.05,top,linear_interpolation,0,0,0,0.9901114389914728,0.9369785472706058,0.05313289172086699,0.053663492779656506,0.0,PowerCons,HYDRA
26,0.05,bottom,linear_interpolation,0,0,0,0.9901114389914728,0.9598478425324904,0.030263596458982356,0.030565817847727286,0.0,PowerCons,HYDRA
26,0.05,random,linear_interpolation,0,0,0,0.9901114389914728,,0.050998597265213184,0.051507884616781796,0.0,PowerCons,HYDRA
26,0.1,top,linear_interpolation,0,0,0,0.9901114389914728,0.8471420758668752,0.14296936312459763,0.14439709824292887,0.0,PowerCons,HYDRA
26,0.1,bottom,linear_interpolation,0,0,0,0.9901114389914728,1.0241981564822134,-0.03408671749074055,-0.03442711771752028,0.0,PowerCons,HYDRA
26,0.1,random,linear_interpolation,0,0,0,0.9901114389914728,,0.0789244234672695,0.07971258652972969,0.0,PowerCons,HYDRA
26,0.2,top,linear_interpolation,0,0,0,0.9901114389914728,0.6469865292954915,0.3431249096959813,0.34655145838334067,0.0,PowerCons,HYDRA
26,0.2,bottom,linear_interpolation,0,0,0,0.9901114389914728,0.7363088684050761,0.25380257058639666,0.2563371194941451,0.0,PowerCons,HYDRA
26,0.2,random,linear_interpolation,0,0,0,0.9901114389914728,,0.13830937947190497,0.13969057859003037,0.0,PowerCons,HYDRA
27,0.05,top,linear_interpolation,0,0,0,0.8751888964258581,0.9038320146249964,-0.02864311819913834,-0.03272788947417293,0.0,PowerCons,HYDRA
27,0.05,bottom,linear_interpolation,0,0,0,0.8751888964258581,0.8435315438034724,0.03165735262238567,0.03617198136275278,0.0,PowerCons,HYDRA
27,0.05,random,linear_interpolation,0,0,0,0.8751888964258581,,-0.011609974053845274,-0.013265662802162861,0.0,PowerCons,HYDRA
27,0.1,top,linear_interpolation,0,0,0,0.8751888964258581,0.8961691980148204,-0.020980301588962358,-0.02397228495740491,0.0,PowerCons,HYDRA
27,0.1,bottom,linear_interpolation,0,0,0,0.8751888964258581,0.8633089382502596,0.011879958175598504,0.013574149135078501,0.0,PowerCons,HYDRA
27,0.1,random,linear_interpolation,0,0,0,0.8751888964258581,,0.06804634226819264,0.07775037457137418,0.0,PowerCons,HYDRA
27,0.2,top,linear_interpolation,0,0,0,0.8751888964258581,0.9012639815559681,-0.02607508513011003,-0.02979363134400511,0.0,PowerCons,HYDRA
27,0.2,bottom,linear_interpolation,0,0,0,0.8751888964258581,0.4543871407251917,0.42080175570066636,0.4808119442639323,0.0,PowerCons,HYDRA
27,0.2,random,linear_interpolation,0,0,0,0.8751888964258581,,-0.036615303941830345,-0.041836981998263065,0.0,PowerCons,HYDRA
28,0.05,top,linear_interpolation,0,0,0,0.7232285916542041,0.7236046238860847,-0.00037603223188065193,-0.00051993479832673,0.0,PowerCons,HYDRA
28,0.05,bottom,linear_interpolation,0,0,0,0.7232285916542041,0.710486295501571,0.012742296152633004,0.017618604520161067,0.0,PowerCons,HYDRA
28,0.05,random,linear_interpolation,0,0,0,0.7232285916542041,,0.051291280853506246,0.07091977629979225,0.0,PowerCons,HYDRA
28,0.1,top,linear_interpolation,0,0,0,0.7232285916542041,0.8296220200717109,-0.10639342841750687,-0.14710878764537125,0.0,PowerCons,HYDRA
28,0.1,bottom,linear_interpolation,0,0,0,0.7232285916542041,0.8582582052423062,-0.13502961358810217,-0.18670366249707263,0.0,PowerCons,HYDRA
28,0.1,random,linear_interpolation,0,0,0,0.7232285916542041,,0.01803265415958579,0.02493351263233115,0.0,PowerCons,HYDRA
28,0.2,top,linear_interpolation,0,0,0,0.7232285916542041,0.673129611175353,0.050098980478851085,0.06927119832619458,0.0,PowerCons,HYDRA
28,0.2,bottom,linear_interpolation,0,0,0,0.7232285916542041,0.39382770523933386,0.3294008864148702,0.45545825311357807,0.0,PowerCons,HYDRA
28,0.2,random,linear_interpolation,0,0,0,0.7232285916542041,,0.15263413739773052,0.21104520495160975,0.0,PowerCons,HYDRA
30,0.05,top,linear_interpolation,1,1,1,0.9040011512495534,0.9023742143191068,0.0016269369304465764,0.0017997047110980314,0.0,PowerCons,HYDRA
30,0.05,bottom,linear_interpolation,1,1,1,0.9040011512495534,0.8809528695942412,0.02304828165531214,0.02549582611441106,0.0,PowerCons,HYDRA
30,0.05,random,linear_interpolation,1,1,1,0.9040011512495534,,0.018191119337063966,0.02012287173423134,0.0,PowerCons,HYDRA
30,0.1,top,linear_interpolation,1,1,1,0.9040011512495534,0.9012345729741174,0.002766578275436027,0.00306036691573348,0.0,PowerCons,HYDRA
30,0.1,bottom,linear_interpolation,1,1,1,0.9040011512495534,0.9087111136716464,-0.004709962422092984,-0.005210123024135127,0.0,PowerCons,HYDRA
30,0.1,random,linear_interpolation,1,1,1,0.9040011512495534,,0.00941162488757985,0.010411064702191986,0.0,PowerCons,HYDRA
30,0.2,top,linear_interpolation,1,1,1,0.9040011512495534,0.2153542424366085,0.6886469088129449,0.7617757411982542,0.0,PowerCons,HYDRA
30,0.2,bottom,linear_interpolation,1,1,1,0.9040011512495534,1.1105570410697725,-0.2065558898202191,-0.22849048482319212,0.0,PowerCons,HYDRA
30,0.2,random,linear_interpolation,1,1,1,0.9040011512495534,,-0.03919764223118958,-0.04336012052295318,0.0,PowerCons,HYDRA
31,0.05,top,linear_interpolation,1,1,1,1.0150814419910146,0.6249931225346604,0.39008831945635414,0.3842922538303615,0.0,PowerCons,HYDRA
31,0.05,bottom,linear_interpolation,1,1,1,1.0150814419910146,1.0122032796526184,0.0028781623383962174,0.002835397618296795,0.0,PowerCons,HYDRA
31,0.05,random,linear_interpolation,1,1,1,1.0150814419910146,,0.03314395405583348,0.0326514898541875,0.0,PowerCons,HYDRA
31,0.1,top,linear_interpolation,1,1,1,1.0150814419910146,0.2932730797524201,0.7218083622385945,0.7110834867981924,0.0,PowerCons,HYDRA
31,0.1,bottom,linear_interpolation,1,1,1,1.0150814419910146,0.9641231274212404,0.05095831456977418,0.05020115850868521,0.0,PowerCons,HYDRA
31,0.1,random,linear_interpolation,1,1,1,1.0150814419910146,,0.32865515184979566,0.256843481765003,0.2,PowerCons,HYDRA
31,0.2,top,linear_interpolation,1,1,0,1.0150814419910146,-0.4837227870806402,1.4988042290716548,1.0,1.0,PowerCons,HYDRA
31,0.2,bottom,linear_interpolation,1,1,1,1.0150814419910146,0.8733307894127046,0.14175065257831,0.1396444729161858,0.0,PowerCons,HYDRA
31,0.2,random,linear_interpolation,1,1,1,1.0150814419910146,,-0.17060734882738843,-0.16807240650597188,0.0,PowerCons,HYDRA
32,0.05,top,linear_interpolation,1,1,1,0.6649265434216876,0.6203875987865416,0.04453894463514596,0.06698315489526954,0.0,PowerCons,HYDRA
32,0.05,bottom,linear_interpolation,1,1,1,0.6649265434216876,0.8350157248338143,-0.1700891814121267,-0.25580107651557843,0.0,PowerCons,HYDRA
32,0.05,random,linear_interpolation,1,1,1,0.6649265434216876,,0.017328527007181238,0.02606077485978308,0.0,PowerCons,HYDRA
32,0.1,top,linear_interpolation,1,1,1,0.6649265434216876,0.6927317054364922,-0.027805162014804652,-0.041816829953712734,0.0,PowerCons,HYDRA
32,0.1,bottom,linear_interpolation,1,1,1,0.6649265434216876,0.6402422687315591,0.02468427469012846,0.03712325490850368,0.0,PowerCons,HYDRA
32,0.1,random,linear_interpolation,1,1,1,0.6649265434216876,,0.004394689105314642,0.006609275174103578,0.0,PowerCons,HYDRA
32,0.2,top,linear_interpolation,1,1,1,0.6649265434216876,0.894236173287996,-0.22930962986630843,-0.3448640865233094,0.0,PowerCons,HYDRA
32,0.2,bottom,linear_interpolation,1,1,1,0.6649265434216876,0.6544252727071856,0.010501270714501909,0.015793105306576467,0.0,PowerCons,HYDRA
32,0.2,random,linear_interpolation,1,1,1,0.6649265434216876,,-0.17005117959132993,-0.2557439246932893,0.0,PowerCons,HYDRA
33,0.05,top,linear_interpolation,1,1,1,0.29903272017924315,0.506711800788275,-0.2076790806090319,-0.6945005415594852,0.0,PowerCons,HYDRA
33,0.05,bottom,linear_interpolation,1,1,1,0.29903272017924315,0.29319226260105813,0.005840457578185021,0.01953110028756692,0.0,PowerCons,HYDRA
33,0.05,random,linear_interpolation,1,1,1,0.29903272017924315,,-0.07999723251463034,-0.17758049111692106,0.0,PowerCons,HYDRA
33,0.1,top,linear_interpolation,1,1,1,0.29903272017924315,0.4858254613472398,-0.18679274116799666,-0.6246544404959803,0.0,PowerCons,HYDRA
33,0.1,bottom,linear_interpolation,1,1,1,0.29903272017924315,0.3824833487527506,-0.08345062857350743,-0.27906761994428747,0.0,PowerCons,HYDRA
33,0.1,random,linear_interpolation,1,1,1,0.29903272017924315,,-0.036273589811842796,-0.12130267379244097,0.0,PowerCons,HYDRA
33,0.2,top,linear_interpolation,1,1,1,0.29903272017924315,0.6597176862429931,-0.36068496606374995,-1.0,0.0,PowerCons,HYDRA
33,0.2,bottom,linear_interpolation,1,1,1,0.29903272017924315,0.281016685704023,0.018016034475220155,0.060247501400247455,0.0,PowerCons,HYDRA
33,0.2,random,linear_interpolation,1,1,1,0.29903272017924315,,0.026539488467799088,-0.033485388992545585,0.2,PowerCons,HYDRA
34,0.05,top,linear_interpolation,1,1,1,1.0250146438555807,0.8361021409591246,0.1889125028964561,0.184302068001484,0.0,PowerCons,HYDRA
34,0.05,bottom,linear_interpolation,1,1,1,1.0250146438555807,1.050550816278232,-0.02553617242265127,-0.024912958719924848,0.0,PowerCons,HYDRA
34,0.05,random,linear_interpolation,1,1,1,1.0250146438555807,,-0.09531378623226408,-0.09298764053370223,0.0,PowerCons,HYDRA
34,0.1,top,linear_interpolation,1,1,1,1.0250146438555807,0.9246949264770677,0.10031971737851297,0.0978714012609231,0.0,PowerCons,HYDRA
34,0.1,bottom,linear_interpolation,1,1,1,1.0250146438555807,1.1942357386707574,-0.16922109481517666,-0.1650912313676054,0.0,PowerCons,HYDRA
34,0.1,random,linear_interpolation,1,1,1,1.0250146438555807,,-0.08836533603727251,-0.08620876819488106,0.0,PowerCons,HYDRA
34,0.2,top,linear_interpolation,1,1,1,1.0250146438555807,0.7000298626510241,0.32498478120455665,0.3170534841615991,0.0,PowerCons,HYDRA
34,0.2,bottom,linear_interpolation,1,1,1,1.0250146438555807,1.487039715053188,-0.4620250711976073,-0.4507492875520485,0.0,PowerCons,HYDRA
34,0.2,random,linear_interpolation,1,1,1,1.0250146438555807,,-0.23069963533342425,-0.22506937988346318,0.0,PowerCons,HYDRA
35,0.05,top,linear_interpolation,1,1,1,0.6403443309831354,0.47495171463395786,0.1653926163491775,0.25828659685118155,0.0,PowerCons,HYDRA
35,0.05,bottom,linear_interpolation,1,1,1,0.6403443309831354,0.6509560185369753,-0.0106116875538399,-0.016571819985862248,0.0,PowerCons,HYDRA
35,0.05,random,linear_interpolation,1,1,1,0.6403443309831354,,-0.059527108063452364,-0.09296094651312467,0.0,PowerCons,HYDRA
35,0.1,top,linear_interpolation,1,1,1,0.6403443309831354,0.42892465923367495,0.2114196717494604,0.3301650867429039,0.0,PowerCons,HYDRA
35,0.1,bottom,linear_interpolation,1,1,1,0.6403443309831354,0.633916683274953,0.006427647708182382,0.01003778336029074,0.0,PowerCons,HYDRA
35,0.1,random,linear_interpolation,1,1,1,0.6403443309831354,,-0.042295955696303046,-0.066051790572698,0.0,PowerCons,HYDRA
35,0.2,top,linear_interpolation,1,1,1,0.6403443309831354,0.7006442065542868,-0.06029987557115146,-0.0941677445802124,0.0,PowerCons,HYDRA
35,0.2,bottom,linear_interpolation,1,1,1,0.6403443309831354,1.0101150838293398,-0.3697707528462044,-0.5774552182312125,0.0,PowerCons,HYDRA
35,0.2,random,linear_interpolation,1,1,1,0.6403443309831354,,0.07229410103805496,0.11289861507549426,0.0,PowerCons,HYDRA
36,0.05,top,linear_interpolation,1,1,1,0.8823728326646316,0.7348665502463914,0.14750628241824026,0.16716982865730984,0.0,PowerCons,HYDRA
36,0.05,bottom,linear_interpolation,1,1,1,0.8823728326646316,1.0125191533525233,-0.13014632068789167,-0.14749567118833298,0.0,PowerCons,HYDRA
36,0.05,random,linear_interpolation,1,1,1,0.8823728326646316,,-0.06190129487022376,-0.0701531398356312,0.0,PowerCons,HYDRA
36,0.1,top,linear_interpolation,1,1,1,0.8823728326646316,0.8274165029241821,0.054956329740449505,0.062282365711696076,0.0,PowerCons,HYDRA
36,0.1,bottom,linear_interpolation,1,1,1,0.8823728326646316,0.9070881849858458,-0.024715352321214135,-0.028010069435737476,0.0,PowerCons,HYDRA
36,0.1,random,linear_interpolation,1,1,1,0.8823728326646316,,0.0013410290752675857,0.0015197969677068547,0.0,PowerCons,HYDRA
36,0.2,top,linear_interpolation,1,1,1,0.8823728326646316,0.7214243239399983,0.1609485087246333,0.1824039911049876,0.0,PowerCons,HYDRA
36,0.2,bottom,linear_interpolation,1,1,1,0.8823728326646316,1.226910993632044,-0.3445381609674123,-0.39046733732681155,0.0,PowerCons,HYDRA
36,0.2,random,linear_interpolation,1,1,1,0.8823728326646316,,0.10239481543348347,0.1160447098983739,0.0,PowerCons,HYDRA
37,0.05,top,linear_interpolation,1,1,1,0.998415796983697,0.8105428274537766,0.1878729695299204,0.1881708822382604,0.0,PowerCons,HYDRA
37,0.05,bottom,linear_interpolation,1,1,1,0.998415796983697,0.9828198359141368,0.015595961069560182,0.015620691795928236,0.0,PowerCons,HYDRA
37,0.05,random,linear_interpolation,1,1,1,0.998415796983697,,0.040377423748366795,0.04044145077521778,0.0,PowerCons,HYDRA
37,0.1,top,linear_interpolation,1,1,1,0.998415796983697,0.8918347797321767,0.10658101725152025,0.10675002421184286,0.0,PowerCons,HYDRA
37,0.1,bottom,linear_interpolation,1,1,1,0.998415796983697,0.9800341291748066,0.01838166780889039,0.018410815868105373,0.0,PowerCons,HYDRA
37,0.1,random,linear_interpolation,1,1,1,0.998415796983697,,0.05087686661945854,0.050957542754851405,0.0,PowerCons,HYDRA
37,0.2,top,linear_interpolation,1,1,1,0.998415796983697,1.1553808949038458,-0.1569650979201488,-0.15721399959851823,0.0,PowerCons,HYDRA
37,0.2,bottom,linear_interpolation,1,1,1,0.998415796983697,0.7563801296086549,0.24203566737504212,0.24241946660578295,0.0,PowerCons,HYDRA
37,0.2,random,linear_interpolation,1,1,1,0.998415796983697,,-0.07308484539971985,-0.0732007370273772,0.0,PowerCons,HYDRA
38,0.05,top,linear_interpolation,1,1,1,0.9695158560496792,1.0565619096087124,-0.08704605355903328,-0.0897829192095789,0.0,PowerCons,HYDRA
38,0.05,bottom,linear_interpolation,1,1,1,0.9695158560496792,0.9200153896820974,0.049500466367581764,0.051056839351171945,0.0,PowerCons,HYDRA
38,0.05,random,linear_interpolation,1,1,1,0.9695158560496792,,0.052653039545822365,0.054308534418224044,0.0,PowerCons,HYDRA
38,0.1,top,linear_interpolation,1,1,1,0.9695158560496792,0.870308215692965,0.09920764035671414,0.10232688553857451,0.0,PowerCons,HYDRA
38,0.1,bottom,linear_interpolation,1,1,1,0.9695158560496792,0.97622261871546,-0.006706762665780852,-0.00691763389561655,0.0,PowerCons,HYDRA
38,0.1,random,linear_interpolation,1,1,1,0.9695158560496792,,0.0010358848842910273,0.0010684547440585669,0.0,PowerCons,HYDRA
38,0.2,top,linear_interpolation,1,1,1,0.9695158560496792,0.7738849263803335,0.1956309296693457,0.201781875630764,0.0,PowerCons,HYDRA
38,0.2,bottom,linear_interpolation,1,1,1,0.9695158560496792,0.9044557434639942,0.065060112585685,0.06710570546527068,0.0,PowerCons,HYDRA
38,0.2,random,linear_interpolation,1,1,1,0.9695158560496792,,-0.18380977098011456,-0.18958904100858245,0.0,PowerCons,HYDRA
39,0.05,top,linear_interpolation,1,1,1,0.9901650961822777,1.0012940332770561,-0.011128937094778468,-0.01123946491168262,0.0,PowerCons,HYDRA
39,0.05,bottom,linear_interpolation,1,1,1,0.9901650961822777,1.0092782652642707,-0.01911316908199301,-0.019302992857144347,0.0,PowerCons,HYDRA
39,0.05,random,linear_interpolation,1,1,1,0.9901650961822777,,0.012831193109458882,0.01295862700099642,0.0,PowerCons,HYDRA
39,0.1,top,linear_interpolation,1,1,1,0.9901650961822777,0.9993856968216503,-0.00922060063937269,-0.009312175679337023,0.0,PowerCons,HYDRA
39,0.1,bottom,linear_interpolation,1,1,1,0.9901650961822777,1.1341606936669897,-0.14399559748471202,-0.14542569982945988,0.0,PowerCons,HYDRA
39,0.1,random,linear_interpolation,1,1,1,0.9901650961822777,,-0.023922196870983403,-0.02415978184187354,0.0,PowerCons,HYDRA
39,0.2,top,linear_interpolation,1,1,1,0.9901650961822777,0.6876280118248591,0.30253708435741855,0.3055417525644355,0.0,PowerCons,HYDRA
39,0.2,bottom,linear_interpolation,1,1,1,0.9901650961822777,1.24073514940844,-0.2505700532261623,-0.25305860722990803,0.0,PowerCons,HYDRA
39,0.2,random,linear_interpolation,1,1,1,0.9901650961822777,,0.11253378788088589,0.11365142506370948,0.0,PowerCons,HYDRA
40,0.05,top,linear_interpolation,1,1,1,1.002777288350296,0.5397371301096923,0.4630401582406036,0.4617572634149933,0.0,PowerCons,HYDRA
40,0.05,bottom,linear_interpolation,1,1,1,1.002777288350296,1.0652881486839663,-0.06251086033367037,-0.06233766831600342,0.0,PowerCons,HYDRA
40,0.05,random,linear_interpolation,1,1,1,1.002777288350296,,0.15639496602953573,0.15596165956766608,0.0,PowerCons,HYDRA
40,0.1,top,linear_interpolation,1,1,1,1.002777288350296,0.4443316251512907,0.5584456631990051,0.5568984387543161,0.0,PowerCons,HYDRA
40,0.1,bottom,linear_interpolation,1,1,1,1.002777288350296,0.9930695364093524,0.009707751940943532,0.00968085573224175,0.0,PowerCons,HYDRA
40,0.1,random,linear_interpolation,1,1,1,1.002777288350296,,-0.047124995295491766,-0.046994431214719135,0.0,PowerCons,HYDRA
40,0.2,top,linear_interpolation,1,1,1,1.002777288350296,0.545601698032549,0.4571755903177469,0.4559089438103629,0.0,PowerCons,HYDRA
40,0.2,bottom,linear_interpolation,1,1,1,1.002777288350296,0.7464477358855149,0.25632955246478095,0.25561936815213393,0.0,PowerCons,HYDRA
40,0.2,random,linear_interpolation,1,1,1,1.002777288350296,,-0.0688416719914902,-0.06865093988497092,0.0,PowerCons,HYDRA
41,0.05,top,linear_interpolation,1,1,1,0.8953491007064701,0.817656930062158,0.07769217064431211,0.08677295125449766,0.0,PowerCons,HYDRA
41,0.05,bottom,linear_interpolation,1,1,1,0.8953491007064701,0.8957206899330697,-0.00037158922659963345,-0.00041502114793580007,0.0,PowerCons,HYDRA
41,0.05,random,linear_interpolation,1,1,1,0.8953491007064701,,0.008476273995273486,0.009466993959776557,0.0,PowerCons,HYDRA
41,0.1,top,linear_interpolation,1,1,1,0.8953491007064701,0.259683297743552,0.6356658029629181,0.7099634014240352,0.0,PowerCons,HYDRA
41,0.1,bottom,linear_interpolation,1,1,1,0.8953491007064701,0.8972259143582485,-0.0018768136517783862,-0.0020961785231246397,0.0,PowerCons,HYDRA
41,0.1,random,linear_interpolation,1,1,1,0.8953491007064701,,0.10130605832980581,0.11314686651609344,0.0,PowerCons,HYDRA
41,0.2,top,linear_interpolation,1,1,1,0.8953491007064701,0.6220162320845228,0.2733328686219473,0.3052804354478497,0.0,PowerCons,HYDRA
41,0.2,bottom,linear_interpolation,1,1,1,0.8953491007064701,1.335888153701955,-0.4405390529954848,-0.49202993627618996,0.0,PowerCons,HYDRA
41,0.2,random,linear_interpolation,1,1,1,0.8953491007064701,,0.019569838104452786,0.021857190934597905,0.0,PowerCons,HYDRA
42,0.05,top,linear_interpolation,1,1,1,1.0275493231482111,0.8807034404368739,0.14684588271133725,0.14290870179616166,0.0,PowerCons,HYDRA
42,0.05,bottom,linear_interpolation,1,1,1,1.0275493231482111,1.008150829199981,0.019398493948230122,0.018878388251387018,0.0,PowerCons,HYDRA
42,0.05,random,linear_interpolation,1,1,1,1.0275493231482111,,0.0714149827053611,0.06950022893921119,0.0,PowerCons,HYDRA
42,0.1,top,linear_interpolation,1,1,1,1.0275493231482111,0.4948991158669316,0.5326502072812795,0.5183689745231597,0.0,PowerCons,HYDRA
42,0.1,bottom,linear_interpolation,1,1,1,1.0275493231482111,0.9561233660886758,0.07142595705953536,0.06951090905280469,0.0,PowerCons,HYDRA
42,0.1,random,linear_interpolation,1,1,1,1.0275493231482111,,-0.06994245631189236,-0.06806718341307363,0.0,PowerCons,HYDRA
42,0.2,top,linear_interpolation,1,1,1,1.0275493231482111,0.24492554005362255,0.7826237830945886,0.7616403454545992,0.0,PowerCons,HYDRA
42,0.2,bottom,linear_interpolation,1,1,1,1.0275493231482111,1.3791194134521312,-0.35157009030392006,-0.342143914885627,0.0,PowerCons,HYDRA
42,0.2,random,linear_interpolation,1,1,1,1.0275493231482111,,0.06128491296320495,0.059641763116223934,0.0,PowerCons,HYDRA
43,0.05,top,linear_interpolation,1,1,1,0.5429012402789191,0.6385592212770267,-0.09565798099810763,-0.17619743279925093,0.0,PowerCons,HYDRA
43,0.05,bottom,linear_interpolation,1,1,1,0.5429012402789191,0.5916805720441437,-0.04877933176522464,-0.08984919962784457,0.0,PowerCons,HYDRA
43,0.05,random,linear_interpolation,1,1,1,0.5429012402789191,,-0.03210381573669914,-0.05913369545169979,0.0,PowerCons,HYDRA
43,0.1,top,linear_interpolation,1,1,1,0.5429012402789191,0.6831298494025996,-0.14022860912368051,-0.2582944013118039,0.0,PowerCons,HYDRA
43,0.1,bottom,linear_interpolation,1,1,1,0.5429012402789191,0.5295015113354935,0.01339972894342556,0.024681660802396713,0.0,PowerCons,HYDRA
43,0.1,random,linear_interpolation,1,1,1,0.5429012402789191,,-0.18085037961782796,-0.3331177626471297,0.0,PowerCons,HYDRA
43,0.2,top,linear_interpolation,1,1,1,0.5429012402789191,0.8390514304809856,-0.29615019020206657,-0.5454945075377065,0.0,PowerCons,HYDRA
43,0.2,bottom,linear_interpolation,1,1,1,0.5429012402789191,0.5649589487874712,-0.022057708508552154,-0.0406292456948048,0.0,PowerCons,HYDRA
43,0.2,random,linear_interpolation,1,1,1,0.5429012402789191,,-0.11852377547609846,-0.21831513425917387,0.0,PowerCons,HYDRA
44,0.05,top,linear_interpolation,1,1,1,0.568960354158727,0.5335937178463414,0.03536663631238568,0.06215999743019313,0.0,PowerCons,HYDRA
44,0.05,bottom,linear_interpolation,1,1,1,0.568960354158727,0.5542090064365462,0.014751347722180785,0.025926800852743858,0.0,PowerCons,HYDRA
44,0.05,random,linear_interpolation,1,1,1,0.568960354158727,,-0.00034294814874266113,-0.0006027617627031134,0.0,PowerCons,HYDRA
44,0.1,top,linear_interpolation,1,1,1,0.568960354158727,0.5309524757929045,0.038007878365822534,0.06680221439999458,0.0,PowerCons,HYDRA
44,0.1,bottom,linear_interpolation,1,1,1,0.568960354158727,0.6526446179089296,-0.08368426375020255,-0.1470825094508204,0.0,PowerCons,HYDRA
44,0.1,random,linear_interpolation,1,1,1,0.568960354158727,,-0.163540588261251,-0.2874370764655255,0.0,PowerCons,HYDRA
44,0.2,top,linear_interpolation,1,1,1,0.568960354158727,0.7955376788751919,-0.22657732471646486,-0.3982297269583182,0.0,PowerCons,HYDRA
44,0.2,bottom,linear_interpolation,1,1,1,0.568960354158727,0.6086887368101969,-0.03972838265146983,-0.06982615314921113,0.0,PowerCons,HYDRA
44,0.2,random,linear_interpolation,1,1,1,0.568960354158727,,-0.2824649409787104,-0.4808223999864861,0.0,PowerCons,HYDRA
45,0.05,top,linear_interpolation,1,1,1,0.773112683959429,0.8953480124403023,-0.12223532848087326,-0.15810783202653525,0.0,PowerCons,HYDRA
45,0.05,bottom,linear_interpolation,1,1,1,0.773112683959429,0.7636256638820038,0.00948702007742519,0.012271183752482958,0.0,PowerCons,HYDRA
45,0.05,random,linear_interpolation,1,1,1,0.773112683959429,,0.03804223155796136,0.049206516903350685,0.0,PowerCons,HYDRA
45,0.1,top,linear_interpolation,1,1,1,0.773112683959429,0.839809330980777,-0.06669664702134803,-0.08627016751245098,0.0,PowerCons,HYDRA
45,0.1,bottom,linear_interpolation,1,1,1,0.773112683959429,0.7928275987165075,-0.01971491475707854,-0.025500667193096953,0.0,PowerCons,HYDRA
45,0.1,random,linear_interpolation,1,1,1,0.773112683959429,,-0.01749985244851675,-0.022635548705971554,0.0,PowerCons,HYDRA
45,0.2,top,linear_interpolation,1,1,1,0.773112683959429,0.979418946673713,-0.20630626271428398,-0.26685113327409477,0.0,PowerCons,HYDRA
45,0.2,bottom,linear_interpolation,1,1,1,0.773112683959429,0.707987909990604,0.06512477396882499,0.08423699556744951,0.0,PowerCons,HYDRA
45,0.2,random,linear_interpolation,1,1,1,0.773112683959429,,0.08595872057223593,0.11118509781382528,0.0,PowerCons,HYDRA
46,0.05,top,linear_interpolation,1,1,1,0.5102466645441984,0.21147372867744718,0.29877293586675124,0.585544935582691,0.0,PowerCons,HYDRA
46,0.05,bottom,linear_interpolation,1,1,1,0.5102466645441984,0.5255542762870699,-0.01530761174287143,-0.030000356310392207,0.0,PowerCons,HYDRA
46,0.05,random,linear_interpolation,1,1,1,0.5102466645441984,,0.0067222312998991285,0.01317444795343466,0.0,PowerCons,HYDRA
46,0.1,top,linear_interpolation,1,1,1,0.5102466645441984,0.1211760558573363,0.3890706086868621,0.7625132572324791,0.0,PowerCons,HYDRA
46,0.1,bottom,linear_interpolation,1,1,1,0.5102466645441984,0.5534727411305475,-0.04322607658634903,-0.08471587346698128,0.0,PowerCons,HYDRA
46,0.1,random,linear_interpolation,1,1,1,0.5102466645441984,,-0.009577891587417653,-0.018771064039996208,0.0,PowerCons,HYDRA
46,0.2,top,linear_interpolation,1,1,1,0.5102466645441984,0.33837910310692515,0.17186756143727328,0.3368316474134216,0.0,PowerCons,HYDRA
46,0.2,bottom,linear_interpolation,1,1,1,0.5102466645441984,0.5412332288383075,-0.030986564294109065,-0.06072847843760187,0.0,PowerCons,HYDRA
46,0.2,random,linear_interpolation,1,1,1,0.5102466645441984,,0.20868592698802574,0.4089894799899648,0.0,PowerCons,HYDRA
47,0.05,top,linear_interpolation,1,1,1,0.9045986623904393,0.9195274680289903,-0.014928805638551035,-0.0165032182292674,0.0,PowerCons,HYDRA
47,0.05,bottom,linear_interpolation,1,1,1,0.9045986623904393,0.9854987125429412,-0.0809000501525019,-0.08943188187658661,0.0,PowerCons,HYDRA
47,0.05,random,linear_interpolation,1,1,1,0.9045986623904393,,0.15471684910821232,0.1710335030408558,0.0,PowerCons,HYDRA
47,0.1,top,linear_interpolation,1,1,1,0.9045986623904393,0.5415075712273754,0.36309109116306393,0.40138318226162256,0.0,PowerCons,HYDRA
47,0.1,bottom,linear_interpolation,1,1,1,0.9045986623904393,0.8717427842996663,0.03285587809077295,0.03632090465737079,0.0,PowerCons,HYDRA
47,0.1,random,linear_interpolation,1,1,1,0.9045986623904393,,0.013897784940307845,0.015363464655273485,0.0,PowerCons,HYDRA
47,0.2,top,linear_interpolation,1,1,0,0.9045986623904393,-0.7307337661575434,1.6353324285479827,1.0,1.0,PowerCons,HYDRA
47,0.2,bottom,linear_interpolation,1,1,1,0.9045986623904393,0.7960646865669719,0.10853397582346735,0.1199801197544803,0.0,PowerCons,HYDRA
47,0.2,random,linear_interpolation,1,1,1,0.9045986623904393,,0.1729933528618742,0.1912374722810891,0.0,PowerCons,HYDRA
48,0.05,top,linear_interpolation,1,1,1,0.9505402208103553,0.9393382285609395,0.01120199224941576,0.011784856883813874,0.0,PowerCons,HYDRA
48,0.05,bottom,linear_interpolation,1,1,1,0.9505402208103553,0.9024129511102997,0.04812726970005554,0.050631438854409794,0.0,PowerCons,HYDRA
48,0.05,random,linear_interpolation,1,1,1,0.9505402208103553,,0.10840447911502049,0.1140450058784442,0.0,PowerCons,HYDRA
48,0.1,top,linear_interpolation,1,1,1,0.9505402208103553,0.8075039185200977,0.14303630229025754,0.15047880003385466,0.0,PowerCons,HYDRA
48,0.1,bottom,linear_interpolation,1,1,1,0.9505402208103553,0.8516130015642,0.09892721924615533,0.10407462304666588,0.0,PowerCons,HYDRA
48,0.1,random,linear_interpolation,1,1,1,0.9505402208103553,,0.08123051045317069,0.08545711503591613,0.0,PowerCons,HYDRA
48,0.2,top,linear_interpolation,1,1,1,0.9505402208103553,1.1784624781974478,-0.2279222573870925,-0.23978156064897874,0.0,PowerCons,HYDRA
48,0.2,bottom,linear_interpolation,1,1,1,0.9505402208103553,0.5480028179416557,0.40253740286869955,0.4234823214984074,0.0,PowerCons,HYDRA
48,0.2,random,linear_interpolation,1,1,1,0.9505402208103553,,0.12652344250280867,0.133106739332088,0.0,PowerCons,HYDRA
49,0.05,top,linear_interpolation,1,1,1,0.7226064507981557,0.6471163986668672,0.07549005213128845,0.10446896450888508,0.0,PowerCons,HYDRA
49,0.05,bottom,linear_interpolation,1,1,1,0.7226064507981557,1.09067305094931,-0.36806660015115444,-0.5093589884031872,0.0,PowerCons,HYDRA
49,0.05,random,linear_interpolation,1,1,1,0.7226064507981557,,0.022397993282155016,0.03099607298183172,0.0,PowerCons,HYDRA
49,0.1,top,linear_interpolation,1,1,1,0.7226064507981557,0.9186023014797033,-0.19599585068154768,-0.27123419564116114,0.0,PowerCons,HYDRA
49,0.1,bottom,linear_interpolation,1,1,1,0.7226064507981557,0.6522743830623096,0.0703320677358461,0.09733094733269199,0.0,PowerCons,HYDRA
49,0.1,random,linear_interpolation,1,1,1,0.7226064507981557,,0.0037854473679122423,0.005238594431500851,0.0,PowerCons,HYDRA
49,0.2,top,linear_interpolation,1,1,1,0.7226064507981557,1.0833125627990845,-0.36070611200092884,-0.4991729764237984,0.0,PowerCons,HYDRA
49,0.2,bottom,linear_interpolation,1,1,1,0.7226064507981557,0.9473016939948267,-0.224695243196671,-0.3109506315614155,0.0,PowerCons,HYDRA
49,0.2,random,linear_interpolation,1,1,1,0.7226064507981557,,0.030692691678810124,0.042474917252663946,0.0,PowerCons,HYDRA
52,0.05,top,linear_interpolation,1,1,1,0.7231684223088574,0.7617092713918632,-0.03854084908300581,-0.053294356611424114,0.0,PowerCons,HYDRA
52,0.05,bottom,linear_interpolation,1,1,1,0.7231684223088574,0.6063242859917986,0.11684413631705881,0.16157228543210725,0.0,PowerCons,HYDRA
52,0.05,random,linear_interpolation,1,1,1,0.7231684223088574,,0.02570434896166096,0.03554402076292839,0.0,PowerCons,HYDRA
52,0.1,top,linear_interpolation,1,1,1,0.7231684223088574,0.7452424598766777,-0.022074037567820337,-0.03052401952691076,0.0,PowerCons,HYDRA
52,0.1,bottom,linear_interpolation,1,1,1,0.7231684223088574,0.6304789314616862,0.09268949084717115,0.1281711974923416,0.0,PowerCons,HYDRA
52,0.1,random,linear_interpolation,1,1,1,0.7231684223088574,,0.041406418886515486,0.05725687177745642,0.0,PowerCons,HYDRA
52,0.2,top,linear_interpolation,1,1,0,0.7231684223088574,-0.8922980901722681,1.6154665124811256,1.0,1.0,PowerCons,HYDRA
52,0.2,bottom,linear_interpolation,1,1,1,0.7231684223088574,0.8132030114300134,-0.09003458912115603,-0.12449999452922567,0.0,PowerCons,HYDRA
52,0.2,random,linear_interpolation,1,1,1,0.7231684223088574,,0.14227944015766697,0.19674427010950285,0.0,PowerCons,HYDRA
