sample_idx,fraction,mode,perturbation,true_label,base_pred,masked_pred,score_before,score_after,score_drop,bounded_relative_score_drop,flipped,dataset,model
0,0.05,top,global_mean,2,2,2,0.3566265754039828,0.19264154594949257,0.16398502945449023,0.4598215078257206,0.0,Haptics,HYDRA
0,0.05,bottom,global_mean,2,2,2,0.3566265754039828,0.4910302243712973,-0.1344036489673145,-0.3768739666725544,0.0,Haptics,HYDRA
0,0.05,random,global_mean,2,2,2,0.3566265754039828,,-0.002365180239514353,-0.0066320733522502034,0.0,Haptics,HYDRA
0,0.1,top,global_mean,2,2,0,0.3566265754039828,-0.31491466707359705,0.6715412424775798,1.0,1.0,Haptics,HYDRA
0,0.1,bottom,global_mean,2,2,2,0.3566265754039828,0.37253315196710834,-0.015906576563125552,-0.04460276675214137,0.0,Haptics,HYDRA
0,0.1,random,global_mean,2,2,1,0.3566265754039828,,0.12228175166157322,0.3428836133130035,0.4,Haptics,HYDRA
0,0.2,top,global_mean,2,2,0,0.3566265754039828,-1.7578161649664055,2.1144427403703885,1.0,1.0,Haptics,HYDRA
0,0.2,bottom,global_mean,2,2,2,0.3566265754039828,0.18351053188812716,0.17311604351585563,0.4854252880466469,0.0,Haptics,HYDRA
0,0.2,random,global_mean,2,2,0,0.3566265754039828,,0.5069308889571921,0.9300280206734716,0.8,Haptics,HYDRA
1,0.05,top,global_mean,3,3,3,0.9627492676680105,0.8855620444490904,0.07718722321892013,0.08017367100388795,0.0,Haptics,HYDRA
1,0.05,bottom,global_mean,3,3,3,0.9627492676680105,0.9343174922226083,0.028431775445402208,0.029531828138848634,0.0,Haptics,HYDRA
1,0.05,random,global_mean,3,3,3,0.9627492676680105,,0.17089242113224673,0.17750441300440783,0.0,Haptics,HYDRA
1,0.1,top,global_mean,3,3,3,0.9627492676680105,0.8427420665593264,0.12000720110868413,0.12465039495586694,0.0,Haptics,HYDRA
1,0.1,bottom,global_mean,3,3,3,0.9627492676680105,-0.009676893442886136,0.9724261611108966,1.0,0.0,Haptics,HYDRA
1,0.1,random,global_mean,3,3,3,0.9627492676680105,,0.16077900702379191,0.16699970119274385,0.0,Haptics,HYDRA
1,0.2,top,global_mean,3,3,3,0.9627492676680105,0.6280566666937413,0.3346926009742692,0.347642179092785,0.0,Haptics,HYDRA
1,0.2,bottom,global_mean,3,3,3,0.9627492676680105,0.9187008545095257,0.044048413158484845,0.0457526885608452,0.0,Haptics,HYDRA
1,0.2,random,global_mean,3,3,3,0.9627492676680105,,0.29666246435970484,0.30814061997436315,0.0,Haptics,HYDRA
2,0.05,top,global_mean,0,0,0,0.0016192484867814105,0.20421574074279802,-0.2025964922560166,-1.0,0.0,Haptics,HYDRA
2,0.05,bottom,global_mean,0,0,0,0.0016192484867814105,0.02683079471599492,-0.02521154622921351,-1.0,0.0,Haptics,HYDRA
2,0.05,random,global_mean,0,0,1,0.0016192484867814105,,-0.07278208773519017,-0.6,0.2,Haptics,HYDRA
2,0.1,top,global_mean,0,0,0,0.0016192484867814105,0.14738257747828132,-0.1457633289914999,-1.0,0.0,Haptics,HYDRA
2,0.1,bottom,global_mean,0,0,0,0.0016192484867814105,0.04252767077961894,-0.04090842229283753,-1.0,0.0,Haptics,HYDRA
2,0.1,random,global_mean,0,0,0,0.0016192484867814105,,-0.0865319589362578,-0.6,0.0,Haptics,HYDRA
2,0.2,top,global_mean,0,0,0,0.0016192484867814105,0.7929424139421684,-0.791323165455387,-1.0,0.0,Haptics,HYDRA
2,0.2,bottom,global_mean,0,0,0,0.0016192484867814105,0.5296921554454979,-0.5280729069587164,-1.0,0.0,Haptics,HYDRA
2,0.2,random,global_mean,0,0,0,0.0016192484867814105,,-0.275430880236755,-0.6,0.0,Haptics,HYDRA
5,0.05,top,global_mean,3,3,3,-0.17733846429239752,0.04256210969268481,-0.21990057398508234,-1.0,0.0,Haptics,HYDRA
5,0.05,bottom,global_mean,3,3,3,-0.17733846429239752,-0.16701857791128694,-0.010319886381110588,-0.05819283610835289,0.0,Haptics,HYDRA
5,0.05,random,global_mean,3,3,3,-0.17733846429239752,,0.03407121778678952,0.10476024700317241,0.4,Haptics,HYDRA
5,0.1,top,global_mean,3,3,3,-0.17733846429239752,0.17887730615704078,-0.3562157704494383,-1.0,0.0,Haptics,HYDRA
5,0.1,bottom,global_mean,3,3,4,-0.17733846429239752,-0.3418898777552012,0.16455141346280366,0.9278894244965751,1.0,Haptics,HYDRA
5,0.1,random,global_mean,3,3,3,-0.17733846429239752,,0.0705023923812436,0.25832482759823455,0.6,Haptics,HYDRA
5,0.2,top,global_mean,3,3,3,-0.17733846429239752,0.28355284469621633,-0.46089130898861386,-1.0,0.0,Haptics,HYDRA
5,0.2,bottom,global_mean,3,3,4,-0.17733846429239752,-0.4124165642747532,0.23507809998235568,1.0,1.0,Haptics,HYDRA
5,0.2,random,global_mean,3,3,3,-0.17733846429239752,,-0.06286264205220446,-0.30243316108384494,0.2,Haptics,HYDRA
6,0.05,top,global_mean,0,0,2,0.19707173977980086,-0.1305606062511495,0.32763234603095037,1.0,1.0,Haptics,HYDRA
6,0.05,bottom,global_mean,0,0,0,0.19707173977980086,0.18655829223733944,0.010513447542461418,0.053348055921933264,0.0,Haptics,HYDRA
6,0.05,random,global_mean,0,0,0,0.19707173977980086,,-0.0593749180881795,-0.301284277848484,0.0,Haptics,HYDRA
6,0.1,top,global_mean,0,0,0,0.19707173977980086,0.33068208162815393,-0.13361034184835308,-0.6779747518486957,0.0,Haptics,HYDRA
6,0.1,bottom,global_mean,0,0,0,0.19707173977980086,0.32049470316978357,-0.12342296338998271,-0.6262812580161483,0.0,Haptics,HYDRA
6,0.1,random,global_mean,0,0,0,0.19707173977980086,,-0.05880679417902983,-0.29840146457971595,0.2,Haptics,HYDRA
6,0.2,top,global_mean,0,0,0,0.19707173977980086,0.07113410925550712,0.12593763052429374,0.6390413542989766,0.0,Haptics,HYDRA
6,0.2,bottom,global_mean,0,0,0,0.19707173977980086,0.299828631947489,-0.10275689216768813,-0.5214160633403864,0.0,Haptics,HYDRA
6,0.2,random,global_mean,0,0,0,0.19707173977980086,,-0.02257964347184129,-0.04757301615735306,0.0,Haptics,HYDRA
7,0.05,top,global_mean,0,0,0,0.22446971710190933,0.39083500188187514,-0.16636528477996582,-0.7411447111136383,0.0,Haptics,HYDRA
7,0.05,bottom,global_mean,0,0,0,0.22446971710190933,0.3057105317936748,-0.08124081469176547,-0.3619216606096655,0.0,Haptics,HYDRA
7,0.05,random,global_mean,0,0,0,0.22446971710190933,,0.03798992003015602,0.16924220905352505,0.0,Haptics,HYDRA
7,0.1,top,global_mean,0,0,0,0.22446971710190933,0.4349755061298701,-0.2105057890279608,-0.9377873058265838,0.0,Haptics,HYDRA
7,0.1,bottom,global_mean,0,0,0,0.22446971710190933,0.06042856253011741,0.16404115457179191,0.7307908875139268,0.0,Haptics,HYDRA
7,0.1,random,global_mean,0,0,0,0.22446971710190933,,-0.016859677831060016,0.07410880581322936,0.0,Haptics,HYDRA
7,0.2,top,global_mean,0,0,0,0.22446971710190933,0.972780148159762,-0.7483104310578527,-1.0,0.0,Haptics,HYDRA
7,0.2,bottom,global_mean,0,0,0,0.22446971710190933,0.1422782848128391,0.08219143228907022,0.3661565898226068,0.0,Haptics,HYDRA
7,0.2,random,global_mean,0,0,0,0.22446971710190933,,0.006974777998327264,0.13839931310407552,0.0,Haptics,HYDRA
8,0.05,top,global_mean,1,1,1,0.8316118454761176,0.39526985659970637,0.4363419888764112,0.5246936615398182,0.0,Haptics,HYDRA
8,0.05,bottom,global_mean,1,1,1,0.8316118454761176,0.5563593206481025,0.2752525248280151,0.33098637944971454,0.0,Haptics,HYDRA
8,0.05,random,global_mean,1,1,1,0.8316118454761176,,0.43660630559292163,0.5250114977997418,0.0,Haptics,HYDRA
8,0.1,top,global_mean,1,1,1,0.8316118454761176,-0.04484081670614182,0.8764526621822594,1.0,0.0,Haptics,HYDRA
8,0.1,bottom,global_mean,1,1,1,0.8316118454761176,0.4037447472640756,0.42786709821204194,0.5145027527407638,0.0,Haptics,HYDRA
8,0.1,random,global_mean,1,1,1,0.8316118454761176,,0.7141902077591917,0.8588013179982823,0.0,Haptics,HYDRA
8,0.2,top,global_mean,1,1,4,0.8316118454761176,-0.5427133031892952,1.3743251486654127,1.0,1.0,Haptics,HYDRA
8,0.2,bottom,global_mean,1,1,1,0.8316118454761176,0.059274041651935616,0.7723378038241819,0.9287227921329193,0.0,Haptics,HYDRA
8,0.2,random,global_mean,1,1,2,0.8316118454761176,,1.1028555026966163,0.9508414203411217,0.6,Haptics,HYDRA
11,0.05,top,global_mean,1,1,3,0.5314205350758038,-0.3513863607617245,0.8828068958375284,1.0,1.0,Haptics,HYDRA
11,0.05,bottom,global_mean,1,1,3,0.5314205350758038,0.19311518652971793,0.33830534854608585,0.6366045149032751,1.0,Haptics,HYDRA
11,0.05,random,global_mean,1,1,2,0.5314205350758038,,0.539664002284605,0.7563394289147871,0.4,Haptics,HYDRA
11,0.1,top,global_mean,1,1,3,0.5314205350758038,-0.5455686210013756,1.0769891560771794,1.0,1.0,Haptics,HYDRA
11,0.1,bottom,global_mean,1,1,1,0.5314205350758038,0.2708211632594758,0.260599371816328,0.4903816548931446,0.0,Haptics,HYDRA
11,0.1,random,global_mean,1,1,1,0.5314205350758038,,0.3459478187123168,0.44566183361149897,0.2,Haptics,HYDRA
11,0.2,top,global_mean,1,1,3,0.5314205350758038,-0.7328537183479308,1.2642742534237346,1.0,1.0,Haptics,HYDRA
11,0.2,bottom,global_mean,1,1,1,0.5314205350758038,0.3661050012198953,0.16531553385590847,0.31108173633258446,0.0,Haptics,HYDRA
11,0.2,random,global_mean,1,1,1,0.5314205350758038,,0.47634764659633627,0.8181062375397017,0.2,Haptics,HYDRA
13,0.05,top,global_mean,3,3,3,0.07246751261219586,0.34602372885295374,-0.2735562162407579,-1.0,0.0,Haptics,HYDRA
13,0.05,bottom,global_mean,3,3,3,0.07246751261219586,-0.10701604365840289,0.17948355627059875,1.0,0.0,Haptics,HYDRA
13,0.05,random,global_mean,3,3,3,0.07246751261219586,,-0.12318081280395163,-0.2,0.2,Haptics,HYDRA
13,0.1,top,global_mean,3,3,3,0.07246751261219586,0.02840878564082605,0.04405872697136981,0.607970625906776,0.0,Haptics,HYDRA
13,0.1,bottom,global_mean,3,3,3,0.07246751261219586,-0.1787408971023292,0.25120840971452507,1.0,0.0,Haptics,HYDRA
13,0.1,random,global_mean,3,3,3,0.07246751261219586,,0.0905553901579255,0.06386285531094979,0.4,Haptics,HYDRA
13,0.2,top,global_mean,3,3,3,0.07246751261219586,0.04876826952891422,0.02369924308328164,0.32702814269287556,0.0,Haptics,HYDRA
13,0.2,bottom,global_mean,3,3,3,0.07246751261219586,-0.1602848734570404,0.23275238606923626,1.0,0.0,Haptics,HYDRA
13,0.2,random,global_mean,3,3,3,0.07246751261219586,,0.0640606387097031,0.2524536711242937,0.0,Haptics,HYDRA
14,0.05,top,global_mean,3,3,3,0.8639756784613295,0.7184677071874235,0.14550797127390602,0.1684165497766023,0.0,Haptics,HYDRA
14,0.05,bottom,global_mean,3,3,3,0.8639756784613295,0.7819411402499392,0.08203453821139028,0.09494994512755478,0.0,Haptics,HYDRA
14,0.05,random,global_mean,3,3,3,0.8639756784613295,,2.6655472699754766e-06,3.085207432584891e-06,0.0,Haptics,HYDRA
14,0.1,top,global_mean,3,3,3,0.8639756784613295,0.7244197015899945,0.13955597687133503,0.16152748141289253,0.0,Haptics,HYDRA
14,0.1,bottom,global_mean,3,3,3,0.8639756784613295,0.7649564037059213,0.09901927475540817,0.11460873565679255,0.0,Haptics,HYDRA
14,0.1,random,global_mean,3,3,3,0.8639756784613295,,0.18102425636901698,0.2095244708357245,0.0,Haptics,HYDRA
14,0.2,top,global_mean,3,3,3,0.8639756784613295,0.7601960176505482,0.10377966081078127,0.12011859046427527,0.0,Haptics,HYDRA
14,0.2,bottom,global_mean,3,3,3,0.8639756784613295,0.7942411202515391,0.06973455820979035,0.08071347288445539,0.0,Haptics,HYDRA
14,0.2,random,global_mean,3,3,3,0.8639756784613295,,0.2393112415797741,0.27698808028703675,0.0,Haptics,HYDRA
16,0.05,top,global_mean,2,2,1,-0.24059685541126408,-0.5343671042827326,0.2937702488714685,1.0,1.0,Haptics,HYDRA
16,0.05,bottom,global_mean,2,2,2,-0.24059685541126408,-0.16356800054450116,-0.07702885486676292,-0.32015603270899584,0.0,Haptics,HYDRA
16,0.05,random,global_mean,2,2,2,-0.24059685541126408,,-0.0026790184554115306,-0.011134839297848998,0.0,Haptics,HYDRA
16,0.1,top,global_mean,2,2,1,-0.24059685541126408,-0.6810370745443731,0.44044021913310905,1.0,1.0,Haptics,HYDRA
16,0.1,bottom,global_mean,2,2,0,-0.24059685541126408,-0.3480706643341515,0.10747380892288744,0.44669479176852145,1.0,Haptics,HYDRA
16,0.1,random,global_mean,2,2,1,-0.24059685541126408,,0.29013543222672594,0.6798577359450453,0.8,Haptics,HYDRA
16,0.2,top,global_mean,2,2,0,-0.24059685541126408,-1.0080123156309904,0.7674154602197263,1.0,1.0,Haptics,HYDRA
16,0.2,bottom,global_mean,2,2,0,-0.24059685541126408,-0.5350434465196395,0.29444659110837546,1.0,1.0,Haptics,HYDRA
16,0.2,random,global_mean,2,2,2,-0.24059685541126408,,0.5876308014150168,1.0,1.0,Haptics,HYDRA
18,0.05,top,global_mean,1,1,4,0.20502028466014555,-0.3909526166072064,0.595972901267352,1.0,1.0,Haptics,HYDRA
18,0.05,bottom,global_mean,1,1,1,0.20502028466014555,0.05301139815942213,0.15200888650072342,0.741429782535514,0.0,Haptics,HYDRA
18,0.05,random,global_mean,1,1,2,0.20502028466014555,,0.2792078041678037,1.0,0.2,Haptics,HYDRA
18,0.1,top,global_mean,1,1,4,0.20502028466014555,-0.40332443595331546,0.608344720613461,1.0,1.0,Haptics,HYDRA
18,0.1,bottom,global_mean,1,1,1,0.20502028466014555,-0.07786804196847263,0.2828883266286182,1.0,0.0,Haptics,HYDRA
18,0.1,random,global_mean,1,1,2,0.20502028466014555,,0.6320609130082059,1.0,0.6,Haptics,HYDRA
18,0.2,top,global_mean,1,1,4,0.20502028466014555,-0.7537033570011722,0.9587236416613177,1.0,1.0,Haptics,HYDRA
18,0.2,bottom,global_mean,1,1,1,0.20502028466014555,-0.25298756644223747,0.458007851102383,1.0,0.0,Haptics,HYDRA
18,0.2,random,global_mean,1,1,2,0.20502028466014555,,0.5537363086391638,1.0,0.4,Haptics,HYDRA
20,0.05,top,global_mean,3,3,3,0.7038749689983701,0.7691283562661622,-0.06525338726779206,-0.09270580349638724,0.0,Haptics,HYDRA
20,0.05,bottom,global_mean,3,3,3,0.7038749689983701,0.9754883959839422,-0.2716134269855721,-0.38588251190345874,0.0,Haptics,HYDRA
20,0.05,random,global_mean,3,3,3,0.7038749689983701,,0.045648923466429105,0.06485364677442881,0.0,Haptics,HYDRA
20,0.1,top,global_mean,3,3,3,0.7038749689983701,0.5160636269335466,0.18781134206482353,0.26682448376818846,0.0,Haptics,HYDRA
20,0.1,bottom,global_mean,3,3,3,0.7038749689983701,0.7078829356235936,-0.0040079666252235135,-0.005694137606270223,0.0,Haptics,HYDRA
20,0.1,random,global_mean,3,3,3,0.7038749689983701,,0.06851150357079568,0.097334625116253,0.0,Haptics,HYDRA
20,0.2,top,global_mean,3,3,3,0.7038749689983701,0.36683715855360566,0.33703781044476444,0.47883125051758213,0.0,Haptics,HYDRA
20,0.2,bottom,global_mean,3,3,3,0.7038749689983701,0.6225016095612459,0.0813733594371242,0.11560752607156081,0.0,Haptics,HYDRA
20,0.2,random,global_mean,3,3,3,0.7038749689983701,,0.23042348984359134,0.32736376860754135,0.0,Haptics,HYDRA
21,0.05,top,global_mean,3,3,3,0.49781670132520417,0.39299733410235604,0.10481936722284813,0.21055773417420903,0.0,Haptics,HYDRA
21,0.05,bottom,global_mean,3,3,3,0.49781670132520417,0.5347915985168563,-0.036974897191652145,-0.07427397035747016,0.0,Haptics,HYDRA
21,0.05,random,global_mean,3,3,3,0.49781670132520417,,0.017238946793705523,0.03462903538346464,0.0,Haptics,HYDRA
21,0.1,top,global_mean,3,3,3,0.49781670132520417,0.4691870797710329,0.02862962155417126,0.05751025220268069,0.0,Haptics,HYDRA
21,0.1,bottom,global_mean,3,3,3,0.49781670132520417,0.5559053063861583,-0.058088605060954146,-0.11668649970927251,0.0,Haptics,HYDRA
21,0.1,random,global_mean,3,3,3,0.49781670132520417,,0.12125415617120669,0.24357140344432282,0.0,Haptics,HYDRA
21,0.2,top,global_mean,3,3,3,0.49781670132520417,0.37592030736084703,0.12189639396435714,0.24486150982551574,0.0,Haptics,HYDRA
21,0.2,bottom,global_mean,3,3,3,0.49781670132520417,0.5540445796206048,-0.05622787829540066,-0.1129487323285623,0.0,Haptics,HYDRA
21,0.2,random,global_mean,3,3,3,0.49781670132520417,,-0.03755339245434457,-0.0754360328175885,0.0,Haptics,HYDRA
22,0.05,top,global_mean,3,3,3,0.2275126877570417,0.3538839316747462,-0.1263712439177045,-0.5554445763837047,0.0,Haptics,HYDRA
22,0.05,bottom,global_mean,3,3,3,0.2275126877570417,0.30779273091215864,-0.08028004315511694,-0.3528580805250133,0.0,Haptics,HYDRA
22,0.05,random,global_mean,3,3,3,0.2275126877570417,,-0.03721602951733638,-0.1823204797819367,0.0,Haptics,HYDRA
22,0.1,top,global_mean,3,3,3,0.2275126877570417,0.5394046649909161,-0.3118919772338744,-1.0,0.0,Haptics,HYDRA
22,0.1,bottom,global_mean,3,3,3,0.2275126877570417,0.2864536297433997,-0.05894094198635802,-0.25906547675188724,0.0,Haptics,HYDRA
22,0.1,random,global_mean,3,3,3,0.2275126877570417,,0.01079709720190718,0.047456912629525984,0.0,Haptics,HYDRA
22,0.2,top,global_mean,3,3,3,0.2275126877570417,0.4753781253098466,-0.24786543755280488,-1.0,0.0,Haptics,HYDRA
22,0.2,bottom,global_mean,3,3,3,0.2275126877570417,0.2623688601025934,-0.03485617234555172,-0.15320472666582627,0.0,Haptics,HYDRA
22,0.2,random,global_mean,3,3,3,0.2275126877570417,,-0.0323897963346804,-0.1423641656640411,0.0,Haptics,HYDRA
23,0.05,top,global_mean,2,2,2,-0.09020734920487528,-0.034036949726308774,-0.0561703994785665,-0.6226740648029816,0.0,Haptics,HYDRA
23,0.05,bottom,global_mean,2,2,2,-0.09020734920487528,0.35827992815809084,-0.4484872773629661,-1.0,0.0,Haptics,HYDRA
23,0.05,random,global_mean,2,2,2,-0.09020734920487528,,0.06379684713141782,0.43097696327052726,0.2,Haptics,HYDRA
23,0.1,top,global_mean,2,2,4,-0.09020734920487528,-0.23484116977342923,0.14463382056855395,1.0,1.0,Haptics,HYDRA
23,0.1,bottom,global_mean,2,2,4,-0.09020734920487528,-0.5087505803000165,0.41854323109514124,1.0,1.0,Haptics,HYDRA
23,0.1,random,global_mean,2,2,3,-0.09020734920487528,,0.16595833634367066,0.8456944654847062,0.4,Haptics,HYDRA
23,0.2,top,global_mean,2,2,4,-0.09020734920487528,-0.5068906407126725,0.41668329150779726,1.0,1.0,Haptics,HYDRA
23,0.2,bottom,global_mean,2,2,4,-0.09020734920487528,-0.3493320816236853,0.25912473241881,1.0,1.0,Haptics,HYDRA
23,0.2,random,global_mean,2,2,2,-0.09020734920487528,,0.2012889948144815,0.6487362149997808,0.4,Haptics,HYDRA
28,0.05,top,global_mean,4,4,4,0.6691244909532109,-0.16871885140819254,0.8378433423614035,1.0,0.0,Haptics,HYDRA
28,0.05,bottom,global_mean,4,4,4,0.6691244909532109,0.7414663160812122,-0.07234182512800125,-0.10811398774383234,0.0,Haptics,HYDRA
28,0.05,random,global_mean,4,4,4,0.6691244909532109,,0.3974653901068299,0.4473265840108267,0.2,Haptics,HYDRA
28,0.1,top,global_mean,4,4,4,0.6691244909532109,-0.30851386053036167,0.9776383514835726,1.0,0.0,Haptics,HYDRA
28,0.1,bottom,global_mean,4,4,4,0.6691244909532109,0.9447612972294429,-0.275636806276232,-0.4119358924490684,0.0,Haptics,HYDRA
28,0.1,random,global_mean,4,4,4,0.6691244909532109,,0.0820972529926068,0.12269335737853022,0.0,Haptics,HYDRA
28,0.2,top,global_mean,4,4,3,0.6691244909532109,-0.9333503652096247,1.6024748561628357,1.0,1.0,Haptics,HYDRA
28,0.2,bottom,global_mean,4,4,4,0.6691244909532109,0.5590205061716492,0.11010398478156169,0.16454908125636,0.0,Haptics,HYDRA
28,0.2,random,global_mean,4,4,2,0.6691244909532109,,0.9100708168414162,0.913156376835578,0.6,Haptics,HYDRA
31,0.05,top,global_mean,4,4,4,0.5023491785787436,0.3100510215892587,0.19229815698948494,0.3827970312134409,0.0,Haptics,HYDRA
31,0.05,bottom,global_mean,4,4,4,0.5023491785787436,0.7953518133140834,-0.29300263473533983,-0.5832637216618637,0.0,Haptics,HYDRA
31,0.05,random,global_mean,4,4,4,0.5023491785787436,,0.15086020622512347,0.0398092323214146,0.2,Haptics,HYDRA
31,0.1,top,global_mean,4,4,4,0.5023491785787436,0.30209399601461906,0.20025518256412456,0.3986366305884262,0.0,Haptics,HYDRA
31,0.1,bottom,global_mean,4,4,4,0.5023491785787436,0.9569523098705567,-0.45460313129181307,-0.9049526618622548,0.0,Haptics,HYDRA
31,0.1,random,global_mean,4,4,4,0.5023491785787436,,-0.10947034321160021,-0.21791640150564948,0.0,Haptics,HYDRA
31,0.2,top,global_mean,4,4,0,0.5023491785787436,-0.3493861189001347,0.8517352974788783,1.0,1.0,Haptics,HYDRA
31,0.2,bottom,global_mean,4,4,3,0.5023491785787436,-0.266403358670876,0.7687525372496196,1.0,1.0,Haptics,HYDRA
31,0.2,random,global_mean,4,4,4,0.5023491785787436,,0.3004494257307171,0.5360443753785216,0.0,Haptics,HYDRA
32,0.05,top,global_mean,1,1,3,-0.135818939947206,-0.4012420367459064,0.2654230967987004,1.0,1.0,Haptics,HYDRA
32,0.05,bottom,global_mean,1,1,3,-0.135818939947206,-0.3854911173330666,0.24967217738586062,1.0,1.0,Haptics,HYDRA
32,0.05,random,global_mean,1,1,2,-0.135818939947206,,0.13876737371678435,0.687871061442817,0.8,Haptics,HYDRA
32,0.1,top,global_mean,1,1,4,-0.135818939947206,-0.844050731635511,0.708231791688305,1.0,1.0,Haptics,HYDRA
32,0.1,bottom,global_mean,1,1,3,-0.135818939947206,-0.5606594535074373,0.4248405135602313,1.0,1.0,Haptics,HYDRA
32,0.1,random,global_mean,1,1,2,-0.135818939947206,,0.23228629548264962,0.4582265329594236,0.6,Haptics,HYDRA
32,0.2,top,global_mean,1,1,3,-0.135818939947206,-0.8668847921362024,0.7310658521889963,1.0,1.0,Haptics,HYDRA
32,0.2,bottom,global_mean,1,1,3,-0.135818939947206,-0.3980946720119289,0.2622757320647229,1.0,1.0,Haptics,HYDRA
32,0.2,random,global_mean,1,1,3,-0.135818939947206,,0.2141937670547196,0.6324907194650689,0.8,Haptics,HYDRA
34,0.05,top,global_mean,4,4,0,0.19335894799150977,-0.33499389698418436,0.5283528449756941,1.0,1.0,Haptics,HYDRA
34,0.05,bottom,global_mean,4,4,4,0.19335894799150977,0.3382023435657404,-0.14484339557423065,-0.7490868562945133,0.0,Haptics,HYDRA
34,0.05,random,global_mean,4,4,2,0.19335894799150977,,0.05718738836726918,0.16735237794658694,0.4,Haptics,HYDRA
34,0.1,top,global_mean,4,4,0,0.19335894799150977,-0.6727184952549848,0.8660774432464946,1.0,1.0,Haptics,HYDRA
34,0.1,bottom,global_mean,4,4,4,0.19335894799150977,0.483141345669598,-0.2897823976780882,-1.0,0.0,Haptics,HYDRA
34,0.1,random,global_mean,4,4,2,0.19335894799150977,,0.32792572100203443,0.5579335840103568,0.4,Haptics,HYDRA
34,0.2,top,global_mean,4,4,0,0.19335894799150977,-1.0101600342617783,1.203518982253288,1.0,1.0,Haptics,HYDRA
34,0.2,bottom,global_mean,4,4,3,0.19335894799150977,-0.3499794490136778,0.5433383970051875,1.0,1.0,Haptics,HYDRA
34,0.2,random,global_mean,4,4,1,0.19335894799150977,,0.39486553700962423,0.5538695259784376,0.8,Haptics,HYDRA
37,0.05,top,global_mean,0,0,0,-0.37527175745385616,-0.1988872675522445,-0.17638448990161165,-0.4700167715299719,0.0,Haptics,HYDRA
37,0.05,bottom,global_mean,0,0,2,-0.37527175745385616,-0.6802448486109596,0.3049730911571034,0.812670477937912,1.0,Haptics,HYDRA
37,0.05,random,global_mean,0,0,2,-0.37527175745385616,,-0.029166419302069348,-0.07772058781979578,0.8,Haptics,HYDRA
37,0.1,top,global_mean,0,0,0,-0.37527175745385616,-0.25439200330963585,-0.12087975414422031,-0.3221117220561468,0.0,Haptics,HYDRA
37,0.1,bottom,global_mean,0,0,0,-0.37527175745385616,-0.38405904803500857,0.008787290581152407,0.023415743366963962,0.0,Haptics,HYDRA
37,0.1,random,global_mean,0,0,2,-0.37527175745385616,,-0.07677497547032958,-0.20458446275511993,0.6,Haptics,HYDRA
37,0.2,top,global_mean,0,0,0,-0.37527175745385616,-0.05121534748137946,-0.3240564099724767,-0.8635223408465054,0.0,Haptics,HYDRA
37,0.2,bottom,global_mean,0,0,3,-0.37527175745385616,-0.7555622690974759,0.38029051164361977,1.0,1.0,Haptics,HYDRA
37,0.2,random,global_mean,0,0,1,-0.37527175745385616,,-0.06188551128105605,-0.1649080836587653,0.6,Haptics,HYDRA
40,0.05,top,global_mean,1,1,4,0.2981324244253798,-0.3267123612974331,0.6248447857228129,1.0,1.0,Haptics,HYDRA
40,0.05,bottom,global_mean,1,1,1,0.2981324244253798,0.18042869752407464,0.11770372690130515,0.3948021833786885,0.0,Haptics,HYDRA
40,0.05,random,global_mean,1,1,3,0.2981324244253798,,0.49781481282856993,0.9605291012186784,0.6,Haptics,HYDRA
40,0.1,top,global_mean,1,1,4,0.2981324244253798,-0.24731632209764498,0.5454487465230248,1.0,1.0,Haptics,HYDRA
40,0.1,bottom,global_mean,1,1,3,0.2981324244253798,-0.08504056380759528,0.3831729882329751,1.0,1.0,Haptics,HYDRA
40,0.1,random,global_mean,1,1,2,0.2981324244253798,,0.45382190775702413,0.9213113759019487,0.4,Haptics,HYDRA
40,0.2,top,global_mean,1,1,4,0.2981324244253798,-0.3729125511583158,0.6710449755836956,1.0,1.0,Haptics,HYDRA
40,0.2,bottom,global_mean,1,1,1,0.2981324244253798,0.0330131617563163,0.2651192626690635,0.8892638025409344,0.0,Haptics,HYDRA
40,0.2,random,global_mean,1,1,3,0.2981324244253798,,0.6133470509534155,0.9812449921252018,0.8,Haptics,HYDRA
41,0.05,top,global_mean,4,4,4,0.4447047283189386,0.024865877006252757,0.41983885131268583,0.9440824000620508,0.0,Haptics,HYDRA
41,0.05,bottom,global_mean,4,4,4,0.4447047283189386,0.40783628145610384,0.03686844686283475,0.08290526637064828,0.0,Haptics,HYDRA
41,0.05,random,global_mean,4,4,4,0.4447047283189386,,0.3712271097546923,0.6320052096091383,0.4,Haptics,HYDRA
41,0.1,top,global_mean,4,4,4,0.4447047283189386,-0.2507209551169114,0.69542568343585,1.0,0.0,Haptics,HYDRA
41,0.1,bottom,global_mean,4,4,4,0.4447047283189386,0.6071301808584578,-0.16242545253951923,-0.3652425462417909,0.0,Haptics,HYDRA
41,0.1,random,global_mean,4,4,4,0.4447047283189386,,0.5877577694192155,0.9387554078713871,0.4,Haptics,HYDRA
41,0.2,top,global_mean,4,4,3,0.4447047283189386,-0.8162415138578751,1.2609462421768138,1.0,1.0,Haptics,HYDRA
41,0.2,bottom,global_mean,4,4,4,0.4447047283189386,0.15727440664669556,0.287430321672243,0.6463382487983174,0.0,Haptics,HYDRA
41,0.2,random,global_mean,4,4,3,0.4447047283189386,,0.7158851136085819,1.0,1.0,Haptics,HYDRA
43,0.05,top,global_mean,0,0,0,0.12746218386843933,0.19985796902103536,-0.07239578515259604,-0.5679740844016503,0.0,Haptics,HYDRA
43,0.05,bottom,global_mean,0,0,0,0.12746218386843933,0.1923085259967443,-0.06484634212830498,-0.5087456641224019,0.0,Haptics,HYDRA
43,0.05,random,global_mean,0,0,0,0.12746218386843933,,-0.23168037306750283,-0.8470970896175938,0.0,Haptics,HYDRA
43,0.1,top,global_mean,0,0,0,0.12746218386843933,0.2807793812410999,-0.15331719737266059,-1.0,0.0,Haptics,HYDRA
43,0.1,bottom,global_mean,0,0,4,0.12746218386843933,-0.2656036371109083,0.3930658209793476,1.0,1.0,Haptics,HYDRA
43,0.1,random,global_mean,0,0,0,0.12746218386843933,,-0.20688721072989685,-0.8066561078479253,0.0,Haptics,HYDRA
43,0.2,top,global_mean,0,0,0,0.12746218386843933,0.40708995848271723,-0.2796277746142779,-1.0,0.0,Haptics,HYDRA
43,0.2,bottom,global_mean,0,0,4,0.12746218386843933,-0.2309951581822507,0.35845734205069,1.0,1.0,Haptics,HYDRA
43,0.2,random,global_mean,0,0,1,0.12746218386843933,,-0.21062583865703394,-0.6,0.2,Haptics,HYDRA
46,0.05,top,global_mean,1,1,3,0.4727533651020609,-0.2130710067436467,0.6858243718457075,1.0,1.0,Haptics,HYDRA
46,0.05,bottom,global_mean,1,1,1,0.4727533651020609,0.1449911179835074,0.3277622471185535,0.6933034812863005,0.0,Haptics,HYDRA
46,0.05,random,global_mean,1,1,1,0.4727533651020609,,0.32263654841203065,0.5922645885838493,0.0,Haptics,HYDRA
46,0.1,top,global_mean,1,1,1,0.4727533651020609,-0.23648971712884037,0.7092430822309013,1.0,0.0,Haptics,HYDRA
46,0.1,bottom,global_mean,1,1,1,0.4727533651020609,0.2433236039267942,0.2294297611752667,0.48530437392309667,0.0,Haptics,HYDRA
46,0.1,random,global_mean,1,1,2,0.4727533651020609,,0.2652156393914503,0.45348217891332776,0.2,Haptics,HYDRA
46,0.2,top,global_mean,1,1,4,0.4727533651020609,-0.49925694652221564,0.9720103116242765,1.0,1.0,Haptics,HYDRA
46,0.2,bottom,global_mean,1,1,1,0.4727533651020609,0.20673505559768268,0.2660183095043782,0.5626987906223747,0.0,Haptics,HYDRA
46,0.2,random,global_mean,1,1,1,0.4727533651020609,,0.584657260007694,0.8287724490062033,0.4,Haptics,HYDRA
47,0.05,top,global_mean,1,1,1,0.07206770413366959,-0.12905963941798793,0.2011273435516575,1.0,0.0,Haptics,HYDRA
47,0.05,bottom,global_mean,1,1,1,0.07206770413366959,-0.09823714370320424,0.17030484783687383,1.0,0.0,Haptics,HYDRA
47,0.05,random,global_mean,1,1,1,0.07206770413366959,,0.2894017032844185,1.0,0.2,Haptics,HYDRA
47,0.1,top,global_mean,1,1,4,0.07206770413366959,-0.5345105262540372,0.6065782303877068,1.0,1.0,Haptics,HYDRA
47,0.1,bottom,global_mean,1,1,1,0.07206770413366959,-0.2523621295862368,0.3244298337199064,1.0,0.0,Haptics,HYDRA
47,0.1,random,global_mean,1,1,1,0.07206770413366959,,0.2917563686740962,1.0,0.0,Haptics,HYDRA
47,0.2,top,global_mean,1,1,4,0.07206770413366959,-0.9685437376560081,1.0406114417896777,1.0,1.0,Haptics,HYDRA
47,0.2,bottom,global_mean,1,1,0,0.07206770413366959,-0.49474788121795954,0.5668155853516291,1.0,1.0,Haptics,HYDRA
47,0.2,random,global_mean,1,1,2,0.07206770413366959,,0.5578700624783506,1.0,0.4,Haptics,HYDRA
49,0.05,top,global_mean,2,2,2,0.23467265289487305,0.055447024716228754,0.1792256281786443,0.763722837940108,0.0,Haptics,HYDRA
49,0.05,bottom,global_mean,2,2,2,0.23467265289487305,0.3340342482323043,-0.09936159533743127,-0.4234032841426062,0.0,Haptics,HYDRA
49,0.05,random,global_mean,2,2,2,0.23467265289487305,,-0.021645089187076815,-0.09223485005695628,0.0,Haptics,HYDRA
49,0.1,top,global_mean,2,2,2,0.23467265289487305,0.12886674254989638,0.10580591034497666,0.4508640362468582,0.0,Haptics,HYDRA
49,0.1,bottom,global_mean,2,2,4,0.23467265289487305,-0.0018675070249658532,0.2365401599198389,1.0,1.0,Haptics,HYDRA
49,0.1,random,global_mean,2,2,2,0.23467265289487305,,0.2774462272572162,0.687624612864134,0.0,Haptics,HYDRA
49,0.2,top,global_mean,2,2,2,0.23467265289487305,-0.07064017844665937,0.3053128313415324,1.0,0.0,Haptics,HYDRA
49,0.2,bottom,global_mean,2,2,4,0.23467265289487305,-0.038338605443619334,0.2730112583384924,1.0,1.0,Haptics,HYDRA
49,0.2,random,global_mean,2,2,3,0.23467265289487305,,0.6347116540058104,0.9559826936613662,0.6,Haptics,HYDRA
52,0.05,top,global_mean,0,0,3,0.12349262358270019,-0.028484910468288493,0.15197753405098868,1.0,1.0,Haptics,HYDRA
52,0.05,bottom,global_mean,0,0,0,0.12349262358270019,0.03378677515949646,0.08970584842320373,0.7264006498532312,0.0,Haptics,HYDRA
52,0.05,random,global_mean,0,0,0,0.12349262358270019,,0.002464464953938039,0.022089953164854115,0.0,Haptics,HYDRA
52,0.1,top,global_mean,0,0,3,0.12349262358270019,0.08874603300898909,0.0347465905737111,0.28136343857820556,1.0,Haptics,HYDRA
52,0.1,bottom,global_mean,0,0,0,0.12349262358270019,0.019568466067321544,0.10392415751537865,0.8415346031674549,0.0,Haptics,HYDRA
52,0.1,random,global_mean,0,0,0,0.12349262358270019,,-0.023452233899092168,-0.1899064358038443,0.0,Haptics,HYDRA
52,0.2,top,global_mean,0,0,3,0.12349262358270019,0.11425736274660847,0.009235260836091719,0.07478330109819091,1.0,Haptics,HYDRA
52,0.2,bottom,global_mean,0,0,0,0.12349262358270019,-0.005296659869397757,0.12878928345209795,1.0,0.0,Haptics,HYDRA
52,0.2,random,global_mean,0,0,1,0.12349262358270019,,-0.10609889749295628,-0.45851113340517624,0.2,Haptics,HYDRA
54,0.05,top,global_mean,4,4,0,0.4421407972592343,-0.10298619597063724,0.5451269932298715,1.0,1.0,Haptics,HYDRA
54,0.05,bottom,global_mean,4,4,4,0.4421407972592343,0.2850837456430393,0.157057051616195,0.3552187388520297,0.0,Haptics,HYDRA
54,0.05,random,global_mean,4,4,2,0.4421407972592343,,0.23872429054485678,0.21476624484780998,0.4,Haptics,HYDRA
54,0.1,top,global_mean,4,4,0,0.4421407972592343,-0.42100561677352366,0.8631464140327579,1.0,1.0,Haptics,HYDRA
54,0.1,bottom,global_mean,4,4,4,0.4421407972592343,0.6068949819001209,-0.16475418464088665,-0.3726274820932364,0.0,Haptics,HYDRA
54,0.1,random,global_mean,4,4,2,0.4421407972592343,,0.15597940252539905,0.2987858299565196,0.4,Haptics,HYDRA
54,0.2,top,global_mean,4,4,0,0.4421407972592343,-0.9849630317642962,1.4271038290235305,1.0,1.0,Haptics,HYDRA
54,0.2,bottom,global_mean,4,4,4,0.4421407972592343,0.2945421566101091,0.1475986406491252,0.3338264818301852,0.0,Haptics,HYDRA
54,0.2,random,global_mean,4,4,2,0.4421407972592343,,0.32231244963401123,0.5440742778567346,0.6,Haptics,HYDRA
55,0.05,top,global_mean,4,4,3,0.3157486326515926,-0.37688414617413624,0.6926327788257288,1.0,1.0,Haptics,HYDRA
55,0.05,bottom,global_mean,4,4,4,0.3157486326515926,0.32961124302106337,-0.013862610369470785,-0.04390380521762063,0.0,Haptics,HYDRA
55,0.05,random,global_mean,4,4,4,0.3157486326515926,,0.2741219159710521,0.2186921174143539,0.4,Haptics,HYDRA
55,0.1,top,global_mean,4,4,3,0.3157486326515926,-0.6416232321250175,0.9573718647766101,1.0,1.0,Haptics,HYDRA
55,0.1,bottom,global_mean,4,4,4,0.3157486326515926,0.5983951754143243,-0.2826465427627317,-0.8951603217686471,0.0,Haptics,HYDRA
55,0.1,random,global_mean,4,4,3,0.3157486326515926,,0.3018485581850187,0.7083965886228198,0.4,Haptics,HYDRA
55,0.2,top,global_mean,4,4,3,0.3157486326515926,-0.7232331177160931,1.0389817503676857,1.0,1.0,Haptics,HYDRA
55,0.2,bottom,global_mean,4,4,4,0.3157486326515926,0.38316843238609233,-0.06741979973449974,-0.21352297124884617,0.0,Haptics,HYDRA
55,0.2,random,global_mean,4,4,3,0.3157486326515926,,0.579987079603281,0.9830217260933287,0.8,Haptics,HYDRA
57,0.05,top,global_mean,0,0,0,0.06514776330714578,0.28342047030176465,-0.21827270699461887,-1.0,0.0,Haptics,HYDRA
57,0.05,bottom,global_mean,0,0,2,0.06514776330714578,-0.09966630053704573,0.1648140638441915,1.0,1.0,Haptics,HYDRA
57,0.05,random,global_mean,0,0,0,0.06514776330714578,,-0.1293220981426512,-0.5870608396427606,0.2,Haptics,HYDRA
57,0.1,top,global_mean,0,0,0,0.06514776330714578,0.45245828357230033,-0.38731052026515456,-1.0,0.0,Haptics,HYDRA
57,0.1,bottom,global_mean,0,0,2,0.06514776330714578,-0.16092414689177337,0.22607191019891915,1.0,1.0,Haptics,HYDRA
57,0.1,random,global_mean,0,0,0,0.06514776330714578,,-0.14807139567847377,-0.7548277874460402,0.0,Haptics,HYDRA
57,0.2,top,global_mean,0,0,0,0.06514776330714578,0.5255791373066323,-0.4604313739994865,-1.0,0.0,Haptics,HYDRA
57,0.2,bottom,global_mean,0,0,0,0.06514776330714578,0.1916265914196289,-0.12647882811248312,-1.0,0.0,Haptics,HYDRA
57,0.2,random,global_mean,0,0,0,0.06514776330714578,,-0.2135357868073681,-0.6708357424219618,0.2,Haptics,HYDRA
58,0.05,top,global_mean,4,4,4,0.5759113445329532,-0.1280619914535554,0.7039733359865086,1.0,0.0,Haptics,HYDRA
58,0.05,bottom,global_mean,4,4,4,0.5759113445329532,0.4118433186440412,0.164068025888912,0.28488367621632765,0.0,Haptics,HYDRA
58,0.05,random,global_mean,4,4,4,0.5759113445329532,,0.36509541530983636,0.4595887216296009,0.2,Haptics,HYDRA
58,0.1,top,global_mean,4,4,4,0.5759113445329532,0.07006085732161071,0.5058504872113425,0.8783463178264937,0.0,Haptics,HYDRA
58,0.1,bottom,global_mean,4,4,4,0.5759113445329532,0.8122528745925427,-0.23634153005958947,-0.4103776074660372,0.0,Haptics,HYDRA
58,0.1,random,global_mean,4,4,4,0.5759113445329532,,0.11019037005020224,0.027846391025817187,0.2,Haptics,HYDRA
58,0.2,top,global_mean,4,4,2,0.5759113445329532,-0.3657088105052998,0.941620155038253,1.0,1.0,Haptics,HYDRA
58,0.2,bottom,global_mean,4,4,4,0.5759113445329532,0.46414380798340626,0.11176753654954696,0.19407039562624223,0.0,Haptics,HYDRA
58,0.2,random,global_mean,4,4,4,0.5759113445329532,,0.017181487967090958,0.02983351221794801,0.0,Haptics,HYDRA
62,0.05,top,global_mean,3,3,3,0.7198954365723556,0.7329328294853936,-0.01303739291303807,-0.018110095078554683,0.0,Haptics,HYDRA
62,0.05,bottom,global_mean,3,3,3,0.7198954365723556,0.5858985883443042,0.13399684822805136,0.186133506738901,0.0,Haptics,HYDRA
62,0.05,random,global_mean,3,3,3,0.7198954365723556,,-0.0007902804120315743,-0.0010977695844618164,0.0,Haptics,HYDRA
62,0.1,top,global_mean,3,3,3,0.7198954365723556,0.5586884373983054,0.16120699917405013,0.2239308197462476,0.0,Haptics,HYDRA
62,0.1,bottom,global_mean,3,3,3,0.7198954365723556,1.197461125366013,-0.47756568879365746,-0.6633810983528298,0.0,Haptics,HYDRA
62,0.1,random,global_mean,3,3,3,0.7198954365723556,,0.10028580947849017,0.13930588399073235,0.0,Haptics,HYDRA
62,0.2,top,global_mean,3,3,3,0.7198954365723556,0.4639969768863501,0.25589845968600544,0.3554656568442196,0.0,Haptics,HYDRA
62,0.2,bottom,global_mean,3,3,3,0.7198954365723556,0.6049214185773855,0.11497401799497009,0.15970910835785787,0.0,Haptics,HYDRA
62,0.2,random,global_mean,3,3,3,0.7198954365723556,,-0.002004171279583122,-0.0027839716628208166,0.0,Haptics,HYDRA
64,0.05,top,global_mean,0,0,0,0.4800026007184228,0.9325757627450793,-0.45257316202665643,-0.9428536814084079,0.0,Haptics,HYDRA
64,0.05,bottom,global_mean,0,0,0,0.4800026007184228,0.3908458028289892,0.08915679788943365,0.18574193559380056,0.0,Haptics,HYDRA
64,0.05,random,global_mean,0,0,0,0.4800026007184228,,-0.02448127651382479,-0.05100227681038973,0.0,Haptics,HYDRA
64,0.1,top,global_mean,0,0,0,0.4800026007184228,1.0649205321389055,-0.5849179314204827,-1.0,0.0,Haptics,HYDRA
64,0.1,bottom,global_mean,0,0,0,0.4800026007184228,0.3574540005277802,0.12254860019064262,0.2553076685408688,0.0,Haptics,HYDRA
64,0.1,random,global_mean,0,0,0,0.4800026007184228,,-0.17565203069012178,-0.3555048194447251,0.0,Haptics,HYDRA
64,0.2,top,global_mean,0,0,0,0.4800026007184228,1.1769006757420466,-0.6968980750236238,-1.0,0.0,Haptics,HYDRA
64,0.2,bottom,global_mean,0,0,0,0.4800026007184228,0.261701486719105,0.21830111399931784,0.4547905758885682,0.0,Haptics,HYDRA
64,0.2,random,global_mean,0,0,0,0.4800026007184228,,-0.19414932041625593,-0.4044747167014416,0.0,Haptics,HYDRA
66,0.05,top,global_mean,4,4,2,-0.3903370102990418,-0.5986715943514507,0.2083345840524089,0.5337286622248285,1.0,Haptics,HYDRA
66,0.05,bottom,global_mean,4,4,4,-0.3903370102990418,-0.3648383153191589,-0.025498694979882885,-0.06532465275505218,0.0,Haptics,HYDRA
66,0.05,random,global_mean,4,4,3,-0.3903370102990418,,0.01608620222925563,0.04121095513330057,0.4,Haptics,HYDRA
66,0.1,top,global_mean,4,4,2,-0.3903370102990418,-0.7709285291435855,0.3805915188445437,0.9750306370444651,1.0,Haptics,HYDRA
66,0.1,bottom,global_mean,4,4,4,-0.3903370102990418,-0.0033136008756885493,-0.3870234094233532,-0.991508383021297,0.0,Haptics,HYDRA
66,0.1,random,global_mean,4,4,4,-0.3903370102990418,,0.0491596117056903,-0.0777356956678048,0.4,Haptics,HYDRA
66,0.2,top,global_mean,4,4,2,-0.3903370102990418,-1.1476547820323617,0.7573177717333199,1.0,1.0,Haptics,HYDRA
66,0.2,bottom,global_mean,4,4,4,-0.3903370102990418,-0.18618515082817888,-0.2041518594708629,-0.5230130145779556,0.0,Haptics,HYDRA
66,0.2,random,global_mean,4,4,3,-0.3903370102990418,,-0.17535134950644818,-0.4492295007911471,0.2,Haptics,HYDRA
67,0.05,top,global_mean,2,2,2,0.10392155085501142,0.27258990895868085,-0.16866835810366942,-1.0,0.0,Haptics,HYDRA
67,0.05,bottom,global_mean,2,2,4,0.10392155085501142,-0.031305016761195126,0.13522656761620655,1.0,1.0,Haptics,HYDRA
67,0.05,random,global_mean,2,2,3,0.10392155085501142,,0.3220065384008343,0.8292197608023535,0.4,Haptics,HYDRA
67,0.1,top,global_mean,2,2,2,0.10392155085501142,0.1638922048055914,-0.05997065395057999,-0.5770706497981236,0.0,Haptics,HYDRA
67,0.1,bottom,global_mean,2,2,4,0.10392155085501142,-0.1239987924399717,0.22792034329498312,1.0,1.0,Haptics,HYDRA
67,0.1,random,global_mean,2,2,2,0.10392155085501142,,-0.09254984816696396,-0.07851629631678989,0.0,Haptics,HYDRA
67,0.2,top,global_mean,2,2,2,0.10392155085501142,-0.14090177791154346,0.24482332876655488,1.0,0.0,Haptics,HYDRA
67,0.2,bottom,global_mean,2,2,4,0.10392155085501142,-0.05023242888409807,0.1541539797391095,1.0,1.0,Haptics,HYDRA
67,0.2,random,global_mean,2,2,2,0.10392155085501142,,0.18862168630857182,0.6,0.2,Haptics,HYDRA
68,0.05,top,global_mean,4,4,0,0.06047487390653594,-0.9322810879924127,0.9927559618989487,1.0,1.0,Haptics,HYDRA
68,0.05,bottom,global_mean,4,4,4,0.06047487390653594,-0.21640338540718462,0.27687825931372056,1.0,0.0,Haptics,HYDRA
68,0.05,random,global_mean,4,4,3,0.06047487390653594,,0.4426334163671733,0.9432726934875685,0.4,Haptics,HYDRA
68,0.1,top,global_mean,4,4,0,0.06047487390653594,-0.8383241198646998,0.8987989937712357,1.0,1.0,Haptics,HYDRA
68,0.1,bottom,global_mean,4,4,4,0.06047487390653594,-0.06555556241808203,0.12603043632461797,1.0,0.0,Haptics,HYDRA
68,0.1,random,global_mean,4,4,4,0.06047487390653594,,0.2587604372683289,0.3689743365474553,0.2,Haptics,HYDRA
68,0.2,top,global_mean,4,4,0,0.06047487390653594,-0.5796646396747192,0.6401395135812551,1.0,1.0,Haptics,HYDRA
68,0.2,bottom,global_mean,4,4,4,0.06047487390653594,0.038084691988945374,0.022390181917590568,0.37023329257207716,0.0,Haptics,HYDRA
68,0.2,random,global_mean,4,4,4,0.06047487390653594,,0.11562770727340092,0.2,0.2,Haptics,HYDRA
69,0.05,top,global_mean,3,3,3,0.12979347682182762,0.2771016391225005,-0.1473081623006729,-1.0,0.0,Haptics,HYDRA
69,0.05,bottom,global_mean,3,3,0,0.12979347682182762,-0.16456780974024254,0.29436128656207017,1.0,1.0,Haptics,HYDRA
69,0.05,random,global_mean,3,3,3,0.12979347682182762,,0.05903478089448372,0.33009275394462156,0.0,Haptics,HYDRA
69,0.1,top,global_mean,3,3,3,0.12979347682182762,0.35924189209569934,-0.22944841527387172,-1.0,0.0,Haptics,HYDRA
69,0.1,bottom,global_mean,3,3,3,0.12979347682182762,0.0827635245156062,0.04702995230622142,0.36234170711886843,0.0,Haptics,HYDRA
69,0.1,random,global_mean,3,3,3,0.12979347682182762,,0.033279627574354244,0.09559206941345545,0.0,Haptics,HYDRA
69,0.2,top,global_mean,3,3,3,0.12979347682182762,0.27583324623149386,-0.14603976940966623,-1.0,0.0,Haptics,HYDRA
69,0.2,bottom,global_mean,3,3,3,0.12979347682182762,0.008208328231137596,0.12158514859069003,0.9367513284682617,0.0,Haptics,HYDRA
69,0.2,random,global_mean,3,3,3,0.12979347682182762,,-0.21713520975945735,-0.8480244062264598,0.0,Haptics,HYDRA
70,0.05,top,global_mean,3,3,3,0.46743097883672347,0.4001311036025015,0.06729987523422198,0.14397790113057327,0.0,Haptics,HYDRA
70,0.05,bottom,global_mean,3,3,3,0.46743097883672347,0.5661179745903755,-0.09868699575365203,-0.21112589686150665,0.0,Haptics,HYDRA
70,0.05,random,global_mean,3,3,3,0.46743097883672347,,-0.08255414383939305,-0.17661210096245825,0.0,Haptics,HYDRA
70,0.1,top,global_mean,3,3,3,0.46743097883672347,0.5096342010421615,-0.04220322220543804,-0.09028740889843966,0.0,Haptics,HYDRA
70,0.1,bottom,global_mean,3,3,3,0.46743097883672347,0.71376726430598,-0.24633628546925657,-0.5269992140509993,0.0,Haptics,HYDRA
70,0.1,random,global_mean,3,3,3,0.46743097883672347,,-0.13460830882594427,-0.2879741115722073,0.0,Haptics,HYDRA
70,0.2,top,global_mean,3,3,3,0.46743097883672347,0.37179465831932,0.09563632051740345,0.2045994387363252,0.0,Haptics,HYDRA
70,0.2,bottom,global_mean,3,3,3,0.46743097883672347,1.0588278418436041,-0.5913968630068807,-1.0,0.0,Haptics,HYDRA
70,0.2,random,global_mean,3,3,3,0.46743097883672347,,-0.27142021072906397,-0.5531872804784754,0.0,Haptics,HYDRA
74,0.05,top,global_mean,1,1,1,0.46437030510980415,0.0848668301917983,0.37950347491800585,0.8172414417989703,0.0,Haptics,HYDRA
74,0.05,bottom,global_mean,1,1,1,0.46437030510980415,0.04085295841615233,0.4235173466936518,0.9120230772948125,0.0,Haptics,HYDRA
74,0.05,random,global_mean,1,1,1,0.46437030510980415,,0.37433167623030783,0.6980357713088008,0.2,Haptics,HYDRA
74,0.1,top,global_mean,1,1,1,0.46437030510980415,-0.08729869178736077,0.5516689968971649,1.0,0.0,Haptics,HYDRA
74,0.1,bottom,global_mean,1,1,3,0.46437030510980415,-0.023422992760265826,0.48779329787007,1.0,1.0,Haptics,HYDRA
74,0.1,random,global_mean,1,1,1,0.46437030510980415,,0.594298126284464,0.9068824063850119,0.2,Haptics,HYDRA
74,0.2,top,global_mean,1,1,0,0.46437030510980415,-0.3622463665269268,0.8266166716367309,1.0,1.0,Haptics,HYDRA
74,0.2,bottom,global_mean,1,1,3,0.46437030510980415,-0.21732099475764077,0.6816912998674449,1.0,1.0,Haptics,HYDRA
74,0.2,random,global_mean,1,1,2,0.46437030510980415,,0.4115994708933326,0.8408495965484001,0.4,Haptics,HYDRA
75,0.05,top,global_mean,2,2,2,0.21655072314258172,0.05287148828722987,0.16367923485535185,0.7558436039208165,0.0,Haptics,HYDRA
75,0.05,bottom,global_mean,2,2,2,0.21655072314258172,0.15114489686082022,0.0654058262817615,0.3020332756193174,0.0,Haptics,HYDRA
75,0.05,random,global_mean,2,2,2,0.21655072314258172,,0.0391905350496556,0.1994508066128265,0.0,Haptics,HYDRA
75,0.1,top,global_mean,2,2,2,0.21655072314258172,0.1544853553426454,0.06206536779993632,0.2866075914762928,0.0,Haptics,HYDRA
75,0.1,bottom,global_mean,2,2,2,0.21655072314258172,0.41448215183005566,-0.19793142868747393,-0.9140145634267346,0.0,Haptics,HYDRA
75,0.1,random,global_mean,2,2,2,0.21655072314258172,,0.1984749363984016,0.6200651330626584,0.0,Haptics,HYDRA
75,0.2,top,global_mean,2,2,2,0.21655072314258172,-0.13793566471837948,0.3544863878609612,1.0,0.0,Haptics,HYDRA
75,0.2,bottom,global_mean,2,2,2,0.21655072314258172,0.3083999405651282,-0.09184921742254648,-0.424144477308413,0.0,Haptics,HYDRA
75,0.2,random,global_mean,2,2,2,0.21655072314258172,,0.31893521959998355,0.805283846959379,0.0,Haptics,HYDRA
76,0.05,top,global_mean,4,4,3,0.4710388216436233,-0.36439064589775116,0.8354294675413745,1.0,1.0,Haptics,HYDRA
76,0.05,bottom,global_mean,4,4,4,0.4710388216436233,0.44773540786564625,0.023303413777977067,0.049472279640101924,0.0,Haptics,HYDRA
76,0.05,random,global_mean,4,4,4,0.4710388216436233,,0.3899418271699858,0.7200357989536952,0.0,Haptics,HYDRA
76,0.1,top,global_mean,4,4,2,0.4710388216436233,-0.49650037422569465,0.967539195869318,1.0,1.0,Haptics,HYDRA
76,0.1,bottom,global_mean,4,4,4,0.4710388216436233,0.791133973445494,-0.32009515180187065,-0.6795500870498513,0.0,Haptics,HYDRA
76,0.1,random,global_mean,4,4,3,0.4710388216436233,,0.14950284139856537,0.1212076180366359,0.4,Haptics,HYDRA
76,0.2,top,global_mean,4,4,3,0.4710388216436233,-0.2946147659413094,0.7656535875849327,1.0,1.0,Haptics,HYDRA
76,0.2,bottom,global_mean,4,4,4,0.4710388216436233,0.8409257785160923,-0.369886956872469,-0.7852562349862556,0.0,Haptics,HYDRA
76,0.2,random,global_mean,4,4,4,0.4710388216436233,,0.034121290550516624,-0.04146075619969356,0.0,Haptics,HYDRA
77,0.05,top,global_mean,2,2,2,1.1305929832924502,0.8742685630227213,0.2563244202697289,0.22671659681336337,0.0,Haptics,HYDRA
77,0.05,bottom,global_mean,2,2,2,1.1305929832924502,0.7228895852446501,0.4077033980478001,0.3606099130834837,0.0,Haptics,HYDRA
77,0.05,random,global_mean,2,2,2,1.1305929832924502,,0.15147372784381302,0.13397712183351623,0.0,Haptics,HYDRA
77,0.1,top,global_mean,2,2,2,1.1305929832924502,0.7785782570328404,0.3520147262596097,0.31135379407777575,0.0,Haptics,HYDRA
77,0.1,bottom,global_mean,2,2,2,1.1305929832924502,0.6356158761222582,0.49497710717019194,0.43780270767826696,0.0,Haptics,HYDRA
77,0.1,random,global_mean,2,2,2,1.1305929832924502,,0.5574588964907716,0.4930672767843432,0.0,Haptics,HYDRA
77,0.2,top,global_mean,2,2,2,1.1305929832924502,0.2527190309117656,0.8778739523806846,0.7764714524874713,0.0,Haptics,HYDRA
77,0.2,bottom,global_mean,2,2,2,1.1305929832924502,0.20398082534115036,0.9266121579512998,0.8195799479251373,0.0,Haptics,HYDRA
77,0.2,random,global_mean,2,2,2,1.1305929832924502,,0.878564398598703,0.7770821458293973,0.4,Haptics,HYDRA
78,0.05,top,global_mean,4,4,4,0.42478248184666867,0.0869620587763853,0.33782042307028337,0.7952767409920715,0.0,Haptics,HYDRA
78,0.05,bottom,global_mean,4,4,4,0.42478248184666867,0.5921072741175245,-0.16732479227085584,-0.3939060707903279,0.0,Haptics,HYDRA
78,0.05,random,global_mean,4,4,4,0.42478248184666867,,0.09213823443354836,0.21690634963721803,0.0,Haptics,HYDRA
78,0.1,top,global_mean,4,4,4,0.42478248184666867,-0.16489669580438227,0.5896791776510509,1.0,0.0,Haptics,HYDRA
78,0.1,bottom,global_mean,4,4,4,0.42478248184666867,0.6945073512385055,-0.2697248693918368,-0.6349702399426107,0.0,Haptics,HYDRA
78,0.1,random,global_mean,4,4,4,0.42478248184666867,,0.3129243693783275,0.6426510425172538,0.2,Haptics,HYDRA
78,0.2,top,global_mean,4,4,3,0.42478248184666867,-0.6034692737904821,1.0282517556371507,1.0,1.0,Haptics,HYDRA
78,0.2,bottom,global_mean,4,4,4,0.42478248184666867,0.10178996538312923,0.32299251646353944,0.7603697654611908,0.0,Haptics,HYDRA
78,0.2,random,global_mean,4,4,4,0.42478248184666867,,0.5152695390370767,0.8526654957793101,0.4,Haptics,HYDRA
80,0.05,top,global_mean,2,2,0,-0.0348180745608524,-0.08364498697750189,0.04882691241664949,1.0,1.0,Haptics,HYDRA
80,0.05,bottom,global_mean,2,2,3,-0.0348180745608524,-0.10181549508884186,0.06699742052798946,1.0,1.0,Haptics,HYDRA
80,0.05,random,global_mean,2,2,3,-0.0348180745608524,,-0.0057986369882297994,0.34976406282062356,0.6,Haptics,HYDRA
80,0.1,top,global_mean,2,2,2,-0.0348180745608524,-0.09633328095423127,0.061515206393378874,1.0,0.0,Haptics,HYDRA
80,0.1,bottom,global_mean,2,2,3,-0.0348180745608524,-0.1240376701952069,0.0892195956343545,1.0,1.0,Haptics,HYDRA
80,0.1,random,global_mean,2,2,3,-0.0348180745608524,,-0.045573073328000493,-0.04558699960270642,0.6,Haptics,HYDRA
80,0.2,top,global_mean,2,2,0,-0.0348180745608524,-0.38868853882127874,0.35387046426042634,1.0,1.0,Haptics,HYDRA
80,0.2,bottom,global_mean,2,2,3,-0.0348180745608524,0.10377303503988833,-0.13859110960074073,-1.0,1.0,Haptics,HYDRA
80,0.2,random,global_mean,2,2,2,-0.0348180745608524,,0.07315812422803944,-0.2,1.0,Haptics,HYDRA
81,0.05,top,global_mean,2,2,2,0.3468966473403057,0.24763545092844463,0.09926119641186104,0.2861397221137279,0.0,Haptics,HYDRA
81,0.05,bottom,global_mean,2,2,2,0.3468966473403057,0.49636845665459195,-0.14947180931428627,-0.4308815884463317,0.0,Haptics,HYDRA
81,0.05,random,global_mean,2,2,2,0.3468966473403057,,0.12034276272811803,0.34691144102820076,0.0,Haptics,HYDRA
81,0.1,top,global_mean,2,2,2,0.3468966473403057,0.05332572270703795,0.2935709246332677,0.8462753405337323,0.0,Haptics,HYDRA
81,0.1,bottom,global_mean,2,2,2,0.3468966473403057,0.1600971839138582,0.1867994634264475,0.5384858181041445,0.0,Haptics,HYDRA
81,0.1,random,global_mean,2,2,1,0.3468966473403057,,0.48530012756088936,0.7754697313639244,0.4,Haptics,HYDRA
81,0.2,top,global_mean,2,2,0,0.3468966473403057,-0.5669699391351463,0.9138665864754519,1.0,1.0,Haptics,HYDRA
81,0.2,bottom,global_mean,2,2,2,0.3468966473403057,0.19460874263524386,0.15228790470506182,0.4389995316274595,0.0,Haptics,HYDRA
81,0.2,random,global_mean,2,2,2,0.3468966473403057,,0.26825809695598146,0.5891563743548327,0.0,Haptics,HYDRA
82,0.05,top,global_mean,2,2,2,0.11864987941651772,-0.2499743354339815,0.36862421485049923,1.0,0.0,Haptics,HYDRA
82,0.05,bottom,global_mean,2,2,2,0.11864987941651772,0.06755587184050382,0.0510940075760139,0.4306247693002852,0.0,Haptics,HYDRA
82,0.05,random,global_mean,2,2,2,0.11864987941651772,,0.15278466547421518,0.6691085202006181,0.0,Haptics,HYDRA
82,0.1,top,global_mean,2,2,2,0.11864987941651772,-0.041260141234167214,0.15991002065068494,1.0,0.0,Haptics,HYDRA
82,0.1,bottom,global_mean,2,2,2,0.11864987941651772,0.011813157456754597,0.10683672195976313,0.9004292465858461,0.0,Haptics,HYDRA
82,0.1,random,global_mean,2,2,2,0.11864987941651772,,0.19533987891988921,0.5687866566645907,0.0,Haptics,HYDRA
82,0.2,top,global_mean,2,2,1,0.11864987941651772,-1.000195977028997,1.1188458564455148,1.0,1.0,Haptics,HYDRA
82,0.2,bottom,global_mean,2,2,2,0.11864987941651772,0.26648818417809983,-0.1478383047615821,-1.0,0.0,Haptics,HYDRA
82,0.2,random,global_mean,2,2,1,0.11864987941651772,,0.5800550973331258,0.6,0.6,Haptics,HYDRA
83,0.05,top,global_mean,4,4,3,-0.06175838536029066,-0.8218852322249754,0.7601268468646848,1.0,1.0,Haptics,HYDRA
83,0.05,bottom,global_mean,4,4,4,-0.06175838536029066,0.043299963417530396,-0.10505834877782105,-1.0,0.0,Haptics,HYDRA
83,0.05,random,global_mean,4,4,4,-0.06175838536029066,,0.32902117316468715,0.2,0.4,Haptics,HYDRA
83,0.1,top,global_mean,4,4,2,-0.06175838536029066,-0.7103885440842731,0.6486301587239824,1.0,1.0,Haptics,HYDRA
83,0.1,bottom,global_mean,4,4,4,-0.06175838536029066,0.3417476085561447,-0.4035059939164354,-1.0,0.0,Haptics,HYDRA
83,0.1,random,global_mean,4,4,4,-0.06175838536029066,,-0.2683364966943388,-0.2,0.0,Haptics,HYDRA
83,0.2,top,global_mean,4,4,3,-0.06175838536029066,-0.6760443717280227,0.614285986367732,1.0,1.0,Haptics,HYDRA
83,0.2,bottom,global_mean,4,4,4,-0.06175838536029066,0.5932632924912308,-0.6550216778515214,-1.0,0.0,Haptics,HYDRA
83,0.2,random,global_mean,4,4,4,-0.06175838536029066,,0.10221850301479966,0.6,0.4,Haptics,HYDRA
84,0.05,top,global_mean,0,0,0,0.05550684265244388,0.2376546502539585,-0.1821478076015146,-1.0,0.0,Haptics,HYDRA
84,0.05,bottom,global_mean,0,0,0,0.05550684265244388,0.08838867728195765,-0.03288183462951377,-0.5923817799117088,0.0,Haptics,HYDRA
84,0.05,random,global_mean,0,0,0,0.05550684265244388,,-0.10811952242884817,-0.6,0.0,Haptics,HYDRA
84,0.1,top,global_mean,0,0,0,0.05550684265244388,0.6751682168880548,-0.619661374235611,-1.0,0.0,Haptics,HYDRA
84,0.1,bottom,global_mean,0,0,0,0.05550684265244388,0.08163513786925802,-0.026128295216814146,-0.4707135779067029,0.0,Haptics,HYDRA
84,0.1,random,global_mean,0,0,0,0.05550684265244388,,-0.19567732963964077,-0.578672698467951,0.0,Haptics,HYDRA
84,0.2,top,global_mean,0,0,0,0.05550684265244388,0.6760984571067776,-0.6205916144543338,-1.0,0.0,Haptics,HYDRA
84,0.2,bottom,global_mean,0,0,0,0.05550684265244388,0.20117535345199367,-0.1456685107995498,-1.0,0.0,Haptics,HYDRA
84,0.2,random,global_mean,0,0,0,0.05550684265244388,,-0.24319288599808014,-0.9447410845624127,0.0,Haptics,HYDRA
91,0.05,top,global_mean,2,2,2,-0.1836662500658835,-0.361951117894749,0.1782848678288655,0.9706949266399574,0.0,Haptics,HYDRA
91,0.05,bottom,global_mean,2,2,2,-0.1836662500658835,-0.27835266758189475,0.09468641751601126,0.5155323961242202,0.0,Haptics,HYDRA
91,0.05,random,global_mean,2,2,2,-0.1836662500658835,,-0.13676688582921487,-0.5560676729162501,0.0,Haptics,HYDRA
91,0.1,top,global_mean,2,2,4,-0.1836662500658835,-1.1587799935998673,0.9751137435339838,1.0,1.0,Haptics,HYDRA
91,0.1,bottom,global_mean,2,2,4,-0.1836662500658835,-0.40860412325387024,0.22493787318798675,1.0,1.0,Haptics,HYDRA
91,0.1,random,global_mean,2,2,4,-0.1836662500658835,,0.17292354650197353,0.6005162477865079,1.0,Haptics,HYDRA
91,0.2,top,global_mean,2,2,0,-0.1836662500658835,-1.5709634972737652,1.3872972472078817,1.0,1.0,Haptics,HYDRA
91,0.2,bottom,global_mean,2,2,0,-0.1836662500658835,-0.7803581205910421,0.5966918705251587,1.0,1.0,Haptics,HYDRA
91,0.2,random,global_mean,2,2,2,-0.1836662500658835,,0.6234702514802702,1.0,1.0,Haptics,HYDRA
0,0.05,top,local_mean,2,2,0,0.35662654519791803,-0.09777905472630977,0.4544055999242278,1.0,1.0,Haptics,HYDRA
0,0.05,bottom,local_mean,2,2,2,0.35662654519791803,0.39999262793483625,-0.04336608273691822,-0.12160048577529617,0.0,Haptics,HYDRA
0,0.05,random,local_mean,2,2,2,0.35662654519791803,,0.01576016368778226,0.04419222210958444,0.0,Haptics,HYDRA
0,0.1,top,local_mean,2,2,0,0.35662654519791803,-0.37012298957771694,0.726749534775635,1.0,1.0,Haptics,HYDRA
0,0.1,bottom,local_mean,2,2,2,0.35662654519791803,0.49808165850155917,-0.14145511330364113,-0.39664662813731233,0.0,Haptics,HYDRA
0,0.1,random,local_mean,2,2,2,0.35662654519791803,,0.07355675184546595,0.20625650720457972,0.2,Haptics,HYDRA
0,0.2,top,local_mean,2,2,0,0.35662654519791803,-1.2058249310940519,1.56245147629197,1.0,1.0,Haptics,HYDRA
0,0.2,bottom,local_mean,2,2,2,0.35662654519791803,0.4708779233193189,-0.11425137812140085,-0.3203661064879176,0.0,Haptics,HYDRA
0,0.2,random,local_mean,2,2,0,0.35662654519791803,,0.5194303582917932,1.0,1.0,Haptics,HYDRA
1,0.05,top,local_mean,3,3,3,0.9627493255492177,0.986900713678962,-0.024151388129744378,-0.025085827019551303,0.0,Haptics,HYDRA
1,0.05,bottom,local_mean,3,3,3,0.9627493255492177,0.9992315250400137,-0.03648219949079601,-0.03789372854273937,0.0,Haptics,HYDRA
1,0.05,random,local_mean,3,3,3,0.9627493255492177,,0.036261201574516774,0.037664180018667816,0.0,Haptics,HYDRA
1,0.1,top,local_mean,3,3,3,0.9627493255492177,0.6462743162683229,0.3164750092808948,0.32871971152059193,0.0,Haptics,HYDRA
1,0.1,bottom,local_mean,3,3,3,0.9627493255492177,0.5311724394645359,0.4315768860846818,0.44827498327614823,0.0,Haptics,HYDRA
1,0.1,random,local_mean,3,3,3,0.9627493255492177,,0.18660887837356732,0.1938289434149119,0.0,Haptics,HYDRA
1,0.2,top,local_mean,3,3,3,0.9627493255492177,0.5494736521098342,0.41327567343938343,0.42926568028281176,0.0,Haptics,HYDRA
1,0.2,bottom,local_mean,3,3,3,0.9627493255492177,0.9948333729733847,-0.03208404742416704,-0.033325408024000545,0.0,Haptics,HYDRA
1,0.2,random,local_mean,3,3,3,0.9627493255492177,,0.36540940361915814,0.37954742150900234,0.0,Haptics,HYDRA
2,0.05,top,local_mean,0,0,0,0.0016192471868246017,0.21757541034531747,-0.21595616315849286,-1.0,0.0,Haptics,HYDRA
2,0.05,bottom,local_mean,0,0,0,0.0016192471868246017,0.09636712329362518,-0.09474787610680058,-1.0,0.0,Haptics,HYDRA
2,0.05,random,local_mean,0,0,0,0.0016192471868246017,,-0.09211321141428123,-0.6,0.0,Haptics,HYDRA
2,0.1,top,local_mean,0,0,0,0.0016192471868246017,0.23773813401457766,-0.23611888682775306,-1.0,0.0,Haptics,HYDRA
2,0.1,bottom,local_mean,0,0,0,0.0016192471868246017,0.1595472082261592,-0.1579279610393346,-1.0,0.0,Haptics,HYDRA
2,0.1,random,local_mean,0,0,0,0.0016192471868246017,,-0.023889887316667503,0.2,0.0,Haptics,HYDRA
2,0.2,top,local_mean,0,0,0,0.0016192471868246017,0.8221691811519245,-0.8205499339650999,-1.0,0.0,Haptics,HYDRA
2,0.2,bottom,local_mean,0,0,0,0.0016192471868246017,0.30864562793284533,-0.30702638074602073,-1.0,0.0,Haptics,HYDRA
2,0.2,random,local_mean,0,0,0,0.0016192471868246017,,-0.11593267657014691,-0.6,0.0,Haptics,HYDRA
5,0.05,top,local_mean,3,3,3,-0.17733841111732718,-0.1379162460244171,-0.03942216509291008,-0.222297823391488,0.0,Haptics,HYDRA
5,0.05,bottom,local_mean,3,3,3,-0.17733841111732718,-0.10753769899187426,-0.06980071212545291,-0.39359954837829586,0.0,Haptics,HYDRA
5,0.05,random,local_mean,3,3,3,-0.17733841111732718,,0.050461044566926946,0.2639616359151282,0.2,Haptics,HYDRA
5,0.1,top,local_mean,3,3,3,-0.17733841111732718,0.057878212249000915,-0.2352166233663281,-1.0,0.0,Haptics,HYDRA
5,0.1,bottom,local_mean,3,3,3,-0.17733841111732718,-0.1219658183387457,-0.055372592778581475,-0.31224076154142155,0.0,Haptics,HYDRA
5,0.1,random,local_mean,3,3,3,-0.17733841111732718,,0.17322933913793814,0.4136864845879692,0.4,Haptics,HYDRA
5,0.2,top,local_mean,3,3,3,-0.17733841111732718,0.2122681103957409,-0.38960652151306807,-1.0,0.0,Haptics,HYDRA
5,0.2,bottom,local_mean,3,3,3,-0.17733841111732718,-0.19177154285632836,0.014433131739001182,0.08138705123731503,0.0,Haptics,HYDRA
5,0.2,random,local_mean,3,3,3,-0.17733841111732718,,-0.03120009792287557,-0.14439355631489553,0.2,Haptics,HYDRA
6,0.05,top,local_mean,0,0,0,0.19707173968897906,0.27402518955006205,-0.07695344986108299,-0.390482468465863,0.0,Haptics,HYDRA
6,0.05,bottom,local_mean,0,0,0,0.19707173968897906,0.2493127445112373,-0.05224100482225824,-0.26508488644703065,0.0,Haptics,HYDRA
6,0.05,random,local_mean,0,0,0,0.19707173968897906,,-0.07808552669051802,-0.3827026372756654,0.2,Haptics,HYDRA
6,0.1,top,local_mean,0,0,0,0.19707173968897906,0.3674276733549473,-0.17035593366596824,-0.864431752127791,0.0,Haptics,HYDRA
6,0.1,bottom,local_mean,0,0,0,0.19707173968897906,0.20210266662182186,-0.005030926932842794,-0.025528274183342768,0.0,Haptics,HYDRA
6,0.1,random,local_mean,0,0,0,0.19707173968897906,,-0.13033993831797083,-0.48495595973956374,0.2,Haptics,HYDRA
6,0.2,top,local_mean,0,0,0,0.19707173968897906,0.3489667299857262,-0.15189499029674713,-0.7707559682605944,0.0,Haptics,HYDRA
6,0.2,bottom,local_mean,0,0,0,0.19707173968897906,0.14740580004357517,0.04966593964540389,0.25201831427211524,0.0,Haptics,HYDRA
6,0.2,random,local_mean,0,0,0,0.19707173968897906,,-0.20298741447140384,-0.73173075366111,0.0,Haptics,HYDRA
7,0.05,top,local_mean,0,0,0,0.22446970735657623,0.43222837904838296,-0.20775867169180673,-0.9255491468727717,0.0,Haptics,HYDRA
7,0.05,bottom,local_mean,0,0,0,0.22446970735657623,0.2397217524204014,-0.01525204506382516,-0.06794670557881291,0.0,Haptics,HYDRA
7,0.05,random,local_mean,0,0,0,0.22446970735657623,,-0.048892613985669665,-0.2178128922095958,0.0,Haptics,HYDRA
7,0.1,top,local_mean,0,0,0,0.22446970735657623,0.3881273978023827,-0.16365769044580647,-0.7290826156030815,0.0,Haptics,HYDRA
7,0.1,bottom,local_mean,0,0,0,0.22446970735657623,0.38921564507398476,-0.16474593771740853,-0.7339306747748885,0.0,Haptics,HYDRA
7,0.1,random,local_mean,0,0,0,0.22446970735657623,,-0.08858256004539948,-0.3946285958135477,0.0,Haptics,HYDRA
7,0.2,top,local_mean,0,0,0,0.22446970735657623,0.9198525269015805,-0.6953828195450042,-1.0,0.0,Haptics,HYDRA
7,0.2,bottom,local_mean,0,0,0,0.22446970735657623,0.4423512990470029,-0.21788159169042665,-0.9706459887628783,0.0,Haptics,HYDRA
7,0.2,random,local_mean,0,0,0,0.22446970735657623,,-0.13102508001968075,-0.4219298775964787,0.0,Haptics,HYDRA
8,0.05,top,local_mean,1,1,1,0.8316118414998391,0.41668848587416774,0.4149233556256714,0.49893812952352257,0.0,Haptics,HYDRA
8,0.05,bottom,local_mean,1,1,1,0.8316118414998391,0.5870957417106325,0.24451609978920663,0.2940263636961334,0.0,Haptics,HYDRA
8,0.05,random,local_mean,1,1,1,0.8316118414998391,,0.4163142884226351,0.5006107020567401,0.0,Haptics,HYDRA
8,0.1,top,local_mean,1,1,1,0.8316118414998391,0.6138355894935027,0.21777625200633643,0.26187216110512473,0.0,Haptics,HYDRA
8,0.1,bottom,local_mean,1,1,1,0.8316118414998391,0.5256502616381301,0.305961579861709,0.3679134864126172,0.0,Haptics,HYDRA
8,0.1,random,local_mean,1,1,1,0.8316118414998391,,0.5482517618470111,0.6592632226051516,0.0,Haptics,HYDRA
8,0.2,top,local_mean,1,1,1,0.8316118414998391,0.24104816634080184,0.5905636751590373,0.7101425635683278,0.0,Haptics,HYDRA
8,0.2,bottom,local_mean,1,1,3,0.8316118414998391,-0.29207397003974356,1.1236858115395827,1.0,1.0,Haptics,HYDRA
8,0.2,random,local_mean,1,1,1,0.8316118414998391,,0.8511708431468362,0.958618838361742,0.0,Haptics,HYDRA
11,0.05,top,local_mean,1,1,1,0.531420605503662,0.5458372255964422,-0.014416620092780219,-0.02712840415872191,0.0,Haptics,HYDRA
11,0.05,bottom,local_mean,1,1,1,0.531420605503662,0.1575699266920284,0.3738506788116336,0.7034916814443619,0.0,Haptics,HYDRA
11,0.05,random,local_mean,1,1,1,0.531420605503662,,0.08000644518142778,0.15055173585876436,0.0,Haptics,HYDRA
11,0.1,top,local_mean,1,1,1,0.531420605503662,0.5724483922424103,-0.041027786738748295,-0.07720383649035807,0.0,Haptics,HYDRA
11,0.1,bottom,local_mean,1,1,3,0.531420605503662,-0.009587226145752914,0.5410078316494149,1.0,1.0,Haptics,HYDRA
11,0.1,random,local_mean,1,1,1,0.531420605503662,,0.23089545462388417,0.43448638939895917,0.0,Haptics,HYDRA
11,0.2,top,local_mean,1,1,3,0.531420605503662,-0.36560747577284525,0.8970280812765072,1.0,1.0,Haptics,HYDRA
11,0.2,bottom,local_mean,1,1,1,0.531420605503662,0.2670872885155563,0.2643333169881057,0.49740792291946845,0.0,Haptics,HYDRA
11,0.2,random,local_mean,1,1,2,0.531420605503662,,0.74754556094422,0.990394762218805,1.0,Haptics,HYDRA
13,0.05,top,local_mean,3,3,3,0.07246748001798475,0.3030040447226662,-0.23053656470468142,-1.0,0.0,Haptics,HYDRA
13,0.05,bottom,local_mean,3,3,3,0.07246748001798475,-0.04392543885544942,0.11639291887343417,1.0,0.0,Haptics,HYDRA
13,0.05,random,local_mean,3,3,3,0.07246748001798475,,-0.05203388652050338,-0.0274551678615506,0.0,Haptics,HYDRA
13,0.1,top,local_mean,3,3,3,0.07246748001798475,-0.07567192857300298,0.14813940859098773,1.0,0.0,Haptics,HYDRA
13,0.1,bottom,local_mean,3,3,3,0.07246748001798475,0.006033507733648302,0.06643397228433645,0.9167292078963061,0.0,Haptics,HYDRA
13,0.1,random,local_mean,3,3,3,0.07246748001798475,,0.15293164068185974,0.7221591547513684,0.2,Haptics,HYDRA
13,0.2,top,local_mean,3,3,3,0.07246748001798475,0.11937966707666126,-0.0469121870586765,-0.6473460882170309,0.0,Haptics,HYDRA
13,0.2,bottom,local_mean,3,3,3,0.07246748001798475,-0.09455076166988513,0.16701824168786988,1.0,0.0,Haptics,HYDRA
13,0.2,random,local_mean,3,3,3,0.07246748001798475,,-0.007580313199857058,-0.0008357332278557062,0.0,Haptics,HYDRA
14,0.05,top,local_mean,3,3,3,0.8639756658874227,0.7920944958087757,0.07188117007864703,0.08319804563797471,0.0,Haptics,HYDRA
14,0.05,bottom,local_mean,3,3,3,0.8639756658874227,0.7928126363181935,0.07116302956922915,0.08236684204443756,0.0,Haptics,HYDRA
14,0.05,random,local_mean,3,3,3,0.8639756658874227,,0.03159798161935936,0.036572725707706345,0.0,Haptics,HYDRA
14,0.1,top,local_mean,3,3,3,0.8639756658874227,0.4781425985063057,0.385833067381117,0.44657811097804756,0.0,Haptics,HYDRA
14,0.1,bottom,local_mean,3,3,3,0.8639756658874227,0.78656836690763,0.0774072989797927,0.08959420090389221,0.0,Haptics,HYDRA
14,0.1,random,local_mean,3,3,3,0.8639756658874227,,0.07471252571975091,0.08647516613543131,0.0,Haptics,HYDRA
14,0.2,top,local_mean,3,3,3,0.8639756658874227,0.7703435886475718,0.0936320772398509,0.10837338661649837,0.0,Haptics,HYDRA
14,0.2,bottom,local_mean,3,3,3,0.8639756658874227,0.8692452449196697,-0.005269579032247007,-0.006099214527784064,0.0,Haptics,HYDRA
14,0.2,random,local_mean,3,3,3,0.8639756658874227,,0.07606933391146357,0.08804558839946205,0.0,Haptics,HYDRA
16,0.05,top,local_mean,2,2,1,-0.24059685383376028,-0.4376530252672885,0.19705617143352822,0.8190271371650848,1.0,Haptics,HYDRA
16,0.05,bottom,local_mean,2,2,2,-0.24059685383376028,-0.155372048438358,-0.08522480539540228,-0.3542209709579865,0.0,Haptics,HYDRA
16,0.05,random,local_mean,2,2,2,-0.24059685383376028,,0.0263333161891689,0.10944950576061148,0.0,Haptics,HYDRA
16,0.1,top,local_mean,2,2,0,-0.24059685383376028,-0.35088206207358963,0.11028520823982935,0.45837985037069484,1.0,Haptics,HYDRA
16,0.1,bottom,local_mean,2,2,2,-0.24059685383376028,-0.2812275497660772,0.04063069593231694,0.16887389178621057,0.0,Haptics,HYDRA
16,0.1,random,local_mean,2,2,1,-0.24059685383376028,,0.10736700227301108,0.3867268546807841,0.6,Haptics,HYDRA
16,0.2,top,local_mean,2,2,0,-0.24059685383376028,-0.5683064259967349,0.3277095721629746,1.0,1.0,Haptics,HYDRA
16,0.2,bottom,local_mean,2,2,0,-0.24059685383376028,-0.574570483441501,0.3339736296077407,1.0,1.0,Haptics,HYDRA
16,0.2,random,local_mean,2,2,1,-0.24059685383376028,,0.30079143558955224,0.8547442182187941,1.0,Haptics,HYDRA
18,0.05,top,local_mean,1,1,1,0.20502026481220037,0.34793007016173727,-0.1429098053495369,-0.6970486962922718,0.0,Haptics,HYDRA
18,0.05,bottom,local_mean,1,1,1,0.20502026481220037,0.06282764611646408,0.1421926186957363,0.6935505876718927,0.0,Haptics,HYDRA
18,0.05,random,local_mean,1,1,1,0.20502026481220037,,0.1901977502185796,0.8603147184579605,0.0,Haptics,HYDRA
18,0.1,top,local_mean,1,1,1,0.20502026481220037,0.14291159953259824,0.06210866527960213,0.30293767496017404,0.0,Haptics,HYDRA
18,0.1,bottom,local_mean,1,1,1,0.20502026481220037,0.06176342923959599,0.14325683557260438,0.6987413510682794,0.0,Haptics,HYDRA
18,0.1,random,local_mean,1,1,1,0.20502026481220037,,0.2438572406715534,0.9071438202375512,0.2,Haptics,HYDRA
18,0.2,top,local_mean,1,1,4,0.20502026481220037,-0.5296599660253948,0.7346802308375951,1.0,1.0,Haptics,HYDRA
18,0.2,bottom,local_mean,1,1,2,0.20502026481220037,-0.6545821892525829,0.8596024540647833,1.0,1.0,Haptics,HYDRA
18,0.2,random,local_mean,1,1,2,0.20502026481220037,,0.35868838173143813,0.8065275848110748,0.2,Haptics,HYDRA
20,0.05,top,local_mean,3,3,3,0.7038749530800439,0.7999668803257454,-0.09609192724570148,-0.13651826976787487,0.0,Haptics,HYDRA
20,0.05,bottom,local_mean,3,3,3,0.7038749530800439,0.46971288759316976,0.23416206548687413,0.33267518866388307,0.0,Haptics,HYDRA
20,0.05,random,local_mean,3,3,3,0.7038749530800439,,0.06103102349631666,0.08670707278641225,0.0,Haptics,HYDRA
20,0.1,top,local_mean,3,3,3,0.7038749530800439,0.4363326317859254,0.2675423212941185,0.38009868091586,0.0,Haptics,HYDRA
20,0.1,bottom,local_mean,3,3,3,0.7038749530800439,0.4481041021602632,0.2557708509197807,0.3633748955346039,0.0,Haptics,HYDRA
20,0.1,random,local_mean,3,3,3,0.7038749530800439,,0.06836317640482407,0.09712389818927356,0.0,Haptics,HYDRA
20,0.2,top,local_mean,3,3,3,0.7038749530800439,0.6548272687742265,0.04904768430581741,0.06968228434455377,0.0,Haptics,HYDRA
20,0.2,bottom,local_mean,3,3,3,0.7038749530800439,0.6790477568978233,0.024827196182220623,0.035272118721460716,0.0,Haptics,HYDRA
20,0.2,random,local_mean,3,3,3,0.7038749530800439,,0.27515239596737817,0.3909103511255884,0.0,Haptics,HYDRA
21,0.05,top,local_mean,3,3,3,0.49781669409185647,0.39836983026098194,0.09944686383087453,0.19976562707818252,0.0,Haptics,HYDRA
21,0.05,bottom,local_mean,3,3,3,0.49781669409185647,0.48511120553865905,0.01270548855319742,0.025522372354352323,0.0,Haptics,HYDRA
21,0.05,random,local_mean,3,3,3,0.49781669409185647,,-0.0019385630165493994,-0.0038941223655897168,0.0,Haptics,HYDRA
21,0.1,top,local_mean,3,3,3,0.49781669409185647,0.293682770089139,0.20413392400271746,0.41005759020901944,0.0,Haptics,HYDRA
21,0.1,bottom,local_mean,3,3,3,0.49781669409185647,0.39320698295445977,0.1046097111373967,0.21013658690503334,0.0,Haptics,HYDRA
21,0.1,random,local_mean,3,3,3,0.49781669409185647,,0.180706728099301,0.3629978006887744,0.0,Haptics,HYDRA
21,0.2,top,local_mean,3,3,3,0.49781669409185647,0.21148574132680076,0.2863309527650557,0.5751723093880677,0.0,Haptics,HYDRA
21,0.2,bottom,local_mean,3,3,3,0.49781669409185647,0.21863813019659628,0.2791785638952602,0.5608048231482641,0.0,Haptics,HYDRA
21,0.2,random,local_mean,3,3,3,0.49781669409185647,,0.1826166632171742,0.36683441626218716,0.0,Haptics,HYDRA
22,0.05,top,local_mean,3,3,3,0.22751271401770767,0.4471045899984182,-0.2195918759807105,-0.9651808328513304,0.0,Haptics,HYDRA
22,0.05,bottom,local_mean,3,3,3,0.22751271401770767,0.27630913421151326,-0.04879642019380559,-0.21447683013081006,0.0,Haptics,HYDRA
22,0.05,random,local_mean,3,3,3,0.22751271401770767,,0.22304812917537425,0.6815838032705182,0.0,Haptics,HYDRA
22,0.1,top,local_mean,3,3,3,0.22751271401770767,0.5079439232872758,-0.2804312092695681,-1.0,0.0,Haptics,HYDRA
22,0.1,bottom,local_mean,3,3,3,0.22751271401770767,0.14183385077850796,0.08567886323919971,0.37658768663295267,0.0,Haptics,HYDRA
22,0.1,random,local_mean,3,3,3,0.22751271401770767,,-0.052965230047241164,-0.23280016449082633,0.0,Haptics,HYDRA
22,0.2,top,local_mean,3,3,3,0.22751271401770767,0.0353305277889544,0.19218218622875327,0.8447059424901107,0.0,Haptics,HYDRA
22,0.2,bottom,local_mean,3,3,3,0.22751271401770767,0.5126429515518249,-0.28513023753411726,-1.0,0.0,Haptics,HYDRA
22,0.2,random,local_mean,3,3,3,0.22751271401770767,,-0.060173986962925086,-0.26448509806420584,0.0,Haptics,HYDRA
23,0.05,top,local_mean,2,2,2,-0.09020736511593636,-0.05445522966333727,-0.03575213545259909,-0.3963283827020944,0.0,Haptics,HYDRA
23,0.05,bottom,local_mean,2,2,2,-0.09020736511593636,0.14530377957000817,-0.23551114468594453,-1.0,0.0,Haptics,HYDRA
23,0.05,random,local_mean,2,2,2,-0.09020736511593636,,0.1108732212353126,0.5479324790772887,0.2,Haptics,HYDRA
23,0.1,top,local_mean,2,2,4,-0.09020736511593636,-0.13180008674513705,0.04159272162920069,0.46107388794537474,1.0,Haptics,HYDRA
23,0.1,bottom,local_mean,2,2,4,-0.09020736511593636,-0.430011283823127,0.3398039187071906,1.0,1.0,Haptics,HYDRA
23,0.1,random,local_mean,2,2,2,-0.09020736511593636,,0.16269936266856008,0.8948119984939378,0.2,Haptics,HYDRA
23,0.2,top,local_mean,2,2,0,-0.09020736511593636,-0.5532409740114187,0.46303360889548234,1.0,1.0,Haptics,HYDRA
23,0.2,bottom,local_mean,2,2,0,-0.09020736511593636,-0.6913417620472855,0.6011343969313492,1.0,1.0,Haptics,HYDRA
23,0.2,random,local_mean,2,2,2,-0.09020736511593636,,0.23028783272989922,0.3280341618218817,0.6,Haptics,HYDRA
28,0.05,top,local_mean,4,4,4,0.6691245538488454,0.6690123717846642,0.0001121820641811766,0.00016765473017119054,0.0,Haptics,HYDRA
28,0.05,bottom,local_mean,4,4,4,0.6691245538488454,0.7266641139192894,-0.05753956007044403,-0.08599217252946544,0.0,Haptics,HYDRA
28,0.05,random,local_mean,4,4,4,0.6691245538488454,,0.22276549240355425,0.33292031835011443,0.0,Haptics,HYDRA
28,0.1,top,local_mean,4,4,4,0.6691245538488454,-0.023632211999431663,0.6927567658482771,1.0,0.0,Haptics,HYDRA
28,0.1,bottom,local_mean,4,4,4,0.6691245538488454,0.41206086623484695,0.25706368761399845,0.3841785538384457,0.0,Haptics,HYDRA
28,0.1,random,local_mean,4,4,4,0.6691245538488454,,0.27204951762231383,0.40339570305948574,0.0,Haptics,HYDRA
28,0.2,top,local_mean,4,4,3,0.6691245538488454,-0.5401031456750138,1.2092276995238591,1.0,1.0,Haptics,HYDRA
28,0.2,bottom,local_mean,4,4,4,0.6691245538488454,0.45574538491921623,0.21337916892962916,0.3188925721073735,0.0,Haptics,HYDRA
28,0.2,random,local_mean,4,4,4,0.6691245538488454,,0.8238670674869887,0.980799205347088,0.4,Haptics,HYDRA
31,0.05,top,local_mean,4,4,4,0.50234915556054,0.2818009287668244,0.22054822679371566,0.4390328625411097,0.0,Haptics,HYDRA
31,0.05,bottom,local_mean,4,4,4,0.50234915556054,0.4818781275831602,0.020471027977379874,0.04075051585191126,0.0,Haptics,HYDRA
31,0.05,random,local_mean,4,4,4,0.50234915556054,,0.12829072211325526,0.25538107372556484,0.0,Haptics,HYDRA
31,0.1,top,local_mean,4,4,4,0.50234915556054,-0.05878803698831325,0.5611371925488533,1.0,0.0,Haptics,HYDRA
31,0.1,bottom,local_mean,4,4,4,0.50234915556054,0.3801079727386619,0.12224118282187812,0.24333859852293085,0.0,Haptics,HYDRA
31,0.1,random,local_mean,4,4,4,0.50234915556054,,0.16118728140003913,0.1971888847099859,0.0,Haptics,HYDRA
31,0.2,top,local_mean,4,4,0,0.50234915556054,-0.50812692228529,1.01047607784583,1.0,1.0,Haptics,HYDRA
31,0.2,bottom,local_mean,4,4,3,0.50234915556054,-1.0228243014182137,1.5251734569787536,1.0,1.0,Haptics,HYDRA
31,0.2,random,local_mean,4,4,2,0.50234915556054,,0.6993844705247442,0.962446508720884,0.6,Haptics,HYDRA
32,0.05,top,local_mean,1,1,3,-0.1358189272264173,-0.3603149083019168,0.2244959810754995,1.0,1.0,Haptics,HYDRA
32,0.05,bottom,local_mean,1,1,3,-0.1358189272264173,-0.3400058500674035,0.20418692284098622,1.0,1.0,Haptics,HYDRA
32,0.05,random,local_mean,1,1,3,-0.1358189272264173,,0.14904457210684802,0.6868871648862347,0.8,Haptics,HYDRA
32,0.1,top,local_mean,1,1,1,-0.1358189272264173,0.11612813397489019,-0.2519470612013075,-1.0,0.0,Haptics,HYDRA
32,0.1,bottom,local_mean,1,1,3,-0.1358189272264173,-0.5679655781690256,0.4321466509426083,1.0,1.0,Haptics,HYDRA
32,0.1,random,local_mean,1,1,1,-0.1358189272264173,,0.1258323674162843,0.3655162048887319,0.4,Haptics,HYDRA
32,0.2,top,local_mean,1,1,3,-0.1358189272264173,-0.5683044347275225,0.43248550750110515,1.0,1.0,Haptics,HYDRA
32,0.2,bottom,local_mean,1,1,3,-0.1358189272264173,-0.8220216280343127,0.6862027008078954,1.0,1.0,Haptics,HYDRA
32,0.2,random,local_mean,1,1,3,-0.1358189272264173,,0.3543741764966234,1.0,1.0,Haptics,HYDRA
34,0.05,top,local_mean,4,4,4,0.19335902101748825,0.0765691083423573,0.11678991267513095,0.6040023788814545,0.0,Haptics,HYDRA
34,0.05,bottom,local_mean,4,4,4,0.19335902101748825,0.10529698080838301,0.08806204020910524,0.4554304439237755,0.0,Haptics,HYDRA
34,0.05,random,local_mean,4,4,3,0.19335902101748825,,0.14054344797138912,0.5763497724221944,0.2,Haptics,HYDRA
34,0.1,top,local_mean,4,4,0,0.19335902101748825,-0.37287577748899664,0.5662347985064848,1.0,1.0,Haptics,HYDRA
34,0.1,bottom,local_mean,4,4,4,0.19335902101748825,-0.04749915062151466,0.24085817163900292,1.0,0.0,Haptics,HYDRA
34,0.1,random,local_mean,4,4,2,0.19335902101748825,,0.34441530640415274,0.5704773038964899,0.6,Haptics,HYDRA
34,0.2,top,local_mean,4,4,3,0.19335902101748825,-0.6671224928805018,0.8604815138979901,1.0,1.0,Haptics,HYDRA
34,0.2,bottom,local_mean,4,4,3,0.19335902101748825,-0.5096363930337224,0.7029954140512107,1.0,1.0,Haptics,HYDRA
34,0.2,random,local_mean,4,4,1,0.19335902101748825,,0.352176619887096,0.5836076633892262,0.8,Haptics,HYDRA
37,0.05,top,local_mean,0,0,0,-0.3752717907757134,-0.22064795122707537,-0.154623839548638,-0.41203051046951855,0.0,Haptics,HYDRA
37,0.05,bottom,local_mean,0,0,2,-0.3752717907757134,-0.6850608184325825,0.3097890276568691,0.8255035677287313,1.0,Haptics,HYDRA
37,0.05,random,local_mean,0,0,1,-0.3752717907757134,,-0.10203297828398039,-0.27189015775183584,0.4,Haptics,HYDRA
37,0.1,top,local_mean,0,0,0,-0.3752717907757134,-0.20846708017547821,-0.16680471060023516,-0.44448922144192476,0.0,Haptics,HYDRA
37,0.1,bottom,local_mean,0,0,2,-0.3752717907757134,-0.5990963767771444,0.22382458600143107,0.5964316931658462,1.0,Haptics,HYDRA
37,0.1,random,local_mean,0,0,1,-0.3752717907757134,,-0.10559792712661058,-0.28138977757575434,0.4,Haptics,HYDRA
37,0.2,top,local_mean,0,0,0,-0.3752717907757134,0.03120418822073734,-0.4064759789964507,-1.0,0.0,Haptics,HYDRA
37,0.2,bottom,local_mean,0,0,3,-0.3752717907757134,-0.5401056014702973,0.16483381069458392,0.43923730882236806,1.0,Haptics,HYDRA
37,0.2,random,local_mean,0,0,2,-0.3752717907757134,,-0.1665913278009496,-0.44392061427260543,0.6,Haptics,HYDRA
40,0.05,top,local_mean,1,1,1,0.298132429987358,0.43253207614076106,-0.13439964615340305,-0.45080367592155673,0.0,Haptics,HYDRA
40,0.05,bottom,local_mean,1,1,1,0.298132429987358,0.06367750641592007,0.23445492357143793,0.7864093724121436,0.0,Haptics,HYDRA
40,0.05,random,local_mean,1,1,1,0.298132429987358,,0.08806904486486859,0.15039501105867462,0.0,Haptics,HYDRA
40,0.1,top,local_mean,1,1,1,0.298132429987358,0.5518177127731184,-0.2536852827857604,-0.8509118980602667,0.0,Haptics,HYDRA
40,0.1,bottom,local_mean,1,1,1,0.298132429987358,0.0510358951650024,0.2470965348223556,0.8288119008755022,0.0,Haptics,HYDRA
40,0.1,random,local_mean,1,1,2,0.298132429987358,,0.5380627903463928,0.9806688569389124,0.4,Haptics,HYDRA
40,0.2,top,local_mean,1,1,1,0.298132429987358,-0.053125521009873,0.351257950997231,1.0,0.0,Haptics,HYDRA
40,0.2,bottom,local_mean,1,1,1,0.298132429987358,-0.028550098393550938,0.32668252838090894,1.0,0.0,Haptics,HYDRA
40,0.2,random,local_mean,1,1,3,0.298132429987358,,0.8143748558867262,1.0,0.8,Haptics,HYDRA
41,0.05,top,local_mean,4,4,4,0.4447047215128789,0.3366166245747262,0.10808809693815269,0.2430553323452629,0.0,Haptics,HYDRA
41,0.05,bottom,local_mean,4,4,4,0.4447047215128789,0.48673359902574675,-0.04202887751286788,-0.09450941483254721,0.0,Haptics,HYDRA
41,0.05,random,local_mean,4,4,4,0.4447047215128789,,0.2509183133073015,0.5642345064814617,0.0,Haptics,HYDRA
41,0.1,top,local_mean,4,4,4,0.4447047215128789,-0.026524764952606028,0.4712294864654849,1.0,0.0,Haptics,HYDRA
41,0.1,bottom,local_mean,4,4,4,0.4447047215128789,-7.138478558998962e-05,0.44477610629846887,1.0,0.0,Haptics,HYDRA
41,0.1,random,local_mean,4,4,4,0.4447047215128789,,0.5950336719465537,0.9937641364784172,0.4,Haptics,HYDRA
41,0.2,top,local_mean,4,4,3,0.4447047215128789,-0.4705264664514396,0.9152311879643185,1.0,1.0,Haptics,HYDRA
41,0.2,bottom,local_mean,4,4,4,0.4447047215128789,-0.044722491775632256,0.48942721328851113,1.0,0.0,Haptics,HYDRA
41,0.2,random,local_mean,4,4,4,0.4447047215128789,,0.6225356037973947,0.9187821027361311,0.4,Haptics,HYDRA
43,0.05,top,local_mean,0,0,0,0.12746217944814053,0.2066852364234999,-0.07922305697535936,-0.6215368023797957,0.0,Haptics,HYDRA
43,0.05,bottom,local_mean,0,0,0,0.12746217944814053,0.22156196846742016,-0.09409978901927962,-0.7382507593698062,0.0,Haptics,HYDRA
43,0.05,random,local_mean,0,0,0,0.12746217944814053,,-0.187862350312423,-0.7595372660808704,0.0,Haptics,HYDRA
43,0.1,top,local_mean,0,0,0,0.12746217944814053,0.1771305180302758,-0.04966833858213526,-0.3896681284522896,0.0,Haptics,HYDRA
43,0.1,bottom,local_mean,0,0,0,0.12746217944814053,0.05672649595157586,0.07073568349656467,0.5549499377217723,0.0,Haptics,HYDRA
43,0.1,random,local_mean,0,0,0,0.12746217944814053,,-0.2566683252705217,-0.8329100224353205,0.0,Haptics,HYDRA
43,0.2,top,local_mean,0,0,0,0.12746217944814053,0.3979285279025202,-0.27046634845437967,-1.0,0.0,Haptics,HYDRA
43,0.2,bottom,local_mean,0,0,0,0.12746217944814053,0.1646850182942977,-0.03722283884615718,-0.29202816850572605,0.0,Haptics,HYDRA
43,0.2,random,local_mean,0,0,0,0.12746217944814053,,-0.3040158087198332,-0.6,0.0,Haptics,HYDRA
46,0.05,top,local_mean,1,1,1,0.47275338839955017,0.4760805893329739,-0.0033272009334237573,-0.007037905972036712,0.0,Haptics,HYDRA
46,0.05,bottom,local_mean,1,1,1,0.47275338839955017,0.18507190608490875,0.2876814823146414,0.6085220769468698,0.0,Haptics,HYDRA
46,0.05,random,local_mean,1,1,1,0.47275338839955017,,0.2885046327299808,0.49816767861346134,0.0,Haptics,HYDRA
46,0.1,top,local_mean,1,1,1,0.47275338839955017,0.5135979246105534,-0.04084453621100326,-0.08639694778778731,0.0,Haptics,HYDRA
46,0.1,bottom,local_mean,1,1,1,0.47275338839955017,0.2928022453336173,0.17995114306593285,0.3806440457911656,0.0,Haptics,HYDRA
46,0.1,random,local_mean,1,1,1,0.47275338839955017,,0.3117203927719716,0.5966662523072983,0.0,Haptics,HYDRA
46,0.2,top,local_mean,1,1,1,0.47275338839955017,-0.17089255889105742,0.6436459472906075,1.0,0.0,Haptics,HYDRA
46,0.2,bottom,local_mean,1,1,1,0.47275338839955017,0.022227688333496975,0.4505257000660532,0.9529804717228552,0.0,Haptics,HYDRA
46,0.2,random,local_mean,1,1,2,0.47275338839955017,,0.5731160282577623,0.9888531156173679,0.4,Haptics,HYDRA
47,0.05,top,local_mean,1,1,1,0.07206770840041377,0.020382018757576947,0.05168568964283682,0.7171724149081611,0.0,Haptics,HYDRA
47,0.05,bottom,local_mean,1,1,1,0.07206770840041377,-0.08818094039533508,0.16024864879574885,1.0,0.0,Haptics,HYDRA
47,0.05,random,local_mean,1,1,1,0.07206770840041377,,0.13326348799723914,0.9530262422125997,0.0,Haptics,HYDRA
47,0.1,top,local_mean,1,1,1,0.07206770840041377,-0.09105639548518496,0.16312410388559873,1.0,0.0,Haptics,HYDRA
47,0.1,bottom,local_mean,1,1,1,0.07206770840041377,-0.042206745512023414,0.11427445391243718,1.0,0.0,Haptics,HYDRA
47,0.1,random,local_mean,1,1,1,0.07206770840041377,,0.23456519109685853,0.6604804456954051,0.0,Haptics,HYDRA
47,0.2,top,local_mean,1,1,2,0.07206770840041377,-0.7159267843316438,0.7879944927320576,1.0,1.0,Haptics,HYDRA
47,0.2,bottom,local_mean,1,1,1,0.07206770840041377,-0.4230151319119254,0.4950828403123392,1.0,0.0,Haptics,HYDRA
47,0.2,random,local_mean,1,1,1,0.07206770840041377,,0.3086792920184996,0.9180002054018408,0.2,Haptics,HYDRA
49,0.05,top,local_mean,2,2,2,0.23467263412884376,0.01707524481517908,0.21759738931366468,0.9272340717841202,0.0,Haptics,HYDRA
49,0.05,bottom,local_mean,2,2,2,0.23467263412884376,0.26742660853894995,-0.03275397441010619,-0.13957245146731376,0.0,Haptics,HYDRA
49,0.05,random,local_mean,2,2,2,0.23467263412884376,,0.06674876876742664,0.2686073508129147,0.0,Haptics,HYDRA
49,0.1,top,local_mean,2,2,2,0.23467263412884376,0.11291863374434308,0.12175400038450068,0.5188226655136453,0.0,Haptics,HYDRA
49,0.1,bottom,local_mean,2,2,2,0.23467263412884376,0.033991905128113786,0.20068072900072997,0.855148170972413,0.0,Haptics,HYDRA
49,0.1,random,local_mean,2,2,2,0.23467263412884376,,0.2090347060268501,0.7278914038600316,0.0,Haptics,HYDRA
49,0.2,top,local_mean,2,2,2,0.23467263412884376,-0.12224430334214398,0.35691693747098774,1.0,0.0,Haptics,HYDRA
49,0.2,bottom,local_mean,2,2,2,0.23467263412884376,-0.1991549889328194,0.43382762306166317,1.0,0.0,Haptics,HYDRA
49,0.2,random,local_mean,2,2,2,0.23467263412884376,,0.4279870122973809,0.9964305727189462,0.4,Haptics,HYDRA
52,0.05,top,local_mean,0,0,0,0.1234926293359746,0.3244766259045617,-0.20098399656858712,-1.0,0.0,Haptics,HYDRA
52,0.05,bottom,local_mean,0,0,0,0.1234926293359746,0.17817483163181935,-0.05468220229584475,-0.4427937100065082,0.0,Haptics,HYDRA
52,0.05,random,local_mean,0,0,0,0.1234926293359746,,-0.08748008848087016,-0.6292862887998485,0.0,Haptics,HYDRA
52,0.1,top,local_mean,0,0,0,0.1234926293359746,0.24930138609664265,-0.12580875676066805,-1.0,0.0,Haptics,HYDRA
52,0.1,bottom,local_mean,0,0,0,0.1234926293359746,-0.08822345657936914,0.21171608591534374,1.0,0.0,Haptics,HYDRA
52,0.1,random,local_mean,0,0,0,0.1234926293359746,,-0.011381016794485,-0.11803453202981995,0.0,Haptics,HYDRA
52,0.2,top,local_mean,0,0,0,0.1234926293359746,0.40621856138028734,-0.28272593204431273,-1.0,0.0,Haptics,HYDRA
52,0.2,bottom,local_mean,0,0,0,0.1234926293359746,-0.08913728552629474,0.21262991486226934,1.0,0.0,Haptics,HYDRA
52,0.2,random,local_mean,0,0,0,0.1234926293359746,,-0.24921041329556912,-0.7742599676014504,0.0,Haptics,HYDRA
54,0.05,top,local_mean,4,4,4,0.4421407898518742,0.28845570204850357,0.15368508780337065,0.34759231389292117,0.0,Haptics,HYDRA
54,0.05,bottom,local_mean,4,4,4,0.4421407898518742,0.2788797273991216,0.16326106245275263,0.3692504671577146,0.0,Haptics,HYDRA
54,0.05,random,local_mean,4,4,4,0.4421407898518742,,0.11785687756249526,0.2665590095023126,0.0,Haptics,HYDRA
54,0.1,top,local_mean,4,4,0,0.4421407898518742,-0.15582741512681147,0.5979682049786856,1.0,1.0,Haptics,HYDRA
54,0.1,bottom,local_mean,4,4,4,0.4421407898518742,0.06707757393681002,0.3750632159150642,0.8482871886883107,0.0,Haptics,HYDRA
54,0.1,random,local_mean,4,4,3,0.4421407898518742,,0.23089328792754976,0.4975163527739829,0.2,Haptics,HYDRA
54,0.2,top,local_mean,4,4,0,0.4421407898518742,-0.5861752617653229,1.028316051617197,1.0,1.0,Haptics,HYDRA
54,0.2,bottom,local_mean,4,4,4,0.4421407898518742,0.013159802328251202,0.428980987523623,0.9702339778091089,0.0,Haptics,HYDRA
54,0.2,random,local_mean,4,4,2,0.4421407898518742,,0.40138746343933357,0.812663948227704,0.6,Haptics,HYDRA
55,0.05,top,local_mean,4,4,4,0.315748601156448,0.22974093366246817,0.08600766749397981,0.2723920067641341,0.0,Haptics,HYDRA
55,0.05,bottom,local_mean,4,4,4,0.315748601156448,0.43323830538461017,-0.11748970422816218,-0.3720977122309911,0.0,Haptics,HYDRA
55,0.05,random,local_mean,4,4,4,0.315748601156448,,0.09498753566205997,0.22112322802825105,0.2,Haptics,HYDRA
55,0.1,top,local_mean,4,4,4,0.315748601156448,-0.23090128920632458,0.5466498903627726,1.0,0.0,Haptics,HYDRA
55,0.1,bottom,local_mean,4,4,4,0.315748601156448,0.059511391641920874,0.2562372095145271,0.8115202951200765,0.0,Haptics,HYDRA
55,0.1,random,local_mean,4,4,4,0.315748601156448,,0.21408665295036383,0.5432629722384916,0.2,Haptics,HYDRA
55,0.2,top,local_mean,4,4,3,0.315748601156448,-0.48492581632336257,0.8006744174798106,1.0,1.0,Haptics,HYDRA
55,0.2,bottom,local_mean,4,4,4,0.315748601156448,0.15445918373185508,0.1612894174245929,0.5108143187952185,0.0,Haptics,HYDRA
55,0.2,random,local_mean,4,4,3,0.315748601156448,,0.5849831354676953,1.0,0.4,Haptics,HYDRA
57,0.05,top,local_mean,0,0,0,0.06514781007725667,0.25753577831163077,-0.1923879682343741,-1.0,0.0,Haptics,HYDRA
57,0.05,bottom,local_mean,0,0,0,0.06514781007725667,0.13669045558561987,-0.0715426455083632,-1.0,0.0,Haptics,HYDRA
57,0.05,random,local_mean,0,0,0,0.06514781007725667,,-0.1636041012443836,-0.8356284155906479,0.0,Haptics,HYDRA
57,0.1,top,local_mean,0,0,0,0.06514781007725667,0.5336937885288884,-0.4685459784516317,-1.0,0.0,Haptics,HYDRA
57,0.1,bottom,local_mean,0,0,0,0.06514781007725667,0.15966522233717206,-0.09451741225991539,-1.0,0.0,Haptics,HYDRA
57,0.1,random,local_mean,0,0,0,0.06514781007725667,,-0.1881950758701842,-0.9522653736881661,0.0,Haptics,HYDRA
57,0.2,top,local_mean,0,0,0,0.06514781007725667,0.7509884550723311,-0.6858406449950745,-1.0,0.0,Haptics,HYDRA
57,0.2,bottom,local_mean,0,0,0,0.06514781007725667,0.13219094504641005,-0.06704313496915337,-1.0,0.0,Haptics,HYDRA
57,0.2,random,local_mean,0,0,0,0.06514781007725667,,-0.3458912688881429,-1.0,0.0,Haptics,HYDRA
58,0.05,top,local_mean,4,4,4,0.5759113110418091,0.44926989019978636,0.1266414208420228,0.2198970544889586,0.0,Haptics,HYDRA
58,0.05,bottom,local_mean,4,4,4,0.5759113110418091,0.4516846387369885,0.12422667230482065,0.21570414440368205,0.0,Haptics,HYDRA
58,0.05,random,local_mean,4,4,4,0.5759113110418091,,0.17158058031067286,0.2979283078708431,0.0,Haptics,HYDRA
58,0.1,top,local_mean,4,4,4,0.5759113110418091,0.10226219675094872,0.47364911429086043,0.8224326954116374,0.0,Haptics,HYDRA
58,0.1,bottom,local_mean,4,4,4,0.5759113110418091,0.06554669272291824,0.5103646183188909,0.8861845953521217,0.0,Haptics,HYDRA
58,0.1,random,local_mean,4,4,3,0.5759113110418091,,0.5057580307406647,0.5269082774546737,0.4,Haptics,HYDRA
58,0.2,top,local_mean,4,4,2,0.5759113110418091,-0.5097185909185868,1.085629901960396,1.0,1.0,Haptics,HYDRA
58,0.2,bottom,local_mean,4,4,4,0.5759113110418091,-0.07801309013018581,0.6539244011719949,1.0,0.0,Haptics,HYDRA
58,0.2,random,local_mean,4,4,4,0.5759113110418091,,0.569705938580416,0.7276473647582786,0.2,Haptics,HYDRA
62,0.05,top,local_mean,3,3,3,0.7198954341029318,0.9078743951067756,-0.18797896100384381,-0.2611194501026884,0.0,Haptics,HYDRA
62,0.05,bottom,local_mean,3,3,3,0.7198954341029318,0.5165291016415539,0.20336633246137792,0.28249387387894787,0.0,Haptics,HYDRA
62,0.05,random,local_mean,3,3,3,0.7198954341029318,,-0.002573971166824185,-0.0035754742555873685,0.0,Haptics,HYDRA
62,0.1,top,local_mean,3,3,3,0.7198954341029318,0.4872129027045886,0.23268253139834316,0.3232166744766427,0.0,Haptics,HYDRA
62,0.1,bottom,local_mean,3,3,3,0.7198954341029318,1.0227942576084554,-0.30289882350552366,-0.4207533322247499,0.0,Haptics,HYDRA
62,0.1,random,local_mean,3,3,3,0.7198954341029318,,0.14497897350448788,0.20138865347367255,0.0,Haptics,HYDRA
62,0.2,top,local_mean,3,3,3,0.7198954341029318,0.3668742360678775,0.3530211980350543,0.4903777561767709,0.0,Haptics,HYDRA
62,0.2,bottom,local_mean,3,3,3,0.7198954341029318,0.6497512418099862,0.07014419229294555,0.09743650471105991,0.0,Haptics,HYDRA
62,0.2,random,local_mean,3,3,3,0.7198954341029318,,0.16624187151207775,0.23092470477261484,0.0,Haptics,HYDRA
64,0.05,top,local_mean,0,0,0,0.4800026180201782,0.6671342753396203,-0.18713165731944215,-0.3898546808694588,0.0,Haptics,HYDRA
64,0.05,bottom,local_mean,0,0,0,0.4800026180201782,0.4488366838117459,0.031165934208432278,0.06492854019929938,0.0,Haptics,HYDRA
64,0.05,random,local_mean,0,0,0,0.4800026180201782,,-0.0751171394714862,-0.15649286099407786,0.0,Haptics,HYDRA
64,0.1,top,local_mean,0,0,0,0.4800026180201782,0.7483644071647899,-0.26836178914461173,-0.5590828466074822,0.0,Haptics,HYDRA
64,0.1,bottom,local_mean,0,0,0,0.4800026180201782,0.4665439807380698,0.013458637282108388,0.02803861632880988,0.0,Haptics,HYDRA
64,0.1,random,local_mean,0,0,0,0.4800026180201782,,-0.13567889632158386,-0.28266223675814095,0.0,Haptics,HYDRA
64,0.2,top,local_mean,0,0,0,0.4800026180201782,1.1023185539323366,-0.6223159359121584,-1.0,0.0,Haptics,HYDRA
64,0.2,bottom,local_mean,0,0,0,0.4800026180201782,0.6274780020243604,-0.14747538400418225,-0.3072380675221968,0.0,Haptics,HYDRA
64,0.2,random,local_mean,0,0,0,0.4800026180201782,,-0.19201446850831333,-0.40002712750436303,0.0,Haptics,HYDRA
66,0.05,top,local_mean,4,4,2,-0.390336988900758,-0.5681749646103429,0.17783797570958487,0.4555999691713315,1.0,Haptics,HYDRA
66,0.05,bottom,local_mean,4,4,4,-0.390336988900758,-0.34780758432643094,-0.04252940457432708,-0.10895533046654095,0.0,Haptics,HYDRA
66,0.05,random,local_mean,4,4,2,-0.390336988900758,,0.06396691979581905,0.16387572210421567,0.6,Haptics,HYDRA
66,0.1,top,local_mean,4,4,2,-0.390336988900758,-0.7284488561334816,0.33811186723272363,0.8662028212649509,1.0,Haptics,HYDRA
66,0.1,bottom,local_mean,4,4,2,-0.390336988900758,-0.6900512042260717,0.29971421532531367,0.7678325549848414,1.0,Haptics,HYDRA
66,0.1,random,local_mean,4,4,3,-0.390336988900758,,0.21101016917703425,0.19305641107488986,0.6,Haptics,HYDRA
66,0.2,top,local_mean,4,4,2,-0.390336988900758,-1.1943880794968622,0.8040510905961042,1.0,1.0,Haptics,HYDRA
66,0.2,bottom,local_mean,4,4,3,-0.390336988900758,-0.8033680214179488,0.4130310325171908,1.0,1.0,Haptics,HYDRA
66,0.2,random,local_mean,4,4,1,-0.390336988900758,,0.19440201236404736,0.38101708843286236,0.8,Haptics,HYDRA
67,0.05,top,local_mean,2,2,2,0.10392156742100966,0.059042306746040274,0.04487926067496939,0.43185288613160555,0.0,Haptics,HYDRA
67,0.05,bottom,local_mean,2,2,2,0.10392156742100966,-0.01724911958307762,0.12117068700408729,1.0,0.0,Haptics,HYDRA
67,0.05,random,local_mean,2,2,2,0.10392156742100966,,0.3101766010386878,0.72464190802767,0.2,Haptics,HYDRA
67,0.1,top,local_mean,2,2,2,0.10392156742100966,0.2801133211830158,-0.17619175376200613,-1.0,0.0,Haptics,HYDRA
67,0.1,bottom,local_mean,2,2,4,0.10392156742100966,-0.13721577034916876,0.24113733777017843,1.0,1.0,Haptics,HYDRA
67,0.1,random,local_mean,2,2,2,0.10392156742100966,,-0.0688977860976562,-0.09613201887732252,0.0,Haptics,HYDRA
67,0.2,top,local_mean,2,2,3,0.10392156742100966,-0.36329008532856344,0.4672116527495731,1.0,1.0,Haptics,HYDRA
67,0.2,bottom,local_mean,2,2,2,0.10392156742100966,-0.23377235391632833,0.337693921337338,1.0,0.0,Haptics,HYDRA
67,0.2,random,local_mean,2,2,3,0.10392156742100966,,0.3397389542053451,0.6,0.6,Haptics,HYDRA
68,0.05,top,local_mean,4,4,4,0.060474900572535906,-0.2201503091673448,0.2806252097398807,1.0,0.0,Haptics,HYDRA
68,0.05,bottom,local_mean,4,4,4,0.060474900572535906,-0.08749966233042228,0.14797456290295818,1.0,0.0,Haptics,HYDRA
68,0.05,random,local_mean,4,4,4,0.060474900572535906,,0.12444629104855565,0.4668928298253734,0.0,Haptics,HYDRA
68,0.1,top,local_mean,4,4,0,0.060474900572535906,-0.42300816464371027,0.4834830652162462,1.0,1.0,Haptics,HYDRA
68,0.1,bottom,local_mean,4,4,1,0.060474900572535906,-0.5592784075836026,0.6197533081561385,1.0,1.0,Haptics,HYDRA
68,0.1,random,local_mean,4,4,3,0.060474900572535906,,0.44686451364227625,0.6,0.4,Haptics,HYDRA
68,0.2,top,local_mean,4,4,0,0.060474900572535906,-0.5774444947645074,0.6379193953370433,1.0,1.0,Haptics,HYDRA
68,0.2,bottom,local_mean,4,4,3,0.060474900572535906,-0.5058968075051218,0.5663717080776577,1.0,1.0,Haptics,HYDRA
68,0.2,random,local_mean,4,4,1,0.060474900572535906,,0.41890878092003936,1.0,0.8,Haptics,HYDRA
69,0.05,top,local_mean,3,3,3,0.12979347095302418,0.11047943056638354,0.01931404038664064,0.1488048007347776,0.0,Haptics,HYDRA
69,0.05,bottom,local_mean,3,3,0,0.12979347095302418,-0.09167539041693268,0.22146886136995686,1.0,1.0,Haptics,HYDRA
69,0.05,random,local_mean,3,3,3,0.12979347095302418,,0.052591296608775887,0.22005481540036415,0.0,Haptics,HYDRA
69,0.1,top,local_mean,3,3,3,0.12979347095302418,0.12761010901793668,0.002183361935087502,0.016821686771832635,0.0,Haptics,HYDRA
69,0.1,bottom,local_mean,3,3,3,0.12979347095302418,0.045068832120976454,0.08472463883204773,0.6527599997900655,0.0,Haptics,HYDRA
69,0.1,random,local_mean,3,3,3,0.12979347095302418,,0.09919309132459904,0.2949377380588965,0.0,Haptics,HYDRA
69,0.2,top,local_mean,3,3,3,0.12979347095302418,0.26476411879902195,-0.13497064784599777,-1.0,0.0,Haptics,HYDRA
69,0.2,bottom,local_mean,3,3,3,0.12979347095302418,0.15115512316199942,-0.021361652208975235,-0.16458060233325766,0.0,Haptics,HYDRA
69,0.2,random,local_mean,3,3,3,0.12979347095302418,,-0.1682945127777578,-0.7382112949295216,0.0,Haptics,HYDRA
70,0.05,top,local_mean,3,3,3,0.4674309935475671,0.4636604185681279,0.003770574979439223,0.008066574456794257,0.0,Haptics,HYDRA
70,0.05,bottom,local_mean,3,3,3,0.4674309935475671,0.7147924938576342,-0.2473615003100671,-0.5291924894415575,0.0,Haptics,HYDRA
70,0.05,random,local_mean,3,3,3,0.4674309935475671,,0.060313894819753425,0.12903244889593918,0.0,Haptics,HYDRA
70,0.1,top,local_mean,3,3,3,0.4674309935475671,0.35469643375179927,0.11273455979576785,0.24117852725520741,0.0,Haptics,HYDRA
70,0.1,bottom,local_mean,3,3,3,0.4674309935475671,0.6538428712435975,-0.1864118776960304,-0.39879999715308456,0.0,Haptics,HYDRA
70,0.1,random,local_mean,3,3,3,0.4674309935475671,,-0.1237388663555763,-0.2647205755354106,0.0,Haptics,HYDRA
70,0.2,top,local_mean,3,3,3,0.4674309935475671,0.02424892068901685,0.44318207285855027,0.9481209651376824,0.0,Haptics,HYDRA
70,0.2,bottom,local_mean,3,3,3,0.4674309935475671,0.9699509149292549,-0.5025199213816878,-1.0,0.0,Haptics,HYDRA
70,0.2,random,local_mean,3,3,3,0.4674309935475671,,-0.08847587031488138,-0.16803440908077588,0.0,Haptics,HYDRA
74,0.05,top,local_mean,1,1,1,0.4643702948479248,-0.07371149226552226,0.5380817871134471,1.0,0.0,Haptics,HYDRA
74,0.05,bottom,local_mean,1,1,1,0.4643702948479248,0.1636065419582814,0.3007637528896434,0.6476794673282711,0.0,Haptics,HYDRA
74,0.05,random,local_mean,1,1,1,0.4643702948479248,,0.33409735421012526,0.6360045168499946,0.0,Haptics,HYDRA
74,0.1,top,local_mean,1,1,1,0.4643702948479248,0.646909624180369,-0.1825393293324442,-0.3930891753165392,0.0,Haptics,HYDRA
74,0.1,bottom,local_mean,1,1,1,0.4643702948479248,0.10988507612794429,0.3544852187199805,0.7633659157077518,0.0,Haptics,HYDRA
74,0.1,random,local_mean,1,1,2,0.4643702948479248,,0.39313139680815146,0.6160602511447576,0.4,Haptics,HYDRA
74,0.2,top,local_mean,1,1,1,0.4643702948479248,0.40908684467987333,0.05528345016805147,0.11905010232416723,0.0,Haptics,HYDRA
74,0.2,bottom,local_mean,1,1,3,0.4643702948479248,-0.3125307109656598,0.7769010058135846,1.0,1.0,Haptics,HYDRA
74,0.2,random,local_mean,1,1,1,0.4643702948479248,,0.2949466045920622,0.6351525338978007,0.0,Haptics,HYDRA
75,0.05,top,local_mean,2,2,2,0.2165507756531867,0.051919253353013395,0.1646315223001733,0.7602409253103284,0.0,Haptics,HYDRA
75,0.05,bottom,local_mean,2,2,2,0.2165507756531867,0.31293496417472744,-0.09638418852154074,-0.44508611499867134,0.0,Haptics,HYDRA
75,0.05,random,local_mean,2,2,2,0.2165507756531867,,-0.018705991981479198,-0.0863811526137626,0.0,Haptics,HYDRA
75,0.1,top,local_mean,2,2,2,0.2165507756531867,0.140565196381781,0.0759855792714057,0.3508887380036938,0.0,Haptics,HYDRA
75,0.1,bottom,local_mean,2,2,2,0.2165507756531867,0.4466290507235985,-0.2300782750704118,-1.0,0.0,Haptics,HYDRA
75,0.1,random,local_mean,2,2,2,0.2165507756531867,,0.1858305929624249,0.4858259033316008,0.2,Haptics,HYDRA
75,0.2,top,local_mean,2,2,0,0.2165507756531867,-0.3747708043272514,0.5913215799804381,1.0,1.0,Haptics,HYDRA
75,0.2,bottom,local_mean,2,2,2,0.2165507756531867,0.4663223045884016,-0.24977152893521493,-1.0,0.0,Haptics,HYDRA
75,0.2,random,local_mean,2,2,1,0.2165507756531867,,0.5322251444417796,1.0,0.4,Haptics,HYDRA
76,0.05,top,local_mean,4,4,4,0.4710387719316408,0.290100977239775,0.18093779469186577,0.3841242406132198,0.0,Haptics,HYDRA
76,0.05,bottom,local_mean,4,4,4,0.4710387719316408,0.5277880737812856,-0.05674930184964477,-0.12047666721841159,0.0,Haptics,HYDRA
76,0.05,random,local_mean,4,4,4,0.4710387719316408,,0.2132352064921652,0.4526904503577902,0.0,Haptics,HYDRA
76,0.1,top,local_mean,4,4,2,0.4710387719316408,-0.2468646047899536,0.7179033767215943,1.0,1.0,Haptics,HYDRA
76,0.1,bottom,local_mean,4,4,4,0.4710387719316408,0.07435497667357738,0.3966837952580634,0.8421450138516792,0.0,Haptics,HYDRA
76,0.1,random,local_mean,4,4,4,0.4710387719316408,,0.35837705769187506,0.6049945525791872,0.2,Haptics,HYDRA
76,0.2,top,local_mean,4,4,3,0.4710387719316408,-0.42122557216689877,0.8922643440985396,1.0,1.0,Haptics,HYDRA
76,0.2,bottom,local_mean,4,4,4,0.4710387719316408,0.2783569704619434,0.19268180146969738,0.40905633229132116,0.0,Haptics,HYDRA
76,0.2,random,local_mean,4,4,4,0.4710387719316408,,0.3072039777999438,0.439822206557008,0.2,Haptics,HYDRA
77,0.05,top,local_mean,2,2,2,1.130592921929988,0.8498777310734288,0.28071519085655916,0.24829002297957026,0.0,Haptics,HYDRA
77,0.05,bottom,local_mean,2,2,2,1.130592921929988,0.8761852396683364,0.25440768226165156,0.2250212718527296,0.0,Haptics,HYDRA
77,0.05,random,local_mean,2,2,2,1.130592921929988,,0.12673784155983706,0.11209846356107096,0.0,Haptics,HYDRA
77,0.1,top,local_mean,2,2,2,1.130592921929988,0.7448998792625107,0.3856930426674773,0.3411419743076961,0.0,Haptics,HYDRA
77,0.1,bottom,local_mean,2,2,2,1.130592921929988,0.843743723942335,0.28684919798765296,0.25371549627472356,0.0,Haptics,HYDRA
77,0.1,random,local_mean,2,2,2,1.130592921929988,,0.3476324238138096,0.3074777044797671,0.0,Haptics,HYDRA
77,0.2,top,local_mean,2,2,2,1.130592921929988,0.6191442300818492,0.5114486918481388,0.45237169767821406,0.0,Haptics,HYDRA
77,0.2,bottom,local_mean,2,2,2,1.130592921929988,0.1648029327077254,0.9657899892222626,0.8542324264167318,0.0,Haptics,HYDRA
77,0.2,random,local_mean,2,2,2,1.130592921929988,,0.6016793597421778,0.5321798994948399,0.2,Haptics,HYDRA
78,0.05,top,local_mean,4,4,4,0.4247824275832226,0.11042849013824263,0.31435393744497997,0.7400334312321836,0.0,Haptics,HYDRA
78,0.05,bottom,local_mean,4,4,4,0.4247824275832226,0.46386124545060026,-0.03907881786737766,-0.09199703973790603,0.0,Haptics,HYDRA
78,0.05,random,local_mean,4,4,4,0.4247824275832226,,0.1561280550347576,0.36754742510327654,0.0,Haptics,HYDRA
78,0.1,top,local_mean,4,4,4,0.4247824275832226,-0.08981497152062018,0.5145973991038428,1.0,0.0,Haptics,HYDRA
78,0.1,bottom,local_mean,4,4,4,0.4247824275832226,0.16496110670056174,0.25982132088266086,0.6116559734001329,0.0,Haptics,HYDRA
78,0.1,random,local_mean,4,4,4,0.4247824275832226,,0.5683877107125535,0.9738149524578823,0.2,Haptics,HYDRA
78,0.2,top,local_mean,4,4,3,0.4247824275832226,-0.43055889829575084,0.8553413258789735,1.0,1.0,Haptics,HYDRA
78,0.2,bottom,local_mean,4,4,3,0.4247824275832226,-0.11961946613763275,0.5444018937208553,1.0,1.0,Haptics,HYDRA
78,0.2,random,local_mean,4,4,3,0.4247824275832226,,0.5888732699655141,1.0,0.6,Haptics,HYDRA
80,0.05,top,local_mean,2,2,0,-0.0348181212833687,-0.09427715144727161,0.059459030163902915,1.0,1.0,Haptics,HYDRA
80,0.05,bottom,local_mean,2,2,2,-0.0348181212833687,-0.04941022734368239,0.014592106060313692,0.4190831222177795,0.0,Haptics,HYDRA
80,0.05,random,local_mean,2,2,2,-0.0348181212833687,,-0.01356576460049298,0.037399065386714406,0.0,Haptics,HYDRA
80,0.1,top,local_mean,2,2,2,-0.0348181212833687,0.01559110807540931,-0.05040922935877801,-1.0,0.0,Haptics,HYDRA
80,0.1,bottom,local_mean,2,2,2,-0.0348181212833687,-0.21601975504226967,0.18120163375890097,1.0,0.0,Haptics,HYDRA
80,0.1,random,local_mean,2,2,3,-0.0348181212833687,,-0.0620154832456236,0.2,0.6,Haptics,HYDRA
80,0.2,top,local_mean,2,2,0,-0.0348181212833687,-0.5682153687057896,0.5333972474224209,1.0,1.0,Haptics,HYDRA
80,0.2,bottom,local_mean,2,2,3,-0.0348181212833687,-0.11590885792116062,0.08109073663779193,1.0,1.0,Haptics,HYDRA
80,0.2,random,local_mean,2,2,2,-0.0348181212833687,,0.18115524133212885,1.0,1.0,Haptics,HYDRA
81,0.05,top,local_mean,2,2,2,0.34689663146774596,0.30513625837074754,0.04176037309699843,0.12038241056967623,0.0,Haptics,HYDRA
81,0.05,bottom,local_mean,2,2,2,0.34689663146774596,0.5499751416443058,-0.20307851017655987,-0.5854133662352256,0.0,Haptics,HYDRA
81,0.05,random,local_mean,2,2,2,0.34689663146774596,,0.04214480644575782,0.12149061458690409,0.0,Haptics,HYDRA
81,0.1,top,local_mean,2,2,2,0.34689663146774596,0.22591380335663847,0.1209828281111075,0.348756570055614,0.0,Haptics,HYDRA
81,0.1,bottom,local_mean,2,2,2,0.34689663146774596,0.1064561766911295,0.24044045477661646,0.6931164498278574,0.0,Haptics,HYDRA
81,0.1,random,local_mean,2,2,2,0.34689663146774596,,0.45888121837065227,0.8541318448669746,0.2,Haptics,HYDRA
81,0.2,top,local_mean,2,2,3,0.34689663146774596,-0.48226168271354686,0.8291583141812928,1.0,1.0,Haptics,HYDRA
81,0.2,bottom,local_mean,2,2,2,0.34689663146774596,0.04736072847848882,0.29953590298925714,0.8634705913727393,0.0,Haptics,HYDRA
81,0.2,random,local_mean,2,2,3,0.34689663146774596,,0.49083044482219124,0.8847516920141644,0.6,Haptics,HYDRA
82,0.05,top,local_mean,2,2,2,0.11864983231234671,-0.07611440282919435,0.19476423514154106,1.0,0.0,Haptics,HYDRA
82,0.05,bottom,local_mean,2,2,2,0.11864983231234671,-0.023387405811227446,0.14203723812357416,1.0,0.0,Haptics,HYDRA
82,0.05,random,local_mean,2,2,2,0.11864983231234671,,0.17344640475233938,0.6179576795320895,0.0,Haptics,HYDRA
82,0.1,top,local_mean,2,2,2,0.11864983231234671,-0.06618160754738872,0.18483143985973544,1.0,0.0,Haptics,HYDRA
82,0.1,bottom,local_mean,2,2,2,0.11864983231234671,0.020299891126107195,0.09834994118623952,0.8289022442534126,0.0,Haptics,HYDRA
82,0.1,random,local_mean,2,2,2,0.11864983231234671,,0.189654455751615,0.2,0.2,Haptics,HYDRA
82,0.2,top,local_mean,2,2,3,0.11864983231234671,-1.084442650754812,1.2030924830671585,1.0,1.0,Haptics,HYDRA
82,0.2,bottom,local_mean,2,2,2,0.11864983231234671,0.27388004644660946,-0.15523021413426275,-1.0,0.0,Haptics,HYDRA
82,0.2,random,local_mean,2,2,1,0.11864983231234671,,0.7216592143617971,0.6,0.6,Haptics,HYDRA
83,0.05,top,local_mean,4,4,4,-0.06175838590500282,-0.06296110336907179,0.0012027174640689697,0.019474245840445503,0.0,Haptics,HYDRA
83,0.05,bottom,local_mean,4,4,4,-0.06175838590500282,0.013608043029627592,-0.07536642893463041,-1.0,0.0,Haptics,HYDRA
83,0.05,random,local_mean,4,4,4,-0.06175838590500282,,0.11385962188810353,0.43616879762215444,0.0,Haptics,HYDRA
83,0.1,top,local_mean,4,4,2,-0.06175838590500282,-0.46505218117080754,0.4032937952658047,1.0,1.0,Haptics,HYDRA
83,0.1,bottom,local_mean,4,4,4,-0.06175838590500282,-0.4236513189605864,0.36189293305558357,1.0,0.0,Haptics,HYDRA
83,0.1,random,local_mean,4,4,4,-0.06175838590500282,,0.21541183019612048,0.6565343497868832,0.2,Haptics,HYDRA
83,0.2,top,local_mean,4,4,2,-0.06175838590500282,-0.6313314285068403,0.5695730426018375,1.0,1.0,Haptics,HYDRA
83,0.2,bottom,local_mean,4,4,4,-0.06175838590500282,-0.07009218209800316,0.008333796193000342,0.13493975160017357,0.0,Haptics,HYDRA
83,0.2,random,local_mean,4,4,2,-0.06175838590500282,,0.5228735654510487,1.0,1.0,Haptics,HYDRA
84,0.05,top,local_mean,0,0,0,0.05550689001674047,0.33431376277758496,-0.2788068727608445,-1.0,0.0,Haptics,HYDRA
84,0.05,bottom,local_mean,0,0,0,0.05550689001674047,0.1065953972279382,-0.05108850721119773,-0.9203827995585868,0.0,Haptics,HYDRA
84,0.05,random,local_mean,0,0,0,0.05550689001674047,,-0.14747381325834744,-1.0,0.0,Haptics,HYDRA
84,0.1,top,local_mean,0,0,0,0.05550689001674047,0.2644952961052236,-0.20898840608848313,-1.0,0.0,Haptics,HYDRA
84,0.1,bottom,local_mean,0,0,0,0.05550689001674047,0.30474516246795824,-0.24923827245121777,-1.0,0.0,Haptics,HYDRA
84,0.1,random,local_mean,0,0,0,0.05550689001674047,,-0.21652734592000442,-1.0,0.0,Haptics,HYDRA
84,0.2,top,local_mean,0,0,0,0.05550689001674047,0.5724929488085926,-0.5169860587918521,-1.0,0.0,Haptics,HYDRA
84,0.2,bottom,local_mean,0,0,0,0.05550689001674047,0.3187510779625866,-0.26324418794584614,-1.0,0.0,Haptics,HYDRA
84,0.2,random,local_mean,0,0,0,0.05550689001674047,,-0.4272732524744409,-1.0,0.0,Haptics,HYDRA
91,0.05,top,local_mean,2,2,4,-0.1836662788291285,-0.4377815559755325,0.254115277146404,1.0,1.0,Haptics,HYDRA
91,0.05,bottom,local_mean,2,2,1,-0.1836662788291285,-0.3450198623824583,0.1613535835533298,0.8785102310109475,1.0,Haptics,HYDRA
91,0.05,random,local_mean,2,2,2,-0.1836662788291285,,-0.06153549120690184,-0.31363333191307324,0.4,Haptics,HYDRA
91,0.1,top,local_mean,2,2,4,-0.1836662788291285,-0.8040504336414522,0.6203841548123237,1.0,1.0,Haptics,HYDRA
91,0.1,bottom,local_mean,2,2,1,-0.1836662788291285,-0.3819852307673543,0.1983189519382258,1.0,1.0,Haptics,HYDRA
91,0.1,random,local_mean,2,2,1,-0.1836662788291285,,0.03742783938116255,0.2924409644839994,0.6,Haptics,HYDRA
91,0.2,top,local_mean,2,2,4,-0.1836662788291285,-1.2508040488467156,1.067137770017587,1.0,1.0,Haptics,HYDRA
91,0.2,bottom,local_mean,2,2,1,-0.1836662788291285,-0.666625257929075,0.4829589790999465,1.0,1.0,Haptics,HYDRA
91,0.2,random,local_mean,2,2,2,-0.1836662788291285,,0.23888480915493523,0.30217631587093946,0.6,Haptics,HYDRA
0,0.05,top,linear_interpolation,2,2,2,0.35662652182131427,0.24020402609920433,0.11642249572210994,0.32645404125720456,0.0,Haptics,HYDRA
0,0.05,bottom,linear_interpolation,2,2,2,0.35662652182131427,0.46585566383217414,-0.10922914201085987,-0.30628354607356517,0.0,Haptics,HYDRA
0,0.05,random,linear_interpolation,2,2,2,0.35662652182131427,,0.04929461560432587,0.13822437301691087,0.0,Haptics,HYDRA
0,0.1,top,linear_interpolation,2,2,0,0.35662652182131427,-0.22583796238361148,0.5824644842049258,1.0,1.0,Haptics,HYDRA
0,0.1,bottom,linear_interpolation,2,2,2,0.35662652182131427,0.5960239140304563,-0.23939739220914202,-0.6712813161096703,0.0,Haptics,HYDRA
0,0.1,random,linear_interpolation,2,2,2,0.35662652182131427,,0.1079343780186685,0.30265296819337534,0.0,Haptics,HYDRA
0,0.2,top,linear_interpolation,2,2,0,0.35662652182131427,-1.5883506147239617,1.944977136545276,1.0,1.0,Haptics,HYDRA
0,0.2,bottom,linear_interpolation,2,2,2,0.35662652182131427,0.3998914757155273,-0.04326495389421303,-0.12131692381243261,0.0,Haptics,HYDRA
0,0.2,random,linear_interpolation,2,2,1,0.35662652182131427,,0.3940271136133194,0.7219388386240332,0.8,Haptics,HYDRA
1,0.05,top,linear_interpolation,3,3,3,0.9627493011817676,0.9570961641455495,0.005653137036218059,0.005871862132142552,0.0,Haptics,HYDRA
1,0.05,bottom,linear_interpolation,3,3,3,0.9627493011817676,1.0293582714980445,-0.06660897031627688,-0.06918613293032985,0.0,Haptics,HYDRA
1,0.05,random,linear_interpolation,3,3,3,0.9627493011817676,,-0.017490373358950075,-0.018167092066843075,0.0,Haptics,HYDRA
1,0.1,top,linear_interpolation,3,3,3,0.9627493011817676,0.9496195321576628,0.013129769024104787,0.01363777192070271,0.0,Haptics,HYDRA
1,0.1,bottom,linear_interpolation,3,3,3,0.9627493011817676,0.28271161980243564,0.680037681379332,0.7063489676862127,0.0,Haptics,HYDRA
1,0.1,random,linear_interpolation,3,3,3,0.9627493011817676,,0.02634708046700318,0.027366473357278997,0.0,Haptics,HYDRA
1,0.2,top,linear_interpolation,3,3,3,0.9627493011817676,0.21351540658908386,0.7492338945926837,0.7782224463321441,0.0,Haptics,HYDRA
1,0.2,bottom,linear_interpolation,3,3,3,0.9627493011817676,0.5911287829939968,0.37162051818777075,0.38599885944632767,0.0,Haptics,HYDRA
1,0.2,random,linear_interpolation,3,3,3,0.9627493011817676,,0.3211837487927604,0.3336106448354367,0.0,Haptics,HYDRA
2,0.05,top,linear_interpolation,0,0,0,0.001619223384959123,-0.04037384166664448,0.041993065051603606,1.0,0.0,Haptics,HYDRA
2,0.05,bottom,linear_interpolation,0,0,0,0.001619223384959123,-0.08519265044469981,0.08681187382965894,1.0,0.0,Haptics,HYDRA
2,0.05,random,linear_interpolation,0,0,1,0.001619223384959123,,0.038356438724560515,0.6,0.2,Haptics,HYDRA
2,0.1,top,linear_interpolation,0,0,0,0.001619223384959123,-0.12767244152839896,0.12929166491335808,1.0,0.0,Haptics,HYDRA
2,0.1,bottom,linear_interpolation,0,0,0,0.001619223384959123,-0.05579887595178623,0.057418099336745354,1.0,0.0,Haptics,HYDRA
2,0.1,random,linear_interpolation,0,0,0,0.001619223384959123,,0.03472582527466108,0.6,0.0,Haptics,HYDRA
2,0.2,top,linear_interpolation,0,0,0,0.001619223384959123,-0.020339058122928133,0.021958281507887256,1.0,0.0,Haptics,HYDRA
2,0.2,bottom,linear_interpolation,0,0,0,0.001619223384959123,-0.013665605317803808,0.015284828702762931,1.0,0.0,Haptics,HYDRA
2,0.2,random,linear_interpolation,0,0,1,0.001619223384959123,,0.18720427917571117,1.0,0.4,Haptics,HYDRA
5,0.05,top,linear_interpolation,3,3,3,-0.17733847046394563,-0.07069546118034531,-0.10664300928360032,-0.6013495416705984,0.0,Haptics,HYDRA
5,0.05,bottom,linear_interpolation,3,3,3,-0.17733847046394563,-0.006394577220287578,-0.17094389324365805,-0.9639359630230324,0.0,Haptics,HYDRA
5,0.05,random,linear_interpolation,3,3,3,-0.17733847046394563,,-0.07237170874280695,-0.3973863612478524,0.0,Haptics,HYDRA
5,0.1,top,linear_interpolation,3,3,3,-0.17733847046394563,-0.010854305832055378,-0.16648416463189025,-0.9387879877860449,0.0,Haptics,HYDRA
5,0.1,bottom,linear_interpolation,3,3,3,-0.17733847046394563,0.032031201811694165,-0.2093696722756398,-1.0,0.0,Haptics,HYDRA
5,0.1,random,linear_interpolation,3,3,3,-0.17733847046394563,,-0.1583566722297955,-0.4597429392368314,0.2,Haptics,HYDRA
5,0.2,top,linear_interpolation,3,3,3,-0.17733847046394563,0.4876402171638674,-0.664978687627813,-1.0,0.0,Haptics,HYDRA
5,0.2,bottom,linear_interpolation,3,3,3,-0.17733847046394563,0.34905690185268723,-0.5263953723166328,-1.0,0.0,Haptics,HYDRA
5,0.2,random,linear_interpolation,3,3,3,-0.17733847046394563,,-0.3498778043761448,-0.8392991347888408,0.0,Haptics,HYDRA
6,0.05,top,linear_interpolation,0,0,0,0.19707174056308008,0.1989783835843253,-0.0019066430212452135,-0.00967481862685583,0.0,Haptics,HYDRA
6,0.05,bottom,linear_interpolation,0,0,2,0.19707174056308008,0.0874276576504236,0.10964408291265648,0.5563635163309714,1.0,Haptics,HYDRA
6,0.05,random,linear_interpolation,0,0,0,0.19707174056308008,,0.0422744487278224,0.21451190360998185,0.0,Haptics,HYDRA
6,0.1,top,linear_interpolation,0,0,0,0.19707174056308008,0.19222417916455903,0.00484756139852105,0.02459782811499197,0.0,Haptics,HYDRA
6,0.1,bottom,linear_interpolation,0,0,2,0.19707174056308008,0.0669482111272014,0.13012352943587868,0.6602817267577809,1.0,Haptics,HYDRA
6,0.1,random,linear_interpolation,0,0,1,0.19707174056308008,,0.06286025477256976,0.31896981080673165,0.4,Haptics,HYDRA
6,0.2,top,linear_interpolation,0,0,0,0.19707174056308008,0.16809238688549166,0.028979353677588415,0.14704902156832061,0.0,Haptics,HYDRA
6,0.2,bottom,linear_interpolation,0,0,0,0.19707174056308008,0.12020588938296828,0.0768658511801118,0.3900379675062578,0.0,Haptics,HYDRA
6,0.2,random,linear_interpolation,0,0,0,0.19707174056308008,,0.17031032181686312,0.6832668285188866,0.0,Haptics,HYDRA
7,0.05,top,linear_interpolation,0,0,0,0.2244697361725545,0.2181964111257625,0.006273325046792011,0.027947184358007356,0.0,Haptics,HYDRA
7,0.05,bottom,linear_interpolation,0,0,0,0.2244697361725545,0.17193468193696948,0.05253505423558502,0.23403965760240758,0.0,Haptics,HYDRA
7,0.05,random,linear_interpolation,0,0,0,0.2244697361725545,,0.04784372447478915,0.21314014151943111,0.0,Haptics,HYDRA
7,0.1,top,linear_interpolation,0,0,0,0.2244697361725545,0.2624248753266931,-0.03795513915413862,-0.1690872485265155,0.0,Haptics,HYDRA
7,0.1,bottom,linear_interpolation,0,0,0,0.2244697361725545,0.034345114256351006,0.1901246219162035,0.8469906819838263,0.0,Haptics,HYDRA
7,0.1,random,linear_interpolation,0,0,0,0.2244697361725545,,0.1595958511269487,0.708469654104155,0.0,Haptics,HYDRA
7,0.2,top,linear_interpolation,0,0,0,0.2244697361725545,0.5144477230018105,-0.289977986829256,-1.0,0.0,Haptics,HYDRA
7,0.2,bottom,linear_interpolation,0,0,0,0.2244697361725545,-0.027623541655473538,0.25209327782802804,1.0,0.0,Haptics,HYDRA
7,0.2,random,linear_interpolation,0,0,1,0.2244697361725545,,0.10272283233280104,0.4315352567062095,0.4,Haptics,HYDRA
8,0.05,top,linear_interpolation,1,1,1,0.8316118098230495,0.8134738646636007,0.018137945159448776,0.021810564898956,0.0,Haptics,HYDRA
8,0.05,bottom,linear_interpolation,1,1,1,0.8316118098230495,0.8830429477570373,-0.05143113793398779,-0.061845052561096674,0.0,Haptics,HYDRA
8,0.05,random,linear_interpolation,1,1,1,0.8316118098230495,,0.030481338352547648,0.036653281421955806,0.0,Haptics,HYDRA
8,0.1,top,linear_interpolation,1,1,1,0.8316118098230495,0.5712908716473274,0.2603209381757221,0.31303141931052403,0.0,Haptics,HYDRA
8,0.1,bottom,linear_interpolation,1,1,1,0.8316118098230495,0.8096588571014257,0.021952952721623786,0.026398045415263544,0.0,Haptics,HYDRA
8,0.1,random,linear_interpolation,1,1,1,0.8316118098230495,,0.2018739802668296,0.2427499647459547,0.0,Haptics,HYDRA
8,0.2,top,linear_interpolation,1,1,1,0.8316118098230495,0.8286420220552407,0.0029697877678087625,0.0035711183530718746,0.0,Haptics,HYDRA
8,0.2,bottom,linear_interpolation,1,1,1,0.8316118098230495,0.28312619803754113,0.5484856117855084,0.6595444482176929,0.0,Haptics,HYDRA
8,0.2,random,linear_interpolation,1,1,1,0.8316118098230495,,0.37378809131674473,0.44947370567353245,0.0,Haptics,HYDRA
11,0.05,top,linear_interpolation,1,1,1,0.5314205999981955,0.476885037645553,0.05453556235264245,0.10262202807117293,0.0,Haptics,HYDRA
11,0.05,bottom,linear_interpolation,1,1,1,0.5314205999981955,0.42508261596841457,0.1063379840297809,0.20010098202659052,0.0,Haptics,HYDRA
11,0.05,random,linear_interpolation,1,1,1,0.5314205999981955,,0.052373053519624915,0.09855273763769247,0.0,Haptics,HYDRA
11,0.1,top,linear_interpolation,1,1,1,0.5314205999981955,0.43678631516104294,0.09463428483715253,0.17807760323907396,0.0,Haptics,HYDRA
11,0.1,bottom,linear_interpolation,1,1,1,0.5314205999981955,0.4773020766797821,0.05411852331841338,0.10183726690559275,0.0,Haptics,HYDRA
11,0.1,random,linear_interpolation,1,1,1,0.5314205999981955,,0.05085728926532216,0.09570045565610216,0.2,Haptics,HYDRA
11,0.2,top,linear_interpolation,1,1,3,0.5314205999981955,0.39439839159047774,0.13702220840771773,0.2578408713687645,1.0,Haptics,HYDRA
11,0.2,bottom,linear_interpolation,1,1,1,0.5314205999981955,0.1347305706154548,0.39669002938274067,0.7464695251079138,0.0,Haptics,HYDRA
11,0.2,random,linear_interpolation,1,1,1,0.5314205999981955,,0.2879499873094974,0.5418484820911968,0.2,Haptics,HYDRA
13,0.05,top,linear_interpolation,3,3,3,0.0724675370167277,0.17151205168350359,-0.09904451466677588,-1.0,0.0,Haptics,HYDRA
13,0.05,bottom,linear_interpolation,3,3,3,0.0724675370167277,0.14416693616461473,-0.07169939914788703,-0.9893865958869416,0.0,Haptics,HYDRA
13,0.05,random,linear_interpolation,3,3,3,0.0724675370167277,,-0.09248311461753708,-0.4955459055069684,0.0,Haptics,HYDRA
13,0.1,top,linear_interpolation,3,3,3,0.0724675370167277,0.14598787259089774,-0.07352033557417004,-1.0,0.0,Haptics,HYDRA
13,0.1,bottom,linear_interpolation,3,3,3,0.0724675370167277,0.2283670119156852,-0.1558994748989575,-1.0,0.0,Haptics,HYDRA
13,0.1,random,linear_interpolation,3,3,3,0.0724675370167277,,-0.1257174075048566,-0.8868592645645341,0.0,Haptics,HYDRA
13,0.2,top,linear_interpolation,3,3,3,0.0724675370167277,-0.2871612531200372,0.3596287901367649,1.0,0.0,Haptics,HYDRA
13,0.2,bottom,linear_interpolation,3,3,3,0.0724675370167277,0.4175193770858403,-0.3450518400691126,-1.0,0.0,Haptics,HYDRA
13,0.2,random,linear_interpolation,3,3,3,0.0724675370167277,,0.016481289272260558,0.6,0.0,Haptics,HYDRA
14,0.05,top,linear_interpolation,3,3,3,0.8639756891560024,0.7147848391252138,0.14919085003078858,0.1726792538540935,0.0,Haptics,HYDRA
14,0.05,bottom,linear_interpolation,3,3,3,0.8639756891560024,0.8148444244410913,0.04913126471491114,0.056866423980612556,0.0,Haptics,HYDRA
14,0.05,random,linear_interpolation,3,3,3,0.8639756891560024,,0.006145454230821956,0.007112986158023892,0.0,Haptics,HYDRA
14,0.1,top,linear_interpolation,3,3,3,0.8639756891560024,0.7713353985735378,0.09264029058246459,0.10722545150258928,0.0,Haptics,HYDRA
14,0.1,bottom,linear_interpolation,3,3,3,0.8639756891560024,0.7843498650676259,0.07962582408837648,0.09216200516493216,0.0,Haptics,HYDRA
14,0.1,random,linear_interpolation,3,3,3,0.8639756891560024,,-0.07766849830345084,-0.08989652067965316,0.0,Haptics,HYDRA
14,0.2,top,linear_interpolation,3,3,3,0.8639756891560024,0.36506590664255956,0.49890978251344287,0.5774574577941629,0.0,Haptics,HYDRA
14,0.2,bottom,linear_interpolation,3,3,3,0.8639756891560024,0.5149008789476803,0.3490748102083221,0.4040326719339207,0.0,Haptics,HYDRA
14,0.2,random,linear_interpolation,3,3,3,0.8639756891560024,,0.11796836793109819,0.1365411467829515,0.0,Haptics,HYDRA
16,0.05,top,linear_interpolation,2,2,2,-0.2405968647993072,-0.3485164375952835,0.1079195727959763,0.4485475084577187,0.0,Haptics,HYDRA
16,0.05,bottom,linear_interpolation,2,2,2,-0.2405968647993072,-0.24827151456210372,0.007674649762796526,0.0318982455193369,0.0,Haptics,HYDRA
16,0.05,random,linear_interpolation,2,2,2,-0.2405968647993072,,0.04058079380620118,0.1686664752409641,0.0,Haptics,HYDRA
16,0.1,top,linear_interpolation,2,2,2,-0.2405968647993072,-0.1209599577317334,-0.1196369070675738,-0.49724841559740346,0.0,Haptics,HYDRA
16,0.1,bottom,linear_interpolation,2,2,2,-0.2405968647993072,-0.254665200948029,0.014068336148721827,0.058472406479819834,0.0,Haptics,HYDRA
16,0.1,random,linear_interpolation,2,2,2,-0.2405968647993072,,0.13280005130024367,0.5309291034452397,0.4,Haptics,HYDRA
16,0.2,top,linear_interpolation,2,2,1,-0.2405968647993072,-0.4997540634162365,0.2591571986169293,1.0,1.0,Haptics,HYDRA
16,0.2,bottom,linear_interpolation,2,2,3,-0.2405968647993072,-0.43612666678542755,0.19552980198612036,0.812683030870702,1.0,Haptics,HYDRA
16,0.2,random,linear_interpolation,2,2,1,-0.2405968647993072,,0.24428217632565996,0.8258407548374407,1.0,Haptics,HYDRA
18,0.05,top,linear_interpolation,1,1,1,0.20502021929048275,0.20551458525423827,-0.0004943659637555164,-0.0024112916968612786,0.0,Haptics,HYDRA
18,0.05,bottom,linear_interpolation,1,1,1,0.20502021929048275,0.2674989963895401,-0.06247877709905736,-0.3047429788744685,0.0,Haptics,HYDRA
18,0.05,random,linear_interpolation,1,1,1,0.20502021929048275,,-0.0052791443651352575,-0.025749258459220957,0.0,Haptics,HYDRA
18,0.1,top,linear_interpolation,1,1,1,0.20502021929048275,0.0009146225529115259,0.20410559673757123,0.9955340107912721,0.0,Haptics,HYDRA
18,0.1,bottom,linear_interpolation,1,1,1,0.20502021929048275,0.20269079779513033,0.002329421495352424,0.011361855633352765,0.0,Haptics,HYDRA
18,0.1,random,linear_interpolation,1,1,1,0.20502021929048275,,0.05530744665445257,0.1796538174174575,0.0,Haptics,HYDRA
18,0.2,top,linear_interpolation,1,1,1,0.20502021929048275,0.07220193796637553,0.13281828132410722,0.6478269994869392,0.0,Haptics,HYDRA
18,0.2,bottom,linear_interpolation,1,1,1,0.20502021929048275,0.07720894696675229,0.12781127232373046,0.623405093219361,0.0,Haptics,HYDRA
18,0.2,random,linear_interpolation,1,1,1,0.20502021929048275,,0.2551936697200977,0.8171894325971933,0.0,Haptics,HYDRA
20,0.05,top,linear_interpolation,3,3,3,0.7038749926785484,0.7097623532074608,-0.0058873605289124775,-0.008364201351020027,0.0,Haptics,HYDRA
20,0.05,bottom,linear_interpolation,3,3,3,0.7038749926785484,0.5984736837375288,0.10540130894101951,0.14974414532867156,0.0,Haptics,HYDRA
20,0.05,random,linear_interpolation,3,3,3,0.7038749926785484,,-0.05869564078967078,-0.08338917849195114,0.0,Haptics,HYDRA
20,0.1,top,linear_interpolation,3,3,3,0.7038749926785484,0.6380477365227051,0.06582725615584328,0.0935210986602093,0.0,Haptics,HYDRA
20,0.1,bottom,linear_interpolation,3,3,3,0.7038749926785484,0.40532758766034205,0.2985474050182063,0.42414773074175477,0.0,Haptics,HYDRA
20,0.1,random,linear_interpolation,3,3,3,0.7038749926785484,,-0.058438180900176606,-0.08302340399165256,0.0,Haptics,HYDRA
20,0.2,top,linear_interpolation,3,3,3,0.7038749926785484,1.3231945139066184,-0.61931952122807,-0.879870215307806,0.0,Haptics,HYDRA
20,0.2,bottom,linear_interpolation,3,3,3,0.7038749926785484,0.4206700492826183,0.28320494339593005,0.40235062190175636,0.0,Haptics,HYDRA
20,0.2,random,linear_interpolation,3,3,3,0.7038749926785484,,0.1390241752539055,0.23260630653716072,0.0,Haptics,HYDRA
21,0.05,top,linear_interpolation,3,3,3,0.4978166625315683,0.4974194003864565,0.0003972621451118208,0.0007980073328286722,0.0,Haptics,HYDRA
21,0.05,bottom,linear_interpolation,3,3,3,0.4978166625315683,0.5732795654295413,-0.07546290289797297,-0.15158743567718957,0.0,Haptics,HYDRA
21,0.05,random,linear_interpolation,3,3,3,0.4978166625315683,,-0.07111963031275743,-0.1428628103532737,0.0,Haptics,HYDRA
21,0.1,top,linear_interpolation,3,3,3,0.4978166625315683,0.5063607451884724,-0.008544082656904095,-0.017163076563926228,0.0,Haptics,HYDRA
21,0.1,bottom,linear_interpolation,3,3,3,0.4978166625315683,0.2867131229745552,0.2111035395570131,0.4240579542386693,0.0,Haptics,HYDRA
21,0.1,random,linear_interpolation,3,3,3,0.4978166625315683,,-0.0005083656059650998,-0.001021188367202358,0.0,Haptics,HYDRA
21,0.2,top,linear_interpolation,3,3,3,0.4978166625315683,-0.002583836558360475,0.5004004990899288,1.0,0.0,Haptics,HYDRA
21,0.2,bottom,linear_interpolation,3,3,3,0.4978166625315683,0.9588130306815923,-0.460996368150024,-0.926034576205481,0.0,Haptics,HYDRA
21,0.2,random,linear_interpolation,3,3,3,0.4978166625315683,,-0.28978402451276486,-0.4564828905166024,0.0,Haptics,HYDRA
22,0.05,top,linear_interpolation,3,3,3,0.2275126952880746,0.25928577467517067,-0.03177307938709606,-0.13965348040637923,0.0,Haptics,HYDRA
22,0.05,bottom,linear_interpolation,3,3,3,0.2275126952880746,0.16659978747730908,0.060912907810765526,0.2677329280491817,0.0,Haptics,HYDRA
22,0.05,random,linear_interpolation,3,3,3,0.2275126952880746,,-0.015669659556561633,-0.06887347830521118,0.0,Haptics,HYDRA
22,0.1,top,linear_interpolation,3,3,3,0.2275126952880746,0.4599392570398202,-0.2324265617517456,-1.0,0.0,Haptics,HYDRA
22,0.1,bottom,linear_interpolation,3,3,3,0.2275126952880746,0.3882656711145962,-0.1607529758265216,-0.7065639526577882,0.0,Haptics,HYDRA
22,0.1,random,linear_interpolation,3,3,3,0.2275126952880746,,-0.21784498972276872,-0.7756759566293401,0.0,Haptics,HYDRA
22,0.2,top,linear_interpolation,3,3,3,0.2275126952880746,0.8989084365273352,-0.6713957412392606,-1.0,0.0,Haptics,HYDRA
22,0.2,bottom,linear_interpolation,3,3,3,0.2275126952880746,-0.09520809272871794,0.32272078801679255,1.0,0.0,Haptics,HYDRA
22,0.2,random,linear_interpolation,3,3,3,0.2275126952880746,,0.029164825448702913,0.19171144724738537,0.0,Haptics,HYDRA
23,0.05,top,linear_interpolation,2,2,2,-0.09020733402923892,-0.026659787614386032,-0.06354754641485288,-0.7044531649842402,0.0,Haptics,HYDRA
23,0.05,bottom,linear_interpolation,2,2,2,-0.09020733402923892,-0.046961198571052964,-0.04324613545818595,-0.47940288359796923,0.0,Haptics,HYDRA
23,0.05,random,linear_interpolation,2,2,2,-0.09020733402923892,,0.054024806001225625,0.4888874603953104,0.0,Haptics,HYDRA
23,0.1,top,linear_interpolation,2,2,2,-0.09020733402923892,0.08684936390573894,-0.17705669793497786,-1.0,0.0,Haptics,HYDRA
23,0.1,bottom,linear_interpolation,2,2,4,-0.09020733402923892,-0.30271670982861776,0.21250937579937884,1.0,1.0,Haptics,HYDRA
23,0.1,random,linear_interpolation,2,2,2,-0.09020733402923892,,-0.04738493304509907,-0.43439667621111777,0.0,Haptics,HYDRA
23,0.2,top,linear_interpolation,2,2,4,-0.09020733402923892,-0.36774420362616766,0.27753686959692875,1.0,1.0,Haptics,HYDRA
23,0.2,bottom,linear_interpolation,2,2,1,-0.09020733402923892,-0.3157878399954597,0.22558050596622076,1.0,1.0,Haptics,HYDRA
23,0.2,random,linear_interpolation,2,2,3,-0.09020733402923892,,0.20147645381310544,0.41647243801566863,0.4,Haptics,HYDRA
28,0.05,top,linear_interpolation,4,4,4,0.669124535844101,0.6619800982193683,0.0071444376247327135,0.010677275402021557,0.0,Haptics,HYDRA
28,0.05,bottom,linear_interpolation,4,4,4,0.669124535844101,0.716529960480259,-0.04740542463615793,-0.07084683231578667,0.0,Haptics,HYDRA
28,0.05,random,linear_interpolation,4,4,4,0.669124535844101,,0.0784990959011603,0.11731594700258122,0.0,Haptics,HYDRA
28,0.1,top,linear_interpolation,4,4,4,0.669124535844101,0.5668336235350756,0.10229091230902543,0.15287252814224997,0.0,Haptics,HYDRA
28,0.1,bottom,linear_interpolation,4,4,4,0.669124535844101,0.7206706442916034,-0.0515461084475024,-0.0770350340649861,0.0,Haptics,HYDRA
28,0.1,random,linear_interpolation,4,4,4,0.669124535844101,,0.04748917810232345,0.07097200085543875,0.0,Haptics,HYDRA
28,0.2,top,linear_interpolation,4,4,4,0.669124535844101,0.05755210658310206,0.611572429260999,0.9139875800577557,0.0,Haptics,HYDRA
28,0.2,bottom,linear_interpolation,4,4,4,0.669124535844101,0.49342753953725127,0.17569699630684976,0.2625770306093732,0.0,Haptics,HYDRA
28,0.2,random,linear_interpolation,4,4,4,0.669124535844101,,0.5012590916369695,0.6182320520278204,0.4,Haptics,HYDRA
31,0.05,top,linear_interpolation,4,4,4,0.5023491261178278,0.4719381878667591,0.030410938251068664,0.06053733575441699,0.0,Haptics,HYDRA
31,0.05,bottom,linear_interpolation,4,4,4,0.5023491261178278,0.4464753767130113,0.055873749404816486,0.11122471459619206,0.0,Haptics,HYDRA
31,0.05,random,linear_interpolation,4,4,4,0.5023491261178278,,0.027101342059878776,0.053949109696295905,0.0,Haptics,HYDRA
31,0.1,top,linear_interpolation,4,4,4,0.5023491261178278,0.3589738060976305,0.14337532002019726,0.2854091450682111,0.0,Haptics,HYDRA
31,0.1,bottom,linear_interpolation,4,4,4,0.5023491261178278,0.326813425252943,0.1755357008648848,0.34942899730398863,0.0,Haptics,HYDRA
31,0.1,random,linear_interpolation,4,4,4,0.5023491261178278,,0.25061366995027995,0.4988824664721946,0.0,Haptics,HYDRA
31,0.2,top,linear_interpolation,4,4,4,0.5023491261178278,0.17899237445135852,0.32335675166646927,0.6436880073373863,0.0,Haptics,HYDRA
31,0.2,bottom,linear_interpolation,4,4,4,0.5023491261178278,-0.18962173450952613,0.6919708606273539,1.0,0.0,Haptics,HYDRA
31,0.2,random,linear_interpolation,4,4,4,0.5023491261178278,,0.4371169625303118,0.746189418672336,0.0,Haptics,HYDRA
32,0.05,top,linear_interpolation,1,1,3,-0.13581889963537908,-0.14836992905344876,0.012551029418069681,0.09240935571123278,1.0,Haptics,HYDRA
32,0.05,bottom,linear_interpolation,1,1,3,-0.13581889963537908,-0.11883119339944592,-0.016987706235933153,-0.12507523773422158,1.0,Haptics,HYDRA
32,0.05,random,linear_interpolation,1,1,2,-0.13581889963537908,,-0.027408268170666238,-0.20179861893762432,0.6,Haptics,HYDRA
32,0.1,top,linear_interpolation,1,1,3,-0.13581889963537908,-0.048452751930114446,-0.08736614770526463,-0.6432499798616185,1.0,Haptics,HYDRA
32,0.1,bottom,linear_interpolation,1,1,3,-0.13581889963537908,-0.14174622391646075,0.0059273242810816695,0.0436410592040939,1.0,Haptics,HYDRA
32,0.1,random,linear_interpolation,1,1,3,-0.13581889963537908,,0.15263351474043846,0.5834180496675158,1.0,Haptics,HYDRA
32,0.2,top,linear_interpolation,1,1,3,-0.13581889963537908,-0.04415627694252866,-0.09166262269285042,-0.6748835990817774,1.0,Haptics,HYDRA
32,0.2,bottom,linear_interpolation,1,1,1,-0.13581889963537908,0.12210639077077345,-0.25792529040615253,-1.0,0.0,Haptics,HYDRA
32,0.2,random,linear_interpolation,1,1,2,-0.13581889963537908,,0.1598363049428983,0.910459937825037,0.4,Haptics,HYDRA
34,0.05,top,linear_interpolation,4,4,4,0.19335896395958463,0.1266939079819811,0.06666505597760353,0.34477176460137116,0.0,Haptics,HYDRA
34,0.05,bottom,linear_interpolation,4,4,4,0.19335896395958463,0.10951109200419284,0.08384787195539178,0.4336361583772189,0.0,Haptics,HYDRA
34,0.05,random,linear_interpolation,4,4,4,0.19335896395958463,,0.06723089003180027,0.3476980893824153,0.0,Haptics,HYDRA
34,0.1,top,linear_interpolation,4,4,4,0.19335896395958463,0.16448435074625212,0.028874613213332512,0.14933087813032367,0.0,Haptics,HYDRA
34,0.1,bottom,linear_interpolation,4,4,4,0.19335896395958463,0.0037138439656682065,0.18964511999391642,0.9807879361911513,0.0,Haptics,HYDRA
34,0.1,random,linear_interpolation,4,4,4,0.19335896395958463,,0.1305515608849021,0.5176468630418068,0.0,Haptics,HYDRA
34,0.2,top,linear_interpolation,4,4,0,0.19335896395958463,-0.11221775131510603,0.30557671527469066,1.0,1.0,Haptics,HYDRA
34,0.2,bottom,linear_interpolation,4,4,3,0.19335896395958463,-0.15057186144336698,0.3439308254029516,1.0,1.0,Haptics,HYDRA
34,0.2,random,linear_interpolation,4,4,3,0.19335896395958463,,0.3268333651780388,0.30202443724886047,0.4,Haptics,HYDRA
37,0.05,top,linear_interpolation,0,0,0,-0.3752717983555986,-0.3688067216682819,-0.006465076687316718,-0.0172276720179185,0.0,Haptics,HYDRA
37,0.05,bottom,linear_interpolation,0,0,2,-0.3752717983555986,-0.6737577821360885,0.2984859837804899,0.7953840115468548,1.0,Haptics,HYDRA
37,0.05,random,linear_interpolation,0,0,1,-0.3752717983555986,,0.010801214468720611,0.02878230054523074,0.4,Haptics,HYDRA
37,0.1,top,linear_interpolation,0,0,3,-0.3752717983555986,-0.380487750822406,0.005215952466807394,0.013899095510420918,1.0,Haptics,HYDRA
37,0.1,bottom,linear_interpolation,0,0,2,-0.3752717983555986,-0.5854821513123001,0.21021035295670149,0.5601534507105728,1.0,Haptics,HYDRA
37,0.1,random,linear_interpolation,0,0,3,-0.3752717983555986,,-0.029153114510216026,-0.07768512569512513,1.0,Haptics,HYDRA
37,0.2,top,linear_interpolation,0,0,3,-0.3752717983555986,-0.31796993802385654,-0.05730186033174206,-0.15269388184497276,1.0,Haptics,HYDRA
37,0.2,bottom,linear_interpolation,0,0,3,-0.3752717983555986,-0.7193418070360483,0.34407000868044973,0.9168530471383063,1.0,Haptics,HYDRA
37,0.2,random,linear_interpolation,0,0,3,-0.3752717983555986,,0.2093470185066595,0.5408403977270642,1.0,Haptics,HYDRA
40,0.05,top,linear_interpolation,1,1,1,0.29813240348031,0.2919400059375038,0.006192397542806205,0.020770559321827812,0.0,Haptics,HYDRA
40,0.05,bottom,linear_interpolation,1,1,1,0.29813240348031,0.32570433499670026,-0.027571931516390258,-0.09248185944454637,0.0,Haptics,HYDRA
40,0.05,random,linear_interpolation,1,1,1,0.29813240348031,,0.03183369111806211,0.106776666909666,0.0,Haptics,HYDRA
40,0.1,top,linear_interpolation,1,1,1,0.29813240348031,0.2886639433859739,0.009468460094336106,0.031759138639966066,0.0,Haptics,HYDRA
40,0.1,bottom,linear_interpolation,1,1,1,0.29813240348031,0.37139907162684704,-0.07326666814653704,-0.24575128882321262,0.0,Haptics,HYDRA
40,0.1,random,linear_interpolation,1,1,1,0.29813240348031,,0.24339947564193132,0.6728837741536425,0.0,Haptics,HYDRA
40,0.2,top,linear_interpolation,1,1,1,0.29813240348031,0.357000680745188,-0.05886827726487798,-0.19745616082488351,0.0,Haptics,HYDRA
40,0.2,bottom,linear_interpolation,1,1,1,0.29813240348031,-0.25146115100199257,0.5495935544823025,1.0,0.0,Haptics,HYDRA
40,0.2,random,linear_interpolation,1,1,2,0.29813240348031,,0.47962889006716614,1.0,0.6,Haptics,HYDRA
41,0.05,top,linear_interpolation,4,4,4,0.4447046963971112,0.3814358342856613,0.06326886211144989,0.14227131027112447,0.0,Haptics,HYDRA
41,0.05,bottom,linear_interpolation,4,4,4,0.4447046963971112,0.4684018703286491,-0.023697173931537918,-0.053287318160136474,0.0,Haptics,HYDRA
41,0.05,random,linear_interpolation,4,4,4,0.4447046963971112,,-0.008547331116772972,-0.019220197056213147,0.0,Haptics,HYDRA
41,0.1,top,linear_interpolation,4,4,4,0.4447046963971112,0.27737538450139354,0.16732931189571765,0.3762697740356731,0.0,Haptics,HYDRA
41,0.1,bottom,linear_interpolation,4,4,4,0.4447046963971112,0.3216820330318815,0.12302266336522971,0.2766383798586954,0.0,Haptics,HYDRA
41,0.1,random,linear_interpolation,4,4,4,0.4447046963971112,,0.28872780968880624,0.5577937132621104,0.4,Haptics,HYDRA
41,0.2,top,linear_interpolation,4,4,3,0.4447046963971112,-0.16300210854789488,0.6077068049450061,1.0,1.0,Haptics,HYDRA
41,0.2,bottom,linear_interpolation,4,4,3,0.4447046963971112,-0.013202020297786832,0.457906716694898,1.0,1.0,Haptics,HYDRA
41,0.2,random,linear_interpolation,4,4,4,0.4447046963971112,,0.679220621382318,0.8285793381823204,0.4,Haptics,HYDRA
43,0.05,top,linear_interpolation,0,0,0,0.12746217522793368,0.08955945092318951,0.03790272430474417,0.2973621537119668,0.0,Haptics,HYDRA
43,0.05,bottom,linear_interpolation,0,0,0,0.12746217522793368,0.2332248895365019,-0.1057627143085682,-0.8297511349410523,0.0,Haptics,HYDRA
43,0.05,random,linear_interpolation,0,0,0,0.12746217522793368,,-0.0011981289030053022,-0.009399804303186165,0.0,Haptics,HYDRA
43,0.1,top,linear_interpolation,0,0,0,0.12746217522793368,0.09487033038523252,0.03259184484270117,0.2556961631029464,0.0,Haptics,HYDRA
43,0.1,bottom,linear_interpolation,0,0,0,0.12746217522793368,0.028516123550115458,0.09894605167781823,0.7762716682750117,0.0,Haptics,HYDRA
43,0.1,random,linear_interpolation,0,0,0,0.12746217522793368,,-0.024771321066741313,-0.17259595536137554,0.0,Haptics,HYDRA
43,0.2,top,linear_interpolation,0,0,0,0.12746217522793368,0.22941847880621746,-0.10195630357828378,-0.7998883081012401,0.0,Haptics,HYDRA
43,0.2,bottom,linear_interpolation,0,0,0,0.12746217522793368,-0.030133248686516234,0.15759542391444992,1.0,0.0,Haptics,HYDRA
43,0.2,random,linear_interpolation,0,0,0,0.12746217522793368,,-0.16110640069465818,-0.589672309558735,0.0,Haptics,HYDRA
46,0.05,top,linear_interpolation,1,1,1,0.4727533895446786,0.4406292347122438,0.032124154832434804,0.06795104507305447,0.0,Haptics,HYDRA
46,0.05,bottom,linear_interpolation,1,1,1,0.4727533895446786,0.4981795994188961,-0.02542620987421751,-0.05378312806086501,0.0,Haptics,HYDRA
46,0.05,random,linear_interpolation,1,1,1,0.4727533895446786,,0.031970422983382596,0.06762586173800332,0.0,Haptics,HYDRA
46,0.1,top,linear_interpolation,1,1,1,0.4727533895446786,0.3739512855237942,0.09880210402088441,0.20899246248362316,0.0,Haptics,HYDRA
46,0.1,bottom,linear_interpolation,1,1,1,0.4727533895446786,0.5182059436846328,-0.04545255413995419,-0.09614411869074482,0.0,Haptics,HYDRA
46,0.1,random,linear_interpolation,1,1,1,0.4727533895446786,,0.05159662217619783,0.10914044018902036,0.0,Haptics,HYDRA
46,0.2,top,linear_interpolation,1,1,1,0.4727533895446786,0.5097409160339351,-0.03698752648925652,-0.07823835654890506,0.0,Haptics,HYDRA
46,0.2,bottom,linear_interpolation,1,1,1,0.4727533895446786,0.31129198306590344,0.16146140647877516,0.34153338403538175,0.0,Haptics,HYDRA
46,0.2,random,linear_interpolation,1,1,1,0.4727533895446786,,0.26578419001230824,0.5622035371650205,0.0,Haptics,HYDRA
47,0.05,top,linear_interpolation,1,1,1,0.07206766377684382,0.06783951043418313,0.00422815334266069,0.05866840206379997,0.0,Haptics,HYDRA
47,0.05,bottom,linear_interpolation,1,1,1,0.07206766377684382,0.142443168582436,-0.07037550480559218,-0.9765063082549387,0.0,Haptics,HYDRA
47,0.05,random,linear_interpolation,1,1,1,0.07206766377684382,,0.043665445672161775,0.45552973019382714,0.0,Haptics,HYDRA
47,0.1,top,linear_interpolation,1,1,1,0.07206766377684382,0.04391220532668083,0.028155458450162985,0.3906754610761846,0.0,Haptics,HYDRA
47,0.1,bottom,linear_interpolation,1,1,1,0.07206766377684382,0.0085748443961704,0.06349281938067342,0.8810045316959813,0.0,Haptics,HYDRA
47,0.1,random,linear_interpolation,1,1,1,0.07206766377684382,,0.039486626672007974,0.33051400245719015,0.0,Haptics,HYDRA
47,0.2,top,linear_interpolation,1,1,1,0.07206766377684382,-0.07922093764838284,0.15128860142522665,1.0,0.0,Haptics,HYDRA
47,0.2,bottom,linear_interpolation,1,1,1,0.07206766377684382,0.02313737096088586,0.048930292815957954,0.6789399199556079,0.0,Haptics,HYDRA
47,0.2,random,linear_interpolation,1,1,1,0.07206766377684382,,0.11257030685614895,0.9642945190041466,0.0,Haptics,HYDRA
49,0.05,top,linear_interpolation,2,2,2,0.23467265402041304,0.24618685034168808,-0.011514196321275039,-0.0490647165713518,0.0,Haptics,HYDRA
49,0.05,bottom,linear_interpolation,2,2,2,0.23467265402041304,0.17081023574663523,0.06386241827377781,0.27213288402720637,0.0,Haptics,HYDRA
49,0.05,random,linear_interpolation,2,2,2,0.23467265402041304,,0.049742215389338096,0.21196335650448123,0.0,Haptics,HYDRA
49,0.1,top,linear_interpolation,2,2,2,0.23467265402041304,0.10037112952060634,0.1343015244998067,0.5722905924843379,0.0,Haptics,HYDRA
49,0.1,bottom,linear_interpolation,2,2,2,0.23467265402041304,0.09293901914705527,0.14173363487335777,0.6039605743771693,0.0,Haptics,HYDRA
49,0.1,random,linear_interpolation,2,2,2,0.23467265402041304,,0.07486867403236608,0.31903314560335627,0.0,Haptics,HYDRA
49,0.2,top,linear_interpolation,2,2,2,0.23467265402041304,0.10886621791324746,0.12580643610716558,0.5360910095865398,0.0,Haptics,HYDRA
49,0.2,bottom,linear_interpolation,2,2,2,0.23467265402041304,0.2533889766223457,-0.018716322601932678,-0.07975468179442351,0.0,Haptics,HYDRA
49,0.2,random,linear_interpolation,2,2,3,0.23467265402041304,,0.6895263158792532,0.5424735026339549,0.4,Haptics,HYDRA
52,0.05,top,linear_interpolation,0,0,0,0.1234926428671207,0.09634835234060257,0.027144290526518122,0.21980314043958854,0.0,Haptics,HYDRA
52,0.05,bottom,linear_interpolation,0,0,3,0.1234926428671207,-0.01294825759031748,0.13644090045743817,1.0,1.0,Haptics,HYDRA
52,0.05,random,linear_interpolation,0,0,0,0.1234926428671207,,0.049481656478162515,0.3179955435915975,0.0,Haptics,HYDRA
52,0.1,top,linear_interpolation,0,0,0,0.1234926428671207,0.20195810216358212,-0.07846545929646143,-0.6353805546160004,0.0,Haptics,HYDRA
52,0.1,bottom,linear_interpolation,0,0,0,0.1234926428671207,-0.07498013141313398,0.19847277428025467,1.0,0.0,Haptics,HYDRA
52,0.1,random,linear_interpolation,0,0,1,0.1234926428671207,,0.12337282122139429,0.7483883031125764,0.2,Haptics,HYDRA
52,0.2,top,linear_interpolation,0,0,0,0.1234926428671207,0.19708380415155813,-0.07359116128443743,-0.5959105228082194,0.0,Haptics,HYDRA
52,0.2,bottom,linear_interpolation,0,0,0,0.1234926428671207,-0.26271235886010813,0.3862050017272288,1.0,0.0,Haptics,HYDRA
52,0.2,random,linear_interpolation,0,0,2,0.1234926428671207,,0.08614639458638307,0.45660543145650623,0.6,Haptics,HYDRA
54,0.05,top,linear_interpolation,4,4,4,0.44214078452775996,0.38854046174835755,0.05360032277940241,0.12122881088167568,0.0,Haptics,HYDRA
54,0.05,bottom,linear_interpolation,4,4,4,0.44214078452775996,0.32775588578497783,0.11438489874278213,0.25870637597609925,0.0,Haptics,HYDRA
54,0.05,random,linear_interpolation,4,4,4,0.44214078452775996,,0.0707193982517947,0.15994733075800158,0.0,Haptics,HYDRA
54,0.1,top,linear_interpolation,4,4,4,0.44214078452775996,0.2568422265433735,0.18529855798438644,0.4190930702971197,0.0,Haptics,HYDRA
54,0.1,bottom,linear_interpolation,4,4,4,0.44214078452775996,0.5010207758167454,-0.05887999128898547,-0.13316993179433073,0.0,Haptics,HYDRA
54,0.1,random,linear_interpolation,4,4,4,0.44214078452775996,,0.00919763305717991,0.020802451564272895,0.0,Haptics,HYDRA
54,0.2,top,linear_interpolation,4,4,0,0.44214078452775996,-0.27778990288040845,0.7199306874081683,1.0,1.0,Haptics,HYDRA
54,0.2,bottom,linear_interpolation,4,4,4,0.44214078452775996,0.14859898600526322,0.29354179852249673,0.6639087478149595,0.0,Haptics,HYDRA
54,0.2,random,linear_interpolation,4,4,3,0.44214078452775996,,0.3007413144006138,0.31650972409151523,0.2,Haptics,HYDRA
55,0.05,top,linear_interpolation,4,4,4,0.31574867039223464,0.3184433303590354,-0.0026946599668007387,-0.00853416557316859,0.0,Haptics,HYDRA
55,0.05,bottom,linear_interpolation,4,4,4,0.31574867039223464,0.32501309885614316,-0.009264428463908514,-0.029341055059218073,0.0,Haptics,HYDRA
55,0.05,random,linear_interpolation,4,4,4,0.31574867039223464,,0.07953258270776983,0.2518849270973802,0.0,Haptics,HYDRA
55,0.1,top,linear_interpolation,4,4,4,0.31574867039223464,0.12153299114880978,0.19421567924342487,0.6150938463440477,0.0,Haptics,HYDRA
55,0.1,bottom,linear_interpolation,4,4,4,0.31574867039223464,0.3291665312965759,-0.013417860904341272,-0.042495249124640935,0.0,Haptics,HYDRA
55,0.1,random,linear_interpolation,4,4,4,0.31574867039223464,,0.0720142894186168,0.22807399712930274,0.0,Haptics,HYDRA
55,0.2,top,linear_interpolation,4,4,3,0.31574867039223464,-0.35217309997399315,0.6679217703662278,1.0,1.0,Haptics,HYDRA
55,0.2,bottom,linear_interpolation,4,4,4,0.31574867039223464,-0.01583141497232987,0.3315800853645645,1.0,0.0,Haptics,HYDRA
55,0.2,random,linear_interpolation,4,4,4,0.31574867039223464,,0.1588287989629305,0.20477463288688663,0.4,Haptics,HYDRA
57,0.05,top,linear_interpolation,0,0,0,0.0651477777470304,0.0978561556607529,-0.0327083779137225,-0.5020566623786492,0.0,Haptics,HYDRA
57,0.05,bottom,linear_interpolation,0,0,2,0.0651477777470304,0.05381200243288509,0.011335775314145313,0.17399828064559536,1.0,Haptics,HYDRA
57,0.05,random,linear_interpolation,0,0,0,0.0651477777470304,,0.0403014745020853,0.42594959490521067,0.0,Haptics,HYDRA
57,0.1,top,linear_interpolation,0,0,0,0.0651477777470304,0.15454840561437422,-0.08940062786734382,-1.0,0.0,Haptics,HYDRA
57,0.1,bottom,linear_interpolation,0,0,0,0.0651477777470304,0.05967459988751389,0.005473177859516509,0.08401044576413387,0.0,Haptics,HYDRA
57,0.1,random,linear_interpolation,0,0,0,0.0651477777470304,,-0.02534999353292138,-0.3891092727994713,0.0,Haptics,HYDRA
57,0.2,top,linear_interpolation,0,0,0,0.0651477777470304,0.07683047189770509,-0.011682694150674688,-0.17932330512842518,0.0,Haptics,HYDRA
57,0.2,bottom,linear_interpolation,0,0,0,0.0651477777470304,0.13036221824618366,-0.06521444049915326,-1.0,0.0,Haptics,HYDRA
57,0.2,random,linear_interpolation,0,0,0,0.0651477777470304,,0.05810795003042015,0.6,0.2,Haptics,HYDRA
58,0.05,top,linear_interpolation,4,4,4,0.5759113243953885,0.5474485779799559,0.02846274641543256,0.04942201305609092,0.0,Haptics,HYDRA
58,0.05,bottom,linear_interpolation,4,4,4,0.5759113243953885,0.5595080346296096,0.016403289765778872,0.028482269038085924,0.0,Haptics,HYDRA
58,0.05,random,linear_interpolation,4,4,4,0.5759113243953885,,0.092890816442545,0.1612933297443579,0.0,Haptics,HYDRA
58,0.1,top,linear_interpolation,4,4,4,0.5759113243953885,0.4614982024373274,0.11441312195806108,0.19866413186794657,0.0,Haptics,HYDRA
58,0.1,bottom,linear_interpolation,4,4,4,0.5759113243953885,0.2192189809796402,0.3566923434157483,0.6193518150357618,0.0,Haptics,HYDRA
58,0.1,random,linear_interpolation,4,4,4,0.5759113243953885,,0.2664702572275278,0.4626924028883684,0.0,Haptics,HYDRA
58,0.2,top,linear_interpolation,4,4,4,0.5759113243953885,0.06699312520162515,0.5089181991937634,0.8836730481988595,0.0,Haptics,HYDRA
58,0.2,bottom,linear_interpolation,4,4,4,0.5759113243953885,-0.04514741298514646,0.621058737380535,1.0,0.0,Haptics,HYDRA
58,0.2,random,linear_interpolation,4,4,3,0.5759113243953885,,0.669049038110078,0.5133139615787475,0.4,Haptics,HYDRA
62,0.05,top,linear_interpolation,3,3,3,0.7198954596558553,0.7325685331144163,-0.012673073458560946,-0.017604022479314977,0.0,Haptics,HYDRA
62,0.05,bottom,linear_interpolation,3,3,3,0.7198954596558553,0.6607244125180054,0.05917104713784993,0.08219382988233682,0.0,Haptics,HYDRA
62,0.05,random,linear_interpolation,3,3,3,0.7198954596558553,,-0.03399555820383173,-0.04722284399076393,0.0,Haptics,HYDRA
62,0.1,top,linear_interpolation,3,3,3,0.7198954596558553,0.6478250896791182,0.0720703699767371,0.10011213280752923,0.0,Haptics,HYDRA
62,0.1,bottom,linear_interpolation,3,3,3,0.7198954596558553,0.6589989287697848,0.0608965308860705,0.08459067976967401,0.0,Haptics,HYDRA
62,0.1,random,linear_interpolation,3,3,3,0.7198954596558553,,0.029771044818629334,0.0413546204031359,0.0,Haptics,HYDRA
62,0.2,top,linear_interpolation,3,3,3,0.7198954596558553,1.2215941548080662,-0.5016986951522109,-0.6969039622615266,0.0,Haptics,HYDRA
62,0.2,bottom,linear_interpolation,3,3,3,0.7198954596558553,0.8946107657711433,-0.17471530611528796,-0.24269504839461242,0.0,Haptics,HYDRA
62,0.2,random,linear_interpolation,3,3,3,0.7198954596558553,,-0.17914590284107365,-0.2286305813386864,0.0,Haptics,HYDRA
64,0.05,top,linear_interpolation,0,0,0,0.4800025660712708,0.47013677787591424,0.00986578819535655,0.02055357270802376,0.0,Haptics,HYDRA
64,0.05,bottom,linear_interpolation,0,0,0,0.4800025660712708,0.3729661007178271,0.10703646535344369,0.22299097948274607,0.0,Haptics,HYDRA
64,0.05,random,linear_interpolation,0,0,0,0.4800025660712708,,-0.00523107812349215,-0.01089799845927695,0.0,Haptics,HYDRA
64,0.1,top,linear_interpolation,0,0,0,0.4800025660712708,0.7111831718254567,-0.23118060575418586,-0.4816226838611867,0.0,Haptics,HYDRA
64,0.1,bottom,linear_interpolation,0,0,0,0.4800025660712708,0.30009190968361543,0.17991065638765535,0.3748110828846265,0.0,Haptics,HYDRA
64,0.1,random,linear_interpolation,0,0,0,0.4800025660712708,,0.057379946438883514,0.11954066697571944,0.0,Haptics,HYDRA
64,0.2,top,linear_interpolation,0,0,0,0.4800025660712708,0.8033195578005614,-0.3233169917292906,-0.6735720619235663,0.0,Haptics,HYDRA
64,0.2,bottom,linear_interpolation,0,0,0,0.4800025660712708,0.12301637262802334,0.35698619344324745,0.7437157110417014,0.0,Haptics,HYDRA
64,0.2,random,linear_interpolation,0,0,1,0.4800025660712708,,0.035587294396956536,0.07413964585353212,0.2,Haptics,HYDRA
66,0.05,top,linear_interpolation,4,4,4,-0.3903370335302867,-0.406498412169346,0.01616137863905931,0.0414035457751655,0.0,Haptics,HYDRA
66,0.05,bottom,linear_interpolation,4,4,4,-0.3903370335302867,-0.3564290967325128,-0.03390793679777393,-0.08686813450153578,0.0,Haptics,HYDRA
66,0.05,random,linear_interpolation,4,4,4,-0.3903370335302867,,0.09586310967251838,0.18034027064765085,0.2,Haptics,HYDRA
66,0.1,top,linear_interpolation,4,4,4,-0.3903370335302867,-0.3915767087382131,0.001239675207926394,0.0031759016581462754,0.0,Haptics,HYDRA
66,0.1,bottom,linear_interpolation,4,4,4,-0.3903370335302867,-0.41025431082673103,0.019917277296444325,0.05102571511238329,0.0,Haptics,HYDRA
66,0.1,random,linear_interpolation,4,4,3,-0.3903370335302867,,0.09555475042685381,0.15353805836432594,0.6,Haptics,HYDRA
66,0.2,top,linear_interpolation,4,4,3,-0.3903370335302867,-0.6528536922243215,0.26251665869403484,0.6725367147028627,1.0,Haptics,HYDRA
66,0.2,bottom,linear_interpolation,4,4,3,-0.3903370335302867,-0.6595984895957316,0.26926145606544494,0.6898160899930668,1.0,Haptics,HYDRA
66,0.2,random,linear_interpolation,4,4,3,-0.3903370335302867,,0.18829908014587216,0.09926557255947717,0.4,Haptics,HYDRA
67,0.05,top,linear_interpolation,2,2,4,0.10392158790757422,-0.18074230288716997,0.2846638907947442,1.0,1.0,Haptics,HYDRA
67,0.05,bottom,linear_interpolation,2,2,2,0.10392158790757422,0.076030275339116,0.027891312568458226,0.26838546970427607,0.0,Haptics,HYDRA
67,0.05,random,linear_interpolation,2,2,3,0.10392158790757422,,0.21236431509044432,0.9188139607588767,0.4,Haptics,HYDRA
67,0.1,top,linear_interpolation,2,2,2,0.10392158790757422,-0.030916334952357905,0.13483792285993212,1.0,0.0,Haptics,HYDRA
67,0.1,bottom,linear_interpolation,2,2,2,0.10392158790757422,-0.016932095682323345,0.12085368358989756,1.0,0.0,Haptics,HYDRA
67,0.1,random,linear_interpolation,2,2,4,0.10392158790757422,,0.21274860320080213,0.996676509632746,0.8,Haptics,HYDRA
67,0.2,top,linear_interpolation,2,2,2,0.10392158790757422,-0.1876735134089494,0.2915951013165236,1.0,0.0,Haptics,HYDRA
67,0.2,bottom,linear_interpolation,2,2,2,0.10392158790757422,-0.040088326512136674,0.1440099144197109,1.0,0.0,Haptics,HYDRA
67,0.2,random,linear_interpolation,2,2,3,0.10392158790757422,,0.31896842134230885,0.9213602824784848,0.6,Haptics,HYDRA
68,0.05,top,linear_interpolation,4,4,4,0.06047490179496917,-0.04795068599785257,0.10842558779282174,1.0,0.0,Haptics,HYDRA
68,0.05,bottom,linear_interpolation,4,4,4,0.06047490179496917,0.0944408717239289,-0.03396596992895973,-0.5616447034409542,0.0,Haptics,HYDRA
68,0.05,random,linear_interpolation,4,4,4,0.06047490179496917,,0.0753305400603415,0.8837189149019451,0.0,Haptics,HYDRA
68,0.1,top,linear_interpolation,4,4,4,0.06047490179496917,-0.1932155595227304,0.25369046131769957,1.0,0.0,Haptics,HYDRA
68,0.1,bottom,linear_interpolation,4,4,4,0.06047490179496917,-0.15322800439752898,0.21370290619249815,1.0,0.0,Haptics,HYDRA
68,0.1,random,linear_interpolation,4,4,3,0.06047490179496917,,0.18759657776342495,1.0,0.2,Haptics,HYDRA
68,0.2,top,linear_interpolation,4,4,4,0.06047490179496917,-0.27943065051269733,0.3399055523076665,1.0,0.0,Haptics,HYDRA
68,0.2,bottom,linear_interpolation,4,4,1,0.06047490179496917,-0.564378578244439,0.6248534800394082,1.0,1.0,Haptics,HYDRA
68,0.2,random,linear_interpolation,4,4,4,0.06047490179496917,,0.03863979617025169,0.2,0.2,Haptics,HYDRA
69,0.05,top,linear_interpolation,3,3,3,0.12979347524897478,0.13087699964585287,-0.0010835243968780883,-0.00834800090527464,0.0,Haptics,HYDRA
69,0.05,bottom,linear_interpolation,3,3,0,0.12979347524897478,-0.174731552592579,0.3045250278415538,1.0,1.0,Haptics,HYDRA
69,0.05,random,linear_interpolation,3,3,3,0.12979347524897478,,-0.011454987173858445,-0.0882548132490633,0.0,Haptics,HYDRA
69,0.1,top,linear_interpolation,3,3,3,0.12979347524897478,0.22949198268494087,-0.09969850743596609,-0.7681259718082922,0.0,Haptics,HYDRA
69,0.1,bottom,linear_interpolation,3,3,3,0.12979347524897478,0.5007171017612746,-0.3709236265122998,-1.0,0.0,Haptics,HYDRA
69,0.1,random,linear_interpolation,3,3,3,0.12979347524897478,,0.11954305368843601,0.29733631587703935,0.0,Haptics,HYDRA
69,0.2,top,linear_interpolation,3,3,3,0.12979347524897478,0.4960977173015486,-0.36630424205257384,-1.0,0.0,Haptics,HYDRA
69,0.2,bottom,linear_interpolation,3,3,3,0.12979347524897478,0.5122444342944765,-0.38245095904550175,-1.0,0.0,Haptics,HYDRA
69,0.2,random,linear_interpolation,3,3,3,0.12979347524897478,,-0.22182360529829834,-0.4254236594496746,0.0,Haptics,HYDRA
70,0.05,top,linear_interpolation,3,3,3,0.4674309426079959,0.4075793024381529,0.05985164016984301,0.12804353899287668,0.0,Haptics,HYDRA
70,0.05,bottom,linear_interpolation,3,3,3,0.4674309426079959,0.537338027785371,-0.0699070851773751,-0.1495556439453722,0.0,Haptics,HYDRA
70,0.05,random,linear_interpolation,3,3,3,0.4674309426079959,,0.02210308372266436,0.04728620726975168,0.0,Haptics,HYDRA
70,0.1,top,linear_interpolation,3,3,3,0.4674309426079959,0.4086670497750853,0.058763892832910614,0.1257164679526234,0.0,Haptics,HYDRA
70,0.1,bottom,linear_interpolation,3,3,3,0.4674309426079959,0.4899985099591033,-0.02256756735110743,-0.04827989979716331,0.0,Haptics,HYDRA
70,0.1,random,linear_interpolation,3,3,3,0.4674309426079959,,-0.19876594100107853,-0.41650716470599447,0.0,Haptics,HYDRA
70,0.2,top,linear_interpolation,3,3,3,0.4674309426079959,0.8264799474650808,-0.3590490048570849,-0.768131084182656,0.0,Haptics,HYDRA
70,0.2,bottom,linear_interpolation,3,3,3,0.4674309426079959,0.6578060510390771,-0.19037510843108119,-0.40727877382298655,0.0,Haptics,HYDRA
70,0.2,random,linear_interpolation,3,3,3,0.4674309426079959,,-0.03816056652845101,-0.0816387650264923,0.0,Haptics,HYDRA
74,0.05,top,linear_interpolation,1,1,1,0.4643703280869741,0.3809090739303257,0.0834612541566484,0.17972955931727247,0.0,Haptics,HYDRA
74,0.05,bottom,linear_interpolation,1,1,1,0.4643703280869741,0.4820321449439974,-0.017661816857023283,-0.03803382291017616,0.0,Haptics,HYDRA
74,0.05,random,linear_interpolation,1,1,1,0.4643703280869741,,-0.020018964579572175,-0.04310982045778403,0.0,Haptics,HYDRA
74,0.1,top,linear_interpolation,1,1,1,0.4643703280869741,0.6115018165214398,-0.14713148843446566,-0.3168401654783234,0.0,Haptics,HYDRA
74,0.1,bottom,linear_interpolation,1,1,1,0.4643703280869741,0.4165839129242793,0.04778641516269477,0.10290561081700689,0.0,Haptics,HYDRA
74,0.1,random,linear_interpolation,1,1,1,0.4643703280869741,,0.35747497930695327,0.6290922305433171,0.0,Haptics,HYDRA
74,0.2,top,linear_interpolation,1,1,1,0.4643703280869741,0.5827521013951801,-0.11838177330820598,-0.25492911846192573,0.0,Haptics,HYDRA
74,0.2,bottom,linear_interpolation,1,1,1,0.4643703280869741,0.1420802099017816,0.3222901181851925,0.69403535208106,0.0,Haptics,HYDRA
74,0.2,random,linear_interpolation,1,1,1,0.4643703280869741,,-0.030199981923455143,-0.08976594924511014,0.0,Haptics,HYDRA
75,0.05,top,linear_interpolation,2,2,2,0.21655071075551113,0.2287307982219241,-0.01218008746641297,-0.056245630311202666,0.0,Haptics,HYDRA
75,0.05,bottom,linear_interpolation,2,2,2,0.21655071075551113,0.2061500071652823,0.010400703590228821,0.04802872973823472,0.0,Haptics,HYDRA
75,0.05,random,linear_interpolation,2,2,2,0.21655071075551113,,0.01178921365043475,0.054440639648166436,0.0,Haptics,HYDRA
75,0.1,top,linear_interpolation,2,2,2,0.21655071075551113,0.11509693055186376,0.10145378020364737,0.46849678466954997,0.0,Haptics,HYDRA
75,0.1,bottom,linear_interpolation,2,2,2,0.21655071075551113,0.1907598976568019,0.02579081309870923,0.11909771115974833,0.0,Haptics,HYDRA
75,0.1,random,linear_interpolation,2,2,2,0.21655071075551113,,0.14711775420988288,0.3392283681875353,0.0,Haptics,HYDRA
75,0.2,top,linear_interpolation,2,2,2,0.21655071075551113,-0.08405510019919604,0.3006058109547072,1.0,0.0,Haptics,HYDRA
75,0.2,bottom,linear_interpolation,2,2,2,0.21655071075551113,0.8229668532681197,-0.6064161425126086,-1.0,0.0,Haptics,HYDRA
75,0.2,random,linear_interpolation,2,2,2,0.21655071075551113,,0.30572139493850436,0.9536939616019839,0.0,Haptics,HYDRA
76,0.05,top,linear_interpolation,4,4,4,0.4710387344238146,0.3866982641011657,0.08434047032264891,0.17905171084094612,0.0,Haptics,HYDRA
76,0.05,bottom,linear_interpolation,4,4,4,0.4710387344238146,0.42510027731121014,0.04593845711260447,0.09752565177712094,0.0,Haptics,HYDRA
76,0.05,random,linear_interpolation,4,4,4,0.4710387344238146,,0.019304976001406793,0.0409837527295251,0.0,Haptics,HYDRA
76,0.1,top,linear_interpolation,4,4,4,0.4710387344238146,0.17662264933934624,0.29441608508446837,0.6250345004219318,0.0,Haptics,HYDRA
76,0.1,bottom,linear_interpolation,4,4,4,0.4710387344238146,0.27280897225612233,0.19822976216769228,0.4208344810022683,0.0,Haptics,HYDRA
76,0.1,random,linear_interpolation,4,4,4,0.4710387344238146,,0.1800222129895,0.3821805249820524,0.0,Haptics,HYDRA
76,0.2,top,linear_interpolation,4,4,4,0.4710387344238146,-0.0549487626259173,0.5259874970497319,1.0,0.0,Haptics,HYDRA
76,0.2,bottom,linear_interpolation,4,4,4,0.4710387344238146,0.09723545759363728,0.37380327683017733,0.7935705833551837,0.0,Haptics,HYDRA
76,0.2,random,linear_interpolation,4,4,4,0.4710387344238146,,0.07561873580735512,0.1605357898306679,0.0,Haptics,HYDRA
77,0.05,top,linear_interpolation,2,2,2,1.1305929716594383,1.1113117671782677,0.019281204481170544,0.017054048548366486,0.0,Haptics,HYDRA
77,0.05,bottom,linear_interpolation,2,2,2,1.1305929716594383,1.1208761899178756,0.009716781741562652,0.0085944043442057,0.0,Haptics,HYDRA
77,0.05,random,linear_interpolation,2,2,2,1.1305929716594383,,0.07040049727896391,0.06226859424664456,0.0,Haptics,HYDRA
77,0.1,top,linear_interpolation,2,2,2,1.1305929716594383,0.8994407219725084,0.23115224968692993,0.20445204510303058,0.0,Haptics,HYDRA
77,0.1,bottom,linear_interpolation,2,2,2,1.1305929716594383,1.0350415139374674,0.09555145772197093,0.08451438811558895,0.0,Haptics,HYDRA
77,0.1,random,linear_interpolation,2,2,2,1.1305929716594383,,0.33421305800287227,0.2956083849556782,0.0,Haptics,HYDRA
77,0.2,top,linear_interpolation,2,2,2,1.1305929716594383,0.6809999587732701,0.44959301288616815,0.3976608969763694,0.0,Haptics,HYDRA
77,0.2,bottom,linear_interpolation,2,2,2,1.1305929716594383,0.6269568499297372,0.5036361217297011,0.4454615311547126,0.0,Haptics,HYDRA
77,0.2,random,linear_interpolation,2,2,2,1.1305929716594383,,0.4942122552223565,0.43712620764904,0.0,Haptics,HYDRA
78,0.05,top,linear_interpolation,4,4,4,0.42478249997950546,0.3288020324978701,0.09598046748163536,0.22595149643586943,0.0,Haptics,HYDRA
78,0.05,bottom,linear_interpolation,4,4,4,0.42478249997950546,0.4092057583356873,0.01557674164381817,0.036669836857057075,0.0,Haptics,HYDRA
78,0.05,random,linear_interpolation,4,4,4,0.42478249997950546,,0.030731539538530896,0.07234635888638237,0.0,Haptics,HYDRA
78,0.1,top,linear_interpolation,4,4,4,0.42478249997950546,0.13026586439176535,0.2945166355877401,0.6933335113109377,0.0,Haptics,HYDRA
78,0.1,bottom,linear_interpolation,4,4,4,0.42478249997950546,0.36607457866622695,0.05870792131327851,0.13820668956329754,0.0,Haptics,HYDRA
78,0.1,random,linear_interpolation,4,4,4,0.42478249997950546,,0.15342427934305794,0.3611822948642313,0.0,Haptics,HYDRA
78,0.2,top,linear_interpolation,4,4,3,0.42478249997950546,-0.09498192252276888,0.5197644225022744,1.0,1.0,Haptics,HYDRA
78,0.2,bottom,linear_interpolation,4,4,4,0.42478249997950546,0.08313578313909376,0.3416467168404117,0.8042843398034414,0.0,Haptics,HYDRA
78,0.2,random,linear_interpolation,4,4,4,0.42478249997950546,,0.39130411039385204,0.7859480778438035,0.2,Haptics,HYDRA
80,0.05,top,linear_interpolation,2,2,2,-0.034818118115549024,-0.021601642900287987,-0.013216475215261037,-0.3795752428709276,0.0,Haptics,HYDRA
80,0.05,bottom,linear_interpolation,2,2,2,-0.034818118115549024,-0.15846543543924402,0.123647317323695,1.0,0.0,Haptics,HYDRA
80,0.05,random,linear_interpolation,2,2,2,-0.034818118115549024,,-0.01561321675648567,-0.18762045141971925,0.0,Haptics,HYDRA
80,0.1,top,linear_interpolation,2,2,3,-0.034818118115549024,0.1503700459029229,-0.18518816401847193,-1.0,1.0,Haptics,HYDRA
80,0.1,bottom,linear_interpolation,2,2,3,-0.034818118115549024,-0.14223706038985517,0.10741894227430615,1.0,1.0,Haptics,HYDRA
80,0.1,random,linear_interpolation,2,2,2,-0.034818118115549024,,-0.08556324129489665,-0.4967469746479606,0.4,Haptics,HYDRA
80,0.2,top,linear_interpolation,2,2,3,-0.034818118115549024,-0.3672011763289793,0.3323830582134303,1.0,1.0,Haptics,HYDRA
80,0.2,bottom,linear_interpolation,2,2,3,-0.034818118115549024,0.039777362973460684,-0.07459548108900971,-1.0,1.0,Haptics,HYDRA
80,0.2,random,linear_interpolation,2,2,3,-0.034818118115549024,,0.13165702027412862,0.2,0.6,Haptics,HYDRA
81,0.05,top,linear_interpolation,2,2,2,0.346896667824379,0.37729568884747633,-0.030399021023097328,-0.08763109078752063,0.0,Haptics,HYDRA
81,0.05,bottom,linear_interpolation,2,2,2,0.346896667824379,0.339501023659054,0.0073956441653250105,0.02131938277852344,0.0,Haptics,HYDRA
81,0.05,random,linear_interpolation,2,2,2,0.346896667824379,,0.02929438571078542,0.08444676464534795,0.0,Haptics,HYDRA
81,0.1,top,linear_interpolation,2,2,2,0.346896667824379,0.41309516317574946,-0.06619849535137046,-0.19083003862938688,0.0,Haptics,HYDRA
81,0.1,bottom,linear_interpolation,2,2,2,0.346896667824379,0.29928666365744816,0.04761000416693084,0.13724509728048667,0.0,Haptics,HYDRA
81,0.1,random,linear_interpolation,2,2,2,0.346896667824379,,0.29391657321462483,0.7065222163195124,0.0,Haptics,HYDRA
81,0.2,top,linear_interpolation,2,2,4,0.346896667824379,-0.19463524696151757,0.5415319147858966,1.0,1.0,Haptics,HYDRA
81,0.2,bottom,linear_interpolation,2,2,2,0.346896667824379,0.2764864060317913,0.07041026179258769,0.2029712745956935,0.0,Haptics,HYDRA
81,0.2,random,linear_interpolation,2,2,2,0.346896667824379,,0.3870973216120646,0.8333427579410635,0.0,Haptics,HYDRA
82,0.05,top,linear_interpolation,2,2,2,0.11864983934064433,0.007657753950573665,0.11099208539007066,0.9354513293531322,0.0,Haptics,HYDRA
82,0.05,bottom,linear_interpolation,2,2,2,0.11864983934064433,0.013009649781146715,0.10564018955949761,0.8903450674816266,0.0,Haptics,HYDRA
82,0.05,random,linear_interpolation,2,2,2,0.11864983934064433,,0.16734426705058716,0.8963981473043583,0.2,Haptics,HYDRA
82,0.1,top,linear_interpolation,2,2,2,0.11864983934064433,-0.04969429324864383,0.16834413258928815,1.0,0.0,Haptics,HYDRA
82,0.1,bottom,linear_interpolation,2,2,2,0.11864983934064433,0.02901711081889735,0.08963272852174697,0.7554327387808282,0.0,Haptics,HYDRA
82,0.1,random,linear_interpolation,2,2,2,0.11864983934064433,,0.08705497381974081,0.25016814579217855,0.2,Haptics,HYDRA
82,0.2,top,linear_interpolation,2,2,1,0.11864983934064433,-0.6754265435915323,0.7940763829321766,1.0,1.0,Haptics,HYDRA
82,0.2,bottom,linear_interpolation,2,2,1,0.11864983934064433,-0.16562022889326822,0.28427006823391254,1.0,1.0,Haptics,HYDRA
82,0.2,random,linear_interpolation,2,2,2,0.11864983934064433,,0.4876690675376973,0.9159947568703661,0.6,Haptics,HYDRA
83,0.05,top,linear_interpolation,4,4,4,-0.06175846911296856,-0.07033644281832752,0.008577973705358954,0.13889325521351847,0.0,Haptics,HYDRA
83,0.05,bottom,linear_interpolation,4,4,4,-0.06175846911296856,-0.012215869517971267,-0.049542599594997294,-0.8021862931557178,0.0,Haptics,HYDRA
83,0.05,random,linear_interpolation,4,4,4,-0.06175846911296856,,0.06650066981899451,0.33320219573639454,0.0,Haptics,HYDRA
83,0.1,top,linear_interpolation,4,4,4,-0.06175846911296856,-0.3165490329011338,0.2547905637881652,1.0,0.0,Haptics,HYDRA
83,0.1,bottom,linear_interpolation,4,4,4,-0.06175846911296856,-0.1693246004571301,0.10756613134416154,1.0,0.0,Haptics,HYDRA
83,0.1,random,linear_interpolation,4,4,4,-0.06175846911296856,,0.07010877583878292,0.7677893770000567,0.0,Haptics,HYDRA
83,0.2,top,linear_interpolation,4,4,3,-0.06175846911296856,-0.5792059618752968,0.5174474927623283,1.0,1.0,Haptics,HYDRA
83,0.2,bottom,linear_interpolation,4,4,3,-0.06175846911296856,-0.36708133539319965,0.3053228662802311,1.0,1.0,Haptics,HYDRA
83,0.2,random,linear_interpolation,4,4,3,-0.06175846911296856,,0.39931198324320194,1.0,0.6,Haptics,HYDRA
84,0.05,top,linear_interpolation,0,0,0,0.05550686827693818,0.10590741942249282,-0.05040055114555464,-0.9079893123277177,0.0,Haptics,HYDRA
84,0.05,bottom,linear_interpolation,0,0,0,0.05550686827693818,0.021997585048707635,0.033509283228230546,0.6036852840582355,0.0,Haptics,HYDRA
84,0.05,random,linear_interpolation,0,0,0,0.05550686827693818,,-0.00954926851674882,-0.17203450273222345,0.0,Haptics,HYDRA
84,0.1,top,linear_interpolation,0,0,0,0.05550686827693818,0.36139651437345544,-0.30588964609651725,-1.0,0.0,Haptics,HYDRA
84,0.1,bottom,linear_interpolation,0,0,0,0.05550686827693818,0.05239736640700454,0.0031095018699336396,0.05601911884671569,0.0,Haptics,HYDRA
84,0.1,random,linear_interpolation,0,0,0,0.05550686827693818,,-0.023756769459578875,-0.23944499016896267,0.0,Haptics,HYDRA
84,0.2,top,linear_interpolation,0,0,0,0.05550686827693818,0.3668074763853528,-0.31130060810841464,-1.0,0.0,Haptics,HYDRA
84,0.2,bottom,linear_interpolation,0,0,3,0.05550686827693818,-0.11151686641437775,0.16702373469131593,1.0,1.0,Haptics,HYDRA
84,0.2,random,linear_interpolation,0,0,1,0.05550686827693818,,0.06408810140297731,0.28903438444612145,0.2,Haptics,HYDRA
91,0.05,top,linear_interpolation,2,2,1,-0.18366626164113764,-0.2898813443836328,0.10621508274249514,0.5783016624379462,1.0,Haptics,HYDRA
91,0.05,bottom,linear_interpolation,2,2,1,-0.18366626164113764,-0.2015966549772154,0.017930393336077766,0.09762432986620916,1.0,Haptics,HYDRA
91,0.05,random,linear_interpolation,2,2,1,-0.18366626164113764,,0.06342302228828217,0.34531479220397293,0.6,Haptics,HYDRA
91,0.1,top,linear_interpolation,2,2,3,-0.18366626164113764,-0.5967595953474238,0.4130933337062862,1.0,1.0,Haptics,HYDRA
91,0.1,bottom,linear_interpolation,2,2,1,-0.18366626164113764,-0.31506627218115646,0.13140001054001882,0.7154242371008811,1.0,Haptics,HYDRA
91,0.1,random,linear_interpolation,2,2,1,-0.18366626164113764,,0.1542342892359297,0.8211621118646729,1.0,Haptics,HYDRA
91,0.2,top,linear_interpolation,2,2,4,-0.18366626164113764,-0.9392821731874207,0.755615911546283,1.0,1.0,Haptics,HYDRA
91,0.2,bottom,linear_interpolation,2,2,1,-0.18366626164113764,-0.29330969586432576,0.10964343422318812,0.5969677624824471,1.0,Haptics,HYDRA
91,0.2,random,linear_interpolation,2,2,3,-0.18366626164113764,,0.16926885061254285,0.3621090259483582,0.4,Haptics,HYDRA
