sample_idx,fraction,mode,perturbation,true_label,base_pred,masked_pred,score_before,score_after,score_drop,bounded_relative_score_drop,flipped,dataset,model
0,0.05,top,global_mean,0,0,0,0.5417469792989652,0.4161334286830245,0.1256135506159407,0.23186713271822007,0.0,ToeSegmentation1,HYDRA
0,0.05,bottom,global_mean,0,0,0,0.5417469792989652,0.5965187281692871,-0.05477174887032188,-0.10110189786254085,0.0,ToeSegmentation1,HYDRA
0,0.05,random,global_mean,0,0,0,0.5417469792989652,,0.23940248271565917,0.4419074770254827,0.0,ToeSegmentation1,HYDRA
0,0.1,top,global_mean,0,0,0,0.5417469792989652,0.2753684697078146,0.2663785095911506,0.4917018978748213,0.0,ToeSegmentation1,HYDRA
0,0.1,bottom,global_mean,0,0,0,0.5417469792989652,0.7140962717360737,-0.1723492924371085,-0.3181355519962116,0.0,ToeSegmentation1,HYDRA
0,0.1,random,global_mean,0,0,0,0.5417469792989652,,0.19870368041203162,0.3667825040513467,0.0,ToeSegmentation1,HYDRA
0,0.2,top,global_mean,0,0,0,0.5417469792989652,0.17794986699390844,0.36379711230505674,0.6715246317592525,0.0,ToeSegmentation1,HYDRA
0,0.2,bottom,global_mean,0,0,0,0.5417469792989652,0.5180321446756109,0.02371483462335433,0.043774661889910305,0.0,ToeSegmentation1,HYDRA
0,0.2,random,global_mean,0,0,0,0.5417469792989652,,0.3332711262523409,0.6151774237969502,0.0,ToeSegmentation1,HYDRA
1,0.05,top,global_mean,0,0,0,0.7725811276315322,0.7398994729750059,0.03268165465652628,0.04230185178722275,0.0,ToeSegmentation1,HYDRA
1,0.05,bottom,global_mean,0,0,0,0.7725811276315322,0.698232059940934,0.07434906769059824,0.09623451673484422,0.0,ToeSegmentation1,HYDRA
1,0.05,random,global_mean,0,0,0,0.7725811276315322,,0.10333633087913865,0.13375449312545173,0.0,ToeSegmentation1,HYDRA
1,0.1,top,global_mean,0,0,0,0.7725811276315322,0.2988814882512098,0.4736996393803224,0.6131382314428119,0.0,ToeSegmentation1,HYDRA
1,0.1,bottom,global_mean,0,0,0,0.7725811276315322,0.4831267418539519,0.2894543857775803,0.37465840255060867,0.0,ToeSegmentation1,HYDRA
1,0.1,random,global_mean,0,0,0,0.7725811276315322,,0.15617348591543867,0.20214483396634114,0.0,ToeSegmentation1,HYDRA
1,0.2,top,global_mean,0,0,0,0.7725811276315322,0.25660225937057235,0.5159788682609598,0.6678628068225851,0.0,ToeSegmentation1,HYDRA
1,0.2,bottom,global_mean,0,0,0,0.7725811276315322,0.4023686800805758,0.3702124475509564,0.47918846982119406,0.0,ToeSegmentation1,HYDRA
1,0.2,random,global_mean,0,0,0,0.7725811276315322,,0.2673866349796873,0.3460947715673951,0.0,ToeSegmentation1,HYDRA
2,0.05,top,global_mean,0,0,0,0.8441276070123609,0.6405999378064942,0.20352766920586673,0.24110978767348706,0.0,ToeSegmentation1,HYDRA
2,0.05,bottom,global_mean,0,0,0,0.8441276070123609,0.737740028898278,0.10638757811408284,0.12603242827016875,0.0,ToeSegmentation1,HYDRA
2,0.05,random,global_mean,0,0,0,0.8441276070123609,,0.19363394470460552,0.2293891512454927,0.0,ToeSegmentation1,HYDRA
2,0.1,top,global_mean,0,0,0,0.8441276070123609,0.5274403259512428,0.3166872810611181,0.3751647301493251,0.0,ToeSegmentation1,HYDRA
2,0.1,bottom,global_mean,0,0,0,0.8441276070123609,0.7949750449202001,0.04915256209216079,0.05822876002997613,0.0,ToeSegmentation1,HYDRA
2,0.1,random,global_mean,0,0,0,0.8441276070123609,,0.19363124273773974,0.22938595035069617,0.0,ToeSegmentation1,HYDRA
2,0.2,top,global_mean,0,0,0,0.8441276070123609,0.5410167367709072,0.30311087024145367,0.3590813860867235,0.0,ToeSegmentation1,HYDRA
2,0.2,bottom,global_mean,0,0,0,0.8441276070123609,0.5450910382268295,0.2990365687855314,0.3542547501664666,0.0,ToeSegmentation1,HYDRA
2,0.2,random,global_mean,0,0,0,0.8441276070123609,,0.2744636965851251,0.3251444084528058,0.0,ToeSegmentation1,HYDRA
3,0.05,top,global_mean,0,0,0,0.6460222013322712,0.4922129292182768,0.15380927211399437,0.23808629751501006,0.0,ToeSegmentation1,HYDRA
3,0.05,bottom,global_mean,0,0,0,0.6460222013322712,0.5316001153707075,0.11442208596156367,0.17711761083130603,0.0,ToeSegmentation1,HYDRA
3,0.05,random,global_mean,0,0,0,0.6460222013322712,,0.16796283183640243,0.2599950458281041,0.0,ToeSegmentation1,HYDRA
3,0.1,top,global_mean,0,0,0,0.6460222013322712,0.28345973771517563,0.36256246361709554,0.5612220472413306,0.0,ToeSegmentation1,HYDRA
3,0.1,bottom,global_mean,0,0,0,0.6460222013322712,0.4891756685256774,0.15684653280659377,0.24278777059884943,0.0,ToeSegmentation1,HYDRA
3,0.1,random,global_mean,0,0,0,0.6460222013322712,,0.28112927602050414,0.43516900854449353,0.0,ToeSegmentation1,HYDRA
3,0.2,top,global_mean,0,0,0,0.6460222013322712,0.1197661697966435,0.5262560315356277,0.8146085627425581,0.0,ToeSegmentation1,HYDRA
3,0.2,bottom,global_mean,0,0,0,0.6460222013322712,0.5896543802567038,0.05636782107556737,0.08725355522730759,0.0,ToeSegmentation1,HYDRA
3,0.2,random,global_mean,0,0,0,0.6460222013322712,,0.24463612304420507,0.3786800884855226,0.0,ToeSegmentation1,HYDRA
4,0.05,top,global_mean,0,0,0,1.3123886717310638,0.9253518399139525,0.38703683181711124,0.2949099952200959,0.0,ToeSegmentation1,HYDRA
4,0.05,bottom,global_mean,0,0,0,1.3123886717310638,1.2517944161568937,0.060594255574170086,0.04617093297773767,0.0,ToeSegmentation1,HYDRA
4,0.05,random,global_mean,0,0,0,1.3123886717310638,,0.11970626080823007,0.0912124374236621,0.0,ToeSegmentation1,HYDRA
4,0.1,top,global_mean,0,0,0,1.3123886717310638,1.1471375190058963,0.16525115272516744,0.12591622464324825,0.0,ToeSegmentation1,HYDRA
4,0.1,bottom,global_mean,0,0,0,1.3123886717310638,1.1780027319971709,0.1343859397338929,0.10239789494581714,0.0,ToeSegmentation1,HYDRA
4,0.1,random,global_mean,0,0,0,1.3123886717310638,,0.4094160570202551,0.3119622668778157,0.0,ToeSegmentation1,HYDRA
4,0.2,top,global_mean,0,0,0,1.3123886717310638,0.7987570613605028,0.5136316103705609,0.39137126833151037,0.0,ToeSegmentation1,HYDRA
4,0.2,bottom,global_mean,0,0,0,1.3123886717310638,0.7318138423047915,0.5805748294262723,0.44237991347530525,0.0,ToeSegmentation1,HYDRA
4,0.2,random,global_mean,0,0,0,1.3123886717310638,,0.37327194381884055,0.2844215798547764,0.0,ToeSegmentation1,HYDRA
5,0.05,top,global_mean,0,0,0,0.991155469344621,0.673539422712908,0.31761604663171294,0.3204499556379117,0.0,ToeSegmentation1,HYDRA
5,0.05,bottom,global_mean,0,0,0,0.991155469344621,0.9904671366520501,0.0006883326925708477,0.0006944742973084679,0.0,ToeSegmentation1,HYDRA
5,0.05,random,global_mean,0,0,0,0.991155469344621,,0.2893814163978575,0.29196340370880514,0.0,ToeSegmentation1,HYDRA
5,0.1,top,global_mean,0,0,0,0.991155469344621,0.5760032682149248,0.4151522011296962,0.41885637028047235,0.0,ToeSegmentation1,HYDRA
5,0.1,bottom,global_mean,0,0,0,0.991155469344621,1.0390973397496621,-0.047941870405041165,-0.04836962869923212,0.0,ToeSegmentation1,HYDRA
5,0.1,random,global_mean,0,0,0,0.991155469344621,,0.14245921250763835,0.1437302957845154,0.0,ToeSegmentation1,HYDRA
5,0.2,top,global_mean,0,0,0,0.991155469344621,0.35799012476312614,0.6331653445814949,0.6388147221600244,0.0,ToeSegmentation1,HYDRA
5,0.2,bottom,global_mean,0,0,0,0.991155469344621,1.1030415009218386,-0.11188603157721766,-0.11288432758876071,0.0,ToeSegmentation1,HYDRA
5,0.2,random,global_mean,0,0,0,0.991155469344621,,0.5237497719832748,0.5284228960636176,0.0,ToeSegmentation1,HYDRA
6,0.05,top,global_mean,0,0,0,0.41560661338630245,0.27501778317595993,0.14058883021034252,0.3382729903931448,0.0,ToeSegmentation1,HYDRA
6,0.05,bottom,global_mean,0,0,0,0.41560661338630245,0.16937158206191158,0.24623503132439087,0.5924699726217919,0.0,ToeSegmentation1,HYDRA
6,0.05,random,global_mean,0,0,0,0.41560661338630245,,0.14641412698601158,0.3522893283716662,0.0,ToeSegmentation1,HYDRA
6,0.1,top,global_mean,0,0,1,0.41560661338630245,-0.13409842838948835,0.5497050417757908,1.0,1.0,ToeSegmentation1,HYDRA
6,0.1,bottom,global_mean,0,0,0,0.41560661338630245,0.2650355352826249,0.15057107810367754,0.3622914336839241,0.0,ToeSegmentation1,HYDRA
6,0.1,random,global_mean,0,0,0,0.41560661338630245,,0.06801802957131084,0.16365924824406158,0.0,ToeSegmentation1,HYDRA
6,0.2,top,global_mean,0,0,0,0.41560661338630245,0.10907419024594699,0.30653242314035545,0.7375524732157328,0.0,ToeSegmentation1,HYDRA
6,0.2,bottom,global_mean,0,0,0,0.41560661338630245,0.20917651800353412,0.20643009538276832,0.49669469166074676,0.0,ToeSegmentation1,HYDRA
6,0.2,random,global_mean,0,0,0,0.41560661338630245,,0.27382813244301357,0.6552175774151655,0.2,ToeSegmentation1,HYDRA
7,0.05,top,global_mean,0,0,0,1.064174851159484,1.0297666678870694,0.03440818327241457,0.03233317429156542,0.0,ToeSegmentation1,HYDRA
7,0.05,bottom,global_mean,0,0,0,1.064174851159484,0.9745006729925614,0.08967417816692258,0.08426631563685376,0.0,ToeSegmentation1,HYDRA
7,0.05,random,global_mean,0,0,0,1.064174851159484,,0.27024329692458704,0.2539460904230637,0.0,ToeSegmentation1,HYDRA
7,0.1,top,global_mean,0,0,0,1.064174851159484,1.0156263418680662,0.04854850929141774,0.04562075829715663,0.0,ToeSegmentation1,HYDRA
7,0.1,bottom,global_mean,0,0,0,1.064174851159484,0.9699654595087965,0.09420939165068742,0.08852802997553515,0.0,ToeSegmentation1,HYDRA
7,0.1,random,global_mean,0,0,0,1.064174851159484,,0.19656158047542943,0.1847078001828962,0.0,ToeSegmentation1,HYDRA
7,0.2,top,global_mean,0,0,0,1.064174851159484,0.9653536762900572,0.09882117486942676,0.09286169645905339,0.0,ToeSegmentation1,HYDRA
7,0.2,bottom,global_mean,0,0,0,1.064174851159484,0.9613850808443788,0.10278977031510517,0.09659096304723463,0.0,ToeSegmentation1,HYDRA
7,0.2,random,global_mean,0,0,0,1.064174851159484,,0.2903048377898126,0.2727978063714826,0.0,ToeSegmentation1,HYDRA
8,0.05,top,global_mean,0,0,0,0.2693536171346333,0.18514779006047952,0.08420582707415378,0.3126206930103026,0.0,ToeSegmentation1,HYDRA
8,0.05,bottom,global_mean,0,0,0,0.2693536171346333,0.18475374667872943,0.08459987045590386,0.3140836097627306,0.0,ToeSegmentation1,HYDRA
8,0.05,random,global_mean,0,0,0,0.2693536171346333,,0.1257399992358752,0.44171951543555743,0.4,ToeSegmentation1,HYDRA
8,0.1,top,global_mean,0,0,0,0.2693536171346333,0.057030047282587065,0.21232356985204623,0.788267793998568,0.0,ToeSegmentation1,HYDRA
8,0.1,bottom,global_mean,0,0,0,0.2693536171346333,0.19398545854586083,0.07536815858877247,0.27981016026579086,0.0,ToeSegmentation1,HYDRA
8,0.1,random,global_mean,0,0,0,0.2693536171346333,,0.0974576964336599,0.35692505955140275,0.2,ToeSegmentation1,HYDRA
8,0.2,top,global_mean,0,0,1,0.2693536171346333,-0.09732340945084898,0.3666770265854823,1.0,1.0,ToeSegmentation1,HYDRA
8,0.2,bottom,global_mean,0,0,0,0.2693536171346333,0.23883453100421678,0.030519086130416512,0.11330448482775389,0.0,ToeSegmentation1,HYDRA
8,0.2,random,global_mean,0,0,0,0.2693536171346333,,0.20733952261761418,0.7697641303619397,0.0,ToeSegmentation1,HYDRA
9,0.05,top,global_mean,0,0,0,0.48793482194567434,0.4573466968653866,0.030588125080287742,0.06268882853961347,0.0,ToeSegmentation1,HYDRA
9,0.05,bottom,global_mean,0,0,0,0.48793482194567434,0.2258168242339586,0.26211799771171573,0.5371976926524967,0.0,ToeSegmentation1,HYDRA
9,0.05,random,global_mean,0,0,0,0.48793482194567434,,0.08935583530900425,0.18313030380243928,0.0,ToeSegmentation1,HYDRA
9,0.1,top,global_mean,0,0,0,0.48793482194567434,0.45544286313461996,0.03249195881105438,0.06659064030488822,0.0,ToeSegmentation1,HYDRA
9,0.1,bottom,global_mean,0,0,0,0.48793482194567434,0.23856098654532062,0.2493738354003537,0.5110791710392569,0.0,ToeSegmentation1,HYDRA
9,0.1,random,global_mean,0,0,0,0.48793482194567434,,0.06897528766945653,0.14136139337836134,0.0,ToeSegmentation1,HYDRA
9,0.2,top,global_mean,0,0,0,0.48793482194567434,0.41164795766742945,0.07628686427824488,0.15634610300601887,0.0,ToeSegmentation1,HYDRA
9,0.2,bottom,global_mean,0,0,0,0.48793482194567434,0.30492300406239714,0.1830118178832772,0.3750735437982525,0.0,ToeSegmentation1,HYDRA
9,0.2,random,global_mean,0,0,0,0.48793482194567434,,0.2299542722700953,0.47127975017931334,0.0,ToeSegmentation1,HYDRA
10,0.05,top,global_mean,0,0,0,0.9037764487036197,0.7070547267592057,0.19672172194441406,0.2176661104197633,0.0,ToeSegmentation1,HYDRA
10,0.05,bottom,global_mean,0,0,0,0.9037764487036197,0.8353128527983374,0.06846359590528228,0.0757527154538837,0.0,ToeSegmentation1,HYDRA
10,0.05,random,global_mean,0,0,0,0.9037764487036197,,0.08875727250279541,0.09820700066162198,0.0,ToeSegmentation1,HYDRA
10,0.1,top,global_mean,0,0,0,0.9037764487036197,0.6044449652816559,0.2993314834219638,0.3312004341902152,0.0,ToeSegmentation1,HYDRA
10,0.1,bottom,global_mean,0,0,0,0.9037764487036197,0.8923858136833102,0.01139063502030957,0.01260336273786021,0.0,ToeSegmentation1,HYDRA
10,0.1,random,global_mean,0,0,0,0.9037764487036197,,0.13379379974806965,0.14803843572328979,0.0,ToeSegmentation1,HYDRA
10,0.2,top,global_mean,0,0,0,0.9037764487036197,0.8098446404143508,0.09393180828926895,0.10393245419434279,0.0,ToeSegmentation1,HYDRA
10,0.2,bottom,global_mean,0,0,0,0.9037764487036197,0.9253014202390608,-0.021524971535441084,-0.023816672529632762,0.0,ToeSegmentation1,HYDRA
10,0.2,random,global_mean,0,0,0,0.9037764487036197,,0.33070743822558735,0.3659168954701789,0.0,ToeSegmentation1,HYDRA
11,0.05,top,global_mean,0,0,0,0.4039377862296205,0.1526896343027417,0.25124815192687877,0.6219956104538469,0.0,ToeSegmentation1,HYDRA
11,0.05,bottom,global_mean,0,0,0,0.4039377862296205,0.32131198975559827,0.08262579647402224,0.20455029150642964,0.0,ToeSegmentation1,HYDRA
11,0.05,random,global_mean,0,0,0,0.4039377862296205,,0.023907353349105785,0.05918558495523023,0.0,ToeSegmentation1,HYDRA
11,0.1,top,global_mean,0,0,0,0.4039377862296205,0.2159651311167067,0.1879726551129138,0.46534935866757804,0.0,ToeSegmentation1,HYDRA
11,0.1,bottom,global_mean,0,0,0,0.4039377862296205,0.39897300255902135,0.00496478367059916,0.012290930803997888,0.0,ToeSegmentation1,HYDRA
11,0.1,random,global_mean,0,0,0,0.4039377862296205,,-0.012360051383997529,-0.03059882290424919,0.0,ToeSegmentation1,HYDRA
11,0.2,top,global_mean,0,0,1,0.4039377862296205,-0.0114733678548727,0.4154111540844932,1.0,1.0,ToeSegmentation1,HYDRA
11,0.2,bottom,global_mean,0,0,0,0.4039377862296205,0.17423086906021815,0.22970691716940236,0.5686676422274157,0.0,ToeSegmentation1,HYDRA
11,0.2,random,global_mean,0,0,0,0.4039377862296205,,0.24986159265160607,0.6015510728630429,0.4,ToeSegmentation1,HYDRA
14,0.05,top,global_mean,0,0,0,1.244444060436047,0.7981072450863305,0.4463368153497165,0.35866333479866314,0.0,ToeSegmentation1,HYDRA
14,0.05,bottom,global_mean,0,0,0,1.244444060436047,1.289682028440177,-0.04523796800413016,-0.03635192058079206,0.0,ToeSegmentation1,HYDRA
14,0.05,random,global_mean,0,0,0,1.244444060436047,,0.2040888732622097,0.16399990626400016,0.0,ToeSegmentation1,HYDRA
14,0.1,top,global_mean,0,0,0,1.244444060436047,0.7434066725713666,0.5010373878646803,0.40261913024036555,0.0,ToeSegmentation1,HYDRA
14,0.1,bottom,global_mean,0,0,0,1.244444060436047,0.7474219748647682,0.4970220855712787,0.3993925496374463,0.0,ToeSegmentation1,HYDRA
14,0.1,random,global_mean,0,0,0,1.244444060436047,,0.38112507291489456,0.30626106770944983,0.0,ToeSegmentation1,HYDRA
14,0.2,top,global_mean,0,0,0,1.244444060436047,0.7592113177704449,0.485232742665602,0.38991897520616864,0.0,ToeSegmentation1,HYDRA
14,0.2,bottom,global_mean,0,0,0,1.244444060436047,0.8237905492517406,0.4206535111843064,0.3380249755958786,0.0,ToeSegmentation1,HYDRA
14,0.2,random,global_mean,0,0,0,1.244444060436047,,0.31142555890355855,0.25025255738846097,0.0,ToeSegmentation1,HYDRA
15,0.05,top,global_mean,0,0,0,0.9813258546024868,0.7228606750047132,0.2584651795977736,0.26338337566688924,0.0,ToeSegmentation1,HYDRA
15,0.05,bottom,global_mean,0,0,0,0.9813258546024868,0.9643805259783976,0.01694532862408915,0.017267772245928518,0.0,ToeSegmentation1,HYDRA
15,0.05,random,global_mean,0,0,0,0.9813258546024868,,0.1241583818332889,0.1265209254704261,0.0,ToeSegmentation1,HYDRA
15,0.1,top,global_mean,0,0,0,0.9813258546024868,0.31378000140643664,0.6675458531960501,0.6802482272498879,0.0,ToeSegmentation1,HYDRA
15,0.1,bottom,global_mean,0,0,0,0.9813258546024868,0.9905528821228917,-0.00922702752040494,-0.009402603706532212,0.0,ToeSegmentation1,HYDRA
15,0.1,random,global_mean,0,0,0,0.9813258546024868,,0.22655631812397764,0.23086733748435986,0.0,ToeSegmentation1,HYDRA
15,0.2,top,global_mean,0,0,0,0.9813258546024868,0.20081503869661435,0.7805108159058725,0.7953627399935362,0.0,ToeSegmentation1,HYDRA
15,0.2,bottom,global_mean,0,0,0,0.9813258546024868,1.066034108664592,-0.08470825406210514,-0.08632012225571727,0.0,ToeSegmentation1,HYDRA
15,0.2,random,global_mean,0,0,0,0.9813258546024868,,0.5291508540744967,0.5392197834928748,0.0,ToeSegmentation1,HYDRA
16,0.05,top,global_mean,0,0,0,1.0761868028073325,0.7750044346495705,0.301182368157762,0.2798604178305132,0.0,ToeSegmentation1,HYDRA
16,0.05,bottom,global_mean,0,0,0,1.0761868028073325,1.1382237110369973,-0.06203690822966479,-0.057645057923752664,0.0,ToeSegmentation1,HYDRA
16,0.05,random,global_mean,0,0,0,1.0761868028073325,,0.1457332240867979,0.13541616408087856,0.0,ToeSegmentation1,HYDRA
16,0.1,top,global_mean,0,0,0,1.0761868028073325,0.5632435821853936,0.5129432206219389,0.47662984033444766,0.0,ToeSegmentation1,HYDRA
16,0.1,bottom,global_mean,0,0,0,1.0761868028073325,0.8480446428355995,0.22814215997173293,0.21199102923913804,0.0,ToeSegmentation1,HYDRA
16,0.1,random,global_mean,0,0,0,1.0761868028073325,,0.43629517401163637,0.40540802718031294,0.0,ToeSegmentation1,HYDRA
16,0.2,top,global_mean,0,0,0,1.0761868028073325,0.5493450584161277,0.5268417443912048,0.4895444299005163,0.0,ToeSegmentation1,HYDRA
16,0.2,bottom,global_mean,0,0,0,1.0761868028073325,0.5945250633407213,0.48166173946661117,0.4475629051083401,0.0,ToeSegmentation1,HYDRA
16,0.2,random,global_mean,0,0,0,1.0761868028073325,,0.23425091180826949,0.21766731717011192,0.0,ToeSegmentation1,HYDRA
17,0.05,top,global_mean,0,0,0,1.1353797556839818,0.7557459710212397,0.379633784662742,0.33436693616851126,0.0,ToeSegmentation1,HYDRA
17,0.05,bottom,global_mean,0,0,0,1.1353797556839818,1.1320458145614298,0.00333394112255192,0.00293640798988483,0.0,ToeSegmentation1,HYDRA
17,0.05,random,global_mean,0,0,0,1.1353797556839818,,0.14595878526919917,0.12855492268870627,0.0,ToeSegmentation1,HYDRA
17,0.1,top,global_mean,0,0,0,1.1353797556839818,0.5414499583547591,0.5939297973292227,0.5231106783833275,0.0,ToeSegmentation1,HYDRA
17,0.1,bottom,global_mean,0,0,0,1.1353797556839818,0.9652897224314358,0.1700900332525459,0.14980880413996397,0.0,ToeSegmentation1,HYDRA
17,0.1,random,global_mean,0,0,0,1.1353797556839818,,0.1640118806473261,0.14445539950033875,0.0,ToeSegmentation1,HYDRA
17,0.2,top,global_mean,0,0,0,1.1353797556839818,0.4379587220059573,0.6974210336780244,0.6142618061708124,0.0,ToeSegmentation1,HYDRA
17,0.2,bottom,global_mean,0,0,0,1.1353797556839818,0.9854637676206552,0.1499159880633265,0.13204027575138297,0.0,ToeSegmentation1,HYDRA
17,0.2,random,global_mean,0,0,0,1.1353797556839818,,0.5401856108633822,0.4757748518803817,0.0,ToeSegmentation1,HYDRA
18,0.05,top,global_mean,0,0,0,0.31084479702156853,0.07496570548227206,0.23587909153929648,0.7588299208141768,0.0,ToeSegmentation1,HYDRA
18,0.05,bottom,global_mean,0,0,0,0.31084479702156853,0.12951707768694676,0.18132771933462177,0.5833365645347299,0.0,ToeSegmentation1,HYDRA
18,0.05,random,global_mean,0,0,0,0.31084479702156853,,0.13189838097548576,0.42432094060558845,0.0,ToeSegmentation1,HYDRA
18,0.1,top,global_mean,0,0,0,0.31084479702156853,8.293160365304406e-05,0.3107618654179155,0.9997299895817887,0.0,ToeSegmentation1,HYDRA
18,0.1,bottom,global_mean,0,0,0,0.31084479702156853,0.22688117024221732,0.08396362677935121,0.2701134375431985,0.0,ToeSegmentation1,HYDRA
18,0.1,random,global_mean,0,0,0,0.31084479702156853,,0.1093866886744824,0.35190016954577785,0.0,ToeSegmentation1,HYDRA
18,0.2,top,global_mean,0,0,0,0.31084479702156853,0.06437151677105184,0.24647328025051668,0.7929117350536824,0.0,ToeSegmentation1,HYDRA
18,0.2,bottom,global_mean,0,0,0,0.31084479702156853,0.12304120386784435,0.1878035931537242,0.6041696395872233,0.0,ToeSegmentation1,HYDRA
18,0.2,random,global_mean,0,0,0,0.31084479702156853,,0.1344844172827337,0.4161978955023372,0.2,ToeSegmentation1,HYDRA
19,0.05,top,global_mean,0,0,0,0.20391679758675293,0.10236800714194315,0.10154879044480979,0.497988854560906,0.0,ToeSegmentation1,HYDRA
19,0.05,bottom,global_mean,0,0,0,0.20391679758675293,0.16726105756002943,0.036655740026723505,0.17975743392937057,0.0,ToeSegmentation1,HYDRA
19,0.05,random,global_mean,0,0,0,0.20391679758675293,,0.12038111760418113,0.4164760541636049,0.2,ToeSegmentation1,HYDRA
19,0.1,top,global_mean,0,0,0,0.20391679758675293,0.2208200927050907,-0.01690329511833777,-0.08289269165506058,0.0,ToeSegmentation1,HYDRA
19,0.1,bottom,global_mean,0,0,0,0.20391679758675293,0.041504351931322986,0.16241244565542995,0.7964603755899956,0.0,ToeSegmentation1,HYDRA
19,0.1,random,global_mean,0,0,0,0.20391679758675293,,0.049278913804026374,0.05400858827360955,0.2,ToeSegmentation1,HYDRA
19,0.2,top,global_mean,0,0,0,0.20391679758675293,0.049534578069796005,0.15438221951695694,0.7570806537927518,0.0,ToeSegmentation1,HYDRA
19,0.2,bottom,global_mean,0,0,0,0.20391679758675293,0.1648085888875515,0.039108208699201424,0.19178418540227507,0.0,ToeSegmentation1,HYDRA
19,0.2,random,global_mean,0,0,0,0.20391679758675293,,0.19685177223479525,0.7281549521708157,0.2,ToeSegmentation1,HYDRA
20,0.05,top,global_mean,0,0,0,0.23422387563473665,0.16530421537727466,0.06891966025746199,0.2942456904745641,0.0,ToeSegmentation1,HYDRA
20,0.05,bottom,global_mean,0,0,0,0.23422387563473665,0.2982366184414541,-0.06401274280671745,-0.27329609049101383,0.0,ToeSegmentation1,HYDRA
20,0.05,random,global_mean,0,0,0,0.23422387563473665,,0.019733017017781546,0.08424816947519406,0.0,ToeSegmentation1,HYDRA
20,0.1,top,global_mean,0,0,0,0.23422387563473665,0.15785737074461628,0.07636650489012037,0.3260392589948924,0.0,ToeSegmentation1,HYDRA
20,0.1,bottom,global_mean,0,0,0,0.23422387563473665,0.3173147331393368,-0.08309085750460013,-0.3547482191181805,0.0,ToeSegmentation1,HYDRA
20,0.1,random,global_mean,0,0,0,0.23422387563473665,,0.1070240228666931,0.36283897302804613,0.2,ToeSegmentation1,HYDRA
20,0.2,top,global_mean,0,0,0,0.23422387563473665,0.02537250159696767,0.208851374037769,0.8916703380535186,0.0,ToeSegmentation1,HYDRA
20,0.2,bottom,global_mean,0,0,0,0.23422387563473665,0.4836144371203734,-0.24939056148563674,-1.0,0.0,ToeSegmentation1,HYDRA
20,0.2,random,global_mean,0,0,1,0.23422387563473665,,0.3269590375292624,0.8565274076327215,0.6,ToeSegmentation1,HYDRA
21,0.05,top,global_mean,0,0,0,0.49165697485915527,0.4969327473245697,-0.005275772465414441,-0.010730574373223147,0.0,ToeSegmentation1,HYDRA
21,0.05,bottom,global_mean,0,0,0,0.49165697485915527,0.3173830455719735,0.17427392928718177,0.3544617156613921,0.0,ToeSegmentation1,HYDRA
21,0.05,random,global_mean,0,0,0,0.49165697485915527,,0.08081852094492406,0.1643795587126926,0.0,ToeSegmentation1,HYDRA
21,0.1,top,global_mean,0,0,0,0.49165697485915527,0.45645738097155725,0.035199593887598024,0.07159365999846054,0.0,ToeSegmentation1,HYDRA
21,0.1,bottom,global_mean,0,0,0,0.49165697485915527,0.3035776730362841,0.1880793018228712,0.3825409358543408,0.0,ToeSegmentation1,HYDRA
21,0.1,random,global_mean,0,0,0,0.49165697485915527,,0.10126615587434278,0.20596870396204273,0.0,ToeSegmentation1,HYDRA
21,0.2,top,global_mean,0,0,0,0.49165697485915527,0.24969125821935512,0.24196571663980015,0.4921423611792646,0.0,ToeSegmentation1,HYDRA
21,0.2,bottom,global_mean,0,0,0,0.49165697485915527,0.2985362668541085,0.19312070800504677,0.3927948246143467,0.0,ToeSegmentation1,HYDRA
21,0.2,random,global_mean,0,0,0,0.49165697485915527,,0.2584035916815906,0.5255759184128259,0.0,ToeSegmentation1,HYDRA
22,0.05,top,global_mean,0,0,0,0.3141729816826053,0.2571265922720463,0.057046389410559006,0.18157579155676296,0.0,ToeSegmentation1,HYDRA
22,0.05,bottom,global_mean,0,0,0,0.3141729816826053,0.2179334007734344,0.09623958090917092,0.3063257510814409,0.0,ToeSegmentation1,HYDRA
22,0.05,random,global_mean,0,0,0,0.3141729816826053,,0.06813638350150383,0.21687468560123707,0.0,ToeSegmentation1,HYDRA
22,0.1,top,global_mean,0,0,0,0.3141729816826053,0.15908001272708802,0.1550929689555173,0.4936531285146336,0.0,ToeSegmentation1,HYDRA
22,0.1,bottom,global_mean,0,0,0,0.3141729816826053,0.3204738891455179,-0.006300907462912564,-0.020055471904984367,0.0,ToeSegmentation1,HYDRA
22,0.1,random,global_mean,0,0,0,0.3141729816826053,,0.03195810184756289,0.10172103264696378,0.0,ToeSegmentation1,HYDRA
22,0.2,top,global_mean,0,0,1,0.3141729816826053,-0.23133556583908887,0.5455085475216942,1.0,1.0,ToeSegmentation1,HYDRA
22,0.2,bottom,global_mean,0,0,0,0.3141729816826053,0.33604550684578927,-0.021872525163183942,-0.0696191487469535,0.0,ToeSegmentation1,HYDRA
22,0.2,random,global_mean,0,0,0,0.3141729816826053,,0.13188313580268277,0.4197773956212513,0.0,ToeSegmentation1,HYDRA
23,0.05,top,global_mean,0,0,0,0.5366454162360822,0.4264006837047578,0.11024473253132439,0.20543271919070336,0.0,ToeSegmentation1,HYDRA
23,0.05,bottom,global_mean,0,0,0,0.5366454162360822,0.24600017971233148,0.29064523652375074,0.5415954112994387,0.0,ToeSegmentation1,HYDRA
23,0.05,random,global_mean,0,0,0,0.5366454162360822,,0.18265063327235773,0.3403556378023137,0.0,ToeSegmentation1,HYDRA
23,0.1,top,global_mean,0,0,0,0.5366454162360822,0.41512001122155007,0.12152540501453213,0.2264533989938554,0.0,ToeSegmentation1,HYDRA
23,0.1,bottom,global_mean,0,0,0,0.5366454162360822,0.25063376900380685,0.28601164723227535,0.5329610681802311,0.0,ToeSegmentation1,HYDRA
23,0.1,random,global_mean,0,0,0,0.5366454162360822,,0.26181372499197525,0.48787007062914556,0.0,ToeSegmentation1,HYDRA
23,0.2,top,global_mean,0,0,0,0.5366454162360822,0.4095893576355971,0.12705605860048508,0.23675935356398692,0.0,ToeSegmentation1,HYDRA
23,0.2,bottom,global_mean,0,0,0,0.5366454162360822,0.293041228435189,0.2436041878008932,0.4539379756031512,0.0,ToeSegmentation1,HYDRA
23,0.2,random,global_mean,0,0,0,0.5366454162360822,,0.2649076143831469,0.49363529946058265,0.0,ToeSegmentation1,HYDRA
24,0.05,top,global_mean,0,0,0,0.5864344915039268,0.5178362357992574,0.06859825570466938,0.11697493875881834,0.0,ToeSegmentation1,HYDRA
24,0.05,bottom,global_mean,0,0,0,0.5864344915039268,0.32379991392815655,0.26263457757577024,0.4478490496921291,0.0,ToeSegmentation1,HYDRA
24,0.05,random,global_mean,0,0,0,0.5864344915039268,,0.18571306339073063,0.31668114580593565,0.0,ToeSegmentation1,HYDRA
24,0.1,top,global_mean,0,0,0,0.5864344915039268,0.5012882772003499,0.08514621430357694,0.1451928055807427,0.0,ToeSegmentation1,HYDRA
24,0.1,bottom,global_mean,0,0,0,0.5864344915039268,0.2136752528632119,0.3727592386407149,0.6356355371411194,0.0,ToeSegmentation1,HYDRA
24,0.1,random,global_mean,0,0,0,0.5864344915039268,,0.14117031363638838,0.2407260741916455,0.0,ToeSegmentation1,HYDRA
24,0.2,top,global_mean,0,0,0,0.5864344915039268,0.543742401552827,0.04269208995109974,0.07279929432922781,0.0,ToeSegmentation1,HYDRA
24,0.2,bottom,global_mean,0,0,0,0.5864344915039268,0.3284437096848657,0.2579907818190611,0.4399303683981302,0.0,ToeSegmentation1,HYDRA
24,0.2,random,global_mean,0,0,0,0.5864344915039268,,0.18718294683846587,0.3191876166267343,0.0,ToeSegmentation1,HYDRA
25,0.05,top,global_mean,0,0,0,0.8469379903756301,0.690063642102217,0.15687434827341307,0.18522508711499625,0.0,ToeSegmentation1,HYDRA
25,0.05,bottom,global_mean,0,0,0,0.8469379903756301,0.7594531637952121,0.08748482658041801,0.10329531120254266,0.0,ToeSegmentation1,HYDRA
25,0.05,random,global_mean,0,0,0,0.8469379903756301,,0.11752521085359328,0.13876467158687436,0.0,ToeSegmentation1,HYDRA
25,0.1,top,global_mean,0,0,0,0.8469379903756301,0.5421160942604442,0.30482189611518595,0.35991009928589174,0.0,ToeSegmentation1,HYDRA
25,0.1,bottom,global_mean,0,0,0,0.8469379903756301,0.7446701174163699,0.10226787295926021,0.12074998804093655,0.0,ToeSegmentation1,HYDRA
25,0.1,random,global_mean,0,0,0,0.8469379903756301,,0.204300982633615,0.24122278576760822,0.0,ToeSegmentation1,HYDRA
25,0.2,top,global_mean,0,0,0,0.8469379903756301,0.7114059914797335,0.13553199889589662,0.16002569303815634,0.0,ToeSegmentation1,HYDRA
25,0.2,bottom,global_mean,0,0,0,0.8469379903756301,0.8692142263934045,-0.022276236017774398,-0.026302055131379124,0.0,ToeSegmentation1,HYDRA
25,0.2,random,global_mean,0,0,0,0.8469379903756301,,0.28803940931912486,0.3400946379754875,0.0,ToeSegmentation1,HYDRA
27,0.05,top,global_mean,0,0,0,0.5873516203806439,0.49506265352309015,0.09228896685755378,0.1571270198773342,0.0,ToeSegmentation1,HYDRA
27,0.05,bottom,global_mean,0,0,0,0.5873516203806439,0.48517147382418196,0.10218014655646196,0.17396729496199806,0.0,ToeSegmentation1,HYDRA
27,0.05,random,global_mean,0,0,0,0.5873516203806439,,0.12267719911388977,0.20886464937261487,0.0,ToeSegmentation1,HYDRA
27,0.1,top,global_mean,0,0,0,0.5873516203806439,0.5990775365230231,-0.011725916142379167,-0.019964014351004318,0.0,ToeSegmentation1,HYDRA
27,0.1,bottom,global_mean,0,0,0,0.5873516203806439,0.44421297135590476,0.14313864902473916,0.24370138832780844,0.0,ToeSegmentation1,HYDRA
27,0.1,random,global_mean,0,0,0,0.5873516203806439,,0.1349855245672703,0.22618285837196123,0.2,ToeSegmentation1,HYDRA
27,0.2,top,global_mean,0,0,0,0.5873516203806439,0.36555430413453915,0.22179731624610477,0.37762207667068076,0.0,ToeSegmentation1,HYDRA
27,0.2,bottom,global_mean,0,0,0,0.5873516203806439,0.7118183253752093,-0.12446670499456536,-0.2119113811289419,0.0,ToeSegmentation1,HYDRA
27,0.2,random,global_mean,0,0,0,0.5873516203806439,,0.355104238244755,0.5923731121759491,0.2,ToeSegmentation1,HYDRA
28,0.05,top,global_mean,0,0,0,0.37055878437342804,0.3344812618901402,0.03607752248328783,0.09735951931289731,0.0,ToeSegmentation1,HYDRA
28,0.05,bottom,global_mean,0,0,0,0.37055878437342804,0.2624293406538034,0.10812944371962463,0.291800266190403,0.0,ToeSegmentation1,HYDRA
28,0.05,random,global_mean,0,0,0,0.37055878437342804,,0.2856375948026594,0.7347482579255661,0.4,ToeSegmentation1,HYDRA
28,0.1,top,global_mean,0,0,0,0.37055878437342804,0.39547906569941416,-0.024920281325986116,-0.06725036654509962,0.0,ToeSegmentation1,HYDRA
28,0.1,bottom,global_mean,0,0,0,0.37055878437342804,0.23133735204435943,0.1392214323290686,0.37570572469021507,0.0,ToeSegmentation1,HYDRA
28,0.1,random,global_mean,0,0,0,0.37055878437342804,,0.15196172945582434,0.41008694376475124,0.0,ToeSegmentation1,HYDRA
28,0.2,top,global_mean,0,0,0,0.37055878437342804,0.23463082945800462,0.13592795491542342,0.36681788107487495,0.0,ToeSegmentation1,HYDRA
28,0.2,bottom,global_mean,0,0,0,0.37055878437342804,0.09538719726793812,0.27517158710548995,0.7425835147512619,0.0,ToeSegmentation1,HYDRA
28,0.2,random,global_mean,0,0,0,0.37055878437342804,,0.17132424624636808,0.46233901645872544,0.0,ToeSegmentation1,HYDRA
29,0.05,top,global_mean,0,0,0,0.28017692452444865,0.1802917870560293,0.09988513746841934,0.35650609389714166,0.0,ToeSegmentation1,HYDRA
29,0.05,bottom,global_mean,0,0,0,0.28017692452444865,0.22641418895414808,0.05376273557030056,0.19188783577989982,0.0,ToeSegmentation1,HYDRA
29,0.05,random,global_mean,0,0,0,0.28017692452444865,,0.06771331274382789,0.2416796857167066,0.0,ToeSegmentation1,HYDRA
29,0.1,top,global_mean,0,0,0,0.28017692452444865,0.12000060173245257,0.16017632279199606,0.5716950151010877,0.0,ToeSegmentation1,HYDRA
29,0.1,bottom,global_mean,0,0,0,0.28017692452444865,0.1922784839153865,0.08789844060906216,0.31372364813628295,0.0,ToeSegmentation1,HYDRA
29,0.1,random,global_mean,0,0,0,0.28017692452444865,,0.18047664995131663,0.5756930178488245,0.2,ToeSegmentation1,HYDRA
29,0.2,top,global_mean,0,0,1,0.28017692452444865,-0.09514563841109555,0.3753225629355442,1.0,1.0,ToeSegmentation1,HYDRA
29,0.2,bottom,global_mean,0,0,1,0.28017692452444865,-0.02742369058707363,0.30760061511152226,1.0,1.0,ToeSegmentation1,HYDRA
29,0.2,random,global_mean,0,0,0,0.28017692452444865,,0.10558957965959173,0.3408372743818601,0.2,ToeSegmentation1,HYDRA
30,0.05,top,global_mean,0,0,0,0.5086527149642757,0.4023792826581538,0.10627343230612185,0.20893080927087254,0.0,ToeSegmentation1,HYDRA
30,0.05,bottom,global_mean,0,0,0,0.5086527149642757,0.3169483610724039,0.1917043538918718,0.3768857834948395,0.0,ToeSegmentation1,HYDRA
30,0.05,random,global_mean,0,0,0,0.5086527149642757,,0.09941060003681587,0.1954386591746367,0.0,ToeSegmentation1,HYDRA
30,0.1,top,global_mean,0,0,0,0.5086527149642757,0.4397650017410231,0.06888771322325254,0.13543145601146497,0.0,ToeSegmentation1,HYDRA
30,0.1,bottom,global_mean,0,0,0,0.5086527149642757,0.17476905506181242,0.33388365990246327,0.6564066084249732,0.0,ToeSegmentation1,HYDRA
30,0.1,random,global_mean,0,0,0,0.5086527149642757,,0.1897578597607231,0.37305902656004464,0.0,ToeSegmentation1,HYDRA
30,0.2,top,global_mean,0,0,0,0.5086527149642757,0.40133587780479973,0.10731683715947593,0.2109821161278909,0.0,ToeSegmentation1,HYDRA
30,0.2,bottom,global_mean,0,0,0,0.5086527149642757,0.5515517765161885,-0.04289906155191281,-0.08433844143834818,0.0,ToeSegmentation1,HYDRA
30,0.2,random,global_mean,0,0,0,0.5086527149642757,,0.3132008244665564,0.6157446908424791,0.0,ToeSegmentation1,HYDRA
31,0.05,top,global_mean,0,0,0,0.6802520635734016,0.44400873144478975,0.23624333212861187,0.3472874210777007,0.0,ToeSegmentation1,HYDRA
31,0.05,bottom,global_mean,0,0,0,0.6802520635734016,0.46797552409601323,0.2122765394773884,0.31205524950125124,0.0,ToeSegmentation1,HYDRA
31,0.05,random,global_mean,0,0,0,0.6802520635734016,,0.18147832477841508,0.2667806063600814,0.0,ToeSegmentation1,HYDRA
31,0.1,top,global_mean,0,0,0,0.6802520635734016,0.46077052063187707,0.21948154294152455,0.32264690112320493,0.0,ToeSegmentation1,HYDRA
31,0.1,bottom,global_mean,0,0,0,0.6802520635734016,0.3299320969265368,0.3503199666468648,0.5149847687662256,0.0,ToeSegmentation1,HYDRA
31,0.1,random,global_mean,0,0,0,0.6802520635734016,,0.18182971425345337,0.26729716335019976,0.0,ToeSegmentation1,HYDRA
31,0.2,top,global_mean,0,0,0,0.6802520635734016,0.5823698720379782,0.09788219153542344,0.1438908500040318,0.0,ToeSegmentation1,HYDRA
31,0.2,bottom,global_mean,0,0,0,0.6802520635734016,0.4263668837235569,0.2538851798498447,0.3732216632971468,0.0,ToeSegmentation1,HYDRA
31,0.2,random,global_mean,0,0,0,0.6802520635734016,,0.29713867855621146,0.43680608653980607,0.0,ToeSegmentation1,HYDRA
32,0.05,top,global_mean,0,0,0,0.8160413927604491,0.5073967359758851,0.308644656784564,0.37822135163897946,0.0,ToeSegmentation1,HYDRA
32,0.05,bottom,global_mean,0,0,0,0.8160413927604491,0.7791002576898304,0.03694113507061869,0.045268647068269205,0.0,ToeSegmentation1,HYDRA
32,0.05,random,global_mean,0,0,0,0.8160413927604491,,0.1697246842371317,0.20798513133980615,0.0,ToeSegmentation1,HYDRA
32,0.1,top,global_mean,0,0,0,0.8160413927604491,0.3291143972288333,0.4869269955316158,0.5966932598740053,0.0,ToeSegmentation1,HYDRA
32,0.1,bottom,global_mean,0,0,0,0.8160413927604491,0.8291355844616706,-0.013094191701221503,-0.01604596993659535,0.0,ToeSegmentation1,HYDRA
32,0.1,random,global_mean,0,0,0,0.8160413927604491,,0.22236694785697111,0.2724943579276124,0.0,ToeSegmentation1,HYDRA
32,0.2,top,global_mean,0,0,0,0.8160413927604491,0.28407246636145667,0.5319689263989924,0.6518888370486323,0.0,ToeSegmentation1,HYDRA
32,0.2,bottom,global_mean,0,0,0,0.8160413927604491,0.7969579917496387,0.019083401010810408,0.023385305935217975,0.0,ToeSegmentation1,HYDRA
32,0.2,random,global_mean,0,0,0,0.8160413927604491,,0.3949350810705664,0.4839639270879159,0.0,ToeSegmentation1,HYDRA
33,0.05,top,global_mean,0,0,0,0.5166268279910201,0.3632036537221891,0.153423174268831,0.2969704029793334,0.0,ToeSegmentation1,HYDRA
33,0.05,bottom,global_mean,0,0,0,0.5166268279910201,0.47819746627298404,0.03842936171803607,0.0743850014186693,0.0,ToeSegmentation1,HYDRA
33,0.05,random,global_mean,0,0,0,0.5166268279910201,,0.06598958194480134,0.12773137328163509,0.0,ToeSegmentation1,HYDRA
33,0.1,top,global_mean,0,0,0,0.5166268279910201,0.03241958989960734,0.48420723809141275,0.9372457538230579,0.0,ToeSegmentation1,HYDRA
33,0.1,bottom,global_mean,0,0,0,0.5166268279910201,0.5363366612843317,-0.01970983329331155,-0.03815093230644583,0.0,ToeSegmentation1,HYDRA
33,0.1,random,global_mean,0,0,0,0.5166268279910201,,0.01911434136476986,0.036998280636756774,0.0,ToeSegmentation1,HYDRA
33,0.2,top,global_mean,0,0,1,0.5166268279910201,-0.036594255332344214,0.5532210833233643,1.0,1.0,ToeSegmentation1,HYDRA
33,0.2,bottom,global_mean,0,0,0,0.5166268279910201,0.36326398646744285,0.15336284152357726,0.29685362114532277,0.0,ToeSegmentation1,HYDRA
33,0.2,random,global_mean,0,0,0,0.5166268279910201,,0.3310282430172033,0.623716456872202,0.2,ToeSegmentation1,HYDRA
34,0.05,top,global_mean,0,0,0,0.9340646446022325,0.6934926097415696,0.24057203486066292,0.25755367007755586,0.0,ToeSegmentation1,HYDRA
34,0.05,bottom,global_mean,0,0,0,0.9340646446022325,0.8721924079778367,0.06187223662439578,0.06623970914886157,0.0,ToeSegmentation1,HYDRA
34,0.05,random,global_mean,0,0,0,0.9340646446022325,,0.07386526577092352,0.07907930903761982,0.0,ToeSegmentation1,HYDRA
34,0.1,top,global_mean,0,0,0,0.9340646446022325,0.5104060819253575,0.42365856267687496,0.453564013541348,0.0,ToeSegmentation1,HYDRA
34,0.1,bottom,global_mean,0,0,0,0.9340646446022325,0.5781683294589075,0.355896315143325,0.38101852605325376,0.0,ToeSegmentation1,HYDRA
34,0.1,random,global_mean,0,0,0,0.9340646446022325,,0.17716455570142256,0.1896703478232167,0.0,ToeSegmentation1,HYDRA
34,0.2,top,global_mean,0,0,0,0.9340646446022325,0.49231749666845115,0.44174714793378134,0.4729294461117851,0.0,ToeSegmentation1,HYDRA
34,0.2,bottom,global_mean,0,0,0,0.9340646446022325,0.7422532679512998,0.19181137665093273,0.20535106687562063,0.0,ToeSegmentation1,HYDRA
34,0.2,random,global_mean,0,0,0,0.9340646446022325,,0.3355406880374997,0.3592260243983046,0.0,ToeSegmentation1,HYDRA
35,0.05,top,global_mean,0,0,0,0.7684673739485897,0.43843481615071345,0.3300325577978762,0.4294679768044108,0.0,ToeSegmentation1,HYDRA
35,0.05,bottom,global_mean,0,0,0,0.7684673739485897,0.7408014254180224,0.027665948530567253,0.03600141459096415,0.0,ToeSegmentation1,HYDRA
35,0.05,random,global_mean,0,0,0,0.7684673739485897,,0.09780681082017213,0.12727499808172377,0.0,ToeSegmentation1,HYDRA
35,0.1,top,global_mean,0,0,0,0.7684673739485897,0.6380617672239743,0.13040560672461532,0.16969547628168158,0.0,ToeSegmentation1,HYDRA
35,0.1,bottom,global_mean,0,0,0,0.7684673739485897,0.7425615550910127,0.025905818857576923,0.033710975930559266,0.0,ToeSegmentation1,HYDRA
35,0.1,random,global_mean,0,0,0,0.7684673739485897,,0.21648540855120718,0.2817102380399196,0.0,ToeSegmentation1,HYDRA
35,0.2,top,global_mean,0,0,0,0.7684673739485897,0.15815818470271475,0.610309189245875,0.79418907782756,0.0,ToeSegmentation1,HYDRA
35,0.2,bottom,global_mean,0,0,0,0.7684673739485897,0.6120995584198033,0.1563678155287863,0.2034798318704099,0.0,ToeSegmentation1,HYDRA
35,0.2,random,global_mean,0,0,0,0.7684673739485897,,0.23744086168062878,0.3089793539070399,0.0,ToeSegmentation1,HYDRA
36,0.05,top,global_mean,0,0,0,0.48392076425998126,0.16525010489390127,0.31867065936607997,0.6585168986011506,0.0,ToeSegmentation1,HYDRA
36,0.05,bottom,global_mean,0,0,0,0.48392076425998126,0.3703052338926167,0.11361553036736455,0.2347807822636511,0.0,ToeSegmentation1,HYDRA
36,0.05,random,global_mean,0,0,0,0.48392076425998126,,0.06658298902772586,0.13759039982329652,0.0,ToeSegmentation1,HYDRA
36,0.1,top,global_mean,0,0,0,0.48392076425998126,0.08646954248206946,0.3974512217779118,0.82131297067347,0.0,ToeSegmentation1,HYDRA
36,0.1,bottom,global_mean,0,0,0,0.48392076425998126,0.5318268063440938,-0.04790604208411259,-0.09899542781955893,0.0,ToeSegmentation1,HYDRA
36,0.1,random,global_mean,0,0,0,0.48392076425998126,,0.1712580697089691,0.3538961922302852,0.0,ToeSegmentation1,HYDRA
36,0.2,top,global_mean,0,0,0,0.48392076425998126,0.10278956278778517,0.3811312014721961,0.7875884690886477,0.0,ToeSegmentation1,HYDRA
36,0.2,bottom,global_mean,0,0,0,0.48392076425998126,0.2477301681945717,0.23619059606540957,0.4880759939090464,0.0,ToeSegmentation1,HYDRA
36,0.2,random,global_mean,0,0,0,0.48392076425998126,,0.26343048077582787,0.5443658463649983,0.0,ToeSegmentation1,HYDRA
37,0.05,top,global_mean,0,0,0,0.10498113835221755,0.03565646171371327,0.06932467663850428,0.6603473479071111,0.0,ToeSegmentation1,HYDRA
37,0.05,bottom,global_mean,0,0,0,0.10498113835221755,0.08906657027409128,0.015914568078126273,0.15159310267364265,0.0,ToeSegmentation1,HYDRA
37,0.05,random,global_mean,0,0,0,0.10498113835221755,,0.05133941155033768,0.34320748317315514,0.2,ToeSegmentation1,HYDRA
37,0.1,top,global_mean,0,0,0,0.10498113835221755,0.056893856144852734,0.048087282207364815,0.45805203591901367,0.0,ToeSegmentation1,HYDRA
37,0.1,bottom,global_mean,0,0,0,0.10498113835221755,0.11135603814824348,-0.006374899796025929,-0.06072366114927084,0.0,ToeSegmentation1,HYDRA
37,0.1,random,global_mean,0,0,0,0.10498113835221755,,0.015373053653417078,0.146434944979308,0.0,ToeSegmentation1,HYDRA
37,0.2,top,global_mean,0,0,0,0.10498113835221755,0.1532662500481473,-0.048285111695929764,-0.4599364468451964,0.0,ToeSegmentation1,HYDRA
37,0.2,bottom,global_mean,0,0,1,0.10498113835221755,-0.007714731824094276,0.11269587017631183,1.0,1.0,ToeSegmentation1,HYDRA
37,0.2,random,global_mean,0,0,1,0.10498113835221755,,0.16609700141144462,0.5869957287550858,0.6,ToeSegmentation1,HYDRA
39,0.05,top,global_mean,0,0,0,0.16599184093877473,0.17576590369136333,-0.009774062752588603,-0.05888243551535874,0.0,ToeSegmentation1,HYDRA
39,0.05,bottom,global_mean,0,0,1,0.16599184093877473,-0.059943300750958425,0.22593514168973317,1.0,1.0,ToeSegmentation1,HYDRA
39,0.05,random,global_mean,0,0,0,0.16599184093877473,,0.08191050575995576,0.44927110766636486,0.2,ToeSegmentation1,HYDRA
39,0.1,top,global_mean,0,0,0,0.16599184093877473,0.2080439449983787,-0.04205210405960397,-0.25333685369668796,0.0,ToeSegmentation1,HYDRA
39,0.1,bottom,global_mean,0,0,0,0.16599184093877473,0.05618372770751467,0.10980811323126005,0.6615231874473549,0.0,ToeSegmentation1,HYDRA
39,0.1,random,global_mean,0,0,1,0.16599184093877473,,0.2582985277302985,0.5676069836453335,0.6,ToeSegmentation1,HYDRA
39,0.2,top,global_mean,0,0,1,0.16599184093877473,-0.22294610330812786,0.3889379442469026,1.0,1.0,ToeSegmentation1,HYDRA
39,0.2,bottom,global_mean,0,0,0,0.16599184093877473,0.21459134052956122,-0.048599499590786494,-0.2927806965404735,0.0,ToeSegmentation1,HYDRA
39,0.2,random,global_mean,0,0,1,0.16599184093877473,,0.24078430754963556,0.6430640622700514,0.6,ToeSegmentation1,HYDRA
40,0.05,top,global_mean,0,0,0,0.8821140912482806,0.6759278970835028,0.2061861941647778,0.2337406946218365,0.0,ToeSegmentation1,HYDRA
40,0.05,bottom,global_mean,0,0,0,0.8821140912482806,0.8252216473380882,0.056892443910192325,0.06449548871189116,0.0,ToeSegmentation1,HYDRA
40,0.05,random,global_mean,0,0,0,0.8821140912482806,,0.15564848496173195,0.17644918050486344,0.0,ToeSegmentation1,HYDRA
40,0.1,top,global_mean,0,0,0,0.8821140912482806,0.646017468286958,0.2360966229613225,0.2676483208412434,0.0,ToeSegmentation1,HYDRA
40,0.1,bottom,global_mean,0,0,0,0.8821140912482806,0.7201645240626342,0.16194956718564635,0.183592332556596,0.0,ToeSegmentation1,HYDRA
40,0.1,random,global_mean,0,0,0,0.8821140912482806,,0.22114603550046336,0.2506997530078753,0.0,ToeSegmentation1,HYDRA
40,0.2,top,global_mean,0,0,0,0.8821140912482806,0.39312024431481496,0.4889938469334656,0.5543424568799641,0.0,ToeSegmentation1,HYDRA
40,0.2,bottom,global_mean,0,0,0,0.8821140912482806,0.6084118386316892,0.2737022526165913,0.3102795262569144,0.0,ToeSegmentation1,HYDRA
40,0.2,random,global_mean,0,0,0,0.8821140912482806,,0.3958203534369347,0.44871735827216097,0.0,ToeSegmentation1,HYDRA
41,0.05,top,global_mean,0,0,0,0.17750957823238858,0.0919587588797391,0.08555081935264948,0.4819477250569841,0.0,ToeSegmentation1,HYDRA
41,0.05,bottom,global_mean,0,0,0,0.17750957823238858,0.19926763688072205,-0.021758058648333467,-0.1225733072642512,0.0,ToeSegmentation1,HYDRA
41,0.05,random,global_mean,0,0,0,0.17750957823238858,,0.11689761194480774,0.4616287681027689,0.4,ToeSegmentation1,HYDRA
41,0.1,top,global_mean,0,0,0,0.17750957823238858,0.032276852730153335,0.14523272550223526,0.8181637790177402,0.0,ToeSegmentation1,HYDRA
41,0.1,bottom,global_mean,0,0,1,0.17750957823238858,-0.0976506143532604,0.275160192585649,1.0,1.0,ToeSegmentation1,HYDRA
41,0.1,random,global_mean,0,0,1,0.17750957823238858,,0.1971611389958,0.5375373130465463,0.6,ToeSegmentation1,HYDRA
41,0.2,top,global_mean,0,0,1,0.17750957823238858,-0.13136674342757063,0.3088763216599592,1.0,1.0,ToeSegmentation1,HYDRA
41,0.2,bottom,global_mean,0,0,1,0.17750957823238858,-0.13322162779620553,0.3107312060285941,1.0,1.0,ToeSegmentation1,HYDRA
41,0.2,random,global_mean,0,0,1,0.17750957823238858,,0.3253847961811747,1.0,1.0,ToeSegmentation1,HYDRA
42,0.05,top,global_mean,0,0,0,0.35470107456817074,0.24332085934129025,0.11138021522688049,0.3140106111938575,0.0,ToeSegmentation1,HYDRA
42,0.05,bottom,global_mean,0,0,0,0.35470107456817074,0.31814932037453547,0.036551754193635266,0.10304916947027985,0.0,ToeSegmentation1,HYDRA
42,0.05,random,global_mean,0,0,0,0.35470107456817074,,0.1649910344983639,0.44835940813127156,0.2,ToeSegmentation1,HYDRA
42,0.1,top,global_mean,0,0,0,0.35470107456817074,0.06730485907445159,0.28739621549371913,0.810246784836563,0.0,ToeSegmentation1,HYDRA
42,0.1,bottom,global_mean,0,0,0,0.35470107456817074,0.3150494296711559,0.03965164489701484,0.11178859031283768,0.0,ToeSegmentation1,HYDRA
42,0.1,random,global_mean,0,0,0,0.35470107456817074,,0.10533696628404576,0.28504283423766785,0.2,ToeSegmentation1,HYDRA
42,0.2,top,global_mean,0,0,0,0.35470107456817074,0.13707908047579806,0.21762199409237268,0.6135345962025028,0.0,ToeSegmentation1,HYDRA
42,0.2,bottom,global_mean,0,0,0,0.35470107456817074,0.3442034598958615,0.010497614672309252,0.02959558295532805,0.0,ToeSegmentation1,HYDRA
42,0.2,random,global_mean,0,0,0,0.35470107456817074,,0.22897600173394098,0.6455445799484145,0.0,ToeSegmentation1,HYDRA
43,0.05,top,global_mean,0,0,0,0.07690003747153419,0.006229852732513022,0.07067018473902117,0.9189756999725857,0.0,ToeSegmentation1,HYDRA
43,0.05,bottom,global_mean,0,0,0,0.07690003747153419,0.04555674914292227,0.03134328832861192,0.4075795250514533,0.0,ToeSegmentation1,HYDRA
43,0.05,random,global_mean,0,0,0,0.07690003747153419,,0.0650253715931832,0.6209542454372474,0.4,ToeSegmentation1,HYDRA
43,0.1,top,global_mean,0,0,1,0.07690003747153419,-0.05942499188393601,0.1363250293554702,1.0,1.0,ToeSegmentation1,HYDRA
43,0.1,bottom,global_mean,0,0,0,0.07690003747153419,0.08541686255150875,-0.00851682507997456,-0.1107504574710993,0.0,ToeSegmentation1,HYDRA
43,0.1,random,global_mean,0,0,0,0.07690003747153419,,0.08576834881176996,0.2821068383319537,0.4,ToeSegmentation1,HYDRA
43,0.2,top,global_mean,0,0,1,0.07690003747153419,-0.0673284863877809,0.1442285238593151,1.0,1.0,ToeSegmentation1,HYDRA
43,0.2,bottom,global_mean,0,0,1,0.07690003747153419,-0.2013655550975755,0.2782655925691097,1.0,1.0,ToeSegmentation1,HYDRA
43,0.2,random,global_mean,0,0,1,0.07690003747153419,,0.13217369960131603,0.2,0.6,ToeSegmentation1,HYDRA
44,0.05,top,global_mean,0,0,0,0.4548905749348324,0.417803181334366,0.03708739360046642,0.08153018355149697,0.0,ToeSegmentation1,HYDRA
44,0.05,bottom,global_mean,0,0,0,0.4548905749348324,0.4488954297410974,0.0059951451937350075,0.013179283864718465,0.0,ToeSegmentation1,HYDRA
44,0.05,random,global_mean,0,0,0,0.4548905749348324,,0.08487413062816639,0.1865810124980341,0.0,ToeSegmentation1,HYDRA
44,0.1,top,global_mean,0,0,0,0.4548905749348324,0.38517193317097687,0.06971864176385556,0.15326430649730857,0.0,ToeSegmentation1,HYDRA
44,0.1,bottom,global_mean,0,0,0,0.4548905749348324,0.3973355677095016,0.0575550072253308,0.1265246718046517,0.0,ToeSegmentation1,HYDRA
44,0.1,random,global_mean,0,0,0,0.4548905749348324,,0.11079670020038565,0.24356727252259697,0.0,ToeSegmentation1,HYDRA
44,0.2,top,global_mean,0,0,0,0.4548905749348324,0.1654880222427544,0.28940255269207804,0.6362011710890397,0.0,ToeSegmentation1,HYDRA
44,0.2,bottom,global_mean,0,0,0,0.4548905749348324,0.5238386569004946,-0.06894808196566216,-0.1515703648183408,0.0,ToeSegmentation1,HYDRA
44,0.2,random,global_mean,0,0,0,0.4548905749348324,,0.29246866990218257,0.6429414964304,0.0,ToeSegmentation1,HYDRA
45,0.05,top,global_mean,0,0,0,0.45967247999218735,0.31705164033321787,0.1426208396589695,0.310265538184612,0.0,ToeSegmentation1,HYDRA
45,0.05,bottom,global_mean,0,0,0,0.45967247999218735,0.36901464759392344,0.09065783239826392,0.19722223783674608,0.0,ToeSegmentation1,HYDRA
45,0.05,random,global_mean,0,0,0,0.45967247999218735,,0.13608980364503964,0.29605754860461525,0.0,ToeSegmentation1,HYDRA
45,0.1,top,global_mean,0,0,0,0.45967247999218735,0.29759459332639593,0.16207788666579143,0.3525935119610253,0.0,ToeSegmentation1,HYDRA
45,0.1,bottom,global_mean,0,0,0,0.45967247999218735,0.15304299321328957,0.3066294867788978,0.667059336953938,0.0,ToeSegmentation1,HYDRA
45,0.1,random,global_mean,0,0,0,0.45967247999218735,,0.19610414913252155,0.42661619098812176,0.0,ToeSegmentation1,HYDRA
45,0.2,top,global_mean,0,0,0,0.45967247999218735,0.25576910984470524,0.2039033701474821,0.4435830628100357,0.0,ToeSegmentation1,HYDRA
45,0.2,bottom,global_mean,0,0,0,0.45967247999218735,0.29108960453870514,0.16858287545348222,0.3667448369141232,0.0,ToeSegmentation1,HYDRA
45,0.2,random,global_mean,0,0,0,0.45967247999218735,,0.14401665647379974,0.31330207797989007,0.0,ToeSegmentation1,HYDRA
46,0.05,top,global_mean,0,0,0,0.4723163823994633,0.15975223668257124,0.31256414571689206,0.6617671874132729,0.0,ToeSegmentation1,HYDRA
46,0.05,bottom,global_mean,0,0,0,0.4723163823994633,0.5686749425604833,-0.09635856016102007,-0.20401230984026045,0.0,ToeSegmentation1,HYDRA
46,0.05,random,global_mean,0,0,0,0.4723163823994633,,0.22395883576528144,0.4741702171271517,0.0,ToeSegmentation1,HYDRA
46,0.1,top,global_mean,0,0,0,0.4723163823994633,0.2228554696592514,0.24946091274021187,0.528163734887127,0.0,ToeSegmentation1,HYDRA
46,0.1,bottom,global_mean,0,0,0,0.4723163823994633,0.6119957952175041,-0.13967941281804086,-0.2957321030795914,0.0,ToeSegmentation1,HYDRA
46,0.1,random,global_mean,0,0,0,0.4723163823994633,,0.1343782580072046,0.2845083899401228,0.0,ToeSegmentation1,HYDRA
46,0.2,top,global_mean,0,0,1,0.4723163823994633,-0.06976782272738555,0.5420842051268489,1.0,1.0,ToeSegmentation1,HYDRA
46,0.2,bottom,global_mean,0,0,0,0.4723163823994633,0.5874441477689228,-0.11512776536945957,-0.24375085410701666,0.0,ToeSegmentation1,HYDRA
46,0.2,random,global_mean,0,0,0,0.4723163823994633,,0.2711630134665796,0.5741118653923328,0.0,ToeSegmentation1,HYDRA
47,0.05,top,global_mean,0,0,0,0.8942545057687358,0.5619974597699666,0.33225704599876915,0.37154598865248073,0.0,ToeSegmentation1,HYDRA
47,0.05,bottom,global_mean,0,0,0,0.8942545057687358,0.8259806851777225,0.06827382059101328,0.07634710678389676,0.0,ToeSegmentation1,HYDRA
47,0.05,random,global_mean,0,0,0,0.8942545057687358,,0.17246917966110617,0.1928634249926649,0.0,ToeSegmentation1,HYDRA
47,0.1,top,global_mean,0,0,0,0.8942545057687358,0.3555407629289247,0.538713742839811,0.6024159083893057,0.0,ToeSegmentation1,HYDRA
47,0.1,bottom,global_mean,0,0,0,0.8942545057687358,0.8754634360092396,0.018791069759496182,0.021013088136754236,0.0,ToeSegmentation1,HYDRA
47,0.1,random,global_mean,0,0,0,0.8942545057687358,,0.2913632558325113,0.3258165635581348,0.0,ToeSegmentation1,HYDRA
47,0.2,top,global_mean,0,0,0,0.8942545057687358,0.6215824593836617,0.27267204638507403,0.30491514407917997,0.0,ToeSegmentation1,HYDRA
47,0.2,bottom,global_mean,0,0,0,0.8942545057687358,0.8612071194604672,0.033047386308268534,0.03695519467879569,0.0,ToeSegmentation1,HYDRA
47,0.2,random,global_mean,0,0,0,0.8942545057687358,,0.4565296297827823,0.5105136360221033,0.0,ToeSegmentation1,HYDRA
48,0.05,top,global_mean,0,0,1,0.39798316214183616,-0.14609645743056301,0.5440796195723991,1.0,1.0,ToeSegmentation1,HYDRA
48,0.05,bottom,global_mean,0,0,0,0.39798316214183616,0.5459156396031846,-0.1479324774613484,-0.3717044333252319,0.0,ToeSegmentation1,HYDRA
48,0.05,random,global_mean,0,0,0,0.39798316214183616,,0.06989600095315426,0.17562508160373547,0.0,ToeSegmentation1,HYDRA
48,0.1,top,global_mean,0,0,1,0.39798316214183616,-0.08891732281046281,0.486900484952299,1.0,1.0,ToeSegmentation1,HYDRA
48,0.1,bottom,global_mean,0,0,0,0.39798316214183616,0.5472366208027505,-0.14925345866091433,-0.37502361364752607,0.0,ToeSegmentation1,HYDRA
48,0.1,random,global_mean,0,0,0,0.39798316214183616,,0.157632430362209,0.3960771441604024,0.0,ToeSegmentation1,HYDRA
48,0.2,top,global_mean,0,0,1,0.39798316214183616,-0.10960722512658748,0.5075903872684236,1.0,1.0,ToeSegmentation1,HYDRA
48,0.2,bottom,global_mean,0,0,0,0.39798316214183616,0.5834664503776527,-0.1854832882358165,-0.4660569587432798,0.0,ToeSegmentation1,HYDRA
48,0.2,random,global_mean,0,0,0,0.39798316214183616,,0.09154152299147297,0.23001297965934842,0.0,ToeSegmentation1,HYDRA
49,0.05,top,global_mean,0,0,0,0.8685547985458202,0.7193962422429095,0.14915855630291064,0.17173169133478747,0.0,ToeSegmentation1,HYDRA
49,0.05,bottom,global_mean,0,0,0,0.8685547985458202,0.7974610765298511,0.07109372201596909,0.08185279763832994,0.0,ToeSegmentation1,HYDRA
49,0.05,random,global_mean,0,0,0,0.8685547985458202,,0.1872100353005252,0.21554174828371608,0.0,ToeSegmentation1,HYDRA
49,0.1,top,global_mean,0,0,0,0.8685547985458202,0.6259007317552322,0.24265406679058799,0.2793764858824863,0.0,ToeSegmentation1,HYDRA
49,0.1,bottom,global_mean,0,0,0,0.8685547985458202,0.7505023164822513,0.11805248206356889,0.1359181324460884,0.0,ToeSegmentation1,HYDRA
49,0.1,random,global_mean,0,0,0,0.8685547985458202,,0.2057451158292376,0.2368818631729895,0.0,ToeSegmentation1,HYDRA
49,0.2,top,global_mean,0,0,0,0.8685547985458202,0.807843527722409,0.06071127082341121,0.069899102539016,0.0,ToeSegmentation1,HYDRA
49,0.2,bottom,global_mean,0,0,0,0.8685547985458202,0.88460781162529,-0.016053013079469824,-0.01848242001993031,0.0,ToeSegmentation1,HYDRA
49,0.2,random,global_mean,0,0,0,0.8685547985458202,,0.2251016377618685,0.2591677335396816,0.0,ToeSegmentation1,HYDRA
50,0.05,top,global_mean,0,0,0,0.2574452547966025,0.15868253239931404,0.09876272239728848,0.38362462283755794,0.0,ToeSegmentation1,HYDRA
50,0.05,bottom,global_mean,0,0,0,0.2574452547966025,0.22324807452055637,0.03419718027604615,0.13283230825425646,0.0,ToeSegmentation1,HYDRA
50,0.05,random,global_mean,0,0,0,0.2574452547966025,,0.08127001488700732,0.31567759628593295,0.0,ToeSegmentation1,HYDRA
50,0.1,top,global_mean,0,0,0,0.2574452547966025,0.16714347439349517,0.09030178040310735,0.3507597361416308,0.0,ToeSegmentation1,HYDRA
50,0.1,bottom,global_mean,0,0,0,0.2574452547966025,0.0301418449978759,0.22730340979872662,0.8829159700859099,0.0,ToeSegmentation1,HYDRA
50,0.1,random,global_mean,0,0,0,0.2574452547966025,,0.1396949877058018,0.5264188754573464,0.2,ToeSegmentation1,HYDRA
50,0.2,top,global_mean,0,0,0,0.2574452547966025,0.11866508251038242,0.13878017228622008,0.5390646385431572,0.0,ToeSegmentation1,HYDRA
50,0.2,bottom,global_mean,0,0,0,0.2574452547966025,0.13274135735460543,0.12470389744199709,0.48438808146780155,0.0,ToeSegmentation1,HYDRA
50,0.2,random,global_mean,0,0,0,0.2574452547966025,,0.00658011328941589,0.025559172708162194,0.0,ToeSegmentation1,HYDRA
51,0.05,top,global_mean,0,0,0,0.755390732829679,0.6331416636259465,0.12224906920373246,0.16183532846698023,0.0,ToeSegmentation1,HYDRA
51,0.05,bottom,global_mean,0,0,0,0.755390732829679,0.5058814026648197,0.2495093301648592,0.3303045550024798,0.0,ToeSegmentation1,HYDRA
51,0.05,random,global_mean,0,0,0,0.755390732829679,,0.19179806106780894,0.2539054277829307,0.0,ToeSegmentation1,HYDRA
51,0.1,top,global_mean,0,0,0,0.755390732829679,0.592527293618865,0.16286343921081392,0.21560129947508355,0.0,ToeSegmentation1,HYDRA
51,0.1,bottom,global_mean,0,0,0,0.755390732829679,0.304547618170454,0.45084311465922494,0.5968335302934514,0.0,ToeSegmentation1,HYDRA
51,0.1,random,global_mean,0,0,0,0.755390732829679,,0.20466825419208873,0.2709432011195124,0.0,ToeSegmentation1,HYDRA
51,0.2,top,global_mean,0,0,0,0.755390732829679,0.39298451185093575,0.3624062209787432,0.4797593158998158,0.0,ToeSegmentation1,HYDRA
51,0.2,bottom,global_mean,0,0,0,0.755390732829679,0.31190150556352325,0.4434892272661557,0.5870983332116383,0.0,ToeSegmentation1,HYDRA
51,0.2,random,global_mean,0,0,0,0.755390732829679,,0.3505886161430632,0.46411497625181414,0.0,ToeSegmentation1,HYDRA
52,0.05,top,global_mean,0,0,0,0.7674979657148302,0.49231637283562746,0.27518159287920274,0.35854327519895113,0.0,ToeSegmentation1,HYDRA
52,0.05,bottom,global_mean,0,0,0,0.7674979657148302,0.6567453287438269,0.11075263697100335,0.14430330452348034,0.0,ToeSegmentation1,HYDRA
52,0.05,random,global_mean,0,0,0,0.7674979657148302,,0.21917890192457357,0.2855755013564553,0.0,ToeSegmentation1,HYDRA
52,0.1,top,global_mean,0,0,0,0.7674979657148302,0.23789449680633265,0.5296034689084975,0.6900380229375781,0.0,ToeSegmentation1,HYDRA
52,0.1,bottom,global_mean,0,0,0,0.7674979657148302,0.5438297865294311,0.22366817918539905,0.29142473042563627,0.0,ToeSegmentation1,HYDRA
52,0.1,random,global_mean,0,0,0,0.7674979657148302,,0.2738613277110434,0.3568230576779677,0.0,ToeSegmentation1,HYDRA
52,0.2,top,global_mean,0,0,0,0.7674979657148302,0.20900073349975537,0.5584972322150749,0.7276846708124276,0.0,ToeSegmentation1,HYDRA
52,0.2,bottom,global_mean,0,0,0,0.7674979657148302,0.6418817922293922,0.12561617348543797,0.163669501975735,0.0,ToeSegmentation1,HYDRA
52,0.2,random,global_mean,0,0,0,0.7674979657148302,,0.17839997611072617,0.23244327885780108,0.0,ToeSegmentation1,HYDRA
53,0.05,top,global_mean,0,0,0,0.2731036831840101,0.015866675480207374,0.25723700770380276,0.9418989257334845,0.0,ToeSegmentation1,HYDRA
53,0.05,bottom,global_mean,0,0,0,0.2731036831840101,0.3161854591519844,-0.0430817759679743,-0.15774821385595586,0.0,ToeSegmentation1,HYDRA
53,0.05,random,global_mean,0,0,0,0.2731036831840101,,0.1590837802780764,0.40927656178691524,0.2,ToeSegmentation1,HYDRA
53,0.1,top,global_mean,0,0,1,0.2731036831840101,-0.25431170333467124,0.5274153865186814,1.0,1.0,ToeSegmentation1,HYDRA
53,0.1,bottom,global_mean,0,0,0,0.2731036831840101,0.4307540264596411,-0.157650343275631,-0.5772524346256293,0.0,ToeSegmentation1,HYDRA
53,0.1,random,global_mean,0,0,0,0.2731036831840101,,0.14736358561232055,0.22605528491370216,0.4,ToeSegmentation1,HYDRA
53,0.2,top,global_mean,0,0,1,0.2731036831840101,-0.2780362829206732,0.5511399661046833,1.0,1.0,ToeSegmentation1,HYDRA
53,0.2,bottom,global_mean,0,0,0,0.2731036831840101,0.6250407227588017,-0.3519370395747916,-1.0,0.0,ToeSegmentation1,HYDRA
53,0.2,random,global_mean,0,0,1,0.2731036831840101,,0.4032021879062963,0.8313987733005103,0.8,ToeSegmentation1,HYDRA
0,0.05,top,local_mean,0,0,0,0.5417469902233192,0.30766733990525486,0.23407965031806433,0.4320821757392622,0.0,ToeSegmentation1,HYDRA
0,0.05,bottom,local_mean,0,0,0,0.5417469902233192,0.6809412466661128,-0.1391942564427936,-0.25693543668784996,0.0,ToeSegmentation1,HYDRA
0,0.05,random,local_mean,0,0,0,0.5417469902233192,,0.24766726886125306,0.45716324440660994,0.0,ToeSegmentation1,HYDRA
0,0.1,top,local_mean,0,0,0,0.5417469902233192,0.2548561948694614,0.28689079535385775,0.5295650385995815,0.0,ToeSegmentation1,HYDRA
0,0.1,bottom,local_mean,0,0,0,0.5417469902233192,0.7581261117944016,-0.2163791215710824,-0.3994091819000319,0.0,ToeSegmentation1,HYDRA
0,0.1,random,local_mean,0,0,0,0.5417469902233192,,0.21120059109343509,0.38985025307869453,0.0,ToeSegmentation1,HYDRA
0,0.2,top,local_mean,0,0,0,0.5417469902233192,0.16300901889320482,0.37873797133011433,0.699103601979199,0.0,ToeSegmentation1,HYDRA
0,0.2,bottom,local_mean,0,0,0,0.5417469902233192,0.4635361550464444,0.07821083517687477,0.14436755943411017,0.0,ToeSegmentation1,HYDRA
0,0.2,random,local_mean,0,0,0,0.5417469902233192,,0.34608214286299405,0.6388249686359375,0.0,ToeSegmentation1,HYDRA
1,0.05,top,local_mean,0,0,0,0.7725811238492307,0.5943505520475689,0.1782305718016618,0.23069466183564385,0.0,ToeSegmentation1,HYDRA
1,0.05,bottom,local_mean,0,0,0,0.7725811238492307,0.6121438932501628,0.1604372305990679,0.20766365884797147,0.0,ToeSegmentation1,HYDRA
1,0.05,random,local_mean,0,0,0,0.7725811238492307,,0.04471938343004034,0.05788301599218378,0.0,ToeSegmentation1,HYDRA
1,0.1,top,local_mean,0,0,0,0.7725811238492307,0.2865356312609697,0.486045492588261,0.6291182226254988,0.0,ToeSegmentation1,HYDRA
1,0.1,bottom,local_mean,0,0,0,0.7725811238492307,0.45070092164458353,0.3218802022046472,0.4166291094090368,0.0,ToeSegmentation1,HYDRA
1,0.1,random,local_mean,0,0,0,0.7725811238492307,,0.17163335186207213,0.22215547909255834,0.0,ToeSegmentation1,HYDRA
1,0.2,top,local_mean,0,0,0,0.7725811238492307,0.199744089210153,0.5728370346390778,0.7414577906424182,0.0,ToeSegmentation1,HYDRA
1,0.2,bottom,local_mean,0,0,0,0.7725811238492307,0.32845762119977673,0.444123502649454,0.5748560430530031,0.0,ToeSegmentation1,HYDRA
1,0.2,random,local_mean,0,0,0,0.7725811238492307,,0.3696704655890447,0.47848695197248164,0.0,ToeSegmentation1,HYDRA
2,0.05,top,local_mean,0,0,0,0.8441276164518343,0.5822291065385665,0.2618985099132678,0.3102590112560313,0.0,ToeSegmentation1,HYDRA
2,0.05,bottom,local_mean,0,0,0,0.8441276164518343,0.8238816021750561,0.02024601427677819,0.023984513594479496,0.0,ToeSegmentation1,HYDRA
2,0.05,random,local_mean,0,0,0,0.8441276164518343,,0.20317493067019146,0.24069191200294365,0.0,ToeSegmentation1,HYDRA
2,0.1,top,local_mean,0,0,0,0.8441276164518343,0.6019798731654333,0.24214774328640098,0.286861194570363,0.0,ToeSegmentation1,HYDRA
2,0.1,bottom,local_mean,0,0,0,0.8441276164518343,0.7691836606879786,0.07494395576385571,0.08878262660833745,0.0,ToeSegmentation1,HYDRA
2,0.1,random,local_mean,0,0,0,0.8441276164518343,,0.1751593160282575,0.20750311340529232,0.0,ToeSegmentation1,HYDRA
2,0.2,top,local_mean,0,0,0,0.8441276164518343,0.5372670451509038,0.3068605713009305,0.3635234789110361,0.0,ToeSegmentation1,HYDRA
2,0.2,bottom,local_mean,0,0,0,0.8441276164518343,0.5608219903799443,0.28330562607189,0.33561902836883073,0.0,ToeSegmentation1,HYDRA
2,0.2,random,local_mean,0,0,0,0.8441276164518343,,0.2792109550647539,0.3307682616404766,0.0,ToeSegmentation1,HYDRA
3,0.05,top,local_mean,0,0,0,0.6460222058879221,0.45914642475231504,0.1868757811356071,0.2892710036302132,0.0,ToeSegmentation1,HYDRA
3,0.05,bottom,local_mean,0,0,0,0.6460222058879221,0.6729774968413808,-0.02695529095345861,-0.04172495772254821,0.0,ToeSegmentation1,HYDRA
3,0.05,random,local_mean,0,0,0,0.6460222058879221,,0.15235217228147618,0.23583080436263396,0.0,ToeSegmentation1,HYDRA
3,0.1,top,local_mean,0,0,0,0.6460222058879221,0.3183386056072952,0.32768360028062693,0.5072319342309762,0.0,ToeSegmentation1,HYDRA
3,0.1,bottom,local_mean,0,0,0,0.6460222058879221,0.6810532891568675,-0.03503108326894533,-0.05422573515884324,0.0,ToeSegmentation1,HYDRA
3,0.1,random,local_mean,0,0,0,0.6460222058879221,,0.29075759224499464,0.4500729843680535,0.0,ToeSegmentation1,HYDRA
3,0.2,top,local_mean,0,0,0,0.6460222058879221,0.07844644797034155,0.5675757579175806,0.8785686841349298,0.0,ToeSegmentation1,HYDRA
3,0.2,bottom,local_mean,0,0,0,0.6460222058879221,0.562685762483853,0.0833364434040691,0.12899914839673274,0.0,ToeSegmentation1,HYDRA
3,0.2,random,local_mean,0,0,0,0.6460222058879221,,0.296075270864338,0.45830438932514717,0.0,ToeSegmentation1,HYDRA
4,0.05,top,local_mean,0,0,0,1.3123886736344343,0.9661414603713467,0.3462472132630876,0.2638295776163922,0.0,ToeSegmentation1,HYDRA
4,0.05,bottom,local_mean,0,0,0,1.3123886736344343,1.3006318186632604,0.011756854971173958,0.008958356810759871,0.0,ToeSegmentation1,HYDRA
4,0.05,random,local_mean,0,0,0,1.3123886736344343,,0.2832867675670824,0.2158556816304178,0.0,ToeSegmentation1,HYDRA
4,0.1,top,local_mean,0,0,0,1.3123886736344343,1.1009362936065574,0.21145238002787692,0.16112011872380588,0.0,ToeSegmentation1,HYDRA
4,0.1,bottom,local_mean,0,0,0,1.3123886736344343,1.056767048095747,0.2556216255386874,0.19477570623577667,0.0,ToeSegmentation1,HYDRA
4,0.1,random,local_mean,0,0,0,1.3123886736344343,,0.4139365873074352,0.3154067695161835,0.0,ToeSegmentation1,HYDRA
4,0.2,top,local_mean,0,0,0,1.3123886736344343,0.8081630321713897,0.5042256414630446,0.38420421281331757,0.0,ToeSegmentation1,HYDRA
4,0.2,bottom,local_mean,0,0,0,1.3123886736344343,0.7300843662937047,0.5823043073407297,0.4436977210649178,0.0,ToeSegmentation1,HYDRA
4,0.2,random,local_mean,0,0,0,1.3123886736344343,,0.400796769852679,0.305394638425295,0.0,ToeSegmentation1,HYDRA
5,0.05,top,local_mean,0,0,0,0.9911554755064844,0.6689560961653189,0.3221993793411655,0.32507418082146966,0.0,ToeSegmentation1,HYDRA
5,0.05,bottom,local_mean,0,0,0,0.9911554755064844,1.011792340999568,-0.020636865493083523,-0.020820996485482288,0.0,ToeSegmentation1,HYDRA
5,0.05,random,local_mean,0,0,0,0.9911554755064844,,0.2581470287159777,0.260450327567162,0.0,ToeSegmentation1,HYDRA
5,0.1,top,local_mean,0,0,0,0.9911554755064844,0.6686481028333822,0.32250737267310225,0.32538492220242,0.0,ToeSegmentation1,HYDRA
5,0.1,bottom,local_mean,0,0,0,0.9911554755064844,1.0379075099852832,-0.04675203447879883,-0.04716917624425384,0.0,ToeSegmentation1,HYDRA
5,0.1,random,local_mean,0,0,0,0.9911554755064844,,0.15882044342427754,0.16023750774883422,0.0,ToeSegmentation1,HYDRA
5,0.2,top,local_mean,0,0,0,0.9911554755064844,0.2991715525598835,0.6919839229466009,0.6981581012150425,0.0,ToeSegmentation1,HYDRA
5,0.2,bottom,local_mean,0,0,0,0.9911554755064844,0.9443001151777225,0.04685536032876192,0.047273424011903535,0.0,ToeSegmentation1,HYDRA
5,0.2,random,local_mean,0,0,0,0.9911554755064844,,0.5472314223402186,0.5521140565222877,0.0,ToeSegmentation1,HYDRA
6,0.05,top,local_mean,0,0,0,0.4156066235556641,0.2268896027114707,0.18871702084419337,0.45407497396139007,0.0,ToeSegmentation1,HYDRA
6,0.05,bottom,local_mean,0,0,0,0.4156066235556641,0.1678316157559386,0.24777500779972547,0.5961753195957435,0.0,ToeSegmentation1,HYDRA
6,0.05,random,local_mean,0,0,0,0.4156066235556641,,0.13895972805975274,0.33435317396467656,0.0,ToeSegmentation1,HYDRA
6,0.1,top,local_mean,0,0,1,0.4156066235556641,-0.11231605099623054,0.5279226745518946,1.0,1.0,ToeSegmentation1,HYDRA
6,0.1,bottom,local_mean,0,0,0,0.4156066235556641,0.2609571175471862,0.15464950600847788,0.3721045939566723,0.0,ToeSegmentation1,HYDRA
6,0.1,random,local_mean,0,0,0,0.4156066235556641,,0.12804590485307404,0.3080932533373616,0.0,ToeSegmentation1,HYDRA
6,0.2,top,local_mean,0,0,0,0.4156066235556641,0.0985885489674999,0.31701807458816417,0.7627821450337391,0.0,ToeSegmentation1,HYDRA
6,0.2,bottom,local_mean,0,0,0,0.4156066235556641,0.25359694312774206,0.16200968042792202,0.389814024684808,0.0,ToeSegmentation1,HYDRA
6,0.2,random,local_mean,0,0,0,0.4156066235556641,,0.28593426778105496,0.6866865268307443,0.2,ToeSegmentation1,HYDRA
7,0.05,top,local_mean,0,0,0,1.0641748448941672,0.923854600636763,0.1403202442574043,0.1318581369147307,0.0,ToeSegmentation1,HYDRA
7,0.05,bottom,local_mean,0,0,0,1.0641748448941672,0.9809876630112585,0.08318718188290875,0.07817052255229656,0.0,ToeSegmentation1,HYDRA
7,0.05,random,local_mean,0,0,0,1.0641748448941672,,0.19945119969980932,0.1874231600508136,0.0,ToeSegmentation1,HYDRA
7,0.1,top,local_mean,0,0,0,1.0641748448941672,1.0324406851494525,0.03173415974471472,0.029820409753681918,0.0,ToeSegmentation1,HYDRA
7,0.1,bottom,local_mean,0,0,0,1.0641748448941672,0.9682608178823795,0.09591402701178775,0.09012986666815995,0.0,ToeSegmentation1,HYDRA
7,0.1,random,local_mean,0,0,0,1.0641748448941672,,0.2487957248418558,0.2337919301923252,0.0,ToeSegmentation1,HYDRA
7,0.2,top,local_mean,0,0,0,1.0641748448941672,0.9423642744111955,0.12181057048297173,0.11446470155041515,0.0,ToeSegmentation1,HYDRA
7,0.2,bottom,local_mean,0,0,0,1.0641748448941672,1.0382296650353442,0.025945179858823053,0.024380538219605345,0.0,ToeSegmentation1,HYDRA
7,0.2,random,local_mean,0,0,0,1.0641748448941672,,0.33812716968632156,0.3177361817679187,0.0,ToeSegmentation1,HYDRA
8,0.05,top,local_mean,0,0,0,0.26935361938958025,0.07665758190317175,0.1926960374864085,0.7153990450325383,0.0,ToeSegmentation1,HYDRA
8,0.05,bottom,local_mean,0,0,0,0.26935361938958025,0.31058503094098,-0.041231411551399755,-0.153074826208066,0.0,ToeSegmentation1,HYDRA
8,0.05,random,local_mean,0,0,0,0.26935361938958025,,0.114240121757087,0.3869402803461089,0.4,ToeSegmentation1,HYDRA
8,0.1,top,local_mean,0,0,0,0.26935361938958025,0.054774804207218857,0.21457881518236138,0.7966405613115028,0.0,ToeSegmentation1,HYDRA
8,0.1,bottom,local_mean,0,0,0,0.26935361938958025,0.15172277571706194,0.1176308436725183,0.4367136674288229,0.0,ToeSegmentation1,HYDRA
8,0.1,random,local_mean,0,0,0,0.26935361938958025,,0.09899392653892365,0.3571280460186674,0.2,ToeSegmentation1,HYDRA
8,0.2,top,local_mean,0,0,0,0.26935361938958025,0.028525329233671994,0.24082829015590826,0.8940937812823883,0.0,ToeSegmentation1,HYDRA
8,0.2,bottom,local_mean,0,0,0,0.26935361938958025,0.16968799983226227,0.09966561955731798,0.3700163738909817,0.0,ToeSegmentation1,HYDRA
8,0.2,random,local_mean,0,0,0,0.26935361938958025,,0.22382253122314272,0.8211220548231655,0.2,ToeSegmentation1,HYDRA
9,0.05,top,local_mean,0,0,0,0.48793482555281736,0.3552157665110498,0.13271905904176756,0.2720010544243204,0.0,ToeSegmentation1,HYDRA
9,0.05,bottom,local_mean,0,0,0,0.48793482555281736,0.22405178238935924,0.2638830431634581,0.5408150608012563,0.0,ToeSegmentation1,HYDRA
9,0.05,random,local_mean,0,0,0,0.48793482555281736,,0.05024634642873842,0.10297736668917627,0.0,ToeSegmentation1,HYDRA
9,0.1,top,local_mean,0,0,0,0.48793482555281736,0.4499103400379108,0.03802448551490656,0.07792927578503978,0.0,ToeSegmentation1,HYDRA
9,0.1,bottom,local_mean,0,0,0,0.48793482555281736,0.2352757769287341,0.2526590486240833,0.5178120469793908,0.0,ToeSegmentation1,HYDRA
9,0.1,random,local_mean,0,0,0,0.48793482555281736,,0.13052756301068458,0.2675096932323028,0.0,ToeSegmentation1,HYDRA
9,0.2,top,local_mean,0,0,0,0.48793482555281736,0.3755240124883515,0.11241081306446588,0.23038032293920546,0.0,ToeSegmentation1,HYDRA
9,0.2,bottom,local_mean,0,0,0,0.48793482555281736,0.3167699802973064,0.17116484525551096,0.35079376485952035,0.0,ToeSegmentation1,HYDRA
9,0.2,random,local_mean,0,0,0,0.48793482555281736,,0.24365336083217826,0.49935534156797357,0.0,ToeSegmentation1,HYDRA
10,0.05,top,local_mean,0,0,0,0.9037764618074914,0.654262167308056,0.2495142944994354,0.27607935033080416,0.0,ToeSegmentation1,HYDRA
10,0.05,bottom,local_mean,0,0,0,0.9037764618074914,0.7032657125788147,0.20051074922867673,0.2218585411807784,0.0,ToeSegmentation1,HYDRA
10,0.05,random,local_mean,0,0,0,0.9037764618074914,,0.07536171843155744,0.08338525977494426,0.0,ToeSegmentation1,HYDRA
10,0.1,top,local_mean,0,0,0,0.9037764618074914,0.6121745820020188,0.2916018798054726,0.3226478775231785,0.0,ToeSegmentation1,HYDRA
10,0.1,bottom,local_mean,0,0,0,0.9037764618074914,0.9478775612643016,-0.04410109945681018,-0.04879641429496491,0.0,ToeSegmentation1,HYDRA
10,0.1,random,local_mean,0,0,0,0.9037764618074914,,0.20637921168612464,0.22835180164083835,0.0,ToeSegmentation1,HYDRA
10,0.2,top,local_mean,0,0,0,0.9037764618074914,0.7753545933212307,0.1284218684862607,0.1420945685339685,0.0,ToeSegmentation1,HYDRA
10,0.2,bottom,local_mean,0,0,0,0.9037764618074914,0.8768305158317881,0.026945945975703323,0.02981480188918777,0.0,ToeSegmentation1,HYDRA
10,0.2,random,local_mean,0,0,0,0.9037764618074914,,0.3485237740912671,0.38563007910624825,0.0,ToeSegmentation1,HYDRA
11,0.05,top,local_mean,0,0,0,0.4039377834179112,0.08313472301686965,0.32080306040104156,0.794187321372263,0.0,ToeSegmentation1,HYDRA
11,0.05,bottom,local_mean,0,0,0,0.4039377834179112,0.308009374027259,0.09592840939065223,0.23748254272332553,0.0,ToeSegmentation1,HYDRA
11,0.05,random,local_mean,0,0,0,0.4039377834179112,,0.02881969583711479,0.07134669167753127,0.0,ToeSegmentation1,HYDRA
11,0.1,top,local_mean,0,0,0,0.4039377834179112,0.2312372823822247,0.1727005010356865,0.42754127141342657,0.0,ToeSegmentation1,HYDRA
11,0.1,bottom,local_mean,0,0,0,0.4039377834179112,0.3237361361657636,0.08020164725214762,0.19854901421825538,0.0,ToeSegmentation1,HYDRA
11,0.1,random,local_mean,0,0,0,0.4039377834179112,,0.004886446689670976,0.012096998085513145,0.0,ToeSegmentation1,HYDRA
11,0.2,top,local_mean,0,0,1,0.4039377834179112,-0.019481114137762778,0.42341889755567397,1.0,1.0,ToeSegmentation1,HYDRA
11,0.2,bottom,local_mean,0,0,0,0.4039377834179112,0.15479320699262036,0.24914457642529084,0.6167879556331888,0.0,ToeSegmentation1,HYDRA
11,0.2,random,local_mean,0,0,0,0.4039377834179112,,0.24020337194258073,0.592762259132137,0.2,ToeSegmentation1,HYDRA
14,0.05,top,local_mean,0,0,0,1.2444440642262182,0.8885722451565338,0.35587181906968446,0.28596828361480264,0.0,ToeSegmentation1,HYDRA
14,0.05,bottom,local_mean,0,0,0,1.2444440642262182,1.2761303156331916,-0.03168625140697334,-0.025462153628031378,0.0,ToeSegmentation1,HYDRA
14,0.05,random,local_mean,0,0,0,1.2444440642262182,,0.25042872310211967,0.20123726655449703,0.0,ToeSegmentation1,HYDRA
14,0.1,top,local_mean,0,0,0,1.2444440642262182,0.8331298120890571,0.4113142521371611,0.33052021656971386,0.0,ToeSegmentation1,HYDRA
14,0.1,bottom,local_mean,0,0,0,1.2444440642262182,0.7506111357381479,0.49383292848807037,0.3968298341840667,0.0,ToeSegmentation1,HYDRA
14,0.1,random,local_mean,0,0,0,1.2444440642262182,,0.31583318864528576,0.25379440019047145,0.0,ToeSegmentation1,HYDRA
14,0.2,top,local_mean,0,0,0,1.2444440642262182,0.7677246632913238,0.4767194009348944,0.38307789924926344,0.0,ToeSegmentation1,HYDRA
14,0.2,bottom,local_mean,0,0,0,1.2444440642262182,0.8604905869177272,0.38395347730849105,0.30853389060386444,0.0,ToeSegmentation1,HYDRA
14,0.2,random,local_mean,0,0,0,1.2444440642262182,,0.44927996777138385,0.36102836572439706,0.0,ToeSegmentation1,HYDRA
15,0.05,top,local_mean,0,0,0,0.9813258519138126,0.6860547809196986,0.295271070994114,0.3008896275672755,0.0,ToeSegmentation1,HYDRA
15,0.05,bottom,local_mean,0,0,0,0.9813258519138126,0.935261626601563,0.04606422531224963,0.04694075701934969,0.0,ToeSegmentation1,HYDRA
15,0.05,random,local_mean,0,0,0,0.9813258519138126,,0.08495113831821659,0.08656762846399482,0.0,ToeSegmentation1,HYDRA
15,0.1,top,local_mean,0,0,0,0.9813258519138126,0.2423292469675449,0.7389966049462677,0.753058579315398,0.0,ToeSegmentation1,HYDRA
15,0.1,bottom,local_mean,0,0,0,0.9813258519138126,0.9433322108577862,0.03799364105602643,0.03871660189663628,0.0,ToeSegmentation1,HYDRA
15,0.1,random,local_mean,0,0,0,0.9813258519138126,,0.22493618700631499,0.2292163783836525,0.0,ToeSegmentation1,HYDRA
15,0.2,top,local_mean,0,0,0,0.9813258519138126,0.22215785930278756,0.7591679926110251,0.7736137976154155,0.0,ToeSegmentation1,HYDRA
15,0.2,bottom,local_mean,0,0,0,0.9813258519138126,0.895522089256065,0.08580376265774758,0.08743647693977857,0.0,ToeSegmentation1,HYDRA
15,0.2,random,local_mean,0,0,0,0.9813258519138126,,0.6095976342860512,0.6211973442866624,0.0,ToeSegmentation1,HYDRA
16,0.05,top,local_mean,0,0,0,1.0761868082867558,0.789505412324853,0.2866813959619028,0.26638602830698027,0.0,ToeSegmentation1,HYDRA
16,0.05,bottom,local_mean,0,0,0,1.0761868082867558,0.9626093949935759,0.11357741329317994,0.10553679610438094,0.0,ToeSegmentation1,HYDRA
16,0.05,random,local_mean,0,0,0,1.0761868082867558,,0.07940046033665982,0.07377937170935052,0.0,ToeSegmentation1,HYDRA
16,0.1,top,local_mean,0,0,0,1.0761868082867558,0.6427559770039883,0.4334308312827675,0.4027464611151566,0.0,ToeSegmentation1,HYDRA
16,0.1,bottom,local_mean,0,0,0,1.0761868082867558,0.7458693865936503,0.3303174216931055,0.30693287839690037,0.0,ToeSegmentation1,HYDRA
16,0.1,random,local_mean,0,0,0,1.0761868082867558,,0.37960742502349965,0.3527334375101482,0.0,ToeSegmentation1,HYDRA
16,0.2,top,local_mean,0,0,0,1.0761868082867558,0.5599487086833186,0.5162380996034373,0.479691458710414,0.0,ToeSegmentation1,HYDRA
16,0.2,bottom,local_mean,0,0,0,1.0761868082867558,0.5930724920484001,0.48311431623835577,0.44891264565378486,0.0,ToeSegmentation1,HYDRA
16,0.2,random,local_mean,0,0,0,1.0761868082867558,,0.35299254029236354,0.3280027310979413,0.0,ToeSegmentation1,HYDRA
17,0.05,top,local_mean,0,0,0,1.1353797558763479,0.826180840653053,0.3091989152232949,0.272330593611866,0.0,ToeSegmentation1,HYDRA
17,0.05,bottom,local_mean,0,0,0,1.1353797558763479,1.1313350466482284,0.004044709228119503,0.0035624253865370295,0.0,ToeSegmentation1,HYDRA
17,0.05,random,local_mean,0,0,0,1.1353797558763479,,0.16599841795644427,0.1462050656551051,0.0,ToeSegmentation1,HYDRA
17,0.1,top,local_mean,0,0,0,1.1353797558763479,0.5827812589656021,0.5525984969107458,0.48670764767738256,0.0,ToeSegmentation1,HYDRA
17,0.1,bottom,local_mean,0,0,0,1.1353797558763479,1.0264913970950296,0.1088883587813183,0.09590470704893393,0.0,ToeSegmentation1,HYDRA
17,0.1,random,local_mean,0,0,0,1.1353797558763479,,0.17583292935432474,0.15486692763134552,0.0,ToeSegmentation1,HYDRA
17,0.2,top,local_mean,0,0,0,1.1353797558763479,0.4161937697911443,0.7191859860852036,0.6334315447597112,0.0,ToeSegmentation1,HYDRA
17,0.2,bottom,local_mean,0,0,0,1.1353797558763479,0.8181252929994858,0.3172544628768621,0.27942561227575863,0.0,ToeSegmentation1,HYDRA
17,0.2,random,local_mean,0,0,0,1.1353797558763479,,0.6241077415294822,0.5496902587958366,0.0,ToeSegmentation1,HYDRA
18,0.05,top,local_mean,0,0,0,0.3108447951546922,0.09614150396999589,0.21470329118469633,0.6907067572776701,0.0,ToeSegmentation1,HYDRA
18,0.05,bottom,local_mean,0,0,0,0.3108447951546922,0.15079432008466573,0.16005047507002648,0.5148870519235349,0.0,ToeSegmentation1,HYDRA
18,0.05,random,local_mean,0,0,0,0.3108447951546922,,0.08671458430467316,0.27896334985493276,0.0,ToeSegmentation1,HYDRA
18,0.1,top,local_mean,0,0,0,0.3108447951546922,0.026473710773709094,0.28437108438098313,0.9148300823547124,0.0,ToeSegmentation1,HYDRA
18,0.1,bottom,local_mean,0,0,0,0.3108447951546922,0.29910849530276196,0.011736299851930254,0.037756019334569714,0.0,ToeSegmentation1,HYDRA
18,0.1,random,local_mean,0,0,0,0.3108447951546922,,0.0568570570254789,0.18291081273009993,0.0,ToeSegmentation1,HYDRA
18,0.2,top,local_mean,0,0,0,0.3108447951546922,0.04472557200466643,0.2661192231500258,0.8561133118033388,0.0,ToeSegmentation1,HYDRA
18,0.2,bottom,local_mean,0,0,0,0.3108447951546922,0.13083730157747947,0.18000749357721274,0.5790893632247209,0.0,ToeSegmentation1,HYDRA
18,0.2,random,local_mean,0,0,0,0.3108447951546922,,0.12249795125392662,0.3940794862383955,0.0,ToeSegmentation1,HYDRA
19,0.05,top,local_mean,0,0,0,0.20391680176974095,0.16192810940958016,0.041988692360160784,0.2059098911215873,0.0,ToeSegmentation1,HYDRA
19,0.05,bottom,local_mean,0,0,0,0.20391680176974095,0.3310776115258379,-0.12716080975609698,-0.6235885668269604,0.0,ToeSegmentation1,HYDRA
19,0.05,random,local_mean,0,0,0,0.20391680176974095,,0.06933146457344129,0.1728140124857823,0.2,ToeSegmentation1,HYDRA
19,0.1,top,local_mean,0,0,0,0.20391680176974095,0.25857078322057114,-0.0546539814508302,-0.2680196676136405,0.0,ToeSegmentation1,HYDRA
19,0.1,bottom,local_mean,0,0,0,0.20391680176974095,0.2653895436856015,-0.06147274191586058,-0.3014584375780694,0.0,ToeSegmentation1,HYDRA
19,0.1,random,local_mean,0,0,0,0.20391680176974095,,0.08665383817101768,0.2404266013381028,0.2,ToeSegmentation1,HYDRA
19,0.2,top,local_mean,0,0,1,0.20391680176974095,-0.023893413926261344,0.2278102156960023,1.0,1.0,ToeSegmentation1,HYDRA
19,0.2,bottom,local_mean,0,0,0,0.20391680176974095,0.06762402347051254,0.13629277829922842,0.6683711628724153,0.0,ToeSegmentation1,HYDRA
19,0.2,random,local_mean,0,0,0,0.20391680176974095,,0.20872118190008804,0.7922342471991587,0.2,ToeSegmentation1,HYDRA
20,0.05,top,local_mean,0,0,0,0.23422387707478567,0.16453157854642428,0.0696922985283614,0.2975443915212701,0.0,ToeSegmentation1,HYDRA
20,0.05,bottom,local_mean,0,0,0,0.23422387707478567,0.28925413958520624,-0.05503026251042056,-0.23494627555231867,0.0,ToeSegmentation1,HYDRA
20,0.05,random,local_mean,0,0,0,0.23422387707478567,,0.014913285450047891,0.06367080062672517,0.0,ToeSegmentation1,HYDRA
20,0.1,top,local_mean,0,0,0,0.23422387707478567,0.19396309354963778,0.04026078352514789,0.17188944243652232,0.0,ToeSegmentation1,HYDRA
20,0.1,bottom,local_mean,0,0,0,0.23422387707478567,0.318166010871912,-0.08394213379712631,-0.3583826570664585,0.0,ToeSegmentation1,HYDRA
20,0.1,random,local_mean,0,0,0,0.23422387707478567,,0.08495305269390399,0.25864909298337896,0.2,ToeSegmentation1,HYDRA
20,0.2,top,local_mean,0,0,1,0.23422387707478567,-0.0036753882901493454,0.23789926536493503,1.0,1.0,ToeSegmentation1,HYDRA
20,0.2,bottom,local_mean,0,0,0,0.23422387707478567,0.47432447842193215,-0.24010060134714648,-1.0,0.0,ToeSegmentation1,HYDRA
20,0.2,random,local_mean,0,0,1,0.23422387707478567,,0.346310589598546,0.9132926326606554,0.6,ToeSegmentation1,HYDRA
21,0.05,top,local_mean,0,0,0,0.49165697074331005,0.40947793955876277,0.08217903118454728,0.16714674850141334,0.0,ToeSegmentation1,HYDRA
21,0.05,bottom,local_mean,0,0,0,0.49165697074331005,0.30935885582237127,0.18229811492093878,0.3707823848463852,0.0,ToeSegmentation1,HYDRA
21,0.05,random,local_mean,0,0,0,0.49165697074331005,,0.05189112855298613,0.10554314511475296,0.0,ToeSegmentation1,HYDRA
21,0.1,top,local_mean,0,0,0,0.49165697074331005,0.4660125715242551,0.025644399219054925,0.05215902262356207,0.0,ToeSegmentation1,HYDRA
21,0.1,bottom,local_mean,0,0,0,0.49165697074331005,0.339626424627655,0.15203054611565503,0.3092201391260038,0.0,ToeSegmentation1,HYDRA
21,0.1,random,local_mean,0,0,0,0.49165697074331005,,0.10308731265329754,0.20967281888554687,0.0,ToeSegmentation1,HYDRA
21,0.2,top,local_mean,0,0,0,0.49165697074331005,0.25400958999720613,0.23764738074610392,0.4833591538988338,0.0,ToeSegmentation1,HYDRA
21,0.2,bottom,local_mean,0,0,0,0.49165697074331005,0.23510193858375633,0.2565550321595537,0.5218160742348641,0.0,ToeSegmentation1,HYDRA
21,0.2,random,local_mean,0,0,0,0.49165697074331005,,0.27858040007746326,0.5666142250400074,0.0,ToeSegmentation1,HYDRA
22,0.05,top,local_mean,0,0,0,0.31417298757592915,0.3287177541945951,-0.014544766618665939,-0.046295260568479685,0.0,ToeSegmentation1,HYDRA
22,0.05,bottom,local_mean,0,0,0,0.31417298757592915,0.20062333878527813,0.11354964879065102,0.3614228207330771,0.0,ToeSegmentation1,HYDRA
22,0.05,random,local_mean,0,0,0,0.31417298757592915,,0.07779100465249414,0.24760485504451166,0.0,ToeSegmentation1,HYDRA
22,0.1,top,local_mean,0,0,0,0.31417298757592915,0.09600421584428696,0.21816877173164217,0.6944202268779984,0.0,ToeSegmentation1,HYDRA
22,0.1,bottom,local_mean,0,0,0,0.31417298757592915,0.29180186771135913,0.02237111986457002,0.0712061492970146,0.0,ToeSegmentation1,HYDRA
22,0.1,random,local_mean,0,0,0,0.31417298757592915,,0.05737439792487402,0.18261982275349214,0.0,ToeSegmentation1,HYDRA
22,0.2,top,local_mean,0,0,1,0.31417298757592915,-0.1401384940720783,0.45431148164800744,1.0,1.0,ToeSegmentation1,HYDRA
22,0.2,bottom,local_mean,0,0,0,0.31417298757592915,0.33810680350624206,-0.023933815930312907,-0.07618013227313612,0.0,ToeSegmentation1,HYDRA
22,0.2,random,local_mean,0,0,0,0.31417298757592915,,0.17025647104908903,0.5419177837183026,0.0,ToeSegmentation1,HYDRA
23,0.05,top,local_mean,0,0,0,0.5366454203785667,0.3639661941308312,0.17267922624773546,0.32177467265303344,0.0,ToeSegmentation1,HYDRA
23,0.05,bottom,local_mean,0,0,0,0.5366454203785667,0.2700183411559956,0.26662707922257106,0.4968393882781967,0.0,ToeSegmentation1,HYDRA
23,0.05,random,local_mean,0,0,0,0.5366454203785667,,0.14610600089568218,0.27225747782425264,0.0,ToeSegmentation1,HYDRA
23,0.1,top,local_mean,0,0,0,0.5366454203785667,0.40725659256248975,0.1293888278160769,0.24110629066490763,0.0,ToeSegmentation1,HYDRA
23,0.1,bottom,local_mean,0,0,0,0.5366454203785667,0.2532373934403129,0.2834080269382538,0.5281094146464802,0.0,ToeSegmentation1,HYDRA
23,0.1,random,local_mean,0,0,0,0.5366454203785667,,0.29344574211105956,0.5468139373855397,0.0,ToeSegmentation1,HYDRA
23,0.2,top,local_mean,0,0,0,0.5366454203785667,0.40513146434284336,0.1315139560357233,0.24506630630825668,0.0,ToeSegmentation1,HYDRA
23,0.2,bottom,local_mean,0,0,0,0.5366454203785667,0.3043789534187926,0.23226646695977404,0.4328109871597135,0.0,ToeSegmentation1,HYDRA
23,0.2,random,local_mean,0,0,0,0.5366454203785667,,0.23634830849014263,0.4404171900064392,0.0,ToeSegmentation1,HYDRA
24,0.05,top,local_mean,0,0,0,0.5864344929601474,0.4101872644585261,0.17624722850162128,0.3005398387672258,0.0,ToeSegmentation1,HYDRA
24,0.05,bottom,local_mean,0,0,0,0.5864344929601474,0.33999281106034407,0.2464416818998033,0.4202366412985014,0.0,ToeSegmentation1,HYDRA
24,0.05,random,local_mean,0,0,0,0.5864344929601474,,0.17700946728069702,0.30183962158771677,0.0,ToeSegmentation1,HYDRA
24,0.1,top,local_mean,0,0,0,0.5864344929601474,0.486328128233006,0.1001063647271414,0.1707031138613985,0.0,ToeSegmentation1,HYDRA
24,0.1,bottom,local_mean,0,0,0,0.5864344929601474,0.22097306229918848,0.36546143066095893,0.6231911864955874,0.0,ToeSegmentation1,HYDRA
24,0.1,random,local_mean,0,0,0,0.5864344929601474,,0.17945188010015087,0.30600446639805606,0.0,ToeSegmentation1,HYDRA
24,0.2,top,local_mean,0,0,0,0.5864344929601474,0.5016606070102498,0.08477388594989754,0.1445579044371698,0.0,ToeSegmentation1,HYDRA
24,0.2,bottom,local_mean,0,0,0,0.5864344929601474,0.3309851185938263,0.2554493743663211,0.4355967151252913,0.0,ToeSegmentation1,HYDRA
24,0.2,random,local_mean,0,0,0,0.5864344929601474,,0.23594240590730148,0.402333093306369,0.0,ToeSegmentation1,HYDRA
25,0.05,top,local_mean,0,0,0,0.8469379883518648,0.8247354321998235,0.022202556152041364,0.02621505971197208,0.0,ToeSegmentation1,HYDRA
25,0.05,bottom,local_mean,0,0,0,0.8469379883518648,0.8411456278262955,0.005792360525569307,0.006839170950012804,0.0,ToeSegmentation1,HYDRA
25,0.05,random,local_mean,0,0,0,0.8469379883518648,,0.1522221287620073,0.17973210686430924,0.0,ToeSegmentation1,HYDRA
25,0.1,top,local_mean,0,0,0,0.8469379883518648,0.5010593355615244,0.34587865279034047,0.4083867404231998,0.0,ToeSegmentation1,HYDRA
25,0.1,bottom,local_mean,0,0,0,0.8469379883518648,0.8391847694500765,0.007753218901788372,0.009154400740100608,0.0,ToeSegmentation1,HYDRA
25,0.1,random,local_mean,0,0,0,0.8469379883518648,,0.21450626182506943,0.2532723900720364,0.0,ToeSegmentation1,HYDRA
25,0.2,top,local_mean,0,0,0,0.8469379883518648,0.5916520874492808,0.2552859009025841,0.30142183134037553,0.0,ToeSegmentation1,HYDRA
25,0.2,bottom,local_mean,0,0,0,0.8469379883518648,0.642653206979946,0.20428478137191886,0.24120365714826172,0.0,ToeSegmentation1,HYDRA
25,0.2,random,local_mean,0,0,0,0.8469379883518648,,0.3066350571421279,0.36205094033849683,0.0,ToeSegmentation1,HYDRA
27,0.05,top,local_mean,0,0,0,0.587351621970555,0.5117176912521793,0.07563393071837576,0.12877090846147174,0.0,ToeSegmentation1,HYDRA
27,0.05,bottom,local_mean,0,0,0,0.587351621970555,0.5997702080154924,-0.012418586044937396,-0.02114332273391973,0.0,ToeSegmentation1,HYDRA
27,0.05,random,local_mean,0,0,0,0.587351621970555,,0.12448549460893174,0.21194337090262008,0.0,ToeSegmentation1,HYDRA
27,0.1,top,local_mean,0,0,0,0.587351621970555,0.6030442531398722,-0.015692631169317184,-0.026717563831874545,0.0,ToeSegmentation1,HYDRA
27,0.1,bottom,local_mean,0,0,0,0.587351621970555,0.6434410020285735,-0.056089380058018445,-0.0954952407802996,0.0,ToeSegmentation1,HYDRA
27,0.1,random,local_mean,0,0,0,0.587351621970555,,0.14771548005221447,0.24625000438912678,0.2,ToeSegmentation1,HYDRA
27,0.2,top,local_mean,0,0,0,0.587351621970555,0.34559830820844484,0.24175331376211018,0.41159825413059903,0.0,ToeSegmentation1,HYDRA
27,0.2,bottom,local_mean,0,0,0,0.587351621970555,0.6776539305056017,-0.09030230853504673,-0.15374462487642343,0.0,ToeSegmentation1,HYDRA
27,0.2,random,local_mean,0,0,0,0.587351621970555,,0.37276566113998294,0.6273338292387973,0.2,ToeSegmentation1,HYDRA
28,0.05,top,local_mean,0,0,0,0.3705587842665741,0.3809844115662324,-0.010425627299658291,-0.028134805076846334,0.0,ToeSegmentation1,HYDRA
28,0.05,bottom,local_mean,0,0,0,0.3705587842665741,0.26459796822055653,0.10596081604601759,0.2859479645254523,0.0,ToeSegmentation1,HYDRA
28,0.05,random,local_mean,0,0,1,0.3705587842665741,,0.2906787966238228,0.7109292518103828,0.6,ToeSegmentation1,HYDRA
28,0.1,top,local_mean,0,0,0,0.3705587842665741,0.3549367459021112,0.015622038364462909,0.042157943273263276,0.0,ToeSegmentation1,HYDRA
28,0.1,bottom,local_mean,0,0,0,0.3705587842665741,0.3272861943257189,0.0432725899408552,0.11677627140921927,0.0,ToeSegmentation1,HYDRA
28,0.1,random,local_mean,0,0,0,0.3705587842665741,,0.082340295741186,0.22220515888996703,0.0,ToeSegmentation1,HYDRA
28,0.2,top,local_mean,0,0,0,0.3705587842665741,0.21450753342619192,0.1560512508403822,0.42112300758498317,0.0,ToeSegmentation1,HYDRA
28,0.2,bottom,local_mean,0,0,0,0.3705587842665741,0.07785346573962264,0.2927053185269515,0.7899003911238908,0.0,ToeSegmentation1,HYDRA
28,0.2,random,local_mean,0,0,0,0.3705587842665741,,0.210421364864621,0.5491062263991779,0.2,ToeSegmentation1,HYDRA
29,0.05,top,local_mean,0,0,0,0.28017692525908194,0.22345495419269737,0.056721971066384574,0.20244982189062,0.0,ToeSegmentation1,HYDRA
29,0.05,bottom,local_mean,0,0,0,0.28017692525908194,0.3386804322280262,-0.05850350696894424,-0.20880840956633454,0.0,ToeSegmentation1,HYDRA
29,0.05,random,local_mean,0,0,0,0.28017692525908194,,0.0926386573652076,0.3178890964173856,0.2,ToeSegmentation1,HYDRA
29,0.1,top,local_mean,0,0,0,0.28017692525908194,0.09433194132597304,0.1858449839331089,0.6633105865183958,0.0,ToeSegmentation1,HYDRA
29,0.1,bottom,local_mean,0,0,0,0.28017692525908194,0.3217264092598221,-0.041549484000740156,-0.1482967794922428,0.0,ToeSegmentation1,HYDRA
29,0.1,random,local_mean,0,0,0,0.28017692525908194,,0.1415976588675691,0.5053847791064662,0.0,ToeSegmentation1,HYDRA
29,0.2,top,local_mean,0,0,1,0.28017692525908194,-0.07478291507218686,0.3549598403312688,1.0,1.0,ToeSegmentation1,HYDRA
29,0.2,bottom,local_mean,0,0,1,0.28017692525908194,-0.021811305454547507,0.30198823071362946,1.0,1.0,ToeSegmentation1,HYDRA
29,0.2,random,local_mean,0,0,0,0.28017692525908194,,0.0980347556866206,0.3499017832899125,0.0,ToeSegmentation1,HYDRA
30,0.05,top,local_mean,0,0,0,0.5086527086323845,0.48390331748034043,0.02474939115204411,0.04865666116656794,0.0,ToeSegmentation1,HYDRA
30,0.05,bottom,local_mean,0,0,0,0.5086527086323845,0.3134978463699779,0.19515486226240664,0.38366939815915,0.0,ToeSegmentation1,HYDRA
30,0.05,random,local_mean,0,0,0,0.5086527086323845,,0.07075338999217677,0.13909932984153633,0.0,ToeSegmentation1,HYDRA
30,0.1,top,local_mean,0,0,0,0.5086527086323845,0.4218784177935445,0.08677429083884003,0.17059600542803424,0.0,ToeSegmentation1,HYDRA
30,0.1,bottom,local_mean,0,0,0,0.5086527086323845,0.15723364232688247,0.35141906630550207,0.6908807708300433,0.0,ToeSegmentation1,HYDRA
30,0.1,random,local_mean,0,0,0,0.5086527086323845,,0.19232406889764303,0.3781041318164063,0.0,ToeSegmentation1,HYDRA
30,0.2,top,local_mean,0,0,0,0.5086527086323845,0.3690769521357652,0.13957575649661935,0.27440231758438605,0.0,ToeSegmentation1,HYDRA
30,0.2,bottom,local_mean,0,0,0,0.5086527086323845,0.5124069546351487,-0.0037542460027641944,-0.007380750280693367,0.0,ToeSegmentation1,HYDRA
30,0.2,random,local_mean,0,0,0,0.5086527086323845,,0.29061376352919993,0.5713391224661905,0.0,ToeSegmentation1,HYDRA
31,0.05,top,local_mean,0,0,0,0.6802520614245751,0.4473470361008073,0.23290502532376778,0.3423799737645014,0.0,ToeSegmentation1,HYDRA
31,0.05,bottom,local_mean,0,0,0,0.6802520614245751,0.4708314013677891,0.20942066005678595,0.3078569901886521,0.0,ToeSegmentation1,HYDRA
31,0.05,random,local_mean,0,0,0,0.6802520614245751,,0.1543984064040126,0.22697201256349206,0.0,ToeSegmentation1,HYDRA
31,0.1,top,local_mean,0,0,0,0.6802520614245751,0.378625742156778,0.30162631926779704,0.443403104480171,0.0,ToeSegmentation1,HYDRA
31,0.1,bottom,local_mean,0,0,0,0.6802520614245751,0.330895738527049,0.34935632289752605,0.5135681744171935,0.0,ToeSegmentation1,HYDRA
31,0.1,random,local_mean,0,0,0,0.6802520614245751,,0.17565541701092408,0.25822069310951623,0.0,ToeSegmentation1,HYDRA
31,0.2,top,local_mean,0,0,0,0.6802520614245751,0.37706195239986695,0.3031901090247081,0.44570193978954276,0.0,ToeSegmentation1,HYDRA
31,0.2,bottom,local_mean,0,0,0,0.6802520614245751,0.39346490031885384,0.2867871611057212,0.42158893119148355,0.0,ToeSegmentation1,HYDRA
31,0.2,random,local_mean,0,0,0,0.6802520614245751,,0.36936582596017337,0.5429829675248404,0.0,ToeSegmentation1,HYDRA
32,0.05,top,local_mean,0,0,0,0.81604139627581,0.5128816149849975,0.30315978129081245,0.37150003807933163,0.0,ToeSegmentation1,HYDRA
32,0.05,bottom,local_mean,0,0,0,0.81604139627581,0.8481344864725348,-0.032093090196724794,-0.03932772407804878,0.0,ToeSegmentation1,HYDRA
32,0.05,random,local_mean,0,0,0,0.81604139627581,,0.16160847661629196,0.1980393143221823,0.0,ToeSegmentation1,HYDRA
32,0.1,top,local_mean,0,0,0,0.81604139627581,0.3627500579205762,0.4532913383552338,0.5554752307281203,0.0,ToeSegmentation1,HYDRA
32,0.1,bottom,local_mean,0,0,0,0.81604139627581,0.8281213997021251,-0.0120800034263151,-0.014803156651474076,0.0,ToeSegmentation1,HYDRA
32,0.1,random,local_mean,0,0,0,0.81604139627581,,0.2299832856379945,0.28182761911338694,0.0,ToeSegmentation1,HYDRA
32,0.2,top,local_mean,0,0,0,0.81604139627581,0.2657013369832222,0.5503400592925878,0.6744013078293314,0.0,ToeSegmentation1,HYDRA
32,0.2,bottom,local_mean,0,0,0,0.81604139627581,0.7706462000215606,0.04539519625424937,0.055628477713192834,0.0,ToeSegmentation1,HYDRA
32,0.2,random,local_mean,0,0,0,0.81604139627581,,0.4045479498147732,0.49574378936807373,0.0,ToeSegmentation1,HYDRA
33,0.05,top,local_mean,0,0,0,0.5166268271154771,0.24492334050761386,0.27170348660786325,0.5259172509635874,0.0,ToeSegmentation1,HYDRA
33,0.05,bottom,local_mean,0,0,0,0.5166268271154771,0.3777840230278918,0.13884280408758531,0.2687482106080032,0.0,ToeSegmentation1,HYDRA
33,0.05,random,local_mean,0,0,0,0.5166268271154771,,0.05008853041664696,0.09695283100856107,0.0,ToeSegmentation1,HYDRA
33,0.1,top,local_mean,0,0,0,0.5166268271154771,0.05224231470641332,0.4643845124090638,0.8988763052154837,0.0,ToeSegmentation1,HYDRA
33,0.1,bottom,local_mean,0,0,0,0.5166268271154771,0.4624011709847107,0.054225656130766464,0.10496077308403655,0.0,ToeSegmentation1,HYDRA
33,0.1,random,local_mean,0,0,0,0.5166268271154771,,0.05198327922988664,0.10062036247665629,0.0,ToeSegmentation1,HYDRA
33,0.2,top,local_mean,0,0,1,0.5166268271154771,-0.009707834722166058,0.5263346618376432,1.0,1.0,ToeSegmentation1,HYDRA
33,0.2,bottom,local_mean,0,0,0,0.5166268271154771,0.3004908753863157,0.21613595172916145,0.4183590979524425,0.0,ToeSegmentation1,HYDRA
33,0.2,random,local_mean,0,0,0,0.5166268271154771,,0.3517658103260735,0.6727528672092372,0.2,ToeSegmentation1,HYDRA
34,0.05,top,local_mean,0,0,0,0.9340646437579743,0.6863319217204271,0.24773272203754715,0.26521982014118184,0.0,ToeSegmentation1,HYDRA
34,0.05,bottom,local_mean,0,0,0,0.9340646437579743,0.8571684794781023,0.076896164279872,0.08232415440364549,0.0,ToeSegmentation1,HYDRA
34,0.05,random,local_mean,0,0,0,0.9340646437579743,,0.08627071676457783,0.09236044312420019,0.0,ToeSegmentation1,HYDRA
34,0.1,top,local_mean,0,0,0,0.9340646437579743,0.5005277543701704,0.4335368893878039,0.4641396375993223,0.0,ToeSegmentation1,HYDRA
34,0.1,bottom,local_mean,0,0,0,0.9340646437579743,0.5878789210028301,0.34618572275514414,0.3706224771980205,0.0,ToeSegmentation1,HYDRA
34,0.1,random,local_mean,0,0,0,0.9340646437579743,,0.23098234094389603,0.24728705363211692,0.0,ToeSegmentation1,HYDRA
34,0.2,top,local_mean,0,0,0,0.9340646437579743,0.4998529928015872,0.4342116509563871,0.46486202962079576,0.0,ToeSegmentation1,HYDRA
34,0.2,bottom,local_mean,0,0,0,0.9340646437579743,0.6551890840516076,0.2788755597063667,0.29856098612553844,0.0,ToeSegmentation1,HYDRA
34,0.2,random,local_mean,0,0,0,0.9340646437579743,,0.3747122496318715,0.401162650757941,0.0,ToeSegmentation1,HYDRA
35,0.05,top,local_mean,0,0,0,0.7684673761858816,0.4432407396479524,0.32522663653792916,0.4232140796113404,0.0,ToeSegmentation1,HYDRA
35,0.05,bottom,local_mean,0,0,0,0.7684673761858816,0.6934982545960586,0.07496912158982294,0.09755654742998686,0.0,ToeSegmentation1,HYDRA
35,0.05,random,local_mean,0,0,0,0.7684673761858816,,0.14126495030033986,0.183826627975866,0.0,ToeSegmentation1,HYDRA
35,0.1,top,local_mean,0,0,0,0.7684673761858816,0.6589142265510866,0.10955314963479501,0.14256038768769796,0.0,ToeSegmentation1,HYDRA
35,0.1,bottom,local_mean,0,0,0,0.7684673761858816,0.66194667212121,0.10652070406467162,0.13861429743324372,0.0,ToeSegmentation1,HYDRA
35,0.1,random,local_mean,0,0,0,0.7684673761858816,,0.23785338127975306,0.3095161605221601,0.0,ToeSegmentation1,HYDRA
35,0.2,top,local_mean,0,0,0,0.7684673761858816,0.15504117081877422,0.6134262053671073,0.7982452165588246,0.0,ToeSegmentation1,HYDRA
35,0.2,bottom,local_mean,0,0,0,0.7684673761858816,0.5531314270747143,0.21533594911116727,0.2802144574639992,0.0,ToeSegmentation1,HYDRA
35,0.2,random,local_mean,0,0,0,0.7684673761858816,,0.28530024494283035,0.3712582765719696,0.0,ToeSegmentation1,HYDRA
36,0.05,top,local_mean,0,0,0,0.4839207633232321,0.17683112138453766,0.3070896419386944,0.6345853094719696,0.0,ToeSegmentation1,HYDRA
36,0.05,bottom,local_mean,0,0,0,0.4839207633232321,0.37677522576394695,0.10714553755928513,0.2214108677888042,0.0,ToeSegmentation1,HYDRA
36,0.05,random,local_mean,0,0,0,0.4839207633232321,,0.09195642613726723,0.19002333250270792,0.0,ToeSegmentation1,HYDRA
36,0.1,top,local_mean,0,0,0,0.4839207633232321,0.07888124039246681,0.4050395229307653,0.8369938151763223,0.0,ToeSegmentation1,HYDRA
36,0.1,bottom,local_mean,0,0,0,0.4839207633232321,0.37518871061711,0.10873205270612207,0.22468932159493576,0.0,ToeSegmentation1,HYDRA
36,0.1,random,local_mean,0,0,0,0.4839207633232321,,0.2143547985698297,0.44295341688663203,0.0,ToeSegmentation1,HYDRA
36,0.2,top,local_mean,0,0,0,0.4839207633232321,0.09328830032918452,0.3906324629940476,0.8072223499754596,0.0,ToeSegmentation1,HYDRA
36,0.2,bottom,local_mean,0,0,0,0.4839207633232321,0.2895110607020863,0.19440970262114576,0.4017378786316151,0.0,ToeSegmentation1,HYDRA
36,0.2,random,local_mean,0,0,0,0.4839207633232321,,0.33221137401487894,0.6767584336287651,0.2,ToeSegmentation1,HYDRA
37,0.05,top,local_mean,0,0,0,0.10498114223781857,0.03656372657153578,0.06841741566628279,0.65170527299105,0.0,ToeSegmentation1,HYDRA
37,0.05,bottom,local_mean,0,0,0,0.10498114223781857,0.06994382502872647,0.0350373172090921,0.33374549673144627,0.0,ToeSegmentation1,HYDRA
37,0.05,random,local_mean,0,0,0,0.10498114223781857,,0.025232301263404,0.08633765221236375,0.2,ToeSegmentation1,HYDRA
37,0.1,top,local_mean,0,0,0,0.10498114223781857,0.05500620495468079,0.04997493728313778,0.4760327444064568,0.0,ToeSegmentation1,HYDRA
37,0.1,bottom,local_mean,0,0,0,0.10498114223781857,0.14801061464206614,-0.043029472404247565,-0.40987420800360375,0.0,ToeSegmentation1,HYDRA
37,0.1,random,local_mean,0,0,0,0.10498114223781857,,0.0542795335981109,0.4479101907239273,0.4,ToeSegmentation1,HYDRA
37,0.2,top,local_mean,0,0,0,0.10498114223781857,0.12630585643483097,-0.0213247141970124,-0.20312706277897258,0.0,ToeSegmentation1,HYDRA
37,0.2,bottom,local_mean,0,0,1,0.10498114223781857,-0.1189465830607656,0.22392772529858418,1.0,1.0,ToeSegmentation1,HYDRA
37,0.2,random,local_mean,0,0,1,0.10498114223781857,,0.19533319333244098,0.7380684259978425,0.6,ToeSegmentation1,HYDRA
39,0.05,top,local_mean,0,0,0,0.16599183772917134,0.1679812061506785,-0.001989368421507154,-0.011984664210349511,0.0,ToeSegmentation1,HYDRA
39,0.05,bottom,local_mean,0,0,1,0.16599183772917134,-0.07445686010986388,0.24044869783903522,1.0,1.0,ToeSegmentation1,HYDRA
39,0.05,random,local_mean,0,0,0,0.16599183772917134,,0.11227337565961193,0.49738638981259314,0.2,ToeSegmentation1,HYDRA
39,0.1,top,local_mean,0,0,0,0.16599183772917134,0.15739494066598814,0.008596897063183201,0.0517907711006762,0.0,ToeSegmentation1,HYDRA
39,0.1,bottom,local_mean,0,0,0,0.16599183772917134,0.06260820388868583,0.1033836338404855,0.6228198472584882,0.0,ToeSegmentation1,HYDRA
39,0.1,random,local_mean,0,0,1,0.16599183772917134,,0.2389734280154061,0.5522784016067209,0.6,ToeSegmentation1,HYDRA
39,0.2,top,local_mean,0,0,1,0.16599183772917134,-0.24727371133210455,0.4132655490612759,1.0,1.0,ToeSegmentation1,HYDRA
39,0.2,bottom,local_mean,0,0,0,0.16599183772917134,0.21240729017397836,-0.04641545244480702,-0.27962322398835665,0.0,ToeSegmentation1,HYDRA
39,0.2,random,local_mean,0,0,1,0.16599183772917134,,0.2284675481009142,0.7235871980659903,0.6,ToeSegmentation1,HYDRA
40,0.05,top,local_mean,0,0,0,0.882114093792,0.6383428519919989,0.2437712418000011,0.27634856666162155,0.0,ToeSegmentation1,HYDRA
40,0.05,bottom,local_mean,0,0,0,0.882114093792,0.8789029346141528,0.0032111591778472004,0.0036402950141610226,0.0,ToeSegmentation1,HYDRA
40,0.05,random,local_mean,0,0,0,0.882114093792,,0.16301088427354243,0.18479548238178076,0.0,ToeSegmentation1,HYDRA
40,0.1,top,local_mean,0,0,0,0.882114093792,0.6186359126265559,0.2634781811654441,0.298689120070279,0.0,ToeSegmentation1,HYDRA
40,0.1,bottom,local_mean,0,0,0,0.882114093792,0.7541077949107423,0.1280062988812577,0.14511292209159407,0.0,ToeSegmentation1,HYDRA
40,0.1,random,local_mean,0,0,0,0.882114093792,,0.2511569985829115,0.2847213479856105,0.0,ToeSegmentation1,HYDRA
40,0.2,top,local_mean,0,0,0,0.882114093792,0.39344784271516353,0.4886662510768365,0.5539710798691564,0.0,ToeSegmentation1,HYDRA
40,0.2,bottom,local_mean,0,0,0,0.882114093792,0.5838810170190302,0.29823307677296984,0.3380886223031711,0.0,ToeSegmentation1,HYDRA
40,0.2,random,local_mean,0,0,0,0.882114093792,,0.40071424047549886,0.45426525778277405,0.0,ToeSegmentation1,HYDRA
41,0.05,top,local_mean,0,0,0,0.17750957480660348,0.1089840639983226,0.06852551080828088,0.38603621718277314,0.0,ToeSegmentation1,HYDRA
41,0.05,bottom,local_mean,0,0,1,0.17750957480660348,-0.0006438457279749705,0.17815342053457844,1.0,1.0,ToeSegmentation1,HYDRA
41,0.05,random,local_mean,0,0,0,0.17750957480660348,,0.14449618874116177,0.5443724503795808,0.4,ToeSegmentation1,HYDRA
41,0.1,top,local_mean,0,0,0,0.17750957480660348,0.04315820546667695,0.13435136933992653,0.7568640318262807,0.0,ToeSegmentation1,HYDRA
41,0.1,bottom,local_mean,0,0,1,0.17750957480660348,-0.1195348254968213,0.29704440030342477,1.0,1.0,ToeSegmentation1,HYDRA
41,0.1,random,local_mean,0,0,1,0.17750957480660348,,0.18056519798196463,0.5443002666317889,0.6,ToeSegmentation1,HYDRA
41,0.2,top,local_mean,0,0,1,0.17750957480660348,-0.1403286856149444,0.3178382604215479,1.0,1.0,ToeSegmentation1,HYDRA
41,0.2,bottom,local_mean,0,0,1,0.17750957480660348,-0.13704316955530244,0.31455274436190594,1.0,1.0,ToeSegmentation1,HYDRA
41,0.2,random,local_mean,0,0,1,0.17750957480660348,,0.3630759883123836,1.0,1.0,ToeSegmentation1,HYDRA
42,0.05,top,local_mean,0,0,0,0.3547010741018526,0.17841273249639616,0.17628834160545642,0.4970039773571645,0.0,ToeSegmentation1,HYDRA
42,0.05,bottom,local_mean,0,0,0,0.3547010741018526,0.30675398728140346,0.047947086820449125,0.1351756595781313,0.0,ToeSegmentation1,HYDRA
42,0.05,random,local_mean,0,0,0,0.3547010741018526,,0.1667777388721237,0.4582126290501557,0.2,ToeSegmentation1,HYDRA
42,0.1,top,local_mean,0,0,0,0.3547010741018526,0.04281429964354965,0.31188677445830293,0.8792922207969519,0.0,ToeSegmentation1,HYDRA
42,0.1,bottom,local_mean,0,0,0,0.3547010741018526,0.2471590291413838,0.10754204496046879,0.30318978323647505,0.0,ToeSegmentation1,HYDRA
42,0.1,random,local_mean,0,0,0,0.3547010741018526,,0.10196254618225668,0.2746102281202188,0.2,ToeSegmentation1,HYDRA
42,0.2,top,local_mean,0,0,0,0.3547010741018526,0.11606686675031917,0.2386342073515334,0.6727736451944447,0.0,ToeSegmentation1,HYDRA
42,0.2,bottom,local_mean,0,0,0,0.3547010741018526,0.26892803199550386,0.08577304210634873,0.2418171428050884,0.0,ToeSegmentation1,HYDRA
42,0.2,random,local_mean,0,0,0,0.3547010741018526,,0.2586397330754743,0.7291745720133737,0.0,ToeSegmentation1,HYDRA
43,0.05,top,local_mean,0,0,1,0.07690003815521297,-0.03185703089119525,0.10875706904640822,1.0,1.0,ToeSegmentation1,HYDRA
43,0.05,bottom,local_mean,0,0,0,0.07690003815521297,0.06616066942085551,0.010739368734357463,0.13965180434471758,0.0,ToeSegmentation1,HYDRA
43,0.05,random,local_mean,0,0,0,0.07690003815521297,,0.04970951804859562,0.6374914943118832,0.2,ToeSegmentation1,HYDRA
43,0.1,top,local_mean,0,0,1,0.07690003815521297,-0.07508211575676468,0.15198215391197767,1.0,1.0,ToeSegmentation1,HYDRA
43,0.1,bottom,local_mean,0,0,0,0.07690003815521297,0.03613106125033723,0.04076897690487574,0.5301485894454351,0.0,ToeSegmentation1,HYDRA
43,0.1,random,local_mean,0,0,0,0.07690003815521297,,0.08433261009801653,0.32579946598896126,0.4,ToeSegmentation1,HYDRA
43,0.2,top,local_mean,0,0,1,0.07690003815521297,-0.12046287372867982,0.1973629118838928,1.0,1.0,ToeSegmentation1,HYDRA
43,0.2,bottom,local_mean,0,0,1,0.07690003815521297,-0.21163444113345894,0.28853447928867193,1.0,1.0,ToeSegmentation1,HYDRA
43,0.2,random,local_mean,0,0,1,0.07690003815521297,,0.17260845431462263,0.6683725232371257,0.6,ToeSegmentation1,HYDRA
44,0.05,top,local_mean,0,0,0,0.4548905782142315,0.42006152797693985,0.03482905023729166,0.07656560794996493,0.0,ToeSegmentation1,HYDRA
44,0.05,bottom,local_mean,0,0,0,0.4548905782142315,0.5346880240346319,-0.07979744582040038,-0.17542080276285027,0.0,ToeSegmentation1,HYDRA
44,0.05,random,local_mean,0,0,0,0.4548905782142315,,0.08536281867332456,0.1876553068061482,0.0,ToeSegmentation1,HYDRA
44,0.1,top,local_mean,0,0,0,0.4548905782142315,0.32273438945728605,0.13215618875694546,0.2905223905787643,0.0,ToeSegmentation1,HYDRA
44,0.1,bottom,local_mean,0,0,0,0.4548905782142315,0.5145387775884527,-0.05964819937422117,-0.1311261896920189,0.0,ToeSegmentation1,HYDRA
44,0.1,random,local_mean,0,0,0,0.4548905782142315,,0.134890868416258,0.29653410807427844,0.0,ToeSegmentation1,HYDRA
44,0.2,top,local_mean,0,0,0,0.4548905782142315,0.14965016299217923,0.30524041522205225,0.6710179520586751,0.0,ToeSegmentation1,HYDRA
44,0.2,bottom,local_mean,0,0,0,0.4548905782142315,0.3623621369922575,0.09252844122197401,0.20340768141985183,0.0,ToeSegmentation1,HYDRA
44,0.2,random,local_mean,0,0,0,0.4548905782142315,,0.3437059931184767,0.7434322685252372,0.2,ToeSegmentation1,HYDRA
45,0.05,top,local_mean,0,0,0,0.45967247434434894,0.39832591111176896,0.061346563232579976,0.133456826761825,0.0,ToeSegmentation1,HYDRA
45,0.05,bottom,local_mean,0,0,0,0.45967247434434894,0.37623112173833345,0.08344135260601548,0.18152309685702728,0.0,ToeSegmentation1,HYDRA
45,0.05,random,local_mean,0,0,0,0.45967247434434894,,0.07723574477111707,0.16802306219927435,0.0,ToeSegmentation1,HYDRA
45,0.1,top,local_mean,0,0,0,0.45967247434434894,0.33211443133391116,0.12755804301043777,0.27749707157320536,0.0,ToeSegmentation1,HYDRA
45,0.1,bottom,local_mean,0,0,0,0.45967247434434894,0.1591198657827462,0.3005526085616027,0.6538393562741317,0.0,ToeSegmentation1,HYDRA
45,0.1,random,local_mean,0,0,0,0.45967247434434894,,0.2175144114508099,0.47319330696873385,0.0,ToeSegmentation1,HYDRA
45,0.2,top,local_mean,0,0,0,0.45967247434434894,0.24160906386359973,0.2180634104807492,0.474387630897741,0.0,ToeSegmentation1,HYDRA
45,0.2,bottom,local_mean,0,0,0,0.45967247434434894,0.29899180916715873,0.1606806651771902,0.3495539206528626,0.0,ToeSegmentation1,HYDRA
45,0.2,random,local_mean,0,0,0,0.45967247434434894,,0.1874674600357233,0.4078274481752853,0.0,ToeSegmentation1,HYDRA
46,0.05,top,local_mean,0,0,0,0.47231639679415555,0.15897778769990037,0.31333860909425515,0.6634068768608449,0.0,ToeSegmentation1,HYDRA
46,0.05,bottom,local_mean,0,0,0,0.47231639679415555,0.5653650529413954,-0.09304865614723984,-0.19700450751720275,0.0,ToeSegmentation1,HYDRA
46,0.05,random,local_mean,0,0,0,0.47231639679415555,,0.20097879209188885,0.42551638676878767,0.0,ToeSegmentation1,HYDRA
46,0.1,top,local_mean,0,0,0,0.47231639679415555,0.21377783833856737,0.25853855845558815,0.5473830949493143,0.0,ToeSegmentation1,HYDRA
46,0.1,bottom,local_mean,0,0,0,0.47231639679415555,0.6226629308437149,-0.1503465340495594,-0.3183167401201678,0.0,ToeSegmentation1,HYDRA
46,0.1,random,local_mean,0,0,0,0.47231639679415555,,0.11306564750068615,0.23938488878054645,0.0,ToeSegmentation1,HYDRA
46,0.2,top,local_mean,0,0,1,0.47231639679415555,-0.09270912308037914,0.5650255198745346,1.0,1.0,ToeSegmentation1,HYDRA
46,0.2,bottom,local_mean,0,0,0,0.47231639679415555,0.5440868318558816,-0.07177043506172603,-0.15195382501018673,0.0,ToeSegmentation1,HYDRA
46,0.2,random,local_mean,0,0,0,0.47231639679415555,,0.27942852766316323,0.5916117626828452,0.0,ToeSegmentation1,HYDRA
47,0.05,top,local_mean,0,0,0,0.8942544999319542,0.48741732765756574,0.4068371722743884,0.45494511613889493,0.0,ToeSegmentation1,HYDRA
47,0.05,bottom,local_mean,0,0,0,0.8942544999319542,0.9542650844521807,-0.06001058452022656,-0.06710675475274448,0.0,ToeSegmentation1,HYDRA
47,0.05,random,local_mean,0,0,0,0.8942544999319542,,0.19734536514603623,0.22068118693265254,0.0,ToeSegmentation1,HYDRA
47,0.1,top,local_mean,0,0,0,0.8942544999319542,0.3706380679236535,0.5236164320083007,0.5855333649590567,0.0,ToeSegmentation1,HYDRA
47,0.1,bottom,local_mean,0,0,0,0.8942544999319542,0.8599575347292936,0.03429696520266057,0.038352534823962836,0.0,ToeSegmentation1,HYDRA
47,0.1,random,local_mean,0,0,0,0.8942544999319542,,0.29808613541174694,0.3333344166565696,0.0,ToeSegmentation1,HYDRA
47,0.2,top,local_mean,0,0,0,0.8942544999319542,0.5895240199638266,0.3047304799681275,0.34076444594561073,0.0,ToeSegmentation1,HYDRA
47,0.2,bottom,local_mean,0,0,0,0.8942544999319542,0.8271610620305196,0.06709343790143452,0.0750271459404385,0.0,ToeSegmentation1,HYDRA
47,0.2,random,local_mean,0,0,0,0.8942544999319542,,0.4577523057943866,0.5118808951459821,0.0,ToeSegmentation1,HYDRA
48,0.05,top,local_mean,0,0,1,0.39798317280154305,-0.18319180576870417,0.5811749785702472,1.0,1.0,ToeSegmentation1,HYDRA
48,0.05,bottom,local_mean,0,0,0,0.39798317280154305,0.5370149111468461,-0.13903173834530302,-0.3493398678812083,0.0,ToeSegmentation1,HYDRA
48,0.05,random,local_mean,0,0,0,0.39798317280154305,,0.0703166534583839,0.17668203477389963,0.0,ToeSegmentation1,HYDRA
48,0.1,top,local_mean,0,0,1,0.39798317280154305,-0.07698743632846765,0.4749706091300107,1.0,1.0,ToeSegmentation1,HYDRA
48,0.1,bottom,local_mean,0,0,0,0.39798317280154305,0.5052781982471597,-0.10729502544561664,-0.26959621205620127,0.0,ToeSegmentation1,HYDRA
48,0.1,random,local_mean,0,0,0,0.39798317280154305,,0.17895140993324077,0.449644539061798,0.0,ToeSegmentation1,HYDRA
48,0.2,top,local_mean,0,0,1,0.39798317280154305,-0.1206959086315776,0.5186790814331207,1.0,1.0,ToeSegmentation1,HYDRA
48,0.2,bottom,local_mean,0,0,0,0.39798317280154305,0.5350037515553063,-0.13702057875376328,-0.34428650212200607,0.0,ToeSegmentation1,HYDRA
48,0.2,random,local_mean,0,0,0,0.39798317280154305,,0.1636062108598589,0.4110872291935138,0.0,ToeSegmentation1,HYDRA
49,0.05,top,local_mean,0,0,0,0.8685548046351474,0.637692663455399,0.23086214117974846,0.26580000956498845,0.0,ToeSegmentation1,HYDRA
49,0.05,bottom,local_mean,0,0,0,0.8685548046351474,0.909804806724668,-0.041250002089520565,-0.04749263302298506,0.0,ToeSegmentation1,HYDRA
49,0.05,random,local_mean,0,0,0,0.8685548046351474,,0.1436272680903587,0.16536331612070904,0.0,ToeSegmentation1,HYDRA
49,0.1,top,local_mean,0,0,0,0.8685548046351474,0.5720782436247369,0.29647656101041053,0.34134428603001604,0.0,ToeSegmentation1,HYDRA
49,0.1,bottom,local_mean,0,0,0,0.8685548046351474,0.8154998051749512,0.053054999460196206,0.061084157376028264,0.0,ToeSegmentation1,HYDRA
49,0.1,random,local_mean,0,0,0,0.8685548046351474,,0.21599147477214942,0.2486788685533919,0.0,ToeSegmentation1,HYDRA
49,0.2,top,local_mean,0,0,0,0.8685548046351474,0.6982046004764666,0.17035020415868085,0.19613040779831012,0.0,ToeSegmentation1,HYDRA
49,0.2,bottom,local_mean,0,0,0,0.8685548046351474,0.8298751202953937,0.03867968433975377,0.044533332381563984,0.0,ToeSegmentation1,HYDRA
49,0.2,random,local_mean,0,0,0,0.8685548046351474,,0.2793768220768101,0.32165673245850596,0.0,ToeSegmentation1,HYDRA
50,0.05,top,local_mean,0,0,0,0.25744525696437337,0.22051756287509905,0.03692769408927432,0.14343845789292076,0.0,ToeSegmentation1,HYDRA
50,0.05,bottom,local_mean,0,0,0,0.25744525696437337,0.22951646658033378,0.027928790384039587,0.1084839636565565,0.0,ToeSegmentation1,HYDRA
50,0.05,random,local_mean,0,0,0,0.25744525696437337,,0.05342150450369333,0.20750546204711787,0.0,ToeSegmentation1,HYDRA
50,0.1,top,local_mean,0,0,0,0.25744525696437337,0.15419055357008948,0.10325470339428389,0.4010728476373722,0.0,ToeSegmentation1,HYDRA
50,0.1,bottom,local_mean,0,0,0,0.25744525696437337,0.006500577104247099,0.25094467986012625,0.974745886069935,0.0,ToeSegmentation1,HYDRA
50,0.1,random,local_mean,0,0,0,0.25744525696437337,,0.1570923646928571,0.600008369187224,0.2,ToeSegmentation1,HYDRA
50,0.2,top,local_mean,0,0,0,0.25744525696437337,0.10634383067351222,0.15110142629086115,0.5869241529185305,0.0,ToeSegmentation1,HYDRA
50,0.2,bottom,local_mean,0,0,0,0.25744525696437337,0.07201821172472385,0.18542704523964954,0.7202553551412084,0.0,ToeSegmentation1,HYDRA
50,0.2,random,local_mean,0,0,0,0.25744525696437337,,0.09921522565253628,0.38538228064533925,0.0,ToeSegmentation1,HYDRA
51,0.05,top,local_mean,0,0,0,0.7553907366887247,0.7334219135077147,0.02196882318101001,0.02908268930410968,0.0,ToeSegmentation1,HYDRA
51,0.05,bottom,local_mean,0,0,0,0.7553907366887247,0.4992570398456867,0.256133696843038,0.3390739988311301,0.0,ToeSegmentation1,HYDRA
51,0.05,random,local_mean,0,0,0,0.7553907366887247,,0.1791684053787934,0.23718608064761443,0.0,ToeSegmentation1,HYDRA
51,0.1,top,local_mean,0,0,0,0.7553907366887247,0.6073078465417165,0.14808289014700815,0.19603456452427262,0.0,ToeSegmentation1,HYDRA
51,0.1,bottom,local_mean,0,0,0,0.7553907366887247,0.3018928468423242,0.4534978898464005,0.6003479622828783,0.0,ToeSegmentation1,HYDRA
51,0.1,random,local_mean,0,0,0,0.7553907366887247,,0.21958287579121674,0.2906874210111998,0.0,ToeSegmentation1,HYDRA
51,0.2,top,local_mean,0,0,0,0.7553907366887247,0.40861970366970624,0.34677103301901846,0.45906119457845335,0.0,ToeSegmentation1,HYDRA
51,0.2,bottom,local_mean,0,0,0,0.7553907366887247,0.2790445823612828,0.4763461543274419,0.6305948704383703,0.0,ToeSegmentation1,HYDRA
51,0.2,random,local_mean,0,0,0,0.7553907366887247,,0.3450116423243205,0.4567320842516575,0.0,ToeSegmentation1,HYDRA
52,0.05,top,local_mean,0,0,0,0.7674979572205933,0.5076434346007214,0.25985452261987196,0.3385731279178598,0.0,ToeSegmentation1,HYDRA
52,0.05,bottom,local_mean,0,0,0,0.7674979572205933,0.5934161512764727,0.1740818059441206,0.22681699343871065,0.0,ToeSegmentation1,HYDRA
52,0.05,random,local_mean,0,0,0,0.7674979572205933,,0.22021486339449373,0.28692529328245053,0.0,ToeSegmentation1,HYDRA
52,0.1,top,local_mean,0,0,0,0.7674979572205933,0.24495401970701844,0.5225439375135749,0.680839931569296,0.0,ToeSegmentation1,HYDRA
52,0.1,bottom,local_mean,0,0,0,0.7674979572205933,0.5578656081192936,0.2096323491012997,0.2731369823099935,0.0,ToeSegmentation1,HYDRA
52,0.1,random,local_mean,0,0,0,0.7674979572205933,,0.24780310428988103,0.3228709328638968,0.0,ToeSegmentation1,HYDRA
52,0.2,top,local_mean,0,0,0,0.7674979572205933,0.14849955261094425,0.6189984046096491,0.8065136750820855,0.0,ToeSegmentation1,HYDRA
52,0.2,bottom,local_mean,0,0,0,0.7674979572205933,0.662180300026773,0.10531765719382036,0.13722188962342802,0.0,ToeSegmentation1,HYDRA
52,0.2,random,local_mean,0,0,0,0.7674979572205933,,0.24004780735009126,0.3127662977151082,0.0,ToeSegmentation1,HYDRA
53,0.05,top,local_mean,0,0,1,0.27310368946709196,-0.019383287164740578,0.29248697663183254,1.0,1.0,ToeSegmentation1,HYDRA
53,0.05,bottom,local_mean,0,0,0,0.27310368946709196,0.27129567919044795,0.001808010276644012,0.006620209562025373,0.0,ToeSegmentation1,HYDRA
53,0.05,random,local_mean,0,0,0,0.27310368946709196,,0.2283195286250992,0.6457463442825471,0.4,ToeSegmentation1,HYDRA
53,0.1,top,local_mean,0,0,1,0.27310368946709196,-0.25723213665816946,0.5303358261252614,1.0,1.0,ToeSegmentation1,HYDRA
53,0.1,bottom,local_mean,0,0,0,0.27310368946709196,0.4187622055318187,-0.14565851606472674,-0.5333431525798755,0.0,ToeSegmentation1,HYDRA
53,0.1,random,local_mean,0,0,0,0.27310368946709196,,0.15771177543776843,0.24285698210318,0.4,ToeSegmentation1,HYDRA
53,0.2,top,local_mean,0,0,1,0.27310368946709196,-0.268363806658252,0.541467496125344,1.0,1.0,ToeSegmentation1,HYDRA
53,0.2,bottom,local_mean,0,0,0,0.27310368946709196,0.4784309594588004,-0.20532726999170842,-0.7518262333479615,0.0,ToeSegmentation1,HYDRA
53,0.2,random,local_mean,0,0,1,0.27310368946709196,,0.42826522230035097,0.8783021883590972,0.8,ToeSegmentation1,HYDRA
0,0.05,top,linear_interpolation,0,0,0,0.5417469801607833,0.3521313443210502,0.18961563583973307,0.3500070933046354,0.0,ToeSegmentation1,HYDRA
0,0.05,bottom,linear_interpolation,0,0,0,0.5417469801607833,0.6318384623788305,-0.09009148221804719,-0.16629777224330267,0.0,ToeSegmentation1,HYDRA
0,0.05,random,linear_interpolation,0,0,0,0.5417469801607833,,0.15883143611171038,0.293183254812637,0.0,ToeSegmentation1,HYDRA
0,0.1,top,linear_interpolation,0,0,0,0.5417469801607833,0.1766543743293109,0.3650926058314724,0.673915952068927,0.0,ToeSegmentation1,HYDRA
0,0.1,bottom,linear_interpolation,0,0,0,0.5417469801607833,0.7982259707713266,-0.25647899061054336,-0.47342860518727536,0.0,ToeSegmentation1,HYDRA
0,0.1,random,linear_interpolation,0,0,0,0.5417469801607833,,0.22805903024742472,0.4209688611662935,0.0,ToeSegmentation1,HYDRA
0,0.2,top,linear_interpolation,0,0,0,0.5417469801607833,0.2143697261055582,0.32737725405522505,0.6042980611723998,0.0,ToeSegmentation1,HYDRA
0,0.2,bottom,linear_interpolation,0,0,0,0.5417469801607833,0.4928758193753323,0.04887116078545095,0.09021013935473589,0.0,ToeSegmentation1,HYDRA
0,0.2,random,linear_interpolation,0,0,0,0.5417469801607833,,0.37286426644929915,0.6570824570166196,0.2,ToeSegmentation1,HYDRA
1,0.05,top,linear_interpolation,0,0,0,0.7725811253810502,0.6226269057929346,0.1499542195881156,0.19409486016021368,0.0,ToeSegmentation1,HYDRA
1,0.05,bottom,linear_interpolation,0,0,0,0.7725811253810502,0.7250074619746767,0.04757366340637348,0.061577483924973496,0.0,ToeSegmentation1,HYDRA
1,0.05,random,linear_interpolation,0,0,0,0.7725811253810502,,0.037840159696381256,0.0489788185012925,0.0,ToeSegmentation1,HYDRA
1,0.1,top,linear_interpolation,0,0,0,0.7725811253810502,0.1651319560234755,0.6074491693575746,0.7862583787554892,0.0,ToeSegmentation1,HYDRA
1,0.1,bottom,linear_interpolation,0,0,0,0.7725811253810502,0.44387176014695806,0.3287093652340921,0.42546850934710306,0.0,ToeSegmentation1,HYDRA
1,0.1,random,linear_interpolation,0,0,0,0.7725811253810502,,0.11485758291402648,0.14866715024940141,0.0,ToeSegmentation1,HYDRA
1,0.2,top,linear_interpolation,0,0,0,0.7725811253810502,0.09517569883346803,0.6774054265475822,0.8768070141584944,0.0,ToeSegmentation1,HYDRA
1,0.2,bottom,linear_interpolation,0,0,0,0.7725811253810502,0.16851097500348475,0.6040701503775654,0.7818847091234838,0.0,ToeSegmentation1,HYDRA
1,0.2,random,linear_interpolation,0,0,0,0.7725811253810502,,0.26451581593198525,0.34237889700272545,0.0,ToeSegmentation1,HYDRA
2,0.05,top,linear_interpolation,0,0,0,0.8441276126326935,0.7022125962545553,0.1419150163781382,0.16812013507696344,0.0,ToeSegmentation1,HYDRA
2,0.05,bottom,linear_interpolation,0,0,0,0.8441276126326935,0.8491228602103298,-0.004995247577636253,-0.005917638026813147,0.0,ToeSegmentation1,HYDRA
2,0.05,random,linear_interpolation,0,0,0,0.8441276126326935,,0.1370194574286439,0.16232059354237918,0.0,ToeSegmentation1,HYDRA
2,0.1,top,linear_interpolation,0,0,0,0.8441276126326935,0.42879979911641036,0.4153278135162832,0.4920195895515807,0.0,ToeSegmentation1,HYDRA
2,0.1,bottom,linear_interpolation,0,0,0,0.8441276126326935,0.8008159024731885,0.04331171015950508,0.05130937337193585,0.0,ToeSegmentation1,HYDRA
2,0.1,random,linear_interpolation,0,0,0,0.8441276126326935,,0.1752525394944833,0.20761355185899982,0.0,ToeSegmentation1,HYDRA
2,0.2,top,linear_interpolation,0,0,0,0.8441276126326935,0.5531168986978816,0.2910107139348119,0.3447468899640767,0.0,ToeSegmentation1,HYDRA
2,0.2,bottom,linear_interpolation,0,0,0,0.8441276126326935,0.5594970449897658,0.2846305676429277,0.3371886266894963,0.0,ToeSegmentation1,HYDRA
2,0.2,random,linear_interpolation,0,0,0,0.8441276126326935,,0.32663422290025373,0.38694840811228653,0.0,ToeSegmentation1,HYDRA
3,0.05,top,linear_interpolation,0,0,0,0.6460222049857723,0.3916208296103075,0.25440137537546487,0.3937960330404349,0.0,ToeSegmentation1,HYDRA
3,0.05,bottom,linear_interpolation,0,0,0,0.6460222049857723,0.6472549565581156,-0.0012327515723432603,-0.0019082156226422388,0.0,ToeSegmentation1,HYDRA
3,0.05,random,linear_interpolation,0,0,0,0.6460222049857723,,0.032642099989198606,0.05052775153783755,0.0,ToeSegmentation1,HYDRA
3,0.1,top,linear_interpolation,0,0,0,0.6460222049857723,0.13812568871009542,0.5078965162756769,0.7861892767255357,0.0,ToeSegmentation1,HYDRA
3,0.1,bottom,linear_interpolation,0,0,0,0.6460222049857723,0.6418602119998971,0.0041619929858752736,0.006442482179826551,0.0,ToeSegmentation1,HYDRA
3,0.1,random,linear_interpolation,0,0,0,0.6460222049857723,,0.2626321744061134,0.4024071402077577,0.2,ToeSegmentation1,HYDRA
3,0.2,top,linear_interpolation,0,0,0,0.6460222049857723,0.11561912279224572,0.5304030821935266,0.8210279106076506,0.0,ToeSegmentation1,HYDRA
3,0.2,bottom,linear_interpolation,0,0,0,0.6460222049857723,0.3805905917601547,0.26543161322561765,0.4108700913173287,0.0,ToeSegmentation1,HYDRA
3,0.2,random,linear_interpolation,0,0,0,0.6460222049857723,,0.23027016058278535,0.35644255315543455,0.0,ToeSegmentation1,HYDRA
4,0.05,top,linear_interpolation,0,0,0,1.3123886789611012,1.2651324831176398,0.04725619584346141,0.036007747242320455,0.0,ToeSegmentation1,HYDRA
4,0.05,bottom,linear_interpolation,0,0,0,1.3123886789611012,1.2957152940037424,0.016673384957358817,0.012704599270056445,0.0,ToeSegmentation1,HYDRA
4,0.05,random,linear_interpolation,0,0,0,1.3123886789611012,,0.07493533691172996,0.05709838938313612,0.0,ToeSegmentation1,HYDRA
4,0.1,top,linear_interpolation,0,0,0,1.3123886789611012,1.0524590377374834,0.25992964122361784,0.1980582790237884,0.0,ToeSegmentation1,HYDRA
4,0.1,bottom,linear_interpolation,0,0,0,1.3123886789611012,1.1479822465185492,0.16440643244255204,0.1252725734422855,0.0,ToeSegmentation1,HYDRA
4,0.1,random,linear_interpolation,0,0,0,1.3123886789611012,,0.42117627410157005,0.3209231837566543,0.0,ToeSegmentation1,HYDRA
4,0.2,top,linear_interpolation,0,0,0,1.3123886789611012,0.8413182546687155,0.47107042429238577,0.3589409699299747,0.0,ToeSegmentation1,HYDRA
4,0.2,bottom,linear_interpolation,0,0,0,1.3123886789611012,0.6548025827145484,0.6575860962465528,0.5010600942603447,0.0,ToeSegmentation1,HYDRA
4,0.2,random,linear_interpolation,0,0,0,1.3123886789611012,,0.37961411107249016,0.289254111913617,0.0,ToeSegmentation1,HYDRA
5,0.05,top,linear_interpolation,0,0,0,0.991155482071046,0.8727877593235847,0.11836772274746132,0.11942384970345857,0.0,ToeSegmentation1,HYDRA
5,0.05,bottom,linear_interpolation,0,0,0,0.991155482071046,0.9796938900426901,0.011461592028355838,0.011563857206892859,0.0,ToeSegmentation1,HYDRA
5,0.05,random,linear_interpolation,0,0,0,0.991155482071046,,0.07531192928588049,0.07598389421669759,0.0,ToeSegmentation1,HYDRA
5,0.1,top,linear_interpolation,0,0,0,0.991155482071046,0.5458379883654292,0.4453174937056168,0.44929080499490337,0.0,ToeSegmentation1,HYDRA
5,0.1,bottom,linear_interpolation,0,0,0,0.991155482071046,0.9440241734234056,0.04713130864764037,0.047551834145460395,0.0,ToeSegmentation1,HYDRA
5,0.1,random,linear_interpolation,0,0,0,0.991155482071046,,0.14967827142169404,0.15101376435427996,0.0,ToeSegmentation1,HYDRA
5,0.2,top,linear_interpolation,0,0,0,0.991155482071046,0.446143792754222,0.545011689316824,0.5498745144439843,0.0,ToeSegmentation1,HYDRA
5,0.2,bottom,linear_interpolation,0,0,0,0.991155482071046,1.1017551127017746,-0.11059963063072864,-0.11158644737875091,0.0,ToeSegmentation1,HYDRA
5,0.2,random,linear_interpolation,0,0,0,0.991155482071046,,0.6920019444717704,0.698176278911898,0.0,ToeSegmentation1,HYDRA
6,0.05,top,linear_interpolation,0,0,0,0.4156066206186885,0.10427118376679419,0.31133543685189435,0.7491090668367177,0.0,ToeSegmentation1,HYDRA
6,0.05,bottom,linear_interpolation,0,0,0,0.4156066206186885,0.20716364438525506,0.20844297623343347,0.5015379071325442,0.0,ToeSegmentation1,HYDRA
6,0.05,random,linear_interpolation,0,0,0,0.4156066206186885,,0.12481845940097017,0.3003276485045219,0.0,ToeSegmentation1,HYDRA
6,0.1,top,linear_interpolation,0,0,1,0.4156066206186885,-0.25032490543618635,0.6659315260548748,1.0,1.0,ToeSegmentation1,HYDRA
6,0.1,bottom,linear_interpolation,0,0,0,0.4156066206186885,0.16601061938121958,0.24959600123746895,0.6005568446168319,0.0,ToeSegmentation1,HYDRA
6,0.1,random,linear_interpolation,0,0,0,0.4156066206186885,,0.09166007785030299,0.22054474774513153,0.0,ToeSegmentation1,HYDRA
6,0.2,top,linear_interpolation,0,0,0,0.4156066206186885,0.003805211592783299,0.41180140902590523,0.9908418147214981,0.0,ToeSegmentation1,HYDRA
6,0.2,bottom,linear_interpolation,0,0,0,0.4156066206186885,0.08897794057308002,0.3266286800456085,0.7859063786159101,0.0,ToeSegmentation1,HYDRA
6,0.2,random,linear_interpolation,0,0,0,0.4156066206186885,,0.3221558548311473,0.7122805004395033,0.2,ToeSegmentation1,HYDRA
7,0.05,top,linear_interpolation,0,0,0,1.0641748491358298,0.9761518243926246,0.08802302474320522,0.08271473630479853,0.0,ToeSegmentation1,HYDRA
7,0.05,bottom,linear_interpolation,0,0,0,1.0641748491358298,0.9971641307216769,0.06701071841415296,0.06296959141533742,0.0,ToeSegmentation1,HYDRA
7,0.05,random,linear_interpolation,0,0,0,1.0641748491358298,,0.06981735989886409,0.06560697647438594,0.0,ToeSegmentation1,HYDRA
7,0.1,top,linear_interpolation,0,0,0,1.0641748491358298,0.9131918542971866,0.1509829948386432,0.14187786253676948,0.0,ToeSegmentation1,HYDRA
7,0.1,bottom,linear_interpolation,0,0,0,1.0641748491358298,0.9608462742225731,0.10332857491325675,0.09709727485092368,0.0,ToeSegmentation1,HYDRA
7,0.1,random,linear_interpolation,0,0,0,1.0641748491358298,,0.1364252107778968,0.12819799555560454,0.0,ToeSegmentation1,HYDRA
7,0.2,top,linear_interpolation,0,0,0,1.0641748491358298,1.019834135462559,0.04434071367327075,0.04166671674543064,0.0,ToeSegmentation1,HYDRA
7,0.2,bottom,linear_interpolation,0,0,0,1.0641748491358298,1.1426274768872144,-0.07845262775138462,-0.07372148861966049,0.0,ToeSegmentation1,HYDRA
7,0.2,random,linear_interpolation,0,0,0,1.0641748491358298,,0.33372135871395403,0.3135960649595219,0.0,ToeSegmentation1,HYDRA
8,0.05,top,linear_interpolation,0,0,0,0.2693536192204574,0.11108767752543375,0.15826594169502367,0.5875746335929309,0.0,ToeSegmentation1,HYDRA
8,0.05,bottom,linear_interpolation,0,0,0,0.2693536192204574,0.2965505989204352,-0.027196979699977808,-0.10097090511641839,0.0,ToeSegmentation1,HYDRA
8,0.05,random,linear_interpolation,0,0,0,0.2693536192204574,,0.010447096780545834,0.03878566037137551,0.0,ToeSegmentation1,HYDRA
8,0.1,top,linear_interpolation,0,0,0,0.2693536192204574,0.021563832605871067,0.24778978661458634,0.9199388795771087,0.0,ToeSegmentation1,HYDRA
8,0.1,bottom,linear_interpolation,0,0,0,0.2693536192204574,0.04860006150787783,0.2207535577125796,0.8195647743167177,0.0,ToeSegmentation1,HYDRA
8,0.1,random,linear_interpolation,0,0,0,0.2693536192204574,,0.14601569973483935,0.4394963343332442,0.2,ToeSegmentation1,HYDRA
8,0.2,top,linear_interpolation,0,0,1,0.2693536192204574,-0.061649053249526624,0.33100267246998405,1.0,1.0,ToeSegmentation1,HYDRA
8,0.2,bottom,linear_interpolation,0,0,0,0.2693536192204574,0.1613531999902277,0.10800041923022971,0.40095996698625436,0.0,ToeSegmentation1,HYDRA
8,0.2,random,linear_interpolation,0,0,0,0.2693536192204574,,0.2507195747579499,0.7241500722643109,0.2,ToeSegmentation1,HYDRA
9,0.05,top,linear_interpolation,0,0,0,0.4879348232066375,0.3746695698987522,0.11326525330788528,0.23213145647623054,0.0,ToeSegmentation1,HYDRA
9,0.05,bottom,linear_interpolation,0,0,0,0.4879348232066375,0.4638892902725701,0.024045532934067415,0.04928011388064101,0.0,ToeSegmentation1,HYDRA
9,0.05,random,linear_interpolation,0,0,0,0.4879348232066375,,0.01155691477771672,0.02368531726522249,0.0,ToeSegmentation1,HYDRA
9,0.1,top,linear_interpolation,0,0,0,0.4879348232066375,0.44365381706402823,0.04428100614260927,0.09075170142581757,0.0,ToeSegmentation1,HYDRA
9,0.1,bottom,linear_interpolation,0,0,0,0.4879348232066375,0.21277361789792051,0.275161205308717,0.5639290911259617,0.0,ToeSegmentation1,HYDRA
9,0.1,random,linear_interpolation,0,0,0,0.4879348232066375,,0.03677159431818468,0.07536153848374474,0.0,ToeSegmentation1,HYDRA
9,0.2,top,linear_interpolation,0,0,0,0.4879348232066375,0.39328310327154814,0.09465171993508936,0.19398395328519466,0.0,ToeSegmentation1,HYDRA
9,0.2,bottom,linear_interpolation,0,0,0,0.4879348232066375,0.47376913336163917,0.01416568984499833,0.029031870937254914,0.0,ToeSegmentation1,HYDRA
9,0.2,random,linear_interpolation,0,0,0,0.4879348232066375,,0.36233078362030235,0.6913639587672554,0.2,ToeSegmentation1,HYDRA
10,0.05,top,linear_interpolation,0,0,0,0.9037764606287502,0.7192349869914205,0.18454147363732964,0.20418906387524394,0.0,ToeSegmentation1,HYDRA
10,0.05,bottom,linear_interpolation,0,0,0,0.9037764606287502,0.852340034554579,0.051436426074171204,0.05691271171820032,0.0,ToeSegmentation1,HYDRA
10,0.05,random,linear_interpolation,0,0,0,0.9037764606287502,,0.043638712451953054,0.04828479836351968,0.0,ToeSegmentation1,HYDRA
10,0.1,top,linear_interpolation,0,0,0,0.9037764606287502,0.5932666373043527,0.31050982332439747,0.3435688948343306,0.0,ToeSegmentation1,HYDRA
10,0.1,bottom,linear_interpolation,0,0,0,0.9037764606287502,0.935562616421966,-0.031786155793215864,-0.035170334709500845,0.0,ToeSegmentation1,HYDRA
10,0.1,random,linear_interpolation,0,0,0,0.9037764606287502,,0.13276747472910866,0.14690283893199046,0.0,ToeSegmentation1,HYDRA
10,0.2,top,linear_interpolation,0,0,0,0.9037764606287502,0.7666744171936763,0.13710204343507382,0.15169889647357782,0.0,ToeSegmentation1,HYDRA
10,0.2,bottom,linear_interpolation,0,0,0,0.9037764606287502,1.0125910825848918,-0.10881462195614167,-0.12039979607417989,0.0,ToeSegmentation1,HYDRA
10,0.2,random,linear_interpolation,0,0,0,0.9037764606287502,,0.42993695907198637,0.4757110879628298,0.0,ToeSegmentation1,HYDRA
11,0.05,top,linear_interpolation,0,0,0,0.4039377834408158,0.24429161905952754,0.15964616438128829,0.39522365993529135,0.0,ToeSegmentation1,HYDRA
11,0.05,bottom,linear_interpolation,0,0,0,0.4039377834408158,0.40662320292365517,-0.0026854194828393463,-0.006648085286499379,0.0,ToeSegmentation1,HYDRA
11,0.05,random,linear_interpolation,0,0,0,0.4039377834408158,,0.02661528824317889,0.06588941031228931,0.0,ToeSegmentation1,HYDRA
11,0.1,top,linear_interpolation,0,0,0,0.4039377834408158,0.13900100910089258,0.26493677433992324,0.6558834783903368,0.0,ToeSegmentation1,HYDRA
11,0.1,bottom,linear_interpolation,0,0,0,0.4039377834408158,0.3993520691332183,0.0045857143075975215,0.011352498189294097,0.0,ToeSegmentation1,HYDRA
11,0.1,random,linear_interpolation,0,0,0,0.4039377834408158,,0.035951402518165365,0.089002106239776,0.0,ToeSegmentation1,HYDRA
11,0.2,top,linear_interpolation,0,0,1,0.4039377834408158,-0.09049421602953064,0.49443199947034644,1.0,1.0,ToeSegmentation1,HYDRA
11,0.2,bottom,linear_interpolation,0,0,0,0.4039377834408158,0.019365929016567,0.3845718544242488,0.9520547919375397,0.0,ToeSegmentation1,HYDRA
11,0.2,random,linear_interpolation,0,0,1,0.4039377834408158,,0.43411815876361165,0.9091767090778996,0.6,ToeSegmentation1,HYDRA
14,0.05,top,linear_interpolation,0,0,0,1.244444060641432,1.2070695238030218,0.03737453683841019,0.030033095088300647,0.0,ToeSegmentation1,HYDRA
14,0.05,bottom,linear_interpolation,0,0,0,1.244444060641432,1.2675010207319,-0.02305696009046798,-0.018527905184165857,0.0,ToeSegmentation1,HYDRA
14,0.05,random,linear_interpolation,0,0,0,1.244444060641432,,0.11821174599529108,0.09499153456751275,0.0,ToeSegmentation1,HYDRA
14,0.1,top,linear_interpolation,0,0,0,1.244444060641432,0.8001040303327037,0.44434003030872826,0.35705877612604237,0.0,ToeSegmentation1,HYDRA
14,0.1,bottom,linear_interpolation,0,0,0,1.244444060641432,0.9400976469897803,0.3043464136516517,0.24456396130077498,0.0,ToeSegmentation1,HYDRA
14,0.1,random,linear_interpolation,0,0,0,1.244444060641432,,0.26285991164238126,0.21122661012202001,0.0,ToeSegmentation1,HYDRA
14,0.2,top,linear_interpolation,0,0,0,1.244444060641432,0.8428293559798452,0.4016147046615868,0.32272594215977685,0.0,ToeSegmentation1,HYDRA
14,0.2,bottom,linear_interpolation,0,0,0,1.244444060641432,1.0198996848987836,0.2245443757426484,0.1804373554481466,0.0,ToeSegmentation1,HYDRA
14,0.2,random,linear_interpolation,0,0,0,1.244444060641432,,0.3965847004749118,0.31868397651118296,0.0,ToeSegmentation1,HYDRA
15,0.05,top,linear_interpolation,0,0,0,0.9813258609507551,0.8414354328369023,0.13989042811385288,0.14255232754794922,0.0,ToeSegmentation1,HYDRA
15,0.05,bottom,linear_interpolation,0,0,0,0.9813258609507551,0.965120821671698,0.016205039279057143,0.01651339622290268,0.0,ToeSegmentation1,HYDRA
15,0.05,random,linear_interpolation,0,0,0,0.9813258609507551,,0.03283838767345846,0.03346325162407467,0.0,ToeSegmentation1,HYDRA
15,0.1,top,linear_interpolation,0,0,0,0.9813258609507551,0.43618555226947264,0.5451403086812825,0.5555134893109164,0.0,ToeSegmentation1,HYDRA
15,0.1,bottom,linear_interpolation,0,0,0,0.9813258609507551,0.904348135820262,0.07697772513049317,0.0784424927041267,0.0,ToeSegmentation1,HYDRA
15,0.1,random,linear_interpolation,0,0,0,0.9813258609507551,,0.13458607939023223,0.13714704523611937,0.0,ToeSegmentation1,HYDRA
15,0.2,top,linear_interpolation,0,0,0,0.9813258609507551,0.07140328876182644,0.9099225721889287,0.9272369975762748,0.0,ToeSegmentation1,HYDRA
15,0.2,bottom,linear_interpolation,0,0,0,0.9813258609507551,1.0780307771587936,-0.09670491620803845,-0.09854506185059096,0.0,ToeSegmentation1,HYDRA
15,0.2,random,linear_interpolation,0,0,0,0.9813258609507551,,0.693921409649361,0.7071256655270372,0.0,ToeSegmentation1,HYDRA
16,0.05,top,linear_interpolation,0,0,0,1.0761868091324185,0.9511600629999796,0.12502674613243892,0.1161755829897671,0.0,ToeSegmentation1,HYDRA
16,0.05,bottom,linear_interpolation,0,0,0,1.0761868091324185,1.106869690146435,-0.030682881014016505,-0.028510712306573958,0.0,ToeSegmentation1,HYDRA
16,0.05,random,linear_interpolation,0,0,0,1.0761868091324185,,0.009949486668619834,0.009245121143530448,0.0,ToeSegmentation1,HYDRA
16,0.1,top,linear_interpolation,0,0,0,1.0761868091324185,0.6654263495714154,0.41076045956100304,0.38168101894049744,0.0,ToeSegmentation1,HYDRA
16,0.1,bottom,linear_interpolation,0,0,0,1.0761868091324185,0.7629886118812846,0.31319819725113385,0.29102559478314693,0.0,ToeSegmentation1,HYDRA
16,0.1,random,linear_interpolation,0,0,0,1.0761868091324185,,0.35406780357901624,0.3290018717685087,0.0,ToeSegmentation1,HYDRA
16,0.2,top,linear_interpolation,0,0,0,1.0761868091324185,0.7338922670651995,0.342294542067219,0.31806208838507827,0.0,ToeSegmentation1,HYDRA
16,0.2,bottom,linear_interpolation,0,0,0,1.0761868091324185,0.5037101025469652,0.5724767065854532,0.531948700521856,0.0,ToeSegmentation1,HYDRA
16,0.2,random,linear_interpolation,0,0,0,1.0761868091324185,,0.2639128260348477,0.2452293398933818,0.0,ToeSegmentation1,HYDRA
17,0.05,top,linear_interpolation,0,0,0,1.1353797676528166,1.0182504138450328,0.11712935380778378,0.10316305960504017,0.0,ToeSegmentation1,HYDRA
17,0.05,bottom,linear_interpolation,0,0,0,1.1353797676528166,1.1125779361795833,0.022801831473233225,0.020082981958882102,0.0,ToeSegmentation1,HYDRA
17,0.05,random,linear_interpolation,0,0,0,1.1353797676528166,,0.04557871889730729,0.04014399415231651,0.0,ToeSegmentation1,HYDRA
17,0.1,top,linear_interpolation,0,0,0,1.1353797676528166,0.7944984380077271,0.34088132964508944,0.3002352509015955,0.0,ToeSegmentation1,HYDRA
17,0.1,bottom,linear_interpolation,0,0,0,1.1353797676528166,1.0737601322778765,0.061619635374940085,0.05427222050125699,0.0,ToeSegmentation1,HYDRA
17,0.1,random,linear_interpolation,0,0,0,1.1353797676528166,,0.13946474901471914,0.1228352223219669,0.0,ToeSegmentation1,HYDRA
17,0.2,top,linear_interpolation,0,0,0,1.1353797676528166,0.5874968877931569,0.5478828798596597,0.4825543073028295,0.0,ToeSegmentation1,HYDRA
17,0.2,bottom,linear_interpolation,0,0,0,1.1353797676528166,1.0036016935509484,0.13177807410186815,0.11606509274795469,0.0,ToeSegmentation1,HYDRA
17,0.2,random,linear_interpolation,0,0,0,1.1353797676528166,,0.5917414759250171,0.5211832829864909,0.0,ToeSegmentation1,HYDRA
18,0.05,top,linear_interpolation,0,0,0,0.3108447973862313,0.2562013243400688,0.05464347304616246,0.17578964716793968,0.0,ToeSegmentation1,HYDRA
18,0.05,bottom,linear_interpolation,0,0,0,0.3108447973862313,0.22149277589034586,0.08935202149588542,0.28744806025112185,0.0,ToeSegmentation1,HYDRA
18,0.05,random,linear_interpolation,0,0,0,0.3108447973862313,,0.008088869615867189,0.026022129569976554,0.0,ToeSegmentation1,HYDRA
18,0.1,top,linear_interpolation,0,0,1,0.3108447973862313,-0.052688393028008804,0.3635331904142401,1.0,1.0,ToeSegmentation1,HYDRA
18,0.1,bottom,linear_interpolation,0,0,0,0.3108447973862313,0.2552168222146437,0.055627975171587574,0.17895681923107637,0.0,ToeSegmentation1,HYDRA
18,0.1,random,linear_interpolation,0,0,0,0.3108447973862313,,0.1583837370397917,0.5095251033521202,0.0,ToeSegmentation1,HYDRA
18,0.2,top,linear_interpolation,0,0,0,0.3108447973862313,0.07751415513607794,0.23333064225015332,0.7506314842025545,0.0,ToeSegmentation1,HYDRA
18,0.2,bottom,linear_interpolation,0,0,1,0.3108447973862313,-0.07396292255158757,0.3848077199378188,1.0,1.0,ToeSegmentation1,HYDRA
18,0.2,random,linear_interpolation,0,0,1,0.3108447973862313,,0.24767185779232057,0.6289347182549118,0.6,ToeSegmentation1,HYDRA
19,0.05,top,linear_interpolation,0,0,0,0.20391679608878308,0.12163150530475389,0.08228529078402919,0.40352187186351934,0.0,ToeSegmentation1,HYDRA
19,0.05,bottom,linear_interpolation,0,0,0,0.20391679608878308,0.19721598110487168,0.006700814983911396,0.03286037370173396,0.0,ToeSegmentation1,HYDRA
19,0.05,random,linear_interpolation,0,0,0,0.20391679608878308,,0.05992171039111084,0.21472880373397424,0.2,ToeSegmentation1,HYDRA
19,0.1,top,linear_interpolation,0,0,0,0.20391679608878308,0.1030605815815992,0.10085621450718388,0.4945925095388557,0.0,ToeSegmentation1,HYDRA
19,0.1,bottom,linear_interpolation,0,0,0,0.20391679608878308,0.12740591797812928,0.0765108781106538,0.3752045166148323,0.0,ToeSegmentation1,HYDRA
19,0.1,random,linear_interpolation,0,0,0,0.20391679608878308,,0.12847947052829037,0.3670904521219416,0.2,ToeSegmentation1,HYDRA
19,0.2,top,linear_interpolation,0,0,1,0.20391679608878308,-0.11826795580054437,0.32218475188932744,1.0,1.0,ToeSegmentation1,HYDRA
19,0.2,bottom,linear_interpolation,0,0,0,0.20391679608878308,0.29429510379156754,-0.09037830770278446,-0.4432095159729706,0.0,ToeSegmentation1,HYDRA
19,0.2,random,linear_interpolation,0,0,0,0.20391679608878308,,0.2007524848762126,0.5847028060081857,0.4,ToeSegmentation1,HYDRA
20,0.05,top,linear_interpolation,0,0,0,0.23422387867160388,0.1379066405550389,0.09631723811656498,0.4112169410133713,0.0,ToeSegmentation1,HYDRA
20,0.05,bottom,linear_interpolation,0,0,0,0.23422387867160388,0.1711819925839416,0.06304188608766229,0.26915111001530484,0.0,ToeSegmentation1,HYDRA
20,0.05,random,linear_interpolation,0,0,0,0.23422387867160388,,0.03500609641348608,0.14945507331254312,0.0,ToeSegmentation1,HYDRA
20,0.1,top,linear_interpolation,0,0,0,0.23422387867160388,0.09992248786202555,0.1343013908095783,0.5733865316582198,0.0,ToeSegmentation1,HYDRA
20,0.1,bottom,linear_interpolation,0,0,0,0.23422387867160388,0.14905913848629623,0.08516474018530765,0.363602451918497,0.0,ToeSegmentation1,HYDRA
20,0.1,random,linear_interpolation,0,0,0,0.23422387867160388,,0.07645441102161024,0.2837291451111339,0.2,ToeSegmentation1,HYDRA
20,0.2,top,linear_interpolation,0,0,1,0.23422387867160388,-0.0022454496398786276,0.2364693283114825,1.0,1.0,ToeSegmentation1,HYDRA
20,0.2,bottom,linear_interpolation,0,0,0,0.23422387867160388,0.4697138574221378,-0.2354899787505339,-1.0,0.0,ToeSegmentation1,HYDRA
20,0.2,random,linear_interpolation,0,0,1,0.23422387867160388,,0.5490975185691831,1.0,1.0,ToeSegmentation1,HYDRA
21,0.05,top,linear_interpolation,0,0,0,0.49165697455598967,0.452912181427097,0.038744793128892674,0.0788043622477244,0.0,ToeSegmentation1,HYDRA
21,0.05,bottom,linear_interpolation,0,0,0,0.49165697455598967,0.3973467040504115,0.09431027050557816,0.1918208905098074,0.0,ToeSegmentation1,HYDRA
21,0.05,random,linear_interpolation,0,0,0,0.49165697455598967,,0.059848320216875917,0.12172754905668763,0.0,ToeSegmentation1,HYDRA
21,0.1,top,linear_interpolation,0,0,0,0.49165697455598967,0.4096984084872809,0.08195856606870877,0.1666983356523904,0.0,ToeSegmentation1,HYDRA
21,0.1,bottom,linear_interpolation,0,0,0,0.49165697455598967,0.28050503904291363,0.21115193551307604,0.42946915628443694,0.0,ToeSegmentation1,HYDRA
21,0.1,random,linear_interpolation,0,0,0,0.49165697455598967,,0.08036428504146634,0.1634556728466417,0.0,ToeSegmentation1,HYDRA
21,0.2,top,linear_interpolation,0,0,0,0.49165697455598967,0.25012401141851653,0.24153296313747313,0.4912621693070241,0.0,ToeSegmentation1,HYDRA
21,0.2,bottom,linear_interpolation,0,0,0,0.49165697455598967,0.5175149611934204,-0.025857986637430774,-0.05259344498740778,0.0,ToeSegmentation1,HYDRA
21,0.2,random,linear_interpolation,0,0,0,0.49165697455598967,,0.36256408403018286,0.6704711209111343,0.2,ToeSegmentation1,HYDRA
22,0.05,top,linear_interpolation,0,0,0,0.3141729865659436,0.29889267294419597,0.015280313621747643,0.04863646983879227,0.0,ToeSegmentation1,HYDRA
22,0.05,bottom,linear_interpolation,0,0,0,0.3141729865659436,0.32549310935053777,-0.011320122784594155,-0.03603138155494015,0.0,ToeSegmentation1,HYDRA
22,0.05,random,linear_interpolation,0,0,0,0.3141729865659436,,-0.0010147588155931975,-0.0032299262796546212,0.0,ToeSegmentation1,HYDRA
22,0.1,top,linear_interpolation,0,0,0,0.3141729865659436,0.16680388755651468,0.14736909900942893,0.46906843122257313,0.0,ToeSegmentation1,HYDRA
22,0.1,bottom,linear_interpolation,0,0,0,0.3141729865659436,0.24274629398091543,0.07142669258502818,0.22734757057945046,0.0,ToeSegmentation1,HYDRA
22,0.1,random,linear_interpolation,0,0,0,0.3141729865659436,,0.03185437675052945,0.10139087929816037,0.0,ToeSegmentation1,HYDRA
22,0.2,top,linear_interpolation,0,0,1,0.3141729865659436,-0.40419908749489414,0.7183720740608377,1.0,1.0,ToeSegmentation1,HYDRA
22,0.2,bottom,linear_interpolation,0,0,0,0.3141729865659436,0.4820835951559202,-0.16791060858997658,-0.5344510232222328,0.0,ToeSegmentation1,HYDRA
22,0.2,random,linear_interpolation,0,0,0,0.3141729865659436,,0.22893034877472873,0.6770247289954842,0.2,ToeSegmentation1,HYDRA
23,0.05,top,linear_interpolation,0,0,0,0.5366454144542337,0.34434431194934867,0.19230110250488508,0.3583385583605439,0.0,ToeSegmentation1,HYDRA
23,0.05,bottom,linear_interpolation,0,0,0,0.5366454144542337,0.6354026979673397,-0.09875728351310598,-0.18402672756798635,0.0,ToeSegmentation1,HYDRA
23,0.05,random,linear_interpolation,0,0,0,0.5366454144542337,,0.044500527100306386,0.08292336611540237,0.0,ToeSegmentation1,HYDRA
23,0.1,top,linear_interpolation,0,0,0,0.5366454144542337,0.3333600313747133,0.20328538307952043,0.3788069343317247,0.0,ToeSegmentation1,HYDRA
23,0.1,bottom,linear_interpolation,0,0,0,0.5366454144542337,0.3359130993056648,0.20073231514856893,0.3740494853631185,0.0,ToeSegmentation1,HYDRA
23,0.1,random,linear_interpolation,0,0,0,0.5366454144542337,,0.32015970423568,0.5895185418720197,0.2,ToeSegmentation1,HYDRA
23,0.2,top,linear_interpolation,0,0,0,0.5366454144542337,0.3986909068952729,0.13795450755896083,0.25706778959710325,0.0,ToeSegmentation1,HYDRA
23,0.2,bottom,linear_interpolation,0,0,0,0.5366454144542337,0.13707265698578555,0.3995727574684482,0.7445736088161725,0.0,ToeSegmentation1,HYDRA
23,0.2,random,linear_interpolation,0,0,0,0.5366454144542337,,0.32658840319038385,0.6039206399706544,0.2,ToeSegmentation1,HYDRA
24,0.05,top,linear_interpolation,0,0,0,0.5864344933381396,0.45614065172854923,0.13029384160959034,0.22217932422187603,0.0,ToeSegmentation1,HYDRA
24,0.05,bottom,linear_interpolation,0,0,0,0.5864344933381396,0.6110730831060183,-0.024638589767878694,-0.04201415168039982,0.0,ToeSegmentation1,HYDRA
24,0.05,random,linear_interpolation,0,0,0,0.5864344933381396,,0.04949815420637936,0.08440511321138378,0.0,ToeSegmentation1,HYDRA
24,0.1,top,linear_interpolation,0,0,0,0.5864344933381396,0.39897845950226196,0.1874560338358776,0.3196532883247402,0.0,ToeSegmentation1,HYDRA
24,0.1,bottom,linear_interpolation,0,0,0,0.5864344933381396,0.28473001192316905,0.3017044814149705,0.5144717276534407,0.0,ToeSegmentation1,HYDRA
24,0.1,random,linear_interpolation,0,0,0,0.5864344933381396,,0.11777457341650074,0.2008312504178388,0.0,ToeSegmentation1,HYDRA
24,0.2,top,linear_interpolation,0,0,0,0.5864344933381396,0.6056699735563232,-0.019235480218183665,-0.032800675328654536,0.0,ToeSegmentation1,HYDRA
24,0.2,bottom,linear_interpolation,0,0,0,0.5864344933381396,0.364942722035173,0.2214917713029666,0.3776916196565444,0.0,ToeSegmentation1,HYDRA
24,0.2,random,linear_interpolation,0,0,0,0.5864344933381396,,0.30312049381042655,0.51688633661136,0.0,ToeSegmentation1,HYDRA
25,0.05,top,linear_interpolation,0,0,0,0.8469379827339133,0.8549379002169133,-0.007999917482999996,-0.009445683391708239,0.0,ToeSegmentation1,HYDRA
25,0.05,bottom,linear_interpolation,0,0,0,0.8469379827339133,0.8487261370310241,-0.0017881542971107667,-0.0021113141956680477,0.0,ToeSegmentation1,HYDRA
25,0.05,random,linear_interpolation,0,0,0,0.8469379827339133,,0.06750888570869736,0.07970926723762216,0.0,ToeSegmentation1,HYDRA
25,0.1,top,linear_interpolation,0,0,0,0.8469379827339133,0.7977926218118272,0.0491453609220861,0.05802703845729855,0.0,ToeSegmentation1,HYDRA
25,0.1,bottom,linear_interpolation,0,0,0,0.8469379827339133,0.9009074708407714,-0.05396948810685809,-0.06372299446253489,0.0,ToeSegmentation1,HYDRA
25,0.1,random,linear_interpolation,0,0,0,0.8469379827339133,,0.1680739606296067,0.19844872423638488,0.0,ToeSegmentation1,HYDRA
25,0.2,top,linear_interpolation,0,0,0,0.8469379827339133,0.7584643683176928,0.08847361441622048,0.1044627962815317,0.0,ToeSegmentation1,HYDRA
25,0.2,bottom,linear_interpolation,0,0,0,0.8469379827339133,0.8856680214274806,-0.03873003869356728,-0.04572943208794921,0.0,ToeSegmentation1,HYDRA
25,0.2,random,linear_interpolation,0,0,0,0.8469379827339133,,0.3440156961565794,0.4061871081268441,0.0,ToeSegmentation1,HYDRA
27,0.05,top,linear_interpolation,0,0,0,0.5873516210278391,0.4511508962076486,0.13620072482019052,0.23188919218892007,0.0,ToeSegmentation1,HYDRA
27,0.05,bottom,linear_interpolation,0,0,0,0.5873516210278391,0.6022196818007595,-0.014868060772920355,-0.025313687622440427,0.0,ToeSegmentation1,HYDRA
27,0.05,random,linear_interpolation,0,0,0,0.5873516210278391,,0.07514587010339692,0.1279399587455577,0.0,ToeSegmentation1,HYDRA
27,0.1,top,linear_interpolation,0,0,0,0.5873516210278391,0.5530188993591321,0.034332721668707045,0.05845333865817508,0.0,ToeSegmentation1,HYDRA
27,0.1,bottom,linear_interpolation,0,0,0,0.5873516210278391,0.6662791880262966,-0.07892756699845749,-0.13437850479042385,0.0,ToeSegmentation1,HYDRA
27,0.1,random,linear_interpolation,0,0,0,0.5873516210278391,,0.10328860643671497,0.17585450841432332,0.0,ToeSegmentation1,HYDRA
27,0.2,top,linear_interpolation,0,0,0,0.5873516210278391,0.3358714260103756,0.2514801950174635,0.42815880276040164,0.0,ToeSegmentation1,HYDRA
27,0.2,bottom,linear_interpolation,0,0,0,0.5873516210278391,0.6788661074892337,-0.0915144864613946,-0.15580842442015258,0.0,ToeSegmentation1,HYDRA
27,0.2,random,linear_interpolation,0,0,0,0.5873516210278391,,0.47242718186293786,0.7031011366301191,0.4,ToeSegmentation1,HYDRA
28,0.05,top,linear_interpolation,0,0,0,0.3705587803259066,0.3384884505626636,0.03207032976324303,0.08654563032997602,0.0,ToeSegmentation1,HYDRA
28,0.05,bottom,linear_interpolation,0,0,0,0.3705587803259066,0.4142847682473159,-0.043725987921409304,-0.11799982146727414,0.0,ToeSegmentation1,HYDRA
28,0.05,random,linear_interpolation,0,0,0,0.3705587803259066,,0.1536733965870511,0.4147060872388678,0.0,ToeSegmentation1,HYDRA
28,0.1,top,linear_interpolation,0,0,0,0.3705587803259066,0.34135901320684947,0.02919976711905714,0.07879907283347373,0.0,ToeSegmentation1,HYDRA
28,0.1,bottom,linear_interpolation,0,0,0,0.3705587803259066,0.2680233516173297,0.1025354287085769,0.27670414910759394,0.0,ToeSegmentation1,HYDRA
28,0.1,random,linear_interpolation,0,0,0,0.3705587803259066,,0.09559872480346286,0.2579846218588104,0.0,ToeSegmentation1,HYDRA
28,0.2,top,linear_interpolation,0,0,0,0.3705587803259066,0.24448705408099722,0.1260717262449094,0.3402196701812311,0.0,ToeSegmentation1,HYDRA
28,0.2,bottom,linear_interpolation,0,0,1,0.3705587803259066,-0.13587256622129917,0.5064313465472058,1.0,1.0,ToeSegmentation1,HYDRA
28,0.2,random,linear_interpolation,0,0,1,0.3705587803259066,,0.2626746199143525,0.4405454591461792,0.6,ToeSegmentation1,HYDRA
29,0.05,top,linear_interpolation,0,0,0,0.2801769184520696,0.20771848001746737,0.07245843843460223,0.2586158068234696,0.0,ToeSegmentation1,HYDRA
29,0.05,bottom,linear_interpolation,0,0,0,0.2801769184520696,0.26203258624501247,0.018144332207057134,0.06476003643435273,0.0,ToeSegmentation1,HYDRA
29,0.05,random,linear_interpolation,0,0,0,0.2801769184520696,,0.04483276064023072,0.16001532486187103,0.0,ToeSegmentation1,HYDRA
29,0.1,top,linear_interpolation,0,0,0,0.2801769184520696,0.005288358053260528,0.27488856039880905,0.9811214314015778,0.0,ToeSegmentation1,HYDRA
29,0.1,bottom,linear_interpolation,0,0,0,0.2801769184520696,0.36390459915358936,-0.08372768070151976,-0.29883754281600594,0.0,ToeSegmentation1,HYDRA
29,0.1,random,linear_interpolation,0,0,0,0.2801769184520696,,0.17794383151194976,0.5113534596575603,0.4,ToeSegmentation1,HYDRA
29,0.2,top,linear_interpolation,0,0,1,0.2801769184520696,-0.14034227259638327,0.42051919104845287,1.0,1.0,ToeSegmentation1,HYDRA
29,0.2,bottom,linear_interpolation,0,0,1,0.2801769184520696,-0.21672567141546215,0.4969025898675318,1.0,1.0,ToeSegmentation1,HYDRA
29,0.2,random,linear_interpolation,0,0,0,0.2801769184520696,,0.09041510766251667,0.3019279200886511,0.2,ToeSegmentation1,HYDRA
30,0.05,top,linear_interpolation,0,0,0,0.5086527144373947,0.49960857223160227,0.009044142205792416,0.01778054882739989,0.0,ToeSegmentation1,HYDRA
30,0.05,bottom,linear_interpolation,0,0,0,0.5086527144373947,0.4870220777750947,0.021630636662299974,0.04252527023463284,0.0,ToeSegmentation1,HYDRA
30,0.05,random,linear_interpolation,0,0,0,0.5086527144373947,,0.060441418540689275,0.1188262600373253,0.0,ToeSegmentation1,HYDRA
30,0.1,top,linear_interpolation,0,0,0,0.5086527144373947,0.5111408832797183,-0.0024881688423236126,-0.0048916753612537655,0.0,ToeSegmentation1,HYDRA
30,0.1,bottom,linear_interpolation,0,0,0,0.5086527144373947,0.3052139124341874,0.2034388020032073,0.3999554042935169,0.0,ToeSegmentation1,HYDRA
30,0.1,random,linear_interpolation,0,0,0,0.5086527144373947,,0.23358653328346318,0.44920173856218737,0.2,ToeSegmentation1,HYDRA
30,0.2,top,linear_interpolation,0,0,0,0.5086527144373947,0.38782946695187326,0.12082324748552142,0.23753536847589932,0.0,ToeSegmentation1,HYDRA
30,0.2,bottom,linear_interpolation,0,0,0,0.5086527144373947,0.5474492316985053,-0.03879651726111066,-0.07627294593537418,0.0,ToeSegmentation1,HYDRA
30,0.2,random,linear_interpolation,0,0,0,0.5086527144373947,,0.42930090813244615,0.7657949029854613,0.2,ToeSegmentation1,HYDRA
31,0.05,top,linear_interpolation,0,0,0,0.6802520616127956,0.6264985937061313,0.053753467906664354,0.07901981033238065,0.0,ToeSegmentation1,HYDRA
31,0.05,bottom,linear_interpolation,0,0,0,0.6802520616127956,0.8008954425816733,-0.12064338096887772,-0.17735073574361757,0.0,ToeSegmentation1,HYDRA
31,0.05,random,linear_interpolation,0,0,0,0.6802520616127956,,0.09592453005565722,0.14101300746553355,0.0,ToeSegmentation1,HYDRA
31,0.1,top,linear_interpolation,0,0,0,0.6802520616127956,0.5918008586842326,0.08845120292856301,0.13002690898421856,0.0,ToeSegmentation1,HYDRA
31,0.1,bottom,linear_interpolation,0,0,0,0.6802520616127956,0.2879726897408812,0.3922793718719144,0.5766668229935911,0.0,ToeSegmentation1,HYDRA
31,0.1,random,linear_interpolation,0,0,0,0.6802520616127956,,0.2306469910327517,0.339060570320575,0.0,ToeSegmentation1,HYDRA
31,0.2,top,linear_interpolation,0,0,0,0.6802520616127956,0.5295493687684351,0.15070269284436055,0.22153916145127397,0.0,ToeSegmentation1,HYDRA
31,0.2,bottom,linear_interpolation,0,0,0,0.6802520616127956,0.3100580782202768,0.3701939833925188,0.5442003928873687,0.0,ToeSegmentation1,HYDRA
31,0.2,random,linear_interpolation,0,0,0,0.6802520616127956,,0.4703603235293793,0.6914490357665032,0.0,ToeSegmentation1,HYDRA
32,0.05,top,linear_interpolation,0,0,0,0.816041395838208,0.7774491066162417,0.038592289221966336,0.04729201499675245,0.0,ToeSegmentation1,HYDRA
32,0.05,bottom,linear_interpolation,0,0,0,0.816041395838208,0.850394651766571,-0.034353255928363025,-0.04209739114482729,0.0,ToeSegmentation1,HYDRA
32,0.05,random,linear_interpolation,0,0,0,0.816041395838208,,0.08609984349996165,0.1055090322991407,0.0,ToeSegmentation1,HYDRA
32,0.1,top,linear_interpolation,0,0,0,0.816041395838208,0.3469911264895906,0.46905026934861743,0.5747866431214357,0.0,ToeSegmentation1,HYDRA
32,0.1,bottom,linear_interpolation,0,0,0,0.816041395838208,0.8367210174083948,-0.020679621570186768,-0.025341356865344524,0.0,ToeSegmentation1,HYDRA
32,0.1,random,linear_interpolation,0,0,0,0.816041395838208,,0.27761764146509177,0.34020002254899195,0.0,ToeSegmentation1,HYDRA
32,0.2,top,linear_interpolation,0,0,0,0.816041395838208,0.11136752740193294,0.7046738684362751,0.8635260521145603,0.0,ToeSegmentation1,HYDRA
32,0.2,bottom,linear_interpolation,0,0,0,0.816041395838208,0.7908109396497994,0.02523045618840858,0.030918070331986618,0.0,ToeSegmentation1,HYDRA
32,0.2,random,linear_interpolation,0,0,0,0.816041395838208,,0.48579071395421736,0.595300828035082,0.0,ToeSegmentation1,HYDRA
33,0.05,top,linear_interpolation,0,0,0,0.5166268265016233,0.3446611767391784,0.17196564976244488,0.3328617641967153,0.0,ToeSegmentation1,HYDRA
33,0.05,bottom,linear_interpolation,0,0,0,0.5166268265016233,0.4747318275022979,0.04189499899932536,0.08109319097854231,0.0,ToeSegmentation1,HYDRA
33,0.05,random,linear_interpolation,0,0,0,0.5166268265016233,,0.002050198784866164,0.003968425004803183,0.0,ToeSegmentation1,HYDRA
33,0.1,top,linear_interpolation,0,0,1,0.5166268265016233,-0.04073857569073622,0.5573654021923595,1.0,1.0,ToeSegmentation1,HYDRA
33,0.1,bottom,linear_interpolation,0,0,0,0.5166268265016233,0.5143284763863731,0.0022983501152501473,0.004448754010819674,0.0,ToeSegmentation1,HYDRA
33,0.1,random,linear_interpolation,0,0,0,0.5166268265016233,,0.0948887820909463,0.18366951453910535,0.0,ToeSegmentation1,HYDRA
33,0.2,top,linear_interpolation,0,0,0,0.5166268265016233,0.08231797011274232,0.43430885638888095,0.8406609828390966,0.0,ToeSegmentation1,HYDRA
33,0.2,bottom,linear_interpolation,0,0,0,0.5166268265016233,0.26739396616504285,0.24923286033658043,0.4824224471691273,0.0,ToeSegmentation1,HYDRA
33,0.2,random,linear_interpolation,0,0,0,0.5166268265016233,,0.5097156772854924,0.9052455716171919,0.4,ToeSegmentation1,HYDRA
34,0.05,top,linear_interpolation,0,0,0,0.9340646482804799,0.9130424942783872,0.02102215400209262,0.02250607764110828,0.0,ToeSegmentation1,HYDRA
34,0.05,bottom,linear_interpolation,0,0,0,0.9340646482804799,0.8398766658145875,0.09418798246589233,0.10083657678588528,0.0,ToeSegmentation1,HYDRA
34,0.05,random,linear_interpolation,0,0,0,0.9340646482804799,,0.039260905444394624,0.04203227633589777,0.0,ToeSegmentation1,HYDRA
34,0.1,top,linear_interpolation,0,0,0,0.9340646482804799,0.5127949629683375,0.4212696853121424,0.45100650697052946,0.0,ToeSegmentation1,HYDRA
34,0.1,bottom,linear_interpolation,0,0,0,0.9340646482804799,0.5942178414743712,0.3398468068061087,0.363836104487658,0.0,ToeSegmentation1,HYDRA
34,0.1,random,linear_interpolation,0,0,0,0.9340646482804799,,0.2270192384978788,0.24304420028270846,0.0,ToeSegmentation1,HYDRA
34,0.2,top,linear_interpolation,0,0,0,0.9340646482804799,0.49175330759275676,0.4423113406877231,0.473533462559054,0.0,ToeSegmentation1,HYDRA
34,0.2,bottom,linear_interpolation,0,0,0,0.9340646482804799,0.8119072858978378,0.12215736238264208,0.13078027503475947,0.0,ToeSegmentation1,HYDRA
34,0.2,random,linear_interpolation,0,0,0,0.9340646482804799,,0.47431812728599576,0.5077995622247401,0.0,ToeSegmentation1,HYDRA
35,0.05,top,linear_interpolation,0,0,0,0.7684673714498546,0.6777813847466547,0.09068598670319983,0.11800874319928653,0.0,ToeSegmentation1,HYDRA
35,0.05,bottom,linear_interpolation,0,0,0,0.7684673714498546,0.7425761980819692,0.02589117336788538,0.03369191801483905,0.0,ToeSegmentation1,HYDRA
35,0.05,random,linear_interpolation,0,0,0,0.7684673714498546,,0.06993510815185011,0.09100583804106978,0.0,ToeSegmentation1,HYDRA
35,0.1,top,linear_interpolation,0,0,0,0.7684673714498546,0.5678201130976361,0.20064725835221842,0.2611002167514859,0.0,ToeSegmentation1,HYDRA
35,0.1,bottom,linear_interpolation,0,0,0,0.7684673714498546,0.8659398707293031,-0.09747249927944857,-0.12683996232082925,0.0,ToeSegmentation1,HYDRA
35,0.1,random,linear_interpolation,0,0,0,0.7684673714498546,,0.3057670399820054,0.39789150906122595,0.0,ToeSegmentation1,HYDRA
35,0.2,top,linear_interpolation,0,0,1,0.7684673714498546,-0.036614668429482,0.8050820398793366,1.0,1.0,ToeSegmentation1,HYDRA
35,0.2,bottom,linear_interpolation,0,0,0,0.7684673714498546,0.3297180474078613,0.43874932404199324,0.5709399896500793,0.0,ToeSegmentation1,HYDRA
35,0.2,random,linear_interpolation,0,0,0,0.7684673714498546,,0.3187421809385816,0.4147759267401166,0.0,ToeSegmentation1,HYDRA
36,0.05,top,linear_interpolation,0,0,0,0.48392075645523164,0.3864118360686846,0.09750892038654702,0.20149728563726546,0.0,ToeSegmentation1,HYDRA
36,0.05,bottom,linear_interpolation,0,0,0,0.48392075645523164,0.5103799923309478,-0.026459235875716136,-0.054676681762631026,0.0,ToeSegmentation1,HYDRA
36,0.05,random,linear_interpolation,0,0,0,0.48392075645523164,,0.04239831048838537,0.08761397875341798,0.0,ToeSegmentation1,HYDRA
36,0.1,top,linear_interpolation,0,0,1,0.48392075645523164,-0.05019189728085854,0.5341126537360902,1.0,1.0,ToeSegmentation1,HYDRA
36,0.1,bottom,linear_interpolation,0,0,0,0.48392075645523164,0.4619742998225082,0.021946456632723432,0.04535125015556876,0.0,ToeSegmentation1,HYDRA
36,0.1,random,linear_interpolation,0,0,0,0.48392075645523164,,0.17854031263186038,0.36894458711607314,0.0,ToeSegmentation1,HYDRA
36,0.2,top,linear_interpolation,0,0,0,0.48392075645523164,0.15302775352490897,0.33089300293032264,0.6837737682102625,0.0,ToeSegmentation1,HYDRA
36,0.2,bottom,linear_interpolation,0,0,0,0.48392075645523164,0.24043736040555258,0.24348339604967906,0.5031462065959088,0.0,ToeSegmentation1,HYDRA
36,0.2,random,linear_interpolation,0,0,1,0.48392075645523164,,0.5357204081147452,0.9339933324448783,0.8,ToeSegmentation1,HYDRA
37,0.05,top,linear_interpolation,0,0,0,0.10498113393620948,0.025276739410295658,0.07970439452591382,0.7592186549984284,0.0,ToeSegmentation1,HYDRA
37,0.05,bottom,linear_interpolation,0,0,0,0.10498113393620948,0.06460100109773118,0.0403801328384783,0.38463814102897326,0.0,ToeSegmentation1,HYDRA
37,0.05,random,linear_interpolation,0,0,0,0.10498113393620948,,0.026340672131201726,0.25090623655266103,0.0,ToeSegmentation1,HYDRA
37,0.1,top,linear_interpolation,0,0,0,0.10498113393620948,0.0046999941186074996,0.10028113981760198,0.9552210081625511,0.0,ToeSegmentation1,HYDRA
37,0.1,bottom,linear_interpolation,0,0,0,0.10498113393620948,0.14876295357066227,-0.043781819634452795,-0.4170406715208898,0.0,ToeSegmentation1,HYDRA
37,0.1,random,linear_interpolation,0,0,0,0.10498113393620948,,0.050702697642143614,0.4418586009225233,0.4,ToeSegmentation1,HYDRA
37,0.2,top,linear_interpolation,0,0,0,0.10498113393620948,0.0951462819491118,0.009834851987097673,0.09368119715563837,0.0,ToeSegmentation1,HYDRA
37,0.2,bottom,linear_interpolation,0,0,0,0.10498113393620948,0.09623057163069579,0.008750562305513687,0.08335287136410097,0.0,ToeSegmentation1,HYDRA
37,0.2,random,linear_interpolation,0,0,1,0.10498113393620948,,0.27191257679701686,0.6618433769832319,0.6,ToeSegmentation1,HYDRA
39,0.05,top,linear_interpolation,0,0,0,0.16599184372924608,0.15888260170002136,0.007109242029224722,0.042828605556157195,0.0,ToeSegmentation1,HYDRA
39,0.05,bottom,linear_interpolation,0,0,0,0.16599184372924608,0.29315705810062676,-0.12716521437138067,-0.7660885343876761,0.0,ToeSegmentation1,HYDRA
39,0.05,random,linear_interpolation,0,0,0,0.16599184372924608,,0.005274692259195019,0.03177662446580326,0.0,ToeSegmentation1,HYDRA
39,0.1,top,linear_interpolation,0,0,0,0.16599184372924608,0.18745765317801902,-0.021465809448772938,-0.1293176800066526,0.0,ToeSegmentation1,HYDRA
39,0.1,bottom,linear_interpolation,0,0,0,0.16599184372924608,0.03572471534525356,0.13026712838399251,0.7847755689785855,0.0,ToeSegmentation1,HYDRA
39,0.1,random,linear_interpolation,0,0,1,0.16599184372924608,,0.32581759613461214,0.833137294362625,0.6,ToeSegmentation1,HYDRA
39,0.2,top,linear_interpolation,0,0,1,0.16599184372924608,-0.26347461612940604,0.4294664598586521,1.0,1.0,ToeSegmentation1,HYDRA
39,0.2,bottom,linear_interpolation,0,0,0,0.16599184372924608,0.07044118636965853,0.09555065735958755,0.5756311851337517,0.0,ToeSegmentation1,HYDRA
39,0.2,random,linear_interpolation,0,0,1,0.16599184372924608,,0.24134150154977885,0.7087685540951154,0.8,ToeSegmentation1,HYDRA
40,0.05,top,linear_interpolation,0,0,0,0.8821140910193663,0.7910222812902581,0.09109180972910824,0.10326522089520444,0.0,ToeSegmentation1,HYDRA
40,0.05,bottom,linear_interpolation,0,0,0,0.8821140910193663,0.8290823586511175,0.053031732368248874,0.06011883586184401,0.0,ToeSegmentation1,HYDRA
40,0.05,random,linear_interpolation,0,0,0,0.8821140910193663,,0.0999579500419185,0.11331622263304413,0.0,ToeSegmentation1,HYDRA
40,0.1,top,linear_interpolation,0,0,0,0.8821140910193663,0.6608643854869538,0.22124970553241252,0.25081727745609456,0.0,ToeSegmentation1,HYDRA
40,0.1,bottom,linear_interpolation,0,0,0,0.8821140910193663,0.5902277628224017,0.2918863281969646,0.33089370215814207,0.0,ToeSegmentation1,HYDRA
40,0.1,random,linear_interpolation,0,0,0,0.8821140910193663,,0.22679734563375073,0.25710629819479136,0.0,ToeSegmentation1,HYDRA
40,0.2,top,linear_interpolation,0,0,0,0.8821140910193663,0.22920678831741295,0.6529073027019534,0.7401611301621176,0.0,ToeSegmentation1,HYDRA
40,0.2,bottom,linear_interpolation,0,0,0,0.8821140910193663,0.6958038739338319,0.1863102170855344,0.21120851347213157,0.0,ToeSegmentation1,HYDRA
40,0.2,random,linear_interpolation,0,0,0,0.8821140910193663,,0.5111801553293185,0.5794937197351449,0.0,ToeSegmentation1,HYDRA
41,0.05,top,linear_interpolation,0,0,0,0.1775095731828395,0.0786189186851881,0.0988906544976514,0.5570972631348107,0.0,ToeSegmentation1,HYDRA
41,0.05,bottom,linear_interpolation,0,0,0,0.1775095731828395,0.22700213815643017,-0.04949256497359067,-0.2788147437426858,0.0,ToeSegmentation1,HYDRA
41,0.05,random,linear_interpolation,0,0,0,0.1775095731828395,,0.09518610588922821,0.35732175486868634,0.2,ToeSegmentation1,HYDRA
41,0.1,top,linear_interpolation,0,0,1,0.1775095731828395,-0.0483895458994879,0.2258991190823274,1.0,1.0,ToeSegmentation1,HYDRA
41,0.1,bottom,linear_interpolation,0,0,1,0.1775095731828395,-0.04987519252659512,0.2273847657094346,1.0,1.0,ToeSegmentation1,HYDRA
41,0.1,random,linear_interpolation,0,0,1,0.1775095731828395,,0.3189998779480293,0.8521858703962056,0.8,ToeSegmentation1,HYDRA
41,0.2,top,linear_interpolation,0,0,1,0.1775095731828395,-0.2800062403456097,0.4575158135284492,1.0,1.0,ToeSegmentation1,HYDRA
41,0.2,bottom,linear_interpolation,0,0,1,0.1775095731828395,-0.28910256913270604,0.46661214231554554,1.0,1.0,ToeSegmentation1,HYDRA
41,0.2,random,linear_interpolation,0,0,1,0.1775095731828395,,0.5605951367871345,1.0,1.0,ToeSegmentation1,HYDRA
42,0.05,top,linear_interpolation,0,0,0,0.35470107084506963,0.18968397772941628,0.16501709311565335,0.46522731802073747,0.0,ToeSegmentation1,HYDRA
42,0.05,bottom,linear_interpolation,0,0,0,0.35470107084506963,0.3378066902201453,0.01689438062492432,0.04762977725129668,0.0,ToeSegmentation1,HYDRA
42,0.05,random,linear_interpolation,0,0,0,0.35470107084506963,,0.05312736193834504,0.14978024180059146,0.0,ToeSegmentation1,HYDRA
42,0.1,top,linear_interpolation,0,0,0,0.35470107084506963,0.024833670219606818,0.3298674006254628,0.9299844228130985,0.0,ToeSegmentation1,HYDRA
42,0.1,bottom,linear_interpolation,0,0,0,0.35470107084506963,0.3611578530564894,-0.006456782211419765,-0.01820339586976932,0.0,ToeSegmentation1,HYDRA
42,0.1,random,linear_interpolation,0,0,0,0.35470107084506963,,0.14025923384178268,0.37998388124006777,0.2,ToeSegmentation1,HYDRA
42,0.2,top,linear_interpolation,0,0,0,0.35470107084506963,0.02719929526417487,0.32750177558089477,0.923315093144591,0.0,ToeSegmentation1,HYDRA
42,0.2,bottom,linear_interpolation,0,0,0,0.35470107084506963,0.5150432774585985,-0.16034220661352883,-0.45204756270950763,0.0,ToeSegmentation1,HYDRA
42,0.2,random,linear_interpolation,0,0,1,0.35470107084506963,,0.4236746295149508,0.9468185183318283,0.8,ToeSegmentation1,HYDRA
43,0.05,top,linear_interpolation,0,0,1,0.0769000288234844,-0.042894115801511916,0.11979414462499632,1.0,1.0,ToeSegmentation1,HYDRA
43,0.05,bottom,linear_interpolation,0,0,0,0.0769000288234844,0.06036040599343764,0.016539622830046764,0.21507674322551867,0.0,ToeSegmentation1,HYDRA
43,0.05,random,linear_interpolation,0,0,1,0.0769000288234844,,0.06892085682535767,0.6331838601603639,0.6,ToeSegmentation1,HYDRA
43,0.1,top,linear_interpolation,0,0,1,0.0769000288234844,-0.2078061536409039,0.2847061824643883,1.0,1.0,ToeSegmentation1,HYDRA
43,0.1,bottom,linear_interpolation,0,0,0,0.0769000288234844,0.02993971317926273,0.04696031564422167,0.6106591337290498,0.0,ToeSegmentation1,HYDRA
43,0.1,random,linear_interpolation,0,0,1,0.0769000288234844,,0.17032531757887404,0.6,0.8,ToeSegmentation1,HYDRA
43,0.2,top,linear_interpolation,0,0,1,0.0769000288234844,-0.16210052931206814,0.23900055813555254,1.0,1.0,ToeSegmentation1,HYDRA
43,0.2,bottom,linear_interpolation,0,0,1,0.0769000288234844,-0.40947455118942616,0.48637458001291056,1.0,1.0,ToeSegmentation1,HYDRA
43,0.2,random,linear_interpolation,0,0,1,0.0769000288234844,,0.2419826704545373,0.21409956984149642,0.6,ToeSegmentation1,HYDRA
44,0.05,top,linear_interpolation,0,0,0,0.4548905831354758,0.47114257598065923,-0.016251992845183416,-0.03572717862388597,0.0,ToeSegmentation1,HYDRA
44,0.05,bottom,linear_interpolation,0,0,0,0.4548905831354758,0.47317335745841327,-0.018282774322937456,-0.0401914983718054,0.0,ToeSegmentation1,HYDRA
44,0.05,random,linear_interpolation,0,0,0,0.4548905831354758,,0.030602490953529106,0.06727425190545913,0.0,ToeSegmentation1,HYDRA
44,0.1,top,linear_interpolation,0,0,0,0.4548905831354758,0.37904298168844686,0.07584760144702896,0.16673775523439402,0.0,ToeSegmentation1,HYDRA
44,0.1,bottom,linear_interpolation,0,0,0,0.4548905831354758,0.5510004227636117,-0.0961098396281359,-0.2112807604960949,0.0,ToeSegmentation1,HYDRA
44,0.1,random,linear_interpolation,0,0,0,0.4548905831354758,,0.1539099682408625,0.329846421525733,0.2,ToeSegmentation1,HYDRA
44,0.2,top,linear_interpolation,0,0,0,0.4548905831354758,0.1536482793441408,0.301242303791335,0.662228792440899,0.0,ToeSegmentation1,HYDRA
44,0.2,bottom,linear_interpolation,0,0,0,0.4548905831354758,0.533142735741078,-0.07825215260560214,-0.1720237425942812,0.0,ToeSegmentation1,HYDRA
44,0.2,random,linear_interpolation,0,0,1,0.4548905831354758,,0.47879493486285457,0.8655431149138207,0.8,ToeSegmentation1,HYDRA
45,0.05,top,linear_interpolation,0,0,0,0.4596724849844863,0.4270299043833379,0.03264258060114844,0.07101253752378192,0.0,ToeSegmentation1,HYDRA
45,0.05,bottom,linear_interpolation,0,0,0,0.4596724849844863,0.44662924887257954,0.013043236111906775,0.02837500212209755,0.0,ToeSegmentation1,HYDRA
45,0.05,random,linear_interpolation,0,0,0,0.4596724849844863,,0.05811693833710062,0.1264309128882255,0.0,ToeSegmentation1,HYDRA
45,0.1,top,linear_interpolation,0,0,0,0.4596724849844863,0.2614699452204017,0.19820253976408464,0.4311811453966588,0.0,ToeSegmentation1,HYDRA
45,0.1,bottom,linear_interpolation,0,0,0,0.4596724849844863,0.20700344209867114,0.25266904288581515,0.5496706926533789,0.0,ToeSegmentation1,HYDRA
45,0.1,random,linear_interpolation,0,0,0,0.4596724849844863,,0.2246451121468624,0.48870583030135845,0.0,ToeSegmentation1,HYDRA
45,0.2,top,linear_interpolation,0,0,0,0.4596724849844863,0.2516350308306631,0.20803745415382324,0.4525765808764114,0.0,ToeSegmentation1,HYDRA
45,0.2,bottom,linear_interpolation,0,0,0,0.4596724849844863,0.14761422650444198,0.3120582584800443,0.6788693902816172,0.0,ToeSegmentation1,HYDRA
45,0.2,random,linear_interpolation,0,0,0,0.4596724849844863,,0.1746315873801312,0.35917423508595103,0.2,ToeSegmentation1,HYDRA
46,0.05,top,linear_interpolation,0,0,0,0.47231640524492696,0.4150239982985768,0.05729240694635018,0.1213006472133721,0.0,ToeSegmentation1,HYDRA
46,0.05,bottom,linear_interpolation,0,0,0,0.47231640524492696,0.6163259871915947,-0.14400958194666774,-0.3049000107713361,0.0,ToeSegmentation1,HYDRA
46,0.05,random,linear_interpolation,0,0,0,0.47231640524492696,,0.08128193878793946,0.17209177109573076,0.0,ToeSegmentation1,HYDRA
46,0.1,top,linear_interpolation,0,0,0,0.47231640524492696,0.0999731185974928,0.37234328664743416,0.7883327662980157,0.0,ToeSegmentation1,HYDRA
46,0.1,bottom,linear_interpolation,0,0,0,0.47231640524492696,0.6372939086962687,-0.1649775034513417,-0.3492937198996304,0.0,ToeSegmentation1,HYDRA
46,0.1,random,linear_interpolation,0,0,0,0.47231640524492696,,0.1469973790859369,0.3112258355368237,0.0,ToeSegmentation1,HYDRA
46,0.2,top,linear_interpolation,0,0,1,0.47231640524492696,-0.04206039832456284,0.5143768035694898,1.0,1.0,ToeSegmentation1,HYDRA
46,0.2,bottom,linear_interpolation,0,0,0,0.47231640524492696,0.3467538535231023,0.12556255172182468,0.26584358384318363,0.0,ToeSegmentation1,HYDRA
46,0.2,random,linear_interpolation,0,0,0,0.47231640524492696,,0.4225947632502708,0.7935057212200582,0.4,ToeSegmentation1,HYDRA
47,0.05,top,linear_interpolation,0,0,0,0.8942544932049642,0.6825595007410096,0.21169499246395462,0.2367276400005674,0.0,ToeSegmentation1,HYDRA
47,0.05,bottom,linear_interpolation,0,0,0,0.8942544932049642,0.9198308915515624,-0.025576398346598195,-0.02860077297924527,0.0,ToeSegmentation1,HYDRA
47,0.05,random,linear_interpolation,0,0,0,0.8942544932049642,,0.07779304993091851,0.08699197323587284,0.0,ToeSegmentation1,HYDRA
47,0.1,top,linear_interpolation,0,0,0,0.8942544932049642,0.16728424547877455,0.7269702477261897,0.812933499710208,0.0,ToeSegmentation1,HYDRA
47,0.1,bottom,linear_interpolation,0,0,0,0.8942544932049642,0.9501573779438592,-0.05590288473889504,-0.06251332551343025,0.0,ToeSegmentation1,HYDRA
47,0.1,random,linear_interpolation,0,0,0,0.8942544932049642,,0.40429740206584563,0.4521050249485918,0.0,ToeSegmentation1,HYDRA
47,0.2,top,linear_interpolation,0,0,0,0.8942544932049642,0.5261085294043689,0.3681459638005953,0.41167872783333953,0.0,ToeSegmentation1,HYDRA
47,0.2,bottom,linear_interpolation,0,0,0,0.8942544932049642,0.8371429896838544,0.05711150352110983,0.06386486183766703,0.0,ToeSegmentation1,HYDRA
47,0.2,random,linear_interpolation,0,0,0,0.8942544932049642,,0.51371450328409,0.5744605509136594,0.0,ToeSegmentation1,HYDRA
48,0.05,top,linear_interpolation,0,0,1,0.3979831758200943,-0.09445514019306422,0.4924383160131585,1.0,1.0,ToeSegmentation1,HYDRA
48,0.05,bottom,linear_interpolation,0,0,0,0.3979831758200943,0.49495374019981486,-0.09697056437972057,-0.24365432163201228,0.0,ToeSegmentation1,HYDRA
48,0.05,random,linear_interpolation,0,0,0,0.3979831758200943,,0.015747040315519878,0.039567001082571204,0.0,ToeSegmentation1,HYDRA
48,0.1,top,linear_interpolation,0,0,1,0.3979831758200943,-0.18195064507114686,0.5799338208912411,1.0,1.0,ToeSegmentation1,HYDRA
48,0.1,bottom,linear_interpolation,0,0,0,0.3979831758200943,0.5187507839768221,-0.12076760815672777,-0.3034482662730788,0.0,ToeSegmentation1,HYDRA
48,0.1,random,linear_interpolation,0,0,0,0.3979831758200943,,0.17517130139378043,0.4401463978632288,0.0,ToeSegmentation1,HYDRA
48,0.2,top,linear_interpolation,0,0,1,0.3979831758200943,-0.27397847807739834,0.6719616538974926,1.0,1.0,ToeSegmentation1,HYDRA
48,0.2,bottom,linear_interpolation,0,0,0,0.3979831758200943,0.553069994795891,-0.15508681897579674,-0.3896808677285264,0.0,ToeSegmentation1,HYDRA
48,0.2,random,linear_interpolation,0,0,0,0.3979831758200943,,0.15143197817139636,0.2975029053292334,0.2,ToeSegmentation1,HYDRA
49,0.05,top,linear_interpolation,0,0,0,0.8685548024803669,0.6582064570548991,0.21034834542546776,0.2421817283642205,0.0,ToeSegmentation1,HYDRA
49,0.05,bottom,linear_interpolation,0,0,0,0.8685548024803669,0.8569416641791673,0.011613138301199588,0.013370630036706358,0.0,ToeSegmentation1,HYDRA
49,0.05,random,linear_interpolation,0,0,0,0.8685548024803669,,0.09623236774757311,0.11079583772598005,0.0,ToeSegmentation1,HYDRA
49,0.1,top,linear_interpolation,0,0,0,0.8685548024803669,0.7465580172878739,0.12199678519249302,0.14045935200030013,0.0,ToeSegmentation1,HYDRA
49,0.1,bottom,linear_interpolation,0,0,0,0.8685548024803669,0.9298688422711945,-0.06131403979082761,-0.07059309213723614,0.0,ToeSegmentation1,HYDRA
49,0.1,random,linear_interpolation,0,0,0,0.8685548024803669,,0.23278911040498862,0.26801860023294316,0.0,ToeSegmentation1,HYDRA
49,0.2,top,linear_interpolation,0,0,0,0.8685548024803669,0.4376556039608058,0.4308991985195611,0.4961099762260828,0.0,ToeSegmentation1,HYDRA
49,0.2,bottom,linear_interpolation,0,0,0,0.8685548024803669,0.759517157576052,0.10903764490431489,0.12553902074332135,0.0,ToeSegmentation1,HYDRA
49,0.2,random,linear_interpolation,0,0,0,0.8685548024803669,,0.20771547626459572,0.2391504099925589,0.0,ToeSegmentation1,HYDRA
50,0.05,top,linear_interpolation,0,0,0,0.2574452473484672,0.2254361508858387,0.03200909646262848,0.12433312503989412,0.0,ToeSegmentation1,HYDRA
50,0.05,bottom,linear_interpolation,0,0,0,0.2574452473484672,0.2680545536329536,-0.01060930628448642,-0.041209791922607285,0.0,ToeSegmentation1,HYDRA
50,0.05,random,linear_interpolation,0,0,0,0.2574452473484672,,0.0012842127419627092,0.004988275242654677,0.0,ToeSegmentation1,HYDRA
50,0.1,top,linear_interpolation,0,0,0,0.2574452473484672,0.17563944755402364,0.08180579979444355,0.3177587579426437,0.0,ToeSegmentation1,HYDRA
50,0.1,bottom,linear_interpolation,0,0,1,0.2574452473484672,-0.0014331011606611725,0.2588783485091284,1.0,1.0,ToeSegmentation1,HYDRA
50,0.1,random,linear_interpolation,0,0,0,0.2574452473484672,,0.17332532665962858,0.585932840820176,0.2,ToeSegmentation1,HYDRA
50,0.2,top,linear_interpolation,0,0,0,0.2574452473484672,0.061587832878354065,0.19585741447011312,0.7607701276958593,0.0,ToeSegmentation1,HYDRA
50,0.2,bottom,linear_interpolation,0,0,0,0.2574452473484672,0.3349033242788002,-0.07745807693033302,-0.30087087199018053,0.0,ToeSegmentation1,HYDRA
50,0.2,random,linear_interpolation,0,0,0,0.2574452473484672,,0.07246256841771789,0.17699865351930055,0.2,ToeSegmentation1,HYDRA
51,0.05,top,linear_interpolation,0,0,0,0.7553907336577856,0.7481452009426733,0.007245532715112302,0.00959175536648742,0.0,ToeSegmentation1,HYDRA
51,0.05,bottom,linear_interpolation,0,0,0,0.7553907336577856,0.7998948444585898,-0.044504110800804186,-0.05891527378159772,0.0,ToeSegmentation1,HYDRA
51,0.05,random,linear_interpolation,0,0,0,0.7553907336577856,,0.10174790827752293,0.134695554298477,0.0,ToeSegmentation1,HYDRA
51,0.1,top,linear_interpolation,0,0,0,0.7553907336577856,0.6799151206606256,0.07547561299715999,0.09991585773872477,0.0,ToeSegmentation1,HYDRA
51,0.1,bottom,linear_interpolation,0,0,0,0.7553907336577856,0.5292425928054585,0.22614814085232715,0.29937862803616383,0.0,ToeSegmentation1,HYDRA
51,0.1,random,linear_interpolation,0,0,0,0.7553907336577856,,0.17516879538826907,0.2318913321172583,0.0,ToeSegmentation1,HYDRA
51,0.2,top,linear_interpolation,0,0,0,0.7553907336577856,0.5080485920921408,0.24734214156564482,0.32743559473169714,0.0,ToeSegmentation1,HYDRA
51,0.2,bottom,linear_interpolation,0,0,0,0.7553907336577856,0.09751956477100994,0.6578711688867757,0.8709006725572805,0.0,ToeSegmentation1,HYDRA
51,0.2,random,linear_interpolation,0,0,0,0.7553907336577856,,0.37844968489143477,0.5009979167482965,0.0,ToeSegmentation1,HYDRA
52,0.05,top,linear_interpolation,0,0,0,0.7674979462211164,0.7154124831901059,0.05208546303101058,0.06786388865738555,0.0,ToeSegmentation1,HYDRA
52,0.05,bottom,linear_interpolation,0,0,0,0.7674979462211164,0.7751597842875976,-0.00766183806648113,-0.009982864607443714,0.0,ToeSegmentation1,HYDRA
52,0.05,random,linear_interpolation,0,0,0,0.7674979462211164,,0.05995460519744322,0.07811685669750783,0.0,ToeSegmentation1,HYDRA
52,0.1,top,linear_interpolation,0,0,0,0.7674979462211164,0.17156973900326397,0.5959282072178524,0.776454756259907,0.0,ToeSegmentation1,HYDRA
52,0.1,bottom,linear_interpolation,0,0,0,0.7674979462211164,0.5733342561615017,0.19416369005961476,0.2529823539375599,0.0,ToeSegmentation1,HYDRA
52,0.1,random,linear_interpolation,0,0,0,0.7674979462211164,,0.24908629067904364,0.32454284387679394,0.0,ToeSegmentation1,HYDRA
52,0.2,top,linear_interpolation,0,0,0,0.7674979462211164,0.282025389817358,0.48547255640375847,0.6325384012499918,0.0,ToeSegmentation1,HYDRA
52,0.2,bottom,linear_interpolation,0,0,0,0.7674979462211164,0.723468692283805,0.0440292539373115,0.057367184872494495,0.0,ToeSegmentation1,HYDRA
52,0.2,random,linear_interpolation,0,0,0,0.7674979462211164,,0.215266360655263,0.2804777279697329,0.0,ToeSegmentation1,HYDRA
53,0.05,top,linear_interpolation,0,0,0,0.2731036755943644,0.19203308822962026,0.08107058736474412,0.2968480389004993,0.0,ToeSegmentation1,HYDRA
53,0.05,bottom,linear_interpolation,0,0,0,0.2731036755943644,0.27026615161591955,0.0028375239784448336,0.010389876966659254,0.0,ToeSegmentation1,HYDRA
53,0.05,random,linear_interpolation,0,0,0,0.2731036755943644,,0.14688505566489107,0.4536502804226236,0.2,ToeSegmentation1,HYDRA
53,0.1,top,linear_interpolation,0,0,1,0.2731036755943644,-0.2742497905816865,0.5473534661760509,1.0,1.0,ToeSegmentation1,HYDRA
53,0.1,bottom,linear_interpolation,0,0,0,0.2731036755943644,0.26294758481552727,0.010156090778837112,0.03718753901497353,0.0,ToeSegmentation1,HYDRA
53,0.1,random,linear_interpolation,0,0,0,0.2731036755943644,,0.2520786142230359,0.5160673591102615,0.4,ToeSegmentation1,HYDRA
53,0.2,top,linear_interpolation,0,0,1,0.2731036755943644,-0.3422001513466565,0.6153038269410209,1.0,1.0,ToeSegmentation1,HYDRA
53,0.2,bottom,linear_interpolation,0,0,0,0.2731036755943644,0.32951028367783497,-0.05640660808347059,-0.2065384196030753,0.0,ToeSegmentation1,HYDRA
53,0.2,random,linear_interpolation,0,0,1,0.2731036755943644,,0.4931214922037608,0.8500708681038361,0.8,ToeSegmentation1,HYDRA
0,0.05,top,blur,0,0,0,0.5417469782437004,0.5272639000129073,0.01448307823079309,0.026733977444172403,0.0,ToeSegmentation1,HYDRA
0,0.05,bottom,blur,0,0,0,0.5417469782437004,0.6086834525567859,-0.06693647431308547,-0.12355648198279884,0.0,ToeSegmentation1,HYDRA
0,0.05,random,blur,0,0,0,0.5417469782437004,,-0.02781151608123509,-0.05133663105010117,0.0,ToeSegmentation1,HYDRA
0,0.1,top,blur,0,0,0,0.5417469782437004,0.5525763403986615,-0.010829362154961109,-0.01998966787115469,0.0,ToeSegmentation1,HYDRA
0,0.1,bottom,blur,0,0,0,0.5417469782437004,0.623062416277203,-0.08131543803350261,-0.15009827687243088,0.0,ToeSegmentation1,HYDRA
0,0.1,random,blur,0,0,0,0.5417469782437004,,-0.04583281670020674,-0.08460173095392569,0.0,ToeSegmentation1,HYDRA
0,0.2,top,blur,0,0,0,0.5417469782437004,0.5957267747256125,-0.05397979648191209,-0.09964005155480204,0.0,ToeSegmentation1,HYDRA
0,0.2,bottom,blur,0,0,0,0.5417469782437004,0.6867029047591738,-0.1449559265154734,-0.2675707752254246,0.0,ToeSegmentation1,HYDRA
0,0.2,random,blur,0,0,0,0.5417469782437004,,-0.0955290443194408,-0.1763348423175249,0.0,ToeSegmentation1,HYDRA
1,0.05,top,blur,0,0,0,0.7725811232295394,0.7733910598573482,-0.000809936627808816,-0.0010483502057012757,0.0,ToeSegmentation1,HYDRA
1,0.05,bottom,blur,0,0,0,0.7725811232295394,0.7769717320737373,-0.004390608844197841,-0.0056830318903112395,0.0,ToeSegmentation1,HYDRA
1,0.05,random,blur,0,0,0,0.7725811232295394,,-0.01869775340092461,-0.024201638685042916,0.0,ToeSegmentation1,HYDRA
1,0.1,top,blur,0,0,0,0.7725811232295394,0.8104082641151538,-0.03782714088561434,-0.048961967599625185,0.0,ToeSegmentation1,HYDRA
1,0.1,bottom,blur,0,0,0,0.7725811232295394,0.8402172474548135,-0.0676361242252741,-0.08754554654014295,0.0,ToeSegmentation1,HYDRA
1,0.1,random,blur,0,0,0,0.7725811232295394,,-0.029503760995914695,-0.03818851110945124,0.0,ToeSegmentation1,HYDRA
1,0.2,top,blur,0,0,0,0.7725811232295394,0.8654392849360416,-0.09285816170650218,-0.12019196265937077,0.0,ToeSegmentation1,HYDRA
1,0.2,bottom,blur,0,0,0,0.7725811232295394,0.8716456755743404,-0.09906455234480094,-0.12822527128985636,0.0,ToeSegmentation1,HYDRA
1,0.2,random,blur,0,0,0,0.7725811232295394,,-0.07008793578559173,-0.09071907526491929,0.0,ToeSegmentation1,HYDRA
2,0.05,top,blur,0,0,0,0.8441276029920879,0.8644375388202048,-0.02030993582811691,-0.024060238873705453,0.0,ToeSegmentation1,HYDRA
2,0.05,bottom,blur,0,0,0,0.8441276029920879,0.8260745631976442,0.018053039794443726,0.021386598831568012,0.0,ToeSegmentation1,HYDRA
2,0.05,random,blur,0,0,0,0.8441276029920879,,-0.03227943960013262,-0.038239954771956915,0.0,ToeSegmentation1,HYDRA
2,0.1,top,blur,0,0,0,0.8441276029920879,0.8903529243155146,-0.046225321323426716,-0.05476099395231604,0.0,ToeSegmentation1,HYDRA
2,0.1,bottom,blur,0,0,0,0.8441276029920879,0.8804992201926563,-0.03637161720056836,-0.043087767754399,0.0,ToeSegmentation1,HYDRA
2,0.1,random,blur,0,0,0,0.8441276029920879,,-0.056049923776497756,-0.06639974475195352,0.0,ToeSegmentation1,HYDRA
2,0.2,top,blur,0,0,0,0.8441276029920879,1.0029020799740596,-0.15877447698197167,-0.1880927579271471,0.0,ToeSegmentation1,HYDRA
2,0.2,bottom,blur,0,0,0,0.8441276029920879,0.9029457295288661,-0.058818126536778204,-0.06967910615549834,0.0,ToeSegmentation1,HYDRA
2,0.2,random,blur,0,0,0,0.8441276029920879,,-0.12837244857752034,-0.15207688511263917,0.0,ToeSegmentation1,HYDRA
3,0.05,top,blur,0,0,0,0.6460222032550471,0.6498385501774293,-0.0038163469223821966,-0.005907445588878515,0.0,ToeSegmentation1,HYDRA
3,0.05,bottom,blur,0,0,0,0.6460222032550471,0.637267538281215,0.00875466497383215,0.013551626210515299,0.0,ToeSegmentation1,HYDRA
3,0.05,random,blur,0,0,0,0.6460222032550471,,-0.01108893734821792,-0.017164921155068878,0.0,ToeSegmentation1,HYDRA
3,0.1,top,blur,0,0,0,0.6460222032550471,0.6949235700259039,-0.04890136677085677,-0.07569599129638495,0.0,ToeSegmentation1,HYDRA
3,0.1,bottom,blur,0,0,0,0.6460222032550471,0.6799244243415795,-0.0339022210865324,-0.0524783334649792,0.0,ToeSegmentation1,HYDRA
3,0.1,random,blur,0,0,0,0.6460222032550471,,-0.041220190324567516,-0.0638060523474634,0.0,ToeSegmentation1,HYDRA
3,0.2,top,blur,0,0,0,0.6460222032550471,0.7886997190774804,-0.14267751582243327,-0.2208550948379865,0.0,ToeSegmentation1,HYDRA
3,0.2,bottom,blur,0,0,0,0.6460222032550471,0.7317925799549838,-0.0857703766999367,-0.1327667121982226,0.0,ToeSegmentation1,HYDRA
3,0.2,random,blur,0,0,0,0.6460222032550471,,-0.07620394382567983,-0.11795852446432153,0.0,ToeSegmentation1,HYDRA
4,0.05,top,blur,0,0,0,1.3123886746870983,1.3430849992706746,-0.030696324583576295,-0.02338964194525148,0.0,ToeSegmentation1,HYDRA
4,0.05,bottom,blur,0,0,0,1.3123886746870983,1.291417537361667,0.02097113732543132,0.01597935257333634,0.0,ToeSegmentation1,HYDRA
4,0.05,random,blur,0,0,0,1.3123886746870983,,-0.013774697130093605,-0.010495889594207443,0.0,ToeSegmentation1,HYDRA
4,0.1,top,blur,0,0,0,1.3123886746870983,1.3040907816904037,0.008297892996694589,0.006322735660559798,0.0,ToeSegmentation1,HYDRA
4,0.1,bottom,blur,0,0,0,1.3123886746870983,1.2986279756158767,0.013760699071221572,0.010485223509932305,0.0,ToeSegmentation1,HYDRA
4,0.1,random,blur,0,0,0,1.3123886746870983,,-0.0441312806673122,-0.033626659458315264,0.0,ToeSegmentation1,HYDRA
4,0.2,top,blur,0,0,0,1.3123886746870983,1.3798389789203545,-0.06745030423325615,-0.05139502811871615,0.0,ToeSegmentation1,HYDRA
4,0.2,bottom,blur,0,0,0,1.3123886746870983,1.3510845341074382,-0.03869585942033993,-0.029485037993434268,0.0,ToeSegmentation1,HYDRA
4,0.2,random,blur,0,0,0,1.3123886746870983,,-0.024401151398106658,-0.018592916318032154,0.0,ToeSegmentation1,HYDRA
5,0.05,top,blur,0,0,0,0.9911554762266862,1.0225933180513473,-0.03143784182466114,-0.03171834375167925,0.0,ToeSegmentation1,HYDRA
5,0.05,bottom,blur,0,0,0,0.9911554762266862,0.9741000560181482,0.017055420208538008,0.017207595992781752,0.0,ToeSegmentation1,HYDRA
5,0.05,random,blur,0,0,0,0.9911554762266862,,-0.018456758695681353,-0.018621437823769137,0.0,ToeSegmentation1,HYDRA
5,0.1,top,blur,0,0,0,0.9911554762266862,1.0435865365915225,-0.052431060364836246,-0.05289887280406046,0.0,ToeSegmentation1,HYDRA
5,0.1,bottom,blur,0,0,0,0.9911554762266862,1.0078242831938387,-0.01666880696715245,-0.016817533222009788,0.0,ToeSegmentation1,HYDRA
5,0.1,random,blur,0,0,0,0.9911554762266862,,-0.036338630435761285,-0.03666285930361042,0.0,ToeSegmentation1,HYDRA
5,0.2,top,blur,0,0,0,0.9911554762266862,1.098152678424704,-0.10699720219801778,-0.10795187719032426,0.0,ToeSegmentation1,HYDRA
5,0.2,bottom,blur,0,0,0,0.9911554762266862,1.0444442319888243,-0.053288755762138096,-0.05376422092806917,0.0,ToeSegmentation1,HYDRA
5,0.2,random,blur,0,0,0,0.9911554762266862,,-0.09779395910531548,-0.0986665188100422,0.0,ToeSegmentation1,HYDRA
6,0.05,top,blur,0,0,0,0.41560662088197226,0.39894926102296624,0.016657359859006016,0.04007953420983229,0.0,ToeSegmentation1,HYDRA
6,0.05,bottom,blur,0,0,0,0.41560662088197226,0.44702731985245775,-0.031420698970485494,-0.07560183546155091,0.0,ToeSegmentation1,HYDRA
6,0.05,random,blur,0,0,0,0.41560662088197226,,-0.02560097647190034,-0.061598910091137916,0.0,ToeSegmentation1,HYDRA
6,0.1,top,blur,0,0,0,0.41560662088197226,0.4287932160442146,-0.013186595162242354,-0.031728472962691885,0.0,ToeSegmentation1,HYDRA
6,0.1,bottom,blur,0,0,0,0.41560662088197226,0.5705582616703218,-0.1549516407883495,-0.3728315675721307,0.0,ToeSegmentation1,HYDRA
6,0.1,random,blur,0,0,0,0.41560662088197226,,-0.052980257335624545,-0.12747662620621272,0.0,ToeSegmentation1,HYDRA
6,0.2,top,blur,0,0,0,0.41560662088197226,0.5631175052467141,-0.14751088436474186,-0.3549282471089077,0.0,ToeSegmentation1,HYDRA
6,0.2,bottom,blur,0,0,0,0.41560662088197226,0.677964747840833,-0.2623581269588608,-0.6312639946353811,0.0,ToeSegmentation1,HYDRA
6,0.2,random,blur,0,0,0,0.41560662088197226,,-0.1486583571104993,-0.3576891992380394,0.0,ToeSegmentation1,HYDRA
7,0.05,top,blur,0,0,0,1.0641748404916036,1.0544635427324391,0.009711297759164461,0.009125651409900697,0.0,ToeSegmentation1,HYDRA
7,0.05,bottom,blur,0,0,0,1.0641748404916036,1.099532584278824,-0.03535774378722034,-0.03322547124438249,0.0,ToeSegmentation1,HYDRA
7,0.05,random,blur,0,0,0,1.0641748404916036,,-0.02111466090165619,-0.019841327061044838,0.0,ToeSegmentation1,HYDRA
7,0.1,top,blur,0,0,0,1.0641748404916036,1.0738884568194738,-0.009713616327870156,-0.009127830155759674,0.0,ToeSegmentation1,HYDRA
7,0.1,bottom,blur,0,0,0,1.0641748404916036,1.1118753511127946,-0.04770051062119096,-0.04482389921495998,0.0,ToeSegmentation1,HYDRA
7,0.1,random,blur,0,0,0,1.0641748404916036,,-0.030177186048392278,-0.028357330527680198,0.0,ToeSegmentation1,HYDRA
7,0.2,top,blur,0,0,0,1.0641748404916036,1.1175928797260055,-0.053418039234401915,-0.05019662841596279,0.0,ToeSegmentation1,HYDRA
7,0.2,bottom,blur,0,0,0,1.0641748404916036,1.1466453282459563,-0.08247048775435273,-0.07749704946905664,0.0,ToeSegmentation1,HYDRA
7,0.2,random,blur,0,0,0,1.0641748404916036,,-0.05469268869114154,-0.051394409279086686,0.0,ToeSegmentation1,HYDRA
8,0.05,top,blur,0,0,0,0.2693536203522521,0.28827004249841526,-0.01891642214616318,-0.07022869004966383,0.0,ToeSegmentation1,HYDRA
8,0.05,bottom,blur,0,0,0,0.2693536203522521,0.27313202680120957,-0.0037784064489574942,-0.01402762812836191,0.0,ToeSegmentation1,HYDRA
8,0.05,random,blur,0,0,0,0.2693536203522521,,-0.035964115229184176,-0.13351957795322625,0.0,ToeSegmentation1,HYDRA
8,0.1,top,blur,0,0,0,0.2693536203522521,0.32339164717199154,-0.05403802681973946,-0.2006203819673504,0.0,ToeSegmentation1,HYDRA
8,0.1,bottom,blur,0,0,0,0.2693536203522521,0.33046680532340184,-0.06111318497114976,-0.22688745747605216,0.0,ToeSegmentation1,HYDRA
8,0.1,random,blur,0,0,0,0.2693536203522521,,-0.04398346631649497,-0.16329204325129085,0.0,ToeSegmentation1,HYDRA
8,0.2,top,blur,0,0,0,0.2693536203522521,0.3515923482586754,-0.08223872790642334,-0.30531768045736346,0.0,ToeSegmentation1,HYDRA
8,0.2,bottom,blur,0,0,0,0.2693536203522521,0.3251710940086965,-0.055817473656444405,-0.2072267168962922,0.0,ToeSegmentation1,HYDRA
8,0.2,random,blur,0,0,0,0.2693536203522521,,-0.11766425282972917,-0.436837699965392,0.0,ToeSegmentation1,HYDRA
9,0.05,top,blur,0,0,0,0.48793482239215846,0.5040436360695244,-0.01610881367736594,-0.03301420584041305,0.0,ToeSegmentation1,HYDRA
9,0.05,bottom,blur,0,0,0,0.48793482239215846,0.55079025759351,-0.0628554352013515,-0.1288190625012853,0.0,ToeSegmentation1,HYDRA
9,0.05,random,blur,0,0,0,0.48793482239215846,,-0.016952813888821604,-0.034743941950620874,0.0,ToeSegmentation1,HYDRA
9,0.1,top,blur,0,0,0,0.48793482239215846,0.5393380422920703,-0.05140321989991181,-0.10534832152290426,0.0,ToeSegmentation1,HYDRA
9,0.1,bottom,blur,0,0,0,0.48793482239215846,0.612729971532324,-0.12479514914016554,-0.255761400194689,0.0,ToeSegmentation1,HYDRA
9,0.1,random,blur,0,0,0,0.48793482239215846,,-0.021242218419179504,-0.043534861439435246,0.0,ToeSegmentation1,HYDRA
9,0.2,top,blur,0,0,0,0.48793482239215846,0.5939645290183946,-0.10602970662623612,-0.2173025667728472,0.0,ToeSegmentation1,HYDRA
9,0.2,bottom,blur,0,0,0,0.48793482239215846,0.6511335880530411,-0.16319876566088265,-0.3344676864690585,0.0,ToeSegmentation1,HYDRA
9,0.2,random,blur,0,0,0,0.48793482239215846,,-0.15743949732340504,-0.32266435481523115,0.0,ToeSegmentation1,HYDRA
10,0.05,top,blur,0,0,0,0.9037764562530346,0.9103617905060483,-0.006585334253013664,-0.007286455539968611,0.0,ToeSegmentation1,HYDRA
10,0.05,bottom,blur,0,0,0,0.9037764562530346,0.9619968811470185,-0.058220424893983935,-0.06441898333618504,0.0,ToeSegmentation1,HYDRA
10,0.05,random,blur,0,0,0,0.9037764562530346,,-0.03943804161363429,-0.043636894614676736,0.0,ToeSegmentation1,HYDRA
10,0.1,top,blur,0,0,0,0.9037764562530346,0.9514084618874654,-0.04763200563443082,-0.05270324603128303,0.0,ToeSegmentation1,HYDRA
10,0.1,bottom,blur,0,0,0,0.9037764562530346,0.9691618531268942,-0.06538539687385958,-0.07234678893733475,0.0,ToeSegmentation1,HYDRA
10,0.1,random,blur,0,0,0,0.9037764562530346,,-0.04620995686065978,-0.05112979588165582,0.0,ToeSegmentation1,HYDRA
10,0.2,top,blur,0,0,0,0.9037764562530346,1.0009624623129203,-0.0971860060598857,-0.1075331160204068,0.0,ToeSegmentation1,HYDRA
10,0.2,bottom,blur,0,0,0,0.9037764562530346,1.016520990237703,-0.11274453398466844,-0.12474811493096465,0.0,ToeSegmentation1,HYDRA
10,0.2,random,blur,0,0,0,0.9037764562530346,,-0.13920164838695856,-0.1540220409613599,0.0,ToeSegmentation1,HYDRA
11,0.05,top,blur,0,0,0,0.40393779429015464,0.4332585518345913,-0.029320757544436638,-0.07258712943371105,0.0,ToeSegmentation1,HYDRA
11,0.05,bottom,blur,0,0,0,0.40393779429015464,0.3949898237018171,0.008947970588337517,0.02215179803183269,0.0,ToeSegmentation1,HYDRA
11,0.05,random,blur,0,0,0,0.40393779429015464,,-0.00387574485775507,-0.009594881483384016,0.0,ToeSegmentation1,HYDRA
11,0.1,top,blur,0,0,0,0.40393779429015464,0.45157699248491523,-0.04763919819476059,-0.11793667473429334,0.0,ToeSegmentation1,HYDRA
11,0.1,bottom,blur,0,0,0,0.40393779429015464,0.40016855563783016,0.0037692386523244803,0.009331212316331732,0.0,ToeSegmentation1,HYDRA
11,0.1,random,blur,0,0,0,0.40393779429015464,,-0.05268714761301222,-0.13043349229578166,0.0,ToeSegmentation1,HYDRA
11,0.2,top,blur,0,0,0,0.40393779429015464,0.4519876078198525,-0.04804981352969784,-0.1189532033290742,0.0,ToeSegmentation1,HYDRA
11,0.2,bottom,blur,0,0,0,0.40393779429015464,0.5516636695020558,-0.14772587521190117,-0.36571351229460697,0.0,ToeSegmentation1,HYDRA
11,0.2,random,blur,0,0,0,0.40393779429015464,,-0.16770925024315558,-0.41518480674249825,0.0,ToeSegmentation1,HYDRA
14,0.05,top,blur,0,0,0,1.2444440590892998,1.269007011147541,-0.024562952058241327,-0.019738076726518405,0.0,ToeSegmentation1,HYDRA
14,0.05,bottom,blur,0,0,0,1.2444440590892998,1.288940714975273,-0.04449665588597318,-0.03575622367654895,0.0,ToeSegmentation1,HYDRA
14,0.05,random,blur,0,0,0,1.2444440590892998,,-0.005165506576167811,-0.004150851448554903,0.0,ToeSegmentation1,HYDRA
14,0.1,top,blur,0,0,0,1.2444440590892998,1.2991025638713902,-0.054658504782090445,-0.0439219910777662,0.0,ToeSegmentation1,HYDRA
14,0.1,bottom,blur,0,0,0,1.2444440590892998,1.2884254911697155,-0.04398143208041572,-0.035342204751571654,0.0,ToeSegmentation1,HYDRA
14,0.1,random,blur,0,0,0,1.2444440590892998,,-0.029616190039996892,-0.023798712384836326,0.0,ToeSegmentation1,HYDRA
14,0.2,top,blur,0,0,0,1.2444440590892998,1.3659372977045356,-0.12149323861523587,-0.09762844709604626,0.0,ToeSegmentation1,HYDRA
14,0.2,bottom,blur,0,0,0,1.2444440590892998,1.3160763089516545,-0.07163224986235472,-0.05756160092336748,0.0,ToeSegmentation1,HYDRA
14,0.2,random,blur,0,0,0,1.2444440590892998,,-0.049949364098121986,-0.04013786204002895,0.0,ToeSegmentation1,HYDRA
15,0.05,top,blur,0,0,0,0.9813258634606179,1.002508151365008,-0.02118228790439014,-0.021585354170058565,0.0,ToeSegmentation1,HYDRA
15,0.05,bottom,blur,0,0,0,0.9813258634606179,0.9749554732409518,0.006370390219666122,0.006491608919377937,0.0,ToeSegmentation1,HYDRA
15,0.05,random,blur,0,0,0,0.9813258634606179,,0.0009012029030656344,0.0009183514042279151,0.0,ToeSegmentation1,HYDRA
15,0.1,top,blur,0,0,0,0.9813258634606179,1.013114509910826,-0.03178864645020818,-0.03239353535895933,0.0,ToeSegmentation1,HYDRA
15,0.1,bottom,blur,0,0,0,0.9813258634606179,0.9943421073986272,-0.013016243938009264,-0.013263922982917124,0.0,ToeSegmentation1,HYDRA
15,0.1,random,blur,0,0,0,0.9813258634606179,,-0.015509732904900809,-0.015804859198703915,0.0,ToeSegmentation1,HYDRA
15,0.2,top,blur,0,0,0,0.9813258634606179,1.0557314856347573,-0.07440562217413937,-0.0758214463952921,0.0,ToeSegmentation1,HYDRA
15,0.2,bottom,blur,0,0,0,0.9813258634606179,1.0046490489675595,-0.02332318550694157,-0.023766989751705256,0.0,ToeSegmentation1,HYDRA
15,0.2,random,blur,0,0,0,0.9813258634606179,,-0.06182352858993325,-0.06299993497774488,0.0,ToeSegmentation1,HYDRA
16,0.05,top,blur,0,0,0,1.076186806592468,1.072773566310057,0.0034132402824109676,0.003171602820160457,0.0,ToeSegmentation1,HYDRA
16,0.05,bottom,blur,0,0,0,1.076186806592468,1.077490021514407,-0.0013032149219389666,-0.001210954922510537,0.0,ToeSegmentation1,HYDRA
16,0.05,random,blur,0,0,0,1.076186806592468,,-0.028474542017825975,-0.026458710871278945,0.0,ToeSegmentation1,HYDRA
16,0.1,top,blur,0,0,0,1.076186806592468,1.0491201308788423,0.027066675713625754,0.025150513272703706,0.0,ToeSegmentation1,HYDRA
16,0.1,bottom,blur,0,0,0,1.076186806592468,1.162796515004581,-0.0866097084121129,-0.08047824727390762,0.0,ToeSegmentation1,HYDRA
16,0.1,random,blur,0,0,0,1.076186806592468,,-0.008263152666818697,-0.00767816975457314,0.0,ToeSegmentation1,HYDRA
16,0.2,top,blur,0,0,0,1.076186806592468,1.1785059351724199,-0.10231912857995185,-0.09507553231245462,0.0,ToeSegmentation1,HYDRA
16,0.2,bottom,blur,0,0,0,1.076186806592468,1.0650212825778476,0.011165524014620454,0.010375070174762375,0.0,ToeSegmentation1,HYDRA
16,0.2,random,blur,0,0,0,1.076186806592468,,-0.041809459374688586,-0.0388495940193467,0.0,ToeSegmentation1,HYDRA
17,0.05,top,blur,0,0,0,1.1353797638709011,1.1494043883540461,-0.01402462448314501,-0.012352353438973434,0.0,ToeSegmentation1,HYDRA
17,0.05,bottom,blur,0,0,0,1.1353797638709011,1.128668847010369,0.006710916860532157,0.005910719182569509,0.0,ToeSegmentation1,HYDRA
17,0.05,random,blur,0,0,0,1.1353797638709011,,-0.03308063271599746,-0.02913615746246596,0.0,ToeSegmentation1,HYDRA
17,0.1,top,blur,0,0,0,1.1353797638709011,1.1577990957423712,-0.02241933187147005,-0.01974609098980582,0.0,ToeSegmentation1,HYDRA
17,0.1,bottom,blur,0,0,0,1.1353797638709011,1.1398466868511576,-0.004466922980256527,-0.003934295103809281,0.0,ToeSegmentation1,HYDRA
17,0.1,random,blur,0,0,0,1.1353797638709011,,-0.03186549450987379,-0.02806591015443439,0.0,ToeSegmentation1,HYDRA
17,0.2,top,blur,0,0,0,1.1353797638709011,1.2179449947099812,-0.08256523083908007,-0.07272030094783972,0.0,ToeSegmentation1,HYDRA
17,0.2,bottom,blur,0,0,0,1.1353797638709011,1.1814084868284118,-0.046028722957510704,-0.040540340670017216,0.0,ToeSegmentation1,HYDRA
17,0.2,random,blur,0,0,0,1.1353797638709011,,-0.10409952223143412,-0.0916868820962963,0.0,ToeSegmentation1,HYDRA
18,0.05,top,blur,0,0,0,0.31084479625513106,0.33790700488322156,-0.0270622086280905,-0.08705991509011372,0.0,ToeSegmentation1,HYDRA
18,0.05,bottom,blur,0,0,0,0.31084479625513106,0.31714215264669265,-0.006297356391561593,-0.0202587793286191,0.0,ToeSegmentation1,HYDRA
18,0.05,random,blur,0,0,0,0.31084479625513106,,-0.007347464259190218,-0.023637006990950858,0.0,ToeSegmentation1,HYDRA
18,0.1,top,blur,0,0,0,0.31084479625513106,0.32177494938756623,-0.010930153132435172,-0.035162621673236645,0.0,ToeSegmentation1,HYDRA
18,0.1,bottom,blur,0,0,0,0.31084479625513106,0.33674356717824716,-0.0258987709231161,-0.08331710203299426,0.0,ToeSegmentation1,HYDRA
18,0.1,random,blur,0,0,0,0.31084479625513106,,-0.06165433089549419,-0.19834378215264828,0.0,ToeSegmentation1,HYDRA
18,0.2,top,blur,0,0,0,0.31084479625513106,0.37793059837630016,-0.0670858021211691,-0.2158169836278162,0.0,ToeSegmentation1,HYDRA
18,0.2,bottom,blur,0,0,0,0.31084479625513106,0.4038034986674367,-0.09295870241230564,-0.2990508590825802,0.0,ToeSegmentation1,HYDRA
18,0.2,random,blur,0,0,0,0.31084479625513106,,-0.11996887716446089,-0.38594337967496517,0.0,ToeSegmentation1,HYDRA
19,0.05,top,blur,0,0,0,0.20391679445982538,0.2330706410997203,-0.029153846639894926,-0.14296862476922598,0.0,ToeSegmentation1,HYDRA
19,0.05,bottom,blur,0,0,0,0.20391679445982538,0.24887905357787957,-0.04496225911805418,-0.22049208229795936,0.0,ToeSegmentation1,HYDRA
19,0.05,random,blur,0,0,0,0.20391679445982538,,-0.025377954512362473,-0.12445188797568267,0.0,ToeSegmentation1,HYDRA
19,0.1,top,blur,0,0,0,0.20391679445982538,0.23946525695014073,-0.03554846249031535,-0.17432741749920644,0.0,ToeSegmentation1,HYDRA
19,0.1,bottom,blur,0,0,0,0.20391679445982538,0.23312306149194936,-0.029206267032123978,-0.14322569106580846,0.0,ToeSegmentation1,HYDRA
19,0.1,random,blur,0,0,0,0.20391679445982538,,-0.05200541195297013,-0.2550312594873417,0.0,ToeSegmentation1,HYDRA
19,0.2,top,blur,0,0,0,0.20391679445982538,0.3118861854863919,-0.10796939102656652,-0.529475082410417,0.0,ToeSegmentation1,HYDRA
19,0.2,bottom,blur,0,0,0,0.20391679445982538,0.27245471690740997,-0.06853792244758458,-0.336105648009485,0.0,ToeSegmentation1,HYDRA
19,0.2,random,blur,0,0,0,0.20391679445982538,,-0.07006887955847071,-0.3436133651017654,0.0,ToeSegmentation1,HYDRA
20,0.05,top,blur,0,0,0,0.23422386222989955,0.23509207767274112,-0.0008682154428415745,-0.0037067603950147357,0.0,ToeSegmentation1,HYDRA
20,0.05,bottom,blur,0,0,0,0.23422386222989955,0.28882377496606637,-0.05459991273616682,-0.23310895443104232,0.0,ToeSegmentation1,HYDRA
20,0.05,random,blur,0,0,0,0.23422386222989955,,-0.0145435962339454,-0.06209245293384087,0.0,ToeSegmentation1,HYDRA
20,0.1,top,blur,0,0,0,0.23422386222989955,0.27807077708774924,-0.043846914857849695,-0.1872000881563652,0.0,ToeSegmentation1,HYDRA
20,0.1,bottom,blur,0,0,0,0.23422386222989955,0.33113735823594403,-0.09691349600604449,-0.41376263426262855,0.0,ToeSegmentation1,HYDRA
20,0.1,random,blur,0,0,0,0.23422386222989955,,-0.03819973249377684,-0.1630899987734117,0.0,ToeSegmentation1,HYDRA
20,0.2,top,blur,0,0,0,0.23422386222989955,0.292268035604111,-0.05804417337421147,-0.24781388628692702,0.0,ToeSegmentation1,HYDRA
20,0.2,bottom,blur,0,0,0,0.23422386222989955,0.3579178722685207,-0.12369401003862113,-0.5280994035432981,0.0,ToeSegmentation1,HYDRA
20,0.2,random,blur,0,0,0,0.23422386222989955,,-0.10625783340747996,-0.45365736325285716,0.0,ToeSegmentation1,HYDRA
21,0.05,top,blur,0,0,0,0.49165695967685674,0.5074053505987527,-0.01574839092189595,-0.03203119284847257,0.0,ToeSegmentation1,HYDRA
21,0.05,bottom,blur,0,0,0,0.49165695967685674,0.5289441210957483,-0.037287161418891546,-0.07583963746544166,0.0,ToeSegmentation1,HYDRA
21,0.05,random,blur,0,0,0,0.49165695967685674,,-0.009404329844365133,-0.01912778926745364,0.0,ToeSegmentation1,HYDRA
21,0.1,top,blur,0,0,0,0.49165695967685674,0.48606651581100574,0.0055904438658510025,0.011370595666803268,0.0,ToeSegmentation1,HYDRA
21,0.1,bottom,blur,0,0,0,0.49165695967685674,0.5599702129412967,-0.06831325326443993,-0.1389446706188566,0.0,ToeSegmentation1,HYDRA
21,0.1,random,blur,0,0,0,0.49165695967685674,,-0.02855658804874287,-0.05808222461711339,0.0,ToeSegmentation1,HYDRA
21,0.2,top,blur,0,0,0,0.49165695967685674,0.5252135866309011,-0.03355662695404438,-0.06825197536942053,0.0,ToeSegmentation1,HYDRA
21,0.2,bottom,blur,0,0,0,0.49165695967685674,0.6244519121028976,-0.1327949524260409,-0.2700962118325526,0.0,ToeSegmentation1,HYDRA
21,0.2,random,blur,0,0,0,0.49165695967685674,,-0.08894082484941682,-0.1808997964924098,0.0,ToeSegmentation1,HYDRA
22,0.05,top,blur,0,0,0,0.3141729856227825,0.30260367708285246,0.011569308539930045,0.03682452739362355,0.0,ToeSegmentation1,HYDRA
22,0.05,bottom,blur,0,0,0,0.3141729856227825,0.35077505695590894,-0.03660207133312643,-0.11650255275137017,0.0,ToeSegmentation1,HYDRA
22,0.05,random,blur,0,0,0,0.3141729856227825,,-0.02249300147136285,-0.07159409276606814,0.0,ToeSegmentation1,HYDRA
22,0.1,top,blur,0,0,0,0.3141729856227825,0.34715017071446336,-0.03297718509168085,-0.10496472209916,0.0,ToeSegmentation1,HYDRA
22,0.1,bottom,blur,0,0,0,0.3141729856227825,0.3761994475677188,-0.06202646194493627,-0.19742710976525357,0.0,ToeSegmentation1,HYDRA
22,0.1,random,blur,0,0,0,0.3141729856227825,,-0.05151113890035978,-0.1639573652103945,0.0,ToeSegmentation1,HYDRA
22,0.2,top,blur,0,0,0,0.3141729856227825,0.4125824170249967,-0.0984094314022142,-0.3132322722619399,0.0,ToeSegmentation1,HYDRA
22,0.2,bottom,blur,0,0,0,0.3141729856227825,0.5419584531146379,-0.22778546749185535,-0.7250296902855262,0.0,ToeSegmentation1,HYDRA
22,0.2,random,blur,0,0,0,0.3141729856227825,,-0.0999931121629974,-0.31827304849821514,0.0,ToeSegmentation1,HYDRA
23,0.05,top,blur,0,0,0,0.5366454191608973,0.5369495286112109,-0.0003041094503136721,-0.0005666849520568478,0.0,ToeSegmentation1,HYDRA
23,0.05,bottom,blur,0,0,0,0.5366454191608973,0.6339167006556561,-0.09727128149475883,-0.18125767362214518,0.0,ToeSegmentation1,HYDRA
23,0.05,random,blur,0,0,0,0.5366454191608973,,-0.029408582984126762,-0.05480066936831546,0.0,ToeSegmentation1,HYDRA
23,0.1,top,blur,0,0,0,0.5366454191608973,0.6215764227275207,-0.08493100356662342,-0.15826249935557551,0.0,ToeSegmentation1,HYDRA
23,0.1,bottom,blur,0,0,0,0.5366454191608973,0.6365204650888688,-0.09987504592797158,-0.18610959164534563,0.0,ToeSegmentation1,HYDRA
23,0.1,random,blur,0,0,0,0.5366454191608973,,-0.05298099161171381,-0.0987260693820619,0.0,ToeSegmentation1,HYDRA
23,0.2,top,blur,0,0,0,0.5366454191608973,0.6668469221970731,-0.13020150303617584,-0.24262064999848407,0.0,ToeSegmentation1,HYDRA
23,0.2,bottom,blur,0,0,0,0.5366454191608973,0.6972413296574049,-0.16059591049650768,-0.2992583286917598,0.0,ToeSegmentation1,HYDRA
23,0.2,random,blur,0,0,0,0.5366454191608973,,-0.13149279071973805,-0.2450268668993278,0.0,ToeSegmentation1,HYDRA
24,0.05,top,blur,0,0,0,0.5864344965993427,0.5940795974711559,-0.0076451008718132485,-0.013036558864779021,0.0,ToeSegmentation1,HYDRA
24,0.05,bottom,blur,0,0,0,0.5864344965993427,0.6515290121430977,-0.065094515543755,-0.11100029913132643,0.0,ToeSegmentation1,HYDRA
24,0.05,random,blur,0,0,0,0.5864344965993427,,-0.027247642261805805,-0.04646315310006142,0.0,ToeSegmentation1,HYDRA
24,0.1,top,blur,0,0,0,0.5864344965993427,0.6834104850319945,-0.09697598843265187,-0.16536514074438202,0.0,ToeSegmentation1,HYDRA
24,0.1,bottom,blur,0,0,0,0.5864344965993427,0.6626207539787956,-0.07618625737945295,-0.12991413006416969,0.0,ToeSegmentation1,HYDRA
24,0.1,random,blur,0,0,0,0.5864344965993427,,-0.04227747875530015,-0.07209229148041231,0.0,ToeSegmentation1,HYDRA
24,0.2,top,blur,0,0,0,0.5864344965993427,0.6590335259341211,-0.07259902933477846,-0.123797126462791,0.0,ToeSegmentation1,HYDRA
24,0.2,bottom,blur,0,0,0,0.5864344965993427,0.773876918368839,-0.18744242176949633,-0.31963007501498236,0.0,ToeSegmentation1,HYDRA
24,0.2,random,blur,0,0,0,0.5864344965993427,,-0.11930662871551476,-0.20344373662126047,0.0,ToeSegmentation1,HYDRA
25,0.05,top,blur,0,0,0,0.8469379855205322,0.8257001725388057,0.021237812981726556,0.025075965736390923,0.0,ToeSegmentation1,HYDRA
25,0.05,bottom,blur,0,0,0,0.8469379855205322,0.850942738593483,-0.004004753072950784,-0.004728502455804943,0.0,ToeSegmentation1,HYDRA
25,0.05,random,blur,0,0,0,0.8469379855205322,,-0.03600425247466647,-0.04251103454936381,0.0,ToeSegmentation1,HYDRA
25,0.1,top,blur,0,0,0,0.8469379855205322,0.8248513195943505,0.022086665926181692,0.026078225590958168,0.0,ToeSegmentation1,HYDRA
25,0.1,bottom,blur,0,0,0,0.8469379855205322,0.8552709293495353,-0.00833294382900307,-0.009838895093347967,0.0,ToeSegmentation1,HYDRA
25,0.1,random,blur,0,0,0,0.8469379855205322,,-0.05188821701473769,-0.06126559044019797,0.0,ToeSegmentation1,HYDRA
25,0.2,top,blur,0,0,0,0.8469379855205322,0.8501523707611988,-0.0032143852406665285,-0.0037952972948706028,0.0,ToeSegmentation1,HYDRA
25,0.2,bottom,blur,0,0,0,0.8469379855205322,0.9305939709783557,-0.08365598545782349,-0.09877451255406335,0.0,ToeSegmentation1,HYDRA
25,0.2,random,blur,0,0,0,0.8469379855205322,,-0.08715273328075786,-0.10290320173087017,0.0,ToeSegmentation1,HYDRA
27,0.05,top,blur,0,0,0,0.5873516185731514,0.6194462968159966,-0.032094678242845176,-0.05464294740153264,0.0,ToeSegmentation1,HYDRA
27,0.05,bottom,blur,0,0,0,0.5873516185731514,0.6073805887505093,-0.02002897017735783,-0.03410041863099881,0.0,ToeSegmentation1,HYDRA
27,0.05,random,blur,0,0,0,0.5873516185731514,,-0.019951056809614575,-0.03396776685542228,0.0,ToeSegmentation1,HYDRA
27,0.1,top,blur,0,0,0,0.5873516185731514,0.5849541433162634,0.0023974752568880486,0.004081832924678545,0.0,ToeSegmentation1,HYDRA
27,0.1,bottom,blur,0,0,0,0.5873516185731514,0.6217106515230926,-0.03435903294994114,-0.05849813529972696,0.0,ToeSegmentation1,HYDRA
27,0.1,random,blur,0,0,0,0.5873516185731514,,-0.013925811622164419,-0.02370945694597263,0.0,ToeSegmentation1,HYDRA
27,0.2,top,blur,0,0,0,0.5873516185731514,0.6139879828893456,-0.026636364316194205,-0.04534986901207932,0.0,ToeSegmentation1,HYDRA
27,0.2,bottom,blur,0,0,0,0.5873516185731514,0.7143420375782996,-0.12699041900514818,-0.21620814309748793,0.0,ToeSegmentation1,HYDRA
27,0.2,random,blur,0,0,0,0.5873516185731514,,-0.06431660066880981,-0.109502534993465,0.0,ToeSegmentation1,HYDRA
28,0.05,top,blur,0,0,0,0.3705587861762488,0.3486174849247947,0.021941301251454104,0.05921123141251543,0.0,ToeSegmentation1,HYDRA
28,0.05,bottom,blur,0,0,0,0.3705587861762488,0.38538828044043777,-0.014829494264188947,-0.040019167803425966,0.0,ToeSegmentation1,HYDRA
28,0.05,random,blur,0,0,0,0.3705587861762488,,-0.0228141006200303,-0.061566585126372184,0.0,ToeSegmentation1,HYDRA
28,0.1,top,blur,0,0,0,0.3705587861762488,0.36426006016685386,0.0062987260093949615,0.016997867130674315,0.0,ToeSegmentation1,HYDRA
28,0.1,bottom,blur,0,0,0,0.3705587861762488,0.38118505648365464,-0.010626270307405816,-0.02867626413825611,0.0,ToeSegmentation1,HYDRA
28,0.1,random,blur,0,0,0,0.3705587861762488,,-0.05028227849758336,-0.13569275559131416,0.0,ToeSegmentation1,HYDRA
28,0.2,top,blur,0,0,0,0.3705587861762488,0.47515790881869235,-0.10459912264244353,-0.28227327018343323,0.0,ToeSegmentation1,HYDRA
28,0.2,bottom,blur,0,0,0,0.3705587861762488,0.4472977212412841,-0.07673893506503526,-0.20708921455534313,0.0,ToeSegmentation1,HYDRA
28,0.2,random,blur,0,0,0,0.3705587861762488,,-0.05891206618158148,-0.15898127206269821,0.0,ToeSegmentation1,HYDRA
29,0.05,top,blur,0,0,0,0.2801769234040563,0.27449559776285737,0.005681325641198942,0.020277563528821166,0.0,ToeSegmentation1,HYDRA
29,0.05,bottom,blur,0,0,0,0.2801769234040563,0.2737229444128479,0.00645397899120842,0.02303528740878298,0.0,ToeSegmentation1,HYDRA
29,0.05,random,blur,0,0,0,0.2801769234040563,,-0.010708749016881647,-0.038221244867455574,0.0,ToeSegmentation1,HYDRA
29,0.1,top,blur,0,0,0,0.2801769234040563,0.3037564803936167,-0.02357955698956038,-0.08415922533466463,0.0,ToeSegmentation1,HYDRA
29,0.1,bottom,blur,0,0,0,0.2801769234040563,0.2978503716349274,-0.01767344823087108,-0.06307937476352647,0.0,ToeSegmentation1,HYDRA
29,0.1,random,blur,0,0,0,0.2801769234040563,,-0.035834636597279326,-0.12789957239279234,0.0,ToeSegmentation1,HYDRA
29,0.2,top,blur,0,0,0,0.2801769234040563,0.3801890222625366,-0.10001209885848028,-0.3569592409115284,0.0,ToeSegmentation1,HYDRA
29,0.2,bottom,blur,0,0,0,0.2801769234040563,0.3513811358837306,-0.07120421247967429,-0.2541392684140489,0.0,ToeSegmentation1,HYDRA
29,0.2,random,blur,0,0,0,0.2801769234040563,,-0.08183706593845133,-0.29208962984721204,0.0,ToeSegmentation1,HYDRA
30,0.05,top,blur,0,0,0,0.5086527105733418,0.48197447369615043,0.026678236877191397,0.052448721640348105,0.0,ToeSegmentation1,HYDRA
30,0.05,bottom,blur,0,0,0,0.5086527105733418,0.5871263120830663,-0.07847360150972449,-0.15427706488422346,0.0,ToeSegmentation1,HYDRA
30,0.05,random,blur,0,0,0,0.5086527105733418,,-0.02238885291249646,-0.04401590403667811,0.0,ToeSegmentation1,HYDRA
30,0.1,top,blur,0,0,0,0.5086527105733418,0.5405668334510669,-0.031914122877725104,-0.06274233769326541,0.0,ToeSegmentation1,HYDRA
30,0.1,bottom,blur,0,0,0,0.5086527105733418,0.6062870143466585,-0.09763430377331672,-0.19194650848662,0.0,ToeSegmentation1,HYDRA
30,0.1,random,blur,0,0,0,0.5086527105733418,,-0.08102903686404608,-0.15930098450026475,0.0,ToeSegmentation1,HYDRA
30,0.2,top,blur,0,0,0,0.5086527105733418,0.5874860657071166,-0.07883335513377476,-0.15498433117673666,0.0,ToeSegmentation1,HYDRA
30,0.2,bottom,blur,0,0,0,0.5086527105733418,0.5855438544847065,-0.07689114391136465,-0.15116599429638458,0.0,ToeSegmentation1,HYDRA
30,0.2,random,blur,0,0,0,0.5086527105733418,,-0.16574375576065245,-0.32584792426625614,0.0,ToeSegmentation1,HYDRA
31,0.05,top,blur,0,0,0,0.6802520705450903,0.6753123220801036,0.004939748464986682,0.007261633469773882,0.0,ToeSegmentation1,HYDRA
31,0.05,bottom,blur,0,0,0,0.6802520705450903,0.7579737269321,-0.07772165638700967,-0.11425403243638563,0.0,ToeSegmentation1,HYDRA
31,0.05,random,blur,0,0,0,0.6802520705450903,,-0.03163111749362666,-0.04649904405176809,0.0,ToeSegmentation1,HYDRA
31,0.1,top,blur,0,0,0,0.6802520705450903,0.6753102448038886,0.004941825741201722,0.007264687151271234,0.0,ToeSegmentation1,HYDRA
31,0.1,bottom,blur,0,0,0,0.6802520705450903,0.7658657424286984,-0.08561367188360813,-0.12585561990187777,0.0,ToeSegmentation1,HYDRA
31,0.1,random,blur,0,0,0,0.6802520705450903,,-0.04486745736711086,-0.06595700822218757,0.0,ToeSegmentation1,HYDRA
31,0.2,top,blur,0,0,0,0.6802520705450903,0.7390071012247434,-0.05875503067965315,-0.0863723123404242,0.0,ToeSegmentation1,HYDRA
31,0.2,bottom,blur,0,0,0,0.6802520705450903,0.8348178682761567,-0.15456579773106638,-0.2272180816577748,0.0,ToeSegmentation1,HYDRA
31,0.2,random,blur,0,0,0,0.6802520705450903,,-0.08543902213153301,-0.12559887758106006,0.0,ToeSegmentation1,HYDRA
32,0.05,top,blur,0,0,0,0.8160413809070581,0.8822184504161938,-0.06617706950913571,-0.08109513801915251,0.0,ToeSegmentation1,HYDRA
32,0.05,bottom,blur,0,0,0,0.8160413809070581,0.8297483771982239,-0.013706996291165785,-0.016796917184533976,0.0,ToeSegmentation1,HYDRA
32,0.05,random,blur,0,0,0,0.8160413809070581,,-0.03791540537506173,-0.04646254442436862,0.0,ToeSegmentation1,HYDRA
32,0.1,top,blur,0,0,0,0.8160413809070581,0.8629164474855202,-0.04687506657846208,-0.05744195114763388,0.0,ToeSegmentation1,HYDRA
32,0.1,bottom,blur,0,0,0,0.8160413809070581,0.8395256434777126,-0.0234842625706545,-0.028778238875964954,0.0,ToeSegmentation1,HYDRA
32,0.1,random,blur,0,0,0,0.8160413809070581,,-0.052890601897918346,-0.06481354784432726,0.0,ToeSegmentation1,HYDRA
32,0.2,top,blur,0,0,0,0.8160413809070581,0.8840054961937458,-0.06796411528668767,-0.08328503136214972,0.0,ToeSegmentation1,HYDRA
32,0.2,bottom,blur,0,0,0,0.8160413809070581,0.8704693916724205,-0.05442801076536241,-0.06669752948966189,0.0,ToeSegmentation1,HYDRA
32,0.2,random,blur,0,0,0,0.8160413809070581,,-0.1396049168833841,-0.17107557174690927,0.0,ToeSegmentation1,HYDRA
33,0.05,top,blur,0,0,0,0.5166268266815005,0.5169575770612431,-0.000330750379742617,-0.0006402101525718311,0.0,ToeSegmentation1,HYDRA
33,0.05,bottom,blur,0,0,0,0.5166268266815005,0.5339735473275344,-0.01734672064603393,-0.03357682213414364,0.0,ToeSegmentation1,HYDRA
33,0.05,random,blur,0,0,0,0.5166268266815005,,-0.01863139497169325,-0.03606347550299386,0.0,ToeSegmentation1,HYDRA
33,0.1,top,blur,0,0,0,0.5166268266815005,0.5303704583396867,-0.01374363165818615,-0.02660257722946669,0.0,ToeSegmentation1,HYDRA
33,0.1,bottom,blur,0,0,0,0.5166268266815005,0.5699309678464535,-0.05330414116495297,-0.10317706173000009,0.0,ToeSegmentation1,HYDRA
33,0.1,random,blur,0,0,0,0.5166268266815005,,-0.05134498682227111,-0.09938486502378266,0.0,ToeSegmentation1,HYDRA
33,0.2,top,blur,0,0,0,0.5166268266815005,0.6067468036340831,-0.09011997695258256,-0.17443887514046208,0.0,ToeSegmentation1,HYDRA
33,0.2,bottom,blur,0,0,0,0.5166268266815005,0.6344102940556449,-0.11778346737414436,-0.2279851399618037,0.0,ToeSegmentation1,HYDRA
33,0.2,random,blur,0,0,0,0.5166268266815005,,-0.10652960822675502,-0.2062018395544733,0.0,ToeSegmentation1,HYDRA
34,0.05,top,blur,0,0,0,0.9340646473680465,0.9645572185429422,-0.030492571174895677,-0.032644997983616884,0.0,ToeSegmentation1,HYDRA
34,0.05,bottom,blur,0,0,0,0.9340646473680465,0.9655592783367821,-0.031494630968735615,-0.03371779173924153,0.0,ToeSegmentation1,HYDRA
34,0.05,random,blur,0,0,0,0.9340646473680465,,0.009950188023984442,0.010652557507089011,0.0,ToeSegmentation1,HYDRA
34,0.1,top,blur,0,0,0,0.9340646473680465,0.9770899019397723,-0.04302525457172579,-0.04606234550318786,0.0,ToeSegmentation1,HYDRA
34,0.1,bottom,blur,0,0,0,0.9340646473680465,1.007684897841888,-0.07362025047384146,-0.0788169982284266,0.0,ToeSegmentation1,HYDRA
34,0.1,random,blur,0,0,0,0.9340646473680465,,-0.04057954560801793,-0.04344399745602519,0.0,ToeSegmentation1,HYDRA
34,0.2,top,blur,0,0,0,0.9340646473680465,1.0218502375814547,-0.08778559021340815,-0.093982248957303,0.0,ToeSegmentation1,HYDRA
34,0.2,bottom,blur,0,0,0,0.9340646473680465,1.0290734083148878,-0.0950087609468413,-0.10171529293958215,0.0,ToeSegmentation1,HYDRA
34,0.2,random,blur,0,0,0,0.9340646473680465,,-0.1089351714168116,-0.11662474872484874,0.0,ToeSegmentation1,HYDRA
35,0.05,top,blur,0,0,0,0.7684673791318131,0.7673220405053778,0.0011453386264352883,0.0014904173776535206,0.0,ToeSegmentation1,HYDRA
35,0.05,bottom,blur,0,0,0,0.7684673791318131,0.7567593024263509,0.011708076705462145,0.015235599828700165,0.0,ToeSegmentation1,HYDRA
35,0.05,random,blur,0,0,0,0.7684673791318131,,-0.024141728116897097,-0.03141538256157205,0.0,ToeSegmentation1,HYDRA
35,0.1,top,blur,0,0,0,0.7684673791318131,0.8057944764176126,-0.037327097285799526,-0.04857336788271013,0.0,ToeSegmentation1,HYDRA
35,0.1,bottom,blur,0,0,0,0.7684673791318131,0.7747891848733668,-0.006321805741553721,-0.008226500807614051,0.0,ToeSegmentation1,HYDRA
35,0.1,random,blur,0,0,0,0.7684673791318131,,-0.059162109454149105,-0.07698704469920838,0.0,ToeSegmentation1,HYDRA
35,0.2,top,blur,0,0,0,0.7684673791318131,0.8687433690465148,-0.10027598991470177,-0.13048811458968532,0.0,ToeSegmentation1,HYDRA
35,0.2,bottom,blur,0,0,0,0.7684673791318131,0.8700936369452775,-0.10162625781346446,-0.1322452043222364,0.0,ToeSegmentation1,HYDRA
35,0.2,random,blur,0,0,0,0.7684673791318131,,-0.11228168709961957,-0.14611100488802314,0.0,ToeSegmentation1,HYDRA
36,0.05,top,blur,0,0,0,0.4839207574268062,0.47329785226799836,0.010622905158807816,0.021951699827041864,0.0,ToeSegmentation1,HYDRA
36,0.05,bottom,blur,0,0,0,0.4839207574268062,0.5093582150701983,-0.025437457643392114,-0.05256522826882725,0.0,ToeSegmentation1,HYDRA
36,0.05,random,blur,0,0,0,0.4839207574268062,,-0.023944828712944576,-0.049480785572172316,0.0,ToeSegmentation1,HYDRA
36,0.1,top,blur,0,0,0,0.4839207574268062,0.49132354054466126,-0.007402783117855083,-0.015297479404973363,0.0,ToeSegmentation1,HYDRA
36,0.1,bottom,blur,0,0,0,0.4839207574268062,0.5765547280149039,-0.09263397058809775,-0.19142344638659642,0.0,ToeSegmentation1,HYDRA
36,0.1,random,blur,0,0,0,0.4839207574268062,,-0.06748543148392651,-0.13945525376410414,0.0,ToeSegmentation1,HYDRA
36,0.2,top,blur,0,0,0,0.4839207574268062,0.5453907297623368,-0.06146997233553064,-0.12702460964431436,0.0,ToeSegmentation1,HYDRA
36,0.2,bottom,blur,0,0,0,0.4839207574268062,0.644710968385662,-0.16079021095885582,-0.33226489301460177,0.0,ToeSegmentation1,HYDRA
36,0.2,random,blur,0,0,0,0.4839207574268062,,-0.13853228397264467,-0.28627000511254724,0.0,ToeSegmentation1,HYDRA
37,0.05,top,blur,0,0,0,0.10498114144301537,0.11687806065655386,-0.011896919213538484,-0.11332326670051943,0.0,ToeSegmentation1,HYDRA
37,0.05,bottom,blur,0,0,0,0.10498114144301537,0.10810350210350202,-0.003122360660486642,-0.029741826729467784,0.0,ToeSegmentation1,HYDRA
37,0.05,random,blur,0,0,0,0.10498114144301537,,-0.009024638631519052,-0.08596356015863568,0.0,ToeSegmentation1,HYDRA
37,0.1,top,blur,0,0,0,0.10498114144301537,0.11494478249090606,-0.009963641047890687,-0.09490796159172445,0.0,ToeSegmentation1,HYDRA
37,0.1,bottom,blur,0,0,0,0.10498114144301537,0.14911241499846103,-0.04413127355544566,-0.42036934043110796,0.0,ToeSegmentation1,HYDRA
37,0.1,random,blur,0,0,0,0.10498114144301537,,-0.03150127777398982,-0.3000632044745325,0.0,ToeSegmentation1,HYDRA
37,0.2,top,blur,0,0,0,0.10498114144301537,0.15989782673712225,-0.05491668529410687,-0.5231050209041107,0.0,ToeSegmentation1,HYDRA
37,0.2,bottom,blur,0,0,0,0.10498114144301537,0.14952931330383643,-0.04454817186082105,-0.4243404758989598,0.0,ToeSegmentation1,HYDRA
37,0.2,random,blur,0,0,0,0.10498114144301537,,-0.09403251144760506,-0.8197131580977549,0.0,ToeSegmentation1,HYDRA
39,0.05,top,blur,0,0,0,0.1659918389999366,0.15828065498289293,0.007711184017043682,0.04645491976341598,0.0,ToeSegmentation1,HYDRA
39,0.05,bottom,blur,0,0,0,0.1659918389999366,0.24395816729850156,-0.07796632829856495,-0.46969693854440747,0.0,ToeSegmentation1,HYDRA
39,0.05,random,blur,0,0,0,0.1659918389999366,,-0.04521821511190404,-0.27241063761745354,0.0,ToeSegmentation1,HYDRA
39,0.1,top,blur,0,0,0,0.1659918389999366,0.18631859366074427,-0.02032675466080766,-0.12245561184007114,0.0,ToeSegmentation1,HYDRA
39,0.1,bottom,blur,0,0,0,0.1659918389999366,0.29306805734898395,-0.12707621834904734,-0.765552412469407,0.0,ToeSegmentation1,HYDRA
39,0.1,random,blur,0,0,0,0.1659918389999366,,-0.05730067593039519,-0.3451996861769263,0.0,ToeSegmentation1,HYDRA
39,0.2,top,blur,0,0,0,0.1659918389999366,0.24268199503879936,-0.07669015603886276,-0.46200882219317935,0.0,ToeSegmentation1,HYDRA
39,0.2,bottom,blur,0,0,0,0.1659918389999366,0.31108546791431724,-0.14509362891438063,-0.8740957127339454,0.0,ToeSegmentation1,HYDRA
39,0.2,random,blur,0,0,0,0.1659918389999366,,-0.09699557969311681,-0.5843359284502259,0.0,ToeSegmentation1,HYDRA
40,0.05,top,blur,0,0,0,0.8821140953625842,0.8755090172321656,0.006605078130418662,0.007487773608163585,0.0,ToeSegmentation1,HYDRA
40,0.05,bottom,blur,0,0,0,0.8821140953625842,0.9549898582720487,-0.07287576290946451,-0.08261480082654031,0.0,ToeSegmentation1,HYDRA
40,0.05,random,blur,0,0,0,0.8821140953625842,,-0.004249549436344635,-0.004817454614125952,0.0,ToeSegmentation1,HYDRA
40,0.1,top,blur,0,0,0,0.8821140953625842,0.893269629201276,-0.011155533838691722,-0.012646347282047539,0.0,ToeSegmentation1,HYDRA
40,0.1,bottom,blur,0,0,0,0.8821140953625842,0.9711424004502547,-0.08902830508767046,-0.10092595122303887,0.0,ToeSegmentation1,HYDRA
40,0.1,random,blur,0,0,0,0.8821140953625842,,-0.05441245073970831,-0.061684071642989655,0.0,ToeSegmentation1,HYDRA
40,0.2,top,blur,0,0,0,0.8821140953625842,0.9567811540541334,-0.07466705869154922,-0.08464548343417487,0.0,ToeSegmentation1,HYDRA
40,0.2,bottom,blur,0,0,0,0.8821140953625842,1.035305349167142,-0.15319125380455778,-0.17366356681787665,0.0,ToeSegmentation1,HYDRA
40,0.2,random,blur,0,0,0,0.8821140953625842,,-0.09444673054145895,-0.1070684891778636,0.0,ToeSegmentation1,HYDRA
41,0.05,top,blur,0,0,0,0.17750956121342892,0.18439992631824123,-0.006890365104812307,-0.03881664875436742,0.0,ToeSegmentation1,HYDRA
41,0.05,bottom,blur,0,0,0,0.17750956121342892,0.21386479400658265,-0.036355232793153724,-0.2048060270027663,0.0,ToeSegmentation1,HYDRA
41,0.05,random,blur,0,0,0,0.17750956121342892,,-0.021705555957908868,-0.12227754680923635,0.0,ToeSegmentation1,HYDRA
41,0.1,top,blur,0,0,0,0.17750956121342892,0.24480957593688307,-0.06730001472345415,-0.3791324542235902,0.0,ToeSegmentation1,HYDRA
41,0.1,bottom,blur,0,0,0,0.17750956121342892,0.30078345503975146,-0.12327389382632253,-0.6944594900925629,0.0,ToeSegmentation1,HYDRA
41,0.1,random,blur,0,0,0,0.17750956121342892,,-0.05974939414199678,-0.3365962776161662,0.0,ToeSegmentation1,HYDRA
41,0.2,top,blur,0,0,0,0.17750956121342892,0.23793919794397358,-0.06042963673054466,-0.3404284022170793,0.0,ToeSegmentation1,HYDRA
41,0.2,bottom,blur,0,0,0,0.17750956121342892,0.30600331774285483,-0.1284937565294259,-0.7238654176465145,0.0,ToeSegmentation1,HYDRA
41,0.2,random,blur,0,0,0,0.17750956121342892,,-0.12779341653603207,-0.7199200749660202,0.0,ToeSegmentation1,HYDRA
42,0.05,top,blur,0,0,0,0.3547010712787706,0.3293982407811179,0.025302830497652695,0.07133544612928543,0.0,ToeSegmentation1,HYDRA
42,0.05,bottom,blur,0,0,0,0.3547010712787706,0.34440704695604185,0.010294024322728745,0.02902160758638022,0.0,ToeSegmentation1,HYDRA
42,0.05,random,blur,0,0,0,0.3547010712787706,,-0.015167826103130088,-0.04276215824860311,0.0,ToeSegmentation1,HYDRA
42,0.1,top,blur,0,0,0,0.3547010712787706,0.3356411318495317,0.019059939429238892,0.05373506661667937,0.0,ToeSegmentation1,HYDRA
42,0.1,bottom,blur,0,0,0,0.3547010712787706,0.339510593738386,0.015190477540384606,0.042826018708094805,0.0,ToeSegmentation1,HYDRA
42,0.1,random,blur,0,0,0,0.3547010712787706,,0.009013040309374953,0.025410171068021042,0.0,ToeSegmentation1,HYDRA
42,0.2,top,blur,0,0,0,0.3547010712787706,0.4648140029049683,-0.11011293162619773,-0.3104378027148784,0.0,ToeSegmentation1,HYDRA
42,0.2,bottom,blur,0,0,0,0.3547010712787706,0.39596817551242286,-0.04126710423365226,-0.11634300325587683,0.0,ToeSegmentation1,HYDRA
42,0.2,random,blur,0,0,0,0.3547010712787706,,-0.04435138376574371,-0.12503841211258865,0.0,ToeSegmentation1,HYDRA
43,0.05,top,blur,0,0,0,0.07690003322081199,0.07651643404676313,0.000383599174048857,0.004988218727145038,0.0,ToeSegmentation1,HYDRA
43,0.05,bottom,blur,0,0,0,0.07690003322081199,0.060066814654337025,0.01683321856647496,0.2188945695715221,0.0,ToeSegmentation1,HYDRA
43,0.05,random,blur,0,0,0,0.07690003322081199,,0.0003322879332222778,0.004320981387443168,0.0,ToeSegmentation1,HYDRA
43,0.1,top,blur,0,0,0,0.07690003322081199,0.08753635247983273,-0.01063631925902074,-0.1383117861170973,0.0,ToeSegmentation1,HYDRA
43,0.1,bottom,blur,0,0,0,0.07690003322081199,0.08024961574510364,-0.0033495825242916555,-0.043557054879532445,0.0,ToeSegmentation1,HYDRA
43,0.1,random,blur,0,0,0,0.07690003322081199,,-0.02150768470079726,-0.27968004849870554,0.0,ToeSegmentation1,HYDRA
43,0.2,top,blur,0,0,0,0.07690003322081199,0.12880538491274515,-0.051905351691933166,-0.6749629948780174,0.0,ToeSegmentation1,HYDRA
43,0.2,bottom,blur,0,0,0,0.07690003322081199,0.16262435588836652,-0.08572432266755453,-1.0,0.0,ToeSegmentation1,HYDRA
43,0.2,random,blur,0,0,0,0.07690003322081199,,-0.01744545209129788,-0.22685588685402158,0.0,ToeSegmentation1,HYDRA
44,0.05,top,blur,0,0,0,0.4548905719593762,0.4521453116694547,0.002745260289921503,0.006034977254242614,0.0,ToeSegmentation1,HYDRA
44,0.05,bottom,blur,0,0,0,0.4548905719593762,0.4464668304365647,0.008423741522811501,0.01851813056576871,0.0,ToeSegmentation1,HYDRA
44,0.05,random,blur,0,0,0,0.4548905719593762,,-0.012939563721590741,-0.028445380216334942,0.0,ToeSegmentation1,HYDRA
44,0.1,top,blur,0,0,0,0.4548905719593762,0.4541973194363155,0.0006932525230606834,0.0015239950920053404,0.0,ToeSegmentation1,HYDRA
44,0.1,bottom,blur,0,0,0,0.4548905719593762,0.4764514003194721,-0.021560828360095874,-0.0473977309960391,0.0,ToeSegmentation1,HYDRA
44,0.1,random,blur,0,0,0,0.4548905719593762,,-0.026169680335091816,-0.05752949042860896,0.0,ToeSegmentation1,HYDRA
44,0.2,top,blur,0,0,0,0.4548905719593762,0.5109098053346994,-0.05601923337532322,-0.12314854094576626,0.0,ToeSegmentation1,HYDRA
44,0.2,bottom,blur,0,0,0,0.4548905719593762,0.4891991450850831,-0.0343085731257069,-0.0754214306014243,0.0,ToeSegmentation1,HYDRA
44,0.2,random,blur,0,0,0,0.4548905719593762,,-0.1002499944905975,-0.22038217603985477,0.0,ToeSegmentation1,HYDRA
45,0.05,top,blur,0,0,0,0.4596724789197472,0.44832101298051474,0.011351465939232475,0.024694628817631414,0.0,ToeSegmentation1,HYDRA
45,0.05,bottom,blur,0,0,0,0.4596724789197472,0.48618266285172484,-0.026510183931977627,-0.05767177169820134,0.0,ToeSegmentation1,HYDRA
45,0.05,random,blur,0,0,0,0.4596724789197472,,-0.00015804835123641725,-0.00034382743074026225,0.0,ToeSegmentation1,HYDRA
45,0.1,top,blur,0,0,0,0.4596724789197472,0.4515097766977814,0.0081627022219658,0.017757609686659556,0.0,ToeSegmentation1,HYDRA
45,0.1,bottom,blur,0,0,0,0.4596724789197472,0.5624930389579457,-0.10282056003819845,-0.2236817322588009,0.0,ToeSegmentation1,HYDRA
45,0.1,random,blur,0,0,0,0.4596724789197472,,-0.05561464725554669,-0.12098728729411048,0.0,ToeSegmentation1,HYDRA
45,0.2,top,blur,0,0,0,0.4596724789197472,0.5076067079847773,-0.04793422906503003,-0.10427886589776197,0.0,ToeSegmentation1,HYDRA
45,0.2,bottom,blur,0,0,0,0.4596724789197472,0.6411884833665441,-0.18151600444679689,-0.3948803069373666,0.0,ToeSegmentation1,HYDRA
45,0.2,random,blur,0,0,0,0.4596724789197472,,-0.08348590346084774,-0.18162001353013288,0.0,ToeSegmentation1,HYDRA
46,0.05,top,blur,0,0,0,0.47231638697158984,0.49031426133959854,-0.017997874368008704,-0.03810546650295406,0.0,ToeSegmentation1,HYDRA
46,0.05,bottom,blur,0,0,0,0.47231638697158984,0.5534781075667864,-0.08116172059519655,-0.17183724934538241,0.0,ToeSegmentation1,HYDRA
46,0.05,random,blur,0,0,0,0.47231638697158984,,-0.02885902978722643,-0.06110092616379233,0.0,ToeSegmentation1,HYDRA
46,0.1,top,blur,0,0,0,0.47231638697158984,0.529446764492677,-0.05713037752108718,-0.12095759990415854,0.0,ToeSegmentation1,HYDRA
46,0.1,bottom,blur,0,0,0,0.47231638697158984,0.5742475985842768,-0.10193121161268692,-0.21581083911869234,0.0,ToeSegmentation1,HYDRA
46,0.1,random,blur,0,0,0,0.47231638697158984,,-0.07438742630746997,-0.1574945753837862,0.0,ToeSegmentation1,HYDRA
46,0.2,top,blur,0,0,0,0.47231638697158984,0.643564863132218,-0.1712484761606281,-0.36257076466873495,0.0,ToeSegmentation1,HYDRA
46,0.2,bottom,blur,0,0,0,0.47231638697158984,0.688466454735518,-0.2161500677639282,-0.4576373297410069,0.0,ToeSegmentation1,HYDRA
46,0.2,random,blur,0,0,0,0.47231638697158984,,-0.19491148168264777,-0.4126705623360246,0.0,ToeSegmentation1,HYDRA
47,0.05,top,blur,0,0,0,0.8942545006314091,0.8835012616770102,0.010753238954398947,0.01202479486769316,0.0,ToeSegmentation1,HYDRA
47,0.05,bottom,blur,0,0,0,0.8942545006314091,0.9024682857330564,-0.008213785101647275,-0.009185054043109321,0.0,ToeSegmentation1,HYDRA
47,0.05,random,blur,0,0,0,0.8942545006314091,,-0.023248759881568715,-0.025997894187011882,0.0,ToeSegmentation1,HYDRA
47,0.1,top,blur,0,0,0,0.8942545006314091,0.929912218761799,-0.03565771813038987,-0.03987419490874022,0.0,ToeSegmentation1,HYDRA
47,0.1,bottom,blur,0,0,0,0.8942545006314091,0.9099034449104779,-0.01564894427906882,-0.017499410703115087,0.0,ToeSegmentation1,HYDRA
47,0.1,random,blur,0,0,0,0.8942545006314091,,-0.053130460046863795,-0.05941306484483444,0.0,ToeSegmentation1,HYDRA
47,0.2,top,blur,0,0,0,0.8942545006314091,0.9480148372137731,-0.05376033658236401,-0.060117423425861315,0.0,ToeSegmentation1,HYDRA
47,0.2,bottom,blur,0,0,0,0.8942545006314091,0.9609314593381344,-0.0666769587067253,-0.07456141858746917,0.0,ToeSegmentation1,HYDRA
47,0.2,random,blur,0,0,0,0.8942545006314091,,-0.08507315481462759,-0.09513293991992197,0.0,ToeSegmentation1,HYDRA
48,0.05,top,blur,0,0,0,0.397983163018107,0.4227074489967575,-0.024724285978650506,-0.062123793547849374,0.0,ToeSegmentation1,HYDRA
48,0.05,bottom,blur,0,0,0,0.397983163018107,0.42782341910565125,-0.02984025608754426,-0.07497850130832122,0.0,ToeSegmentation1,HYDRA
48,0.05,random,blur,0,0,0,0.397983163018107,,-0.03187700484123344,-0.08009616412747343,0.0,ToeSegmentation1,HYDRA
48,0.1,top,blur,0,0,0,0.397983163018107,0.4721491388194019,-0.07416597580129491,-0.18635408815983617,0.0,ToeSegmentation1,HYDRA
48,0.1,bottom,blur,0,0,0,0.397983163018107,0.4427656722982093,-0.0447825092801023,-0.11252334500070256,0.0,ToeSegmentation1,HYDRA
48,0.1,random,blur,0,0,0,0.397983163018107,,-0.055607567456729165,-0.13972306595074038,0.0,ToeSegmentation1,HYDRA
48,0.2,top,blur,0,0,0,0.397983163018107,0.517988370785903,-0.120005207767796,-0.3015326209408392,0.0,ToeSegmentation1,HYDRA
48,0.2,bottom,blur,0,0,0,0.397983163018107,0.46359865553535323,-0.06561549251724624,-0.1648696069201652,0.0,ToeSegmentation1,HYDRA
48,0.2,random,blur,0,0,0,0.397983163018107,,-0.09876252910601048,-0.24815693256999555,0.0,ToeSegmentation1,HYDRA
49,0.05,top,blur,0,0,0,0.8685547970828926,0.8884868999033506,-0.019932102820457986,-0.022948557694740388,0.0,ToeSegmentation1,HYDRA
49,0.05,bottom,blur,0,0,0,0.8685547970828926,0.8801412776920908,-0.011586480609198202,-0.013339938145726772,0.0,ToeSegmentation1,HYDRA
49,0.05,random,blur,0,0,0,0.8685547970828926,,-0.014311506743782875,-0.016477360224696102,0.0,ToeSegmentation1,HYDRA
49,0.1,top,blur,0,0,0,0.8685547970828926,0.8763546648947607,-0.007799867811868033,-0.008980272583597338,0.0,ToeSegmentation1,HYDRA
49,0.1,bottom,blur,0,0,0,0.8685547970828926,0.8906299188476541,-0.02207512176476145,-0.02541589364655943,0.0,ToeSegmentation1,HYDRA
49,0.1,random,blur,0,0,0,0.8685547970828926,,-0.04174332570734387,-0.04806061492830034,0.0,ToeSegmentation1,HYDRA
49,0.2,top,blur,0,0,0,0.8685547970828926,0.9657386364849998,-0.09718383940210717,-0.11189130246842646,0.0,ToeSegmentation1,HYDRA
49,0.2,bottom,blur,0,0,0,0.8685547970828926,0.9371456940968534,-0.06859089701396082,-0.07897120397368632,0.0,ToeSegmentation1,HYDRA
49,0.2,random,blur,0,0,0,0.8685547970828926,,-0.08543153251450682,-0.09836044247408719,0.0,ToeSegmentation1,HYDRA
50,0.05,top,blur,0,0,0,0.25744525001970364,0.1952785637120903,0.06216668630761335,0.24147442933371696,0.0,ToeSegmentation1,HYDRA
50,0.05,bottom,blur,0,0,0,0.25744525001970364,0.29539690528787477,-0.037951655268171125,-0.14741584025895307,0.0,ToeSegmentation1,HYDRA
50,0.05,random,blur,0,0,0,0.25744525001970364,,-0.02358710436685233,-0.09161952976610495,0.0,ToeSegmentation1,HYDRA
50,0.1,top,blur,0,0,0,0.25744525001970364,0.22207040240726583,0.03537484761243781,0.13740673095735673,0.0,ToeSegmentation1,HYDRA
50,0.1,bottom,blur,0,0,0,0.25744525001970364,0.3359685683032404,-0.07852331828353676,-0.3050085921916788,0.0,ToeSegmentation1,HYDRA
50,0.1,random,blur,0,0,0,0.25744525001970364,,-0.032505339540927755,-0.12626068369005167,0.0,ToeSegmentation1,HYDRA
50,0.2,top,blur,0,0,0,0.25744525001970364,0.2824460231599091,-0.025000773140205435,-0.09711065178961435,0.0,ToeSegmentation1,HYDRA
50,0.2,bottom,blur,0,0,0,0.25744525001970364,0.3757324926548223,-0.11828724263511864,-0.4594638400289984,0.0,ToeSegmentation1,HYDRA
50,0.2,random,blur,0,0,0,0.25744525001970364,,-0.07537521829852939,-0.29278040869797306,0.0,ToeSegmentation1,HYDRA
51,0.05,top,blur,0,0,0,0.7553907319659385,0.7432716025535588,0.012119129412379692,0.016043502860216847,0.0,ToeSegmentation1,HYDRA
51,0.05,bottom,blur,0,0,0,0.7553907319659385,0.8137140120644164,-0.05832328009847787,-0.07720931753739095,0.0,ToeSegmentation1,HYDRA
51,0.05,random,blur,0,0,0,0.7553907319659385,,-0.013133001377336705,-0.01738568324431818,0.0,ToeSegmentation1,HYDRA
51,0.1,top,blur,0,0,0,0.7553907319659385,0.7347119993999367,0.020678732566001834,0.027374846309456642,0.0,ToeSegmentation1,HYDRA
51,0.1,bottom,blur,0,0,0,0.7553907319659385,0.8289959367002343,-0.07360520473429577,-0.09743978073831329,0.0,ToeSegmentation1,HYDRA
51,0.1,random,blur,0,0,0,0.7553907319659385,,-0.014777575318795843,-0.01956279727915023,0.0,ToeSegmentation1,HYDRA
51,0.2,top,blur,0,0,0,0.7553907319659385,0.8131536292329844,-0.057762897267045865,-0.07646747352756365,0.0,ToeSegmentation1,HYDRA
51,0.2,bottom,blur,0,0,0,0.7553907319659385,0.8664572493469418,-0.11106651738100326,-0.14703168261048874,0.0,ToeSegmentation1,HYDRA
51,0.2,random,blur,0,0,0,0.7553907319659385,,-0.062329009215312106,-0.08251216763135368,0.0,ToeSegmentation1,HYDRA
52,0.05,top,blur,0,0,0,0.7674979594396227,0.7576597219174104,0.009838237522212356,0.012818567896685605,0.0,ToeSegmentation1,HYDRA
52,0.05,bottom,blur,0,0,0,0.7674979594396227,0.8620380336201792,-0.09454007418055643,-0.12317941675071895,0.0,ToeSegmentation1,HYDRA
52,0.05,random,blur,0,0,0,0.7674979594396227,,-0.030116076160599126,-0.03923924037967153,0.0,ToeSegmentation1,HYDRA
52,0.1,top,blur,0,0,0,0.7674979594396227,0.8009731173848651,-0.03347515794524236,-0.04361590010452095,0.0,ToeSegmentation1,HYDRA
52,0.1,bottom,blur,0,0,0,0.7674979594396227,0.9257831088312265,-0.15828514939160376,-0.20623500194342043,0.0,ToeSegmentation1,HYDRA
52,0.1,random,blur,0,0,0,0.7674979594396227,,-0.06556636465466523,-0.08542860397170764,0.0,ToeSegmentation1,HYDRA
52,0.2,top,blur,0,0,0,0.7674979594396227,0.8667545079535806,-0.09925654851395782,-0.12932466851346408,0.0,ToeSegmentation1,HYDRA
52,0.2,bottom,blur,0,0,0,0.7674979594396227,0.9666906409173388,-0.19919268147771607,-0.2595347902792643,0.0,ToeSegmentation1,HYDRA
52,0.2,random,blur,0,0,0,0.7674979594396227,,-0.17543211954043106,-0.2285763614175061,0.0,ToeSegmentation1,HYDRA
53,0.05,top,blur,0,0,0,0.27310368934140605,0.26816240917580025,0.004941280165605799,0.018092989093382954,0.0,ToeSegmentation1,HYDRA
53,0.05,bottom,blur,0,0,0,0.27310368934140605,0.2484512096027595,0.024652479738646565,0.09026750803179617,0.0,ToeSegmentation1,HYDRA
53,0.05,random,blur,0,0,0,0.27310368934140605,,-0.00014071950467287042,-0.0005152584710728214,0.0,ToeSegmentation1,HYDRA
53,0.1,top,blur,0,0,0,0.27310368934140605,0.29553488290544394,-0.022431193564037888,-0.08213404763620455,0.0,ToeSegmentation1,HYDRA
53,0.1,bottom,blur,0,0,0,0.27310368934140605,0.26941888479598775,0.0036848045454183076,0.01349227856286262,0.0,ToeSegmentation1,HYDRA
53,0.1,random,blur,0,0,0,0.27310368934140605,,-0.013821509031051716,-0.05060883086402649,0.0,ToeSegmentation1,HYDRA
53,0.2,top,blur,0,0,0,0.27310368934140605,0.30217662683556973,-0.029072937494163675,-0.10645345403725318,0.0,ToeSegmentation1,HYDRA
53,0.2,bottom,blur,0,0,0,0.27310368934140605,0.2788545025268927,-0.005750813185486647,-0.021057174812174687,0.0,ToeSegmentation1,HYDRA
53,0.2,random,blur,0,0,0,0.27310368934140605,,-0.054712601912928406,-0.20033563702208207,0.0,ToeSegmentation1,HYDRA
