sample_idx,fraction,mode,perturbation,true_label,base_pred,masked_pred,score_before,score_after,score_drop,bounded_relative_score_drop,flipped,dataset,model
0,0.05,top,global_mean,0,0,0,0.7213745437767813,0.7362401584980316,-0.014865614721250253,-0.020607317297479926,0.0,InsectEPGSmallTrain,HYDRA
0,0.05,bottom,global_mean,0,0,0,0.7213745437767813,0.7325767364468021,-0.01120219267002076,-0.015528933253505345,0.0,InsectEPGSmallTrain,HYDRA
0,0.05,random,global_mean,0,0,0,0.7213745437767813,,-0.017187813324043198,-0.023826443067442978,0.0,InsectEPGSmallTrain,HYDRA
0,0.1,top,global_mean,0,0,0,0.7213745437767813,0.7429541387426872,-0.02157959496590589,-0.029914508680077136,0.0,InsectEPGSmallTrain,HYDRA
0,0.1,bottom,global_mean,0,0,0,0.7213745437767813,0.8277282892108548,-0.1063537454340735,-0.1474318700593252,0.0,InsectEPGSmallTrain,HYDRA
0,0.1,random,global_mean,0,0,0,0.7213745437767813,,-0.06047634534449675,-0.08383475967021448,0.0,InsectEPGSmallTrain,HYDRA
0,0.2,top,global_mean,0,0,0,0.7213745437767813,0.8547515147387497,-0.13337697096196832,-0.18489255993302675,0.0,InsectEPGSmallTrain,HYDRA
0,0.2,bottom,global_mean,0,0,0,0.7213745437767813,0.9203537285551813,-0.19897918477839993,-0.2758330061158422,0.0,InsectEPGSmallTrain,HYDRA
0,0.2,random,global_mean,0,0,0,0.7213745437767813,,-0.13578800559606505,-0.18823483380812056,0.0,InsectEPGSmallTrain,HYDRA
1,0.05,top,global_mean,0,0,0,0.999999949521758,1.0217605882641185,-0.02176063874236056,-0.02176061808018023,0.0,InsectEPGSmallTrain,HYDRA
1,0.05,bottom,global_mean,0,0,0,0.999999949521758,0.9742970180723556,0.02570293144940239,0.02570290704393291,0.0,InsectEPGSmallTrain,HYDRA
1,0.05,random,global_mean,0,0,0,0.999999949521758,,0.033071475936109485,0.033071444534053335,0.0,InsectEPGSmallTrain,HYDRA
1,0.1,top,global_mean,0,0,0,0.999999949521758,0.9903950276589879,0.009604921862770066,0.009604912742696434,0.0,InsectEPGSmallTrain,HYDRA
1,0.1,bottom,global_mean,0,0,0,0.999999949521758,1.0158175929156124,-0.015817643393854386,-0.015817628374672085,0.0,InsectEPGSmallTrain,HYDRA
1,0.1,random,global_mean,0,0,0,0.999999949521758,,-0.013831180913623564,-0.01383116778062882,0.0,InsectEPGSmallTrain,HYDRA
1,0.2,top,global_mean,0,0,0,0.999999949521758,1.0972072143909832,-0.09720726486922526,-0.09720717256889988,0.0,InsectEPGSmallTrain,HYDRA
1,0.2,bottom,global_mean,0,0,0,0.999999949521758,1.1531427170050468,-0.1531427674832888,-0.1531426220710371,0.0,InsectEPGSmallTrain,HYDRA
1,0.2,random,global_mean,0,0,0,0.999999949521758,,-0.07493580291896781,-0.07493573176586008,0.0,InsectEPGSmallTrain,HYDRA
2,0.05,top,global_mean,0,0,0,0.8119729549755503,0.8350971249453578,-0.023124169969807484,-0.028478955301594354,0.0,InsectEPGSmallTrain,HYDRA
2,0.05,bottom,global_mean,0,0,0,0.8119729549755503,0.815973160995797,-0.004000206020246644,-0.004926520112787479,0.0,InsectEPGSmallTrain,HYDRA
2,0.05,random,global_mean,0,0,0,0.8119729549755503,,-0.009636993823141449,-0.011868599681170353,0.0,InsectEPGSmallTrain,HYDRA
2,0.1,top,global_mean,0,0,0,0.8119729549755503,0.8731549337466591,-0.06118197877110876,-0.07534968134901696,0.0,InsectEPGSmallTrain,HYDRA
2,0.1,bottom,global_mean,0,0,0,0.8119729549755503,0.8542751877836232,-0.04230223280807288,-0.05209801687462581,0.0,InsectEPGSmallTrain,HYDRA
2,0.1,random,global_mean,0,0,0,0.8119729549755503,,-0.03623756309136907,-0.04462897223404196,0.0,InsectEPGSmallTrain,HYDRA
2,0.2,top,global_mean,0,0,0,0.8119729549755503,0.947221261142875,-0.13524830616732464,-0.16656729607958565,0.0,InsectEPGSmallTrain,HYDRA
2,0.2,bottom,global_mean,0,0,0,0.8119729549755503,0.956838751011035,-0.14486579603548466,-0.17841187534130545,0.0,InsectEPGSmallTrain,HYDRA
2,0.2,random,global_mean,0,0,0,0.8119729549755503,,-0.17173186707210514,-0.21149923100338386,0.0,InsectEPGSmallTrain,HYDRA
3,0.05,top,global_mean,0,0,0,0.7394881117216789,0.7951713524320698,-0.05568324071039088,-0.07529960864568935,0.0,InsectEPGSmallTrain,HYDRA
3,0.05,bottom,global_mean,0,0,0,0.7394881117216789,0.7719307128748241,-0.03244260115314512,-0.04387164143311352,0.0,InsectEPGSmallTrain,HYDRA
3,0.05,random,global_mean,0,0,0,0.7394881117216789,,-0.03324880312577046,-0.044961856231203426,0.0,InsectEPGSmallTrain,HYDRA
3,0.1,top,global_mean,0,0,0,0.7394881117216789,0.8644032606297016,-0.12491514890802269,-0.16892087649160265,0.0,InsectEPGSmallTrain,HYDRA
3,0.1,bottom,global_mean,0,0,0,0.7394881117216789,0.8355422401968953,-0.09605412847521633,-0.12989255278090986,0.0,InsectEPGSmallTrain,HYDRA
3,0.1,random,global_mean,0,0,0,0.7394881117216789,,-0.08092206093570305,-0.10942968551261054,0.0,InsectEPGSmallTrain,HYDRA
3,0.2,top,global_mean,0,0,0,0.7394881117216789,0.9420232572202267,-0.2025351454985478,-0.2738852300705352,0.0,InsectEPGSmallTrain,HYDRA
3,0.2,bottom,global_mean,0,0,0,0.7394881117216789,0.9667838044640884,-0.22729569274240946,-0.3073685455803663,0.0,InsectEPGSmallTrain,HYDRA
3,0.2,random,global_mean,0,0,0,0.7394881117216789,,-0.18672489200825218,-0.25250526214445423,0.0,InsectEPGSmallTrain,HYDRA
4,0.05,top,global_mean,0,0,0,0.9576399617845737,0.953605028227045,0.004034933557528708,0.004213409532952275,0.0,InsectEPGSmallTrain,HYDRA
4,0.05,bottom,global_mean,0,0,0,0.9576399617845737,0.9381768747856549,0.019463086998918744,0.020323991741799642,0.0,InsectEPGSmallTrain,HYDRA
4,0.05,random,global_mean,0,0,0,0.9576399617845737,,0.01638614694677143,0.01711095034639671,0.0,InsectEPGSmallTrain,HYDRA
4,0.1,top,global_mean,0,0,0,0.9576399617845737,0.9825638258541494,-0.024923864069575696,-0.026026313685590288,0.0,InsectEPGSmallTrain,HYDRA
4,0.1,bottom,global_mean,0,0,0,0.9576399617845737,0.9734832602090151,-0.015843298424441432,-0.016544090172288875,0.0,InsectEPGSmallTrain,HYDRA
4,0.1,random,global_mean,0,0,0,0.9576399617845737,,-0.021809117754707195,-0.02277379375467157,0.0,InsectEPGSmallTrain,HYDRA
4,0.2,top,global_mean,0,0,0,0.9576399617845737,1.0370362333660688,-0.07939627158149509,-0.08290818245027795,0.0,InsectEPGSmallTrain,HYDRA
4,0.2,bottom,global_mean,0,0,0,0.9576399617845737,1.0991384235208501,-0.14149846173627645,-0.14775731968752948,0.0,InsectEPGSmallTrain,HYDRA
4,0.2,random,global_mean,0,0,0,0.9576399617845737,,-0.11104689321878465,-0.11595879630278934,0.0,InsectEPGSmallTrain,HYDRA
5,0.05,top,global_mean,0,0,0,0.788339450518023,0.8064324958364184,-0.018093045318395395,-0.02295080165746455,0.0,InsectEPGSmallTrain,HYDRA
5,0.05,bottom,global_mean,0,0,0,0.788339450518023,0.7631641578362225,0.02517529268180052,0.03193454384493107,0.0,InsectEPGSmallTrain,HYDRA
5,0.05,random,global_mean,0,0,0,0.788339450518023,,0.002700966507591174,0.0034261422280391085,0.0,InsectEPGSmallTrain,HYDRA
5,0.1,top,global_mean,0,0,0,0.788339450518023,0.78557769318083,0.0027617573371929716,0.0035032546349463675,0.0,InsectEPGSmallTrain,HYDRA
5,0.1,bottom,global_mean,0,0,0,0.788339450518023,0.8134715141234692,-0.025132063605446175,-0.03187970830233531,0.0,InsectEPGSmallTrain,HYDRA
5,0.1,random,global_mean,0,0,0,0.788339450518023,,-0.047375508971508086,-0.060095240502218775,0.0,InsectEPGSmallTrain,HYDRA
5,0.2,top,global_mean,0,0,0,0.788339450518023,0.9719970274395757,-0.1836575769215527,-0.2329673389217441,0.0,InsectEPGSmallTrain,HYDRA
5,0.2,bottom,global_mean,0,0,0,0.788339450518023,0.9045240446556426,-0.11618459413761961,-0.14737870429111438,0.0,InsectEPGSmallTrain,HYDRA
5,0.2,random,global_mean,0,0,0,0.788339450518023,,-0.12533553646264012,-0.15898656015973986,0.0,InsectEPGSmallTrain,HYDRA
6,0.05,top,global_mean,0,0,0,0.5815790288124363,0.5967522119895445,-0.015173183177108251,-0.026089587718634868,0.0,InsectEPGSmallTrain,HYDRA
6,0.05,bottom,global_mean,0,0,0,0.5815790288124363,0.6260414471812696,-0.044462418368833356,-0.0764510749442753,0.0,InsectEPGSmallTrain,HYDRA
6,0.05,random,global_mean,0,0,0,0.5815790288124363,,-0.016196886612795634,-0.02784979849784224,0.0,InsectEPGSmallTrain,HYDRA
6,0.1,top,global_mean,0,0,0,0.5815790288124363,0.6759692279722136,-0.09439019915977731,-0.1622995881624725,0.0,InsectEPGSmallTrain,HYDRA
6,0.1,bottom,global_mean,0,0,0,0.5815790288124363,0.7154719578165569,-0.13389292900412064,-0.2302227077458708,0.0,InsectEPGSmallTrain,HYDRA
6,0.1,random,global_mean,0,0,0,0.5815790288124363,,-0.09542691088545241,-0.16408216609554221,0.0,InsectEPGSmallTrain,HYDRA
6,0.2,top,global_mean,0,0,0,0.5815790288124363,0.8288583294755545,-0.2472793006631182,-0.4251853372063908,0.0,InsectEPGSmallTrain,HYDRA
6,0.2,bottom,global_mean,0,0,0,0.5815790288124363,0.8719076563948687,-0.2903286275824324,-0.4992066666650712,0.0,InsectEPGSmallTrain,HYDRA
6,0.2,random,global_mean,0,0,0,0.5815790288124363,,-0.22831242993621242,-0.39257267895257253,0.0,InsectEPGSmallTrain,HYDRA
7,0.05,top,global_mean,0,0,0,0.798418945740234,0.8272265059079935,-0.02880756016775954,-0.03608071206318796,0.0,InsectEPGSmallTrain,HYDRA
7,0.05,bottom,global_mean,0,0,0,0.798418945740234,0.8169610990159111,-0.018542153275677098,-0.023223559700135284,0.0,InsectEPGSmallTrain,HYDRA
7,0.05,random,global_mean,0,0,0,0.798418945740234,,-0.006241454701332039,-0.0078172579914013,0.0,InsectEPGSmallTrain,HYDRA
7,0.1,top,global_mean,0,0,0,0.798418945740234,0.8494937166309287,-0.051074770890694676,-0.06396980832354088,0.0,InsectEPGSmallTrain,HYDRA
7,0.1,bottom,global_mean,0,0,0,0.798418945740234,0.8544586329218171,-0.05603968718158314,-0.0701882355025931,0.0,InsectEPGSmallTrain,HYDRA
7,0.1,random,global_mean,0,0,0,0.798418945740234,,-0.04897818264751219,-0.06134388664614754,0.0,InsectEPGSmallTrain,HYDRA
7,0.2,top,global_mean,0,0,0,0.798418945740234,0.9377977070562611,-0.1393787613160271,-0.174568235750681,0.0,InsectEPGSmallTrain,HYDRA
7,0.2,bottom,global_mean,0,0,0,0.798418945740234,0.9775374887097925,-0.17911854296955854,-0.22434126793199474,0.0,InsectEPGSmallTrain,HYDRA
7,0.2,random,global_mean,0,0,0,0.798418945740234,,-0.1621439424590355,-0.2030810268757853,0.0,InsectEPGSmallTrain,HYDRA
8,0.05,top,global_mean,0,0,0,0.9505110392209324,0.9539283682845079,-0.0034173290635755027,-0.0035952506886461387,0.0,InsectEPGSmallTrain,HYDRA
8,0.05,bottom,global_mean,0,0,0,0.9505110392209324,0.9787718800915135,-0.028260840870581116,-0.029732228214325966,0.0,InsectEPGSmallTrain,HYDRA
8,0.05,random,global_mean,0,0,0,0.9505110392209324,,-6.824700509255877e-06,-7.180025320720207e-06,0.0,InsectEPGSmallTrain,HYDRA
8,0.1,top,global_mean,0,0,0,0.9505110392209324,0.967714081056853,-0.017203041835920585,-0.01809871009105861,0.0,InsectEPGSmallTrain,HYDRA
8,0.1,bottom,global_mean,0,0,0,0.9505110392209324,1.0439371620118987,-0.09342612279096629,-0.09829030978665046,0.0,InsectEPGSmallTrain,HYDRA
8,0.1,random,global_mean,0,0,0,0.9505110392209324,,-0.007666317733478145,-0.008065460948565875,0.0,InsectEPGSmallTrain,HYDRA
8,0.2,top,global_mean,0,0,0,0.9505110392209324,1.032179584409405,-0.08166854518847266,-0.08592057945463857,0.0,InsectEPGSmallTrain,HYDRA
8,0.2,bottom,global_mean,0,0,0,0.9505110392209324,1.1521521889129593,-0.20164114969202696,-0.21213950099706044,0.0,InsectEPGSmallTrain,HYDRA
8,0.2,random,global_mean,0,0,0,0.9505110392209324,,-0.10667940849252062,-0.11223362155408174,0.0,InsectEPGSmallTrain,HYDRA
9,0.05,top,global_mean,0,0,0,0.8140376746831817,0.8427028738820554,-0.02866519919887378,-0.03521355936808541,0.0,InsectEPGSmallTrain,HYDRA
9,0.05,bottom,global_mean,0,0,0,0.8140376746831817,0.8673470698088785,-0.05330939512569688,-0.06548754596511588,0.0,InsectEPGSmallTrain,HYDRA
9,0.05,random,global_mean,0,0,0,0.8140376746831817,,0.011358690059258025,0.013953501734642706,0.0,InsectEPGSmallTrain,HYDRA
9,0.1,top,global_mean,0,0,0,0.8140376746831817,0.8696690198026527,-0.05563134511947099,-0.06833992886286677,0.0,InsectEPGSmallTrain,HYDRA
9,0.1,bottom,global_mean,0,0,0,0.8140376746831817,0.8812355774826659,-0.06719790279948423,-0.08254878409264424,0.0,InsectEPGSmallTrain,HYDRA
9,0.1,random,global_mean,0,0,0,0.8140376746831817,,-0.023736543147211096,-0.029158987017968395,0.0,InsectEPGSmallTrain,HYDRA
9,0.2,top,global_mean,0,0,0,0.8140376746831817,0.9511794497742683,-0.1371417750910866,-0.16847083480949016,0.0,InsectEPGSmallTrain,HYDRA
9,0.2,bottom,global_mean,0,0,0,0.8140376746831817,0.9758406031240943,-0.1618029284409126,-0.19876565263178092,0.0,InsectEPGSmallTrain,HYDRA
9,0.2,random,global_mean,0,0,0,0.8140376746831817,,-0.12038685969112235,-0.14788837856871617,0.0,InsectEPGSmallTrain,HYDRA
10,0.05,top,global_mean,0,0,0,0.6279663017842072,0.654642933513994,-0.02667663172978685,-0.04248092480928876,0.0,InsectEPGSmallTrain,HYDRA
10,0.05,bottom,global_mean,0,0,0,0.6279663017842072,0.6650070451096342,-0.03704074332542695,-0.05898514655171571,0.0,InsectEPGSmallTrain,HYDRA
10,0.05,random,global_mean,0,0,0,0.6279663017842072,,0.0014180286072554172,0.00225812491068636,0.0,InsectEPGSmallTrain,HYDRA
10,0.1,top,global_mean,0,0,0,0.6279663017842072,0.7021776795760488,-0.07421137779184162,-0.11817713690026393,0.0,InsectEPGSmallTrain,HYDRA
10,0.1,bottom,global_mean,0,0,0,0.6279663017842072,0.691441591269885,-0.06347528948567782,-0.10108056471304978,0.0,InsectEPGSmallTrain,HYDRA
10,0.1,random,global_mean,0,0,0,0.6279663017842072,,-0.05907297586263627,-0.09407014616015139,0.0,InsectEPGSmallTrain,HYDRA
10,0.2,top,global_mean,0,0,0,0.6279663017842072,0.8047354535031215,-0.17676915171891427,-0.2814941975747309,0.0,InsectEPGSmallTrain,HYDRA
10,0.2,bottom,global_mean,0,0,0,0.6279663017842072,0.8341444620755594,-0.20617816029135216,-0.3283262674753129,0.0,InsectEPGSmallTrain,HYDRA
10,0.2,random,global_mean,0,0,0,0.6279663017842072,,-0.16512122920457517,-0.2629455844841376,0.0,InsectEPGSmallTrain,HYDRA
11,0.05,top,global_mean,0,0,0,0.8083252628293074,0.8405907508924435,-0.032265488063136116,-0.03991641685648107,0.0,InsectEPGSmallTrain,HYDRA
11,0.05,bottom,global_mean,0,0,0,0.8083252628293074,0.8206878055270805,-0.012362542697773149,-0.015294001031837959,0.0,InsectEPGSmallTrain,HYDRA
11,0.05,random,global_mean,0,0,0,0.8083252628293074,,-0.008256684716715456,-0.010214544666426363,0.0,InsectEPGSmallTrain,HYDRA
11,0.1,top,global_mean,0,0,0,0.8083252628293074,0.8640624866574484,-0.05573722382814106,-0.06895386973206755,0.0,InsectEPGSmallTrain,HYDRA
11,0.1,bottom,global_mean,0,0,0,0.8083252628293074,0.8794285115489227,-0.07110324871961526,-0.08796355133970203,0.0,InsectEPGSmallTrain,HYDRA
11,0.1,random,global_mean,0,0,0,0.8083252628293074,,-0.05501298662971501,-0.06805789835054758,0.0,InsectEPGSmallTrain,HYDRA
11,0.2,top,global_mean,0,0,0,0.8083252628293074,0.9413143594557207,-0.13298909662641334,-0.16452403285886602,0.0,InsectEPGSmallTrain,HYDRA
11,0.2,bottom,global_mean,0,0,0,0.8083252628293074,1.0276743623240563,-0.2193490994947489,-0.27136208432345393,0.0,InsectEPGSmallTrain,HYDRA
11,0.2,random,global_mean,0,0,0,0.8083252628293074,,-0.14953077667635503,-0.18498814594117813,0.0,InsectEPGSmallTrain,HYDRA
12,0.05,top,global_mean,0,0,0,0.9999999222586935,0.9702971995869902,0.029702722671703263,0.029702695278134326,0.0,InsectEPGSmallTrain,HYDRA
12,0.05,bottom,global_mean,0,0,0,0.9999999222586935,1.0142512348988653,-0.014251312640171765,-0.014251299496786912,0.0,InsectEPGSmallTrain,HYDRA
12,0.05,random,global_mean,0,0,0,0.9999999222586935,,0.016318808817868468,0.01631879376771905,0.0,InsectEPGSmallTrain,HYDRA
12,0.1,top,global_mean,0,0,0,0.9999999222586935,0.9830443535707905,0.016955568687903044,0.01695555305049684,0.0,InsectEPGSmallTrain,HYDRA
12,0.1,bottom,global_mean,0,0,0,0.9999999222586935,1.0411430674246824,-0.04114314516598894,-0.041143107221400625,0.0,InsectEPGSmallTrain,HYDRA
12,0.1,random,global_mean,0,0,0,0.9999999222586935,,-0.025721255890132032,-0.025721232168502063,0.0,InsectEPGSmallTrain,HYDRA
12,0.2,top,global_mean,0,0,0,0.9999999222586935,1.0977645653320378,-0.09776464307334432,-0.0977645529091355,0.0,InsectEPGSmallTrain,HYDRA
12,0.2,bottom,global_mean,0,0,0,0.9999999222586935,1.1527367987848742,-0.15273687652618073,-0.15273673566339846,0.0,InsectEPGSmallTrain,HYDRA
12,0.2,random,global_mean,0,0,0,0.9999999222586935,,-0.09545742845568635,-0.09545734041932429,0.0,InsectEPGSmallTrain,HYDRA
13,0.05,top,global_mean,0,0,0,0.8215193145560731,0.813212425347849,0.008306889208224089,0.010111605350517597,0.0,InsectEPGSmallTrain,HYDRA
13,0.05,bottom,global_mean,0,0,0,0.8215193145560731,0.7874499714798471,0.034069343076226,0.04147109021234141,0.0,InsectEPGSmallTrain,HYDRA
13,0.05,random,global_mean,0,0,0,0.8215193145560731,,-0.0021146562674497103,-0.0025740766600426818,0.0,InsectEPGSmallTrain,HYDRA
13,0.1,top,global_mean,0,0,0,0.8215193145560731,0.8068319941720214,0.014687320384051628,0.0178782193499235,0.0,InsectEPGSmallTrain,HYDRA
13,0.1,bottom,global_mean,0,0,0,0.8215193145560731,0.8561711435373038,-0.03465182898123076,-0.04218012429790693,0.0,InsectEPGSmallTrain,HYDRA
13,0.1,random,global_mean,0,0,0,0.8215193145560731,,-0.04055508236171872,-0.049365891071888546,0.0,InsectEPGSmallTrain,HYDRA
13,0.2,top,global_mean,0,0,0,0.8215193145560731,0.881452842764141,-0.059933528208067965,-0.07295440799958111,0.0,InsectEPGSmallTrain,HYDRA
13,0.2,bottom,global_mean,0,0,0,0.8215193145560731,0.9606452655797346,-0.13912595102366154,-0.16935180854151047,0.0,InsectEPGSmallTrain,HYDRA
13,0.2,random,global_mean,0,0,0,0.8215193145560731,,-0.11498185724440657,-0.13996228115982695,0.0,InsectEPGSmallTrain,HYDRA
14,0.05,top,global_mean,0,0,0,0.9009756657012253,0.9238767201123139,-0.022901054411088584,-0.025418032766991602,0.0,InsectEPGSmallTrain,HYDRA
14,0.05,bottom,global_mean,0,0,0,0.9009756657012253,0.8932792542706234,0.007696411430601957,0.008542298289836265,0.0,InsectEPGSmallTrain,HYDRA
14,0.05,random,global_mean,0,0,0,0.9009756657012253,,-0.00041103132181827815,-0.0004562064007488754,0.0,InsectEPGSmallTrain,HYDRA
14,0.1,top,global_mean,0,0,0,0.9009756657012253,0.9675257563205422,-0.06655009061931683,-0.07386438867151042,0.0,InsectEPGSmallTrain,HYDRA
14,0.1,bottom,global_mean,0,0,0,0.9009756657012253,0.9784310713887208,-0.07745540568749543,-0.0859682704737001,0.0,InsectEPGSmallTrain,HYDRA
14,0.1,random,global_mean,0,0,0,0.9009756657012253,,-0.04166330827895139,-0.0462423832547595,0.0,InsectEPGSmallTrain,HYDRA
14,0.2,top,global_mean,0,0,0,0.9009756657012253,1.0435822833407304,-0.1426066176395051,-0.15828003439857694,0.0,InsectEPGSmallTrain,HYDRA
14,0.2,bottom,global_mean,0,0,0,0.9009756657012253,1.0979173451080233,-0.19694167940679796,-0.21858688121908162,0.0,InsectEPGSmallTrain,HYDRA
14,0.2,random,global_mean,0,0,0,0.9009756657012253,,-0.15757708275893306,-0.17489585330857782,0.0,InsectEPGSmallTrain,HYDRA
15,0.05,top,global_mean,0,0,0,0.8609946343433297,0.8540447023395656,0.006949932003764037,0.008071971246479851,0.0,InsectEPGSmallTrain,HYDRA
15,0.05,bottom,global_mean,0,0,0,0.8609946343433297,0.9003819769337469,-0.03938734259041721,-0.045746274451736825,0.0,InsectEPGSmallTrain,HYDRA
15,0.05,random,global_mean,0,0,0,0.8609946343433297,,0.007919423618797782,0.009197983477393385,0.0,InsectEPGSmallTrain,HYDRA
15,0.1,top,global_mean,0,0,0,0.8609946343433297,0.9018935269332085,-0.04089889258987878,-0.04750185826560182,0.0,InsectEPGSmallTrain,HYDRA
15,0.1,bottom,global_mean,0,0,0,0.8609946343433297,0.9507793661347914,-0.08978473179146174,-0.10428012432367255,0.0,InsectEPGSmallTrain,HYDRA
15,0.1,random,global_mean,0,0,0,0.8609946343433297,,-0.02102727891852796,-0.024422050565407562,0.0,InsectEPGSmallTrain,HYDRA
15,0.2,top,global_mean,0,0,0,0.8609946343433297,0.9795094985805601,-0.11851486423723046,-0.13764862388369742,0.0,InsectEPGSmallTrain,HYDRA
15,0.2,bottom,global_mean,0,0,0,0.8609946343433297,1.0889964243603085,-0.22800179001697884,-0.26481178408166134,0.0,InsectEPGSmallTrain,HYDRA
15,0.2,random,global_mean,0,0,0,0.8609946343433297,,-0.14415419285332498,-0.16742732146751188,0.0,InsectEPGSmallTrain,HYDRA
16,0.05,top,global_mean,0,0,0,0.824777063994971,0.8644041492695491,-0.039627085274578144,-0.048045755585007614,0.0,InsectEPGSmallTrain,HYDRA
16,0.05,bottom,global_mean,0,0,0,0.824777063994971,0.8470455235317043,-0.022268459536733287,-0.026999335347101406,0.0,InsectEPGSmallTrain,HYDRA
16,0.05,random,global_mean,0,0,0,0.824777063994971,,0.00046116184478894873,0.0005591344689203088,0.0,InsectEPGSmallTrain,HYDRA
16,0.1,top,global_mean,0,0,0,0.824777063994971,0.9030918669433472,-0.07831480294837623,-0.09495257738674988,0.0,InsectEPGSmallTrain,HYDRA
16,0.1,bottom,global_mean,0,0,0,0.824777063994971,0.9706982790282339,-0.14592121503326294,-0.1769217943630381,0.0,InsectEPGSmallTrain,HYDRA
16,0.1,random,global_mean,0,0,0,0.824777063994971,,-0.04236123924006776,-0.051360773387792304,0.0,InsectEPGSmallTrain,HYDRA
16,0.2,top,global_mean,0,0,0,0.824777063994971,0.9697016519366224,-0.14492458794165142,-0.17571343646032647,0.0,InsectEPGSmallTrain,HYDRA
16,0.2,bottom,global_mean,0,0,0,0.824777063994971,1.1275782608364933,-0.3028011968415223,-0.36713051675361796,0.0,InsectEPGSmallTrain,HYDRA
16,0.2,random,global_mean,0,0,0,0.824777063994971,,-0.21582419310437123,-0.2616754767445988,0.0,InsectEPGSmallTrain,HYDRA
17,0.05,top,global_mean,0,0,0,0.9438952976148602,0.940915078318546,0.0029802192963142016,0.003157358815629369,0.0,InsectEPGSmallTrain,HYDRA
17,0.05,bottom,global_mean,0,0,0,0.9438952976148602,0.9397972391909069,0.004098058423953388,0.004341640532237288,0.0,InsectEPGSmallTrain,HYDRA
17,0.05,random,global_mean,0,0,0,0.9438952976148602,,0.019886585776764498,0.02106861296841198,0.0,InsectEPGSmallTrain,HYDRA
17,0.1,top,global_mean,0,0,0,0.9438952976148602,0.9547107739739094,-0.010815476359049114,-0.011458331160296778,0.0,InsectEPGSmallTrain,HYDRA
17,0.1,bottom,global_mean,0,0,0,0.9438952976148602,0.9546336276211145,-0.010738330006254238,-0.011376599350361916,0.0,InsectEPGSmallTrain,HYDRA
17,0.1,random,global_mean,0,0,0,0.9438952976148602,,-0.013204962509620444,-0.013989844586728625,0.0,InsectEPGSmallTrain,HYDRA
17,0.2,top,global_mean,0,0,0,0.9438952976148602,1.0161634314095591,-0.07226813379469887,-0.07656363731621138,0.0,InsectEPGSmallTrain,HYDRA
17,0.2,bottom,global_mean,0,0,0,0.9438952976148602,1.0751335344698711,-0.1312382368550109,-0.13903882999291123,0.0,InsectEPGSmallTrain,HYDRA
17,0.2,random,global_mean,0,0,0,0.9438952976148602,,-0.08090251607897661,-0.08571123362111904,0.0,InsectEPGSmallTrain,HYDRA
18,0.05,top,global_mean,0,0,0,0.9422970635933638,0.9633887866058204,-0.021091723012456542,-0.022383281710274632,0.0,InsectEPGSmallTrain,HYDRA
18,0.05,bottom,global_mean,0,0,0,0.9422970635933638,0.9488272590728901,-0.0065301954795262684,-0.006930074179102088,0.0,InsectEPGSmallTrain,HYDRA
18,0.05,random,global_mean,0,0,0,0.9422970635933638,,0.01090873477061094,0.011576734784969758,0.0,InsectEPGSmallTrain,HYDRA
18,0.1,top,global_mean,0,0,0,0.9422970635933638,0.9185994680476093,0.02369759554575457,0.025148725717832898,0.0,InsectEPGSmallTrain,HYDRA
18,0.1,bottom,global_mean,0,0,0,0.9422970635933638,1.006754719574968,-0.06445765598160413,-0.06840474205773171,0.0,InsectEPGSmallTrain,HYDRA
18,0.1,random,global_mean,0,0,0,0.9422970635933638,,-0.002678548195757324,-0.002842569988463029,0.0,InsectEPGSmallTrain,HYDRA
18,0.2,top,global_mean,0,0,0,0.9422970635933638,0.9858341035463081,-0.04353703995294422,-0.04620304512451174,0.0,InsectEPGSmallTrain,HYDRA
18,0.2,bottom,global_mean,0,0,0,0.9422970635933638,1.119751505314653,-0.1774544417212891,-0.18832092368372647,0.0,InsectEPGSmallTrain,HYDRA
18,0.2,random,global_mean,0,0,0,0.9422970635933638,,-0.118612867910422,-0.12587616646276775,0.0,InsectEPGSmallTrain,HYDRA
19,0.05,top,global_mean,0,0,0,1.0192345788715826,1.003313960433636,0.015920618437946565,0.01562015570097408,0.0,InsectEPGSmallTrain,HYDRA
19,0.05,bottom,global_mean,0,0,0,1.0192345788715826,1.0301690070648044,-0.010934428193221768,-0.010728067602710167,0.0,InsectEPGSmallTrain,HYDRA
19,0.05,random,global_mean,0,0,0,1.0192345788715826,,0.012219826014799295,0.011989206684021102,0.0,InsectEPGSmallTrain,HYDRA
19,0.1,top,global_mean,0,0,0,1.0192345788715826,1.04640458967546,-0.027170010803877265,-0.026657243297921136,0.0,InsectEPGSmallTrain,HYDRA
19,0.1,bottom,global_mean,0,0,0,1.0192345788715826,1.0755284379803194,-0.056293859108736743,-0.05523145019236954,0.0,InsectEPGSmallTrain,HYDRA
19,0.1,random,global_mean,0,0,0,1.0192345788715826,,-0.013862676737737311,-0.01360105261737917,0.0,InsectEPGSmallTrain,HYDRA
19,0.2,top,global_mean,0,0,0,1.0192345788715826,1.1179813141337598,-0.09874673526217714,-0.0968831321327124,0.0,InsectEPGSmallTrain,HYDRA
19,0.2,bottom,global_mean,0,0,0,1.0192345788715826,1.1837874263356525,-0.16455284746406984,-0.16144731490461686,0.0,InsectEPGSmallTrain,HYDRA
19,0.2,random,global_mean,0,0,0,1.0192345788715826,,-0.11208022439702589,-0.10996498426900707,0.0,InsectEPGSmallTrain,HYDRA
20,0.05,top,global_mean,0,0,0,0.9196208777768544,0.9147345496774515,0.004886328099402926,0.0053134100193607935,0.0,InsectEPGSmallTrain,HYDRA
20,0.05,bottom,global_mean,0,0,0,0.9196208777768544,0.9400014994128933,-0.02038062163603893,-0.022161958222773243,0.0,InsectEPGSmallTrain,HYDRA
20,0.05,random,global_mean,0,0,0,0.9196208777768544,,-0.0007092808002755469,-0.0007712743872407675,0.0,InsectEPGSmallTrain,HYDRA
20,0.1,top,global_mean,0,0,0,0.9196208777768544,0.9413063880789045,-0.021685510302050126,-0.023580898656384616,0.0,InsectEPGSmallTrain,HYDRA
20,0.1,bottom,global_mean,0,0,0,0.9196208777768544,1.0051352507086735,-0.08551437293181907,-0.09298862390980336,0.0,InsectEPGSmallTrain,HYDRA
20,0.1,random,global_mean,0,0,0,0.9196208777768544,,-0.06213694555858331,-0.0675679287978627,0.0,InsectEPGSmallTrain,HYDRA
20,0.2,top,global_mean,0,0,0,0.9196208777768544,1.0340343872407407,-0.11441350946388629,-0.12441364459540255,0.0,InsectEPGSmallTrain,HYDRA
20,0.2,bottom,global_mean,0,0,0,0.9196208777768544,1.1403401513064566,-0.2207192735296022,-0.2400108988959477,0.0,InsectEPGSmallTrain,HYDRA
20,0.2,random,global_mean,0,0,0,0.9196208777768544,,-0.18240327942183976,-0.19834595482090062,0.0,InsectEPGSmallTrain,HYDRA
21,0.05,top,global_mean,0,0,0,1.0607698976500364,1.0546026338887196,0.006167263761316821,0.005813945098776165,0.0,InsectEPGSmallTrain,HYDRA
21,0.05,bottom,global_mean,0,0,0,1.0607698976500364,1.0696108248123237,-0.008840927162287349,-0.008334436004864925,0.0,InsectEPGSmallTrain,HYDRA
21,0.05,random,global_mean,0,0,0,1.0607698976500364,,0.043833229006784345,0.0413220508819479,0.0,InsectEPGSmallTrain,HYDRA
21,0.1,top,global_mean,0,0,0,1.0607698976500364,1.074192402304523,-0.013422504654486689,-0.01265353780370676,0.0,InsectEPGSmallTrain,HYDRA
21,0.1,bottom,global_mean,0,0,0,1.0607698976500364,1.10268627233637,-0.04191637468633358,-0.03951501194008284,0.0,InsectEPGSmallTrain,HYDRA
21,0.1,random,global_mean,0,0,0,1.0607698976500364,,0.007656746679117932,0.007218096476892602,0.0,InsectEPGSmallTrain,HYDRA
21,0.2,top,global_mean,0,0,0,1.0607698976500364,1.12479544655751,-0.0640255489074737,-0.06035756547366805,0.0,InsectEPGSmallTrain,HYDRA
21,0.2,bottom,global_mean,0,0,0,1.0607698976500364,1.2008183847114722,-0.1400484870614358,-0.1320251973085708,0.0,InsectEPGSmallTrain,HYDRA
21,0.2,random,global_mean,0,0,0,1.0607698976500364,,-0.13749627215264168,-0.12961919718691575,0.0,InsectEPGSmallTrain,HYDRA
22,0.05,top,global_mean,0,0,0,0.9584568041922639,0.9849838301555016,-0.02652702596323775,-0.027676780185011154,0.0,InsectEPGSmallTrain,HYDRA
22,0.05,bottom,global_mean,0,0,0,0.9584568041922639,0.9372794599888987,0.021177344203365145,0.022095228512654514,0.0,InsectEPGSmallTrain,HYDRA
22,0.05,random,global_mean,0,0,0,0.9584568041922639,,-0.002535979401943145,-0.002645895720031546,0.0,InsectEPGSmallTrain,HYDRA
22,0.1,top,global_mean,0,0,0,0.9584568041922639,1.014751788811746,-0.056294984619482236,-0.058734963994502176,0.0,InsectEPGSmallTrain,HYDRA
22,0.1,bottom,global_mean,0,0,0,0.9584568041922639,0.9965486275112068,-0.0380918233189429,-0.03974282764700801,0.0,InsectEPGSmallTrain,HYDRA
22,0.1,random,global_mean,0,0,0,0.9584568041922639,,-0.031288512911577505,-0.032644643065894555,0.0,InsectEPGSmallTrain,HYDRA
22,0.2,top,global_mean,0,0,0,0.9584568041922639,1.0891018347722392,-0.13064503057997534,-0.13630754531763228,0.0,InsectEPGSmallTrain,HYDRA
22,0.2,bottom,global_mean,0,0,0,0.9584568041922639,1.1234226495968458,-0.16496584540458192,-0.1721159185965481,0.0,InsectEPGSmallTrain,HYDRA
22,0.2,random,global_mean,0,0,0,0.9584568041922639,,-0.11615090785252509,-0.12118520747025559,0.0,InsectEPGSmallTrain,HYDRA
23,0.05,top,global_mean,0,0,0,0.8753075615105732,0.8927899108323065,-0.017482349321733315,-0.019972784559039343,0.0,InsectEPGSmallTrain,HYDRA
23,0.05,bottom,global_mean,0,0,0,0.8753075615105732,0.8634709319742744,0.011836629536298826,0.013522807906587404,0.0,InsectEPGSmallTrain,HYDRA
23,0.05,random,global_mean,0,0,0,0.8753075615105732,,0.010408033987721676,0.01189070282799462,0.0,InsectEPGSmallTrain,HYDRA
23,0.1,top,global_mean,0,0,0,0.8753075615105732,0.9339830987761744,-0.05867553726560115,-0.0670341178479292,0.0,InsectEPGSmallTrain,HYDRA
23,0.1,bottom,global_mean,0,0,0,0.8753075615105732,0.9221445204262912,-0.04683695891571804,-0.05350908351094916,0.0,InsectEPGSmallTrain,HYDRA
23,0.1,random,global_mean,0,0,0,0.8753075615105732,,-0.04523552084173077,-0.05167951375188777,0.0,InsectEPGSmallTrain,HYDRA
23,0.2,top,global_mean,0,0,0,0.8753075615105732,0.9267213410382764,-0.05141377952770321,-0.05873789174297041,0.0,InsectEPGSmallTrain,HYDRA
23,0.2,bottom,global_mean,0,0,0,0.8753075615105732,0.998777130645921,-0.12346956913534779,-0.14105833595671546,0.0,InsectEPGSmallTrain,HYDRA
23,0.2,random,global_mean,0,0,0,0.8753075615105732,,-0.10345926761663256,-0.11819748162646393,0.0,InsectEPGSmallTrain,HYDRA
24,0.05,top,global_mean,0,0,0,0.6156966182862036,0.6354072309865455,-0.019710612700341912,-0.03201346263967444,0.0,InsectEPGSmallTrain,HYDRA
24,0.05,bottom,global_mean,0,0,0,0.6156966182862036,0.6616968867915685,-0.04600026850536487,-0.07471243535650954,0.0,InsectEPGSmallTrain,HYDRA
24,0.05,random,global_mean,0,0,0,0.6156966182862036,,-0.030551740615252322,-0.049621339611956264,0.0,InsectEPGSmallTrain,HYDRA
24,0.1,top,global_mean,0,0,0,0.6156966182862036,0.7011835476204862,-0.08548692933428259,-0.13884563915032797,0.0,InsectEPGSmallTrain,HYDRA
24,0.1,bottom,global_mean,0,0,0,0.6156966182862036,0.713234881370743,-0.09753826308453939,-0.15841910085024768,0.0,InsectEPGSmallTrain,HYDRA
24,0.1,random,global_mean,0,0,0,0.6156966182862036,,-0.08137398798155426,-0.13216550716577244,0.0,InsectEPGSmallTrain,HYDRA
24,0.2,top,global_mean,0,0,0,0.6156966182862036,0.8642629841794638,-0.2485663658932602,-0.4037150031295322,0.0,InsectEPGSmallTrain,HYDRA
24,0.2,bottom,global_mean,0,0,0,0.6156966182862036,0.8305358456848628,-0.21483922739865924,-0.3489362651696866,0.0,InsectEPGSmallTrain,HYDRA
24,0.2,random,global_mean,0,0,0,0.6156966182862036,,-0.23129157123122385,-0.37565773256525614,0.0,InsectEPGSmallTrain,HYDRA
25,0.05,top,global_mean,0,0,0,1.0246766605355695,1.024793644675405,-0.00011698413983540767,-0.00011416677101583676,0.0,InsectEPGSmallTrain,HYDRA
25,0.05,bottom,global_mean,0,0,0,1.0246766605355695,1.0134903288393204,0.011186331696249052,0.010916927466148018,0.0,InsectEPGSmallTrain,HYDRA
25,0.05,random,global_mean,0,0,0,1.0246766605355695,,0.014844501451399993,0.01448699627514198,0.0,InsectEPGSmallTrain,HYDRA
25,0.1,top,global_mean,0,0,0,1.0246766605355695,1.024331253801855,0.0003454067337145261,0.0003370881858925196,0.0,InsectEPGSmallTrain,HYDRA
25,0.1,bottom,global_mean,0,0,0,1.0246766605355695,1.0993759392825617,-0.07469927874699223,-0.07290027061578475,0.0,InsectEPGSmallTrain,HYDRA
25,0.1,random,global_mean,0,0,0,1.0246766605355695,,-0.0019703908575549713,-0.0019229372645101933,0.0,InsectEPGSmallTrain,HYDRA
25,0.2,top,global_mean,0,0,0,1.0246766605355695,1.1022171050823595,-0.07754044454678999,-0.07567301165350071,0.0,InsectEPGSmallTrain,HYDRA
25,0.2,bottom,global_mean,0,0,0,1.0246766605355695,1.2318770033182893,-0.20720034278271982,-0.20221026646996693,0.0,InsectEPGSmallTrain,HYDRA
25,0.2,random,global_mean,0,0,0,1.0246766605355695,,-0.09973644886771975,-0.09733446205472109,0.0,InsectEPGSmallTrain,HYDRA
26,0.05,top,global_mean,0,0,0,0.9095809646347011,0.9139731062408689,-0.004392141606167854,-0.004828747465251018,0.0,InsectEPGSmallTrain,HYDRA
26,0.05,bottom,global_mean,0,0,0,0.9095809646347011,0.9019561165799828,0.007624848054718303,0.008382804795146232,0.0,InsectEPGSmallTrain,HYDRA
26,0.05,random,global_mean,0,0,0,0.9095809646347011,,0.015151508337715346,0.01665766135083865,0.0,InsectEPGSmallTrain,HYDRA
26,0.1,top,global_mean,0,0,0,0.9095809646347011,0.9392620319538028,-0.029681067319101695,-0.03263154775833969,0.0,InsectEPGSmallTrain,HYDRA
26,0.1,bottom,global_mean,0,0,0,0.9095809646347011,0.9641083719308647,-0.05452740729616368,-0.05994776657435433,0.0,InsectEPGSmallTrain,HYDRA
26,0.1,random,global_mean,0,0,0,0.9095809646347011,,-0.04335613202390087,-0.047665997908515265,0.0,InsectEPGSmallTrain,HYDRA
26,0.2,top,global_mean,0,0,0,0.9095809646347011,1.0065934671625214,-0.09701250252782034,-0.10665614128220068,0.0,InsectEPGSmallTrain,HYDRA
26,0.2,bottom,global_mean,0,0,0,0.9095809646347011,1.0810901266708102,-0.1715091620361091,-0.1885582264210672,0.0,InsectEPGSmallTrain,HYDRA
26,0.2,random,global_mean,0,0,0,0.9095809646347011,,-0.10396086823950768,-0.11429521723340193,0.0,InsectEPGSmallTrain,HYDRA
27,0.05,top,global_mean,0,0,0,0.7949877437288264,0.7316895616632333,0.06329818206559312,0.07962148214665082,0.0,InsectEPGSmallTrain,HYDRA
27,0.05,bottom,global_mean,0,0,0,0.7949877437288264,0.8099896124837851,-0.01500186875495868,-0.01887054234830257,0.0,InsectEPGSmallTrain,HYDRA
27,0.05,random,global_mean,0,0,0,0.7949877437288264,,0.006297189814816484,0.007921105631357816,0.0,InsectEPGSmallTrain,HYDRA
27,0.1,top,global_mean,0,0,0,0.7949877437288264,0.7443917222651506,0.05059602146367581,0.06364369541430173,0.0,InsectEPGSmallTrain,HYDRA
27,0.1,bottom,global_mean,0,0,0,0.7949877437288264,0.869981555621796,-0.07499381189296961,-0.09433317450661952,0.0,InsectEPGSmallTrain,HYDRA
27,0.1,random,global_mean,0,0,0,0.7949877437288264,,-0.029609281588752402,-0.037244906701285614,0.0,InsectEPGSmallTrain,HYDRA
27,0.2,top,global_mean,0,0,0,0.7949877437288264,0.8239174170502912,-0.02892967332146479,-0.03639004143099264,0.0,InsectEPGSmallTrain,HYDRA
27,0.2,bottom,global_mean,0,0,0,0.7949877437288264,0.9444842418950667,-0.14949649816624033,-0.18804857219114807,0.0,InsectEPGSmallTrain,HYDRA
27,0.2,random,global_mean,0,0,0,0.7949877437288264,,-0.12199358137322328,-0.15345321847077084,0.0,InsectEPGSmallTrain,HYDRA
28,0.05,top,global_mean,0,0,0,0.7918304809015209,0.8275826226930176,-0.03575214179149677,-0.045151200291748975,0.0,InsectEPGSmallTrain,HYDRA
28,0.05,bottom,global_mean,0,0,0,0.7918304809015209,0.7871567353776385,0.004673745523882333,0.00590244974670766,0.0,InsectEPGSmallTrain,HYDRA
28,0.05,random,global_mean,0,0,0,0.7918304809015209,,-0.004353571648238663,-0.005498103767334443,0.0,InsectEPGSmallTrain,HYDRA
28,0.1,top,global_mean,0,0,0,0.7918304809015209,0.8001462678004381,-0.00831578689891721,-0.010501965505904702,0.0,InsectEPGSmallTrain,HYDRA
28,0.1,bottom,global_mean,0,0,0,0.7918304809015209,0.8535652485042666,-0.061734767602745766,-0.07796452792260686,0.0,InsectEPGSmallTrain,HYDRA
28,0.1,random,global_mean,0,0,0,0.7918304809015209,,-0.004638199241894014,-0.005857558525727346,0.0,InsectEPGSmallTrain,HYDRA
28,0.2,top,global_mean,0,0,0,0.7918304809015209,0.9210563852391,-0.1292259043375792,-0.16319874550889554,0.0,InsectEPGSmallTrain,HYDRA
28,0.2,bottom,global_mean,0,0,0,0.7918304809015209,1.0051582826927554,-0.21332780179123456,-0.2694106093740492,0.0,InsectEPGSmallTrain,HYDRA
28,0.2,random,global_mean,0,0,0,0.7918304809015209,,-0.13437242541876224,-0.16969826113224964,0.0,InsectEPGSmallTrain,HYDRA
29,0.05,top,global_mean,0,0,0,0.8535239205929355,0.8815679438370283,-0.02804402324409283,-0.03285671287091526,0.0,InsectEPGSmallTrain,HYDRA
29,0.05,bottom,global_mean,0,0,0,0.8535239205929355,0.8285405437387534,0.02498337685418206,0.02927082297354171,0.0,InsectEPGSmallTrain,HYDRA
29,0.05,random,global_mean,0,0,0,0.8535239205929355,,-0.006235203643970832,-0.007305239124874406,0.0,InsectEPGSmallTrain,HYDRA
29,0.1,top,global_mean,0,0,0,0.8535239205929355,0.9373839166996607,-0.08385999610672523,-0.0982513739006806,0.0,InsectEPGSmallTrain,HYDRA
29,0.1,bottom,global_mean,0,0,0,0.8535239205929355,0.9153399222386012,-0.0618160016456657,-0.07242436647628603,0.0,InsectEPGSmallTrain,HYDRA
29,0.1,random,global_mean,0,0,0,0.8535239205929355,,-0.028874737297606635,-0.03382998738636434,0.0,InsectEPGSmallTrain,HYDRA
29,0.2,top,global_mean,0,0,0,0.8535239205929355,0.9943362087256247,-0.1408122881326892,-0.16497736004575972,0.0,InsectEPGSmallTrain,HYDRA
29,0.2,bottom,global_mean,0,0,0,0.8535239205929355,0.9825572471099622,-0.1290333265170267,-0.15117698781119185,0.0,InsectEPGSmallTrain,HYDRA
29,0.2,random,global_mean,0,0,0,0.8535239205929355,,-0.1517884751173057,-0.17783719192622954,0.0,InsectEPGSmallTrain,HYDRA
30,0.05,top,global_mean,0,0,0,1.021510564029417,1.0194190713940126,0.002091492635404535,0.0020474488092474545,0.0,InsectEPGSmallTrain,HYDRA
30,0.05,bottom,global_mean,0,0,0,1.021510564029417,1.0022258869204699,0.019284677108947212,0.01887856955126145,0.0,InsectEPGSmallTrain,HYDRA
30,0.05,random,global_mean,0,0,0,1.021510564029417,,0.02478180135699635,0.024259932270607847,0.0,InsectEPGSmallTrain,HYDRA
30,0.1,top,global_mean,0,0,0,1.021510564029417,1.041273722905866,-0.01976315887644886,-0.01934697518106582,0.0,InsectEPGSmallTrain,HYDRA
30,0.1,bottom,global_mean,0,0,0,1.021510564029417,1.0421671746667163,-0.020656610637299178,-0.02022161213311954,0.0,InsectEPGSmallTrain,HYDRA
30,0.1,random,global_mean,0,0,0,1.021510564029417,,-0.004063785298936784,-0.00397820782655355,0.0,InsectEPGSmallTrain,HYDRA
30,0.2,top,global_mean,0,0,0,1.021510564029417,1.0715580574076924,-0.0500474933782753,-0.04899356516421585,0.0,InsectEPGSmallTrain,HYDRA
30,0.2,bottom,global_mean,0,0,0,1.021510564029417,1.1977581848594023,-0.17624762082998524,-0.1725360994786641,0.0,InsectEPGSmallTrain,HYDRA
30,0.2,random,global_mean,0,0,0,1.021510564029417,,-0.10195339594934123,-0.09980640409706142,0.0,InsectEPGSmallTrain,HYDRA
31,0.05,top,global_mean,0,0,0,0.7886064513765594,0.8003405896310372,-0.011734138254477777,-0.014879568071535678,0.0,InsectEPGSmallTrain,HYDRA
31,0.05,bottom,global_mean,0,0,0,0.7886064513765594,0.8066153491743167,-0.018008897797757273,-0.022836327207309177,0.0,InsectEPGSmallTrain,HYDRA
31,0.05,random,global_mean,0,0,0,0.7886064513765594,,-0.0028413645707160208,-0.003603015119570905,0.0,InsectEPGSmallTrain,HYDRA
31,0.1,top,global_mean,0,0,0,0.7886064513765594,0.8359681197655475,-0.04736166838898814,-0.06005734324005643,0.0,InsectEPGSmallTrain,HYDRA
31,0.1,bottom,global_mean,0,0,0,0.7886064513765594,0.8622387087362076,-0.07363225735964818,-0.09336997416283457,0.0,InsectEPGSmallTrain,HYDRA
31,0.1,random,global_mean,0,0,0,0.7886064513765594,,-0.037173809825781313,-0.047138547525631805,0.0,InsectEPGSmallTrain,HYDRA
31,0.2,top,global_mean,0,0,0,0.7886064513765594,0.9419774640108396,-0.1533710126342802,-0.19448334195493885,0.0,InsectEPGSmallTrain,HYDRA
31,0.2,bottom,global_mean,0,0,0,0.7886064513765594,0.9617023287680693,-0.1730958773915099,-0.219495614819973,0.0,InsectEPGSmallTrain,HYDRA
31,0.2,random,global_mean,0,0,0,0.7886064513765594,,-0.1626154979545904,-0.20620588566686218,0.0,InsectEPGSmallTrain,HYDRA
32,0.05,top,global_mean,0,0,0,0.8584788414923641,0.8310532492708755,0.02742559222148855,0.031946693324577606,0.0,InsectEPGSmallTrain,HYDRA
32,0.05,bottom,global_mean,0,0,0,0.8584788414923641,0.8742017433183495,-0.015722901825985458,-0.018314817734861523,0.0,InsectEPGSmallTrain,HYDRA
32,0.05,random,global_mean,0,0,0,0.8584788414923641,,0.0012113861844401442,0.0014110828535406198,0.0,InsectEPGSmallTrain,HYDRA
32,0.1,top,global_mean,0,0,0,0.8584788414923641,0.8716908626818201,-0.01321202118945597,-0.015390019137186095,0.0,InsectEPGSmallTrain,HYDRA
32,0.1,bottom,global_mean,0,0,0,0.8584788414923641,0.9166640082407727,-0.05818516674840857,-0.06777697499251775,0.0,InsectEPGSmallTrain,HYDRA
32,0.1,random,global_mean,0,0,0,0.8584788414923641,,-0.022343544177002617,-0.026026871100620196,0.0,InsectEPGSmallTrain,HYDRA
32,0.2,top,global_mean,0,0,0,0.8584788414923641,0.9181081005558902,-0.05962925906352612,-0.06945912551641027,0.0,InsectEPGSmallTrain,HYDRA
32,0.2,bottom,global_mean,0,0,0,0.8584788414923641,1.0807641242137425,-0.22228528272137837,-0.2589289485644323,0.0,InsectEPGSmallTrain,HYDRA
32,0.2,random,global_mean,0,0,0,0.8584788414923641,,-0.11955255379664806,-0.13926075839919586,0.0,InsectEPGSmallTrain,HYDRA
33,0.05,top,global_mean,0,0,0,0.7679419395340354,0.7401732755282948,0.02776866400574063,0.036159801172974924,0.0,InsectEPGSmallTrain,HYDRA
33,0.05,bottom,global_mean,0,0,0,0.7679419395340354,0.7505706560315959,0.01737128350243955,0.022620539376245738,0.0,InsectEPGSmallTrain,HYDRA
33,0.05,random,global_mean,0,0,0,0.7679419395340354,,0.0008978469442610492,0.001169158407531993,0.0,InsectEPGSmallTrain,HYDRA
33,0.1,top,global_mean,0,0,0,0.7679419395340354,0.7364311025735071,0.031510836960528366,0.04103278425822651,0.0,InsectEPGSmallTrain,HYDRA
33,0.1,bottom,global_mean,0,0,0,0.7679419395340354,0.80515612722958,-0.03721418769554452,-0.048459573986219556,0.0,InsectEPGSmallTrain,HYDRA
33,0.1,random,global_mean,0,0,0,0.7679419395340354,,-0.024368750137688223,-0.031732501053365295,0.0,InsectEPGSmallTrain,HYDRA
33,0.2,top,global_mean,0,0,0,0.7679419395340354,0.8342730783471928,-0.06633113881315733,-0.08637508778113782,0.0,InsectEPGSmallTrain,HYDRA
33,0.2,bottom,global_mean,0,0,0,0.7679419395340354,0.9358361683765626,-0.16789422884252714,-0.21862852068722746,0.0,InsectEPGSmallTrain,HYDRA
33,0.2,random,global_mean,0,0,0,0.7679419395340354,,-0.16005364320881038,-0.20841866624351818,0.0,InsectEPGSmallTrain,HYDRA
34,0.05,top,global_mean,0,0,0,0.9323121517371418,0.9378551129034214,-0.005542961166279614,-0.005945385577744598,0.0,InsectEPGSmallTrain,HYDRA
34,0.05,bottom,global_mean,0,0,0,0.9323121517371418,0.9249131708802527,0.007398980856889059,0.007936154116353324,0.0,InsectEPGSmallTrain,HYDRA
34,0.05,random,global_mean,0,0,0,0.9323121517371418,,0.023181678726174892,0.024864691314266454,0.0,InsectEPGSmallTrain,HYDRA
34,0.1,top,global_mean,0,0,0,0.9323121517371418,0.9697156470714239,-0.03740349533428211,-0.040119025742144335,0.0,InsectEPGSmallTrain,HYDRA
34,0.1,bottom,global_mean,0,0,0,0.9323121517371418,0.9450650170973267,-0.01275286536018494,-0.013678735880131087,0.0,InsectEPGSmallTrain,HYDRA
34,0.1,random,global_mean,0,0,0,0.9323121517371418,,-0.0196204972135682,-0.021044964534727536,0.0,InsectEPGSmallTrain,HYDRA
34,0.2,top,global_mean,0,0,0,0.9323121517371418,1.0414330238724618,-0.10912087213532007,-0.11704315436503229,0.0,InsectEPGSmallTrain,HYDRA
34,0.2,bottom,global_mean,0,0,0,0.9323121517371418,1.064740337157418,-0.13242818542027623,-0.14204260143013975,0.0,InsectEPGSmallTrain,HYDRA
34,0.2,random,global_mean,0,0,0,0.9323121517371418,,-0.11613731902023194,-0.12456900216824993,0.0,InsectEPGSmallTrain,HYDRA
35,0.05,top,global_mean,0,0,0,0.8402556561132659,0.7765408955029203,0.06371476061034564,0.07582773685491274,0.0,InsectEPGSmallTrain,HYDRA
35,0.05,bottom,global_mean,0,0,0,0.8402556561132659,0.8854928864933895,-0.045237230380123616,-0.053837396051553174,0.0,InsectEPGSmallTrain,HYDRA
35,0.05,random,global_mean,0,0,0,0.8402556561132659,,0.014113356272274568,0.01679648256231379,0.0,InsectEPGSmallTrain,HYDRA
35,0.1,top,global_mean,0,0,0,0.8402556561132659,0.7858996320459124,0.054356024067353514,0.06468978695007965,0.0,InsectEPGSmallTrain,HYDRA
35,0.1,bottom,global_mean,0,0,0,0.8402556561132659,0.9475359159888652,-0.1072802598755993,-0.12767558470984372,0.0,InsectEPGSmallTrain,HYDRA
35,0.1,random,global_mean,0,0,0,0.8402556561132659,,-0.042063573833752345,-0.05006038753483222,0.0,InsectEPGSmallTrain,HYDRA
35,0.2,top,global_mean,0,0,0,0.8402556561132659,0.8774536540430509,-0.037197997929784954,-0.04426980454025787,0.0,InsectEPGSmallTrain,HYDRA
35,0.2,bottom,global_mean,0,0,0,0.8402556561132659,1.0532777992522246,-0.21302214313895873,-0.25352032809156766,0.0,InsectEPGSmallTrain,HYDRA
35,0.2,random,global_mean,0,0,0,0.8402556561132659,,-0.14657358121885317,-0.17443905996157336,0.0,InsectEPGSmallTrain,HYDRA
36,0.05,top,global_mean,0,0,0,0.8902977625500408,0.9190673500509323,-0.028769587500891536,-0.032314531605646804,0.0,InsectEPGSmallTrain,HYDRA
36,0.05,bottom,global_mean,0,0,0,0.8902977625500408,0.8798066048103448,0.010491157739696,0.011783861980945217,0.0,InsectEPGSmallTrain,HYDRA
36,0.05,random,global_mean,0,0,0,0.8902977625500408,,0.009581337871618568,0.010761935514967125,0.0,InsectEPGSmallTrain,HYDRA
36,0.1,top,global_mean,0,0,0,0.8902977625500408,0.8772685292198175,0.013029233330223322,0.014634675322814449,0.0,InsectEPGSmallTrain,HYDRA
36,0.1,bottom,global_mean,0,0,0,0.8902977625500408,0.9455439859015571,-0.0552462233515163,-0.0620535776027332,0.0,InsectEPGSmallTrain,HYDRA
36,0.1,random,global_mean,0,0,0,0.8902977625500408,,-0.010178451775372244,-0.01143262487102485,0.0,InsectEPGSmallTrain,HYDRA
36,0.2,top,global_mean,0,0,0,0.8902977625500408,0.985669066844818,-0.09537130429477725,-0.10712280900133986,0.0,InsectEPGSmallTrain,HYDRA
36,0.2,bottom,global_mean,0,0,0,0.8902977625500408,1.081645406019275,-0.19134764346923427,-0.21492520434507426,0.0,InsectEPGSmallTrain,HYDRA
36,0.2,random,global_mean,0,0,0,0.8902977625500408,,-0.14058841588261006,-0.15791150319015304,0.0,InsectEPGSmallTrain,HYDRA
37,0.05,top,global_mean,0,0,0,0.3827780542966949,0.4199500945853822,-0.03717204028868726,-0.09711095701666825,0.0,InsectEPGSmallTrain,HYDRA
37,0.05,bottom,global_mean,0,0,0,0.3827780542966949,0.4071098293680761,-0.02433177507138118,-0.0635661089556939,0.0,InsectEPGSmallTrain,HYDRA
37,0.05,random,global_mean,0,0,0,0.3827780542966949,,-0.025098078332561013,-0.06556805564681527,0.0,InsectEPGSmallTrain,HYDRA
37,0.1,top,global_mean,0,0,0,0.3827780542966949,0.5140578443553274,-0.1312797900586325,-0.342964926071625,0.0,InsectEPGSmallTrain,HYDRA
37,0.1,bottom,global_mean,0,0,0,0.3827780542966949,0.4802939104540727,-0.09751585615737779,-0.2547575554690423,0.0,InsectEPGSmallTrain,HYDRA
37,0.1,random,global_mean,0,0,0,0.3827780542966949,,-0.1061431310446751,-0.2772960794307276,0.0,InsectEPGSmallTrain,HYDRA
37,0.2,top,global_mean,0,0,0,0.3827780542966949,0.6440340020000146,-0.26125594770331967,-0.6825241474702486,0.0,InsectEPGSmallTrain,HYDRA
37,0.2,bottom,global_mean,0,0,0,0.3827780542966949,0.6323632476064263,-0.24958519330973133,-0.6520346150295778,0.0,InsectEPGSmallTrain,HYDRA
37,0.2,random,global_mean,0,0,0,0.3827780542966949,,-0.2586711461276232,-0.675771422767363,0.0,InsectEPGSmallTrain,HYDRA
38,0.05,top,global_mean,0,0,0,0.724036011716731,0.7117861833079018,0.012249828408829266,0.0169187875904082,0.0,InsectEPGSmallTrain,HYDRA
38,0.05,bottom,global_mean,0,0,0,0.724036011716731,0.7484076473606824,-0.024371635643951395,-0.03366075939428141,0.0,InsectEPGSmallTrain,HYDRA
38,0.05,random,global_mean,0,0,0,0.724036011716731,,-0.0008796793107023859,-0.001214964561848321,0.0,InsectEPGSmallTrain,HYDRA
38,0.1,top,global_mean,0,0,0,0.724036011716731,0.7574482667671252,-0.033412255050394135,-0.04614716445388871,0.0,InsectEPGSmallTrain,HYDRA
38,0.1,bottom,global_mean,0,0,0,0.724036011716731,0.8225185355474665,-0.09848252383073541,-0.1360186319719043,0.0,InsectEPGSmallTrain,HYDRA
38,0.1,random,global_mean,0,0,0,0.724036011716731,,-0.064317131834119,-0.08883127629293368,0.0,InsectEPGSmallTrain,HYDRA
38,0.2,top,global_mean,0,0,0,0.724036011716731,0.8830154923735714,-0.1589794806568403,-0.21957369317335218,0.0,InsectEPGSmallTrain,HYDRA
38,0.2,bottom,global_mean,0,0,0,0.724036011716731,0.9715921237482146,-0.24755611203148353,-0.341910852657262,0.0,InsectEPGSmallTrain,HYDRA
38,0.2,random,global_mean,0,0,0,0.724036011716731,,-0.21162103348787392,-0.2922793034932136,0.0,InsectEPGSmallTrain,HYDRA
39,0.05,top,global_mean,0,0,0,0.9029711587965503,0.8474862268359176,0.055484931960632755,0.06144700190378087,0.0,InsectEPGSmallTrain,HYDRA
39,0.05,bottom,global_mean,0,0,0,0.9029711587965503,0.9125235741363609,-0.00955241533981055,-0.010578859211497366,0.0,InsectEPGSmallTrain,HYDRA
39,0.05,random,global_mean,0,0,0,0.9029711587965503,,0.01578241698923466,0.017478298567110764,0.0,InsectEPGSmallTrain,HYDRA
39,0.1,top,global_mean,0,0,0,0.9029711587965503,0.8262836361630119,0.0766875226335384,0.08492789272234577,0.0,InsectEPGSmallTrain,HYDRA
39,0.1,bottom,global_mean,0,0,0,0.9029711587965503,0.9432375190867774,-0.04026636029022712,-0.04459313600974444,0.0,InsectEPGSmallTrain,HYDRA
39,0.1,random,global_mean,0,0,0,0.9029711587965503,,-0.02830787470167264,-0.03134966502112356,0.0,InsectEPGSmallTrain,HYDRA
39,0.2,top,global_mean,0,0,0,0.9029711587965503,0.9287146080530841,-0.025743449256533824,-0.028509682170980544,0.0,InsectEPGSmallTrain,HYDRA
39,0.2,bottom,global_mean,0,0,0,0.9029711587965503,1.052055566068819,-0.14908440727226857,-0.16510410184845903,0.0,InsectEPGSmallTrain,HYDRA
39,0.2,random,global_mean,0,0,0,0.9029711587965503,,-0.04943373085363878,-0.05474557589851089,0.0,InsectEPGSmallTrain,HYDRA
40,0.05,top,global_mean,0,0,0,0.999999957076734,1.0057820914489597,-0.0057821343722257446,-0.005782128838284761,0.0,InsectEPGSmallTrain,HYDRA
40,0.05,bottom,global_mean,0,0,0,0.999999957076734,0.9751643299090236,0.024835627167710372,0.024835603398132188,0.0,InsectEPGSmallTrain,HYDRA
40,0.05,random,global_mean,0,0,0,0.999999957076734,,0.014399060044599121,0.014399046263606951,0.0,InsectEPGSmallTrain,HYDRA
40,0.1,top,global_mean,0,0,0,0.999999957076734,0.9867218543755443,0.013278102701189676,0.013278089993038674,0.0,InsectEPGSmallTrain,HYDRA
40,0.1,bottom,global_mean,0,0,0,0.999999957076734,0.9985299439030193,0.001470013173714646,0.0014700117668005855,0.0,InsectEPGSmallTrain,HYDRA
40,0.1,random,global_mean,0,0,0,0.999999957076734,,-0.021118064976808702,-0.021118044765219394,0.0,InsectEPGSmallTrain,HYDRA
40,0.2,top,global_mean,0,0,0,0.999999957076734,1.1220391374825192,-0.12203918040578521,-0.12203906360503682,0.0,InsectEPGSmallTrain,HYDRA
40,0.2,bottom,global_mean,0,0,0,0.999999957076734,1.1307132523526193,-0.13071329527588538,-0.1307131701733514,0.0,InsectEPGSmallTrain,HYDRA
40,0.2,random,global_mean,0,0,0,0.999999957076734,,-0.08465333987230603,-0.08465325885264155,0.0,InsectEPGSmallTrain,HYDRA
41,0.05,top,global_mean,0,0,0,0.7469747591458897,0.7859013703784932,-0.038926611232603436,-0.05211228176549272,0.0,InsectEPGSmallTrain,HYDRA
41,0.05,bottom,global_mean,0,0,0,0.7469747591458897,0.7535689791016291,-0.006594219955739389,-0.008827890162432286,0.0,InsectEPGSmallTrain,HYDRA
41,0.05,random,global_mean,0,0,0,0.7469747591458897,,-0.0030998855841712913,-0.0041499145671283575,0.0,InsectEPGSmallTrain,HYDRA
41,0.1,top,global_mean,0,0,0,0.7469747591458897,0.8435218340471875,-0.09654707490129777,-0.1292506131814666,0.0,InsectEPGSmallTrain,HYDRA
41,0.1,bottom,global_mean,0,0,0,0.7469747591458897,0.7926093174151307,-0.04563455826924101,-0.06109242195679907,0.0,InsectEPGSmallTrain,HYDRA
41,0.1,random,global_mean,0,0,0,0.7469747591458897,,-0.04730437927512652,-0.06332786398479047,0.0,InsectEPGSmallTrain,HYDRA
41,0.2,top,global_mean,0,0,0,0.7469747591458897,0.9225077320507564,-0.1755329729048667,-0.2349915251675307,0.0,InsectEPGSmallTrain,HYDRA
41,0.2,bottom,global_mean,0,0,0,0.7469747591458897,0.9215728856222873,-0.1745981264763976,-0.23374001677917547,0.0,InsectEPGSmallTrain,HYDRA
41,0.2,random,global_mean,0,0,0,0.7469747591458897,,-0.1853624627519798,-0.2481505731376447,0.0,InsectEPGSmallTrain,HYDRA
42,0.05,top,global_mean,0,0,0,0.4332750127833395,0.45381809146730206,-0.020543078683962546,-0.047413376411020364,0.0,InsectEPGSmallTrain,HYDRA
42,0.05,bottom,global_mean,0,0,0,0.4332750127833395,0.48988349492798516,-0.056608482144645644,-0.13065224123762612,0.0,InsectEPGSmallTrain,HYDRA
42,0.05,random,global_mean,0,0,0,0.4332750127833395,,-0.030946269422532268,-0.07142391572460996,0.0,InsectEPGSmallTrain,HYDRA
42,0.1,top,global_mean,0,0,0,0.4332750127833395,0.5435584474714934,-0.11028343468815388,-0.2545339031803298,0.0,InsectEPGSmallTrain,HYDRA
42,0.1,bottom,global_mean,0,0,0,0.4332750127833395,0.554402820647369,-0.12112780786402949,-0.2795626905027851,0.0,InsectEPGSmallTrain,HYDRA
42,0.1,random,global_mean,0,0,0,0.4332750127833395,,-0.12177119307427269,-0.2810476220274041,0.0,InsectEPGSmallTrain,HYDRA
42,0.2,top,global_mean,0,0,0,0.4332750127833395,0.6417921946350318,-0.20851718185169227,-0.4812571564075062,0.0,InsectEPGSmallTrain,HYDRA
42,0.2,bottom,global_mean,0,0,0,0.4332750127833395,0.6659315922315678,-0.23265657944822832,-0.5369708282571569,0.0,InsectEPGSmallTrain,HYDRA
42,0.2,random,global_mean,0,0,0,0.4332750127833395,,-0.23420089746445721,-0.5405351105406563,0.0,InsectEPGSmallTrain,HYDRA
43,0.05,top,global_mean,0,0,0,0.8677603845701796,0.875638790760116,-0.007878406189936404,-0.009079000667722433,0.0,InsectEPGSmallTrain,HYDRA
43,0.05,bottom,global_mean,0,0,0,0.8677603845701796,0.9211985515066501,-0.05343816693647052,-0.06158163740247507,0.0,InsectEPGSmallTrain,HYDRA
43,0.05,random,global_mean,0,0,0,0.8677603845701796,,0.016895779071772577,0.019470535762710173,0.0,InsectEPGSmallTrain,HYDRA
43,0.1,top,global_mean,0,0,0,0.8677603845701796,0.8530682641070158,0.014692120463163816,0.016931060455566516,0.0,InsectEPGSmallTrain,HYDRA
43,0.1,bottom,global_mean,0,0,0,0.8677603845701796,0.9108609952582505,-0.04310061068807092,-0.04966873550085379,0.0,InsectEPGSmallTrain,HYDRA
43,0.1,random,global_mean,0,0,0,0.8677603845701796,,-0.019293677315713787,-0.022233850985741144,0.0,InsectEPGSmallTrain,HYDRA
43,0.2,top,global_mean,0,0,0,0.8677603845701796,0.9684875502831647,-0.10072716571298512,-0.11607703166334994,0.0,InsectEPGSmallTrain,HYDRA
43,0.2,bottom,global_mean,0,0,0,0.8677603845701796,1.0141447198614255,-0.14638433529124595,-0.16869192141311196,0.0,InsectEPGSmallTrain,HYDRA
43,0.2,random,global_mean,0,0,0,0.8677603845701796,,-0.12810975711233058,-0.14763247061954252,0.0,InsectEPGSmallTrain,HYDRA
44,0.05,top,global_mean,0,0,0,0.8881314756112968,0.9037257429175081,-0.015594267306211274,-0.017558492380855484,0.0,InsectEPGSmallTrain,HYDRA
44,0.05,bottom,global_mean,0,0,0,0.8881314756112968,0.9392908507816924,-0.05115937517039559,-0.057603315468430394,0.0,InsectEPGSmallTrain,HYDRA
44,0.05,random,global_mean,0,0,0,0.8881314756112968,,-0.001367291228662104,-0.001539512703576125,0.0,InsectEPGSmallTrain,HYDRA
44,0.1,top,global_mean,0,0,0,0.8881314756112968,0.9246347050116859,-0.03650322940038908,-0.04110110867780632,0.0,InsectEPGSmallTrain,HYDRA
44,0.1,bottom,global_mean,0,0,0,0.8881314756112968,0.9586425651232466,-0.07051108951194984,-0.07939253596533269,0.0,InsectEPGSmallTrain,HYDRA
44,0.1,random,global_mean,0,0,0,0.8881314756112968,,-0.0426701790412574,-0.04804483589217673,0.0,InsectEPGSmallTrain,HYDRA
44,0.2,top,global_mean,0,0,0,0.8881314756112968,1.0078894968756402,-0.11975802126434343,-0.13484252017911474,0.0,InsectEPGSmallTrain,HYDRA
44,0.2,bottom,global_mean,0,0,0,0.8881314756112968,1.048733548990153,-0.16060207337885624,-0.18083121357353213,0.0,InsectEPGSmallTrain,HYDRA
44,0.2,random,global_mean,0,0,0,0.8881314756112968,,-0.16016141948254464,-0.18033505572725106,0.0,InsectEPGSmallTrain,HYDRA
45,0.05,top,global_mean,0,0,0,0.9082064528391152,0.9096237973341403,-0.0014173444950251746,-0.0015605955341970207,0.0,InsectEPGSmallTrain,HYDRA
45,0.05,bottom,global_mean,0,0,0,0.9082064528391152,0.9249657501953821,-0.01675929735626691,-0.01845315990732763,0.0,InsectEPGSmallTrain,HYDRA
45,0.05,random,global_mean,0,0,0,0.9082064528391152,,0.010209474055682444,0.01124134582222043,0.0,InsectEPGSmallTrain,HYDRA
45,0.1,top,global_mean,0,0,0,0.9082064528391152,0.926419025273155,-0.018212572434039842,-0.020053317529058107,0.0,InsectEPGSmallTrain,HYDRA
45,0.1,bottom,global_mean,0,0,0,0.9082064528391152,0.981114160094918,-0.07290770725580287,-0.08027649082584454,0.0,InsectEPGSmallTrain,HYDRA
45,0.1,random,global_mean,0,0,0,0.9082064528391152,,-0.009200456949735748,-0.01013034733526412,0.0,InsectEPGSmallTrain,HYDRA
45,0.2,top,global_mean,0,0,0,0.9082064528391152,1.0262463111763058,-0.11803985833719066,-0.12997014940605303,0.0,InsectEPGSmallTrain,HYDRA
45,0.2,bottom,global_mean,0,0,0,0.9082064528391152,1.0765462547880063,-0.1683398019488911,-0.18535390942085972,0.0,InsectEPGSmallTrain,HYDRA
45,0.2,random,global_mean,0,0,0,0.9082064528391152,,-0.1261957483672151,-0.13895035542014,0.0,InsectEPGSmallTrain,HYDRA
46,0.05,top,global_mean,0,0,0,0.6290484739432285,0.6532885283752592,-0.0242400544320307,-0.038534416506353135,0.0,InsectEPGSmallTrain,HYDRA
46,0.05,bottom,global_mean,0,0,0,0.6290484739432285,0.6805531465291221,-0.05150467258589364,-0.08187698220782856,0.0,InsectEPGSmallTrain,HYDRA
46,0.05,random,global_mean,0,0,0,0.6290484739432285,,-0.030575222773382826,-0.048605434134966354,0.0,InsectEPGSmallTrain,HYDRA
46,0.1,top,global_mean,0,0,0,0.6290484739432285,0.7474464374044749,-0.11839796346124642,-0.18821725216470303,0.0,InsectEPGSmallTrain,HYDRA
46,0.1,bottom,global_mean,0,0,0,0.6290484739432285,0.7307632557675692,-0.10171478182434068,-0.16169599695670425,0.0,InsectEPGSmallTrain,HYDRA
46,0.1,random,global_mean,0,0,0,0.6290484739432285,,-0.0865616037184322,-0.13760698848663905,0.0,InsectEPGSmallTrain,HYDRA
46,0.2,top,global_mean,0,0,0,0.6290484739432285,0.8987850069345746,-0.26973653299134615,-0.42880018848197904,0.0,InsectEPGSmallTrain,HYDRA
46,0.2,bottom,global_mean,0,0,0,0.6290484739432285,0.8867413695300801,-0.2576928955868516,-0.40965441711840345,0.0,InsectEPGSmallTrain,HYDRA
46,0.2,random,global_mean,0,0,0,0.6290484739432285,,-0.21090587565059854,-0.3352770877122341,0.0,InsectEPGSmallTrain,HYDRA
47,0.05,top,global_mean,0,0,0,0.6745456258795357,0.6740801603428366,0.0004654655366991278,0.0006900420502322003,0.0,InsectEPGSmallTrain,HYDRA
47,0.05,bottom,global_mean,0,0,0,0.6745456258795357,0.7119495120667798,-0.037403886187244106,-0.0554504088408618,0.0,InsectEPGSmallTrain,HYDRA
47,0.05,random,global_mean,0,0,0,0.6745456258795357,,-0.01916507928417501,-0.028411793268087033,0.0,InsectEPGSmallTrain,HYDRA
47,0.1,top,global_mean,0,0,0,0.6745456258795357,0.7047691563763563,-0.030223530496820583,-0.04480569516957019,0.0,InsectEPGSmallTrain,HYDRA
47,0.1,bottom,global_mean,0,0,0,0.6745456258795357,0.7526801091308042,-0.07813448325126848,-0.11583259074106193,0.0,InsectEPGSmallTrain,HYDRA
47,0.1,random,global_mean,0,0,0,0.6745456258795357,,-0.0355175485912957,-0.052653956344358946,0.0,InsectEPGSmallTrain,HYDRA
47,0.2,top,global_mean,0,0,0,0.6745456258795357,0.8143768709515757,-0.13983124507204003,-0.2072966340758361,0.0,InsectEPGSmallTrain,HYDRA
47,0.2,bottom,global_mean,0,0,0,0.6745456258795357,0.9130849515569939,-0.23853932567745817,-0.35362911402370256,0.0,InsectEPGSmallTrain,HYDRA
47,0.2,random,global_mean,0,0,0,0.6745456258795357,,-0.18094767831831343,-0.2682508093230431,0.0,InsectEPGSmallTrain,HYDRA
48,0.05,top,global_mean,0,0,0,0.8243883530529743,0.8382665118652033,-0.01387815881222898,-0.01683447118868502,0.0,InsectEPGSmallTrain,HYDRA
48,0.05,bottom,global_mean,0,0,0,0.8243883530529743,0.8450861092015653,-0.02069775614859104,-0.025106772754816285,0.0,InsectEPGSmallTrain,HYDRA
48,0.05,random,global_mean,0,0,0,0.8243883530529743,,0.01762140438759876,0.02137509942643137,0.0,InsectEPGSmallTrain,HYDRA
48,0.1,top,global_mean,0,0,0,0.8243883530529743,0.8225592694179611,0.0018290836350132178,0.0022187133157888844,0.0,InsectEPGSmallTrain,HYDRA
48,0.1,bottom,global_mean,0,0,0,0.8243883530529743,0.8968395320864904,-0.07245117903351606,-0.08788466125284908,0.0,InsectEPGSmallTrain,HYDRA
48,0.1,random,global_mean,0,0,0,0.8243883530529743,,-0.0044107064099408785,-0.005350270953411321,0.0,InsectEPGSmallTrain,HYDRA
48,0.2,top,global_mean,0,0,0,0.8243883530529743,0.907867291058803,-0.08347893800582873,-0.1012615431005748,0.0,InsectEPGSmallTrain,HYDRA
48,0.2,bottom,global_mean,0,0,0,0.8243883530529743,1.0476695394208215,-0.22328118636784722,-0.27084433531433466,0.0,InsectEPGSmallTrain,HYDRA
48,0.2,random,global_mean,0,0,0,0.8243883530529743,,-0.11349954975074658,-0.13767711740868788,0.0,InsectEPGSmallTrain,HYDRA
49,0.05,top,global_mean,0,0,0,0.7849876097300827,0.8029637390692221,-0.01797612933913939,-0.022899860095193555,0.0,InsectEPGSmallTrain,HYDRA
49,0.05,bottom,global_mean,0,0,0,0.7849876097300827,0.8253548344154242,-0.040367224685341485,-0.05142396231611781,0.0,InsectEPGSmallTrain,HYDRA
49,0.05,random,global_mean,0,0,0,0.7849876097300827,,-0.013672891988951852,-0.017417949533883374,0.0,InsectEPGSmallTrain,HYDRA
49,0.1,top,global_mean,0,0,0,0.7849876097300827,0.8046451425213483,-0.019657532791265586,-0.025041806400254395,0.0,InsectEPGSmallTrain,HYDRA
49,0.1,bottom,global_mean,0,0,0,0.7849876097300827,0.8544998219801372,-0.06951221225005444,-0.08855187373222666,0.0,InsectEPGSmallTrain,HYDRA
49,0.1,random,global_mean,0,0,0,0.7849876097300827,,-0.043496913653670165,-0.05541088509376781,0.0,InsectEPGSmallTrain,HYDRA
49,0.2,top,global_mean,0,0,0,0.7849876097300827,0.9295948473635862,-0.14460723763350347,-0.18421571452256671,0.0,InsectEPGSmallTrain,HYDRA
49,0.2,bottom,global_mean,0,0,0,0.7849876097300827,0.9712010001342963,-0.18621339040421359,-0.23721795207734644,0.0,InsectEPGSmallTrain,HYDRA
49,0.2,random,global_mean,0,0,0,0.7849876097300827,,-0.1236878636761384,-0.1575664438222464,0.0,InsectEPGSmallTrain,HYDRA
0,0.05,top,local_mean,0,0,0,0.7213745407494614,0.7525187438239613,-0.031144203074499943,-0.04317335606103747,0.0,InsectEPGSmallTrain,HYDRA
0,0.05,bottom,local_mean,0,0,0,0.7213745407494614,0.7538135385573095,-0.03243899780784809,-0.04496825297700851,0.0,InsectEPGSmallTrain,HYDRA
0,0.05,random,local_mean,0,0,0,0.7213745407494614,,-0.017693698860881523,-0.0245277221937674,0.0,InsectEPGSmallTrain,HYDRA
0,0.1,top,local_mean,0,0,0,0.7213745407494614,0.7498059400779784,-0.028431399328517015,-0.03941275760331252,0.0,InsectEPGSmallTrain,HYDRA
0,0.1,bottom,local_mean,0,0,0,0.7213745407494614,0.814979463838527,-0.09360492308906565,-0.1297589366445892,0.0,InsectEPGSmallTrain,HYDRA
0,0.1,random,local_mean,0,0,0,0.7213745407494614,,-0.07212479203879663,-0.0999823087484554,0.0,InsectEPGSmallTrain,HYDRA
0,0.2,top,local_mean,0,0,0,0.7213745407494614,0.8547757730929066,-0.13340123234344525,-0.18492619281886133,0.0,InsectEPGSmallTrain,HYDRA
0,0.2,bottom,local_mean,0,0,0,0.7213745407494614,0.9392171964520655,-0.21784265570260408,-0.3019823148928504,0.0,InsectEPGSmallTrain,HYDRA
0,0.2,random,local_mean,0,0,0,0.7213745407494614,,-0.14244577694210495,-0.19746410696724373,0.0,InsectEPGSmallTrain,HYDRA
1,0.05,top,local_mean,0,0,0,0.999999952854663,1.0392426564122015,-0.03924270355753845,-0.03924266616498101,0.0,InsectEPGSmallTrain,HYDRA
1,0.05,bottom,local_mean,0,0,0,0.999999952854663,0.9976452672068135,0.002354685647849575,0.0023546834041785134,0.0,InsectEPGSmallTrain,HYDRA
1,0.05,random,local_mean,0,0,0,0.999999952854663,,-0.007427184757336169,-0.007427177680315283,0.0,InsectEPGSmallTrain,HYDRA
1,0.1,top,local_mean,0,0,0,0.999999952854663,1.040766864105389,-0.04076691125072607,-0.0407668724058216,0.0,InsectEPGSmallTrain,HYDRA
1,0.1,bottom,local_mean,0,0,0,0.999999952854663,1.0651515564373162,-0.06515160358265315,-0.06515154150270303,0.0,InsectEPGSmallTrain,HYDRA
1,0.1,random,local_mean,0,0,0,0.999999952854663,,-0.05453505736313367,-0.05453500539919946,0.0,InsectEPGSmallTrain,HYDRA
1,0.2,top,local_mean,0,0,0,0.999999952854663,1.1123046676050465,-0.1123047147503835,-0.11230460774041436,0.0,InsectEPGSmallTrain,HYDRA
1,0.2,bottom,local_mean,0,0,0,0.999999952854663,1.1677423778546112,-0.16774242499994818,-0.16774226516594865,0.0,InsectEPGSmallTrain,HYDRA
1,0.2,random,local_mean,0,0,0,0.999999952854663,,-0.1007774250993648,-0.10077732907321686,0.0,InsectEPGSmallTrain,HYDRA
2,0.05,top,local_mean,0,0,0,0.8119729519767911,0.8579214304033587,-0.045948478426567574,-0.056588611389199996,0.0,InsectEPGSmallTrain,HYDRA
2,0.05,bottom,local_mean,0,0,0,0.8119729519767911,0.8333985144365079,-0.02142556245971683,-0.026387007129422352,0.0,InsectEPGSmallTrain,HYDRA
2,0.05,random,local_mean,0,0,0,0.8119729519767911,,-0.026318296984473567,-0.03241273555684927,0.0,InsectEPGSmallTrain,HYDRA
2,0.1,top,local_mean,0,0,0,0.8119729519767911,0.9054311756072848,-0.09345822363049372,-0.11510002679638308,0.0,InsectEPGSmallTrain,HYDRA
2,0.1,bottom,local_mean,0,0,0,0.8119729519767911,0.8725599197372114,-0.060586967760420274,-0.07461688593940517,0.0,InsectEPGSmallTrain,HYDRA
2,0.1,random,local_mean,0,0,0,0.8119729519767911,,-0.06284594917710051,-0.07739897200408821,0.0,InsectEPGSmallTrain,HYDRA
2,0.2,top,local_mean,0,0,0,0.8119729519767911,0.9993753256547477,-0.18740237367795665,-0.23079850433836727,0.0,InsectEPGSmallTrain,HYDRA
2,0.2,bottom,local_mean,0,0,0,0.8119729519767911,0.9818440014722007,-0.16987104949540965,-0.20920751100678797,0.0,InsectEPGSmallTrain,HYDRA
2,0.2,random,local_mean,0,0,0,0.8119729519767911,,-0.19657674443767253,-0.242097352949681,0.0,InsectEPGSmallTrain,HYDRA
3,0.05,top,local_mean,0,0,0,0.7394881124747563,0.7945855608227481,-0.055097448347991795,-0.07450745037151935,0.0,InsectEPGSmallTrain,HYDRA
3,0.05,bottom,local_mean,0,0,0,0.7394881124747563,0.7588534583144171,-0.019365345839660764,-0.026187465796288962,0.0,InsectEPGSmallTrain,HYDRA
3,0.05,random,local_mean,0,0,0,0.7394881124747563,,-0.04164241358871936,-0.05631240931913097,0.0,InsectEPGSmallTrain,HYDRA
3,0.1,top,local_mean,0,0,0,0.7394881124747563,0.8643733308498629,-0.12488521837510658,-0.16888040171026822,0.0,InsectEPGSmallTrain,HYDRA
3,0.1,bottom,local_mean,0,0,0,0.7394881124747563,0.8296756043124645,-0.09018749183770813,-0.12195918819668468,0.0,InsectEPGSmallTrain,HYDRA
3,0.1,random,local_mean,0,0,0,0.7394881124747563,,-0.08296022855820184,-0.11218586880957471,0.0,InsectEPGSmallTrain,HYDRA
3,0.2,top,local_mean,0,0,0,0.7394881124747563,0.8960564287248418,-0.1565683162500855,-0.21172497824358463,0.0,InsectEPGSmallTrain,HYDRA
3,0.2,bottom,local_mean,0,0,0,0.7394881124747563,0.9597150469848548,-0.22022693451009845,-0.29780956987059937,0.0,InsectEPGSmallTrain,HYDRA
3,0.2,random,local_mean,0,0,0,0.7394881124747563,,-0.19020724762406255,-0.2572143989889447,0.0,InsectEPGSmallTrain,HYDRA
4,0.05,top,local_mean,0,0,0,0.9576399624603225,0.9855933673664492,-0.027953404906126744,-0.029189859249869887,0.0,InsectEPGSmallTrain,HYDRA
4,0.05,bottom,local_mean,0,0,0,0.9576399624603225,0.9643036510188863,-0.006663688558563807,-0.006958441440771077,0.0,InsectEPGSmallTrain,HYDRA
4,0.05,random,local_mean,0,0,0,0.9576399624603225,,-0.012753418113988868,-0.013317536126716465,0.0,InsectEPGSmallTrain,HYDRA
4,0.1,top,local_mean,0,0,0,0.9576399624603225,1.0349825811643154,-0.07734261870399295,-0.08076369091949474,0.0,InsectEPGSmallTrain,HYDRA
4,0.1,bottom,local_mean,0,0,0,0.9576399624603225,1.010666026411795,-0.05302606395147258,-0.05537154949516854,0.0,InsectEPGSmallTrain,HYDRA
4,0.1,random,local_mean,0,0,0,0.9576399624603225,,-0.05295765186666244,-0.05530011135969615,0.0,InsectEPGSmallTrain,HYDRA
4,0.2,top,local_mean,0,0,0,0.9576399624603225,1.0428515681742268,-0.08521160571390429,-0.0889807444065289,0.0,InsectEPGSmallTrain,HYDRA
4,0.2,bottom,local_mean,0,0,0,0.9576399624603225,1.1301859276908635,-0.172545965230541,-0.18017813773049626,0.0,InsectEPGSmallTrain,HYDRA
4,0.2,random,local_mean,0,0,0,0.9576399624603225,,-0.14472423828090003,-0.15112578090757717,0.0,InsectEPGSmallTrain,HYDRA
5,0.05,top,local_mean,0,0,0,0.7883394495075406,0.815316855015177,-0.026977405507636387,-0.03422050146543742,0.0,InsectEPGSmallTrain,HYDRA
5,0.05,bottom,local_mean,0,0,0,0.7883394495075406,0.8067228997956208,-0.018383450288080194,-0.023319176758675696,0.0,InsectEPGSmallTrain,HYDRA
5,0.05,random,local_mean,0,0,0,0.7883394495075406,,-0.011193087737912322,-0.014198291797540522,0.0,InsectEPGSmallTrain,HYDRA
5,0.1,top,local_mean,0,0,0,0.7883394495075406,0.8134026497698283,-0.0250632002622877,-0.03179235605371276,0.0,InsectEPGSmallTrain,HYDRA
5,0.1,bottom,local_mean,0,0,0,0.7883394495075406,0.873263374309299,-0.08492392480175837,-0.10772493642157842,0.0,InsectEPGSmallTrain,HYDRA
5,0.1,random,local_mean,0,0,0,0.7883394495075406,,-0.09197411124471726,-0.11666800974397737,0.0,InsectEPGSmallTrain,HYDRA
5,0.2,top,local_mean,0,0,0,0.7883394495075406,0.9688934735588832,-0.18055402405134258,-0.2290305212223105,0.0,InsectEPGSmallTrain,HYDRA
5,0.2,bottom,local_mean,0,0,0,0.7883394495075406,0.9381655362379231,-0.14982608673038245,-0.19005251706160148,0.0,InsectEPGSmallTrain,HYDRA
5,0.2,random,local_mean,0,0,0,0.7883394495075406,,-0.15864111728236746,-0.2012342730624404,0.0,InsectEPGSmallTrain,HYDRA
6,0.05,top,local_mean,0,0,0,0.5815790286312281,0.6061600198435237,-0.024580991212295622,-0.04226587916051376,0.0,InsectEPGSmallTrain,HYDRA
6,0.05,bottom,local_mean,0,0,0,0.5815790286312281,0.6004008560597773,-0.01882182742854921,-0.032363263011020396,0.0,InsectEPGSmallTrain,HYDRA
6,0.05,random,local_mean,0,0,0,0.5815790286312281,,-0.008376039182279582,-0.014402212541570463,0.0,InsectEPGSmallTrain,HYDRA
6,0.1,top,local_mean,0,0,0,0.5815790286312281,0.6749079748910605,-0.09332894625983235,-0.16047481286364965,0.0,InsectEPGSmallTrain,HYDRA
6,0.1,bottom,local_mean,0,0,0,0.5815790286312281,0.6820003162908392,-0.10042128765961111,-0.1726697663534916,0.0,InsectEPGSmallTrain,HYDRA
6,0.1,random,local_mean,0,0,0,0.5815790286312281,,-0.08625083067501982,-0.14830432000564842,0.0,InsectEPGSmallTrain,HYDRA
6,0.2,top,local_mean,0,0,0,0.5815790286312281,0.8334261860772303,-0.25184715744600217,-0.43303955611875894,0.0,InsectEPGSmallTrain,HYDRA
6,0.2,bottom,local_mean,0,0,0,0.5815790286312281,0.8651985468231151,-0.283619518191887,-0.4876706630717649,0.0,InsectEPGSmallTrain,HYDRA
6,0.2,random,local_mean,0,0,0,0.5815790286312281,,-0.23037574530302374,-0.3961204545575994,0.0,InsectEPGSmallTrain,HYDRA
7,0.05,top,local_mean,0,0,0,0.7984189436922375,0.8366862690479582,-0.03826732535572064,-0.04792881948659254,0.0,InsectEPGSmallTrain,HYDRA
7,0.05,bottom,local_mean,0,0,0,0.7984189436922375,0.8312377297167226,-0.03281878602448507,-0.0411046671413503,0.0,InsectEPGSmallTrain,HYDRA
7,0.05,random,local_mean,0,0,0,0.7984189436922375,,-0.029447870730153758,-0.03688268431018159,0.0,InsectEPGSmallTrain,HYDRA
7,0.1,top,local_mean,0,0,0,0.7984189436922375,0.8921545385810135,-0.09373559488877592,-0.11740136957914925,0.0,InsectEPGSmallTrain,HYDRA
7,0.1,bottom,local_mean,0,0,0,0.7984189436922375,0.8898544743896932,-0.09143553069745569,-0.11452059961656072,0.0,InsectEPGSmallTrain,HYDRA
7,0.1,random,local_mean,0,0,0,0.7984189436922375,,-0.08152357517309783,-0.10210613577123051,0.0,InsectEPGSmallTrain,HYDRA
7,0.2,top,local_mean,0,0,0,0.7984189436922375,1.0134267438466462,-0.21500780015440868,-0.2692916200967126,0.0,InsectEPGSmallTrain,HYDRA
7,0.2,bottom,local_mean,0,0,0,0.7984189436922375,1.0047073793257826,-0.20628843563354504,-0.25837084514645076,0.0,InsectEPGSmallTrain,HYDRA
7,0.2,random,local_mean,0,0,0,0.7984189436922375,,-0.18498404529988494,-0.23168765605282743,0.0,InsectEPGSmallTrain,HYDRA
8,0.05,top,local_mean,0,0,0,0.9505110374210604,0.9969402949822117,-0.04642925756115135,-0.04884657503877985,0.0,InsectEPGSmallTrain,HYDRA
8,0.05,bottom,local_mean,0,0,0,0.9505110374210604,0.9769816395578166,-0.026470602136756227,-0.027848781598365187,0.0,InsectEPGSmallTrain,HYDRA
8,0.05,random,local_mean,0,0,0,0.9505110374210604,,-0.022128615719097723,-0.023280731698187982,0.0,InsectEPGSmallTrain,HYDRA
8,0.1,top,local_mean,0,0,0,0.9505110374210604,1.034002806958197,-0.08349176953713666,-0.08783872928497301,0.0,InsectEPGSmallTrain,HYDRA
8,0.1,bottom,local_mean,0,0,0,0.9505110374210604,1.0441352080908557,-0.09362417066979534,-0.09849866912134796,0.0,InsectEPGSmallTrain,HYDRA
8,0.1,random,local_mean,0,0,0,0.9505110374210604,,-0.020550867615921974,-0.0216208388814105,0.0,InsectEPGSmallTrain,HYDRA
8,0.2,top,local_mean,0,0,0,0.9505110374210604,1.061315941210879,-0.11080490378981867,-0.11657390903797046,0.0,InsectEPGSmallTrain,HYDRA
8,0.2,bottom,local_mean,0,0,0,0.9505110374210604,1.1792790858258937,-0.22876804840483334,-0.2406787493460149,0.0,InsectEPGSmallTrain,HYDRA
8,0.2,random,local_mean,0,0,0,0.9505110374210604,,-0.12709754804118098,-0.13371482215630162,0.0,InsectEPGSmallTrain,HYDRA
9,0.05,top,local_mean,0,0,0,0.8140376764807333,0.8551991734125419,-0.041161496931808594,-0.05056454701852585,0.0,InsectEPGSmallTrain,HYDRA
9,0.05,bottom,local_mean,0,0,0,0.8140376764807333,0.8319576123880479,-0.017919935907314555,-0.02201361731949438,0.0,InsectEPGSmallTrain,HYDRA
9,0.05,random,local_mean,0,0,0,0.8140376764807333,,-0.009972314340461752,-0.012250418350604962,0.0,InsectEPGSmallTrain,HYDRA
9,0.1,top,local_mean,0,0,0,0.8140376764807333,0.9101971799361959,-0.09615950345546254,-0.11812645545440302,0.0,InsectEPGSmallTrain,HYDRA
9,0.1,bottom,local_mean,0,0,0,0.8140376764807333,0.8656609905231216,-0.05162331404238829,-0.06341629155210061,0.0,InsectEPGSmallTrain,HYDRA
9,0.1,random,local_mean,0,0,0,0.8140376764807333,,-0.04694522501910847,-0.057669526492356495,0.0,InsectEPGSmallTrain,HYDRA
9,0.2,top,local_mean,0,0,0,0.8140376764807333,0.9461133690677952,-0.13207569258706187,-0.16224744155652884,0.0,InsectEPGSmallTrain,HYDRA
9,0.2,bottom,local_mean,0,0,0,0.8140376764807333,1.0195081912315929,-0.20547051475085953,-0.2524087868148395,0.0,InsectEPGSmallTrain,HYDRA
9,0.2,random,local_mean,0,0,0,0.8140376764807333,,-0.12838732467362363,-0.15771649232769874,0.0,InsectEPGSmallTrain,HYDRA
10,0.05,top,local_mean,0,0,0,0.6279663016218977,0.6716177852048917,-0.04365148358299398,-0.06951235115308083,0.0,InsectEPGSmallTrain,HYDRA
10,0.05,bottom,local_mean,0,0,0,0.6279663016218977,0.6595470459084596,-0.03158074428656188,-0.0502904278694065,0.0,InsectEPGSmallTrain,HYDRA
10,0.05,random,local_mean,0,0,0,0.6279663016218977,,-0.005163439371871003,-0.008222465339413381,0.0,InsectEPGSmallTrain,HYDRA
10,0.1,top,local_mean,0,0,0,0.6279663016218977,0.7289529655557556,-0.10098666393385791,-0.16081516294404527,0.0,InsectEPGSmallTrain,HYDRA
10,0.1,bottom,local_mean,0,0,0,0.6279663016218977,0.7058959185032041,-0.0779296168813064,-0.1240982081073836,0.0,InsectEPGSmallTrain,HYDRA
10,0.1,random,local_mean,0,0,0,0.6279663016218977,,-0.06396256825722442,-0.10185652675230628,0.0,InsectEPGSmallTrain,HYDRA
10,0.2,top,local_mean,0,0,0,0.6279663016218977,0.8029499070109793,-0.17498360538908164,-0.2786508229602696,0.0,InsectEPGSmallTrain,HYDRA
10,0.2,bottom,local_mean,0,0,0,0.6279663016218977,0.8466411115877537,-0.21867480996585598,-0.3482264273968857,0.0,InsectEPGSmallTrain,HYDRA
10,0.2,random,local_mean,0,0,0,0.6279663016218977,,-0.17927878899091104,-0.28549064342661545,0.0,InsectEPGSmallTrain,HYDRA
11,0.05,top,local_mean,0,0,0,0.8083252613926377,0.8641940939387702,-0.05586883254613251,-0.06911668618792367,0.0,InsectEPGSmallTrain,HYDRA
11,0.05,bottom,local_mean,0,0,0,0.8083252613926377,0.8365322419714234,-0.02820698057878568,-0.03489553899954807,0.0,InsectEPGSmallTrain,HYDRA
11,0.05,random,local_mean,0,0,0,0.8083252613926377,,-0.01729269873313699,-0.021393216525396552,0.0,InsectEPGSmallTrain,HYDRA
11,0.1,top,local_mean,0,0,0,0.8083252613926377,0.9019344543396524,-0.09360919294701464,-0.11580620031537582,0.0,InsectEPGSmallTrain,HYDRA
11,0.1,bottom,local_mean,0,0,0,0.8083252613926377,0.8946583907606156,-0.08633312936797788,-0.1068048057961614,0.0,InsectEPGSmallTrain,HYDRA
11,0.1,random,local_mean,0,0,0,0.8083252613926377,,-0.05858408550971994,-0.07247579140728079,0.0,InsectEPGSmallTrain,HYDRA
11,0.2,top,local_mean,0,0,0,0.8083252613926377,0.9916168012579216,-0.1832915398652839,-0.22675440427915475,0.0,InsectEPGSmallTrain,HYDRA
11,0.2,bottom,local_mean,0,0,0,0.8083252613926377,1.0029889172043156,-0.19466365581167788,-0.24082312441055487,0.0,InsectEPGSmallTrain,HYDRA
11,0.2,random,local_mean,0,0,0,0.8083252613926377,,-0.15542588800680063,-0.19228113130831934,0.0,InsectEPGSmallTrain,HYDRA
12,0.05,top,local_mean,0,0,0,0.9999999239816009,0.9746693994775324,0.025330524504068475,0.02533050109915152,0.0,InsectEPGSmallTrain,HYDRA
12,0.05,bottom,local_mean,0,0,0,0.9999999239816009,1.0168604342602432,-0.016860510278642327,-0.016860494699855445,0.0,InsectEPGSmallTrain,HYDRA
12,0.05,random,local_mean,0,0,0,0.9999999239816009,,-0.0059169069661805015,-0.005916901499072382,0.0,InsectEPGSmallTrain,HYDRA
12,0.1,top,local_mean,0,0,0,0.9999999239816009,0.9870783752028709,0.012921548778729974,0.01292153683946768,0.0,InsectEPGSmallTrain,HYDRA
12,0.1,bottom,local_mean,0,0,0,0.9999999239816009,1.0537621866368427,-0.053762262655241866,-0.05376221297994625,0.0,InsectEPGSmallTrain,HYDRA
12,0.1,random,local_mean,0,0,0,0.9999999239816009,,-0.03514511289924469,-0.03514508042583702,0.0,InsectEPGSmallTrain,HYDRA
12,0.2,top,local_mean,0,0,0,0.9999999239816009,1.0952700166718023,-0.09527009269020148,-0.09527000466247007,0.0,InsectEPGSmallTrain,HYDRA
12,0.2,bottom,local_mean,0,0,0,0.9999999239816009,1.1629563159995182,-0.16295639201791734,-0.1629562414493485,0.0,InsectEPGSmallTrain,HYDRA
12,0.2,random,local_mean,0,0,0,0.9999999239816009,,-0.11878731068601756,-0.11878720092882951,0.0,InsectEPGSmallTrain,HYDRA
13,0.05,top,local_mean,0,0,0,0.8215193147201045,0.8377181629853891,-0.016198848265284616,-0.019718134749721474,0.0,InsectEPGSmallTrain,HYDRA
13,0.05,bottom,local_mean,0,0,0,0.8215193147201045,0.8283164843170492,-0.006797169596944652,-0.008273891071410055,0.0,InsectEPGSmallTrain,HYDRA
13,0.05,random,local_mean,0,0,0,0.8215193147201045,,-0.024016797967919955,-0.029234575868160462,0.0,InsectEPGSmallTrain,HYDRA
13,0.1,top,local_mean,0,0,0,0.8215193147201045,0.8724793136169151,-0.05095999889681058,-0.06203133140313501,0.0,InsectEPGSmallTrain,HYDRA
13,0.1,bottom,local_mean,0,0,0,0.8215193147201045,0.8852193670145392,-0.06370005229443465,-0.07753922958817826,0.0,InsectEPGSmallTrain,HYDRA
13,0.1,random,local_mean,0,0,0,0.8215193147201045,,-0.07123130104585843,-0.08670668243928603,0.0,InsectEPGSmallTrain,HYDRA
13,0.2,top,local_mean,0,0,0,0.8215193147201045,0.91964463042316,-0.0981253157030555,-0.11944356572178888,0.0,InsectEPGSmallTrain,HYDRA
13,0.2,bottom,local_mean,0,0,0,0.8215193147201045,1.0093851783178232,-0.18786586359771862,-0.22868072795220568,0.0,InsectEPGSmallTrain,HYDRA
13,0.2,random,local_mean,0,0,0,0.8215193147201045,,-0.15815332255848863,-0.19251297834597322,0.0,InsectEPGSmallTrain,HYDRA
14,0.05,top,local_mean,0,0,0,0.9009756603671226,0.9335229886611551,-0.03254732829403251,-0.03612449658881328,0.0,InsectEPGSmallTrain,HYDRA
14,0.05,bottom,local_mean,0,0,0,0.9009756603671226,0.9164949515608938,-0.015519291193771156,-0.017224964725997986,0.0,InsectEPGSmallTrain,HYDRA
14,0.05,random,local_mean,0,0,0,0.9009756603671226,,-0.02639138854802403,-0.029291978037777673,0.0,InsectEPGSmallTrain,HYDRA
14,0.1,top,local_mean,0,0,0,0.9009756603671226,1.0074776235500034,-0.10650196318288074,-0.11820723873078376,0.0,InsectEPGSmallTrain,HYDRA
14,0.1,bottom,local_mean,0,0,0,0.9009756603671226,0.9948129519122821,-0.09383729154515952,-0.10415063527497312,0.0,InsectEPGSmallTrain,HYDRA
14,0.1,random,local_mean,0,0,0,0.9009756603671226,,-0.06873698239785622,-0.07629163486859675,0.0,InsectEPGSmallTrain,HYDRA
14,0.2,top,local_mean,0,0,0,0.9009756603671226,1.1006922665410266,-0.19971660617390397,-0.2216667922258109,0.0,InsectEPGSmallTrain,HYDRA
14,0.2,bottom,local_mean,0,0,0,0.9009756603671226,1.1074586551357009,-0.20648299476857823,-0.2291768520223845,0.0,InsectEPGSmallTrain,HYDRA
14,0.2,random,local_mean,0,0,0,0.9009756603671226,,-0.17567389192899646,-0.1949816234500617,0.0,InsectEPGSmallTrain,HYDRA
15,0.05,top,local_mean,0,0,0,0.8609946376059088,0.8796733922317483,-0.018678754625839566,-0.02169436616168911,0.0,InsectEPGSmallTrain,HYDRA
15,0.05,bottom,local_mean,0,0,0,0.8609946376059088,0.9026680058696881,-0.04167336826377932,-0.04840136981373868,0.0,InsectEPGSmallTrain,HYDRA
15,0.05,random,local_mean,0,0,0,0.8609946376059088,,-0.01447232306056998,-0.01680882274945299,0.0,InsectEPGSmallTrain,HYDRA
15,0.1,top,local_mean,0,0,0,0.8609946376059088,0.9013712197003803,-0.04037658209447148,-0.04689522261313997,0.0,InsectEPGSmallTrain,HYDRA
15,0.1,bottom,local_mean,0,0,0,0.8609946376059088,0.9664838091787555,-0.10548917157284676,-0.12251998380174234,0.0,InsectEPGSmallTrain,HYDRA
15,0.1,random,local_mean,0,0,0,0.8609946376059088,,-0.05369730848238152,-0.06236652793235129,0.0,InsectEPGSmallTrain,HYDRA
15,0.2,top,local_mean,0,0,0,0.8609946376059088,0.9817629811696418,-0.120768343563733,-0.1402659180707842,0.0,InsectEPGSmallTrain,HYDRA
15,0.2,bottom,local_mean,0,0,0,0.8609946376059088,1.1061776332742954,-0.24518299566838664,-0.2847668268681876,0.0,InsectEPGSmallTrain,HYDRA
15,0.2,random,local_mean,0,0,0,0.8609946376059088,,-0.15549383566705305,-0.18059770441975806,0.0,InsectEPGSmallTrain,HYDRA
16,0.05,top,local_mean,0,0,0,0.8247770664223828,0.8637011616023689,-0.038924095179986073,-0.04719341695012096,0.0,InsectEPGSmallTrain,HYDRA
16,0.05,bottom,local_mean,0,0,0,0.8247770664223828,0.8426777857701298,-0.01790071934774695,-0.021703680149248405,0.0,InsectEPGSmallTrain,HYDRA
16,0.05,random,local_mean,0,0,0,0.8247770664223828,,-0.013287136748125272,-0.016109954045893243,0.0,InsectEPGSmallTrain,HYDRA
16,0.1,top,local_mean,0,0,0,0.8247770664223828,0.9150237134886918,-0.09024664706630903,-0.10941931016396864,0.0,InsectEPGSmallTrain,HYDRA
16,0.1,bottom,local_mean,0,0,0,0.8247770664223828,0.9756564863686827,-0.15087941994629994,-0.182933356364295,0.0,InsectEPGSmallTrain,HYDRA
16,0.1,random,local_mean,0,0,0,0.8247770664223828,,-0.052383572195964456,-0.06351232450104698,0.0,InsectEPGSmallTrain,HYDRA
16,0.2,top,local_mean,0,0,0,0.8247770664223828,0.9684251397158274,-0.14364807329344464,-0.1741657291112783,0.0,InsectEPGSmallTrain,HYDRA
16,0.2,bottom,local_mean,0,0,0,0.8247770664223828,1.1379426733195,-0.31316560689711714,-0.37969681741844447,0.0,InsectEPGSmallTrain,HYDRA
16,0.2,random,local_mean,0,0,0,0.8247770664223828,,-0.2235303031620562,-0.2710187288704917,0.0,InsectEPGSmallTrain,HYDRA
17,0.05,top,local_mean,0,0,0,0.9438952969004157,0.9635575324053436,-0.01966223550492785,-0.020830927687178206,0.0,InsectEPGSmallTrain,HYDRA
17,0.05,bottom,local_mean,0,0,0,0.9438952969004157,0.9648734597025399,-0.020978162802124167,-0.02222507162175829,0.0,InsectEPGSmallTrain,HYDRA
17,0.05,random,local_mean,0,0,0,0.9438952969004157,,-0.025635534475664558,-0.027159270101860766,0.0,InsectEPGSmallTrain,HYDRA
17,0.1,top,local_mean,0,0,0,0.9438952969004157,0.9762671848441673,-0.032371887943751565,-0.034296021766432365,0.0,InsectEPGSmallTrain,HYDRA
17,0.1,bottom,local_mean,0,0,0,0.9438952969004157,1.0265848411289995,-0.08268954422858377,-0.08760447996259889,0.0,InsectEPGSmallTrain,HYDRA
17,0.1,random,local_mean,0,0,0,0.9438952969004157,,-0.061936402728600994,-0.06561780455330622,0.0,InsectEPGSmallTrain,HYDRA
17,0.2,top,local_mean,0,0,0,0.9438952969004157,1.0453911066529062,-0.1014958097524905,-0.10752856016681529,0.0,InsectEPGSmallTrain,HYDRA
17,0.2,bottom,local_mean,0,0,0,0.9438952969004157,1.1192234818157085,-0.17532818491529278,-0.18574941494212738,0.0,InsectEPGSmallTrain,HYDRA
17,0.2,random,local_mean,0,0,0,0.9438952969004157,,-0.09790633749881823,-0.10372573535919664,0.0,InsectEPGSmallTrain,HYDRA
18,0.05,top,local_mean,0,0,0,0.9422970630438772,0.9769715882420678,-0.03467452519819059,-0.03679783134243374,0.0,InsectEPGSmallTrain,HYDRA
18,0.05,bottom,local_mean,0,0,0,0.9422970630438772,0.9557691686241983,-0.013472105580321081,-0.014297074470048831,0.0,InsectEPGSmallTrain,HYDRA
18,0.05,random,local_mean,0,0,0,0.9422970630438772,,-0.012538430300839565,-0.013306225272645735,0.0,InsectEPGSmallTrain,HYDRA
18,0.1,top,local_mean,0,0,0,0.9422970630438772,0.9635159264132964,-0.02121886336941925,-0.02251820756255891,0.0,InsectEPGSmallTrain,HYDRA
18,0.1,bottom,local_mean,0,0,0,0.9422970630438772,1.032575235557263,-0.09027817251338588,-0.0958063865925427,0.0,InsectEPGSmallTrain,HYDRA
18,0.1,random,local_mean,0,0,0,0.9422970630438772,,-0.03414810206342138,-0.03623917251099275,0.0,InsectEPGSmallTrain,HYDRA
18,0.2,top,local_mean,0,0,0,0.9422970630438772,1.0303257241739598,-0.08802866113008267,-0.09341912562753905,0.0,InsectEPGSmallTrain,HYDRA
18,0.2,bottom,local_mean,0,0,0,0.9422970630438772,1.1561321314645507,-0.21383506842067357,-0.22692933033304616,0.0,InsectEPGSmallTrain,HYDRA
18,0.2,random,local_mean,0,0,0,0.9422970630438772,,-0.126284123780981,-0.13401717432491494,0.0,InsectEPGSmallTrain,HYDRA
19,0.05,top,local_mean,0,0,0,1.0192345758374861,1.025233404710194,-0.005998828872707973,-0.0058856156662102895,0.0,InsectEPGSmallTrain,HYDRA
19,0.05,bottom,local_mean,0,0,0,1.0192345758374861,1.039349127975477,-0.02011455213799085,-0.019734939218014554,0.0,InsectEPGSmallTrain,HYDRA
19,0.05,random,local_mean,0,0,0,1.0192345758374861,,-0.014117481576136414,-0.013851048678845767,0.0,InsectEPGSmallTrain,HYDRA
19,0.1,top,local_mean,0,0,0,1.0192345758374861,1.0407439542850596,-0.0215093784475735,-0.021103441596315616,0.0,InsectEPGSmallTrain,HYDRA
19,0.1,bottom,local_mean,0,0,0,1.0192345758374861,1.1153154584206348,-0.09608088258314873,-0.09426759118391344,0.0,InsectEPGSmallTrain,HYDRA
19,0.1,random,local_mean,0,0,0,1.0192345758374861,,-0.053453393253824366,-0.0524445913398409,0.0,InsectEPGSmallTrain,HYDRA
19,0.2,top,local_mean,0,0,0,1.0192345758374861,1.1173292806959716,-0.09809470485848548,-0.09624340749476192,0.0,InsectEPGSmallTrain,HYDRA
19,0.2,bottom,local_mean,0,0,0,1.0192345758374861,1.2245818677921116,-0.20534729195462553,-0.20147186462353972,0.0,InsectEPGSmallTrain,HYDRA
19,0.2,random,local_mean,0,0,0,1.0192345758374861,,-0.1328814576159373,-0.13037364547126526,0.0,InsectEPGSmallTrain,HYDRA
20,0.05,top,local_mean,0,0,0,0.9196208740026308,0.9463275297321001,-0.026706655729469286,-0.029040909622157253,0.0,InsectEPGSmallTrain,HYDRA
20,0.05,bottom,local_mean,0,0,0,0.9196208740026308,0.9513519108582853,-0.03173103685565448,-0.034504439001158106,0.0,InsectEPGSmallTrain,HYDRA
20,0.05,random,local_mean,0,0,0,0.9196208740026308,,-0.03022630600756524,-0.032868189483147035,0.0,InsectEPGSmallTrain,HYDRA
20,0.1,top,local_mean,0,0,0,0.9196208740026308,1.0035010915624432,-0.08388021755981234,-0.09121163809939169,0.0,InsectEPGSmallTrain,HYDRA
20,0.1,bottom,local_mean,0,0,0,0.9196208740026308,1.0040393672952563,-0.08441849329262552,-0.09179696098919023,0.0,InsectEPGSmallTrain,HYDRA
20,0.1,random,local_mean,0,0,0,0.9196208740026308,,-0.07684283762640791,-0.08355916686926053,0.0,InsectEPGSmallTrain,HYDRA
20,0.2,top,local_mean,0,0,0,0.9196208740026308,1.0727587324446444,-0.15313785844201355,-0.16652263584758473,0.0,InsectEPGSmallTrain,HYDRA
20,0.2,bottom,local_mean,0,0,0,0.9196208740026308,1.1443169217963887,-0.22469604779375785,-0.24433525794223881,0.0,InsectEPGSmallTrain,HYDRA
20,0.2,random,local_mean,0,0,0,0.9196208740026308,,-0.1919878064262118,-0.20876820338188534,0.0,InsectEPGSmallTrain,HYDRA
21,0.05,top,local_mean,0,0,0,1.0607698979435392,1.0828251726173685,-0.022055274673829395,-0.02079174185169182,0.0,InsectEPGSmallTrain,HYDRA
21,0.05,bottom,local_mean,0,0,0,1.0607698979435392,1.1025581848027866,-0.0417882868592474,-0.0393942621731612,0.0,InsectEPGSmallTrain,HYDRA
21,0.05,random,local_mean,0,0,0,1.0607698979435392,,-0.009083319558599135,-0.008562941890853614,0.0,InsectEPGSmallTrain,HYDRA
21,0.1,top,local_mean,0,0,0,1.0607698979435392,1.1192523929324991,-0.058482494988959965,-0.05513206961308697,0.0,InsectEPGSmallTrain,HYDRA
21,0.1,bottom,local_mean,0,0,0,1.0607698979435392,1.1503529157123678,-0.0895830177688286,-0.08445086299265799,0.0,InsectEPGSmallTrain,HYDRA
21,0.1,random,local_mean,0,0,0,1.0607698979435392,,-0.048684022059120126,-0.04589494503808625,0.0,InsectEPGSmallTrain,HYDRA
21,0.2,top,local_mean,0,0,0,1.0607698979435392,1.203959819215614,-0.14318992127207486,-0.1349866606914553,0.0,InsectEPGSmallTrain,HYDRA
21,0.2,bottom,local_mean,0,0,0,1.0607698979435392,1.2334045866963381,-0.17263468875279897,-0.16274455595216347,0.0,InsectEPGSmallTrain,HYDRA
21,0.2,random,local_mean,0,0,0,1.0607698979435392,,-0.15292041370438186,-0.14415969932889433,0.0,InsectEPGSmallTrain,HYDRA
22,0.05,top,local_mean,0,0,0,0.9584568058073304,0.9997765925254629,-0.04131978671813252,-0.043110699780182754,0.0,InsectEPGSmallTrain,HYDRA
22,0.05,bottom,local_mean,0,0,0,0.9584568058073304,0.98672797596363,-0.028271170156299652,-0.029496520331937004,0.0,InsectEPGSmallTrain,HYDRA
22,0.05,random,local_mean,0,0,0,0.9584568058073304,,-0.016694922455503303,-0.01741852625577064,0.0,InsectEPGSmallTrain,HYDRA
22,0.1,top,local_mean,0,0,0,0.9584568058073304,1.0667253119913578,-0.10826850618402739,-0.11296116065623818,0.0,InsectEPGSmallTrain,HYDRA
22,0.1,bottom,local_mean,0,0,0,0.9584568058073304,1.046298345087071,-0.0878415392797407,-0.0916488328933268,0.0,InsectEPGSmallTrain,HYDRA
22,0.1,random,local_mean,0,0,0,0.9584568058073304,,-0.0692275982178169,-0.0722281124931785,0.0,InsectEPGSmallTrain,HYDRA
22,0.2,top,local_mean,0,0,0,0.9584568058073304,1.1571123058855772,-0.19865550007824684,-0.20726577515941338,0.0,InsectEPGSmallTrain,HYDRA
22,0.2,bottom,local_mean,0,0,0,0.9584568058073304,1.1454995616178683,-0.18704275581053786,-0.1951497026548681,0.0,InsectEPGSmallTrain,HYDRA
22,0.2,random,local_mean,0,0,0,0.9584568058073304,,-0.1465951127010344,-0.1529489475830958,0.0,InsectEPGSmallTrain,HYDRA
23,0.05,top,local_mean,0,0,0,0.8753075569322801,0.9216490184755624,-0.046341461543282225,-0.05294300070102881,0.0,InsectEPGSmallTrain,HYDRA
23,0.05,bottom,local_mean,0,0,0,0.8753075569322801,0.8897463904668133,-0.014438833534533124,-0.016495707051165286,0.0,InsectEPGSmallTrain,HYDRA
23,0.05,random,local_mean,0,0,0,0.8753075569322801,,-0.02273489164719793,-0.02597357408098188,0.0,InsectEPGSmallTrain,HYDRA
23,0.1,top,local_mean,0,0,0,0.8753075569322801,0.97562517566091,-0.10031761872862988,-0.1146082920521376,0.0,InsectEPGSmallTrain,HYDRA
23,0.1,bottom,local_mean,0,0,0,0.8753075569322801,0.957357858405725,-0.08205030147344483,-0.09373871741984216,0.0,InsectEPGSmallTrain,HYDRA
23,0.1,random,local_mean,0,0,0,0.8753075569322801,,-0.07977975030580912,-0.09114471653906318,0.0,InsectEPGSmallTrain,HYDRA
23,0.2,top,local_mean,0,0,0,0.8753075569322801,0.9551062457631905,-0.07979868883091035,-0.09116635293796645,0.0,InsectEPGSmallTrain,HYDRA
23,0.2,bottom,local_mean,0,0,0,0.8753075569322801,1.0375721635889366,-0.16226460665665643,-0.18537989303492017,0.0,InsectEPGSmallTrain,HYDRA
23,0.2,random,local_mean,0,0,0,0.8753075569322801,,-0.16032351110273524,-0.18316228012739394,0.0,InsectEPGSmallTrain,HYDRA
24,0.05,top,local_mean,0,0,0,0.6156966149537351,0.6489904987461974,-0.03329388379246234,-0.054075057274607305,0.0,InsectEPGSmallTrain,HYDRA
24,0.05,bottom,local_mean,0,0,0,0.6156966149537351,0.6415439293031822,-0.025847314349447092,-0.041980533498394854,0.0,InsectEPGSmallTrain,HYDRA
24,0.05,random,local_mean,0,0,0,0.6156966149537351,,-0.020701449670610737,-0.03362275436484563,0.0,InsectEPGSmallTrain,HYDRA
24,0.1,top,local_mean,0,0,0,0.6156966149537351,0.7022084739541634,-0.08651185900042835,-0.14051030392074695,0.0,InsectEPGSmallTrain,HYDRA
24,0.1,bottom,local_mean,0,0,0,0.6156966149537351,0.6931344754100706,-0.0774378604563355,-0.12577255226521278,0.0,InsectEPGSmallTrain,HYDRA
24,0.1,random,local_mean,0,0,0,0.6156966149537351,,-0.08791137726140934,-0.14278336496076113,0.0,InsectEPGSmallTrain,HYDRA
24,0.2,top,local_mean,0,0,0,0.6156966149537351,0.8605325311646208,-0.24483591621088574,-0.3976561062840616,0.0,InsectEPGSmallTrain,HYDRA
24,0.2,bottom,local_mean,0,0,0,0.6156966149537351,0.8225626130787989,-0.2068659981250638,-0.3359863561280941,0.0,InsectEPGSmallTrain,HYDRA
24,0.2,random,local_mean,0,0,0,0.6156966149537351,,-0.23153073757557116,-0.37604618233411363,0.0,InsectEPGSmallTrain,HYDRA
25,0.05,top,local_mean,0,0,0,1.024676661540798,1.0523153492657724,-0.027638687724974353,-0.026973055783624994,0.0,InsectEPGSmallTrain,HYDRA
25,0.05,bottom,local_mean,0,0,0,1.024676661540798,1.0385495458825327,-0.013872884341734615,-0.013538778937440767,0.0,InsectEPGSmallTrain,HYDRA
25,0.05,random,local_mean,0,0,0,1.024676661540798,,-0.027287047809060817,-0.026629884531716587,0.0,InsectEPGSmallTrain,HYDRA
25,0.1,top,local_mean,0,0,0,1.024676661540798,1.086435760012869,-0.06175909847207084,-0.06027173304354491,0.0,InsectEPGSmallTrain,HYDRA
25,0.1,bottom,local_mean,0,0,0,1.024676661540798,1.1085834115784017,-0.08390675003760362,-0.08188599516401464,0.0,InsectEPGSmallTrain,HYDRA
25,0.1,random,local_mean,0,0,0,1.024676661540798,,-0.057617507238709245,-0.05622988516415041,0.0,InsectEPGSmallTrain,HYDRA
25,0.2,top,local_mean,0,0,0,1.024676661540798,1.148034477104543,-0.12335781556374492,-0.12038694722616765,0.0,InsectEPGSmallTrain,HYDRA
25,0.2,bottom,local_mean,0,0,0,1.024676661540798,1.2332529600347968,-0.20857629849399872,-0.20355308437227423,0.0,InsectEPGSmallTrain,HYDRA
25,0.2,random,local_mean,0,0,0,1.024676661540798,,-0.15095628516660034,-0.14732075347442317,0.0,InsectEPGSmallTrain,HYDRA
26,0.05,top,local_mean,0,0,0,0.9095809591064632,0.9451706866920255,-0.035589727585562336,-0.03912756539336406,0.0,InsectEPGSmallTrain,HYDRA
26,0.05,bottom,local_mean,0,0,0,0.9095809591064632,0.9445184547693708,-0.0349374956629076,-0.0384104976062067,0.0,InsectEPGSmallTrain,HYDRA
26,0.05,random,local_mean,0,0,0,0.9095809591064632,,-0.026981474225123314,-0.02966359870596909,0.0,InsectEPGSmallTrain,HYDRA
26,0.1,top,local_mean,0,0,0,0.9095809591064632,0.9886416689579622,-0.07906070985149904,-0.08691983065403486,0.0,InsectEPGSmallTrain,HYDRA
26,0.1,bottom,local_mean,0,0,0,0.9095809591064632,0.9888262999087878,-0.0792453408023246,-0.08712281505689937,0.0,InsectEPGSmallTrain,HYDRA
26,0.1,random,local_mean,0,0,0,0.9095809591064632,,-0.07870935155695209,-0.08653354518406785,0.0,InsectEPGSmallTrain,HYDRA
26,0.2,top,local_mean,0,0,0,0.9095809591064632,1.009459983942603,-0.09987902483613986,-0.10980761418603444,0.0,InsectEPGSmallTrain,HYDRA
26,0.2,bottom,local_mean,0,0,0,0.9095809591064632,1.1114600763353915,-0.20187911722892826,-0.22194714308894847,0.0,InsectEPGSmallTrain,HYDRA
26,0.2,random,local_mean,0,0,0,0.9095809591064632,,-0.15148666247689566,-0.16654536840826314,0.0,InsectEPGSmallTrain,HYDRA
27,0.05,top,local_mean,0,0,0,0.7949877431602332,0.7536350638835918,0.041352679276641435,0.05201668530834358,0.0,InsectEPGSmallTrain,HYDRA
27,0.05,bottom,local_mean,0,0,0,0.7949877431602332,0.8351572976029711,-0.04016955444273784,-0.05052845689746012,0.0,InsectEPGSmallTrain,HYDRA
27,0.05,random,local_mean,0,0,0,0.7949877431602332,,-0.01345116788726326,-0.016919947613084782,0.0,InsectEPGSmallTrain,HYDRA
27,0.1,top,local_mean,0,0,0,0.7949877431602332,0.780747724124043,0.01424001903619021,0.01791222725944948,0.0,InsectEPGSmallTrain,HYDRA
27,0.1,bottom,local_mean,0,0,0,0.7949877431602332,0.9176984195782485,-0.12271067641801525,-0.1543552376983562,0.0,InsectEPGSmallTrain,HYDRA
27,0.1,random,local_mean,0,0,0,0.7949877431602332,,-0.08204508447391086,-0.10320282542337122,0.0,InsectEPGSmallTrain,HYDRA
27,0.2,top,local_mean,0,0,0,0.7949877431602332,0.8496106501311482,-0.054622906970914986,-0.06870903197167097,0.0,InsectEPGSmallTrain,HYDRA
27,0.2,bottom,local_mean,0,0,0,0.7949877431602332,0.9891031310725533,-0.19411538791232008,-0.24417375665053326,0.0,InsectEPGSmallTrain,HYDRA
27,0.2,random,local_mean,0,0,0,0.7949877431602332,,-0.16040176220868618,-0.20176607982027303,0.0,InsectEPGSmallTrain,HYDRA
28,0.05,top,local_mean,0,0,0,0.7918304817019761,0.8402677293717609,-0.048437247669784744,-0.0611711567285414,0.0,InsectEPGSmallTrain,HYDRA
28,0.05,bottom,local_mean,0,0,0,0.7918304817019761,0.8289941386983375,-0.03716365699636137,-0.04693379570673443,0.0,InsectEPGSmallTrain,HYDRA
28,0.05,random,local_mean,0,0,0,0.7918304817019761,,-0.02529163162065471,-0.03194067450601035,0.0,InsectEPGSmallTrain,HYDRA
28,0.1,top,local_mean,0,0,0,0.7918304817019761,0.8399353837762455,-0.04810490207426943,-0.06075143914570298,0.0,InsectEPGSmallTrain,HYDRA
28,0.1,bottom,local_mean,0,0,0,0.7918304817019761,0.8840464121196565,-0.09221593041768039,-0.11645903522233025,0.0,InsectEPGSmallTrain,HYDRA
28,0.1,random,local_mean,0,0,0,0.7918304817019761,,-0.064924144250103,-0.08199237558798991,0.0,InsectEPGSmallTrain,HYDRA
28,0.2,top,local_mean,0,0,0,0.7918304817019761,0.9367818238185308,-0.1449513421165547,-0.18305832170879818,0.0,InsectEPGSmallTrain,HYDRA
28,0.2,bottom,local_mean,0,0,0,0.7918304817019761,1.0421357022645574,-0.2503052205625813,-0.31610920548974764,0.0,InsectEPGSmallTrain,HYDRA
28,0.2,random,local_mean,0,0,0,0.7918304817019761,,-0.17535173994655925,-0.22145083139363847,0.0,InsectEPGSmallTrain,HYDRA
29,0.05,top,local_mean,0,0,0,0.8535239167174526,0.8957792844389463,-0.04225536772149363,-0.04950689416777937,0.0,InsectEPGSmallTrain,HYDRA
29,0.05,bottom,local_mean,0,0,0,0.8535239167174526,0.8597954962541008,-0.006271579536648142,-0.007347857588935813,0.0,InsectEPGSmallTrain,HYDRA
29,0.05,random,local_mean,0,0,0,0.8535239167174526,,-0.024616735451657056,-0.028841261654469163,0.0,InsectEPGSmallTrain,HYDRA
29,0.1,top,local_mean,0,0,0,0.8535239167174526,0.9717567955133757,-0.11823287879592304,-0.13852305478161261,0.0,InsectEPGSmallTrain,HYDRA
29,0.1,bottom,local_mean,0,0,0,0.8535239167174526,0.9269943274521673,-0.07347041073471461,-0.08607881187261923,0.0,InsectEPGSmallTrain,HYDRA
29,0.1,random,local_mean,0,0,0,0.8535239167174526,,-0.05286308926185246,-0.06193502758555323,0.0,InsectEPGSmallTrain,HYDRA
29,0.2,top,local_mean,0,0,0,0.8535239167174526,0.996072009038512,-0.14254809232105936,-0.16701104974097422,0.0,InsectEPGSmallTrain,HYDRA
29,0.2,bottom,local_mean,0,0,0,0.8535239167174526,1.018634648406385,-0.16511073168893242,-0.19344570785809875,0.0,InsectEPGSmallTrain,HYDRA
29,0.2,random,local_mean,0,0,0,0.8535239167174526,,-0.17821063872235846,-0.20879371560438292,0.0,InsectEPGSmallTrain,HYDRA
30,0.05,top,local_mean,0,0,0,1.0215105654352725,1.047768600802415,-0.02625803536714244,-0.02570507888077971,0.0,InsectEPGSmallTrain,HYDRA
30,0.05,bottom,local_mean,0,0,0,1.0215105654352725,1.0447482589823411,-0.023237693547068616,-0.022748341118552964,0.0,InsectEPGSmallTrain,HYDRA
30,0.05,random,local_mean,0,0,0,1.0215105654352725,,-0.011666699880003817,-0.011421015948098993,0.0,InsectEPGSmallTrain,HYDRA
30,0.1,top,local_mean,0,0,0,1.0215105654352725,1.08299570123254,-0.06148513579726744,-0.06019034720479963,0.0,InsectEPGSmallTrain,HYDRA
30,0.1,bottom,local_mean,0,0,0,1.0215105654352725,1.0864816763665452,-0.06497111093127272,-0.06360291271258209,0.0,InsectEPGSmallTrain,HYDRA
30,0.1,random,local_mean,0,0,0,1.0215105654352725,,-0.05891747029022802,-0.057676753043048444,0.0,InsectEPGSmallTrain,HYDRA
30,0.2,top,local_mean,0,0,0,1.0215105654352725,1.1090960950533206,-0.08758552961804811,-0.08574110424361898,0.0,InsectEPGSmallTrain,HYDRA
30,0.2,bottom,local_mean,0,0,0,1.0215105654352725,1.2188610065390022,-0.19735044110372968,-0.19319452444930219,0.0,InsectEPGSmallTrain,HYDRA
30,0.2,random,local_mean,0,0,0,1.0215105654352725,,-0.14708037927983836,-0.14398307787848344,0.0,InsectEPGSmallTrain,HYDRA
31,0.05,top,local_mean,0,0,0,0.7886064539567026,0.8194354934782306,-0.030829039521528045,-0.0390930105553132,0.0,InsectEPGSmallTrain,HYDRA
31,0.05,bottom,local_mean,0,0,0,0.7886064539567026,0.8025651180564293,-0.013958664099726681,-0.017700395842939955,0.0,InsectEPGSmallTrain,HYDRA
31,0.05,random,local_mean,0,0,0,0.7886064539567026,,-0.019392289417461673,-0.02459054795914518,0.0,InsectEPGSmallTrain,HYDRA
31,0.1,top,local_mean,0,0,0,0.7886064539567026,0.880691114557173,-0.09208466060047038,-0.11676869162021154,0.0,InsectEPGSmallTrain,HYDRA
31,0.1,bottom,local_mean,0,0,0,0.7886064539567026,0.8534645063995208,-0.06485805244281817,-0.08224377301711265,0.0,InsectEPGSmallTrain,HYDRA
31,0.1,random,local_mean,0,0,0,0.7886064539567026,,-0.05096315253909052,-0.06462423387376273,0.0,InsectEPGSmallTrain,HYDRA
31,0.2,top,local_mean,0,0,0,0.7886064539567026,0.9635403777333491,-0.17493392377664652,-0.22182636354620486,0.0,InsectEPGSmallTrain,HYDRA
31,0.2,bottom,local_mean,0,0,0,0.7886064539567026,0.9739000106627875,-0.18529355670608494,-0.23496297907965022,0.0,InsectEPGSmallTrain,HYDRA
31,0.2,random,local_mean,0,0,0,0.7886064539567026,,-0.17855418564964104,-0.2264170656183581,0.0,InsectEPGSmallTrain,HYDRA
32,0.05,top,local_mean,0,0,0,0.858478844253681,0.8343068435554637,0.024172000698217344,0.028156748070458495,0.0,InsectEPGSmallTrain,HYDRA
32,0.05,bottom,local_mean,0,0,0,0.858478844253681,0.888600874769047,-0.030122030515365994,-0.03508763859395274,0.0,InsectEPGSmallTrain,HYDRA
32,0.05,random,local_mean,0,0,0,0.858478844253681,,-0.025879474324620767,-0.030145698233741375,0.0,InsectEPGSmallTrain,HYDRA
32,0.1,top,local_mean,0,0,0,0.858478844253681,0.8806500593789774,-0.022171215125296406,-0.0258261335705219,0.0,InsectEPGSmallTrain,HYDRA
32,0.1,bottom,local_mean,0,0,0,0.858478844253681,0.9185501698185952,-0.060071325564914124,-0.06997406633016189,0.0,InsectEPGSmallTrain,HYDRA
32,0.1,random,local_mean,0,0,0,0.858478844253681,,-0.031546851857497414,-0.03674734132508685,0.0,InsectEPGSmallTrain,HYDRA
32,0.2,top,local_mean,0,0,0,0.858478844253681,0.9162491906108876,-0.05777034635720657,-0.06729377136096792,0.0,InsectEPGSmallTrain,HYDRA
32,0.2,bottom,local_mean,0,0,0,0.858478844253681,1.1038076150673994,-0.2453287708137184,-0.2857711482172244,0.0,InsectEPGSmallTrain,HYDRA
32,0.2,random,local_mean,0,0,0,0.858478844253681,,-0.14274052281684618,-0.16627125700421957,0.0,InsectEPGSmallTrain,HYDRA
33,0.05,top,local_mean,0,0,0,0.7679419435206081,0.7820016847007467,-0.01405974118013864,-0.018308314828289506,0.0,InsectEPGSmallTrain,HYDRA
33,0.05,bottom,local_mean,0,0,0,0.7679419435206081,0.7778784336128668,-0.00993649009225872,-0.01293909941629937,0.0,InsectEPGSmallTrain,HYDRA
33,0.05,random,local_mean,0,0,0,0.7679419435206081,,-0.01122746525451812,-0.014620181550267512,0.0,InsectEPGSmallTrain,HYDRA
33,0.1,top,local_mean,0,0,0,0.7679419435206081,0.7542804545851709,0.013661488935437172,0.017789718690306006,0.0,InsectEPGSmallTrain,HYDRA
33,0.1,bottom,local_mean,0,0,0,0.7679419435206081,0.8596096144268597,-0.09166767090625161,-0.11936781460091854,0.0,InsectEPGSmallTrain,HYDRA
33,0.1,random,local_mean,0,0,0,0.7679419435206081,,-0.06697284241999446,-0.08721070098379934,0.0,InsectEPGSmallTrain,HYDRA
33,0.2,top,local_mean,0,0,0,0.7679419435206081,0.8402265350878115,-0.07228459156720346,-0.09412755488814993,0.0,InsectEPGSmallTrain,HYDRA
33,0.2,bottom,local_mean,0,0,0,0.7679419435206081,0.98061239532757,-0.21267045180696198,-0.27693522494260003,0.0,InsectEPGSmallTrain,HYDRA
33,0.2,random,local_mean,0,0,0,0.7679419435206081,,-0.17115567440723672,-0.22287550898323172,0.0,InsectEPGSmallTrain,HYDRA
34,0.05,top,local_mean,0,0,0,0.9323121546391366,0.9645074673590599,-0.032195312719923264,-0.034532723859704476,0.0,InsectEPGSmallTrain,HYDRA
34,0.05,bottom,local_mean,0,0,0,0.9323121546391366,0.9484183064936078,-0.016106151854471173,-0.01727547420555839,0.0,InsectEPGSmallTrain,HYDRA
34,0.05,random,local_mean,0,0,0,0.9323121546391366,,-0.02725340605648281,-0.029232029947096023,0.0,InsectEPGSmallTrain,HYDRA
34,0.1,top,local_mean,0,0,0,0.9323121546391366,1.0339699659073378,-0.10165781126820117,-0.10903826762752165,0.0,InsectEPGSmallTrain,HYDRA
34,0.1,bottom,local_mean,0,0,0,0.9323121546391366,1.028427911224337,-0.09611575658520044,-0.1030938543631332,0.0,InsectEPGSmallTrain,HYDRA
34,0.1,random,local_mean,0,0,0,0.9323121546391366,,-0.08163042227084034,-0.08755687063370506,0.0,InsectEPGSmallTrain,HYDRA
34,0.2,top,local_mean,0,0,0,0.9323121546391366,1.1125349359565773,-0.18022278131744063,-0.1933071312151528,0.0,InsectEPGSmallTrain,HYDRA
34,0.2,bottom,local_mean,0,0,0,0.9323121546391366,1.1123955620610109,-0.18008340742187423,-0.1931576386386801,0.0,InsectEPGSmallTrain,HYDRA
34,0.2,random,local_mean,0,0,0,0.9323121546391366,,-0.1530130539343316,-0.16412195105576646,0.0,InsectEPGSmallTrain,HYDRA
35,0.05,top,local_mean,0,0,0,0.8402556608602874,0.798032431067625,0.04222322979266235,0.050250395812908605,0.0,InsectEPGSmallTrain,HYDRA
35,0.05,bottom,local_mean,0,0,0,0.8402556608602874,0.9019231110172681,-0.06166745015698072,-0.07339120655567692,0.0,InsectEPGSmallTrain,HYDRA
35,0.05,random,local_mean,0,0,0,0.8402556608602874,,-0.027394737035024753,-0.032602820437004285,0.0,InsectEPGSmallTrain,HYDRA
35,0.1,top,local_mean,0,0,0,0.8402556608602874,0.8443592630789247,-0.00410360221863737,-0.00488374851374096,0.0,InsectEPGSmallTrain,HYDRA
35,0.1,bottom,local_mean,0,0,0,0.8402556608602874,0.9830562757525514,-0.14280061489226403,-0.16994880438800594,0.0,InsectEPGSmallTrain,HYDRA
35,0.1,random,local_mean,0,0,0,0.8402556608602874,,-0.07306155056784189,-0.08695146848706756,0.0,InsectEPGSmallTrain,HYDRA
35,0.2,top,local_mean,0,0,0,0.8402556608602874,0.9219777093668418,-0.0817220485065544,-0.09725843580089469,0.0,InsectEPGSmallTrain,HYDRA
35,0.2,bottom,local_mean,0,0,0,0.8402556608602874,1.0926799728332104,-0.25242431197292303,-0.3004133424119259,0.0,InsectEPGSmallTrain,HYDRA
35,0.2,random,local_mean,0,0,0,0.8402556608602874,,-0.17677910641571115,-0.21038703368887055,0.0,InsectEPGSmallTrain,HYDRA
36,0.05,top,local_mean,0,0,0,0.8902977644644134,0.9316977287984802,-0.041399964334066786,-0.04650120385034141,0.0,InsectEPGSmallTrain,HYDRA
36,0.05,bottom,local_mean,0,0,0,0.8902977644644134,0.916706613322452,-0.026408848858038514,-0.029662906332264278,0.0,InsectEPGSmallTrain,HYDRA
36,0.05,random,local_mean,0,0,0,0.8902977644644134,,-0.02461011820922727,-0.027642538877420818,0.0,InsectEPGSmallTrain,HYDRA
36,0.1,top,local_mean,0,0,0,0.8902977644644134,0.9361242416164635,-0.045826477152050016,-0.051473144725319636,0.0,InsectEPGSmallTrain,HYDRA
36,0.1,bottom,local_mean,0,0,0,0.8902977644644134,1.0070207024110853,-0.11672293794667188,-0.13110535766820944,0.0,InsectEPGSmallTrain,HYDRA
36,0.1,random,local_mean,0,0,0,0.8902977644644134,,-0.05920029805436751,-0.06649486713595662,0.0,InsectEPGSmallTrain,HYDRA
36,0.2,top,local_mean,0,0,0,0.8902977644644134,1.0213156431337764,-0.13101787866936299,-0.1471616988575524,0.0,InsectEPGSmallTrain,HYDRA
36,0.2,bottom,local_mean,0,0,0,0.8902977644644134,1.1005414313251145,-0.21024366686070106,-0.23614956602481593,0.0,InsectEPGSmallTrain,HYDRA
36,0.2,random,local_mean,0,0,0,0.8902977644644134,,-0.16611857741467279,-0.18658745136483088,0.0,InsectEPGSmallTrain,HYDRA
37,0.05,top,local_mean,0,0,0,0.38277805285742156,0.4257228783564309,-0.042944825499009354,-0.1121922037750732,0.0,InsectEPGSmallTrain,HYDRA
37,0.05,bottom,local_mean,0,0,0,0.38277805285742156,0.39683718762539294,-0.014059134767971382,-0.036729112168027024,0.0,InsectEPGSmallTrain,HYDRA
37,0.05,random,local_mean,0,0,0,0.38277805285742156,,-0.011451813232333019,-0.029917554648944224,0.0,InsectEPGSmallTrain,HYDRA
37,0.1,top,local_mean,0,0,0,0.38277805285742156,0.5111944448637555,-0.12841639200633398,-0.33548437681663534,0.0,InsectEPGSmallTrain,HYDRA
37,0.1,bottom,local_mean,0,0,0,0.38277805285742156,0.45351077125557554,-0.07073271839815398,-0.18478732801635483,0.0,InsectEPGSmallTrain,HYDRA
37,0.1,random,local_mean,0,0,0,0.38277805285742156,,-0.0977186293565635,-0.25528729596643307,0.0,InsectEPGSmallTrain,HYDRA
37,0.2,top,local_mean,0,0,0,0.38277805285742156,0.6367087682952384,-0.2539307154378168,-0.6633871773866412,0.0,InsectEPGSmallTrain,HYDRA
37,0.2,bottom,local_mean,0,0,0,0.38277805285742156,0.5954344378614438,-0.21265638500402223,-0.5555590971254976,0.0,InsectEPGSmallTrain,HYDRA
37,0.2,random,local_mean,0,0,0,0.38277805285742156,,-0.27385156196123084,-0.7154298541598505,0.0,InsectEPGSmallTrain,HYDRA
38,0.05,top,local_mean,0,0,0,0.7240360122965697,0.7573661532773583,-0.03333014098078868,-0.04603375299153417,0.0,InsectEPGSmallTrain,HYDRA
38,0.05,bottom,local_mean,0,0,0,0.7240360122965697,0.7287578339395757,-0.004721821643006052,-0.0065215197052274,0.0,InsectEPGSmallTrain,HYDRA
38,0.05,random,local_mean,0,0,0,0.7240360122965697,,-0.01883556762957328,-0.0260146474692348,0.0,InsectEPGSmallTrain,HYDRA
38,0.1,top,local_mean,0,0,0,0.7240360122965697,0.7956404423170755,-0.07160443002050587,-0.09889609067550857,0.0,InsectEPGSmallTrain,HYDRA
38,0.1,bottom,local_mean,0,0,0,0.7240360122965697,0.8002871613472178,-0.07625114905064811,-0.10531388279279735,0.0,InsectEPGSmallTrain,HYDRA
38,0.1,random,local_mean,0,0,0,0.7240360122965697,,-0.06819014228715443,-0.09418046471251854,0.0,InsectEPGSmallTrain,HYDRA
38,0.2,top,local_mean,0,0,0,0.7240360122965697,0.886632287765341,-0.1625962754687713,-0.22456901057175643,0.0,InsectEPGSmallTrain,HYDRA
38,0.2,bottom,local_mean,0,0,0,0.7240360122965697,0.961496032415281,-0.23746002011871137,-0.3279666869039098,0.0,InsectEPGSmallTrain,HYDRA
38,0.2,random,local_mean,0,0,0,0.7240360122965697,,-0.20096667421587,-0.27756408968434465,0.0,InsectEPGSmallTrain,HYDRA
39,0.05,top,local_mean,0,0,0,0.9029711602729409,0.8631165685712929,0.03985459170164796,0.044137121225975705,0.0,InsectEPGSmallTrain,HYDRA
39,0.05,bottom,local_mean,0,0,0,0.9029711602729409,0.9127324996306063,-0.009761339357665433,-0.010810232903210303,0.0,InsectEPGSmallTrain,HYDRA
39,0.05,random,local_mean,0,0,0,0.9029711602729409,,-0.026658647228416488,-0.029523221646565928,0.0,InsectEPGSmallTrain,HYDRA
39,0.1,top,local_mean,0,0,0,0.9029711602729409,0.8870087185028033,0.015962441770137614,0.01767766767616917,0.0,InsectEPGSmallTrain,HYDRA
39,0.1,bottom,local_mean,0,0,0,0.9029711602729409,0.9951775619872858,-0.09220640171434491,-0.10211433504934829,0.0,InsectEPGSmallTrain,HYDRA
39,0.1,random,local_mean,0,0,0,0.9029711602729409,,-0.08632799434827283,-0.09560427014956752,0.0,InsectEPGSmallTrain,HYDRA
39,0.2,top,local_mean,0,0,0,0.9029711602729409,0.9663202436251093,-0.06334908335216838,-0.07015618657946208,0.0,InsectEPGSmallTrain,HYDRA
39,0.2,bottom,local_mean,0,0,0,0.9029711602729409,1.094796602480167,-0.19182544220722608,-0.21243782549092444,0.0,InsectEPGSmallTrain,HYDRA
39,0.2,random,local_mean,0,0,0,0.9029711602729409,,-0.07822471296140834,-0.08663025993820606,0.0,InsectEPGSmallTrain,HYDRA
40,0.05,top,local_mean,0,0,0,0.9999999524340837,1.0217516283063324,-0.021751675872248688,-0.021751655155230944,0.0,InsectEPGSmallTrain,HYDRA
40,0.05,bottom,local_mean,0,0,0,0.9999999524340837,1.0294505363997222,-0.029450583965638488,-0.029450555915925252,0.0,InsectEPGSmallTrain,HYDRA
40,0.05,random,local_mean,0,0,0,0.9999999524340837,,-0.008317561610421187,-0.008317553688499563,0.0,InsectEPGSmallTrain,HYDRA
40,0.1,top,local_mean,0,0,0,0.9999999524340837,1.0288201506233343,-0.028820198189250634,-0.028820170739937725,0.0,InsectEPGSmallTrain,HYDRA
40,0.1,bottom,local_mean,0,0,0,0.9999999524340837,1.0616145284887875,-0.061614576054703774,-0.061614517370937386,0.0,InsectEPGSmallTrain,HYDRA
40,0.1,random,local_mean,0,0,0,0.9999999524340837,,-0.0517045939730969,-0.05170454472792622,0.0,InsectEPGSmallTrain,HYDRA
40,0.2,top,local_mean,0,0,0,0.9999999524340837,1.0986863607738901,-0.09868640833980646,-0.0986863143475971,0.0,InsectEPGSmallTrain,HYDRA
40,0.2,bottom,local_mean,0,0,0,0.9999999524340837,1.1595742558045494,-0.15957430337046574,-0.1595741513866051,0.0,InsectEPGSmallTrain,HYDRA
40,0.2,random,local_mean,0,0,0,0.9999999524340837,,-0.1098416160854017,-0.1098415114686024,0.0,InsectEPGSmallTrain,HYDRA
41,0.05,top,local_mean,0,0,0,0.7469747587963622,0.7845852149867036,-0.037610456190341424,-0.05035030353721913,0.0,InsectEPGSmallTrain,HYDRA
41,0.05,bottom,local_mean,0,0,0,0.7469747587963622,0.7771163563728396,-0.030141597576477386,-0.04035150702219036,0.0,InsectEPGSmallTrain,HYDRA
41,0.05,random,local_mean,0,0,0,0.7469747587963622,,-0.010092975096103674,-0.013511783986627581,0.0,InsectEPGSmallTrain,HYDRA
41,0.1,top,local_mean,0,0,0,0.7469747587963622,0.8438689608836187,-0.09689420208725652,-0.12971532335050173,0.0,InsectEPGSmallTrain,HYDRA
41,0.1,bottom,local_mean,0,0,0,0.7469747587963622,0.8341554784120646,-0.0871807196157024,-0.11671157810553431,0.0,InsectEPGSmallTrain,HYDRA
41,0.1,random,local_mean,0,0,0,0.7469747587963622,,-0.070365502514522,-0.09420051679843708,0.0,InsectEPGSmallTrain,HYDRA
41,0.2,top,local_mean,0,0,0,0.7469747587963622,0.9261396751091173,-0.1791649163127551,-0.2398537224306343,0.0,InsectEPGSmallTrain,HYDRA
41,0.2,bottom,local_mean,0,0,0,0.7469747587963622,0.9038816831037839,-0.1569069243074217,-0.2100562467519071,0.0,InsectEPGSmallTrain,HYDRA
41,0.2,random,local_mean,0,0,0,0.7469747587963622,,-0.17919436566135052,-0.23989314720211935,0.0,InsectEPGSmallTrain,HYDRA
42,0.05,top,local_mean,0,0,0,0.43327501532579255,0.44862747600833636,-0.015352460682543811,-0.03543344228505208,0.0,InsectEPGSmallTrain,HYDRA
42,0.05,bottom,local_mean,0,0,0,0.43327501532579255,0.46314630995543465,-0.02987129462964211,-0.06894287607215238,0.0,InsectEPGSmallTrain,HYDRA
42,0.05,random,local_mean,0,0,0,0.43327501532579255,,-0.021168167116736303,-0.04885607873036627,0.0,InsectEPGSmallTrain,HYDRA
42,0.1,top,local_mean,0,0,0,0.43327501532579255,0.5395152349770811,-0.10624021965128855,-0.24520217111811166,0.0,InsectEPGSmallTrain,HYDRA
42,0.1,bottom,local_mean,0,0,0,0.43327501532579255,0.5313976901483721,-0.09812267482257958,-0.22646689720131025,0.0,InsectEPGSmallTrain,HYDRA
42,0.1,random,local_mean,0,0,0,0.43327501532579255,,-0.11148014087845597,-0.25729589669216024,0.0,InsectEPGSmallTrain,HYDRA
42,0.2,top,local_mean,0,0,0,0.43327501532579255,0.6258671085941938,-0.19259209326840127,-0.4445020874824696,0.0,InsectEPGSmallTrain,HYDRA
42,0.2,bottom,local_mean,0,0,0,0.43327501532579255,0.6688132333968877,-0.23553821807109515,-0.5436216401085282,0.0,InsectEPGSmallTrain,HYDRA
42,0.2,random,local_mean,0,0,0,0.43327501532579255,,-0.21801284379025537,-0.503173118471202,0.0,InsectEPGSmallTrain,HYDRA
43,0.05,top,local_mean,0,0,0,0.8677603847748332,0.8930269701346027,-0.025266585359769556,-0.029116973632475857,0.0,InsectEPGSmallTrain,HYDRA
43,0.05,bottom,local_mean,0,0,0,0.8677603847748332,0.9037386652794708,-0.03597828050463758,-0.0414610296515709,0.0,InsectEPGSmallTrain,HYDRA
43,0.05,random,local_mean,0,0,0,0.8677603847748332,,0.00013061581029605307,0.00015052042253521845,0.0,InsectEPGSmallTrain,HYDRA
43,0.1,top,local_mean,0,0,0,0.8677603847748332,0.8764999366286326,-0.008739551853799377,-0.0100713767714694,0.0,InsectEPGSmallTrain,HYDRA
43,0.1,bottom,local_mean,0,0,0,0.8677603847748332,0.9185066538015405,-0.050746269026707314,-0.058479519735572194,0.0,InsectEPGSmallTrain,HYDRA
43,0.1,random,local_mean,0,0,0,0.8677603847748332,,-0.05168833486038933,-0.05956514747864866,0.0,InsectEPGSmallTrain,HYDRA
43,0.2,top,local_mean,0,0,0,0.8677603847748332,0.987809910724013,-0.12004952594917984,-0.13834393654233682,0.0,InsectEPGSmallTrain,HYDRA
43,0.2,bottom,local_mean,0,0,0,0.8677603847748332,1.0392698517557064,-0.17150946698087322,-0.19764588513624226,0.0,InsectEPGSmallTrain,HYDRA
43,0.2,random,local_mean,0,0,0,0.8677603847748332,,-0.15505767668641224,-0.17868699783944247,0.0,InsectEPGSmallTrain,HYDRA
44,0.05,top,local_mean,0,0,0,0.8881314751567053,0.9091570780400573,-0.02102560288335198,-0.023673948956367288,0.0,InsectEPGSmallTrain,HYDRA
44,0.05,bottom,local_mean,0,0,0,0.8881314751567053,0.9253026401049833,-0.03717116494827799,-0.041853176173655145,0.0,InsectEPGSmallTrain,HYDRA
44,0.05,random,local_mean,0,0,0,0.8881314751567053,,-0.007800331201756805,-0.008782846500889955,0.0,InsectEPGSmallTrain,HYDRA
44,0.1,top,local_mean,0,0,0,0.8881314751567053,0.9433976157889641,-0.055266140632258764,-0.062227361545930865,0.0,InsectEPGSmallTrain,HYDRA
44,0.1,bottom,local_mean,0,0,0,0.8881314751567053,0.9754144055350049,-0.0872829303782996,-0.09827692694482214,0.0,InsectEPGSmallTrain,HYDRA
44,0.1,random,local_mean,0,0,0,0.8881314751567053,,-0.06941514748058678,-0.07815855114220309,0.0,InsectEPGSmallTrain,HYDRA
44,0.2,top,local_mean,0,0,0,0.8881314751567053,1.0158019166629666,-0.12767044150626128,-0.14375157431748528,0.0,InsectEPGSmallTrain,HYDRA
44,0.2,bottom,local_mean,0,0,0,0.8881314751567053,1.079599718068031,-0.1914682429113257,-0.21558522885624956,0.0,InsectEPGSmallTrain,HYDRA
44,0.2,random,local_mean,0,0,0,0.8881314751567053,,-0.18830660378017788,-0.21202535550448415,0.0,InsectEPGSmallTrain,HYDRA
45,0.05,top,local_mean,0,0,0,0.9082064501882083,0.9437646103608093,-0.03555816017260094,-0.03915202431474461,0.0,InsectEPGSmallTrain,HYDRA
45,0.05,bottom,local_mean,0,0,0,0.9082064501882083,0.9401066623222327,-0.031900212134024386,-0.03512436737599288,0.0,InsectEPGSmallTrain,HYDRA
45,0.05,random,local_mean,0,0,0,0.9082064501882083,,-0.010050109929738805,-0.011065874792874814,0.0,InsectEPGSmallTrain,HYDRA
45,0.1,top,local_mean,0,0,0,0.9082064501882083,0.9663683189109515,-0.058161868722743204,-0.06404029025603157,0.0,InsectEPGSmallTrain,HYDRA
45,0.1,bottom,local_mean,0,0,0,0.9082064501882083,1.0146181701735983,-0.10641171998539001,-0.11716675519820746,0.0,InsectEPGSmallTrain,HYDRA
45,0.1,random,local_mean,0,0,0,0.9082064501882083,,-0.05368132248682946,-0.05910689509946769,0.0,InsectEPGSmallTrain,HYDRA
45,0.2,top,local_mean,0,0,0,0.9082064501882083,1.0504549380914139,-0.14224848790320554,-0.1566255461499763,0.0,InsectEPGSmallTrain,HYDRA
45,0.2,bottom,local_mean,0,0,0,0.9082064501882083,1.1155522355712912,-0.2073457853830829,-0.22830222912189777,0.0,InsectEPGSmallTrain,HYDRA
45,0.2,random,local_mean,0,0,0,0.9082064501882083,,-0.1411512571063903,-0.1554174182089559,0.0,InsectEPGSmallTrain,HYDRA
46,0.05,top,local_mean,0,0,0,0.6290484759257287,0.6688819209310026,-0.03983344500527397,-0.06332323057205293,0.0,InsectEPGSmallTrain,HYDRA
46,0.05,bottom,local_mean,0,0,0,0.6290484759257287,0.675790365066353,-0.04674188914062438,-0.0743055847424999,0.0,InsectEPGSmallTrain,HYDRA
46,0.05,random,local_mean,0,0,0,0.6290484759257287,,-0.023986271069584442,-0.03813097695421414,0.0,InsectEPGSmallTrain,HYDRA
46,0.1,top,local_mean,0,0,0,0.6290484759257287,0.7483627313775558,-0.11931425545182717,-0.18967388101904165,0.0,InsectEPGSmallTrain,HYDRA
46,0.1,bottom,local_mean,0,0,0,0.6290484759257287,0.7044838181909774,-0.07543534226524873,-0.1199195693696998,0.0,InsectEPGSmallTrain,HYDRA
46,0.1,random,local_mean,0,0,0,0.6290484759257287,,-0.07569398308797211,-0.1203307307053686,0.0,InsectEPGSmallTrain,HYDRA
46,0.2,top,local_mean,0,0,0,0.6290484759257287,0.9021338690585665,-0.27308539313283786,-0.43412387035369027,0.0,InsectEPGSmallTrain,HYDRA
46,0.2,bottom,local_mean,0,0,0,0.6290484759257287,0.8885790390723061,-0.2595305631465774,-0.41257575608761804,0.0,InsectEPGSmallTrain,HYDRA
46,0.2,random,local_mean,0,0,0,0.6290484759257287,,-0.2237539075082943,-0.3557016038826057,0.0,InsectEPGSmallTrain,HYDRA
47,0.05,top,local_mean,0,0,0,0.6745456283374327,0.7079909022640569,-0.03344527392662422,-0.049581856200300624,0.0,InsectEPGSmallTrain,HYDRA
47,0.05,bottom,local_mean,0,0,0,0.6745456283374327,0.7189568766923153,-0.04441124835488264,-0.06583866331723257,0.0,InsectEPGSmallTrain,HYDRA
47,0.05,random,local_mean,0,0,0,0.6745456283374327,,-0.02077291806487529,-0.030795377505739928,0.0,InsectEPGSmallTrain,HYDRA
47,0.1,top,local_mean,0,0,0,0.6745456283374327,0.7302427245040788,-0.05569709616664609,-0.08256967543359267,0.0,InsectEPGSmallTrain,HYDRA
47,0.1,bottom,local_mean,0,0,0,0.6745456283374327,0.7742963652800685,-0.09975073694263581,-0.1478781936668978,0.0,InsectEPGSmallTrain,HYDRA
47,0.1,random,local_mean,0,0,0,0.6745456283374327,,-0.05967901226534069,-0.08847277528083215,0.0,InsectEPGSmallTrain,HYDRA
47,0.2,top,local_mean,0,0,0,0.6745456283374327,0.859006980592123,-0.1844613522546903,-0.2734597498609333,0.0,InsectEPGSmallTrain,HYDRA
47,0.2,bottom,local_mean,0,0,0,0.6745456283374327,0.9275612555215265,-0.25301562718409376,-0.3750898997267334,0.0,InsectEPGSmallTrain,HYDRA
47,0.2,random,local_mean,0,0,0,0.6745456283374327,,-0.19393725438220652,-0.2875075587586987,0.0,InsectEPGSmallTrain,HYDRA
48,0.05,top,local_mean,0,0,0,0.8243883557717473,0.8612709660918152,-0.0368826103200679,-0.04473930923761195,0.0,InsectEPGSmallTrain,HYDRA
48,0.05,bottom,local_mean,0,0,0,0.8243883557717473,0.8516936887449718,-0.02730533297322446,-0.03312188928939134,0.0,InsectEPGSmallTrain,HYDRA
48,0.05,random,local_mean,0,0,0,0.8243883557717473,,-0.01624734870224196,-0.01970834362245264,0.0,InsectEPGSmallTrain,HYDRA
48,0.1,top,local_mean,0,0,0,0.8243883557717473,0.8598882903964105,-0.035499934624663165,-0.0430620972676559,0.0,InsectEPGSmallTrain,HYDRA
48,0.1,bottom,local_mean,0,0,0,0.8243883557717473,0.9244540796342675,-0.10006572386252022,-0.12138163012651257,0.0,InsectEPGSmallTrain,HYDRA
48,0.1,random,local_mean,0,0,0,0.8243883557717473,,-0.04694715095727253,-0.05694778884344428,0.0,InsectEPGSmallTrain,HYDRA
48,0.2,top,local_mean,0,0,0,0.8243883557717473,0.941680089164153,-0.11729173339240573,-0.1422771079844957,0.0,InsectEPGSmallTrain,HYDRA
48,0.2,bottom,local_mean,0,0,0,0.8243883557717473,1.0641103242483267,-0.23972196847657945,-0.2907873164521455,0.0,InsectEPGSmallTrain,HYDRA
48,0.2,random,local_mean,0,0,0,0.8243883557717473,,-0.15396198543651277,-0.18675882258618215,0.0,InsectEPGSmallTrain,HYDRA
49,0.05,top,local_mean,0,0,0,0.7849876124684674,0.8202368800784423,-0.03524926760997493,-0.04490417701618681,0.0,InsectEPGSmallTrain,HYDRA
49,0.05,bottom,local_mean,0,0,0,0.7849876124684674,0.8295799734324876,-0.044592360964020195,-0.056806379424786176,0.0,InsectEPGSmallTrain,HYDRA
49,0.05,random,local_mean,0,0,0,0.7849876124684674,,-0.02112859958629678,-0.026915803937404892,0.0,InsectEPGSmallTrain,HYDRA
49,0.1,top,local_mean,0,0,0,0.7849876124684674,0.8046329856952201,-0.01964537322675275,-0.02502631619709247,0.0,InsectEPGSmallTrain,HYDRA
49,0.1,bottom,local_mean,0,0,0,0.7849876124684674,0.8661842380459279,-0.08119662557746055,-0.103436692313447,0.0,InsectEPGSmallTrain,HYDRA
49,0.1,random,local_mean,0,0,0,0.7849876124684674,,-0.06526719923894575,-0.08314413508968896,0.0,InsectEPGSmallTrain,HYDRA
49,0.2,top,local_mean,0,0,0,0.7849876124684674,0.9046489274588476,-0.11966131499038024,-0.15243700747975752,0.0,InsectEPGSmallTrain,HYDRA
49,0.2,bottom,local_mean,0,0,0,0.7849876124684674,0.9910087281784565,-0.20602111570998916,-0.26245108838220876,0.0,InsectEPGSmallTrain,HYDRA
49,0.2,random,local_mean,0,0,0,0.7849876124684674,,-0.1318233527762525,-0.16793027399686997,0.0,InsectEPGSmallTrain,HYDRA
0,0.05,top,linear_interpolation,0,0,0,0.7213745395279907,0.7527744862978458,-0.031399946769855136,-0.04352787840630235,0.0,InsectEPGSmallTrain,HYDRA
0,0.05,bottom,linear_interpolation,0,0,0,0.7213745395279907,0.7274382318251003,-0.006063692297109569,-0.008405735937591056,0.0,InsectEPGSmallTrain,HYDRA
0,0.05,random,linear_interpolation,0,0,0,0.7213745395279907,,-0.02568981268146344,-0.035612259182329305,0.0,InsectEPGSmallTrain,HYDRA
0,0.1,top,linear_interpolation,0,0,0,0.7213745395279907,0.7443390820857334,-0.022964542557742718,-0.03183437932033132,0.0,InsectEPGSmallTrain,HYDRA
0,0.1,bottom,linear_interpolation,0,0,0,0.7213745395279907,0.7244154705301178,-0.0030409310021271008,-0.0042154617608975735,0.0,InsectEPGSmallTrain,HYDRA
0,0.1,random,linear_interpolation,0,0,0,0.7213745395279907,,-0.02603494318555124,-0.03609069307033391,0.0,InsectEPGSmallTrain,HYDRA
0,0.2,top,linear_interpolation,0,0,0,0.7213745395279907,0.8014167444782478,-0.08004220495025716,-0.11095774747592668,0.0,InsectEPGSmallTrain,HYDRA
0,0.2,bottom,linear_interpolation,0,0,0,0.7213745395279907,0.7753480478190884,-0.053973508291097705,-0.07482026397292811,0.0,InsectEPGSmallTrain,HYDRA
0,0.2,random,linear_interpolation,0,0,0,0.7213745395279907,,-0.09150810923377146,-0.1268522485440065,0.0,InsectEPGSmallTrain,HYDRA
1,0.05,top,linear_interpolation,0,0,0,0.9999999506943182,1.050413640623789,-0.050413689929470706,-0.0504136420015077,0.0,InsectEPGSmallTrain,HYDRA
1,0.05,bottom,linear_interpolation,0,0,0,0.9999999506943182,0.9874255049369562,0.012574445757361996,0.012574433802919225,0.0,InsectEPGSmallTrain,HYDRA
1,0.05,random,linear_interpolation,0,0,0,0.9999999506943182,,-0.0008247684529438803,-0.0008247676688419442,0.0,InsectEPGSmallTrain,HYDRA
1,0.1,top,linear_interpolation,0,0,0,0.9999999506943182,0.9947658826436916,0.00523406805062665,0.0052340630746326245,0.0,InsectEPGSmallTrain,HYDRA
1,0.1,bottom,linear_interpolation,0,0,0,0.9999999506943182,1.0146194947981084,-0.014619544103790183,-0.014619530205085883,0.0,InsectEPGSmallTrain,HYDRA
1,0.1,random,linear_interpolation,0,0,0,0.9999999506943182,,-0.009405722476767098,-0.009405713534808683,0.0,InsectEPGSmallTrain,HYDRA
1,0.2,top,linear_interpolation,0,0,0,0.9999999506943182,1.0540612105942275,-0.054061259899909286,-0.05406120850422553,0.0,InsectEPGSmallTrain,HYDRA
1,0.2,bottom,linear_interpolation,0,0,0,0.9999999506943182,1.1416170428245151,-0.1416170921301969,-0.14161695749576006,0.0,InsectEPGSmallTrain,HYDRA
1,0.2,random,linear_interpolation,0,0,0,0.9999999506943182,,-0.05341831535191428,-0.05341826456747366,0.0,InsectEPGSmallTrain,HYDRA
2,0.05,top,linear_interpolation,0,0,0,0.8119729546791388,0.8524463323184945,-0.04047337763935577,-0.04984565995758978,0.0,InsectEPGSmallTrain,HYDRA
2,0.05,bottom,linear_interpolation,0,0,0,0.8119729546791388,0.8177882559487162,-0.005815301269577411,-0.007161930793550387,0.0,InsectEPGSmallTrain,HYDRA
2,0.05,random,linear_interpolation,0,0,0,0.8119729546791388,,-0.014787682200914799,-0.018212015441749392,0.0,InsectEPGSmallTrain,HYDRA
2,0.1,top,linear_interpolation,0,0,0,0.8119729546791388,0.9040136017587685,-0.09204064707962978,-0.11335418648496028,0.0,InsectEPGSmallTrain,HYDRA
2,0.1,bottom,linear_interpolation,0,0,0,0.8119729546791388,0.829624898982555,-0.01765194430341621,-0.02173954497147829,0.0,InsectEPGSmallTrain,HYDRA
2,0.1,random,linear_interpolation,0,0,0,0.8119729546791388,,-0.04972696444035925,-0.0612420683616748,0.0,InsectEPGSmallTrain,HYDRA
2,0.2,top,linear_interpolation,0,0,0,0.8119729546791388,1.0330546658269053,-0.22108171114776654,-0.2722768505981569,0.0,InsectEPGSmallTrain,HYDRA
2,0.2,bottom,linear_interpolation,0,0,0,0.8119729546791388,0.9422164169533376,-0.1302434622741988,-0.16040349757975436,0.0,InsectEPGSmallTrain,HYDRA
2,0.2,random,linear_interpolation,0,0,0,0.8119729546791388,,-0.1114947774087868,-0.13731324356683988,0.0,InsectEPGSmallTrain,HYDRA
3,0.05,top,linear_interpolation,0,0,0,0.7394881143083762,0.7872291688041608,-0.047741054495784585,-0.0645595094938422,0.0,InsectEPGSmallTrain,HYDRA
3,0.05,bottom,linear_interpolation,0,0,0,0.7394881143083762,0.746256978118341,-0.006768863809964776,-0.009153432659107508,0.0,InsectEPGSmallTrain,HYDRA
3,0.05,random,linear_interpolation,0,0,0,0.7394881143083762,,-0.031700930922607326,-0.042868691789001295,0.0,InsectEPGSmallTrain,HYDRA
3,0.1,top,linear_interpolation,0,0,0,0.7394881143083762,0.8620780155874068,-0.12258990127903058,-0.16577647852691588,0.0,InsectEPGSmallTrain,HYDRA
3,0.1,bottom,linear_interpolation,0,0,0,0.7394881143083762,0.7778749392458384,-0.03838682493746215,-0.05190992564287344,0.0,InsectEPGSmallTrain,HYDRA
3,0.1,random,linear_interpolation,0,0,0,0.7394881143083762,,-0.04599565230038745,-0.062199228373234286,0.0,InsectEPGSmallTrain,HYDRA
3,0.2,top,linear_interpolation,0,0,0,0.7394881143083762,0.9507822622575741,-0.21129414794919787,-0.2857298963039036,0.0,InsectEPGSmallTrain,HYDRA
3,0.2,bottom,linear_interpolation,0,0,0,0.7394881143083762,0.756503905760634,-0.017015791452257734,-0.023010198693962022,0.0,InsectEPGSmallTrain,HYDRA
3,0.2,random,linear_interpolation,0,0,0,0.7394881143083762,,-0.05990263239615703,-0.08100542825729397,0.0,InsectEPGSmallTrain,HYDRA
4,0.05,top,linear_interpolation,0,0,0,0.957639961966972,0.9856601630162953,-0.028020201049323346,-0.02925960998135513,0.0,InsectEPGSmallTrain,HYDRA
4,0.05,bottom,linear_interpolation,0,0,0,0.957639961966972,0.9520366507577185,0.005603311209253503,0.005851160750000119,0.0,InsectEPGSmallTrain,HYDRA
4,0.05,random,linear_interpolation,0,0,0,0.957639961966972,,-0.01635168298326195,-0.017074961945733793,0.0,InsectEPGSmallTrain,HYDRA
4,0.1,top,linear_interpolation,0,0,0,0.957639961966972,1.0142807929584485,-0.05664083099147654,-0.059146207442022536,0.0,InsectEPGSmallTrain,HYDRA
4,0.1,bottom,linear_interpolation,0,0,0,0.957639961966972,0.9620098685840335,-0.004369906617061492,-0.004563199351963607,0.0,InsectEPGSmallTrain,HYDRA
4,0.1,random,linear_interpolation,0,0,0,0.957639961966972,,-0.028324852743332185,-0.029577737240012798,0.0,InsectEPGSmallTrain,HYDRA
4,0.2,top,linear_interpolation,0,0,0,0.957639961966972,0.987893688002144,-0.030253726035172068,-0.03159192979071366,0.0,InsectEPGSmallTrain,HYDRA
4,0.2,bottom,linear_interpolation,0,0,0,0.957639961966972,1.0093944403674193,-0.051754478400447335,-0.05404371832021978,0.0,InsectEPGSmallTrain,HYDRA
4,0.2,random,linear_interpolation,0,0,0,0.957639961966972,,-0.09383503318445294,-0.0979856093370505,0.0,InsectEPGSmallTrain,HYDRA
5,0.05,top,linear_interpolation,0,0,0,0.7883394500407626,0.8251235895521378,-0.03678413951137527,-0.0466602208594945,0.0,InsectEPGSmallTrain,HYDRA
5,0.05,bottom,linear_interpolation,0,0,0,0.7883394500407626,0.7942005799994314,-0.0058611299586688315,-0.0074347700392207085,0.0,InsectEPGSmallTrain,HYDRA
5,0.05,random,linear_interpolation,0,0,0,0.7883394500407626,,-0.022213930886160416,-0.028178093468388943,0.0,InsectEPGSmallTrain,HYDRA
5,0.1,top,linear_interpolation,0,0,0,0.7883394500407626,0.8153396683025533,-0.027000218261790776,-0.03424943913558499,0.0,InsectEPGSmallTrain,HYDRA
5,0.1,bottom,linear_interpolation,0,0,0,0.7883394500407626,0.8073062192499019,-0.01896676920913931,-0.02405910949788077,0.0,InsectEPGSmallTrain,HYDRA
5,0.1,random,linear_interpolation,0,0,0,0.7883394500407626,,-0.05753605107714934,-0.07298376110749402,0.0,InsectEPGSmallTrain,HYDRA
5,0.2,top,linear_interpolation,0,0,0,0.7883394500407626,0.8948408173790519,-0.1065013673382893,-0.13509565230704887,0.0,InsectEPGSmallTrain,HYDRA
5,0.2,bottom,linear_interpolation,0,0,0,0.7883394500407626,0.835696874139517,-0.04735742409875443,-0.06007230010372515,0.0,InsectEPGSmallTrain,HYDRA
5,0.2,random,linear_interpolation,0,0,0,0.7883394500407626,,-0.06998479664226971,-0.08877483914297561,0.0,InsectEPGSmallTrain,HYDRA
6,0.05,top,linear_interpolation,0,0,0,0.5815790300381436,0.6133984283171454,-0.03181939827900182,-0.054711985686501145,0.0,InsectEPGSmallTrain,HYDRA
6,0.05,bottom,linear_interpolation,0,0,0,0.5815790300381436,0.5739342631823774,0.007644766855766205,0.01314482351683364,0.0,InsectEPGSmallTrain,HYDRA
6,0.05,random,linear_interpolation,0,0,0,0.5815790300381436,,0.006982269833070464,0.01200569048530178,0.0,InsectEPGSmallTrain,HYDRA
6,0.1,top,linear_interpolation,0,0,0,0.5815790300381436,0.6791553221266025,-0.09757629208845886,-0.16777792745404135,0.0,InsectEPGSmallTrain,HYDRA
6,0.1,bottom,linear_interpolation,0,0,0,0.5815790300381436,0.5953568450759077,-0.013777815037764096,-0.02369031659642863,0.0,InsectEPGSmallTrain,HYDRA
6,0.1,random,linear_interpolation,0,0,0,0.5815790300381436,,0.006028377418081465,0.010365516535507737,0.0,InsectEPGSmallTrain,HYDRA
6,0.2,top,linear_interpolation,0,0,0,0.5815790300381436,0.8078060857823932,-0.22622705574424962,-0.3889869735200713,0.0,InsectEPGSmallTrain,HYDRA
6,0.2,bottom,linear_interpolation,0,0,0,0.5815790300381436,0.602693164599738,-0.02111413456159439,-0.036304779172368754,0.0,InsectEPGSmallTrain,HYDRA
6,0.2,random,linear_interpolation,0,0,0,0.5815790300381436,,-0.013914062491981793,-0.02392458780104472,0.0,InsectEPGSmallTrain,HYDRA
7,0.05,top,linear_interpolation,0,0,0,0.7984189490026774,0.8367436619747868,-0.038324712972109376,-0.04800069564892705,0.0,InsectEPGSmallTrain,HYDRA
7,0.05,bottom,linear_interpolation,0,0,0,0.7984189490026774,0.820702733378873,-0.022283784376195603,-0.02790985421147196,0.0,InsectEPGSmallTrain,HYDRA
7,0.05,random,linear_interpolation,0,0,0,0.7984189490026774,,-0.028463024251769477,-0.035649189736958874,0.0,InsectEPGSmallTrain,HYDRA
7,0.1,top,linear_interpolation,0,0,0,0.7984189490026774,0.8912171263432214,-0.09279817734054396,-0.11622727795874846,0.0,InsectEPGSmallTrain,HYDRA
7,0.1,bottom,linear_interpolation,0,0,0,0.7984189490026774,0.8449287308876485,-0.046509781884971124,-0.058252279321261244,0.0,InsectEPGSmallTrain,HYDRA
7,0.1,random,linear_interpolation,0,0,0,0.7984189490026774,,-0.05312847372353362,-0.06654201687958508,0.0,InsectEPGSmallTrain,HYDRA
7,0.2,top,linear_interpolation,0,0,0,0.7984189490026774,1.0154265647301266,-0.2170076157274492,-0.27179633474654263,0.0,InsectEPGSmallTrain,HYDRA
7,0.2,bottom,linear_interpolation,0,0,0,0.7984189490026774,0.9028560801342573,-0.10443713113157993,-0.1308047616571135,0.0,InsectEPGSmallTrain,HYDRA
7,0.2,random,linear_interpolation,0,0,0,0.7984189490026774,,-0.09641063254366186,-0.12075178314881832,0.0,InsectEPGSmallTrain,HYDRA
8,0.05,top,linear_interpolation,0,0,0,0.9505110362321856,0.9936081227735136,-0.043097086541328045,-0.04534091615732106,0.0,InsectEPGSmallTrain,HYDRA
8,0.05,bottom,linear_interpolation,0,0,0,0.9505110362321856,0.9541934850099396,-0.0036824487777540327,-0.0038741737478161773,0.0,InsectEPGSmallTrain,HYDRA
8,0.05,random,linear_interpolation,0,0,0,0.9505110362321856,,-0.015599227382480808,-0.016411393846537593,0.0,InsectEPGSmallTrain,HYDRA
8,0.1,top,linear_interpolation,0,0,0,0.9505110362321856,1.0319040798257715,-0.0813930435935859,-0.08563073426847556,0.0,InsectEPGSmallTrain,HYDRA
8,0.1,bottom,linear_interpolation,0,0,0,0.9505110362321856,0.9446135977887271,0.005897438443458469,0.0062044858125477505,0.0,InsectEPGSmallTrain,HYDRA
8,0.1,random,linear_interpolation,0,0,0,0.9505110362321856,,-0.02406841378595894,-0.025321524471552982,0.0,InsectEPGSmallTrain,HYDRA
8,0.2,top,linear_interpolation,0,0,0,0.9505110362321856,1.1226214431143662,-0.1721104068821806,-0.18107125456761544,0.0,InsectEPGSmallTrain,HYDRA
8,0.2,bottom,linear_interpolation,0,0,0,0.9505110362321856,1.021766432035201,-0.07125539580301532,-0.07496527459606989,0.0,InsectEPGSmallTrain,HYDRA
8,0.2,random,linear_interpolation,0,0,0,0.9505110362321856,,-0.027442823133390082,-0.028871620860450108,0.0,InsectEPGSmallTrain,HYDRA
9,0.05,top,linear_interpolation,0,0,0,0.8140376771867537,0.853364021092426,-0.039326343905672356,-0.04831016634440608,0.0,InsectEPGSmallTrain,HYDRA
9,0.05,bottom,linear_interpolation,0,0,0,0.8140376771867537,0.8051610820152915,0.00887659517146222,0.010904389951272285,0.0,InsectEPGSmallTrain,HYDRA
9,0.05,random,linear_interpolation,0,0,0,0.8140376771867537,,-0.01030063095910121,-0.012653736545663022,0.0,InsectEPGSmallTrain,HYDRA
9,0.1,top,linear_interpolation,0,0,0,0.8140376771867537,0.9065500650858,-0.09251238789904637,-0.11364618229045463,0.0,InsectEPGSmallTrain,HYDRA
9,0.1,bottom,linear_interpolation,0,0,0,0.8140376771867537,0.7975831884713098,0.01645448871544386,0.02021339916219845,0.0,InsectEPGSmallTrain,HYDRA
9,0.1,random,linear_interpolation,0,0,0,0.8140376771867537,,-0.007347417828005964,-0.009025882963445909,0.0,InsectEPGSmallTrain,HYDRA
9,0.2,top,linear_interpolation,0,0,0,0.8140376771867537,0.8854952131964153,-0.07145753600966165,-0.08778149983808217,0.0,InsectEPGSmallTrain,HYDRA
9,0.2,bottom,linear_interpolation,0,0,0,0.8140376771867537,0.8308599253539308,-0.016822248167177145,-0.02066517063453712,0.0,InsectEPGSmallTrain,HYDRA
9,0.2,random,linear_interpolation,0,0,0,0.8140376771867537,,-0.053081528360064835,-0.06520762446264831,0.0,InsectEPGSmallTrain,HYDRA
10,0.05,top,linear_interpolation,0,0,0,0.6279663002335127,0.663099674347509,-0.03513337411399631,-0.05594777642232611,0.0,InsectEPGSmallTrain,HYDRA
10,0.05,bottom,linear_interpolation,0,0,0,0.6279663002335127,0.6333378519627049,-0.0053715517291921255,-0.008553871717834173,0.0,InsectEPGSmallTrain,HYDRA
10,0.05,random,linear_interpolation,0,0,0,0.6279663002335127,,-0.0016998257076942913,-0.002706869779783442,0.0,InsectEPGSmallTrain,HYDRA
10,0.1,top,linear_interpolation,0,0,0,0.6279663002335127,0.7274528017564919,-0.09948650152297911,-0.1584262452614723,0.0,InsectEPGSmallTrain,HYDRA
10,0.1,bottom,linear_interpolation,0,0,0,0.6279663002335127,0.6449599363959806,-0.01699363616246785,-0.027061339270609604,0.0,InsectEPGSmallTrain,HYDRA
10,0.1,random,linear_interpolation,0,0,0,0.6279663002335127,,-0.02355676625815235,-0.037512727572586425,0.0,InsectEPGSmallTrain,HYDRA
10,0.2,top,linear_interpolation,0,0,0,0.6279663002335127,0.7089099583970855,-0.08094365816357274,-0.128897887092964,0.0,InsectEPGSmallTrain,HYDRA
10,0.2,bottom,linear_interpolation,0,0,0,0.6279663002335127,0.6610317345750003,-0.033065434341487565,-0.052654707226303055,0.0,InsectEPGSmallTrain,HYDRA
10,0.2,random,linear_interpolation,0,0,0,0.6279663002335127,,-0.1083403692739719,-0.17252549493211666,0.0,InsectEPGSmallTrain,HYDRA
11,0.05,top,linear_interpolation,0,0,0,0.8083252646938044,0.8644418153525137,-0.05611655065870935,-0.06942314398254325,0.0,InsectEPGSmallTrain,HYDRA
11,0.05,bottom,linear_interpolation,0,0,0,0.8083252646938044,0.8119955512972874,-0.0036702866034830084,-0.00454060045280518,0.0,InsectEPGSmallTrain,HYDRA
11,0.05,random,linear_interpolation,0,0,0,0.8083252646938044,,-0.010683739199977005,-0.013217112528224014,0.0,InsectEPGSmallTrain,HYDRA
11,0.1,top,linear_interpolation,0,0,0,0.8083252646938044,0.8981106044671039,-0.0897853397732995,-0.11107561846615285,0.0,InsectEPGSmallTrain,HYDRA
11,0.1,bottom,linear_interpolation,0,0,0,0.8083252646938044,0.8151957198669753,-0.006870455173170864,-0.008499606499577749,0.0,InsectEPGSmallTrain,HYDRA
11,0.1,random,linear_interpolation,0,0,0,0.8083252646938044,,-0.019001380145919632,-0.023507067598647673,0.0,InsectEPGSmallTrain,HYDRA
11,0.2,top,linear_interpolation,0,0,0,0.8083252646938044,0.9720912720947996,-0.16376600740099523,-0.2025988942262443,0.0,InsectEPGSmallTrain,HYDRA
11,0.2,bottom,linear_interpolation,0,0,0,0.8083252646938044,0.8602934569940854,-0.051968192300281046,-0.06429110938262868,0.0,InsectEPGSmallTrain,HYDRA
11,0.2,random,linear_interpolation,0,0,0,0.8083252646938044,,-0.08370993580628258,-0.10355958907012885,0.0,InsectEPGSmallTrain,HYDRA
12,0.05,top,linear_interpolation,0,0,0,0.9999999220003966,1.004456072064666,-0.004456150064269471,-0.004456145955701133,0.0,InsectEPGSmallTrain,HYDRA
12,0.05,bottom,linear_interpolation,0,0,0,0.9999999220003966,1.0059346352402816,-0.005934713239885037,-0.005934707768082121,0.0,InsectEPGSmallTrain,HYDRA
12,0.05,random,linear_interpolation,0,0,0,0.9999999220003966,,-0.001287488368576417,-0.0012874871815127253,0.0,InsectEPGSmallTrain,HYDRA
12,0.1,top,linear_interpolation,0,0,0,0.9999999220003966,0.9872721052310074,0.012727816769389166,0.012727805034347879,0.0,InsectEPGSmallTrain,HYDRA
12,0.1,bottom,linear_interpolation,0,0,0,0.9999999220003966,0.9932479544039134,0.0067519675964831105,0.00675196137117205,0.0,InsectEPGSmallTrain,HYDRA
12,0.1,random,linear_interpolation,0,0,0,0.9999999220003966,,0.00811386978414963,0.00811386230316537,0.0,InsectEPGSmallTrain,HYDRA
12,0.2,top,linear_interpolation,0,0,0,0.9999999220003966,1.0104043672734777,-0.010404445273081153,-0.01040443568018733,0.0,InsectEPGSmallTrain,HYDRA
12,0.2,bottom,linear_interpolation,0,0,0,0.9999999220003966,1.0152244540863378,-0.015224532085941211,-0.015224518048929533,0.0,InsectEPGSmallTrain,HYDRA
12,0.2,random,linear_interpolation,0,0,0,0.9999999220003966,,-0.07388139041118805,-0.0738813222925796,0.0,InsectEPGSmallTrain,HYDRA
13,0.05,top,linear_interpolation,0,0,0,0.8215193143665624,0.838301229556704,-0.016781915190141605,-0.020427876093461413,0.0,InsectEPGSmallTrain,HYDRA
13,0.05,bottom,linear_interpolation,0,0,0,0.8215193143665624,0.8185734075203772,0.002945906846185231,0.0035859208770226067,0.0,InsectEPGSmallTrain,HYDRA
13,0.05,random,linear_interpolation,0,0,0,0.8215193143665624,,-0.01449657406202447,-0.017646032372555666,0.0,InsectEPGSmallTrain,HYDRA
13,0.1,top,linear_interpolation,0,0,0,0.8215193143665624,0.8580082763520127,-0.03648896198545026,-0.04441638429061279,0.0,InsectEPGSmallTrain,HYDRA
13,0.1,bottom,linear_interpolation,0,0,0,0.8215193143665624,0.8034618185687279,0.018057495797834555,0.02198058341595348,0.0,InsectEPGSmallTrain,HYDRA
13,0.1,random,linear_interpolation,0,0,0,0.8215193143665624,,-0.041942307641014406,-0.05105449847987538,0.0,InsectEPGSmallTrain,HYDRA
13,0.2,top,linear_interpolation,0,0,0,0.8215193143665624,0.8994347403039495,-0.0779154259373871,-0.09484296927881107,0.0,InsectEPGSmallTrain,HYDRA
13,0.2,bottom,linear_interpolation,0,0,0,0.8215193143665624,0.8315010032657115,-0.009981688899149077,-0.01215026424129939,0.0,InsectEPGSmallTrain,HYDRA
13,0.2,random,linear_interpolation,0,0,0,0.8215193143665624,,-0.07912256132947224,-0.09631236129623905,0.0,InsectEPGSmallTrain,HYDRA
14,0.05,top,linear_interpolation,0,0,0,0.9009756599991114,0.9363672903551046,-0.03539163035599313,-0.039281406419593635,0.0,InsectEPGSmallTrain,HYDRA
14,0.05,bottom,linear_interpolation,0,0,0,0.9009756599991114,0.9212845879997769,-0.020308928000665416,-0.022541014548240843,0.0,InsectEPGSmallTrain,HYDRA
14,0.05,random,linear_interpolation,0,0,0,0.9009756599991114,,-0.020707884655674746,-0.02298381919870729,0.0,InsectEPGSmallTrain,HYDRA
14,0.1,top,linear_interpolation,0,0,0,0.9009756599991114,0.9970738556441467,-0.0960981956450353,-0.10666002784703665,0.0,InsectEPGSmallTrain,HYDRA
14,0.1,bottom,linear_interpolation,0,0,0,0.9009756599991114,0.9620511186306728,-0.061075458631561386,-0.06778805860700278,0.0,InsectEPGSmallTrain,HYDRA
14,0.1,random,linear_interpolation,0,0,0,0.9009756599991114,,-0.03721372872047142,-0.04130376553873007,0.0,InsectEPGSmallTrain,HYDRA
14,0.2,top,linear_interpolation,0,0,0,0.9009756599991114,1.1202892256472174,-0.219313565648106,-0.2434175882517559,0.0,InsectEPGSmallTrain,HYDRA
14,0.2,bottom,linear_interpolation,0,0,0,0.9009756599991114,1.0180601282101271,-0.1170844682110157,-0.1299528316428654,0.0,InsectEPGSmallTrain,HYDRA
14,0.2,random,linear_interpolation,0,0,0,0.9009756599991114,,-0.11820625969917549,-0.13119791549238585,0.0,InsectEPGSmallTrain,HYDRA
15,0.05,top,linear_interpolation,0,0,0,0.8609946362652405,0.8820207837560574,-0.021026147490816882,-0.024420736418621653,0.0,InsectEPGSmallTrain,HYDRA
15,0.05,bottom,linear_interpolation,0,0,0,0.8609946362652405,0.9007046207697884,-0.03970998450454788,-0.04612100553354572,0.0,InsectEPGSmallTrain,HYDRA
15,0.05,random,linear_interpolation,0,0,0,0.8609946362652405,,-0.005147712112438763,-0.0059787900142770824,0.0,InsectEPGSmallTrain,HYDRA
15,0.1,top,linear_interpolation,0,0,0,0.8609946362652405,0.8651141791034651,-0.004119542838224577,-0.004784626849090673,0.0,InsectEPGSmallTrain,HYDRA
15,0.1,bottom,linear_interpolation,0,0,0,0.8609946362652405,0.8732659943211207,-0.0122713580558802,-0.014252520615679233,0.0,InsectEPGSmallTrain,HYDRA
15,0.1,random,linear_interpolation,0,0,0,0.8609946362652405,,-0.03284329667007384,-0.03814571791854708,0.0,InsectEPGSmallTrain,HYDRA
15,0.2,top,linear_interpolation,0,0,0,0.8609946362652405,0.9030597421524595,-0.04206510588721901,-0.04885635201321779,0.0,InsectEPGSmallTrain,HYDRA
15,0.2,bottom,linear_interpolation,0,0,0,0.8609946362652405,0.9288254014111057,-0.06783076514586517,-0.07878177575916197,0.0,InsectEPGSmallTrain,HYDRA
15,0.2,random,linear_interpolation,0,0,0,0.8609946362652405,,-0.08297981205249139,-0.09637657678781592,0.0,InsectEPGSmallTrain,HYDRA
16,0.05,top,linear_interpolation,0,0,0,0.8247770659266043,0.8675522458944935,-0.042775179967889265,-0.05186265461586094,0.0,InsectEPGSmallTrain,HYDRA
16,0.05,bottom,linear_interpolation,0,0,0,0.8247770659266043,0.7884283573168496,0.0363487086097547,0.04407089629489409,0.0,InsectEPGSmallTrain,HYDRA
16,0.05,random,linear_interpolation,0,0,0,0.8247770659266043,,-0.00776328016733312,-0.009412568650951445,0.0,InsectEPGSmallTrain,HYDRA
16,0.1,top,linear_interpolation,0,0,0,0.8247770659266043,0.9182199491790639,-0.09344288325245964,-0.11329457839968185,0.0,InsectEPGSmallTrain,HYDRA
16,0.1,bottom,linear_interpolation,0,0,0,0.8247770659266043,0.8462296983039763,-0.02145263237737205,-0.026010187787027166,0.0,InsectEPGSmallTrain,HYDRA
16,0.1,random,linear_interpolation,0,0,0,0.8247770659266043,,-0.00653549510323379,-0.007923943874394174,0.0,InsectEPGSmallTrain,HYDRA
16,0.2,top,linear_interpolation,0,0,0,0.8247770659266043,0.8966751127351029,-0.07189804680849865,-0.08717259803426532,0.0,InsectEPGSmallTrain,HYDRA
16,0.2,bottom,linear_interpolation,0,0,0,0.8247770659266043,1.0195428831428717,-0.1947658172162674,-0.23614330358974325,0.0,InsectEPGSmallTrain,HYDRA
16,0.2,random,linear_interpolation,0,0,0,0.8247770659266043,,-0.1411694536560424,-0.17116053334595446,0.0,InsectEPGSmallTrain,HYDRA
17,0.05,top,linear_interpolation,0,0,0,0.9438952956717104,0.9588681528359364,-0.014972857164226028,-0.015862820134886543,0.0,InsectEPGSmallTrain,HYDRA
17,0.05,bottom,linear_interpolation,0,0,0,0.9438952956717104,0.9400188273588117,0.0038764683128986732,0.004106879464062352,0.0,InsectEPGSmallTrain,HYDRA
17,0.05,random,linear_interpolation,0,0,0,0.9438952956717104,,-0.011531226664101491,-0.012216624556085853,0.0,InsectEPGSmallTrain,HYDRA
17,0.1,top,linear_interpolation,0,0,0,0.9438952956717104,0.9732109398444786,-0.029315644172768218,-0.031058119739633214,0.0,InsectEPGSmallTrain,HYDRA
17,0.1,bottom,linear_interpolation,0,0,0,0.9438952956717104,0.9576697931575715,-0.013774497485861126,-0.014593231850813335,0.0,InsectEPGSmallTrain,HYDRA
17,0.1,random,linear_interpolation,0,0,0,0.9438952956717104,,-0.0012602954487968443,-0.0013352054188325562,0.0,InsectEPGSmallTrain,HYDRA
17,0.2,top,linear_interpolation,0,0,0,0.9438952956717104,0.9824037175063249,-0.03850842183461456,-0.04079730157984208,0.0,InsectEPGSmallTrain,HYDRA
17,0.2,bottom,linear_interpolation,0,0,0,0.9438952956717104,0.990995702050276,-0.04710040637856561,-0.049899980108564015,0.0,InsectEPGSmallTrain,HYDRA
17,0.2,random,linear_interpolation,0,0,0,0.9438952956717104,,-0.09209642395495883,-0.0975704898697793,0.0,InsectEPGSmallTrain,HYDRA
18,0.05,top,linear_interpolation,0,0,0,0.9422970601637277,0.9750450045738144,-0.03274794441008666,-0.03475327584182502,0.0,InsectEPGSmallTrain,HYDRA
18,0.05,bottom,linear_interpolation,0,0,0,0.9422970601637277,0.9403594410215703,0.0019376191421573985,0.0020562699044724022,0.0,InsectEPGSmallTrain,HYDRA
18,0.05,random,linear_interpolation,0,0,0,0.9422970601637277,,-0.005017676317731467,-0.00532493542102764,0.0,InsectEPGSmallTrain,HYDRA
18,0.1,top,linear_interpolation,0,0,0,0.9422970601637277,0.957467800075166,-0.015170739911438247,-0.016099725291594334,0.0,InsectEPGSmallTrain,HYDRA
18,0.1,bottom,linear_interpolation,0,0,0,0.9422970601637277,0.9412292897269727,0.001067770436754989,0.0011331557199316105,0.0,InsectEPGSmallTrain,HYDRA
18,0.1,random,linear_interpolation,0,0,0,0.9422970601637277,,-0.0032954113634094282,-0.003497206990786797,0.0,InsectEPGSmallTrain,HYDRA
18,0.2,top,linear_interpolation,0,0,0,0.9422970601637277,0.9700440926072782,-0.02774703244355048,-0.029446131342697798,0.0,InsectEPGSmallTrain,HYDRA
18,0.2,bottom,linear_interpolation,0,0,0,0.9422970601637277,1.0033501715057764,-0.061053111342048716,-0.06479171922675986,0.0,InsectEPGSmallTrain,HYDRA
18,0.2,random,linear_interpolation,0,0,0,0.9422970601637277,,-0.04145220989636918,-0.043990549963741514,0.0,InsectEPGSmallTrain,HYDRA
19,0.05,top,linear_interpolation,0,0,0,1.0192345796296074,1.0301557674864017,-0.010921187856794301,-0.010715077137282715,0.0,InsectEPGSmallTrain,HYDRA
19,0.05,bottom,linear_interpolation,0,0,0,1.0192345796296074,1.0338088061090416,-0.014574226479434182,-0.014299173587258886,0.0,InsectEPGSmallTrain,HYDRA
19,0.05,random,linear_interpolation,0,0,0,1.0192345796296074,,-0.014080992462460574,-0.013815248156444498,0.0,InsectEPGSmallTrain,HYDRA
19,0.1,top,linear_interpolation,0,0,0,1.0192345796296074,1.0564480895384705,-0.037213509908863074,-0.03651119589289314,0.0,InsectEPGSmallTrain,HYDRA
19,0.1,bottom,linear_interpolation,0,0,0,1.0192345796296074,1.0328700534420514,-0.01363547381244401,-0.013378137581695464,0.0,InsectEPGSmallTrain,HYDRA
19,0.1,random,linear_interpolation,0,0,0,1.0192345796296074,,-0.016174551501248892,-0.015869296386932217,0.0,InsectEPGSmallTrain,HYDRA
19,0.2,top,linear_interpolation,0,0,0,1.0192345796296074,1.0584599462689568,-0.03922536663934939,-0.038485083746393534,0.0,InsectEPGSmallTrain,HYDRA
19,0.2,bottom,linear_interpolation,0,0,0,1.0192345796296074,1.0996594746459394,-0.08042489501633199,-0.07890707175426372,0.0,InsectEPGSmallTrain,HYDRA
19,0.2,random,linear_interpolation,0,0,0,1.0192345796296074,,-0.07330639652675823,-0.07192291751961599,0.0,InsectEPGSmallTrain,HYDRA
20,0.05,top,linear_interpolation,0,0,0,0.9196208732896838,0.9385874865573332,-0.018966613267649368,-0.020624360749273766,0.0,InsectEPGSmallTrain,HYDRA
20,0.05,bottom,linear_interpolation,0,0,0,0.9196208732896838,0.9270693109905017,-0.007448437700817934,-0.00809945687152186,0.0,InsectEPGSmallTrain,HYDRA
20,0.05,random,linear_interpolation,0,0,0,0.9196208732896838,,-0.02522224556386754,-0.02742675690568579,0.0,InsectEPGSmallTrain,HYDRA
20,0.1,top,linear_interpolation,0,0,0,0.9196208732896838,1.0026527363167141,-0.08303186302703036,-0.09028913452222233,0.0,InsectEPGSmallTrain,HYDRA
20,0.1,bottom,linear_interpolation,0,0,0,0.9196208732896838,0.9448809014670512,-0.02526002817736739,-0.0274678418500496,0.0,InsectEPGSmallTrain,HYDRA
20,0.1,random,linear_interpolation,0,0,0,0.9196208732896838,,-0.03473376044477008,-0.03776961102558381,0.0,InsectEPGSmallTrain,HYDRA
20,0.2,top,linear_interpolation,0,0,0,0.9196208732896838,1.108030067839081,-0.1884091945493973,-0.20487680863376748,0.0,InsectEPGSmallTrain,HYDRA
20,0.2,bottom,linear_interpolation,0,0,0,0.9196208732896838,0.9799315678157396,-0.060310694526055864,-0.06558205744966857,0.0,InsectEPGSmallTrain,HYDRA
20,0.2,random,linear_interpolation,0,0,0,0.9196208732896838,,-0.0715230520095104,-0.07777441368772271,0.0,InsectEPGSmallTrain,HYDRA
21,0.05,top,linear_interpolation,0,0,0,1.0607698980718216,1.082203488427832,-0.021433590356010335,-0.020205673435206864,0.0,InsectEPGSmallTrain,HYDRA
21,0.05,bottom,linear_interpolation,0,0,0,1.0607698980718216,1.0617210171471447,-0.0009511190753230814,-0.0008966300612619974,0.0,InsectEPGSmallTrain,HYDRA
21,0.05,random,linear_interpolation,0,0,0,1.0607698980718216,,-0.006271421414726053,-0.005912135623371366,0.0,InsectEPGSmallTrain,HYDRA
21,0.1,top,linear_interpolation,0,0,0,1.0607698980718216,1.111591182202579,-0.05082128413075737,-0.04790976470332656,0.0,InsectEPGSmallTrain,HYDRA
21,0.1,bottom,linear_interpolation,0,0,0,1.0607698980718216,1.098467057615555,-0.03769715954373343,-0.03553751296557635,0.0,InsectEPGSmallTrain,HYDRA
21,0.1,random,linear_interpolation,0,0,0,1.0607698980718216,,-0.01798562074567047,-0.01695523583684582,0.0,InsectEPGSmallTrain,HYDRA
21,0.2,top,linear_interpolation,0,0,0,1.0607698980718216,1.2305538479739029,-0.16978394990208123,-0.1600571341188752,0.0,InsectEPGSmallTrain,HYDRA
21,0.2,bottom,linear_interpolation,0,0,0,1.0607698980718216,1.1412037483389121,-0.08043385026709049,-0.075825845536766,0.0,InsectEPGSmallTrain,HYDRA
21,0.2,random,linear_interpolation,0,0,0,1.0607698980718216,,-0.07544140583286771,-0.07111941510650285,0.0,InsectEPGSmallTrain,HYDRA
22,0.05,top,linear_interpolation,0,0,0,0.9584568060642704,1.0164049415799727,-0.057948135515702326,-0.060459766876599,0.0,InsectEPGSmallTrain,HYDRA
22,0.05,bottom,linear_interpolation,0,0,0,0.9584568060642704,0.9658592367337626,-0.007402430669492199,-0.00772327234715622,0.0,InsectEPGSmallTrain,HYDRA
22,0.05,random,linear_interpolation,0,0,0,0.9584568060642704,,-0.022167020245282165,-0.023127799789441884,0.0,InsectEPGSmallTrain,HYDRA
22,0.1,top,linear_interpolation,0,0,0,0.9584568060642704,1.0618047724684267,-0.10334796640415633,-0.1078273511366511,0.0,InsectEPGSmallTrain,HYDRA
22,0.1,bottom,linear_interpolation,0,0,0,0.9584568060642704,1.0096857586543837,-0.051228952590113286,-0.053449356107260995,0.0,InsectEPGSmallTrain,HYDRA
22,0.1,random,linear_interpolation,0,0,0,0.9584568060642704,,-0.03464191629590609,-0.03614339210002025,0.0,InsectEPGSmallTrain,HYDRA
22,0.2,top,linear_interpolation,0,0,0,0.9584568060642704,1.172361932430205,-0.21390512636593462,-0.22317636208139033,0.0,InsectEPGSmallTrain,HYDRA
22,0.2,bottom,linear_interpolation,0,0,0,0.9584568060642704,1.0404394688533143,-0.08198266278904387,-0.08553601657822632,0.0,InsectEPGSmallTrain,HYDRA
22,0.2,random,linear_interpolation,0,0,0,0.9584568060642704,,-0.0834429059597824,-0.08705955069887245,0.0,InsectEPGSmallTrain,HYDRA
23,0.05,top,linear_interpolation,0,0,0,0.8753075621157462,0.918639653906506,-0.04333209179075981,-0.04950493307870762,0.0,InsectEPGSmallTrain,HYDRA
23,0.05,bottom,linear_interpolation,0,0,0,0.8753075621157462,0.8923147524226109,-0.017007190306864706,-0.019429937102129893,0.0,InsectEPGSmallTrain,HYDRA
23,0.05,random,linear_interpolation,0,0,0,0.8753075621157462,,-0.009278380854628843,-0.010600125779875461,0.0,InsectEPGSmallTrain,HYDRA
23,0.1,top,linear_interpolation,0,0,0,0.8753075621157462,0.9661974069395924,-0.09088984482384621,-0.10383749086625227,0.0,InsectEPGSmallTrain,HYDRA
23,0.1,bottom,linear_interpolation,0,0,0,0.8753075621157462,0.8999724539266507,-0.024664891810904477,-0.028178510845690688,0.0,InsectEPGSmallTrain,HYDRA
23,0.1,random,linear_interpolation,0,0,0,0.8753075621157462,,-0.03455116013856725,-0.03947312026178762,0.0,InsectEPGSmallTrain,HYDRA
23,0.2,top,linear_interpolation,0,0,0,0.8753075621157462,0.9589728878965011,-0.08366532578075492,-0.09558380827273508,0.0,InsectEPGSmallTrain,HYDRA
23,0.2,bottom,linear_interpolation,0,0,0,0.8753075621157462,0.9185417930290662,-0.043234230913320015,-0.04939313150189766,0.0,InsectEPGSmallTrain,HYDRA
23,0.2,random,linear_interpolation,0,0,0,0.8753075621157462,,-0.06391140718274571,-0.0730158597195287,0.0,InsectEPGSmallTrain,HYDRA
24,0.05,top,linear_interpolation,0,0,0,0.6156966179931238,0.6487708265112302,-0.033074208518106385,-0.05371826616109429,0.0,InsectEPGSmallTrain,HYDRA
24,0.05,bottom,linear_interpolation,0,0,0,0.6156966179931238,0.6061351079652326,0.009561510027891185,0.015529555009579343,0.0,InsectEPGSmallTrain,HYDRA
24,0.05,random,linear_interpolation,0,0,0,0.6156966179931238,,-0.009291908236876135,-0.015091674817848505,0.0,InsectEPGSmallTrain,HYDRA
24,0.1,top,linear_interpolation,0,0,0,0.6156966179931238,0.7088509301184835,-0.09315431212535974,-0.15129880220910663,0.0,InsectEPGSmallTrain,HYDRA
24,0.1,bottom,linear_interpolation,0,0,0,0.6156966179931238,0.6082556434098361,0.0074409745832877405,0.01208543669137736,0.0,InsectEPGSmallTrain,HYDRA
24,0.1,random,linear_interpolation,0,0,0,0.6156966179931238,,-0.03332284125063882,-0.05412208895537903,0.0,InsectEPGSmallTrain,HYDRA
24,0.2,top,linear_interpolation,0,0,0,0.6156966179931238,0.8253084415928849,-0.20961182359976105,-0.34044605253305044,0.0,InsectEPGSmallTrain,HYDRA
24,0.2,bottom,linear_interpolation,0,0,0,0.6156966179931238,0.612190610334854,0.003506007658269805,0.005694366123581399,0.0,InsectEPGSmallTrain,HYDRA
24,0.2,random,linear_interpolation,0,0,0,0.6156966179931238,,-0.09324962941683324,-0.15145361406591418,0.0,InsectEPGSmallTrain,HYDRA
25,0.05,top,linear_interpolation,0,0,0,1.0246766574257553,1.052220168206627,-0.027543510780871694,-0.02688017112627188,0.0,InsectEPGSmallTrain,HYDRA
25,0.05,bottom,linear_interpolation,0,0,0,1.0246766574257553,1.035454950758262,-0.010778293332506683,-0.010518716060994667,0.0,InsectEPGSmallTrain,HYDRA
25,0.05,random,linear_interpolation,0,0,0,1.0246766574257553,,-0.016992036619512253,-0.016582811673868707,0.0,InsectEPGSmallTrain,HYDRA
25,0.1,top,linear_interpolation,0,0,0,1.0246766574257553,1.0998236868928997,-0.07514702946714436,-0.0733372382256605,0.0,InsectEPGSmallTrain,HYDRA
25,0.1,bottom,linear_interpolation,0,0,0,1.0246766574257553,1.0710595415983046,-0.04638288417254932,-0.04526582953811509,0.0,InsectEPGSmallTrain,HYDRA
25,0.1,random,linear_interpolation,0,0,0,1.0246766574257553,,-0.05115861567683333,-0.04992654549076094,0.0,InsectEPGSmallTrain,HYDRA
25,0.2,top,linear_interpolation,0,0,0,1.0246766574257553,1.2008817280834974,-0.17620507065774205,-0.1719614645452629,0.0,InsectEPGSmallTrain,HYDRA
25,0.2,bottom,linear_interpolation,0,0,0,1.0246766574257553,0.9978220150283081,0.02685464239744717,0.02620789299233156,0.0,InsectEPGSmallTrain,HYDRA
25,0.2,random,linear_interpolation,0,0,0,1.0246766574257553,,-0.09988449407646019,-0.09747894213619808,0.0,InsectEPGSmallTrain,HYDRA
26,0.05,top,linear_interpolation,0,0,0,0.9095809606716716,0.9484164542070672,-0.038835493535395615,-0.04269598036741839,0.0,InsectEPGSmallTrain,HYDRA
26,0.05,bottom,linear_interpolation,0,0,0,0.9095809606716716,0.9334707463623613,-0.02388978569068967,-0.026264577271352764,0.0,InsectEPGSmallTrain,HYDRA
26,0.05,random,linear_interpolation,0,0,0,0.9095809606716716,,-0.02737540703610102,-0.030096690809353698,0.0,InsectEPGSmallTrain,HYDRA
26,0.1,top,linear_interpolation,0,0,0,0.9095809606716716,0.9857842123233804,-0.07620325165170883,-0.08377832339093148,0.0,InsectEPGSmallTrain,HYDRA
26,0.1,bottom,linear_interpolation,0,0,0,0.9095809606716716,0.9482860063627032,-0.038705045691031614,-0.04255256520528426,0.0,InsectEPGSmallTrain,HYDRA
26,0.1,random,linear_interpolation,0,0,0,0.9095809606716716,,-0.039449104360012435,-0.04337058788070251,0.0,InsectEPGSmallTrain,HYDRA
26,0.2,top,linear_interpolation,0,0,0,0.9095809606716716,0.9751418718895357,-0.06556091121786412,-0.0720780688850198,0.0,InsectEPGSmallTrain,HYDRA
26,0.2,bottom,linear_interpolation,0,0,0,0.9095809606716716,0.9749415236813035,-0.06536056300963189,-0.07185780483307633,0.0,InsectEPGSmallTrain,HYDRA
26,0.2,random,linear_interpolation,0,0,0,0.9095809606716716,,-0.1027364610331201,-0.11294909692058472,0.0,InsectEPGSmallTrain,HYDRA
27,0.05,top,linear_interpolation,0,0,0,0.7949877427148864,0.79281510388309,0.002172638831796414,0.002732917732113857,0.0,InsectEPGSmallTrain,HYDRA
27,0.05,bottom,linear_interpolation,0,0,0,0.7949877427148864,0.797149743282056,-0.002162000567169642,-0.0027195360776888617,0.0,InsectEPGSmallTrain,HYDRA
27,0.05,random,linear_interpolation,0,0,0,0.7949877427148864,,-0.0002672523201518562,-0.0003361712006627788,0.0,InsectEPGSmallTrain,HYDRA
27,0.1,top,linear_interpolation,0,0,0,0.7949877427148864,0.8078810368809581,-0.012893294166071767,-0.016218209734695323,0.0,InsectEPGSmallTrain,HYDRA
27,0.1,bottom,linear_interpolation,0,0,0,0.7949877427148864,0.8964040354931304,-0.10141629277824404,-0.12756947026936183,0.0,InsectEPGSmallTrain,HYDRA
27,0.1,random,linear_interpolation,0,0,0,0.7949877427148864,,-0.008262725357495438,-0.010393512402802374,0.0,InsectEPGSmallTrain,HYDRA
27,0.2,top,linear_interpolation,0,0,0,0.7949877427148864,0.7904466876212219,0.004541055093664426,0.005712099869687115,0.0,InsectEPGSmallTrain,HYDRA
27,0.2,bottom,linear_interpolation,0,0,0,0.7949877427148864,0.8245320923373838,-0.029544349622497412,-0.037163230162987546,0.0,InsectEPGSmallTrain,HYDRA
27,0.2,random,linear_interpolation,0,0,0,0.7949877427148864,,-0.04929783390594493,-0.0620107320483468,0.0,InsectEPGSmallTrain,HYDRA
28,0.05,top,linear_interpolation,0,0,0,0.79183048530449,0.8419988756817687,-0.050168390377278715,-0.06335740786814889,0.0,InsectEPGSmallTrain,HYDRA
28,0.05,bottom,linear_interpolation,0,0,0,0.79183048530449,0.8138827782085596,-0.022052292904069626,-0.027849729788895248,0.0,InsectEPGSmallTrain,HYDRA
28,0.05,random,linear_interpolation,0,0,0,0.79183048530449,,-0.0276236394743103,-0.03488575534943263,0.0,InsectEPGSmallTrain,HYDRA
28,0.1,top,linear_interpolation,0,0,0,0.79183048530449,0.8530576162955743,-0.061227130991084344,-0.07732343576555324,0.0,InsectEPGSmallTrain,HYDRA
28,0.1,bottom,linear_interpolation,0,0,0,0.79183048530449,0.8210962026336452,-0.029265717329155283,-0.036959527212916364,0.0,InsectEPGSmallTrain,HYDRA
28,0.1,random,linear_interpolation,0,0,0,0.79183048530449,,-0.018774883986204794,-0.023710706551388423,0.0,InsectEPGSmallTrain,HYDRA
28,0.2,top,linear_interpolation,0,0,0,0.79183048530449,0.8396718148360818,-0.047841329531591814,-0.06041857443089038,0.0,InsectEPGSmallTrain,HYDRA
28,0.2,bottom,linear_interpolation,0,0,0,0.79183048530449,0.8608743090382993,-0.06904382373380935,-0.0871950977135739,0.0,InsectEPGSmallTrain,HYDRA
28,0.2,random,linear_interpolation,0,0,0,0.79183048530449,,-0.09896404909788323,-0.12498119983171381,0.0,InsectEPGSmallTrain,HYDRA
29,0.05,top,linear_interpolation,0,0,0,0.8535239215741668,0.9011025723515924,-0.047578650777425624,-0.05574371594173925,0.0,InsectEPGSmallTrain,HYDRA
29,0.05,bottom,linear_interpolation,0,0,0,0.8535239215741668,0.8592484201346962,-0.0057244985605293675,-0.00670689093643757,0.0,InsectEPGSmallTrain,HYDRA
29,0.05,random,linear_interpolation,0,0,0,0.8535239215741668,,-0.00674639750674606,-0.007904159956224352,0.0,InsectEPGSmallTrain,HYDRA
29,0.1,top,linear_interpolation,0,0,0,0.8535239215741668,0.9568507313111649,-0.10332680973699815,-0.1210589253169447,0.0,InsectEPGSmallTrain,HYDRA
29,0.1,bottom,linear_interpolation,0,0,0,0.8535239215741668,0.8734978335688679,-0.01997391199470111,-0.023401674034148848,0.0,InsectEPGSmallTrain,HYDRA
29,0.1,random,linear_interpolation,0,0,0,0.8535239215741668,,-0.017553607437863095,-0.020566016286306853,0.0,InsectEPGSmallTrain,HYDRA
29,0.2,top,linear_interpolation,0,0,0,0.8535239215741668,0.9148765992893979,-0.06135267771523112,-0.07188153053817994,0.0,InsectEPGSmallTrain,HYDRA
29,0.2,bottom,linear_interpolation,0,0,0,0.8535239215741668,0.9449119297249451,-0.0913880081507783,-0.107071282678226,0.0,InsectEPGSmallTrain,HYDRA
29,0.2,random,linear_interpolation,0,0,0,0.8535239215741668,,-0.09524328897137893,-0.11158817576845972,0.0,InsectEPGSmallTrain,HYDRA
30,0.05,top,linear_interpolation,0,0,0,1.021510562413686,1.046336917470153,-0.02482635505646691,-0.024303547771701947,0.0,InsectEPGSmallTrain,HYDRA
30,0.05,bottom,linear_interpolation,0,0,0,1.021510562413686,1.0507431533118534,-0.029232590898167432,-0.028616994632048018,0.0,InsectEPGSmallTrain,HYDRA
30,0.05,random,linear_interpolation,0,0,0,1.021510562413686,,-0.011058197358082644,-0.010825327646760752,0.0,InsectEPGSmallTrain,HYDRA
30,0.1,top,linear_interpolation,0,0,0,1.021510562413686,1.0880348356247798,-0.06652427321109378,-0.0651233678196519,0.0,InsectEPGSmallTrain,HYDRA
30,0.1,bottom,linear_interpolation,0,0,0,1.021510562413686,1.0392688320965728,-0.01775826968288685,-0.017384306097257086,0.0,InsectEPGSmallTrain,HYDRA
30,0.1,random,linear_interpolation,0,0,0,1.021510562413686,,-0.037108393737975434,-0.03632694440608543,0.0,InsectEPGSmallTrain,HYDRA
30,0.2,top,linear_interpolation,0,0,0,1.021510562413686,1.0714442428938524,-0.04993368048016644,-0.048882149079331305,0.0,InsectEPGSmallTrain,HYDRA
30,0.2,bottom,linear_interpolation,0,0,0,1.021510562413686,1.0716934311155297,-0.05018286870184374,-0.04912608975591896,0.0,InsectEPGSmallTrain,HYDRA
30,0.2,random,linear_interpolation,0,0,0,1.021510562413686,,-0.08177460433373729,-0.08005254893103274,0.0,InsectEPGSmallTrain,HYDRA
31,0.05,top,linear_interpolation,0,0,0,0.7886064556338124,0.8284514975150268,-0.039845041881214405,-0.05052582447269727,0.0,InsectEPGSmallTrain,HYDRA
31,0.05,bottom,linear_interpolation,0,0,0,0.7886064556338124,0.7720793633275904,0.016527092306221958,0.020957311762845248,0.0,InsectEPGSmallTrain,HYDRA
31,0.05,random,linear_interpolation,0,0,0,0.7886064556338124,,-0.011345368480060892,-0.014386585365138977,0.0,InsectEPGSmallTrain,HYDRA
31,0.1,top,linear_interpolation,0,0,0,0.7886064556338124,0.887110295167604,-0.0985038395337916,-0.124908582628886,0.0,InsectEPGSmallTrain,HYDRA
31,0.1,bottom,linear_interpolation,0,0,0,0.7886064556338124,0.7900005354614452,-0.0013940798276328437,-0.0017677740904851152,0.0,InsectEPGSmallTrain,HYDRA
31,0.1,random,linear_interpolation,0,0,0,0.7886064556338124,,-0.022192603275093602,-0.028141508321471758,0.0,InsectEPGSmallTrain,HYDRA
31,0.2,top,linear_interpolation,0,0,0,0.7886064556338124,0.9914441202672419,-0.20283766463342956,-0.257209925146354,0.0,InsectEPGSmallTrain,HYDRA
31,0.2,bottom,linear_interpolation,0,0,0,0.7886064556338124,0.8627357504821516,-0.07412929484833919,-0.09400024602704354,0.0,InsectEPGSmallTrain,HYDRA
31,0.2,random,linear_interpolation,0,0,0,0.7886064556338124,,-0.08509356073622709,-0.10790357119796246,0.0,InsectEPGSmallTrain,HYDRA
32,0.05,top,linear_interpolation,0,0,0,0.8584788436215891,0.8896095207735242,-0.03113067715193507,-0.03626256036554915,0.0,InsectEPGSmallTrain,HYDRA
32,0.05,bottom,linear_interpolation,0,0,0,0.8584788436215891,0.859931339968204,-0.0014524963466149288,-0.001691939953403469,0.0,InsectEPGSmallTrain,HYDRA
32,0.05,random,linear_interpolation,0,0,0,0.8584788436215891,,-0.005110692134048777,-0.005953188268799388,0.0,InsectEPGSmallTrain,HYDRA
32,0.1,top,linear_interpolation,0,0,0,0.8584788436215891,0.8751826989553511,-0.016703855333761952,-0.019457481102054707,0.0,InsectEPGSmallTrain,HYDRA
32,0.1,bottom,linear_interpolation,0,0,0,0.8584788436215891,0.8620911713572308,-0.003612327735641685,-0.004207818928401037,0.0,InsectEPGSmallTrain,HYDRA
32,0.1,random,linear_interpolation,0,0,0,0.8584788436215891,,0.0033858115830382564,0.003943961652908294,0.0,InsectEPGSmallTrain,HYDRA
32,0.2,top,linear_interpolation,0,0,0,0.8584788436215891,0.8617928183814434,-0.003313974759854288,-0.003860282549994337,0.0,InsectEPGSmallTrain,HYDRA
32,0.2,bottom,linear_interpolation,0,0,0,0.8584788436215891,0.8863946539462066,-0.02791581032461754,-0.032517723662388746,0.0,InsectEPGSmallTrain,HYDRA
32,0.2,random,linear_interpolation,0,0,0,0.8584788436215891,,-0.08331839923420659,-0.09705341348810126,0.0,InsectEPGSmallTrain,HYDRA
33,0.05,top,linear_interpolation,0,0,0,0.7679419430203767,0.7876946296038234,-0.019752686583446755,-0.0257215549188563,0.0,InsectEPGSmallTrain,HYDRA
33,0.05,bottom,linear_interpolation,0,0,0,0.7679419430203767,0.7738457638703187,-0.00590382084994201,-0.007687837883791006,0.0,InsectEPGSmallTrain,HYDRA
33,0.05,random,linear_interpolation,0,0,0,0.7679419430203767,,-0.006557443450293299,-0.008538972211271824,0.0,InsectEPGSmallTrain,HYDRA
33,0.1,top,linear_interpolation,0,0,0,0.7679419430203767,0.7856896978969372,-0.01774775487656055,-0.02311077279616284,0.0,InsectEPGSmallTrain,HYDRA
33,0.1,bottom,linear_interpolation,0,0,0,0.7679419430203767,0.7588387135412793,0.009103229479097363,0.011854044056051463,0.0,InsectEPGSmallTrain,HYDRA
33,0.1,random,linear_interpolation,0,0,0,0.7679419430203767,,-0.02375133925135988,-0.0309285207543468,0.0,InsectEPGSmallTrain,HYDRA
33,0.2,top,linear_interpolation,0,0,0,0.7679419430203767,0.782226388730155,-0.014284445709778382,-0.01860092060172673,0.0,InsectEPGSmallTrain,HYDRA
33,0.2,bottom,linear_interpolation,0,0,0,0.7679419430203767,0.7835875407463264,-0.015645597725949756,-0.020373385637759044,0.0,InsectEPGSmallTrain,HYDRA
33,0.2,random,linear_interpolation,0,0,0,0.7679419430203767,,-0.08273631626365244,-0.107737582610297,0.0,InsectEPGSmallTrain,HYDRA
34,0.05,top,linear_interpolation,0,0,0,0.932312151071701,0.9765270672810504,-0.044214916209349475,-0.04742496248017535,0.0,InsectEPGSmallTrain,HYDRA
34,0.05,bottom,linear_interpolation,0,0,0,0.932312151071701,0.9150691090473762,0.017243042024324806,0.018494903782601158,0.0,InsectEPGSmallTrain,HYDRA
34,0.05,random,linear_interpolation,0,0,0,0.932312151071701,,-0.02176376484906677,-0.023343835517121214,0.0,InsectEPGSmallTrain,HYDRA
34,0.1,top,linear_interpolation,0,0,0,0.932312151071701,1.0203565931164558,-0.08804444204475481,-0.09443655486737161,0.0,InsectEPGSmallTrain,HYDRA
34,0.1,bottom,linear_interpolation,0,0,0,0.932312151071701,1.0171399923020188,-0.08482784123031784,-0.09098642567983471,0.0,InsectEPGSmallTrain,HYDRA
34,0.1,random,linear_interpolation,0,0,0,0.932312151071701,,-0.06545863022689771,-0.07021099096548464,0.0,InsectEPGSmallTrain,HYDRA
34,0.2,top,linear_interpolation,0,0,0,0.932312151071701,1.134480942364621,-0.20216879129291998,-0.21684644377323803,0.0,InsectEPGSmallTrain,HYDRA
34,0.2,bottom,linear_interpolation,0,0,0,0.932312151071701,1.0676125608973472,-0.13530040982564628,-0.1451233522450235,0.0,InsectEPGSmallTrain,HYDRA
34,0.2,random,linear_interpolation,0,0,0,0.932312151071701,,-0.04713682624351447,-0.05055900604783955,0.0,InsectEPGSmallTrain,HYDRA
35,0.05,top,linear_interpolation,0,0,0,0.8402556615320549,0.8298859615515441,0.010369699980510738,0.012341110109860337,0.0,InsectEPGSmallTrain,HYDRA
35,0.05,bottom,linear_interpolation,0,0,0,0.8402556615320549,0.882732376005402,-0.04247671447334711,-0.05055207107302019,0.0,InsectEPGSmallTrain,HYDRA
35,0.05,random,linear_interpolation,0,0,0,0.8402556615320549,,-0.01568603072378356,-0.01866814205933571,0.0,InsectEPGSmallTrain,HYDRA
35,0.1,top,linear_interpolation,0,0,0,0.8402556615320549,0.8344270556553128,0.0058286058767420545,0.0069366970160220495,0.0,InsectEPGSmallTrain,HYDRA
35,0.1,bottom,linear_interpolation,0,0,0,0.8402556615320549,0.8952139655495377,-0.054958304017482806,-0.06540656746151391,0.0,InsectEPGSmallTrain,HYDRA
35,0.1,random,linear_interpolation,0,0,0,0.8402556615320549,,-0.024925566405961375,-0.029664229451646533,0.0,InsectEPGSmallTrain,HYDRA
35,0.2,top,linear_interpolation,0,0,0,0.8402556615320549,0.8762357272188004,-0.0359800656867455,-0.042820327804533445,0.0,InsectEPGSmallTrain,HYDRA
35,0.2,bottom,linear_interpolation,0,0,0,0.8402556615320549,0.8969780473139448,-0.05672238578188993,-0.0675060233125281,0.0,InsectEPGSmallTrain,HYDRA
35,0.2,random,linear_interpolation,0,0,0,0.8402556615320549,,-0.04844755241901546,-0.05765804025960375,0.0,InsectEPGSmallTrain,HYDRA
36,0.05,top,linear_interpolation,0,0,0,0.8902977584793603,0.9298409422722467,-0.03954318379288635,-0.0444156339838399,0.0,InsectEPGSmallTrain,HYDRA
36,0.05,bottom,linear_interpolation,0,0,0,0.8902977584793603,0.9100461963969662,-0.019748437917605832,-0.022181810015478816,0.0,InsectEPGSmallTrain,HYDRA
36,0.05,random,linear_interpolation,0,0,0,0.8902977584793603,,-0.01520259103709889,-0.017075830885202037,0.0,InsectEPGSmallTrain,HYDRA
36,0.1,top,linear_interpolation,0,0,0,0.8902977584793603,0.9230314395856758,-0.03273368110631547,-0.03676707486622237,0.0,InsectEPGSmallTrain,HYDRA
36,0.1,bottom,linear_interpolation,0,0,0,0.8902977584793603,0.9267105688783412,-0.03641281039898092,-0.040899540802656384,0.0,InsectEPGSmallTrain,HYDRA
36,0.1,random,linear_interpolation,0,0,0,0.8902977584793603,,-0.03594545302695114,-0.04037459637520595,0.0,InsectEPGSmallTrain,HYDRA
36,0.2,top,linear_interpolation,0,0,0,0.8902977584793603,0.9504245536957154,-0.06012679521635511,-0.06753552629799497,0.0,InsectEPGSmallTrain,HYDRA
36,0.2,bottom,linear_interpolation,0,0,0,0.8902977584793603,1.0007411976091731,-0.1104434391298128,-0.12405210956202091,0.0,InsectEPGSmallTrain,HYDRA
36,0.2,random,linear_interpolation,0,0,0,0.8902977584793603,,-0.10999708731284526,-0.12355075896176856,0.0,InsectEPGSmallTrain,HYDRA
37,0.05,top,linear_interpolation,0,0,0,0.3827780541514206,0.4231790567674811,-0.0404010026160605,-0.10554653442473523,0.0,InsectEPGSmallTrain,HYDRA
37,0.05,bottom,linear_interpolation,0,0,0,0.3827780541514206,0.38666560577790293,-0.003887551626482355,-0.010156124229682926,0.0,InsectEPGSmallTrain,HYDRA
37,0.05,random,linear_interpolation,0,0,0,0.3827780541514206,,0.0012719958799829235,0.0033230550788699758,0.0,InsectEPGSmallTrain,HYDRA
37,0.1,top,linear_interpolation,0,0,0,0.3827780541514206,0.5170130452645443,-0.1342349911131237,-0.3506853095990533,0.0,InsectEPGSmallTrain,HYDRA
37,0.1,bottom,linear_interpolation,0,0,0,0.3827780541514206,0.38741412411611814,-0.0046360699646975645,-0.012111608287907045,0.0,InsectEPGSmallTrain,HYDRA
37,0.1,random,linear_interpolation,0,0,0,0.3827780541514206,,-0.025860248654095575,-0.06755920516974193,0.0,InsectEPGSmallTrain,HYDRA
37,0.2,top,linear_interpolation,0,0,0,0.3827780541514206,0.6011765739251138,-0.21839851977369323,-0.5705602681365598,0.0,InsectEPGSmallTrain,HYDRA
37,0.2,bottom,linear_interpolation,0,0,0,0.3827780541514206,0.38725209193524907,-0.004474037783828488,-0.011688303566523364,0.0,InsectEPGSmallTrain,HYDRA
37,0.2,random,linear_interpolation,0,0,0,0.3827780541514206,,-0.1630304480561874,-0.42591266760300706,0.0,InsectEPGSmallTrain,HYDRA
38,0.05,top,linear_interpolation,0,0,0,0.7240360082619963,0.7565203948662313,-0.03248438660423503,-0.04486564392918489,0.0,InsectEPGSmallTrain,HYDRA
38,0.05,bottom,linear_interpolation,0,0,0,0.7240360082619963,0.7240556612787341,-1.965301673778619e-05,-2.7143663256885135e-05,0.0,InsectEPGSmallTrain,HYDRA
38,0.05,random,linear_interpolation,0,0,0,0.7240360082619963,,-0.006560578598514111,-0.009061109478730034,0.0,InsectEPGSmallTrain,HYDRA
38,0.1,top,linear_interpolation,0,0,0,0.7240360082619963,0.798041527091474,-0.0740055188294777,-0.1022123427186728,0.0,InsectEPGSmallTrain,HYDRA
38,0.1,bottom,linear_interpolation,0,0,0,0.7240360082619963,0.717223179261923,0.006812829000073295,0.009409503826920459,0.0,InsectEPGSmallTrain,HYDRA
38,0.1,random,linear_interpolation,0,0,0,0.7240360082619963,,-0.02047671804447111,-0.028281314091422115,0.0,InsectEPGSmallTrain,HYDRA
38,0.2,top,linear_interpolation,0,0,0,0.7240360082619963,0.937026598369691,-0.21299059010769472,-0.29417086098812095,0.0,InsectEPGSmallTrain,HYDRA
38,0.2,bottom,linear_interpolation,0,0,0,0.7240360082619963,0.7489236838172044,-0.0248876755552081,-0.03437348543128941,0.0,InsectEPGSmallTrain,HYDRA
38,0.2,random,linear_interpolation,0,0,0,0.7240360082619963,,-0.10835486255893252,-0.14965376261502336,0.0,InsectEPGSmallTrain,HYDRA
39,0.05,top,linear_interpolation,0,0,0,0.9029711610298417,0.9132876499136886,-0.010316488883846953,-0.011425035376595637,0.0,InsectEPGSmallTrain,HYDRA
39,0.05,bottom,linear_interpolation,0,0,0,0.9029711610298417,0.8850008167685051,0.01797034426133659,0.019901327014158858,0.0,InsectEPGSmallTrain,HYDRA
39,0.05,random,linear_interpolation,0,0,0,0.9029711610298417,,-0.031593412225177975,-0.034988246137229326,0.0,InsectEPGSmallTrain,HYDRA
39,0.1,top,linear_interpolation,0,0,0,0.9029711610298417,0.8856358285107055,0.017335332519136104,0.019198080812774028,0.0,InsectEPGSmallTrain,HYDRA
39,0.1,bottom,linear_interpolation,0,0,0,0.9029711610298417,0.9156985762421488,-0.012727415212307136,-0.014095025031327093,0.0,InsectEPGSmallTrain,HYDRA
39,0.1,random,linear_interpolation,0,0,0,0.9029711610298417,,-0.02264915559125935,-0.025082894654723287,0.0,InsectEPGSmallTrain,HYDRA
39,0.2,top,linear_interpolation,0,0,0,0.9029711610298417,0.9020037581171145,0.0009674029127271222,0.0010713540842984541,0.0,InsectEPGSmallTrain,HYDRA
39,0.2,bottom,linear_interpolation,0,0,0,0.9029711610298417,0.9774607607890369,-0.07448959975919522,-0.08249379435379234,0.0,InsectEPGSmallTrain,HYDRA
39,0.2,random,linear_interpolation,0,0,0,0.9029711610298417,,-0.05692524322598236,-0.06304208001391648,0.0,InsectEPGSmallTrain,HYDRA
40,0.05,top,linear_interpolation,0,0,0,0.9999999539033906,1.0158121053947862,-0.015812151491395587,-0.015812136408145057,0.0,InsectEPGSmallTrain,HYDRA
40,0.05,bottom,linear_interpolation,0,0,0,0.9999999539033906,1.0087389084989886,-0.008738954595598036,-0.00873894625948757,0.0,InsectEPGSmallTrain,HYDRA
40,0.05,random,linear_interpolation,0,0,0,0.9999999539033906,,-0.008967330434409648,-0.008967321880450902,0.0,InsectEPGSmallTrain,HYDRA
40,0.1,top,linear_interpolation,0,0,0,0.9999999539033906,1.0313229605217218,-0.031323006618331206,-0.03132297673923749,0.0,InsectEPGSmallTrain,HYDRA
40,0.1,bottom,linear_interpolation,0,0,0,0.9999999539033906,1.0161446436099733,-0.01614468970658267,-0.01614467430612311,0.0,InsectEPGSmallTrain,HYDRA
40,0.1,random,linear_interpolation,0,0,0,0.9999999539033906,,-0.02613605612830363,-0.026136031197054856,0.0,InsectEPGSmallTrain,HYDRA
40,0.2,top,linear_interpolation,0,0,0,0.9999999539033906,1.0718027347425376,-0.07180278083914704,-0.07180271234629629,0.0,InsectEPGSmallTrain,HYDRA
40,0.2,bottom,linear_interpolation,0,0,0,0.9999999539033906,1.0540117099209267,-0.05401175601753616,-0.05401170449558811,0.0,InsectEPGSmallTrain,HYDRA
40,0.2,random,linear_interpolation,0,0,0,0.9999999539033906,,-0.06896587464705464,-0.06896580886033574,0.0,InsectEPGSmallTrain,HYDRA
41,0.05,top,linear_interpolation,0,0,0,0.7469747580522978,0.7861425944899987,-0.03916783643770083,-0.05243521762985859,0.0,InsectEPGSmallTrain,HYDRA
41,0.05,bottom,linear_interpolation,0,0,0,0.7469747580522978,0.7512001606756542,-0.004225402623356356,-0.005656679721941556,0.0,InsectEPGSmallTrain,HYDRA
41,0.05,random,linear_interpolation,0,0,0,0.7469747580522978,,-0.011959040350468486,-0.01600994439451568,0.0,InsectEPGSmallTrain,HYDRA
41,0.1,top,linear_interpolation,0,0,0,0.7469747580522978,0.8464153193554222,-0.0994405613031244,-0.13312421485057388,0.0,InsectEPGSmallTrain,HYDRA
41,0.1,bottom,linear_interpolation,0,0,0,0.7469747580522978,0.7712816538743583,-0.02430689582206047,-0.032540407851306304,0.0,InsectEPGSmallTrain,HYDRA
41,0.1,random,linear_interpolation,0,0,0,0.7469747580522978,,-0.027491742046837953,-0.036804061912961275,0.0,InsectEPGSmallTrain,HYDRA
41,0.2,top,linear_interpolation,0,0,0,0.7469747580522978,0.8271400294346372,-0.08016527138233931,-0.10731977646954202,0.0,InsectEPGSmallTrain,HYDRA
41,0.2,bottom,linear_interpolation,0,0,0,0.7469747580522978,0.7904431261534917,-0.04346836810119381,-0.05819247496670497,0.0,InsectEPGSmallTrain,HYDRA
41,0.2,random,linear_interpolation,0,0,0,0.7469747580522978,,-0.137421906843383,-0.1839710397050954,0.0,InsectEPGSmallTrain,HYDRA
42,0.05,top,linear_interpolation,0,0,0,0.43327501030385224,0.45747335702266295,-0.024198346718810715,-0.05584972660231212,0.0,InsectEPGSmallTrain,HYDRA
42,0.05,bottom,linear_interpolation,0,0,0,0.43327501030385224,0.43751066073986783,-0.004235650436015592,-0.009775871119763063,0.0,InsectEPGSmallTrain,HYDRA
42,0.05,random,linear_interpolation,0,0,0,0.43327501030385224,,-0.006104358417973877,-0.014088844692077343,0.0,InsectEPGSmallTrain,HYDRA
42,0.1,top,linear_interpolation,0,0,0,0.43327501030385224,0.5369074423038347,-0.10363243199998246,-0.23918340627099582,0.0,InsectEPGSmallTrain,HYDRA
42,0.1,bottom,linear_interpolation,0,0,0,0.43327501030385224,0.4435663182033564,-0.010291307899504165,-0.023752314124862284,0.0,InsectEPGSmallTrain,HYDRA
42,0.1,random,linear_interpolation,0,0,0,0.43327501030385224,,-0.026857494557913475,-0.06198703348260286,0.0,InsectEPGSmallTrain,HYDRA
42,0.2,top,linear_interpolation,0,0,0,0.43327501030385224,0.6604955682664662,-0.22722055796261392,-0.5244245066863185,0.0,InsectEPGSmallTrain,HYDRA
42,0.2,bottom,linear_interpolation,0,0,0,0.43327501030385224,0.5150797351136069,-0.0818047248097547,-0.18880511005533368,0.0,InsectEPGSmallTrain,HYDRA
42,0.2,random,linear_interpolation,0,0,0,0.43327501030385224,,-0.024075374288248373,-0.055565906525414474,0.0,InsectEPGSmallTrain,HYDRA
43,0.05,top,linear_interpolation,0,0,0,0.8677603872110751,0.8905743668630695,-0.022813979651994387,-0.026290613973176353,0.0,InsectEPGSmallTrain,HYDRA
43,0.05,bottom,linear_interpolation,0,0,0,0.8677603872110751,0.8796048634246911,-0.011844476213616062,-0.013649462154202766,0.0,InsectEPGSmallTrain,HYDRA
43,0.05,random,linear_interpolation,0,0,0,0.8677603872110751,,-0.011768304869509017,-0.013561683019028459,0.0,InsectEPGSmallTrain,HYDRA
43,0.1,top,linear_interpolation,0,0,0,0.8677603872110751,0.9083994588328863,-0.04063907162181124,-0.04683208105447328,0.0,InsectEPGSmallTrain,HYDRA
43,0.1,bottom,linear_interpolation,0,0,0,0.8677603872110751,0.8639753308166986,0.0037850563943764293,0.004361863122927534,0.0,InsectEPGSmallTrain,HYDRA
43,0.1,random,linear_interpolation,0,0,0,0.8677603872110751,,-0.04080018070394544,-0.047017741634107955,0.0,InsectEPGSmallTrain,HYDRA
43,0.2,top,linear_interpolation,0,0,0,0.8677603872110751,0.9382899437879328,-0.07052955657685778,-0.0812775926842457,0.0,InsectEPGSmallTrain,HYDRA
43,0.2,bottom,linear_interpolation,0,0,0,0.8677603872110751,0.9316360903710514,-0.06387570315997637,-0.07360975505636227,0.0,InsectEPGSmallTrain,HYDRA
43,0.2,random,linear_interpolation,0,0,0,0.8677603872110751,,-0.07051100699227172,-0.0812562163187385,0.0,InsectEPGSmallTrain,HYDRA
44,0.05,top,linear_interpolation,0,0,0,0.8881314715681123,0.9052593173153578,-0.017127845747245463,-0.01928523761438881,0.0,InsectEPGSmallTrain,HYDRA
44,0.05,bottom,linear_interpolation,0,0,0,0.8881314715681123,0.8931427415414503,-0.005011269973338006,-0.005642480298563977,0.0,InsectEPGSmallTrain,HYDRA
44,0.05,random,linear_interpolation,0,0,0,0.8881314715681123,,-0.00400228441608812,-0.004506404781058811,0.0,InsectEPGSmallTrain,HYDRA
44,0.1,top,linear_interpolation,0,0,0,0.8881314715681123,0.8958270056173772,-0.007695534049264818,-0.008664849327800572,0.0,InsectEPGSmallTrain,HYDRA
44,0.1,bottom,linear_interpolation,0,0,0,0.8881314715681123,0.9173877578338945,-0.02925628626578214,-0.03294135413619816,0.0,InsectEPGSmallTrain,HYDRA
44,0.1,random,linear_interpolation,0,0,0,0.8881314715681123,,-0.03761647533543964,-0.04235457720515826,0.0,InsectEPGSmallTrain,HYDRA
44,0.2,top,linear_interpolation,0,0,0,0.8881314715681123,0.9624348882779437,-0.07430341670983132,-0.08366253806556476,0.0,InsectEPGSmallTrain,HYDRA
44,0.2,bottom,linear_interpolation,0,0,0,0.8881314715681123,0.9825582795309784,-0.09442680796286607,-0.10632063457396548,0.0,InsectEPGSmallTrain,HYDRA
44,0.2,random,linear_interpolation,0,0,0,0.8881314715681123,,-0.1418291177038665,-0.1596936518416548,0.0,InsectEPGSmallTrain,HYDRA
45,0.05,top,linear_interpolation,0,0,0,0.9082064517862163,0.9450891514318625,-0.036882699645646166,-0.04061043495415848,0.0,InsectEPGSmallTrain,HYDRA
45,0.05,bottom,linear_interpolation,0,0,0,0.9082064517862163,0.9326423245618378,-0.024435872775621537,-0.026905607003732797,0.0,InsectEPGSmallTrain,HYDRA
45,0.05,random,linear_interpolation,0,0,0,0.9082064517862163,,-0.015657275179163266,-0.01723975634462075,0.0,InsectEPGSmallTrain,HYDRA
45,0.1,top,linear_interpolation,0,0,0,0.9082064517862163,0.9920235647010618,-0.0838171129148455,-0.09228851046090655,0.0,InsectEPGSmallTrain,HYDRA
45,0.1,bottom,linear_interpolation,0,0,0,0.9082064517862163,0.9367614465764993,-0.028554994790283006,-0.03144104877594044,0.0,InsectEPGSmallTrain,HYDRA
45,0.1,random,linear_interpolation,0,0,0,0.9082064517862163,,-0.023731105743454783,-0.026129609151281076,0.0,InsectEPGSmallTrain,HYDRA
45,0.2,top,linear_interpolation,0,0,0,0.9082064517862163,1.1154880692574494,-0.20728161747123308,-0.2282315753560072,0.0,InsectEPGSmallTrain,HYDRA
45,0.2,bottom,linear_interpolation,0,0,0,0.9082064517862163,0.9785955719846233,-0.07038912019840704,-0.07750335020921628,0.0,InsectEPGSmallTrain,HYDRA
45,0.2,random,linear_interpolation,0,0,0,0.9082064517862163,,-0.06964087641355934,-0.07667948140768191,0.0,InsectEPGSmallTrain,HYDRA
46,0.05,top,linear_interpolation,0,0,0,0.629048476716997,0.6733688843761427,-0.04432040765914569,-0.07045615535752998,0.0,InsectEPGSmallTrain,HYDRA
46,0.05,bottom,linear_interpolation,0,0,0,0.629048476716997,0.6078167518295523,0.021231724887444736,0.033752074635294026,0.0,InsectEPGSmallTrain,HYDRA
46,0.05,random,linear_interpolation,0,0,0,0.629048476716997,,-0.0024915065095958864,-0.003960748083917079,0.0,InsectEPGSmallTrain,HYDRA
46,0.1,top,linear_interpolation,0,0,0,0.629048476716997,0.748662839862342,-0.11961436314534502,-0.19015096200319756,0.0,InsectEPGSmallTrain,HYDRA
46,0.1,bottom,linear_interpolation,0,0,0,0.629048476716997,0.6187866732974905,0.010261803419506554,0.01631318966047441,0.0,InsectEPGSmallTrain,HYDRA
46,0.1,random,linear_interpolation,0,0,0,0.629048476716997,,0.0031427468211317144,0.004996024855681748,0.0,InsectEPGSmallTrain,HYDRA
46,0.2,top,linear_interpolation,0,0,0,0.629048476716997,0.893605195356443,-0.26455671863944596,-0.42056583533009967,0.0,InsectEPGSmallTrain,HYDRA
46,0.2,bottom,linear_interpolation,0,0,0,0.629048476716997,0.5892504455474636,0.0397980311695334,0.06326693311508488,0.0,InsectEPGSmallTrain,HYDRA
46,0.2,random,linear_interpolation,0,0,0,0.629048476716997,,-0.01676127911950105,-0.026645406664954234,0.0,InsectEPGSmallTrain,HYDRA
47,0.05,top,linear_interpolation,0,0,0,0.6745456275961959,0.7098990956816142,-0.035353468085418394,-0.0524107106003976,0.0,InsectEPGSmallTrain,HYDRA
47,0.05,bottom,linear_interpolation,0,0,0,0.6745456275961959,0.6908248085889617,-0.016279180992765818,-0.024133514759058332,0.0,InsectEPGSmallTrain,HYDRA
47,0.05,random,linear_interpolation,0,0,0,0.6745456275961959,,-0.0208820859118779,-0.030957216384422503,0.0,InsectEPGSmallTrain,HYDRA
47,0.1,top,linear_interpolation,0,0,0,0.6745456275961959,0.7615369980871589,-0.08699137049096306,-0.12896272389792265,0.0,InsectEPGSmallTrain,HYDRA
47,0.1,bottom,linear_interpolation,0,0,0,0.6745456275961959,0.7085807462410316,-0.03403511864483577,-0.050456287604791386,0.0,InsectEPGSmallTrain,HYDRA
47,0.1,random,linear_interpolation,0,0,0,0.6745456275961959,,-0.031200221770576197,-0.046253617606481605,0.0,InsectEPGSmallTrain,HYDRA
47,0.2,top,linear_interpolation,0,0,0,0.6745456275961959,0.8400266363006357,-0.16548100870443982,-0.24532182348038034,0.0,InsectEPGSmallTrain,HYDRA
47,0.2,bottom,linear_interpolation,0,0,0,0.6745456275961959,0.7701241617989354,-0.09557853420273954,-0.14169299836742458,0.0,InsectEPGSmallTrain,HYDRA
47,0.2,random,linear_interpolation,0,0,0,0.6745456275961959,,-0.106358019733685,-0.15767333996272553,0.0,InsectEPGSmallTrain,HYDRA
48,0.05,top,linear_interpolation,0,0,0,0.8243883560345395,0.8630453936658353,-0.0386570376312958,-0.046891723368728426,0.0,InsectEPGSmallTrain,HYDRA
48,0.05,bottom,linear_interpolation,0,0,0,0.8243883560345395,0.8375981725178812,-0.01320981648334163,-0.01602375914565808,0.0,InsectEPGSmallTrain,HYDRA
48,0.05,random,linear_interpolation,0,0,0,0.8243883560345395,,-0.003545140264121205,-0.0043003227033085005,0.0,InsectEPGSmallTrain,HYDRA
48,0.1,top,linear_interpolation,0,0,0,0.8243883560345395,0.8735006864994894,-0.049112330464949894,-0.05957419283187861,0.0,InsectEPGSmallTrain,HYDRA
48,0.1,bottom,linear_interpolation,0,0,0,0.8243883560345395,0.866331195920049,-0.04194283988550951,-0.05087746412358122,0.0,InsectEPGSmallTrain,HYDRA
48,0.1,random,linear_interpolation,0,0,0,0.8243883560345395,,-0.02578134285264553,-0.031273260218519075,0.0,InsectEPGSmallTrain,HYDRA
48,0.2,top,linear_interpolation,0,0,0,0.8243883560345395,0.8784193706104741,-0.05403101457593462,-0.06554065039829417,0.0,InsectEPGSmallTrain,HYDRA
48,0.2,bottom,linear_interpolation,0,0,0,0.8243883560345395,0.9312186728302527,-0.1068303167957132,-0.12958721023471986,0.0,InsectEPGSmallTrain,HYDRA
48,0.2,random,linear_interpolation,0,0,0,0.8243883560345395,,-0.09580658544186668,-0.11621521401333165,0.0,InsectEPGSmallTrain,HYDRA
49,0.05,top,linear_interpolation,0,0,0,0.7849876108112899,0.818027571470215,-0.033039960658925116,-0.04208973251825672,0.0,InsectEPGSmallTrain,HYDRA
49,0.05,bottom,linear_interpolation,0,0,0,0.7849876108112899,0.8097328929391749,-0.02474528212788507,-0.031523109745898975,0.0,InsectEPGSmallTrain,HYDRA
49,0.05,random,linear_interpolation,0,0,0,0.7849876108112899,,-0.016144981240759648,-0.02056715348274126,0.0,InsectEPGSmallTrain,HYDRA
49,0.1,top,linear_interpolation,0,0,0,0.7849876108112899,0.8041123410596338,-0.019124730248343935,-0.024363067164220924,0.0,InsectEPGSmallTrain,HYDRA
49,0.1,bottom,linear_interpolation,0,0,0,0.7849876108112899,0.8140607278050773,-0.02907311699378745,-0.037036355169204595,0.0,InsectEPGSmallTrain,HYDRA
49,0.1,random,linear_interpolation,0,0,0,0.7849876108112899,,-0.04195301790085164,-0.053444110300521395,0.0,InsectEPGSmallTrain,HYDRA
49,0.2,top,linear_interpolation,0,0,0,0.7849876108112899,0.8662969963582554,-0.08130938554696554,-0.10358033788914703,0.0,InsectEPGSmallTrain,HYDRA
49,0.2,bottom,linear_interpolation,0,0,0,0.7849876108112899,0.8456169492070189,-0.06062933839572904,-0.07723594656114602,0.0,InsectEPGSmallTrain,HYDRA
49,0.2,random,linear_interpolation,0,0,0,0.7849876108112899,,-0.06953017656117658,-0.0885747584150511,0.0,InsectEPGSmallTrain,HYDRA
