true_label,pred_label,fraction,method_a,method_b,iou,overlap_fraction,normalised_centre_distance,score_drop_a,score_drop_b,flipped_a,flipped_b,explain_time_a_s,explain_time_b_s,dataset,sample_idx
5,5,0.05,hydra,shapley_sampling,0.0,0.0,0.2472,0.27806919512774864,0.35310259601949767,0,1,0.9129266780000762,1.277377289996366,EOGHorizontalSignal,261
5,5,0.1,hydra,shapley_sampling,0.0,0.0,0.2088,0.314849791956032,0.1433634979796503,1,1,0.9129266780000762,1.277377289996366,EOGHorizontalSignal,261
5,5,0.2,hydra,shapley_sampling,0.2106537530266344,0.348,0.1304,0.6233543397974401,0.10676832828004157,1,1,0.9129266780000762,1.277377289996366,EOGHorizontalSignal,261
5,5,0.05,hydra,feature_ablation,0.0,0.0,0.0544,0.27806919512774864,0.6326611709657244,0,1,0.9129266780000762,0.05282715199427912,EOGHorizontalSignal,261
5,5,0.1,hydra,feature_ablation,0.0,0.0,0.2952,0.314849791956032,0.1473493832921482,1,0,0.9129266780000762,0.05282715199427912,EOGHorizontalSignal,261
5,5,0.2,hydra,feature_ablation,0.0,0.0,0.2712,0.6233543397974401,0.2039268583393663,1,1,0.9129266780000762,0.05282715199427912,EOGHorizontalSignal,261
5,5,0.05,hydra,tshap_centroid,0.04201680672268908,0.08064516129032258,0.0456,0.27806919512774864,0.6059410236700316,0,1,0.9129266780000762,0.41864445000101114,EOGHorizontalSignal,261
5,5,0.1,hydra,tshap_centroid,0.32978723404255317,0.496,0.0504,0.314849791956032,0.5992946591560809,1,1,0.9129266780000762,0.41864445000101114,EOGHorizontalSignal,261
5,5,0.2,hydra,tshap_centroid,0.0,0.0,0.3056,0.6233543397974401,0.052126090773549016,1,1,0.9129266780000762,0.41864445000101114,EOGHorizontalSignal,261
5,5,0.05,hydra,tshap_zero,0.0,0.0,0.112,0.27806919512774864,0.11598930357962134,0,0,0.9129266780000762,0.4262602219969267,EOGHorizontalSignal,261
5,5,0.1,hydra,tshap_zero,0.03734439834024896,0.072,0.0928,0.314849791956032,0.05664588139229565,1,1,0.9129266780000762,0.4262602219969267,EOGHorizontalSignal,261
5,5,0.2,hydra,tshap_zero,0.8867924528301887,0.94,0.012,0.6233543397974401,0.5460516143731751,1,1,0.9129266780000762,0.4262602219969267,EOGHorizontalSignal,261
5,5,0.05,hydra,tshap_train,0.16981132075471697,0.2903225806451613,0.0352,0.27806919512774864,0.5943189135853122,0,1,0.9129266780000762,34.62843634500314,EOGHorizontalSignal,261
5,5,0.1,hydra,tshap_train,0.4124293785310734,0.584,0.0416,0.314849791956032,0.594604473497121,1,1,0.9129266780000762,34.62843634500314,EOGHorizontalSignal,261
5,5,0.2,hydra,tshap_train,0.6835016835016835,0.812,0.0376,0.6233543397974401,0.4844158213939802,1,1,0.9129266780000762,34.62843634500314,EOGHorizontalSignal,261
5,5,0.05,hydra,mrsqm,0.0,0.0,0.3064,0.27806919512774864,0.2533889220898846,0,1,0.9129266780000762,3.35730001097545e-05,EOGHorizontalSignal,261
5,5,0.1,hydra,mrsqm,0.0,0.0,0.2952,0.314849791956032,0.14734935635217195,1,0,0.9129266780000762,3.35730001097545e-05,EOGHorizontalSignal,261
5,5,0.2,hydra,mrsqm,0.0,0.0,0.2728,0.6233543397974401,0.2417696602326096,1,1,0.9129266780000762,3.35730001097545e-05,EOGHorizontalSignal,261
5,5,0.05,shapley_sampling,feature_ablation,0.0,0.0,0.3016,0.35310259601949767,0.6326611709657244,1,1,1.277377289996366,0.05282715199427912,EOGHorizontalSignal,261
5,5,0.1,shapley_sampling,feature_ablation,0.0,0.0,0.504,0.1433634979796503,0.1473493832921482,1,0,1.277377289996366,0.05282715199427912,EOGHorizontalSignal,261
5,5,0.2,shapley_sampling,feature_ablation,0.0,0.0,0.4016,0.10676832828004157,0.2039268583393663,1,1,1.277377289996366,0.05282715199427912,EOGHorizontalSignal,261
5,5,0.05,shapley_sampling,tshap_centroid,0.0,0.0,0.2928,0.35310259601949767,0.6059410236700316,1,1,1.277377289996366,0.41864445000101114,EOGHorizontalSignal,261
5,5,0.1,shapley_sampling,tshap_centroid,0.0,0.0,0.2592,0.1433634979796503,0.5992946591560809,1,1,1.277377289996366,0.41864445000101114,EOGHorizontalSignal,261
5,5,0.2,shapley_sampling,tshap_centroid,0.06609808102345416,0.124,0.1752,0.10676832828004157,0.052126090773549016,1,1,1.277377289996366,0.41864445000101114,EOGHorizontalSignal,261
5,5,0.05,shapley_sampling,tshap_zero,0.0,0.0,0.1352,0.35310259601949767,0.11598930357962134,1,0,1.277377289996366,0.4262602219969267,EOGHorizontalSignal,261
5,5,0.1,shapley_sampling,tshap_zero,0.0,0.0,0.116,0.1433634979796503,0.05664588139229565,1,1,1.277377289996366,0.4262602219969267,EOGHorizontalSignal,261
5,5,0.2,shapley_sampling,tshap_zero,0.2562814070351759,0.408,0.1184,0.10676832828004157,0.5460516143731751,1,1,1.277377289996366,0.4262602219969267,EOGHorizontalSignal,261
5,5,0.05,shapley_sampling,tshap_train,0.0,0.0,0.2824,0.35310259601949767,0.5943189135853122,1,1,1.277377289996366,34.62843634500314,EOGHorizontalSignal,261
5,5,0.1,shapley_sampling,tshap_train,0.0,0.0,0.2504,0.1433634979796503,0.594604473497121,1,1,1.277377289996366,34.62843634500314,EOGHorizontalSignal,261
5,5,0.2,shapley_sampling,tshap_train,0.08695652173913043,0.16,0.168,0.10676832828004157,0.4844158213939802,1,1,1.277377289996366,34.62843634500314,EOGHorizontalSignal,261
5,5,0.05,shapley_sampling,mrsqm,0.0,0.0,0.5536,0.35310259601949767,0.2533889220898846,1,1,1.277377289996366,3.35730001097545e-05,EOGHorizontalSignal,261
5,5,0.1,shapley_sampling,mrsqm,0.0,0.0,0.504,0.1433634979796503,0.14734935635217195,1,0,1.277377289996366,3.35730001097545e-05,EOGHorizontalSignal,261
5,5,0.2,shapley_sampling,mrsqm,0.0,0.0,0.4032,0.10676832828004157,0.2417696602326096,1,1,1.277377289996366,3.35730001097545e-05,EOGHorizontalSignal,261
5,5,0.05,feature_ablation,tshap_centroid,0.6986301369863014,0.8225806451612904,0.0088,0.6326611709657244,0.6059410236700316,1,1,0.05282715199427912,0.41864445000101114,EOGHorizontalSignal,261
5,5,0.1,feature_ablation,tshap_centroid,0.0,0.0,0.2448,0.1473493832921482,0.5992946591560809,0,1,0.05282715199427912,0.41864445000101114,EOGHorizontalSignal,261
5,5,0.2,feature_ablation,tshap_centroid,0.0,0.0,0.5768,0.2039268583393663,0.052126090773549016,1,1,0.05282715199427912,0.41864445000101114,EOGHorizontalSignal,261
5,5,0.05,feature_ablation,tshap_zero,0.0,0.0,0.1664,0.6326611709657244,0.11598930357962134,1,0,0.05282715199427912,0.4262602219969267,EOGHorizontalSignal,261
5,5,0.1,feature_ablation,tshap_zero,0.0,0.0,0.388,0.1473493832921482,0.05664588139229565,0,1,0.05282715199427912,0.4262602219969267,EOGHorizontalSignal,261
5,5,0.2,feature_ablation,tshap_zero,0.0,0.0,0.2832,0.2039268583393663,0.5460516143731751,1,1,0.05282715199427912,0.4262602219969267,EOGHorizontalSignal,261
5,5,0.05,feature_ablation,tshap_train,0.4418604651162791,0.6129032258064516,0.0192,0.6326611709657244,0.5943189135853122,1,1,0.05282715199427912,34.62843634500314,EOGHorizontalSignal,261
5,5,0.1,feature_ablation,tshap_train,0.0,0.0,0.2536,0.1473493832921482,0.594604473497121,0,1,0.05282715199427912,34.62843634500314,EOGHorizontalSignal,261
5,5,0.2,feature_ablation,tshap_train,0.0,0.0,0.2336,0.2039268583393663,0.4844158213939802,1,1,0.05282715199427912,34.62843634500314,EOGHorizontalSignal,261
5,5,0.05,feature_ablation,mrsqm,0.0,0.0,0.252,0.6326611709657244,0.2533889220898846,1,1,0.05282715199427912,3.35730001097545e-05,EOGHorizontalSignal,261
5,5,0.1,feature_ablation,mrsqm,1.0,1.0,0.0,0.1473493832921482,0.14734935635217195,0,0,0.05282715199427912,3.35730001097545e-05,EOGHorizontalSignal,261
5,5,0.2,feature_ablation,mrsqm,0.9841269841269841,0.992,0.0016,0.2039268583393663,0.2417696602326096,1,1,0.05282715199427912,3.35730001097545e-05,EOGHorizontalSignal,261
5,5,0.05,tshap_centroid,tshap_zero,0.0,0.0,0.1576,0.6059410236700316,0.11598930357962134,1,0,0.41864445000101114,0.4262602219969267,EOGHorizontalSignal,261
5,5,0.1,tshap_centroid,tshap_zero,0.0,0.0,0.1432,0.5992946591560809,0.05664588139229565,1,1,0.41864445000101114,0.4262602219969267,EOGHorizontalSignal,261
5,5,0.2,tshap_centroid,tshap_zero,0.0,0.0,0.2936,0.052126090773549016,0.5460516143731751,1,1,0.41864445000101114,0.4262602219969267,EOGHorizontalSignal,261
5,5,0.05,tshap_centroid,tshap_train,0.6533333333333333,0.7903225806451613,0.0104,0.6059410236700316,0.5943189135853122,1,1,0.41864445000101114,34.62843634500314,EOGHorizontalSignal,261
5,5,0.1,tshap_centroid,tshap_train,0.8382352941176471,0.912,0.0088,0.5992946591560809,0.594604473497121,1,1,0.41864445000101114,34.62843634500314,EOGHorizontalSignal,261
5,5,0.2,tshap_centroid,tshap_train,0.0,0.0,0.3432,0.052126090773549016,0.4844158213939802,1,1,0.41864445000101114,34.62843634500314,EOGHorizontalSignal,261
5,5,0.05,tshap_centroid,mrsqm,0.0,0.0,0.2608,0.6059410236700316,0.2533889220898846,1,1,0.41864445000101114,3.35730001097545e-05,EOGHorizontalSignal,261
5,5,0.1,tshap_centroid,mrsqm,0.0,0.0,0.2448,0.5992946591560809,0.14734935635217195,1,0,0.41864445000101114,3.35730001097545e-05,EOGHorizontalSignal,261
5,5,0.2,tshap_centroid,mrsqm,0.0,0.0,0.5784,0.052126090773549016,0.2417696602326096,1,1,0.41864445000101114,3.35730001097545e-05,EOGHorizontalSignal,261
5,5,0.05,tshap_zero,tshap_train,0.0,0.0,0.1472,0.11598930357962134,0.5943189135853122,0,1,0.4262602219969267,34.62843634500314,EOGHorizontalSignal,261
5,5,0.1,tshap_zero,tshap_train,0.0,0.0,0.1344,0.05664588139229565,0.594604473497121,1,1,0.4262602219969267,34.62843634500314,EOGHorizontalSignal,261
5,5,0.2,tshap_zero,tshap_train,0.6025641025641025,0.752,0.0496,0.5460516143731751,0.4844158213939802,1,1,0.4262602219969267,34.62843634500314,EOGHorizontalSignal,261
5,5,0.05,tshap_zero,mrsqm,0.0,0.0,0.4184,0.11598930357962134,0.2533889220898846,0,1,0.4262602219969267,3.35730001097545e-05,EOGHorizontalSignal,261
5,5,0.1,tshap_zero,mrsqm,0.0,0.0,0.388,0.05664588139229565,0.14734935635217195,1,0,0.4262602219969267,3.35730001097545e-05,EOGHorizontalSignal,261
5,5,0.2,tshap_zero,mrsqm,0.0,0.0,0.2848,0.5460516143731751,0.2417696602326096,1,1,0.4262602219969267,3.35730001097545e-05,EOGHorizontalSignal,261
5,5,0.05,tshap_train,mrsqm,0.0,0.0,0.2712,0.5943189135853122,0.2533889220898846,1,1,34.62843634500314,3.35730001097545e-05,EOGHorizontalSignal,261
5,5,0.1,tshap_train,mrsqm,0.0,0.0,0.2536,0.594604473497121,0.14734935635217195,1,0,34.62843634500314,3.35730001097545e-05,EOGHorizontalSignal,261
5,5,0.2,tshap_train,mrsqm,0.0,0.0,0.2352,0.4844158213939802,0.2417696602326096,1,1,34.62843634500314,3.35730001097545e-05,EOGHorizontalSignal,261
0,0,0.05,hydra,shapley_sampling,0.34782608695652173,0.5161290322580645,0.024,0.43839212246131165,0.572447697303479,1,1,0.8843452669971157,1.3024333080029464,EOGHorizontalSignal,242
0,0,0.1,hydra,shapley_sampling,0.6891891891891891,0.816,0.0184,1.0550705393082724,0.9678299434750058,1,1,0.8843452669971157,1.3024333080029464,EOGHorizontalSignal,242
0,0,0.2,hydra,shapley_sampling,0.4044943820224719,0.576,0.0848,1.4497627167340446,1.5610324473404928,1,1,0.8843452669971157,1.3024333080029464,EOGHorizontalSignal,242
0,0,0.05,hydra,feature_ablation,0.34782608695652173,0.5161290322580645,0.024,0.43839212246131165,0.5724476920469693,1,1,0.8843452669971157,0.05365797800186556,EOGHorizontalSignal,242
0,0,0.1,hydra,feature_ablation,0.6891891891891891,0.816,0.0184,1.0550705393082724,0.9678299281766317,1,1,0.8843452669971157,0.05365797800186556,EOGHorizontalSignal,242
0,0,0.2,hydra,feature_ablation,0.6949152542372882,0.82,0.036,1.4497627167340446,1.4229597273723773,1,1,0.8843452669971157,0.05365797800186556,EOGHorizontalSignal,242
0,0,0.05,hydra,tshap_centroid,0.2653061224489796,0.41935483870967744,0.0288,0.43839212246131165,0.2953053370660893,1,1,0.8843452669971157,0.4367960759991547,EOGHorizontalSignal,242
0,0,0.1,hydra,tshap_centroid,0.2755102040816326,0.432,0.0568,1.0550705393082724,1.0795466032238532,1,1,0.8843452669971157,0.4367960759991547,EOGHorizontalSignal,242
0,0,0.2,hydra,tshap_centroid,0.8115942028985508,0.896,0.0208,1.4497627167340446,1.681958012632326,1,1,0.8843452669971157,0.4367960759991547,EOGHorizontalSignal,242
0,0,0.05,hydra,tshap_zero,0.3626373626373626,0.532258064516129,0.0232,0.43839212246131165,0.6232080362608992,1,1,0.8843452669971157,0.43115306200343184,EOGHorizontalSignal,242
0,0,0.1,hydra,tshap_zero,0.366120218579235,0.536,0.0464,1.0550705393082724,1.0497998378636442,1,1,0.8843452669971157,0.43115306200343184,EOGHorizontalSignal,242
0,0,0.2,hydra,tshap_zero,0.9762845849802372,0.988,0.0024,1.4497627167340446,1.4324708730588875,1,1,0.8843452669971157,0.43115306200343184,EOGHorizontalSignal,242
0,0,0.05,hydra,tshap_train,0.0,0.0,0.0512,0.43839212246131165,-0.17245039446684918,1,1,0.8843452669971157,34.77649030999601,EOGHorizontalSignal,242
0,0,0.1,hydra,tshap_train,0.19617224880382775,0.328,0.0672,1.0550705393082724,0.9598771281720423,1,1,0.8843452669971157,34.77649030999601,EOGHorizontalSignal,242
0,0,0.2,hydra,tshap_train,0.7605633802816901,0.864,0.0272,1.4497627167340446,1.6308745361323254,1,1,0.8843452669971157,34.77649030999601,EOGHorizontalSignal,242
0,0,0.05,hydra,mrsqm,0.0,0.0,0.228,0.43839212246131165,-0.1964747053869118,1,0,0.8843452669971157,4.069599526701495e-05,EOGHorizontalSignal,242
0,0,0.1,hydra,mrsqm,0.0,0.0,0.184,1.0550705393082724,-0.12555144221562742,1,0,0.8843452669971157,4.069599526701495e-05,EOGHorizontalSignal,242
0,0,0.2,hydra,mrsqm,0.03305785123966942,0.064,0.1872,1.4497627167340446,0.47896784073099696,1,0,0.8843452669971157,4.069599526701495e-05,EOGHorizontalSignal,242
0,0,0.05,shapley_sampling,feature_ablation,1.0,1.0,0.0,0.572447697303479,0.5724476920469693,1,1,1.3024333080029464,0.05365797800186556,EOGHorizontalSignal,242
0,0,0.1,shapley_sampling,feature_ablation,1.0,1.0,0.0,0.9678299434750058,0.9678299281766317,1,1,1.3024333080029464,0.05365797800186556,EOGHorizontalSignal,242
0,0,0.2,shapley_sampling,feature_ablation,0.6077170418006431,0.756,0.0488,1.5610324473404928,1.4229597273723773,1,1,1.3024333080029464,0.05365797800186556,EOGHorizontalSignal,242
0,0,0.05,shapley_sampling,tshap_centroid,0.8235294117647058,0.9032258064516129,0.0048,0.572447697303479,0.2953053370660893,1,1,1.3024333080029464,0.4367960759991547,EOGHorizontalSignal,242
0,0,0.1,shapley_sampling,tshap_centroid,0.44508670520231214,0.616,0.0384,0.9678299434750058,1.0795466032238532,1,1,1.3024333080029464,0.4367960759991547,EOGHorizontalSignal,242
0,0,0.2,shapley_sampling,tshap_centroid,0.3089005235602094,0.472,0.1056,1.5610324473404928,1.681958012632326,1,1,1.3024333080029464,0.4367960759991547,EOGHorizontalSignal,242
0,0,0.05,shapley_sampling,tshap_zero,0.9682539682539683,0.9838709677419355,0.0008,0.572447697303479,0.6232080362608992,1,1,1.3024333080029464,0.43115306200343184,EOGHorizontalSignal,242
0,0,0.1,shapley_sampling,tshap_zero,0.5625,0.72,0.028,0.9678299434750058,1.0497998378636442,1,1,1.3024333080029464,0.43115306200343184,EOGHorizontalSignal,242
0,0,0.2,shapley_sampling,tshap_zero,0.4164305949008499,0.588,0.0824,1.5610324473404928,1.4324708730588875,1,1,1.3024333080029464,0.43115306200343184,EOGHorizontalSignal,242
0,0,0.05,shapley_sampling,tshap_train,0.2916666666666667,0.45161290322580644,0.0272,0.572447697303479,-0.17245039446684918,1,1,1.3024333080029464,34.77649030999601,EOGHorizontalSignal,242
0,0,0.1,shapley_sampling,tshap_train,0.34408602150537637,0.512,0.0488,0.9678299434750058,0.9598771281720423,1,1,1.3024333080029464,34.77649030999601,EOGHorizontalSignal,242
0,0,0.2,shapley_sampling,tshap_train,0.28205128205128205,0.44,0.112,1.5610324473404928,1.6308745361323254,1,1,1.3024333080029464,34.77649030999601,EOGHorizontalSignal,242
0,0,0.05,shapley_sampling,mrsqm,0.0,0.0,0.252,0.572447697303479,-0.1964747053869118,1,0,1.3024333080029464,4.069599526701495e-05,EOGHorizontalSignal,242
0,0,0.1,shapley_sampling,mrsqm,0.0,0.0,0.2024,0.9678299434750058,-0.12555144221562742,1,0,1.3024333080029464,4.069599526701495e-05,EOGHorizontalSignal,242
0,0,0.2,shapley_sampling,mrsqm,0.32275132275132273,0.488,0.1024,1.5610324473404928,0.47896784073099696,1,0,1.3024333080029464,4.069599526701495e-05,EOGHorizontalSignal,242
0,0,0.05,feature_ablation,tshap_centroid,0.8235294117647058,0.9032258064516129,0.0048,0.5724476920469693,0.2953053370660893,1,1,0.05365797800186556,0.4367960759991547,EOGHorizontalSignal,242
0,0,0.1,feature_ablation,tshap_centroid,0.44508670520231214,0.616,0.0384,0.9678299281766317,1.0795466032238532,1,1,0.05365797800186556,0.4367960759991547,EOGHorizontalSignal,242
0,0,0.2,feature_ablation,tshap_centroid,0.557632398753894,0.716,0.0568,1.4229597273723773,1.681958012632326,1,1,0.05365797800186556,0.4367960759991547,EOGHorizontalSignal,242
0,0,0.05,feature_ablation,tshap_zero,0.9682539682539683,0.9838709677419355,0.0008,0.5724476920469693,0.6232080362608992,1,1,0.05365797800186556,0.43115306200343184,EOGHorizontalSignal,242
0,0,0.1,feature_ablation,tshap_zero,0.5625,0.72,0.028,0.9678299281766317,1.0497998378636442,1,1,0.05365797800186556,0.43115306200343184,EOGHorizontalSignal,242
0,0,0.2,feature_ablation,tshap_zero,0.7123287671232876,0.832,0.0336,1.4229597273723773,1.4324708730588875,1,1,0.05365797800186556,0.43115306200343184,EOGHorizontalSignal,242
0,0,0.05,feature_ablation,tshap_train,0.2916666666666667,0.45161290322580644,0.0272,0.5724476920469693,-0.17245039446684918,1,1,0.05365797800186556,34.77649030999601,EOGHorizontalSignal,242
0,0,0.1,feature_ablation,tshap_train,0.34408602150537637,0.512,0.0488,0.9678299281766317,0.9598771281720423,1,1,0.05365797800186556,34.77649030999601,EOGHorizontalSignal,242
0,0,0.2,feature_ablation,tshap_train,0.5197568389057751,0.684,0.0632,1.4229597273723773,1.6308745361323254,1,1,0.05365797800186556,34.77649030999601,EOGHorizontalSignal,242
0,0,0.05,feature_ablation,mrsqm,0.0,0.0,0.252,0.5724476920469693,-0.1964747053869118,1,0,0.05365797800186556,4.069599526701495e-05,EOGHorizontalSignal,242
0,0,0.1,feature_ablation,mrsqm,0.0,0.0,0.2024,0.9678299281766317,-0.12555144221562742,1,0,0.05365797800186556,4.069599526701495e-05,EOGHorizontalSignal,242
0,0,0.2,feature_ablation,mrsqm,0.13895216400911162,0.244,0.1512,1.4229597273723773,0.47896784073099696,1,0,0.05365797800186556,4.069599526701495e-05,EOGHorizontalSignal,242
0,0,0.05,tshap_centroid,tshap_zero,0.7971014492753623,0.8870967741935484,0.0056,0.2953053370660893,0.6232080362608992,1,1,0.4367960759991547,0.43115306200343184,EOGHorizontalSignal,242
0,0,0.1,tshap_centroid,tshap_zero,0.8115942028985508,0.896,0.0104,1.0795466032238532,1.0497998378636442,1,1,0.4367960759991547,0.43115306200343184,EOGHorizontalSignal,242
0,0,0.2,tshap_centroid,tshap_zero,0.7921146953405018,0.884,0.0232,1.681958012632326,1.4324708730588875,1,1,0.4367960759991547,0.43115306200343184,EOGHorizontalSignal,242
0,0,0.05,tshap_centroid,tshap_train,0.37777777777777777,0.5483870967741935,0.0224,0.2953053370660893,-0.17245039446684918,1,1,0.4367960759991547,34.77649030999601,EOGHorizontalSignal,242
0,0,0.1,tshap_centroid,tshap_train,0.8115942028985508,0.896,0.0104,1.0795466032238532,0.9598771281720423,1,1,0.4367960759991547,34.77649030999601,EOGHorizontalSignal,242
0,0,0.2,tshap_centroid,tshap_train,0.937984496124031,0.968,0.0064,1.681958012632326,1.6308745361323254,1,1,0.4367960759991547,34.77649030999601,EOGHorizontalSignal,242
0,0,0.05,tshap_centroid,mrsqm,0.0,0.0,0.2568,0.2953053370660893,-0.1964747053869118,1,0,0.4367960759991547,4.069599526701495e-05,EOGHorizontalSignal,242
0,0,0.1,tshap_centroid,mrsqm,0.0,0.0,0.2408,1.0795466032238532,-0.12555144221562742,1,0,0.4367960759991547,4.069599526701495e-05,EOGHorizontalSignal,242
0,0,0.2,tshap_centroid,mrsqm,0.0,0.0,0.208,1.681958012632326,0.47896784073099696,1,0,0.4367960759991547,4.069599526701495e-05,EOGHorizontalSignal,242
0,0,0.05,tshap_zero,tshap_train,0.27835051546391754,0.43548387096774194,0.028,0.6232080362608992,-0.17245039446684918,1,1,0.43115306200343184,34.77649030999601,EOGHorizontalSignal,242
0,0,0.1,tshap_zero,tshap_train,0.6556291390728477,0.792,0.0208,1.0497998378636442,0.9598771281720423,1,1,0.43115306200343184,34.77649030999601,EOGHorizontalSignal,242
0,0,0.2,tshap_zero,tshap_train,0.7421602787456446,0.852,0.0296,1.4324708730588875,1.6308745361323254,1,1,0.43115306200343184,34.77649030999601,EOGHorizontalSignal,242
0,0,0.05,tshap_zero,mrsqm,0.0,0.0,0.2512,0.6232080362608992,-0.1964747053869118,1,0,0.43115306200343184,4.069599526701495e-05,EOGHorizontalSignal,242
0,0,0.1,tshap_zero,mrsqm,0.0,0.0,0.2304,1.0497998378636442,-0.12555144221562742,1,0,0.43115306200343184,4.069599526701495e-05,EOGHorizontalSignal,242
0,0,0.2,tshap_zero,mrsqm,0.0395010395010395,0.076,0.1848,1.4324708730588875,0.47896784073099696,1,0,0.43115306200343184,4.069599526701495e-05,EOGHorizontalSignal,242
0,0,0.05,tshap_train,mrsqm,0.0,0.0,0.2792,-0.17245039446684918,-0.1964747053869118,1,0,34.77649030999601,4.069599526701495e-05,EOGHorizontalSignal,242
0,0,0.1,tshap_train,mrsqm,0.0,0.0,0.2512,0.9598771281720423,-0.12555144221562742,1,0,34.77649030999601,4.069599526701495e-05,EOGHorizontalSignal,242
0,0,0.2,tshap_train,mrsqm,0.0,0.0,0.2144,1.6308745361323254,0.47896784073099696,1,0,34.77649030999601,4.069599526701495e-05,EOGHorizontalSignal,242
11,11,0.05,hydra,shapley_sampling,0.0,0.0,0.1256,-0.029042141201080618,-0.06932357684389201,0,0,0.9152026269948692,1.332886165000673,EOGHorizontalSignal,81
11,11,0.1,hydra,shapley_sampling,0.0,0.0,0.1192,-0.16105732232333425,-0.07716294484449393,0,0,0.9152026269948692,1.332886165000673,EOGHorizontalSignal,81
11,11,0.2,hydra,shapley_sampling,0.3157894736842105,0.48,0.104,-0.12291564573276226,-0.2984161511758143,0,0,0.9152026269948692,1.332886165000673,EOGHorizontalSignal,81
11,11,0.05,hydra,feature_ablation,0.0,0.0,0.176,-0.029042141201080618,0.03296328307707186,0,0,0.9152026269948692,0.05481884500477463,EOGHorizontalSignal,81
11,11,0.1,hydra,feature_ablation,0.0,0.0,0.1696,-0.16105732232333425,0.15364984343008548,0,0,0.9152026269948692,0.05481884500477463,EOGHorizontalSignal,81
11,11,0.2,hydra,feature_ablation,0.12359550561797752,0.22,0.156,-0.12291564573276226,0.04997147406172464,0,0,0.9152026269948692,0.05481884500477463,EOGHorizontalSignal,81
11,11,0.05,hydra,tshap_centroid,0.0,0.0,0.1032,-0.029042141201080618,-0.1635439165772401,0,0,0.9152026269948692,0.445181507995585,EOGHorizontalSignal,81
11,11,0.1,hydra,tshap_centroid,0.2376237623762376,0.384,0.0616,-0.16105732232333425,-0.19793155371473703,0,0,0.9152026269948692,0.445181507995585,EOGHorizontalSignal,81
11,11,0.2,hydra,tshap_centroid,0.5060240963855421,0.672,0.0656,-0.12291564573276226,-0.3794918910604277,0,0,0.9152026269948692,0.445181507995585,EOGHorizontalSignal,81
11,11,0.05,hydra,tshap_zero,0.0,0.0,0.1136,-0.029042141201080618,-0.1988563713681638,0,0,0.9152026269948692,0.4332171419955557,EOGHorizontalSignal,81
11,11,0.1,hydra,tshap_zero,0.059322033898305086,0.112,0.0888,-0.16105732232333425,-0.13482672594159417,0,0,0.9152026269948692,0.4332171419955557,EOGHorizontalSignal,81
11,11,0.2,hydra,tshap_zero,0.19331742243436753,0.324,0.1352,-0.12291564573276226,-0.09635247355793974,0,0,0.9152026269948692,0.4332171419955557,EOGHorizontalSignal,81
11,11,0.05,hydra,tshap_train,0.0,0.0,0.1048,-0.029042141201080618,-0.16606320778608086,0,0,0.9152026269948692,34.87640325499524,EOGHorizontalSignal,81
11,11,0.1,hydra,tshap_train,0.16279069767441862,0.28,0.072,-0.16105732232333425,-0.11942660791525195,0,0,0.9152026269948692,34.87640325499524,EOGHorizontalSignal,81
11,11,0.2,hydra,tshap_train,0.34048257372654156,0.508,0.0984,-0.12291564573276226,-0.392368252187971,0,0,0.9152026269948692,34.87640325499524,EOGHorizontalSignal,81
11,11,0.05,hydra,mrsqm,0.0,0.0,0.3776,-0.029042141201080618,0.23137919553803377,0,1,0.9152026269948692,3.483599721221253e-05,EOGHorizontalSignal,81
11,11,0.1,hydra,mrsqm,0.0,0.0,0.3216,-0.16105732232333425,0.4255994123496821,0,1,0.9152026269948692,3.483599721221253e-05,EOGHorizontalSignal,81
11,11,0.2,hydra,mrsqm,0.0,0.0,0.3072,-0.12291564573276226,0.7438168850430574,0,1,0.9152026269948692,3.483599721221253e-05,EOGHorizontalSignal,81
11,11,0.05,shapley_sampling,feature_ablation,0.0,0.0,0.0504,-0.06932357684389201,0.03296328307707186,0,0,1.332886165000673,0.05481884500477463,EOGHorizontalSignal,81
11,11,0.1,shapley_sampling,feature_ablation,0.32978723404255317,0.496,0.0504,-0.07716294484449393,0.15364984343008548,0,0,1.332886165000673,0.05481884500477463,EOGHorizontalSignal,81
11,11,0.2,shapley_sampling,feature_ablation,0.5873015873015873,0.74,0.052,-0.2984161511758143,0.04997147406172464,0,0,1.332886165000673,0.05481884500477463,EOGHorizontalSignal,81
11,11,0.05,shapley_sampling,tshap_centroid,0.37777777777777777,0.5483870967741935,0.0224,-0.06932357684389201,-0.1635439165772401,0,0,1.332886165000673,0.445181507995585,EOGHorizontalSignal,81
11,11,0.1,shapley_sampling,tshap_centroid,0.26903553299492383,0.424,0.0576,-0.07716294484449393,-0.19793155371473703,0,0,1.332886165000673,0.445181507995585,EOGHorizontalSignal,81
11,11,0.2,shapley_sampling,tshap_centroid,0.6778523489932886,0.808,0.0384,-0.2984161511758143,-0.3794918910604277,0,0,1.332886165000673,0.445181507995585,EOGHorizontalSignal,81
11,11,0.05,shapley_sampling,tshap_zero,0.6103896103896104,0.7580645161290323,0.012,-0.06932357684389201,-0.1988563713681638,0,0,1.332886165000673,0.4332171419955557,EOGHorizontalSignal,81
11,11,0.1,shapley_sampling,tshap_zero,0.5337423312883436,0.696,0.0304,-0.07716294484449393,-0.13482672594159417,0,0,1.332886165000673,0.4332171419955557,EOGHorizontalSignal,81
11,11,0.2,shapley_sampling,tshap_zero,0.7301038062283737,0.844,0.0312,-0.2984161511758143,-0.09635247355793974,0,0,1.332886165000673,0.4332171419955557,EOGHorizontalSignal,81
11,11,0.05,shapley_sampling,tshap_train,0.4090909090909091,0.5806451612903226,0.0208,-0.06932357684389201,-0.16606320778608086,0,0,1.332886165000673,34.87640325499524,EOGHorizontalSignal,81
11,11,0.1,shapley_sampling,tshap_train,0.358695652173913,0.528,0.0472,-0.07716294484449393,-0.11942660791525195,0,0,1.332886165000673,34.87640325499524,EOGHorizontalSignal,81
11,11,0.2,shapley_sampling,tshap_train,0.9455252918287937,0.972,0.0056,-0.2984161511758143,-0.392368252187971,0,0,1.332886165000673,34.87640325499524,EOGHorizontalSignal,81
11,11,0.05,shapley_sampling,mrsqm,0.0,0.0,0.252,-0.06932357684389201,0.23137919553803377,0,1,1.332886165000673,3.483599721221253e-05,EOGHorizontalSignal,81
11,11,0.1,shapley_sampling,mrsqm,0.0,0.0,0.2024,-0.07716294484449393,0.4255994123496821,0,1,1.332886165000673,3.483599721221253e-05,EOGHorizontalSignal,81
11,11,0.2,shapley_sampling,mrsqm,0.0,0.0,0.2032,-0.2984161511758143,0.7438168850430574,0,1,1.332886165000673,3.483599721221253e-05,EOGHorizontalSignal,81
11,11,0.05,feature_ablation,tshap_centroid,0.0,0.0,0.0728,0.03296328307707186,-0.1635439165772401,0,0,0.05481884500477463,0.445181507995585,EOGHorizontalSignal,81
11,11,0.1,feature_ablation,tshap_centroid,0.0,0.0,0.108,0.15364984343008548,-0.19793155371473703,0,0,0.05481884500477463,0.445181507995585,EOGHorizontalSignal,81
11,11,0.2,feature_ablation,tshap_centroid,0.3774104683195592,0.548,0.0904,0.04997147406172464,-0.3794918910604277,0,0,0.05481884500477463,0.445181507995585,EOGHorizontalSignal,81
11,11,0.05,feature_ablation,tshap_zero,0.0,0.0,0.0624,0.03296328307707186,-0.1988563713681638,0,0,0.05481884500477463,0.4332171419955557,EOGHorizontalSignal,81
11,11,0.1,feature_ablation,tshap_zero,0.10619469026548672,0.192,0.0808,0.15364984343008548,-0.13482672594159417,0,0,0.05481884500477463,0.4332171419955557,EOGHorizontalSignal,81
11,11,0.2,feature_ablation,tshap_zero,0.8115942028985508,0.896,0.0208,0.04997147406172464,-0.09635247355793974,0,0,0.05481884500477463,0.4332171419955557,EOGHorizontalSignal,81
11,11,0.05,feature_ablation,tshap_train,0.0,0.0,0.0712,0.03296328307707186,-0.16606320778608086,0,0,0.05481884500477463,34.87640325499524,EOGHorizontalSignal,81
11,11,0.1,feature_ablation,tshap_train,0.012145748987854251,0.024,0.0976,0.15364984343008548,-0.11942660791525195,0,0,0.05481884500477463,34.87640325499524,EOGHorizontalSignal,81
11,11,0.2,feature_ablation,tshap_train,0.5527950310559007,0.712,0.0576,0.04997147406172464,-0.392368252187971,0,0,0.05481884500477463,34.87640325499524,EOGHorizontalSignal,81
11,11,0.05,feature_ablation,mrsqm,0.0,0.0,0.2016,0.03296328307707186,0.23137919553803377,0,1,0.05481884500477463,3.483599721221253e-05,EOGHorizontalSignal,81
11,11,0.1,feature_ablation,mrsqm,0.0,0.0,0.152,0.15364984343008548,0.4255994123496821,0,1,0.05481884500477463,3.483599721221253e-05,EOGHorizontalSignal,81
11,11,0.2,feature_ablation,mrsqm,0.13895216400911162,0.244,0.1512,0.04997147406172464,0.7438168850430574,0,1,0.05481884500477463,3.483599721221253e-05,EOGHorizontalSignal,81
11,11,0.05,tshap_centroid,tshap_zero,0.6533333333333333,0.7903225806451613,0.0104,-0.1635439165772401,-0.1988563713681638,0,0,0.445181507995585,0.4332171419955557,EOGHorizontalSignal,81
11,11,0.1,tshap_centroid,tshap_zero,0.5723270440251572,0.728,0.0272,-0.19793155371473703,-0.13482672594159417,0,0,0.445181507995585,0.4332171419955557,EOGHorizontalSignal,81
11,11,0.2,tshap_centroid,tshap_zero,0.4836795252225519,0.652,0.0696,-0.3794918910604277,-0.09635247355793974,0,0,0.445181507995585,0.4332171419955557,EOGHorizontalSignal,81
11,11,0.05,tshap_centroid,tshap_train,0.9375,0.967741935483871,0.0016,-0.1635439165772401,-0.16606320778608086,0,0,0.445181507995585,34.87640325499524,EOGHorizontalSignal,81
11,11,0.1,tshap_centroid,tshap_train,0.8115942028985508,0.896,0.0104,-0.19793155371473703,-0.11942660791525195,0,0,0.445181507995585,34.87640325499524,EOGHorizontalSignal,81
11,11,0.2,tshap_centroid,tshap_train,0.718213058419244,0.836,0.0328,-0.3794918910604277,-0.392368252187971,0,0,0.445181507995585,34.87640325499524,EOGHorizontalSignal,81
11,11,0.05,tshap_centroid,mrsqm,0.0,0.0,0.2744,-0.1635439165772401,0.23137919553803377,0,1,0.445181507995585,3.483599721221253e-05,EOGHorizontalSignal,81
11,11,0.1,tshap_centroid,mrsqm,0.0,0.0,0.26,-0.19793155371473703,0.4255994123496821,0,1,0.445181507995585,3.483599721221253e-05,EOGHorizontalSignal,81
11,11,0.2,tshap_centroid,mrsqm,0.0,0.0,0.2416,-0.3794918910604277,0.7438168850430574,0,1,0.445181507995585,3.483599721221253e-05,EOGHorizontalSignal,81
11,11,0.05,tshap_zero,tshap_train,0.6986301369863014,0.8225806451612904,0.0088,-0.1988563713681638,-0.16606320778608086,0,0,0.4332171419955557,34.87640325499524,EOGHorizontalSignal,81
11,11,0.1,tshap_zero,tshap_train,0.7123287671232876,0.832,0.0168,-0.13482672594159417,-0.11942660791525195,0,0,0.4332171419955557,34.87640325499524,EOGHorizontalSignal,81
11,11,0.2,tshap_zero,tshap_train,0.6891891891891891,0.816,0.0368,-0.09635247355793974,-0.392368252187971,0,0,0.4332171419955557,34.87640325499524,EOGHorizontalSignal,81
11,11,0.05,tshap_zero,mrsqm,0.0,0.0,0.264,-0.1988563713681638,0.23137919553803377,0,1,0.4332171419955557,3.483599721221253e-05,EOGHorizontalSignal,81
11,11,0.1,tshap_zero,mrsqm,0.0,0.0,0.2328,-0.13482672594159417,0.4255994123496821,0,1,0.4332171419955557,3.483599721221253e-05,EOGHorizontalSignal,81
11,11,0.2,tshap_zero,mrsqm,0.07526881720430108,0.14,0.172,-0.09635247355793974,0.7438168850430574,0,1,0.4332171419955557,3.483599721221253e-05,EOGHorizontalSignal,81
11,11,0.05,tshap_train,mrsqm,0.0,0.0,0.2728,-0.16606320778608086,0.23137919553803377,0,1,34.87640325499524,3.483599721221253e-05,EOGHorizontalSignal,81
11,11,0.1,tshap_train,mrsqm,0.0,0.0,0.2496,-0.11942660791525195,0.4255994123496821,0,1,34.87640325499524,3.483599721221253e-05,EOGHorizontalSignal,81
11,11,0.2,tshap_train,mrsqm,0.0,0.0,0.2088,-0.392368252187971,0.7438168850430574,0,1,34.87640325499524,3.483599721221253e-05,EOGHorizontalSignal,81
11,11,0.05,hydra,shapley_sampling,0.0,0.0,0.1608,0.1694735314979422,0.021607737440774377,0,0,0.8935901689983439,1.3287178009995841,EOGHorizontalSignal,323
11,11,0.1,hydra,shapley_sampling,0.0,0.0,0.1112,0.11440691323443852,-0.4059425389034894,0,0,0.8935901689983439,1.3287178009995841,EOGHorizontalSignal,323
11,11,0.2,hydra,shapley_sampling,0.33689839572192515,0.504,0.0992,0.1497694723103591,-0.49679941362689517,1,0,0.8935901689983439,1.3287178009995841,EOGHorizontalSignal,323
11,11,0.05,hydra,feature_ablation,0.0,0.0,0.06,0.1694735314979422,0.08712541417799025,0,0,0.8935901689983439,0.0551509509969037,EOGHorizontalSignal,323
11,11,0.1,hydra,feature_ablation,0.25,0.4,0.06,0.11440691323443852,-0.26078781089863634,0,0,0.8935901689983439,0.0551509509969037,EOGHorizontalSignal,323
11,11,0.2,hydra,feature_ablation,0.0,0.0,0.3008,0.1497694723103591,0.8909242670168382,1,1,0.8935901689983439,0.0551509509969037,EOGHorizontalSignal,323
11,11,0.05,hydra,tshap_centroid,0.0,0.0,0.4648,0.1694735314979422,0.12483829369918276,0,0,0.8935901689983439,0.4448236249954789,EOGHorizontalSignal,323
11,11,0.1,hydra,tshap_centroid,0.0,0.0,0.4848,0.11440691323443852,0.21564055009684735,0,0,0.8935901689983439,0.4448236249954789,EOGHorizontalSignal,323
11,11,0.2,hydra,tshap_centroid,0.0,0.0,0.4032,0.1497694723103591,0.3674837881921008,1,1,0.8935901689983439,0.4448236249954789,EOGHorizontalSignal,323
11,11,0.05,hydra,tshap_zero,0.0,0.0,0.1136,0.1694735314979422,-0.4451402759842433,0,0,0.8935901689983439,0.43990152799960924,EOGHorizontalSignal,323
11,11,0.1,hydra,tshap_zero,0.04602510460251046,0.088,0.0912,0.11440691323443852,-0.3125421011787104,0,0,0.8935901689983439,0.43990152799960924,EOGHorizontalSignal,323
11,11,0.2,hydra,tshap_zero,0.20772946859903382,0.344,0.1312,0.1497694723103591,-0.5578581762578503,1,0,0.8935901689983439,0.43990152799960924,EOGHorizontalSignal,323
11,11,0.05,hydra,tshap_train,0.0,0.0,0.0744,0.1694735314979422,0.1147153053672002,0,0,0.8935901689983439,34.7004482899938,EOGHorizontalSignal,323
11,11,0.1,hydra,tshap_train,0.366120218579235,0.536,0.0464,0.11440691323443852,-0.46597586243822153,0,0,0.8935901689983439,34.7004482899938,EOGHorizontalSignal,323
11,11,0.2,hydra,tshap_train,0.5479876160990712,0.708,0.0584,0.1497694723103591,-0.49163075588709426,1,0,0.8935901689983439,34.7004482899938,EOGHorizontalSignal,323
11,11,0.05,hydra,mrsqm,0.0,0.0,0.3624,0.1694735314979422,0.28846248456646395,0,0,0.8935901689983439,4.118800279684365e-05,EOGHorizontalSignal,323
11,11,0.1,hydra,mrsqm,0.0,0.0,0.3128,0.11440691323443852,0.5184142428958703,0,1,0.8935901689983439,4.118800279684365e-05,EOGHorizontalSignal,323
11,11,0.2,hydra,mrsqm,0.0,0.0,0.3008,0.1497694723103591,0.8909242756132416,1,1,0.8935901689983439,4.118800279684365e-05,EOGHorizontalSignal,323
11,11,0.05,shapley_sampling,feature_ablation,0.0,0.0,0.1008,0.021607737440774377,0.08712541417799025,0,0,1.3287178009995841,0.0551509509969037,EOGHorizontalSignal,323
11,11,0.1,shapley_sampling,feature_ablation,0.32275132275132273,0.488,0.0512,-0.4059425389034894,-0.26078781089863634,0,0,1.3287178009995841,0.0551509509969037,EOGHorizontalSignal,323
11,11,0.2,shapley_sampling,feature_ablation,0.0,0.0,0.2016,-0.49679941362689517,0.8909242670168382,0,1,1.3287178009995841,0.0551509509969037,EOGHorizontalSignal,323
11,11,0.05,shapley_sampling,tshap_centroid,0.0,0.0,0.6256,0.021607737440774377,0.12483829369918276,0,0,1.3287178009995841,0.4448236249954789,EOGHorizontalSignal,323
11,11,0.1,shapley_sampling,tshap_centroid,0.0,0.0,0.596,-0.4059425389034894,0.21564055009684735,0,0,1.3287178009995841,0.4448236249954789,EOGHorizontalSignal,323
11,11,0.2,shapley_sampling,tshap_centroid,0.0,0.0,0.5024,-0.49679941362689517,0.3674837881921008,0,1,1.3287178009995841,0.4448236249954789,EOGHorizontalSignal,323
11,11,0.05,shapley_sampling,tshap_zero,0.024793388429752067,0.04838709677419355,0.0472,0.021607737440774377,-0.4451402759842433,0,0,1.3287178009995841,0.43990152799960924,EOGHorizontalSignal,323
11,11,0.1,shapley_sampling,tshap_zero,0.6666666666666666,0.8,0.02,-0.4059425389034894,-0.3125421011787104,0,0,1.3287178009995841,0.43990152799960924,EOGHorizontalSignal,323
11,11,0.2,shapley_sampling,tshap_zero,0.7241379310344828,0.84,0.032,-0.49679941362689517,-0.5578581762578503,0,0,1.3287178009995841,0.43990152799960924,EOGHorizontalSignal,323
11,11,0.05,shapley_sampling,tshap_train,0.0,0.0,0.0864,0.021607737440774377,0.1147153053672002,0,0,1.3287178009995841,34.7004482899938,EOGHorizontalSignal,323
11,11,0.1,shapley_sampling,tshap_train,0.21359223300970873,0.352,0.0648,-0.4059425389034894,-0.46597586243822153,0,0,1.3287178009995841,34.7004482899938,EOGHorizontalSignal,323
11,11,0.2,shapley_sampling,tshap_train,0.6611295681063123,0.796,0.0408,-0.49679941362689517,-0.49163075588709426,0,0,1.3287178009995841,34.7004482899938,EOGHorizontalSignal,323
11,11,0.05,shapley_sampling,mrsqm,0.0,0.0,0.2016,0.021607737440774377,0.28846248456646395,0,0,1.3287178009995841,4.118800279684365e-05,EOGHorizontalSignal,323
11,11,0.1,shapley_sampling,mrsqm,0.0,0.0,0.2016,-0.4059425389034894,0.5184142428958703,0,1,1.3287178009995841,4.118800279684365e-05,EOGHorizontalSignal,323
11,11,0.2,shapley_sampling,mrsqm,0.0,0.0,0.2016,-0.49679941362689517,0.8909242756132416,0,1,1.3287178009995841,4.118800279684365e-05,EOGHorizontalSignal,323
11,11,0.05,feature_ablation,tshap_centroid,0.0,0.0,0.5248,0.08712541417799025,0.12483829369918276,0,0,0.0551509509969037,0.4448236249954789,EOGHorizontalSignal,323
11,11,0.1,feature_ablation,tshap_centroid,0.0,0.0,0.5448,-0.26078781089863634,0.21564055009684735,0,0,0.0551509509969037,0.4448236249954789,EOGHorizontalSignal,323
11,11,0.2,feature_ablation,tshap_centroid,0.0,0.0,0.704,0.8909242670168382,0.3674837881921008,1,1,0.0551509509969037,0.4448236249954789,EOGHorizontalSignal,323
11,11,0.05,feature_ablation,tshap_zero,0.0,0.0,0.0536,0.08712541417799025,-0.4451402759842433,0,0,0.0551509509969037,0.43990152799960924,EOGHorizontalSignal,323
11,11,0.1,feature_ablation,tshap_zero,0.524390243902439,0.688,0.0312,-0.26078781089863634,-0.3125421011787104,0,0,0.0551509509969037,0.43990152799960924,EOGHorizontalSignal,323
11,11,0.2,feature_ablation,tshap_zero,0.08225108225108226,0.152,0.1696,0.8909242670168382,-0.5578581762578503,1,0,0.0551509509969037,0.43990152799960924,EOGHorizontalSignal,323
11,11,0.05,feature_ablation,tshap_train,0.55,0.7096774193548387,0.0144,0.08712541417799025,0.1147153053672002,0,0,0.0551509509969037,34.7004482899938,EOGHorizontalSignal,323
11,11,0.1,feature_ablation,tshap_train,0.7605633802816901,0.864,0.0136,-0.26078781089863634,-0.46597586243822153,0,0,0.0551509509969037,34.7004482899938,EOGHorizontalSignal,323
11,11,0.2,feature_ablation,tshap_train,0.0,0.0,0.2424,0.8909242670168382,-0.49163075588709426,1,0,0.0551509509969037,34.7004482899938,EOGHorizontalSignal,323
11,11,0.05,feature_ablation,mrsqm,0.0,0.0,0.3024,0.08712541417799025,0.28846248456646395,0,0,0.0551509509969037,4.118800279684365e-05,EOGHorizontalSignal,323
11,11,0.1,feature_ablation,mrsqm,0.0,0.0,0.2528,-0.26078781089863634,0.5184142428958703,0,1,0.0551509509969037,4.118800279684365e-05,EOGHorizontalSignal,323
11,11,0.2,feature_ablation,mrsqm,1.0,1.0,0.0,0.8909242670168382,0.8909242756132416,1,1,0.0551509509969037,4.118800279684365e-05,EOGHorizontalSignal,323
11,11,0.05,tshap_centroid,tshap_zero,0.0,0.0,0.5784,0.12483829369918276,-0.4451402759842433,0,0,0.4448236249954789,0.43990152799960924,EOGHorizontalSignal,323
11,11,0.1,tshap_centroid,tshap_zero,0.0,0.0,0.576,0.21564055009684735,-0.3125421011787104,0,0,0.4448236249954789,0.43990152799960924,EOGHorizontalSignal,323
11,11,0.2,tshap_centroid,tshap_zero,0.0,0.0,0.5344,0.3674837881921008,-0.5578581762578503,1,0,0.4448236249954789,0.43990152799960924,EOGHorizontalSignal,323
11,11,0.05,tshap_centroid,tshap_train,0.0,0.0,0.5392,0.12483829369918276,0.1147153053672002,0,0,0.4448236249954789,34.7004482899938,EOGHorizontalSignal,323
11,11,0.1,tshap_centroid,tshap_train,0.0,0.0,0.5312,0.21564055009684735,-0.46597586243822153,0,0,0.4448236249954789,34.7004482899938,EOGHorizontalSignal,323
11,11,0.2,tshap_centroid,tshap_train,0.0,0.0,0.4616,0.3674837881921008,-0.49163075588709426,1,0,0.4448236249954789,34.7004482899938,EOGHorizontalSignal,323
11,11,0.05,tshap_centroid,mrsqm,0.0,0.0,0.8272,0.12483829369918276,0.28846248456646395,0,0,0.4448236249954789,4.118800279684365e-05,EOGHorizontalSignal,323
11,11,0.1,tshap_centroid,mrsqm,0.0,0.0,0.7976,0.21564055009684735,0.5184142428958703,0,1,0.4448236249954789,4.118800279684365e-05,EOGHorizontalSignal,323
11,11,0.2,tshap_centroid,mrsqm,0.0,0.0,0.704,0.3674837881921008,0.8909242756132416,1,1,0.4448236249954789,4.118800279684365e-05,EOGHorizontalSignal,323
11,11,0.05,tshap_zero,tshap_train,0.11711711711711711,0.20967741935483872,0.0392,-0.4451402759842433,0.1147153053672002,0,0,0.43990152799960924,34.7004482899938,EOGHorizontalSignal,323
11,11,0.1,tshap_zero,tshap_train,0.3812154696132597,0.552,0.0448,-0.3125421011787104,-0.46597586243822153,0,0,0.43990152799960924,34.7004482899938,EOGHorizontalSignal,323
11,11,0.2,tshap_zero,tshap_train,0.4662756598240469,0.636,0.0728,-0.5578581762578503,-0.49163075588709426,0,0,0.43990152799960924,34.7004482899938,EOGHorizontalSignal,323
11,11,0.05,tshap_zero,mrsqm,0.0,0.0,0.2488,-0.4451402759842433,0.28846248456646395,0,0,0.43990152799960924,4.118800279684365e-05,EOGHorizontalSignal,323
11,11,0.1,tshap_zero,mrsqm,0.0,0.0,0.2216,-0.3125421011787104,0.5184142428958703,0,1,0.43990152799960924,4.118800279684365e-05,EOGHorizontalSignal,323
11,11,0.2,tshap_zero,mrsqm,0.08225108225108226,0.152,0.1696,-0.5578581762578503,0.8909242756132416,0,1,0.43990152799960924,4.118800279684365e-05,EOGHorizontalSignal,323
11,11,0.05,tshap_train,mrsqm,0.0,0.0,0.288,0.1147153053672002,0.28846248456646395,0,0,34.7004482899938,4.118800279684365e-05,EOGHorizontalSignal,323
11,11,0.1,tshap_train,mrsqm,0.0,0.0,0.2664,-0.46597586243822153,0.5184142428958703,0,1,34.7004482899938,4.118800279684365e-05,EOGHorizontalSignal,323
11,11,0.2,tshap_train,mrsqm,0.0,0.0,0.2424,-0.49163075588709426,0.8909242756132416,0,1,34.7004482899938,4.118800279684365e-05,EOGHorizontalSignal,323
8,8,0.05,hydra,shapley_sampling,0.0,0.0,0.0568,-0.07433345289240223,-0.04900769476676037,0,0,0.909959095006343,1.3261120899987873,EOGHorizontalSignal,301
8,8,0.1,hydra,shapley_sampling,0.05485232067510549,0.104,0.0896,0.36974267361102897,0.2723928851194628,0,1,0.909959095006343,1.3261120899987873,EOGHorizontalSignal,301
8,8,0.2,hydra,shapley_sampling,0.19331742243436753,0.324,0.1352,0.41400879417839265,0.4443782263751783,1,1,0.909959095006343,1.3261120899987873,EOGHorizontalSignal,301
8,8,0.05,hydra,feature_ablation,0.05982905982905983,0.11290322580645161,0.044,-0.07433345289240223,-0.149574777354456,0,0,0.909959095006343,0.0565496169947437,EOGHorizontalSignal,301
8,8,0.1,hydra,feature_ablation,0.7985611510791367,0.888,0.0112,0.36974267361102897,0.4864200176942681,0,1,0.909959095006343,0.0565496169947437,EOGHorizontalSignal,301
8,8,0.2,hydra,feature_ablation,0.6949152542372882,0.82,0.036,0.41400879417839265,0.3846988173209107,1,1,0.909959095006343,0.0565496169947437,EOGHorizontalSignal,301
8,8,0.05,hydra,tshap_centroid,0.0,0.0,0.0568,-0.07433345289240223,0.10332008492306277,0,0,0.909959095006343,0.43939105599565664,EOGHorizontalSignal,301
8,8,0.1,hydra,tshap_centroid,0.953125,0.976,0.0024,0.36974267361102897,0.3309854167013482,0,0,0.909959095006343,0.43939105599565664,EOGHorizontalSignal,301
8,8,0.2,hydra,tshap_centroid,0.5527950310559007,0.712,0.0576,0.41400879417839265,0.7259123791324799,1,1,0.909959095006343,0.43939105599565664,EOGHorizontalSignal,301
8,8,0.05,hydra,tshap_zero,0.0,0.0,0.2232,-0.07433345289240223,-0.11287417004770028,0,0,0.909959095006343,0.4432743350043893,EOGHorizontalSignal,301
8,8,0.1,hydra,tshap_zero,0.0,0.0,0.1816,0.36974267361102897,-0.2631881708678945,0,0,0.909959095006343,0.4432743350043893,EOGHorizontalSignal,301
8,8,0.2,hydra,tshap_zero,0.04384133611691023,0.084,0.1832,0.41400879417839265,-0.38444711514999197,1,1,0.909959095006343,0.4432743350043893,EOGHorizontalSignal,301
8,8,0.05,hydra,tshap_train,0.0,0.0,0.0872,-0.07433345289240223,0.1673776693493998,0,0,0.909959095006343,35.123033375995874,EOGHorizontalSignal,301
8,8,0.1,hydra,tshap_train,0.5432098765432098,0.704,0.0296,0.36974267361102897,0.812570315459623,0,1,0.909959095006343,35.123033375995874,EOGHorizontalSignal,301
8,8,0.2,hydra,tshap_train,0.8050541516245487,0.892,0.0216,0.41400879417839265,0.39546547101566354,1,1,0.909959095006343,35.123033375995874,EOGHorizontalSignal,301
8,8,0.05,hydra,mrsqm,0.0,0.0,0.3088,-0.07433345289240223,-0.03209566734747926,0,0,0.909959095006343,3.774100332520902e-05,EOGHorizontalSignal,301
8,8,0.1,hydra,mrsqm,0.0,0.0,0.3416,0.36974267361102897,-0.09187402218758134,0,0,0.909959095006343,3.774100332520902e-05,EOGHorizontalSignal,301
8,8,0.2,hydra,mrsqm,0.0,0.0,0.3384,0.41400879417839265,-0.1318328628246841,1,1,0.909959095006343,3.774100332520902e-05,EOGHorizontalSignal,301
8,8,0.05,shapley_sampling,feature_ablation,0.0,0.0,0.1008,-0.04900769476676037,-0.149574777354456,0,0,1.3261120899987873,0.0565496169947437,EOGHorizontalSignal,301
8,8,0.1,shapley_sampling,feature_ablation,0.0,0.0,0.1008,0.2723928851194628,0.4864200176942681,1,1,1.3261120899987873,0.0565496169947437,EOGHorizontalSignal,301
8,8,0.2,shapley_sampling,feature_ablation,0.33689839572192515,0.504,0.0992,0.4443782263751783,0.3846988173209107,1,1,1.3261120899987873,0.0565496169947437,EOGHorizontalSignal,301
8,8,0.05,shapley_sampling,tshap_centroid,0.0,0.0,0.1136,-0.04900769476676037,0.10332008492306277,0,0,1.3261120899987873,0.43939105599565664,EOGHorizontalSignal,301
8,8,0.1,shapley_sampling,tshap_centroid,0.06837606837606838,0.128,0.0872,0.2723928851194628,0.3309854167013482,1,0,1.3261120899987873,0.43939105599565664,EOGHorizontalSignal,301
8,8,0.2,shapley_sampling,tshap_centroid,0.4409221902017291,0.612,0.0776,0.4443782263751783,0.7259123791324799,1,1,1.3261120899987873,0.43939105599565664,EOGHorizontalSignal,301
8,8,0.05,shapley_sampling,tshap_zero,0.0,0.0,0.28,-0.04900769476676037,-0.11287417004770028,0,0,1.3261120899987873,0.4432743350043893,EOGHorizontalSignal,301
8,8,0.1,shapley_sampling,tshap_zero,0.0,0.0,0.2712,0.2723928851194628,-0.2631881708678945,1,0,1.3261120899987873,0.4432743350043893,EOGHorizontalSignal,301
8,8,0.2,shapley_sampling,tshap_zero,0.0,0.0,0.3184,0.4443782263751783,-0.38444711514999197,1,1,1.3261120899987873,0.4432743350043893,EOGHorizontalSignal,301
8,8,0.05,shapley_sampling,tshap_train,0.0,0.0,0.144,-0.04900769476676037,0.1673776693493998,0,0,1.3261120899987873,35.123033375995874,EOGHorizontalSignal,301
8,8,0.1,shapley_sampling,tshap_train,0.0,0.0,0.1192,0.2723928851194628,0.812570315459623,1,1,1.3261120899987873,35.123033375995874,EOGHorizontalSignal,301
8,8,0.2,shapley_sampling,tshap_train,0.2755102040816326,0.432,0.1136,0.4443782263751783,0.39546547101566354,1,1,1.3261120899987873,35.123033375995874,EOGHorizontalSignal,301
8,8,0.05,shapley_sampling,mrsqm,0.0,0.0,0.252,-0.04900769476676037,-0.03209566734747926,0,0,1.3261120899987873,3.774100332520902e-05,EOGHorizontalSignal,301
8,8,0.1,shapley_sampling,mrsqm,0.0,0.0,0.252,0.2723928851194628,-0.09187402218758134,1,0,1.3261120899987873,3.774100332520902e-05,EOGHorizontalSignal,301
8,8,0.2,shapley_sampling,mrsqm,0.0,0.0,0.2032,0.4443782263751783,-0.1318328628246841,1,1,1.3261120899987873,3.774100332520902e-05,EOGHorizontalSignal,301
8,8,0.05,feature_ablation,tshap_centroid,0.5897435897435898,0.7419354838709677,0.0128,-0.149574777354456,0.10332008492306277,0,0,0.0565496169947437,0.43939105599565664,EOGHorizontalSignal,301
8,8,0.1,feature_ablation,tshap_centroid,0.7605633802816901,0.864,0.0136,0.4864200176942681,0.3309854167013482,1,0,0.0565496169947437,0.43939105599565664,EOGHorizontalSignal,301
8,8,0.2,feature_ablation,tshap_centroid,0.8050541516245487,0.892,0.0216,0.3846988173209107,0.7259123791324799,1,1,0.0565496169947437,0.43939105599565664,EOGHorizontalSignal,301
8,8,0.05,feature_ablation,tshap_zero,0.0,0.0,0.1792,-0.149574777354456,-0.11287417004770028,0,0,0.0565496169947437,0.4432743350043893,EOGHorizontalSignal,301
8,8,0.1,feature_ablation,tshap_zero,0.0,0.0,0.1704,0.4864200176942681,-0.2631881708678945,1,0,0.0565496169947437,0.4432743350043893,EOGHorizontalSignal,301
8,8,0.2,feature_ablation,tshap_zero,0.0,0.0,0.2192,0.3846988173209107,-0.38444711514999197,1,1,0.0565496169947437,0.4432743350043893,EOGHorizontalSignal,301
8,8,0.05,feature_ablation,tshap_train,0.06896551724137931,0.12903225806451613,0.0432,-0.149574777354456,0.1673776693493998,0,0,0.0565496169947437,35.123033375995874,EOGHorizontalSignal,301
8,8,0.1,feature_ablation,tshap_train,0.6891891891891891,0.816,0.0184,0.4864200176942681,0.812570315459623,1,1,0.0565496169947437,35.123033375995874,EOGHorizontalSignal,301
8,8,0.2,feature_ablation,tshap_train,0.8656716417910447,0.928,0.0144,0.3846988173209107,0.39546547101566354,1,1,0.0565496169947437,35.123033375995874,EOGHorizontalSignal,301
8,8,0.05,feature_ablation,mrsqm,0.0,0.0,0.3528,-0.149574777354456,-0.03209566734747926,0,0,0.0565496169947437,3.774100332520902e-05,EOGHorizontalSignal,301
8,8,0.1,feature_ablation,mrsqm,0.0,0.0,0.3528,0.4864200176942681,-0.09187402218758134,1,0,0.0565496169947437,3.774100332520902e-05,EOGHorizontalSignal,301
8,8,0.2,feature_ablation,mrsqm,0.0,0.0,0.3024,0.3846988173209107,-0.1318328628246841,1,1,0.0565496169947437,3.774100332520902e-05,EOGHorizontalSignal,301
8,8,0.05,tshap_centroid,tshap_zero,0.0,0.0,0.1664,0.10332008492306277,-0.11287417004770028,0,0,0.43939105599565664,0.4432743350043893,EOGHorizontalSignal,301
8,8,0.1,tshap_centroid,tshap_zero,0.0,0.0,0.184,0.3309854167013482,-0.2631881708678945,0,0,0.43939105599565664,0.4432743350043893,EOGHorizontalSignal,301
8,8,0.2,tshap_centroid,tshap_zero,0.0,0.0,0.2408,0.7259123791324799,-0.38444711514999197,1,1,0.43939105599565664,0.4432743350043893,EOGHorizontalSignal,301
8,8,0.05,tshap_centroid,tshap_train,0.24,0.3870967741935484,0.0304,0.10332008492306277,0.1673776693493998,0,0,0.43939105599565664,35.123033375995874,EOGHorizontalSignal,301
8,8,0.1,tshap_centroid,tshap_train,0.5151515151515151,0.68,0.032,0.3309854167013482,0.812570315459623,0,1,0.43939105599565664,35.123033375995874,EOGHorizontalSignal,301
8,8,0.2,tshap_centroid,tshap_train,0.6949152542372882,0.82,0.036,0.7259123791324799,0.39546547101566354,1,1,0.43939105599565664,35.123033375995874,EOGHorizontalSignal,301
8,8,0.05,tshap_centroid,mrsqm,0.0,0.0,0.3656,0.10332008492306277,-0.03209566734747926,0,0,0.43939105599565664,3.774100332520902e-05,EOGHorizontalSignal,301
8,8,0.1,tshap_centroid,mrsqm,0.0,0.0,0.3392,0.3309854167013482,-0.09187402218758134,0,0,0.43939105599565664,3.774100332520902e-05,EOGHorizontalSignal,301
8,8,0.2,tshap_centroid,mrsqm,0.0,0.0,0.2808,0.7259123791324799,-0.1318328628246841,1,1,0.43939105599565664,3.774100332520902e-05,EOGHorizontalSignal,301
8,8,0.05,tshap_zero,tshap_train,0.0,0.0,0.136,-0.11287417004770028,0.1673776693493998,0,0,0.4432743350043893,35.123033375995874,EOGHorizontalSignal,301
8,8,0.1,tshap_zero,tshap_train,0.0,0.0,0.152,-0.2631881708678945,0.812570315459623,0,1,0.4432743350043893,35.123033375995874,EOGHorizontalSignal,301
8,8,0.2,tshap_zero,tshap_train,0.0,0.0,0.2048,-0.38444711514999197,0.39546547101566354,1,1,0.4432743350043893,35.123033375995874,EOGHorizontalSignal,301
8,8,0.05,tshap_zero,mrsqm,0.0,0.0,0.532,-0.11287417004770028,-0.03209566734747926,0,0,0.4432743350043893,3.774100332520902e-05,EOGHorizontalSignal,301
8,8,0.1,tshap_zero,mrsqm,0.0,0.0,0.5232,-0.2631881708678945,-0.09187402218758134,0,0,0.4432743350043893,3.774100332520902e-05,EOGHorizontalSignal,301
8,8,0.2,tshap_zero,mrsqm,0.0,0.0,0.5216,-0.38444711514999197,-0.1318328628246841,1,1,0.4432743350043893,3.774100332520902e-05,EOGHorizontalSignal,301
8,8,0.05,tshap_train,mrsqm,0.0,0.0,0.396,0.1673776693493998,-0.03209566734747926,0,0,35.123033375995874,3.774100332520902e-05,EOGHorizontalSignal,301
8,8,0.1,tshap_train,mrsqm,0.0,0.0,0.3712,0.812570315459623,-0.09187402218758134,1,0,35.123033375995874,3.774100332520902e-05,EOGHorizontalSignal,301
8,8,0.2,tshap_train,mrsqm,0.0,0.0,0.3168,0.39546547101566354,-0.1318328628246841,1,1,35.123033375995874,3.774100332520902e-05,EOGHorizontalSignal,301
5,5,0.05,hydra,shapley_sampling,0.4418604651162791,0.6129032258064516,0.0192,0.19609131970300364,0.15053710744197235,0,0,0.9042016360035632,1.325360984003055,EOGHorizontalSignal,268
5,5,0.1,hydra,shapley_sampling,0.3888888888888889,0.56,0.044,0.3592035484864037,0.06700835756097012,0,0,0.9042016360035632,1.325360984003055,EOGHorizontalSignal,268
5,5,0.2,hydra,shapley_sampling,0.8450184501845018,0.916,0.0168,0.7662458635396712,0.6488450729499304,1,1,0.9042016360035632,1.325360984003055,EOGHorizontalSignal,268
5,5,0.05,hydra,feature_ablation,0.0,0.0,0.2832,0.19609131970300364,0.26707264009375487,0,0,0.9042016360035632,0.05648489500163123,EOGHorizontalSignal,268
5,5,0.1,hydra,feature_ablation,0.0,0.0,0.308,0.3592035484864037,0.03129959689324968,0,0,0.9042016360035632,0.05648489500163123,EOGHorizontalSignal,268
5,5,0.2,hydra,feature_ablation,0.0,0.0,0.2672,0.7662458635396712,0.19185491004463362,1,0,0.9042016360035632,0.05648489500163123,EOGHorizontalSignal,268
5,5,0.05,hydra,tshap_centroid,0.0,0.0,0.1048,0.19609131970300364,0.20165747213423657,0,0,0.9042016360035632,0.44022896500246134,EOGHorizontalSignal,268
5,5,0.1,hydra,tshap_centroid,0.016260162601626018,0.032,0.0968,0.3592035484864037,0.11572616820863635,0,0,0.9042016360035632,0.44022896500246134,EOGHorizontalSignal,268
5,5,0.2,hydra,tshap_centroid,0.639344262295082,0.78,0.044,0.7662458635396712,0.3145882405856669,1,1,0.9042016360035632,0.44022896500246134,EOGHorizontalSignal,268
5,5,0.05,hydra,tshap_zero,0.4418604651162791,0.6129032258064516,0.0192,0.19609131970300364,0.3393702348420149,0,0,0.9042016360035632,0.44968064699787647,EOGHorizontalSignal,268
5,5,0.1,hydra,tshap_zero,0.8939393939393939,0.944,0.0056,0.3592035484864037,0.4338200383956057,0,0,0.9042016360035632,0.44968064699787647,EOGHorizontalSignal,268
5,5,0.2,hydra,tshap_zero,0.7361111111111112,0.848,0.0304,0.7662458635396712,0.35555236877971086,1,1,0.9042016360035632,0.44968064699787647,EOGHorizontalSignal,268
5,5,0.05,hydra,tshap_train,0.0,0.0,0.0648,0.19609131970300364,0.6886009943573294,0,0,0.9042016360035632,34.901448231998074,EOGHorizontalSignal,268
5,5,0.1,hydra,tshap_train,0.2315270935960591,0.376,0.0624,0.3592035484864037,0.5334426185858739,0,1,0.9042016360035632,34.901448231998074,EOGHorizontalSignal,268
5,5,0.2,hydra,tshap_train,0.6611295681063123,0.796,0.0408,0.7662458635396712,0.6725460924427125,1,1,0.9042016360035632,34.901448231998074,EOGHorizontalSignal,268
5,5,0.05,hydra,mrsqm,0.0,0.0,0.3336,0.19609131970300364,0.15636489324005187,0,0,0.9042016360035632,3.434500104049221e-05,EOGHorizontalSignal,268
5,5,0.1,hydra,mrsqm,0.0,0.0,0.3088,0.3592035484864037,0.09821501158085955,0,0,0.9042016360035632,3.434500104049221e-05,EOGHorizontalSignal,268
5,5,0.2,hydra,mrsqm,0.0,0.0,0.2688,0.7662458635396712,0.22593539307451804,1,0,0.9042016360035632,3.434500104049221e-05,EOGHorizontalSignal,268
5,5,0.05,shapley_sampling,feature_ablation,0.0,0.0,0.3024,0.15053710744197235,0.26707264009375487,0,0,1.325360984003055,0.05648489500163123,EOGHorizontalSignal,268
5,5,0.1,shapley_sampling,feature_ablation,0.0,0.0,0.352,0.06700835756097012,0.03129959689324968,0,0,1.325360984003055,0.05648489500163123,EOGHorizontalSignal,268
5,5,0.2,shapley_sampling,feature_ablation,0.0,0.0,0.2504,0.6488450729499304,0.19185491004463362,1,0,1.325360984003055,0.05648489500163123,EOGHorizontalSignal,268
5,5,0.05,shapley_sampling,tshap_centroid,0.0,0.0,0.0856,0.15053710744197235,0.20165747213423657,0,0,1.325360984003055,0.44022896500246134,EOGHorizontalSignal,268
5,5,0.1,shapley_sampling,tshap_centroid,0.3089005235602094,0.472,0.0528,0.06700835756097012,0.11572616820863635,0,0,1.325360984003055,0.44022896500246134,EOGHorizontalSignal,268
5,5,0.2,shapley_sampling,tshap_centroid,0.5337423312883436,0.696,0.0608,0.6488450729499304,0.3145882405856669,1,1,1.325360984003055,0.44022896500246134,EOGHorizontalSignal,268
5,5,0.05,shapley_sampling,tshap_zero,0.12727272727272726,0.22580645161290322,0.0384,0.15053710744197235,0.3393702348420149,0,0,1.325360984003055,0.44968064699787647,EOGHorizontalSignal,268
5,5,0.1,shapley_sampling,tshap_zero,0.33689839572192515,0.504,0.0496,0.06700835756097012,0.4338200383956057,0,0,1.325360984003055,0.44968064699787647,EOGHorizontalSignal,268
5,5,0.2,shapley_sampling,tshap_zero,0.6181229773462783,0.764,0.0472,0.6488450729499304,0.35555236877971086,1,1,1.325360984003055,0.44968064699787647,EOGHorizontalSignal,268
5,5,0.05,shapley_sampling,tshap_train,0.0,0.0,0.084,0.15053710744197235,0.6886009943573294,0,0,1.325360984003055,34.901448231998074,EOGHorizontalSignal,268
5,5,0.1,shapley_sampling,tshap_train,0.0,0.0,0.1064,0.06700835756097012,0.5334426185858739,0,1,1.325360984003055,34.901448231998074,EOGHorizontalSignal,268
5,5,0.2,shapley_sampling,tshap_train,0.7857142857142857,0.88,0.024,0.6488450729499304,0.6725460924427125,1,1,1.325360984003055,34.901448231998074,EOGHorizontalSignal,268
5,5,0.05,shapley_sampling,mrsqm,0.0,0.0,0.3528,0.15053710744197235,0.15636489324005187,0,0,1.325360984003055,3.434500104049221e-05,EOGHorizontalSignal,268
5,5,0.1,shapley_sampling,mrsqm,0.0,0.0,0.3528,0.06700835756097012,0.09821501158085955,0,0,1.325360984003055,3.434500104049221e-05,EOGHorizontalSignal,268
5,5,0.2,shapley_sampling,mrsqm,0.0,0.0,0.252,0.6488450729499304,0.22593539307451804,1,0,1.325360984003055,3.434500104049221e-05,EOGHorizontalSignal,268
5,5,0.05,feature_ablation,tshap_centroid,0.0,0.0,0.388,0.26707264009375487,0.20165747213423657,0,0,0.05648489500163123,0.44022896500246134,EOGHorizontalSignal,268
5,5,0.1,feature_ablation,tshap_centroid,0.0,0.0,0.4048,0.03129959689324968,0.11572616820863635,0,0,0.05648489500163123,0.44022896500246134,EOGHorizontalSignal,268
5,5,0.2,feature_ablation,tshap_centroid,0.0,0.0,0.3112,0.19185491004463362,0.3145882405856669,0,1,0.05648489500163123,0.44022896500246134,EOGHorizontalSignal,268
5,5,0.05,feature_ablation,tshap_zero,0.0,0.0,0.264,0.26707264009375487,0.3393702348420149,0,0,0.05648489500163123,0.44968064699787647,EOGHorizontalSignal,268
5,5,0.1,feature_ablation,tshap_zero,0.0,0.0,0.3024,0.03129959689324968,0.4338200383956057,0,0,0.05648489500163123,0.44968064699787647,EOGHorizontalSignal,268
5,5,0.2,feature_ablation,tshap_zero,0.0,0.0,0.2976,0.19185491004463362,0.35555236877971086,0,1,0.05648489500163123,0.44968064699787647,EOGHorizontalSignal,268
5,5,0.05,feature_ablation,tshap_train,0.0,0.0,0.2184,0.26707264009375487,0.6886009943573294,0,0,0.05648489500163123,34.901448231998074,EOGHorizontalSignal,268
5,5,0.1,feature_ablation,tshap_train,0.0,0.0,0.2456,0.03129959689324968,0.5334426185858739,0,1,0.05648489500163123,34.901448231998074,EOGHorizontalSignal,268
5,5,0.2,feature_ablation,tshap_train,0.0,0.0,0.2264,0.19185491004463362,0.6725460924427125,0,1,0.05648489500163123,34.901448231998074,EOGHorizontalSignal,268
5,5,0.05,feature_ablation,mrsqm,0.0,0.0,0.0504,0.26707264009375487,0.15636489324005187,0,0,0.05648489500163123,3.434500104049221e-05,EOGHorizontalSignal,268
5,5,0.1,feature_ablation,mrsqm,0.9841269841269841,0.992,0.0008,0.03129959689324968,0.09821501158085955,0,0,0.05648489500163123,3.434500104049221e-05,EOGHorizontalSignal,268
5,5,0.2,feature_ablation,mrsqm,0.9841269841269841,0.992,0.0016,0.19185491004463362,0.22593539307451804,0,0,0.05648489500163123,3.434500104049221e-05,EOGHorizontalSignal,268
5,5,0.05,tshap_centroid,tshap_zero,0.0,0.0,0.124,0.20165747213423657,0.3393702348420149,0,0,0.44022896500246134,0.44968064699787647,EOGHorizontalSignal,268
5,5,0.1,tshap_centroid,tshap_zero,0.0,0.0,0.1024,0.11572616820863635,0.4338200383956057,0,0,0.44022896500246134,0.44968064699787647,EOGHorizontalSignal,268
5,5,0.2,tshap_centroid,tshap_zero,0.8726591760299626,0.932,0.0136,0.3145882405856669,0.35555236877971086,1,1,0.44022896500246134,0.44968064699787647,EOGHorizontalSignal,268
5,5,0.05,tshap_centroid,tshap_train,0.0,0.0,0.1696,0.20165747213423657,0.6886009943573294,0,0,0.44022896500246134,34.901448231998074,EOGHorizontalSignal,268
5,5,0.1,tshap_centroid,tshap_train,0.0,0.0,0.1592,0.11572616820863635,0.5334426185858739,0,1,0.44022896500246134,34.901448231998074,EOGHorizontalSignal,268
5,5,0.2,tshap_centroid,tshap_train,0.4044943820224719,0.576,0.0848,0.3145882405856669,0.6725460924427125,1,1,0.44022896500246134,34.901448231998074,EOGHorizontalSignal,268
5,5,0.05,tshap_centroid,mrsqm,0.0,0.0,0.4384,0.20165747213423657,0.15636489324005187,0,0,0.44022896500246134,3.434500104049221e-05,EOGHorizontalSignal,268
5,5,0.1,tshap_centroid,mrsqm,0.0,0.0,0.4056,0.11572616820863635,0.09821501158085955,0,0,0.44022896500246134,3.434500104049221e-05,EOGHorizontalSignal,268
5,5,0.2,tshap_centroid,mrsqm,0.0,0.0,0.3128,0.3145882405856669,0.22593539307451804,1,0,0.44022896500246134,3.434500104049221e-05,EOGHorizontalSignal,268
5,5,0.05,tshap_zero,tshap_train,0.04201680672268908,0.08064516129032258,0.0456,0.3393702348420149,0.6886009943573294,0,0,0.44968064699787647,34.901448231998074,EOGHorizontalSignal,268
5,5,0.1,tshap_zero,tshap_train,0.2755102040816326,0.432,0.0568,0.4338200383956057,0.5334426185858739,0,1,0.44968064699787647,34.901448231998074,EOGHorizontalSignal,268
5,5,0.2,tshap_zero,tshap_train,0.4749262536873156,0.644,0.0712,0.35555236877971086,0.6725460924427125,1,1,0.44968064699787647,34.901448231998074,EOGHorizontalSignal,268
5,5,0.05,tshap_zero,mrsqm,0.0,0.0,0.3144,0.3393702348420149,0.15636489324005187,0,0,0.44968064699787647,3.434500104049221e-05,EOGHorizontalSignal,268
5,5,0.1,tshap_zero,mrsqm,0.0,0.0,0.3032,0.4338200383956057,0.09821501158085955,0,0,0.44968064699787647,3.434500104049221e-05,EOGHorizontalSignal,268
5,5,0.2,tshap_zero,mrsqm,0.0,0.0,0.2992,0.35555236877971086,0.22593539307451804,1,0,0.44968064699787647,3.434500104049221e-05,EOGHorizontalSignal,268
5,5,0.05,tshap_train,mrsqm,0.0,0.0,0.2688,0.6886009943573294,0.15636489324005187,0,0,34.901448231998074,3.434500104049221e-05,EOGHorizontalSignal,268
5,5,0.1,tshap_train,mrsqm,0.0,0.0,0.2464,0.5334426185858739,0.09821501158085955,1,0,34.901448231998074,3.434500104049221e-05,EOGHorizontalSignal,268
5,5,0.2,tshap_train,mrsqm,0.0,0.0,0.228,0.6725460924427125,0.22593539307451804,1,0,34.901448231998074,3.434500104049221e-05,EOGHorizontalSignal,268
9,9,0.05,hydra,shapley_sampling,0.0,0.0,0.2032,0.41405126693231253,0.1507000935853875,0,0,0.9006129730041721,1.3130974840023555,EOGHorizontalSignal,62
9,9,0.1,hydra,shapley_sampling,0.4044943820224719,0.576,0.0424,0.5307690444089053,0.42356737128014876,0,0,0.9006129730041721,1.3130974840023555,EOGHorizontalSignal,62
9,9,0.2,hydra,shapley_sampling,0.0,0.0,0.2256,1.139753592162981,0.5484691181501589,1,1,0.9006129730041721,1.3130974840023555,EOGHorizontalSignal,62
9,9,0.05,hydra,feature_ablation,0.0,0.0,0.1976,0.41405126693231253,0.058629979535124166,0,0,0.9006129730041721,0.05495778800104745,EOGHorizontalSignal,62
9,9,0.1,hydra,feature_ablation,0.0,0.0,0.192,0.5307690444089053,0.015336127224078844,0,0,0.9006129730041721,0.05495778800104745,EOGHorizontalSignal,62
9,9,0.2,hydra,feature_ablation,0.0,0.0,0.2256,1.139753592162981,0.08987801578758448,1,1,0.9006129730041721,0.05495778800104745,EOGHorizontalSignal,62
9,9,0.05,hydra,tshap_centroid,0.2916666666666667,0.45161290322580644,0.0272,0.41405126693231253,0.4084874182770464,0,0,0.9006129730041721,0.436856460000854,EOGHorizontalSignal,62
9,9,0.1,hydra,tshap_centroid,0.9841269841269841,0.992,0.0008,0.5307690444089053,0.5396698352080477,0,0,0.9006129730041721,0.436856460000854,EOGHorizontalSignal,62
9,9,0.2,hydra,tshap_centroid,0.7543859649122807,0.86,0.028,1.139753592162981,0.892167501878666,1,1,0.9006129730041721,0.436856460000854,EOGHorizontalSignal,62
9,9,0.05,hydra,tshap_zero,0.12727272727272726,0.22580645161290322,0.0384,0.41405126693231253,0.3786108535708712,0,0,0.9006129730041721,0.4329568110042601,EOGHorizontalSignal,62
9,9,0.1,hydra,tshap_zero,0.8939393939393939,0.944,0.0056,0.5307690444089053,0.6173685250753004,0,0,0.9006129730041721,0.4329568110042601,EOGHorizontalSignal,62
9,9,0.2,hydra,tshap_zero,0.6286644951140065,0.772,0.0456,1.139753592162981,0.8768034362619502,1,1,0.9006129730041721,0.4329568110042601,EOGHorizontalSignal,62
9,9,0.05,hydra,tshap_train,0.8507462686567164,0.9193548387096774,0.004,0.41405126693231253,0.3388977998650191,0,0,0.9006129730041721,34.6609287770043,EOGHorizontalSignal,62
9,9,0.1,hydra,tshap_train,0.7241379310344828,0.84,0.016,0.5307690444089053,0.5276233749792494,0,0,0.9006129730041721,34.6609287770043,EOGHorizontalSignal,62
9,9,0.2,hydra,tshap_train,0.5527950310559007,0.712,0.0576,1.139753592162981,0.8943050099890683,1,1,0.9006129730041721,34.6609287770043,EOGHorizontalSignal,62
9,9,0.05,hydra,mrsqm,0.0,0.0,0.4552,0.41405126693231253,0.023087361755318225,0,0,0.9006129730041721,3.568700049072504e-05,EOGHorizontalSignal,62
9,9,0.1,hydra,mrsqm,0.0,0.0,0.4112,0.5307690444089053,-0.028569896370819192,0,0,0.9006129730041721,3.568700049072504e-05,EOGHorizontalSignal,62
9,9,0.2,hydra,mrsqm,0.0,0.0,0.328,1.139753592162981,0.06770039766924651,1,1,0.9006129730041721,3.568700049072504e-05,EOGHorizontalSignal,62
9,9,0.05,shapley_sampling,feature_ablation,0.0,0.0,0.4008,0.1507000935853875,0.058629979535124166,0,0,1.3130974840023555,0.05495778800104745,EOGHorizontalSignal,62
9,9,0.1,shapley_sampling,feature_ablation,0.0,0.0,0.1496,0.42356737128014876,0.015336127224078844,0,0,1.3130974840023555,0.05495778800104745,EOGHorizontalSignal,62
9,9,0.2,shapley_sampling,feature_ablation,0.0,0.0,0.4512,0.5484691181501589,0.08987801578758448,1,1,1.3130974840023555,0.05495778800104745,EOGHorizontalSignal,62
9,9,0.05,shapley_sampling,tshap_centroid,0.0,0.0,0.176,0.1507000935853875,0.4084874182770464,0,0,1.3130974840023555,0.436856460000854,EOGHorizontalSignal,62
9,9,0.1,shapley_sampling,tshap_centroid,0.39664804469273746,0.568,0.0432,0.42356737128014876,0.5396698352080477,0,0,1.3130974840023555,0.436856460000854,EOGHorizontalSignal,62
9,9,0.2,shapley_sampling,tshap_centroid,0.0,0.0,0.2536,0.5484691181501589,0.892167501878666,1,1,1.3130974840023555,0.436856460000854,EOGHorizontalSignal,62
9,9,0.05,shapley_sampling,tshap_zero,0.0,0.0,0.1648,0.1507000935853875,0.3786108535708712,0,0,1.3130974840023555,0.4329568110042601,EOGHorizontalSignal,62
9,9,0.1,shapley_sampling,tshap_zero,0.35135135135135137,0.52,0.048,0.42356737128014876,0.6173685250753004,0,0,1.3130974840023555,0.4329568110042601,EOGHorizontalSignal,62
9,9,0.2,shapley_sampling,tshap_zero,0.0,0.0,0.2712,0.5484691181501589,0.8768034362619502,1,1,1.3130974840023555,0.4329568110042601,EOGHorizontalSignal,62
9,9,0.05,shapley_sampling,tshap_train,0.0,0.0,0.1992,0.1507000935853875,0.3388977998650191,0,0,1.3130974840023555,34.6609287770043,EOGHorizontalSignal,62
9,9,0.1,shapley_sampling,tshap_train,0.5822784810126582,0.736,0.0264,0.42356737128014876,0.5276233749792494,0,0,1.3130974840023555,34.6609287770043,EOGHorizontalSignal,62
9,9,0.2,shapley_sampling,tshap_train,0.0,0.0,0.2832,0.5484691181501589,0.8943050099890683,1,1,1.3130974840023555,34.6609287770043,EOGHorizontalSignal,62
9,9,0.05,shapley_sampling,mrsqm,0.0,0.0,0.252,0.1507000935853875,0.023087361755318225,0,0,1.3130974840023555,3.568700049072504e-05,EOGHorizontalSignal,62
9,9,0.1,shapley_sampling,mrsqm,0.0,0.0,0.4536,0.42356737128014876,-0.028569896370819192,0,0,1.3130974840023555,3.568700049072504e-05,EOGHorizontalSignal,62
9,9,0.2,shapley_sampling,mrsqm,0.32275132275132273,0.488,0.1024,0.5484691181501589,0.06770039766924651,1,1,1.3130974840023555,3.568700049072504e-05,EOGHorizontalSignal,62
9,9,0.05,feature_ablation,tshap_centroid,0.0,0.0,0.2248,0.058629979535124166,0.4084874182770464,0,0,0.05495778800104745,0.436856460000854,EOGHorizontalSignal,62
9,9,0.1,feature_ablation,tshap_centroid,0.0,0.0,0.1928,0.015336127224078844,0.5396698352080477,0,0,0.05495778800104745,0.436856460000854,EOGHorizontalSignal,62
9,9,0.2,feature_ablation,tshap_centroid,0.006036217303822937,0.012,0.1976,0.08987801578758448,0.892167501878666,1,1,0.05495778800104745,0.436856460000854,EOGHorizontalSignal,62
9,9,0.05,feature_ablation,tshap_zero,0.0,0.0,0.236,0.058629979535124166,0.3786108535708712,0,0,0.05495778800104745,0.4329568110042601,EOGHorizontalSignal,62
9,9,0.1,feature_ablation,tshap_zero,0.0,0.0,0.1976,0.015336127224078844,0.6173685250753004,0,0,0.05495778800104745,0.4329568110042601,EOGHorizontalSignal,62
9,9,0.2,feature_ablation,tshap_zero,0.05263157894736842,0.1,0.18,0.08987801578758448,0.8768034362619502,1,1,0.05495778800104745,0.4329568110042601,EOGHorizontalSignal,62
9,9,0.05,feature_ablation,tshap_train,0.0,0.0,0.2016,0.058629979535124166,0.3388977998650191,0,0,0.05495778800104745,34.6609287770043,EOGHorizontalSignal,62
9,9,0.1,feature_ablation,tshap_train,0.0,0.0,0.176,0.015336127224078844,0.5276233749792494,0,0,0.05495778800104745,34.6609287770043,EOGHorizontalSignal,62
9,9,0.2,feature_ablation,tshap_train,0.08695652173913043,0.16,0.168,0.08987801578758448,0.8943050099890683,1,1,0.05495778800104745,34.6609287770043,EOGHorizontalSignal,62
9,9,0.05,feature_ablation,mrsqm,0.0,0.0,0.6528,0.058629979535124166,0.023087361755318225,0,0,0.05495778800104745,3.568700049072504e-05,EOGHorizontalSignal,62
9,9,0.1,feature_ablation,mrsqm,0.0,0.0,0.6032,0.015336127224078844,-0.028569896370819192,0,0,0.05495778800104745,3.568700049072504e-05,EOGHorizontalSignal,62
9,9,0.2,feature_ablation,mrsqm,0.0,0.0,0.5536,0.08987801578758448,0.06770039766924651,1,1,0.05495778800104745,3.568700049072504e-05,EOGHorizontalSignal,62
9,9,0.05,tshap_centroid,tshap_zero,0.631578947368421,0.7741935483870968,0.0112,0.4084874182770464,0.3786108535708712,0,0,0.436856460000854,0.4329568110042601,EOGHorizontalSignal,62
9,9,0.1,tshap_centroid,tshap_zero,0.9083969465648855,0.952,0.0048,0.5396698352080477,0.6173685250753004,0,0,0.436856460000854,0.4329568110042601,EOGHorizontalSignal,62
9,9,0.2,tshap_centroid,tshap_zero,0.8382352941176471,0.912,0.0176,0.892167501878666,0.8768034362619502,1,1,0.436856460000854,0.4329568110042601,EOGHorizontalSignal,62
9,9,0.05,tshap_centroid,tshap_train,0.3626373626373626,0.532258064516129,0.0232,0.4084874182770464,0.3388977998650191,0,0,0.436856460000854,34.6609287770043,EOGHorizontalSignal,62
9,9,0.1,tshap_centroid,tshap_train,0.7123287671232876,0.832,0.0168,0.5396698352080477,0.5276233749792494,0,0,0.436856460000854,34.6609287770043,EOGHorizontalSignal,62
9,9,0.2,tshap_centroid,tshap_train,0.7421602787456446,0.852,0.0296,0.892167501878666,0.8943050099890683,1,1,0.436856460000854,34.6609287770043,EOGHorizontalSignal,62
9,9,0.05,tshap_centroid,mrsqm,0.0,0.0,0.428,0.4084874182770464,0.023087361755318225,0,0,0.436856460000854,3.568700049072504e-05,EOGHorizontalSignal,62
9,9,0.1,tshap_centroid,mrsqm,0.0,0.0,0.4104,0.5396698352080477,-0.028569896370819192,0,0,0.436856460000854,3.568700049072504e-05,EOGHorizontalSignal,62
9,9,0.2,tshap_centroid,mrsqm,0.0,0.0,0.356,0.892167501878666,0.06770039766924651,1,1,0.436856460000854,3.568700049072504e-05,EOGHorizontalSignal,62
9,9,0.05,tshap_zero,tshap_train,0.18095238095238095,0.3064516129032258,0.0344,0.3786108535708712,0.3388977998650191,0,0,0.4329568110042601,34.6609287770043,EOGHorizontalSignal,62
9,9,0.1,tshap_zero,tshap_train,0.6447368421052632,0.784,0.0216,0.6173685250753004,0.5276233749792494,0,0,0.4329568110042601,34.6609287770043,EOGHorizontalSignal,62
9,9,0.2,tshap_zero,tshap_train,0.8867924528301887,0.94,0.012,0.8768034362619502,0.8943050099890683,1,1,0.4329568110042601,34.6609287770043,EOGHorizontalSignal,62
9,9,0.05,tshap_zero,mrsqm,0.0,0.0,0.4168,0.3786108535708712,0.023087361755318225,0,0,0.4329568110042601,3.568700049072504e-05,EOGHorizontalSignal,62
9,9,0.1,tshap_zero,mrsqm,0.0,0.0,0.4056,0.6173685250753004,-0.028569896370819192,0,0,0.4329568110042601,3.568700049072504e-05,EOGHorizontalSignal,62
9,9,0.2,tshap_zero,mrsqm,0.0,0.0,0.3736,0.8768034362619502,0.06770039766924651,1,1,0.4329568110042601,3.568700049072504e-05,EOGHorizontalSignal,62
9,9,0.05,tshap_train,mrsqm,0.0,0.0,0.4512,0.3388977998650191,0.023087361755318225,0,0,34.6609287770043,3.568700049072504e-05,EOGHorizontalSignal,62
9,9,0.1,tshap_train,mrsqm,0.0,0.0,0.4272,0.5276233749792494,-0.028569896370819192,0,0,34.6609287770043,3.568700049072504e-05,EOGHorizontalSignal,62
9,9,0.2,tshap_train,mrsqm,0.0,0.0,0.3856,0.8943050099890683,0.06770039766924651,1,1,34.6609287770043,3.568700049072504e-05,EOGHorizontalSignal,62
5,5,0.05,hydra,shapley_sampling,0.631578947368421,0.7741935483870968,0.0112,0.06827154903734078,-0.004199715139787452,0,0,0.8948310070045409,1.2986384560063016,EOGHorizontalSignal,24
5,5,0.1,hydra,shapley_sampling,0.8518518518518519,0.92,0.008,-0.18637027537680106,-0.16404981458591283,0,0,0.8948310070045409,1.2986384560063016,EOGHorizontalSignal,24
5,5,0.2,hydra,shapley_sampling,0.8450184501845018,0.916,0.0168,0.15668460583486987,0.21536274052642512,1,1,0.8948310070045409,1.2986384560063016,EOGHorizontalSignal,24
5,5,0.05,hydra,feature_ablation,0.0,0.0,0.2128,0.06827154903734078,0.43776041889692585,0,1,0.8948310070045409,0.05415640799765242,EOGHorizontalSignal,24
5,5,0.1,hydra,feature_ablation,0.0,0.0,0.144,-0.18637027537680106,0.7468628292381696,0,1,0.8948310070045409,0.05415640799765242,EOGHorizontalSignal,24
5,5,0.2,hydra,feature_ablation,0.08695652173913043,0.16,0.168,0.15668460583486987,0.3927429170558321,1,1,0.8948310070045409,0.05415640799765242,EOGHorizontalSignal,24
5,5,0.05,hydra,tshap_centroid,0.0,0.0,0.1248,0.06827154903734078,0.13719741984736888,0,0,0.8948310070045409,0.4331335440001567,EOGHorizontalSignal,24
5,5,0.1,hydra,tshap_centroid,0.0,0.0,0.168,-0.18637027537680106,0.17968311021994054,0,1,0.8948310070045409,0.4331335440001567,EOGHorizontalSignal,24
5,5,0.2,hydra,tshap_centroid,0.13378684807256236,0.236,0.1528,0.15668460583486987,0.21981437032043405,1,1,0.8948310070045409,0.4331335440001567,EOGHorizontalSignal,24
5,5,0.05,hydra,tshap_zero,0.0,0.0,0.2536,0.06827154903734078,0.48069512464663955,0,0,0.8948310070045409,0.429557023999223,EOGHorizontalSignal,24
5,5,0.1,hydra,tshap_zero,0.0,0.0,0.2216,-0.18637027537680106,0.3787550740919655,0,0,0.8948310070045409,0.429557023999223,EOGHorizontalSignal,24
5,5,0.2,hydra,tshap_zero,0.21654501216545013,0.356,0.1288,0.15668460583486987,0.2480093397394556,1,1,0.8948310070045409,0.429557023999223,EOGHorizontalSignal,24
5,5,0.05,hydra,tshap_train,0.0,0.0,0.1496,0.06827154903734078,0.821945981140468,0,1,0.8948310070045409,34.87487238999893,EOGHorizontalSignal,24
5,5,0.1,hydra,tshap_train,0.0,0.0,0.1064,-0.18637027537680106,0.5735736241316487,0,1,0.8948310070045409,34.87487238999893,EOGHorizontalSignal,24
5,5,0.2,hydra,tshap_train,0.2106537530266344,0.348,0.1304,0.15668460583486987,0.4222311104020037,1,1,0.8948310070045409,34.87487238999893,EOGHorizontalSignal,24
5,5,0.05,hydra,mrsqm,0.0,0.0,0.4144,0.06827154903734078,0.06879493896097977,0,0,0.8948310070045409,3.280199598520994e-05,EOGHorizontalSignal,24
5,5,0.1,hydra,mrsqm,0.0,0.0,0.3456,-0.18637027537680106,0.13879900734650952,0,0,0.8948310070045409,3.280199598520994e-05,EOGHorizontalSignal,24
5,5,0.2,hydra,mrsqm,0.0,0.0,0.3208,0.15668460583486987,0.19691426829367975,1,1,0.8948310070045409,3.280199598520994e-05,EOGHorizontalSignal,24
5,5,0.05,shapley_sampling,feature_ablation,0.0,0.0,0.2016,-0.004199715139787452,0.43776041889692585,0,1,1.2986384560063016,0.05415640799765242,EOGHorizontalSignal,24
5,5,0.1,shapley_sampling,feature_ablation,0.0,0.0,0.152,-0.16404981458591283,0.7468628292381696,0,1,1.2986384560063016,0.05415640799765242,EOGHorizontalSignal,24
5,5,0.2,shapley_sampling,feature_ablation,0.13895216400911162,0.244,0.1512,0.21536274052642512,0.3927429170558321,1,1,1.2986384560063016,0.05415640799765242,EOGHorizontalSignal,24
5,5,0.05,shapley_sampling,tshap_centroid,0.0,0.0,0.136,-0.004199715139787452,0.13719741984736888,0,0,1.2986384560063016,0.4331335440001567,EOGHorizontalSignal,24
5,5,0.1,shapley_sampling,tshap_centroid,0.0,0.0,0.16,-0.16404981458591283,0.17968311021994054,0,1,1.2986384560063016,0.4331335440001567,EOGHorizontalSignal,24
5,5,0.2,shapley_sampling,tshap_centroid,0.08225108225108226,0.152,0.1696,0.21536274052642512,0.21981437032043405,1,1,1.2986384560063016,0.4331335440001567,EOGHorizontalSignal,24
5,5,0.05,shapley_sampling,tshap_zero,0.0,0.0,0.2424,-0.004199715139787452,0.48069512464663955,0,0,1.2986384560063016,0.429557023999223,EOGHorizontalSignal,24
5,5,0.1,shapley_sampling,tshap_zero,0.0,0.0,0.2296,-0.16404981458591283,0.3787550740919655,0,0,1.2986384560063016,0.429557023999223,EOGHorizontalSignal,24
5,5,0.2,shapley_sampling,tshap_zero,0.1574074074074074,0.272,0.1456,0.21536274052642512,0.2480093397394556,1,1,1.2986384560063016,0.429557023999223,EOGHorizontalSignal,24
5,5,0.05,shapley_sampling,tshap_train,0.0,0.0,0.1384,-0.004199715139787452,0.821945981140468,0,1,1.2986384560063016,34.87487238999893,EOGHorizontalSignal,24
5,5,0.1,shapley_sampling,tshap_train,0.0,0.0,0.1144,-0.16404981458591283,0.5735736241316487,0,1,1.2986384560063016,34.87487238999893,EOGHorizontalSignal,24
5,5,0.2,shapley_sampling,tshap_train,0.2755102040816326,0.432,0.1136,0.21536274052642512,0.4222311104020037,1,1,1.2986384560063016,34.87487238999893,EOGHorizontalSignal,24
5,5,0.05,shapley_sampling,mrsqm,0.0,0.0,0.4032,-0.004199715139787452,0.06879493896097977,0,0,1.2986384560063016,3.280199598520994e-05,EOGHorizontalSignal,24
5,5,0.1,shapley_sampling,mrsqm,0.0,0.0,0.3536,-0.16404981458591283,0.13879900734650952,0,0,1.2986384560063016,3.280199598520994e-05,EOGHorizontalSignal,24
5,5,0.2,shapley_sampling,mrsqm,0.0,0.0,0.304,0.21536274052642512,0.19691426829367975,1,1,1.2986384560063016,3.280199598520994e-05,EOGHorizontalSignal,24
5,5,0.05,feature_ablation,tshap_centroid,0.0,0.0,0.3376,0.43776041889692585,0.13719741984736888,1,0,0.05415640799765242,0.4331335440001567,EOGHorizontalSignal,24
5,5,0.1,feature_ablation,tshap_centroid,0.0,0.0,0.312,0.7468628292381696,0.17968311021994054,1,1,0.05415640799765242,0.4331335440001567,EOGHorizontalSignal,24
5,5,0.2,feature_ablation,tshap_centroid,0.0,0.0,0.3208,0.3927429170558321,0.21981437032043405,1,1,0.05415640799765242,0.4331335440001567,EOGHorizontalSignal,24
5,5,0.05,feature_ablation,tshap_zero,0.09734513274336283,0.1774193548387097,0.0408,0.43776041889692585,0.48069512464663955,1,0,0.05415640799765242,0.429557023999223,EOGHorizontalSignal,24
5,5,0.1,feature_ablation,tshap_zero,0.12612612612612611,0.224,0.0776,0.7468628292381696,0.3787550740919655,1,0,0.05415640799765242,0.429557023999223,EOGHorizontalSignal,24
5,5,0.2,feature_ablation,tshap_zero,0.0,0.0,0.2968,0.3927429170558321,0.2480093397394556,1,1,0.05415640799765242,0.429557023999223,EOGHorizontalSignal,24
5,5,0.05,feature_ablation,tshap_train,0.0,0.0,0.0632,0.43776041889692585,0.821945981140468,1,1,0.05415640799765242,34.87487238999893,EOGHorizontalSignal,24
5,5,0.1,feature_ablation,tshap_train,0.45348837209302323,0.624,0.0376,0.7468628292381696,0.5735736241316487,1,1,0.05415640799765242,34.87487238999893,EOGHorizontalSignal,24
5,5,0.2,feature_ablation,tshap_train,0.6835016835016835,0.812,0.0376,0.3927429170558321,0.4222311104020037,1,1,0.05415640799765242,34.87487238999893,EOGHorizontalSignal,24
5,5,0.05,feature_ablation,mrsqm,0.0,0.0,0.2016,0.43776041889692585,0.06879493896097977,1,0,0.05415640799765242,3.280199598520994e-05,EOGHorizontalSignal,24
5,5,0.1,feature_ablation,mrsqm,0.0,0.0,0.2016,0.7468628292381696,0.13879900734650952,1,0,0.05415640799765242,3.280199598520994e-05,EOGHorizontalSignal,24
5,5,0.2,feature_ablation,mrsqm,0.13378684807256236,0.236,0.1528,0.3927429170558321,0.19691426829367975,1,1,0.05415640799765242,3.280199598520994e-05,EOGHorizontalSignal,24
5,5,0.05,tshap_centroid,tshap_zero,0.0,0.0,0.3784,0.13719741984736888,0.48069512464663955,0,0,0.4331335440001567,0.429557023999223,EOGHorizontalSignal,24
5,5,0.1,tshap_centroid,tshap_zero,0.0,0.0,0.3896,0.17968311021994054,0.3787550740919655,1,0,0.4331335440001567,0.429557023999223,EOGHorizontalSignal,24
5,5,0.2,tshap_centroid,tshap_zero,0.7857142857142857,0.88,0.024,0.21981437032043405,0.2480093397394556,1,1,0.4331335440001567,0.429557023999223,EOGHorizontalSignal,24
5,5,0.05,tshap_centroid,tshap_train,0.0,0.0,0.2744,0.13719741984736888,0.821945981140468,0,1,0.4331335440001567,34.87487238999893,EOGHorizontalSignal,24
5,5,0.1,tshap_centroid,tshap_train,0.0,0.0,0.2744,0.17968311021994054,0.5735736241316487,1,1,0.4331335440001567,34.87487238999893,EOGHorizontalSignal,24
5,5,0.2,tshap_centroid,tshap_train,0.0,0.0,0.2832,0.21981437032043405,0.4222311104020037,1,1,0.4331335440001567,34.87487238999893,EOGHorizontalSignal,24
5,5,0.05,tshap_centroid,mrsqm,0.0,0.0,0.5392,0.13719741984736888,0.06879493896097977,0,0,0.4331335440001567,3.280199598520994e-05,EOGHorizontalSignal,24
5,5,0.1,tshap_centroid,mrsqm,0.0,0.0,0.5136,0.17968311021994054,0.13879900734650952,1,0,0.4331335440001567,3.280199598520994e-05,EOGHorizontalSignal,24
5,5,0.2,tshap_centroid,mrsqm,0.0,0.0,0.4736,0.21981437032043405,0.19691426829367975,1,1,0.4331335440001567,3.280199598520994e-05,EOGHorizontalSignal,24
5,5,0.05,tshap_zero,tshap_train,0.0,0.0,0.104,0.48069512464663955,0.821945981140468,0,1,0.429557023999223,34.87487238999893,EOGHorizontalSignal,24
5,5,0.1,tshap_zero,tshap_train,0.0,0.0,0.1152,0.3787550740919655,0.5735736241316487,0,1,0.429557023999223,34.87487238999893,EOGHorizontalSignal,24
5,5,0.2,tshap_zero,tshap_train,0.0,0.0,0.2592,0.2480093397394556,0.4222311104020037,1,1,0.429557023999223,34.87487238999893,EOGHorizontalSignal,24
5,5,0.05,tshap_zero,mrsqm,0.0,0.0,0.1608,0.48069512464663955,0.06879493896097977,0,0,0.429557023999223,3.280199598520994e-05,EOGHorizontalSignal,24
5,5,0.1,tshap_zero,mrsqm,0.0,0.0,0.124,0.3787550740919655,0.13879900734650952,0,0,0.429557023999223,3.280199598520994e-05,EOGHorizontalSignal,24
5,5,0.2,tshap_zero,mrsqm,0.0,0.0,0.4496,0.2480093397394556,0.19691426829367975,1,1,0.429557023999223,3.280199598520994e-05,EOGHorizontalSignal,24
5,5,0.05,tshap_train,mrsqm,0.0,0.0,0.2648,0.821945981140468,0.06879493896097977,1,0,34.87487238999893,3.280199598520994e-05,EOGHorizontalSignal,24
5,5,0.1,tshap_train,mrsqm,0.0,0.0,0.2392,0.5735736241316487,0.13879900734650952,1,0,34.87487238999893,3.280199598520994e-05,EOGHorizontalSignal,24
5,5,0.2,tshap_train,mrsqm,0.02459016393442623,0.048,0.1904,0.4222311104020037,0.19691426829367975,1,1,34.87487238999893,3.280199598520994e-05,EOGHorizontalSignal,24
11,11,0.05,hydra,shapley_sampling,0.0,0.0,0.2176,-0.2718419474752316,-0.3101574980951731,0,0,0.8934306070004823,1.321636426000623,EOGHorizontalSignal,202
11,11,0.1,hydra,shapley_sampling,0.21951219512195122,0.36,0.064,-0.2973188755347378,-0.32084196953484256,0,0,0.8934306070004823,1.321636426000623,EOGHorizontalSignal,202
11,11,0.2,hydra,shapley_sampling,0.0,0.0,0.2144,-0.2531636992920976,-0.10258407974554662,1,1,0.8934306070004823,1.321636426000623,EOGHorizontalSignal,202
11,11,0.05,hydra,feature_ablation,0.0,0.0,0.4192,-0.2718419474752316,0.06703500716805566,0,0,0.8934306070004823,0.0549508149997564,EOGHorizontalSignal,202
11,11,0.1,hydra,feature_ablation,0.0,0.0,0.4168,-0.2973188755347378,0.15503667369152452,0,0,0.8934306070004823,0.0549508149997564,EOGHorizontalSignal,202
11,11,0.2,hydra,feature_ablation,0.0,0.0,0.2664,-0.2531636992920976,0.3969621722505508,1,1,0.8934306070004823,0.0549508149997564,EOGHorizontalSignal,202
11,11,0.05,hydra,tshap_centroid,0.0,0.0,0.2088,-0.2718419474752316,-0.4950133485544981,0,0,0.8934306070004823,0.4399037929979386,EOGHorizontalSignal,202
11,11,0.1,hydra,tshap_centroid,0.0,0.0,0.2328,-0.2973188755347378,-0.4118383728028341,0,0,0.8934306070004823,0.4399037929979386,EOGHorizontalSignal,202
11,11,0.2,hydra,tshap_centroid,0.0,0.0,0.4088,-0.2531636992920976,0.02589605980771803,1,0,0.8934306070004823,0.4399037929979386,EOGHorizontalSignal,202
11,11,0.05,hydra,tshap_zero,0.0,0.0,0.156,-0.2718419474752316,-0.3283550696897257,0,0,0.8934306070004823,0.43526436999673024,EOGHorizontalSignal,202
11,11,0.1,hydra,tshap_zero,0.0,0.0,0.1824,-0.2973188755347378,-0.5239328952830322,0,0,0.8934306070004823,0.43526436999673024,EOGHorizontalSignal,202
11,11,0.2,hydra,tshap_zero,0.3157894736842105,0.48,0.104,-0.2531636992920976,-0.31545239369851874,1,1,0.8934306070004823,0.43526436999673024,EOGHorizontalSignal,202
11,11,0.05,hydra,tshap_train,0.0,0.0,0.2024,-0.2718419474752316,-0.5581961421206967,0,0,0.8934306070004823,34.52902878200257,EOGHorizontalSignal,202
11,11,0.1,hydra,tshap_train,0.0,0.0,0.22,-0.2973188755347378,-0.520656373419295,0,0,0.8934306070004823,34.52902878200257,EOGHorizontalSignal,202
11,11,0.2,hydra,tshap_train,0.34048257372654156,0.508,0.0984,-0.2531636992920976,-0.23866231795035198,1,1,0.8934306070004823,34.52902878200257,EOGHorizontalSignal,202
11,11,0.05,hydra,mrsqm,0.0,0.0,0.4696,-0.2718419474752316,0.1500053068427848,0,0,0.8934306070004823,3.2542004191782326e-05,EOGHorizontalSignal,202
11,11,0.1,hydra,mrsqm,0.0,0.0,0.4672,-0.2973188755347378,0.4866658106667786,0,1,0.8934306070004823,3.2542004191782326e-05,EOGHorizontalSignal,202
11,11,0.2,hydra,mrsqm,0.0,0.0,0.3168,-0.2531636992920976,0.8944708414214596,1,1,0.8934306070004823,3.2542004191782326e-05,EOGHorizontalSignal,202
11,11,0.05,shapley_sampling,feature_ablation,0.0,0.0,0.2016,-0.3101574980951731,0.06703500716805566,0,0,1.321636426000623,0.0549508149997564,EOGHorizontalSignal,202
11,11,0.1,shapley_sampling,feature_ablation,0.0,0.0,0.3528,-0.32084196953484256,0.15503667369152452,0,0,1.321636426000623,0.0549508149997564,EOGHorizontalSignal,202
11,11,0.2,shapley_sampling,feature_ablation,0.5873015873015873,0.74,0.052,-0.10258407974554662,0.3969621722505508,1,1,1.321636426000623,0.0549508149997564,EOGHorizontalSignal,202
11,11,0.05,shapley_sampling,tshap_centroid,0.6986301369863014,0.8225806451612904,0.0088,-0.3101574980951731,-0.4950133485544981,0,0,1.321636426000623,0.4399037929979386,EOGHorizontalSignal,202
11,11,0.1,shapley_sampling,tshap_centroid,0.0,0.0,0.1688,-0.32084196953484256,-0.4118383728028341,0,0,1.321636426000623,0.4399037929979386,EOGHorizontalSignal,202
11,11,0.2,shapley_sampling,tshap_centroid,0.0,0.0,0.6232,-0.10258407974554662,0.02589605980771803,1,0,1.321636426000623,0.4399037929979386,EOGHorizontalSignal,202
11,11,0.05,shapley_sampling,tshap_zero,0.0,0.0,0.0616,-0.3101574980951731,-0.3283550696897257,0,0,1.321636426000623,0.43526436999673024,EOGHorizontalSignal,202
11,11,0.1,shapley_sampling,tshap_zero,0.0,0.0,0.1184,-0.32084196953484256,-0.5239328952830322,0,0,1.321636426000623,0.43526436999673024,EOGHorizontalSignal,202
11,11,0.2,shapley_sampling,tshap_zero,0.28865979381443296,0.448,0.1104,-0.10258407974554662,-0.31545239369851874,1,1,1.321636426000623,0.43526436999673024,EOGHorizontalSignal,202
11,11,0.05,shapley_sampling,tshap_train,0.5308641975308642,0.6935483870967742,0.0152,-0.3101574980951731,-0.5581961421206967,0,0,1.321636426000623,34.52902878200257,EOGHorizontalSignal,202
11,11,0.1,shapley_sampling,tshap_train,0.0,0.0,0.156,-0.32084196953484256,-0.520656373419295,0,0,1.321636426000623,34.52902878200257,EOGHorizontalSignal,202
11,11,0.2,shapley_sampling,tshap_train,0.26582278481012656,0.42,0.116,-0.10258407974554662,-0.23866231795035198,1,1,1.321636426000623,34.52902878200257,EOGHorizontalSignal,202
11,11,0.05,shapley_sampling,mrsqm,0.0,0.0,0.252,-0.3101574980951731,0.1500053068427848,0,0,1.321636426000623,3.2542004191782326e-05,EOGHorizontalSignal,202
11,11,0.1,shapley_sampling,mrsqm,0.0,0.0,0.4032,-0.32084196953484256,0.4866658106667786,0,1,1.321636426000623,3.2542004191782326e-05,EOGHorizontalSignal,202
11,11,0.2,shapley_sampling,mrsqm,0.32275132275132273,0.488,0.1024,-0.10258407974554662,0.8944708414214596,1,1,1.321636426000623,3.2542004191782326e-05,EOGHorizontalSignal,202
11,11,0.05,feature_ablation,tshap_centroid,0.0,0.0,0.2104,0.06703500716805566,-0.4950133485544981,0,0,0.0549508149997564,0.4399037929979386,EOGHorizontalSignal,202
11,11,0.1,feature_ablation,tshap_centroid,0.0,0.0,0.184,0.15503667369152452,-0.4118383728028341,0,0,0.0549508149997564,0.4399037929979386,EOGHorizontalSignal,202
11,11,0.2,feature_ablation,tshap_centroid,0.0,0.0,0.6752,0.3969621722505508,0.02589605980771803,1,0,0.0549508149997564,0.4399037929979386,EOGHorizontalSignal,202
11,11,0.05,feature_ablation,tshap_zero,0.0,0.0,0.2632,0.06703500716805566,-0.3283550696897257,0,0,0.0549508149997564,0.43526436999673024,EOGHorizontalSignal,202
11,11,0.1,feature_ablation,tshap_zero,0.0,0.0,0.2344,0.15503667369152452,-0.5239328952830322,0,0,0.0549508149997564,0.43526436999673024,EOGHorizontalSignal,202
11,11,0.2,feature_ablation,tshap_zero,0.10375275938189846,0.188,0.1624,0.3969621722505508,-0.31545239369851874,1,1,0.0549508149997564,0.43526436999673024,EOGHorizontalSignal,202
11,11,0.05,feature_ablation,tshap_train,0.0,0.0,0.2168,0.06703500716805566,-0.5581961421206967,0,0,0.0549508149997564,34.52902878200257,EOGHorizontalSignal,202
11,11,0.1,feature_ablation,tshap_train,0.0,0.0,0.1968,0.15503667369152452,-0.520656373419295,0,0,0.0549508149997564,34.52902878200257,EOGHorizontalSignal,202
11,11,0.2,feature_ablation,tshap_train,0.08695652173913043,0.16,0.168,0.3969621722505508,-0.23866231795035198,1,1,0.0549508149997564,34.52902878200257,EOGHorizontalSignal,202
11,11,0.05,feature_ablation,mrsqm,0.0,0.0,0.0504,0.06703500716805566,0.1500053068427848,0,0,0.0549508149997564,3.2542004191782326e-05,EOGHorizontalSignal,202
11,11,0.1,feature_ablation,mrsqm,0.32978723404255317,0.496,0.0504,0.15503667369152452,0.4866658106667786,0,1,0.0549508149997564,3.2542004191782326e-05,EOGHorizontalSignal,202
11,11,0.2,feature_ablation,mrsqm,0.597444089456869,0.748,0.0504,0.3969621722505508,0.8944708414214596,1,1,0.0549508149997564,3.2542004191782326e-05,EOGHorizontalSignal,202
11,11,0.05,tshap_centroid,tshap_zero,0.0,0.0,0.0528,-0.4950133485544981,-0.3283550696897257,0,0,0.4399037929979386,0.43526436999673024,EOGHorizontalSignal,202
11,11,0.1,tshap_centroid,tshap_zero,0.32978723404255317,0.496,0.0504,-0.4118383728028341,-0.5239328952830322,0,0,0.4399037929979386,0.43526436999673024,EOGHorizontalSignal,202
11,11,0.2,tshap_centroid,tshap_zero,0.0,0.0,0.5128,0.02589605980771803,-0.31545239369851874,0,1,0.4399037929979386,0.43526436999673024,EOGHorizontalSignal,202
11,11,0.05,tshap_centroid,tshap_train,0.7714285714285715,0.8709677419354839,0.0064,-0.4950133485544981,-0.5581961421206967,0,0,0.4399037929979386,34.52902878200257,EOGHorizontalSignal,202
11,11,0.1,tshap_centroid,tshap_train,0.7730496453900709,0.872,0.0128,-0.4118383728028341,-0.520656373419295,0,0,0.4399037929979386,34.52902878200257,EOGHorizontalSignal,202
11,11,0.2,tshap_centroid,tshap_train,0.0,0.0,0.5072,0.02589605980771803,-0.23866231795035198,0,1,0.4399037929979386,34.52902878200257,EOGHorizontalSignal,202
11,11,0.05,tshap_centroid,mrsqm,0.0,0.0,0.2608,-0.4950133485544981,0.1500053068427848,0,0,0.4399037929979386,3.2542004191782326e-05,EOGHorizontalSignal,202
11,11,0.1,tshap_centroid,mrsqm,0.0,0.0,0.2344,-0.4118383728028341,0.4866658106667786,0,1,0.4399037929979386,3.2542004191782326e-05,EOGHorizontalSignal,202
11,11,0.2,tshap_centroid,mrsqm,0.0,0.0,0.7256,0.02589605980771803,0.8944708414214596,0,1,0.4399037929979386,3.2542004191782326e-05,EOGHorizontalSignal,202
11,11,0.05,tshap_zero,tshap_train,0.03333333333333333,0.06451612903225806,0.0464,-0.3283550696897257,-0.5581961421206967,0,0,0.43526436999673024,34.52902878200257,EOGHorizontalSignal,202
11,11,0.1,tshap_zero,tshap_train,0.45348837209302323,0.624,0.0376,-0.5239328952830322,-0.520656373419295,0,0,0.43526436999673024,34.52902878200257,EOGHorizontalSignal,202
11,11,0.2,tshap_zero,tshap_train,0.9455252918287937,0.972,0.0056,-0.31545239369851874,-0.23866231795035198,1,1,0.43526436999673024,34.52902878200257,EOGHorizontalSignal,202
11,11,0.05,tshap_zero,mrsqm,0.0,0.0,0.3136,-0.3283550696897257,0.1500053068427848,0,0,0.43526436999673024,3.2542004191782326e-05,EOGHorizontalSignal,202
11,11,0.1,tshap_zero,mrsqm,0.0,0.0,0.2848,-0.5239328952830322,0.4866658106667786,0,1,0.43526436999673024,3.2542004191782326e-05,EOGHorizontalSignal,202
11,11,0.2,tshap_zero,mrsqm,0.0,0.0,0.2128,-0.31545239369851874,0.8944708414214596,1,1,0.43526436999673024,3.2542004191782326e-05,EOGHorizontalSignal,202
11,11,0.05,tshap_train,mrsqm,0.0,0.0,0.2672,-0.5581961421206967,0.1500053068427848,0,0,34.52902878200257,3.2542004191782326e-05,EOGHorizontalSignal,202
11,11,0.1,tshap_train,mrsqm,0.0,0.0,0.2472,-0.520656373419295,0.4866658106667786,0,1,34.52902878200257,3.2542004191782326e-05,EOGHorizontalSignal,202
11,11,0.2,tshap_train,mrsqm,0.0,0.0,0.2184,-0.23866231795035198,0.8944708414214596,1,1,34.52902878200257,3.2542004191782326e-05,EOGHorizontalSignal,202
3,3,0.05,hydra,shapley_sampling,0.0,0.0,0.6016,0.0027285648386117245,0.7264258035171001,0,1,0.8947722760058241,1.30921313399449,EOGHorizontalSignal,356
3,3,0.1,hydra,shapley_sampling,0.0,0.0,0.6208,0.07729600543217341,0.9814295719221746,0,1,0.8947722760058241,1.30921313399449,EOGHorizontalSignal,356
3,3,0.2,hydra,shapley_sampling,0.0,0.0,0.5832,0.38954678378103624,1.1688072393741578,0,1,0.8947722760058241,1.30921313399449,EOGHorizontalSignal,356
3,3,0.05,hydra,feature_ablation,0.0,0.0,0.8032,0.0027285648386117245,0.0807338711554304,0,0,0.8947722760058241,0.054861245000211056,EOGHorizontalSignal,356
3,3,0.1,hydra,feature_ablation,0.0,0.0,0.872,0.07729600543217341,0.22930250119218454,0,0,0.8947722760058241,0.054861245000211056,EOGHorizontalSignal,356
3,3,0.2,hydra,feature_ablation,0.0,0.0,0.7848,0.38954678378103624,0.5401878054732687,0,1,0.8947722760058241,0.054861245000211056,EOGHorizontalSignal,356
3,3,0.05,hydra,tshap_centroid,0.0,0.0,0.6016,0.0027285648386117245,0.7264258104788116,0,1,0.8947722760058241,0.43564121999952476,EOGHorizontalSignal,356
3,3,0.1,hydra,tshap_centroid,0.0,0.0,0.6416,0.07729600543217341,0.8765832557042608,0,1,0.8947722760058241,0.43564121999952476,EOGHorizontalSignal,356
3,3,0.2,hydra,tshap_centroid,0.0,0.0,0.5928,0.38954678378103624,1.0599428537813989,0,1,0.8947722760058241,0.43564121999952476,EOGHorizontalSignal,356
3,3,0.05,hydra,tshap_zero,0.0,0.0,0.6008,0.0027285648386117245,0.7093093894662967,0,1,0.8947722760058241,0.43519881700194674,EOGHorizontalSignal,356
3,3,0.1,hydra,tshap_zero,0.0,0.0,0.648,0.07729600543217341,0.9079215800946709,0,1,0.8947722760058241,0.43519881700194674,EOGHorizontalSignal,356
3,3,0.2,hydra,tshap_zero,0.0,0.0,0.6264,0.38954678378103624,1.060245213718295,0,1,0.8947722760058241,0.43519881700194674,EOGHorizontalSignal,356
3,3,0.05,hydra,tshap_train,0.0,0.0,0.5864,0.0027285648386117245,0.6176491610671617,0,0,0.8947722760058241,34.63986359899718,EOGHorizontalSignal,356
3,3,0.1,hydra,tshap_train,0.0,0.0,0.6248,0.07729600543217341,0.9034248821786908,0,1,0.8947722760058241,34.63986359899718,EOGHorizontalSignal,356
3,3,0.2,hydra,tshap_train,0.0,0.0,0.56,0.38954678378103624,1.1184723671431664,0,1,0.8947722760058241,34.63986359899718,EOGHorizontalSignal,356
3,3,0.05,hydra,mrsqm,0.0,0.0,0.8536,0.0027285648386117245,0.16969669205932436,0,0,0.8947722760058241,3.244099934818223e-05,EOGHorizontalSignal,356
3,3,0.1,hydra,mrsqm,0.0,0.0,0.8728,0.07729600543217341,0.21937321229481999,0,0,0.8947722760058241,3.244099934818223e-05,EOGHorizontalSignal,356
3,3,0.2,hydra,mrsqm,0.0,0.0,0.7848,0.38954678378103624,0.5401878041258519,0,1,0.8947722760058241,3.244099934818223e-05,EOGHorizontalSignal,356
3,3,0.05,shapley_sampling,feature_ablation,0.0,0.0,0.2016,0.7264258035171001,0.0807338711554304,1,0,1.30921313399449,0.054861245000211056,EOGHorizontalSignal,356
3,3,0.1,shapley_sampling,feature_ablation,0.0,0.0,0.2512,0.9814295719221746,0.22930250119218454,1,0,1.30921313399449,0.054861245000211056,EOGHorizontalSignal,356
3,3,0.2,shapley_sampling,feature_ablation,0.0,0.0,0.2016,1.1688072393741578,0.5401878054732687,1,1,1.30921313399449,0.054861245000211056,EOGHorizontalSignal,356
3,3,0.05,shapley_sampling,tshap_centroid,1.0,1.0,0.0,0.7264258035171001,0.7264258104788116,1,1,1.30921313399449,0.43564121999952476,EOGHorizontalSignal,356
3,3,0.1,shapley_sampling,tshap_centroid,0.6556291390728477,0.792,0.0208,0.9814295719221746,0.8765832557042608,1,1,1.30921313399449,0.43564121999952476,EOGHorizontalSignal,356
3,3,0.2,shapley_sampling,tshap_centroid,0.9083969465648855,0.952,0.0096,1.1688072393741578,1.0599428537813989,1,1,1.30921313399449,0.43564121999952476,EOGHorizontalSignal,356
3,3,0.05,shapley_sampling,tshap_zero,0.9682539682539683,0.9838709677419355,0.0008,0.7264258035171001,0.7093093894662967,1,1,1.30921313399449,0.43519881700194674,EOGHorizontalSignal,356
3,3,0.1,shapley_sampling,tshap_zero,0.5723270440251572,0.728,0.0272,0.9814295719221746,0.9079215800946709,1,1,1.30921313399449,0.43519881700194674,EOGHorizontalSignal,356
3,3,0.2,shapley_sampling,tshap_zero,0.6447368421052632,0.784,0.0432,1.1688072393741578,1.060245213718295,1,1,1.30921313399449,0.43519881700194674,EOGHorizontalSignal,356
3,3,0.05,shapley_sampling,tshap_train,0.5308641975308642,0.6935483870967742,0.0152,0.7264258035171001,0.6176491610671617,1,0,1.30921313399449,34.63986359899718,EOGHorizontalSignal,356
3,3,0.1,shapley_sampling,tshap_train,0.9230769230769231,0.96,0.004,0.9814295719221746,0.9034248821786908,1,1,1.30921313399449,34.63986359899718,EOGHorizontalSignal,356
3,3,0.2,shapley_sampling,tshap_train,0.7921146953405018,0.884,0.0232,1.1688072393741578,1.1184723671431664,1,1,1.30921313399449,34.63986359899718,EOGHorizontalSignal,356
3,3,0.05,shapley_sampling,mrsqm,0.0,0.0,0.252,0.7264258035171001,0.16969669205932436,1,0,1.30921313399449,3.244099934818223e-05,EOGHorizontalSignal,356
3,3,0.1,shapley_sampling,mrsqm,0.0,0.0,0.252,0.9814295719221746,0.21937321229481999,1,0,1.30921313399449,3.244099934818223e-05,EOGHorizontalSignal,356
3,3,0.2,shapley_sampling,mrsqm,0.0,0.0,0.2016,1.1688072393741578,0.5401878041258519,1,1,1.30921313399449,3.244099934818223e-05,EOGHorizontalSignal,356
3,3,0.05,feature_ablation,tshap_centroid,0.0,0.0,0.2016,0.0807338711554304,0.7264258104788116,0,1,0.054861245000211056,0.43564121999952476,EOGHorizontalSignal,356
3,3,0.1,feature_ablation,tshap_centroid,0.0,0.0,0.2304,0.22930250119218454,0.8765832557042608,0,1,0.054861245000211056,0.43564121999952476,EOGHorizontalSignal,356
3,3,0.2,feature_ablation,tshap_centroid,0.02040816326530612,0.04,0.192,0.5401878054732687,1.0599428537813989,1,1,0.054861245000211056,0.43564121999952476,EOGHorizontalSignal,356
3,3,0.05,feature_ablation,tshap_zero,0.0,0.0,0.2024,0.0807338711554304,0.7093093894662967,0,1,0.054861245000211056,0.43519881700194674,EOGHorizontalSignal,356
3,3,0.1,feature_ablation,tshap_zero,0.0,0.0,0.224,0.22930250119218454,0.9079215800946709,0,1,0.054861245000211056,0.43519881700194674,EOGHorizontalSignal,356
3,3,0.2,feature_ablation,tshap_zero,0.11607142857142858,0.208,0.1584,0.5401878054732687,1.060245213718295,1,1,0.054861245000211056,0.43519881700194674,EOGHorizontalSignal,356
3,3,0.05,feature_ablation,tshap_train,0.0,0.0,0.2168,0.0807338711554304,0.6176491610671617,0,0,0.054861245000211056,34.63986359899718,EOGHorizontalSignal,356
3,3,0.1,feature_ablation,tshap_train,0.0,0.0,0.2472,0.22930250119218454,0.9034248821786908,0,1,0.054861245000211056,34.63986359899718,EOGHorizontalSignal,356
3,3,0.2,feature_ablation,tshap_train,0.0,0.0,0.2248,0.5401878054732687,1.1184723671431664,1,1,0.054861245000211056,34.63986359899718,EOGHorizontalSignal,356
3,3,0.05,feature_ablation,mrsqm,0.0,0.0,0.0504,0.0807338711554304,0.16969669205932436,0,0,0.054861245000211056,3.244099934818223e-05,EOGHorizontalSignal,356
3,3,0.1,feature_ablation,mrsqm,0.9841269841269841,0.992,0.0008,0.22930250119218454,0.21937321229481999,0,0,0.054861245000211056,3.244099934818223e-05,EOGHorizontalSignal,356
3,3,0.2,feature_ablation,mrsqm,1.0,1.0,0.0,0.5401878054732687,0.5401878041258519,1,1,0.054861245000211056,3.244099934818223e-05,EOGHorizontalSignal,356
3,3,0.05,tshap_centroid,tshap_zero,0.9682539682539683,0.9838709677419355,0.0008,0.7264258104788116,0.7093093894662967,1,1,0.43564121999952476,0.43519881700194674,EOGHorizontalSignal,356
3,3,0.1,tshap_centroid,tshap_zero,0.8796992481203008,0.936,0.0064,0.8765832557042608,0.9079215800946709,1,1,0.43564121999952476,0.43519881700194674,EOGHorizontalSignal,356
3,3,0.2,tshap_centroid,tshap_zero,0.7123287671232876,0.832,0.0336,1.0599428537813989,1.060245213718295,1,1,0.43564121999952476,0.43519881700194674,EOGHorizontalSignal,356
3,3,0.05,tshap_centroid,tshap_train,0.5308641975308642,0.6935483870967742,0.0152,0.7264258104788116,0.6176491610671617,1,0,0.43564121999952476,34.63986359899718,EOGHorizontalSignal,356
3,3,0.1,tshap_centroid,tshap_train,0.7123287671232876,0.832,0.0168,0.8765832557042608,0.9034248821786908,1,1,0.43564121999952476,34.63986359899718,EOGHorizontalSignal,356
3,3,0.2,tshap_centroid,tshap_train,0.718213058419244,0.836,0.0328,1.0599428537813989,1.1184723671431664,1,1,0.43564121999952476,34.63986359899718,EOGHorizontalSignal,356
3,3,0.05,tshap_centroid,mrsqm,0.0,0.0,0.252,0.7264258104788116,0.16969669205932436,1,0,0.43564121999952476,3.244099934818223e-05,EOGHorizontalSignal,356
3,3,0.1,tshap_centroid,mrsqm,0.0,0.0,0.2312,0.8765832557042608,0.21937321229481999,1,0,0.43564121999952476,3.244099934818223e-05,EOGHorizontalSignal,356
3,3,0.2,tshap_centroid,mrsqm,0.02040816326530612,0.04,0.192,1.0599428537813989,0.5401878041258519,1,1,0.43564121999952476,3.244099934818223e-05,EOGHorizontalSignal,356
3,3,0.05,tshap_zero,tshap_train,0.55,0.7096774193548387,0.0144,0.7093093894662967,0.6176491610671617,1,0,0.43519881700194674,34.63986359899718,EOGHorizontalSignal,356
3,3,0.1,tshap_zero,tshap_train,0.6233766233766234,0.768,0.0232,0.9079215800946709,0.9034248821786908,1,1,0.43519881700194674,34.63986359899718,EOGHorizontalSignal,356
3,3,0.2,tshap_zero,tshap_train,0.5015015015015015,0.668,0.0664,1.060245213718295,1.1184723671431664,1,1,0.43519881700194674,34.63986359899718,EOGHorizontalSignal,356
3,3,0.05,tshap_zero,mrsqm,0.0,0.0,0.2528,0.7093093894662967,0.16969669205932436,1,0,0.43519881700194674,3.244099934818223e-05,EOGHorizontalSignal,356
3,3,0.1,tshap_zero,mrsqm,0.0,0.0,0.2248,0.9079215800946709,0.21937321229481999,1,0,0.43519881700194674,3.244099934818223e-05,EOGHorizontalSignal,356
3,3,0.2,tshap_zero,mrsqm,0.11607142857142858,0.208,0.1584,1.060245213718295,0.5401878041258519,1,1,0.43519881700194674,3.244099934818223e-05,EOGHorizontalSignal,356
3,3,0.05,tshap_train,mrsqm,0.0,0.0,0.2672,0.6176491610671617,0.16969669205932436,0,0,34.63986359899718,3.244099934818223e-05,EOGHorizontalSignal,356
3,3,0.1,tshap_train,mrsqm,0.0,0.0,0.248,0.9034248821786908,0.21937321229481999,1,0,34.63986359899718,3.244099934818223e-05,EOGHorizontalSignal,356
3,3,0.2,tshap_train,mrsqm,0.0,0.0,0.2248,1.1184723671431664,0.5401878041258519,1,1,34.63986359899718,3.244099934818223e-05,EOGHorizontalSignal,356
10,10,0.05,hydra,shapley_sampling,0.3333333333333333,0.5,0.0248,0.7216157880251812,0.9162780544789275,1,1,0.9026083540011314,1.3330827459940338,EOGHorizontalSignal,320
10,10,0.1,hydra,shapley_sampling,0.5822784810126582,0.736,0.0264,1.453044252233112,1.140653631800044,1,1,0.9026083540011314,1.3330827459940338,EOGHorizontalSignal,320
10,10,0.2,hydra,shapley_sampling,0.49700598802395207,0.664,0.0672,1.7478376397107995,1.5123446194302717,1,1,0.9026083540011314,1.3330827459940338,EOGHorizontalSignal,320
10,10,0.05,hydra,feature_ablation,0.3191489361702128,0.4838709677419355,0.0256,0.7216157880251812,0.5136479319616178,1,1,0.9026083540011314,0.05781546200159937,EOGHorizontalSignal,320
10,10,0.1,hydra,feature_ablation,0.0,0.0,0.276,1.453044252233112,0.5155988739993764,1,1,0.9026083540011314,0.05781546200159937,EOGHorizontalSignal,320
10,10,0.2,hydra,feature_ablation,0.0,0.0,0.2336,1.7478376397107995,0.48822345853376437,1,1,0.9026083540011314,0.05781546200159937,EOGHorizontalSignal,320
10,10,0.05,hydra,tshap_centroid,0.0,0.0,0.0528,0.7216157880251812,0.35018363282966347,1,1,0.9026083540011314,0.4569035590029671,EOGHorizontalSignal,320
10,10,0.1,hydra,tshap_centroid,0.5432098765432098,0.704,0.0296,1.453044252233112,0.852888154739148,1,1,0.9026083540011314,0.4569035590029671,EOGHorizontalSignal,320
10,10,0.2,hydra,tshap_centroid,0.9230769230769231,0.96,0.008,1.7478376397107995,1.7244863431922903,1,1,0.9026083540011314,0.4569035590029671,EOGHorizontalSignal,320
10,10,0.05,hydra,tshap_zero,0.1588785046728972,0.27419354838709675,0.036,0.7216157880251812,0.5944960226229843,1,1,0.9026083540011314,0.4403137150002294,EOGHorizontalSignal,320
10,10,0.1,hydra,tshap_zero,0.7985611510791367,0.888,0.0112,1.453044252233112,1.3796074438649661,1,1,0.9026083540011314,0.4403137150002294,EOGHorizontalSignal,320
10,10,0.2,hydra,tshap_zero,0.8867924528301887,0.94,0.012,1.7478376397107995,1.6123803707921929,1,1,0.9026083540011314,0.4403137150002294,EOGHorizontalSignal,320
10,10,0.05,hydra,tshap_train,0.7971014492753623,0.8870967741935484,0.0056,0.7216157880251812,0.7438685613044923,1,1,0.9026083540011314,34.926007353002205,EOGHorizontalSignal,320
10,10,0.1,hydra,tshap_train,0.7985611510791367,0.888,0.0112,1.453044252233112,1.4589532033554753,1,1,0.9026083540011314,34.926007353002205,EOGHorizontalSignal,320
10,10,0.2,hydra,tshap_train,0.8796992481203008,0.936,0.0128,1.7478376397107995,1.5902504460789522,1,1,0.9026083540011314,34.926007353002205,EOGHorizontalSignal,320
10,10,0.05,hydra,mrsqm,0.0,0.0,0.3776,0.7216157880251812,0.30518898677019113,1,1,0.9026083540011314,3.261100209783763e-05,EOGHorizontalSignal,320
10,10,0.1,hydra,mrsqm,0.0,0.0,0.3264,1.453044252233112,0.43709323026456304,1,1,0.9026083540011314,3.261100209783763e-05,EOGHorizontalSignal,320
10,10,0.2,hydra,mrsqm,0.0,0.0,0.2352,1.7478376397107995,0.4755491235710637,1,1,0.9026083540011314,3.261100209783763e-05,EOGHorizontalSignal,320
10,10,0.05,shapley_sampling,feature_ablation,0.0,0.0,0.0504,0.9162780544789275,0.5136479319616178,1,1,1.3330827459940338,0.05781546200159937,EOGHorizontalSignal,320
10,10,0.1,shapley_sampling,feature_ablation,0.0,0.0,0.3024,1.140653631800044,0.5155988739993764,1,1,1.3330827459940338,0.05781546200159937,EOGHorizontalSignal,320
10,10,0.2,shapley_sampling,feature_ablation,0.0,0.0,0.3008,1.5123446194302717,0.48822345853376437,1,1,1.3330827459940338,0.05781546200159937,EOGHorizontalSignal,320
10,10,0.05,shapley_sampling,tshap_centroid,0.27835051546391754,0.43548387096774194,0.028,0.9162780544789275,0.35018363282966347,1,1,1.3330827459940338,0.4569035590029671,EOGHorizontalSignal,320
10,10,0.1,shapley_sampling,tshap_centroid,0.28205128205128205,0.44,0.056,1.140653631800044,0.852888154739148,1,1,1.3330827459940338,0.4569035590029671,EOGHorizontalSignal,320
10,10,0.2,shapley_sampling,tshap_centroid,0.45348837209302323,0.624,0.0752,1.5123446194302717,1.7244863431922903,1,1,1.3330827459940338,0.4569035590029671,EOGHorizontalSignal,320
10,10,0.05,shapley_sampling,tshap_zero,0.631578947368421,0.7741935483870968,0.0112,0.9162780544789275,0.5944960226229843,1,1,1.3330827459940338,0.4403137150002294,EOGHorizontalSignal,320
10,10,0.1,shapley_sampling,tshap_zero,0.45348837209302323,0.624,0.0376,1.140653631800044,1.3796074438649661,1,1,1.3330827459940338,0.4403137150002294,EOGHorizontalSignal,320
10,10,0.2,shapley_sampling,tshap_zero,0.567398119122257,0.724,0.0552,1.5123446194302717,1.6123803707921929,1,1,1.3330827459940338,0.4403137150002294,EOGHorizontalSignal,320
10,10,0.05,shapley_sampling,tshap_train,0.4418604651162791,0.6129032258064516,0.0192,0.9162780544789275,0.7438685613044923,1,1,1.3330827459940338,34.926007353002205,EOGHorizontalSignal,320
10,10,0.1,shapley_sampling,tshap_train,0.7361111111111112,0.848,0.0152,1.140653631800044,1.4589532033554753,1,1,1.3330827459940338,34.926007353002205,EOGHorizontalSignal,320
10,10,0.2,shapley_sampling,tshap_train,0.5723270440251572,0.728,0.0544,1.5123446194302717,1.5902504460789522,1,1,1.3330827459940338,34.926007353002205,EOGHorizontalSignal,320
10,10,0.05,shapley_sampling,mrsqm,0.0,0.0,0.3528,0.9162780544789275,0.30518898677019113,1,1,1.3330827459940338,3.261100209783763e-05,EOGHorizontalSignal,320
10,10,0.1,shapley_sampling,mrsqm,0.0,0.0,0.3528,1.140653631800044,0.43709323026456304,1,1,1.3330827459940338,3.261100209783763e-05,EOGHorizontalSignal,320
10,10,0.2,shapley_sampling,mrsqm,0.0,0.0,0.3024,1.5123446194302717,0.4755491235710637,1,1,1.3330827459940338,3.261100209783763e-05,EOGHorizontalSignal,320
10,10,0.05,feature_ablation,tshap_centroid,0.0,0.0,0.0784,0.5136479319616178,0.35018363282966347,1,1,0.05781546200159937,0.4569035590029671,EOGHorizontalSignal,320
10,10,0.1,feature_ablation,tshap_centroid,0.0,0.0,0.2464,0.5155988739993764,0.852888154739148,1,1,0.05781546200159937,0.4569035590029671,EOGHorizontalSignal,320
10,10,0.2,feature_ablation,tshap_centroid,0.0,0.0,0.2256,0.48822345853376437,1.7244863431922903,1,1,0.05781546200159937,0.4569035590029671,EOGHorizontalSignal,320
10,10,0.05,feature_ablation,tshap_zero,0.0,0.0,0.0616,0.5136479319616178,0.5944960226229843,1,1,0.05781546200159937,0.4403137150002294,EOGHorizontalSignal,320
10,10,0.1,feature_ablation,tshap_zero,0.0,0.0,0.2648,0.5155988739993764,1.3796074438649661,1,1,0.05781546200159937,0.4403137150002294,EOGHorizontalSignal,320
10,10,0.2,feature_ablation,tshap_zero,0.0,0.0,0.2456,0.48822345853376437,1.6123803707921929,1,1,0.05781546200159937,0.4403137150002294,EOGHorizontalSignal,320
10,10,0.05,feature_ablation,tshap_train,0.22772277227722773,0.3709677419354839,0.0312,0.5136479319616178,0.7438685613044923,1,1,0.05781546200159937,34.926007353002205,EOGHorizontalSignal,320
10,10,0.1,feature_ablation,tshap_train,0.0,0.0,0.2872,0.5155988739993764,1.4589532033554753,1,1,0.05781546200159937,34.926007353002205,EOGHorizontalSignal,320
10,10,0.2,feature_ablation,tshap_train,0.0,0.0,0.2464,0.48822345853376437,1.5902504460789522,1,1,0.05781546200159937,34.926007353002205,EOGHorizontalSignal,320
10,10,0.05,feature_ablation,mrsqm,0.0,0.0,0.4032,0.5136479319616178,0.30518898677019113,1,1,0.05781546200159937,3.261100209783763e-05,EOGHorizontalSignal,320
10,10,0.1,feature_ablation,mrsqm,0.32978723404255317,0.496,0.0504,0.5155988739993764,0.43709323026456304,1,1,0.05781546200159937,3.261100209783763e-05,EOGHorizontalSignal,320
10,10,0.2,feature_ablation,mrsqm,0.9841269841269841,0.992,0.0016,0.48822345853376437,0.4755491235710637,1,1,0.05781546200159937,3.261100209783763e-05,EOGHorizontalSignal,320
10,10,0.05,tshap_centroid,tshap_zero,0.4939759036144578,0.6612903225806451,0.0168,0.35018363282966347,0.5944960226229843,1,1,0.4569035590029671,0.4403137150002294,EOGHorizontalSignal,320
10,10,0.1,tshap_centroid,tshap_zero,0.6891891891891891,0.816,0.0184,0.852888154739148,1.3796074438649661,1,1,0.4569035590029671,0.4403137150002294,EOGHorizontalSignal,320
10,10,0.2,tshap_centroid,tshap_zero,0.8181818181818182,0.9,0.02,1.7244863431922903,1.6123803707921929,1,1,0.4569035590029671,0.4403137150002294,EOGHorizontalSignal,320
10,10,0.05,tshap_centroid,tshap_train,0.024793388429752067,0.04838709677419355,0.0472,0.35018363282966347,0.7438685613044923,1,1,0.4569035590029671,34.926007353002205,EOGHorizontalSignal,320
10,10,0.1,tshap_centroid,tshap_train,0.42045454545454547,0.592,0.0408,0.852888154739148,1.4589532033554753,1,1,0.4569035590029671,34.926007353002205,EOGHorizontalSignal,320
10,10,0.2,tshap_centroid,tshap_train,0.8115942028985508,0.896,0.0208,1.7244863431922903,1.5902504460789522,1,1,0.4569035590029671,34.926007353002205,EOGHorizontalSignal,320
10,10,0.05,tshap_centroid,mrsqm,0.0,0.0,0.3248,0.35018363282966347,0.30518898677019113,1,1,0.4569035590029671,3.261100209783763e-05,EOGHorizontalSignal,320
10,10,0.1,tshap_centroid,mrsqm,0.0,0.0,0.2968,0.852888154739148,0.43709323026456304,1,1,0.4569035590029671,3.261100209783763e-05,EOGHorizontalSignal,320
10,10,0.2,tshap_centroid,mrsqm,0.0,0.0,0.2272,1.7244863431922903,0.4755491235710637,1,1,0.4569035590029671,3.261100209783763e-05,EOGHorizontalSignal,320
10,10,0.05,tshap_zero,tshap_train,0.24,0.3870967741935484,0.0304,0.5944960226229843,0.7438685613044923,1,1,0.4403137150002294,34.926007353002205,EOGHorizontalSignal,320
10,10,0.1,tshap_zero,tshap_train,0.6339869281045751,0.776,0.0224,1.3796074438649661,1.4589532033554753,1,1,0.4403137150002294,34.926007353002205,EOGHorizontalSignal,320
10,10,0.2,tshap_zero,tshap_train,0.9920318725099602,0.996,0.0008,1.6123803707921929,1.5902504460789522,1,1,0.4403137150002294,34.926007353002205,EOGHorizontalSignal,320
10,10,0.05,tshap_zero,mrsqm,0.0,0.0,0.3416,0.5944960226229843,0.30518898677019113,1,1,0.4403137150002294,3.261100209783763e-05,EOGHorizontalSignal,320
10,10,0.1,tshap_zero,mrsqm,0.0,0.0,0.3152,1.3796074438649661,0.43709323026456304,1,1,0.4403137150002294,3.261100209783763e-05,EOGHorizontalSignal,320
10,10,0.2,tshap_zero,mrsqm,0.0,0.0,0.2472,1.6123803707921929,0.4755491235710637,1,1,0.4403137150002294,3.261100209783763e-05,EOGHorizontalSignal,320
10,10,0.05,tshap_train,mrsqm,0.0,0.0,0.372,0.7438685613044923,0.30518898677019113,1,1,34.926007353002205,3.261100209783763e-05,EOGHorizontalSignal,320
10,10,0.1,tshap_train,mrsqm,0.0,0.0,0.3376,1.4589532033554753,0.43709323026456304,1,1,34.926007353002205,3.261100209783763e-05,EOGHorizontalSignal,320
10,10,0.2,tshap_train,mrsqm,0.0,0.0,0.248,1.5902504460789522,0.4755491235710637,1,1,34.926007353002205,3.261100209783763e-05,EOGHorizontalSignal,320
11,11,0.05,hydra,shapley_sampling,0.0,0.0,0.1736,0.3158329106628327,0.03524339556549405,0,0,0.8820471760045621,1.2738713639992056,EOGHorizontalSignal,322
11,11,0.1,hydra,shapley_sampling,0.0,0.0,0.12,0.05393568437411789,-0.2117658458360696,0,0,0.8820471760045621,1.2738713639992056,EOGHorizontalSignal,322
11,11,0.2,hydra,shapley_sampling,0.29533678756476683,0.456,0.1088,0.21777635559474295,-0.4455076213605522,0,0,0.8820471760045621,1.2738713639992056,EOGHorizontalSignal,322
11,11,0.05,hydra,feature_ablation,0.0,0.0,0.0728,0.3158329106628327,-0.005724129236363007,0,0,0.8820471760045621,0.05311965299915755,EOGHorizontalSignal,322
11,11,0.1,hydra,feature_ablation,0.6778523489932886,0.808,0.0192,0.05393568437411789,-0.021897938116704596,0,0,0.8820471760045621,0.05311965299915755,EOGHorizontalSignal,322
11,11,0.2,hydra,feature_ablation,0.3020833333333333,0.464,0.1072,0.21777635559474295,-0.4340728256877959,0,0,0.8820471760045621,0.05311965299915755,EOGHorizontalSignal,322
11,11,0.05,hydra,tshap_centroid,0.0,0.0,0.4512,0.3158329106628327,0.00019575106549418742,0,0,0.8820471760045621,0.42401415899803396,EOGHorizontalSignal,322
11,11,0.1,hydra,tshap_centroid,0.0,0.0,0.4792,0.05393568437411789,0.05705454711642455,0,0,0.8820471760045621,0.42401415899803396,EOGHorizontalSignal,322
11,11,0.2,hydra,tshap_centroid,0.0,0.0,0.3576,0.21777635559474295,0.2831097085262624,0,0,0.8820471760045621,0.42401415899803396,EOGHorizontalSignal,322
11,11,0.05,hydra,tshap_zero,0.0,0.0,0.1152,0.3158329106628327,-0.378145057357981,0,0,0.8820471760045621,0.43411020500207087,EOGHorizontalSignal,322
11,11,0.1,hydra,tshap_zero,0.07296137339055794,0.136,0.0864,0.05393568437411789,-0.2178286724859939,0,0,0.8820471760045621,0.43411020500207087,EOGHorizontalSignal,322
11,11,0.2,hydra,tshap_zero,0.2562814070351759,0.408,0.1184,0.21777635559474295,-0.5076561216281532,0,0,0.8820471760045621,0.43411020500207087,EOGHorizontalSignal,322
11,11,0.05,hydra,tshap_train,0.0,0.0,0.0896,0.3158329106628327,-0.007888642689132253,0,0,0.8820471760045621,34.99631958400278,EOGHorizontalSignal,322
11,11,0.1,hydra,tshap_train,0.25,0.4,0.06,0.05393568437411789,-0.30912353596341857,0,0,0.8820471760045621,34.99631958400278,EOGHorizontalSignal,322
11,11,0.2,hydra,tshap_train,0.4044943820224719,0.576,0.0848,0.21777635559474295,-0.5473379870970885,0,0,0.8820471760045621,34.99631958400278,EOGHorizontalSignal,322
11,11,0.05,hydra,mrsqm,0.0,0.0,0.3752,0.3158329106628327,0.23543602560740584,0,0,0.8820471760045621,3.528600063873455e-05,EOGHorizontalSignal,322
11,11,0.1,hydra,mrsqm,0.0,0.0,0.3216,0.05393568437411789,0.47512846762220784,0,0,0.8820471760045621,3.528600063873455e-05,EOGHorizontalSignal,322
11,11,0.2,hydra,mrsqm,0.0,0.0,0.3104,0.21777635559474295,0.8067641465695321,0,1,0.8820471760045621,3.528600063873455e-05,EOGHorizontalSignal,322
11,11,0.05,shapley_sampling,feature_ablation,0.0,0.0,0.1008,0.03524339556549405,-0.005724129236363007,0,0,1.2738713639992056,0.05311965299915755,EOGHorizontalSignal,322
11,11,0.1,shapley_sampling,feature_ablation,0.0,0.0,0.1008,-0.2117658458360696,-0.021897938116704596,0,0,1.2738713639992056,0.05311965299915755,EOGHorizontalSignal,322
11,11,0.2,shapley_sampling,feature_ablation,0.9841269841269841,0.992,0.0016,-0.4455076213605522,-0.4340728256877959,0,0,1.2738713639992056,0.05311965299915755,EOGHorizontalSignal,322
11,11,0.05,shapley_sampling,tshap_centroid,0.0,0.0,0.6248,0.03524339556549405,0.00019575106549418742,0,0,1.2738713639992056,0.42401415899803396,EOGHorizontalSignal,322
11,11,0.1,shapley_sampling,tshap_centroid,0.0,0.0,0.5992,-0.2117658458360696,0.05705454711642455,0,0,1.2738713639992056,0.42401415899803396,EOGHorizontalSignal,322
11,11,0.2,shapley_sampling,tshap_centroid,0.0,0.0,0.4664,-0.4455076213605522,0.2831097085262624,0,0,1.2738713639992056,0.42401415899803396,EOGHorizontalSignal,322
11,11,0.05,shapley_sampling,tshap_zero,0.0,0.0,0.0584,0.03524339556549405,-0.378145057357981,0,0,1.2738713639992056,0.43411020500207087,EOGHorizontalSignal,322
11,11,0.1,shapley_sampling,tshap_zero,0.49700598802395207,0.664,0.0336,-0.2117658458360696,-0.2178286724859939,0,0,1.2738713639992056,0.43411020500207087,EOGHorizontalSignal,322
11,11,0.2,shapley_sampling,tshap_zero,0.9083969465648855,0.952,0.0096,-0.4455076213605522,-0.5076561216281532,0,0,1.2738713639992056,0.43411020500207087,EOGHorizontalSignal,322
11,11,0.05,shapley_sampling,tshap_train,0.0,0.0,0.084,0.03524339556549405,-0.007888642689132253,0,0,1.2738713639992056,34.99631958400278,EOGHorizontalSignal,322
11,11,0.1,shapley_sampling,tshap_train,0.25,0.4,0.06,-0.2117658458360696,-0.30912353596341857,0,0,1.2738713639992056,34.99631958400278,EOGHorizontalSignal,322
11,11,0.2,shapley_sampling,tshap_train,0.7857142857142857,0.88,0.024,-0.4455076213605522,-0.5473379870970885,0,0,1.2738713639992056,34.99631958400278,EOGHorizontalSignal,322
11,11,0.05,shapley_sampling,mrsqm,0.0,0.0,0.2016,0.03524339556549405,0.23543602560740584,0,0,1.2738713639992056,3.528600063873455e-05,EOGHorizontalSignal,322
11,11,0.1,shapley_sampling,mrsqm,0.0,0.0,0.2016,-0.2117658458360696,0.47512846762220784,0,0,1.2738713639992056,3.528600063873455e-05,EOGHorizontalSignal,322
11,11,0.2,shapley_sampling,mrsqm,0.0,0.0,0.2016,-0.4455076213605522,0.8067641465695321,0,1,1.2738713639992056,3.528600063873455e-05,EOGHorizontalSignal,322
11,11,0.05,feature_ablation,tshap_centroid,0.0,0.0,0.524,-0.005724129236363007,0.00019575106549418742,0,0,0.05311965299915755,0.42401415899803396,EOGHorizontalSignal,322
11,11,0.1,feature_ablation,tshap_centroid,0.0,0.0,0.4984,-0.021897938116704596,0.05705454711642455,0,0,0.05311965299915755,0.42401415899803396,EOGHorizontalSignal,322
11,11,0.2,feature_ablation,tshap_centroid,0.0,0.0,0.4648,-0.4340728256877959,0.2831097085262624,0,0,0.05311965299915755,0.42401415899803396,EOGHorizontalSignal,322
11,11,0.05,feature_ablation,tshap_zero,0.0782608695652174,0.14516129032258066,0.0424,-0.005724129236363007,-0.378145057357981,0,0,0.05311965299915755,0.43411020500207087,EOGHorizontalSignal,322
11,11,0.1,feature_ablation,tshap_zero,0.19617224880382775,0.328,0.0672,-0.021897938116704596,-0.2178286724859939,0,0,0.05311965299915755,0.43411020500207087,EOGHorizontalSignal,322
11,11,0.2,feature_ablation,tshap_zero,0.8939393939393939,0.944,0.0112,-0.4340728256877959,-0.5076561216281532,0,0,0.05311965299915755,0.43411020500207087,EOGHorizontalSignal,322
11,11,0.05,feature_ablation,tshap_train,0.4939759036144578,0.6612903225806451,0.0168,-0.005724129236363007,-0.007888642689132253,0,0,0.05311965299915755,34.99631958400278,EOGHorizontalSignal,322
11,11,0.1,feature_ablation,tshap_train,0.42045454545454547,0.592,0.0408,-0.021897938116704596,-0.30912353596341857,0,0,0.05311965299915755,34.99631958400278,EOGHorizontalSignal,322
11,11,0.2,feature_ablation,tshap_train,0.7985611510791367,0.888,0.0224,-0.4340728256877959,-0.5473379870970885,0,0,0.05311965299915755,34.99631958400278,EOGHorizontalSignal,322
11,11,0.05,feature_ablation,mrsqm,0.0,0.0,0.3024,-0.005724129236363007,0.23543602560740584,0,0,0.05311965299915755,3.528600063873455e-05,EOGHorizontalSignal,322
11,11,0.1,feature_ablation,mrsqm,0.0,0.0,0.3024,-0.021897938116704596,0.47512846762220784,0,0,0.05311965299915755,3.528600063873455e-05,EOGHorizontalSignal,322
11,11,0.2,feature_ablation,mrsqm,0.0,0.0,0.2032,-0.4340728256877959,0.8067641465695321,0,1,0.05311965299915755,3.528600063873455e-05,EOGHorizontalSignal,322
11,11,0.05,tshap_centroid,tshap_zero,0.0,0.0,0.5664,0.00019575106549418742,-0.378145057357981,0,0,0.42401415899803396,0.43411020500207087,EOGHorizontalSignal,322
11,11,0.1,tshap_centroid,tshap_zero,0.0,0.0,0.5656,0.05705454711642455,-0.2178286724859939,0,0,0.42401415899803396,0.43411020500207087,EOGHorizontalSignal,322
11,11,0.2,tshap_centroid,tshap_zero,0.0,0.0,0.476,0.2831097085262624,-0.5076561216281532,0,0,0.42401415899803396,0.43411020500207087,EOGHorizontalSignal,322
11,11,0.05,tshap_centroid,tshap_train,0.0,0.0,0.5408,0.00019575106549418742,-0.007888642689132253,0,0,0.42401415899803396,34.99631958400278,EOGHorizontalSignal,322
11,11,0.1,tshap_centroid,tshap_train,0.0,0.0,0.5392,0.05705454711642455,-0.30912353596341857,0,0,0.42401415899803396,34.99631958400278,EOGHorizontalSignal,322
11,11,0.2,tshap_centroid,tshap_train,0.0,0.0,0.4424,0.2831097085262624,-0.5473379870970885,0,0,0.42401415899803396,34.99631958400278,EOGHorizontalSignal,322
11,11,0.05,tshap_centroid,mrsqm,0.0,0.0,0.8264,0.00019575106549418742,0.23543602560740584,0,0,0.42401415899803396,3.528600063873455e-05,EOGHorizontalSignal,322
11,11,0.1,tshap_centroid,mrsqm,0.0,0.0,0.8008,0.05705454711642455,0.47512846762220784,0,0,0.42401415899803396,3.528600063873455e-05,EOGHorizontalSignal,322
11,11,0.2,tshap_centroid,mrsqm,0.0,0.0,0.668,0.2831097085262624,0.8067641465695321,0,1,0.42401415899803396,3.528600063873455e-05,EOGHorizontalSignal,322
11,11,0.05,tshap_zero,tshap_train,0.3191489361702128,0.4838709677419355,0.0256,-0.378145057357981,-0.007888642689132253,0,0,0.43411020500207087,34.99631958400278,EOGHorizontalSignal,322
11,11,0.1,tshap_zero,tshap_train,0.5822784810126582,0.736,0.0264,-0.2178286724859939,-0.30912353596341857,0,0,0.43411020500207087,34.99631958400278,EOGHorizontalSignal,322
11,11,0.2,tshap_zero,tshap_train,0.7123287671232876,0.832,0.0336,-0.5076561216281532,-0.5473379870970885,0,0,0.43411020500207087,34.99631958400278,EOGHorizontalSignal,322
11,11,0.05,tshap_zero,mrsqm,0.0,0.0,0.26,-0.378145057357981,0.23543602560740584,0,0,0.43411020500207087,3.528600063873455e-05,EOGHorizontalSignal,322
11,11,0.1,tshap_zero,mrsqm,0.0,0.0,0.2352,-0.2178286724859939,0.47512846762220784,0,0,0.43411020500207087,3.528600063873455e-05,EOGHorizontalSignal,322
11,11,0.2,tshap_zero,mrsqm,0.02040816326530612,0.04,0.192,-0.5076561216281532,0.8067641465695321,0,1,0.43411020500207087,3.528600063873455e-05,EOGHorizontalSignal,322
11,11,0.05,tshap_train,mrsqm,0.0,0.0,0.2856,-0.007888642689132253,0.23543602560740584,0,0,34.99631958400278,3.528600063873455e-05,EOGHorizontalSignal,322
11,11,0.1,tshap_train,mrsqm,0.0,0.0,0.2616,-0.30912353596341857,0.47512846762220784,0,0,34.99631958400278,3.528600063873455e-05,EOGHorizontalSignal,322
11,11,0.2,tshap_train,mrsqm,0.0,0.0,0.2256,-0.5473379870970885,0.8067641465695321,0,1,34.99631958400278,3.528600063873455e-05,EOGHorizontalSignal,322
7,7,0.05,hydra,shapley_sampling,0.0,0.0,0.0904,0.7403550619261023,0.5947404093534062,0,1,0.877158392999263,1.3042116389988223,EOGHorizontalSignal,169
7,7,0.1,hydra,shapley_sampling,0.0,0.0,0.1344,0.7114429270517237,0.6167443161699779,1,1,0.877158392999263,1.3042116389988223,EOGHorizontalSignal,169
7,7,0.2,hydra,shapley_sampling,0.9841269841269841,0.992,0.0016,0.7001313701531393,0.7258939459796736,1,1,0.877158392999263,1.3042116389988223,EOGHorizontalSignal,169
7,7,0.05,hydra,feature_ablation,0.10714285714285714,0.1935483870967742,0.04,0.7403550619261023,1.1647093946250082,0,1,0.877158392999263,0.05424964200210525,EOGHorizontalSignal,169
7,7,0.1,hydra,feature_ablation,0.0,0.0,0.2864,0.7114429270517237,0.10368502413789882,1,0,0.877158392999263,0.05424964200210525,EOGHorizontalSignal,169
7,7,0.2,hydra,feature_ablation,0.0,0.0,0.2536,0.7001313701531393,0.48428209402102174,1,1,0.877158392999263,0.05424964200210525,EOGHorizontalSignal,169
7,7,0.05,hydra,tshap_centroid,0.0,0.0,0.0496,0.7403550619261023,0.7405128647646004,0,1,0.877158392999263,0.4402239759947406,EOGHorizontalSignal,169
7,7,0.1,hydra,tshap_centroid,0.19047619047619047,0.32,0.068,0.7114429270517237,0.937325803197689,1,1,0.877158392999263,0.4402239759947406,EOGHorizontalSignal,169
7,7,0.2,hydra,tshap_centroid,0.6129032258064516,0.76,0.048,0.7001313701531393,0.6947469817082059,1,1,0.877158392999263,0.4402239759947406,EOGHorizontalSignal,169
7,7,0.05,hydra,tshap_zero,0.569620253164557,0.7258064516129032,0.0136,0.7403550619261023,0.8491503001381079,0,1,0.877158392999263,0.44223047800187487,EOGHorizontalSignal,169
7,7,0.1,hydra,tshap_zero,0.524390243902439,0.688,0.0312,0.7114429270517237,1.2336275887672912,1,1,0.877158392999263,0.44223047800187487,EOGHorizontalSignal,169
7,7,0.2,hydra,tshap_zero,0.8382352941176471,0.912,0.0176,0.7001313701531393,0.7106964168973715,1,1,0.877158392999263,0.44223047800187487,EOGHorizontalSignal,169
7,7,0.05,hydra,tshap_train,0.7714285714285715,0.8709677419354839,0.0064,0.7403550619261023,0.8211802094712195,0,1,0.877158392999263,34.999338756002544,EOGHorizontalSignal,169
7,7,0.1,hydra,tshap_train,0.6447368421052632,0.784,0.0216,0.7114429270517237,1.064082839852446,1,1,0.877158392999263,34.999338756002544,EOGHorizontalSignal,169
7,7,0.2,hydra,tshap_train,0.8115942028985508,0.896,0.0208,0.7001313701531393,0.7195117333086143,1,1,0.877158392999263,34.999338756002544,EOGHorizontalSignal,169
7,7,0.05,hydra,mrsqm,0.0,0.0,0.3424,0.7403550619261023,0.21000908813976882,0,0,0.877158392999263,3.4304997825529426e-05,EOGHorizontalSignal,169
7,7,0.1,hydra,mrsqm,0.0,0.0,0.3368,0.7114429270517237,0.18995069906476625,1,0,0.877158392999263,3.4304997825529426e-05,EOGHorizontalSignal,169
7,7,0.2,hydra,mrsqm,0.0,0.0,0.2536,0.7001313701531393,0.48428214136849146,1,1,0.877158392999263,3.4304997825529426e-05,EOGHorizontalSignal,169
7,7,0.05,shapley_sampling,feature_ablation,0.0,0.0,0.0504,0.5947404093534062,1.1647093946250082,1,1,1.3042116389988223,0.05424964200210525,EOGHorizontalSignal,169
7,7,0.1,shapley_sampling,feature_ablation,0.0,0.0,0.152,0.6167443161699779,0.10368502413789882,1,0,1.3042116389988223,0.05424964200210525,EOGHorizontalSignal,169
7,7,0.2,shapley_sampling,feature_ablation,0.0,0.0,0.252,0.7258939459796736,0.48428209402102174,1,1,1.3042116389988223,0.05424964200210525,EOGHorizontalSignal,169
7,7,0.05,shapley_sampling,tshap_centroid,0.09734513274336283,0.1774193548387097,0.0408,0.5947404093534062,0.7405128647646004,1,1,1.3042116389988223,0.4402239759947406,EOGHorizontalSignal,169
7,7,0.1,shapley_sampling,tshap_centroid,0.20192307692307693,0.336,0.0664,0.6167443161699779,0.937325803197689,1,1,1.3042116389988223,0.4402239759947406,EOGHorizontalSignal,169
7,7,0.2,shapley_sampling,tshap_centroid,0.6233766233766234,0.768,0.0464,0.7258939459796736,0.6947469817082059,1,1,1.3042116389988223,0.4402239759947406,EOGHorizontalSignal,169
7,7,0.05,shapley_sampling,tshap_zero,0.0,0.0,0.0768,0.5947404093534062,0.8491503001381079,1,1,1.3042116389988223,0.44223047800187487,EOGHorizontalSignal,169
7,7,0.1,shapley_sampling,tshap_zero,0.0,0.0,0.1032,0.6167443161699779,1.2336275887672912,1,1,1.3042116389988223,0.44223047800187487,EOGHorizontalSignal,169
7,7,0.2,shapley_sampling,tshap_zero,0.8248175182481752,0.904,0.0192,0.7258939459796736,0.7106964168973715,1,1,1.3042116389988223,0.44223047800187487,EOGHorizontalSignal,169
7,7,0.05,shapley_sampling,tshap_train,0.0,0.0,0.084,0.5947404093534062,0.8211802094712195,1,1,1.3042116389988223,34.999338756002544,EOGHorizontalSignal,169
7,7,0.1,shapley_sampling,tshap_train,0.0,0.0,0.1128,0.6167443161699779,1.064082839852446,1,1,1.3042116389988223,34.999338756002544,EOGHorizontalSignal,169
7,7,0.2,shapley_sampling,tshap_train,0.7985611510791367,0.888,0.0224,0.7258939459796736,0.7195117333086143,1,1,1.3042116389988223,34.999338756002544,EOGHorizontalSignal,169
7,7,0.05,shapley_sampling,mrsqm,0.0,0.0,0.252,0.5947404093534062,0.21000908813976882,1,0,1.3042116389988223,3.4304997825529426e-05,EOGHorizontalSignal,169
7,7,0.1,shapley_sampling,mrsqm,0.0,0.0,0.2024,0.6167443161699779,0.18995069906476625,1,0,1.3042116389988223,3.4304997825529426e-05,EOGHorizontalSignal,169
7,7,0.2,shapley_sampling,mrsqm,0.0,0.0,0.252,0.7258939459796736,0.48428214136849146,1,1,1.3042116389988223,3.4304997825529426e-05,EOGHorizontalSignal,169
7,7,0.05,feature_ablation,tshap_centroid,0.6756756756756757,0.8064516129032258,0.0096,1.1647093946250082,0.7405128647646004,1,1,0.05424964200210525,0.4402239759947406,EOGHorizontalSignal,169
7,7,0.1,feature_ablation,tshap_centroid,0.0,0.0,0.2184,0.10368502413789882,0.937325803197689,0,1,0.05424964200210525,0.4402239759947406,EOGHorizontalSignal,169
7,7,0.2,feature_ablation,tshap_centroid,0.0,0.0,0.2056,0.48428209402102174,0.6947469817082059,1,1,0.05424964200210525,0.4402239759947406,EOGHorizontalSignal,169
7,7,0.05,feature_ablation,tshap_zero,0.30526315789473685,0.46774193548387094,0.0264,1.1647093946250082,0.8491503001381079,1,1,0.05424964200210525,0.44223047800187487,EOGHorizontalSignal,169
7,7,0.1,feature_ablation,tshap_zero,0.0,0.0,0.2552,0.10368502413789882,1.2336275887672912,0,1,0.05424964200210525,0.44223047800187487,EOGHorizontalSignal,169
7,7,0.2,feature_ablation,tshap_zero,0.0,0.0,0.2712,0.48428209402102174,0.7106964168973715,1,1,0.05424964200210525,0.44223047800187487,EOGHorizontalSignal,169
7,7,0.05,feature_ablation,tshap_train,0.19230769230769232,0.3225806451612903,0.0336,1.1647093946250082,0.8211802094712195,1,1,0.05424964200210525,34.999338756002544,EOGHorizontalSignal,169
7,7,0.1,feature_ablation,tshap_train,0.0,0.0,0.2648,0.10368502413789882,1.064082839852446,0,1,0.05424964200210525,34.999338756002544,EOGHorizontalSignal,169
7,7,0.2,feature_ablation,tshap_train,0.0,0.0,0.2744,0.48428209402102174,0.7195117333086143,1,1,0.05424964200210525,34.999338756002544,EOGHorizontalSignal,169
7,7,0.05,feature_ablation,mrsqm,0.0,0.0,0.3024,1.1647093946250082,0.21000908813976882,1,0,0.05424964200210525,3.4304997825529426e-05,EOGHorizontalSignal,169
7,7,0.1,feature_ablation,mrsqm,0.32978723404255317,0.496,0.0504,0.10368502413789882,0.18995069906476625,0,0,0.05424964200210525,3.4304997825529426e-05,EOGHorizontalSignal,169
7,7,0.2,feature_ablation,mrsqm,1.0,1.0,0.0,0.48428209402102174,0.48428214136849146,1,1,0.05424964200210525,3.4304997825529426e-05,EOGHorizontalSignal,169
7,7,0.05,tshap_centroid,tshap_zero,0.1588785046728972,0.27419354838709675,0.036,0.7405128647646004,0.8491503001381079,1,1,0.4402239759947406,0.44223047800187487,EOGHorizontalSignal,169
7,7,0.1,tshap_centroid,tshap_zero,0.4619883040935672,0.632,0.0368,0.937325803197689,1.2336275887672912,1,1,0.4402239759947406,0.44223047800187487,EOGHorizontalSignal,169
7,7,0.2,tshap_centroid,tshap_zero,0.5060240963855421,0.672,0.0656,0.6947469817082059,0.7106964168973715,1,1,0.4402239759947406,0.44223047800187487,EOGHorizontalSignal,169
7,7,0.05,tshap_centroid,tshap_train,0.06896551724137931,0.12903225806451613,0.0432,0.7405128647646004,0.8211802094712195,1,1,0.4402239759947406,34.999338756002544,EOGHorizontalSignal,169
7,7,0.1,tshap_centroid,tshap_train,0.366120218579235,0.536,0.0464,0.937325803197689,1.064082839852446,1,1,0.4402239759947406,34.999338756002544,EOGHorizontalSignal,169
7,7,0.2,tshap_centroid,tshap_train,0.4880952380952381,0.656,0.0688,0.6947469817082059,0.7195117333086143,1,1,0.4402239759947406,34.999338756002544,EOGHorizontalSignal,169
7,7,0.05,tshap_centroid,mrsqm,0.0,0.0,0.2928,0.7405128647646004,0.21000908813976882,1,0,0.4402239759947406,3.4304997825529426e-05,EOGHorizontalSignal,169
7,7,0.1,tshap_centroid,mrsqm,0.0,0.0,0.2688,0.937325803197689,0.18995069906476625,1,0,0.4402239759947406,3.4304997825529426e-05,EOGHorizontalSignal,169
7,7,0.2,tshap_centroid,mrsqm,0.0,0.0,0.2056,0.6947469817082059,0.48428214136849146,1,1,0.4402239759947406,3.4304997825529426e-05,EOGHorizontalSignal,169
7,7,0.05,tshap_zero,tshap_train,0.7464788732394366,0.8548387096774194,0.0072,0.8491503001381079,0.8211802094712195,1,1,0.44223047800187487,34.999338756002544,EOGHorizontalSignal,169
7,7,0.1,tshap_zero,tshap_train,0.8248175182481752,0.904,0.0096,1.2336275887672912,1.064082839852446,1,1,0.44223047800187487,34.999338756002544,EOGHorizontalSignal,169
7,7,0.2,tshap_zero,tshap_train,0.968503937007874,0.984,0.0032,0.7106964168973715,0.7195117333086143,1,1,0.44223047800187487,34.999338756002544,EOGHorizontalSignal,169
7,7,0.05,tshap_zero,mrsqm,0.0,0.0,0.3288,0.8491503001381079,0.21000908813976882,1,0,0.44223047800187487,3.4304997825529426e-05,EOGHorizontalSignal,169
7,7,0.1,tshap_zero,mrsqm,0.0,0.0,0.3056,1.2336275887672912,0.18995069906476625,1,0,0.44223047800187487,3.4304997825529426e-05,EOGHorizontalSignal,169
7,7,0.2,tshap_zero,mrsqm,0.0,0.0,0.2712,0.7106964168973715,0.48428214136849146,1,1,0.44223047800187487,3.4304997825529426e-05,EOGHorizontalSignal,169
7,7,0.05,tshap_train,mrsqm,0.0,0.0,0.336,0.8211802094712195,0.21000908813976882,1,0,34.999338756002544,3.4304997825529426e-05,EOGHorizontalSignal,169
7,7,0.1,tshap_train,mrsqm,0.0,0.0,0.3152,1.064082839852446,0.18995069906476625,1,0,34.999338756002544,3.4304997825529426e-05,EOGHorizontalSignal,169
7,7,0.2,tshap_train,mrsqm,0.0,0.0,0.2744,0.7195117333086143,0.48428214136849146,1,1,34.999338756002544,3.4304997825529426e-05,EOGHorizontalSignal,169
8,8,0.05,hydra,shapley_sampling,0.14814814814814814,0.25806451612903225,0.0368,-0.0064922870410715205,0.29485417328523933,0,0,0.8940059719971032,1.3276900440032477,EOGHorizontalSignal,294
8,8,0.1,hydra,shapley_sampling,0.37362637362637363,0.544,0.0456,0.7113174262190483,0.1604817333389762,1,1,0.8940059719971032,1.3276900440032477,EOGHorizontalSignal,294
8,8,0.2,hydra,shapley_sampling,0.3888888888888889,0.56,0.088,0.4790878278481529,0.7428252579986272,1,1,0.8940059719971032,1.3276900440032477,EOGHorizontalSignal,294
8,8,0.05,hydra,feature_ablation,0.0,0.0,0.0872,-0.0064922870410715205,-0.15087062931008421,0,0,0.8940059719971032,0.057052896001550835,EOGHorizontalSignal,294
8,8,0.1,hydra,feature_ablation,0.366120218579235,0.536,0.0464,0.7113174262190483,0.1575970129889085,1,1,0.8940059719971032,0.057052896001550835,EOGHorizontalSignal,294
8,8,0.2,hydra,feature_ablation,0.6835016835016835,0.812,0.0376,0.4790878278481529,0.9179549851194376,1,1,0.8940059719971032,0.057052896001550835,EOGHorizontalSignal,294
8,8,0.05,hydra,tshap_centroid,0.09734513274336283,0.1774193548387097,0.0408,-0.0064922870410715205,0.22740650561486964,0,0,0.8940059719971032,0.45343556300213095,EOGHorizontalSignal,294
8,8,0.1,hydra,tshap_centroid,0.5337423312883436,0.696,0.0304,0.7113174262190483,0.17551923051238327,1,0,0.8940059719971032,0.45343556300213095,EOGHorizontalSignal,294
8,8,0.2,hydra,tshap_centroid,0.7543859649122807,0.86,0.028,0.4790878278481529,0.8962377143041463,1,1,0.8940059719971032,0.45343556300213095,EOGHorizontalSignal,294
8,8,0.05,hydra,tshap_zero,0.0,0.0,0.2952,-0.0064922870410715205,-0.24166690295749305,0,0,0.8940059719971032,0.4429225919957389,EOGHorizontalSignal,294
8,8,0.1,hydra,tshap_zero,0.0,0.0,0.2632,0.7113174262190483,-0.22787738644125988,1,0,0.8940059719971032,0.4429225919957389,EOGHorizontalSignal,294
8,8,0.2,hydra,tshap_zero,0.05042016806722689,0.096,0.1808,0.4790878278481529,-0.2011440556813905,1,0,0.8940059719971032,0.4429225919957389,EOGHorizontalSignal,294
8,8,0.05,hydra,tshap_train,0.47619047619047616,0.6451612903225806,0.0176,-0.0064922870410715205,0.1321442041227764,0,0,0.8940059719971032,35.012981232997845,EOGHorizontalSignal,294
8,8,0.1,hydra,tshap_train,0.7605633802816901,0.864,0.0136,0.7113174262190483,0.39683946939363796,1,1,0.8940059719971032,35.012981232997845,EOGHorizontalSignal,294
8,8,0.2,hydra,tshap_train,0.4925373134328358,0.66,0.068,0.4790878278481529,0.29721565722823373,1,1,0.8940059719971032,35.012981232997845,EOGHorizontalSignal,294
8,8,0.05,hydra,mrsqm,0.0,0.0,0.3896,-0.0064922870410715205,-0.039824977527563865,0,0,0.8940059719971032,3.582700446713716e-05,EOGHorizontalSignal,294
8,8,0.1,hydra,mrsqm,0.0,0.0,0.3488,0.7113174262190483,-0.1745597156805342,1,0,0.8940059719971032,3.582700446713716e-05,EOGHorizontalSignal,294
8,8,0.2,hydra,mrsqm,0.0,0.0,0.2912,0.4790878278481529,-0.22803143860545527,1,1,0.8940059719971032,3.582700446713716e-05,EOGHorizontalSignal,294
8,8,0.05,shapley_sampling,feature_ablation,0.0,0.0,0.0504,0.29485417328523933,-0.15087062931008421,0,0,1.3276900440032477,0.057052896001550835,EOGHorizontalSignal,294
8,8,0.1,shapley_sampling,feature_ablation,0.9841269841269841,0.992,0.0008,0.1604817333389762,0.1575970129889085,1,1,1.3276900440032477,0.057052896001550835,EOGHorizontalSignal,294
8,8,0.2,shapley_sampling,feature_ablation,0.597444089456869,0.748,0.0504,0.7428252579986272,0.9179549851194376,1,1,1.3276900440032477,0.057052896001550835,EOGHorizontalSignal,294
8,8,0.05,shapley_sampling,tshap_centroid,0.8507462686567164,0.9193548387096774,0.004,0.29485417328523933,0.22740650561486964,0,0,1.3276900440032477,0.45343556300213095,EOGHorizontalSignal,294
8,8,0.1,shapley_sampling,tshap_centroid,0.7361111111111112,0.848,0.0152,0.1604817333389762,0.17551923051238327,1,0,1.3276900440032477,0.45343556300213095,EOGHorizontalSignal,294
8,8,0.2,shapley_sampling,tshap_centroid,0.5384615384615384,0.7,0.06,0.7428252579986272,0.8962377143041463,1,1,1.3276900440032477,0.45343556300213095,EOGHorizontalSignal,294
8,8,0.05,shapley_sampling,tshap_zero,0.0,0.0,0.2584,0.29485417328523933,-0.24166690295749305,0,0,1.3276900440032477,0.4429225919957389,EOGHorizontalSignal,294
8,8,0.1,shapley_sampling,tshap_zero,0.0,0.0,0.2176,0.1604817333389762,-0.22787738644125988,1,0,1.3276900440032477,0.4429225919957389,EOGHorizontalSignal,294
8,8,0.2,shapley_sampling,tshap_zero,0.0,0.0,0.2688,0.7428252579986272,-0.2011440556813905,1,0,1.3276900440032477,0.4429225919957389,EOGHorizontalSignal,294
8,8,0.05,shapley_sampling,tshap_train,0.4418604651162791,0.6129032258064516,0.0192,0.29485417328523933,0.1321442041227764,0,0,1.3276900440032477,35.012981232997845,EOGHorizontalSignal,294
8,8,0.1,shapley_sampling,tshap_train,0.2562814070351759,0.408,0.0592,0.1604817333389762,0.39683946939363796,1,1,1.3276900440032477,35.012981232997845,EOGHorizontalSignal,294
8,8,0.2,shapley_sampling,tshap_train,0.12359550561797752,0.22,0.156,0.7428252579986272,0.29721565722823373,1,1,1.3276900440032477,35.012981232997845,EOGHorizontalSignal,294
8,8,0.05,shapley_sampling,mrsqm,0.0,0.0,0.3528,0.29485417328523933,-0.039824977527563865,0,0,1.3276900440032477,3.582700446713716e-05,EOGHorizontalSignal,294
8,8,0.1,shapley_sampling,mrsqm,0.0,0.0,0.3032,0.1604817333389762,-0.1745597156805342,1,0,1.3276900440032477,3.582700446713716e-05,EOGHorizontalSignal,294
8,8,0.2,shapley_sampling,mrsqm,0.0,0.0,0.2032,0.7428252579986272,-0.22803143860545527,1,1,1.3276900440032477,3.582700446713716e-05,EOGHorizontalSignal,294
8,8,0.05,feature_ablation,tshap_centroid,0.03333333333333333,0.06451612903225806,0.0464,-0.15087062931008421,0.22740650561486964,0,0,0.057052896001550835,0.45343556300213095,EOGHorizontalSignal,294
8,8,0.1,feature_ablation,tshap_centroid,0.7241379310344828,0.84,0.016,0.1575970129889085,0.17551923051238327,1,0,0.057052896001550835,0.45343556300213095,EOGHorizontalSignal,294
8,8,0.2,feature_ablation,tshap_centroid,0.9083969465648855,0.952,0.0096,0.9179549851194376,0.8962377143041463,1,1,0.057052896001550835,0.45343556300213095,EOGHorizontalSignal,294
8,8,0.05,feature_ablation,tshap_zero,0.0,0.0,0.208,-0.15087062931008421,-0.24166690295749305,0,0,0.057052896001550835,0.4429225919957389,EOGHorizontalSignal,294
8,8,0.1,feature_ablation,tshap_zero,0.0,0.0,0.2168,0.1575970129889085,-0.22787738644125988,1,0,0.057052896001550835,0.4429225919957389,EOGHorizontalSignal,294
8,8,0.2,feature_ablation,tshap_zero,0.0,0.0,0.2184,0.9179549851194376,-0.2011440556813905,1,0,0.057052896001550835,0.4429225919957389,EOGHorizontalSignal,294
8,8,0.05,feature_ablation,tshap_train,0.0,0.0,0.0696,-0.15087062931008421,0.1321442041227764,0,0,0.057052896001550835,35.012981232997845,EOGHorizontalSignal,294
8,8,0.1,feature_ablation,tshap_train,0.25,0.4,0.06,0.1575970129889085,0.39683946939363796,1,1,0.057052896001550835,35.012981232997845,EOGHorizontalSignal,294
8,8,0.2,feature_ablation,tshap_train,0.3089005235602094,0.472,0.1056,0.9179549851194376,0.29721565722823373,1,1,0.057052896001550835,35.012981232997845,EOGHorizontalSignal,294
8,8,0.05,feature_ablation,mrsqm,0.0,0.0,0.3024,-0.15087062931008421,-0.039824977527563865,0,0,0.057052896001550835,3.582700446713716e-05,EOGHorizontalSignal,294
8,8,0.1,feature_ablation,mrsqm,0.0,0.0,0.3024,0.1575970129889085,-0.1745597156805342,1,0,0.057052896001550835,3.582700446713716e-05,EOGHorizontalSignal,294
8,8,0.2,feature_ablation,mrsqm,0.0,0.0,0.2536,0.9179549851194376,-0.22803143860545527,1,1,0.057052896001550835,3.582700446713716e-05,EOGHorizontalSignal,294
8,8,0.05,tshap_centroid,tshap_zero,0.0,0.0,0.2544,0.22740650561486964,-0.24166690295749305,0,0,0.45343556300213095,0.4429225919957389,EOGHorizontalSignal,294
8,8,0.1,tshap_centroid,tshap_zero,0.0,0.0,0.2328,0.17551923051238327,-0.22787738644125988,0,0,0.45343556300213095,0.4429225919957389,EOGHorizontalSignal,294
8,8,0.2,tshap_centroid,tshap_zero,0.0,0.0,0.2088,0.8962377143041463,-0.2011440556813905,1,0,0.45343556300213095,0.4429225919957389,EOGHorizontalSignal,294
8,8,0.05,tshap_centroid,tshap_train,0.3626373626373626,0.532258064516129,0.0232,0.22740650561486964,0.1321442041227764,0,0,0.45343556300213095,35.012981232997845,EOGHorizontalSignal,294
8,8,0.1,tshap_centroid,tshap_train,0.3888888888888889,0.56,0.044,0.17551923051238327,0.39683946939363796,0,1,0.45343556300213095,35.012981232997845,EOGHorizontalSignal,294
8,8,0.2,tshap_centroid,tshap_train,0.35135135135135137,0.52,0.096,0.8962377143041463,0.29721565722823373,1,1,0.45343556300213095,35.012981232997845,EOGHorizontalSignal,294
8,8,0.05,tshap_centroid,mrsqm,0.0,0.0,0.3488,0.22740650561486964,-0.039824977527563865,0,0,0.45343556300213095,3.582700446713716e-05,EOGHorizontalSignal,294
8,8,0.1,tshap_centroid,mrsqm,0.0,0.0,0.3184,0.17551923051238327,-0.1745597156805342,0,0,0.45343556300213095,3.582700446713716e-05,EOGHorizontalSignal,294
8,8,0.2,tshap_centroid,mrsqm,0.0,0.0,0.2632,0.8962377143041463,-0.22803143860545527,1,1,0.45343556300213095,3.582700446713716e-05,EOGHorizontalSignal,294
8,8,0.05,tshap_zero,tshap_train,0.0,0.0,0.2776,-0.24166690295749305,0.1321442041227764,0,0,0.4429225919957389,35.012981232997845,EOGHorizontalSignal,294
8,8,0.1,tshap_zero,tshap_train,0.0,0.0,0.2768,-0.22787738644125988,0.39683946939363796,0,1,0.4429225919957389,35.012981232997845,EOGHorizontalSignal,294
8,8,0.2,tshap_zero,tshap_train,0.27877237851662406,0.436,0.1128,-0.2011440556813905,0.29721565722823373,0,1,0.4429225919957389,35.012981232997845,EOGHorizontalSignal,294
8,8,0.05,tshap_zero,mrsqm,0.0,0.0,0.0944,-0.24166690295749305,-0.039824977527563865,0,0,0.4429225919957389,3.582700446713716e-05,EOGHorizontalSignal,294
8,8,0.1,tshap_zero,mrsqm,0.07758620689655173,0.144,0.0856,-0.22787738644125988,-0.1745597156805342,0,0,0.4429225919957389,3.582700446713716e-05,EOGHorizontalSignal,294
8,8,0.2,tshap_zero,mrsqm,0.0,0.0,0.472,-0.2011440556813905,-0.22803143860545527,0,1,0.4429225919957389,3.582700446713716e-05,EOGHorizontalSignal,294
8,8,0.05,tshap_train,mrsqm,0.0,0.0,0.372,0.1321442041227764,-0.039824977527563865,0,0,35.012981232997845,3.582700446713716e-05,EOGHorizontalSignal,294
8,8,0.1,tshap_train,mrsqm,0.0,0.0,0.3624,0.39683946939363796,-0.1745597156805342,1,0,35.012981232997845,3.582700446713716e-05,EOGHorizontalSignal,294
8,8,0.2,tshap_train,mrsqm,0.0,0.0,0.3592,0.29721565722823373,-0.22803143860545527,1,1,35.012981232997845,3.582700446713716e-05,EOGHorizontalSignal,294
6,6,0.05,hydra,shapley_sampling,0.0,0.0,0.1304,0.08896259484674218,0.04093212465287932,1,1,0.881929264003702,1.291857317002723,EOGHorizontalSignal,38
6,6,0.1,hydra,shapley_sampling,0.26262626262626265,0.416,0.0584,-0.13747000676340215,-0.10078924164306236,1,1,0.881929264003702,1.291857317002723,EOGHorizontalSignal,38
6,6,0.2,hydra,shapley_sampling,0.5527950310559007,0.712,0.0576,-1.151455874106111,-0.5837672764731274,0,1,0.881929264003702,1.291857317002723,EOGHorizontalSignal,38
6,6,0.05,hydra,feature_ablation,0.0,0.0,0.5184,0.08896259484674218,0.12817539433701775,1,1,0.881929264003702,0.05410603200289188,EOGHorizontalSignal,38
6,6,0.1,hydra,feature_ablation,0.0,0.0,0.54,-0.13747000676340215,-0.024482830791719867,1,1,0.881929264003702,0.05410603200289188,EOGHorizontalSignal,38
6,6,0.2,hydra,feature_ablation,0.0,0.0,0.5896,-1.151455874106111,-0.8915310412685546,0,0,0.881929264003702,0.05410603200289188,EOGHorizontalSignal,38
6,6,0.05,hydra,tshap_centroid,0.0,0.0,0.0648,0.08896259484674218,0.4184082692368891,1,1,0.881929264003702,0.4389854719993309,EOGHorizontalSignal,38
6,6,0.1,hydra,tshap_centroid,0.6891891891891891,0.816,0.0184,-0.13747000676340215,-0.2031336286902089,1,1,0.881929264003702,0.4389854719993309,EOGHorizontalSignal,38
6,6,0.2,hydra,tshap_centroid,0.9920318725099602,0.996,0.0008,-1.151455874106111,-1.1279840092646434,0,0,0.881929264003702,0.4389854719993309,EOGHorizontalSignal,38
6,6,0.05,hydra,tshap_zero,0.0,0.0,0.46,0.08896259484674218,0.08298947634752818,1,1,0.881929264003702,0.43264350099343574,EOGHorizontalSignal,38
6,6,0.1,hydra,tshap_zero,0.0,0.0,0.4928,-0.13747000676340215,-0.2031055534250884,1,0,0.881929264003702,0.43264350099343574,EOGHorizontalSignal,38
6,6,0.2,hydra,tshap_zero,0.0,0.0,0.5,-1.151455874106111,-0.9994982857063672,0,0,0.881929264003702,0.43264350099343574,EOGHorizontalSignal,38
6,6,0.05,hydra,tshap_train,0.0,0.0,0.0928,0.08896259484674218,0.17842035442206006,1,1,0.881929264003702,34.644226209995395,EOGHorizontalSignal,38
6,6,0.1,hydra,tshap_train,0.34408602150537637,0.512,0.0488,-0.13747000676340215,-0.06627915613854529,1,1,0.881929264003702,34.644226209995395,EOGHorizontalSignal,38
6,6,0.2,hydra,tshap_train,0.6778523489932886,0.808,0.0384,-1.151455874106111,-0.7332187848886402,0,1,0.881929264003702,34.644226209995395,EOGHorizontalSignal,38
6,6,0.05,hydra,mrsqm,0.0,0.0,0.3824,0.08896259484674218,-0.10864115144520481,1,0,0.881929264003702,3.2871997973416e-05,EOGHorizontalSignal,38
6,6,0.1,hydra,mrsqm,0.0,0.0,0.3104,-0.13747000676340215,-0.4928557011272283,1,0,0.881929264003702,3.2871997973416e-05,EOGHorizontalSignal,38
6,6,0.2,hydra,mrsqm,0.0,0.0,0.2104,-1.151455874106111,-1.1428972564896411,0,0,0.881929264003702,3.2871997973416e-05,EOGHorizontalSignal,38
6,6,0.05,shapley_sampling,feature_ablation,0.0,0.0,0.6488,0.04093212465287932,0.12817539433701775,1,1,1.291857317002723,0.05410603200289188,EOGHorizontalSignal,38
6,6,0.1,shapley_sampling,feature_ablation,0.0,0.0,0.5984,-0.10078924164306236,-0.024482830791719867,1,1,1.291857317002723,0.05410603200289188,EOGHorizontalSignal,38
6,6,0.2,shapley_sampling,feature_ablation,0.0,0.0,0.6472,-0.5837672764731274,-0.8915310412685546,1,0,1.291857317002723,0.05410603200289188,EOGHorizontalSignal,38
6,6,0.05,shapley_sampling,tshap_centroid,0.0,0.0,0.0656,0.04093212465287932,0.4184082692368891,1,1,1.291857317002723,0.4389854719993309,EOGHorizontalSignal,38
6,6,0.1,shapley_sampling,tshap_centroid,0.42857142857142855,0.6,0.04,-0.10078924164306236,-0.2031336286902089,1,1,1.291857317002723,0.4389854719993309,EOGHorizontalSignal,38
6,6,0.2,shapley_sampling,tshap_centroid,0.5479876160990712,0.708,0.0584,-0.5837672764731274,-1.1279840092646434,1,0,1.291857317002723,0.4389854719993309,EOGHorizontalSignal,38
6,6,0.05,shapley_sampling,tshap_zero,0.0,0.0,0.5904,0.04093212465287932,0.08298947634752818,1,1,1.291857317002723,0.43264350099343574,EOGHorizontalSignal,38
6,6,0.1,shapley_sampling,tshap_zero,0.0,0.0,0.5512,-0.10078924164306236,-0.2031055534250884,1,0,1.291857317002723,0.43264350099343574,EOGHorizontalSignal,38
6,6,0.2,shapley_sampling,tshap_zero,0.0,0.0,0.5576,-0.5837672764731274,-0.9994982857063672,1,0,1.291857317002723,0.43264350099343574,EOGHorizontalSignal,38
6,6,0.05,shapley_sampling,tshap_train,0.13761467889908258,0.24193548387096775,0.0376,0.04093212465287932,0.17842035442206006,1,1,1.291857317002723,34.644226209995395,EOGHorizontalSignal,38
6,6,0.1,shapley_sampling,tshap_train,0.8248175182481752,0.904,0.0096,-0.10078924164306236,-0.06627915613854529,1,1,1.291857317002723,34.644226209995395,EOGHorizontalSignal,38
6,6,0.2,shapley_sampling,tshap_train,0.8248175182481752,0.904,0.0192,-0.5837672764731274,-0.7332187848886402,1,1,1.291857317002723,34.644226209995395,EOGHorizontalSignal,38
6,6,0.05,shapley_sampling,mrsqm,0.0,0.0,0.252,0.04093212465287932,-0.10864115144520481,1,0,1.291857317002723,3.2871997973416e-05,EOGHorizontalSignal,38
6,6,0.1,shapley_sampling,mrsqm,0.0,0.0,0.252,-0.10078924164306236,-0.4928557011272283,1,0,1.291857317002723,3.2871997973416e-05,EOGHorizontalSignal,38
6,6,0.2,shapley_sampling,mrsqm,0.13378684807256236,0.236,0.1528,-0.5837672764731274,-1.1428972564896411,1,0,1.291857317002723,3.2871997973416e-05,EOGHorizontalSignal,38
6,6,0.05,feature_ablation,tshap_centroid,0.0,0.0,0.5832,0.12817539433701775,0.4184082692368891,1,1,0.05410603200289188,0.4389854719993309,EOGHorizontalSignal,38
6,6,0.1,feature_ablation,tshap_centroid,0.0,0.0,0.5584,-0.024482830791719867,-0.2031336286902089,1,1,0.05410603200289188,0.4389854719993309,EOGHorizontalSignal,38
6,6,0.2,feature_ablation,tshap_centroid,0.0,0.0,0.5888,-0.8915310412685546,-1.1279840092646434,0,0,0.05410603200289188,0.4389854719993309,EOGHorizontalSignal,38
6,6,0.05,feature_ablation,tshap_zero,0.0,0.0,0.0584,0.12817539433701775,0.08298947634752818,1,1,0.05410603200289188,0.43264350099343574,EOGHorizontalSignal,38
6,6,0.1,feature_ablation,tshap_zero,0.358695652173913,0.528,0.0472,-0.024482830791719867,-0.2031055534250884,1,0,0.05410603200289188,0.43264350099343574,EOGHorizontalSignal,38
6,6,0.2,feature_ablation,tshap_zero,0.3812154696132597,0.552,0.0896,-0.8915310412685546,-0.9994982857063672,0,0,0.05410603200289188,0.43264350099343574,EOGHorizontalSignal,38
6,6,0.05,feature_ablation,tshap_train,0.0,0.0,0.6112,0.12817539433701775,0.17842035442206006,1,1,0.05410603200289188,34.644226209995395,EOGHorizontalSignal,38
6,6,0.1,feature_ablation,tshap_train,0.0,0.0,0.5888,-0.024482830791719867,-0.06627915613854529,1,1,0.05410603200289188,34.644226209995395,EOGHorizontalSignal,38
6,6,0.2,feature_ablation,tshap_train,0.0,0.0,0.628,-0.8915310412685546,-0.7332187848886402,0,1,0.05410603200289188,34.644226209995395,EOGHorizontalSignal,38
6,6,0.05,feature_ablation,mrsqm,0.0,0.0,0.9008,0.12817539433701775,-0.10864115144520481,1,0,0.05410603200289188,3.2871997973416e-05,EOGHorizontalSignal,38
6,6,0.1,feature_ablation,mrsqm,0.0,0.0,0.8504,-0.024482830791719867,-0.4928557011272283,1,0,0.05410603200289188,3.2871997973416e-05,EOGHorizontalSignal,38
6,6,0.2,feature_ablation,mrsqm,0.0,0.0,0.8,-0.8915310412685546,-1.1428972564896411,0,0,0.05410603200289188,3.2871997973416e-05,EOGHorizontalSignal,38
6,6,0.05,tshap_centroid,tshap_zero,0.0,0.0,0.5248,0.4184082692368891,0.08298947634752818,1,1,0.4389854719993309,0.43264350099343574,EOGHorizontalSignal,38
6,6,0.1,tshap_centroid,tshap_zero,0.0,0.0,0.5112,-0.2031336286902089,-0.2031055534250884,1,0,0.4389854719993309,0.43264350099343574,EOGHorizontalSignal,38
6,6,0.2,tshap_centroid,tshap_zero,0.0,0.0,0.4992,-1.1279840092646434,-0.9994982857063672,0,0,0.4389854719993309,0.43264350099343574,EOGHorizontalSignal,38
6,6,0.05,tshap_centroid,tshap_train,0.27835051546391754,0.43548387096774194,0.028,0.4184082692368891,0.17842035442206006,1,1,0.4389854719993309,34.644226209995395,EOGHorizontalSignal,38
6,6,0.1,tshap_centroid,tshap_train,0.5337423312883436,0.696,0.0304,-0.2031336286902089,-0.06627915613854529,1,1,0.4389854719993309,34.644226209995395,EOGHorizontalSignal,38
6,6,0.2,tshap_centroid,tshap_train,0.6722408026755853,0.804,0.0392,-1.1279840092646434,-0.7332187848886402,0,1,0.4389854719993309,34.644226209995395,EOGHorizontalSignal,38
6,6,0.05,tshap_centroid,mrsqm,0.0,0.0,0.3176,0.4184082692368891,-0.10864115144520481,1,0,0.4389854719993309,3.2871997973416e-05,EOGHorizontalSignal,38
6,6,0.1,tshap_centroid,mrsqm,0.0,0.0,0.292,-0.2031336286902089,-0.4928557011272283,1,0,0.4389854719993309,3.2871997973416e-05,EOGHorizontalSignal,38
6,6,0.2,tshap_centroid,mrsqm,0.0,0.0,0.2112,-1.1279840092646434,-1.1428972564896411,0,0,0.4389854719993309,3.2871997973416e-05,EOGHorizontalSignal,38
6,6,0.05,tshap_zero,tshap_train,0.0,0.0,0.5528,0.08298947634752818,0.17842035442206006,1,1,0.43264350099343574,34.644226209995395,EOGHorizontalSignal,38
6,6,0.1,tshap_zero,tshap_train,0.0,0.0,0.5416,-0.2031055534250884,-0.06627915613854529,0,1,0.43264350099343574,34.644226209995395,EOGHorizontalSignal,38
6,6,0.2,tshap_zero,tshap_train,0.0,0.0,0.5384,-0.9994982857063672,-0.7332187848886402,0,1,0.43264350099343574,34.644226209995395,EOGHorizontalSignal,38
6,6,0.05,tshap_zero,mrsqm,0.0,0.0,0.8424,0.08298947634752818,-0.10864115144520481,1,0,0.43264350099343574,3.2871997973416e-05,EOGHorizontalSignal,38
6,6,0.1,tshap_zero,mrsqm,0.0,0.0,0.8032,-0.2031055534250884,-0.4928557011272283,0,0,0.43264350099343574,3.2871997973416e-05,EOGHorizontalSignal,38
6,6,0.2,tshap_zero,mrsqm,0.0,0.0,0.7104,-0.9994982857063672,-1.1428972564896411,0,0,0.43264350099343574,3.2871997973416e-05,EOGHorizontalSignal,38
6,6,0.05,tshap_train,mrsqm,0.0,0.0,0.2896,0.17842035442206006,-0.10864115144520481,1,0,34.644226209995395,3.2871997973416e-05,EOGHorizontalSignal,38
6,6,0.1,tshap_train,mrsqm,0.0,0.0,0.2616,-0.06627915613854529,-0.4928557011272283,1,0,34.644226209995395,3.2871997973416e-05,EOGHorizontalSignal,38
6,6,0.2,tshap_train,mrsqm,0.07526881720430108,0.14,0.172,-0.7332187848886402,-1.1428972564896411,1,0,34.644226209995395,3.2871997973416e-05,EOGHorizontalSignal,38
5,5,0.05,hydra,shapley_sampling,0.0,0.0,0.0936,0.2071224907343402,0.8027797129967258,1,1,0.9171913749960368,1.3039201899955515,EOGHorizontalSignal,262
5,5,0.1,hydra,shapley_sampling,0.5151515151515151,0.68,0.032,0.3776591446109183,0.006441349820814013,1,0,0.9171913749960368,1.3039201899955515,EOGHorizontalSignal,262
5,5,0.2,hydra,shapley_sampling,0.6501650165016502,0.788,0.0424,0.6085487065220407,0.5683165517159489,1,1,0.9171913749960368,1.3039201899955515,EOGHorizontalSignal,262
5,5,0.05,hydra,feature_ablation,0.0,0.0,0.1944,0.2071224907343402,0.4660352130938118,1,1,0.9171913749960368,0.054651561003993265,EOGHorizontalSignal,262
5,5,0.1,hydra,feature_ablation,0.0,0.0,0.2192,0.3776591446109183,0.4135989347502471,1,1,0.9171913749960368,0.054651561003993265,EOGHorizontalSignal,262
5,5,0.2,hydra,feature_ablation,0.0,0.0,0.2928,0.6085487065220407,0.06912018392956232,1,1,0.9171913749960368,0.054651561003993265,EOGHorizontalSignal,262
5,5,0.05,hydra,tshap_centroid,0.0,0.0,0.264,0.2071224907343402,0.3313371270928275,1,1,0.9171913749960368,0.43630802600091556,EOGHorizontalSignal,262
5,5,0.1,hydra,tshap_centroid,0.0,0.0,0.2744,0.3776591446109183,0.1928035708728708,1,1,0.9171913749960368,0.43630802600091556,EOGHorizontalSignal,262
5,5,0.2,hydra,tshap_centroid,0.0,0.0,0.2696,0.6085487065220407,0.05704160808556069,1,1,0.9171913749960368,0.43630802600091556,EOGHorizontalSignal,262
5,5,0.05,hydra,tshap_zero,0.0,0.0,0.1168,0.2071224907343402,0.16379298674898402,1,1,0.9171913749960368,0.4325411880054162,EOGHorizontalSignal,262
5,5,0.1,hydra,tshap_zero,0.0,0.0,0.1424,0.3776591446109183,0.15786148661971489,1,1,0.9171913749960368,0.4325411880054162,EOGHorizontalSignal,262
5,5,0.2,hydra,tshap_zero,0.12866817155756208,0.228,0.1544,0.6085487065220407,0.20166130073391164,1,1,0.9171913749960368,0.4325411880054162,EOGHorizontalSignal,262
5,5,0.05,hydra,tshap_train,0.0,0.0,0.0728,0.2071224907343402,0.7656423146318503,1,1,0.9171913749960368,34.76597490399581,EOGHorizontalSignal,262
5,5,0.1,hydra,tshap_train,0.16279069767441862,0.28,0.072,0.3776591446109183,0.5010759859863874,1,1,0.9171913749960368,34.76597490399581,EOGHorizontalSignal,262
5,5,0.2,hydra,tshap_train,0.5197568389057751,0.684,0.0632,0.6085487065220407,0.5829977734039274,1,1,0.9171913749960368,34.76597490399581,EOGHorizontalSignal,262
5,5,0.05,hydra,mrsqm,0.0,0.0,0.3456,0.2071224907343402,0.0681900757967584,1,0,0.9171913749960368,3.656899934867397e-05,EOGHorizontalSignal,262
5,5,0.1,hydra,mrsqm,0.0,0.0,0.3208,0.3776591446109183,-0.006985273380250012,1,0,0.9171913749960368,3.656899934867397e-05,EOGHorizontalSignal,262
5,5,0.2,hydra,mrsqm,0.0,0.0,0.2944,0.6085487065220407,0.11986299362324693,1,1,0.9171913749960368,3.656899934867397e-05,EOGHorizontalSignal,262
5,5,0.05,shapley_sampling,feature_ablation,0.0,0.0,0.1008,0.8027797129967258,0.4660352130938118,1,1,1.3039201899955515,0.054651561003993265,EOGHorizontalSignal,262
5,5,0.1,shapley_sampling,feature_ablation,0.0,0.0,0.2512,0.006441349820814013,0.4135989347502471,0,1,1.3039201899955515,0.054651561003993265,EOGHorizontalSignal,262
5,5,0.2,shapley_sampling,feature_ablation,0.0,0.0,0.2504,0.5683165517159489,0.06912018392956232,1,1,1.3039201899955515,0.054651561003993265,EOGHorizontalSignal,262
5,5,0.05,shapley_sampling,tshap_centroid,0.0,0.0,0.3576,0.8027797129967258,0.3313371270928275,1,1,1.3039201899955515,0.43630802600091556,EOGHorizontalSignal,262
5,5,0.1,shapley_sampling,tshap_centroid,0.0,0.0,0.2424,0.006441349820814013,0.1928035708728708,0,1,1.3039201899955515,0.43630802600091556,EOGHorizontalSignal,262
5,5,0.2,shapley_sampling,tshap_centroid,0.0,0.0,0.312,0.5683165517159489,0.05704160808556069,1,1,1.3039201899955515,0.43630802600091556,EOGHorizontalSignal,262
5,5,0.05,shapley_sampling,tshap_zero,0.0,0.0,0.2104,0.8027797129967258,0.16379298674898402,1,1,1.3039201899955515,0.4325411880054162,EOGHorizontalSignal,262
5,5,0.1,shapley_sampling,tshap_zero,0.0,0.0,0.1104,0.006441349820814013,0.15786148661971489,0,1,1.3039201899955515,0.4325411880054162,EOGHorizontalSignal,262
5,5,0.2,shapley_sampling,tshap_zero,0.008064516129032258,0.016,0.1968,0.5683165517159489,0.20166130073391164,1,1,1.3039201899955515,0.4325411880054162,EOGHorizontalSignal,262
5,5,0.05,shapley_sampling,tshap_train,0.4090909090909091,0.5806451612903226,0.0208,0.8027797129967258,0.7656423146318503,1,1,1.3039201899955515,34.76597490399581,EOGHorizontalSignal,262
5,5,0.1,shapley_sampling,tshap_train,0.0,0.0,0.104,0.006441349820814013,0.5010759859863874,0,1,1.3039201899955515,34.76597490399581,EOGHorizontalSignal,262
5,5,0.2,shapley_sampling,tshap_train,0.8115942028985508,0.896,0.0208,0.5683165517159489,0.5829977734039274,1,1,1.3039201899955515,34.76597490399581,EOGHorizontalSignal,262
5,5,0.05,shapley_sampling,mrsqm,0.0,0.0,0.252,0.8027797129967258,0.0681900757967584,1,0,1.3039201899955515,3.656899934867397e-05,EOGHorizontalSignal,262
5,5,0.1,shapley_sampling,mrsqm,0.0,0.0,0.3528,0.006441349820814013,-0.006985273380250012,0,0,1.3039201899955515,3.656899934867397e-05,EOGHorizontalSignal,262
5,5,0.2,shapley_sampling,mrsqm,0.0,0.0,0.252,0.5683165517159489,0.11986299362324693,1,1,1.3039201899955515,3.656899934867397e-05,EOGHorizontalSignal,262
5,5,0.05,feature_ablation,tshap_centroid,0.0,0.0,0.4584,0.4660352130938118,0.3313371270928275,1,1,0.054651561003993265,0.43630802600091556,EOGHorizontalSignal,262
5,5,0.1,feature_ablation,tshap_centroid,0.0,0.0,0.4936,0.4135989347502471,0.1928035708728708,1,1,0.054651561003993265,0.43630802600091556,EOGHorizontalSignal,262
5,5,0.2,feature_ablation,tshap_centroid,0.0,0.0,0.5624,0.06912018392956232,0.05704160808556069,1,1,0.054651561003993265,0.43630802600091556,EOGHorizontalSignal,262
5,5,0.05,feature_ablation,tshap_zero,0.0,0.0,0.3112,0.4660352130938118,0.16379298674898402,1,1,0.054651561003993265,0.4325411880054162,EOGHorizontalSignal,262
5,5,0.1,feature_ablation,tshap_zero,0.0,0.0,0.3616,0.4135989347502471,0.15786148661971489,1,1,0.054651561003993265,0.4325411880054162,EOGHorizontalSignal,262
5,5,0.2,feature_ablation,tshap_zero,0.0,0.0,0.4472,0.06912018392956232,0.20166130073391164,1,1,0.054651561003993265,0.4325411880054162,EOGHorizontalSignal,262
5,5,0.05,feature_ablation,tshap_train,0.0,0.0,0.1216,0.4660352130938118,0.7656423146318503,1,1,0.054651561003993265,34.76597490399581,EOGHorizontalSignal,262
5,5,0.1,feature_ablation,tshap_train,0.0,0.0,0.1472,0.4135989347502471,0.5010759859863874,1,1,0.054651561003993265,34.76597490399581,EOGHorizontalSignal,262
5,5,0.2,feature_ablation,tshap_train,0.0,0.0,0.2296,0.06912018392956232,0.5829977734039274,1,1,0.054651561003993265,34.76597490399581,EOGHorizontalSignal,262
5,5,0.05,feature_ablation,mrsqm,0.0,0.0,0.1512,0.4660352130938118,0.0681900757967584,1,0,0.054651561003993265,3.656899934867397e-05,EOGHorizontalSignal,262
5,5,0.1,feature_ablation,mrsqm,0.0,0.0,0.1016,0.4135989347502471,-0.006985273380250012,1,0,0.054651561003993265,3.656899934867397e-05,EOGHorizontalSignal,262
5,5,0.2,feature_ablation,mrsqm,0.9841269841269841,0.992,0.0016,0.06912018392956232,0.11986299362324693,1,1,0.054651561003993265,3.656899934867397e-05,EOGHorizontalSignal,262
5,5,0.05,tshap_centroid,tshap_zero,0.0,0.0,0.1472,0.3313371270928275,0.16379298674898402,1,1,0.43630802600091556,0.4325411880054162,EOGHorizontalSignal,262
5,5,0.1,tshap_centroid,tshap_zero,0.0,0.0,0.132,0.1928035708728708,0.15786148661971489,1,1,0.43630802600091556,0.4325411880054162,EOGHorizontalSignal,262
5,5,0.2,tshap_centroid,tshap_zero,0.26903553299492383,0.424,0.1152,0.05704160808556069,0.20166130073391164,1,1,0.43630802600091556,0.4325411880054162,EOGHorizontalSignal,262
5,5,0.05,tshap_centroid,tshap_train,0.0,0.0,0.3368,0.3313371270928275,0.7656423146318503,1,1,0.43630802600091556,34.76597490399581,EOGHorizontalSignal,262
5,5,0.1,tshap_centroid,tshap_train,0.0,0.0,0.3464,0.1928035708728708,0.5010759859863874,1,1,0.43630802600091556,34.76597490399581,EOGHorizontalSignal,262
5,5,0.2,tshap_centroid,tshap_train,0.0,0.0,0.3328,0.05704160808556069,0.5829977734039274,1,1,0.43630802600091556,34.76597490399581,EOGHorizontalSignal,262
5,5,0.05,tshap_centroid,mrsqm,0.0,0.0,0.6096,0.3313371270928275,0.0681900757967584,1,0,0.43630802600091556,3.656899934867397e-05,EOGHorizontalSignal,262
5,5,0.1,tshap_centroid,mrsqm,0.0,0.0,0.5952,0.1928035708728708,-0.006985273380250012,1,0,0.43630802600091556,3.656899934867397e-05,EOGHorizontalSignal,262
5,5,0.2,tshap_centroid,mrsqm,0.0,0.0,0.564,0.05704160808556069,0.11986299362324693,1,1,0.43630802600091556,3.656899934867397e-05,EOGHorizontalSignal,262
5,5,0.05,tshap_zero,tshap_train,0.0,0.0,0.1896,0.16379298674898402,0.7656423146318503,1,1,0.4325411880054162,34.76597490399581,EOGHorizontalSignal,262
5,5,0.1,tshap_zero,tshap_train,0.0,0.0,0.2144,0.15786148661971489,0.5010759859863874,1,1,0.4325411880054162,34.76597490399581,EOGHorizontalSignal,262
5,5,0.2,tshap_zero,tshap_train,0.0,0.0,0.2176,0.20166130073391164,0.5829977734039274,1,1,0.4325411880054162,34.76597490399581,EOGHorizontalSignal,262
5,5,0.05,tshap_zero,mrsqm,0.0,0.0,0.4624,0.16379298674898402,0.0681900757967584,1,0,0.4325411880054162,3.656899934867397e-05,EOGHorizontalSignal,262
5,5,0.1,tshap_zero,mrsqm,0.0,0.0,0.4632,0.15786148661971489,-0.006985273380250012,1,0,0.4325411880054162,3.656899934867397e-05,EOGHorizontalSignal,262
5,5,0.2,tshap_zero,mrsqm,0.0,0.0,0.4488,0.20166130073391164,0.11986299362324693,1,1,0.4325411880054162,3.656899934867397e-05,EOGHorizontalSignal,262
5,5,0.05,tshap_train,mrsqm,0.0,0.0,0.2728,0.7656423146318503,0.0681900757967584,1,0,34.76597490399581,3.656899934867397e-05,EOGHorizontalSignal,262
5,5,0.1,tshap_train,mrsqm,0.0,0.0,0.2488,0.5010759859863874,-0.006985273380250012,1,0,34.76597490399581,3.656899934867397e-05,EOGHorizontalSignal,262
5,5,0.2,tshap_train,mrsqm,0.0,0.0,0.2312,0.5829977734039274,0.11986299362324693,1,1,34.76597490399581,3.656899934867397e-05,EOGHorizontalSignal,262
7,7,0.05,hydra,shapley_sampling,0.0,0.0,0.1024,0.21910422866905066,0.42874321448255714,0,0,0.8945390759981819,1.3141074469967862,EOGHorizontalSignal,282
7,7,0.1,hydra,shapley_sampling,0.012145748987854251,0.024,0.0976,0.14845558770646727,0.41887051894050265,0,1,0.8945390759981819,1.3141074469967862,EOGHorizontalSignal,282
7,7,0.2,hydra,shapley_sampling,0.32625994694960214,0.492,0.1016,0.43196116165904574,0.35602283803299173,1,1,0.8945390759981819,1.3141074469967862,EOGHorizontalSignal,282
7,7,0.05,hydra,feature_ablation,0.0,0.0,0.052,0.21910422866905066,0.29705933102538074,0,0,0.8945390759981819,0.05569072799698915,EOGHorizontalSignal,282
7,7,0.1,hydra,feature_ablation,0.016260162601626018,0.032,0.0968,0.14845558770646727,0.44466028320595197,0,1,0.8945390759981819,0.05569072799698915,EOGHorizontalSignal,282
7,7,0.2,hydra,feature_ablation,0.5923566878980892,0.744,0.0512,0.43196116165904574,0.5428060250744622,1,1,0.8945390759981819,0.05569072799698915,EOGHorizontalSignal,282
7,7,0.05,hydra,tshap_centroid,0.0,0.0,0.0992,0.21910422866905066,0.44327057898534195,0,1,0.8945390759981819,0.44330905900278594,EOGHorizontalSignal,282
7,7,0.1,hydra,tshap_centroid,0.0,0.0,0.1248,0.14845558770646727,0.5083511505746816,0,1,0.8945390759981819,0.44330905900278594,EOGHorizontalSignal,282
7,7,0.2,hydra,tshap_centroid,0.4925373134328358,0.66,0.068,0.43196116165904574,0.520781047313262,1,1,0.8945390759981819,0.44330905900278594,EOGHorizontalSignal,282
7,7,0.05,hydra,tshap_zero,0.0,0.0,0.1856,0.21910422866905066,0.060494104918204394,0,0,0.8945390759981819,0.44017274000361795,EOGHorizontalSignal,282
7,7,0.1,hydra,tshap_zero,0.0,0.0,0.2192,0.14845558770646727,0.029480585932398773,0,0,0.8945390759981819,0.44017274000361795,EOGHorizontalSignal,282
7,7,0.2,hydra,tshap_zero,0.06382978723404255,0.12,0.176,0.43196116165904574,0.40802742007102033,1,1,0.8945390759981819,0.44017274000361795,EOGHorizontalSignal,282
7,7,0.05,hydra,tshap_train,0.0,0.0,0.0592,0.21910422866905066,0.20727002603142097,0,0,0.8945390759981819,35.019726714999706,EOGHorizontalSignal,282
7,7,0.1,hydra,tshap_train,0.3157894736842105,0.48,0.052,0.14845558770646727,0.2776192996478706,0,1,0.8945390759981819,35.019726714999706,EOGHorizontalSignal,282
7,7,0.2,hydra,tshap_train,0.5873015873015873,0.74,0.052,0.43196116165904574,0.3872080117693617,1,1,0.8945390759981819,35.019726714999706,EOGHorizontalSignal,282
7,7,0.05,hydra,mrsqm,0.0,0.0,0.3544,0.21910422866905066,-0.12261777978004429,0,0,0.8945390759981819,3.3623997296672314e-05,EOGHorizontalSignal,282
7,7,0.1,hydra,mrsqm,0.0,0.0,0.3496,0.14845558770646727,0.0726919004032851,0,1,0.8945390759981819,3.3623997296672314e-05,EOGHorizontalSignal,282
7,7,0.2,hydra,mrsqm,0.0,0.0,0.3032,0.43196116165904574,0.2570452463900459,1,1,0.8945390759981819,3.3623997296672314e-05,EOGHorizontalSignal,282
7,7,0.05,shapley_sampling,feature_ablation,0.0,0.0,0.0504,0.42874321448255714,0.29705933102538074,0,0,1.3141074469967862,0.05569072799698915,EOGHorizontalSignal,282
7,7,0.1,shapley_sampling,feature_ablation,0.9841269841269841,0.992,0.0008,0.41887051894050265,0.44466028320595197,1,1,1.3141074469967862,0.05569072799698915,EOGHorizontalSignal,282
7,7,0.2,shapley_sampling,feature_ablation,0.597444089456869,0.748,0.0504,0.35602283803299173,0.5428060250744622,1,1,1.3141074469967862,0.05569072799698915,EOGHorizontalSignal,282
7,7,0.05,shapley_sampling,tshap_centroid,0.8787878787878788,0.9354838709677419,0.0032,0.42874321448255714,0.44327057898534195,0,1,1.3141074469967862,0.44330905900278594,EOGHorizontalSignal,282
7,7,0.1,shapley_sampling,tshap_centroid,0.5723270440251572,0.728,0.0272,0.41887051894050265,0.5083511505746816,1,1,1.3141074469967862,0.44330905900278594,EOGHorizontalSignal,282
7,7,0.2,shapley_sampling,tshap_centroid,0.7123287671232876,0.832,0.0336,0.35602283803299173,0.520781047313262,1,1,1.3141074469967862,0.44330905900278594,EOGHorizontalSignal,282
7,7,0.05,shapley_sampling,tshap_zero,0.0,0.0,0.0832,0.42874321448255714,0.060494104918204394,0,0,1.3141074469967862,0.44017274000361795,EOGHorizontalSignal,282
7,7,0.1,shapley_sampling,tshap_zero,0.0,0.0,0.1216,0.41887051894050265,0.029480585932398773,1,0,1.3141074469967862,0.44017274000361795,EOGHorizontalSignal,282
7,7,0.2,shapley_sampling,tshap_zero,0.4577259475218659,0.628,0.0744,0.35602283803299173,0.40802742007102033,1,1,1.3141074469967862,0.44017274000361795,EOGHorizontalSignal,282
7,7,0.05,shapley_sampling,tshap_train,0.0,0.0,0.1616,0.42874321448255714,0.20727002603142097,0,0,1.3141074469967862,35.019726714999706,EOGHorizontalSignal,282
7,7,0.1,shapley_sampling,tshap_train,0.0,0.0,0.1496,0.41887051894050265,0.2776192996478706,1,1,1.3141074469967862,35.019726714999706,EOGHorizontalSignal,282
7,7,0.2,shapley_sampling,tshap_train,0.13122171945701358,0.232,0.1536,0.35602283803299173,0.3872080117693617,1,1,1.3141074469967862,35.019726714999706,EOGHorizontalSignal,282
7,7,0.05,shapley_sampling,mrsqm,0.0,0.0,0.252,0.42874321448255714,-0.12261777978004429,0,0,1.3141074469967862,3.3623997296672314e-05,EOGHorizontalSignal,282
7,7,0.1,shapley_sampling,mrsqm,0.0,0.0,0.252,0.41887051894050265,0.0726919004032851,1,1,1.3141074469967862,3.3623997296672314e-05,EOGHorizontalSignal,282
7,7,0.2,shapley_sampling,mrsqm,0.0,0.0,0.2016,0.35602283803299173,0.2570452463900459,1,1,1.3141074469967862,3.3623997296672314e-05,EOGHorizontalSignal,282
7,7,0.05,feature_ablation,tshap_centroid,0.024793388429752067,0.04838709677419355,0.0472,0.29705933102538074,0.44327057898534195,0,1,0.05569072799698915,0.44330905900278594,EOGHorizontalSignal,282
7,7,0.1,feature_ablation,tshap_centroid,0.5625,0.72,0.028,0.44466028320595197,0.5083511505746816,1,1,0.05569072799698915,0.44330905900278594,EOGHorizontalSignal,282
7,7,0.2,feature_ablation,tshap_centroid,0.8450184501845018,0.916,0.0168,0.5428060250744622,0.520781047313262,1,1,0.05569072799698915,0.44330905900278594,EOGHorizontalSignal,282
7,7,0.05,feature_ablation,tshap_zero,0.0,0.0,0.1336,0.29705933102538074,0.060494104918204394,0,0,0.05569072799698915,0.44017274000361795,EOGHorizontalSignal,282
7,7,0.1,feature_ablation,tshap_zero,0.0,0.0,0.1224,0.44466028320595197,0.029480585932398773,1,0,0.05569072799698915,0.44017274000361795,EOGHorizontalSignal,282
7,7,0.2,feature_ablation,tshap_zero,0.2315270935960591,0.376,0.1248,0.5428060250744622,0.40802742007102033,1,1,0.05569072799698915,0.44017274000361795,EOGHorizontalSignal,282
7,7,0.05,feature_ablation,tshap_train,0.0,0.0,0.1112,0.29705933102538074,0.20727002603142097,0,0,0.05569072799698915,35.019726714999706,EOGHorizontalSignal,282
7,7,0.1,feature_ablation,tshap_train,0.0,0.0,0.1488,0.44466028320595197,0.2776192996478706,1,1,0.05569072799698915,35.019726714999706,EOGHorizontalSignal,282
7,7,0.2,feature_ablation,tshap_train,0.31926121372031663,0.484,0.1032,0.5428060250744622,0.3872080117693617,1,1,0.05569072799698915,35.019726714999706,EOGHorizontalSignal,282
7,7,0.05,feature_ablation,mrsqm,0.0,0.0,0.3024,0.29705933102538074,-0.12261777978004429,0,0,0.05569072799698915,3.3623997296672314e-05,EOGHorizontalSignal,282
7,7,0.1,feature_ablation,mrsqm,0.0,0.0,0.2528,0.44466028320595197,0.0726919004032851,1,1,0.05569072799698915,3.3623997296672314e-05,EOGHorizontalSignal,282
7,7,0.2,feature_ablation,mrsqm,0.0,0.0,0.252,0.5428060250744622,0.2570452463900459,1,1,0.05569072799698915,3.3623997296672314e-05,EOGHorizontalSignal,282
7,7,0.05,tshap_centroid,tshap_zero,0.0,0.0,0.0864,0.44327057898534195,0.060494104918204394,1,0,0.44330905900278594,0.44017274000361795,EOGHorizontalSignal,282
7,7,0.1,tshap_centroid,tshap_zero,0.02880658436213992,0.056,0.0944,0.5083511505746816,0.029480585932398773,1,0,0.44330905900278594,0.44017274000361795,EOGHorizontalSignal,282
7,7,0.2,tshap_centroid,tshap_zero,0.2987012987012987,0.46,0.108,0.520781047313262,0.40802742007102033,1,1,0.44330905900278594,0.44017274000361795,EOGHorizontalSignal,282
7,7,0.05,tshap_centroid,tshap_train,0.0,0.0,0.1584,0.44327057898534195,0.20727002603142097,1,0,0.44330905900278594,35.019726714999706,EOGHorizontalSignal,282
7,7,0.1,tshap_centroid,tshap_train,0.0,0.0,0.1768,0.5083511505746816,0.2776192996478706,1,1,0.44330905900278594,35.019726714999706,EOGHorizontalSignal,282
7,7,0.2,tshap_centroid,tshap_train,0.25,0.4,0.12,0.520781047313262,0.3872080117693617,1,1,0.44330905900278594,35.019726714999706,EOGHorizontalSignal,282
7,7,0.05,tshap_centroid,mrsqm,0.0,0.0,0.2552,0.44327057898534195,-0.12261777978004429,1,0,0.44330905900278594,3.3623997296672314e-05,EOGHorizontalSignal,282
7,7,0.1,tshap_centroid,mrsqm,0.0,0.0,0.2248,0.5083511505746816,0.0726919004032851,1,1,0.44330905900278594,3.3623997296672314e-05,EOGHorizontalSignal,282
7,7,0.2,tshap_centroid,mrsqm,0.0,0.0,0.2352,0.520781047313262,0.2570452463900459,1,1,0.44330905900278594,3.3623997296672314e-05,EOGHorizontalSignal,282
7,7,0.05,tshap_zero,tshap_train,0.0,0.0,0.2448,0.060494104918204394,0.20727002603142097,0,0,0.44017274000361795,35.019726714999706,EOGHorizontalSignal,282
7,7,0.1,tshap_zero,tshap_train,0.0,0.0,0.2712,0.029480585932398773,0.2776192996478706,0,1,0.44017274000361795,35.019726714999706,EOGHorizontalSignal,282
7,7,0.2,tshap_zero,tshap_train,0.0,0.0,0.228,0.40802742007102033,0.3872080117693617,1,1,0.44017274000361795,35.019726714999706,EOGHorizontalSignal,282
7,7,0.05,tshap_zero,mrsqm,0.0,0.0,0.1688,0.060494104918204394,-0.12261777978004429,0,0,0.44017274000361795,3.3623997296672314e-05,EOGHorizontalSignal,282
7,7,0.1,tshap_zero,mrsqm,0.0,0.0,0.1304,0.029480585932398773,0.0726919004032851,0,1,0.44017274000361795,3.3623997296672314e-05,EOGHorizontalSignal,282
7,7,0.2,tshap_zero,mrsqm,0.22249388753056235,0.364,0.1272,0.40802742007102033,0.2570452463900459,1,1,0.44017274000361795,3.3623997296672314e-05,EOGHorizontalSignal,282
7,7,0.05,tshap_train,mrsqm,0.0,0.0,0.4136,0.20727002603142097,-0.12261777978004429,0,0,35.019726714999706,3.3623997296672314e-05,EOGHorizontalSignal,282
7,7,0.1,tshap_train,mrsqm,0.0,0.0,0.4016,0.2776192996478706,0.0726919004032851,1,1,35.019726714999706,3.3623997296672314e-05,EOGHorizontalSignal,282
7,7,0.2,tshap_train,mrsqm,0.0,0.0,0.3552,0.3872080117693617,0.2570452463900459,1,1,35.019726714999706,3.3623997296672314e-05,EOGHorizontalSignal,282
6,6,0.05,hydra,shapley_sampling,0.0,0.0,0.0632,1.0321099084549563,0.5528227898946481,1,1,0.8881822969997302,1.3032840519954334,EOGHorizontalSignal,158
6,6,0.1,hydra,shapley_sampling,0.42857142857142855,0.6,0.04,1.0455602805357715,0.4034070390079946,1,1,0.8881822969997302,1.3032840519954334,EOGHorizontalSignal,158
6,6,0.2,hydra,shapley_sampling,0.47058823529411764,0.64,0.072,0.15255573586126758,0.058515999146074194,1,1,0.8881822969997302,1.3032840519954334,EOGHorizontalSignal,158
6,6,0.05,hydra,feature_ablation,0.13761467889908258,0.24193548387096775,0.0376,1.0321099084549563,1.0111590121339806,1,1,0.8881822969997302,0.05433473300217884,EOGHorizontalSignal,158
6,6,0.1,hydra,feature_ablation,0.7985611510791367,0.888,0.0112,1.0455602805357715,0.8735417325110797,1,1,0.8881822969997302,0.05433473300217884,EOGHorizontalSignal,158
6,6,0.2,hydra,feature_ablation,0.7605633802816901,0.864,0.0272,0.15255573586126758,0.05843462864854598,1,1,0.8881822969997302,0.05433473300217884,EOGHorizontalSignal,158
6,6,0.05,hydra,tshap_centroid,0.4418604651162791,0.6129032258064516,0.0192,1.0321099084549563,1.0176900138378264,1,1,0.8881822969997302,0.43927021799754584,EOGHorizontalSignal,158
6,6,0.1,hydra,tshap_centroid,0.7482517482517482,0.856,0.0144,1.0455602805357715,0.7976595712177114,1,1,0.8881822969997302,0.43927021799754584,EOGHorizontalSignal,158
6,6,0.2,hydra,tshap_centroid,0.9230769230769231,0.96,0.008,0.15255573586126758,0.13417239408462556,1,1,0.8881822969997302,0.43927021799754584,EOGHorizontalSignal,158
6,6,0.05,hydra,tshap_zero,0.18095238095238095,0.3064516129032258,0.0344,1.0321099084549563,1.05821491179527,1,1,0.8881822969997302,0.4339048580004601,EOGHorizontalSignal,158
6,6,0.1,hydra,tshap_zero,0.4124293785310734,0.584,0.0416,1.0455602805357715,0.9540815394417003,1,1,0.8881822969997302,0.4339048580004601,EOGHorizontalSignal,158
6,6,0.2,hydra,tshap_zero,0.7985611510791367,0.888,0.0224,0.15255573586126758,0.17134305673219208,1,1,0.8881822969997302,0.4339048580004601,EOGHorizontalSignal,158
6,6,0.05,hydra,tshap_train,0.4418604651162791,0.6129032258064516,0.0192,1.0321099084549563,1.017689989217502,1,1,0.8881822969997302,34.54970996600605,EOGHorizontalSignal,158
6,6,0.1,hydra,tshap_train,0.7006802721088435,0.824,0.0176,1.0455602805357715,0.757864711639911,1,1,0.8881822969997302,34.54970996600605,EOGHorizontalSignal,158
6,6,0.2,hydra,tshap_train,0.9920318725099602,0.996,0.0008,0.15255573586126758,0.11534466966795687,1,1,0.8881822969997302,34.54970996600605,EOGHorizontalSignal,158
6,6,0.05,hydra,mrsqm,0.0,0.0,0.3152,1.0321099084549563,0.03954192905246012,1,0,0.8881822969997302,4.064699896844104e-05,EOGHorizontalSignal,158
6,6,0.1,hydra,mrsqm,0.0,0.0,0.292,1.0455602805357715,-0.2462832370102389,1,0,0.8881822969997302,4.064699896844104e-05,EOGHorizontalSignal,158
6,6,0.2,hydra,mrsqm,0.0,0.0,0.2752,0.15255573586126758,-1.106614357338497,1,0,0.8881822969997302,4.064699896844104e-05,EOGHorizontalSignal,158
6,6,0.05,shapley_sampling,feature_ablation,0.0,0.0,0.1008,0.5528227898946481,1.0111590121339806,1,1,1.3032840519954334,0.05433473300217884,EOGHorizontalSignal,158
6,6,0.1,shapley_sampling,feature_ablation,0.32275132275132273,0.488,0.0512,0.4034070390079946,0.8735417325110797,1,1,1.3032840519954334,0.05433473300217884,EOGHorizontalSignal,158
6,6,0.2,shapley_sampling,feature_ablation,0.33689839572192515,0.504,0.0992,0.058515999146074194,0.05843462864854598,1,1,1.3032840519954334,0.05433473300217884,EOGHorizontalSignal,158
6,6,0.05,shapley_sampling,tshap_centroid,0.0,0.0,0.0824,0.5528227898946481,1.0176900138378264,1,1,1.3032840519954334,0.43927021799754584,EOGHorizontalSignal,158
6,6,0.1,shapley_sampling,tshap_centroid,0.29533678756476683,0.456,0.0544,0.4034070390079946,0.7976595712177114,1,1,1.3032840519954334,0.43927021799754584,EOGHorizontalSignal,158
6,6,0.2,shapley_sampling,tshap_centroid,0.5151515151515151,0.68,0.064,0.058515999146074194,0.13417239408462556,1,1,1.3032840519954334,0.43927021799754584,EOGHorizontalSignal,158
6,6,0.05,shapley_sampling,tshap_zero,0.0,0.0,0.0976,0.5528227898946481,1.05821491179527,1,1,1.3032840519954334,0.4339048580004601,EOGHorizontalSignal,158
6,6,0.1,shapley_sampling,tshap_zero,0.1013215859030837,0.184,0.0816,0.4034070390079946,0.9540815394417003,1,1,1.3032840519954334,0.4339048580004601,EOGHorizontalSignal,158
6,6,0.2,shapley_sampling,tshap_zero,0.358695652173913,0.528,0.0944,0.058515999146074194,0.17134305673219208,1,1,1.3032840519954334,0.4339048580004601,EOGHorizontalSignal,158
6,6,0.05,shapley_sampling,tshap_train,0.0,0.0,0.0824,0.5528227898946481,1.017689989217502,1,1,1.3032840519954334,34.54970996600605,EOGHorizontalSignal,158
6,6,0.1,shapley_sampling,tshap_train,0.26903553299492383,0.424,0.0576,0.4034070390079946,0.757864711639911,1,1,1.3032840519954334,34.54970996600605,EOGHorizontalSignal,158
6,6,0.2,shapley_sampling,tshap_train,0.4749262536873156,0.644,0.0712,0.058515999146074194,0.11534466966795687,1,1,1.3032840519954334,34.54970996600605,EOGHorizontalSignal,158
6,6,0.05,shapley_sampling,mrsqm,0.0,0.0,0.252,0.5528227898946481,0.03954192905246012,1,0,1.3032840519954334,4.064699896844104e-05,EOGHorizontalSignal,158
6,6,0.1,shapley_sampling,mrsqm,0.0,0.0,0.252,0.4034070390079946,-0.2462832370102389,1,0,1.3032840519954334,4.064699896844104e-05,EOGHorizontalSignal,158
6,6,0.2,shapley_sampling,mrsqm,0.0,0.0,0.2032,0.058515999146074194,-1.106614357338497,1,0,1.3032840519954334,4.064699896844104e-05,EOGHorizontalSignal,158
6,6,0.05,feature_ablation,tshap_centroid,0.4588235294117647,0.6290322580645161,0.0184,1.0111590121339806,1.0176900138378264,1,1,0.05433473300217884,0.43927021799754584,EOGHorizontalSignal,158
6,6,0.1,feature_ablation,tshap_centroid,0.937984496124031,0.968,0.0032,0.8735417325110797,0.7976595712177114,1,1,0.05433473300217884,0.43927021799754584,EOGHorizontalSignal,158
6,6,0.2,feature_ablation,tshap_centroid,0.7006802721088435,0.824,0.0352,0.05843462864854598,0.13417239408462556,1,1,0.05433473300217884,0.43927021799754584,EOGHorizontalSignal,158
6,6,0.05,feature_ablation,tshap_zero,0.8787878787878788,0.9354838709677419,0.0032,1.0111590121339806,1.05821491179527,1,1,0.05433473300217884,0.4339048580004601,EOGHorizontalSignal,158
6,6,0.1,feature_ablation,tshap_zero,0.5337423312883436,0.696,0.0304,0.8735417325110797,0.9540815394417003,1,1,0.05433473300217884,0.4339048580004601,EOGHorizontalSignal,158
6,6,0.2,feature_ablation,tshap_zero,0.953125,0.976,0.0048,0.05843462864854598,0.17134305673219208,1,1,0.05433473300217884,0.4339048580004601,EOGHorizontalSignal,158
6,6,0.05,feature_ablation,tshap_train,0.4588235294117647,0.6290322580645161,0.0184,1.0111590121339806,1.017689989217502,1,1,0.05433473300217884,34.54970996600605,EOGHorizontalSignal,158
6,6,0.1,feature_ablation,tshap_train,0.8796992481203008,0.936,0.0064,0.8735417325110797,0.757864711639911,1,1,0.05433473300217884,34.54970996600605,EOGHorizontalSignal,158
6,6,0.2,feature_ablation,tshap_train,0.7543859649122807,0.86,0.028,0.05843462864854598,0.11534466966795687,1,1,0.05433473300217884,34.54970996600605,EOGHorizontalSignal,158
6,6,0.05,feature_ablation,mrsqm,0.0,0.0,0.3528,1.0111590121339806,0.03954192905246012,1,0,0.05433473300217884,4.064699896844104e-05,EOGHorizontalSignal,158
6,6,0.1,feature_ablation,mrsqm,0.0,0.0,0.3032,0.8735417325110797,-0.2462832370102389,1,0,0.05433473300217884,4.064699896844104e-05,EOGHorizontalSignal,158
6,6,0.2,feature_ablation,mrsqm,0.0,0.0,0.3024,0.05843462864854598,-1.106614357338497,1,0,0.05433473300217884,4.064699896844104e-05,EOGHorizontalSignal,158
6,6,0.05,tshap_centroid,tshap_zero,0.5308641975308642,0.6935483870967742,0.0152,1.0176900138378264,1.05821491179527,1,1,0.43927021799754584,0.4339048580004601,EOGHorizontalSignal,158
6,6,0.1,tshap_centroid,tshap_zero,0.5723270440251572,0.728,0.0272,0.7976595712177114,0.9540815394417003,1,1,0.43927021799754584,0.4339048580004601,EOGHorizontalSignal,158
6,6,0.2,tshap_centroid,tshap_zero,0.7361111111111112,0.848,0.0304,0.13417239408462556,0.17134305673219208,1,1,0.43927021799754584,0.4339048580004601,EOGHorizontalSignal,158
6,6,0.05,tshap_centroid,tshap_train,1.0,1.0,0.0,1.0176900138378264,1.017689989217502,1,1,0.43927021799754584,34.54970996600605,EOGHorizontalSignal,158
6,6,0.1,tshap_centroid,tshap_train,0.937984496124031,0.968,0.0032,0.7976595712177114,0.757864711639911,1,1,0.43927021799754584,34.54970996600605,EOGHorizontalSignal,158
6,6,0.2,tshap_centroid,tshap_train,0.9305019305019305,0.964,0.0072,0.13417239408462556,0.11534466966795687,1,1,0.43927021799754584,34.54970996600605,EOGHorizontalSignal,158
6,6,0.05,tshap_centroid,mrsqm,0.0,0.0,0.3344,1.0176900138378264,0.03954192905246012,1,0,0.43927021799754584,4.064699896844104e-05,EOGHorizontalSignal,158
6,6,0.1,tshap_centroid,mrsqm,0.0,0.0,0.3064,0.7976595712177114,-0.2462832370102389,1,0,0.43927021799754584,4.064699896844104e-05,EOGHorizontalSignal,158
6,6,0.2,tshap_centroid,mrsqm,0.0,0.0,0.2672,0.13417239408462556,-1.106614357338497,1,0,0.43927021799754584,4.064699896844104e-05,EOGHorizontalSignal,158
6,6,0.05,tshap_zero,tshap_train,0.5308641975308642,0.6935483870967742,0.0152,1.05821491179527,1.017689989217502,1,1,0.4339048580004601,34.54970996600605,EOGHorizontalSignal,158
6,6,0.1,tshap_zero,tshap_train,0.6129032258064516,0.76,0.024,0.9540815394417003,0.757864711639911,1,1,0.4339048580004601,34.54970996600605,EOGHorizontalSignal,158
6,6,0.2,tshap_zero,tshap_train,0.7921146953405018,0.884,0.0232,0.17134305673219208,0.11534466966795687,1,1,0.4339048580004601,34.54970996600605,EOGHorizontalSignal,158
6,6,0.05,tshap_zero,mrsqm,0.0,0.0,0.3496,1.05821491179527,0.03954192905246012,1,0,0.4339048580004601,4.064699896844104e-05,EOGHorizontalSignal,158
6,6,0.1,tshap_zero,mrsqm,0.0,0.0,0.3336,0.9540815394417003,-0.2462832370102389,1,0,0.4339048580004601,4.064699896844104e-05,EOGHorizontalSignal,158
6,6,0.2,tshap_zero,mrsqm,0.0,0.0,0.2976,0.17134305673219208,-1.106614357338497,1,0,0.4339048580004601,4.064699896844104e-05,EOGHorizontalSignal,158
6,6,0.05,tshap_train,mrsqm,0.0,0.0,0.3344,1.017689989217502,0.03954192905246012,1,0,34.54970996600605,4.064699896844104e-05,EOGHorizontalSignal,158
6,6,0.1,tshap_train,mrsqm,0.0,0.0,0.3096,0.757864711639911,-0.2462832370102389,1,0,34.54970996600605,4.064699896844104e-05,EOGHorizontalSignal,158
6,6,0.2,tshap_train,mrsqm,0.0,0.0,0.2744,0.11534466966795687,-1.106614357338497,1,0,34.54970996600605,4.064699896844104e-05,EOGHorizontalSignal,158
3,3,0.05,hydra,shapley_sampling,0.0,0.0,0.5344,0.15337421790455386,0.25375032475624515,0,0,0.8851621060020989,1.2735587639981532,EOGHorizontalSignal,233
3,3,0.1,hydra,shapley_sampling,0.0,0.0,0.5336,0.18622227675702074,0.3310846772792808,0,0,0.8851621060020989,1.2735587639981532,EOGHorizontalSignal,233
3,3,0.2,hydra,shapley_sampling,0.0,0.0,0.5336,0.2319527467104967,0.9040654124277745,0,1,0.8851621060020989,1.2735587639981532,EOGHorizontalSignal,233
3,3,0.05,hydra,feature_ablation,0.0,0.0,0.1856,0.15337421790455386,-0.03287599826001353,0,0,0.8851621060020989,0.05330297900218284,EOGHorizontalSignal,233
3,3,0.1,hydra,feature_ablation,0.0,0.0,0.136,0.18622227675702074,0.07694681011573157,0,0,0.8851621060020989,0.05330297900218284,EOGHorizontalSignal,233
3,3,0.2,hydra,feature_ablation,0.7006802721088435,0.824,0.0352,0.2319527467104967,0.1726989369290779,0,0,0.8851621060020989,0.05330297900218284,EOGHorizontalSignal,233
3,3,0.05,hydra,tshap_centroid,0.0,0.0,0.6856,0.15337421790455386,0.28233989634483025,0,0,0.8851621060020989,0.4257447809941368,EOGHorizontalSignal,233
3,3,0.1,hydra,tshap_centroid,0.0,0.0,0.652,0.18622227675702074,0.5038333550863947,0,0,0.8851621060020989,0.4257447809941368,EOGHorizontalSignal,233
3,3,0.2,hydra,tshap_centroid,0.0,0.0,0.5896,0.2319527467104967,0.9472595424704386,0,1,0.8851621060020989,0.4257447809941368,EOGHorizontalSignal,233
3,3,0.05,hydra,tshap_zero,0.0,0.0,0.624,0.15337421790455386,0.37992325947335015,0,0,0.8851621060020989,0.42385141200065846,EOGHorizontalSignal,233
3,3,0.1,hydra,tshap_zero,0.0,0.0,0.2352,0.18622227675702074,0.31841831466713044,0,0,0.8851621060020989,0.42385141200065846,EOGHorizontalSignal,233
3,3,0.2,hydra,tshap_zero,0.0,0.0,0.2144,0.2319527467104967,0.4344149726398472,0,0,0.8851621060020989,0.42385141200065846,EOGHorizontalSignal,233
3,3,0.05,hydra,tshap_train,0.0,0.0,0.6544,0.15337421790455386,0.34434244583561613,0,0,0.8851621060020989,34.854508063996036,EOGHorizontalSignal,233
3,3,0.1,hydra,tshap_train,0.0,0.0,0.6192,0.18622227675702074,0.65308709560648,0,0,0.8851621060020989,34.854508063996036,EOGHorizontalSignal,233
3,3,0.2,hydra,tshap_train,0.0,0.0,0.5328,0.2319527467104967,0.8964416743629429,0,1,0.8851621060020989,34.854508063996036,EOGHorizontalSignal,233
3,3,0.05,hydra,mrsqm,0.0,0.0,0.9376,0.15337421790455386,0.3344150540618518,0,0,0.8851621060020989,3.25010041706264e-05,EOGHorizontalSignal,233
3,3,0.1,hydra,mrsqm,0.0,0.0,0.8872,0.18622227675702074,0.4841551776030256,0,0,0.8851621060020989,3.25010041706264e-05,EOGHorizontalSignal,233
3,3,0.2,hydra,mrsqm,0.0,0.0,0.7872,0.2319527467104967,0.8190486750551109,0,1,0.8851621060020989,3.25010041706264e-05,EOGHorizontalSignal,233
3,3,0.05,shapley_sampling,feature_ablation,0.0,0.0,0.3488,0.25375032475624515,-0.03287599826001353,0,0,1.2735587639981532,0.05330297900218284,EOGHorizontalSignal,233
3,3,0.1,shapley_sampling,feature_ablation,0.0,0.0,0.3976,0.3310846772792808,0.07694681011573157,0,0,1.2735587639981532,0.05330297900218284,EOGHorizontalSignal,233
3,3,0.2,shapley_sampling,feature_ablation,0.0,0.0,0.4984,0.9040654124277745,0.1726989369290779,1,0,1.2735587639981532,0.05330297900218284,EOGHorizontalSignal,233
3,3,0.05,shapley_sampling,tshap_centroid,0.0,0.0,0.1512,0.25375032475624515,0.28233989634483025,0,0,1.2735587639981532,0.4257447809941368,EOGHorizontalSignal,233
3,3,0.1,shapley_sampling,tshap_centroid,0.0,0.0,0.1184,0.3310846772792808,0.5038333550863947,0,0,1.2735587639981532,0.4257447809941368,EOGHorizontalSignal,233
3,3,0.2,shapley_sampling,tshap_centroid,0.5625,0.72,0.056,0.9040654124277745,0.9472595424704386,1,1,1.2735587639981532,0.4257447809941368,EOGHorizontalSignal,233
3,3,0.05,shapley_sampling,tshap_zero,0.0,0.0,0.0896,0.25375032475624515,0.37992325947335015,0,0,1.2735587639981532,0.42385141200065846,EOGHorizontalSignal,233
3,3,0.1,shapley_sampling,tshap_zero,0.0,0.0,0.2984,0.3310846772792808,0.31841831466713044,0,0,1.2735587639981532,0.42385141200065846,EOGHorizontalSignal,233
3,3,0.2,shapley_sampling,tshap_zero,0.0,0.0,0.3192,0.9040654124277745,0.4344149726398472,1,0,1.2735587639981532,0.42385141200065846,EOGHorizontalSignal,233
3,3,0.05,shapley_sampling,tshap_train,0.0,0.0,0.12,0.25375032475624515,0.34434244583561613,0,0,1.2735587639981532,34.854508063996036,EOGHorizontalSignal,233
3,3,0.1,shapley_sampling,tshap_train,0.07758620689655173,0.144,0.0856,0.3310846772792808,0.65308709560648,0,0,1.2735587639981532,34.854508063996036,EOGHorizontalSignal,233
3,3,0.2,shapley_sampling,tshap_train,0.9920318725099602,0.996,0.0008,0.9040654124277745,0.8964416743629429,1,1,1.2735587639981532,34.854508063996036,EOGHorizontalSignal,233
3,3,0.05,shapley_sampling,mrsqm,0.0,0.0,0.4032,0.25375032475624515,0.3344150540618518,0,0,1.2735587639981532,3.25010041706264e-05,EOGHorizontalSignal,233
3,3,0.1,shapley_sampling,mrsqm,0.0,0.0,0.3536,0.3310846772792808,0.4841551776030256,0,0,1.2735587639981532,3.25010041706264e-05,EOGHorizontalSignal,233
3,3,0.2,shapley_sampling,mrsqm,0.0,0.0,0.2536,0.9040654124277745,0.8190486750551109,1,1,1.2735587639981532,3.25010041706264e-05,EOGHorizontalSignal,233
3,3,0.05,feature_ablation,tshap_centroid,0.0,0.0,0.5,-0.03287599826001353,0.28233989634483025,0,0,0.05330297900218284,0.4257447809941368,EOGHorizontalSignal,233
3,3,0.1,feature_ablation,tshap_centroid,0.0,0.0,0.516,0.07694681011573157,0.5038333550863947,0,0,0.05330297900218284,0.4257447809941368,EOGHorizontalSignal,233
3,3,0.2,feature_ablation,tshap_centroid,0.0,0.0,0.5544,0.1726989369290779,0.9472595424704386,0,1,0.05330297900218284,0.4257447809941368,EOGHorizontalSignal,233
3,3,0.05,feature_ablation,tshap_zero,0.0,0.0,0.4384,-0.03287599826001353,0.37992325947335015,0,0,0.05330297900218284,0.42385141200065846,EOGHorizontalSignal,233
3,3,0.1,feature_ablation,tshap_zero,0.004016064257028112,0.008,0.0992,0.07694681011573157,0.31841831466713044,0,0,0.05330297900218284,0.42385141200065846,EOGHorizontalSignal,233
3,3,0.2,feature_ablation,tshap_zero,0.05485232067510549,0.104,0.1792,0.1726989369290779,0.4344149726398472,0,0,0.05330297900218284,0.42385141200065846,EOGHorizontalSignal,233
3,3,0.05,feature_ablation,tshap_train,0.0,0.0,0.4688,-0.03287599826001353,0.34434244583561613,0,0,0.05330297900218284,34.854508063996036,EOGHorizontalSignal,233
3,3,0.1,feature_ablation,tshap_train,0.0,0.0,0.4832,0.07694681011573157,0.65308709560648,0,0,0.05330297900218284,34.854508063996036,EOGHorizontalSignal,233
3,3,0.2,feature_ablation,tshap_train,0.0,0.0,0.4976,0.1726989369290779,0.8964416743629429,0,1,0.05330297900218284,34.854508063996036,EOGHorizontalSignal,233
3,3,0.05,feature_ablation,mrsqm,0.0,0.0,0.752,-0.03287599826001353,0.3344150540618518,0,0,0.05330297900218284,3.25010041706264e-05,EOGHorizontalSignal,233
3,3,0.1,feature_ablation,mrsqm,0.0,0.0,0.7512,0.07694681011573157,0.4841551776030256,0,0,0.05330297900218284,3.25010041706264e-05,EOGHorizontalSignal,233
3,3,0.2,feature_ablation,mrsqm,0.0,0.0,0.752,0.1726989369290779,0.8190486750551109,0,1,0.05330297900218284,3.25010041706264e-05,EOGHorizontalSignal,233
3,3,0.05,tshap_centroid,tshap_zero,0.0,0.0,0.0616,0.28233989634483025,0.37992325947335015,0,0,0.4257447809941368,0.42385141200065846,EOGHorizontalSignal,233
3,3,0.1,tshap_centroid,tshap_zero,0.0,0.0,0.4168,0.5038333550863947,0.31841831466713044,0,0,0.4257447809941368,0.42385141200065846,EOGHorizontalSignal,233
3,3,0.2,tshap_centroid,tshap_zero,0.0,0.0,0.3752,0.9472595424704386,0.4344149726398472,1,0,0.4257447809941368,0.42385141200065846,EOGHorizontalSignal,233
3,3,0.05,tshap_centroid,tshap_train,0.22772277227722773,0.3709677419354839,0.0312,0.28233989634483025,0.34434244583561613,0,0,0.4257447809941368,34.854508063996036,EOGHorizontalSignal,233
3,3,0.1,tshap_centroid,tshap_train,0.5060240963855421,0.672,0.0328,0.5038333550863947,0.65308709560648,0,0,0.4257447809941368,34.854508063996036,EOGHorizontalSignal,233
3,3,0.2,tshap_centroid,tshap_train,0.557632398753894,0.716,0.0568,0.9472595424704386,0.8964416743629429,1,1,0.4257447809941368,34.854508063996036,EOGHorizontalSignal,233
3,3,0.05,tshap_centroid,mrsqm,0.0,0.0,0.252,0.28233989634483025,0.3344150540618518,0,0,0.4257447809941368,3.25010041706264e-05,EOGHorizontalSignal,233
3,3,0.1,tshap_centroid,mrsqm,0.0,0.0,0.2352,0.5038333550863947,0.4841551776030256,0,0,0.4257447809941368,3.25010041706264e-05,EOGHorizontalSignal,233
3,3,0.2,tshap_centroid,mrsqm,0.006036217303822937,0.012,0.1976,0.9472595424704386,0.8190486750551109,1,1,0.4257447809941368,3.25010041706264e-05,EOGHorizontalSignal,233
3,3,0.05,tshap_zero,tshap_train,0.24,0.3870967741935484,0.0304,0.37992325947335015,0.34434244583561613,0,0,0.42385141200065846,34.854508063996036,EOGHorizontalSignal,233
3,3,0.1,tshap_zero,tshap_train,0.0,0.0,0.384,0.31841831466713044,0.65308709560648,0,0,0.42385141200065846,34.854508063996036,EOGHorizontalSignal,233
3,3,0.2,tshap_zero,tshap_train,0.0,0.0,0.3184,0.4344149726398472,0.8964416743629429,0,1,0.42385141200065846,34.854508063996036,EOGHorizontalSignal,233
3,3,0.05,tshap_zero,mrsqm,0.0,0.0,0.3136,0.37992325947335015,0.3344150540618518,0,0,0.42385141200065846,3.25010041706264e-05,EOGHorizontalSignal,233
3,3,0.1,tshap_zero,mrsqm,0.0,0.0,0.652,0.31841831466713044,0.4841551776030256,0,0,0.42385141200065846,3.25010041706264e-05,EOGHorizontalSignal,233
3,3,0.2,tshap_zero,mrsqm,0.0,0.0,0.5728,0.4344149726398472,0.8190486750551109,0,1,0.42385141200065846,3.25010041706264e-05,EOGHorizontalSignal,233
3,3,0.05,tshap_train,mrsqm,0.0,0.0,0.2832,0.34434244583561613,0.3344150540618518,0,0,34.854508063996036,3.25010041706264e-05,EOGHorizontalSignal,233
3,3,0.1,tshap_train,mrsqm,0.0,0.0,0.268,0.65308709560648,0.4841551776030256,0,0,34.854508063996036,3.25010041706264e-05,EOGHorizontalSignal,233
3,3,0.2,tshap_train,mrsqm,0.0,0.0,0.2544,0.8964416743629429,0.8190486750551109,1,1,34.854508063996036,3.25010041706264e-05,EOGHorizontalSignal,233
9,9,0.05,hydra,shapley_sampling,0.0,0.0,0.0896,0.3795294296244729,0.2654160155857087,0,0,0.899072320004052,1.3154935790007585,EOGHorizontalSignal,182
9,9,0.1,hydra,shapley_sampling,0.3812154696132597,0.552,0.0448,0.6382014515961477,0.679206719715707,1,1,0.899072320004052,1.3154935790007585,EOGHorizontalSignal,182
9,9,0.2,hydra,shapley_sampling,0.5772870662460567,0.732,0.0536,0.6603380205250866,0.7850908060210199,1,1,0.899072320004052,1.3154935790007585,EOGHorizontalSignal,182
9,9,0.05,hydra,feature_ablation,0.0,0.0,0.0896,0.3795294296244729,0.26541600685462563,0,0,0.899072320004052,0.0549063600046793,EOGHorizontalSignal,182
9,9,0.1,hydra,feature_ablation,0.02880658436213992,0.056,0.0944,0.6382014515961477,0.15368672910586745,1,0,0.899072320004052,0.0549063600046793,EOGHorizontalSignal,182
9,9,0.2,hydra,feature_ablation,0.004016064257028112,0.008,0.1984,0.6603380205250866,0.22988066609557023,1,1,0.899072320004052,0.0549063600046793,EOGHorizontalSignal,182
9,9,0.05,hydra,tshap_centroid,0.1588785046728972,0.27419354838709675,0.036,0.3795294296244729,0.4551507258076023,0,0,0.899072320004052,0.4364398749967222,EOGHorizontalSignal,182
9,9,0.1,hydra,tshap_centroid,0.7361111111111112,0.848,0.0152,0.6382014515961477,0.7328917934597277,1,1,0.899072320004052,0.4364398749967222,EOGHorizontalSignal,182
9,9,0.2,hydra,tshap_centroid,0.7793594306049823,0.876,0.0248,0.6603380205250866,0.7620381176841476,1,1,0.899072320004052,0.4364398749967222,EOGHorizontalSignal,182
9,9,0.05,hydra,tshap_zero,0.25252525252525254,0.4032258064516129,0.0296,0.3795294296244729,0.29515677053892553,0,0,0.899072320004052,0.427374201004568,EOGHorizontalSignal,182
9,9,0.1,hydra,tshap_zero,0.8518518518518519,0.92,0.008,0.6382014515961477,0.6594884728156796,1,1,0.899072320004052,0.427374201004568,EOGHorizontalSignal,182
9,9,0.2,hydra,tshap_zero,0.5923566878980892,0.744,0.0512,0.6603380205250866,0.9905333325540057,1,1,0.899072320004052,0.427374201004568,EOGHorizontalSignal,182
9,9,0.05,hydra,tshap_train,0.8507462686567164,0.9193548387096774,0.004,0.3795294296244729,0.3958974273483922,0,0,0.899072320004052,34.47544156799995,EOGHorizontalSignal,182
9,9,0.1,hydra,tshap_train,0.7482517482517482,0.856,0.0144,0.6382014515961477,0.5557466192602591,1,1,0.899072320004052,34.47544156799995,EOGHorizontalSignal,182
9,9,0.2,hydra,tshap_train,0.5772870662460567,0.732,0.0536,0.6603380205250866,1.034018113968529,1,1,0.899072320004052,34.47544156799995,EOGHorizontalSignal,182
9,9,0.05,hydra,mrsqm,0.0,0.0,0.4424,0.3795294296244729,0.00020245217696812645,0,0,0.899072320004052,3.9965001633390784e-05,EOGHorizontalSignal,182
9,9,0.1,hydra,mrsqm,0.0,0.0,0.3976,0.6382014515961477,-0.05094920752797738,1,0,0.899072320004052,3.9965001633390784e-05,EOGHorizontalSignal,182
9,9,0.2,hydra,mrsqm,0.0,0.0,0.3056,0.6603380205250866,-0.04347287322861848,1,1,0.899072320004052,3.9965001633390784e-05,EOGHorizontalSignal,182
9,9,0.05,shapley_sampling,feature_ablation,1.0,1.0,0.0,0.2654160155857087,0.26541600685462563,0,0,1.3154935790007585,0.0549063600046793,EOGHorizontalSignal,182
9,9,0.1,shapley_sampling,feature_ablation,0.33689839572192515,0.504,0.0496,0.679206719715707,0.15368672910586745,1,0,1.3154935790007585,0.0549063600046793,EOGHorizontalSignal,182
9,9,0.2,shapley_sampling,feature_ablation,0.0,0.0,0.252,0.7850908060210199,0.22988066609557023,1,1,1.3154935790007585,0.0549063600046793,EOGHorizontalSignal,182
9,9,0.05,shapley_sampling,tshap_centroid,0.0,0.0,0.0536,0.2654160155857087,0.4551507258076023,0,0,1.3154935790007585,0.4364398749967222,EOGHorizontalSignal,182
9,9,0.1,shapley_sampling,tshap_centroid,0.5432098765432098,0.704,0.0296,0.679206719715707,0.7328917934597277,1,1,1.3154935790007585,0.4364398749967222,EOGHorizontalSignal,182
9,9,0.2,shapley_sampling,tshap_centroid,0.4367816091954023,0.608,0.0784,0.7850908060210199,0.7620381176841476,1,1,1.3154935790007585,0.4364398749967222,EOGHorizontalSignal,182
9,9,0.05,shapley_sampling,tshap_zero,0.0,0.0,0.06,0.2654160155857087,0.29515677053892553,0,0,1.3154935790007585,0.427374201004568,EOGHorizontalSignal,182
9,9,0.1,shapley_sampling,tshap_zero,0.4619883040935672,0.632,0.0368,0.679206719715707,0.6594884728156796,1,1,1.3154935790007585,0.427374201004568,EOGHorizontalSignal,182
9,9,0.2,shapley_sampling,tshap_zero,0.3123359580052493,0.476,0.1048,0.7850908060210199,0.9905333325540057,1,1,1.3154935790007585,0.427374201004568,EOGHorizontalSignal,182
9,9,0.05,shapley_sampling,tshap_train,0.0,0.0,0.0856,0.2654160155857087,0.3958974273483922,0,0,1.3154935790007585,34.47544156799995,EOGHorizontalSignal,182
9,9,0.1,shapley_sampling,tshap_train,0.2562814070351759,0.408,0.0592,0.679206719715707,0.5557466192602591,1,1,1.3154935790007585,34.47544156799995,EOGHorizontalSignal,182
9,9,0.2,shapley_sampling,tshap_train,0.3020833333333333,0.464,0.1072,0.7850908060210199,1.034018113968529,1,1,1.3154935790007585,34.47544156799995,EOGHorizontalSignal,182
9,9,0.05,shapley_sampling,mrsqm,0.0,0.0,0.3528,0.2654160155857087,0.00020245217696812645,0,0,1.3154935790007585,3.9965001633390784e-05,EOGHorizontalSignal,182
9,9,0.1,shapley_sampling,mrsqm,0.0,0.0,0.3528,0.679206719715707,-0.05094920752797738,1,0,1.3154935790007585,3.9965001633390784e-05,EOGHorizontalSignal,182
9,9,0.2,shapley_sampling,mrsqm,0.0,0.0,0.252,0.7850908060210199,-0.04347287322861848,1,1,1.3154935790007585,3.9965001633390784e-05,EOGHorizontalSignal,182
9,9,0.05,feature_ablation,tshap_centroid,0.0,0.0,0.0536,0.26541600685462563,0.4551507258076023,0,0,0.0549063600046793,0.4364398749967222,EOGHorizontalSignal,182
9,9,0.1,feature_ablation,tshap_centroid,0.11607142857142858,0.208,0.0792,0.15368672910586745,0.7328917934597277,0,1,0.0549063600046793,0.4364398749967222,EOGHorizontalSignal,182
9,9,0.2,feature_ablation,tshap_centroid,0.07066381156316917,0.132,0.1736,0.22988066609557023,0.7620381176841476,1,1,0.0549063600046793,0.4364398749967222,EOGHorizontalSignal,182
9,9,0.05,feature_ablation,tshap_zero,0.0,0.0,0.06,0.26541600685462563,0.29515677053892553,0,0,0.0549063600046793,0.427374201004568,EOGHorizontalSignal,182
9,9,0.1,feature_ablation,tshap_zero,0.07296137339055794,0.136,0.0864,0.15368672910586745,0.6594884728156796,0,1,0.0549063600046793,0.427374201004568,EOGHorizontalSignal,182
9,9,0.2,feature_ablation,tshap_zero,0.15207373271889402,0.264,0.1472,0.22988066609557023,0.9905333325540057,1,1,0.0549063600046793,0.427374201004568,EOGHorizontalSignal,182
9,9,0.05,feature_ablation,tshap_train,0.0,0.0,0.0856,0.26541600685462563,0.3958974273483922,0,0,0.0549063600046793,34.47544156799995,EOGHorizontalSignal,182
9,9,0.1,feature_ablation,tshap_train,0.0,0.0,0.1088,0.15368672910586745,0.5557466192602591,0,1,0.0549063600046793,34.47544156799995,EOGHorizontalSignal,182
9,9,0.2,feature_ablation,tshap_train,0.16009280742459397,0.276,0.1448,0.22988066609557023,1.034018113968529,1,1,0.0549063600046793,34.47544156799995,EOGHorizontalSignal,182
9,9,0.05,feature_ablation,mrsqm,0.0,0.0,0.3528,0.26541600685462563,0.00020245217696812645,0,0,0.0549063600046793,3.9965001633390784e-05,EOGHorizontalSignal,182
9,9,0.1,feature_ablation,mrsqm,0.0,0.0,0.3032,0.15368672910586745,-0.05094920752797738,0,0,0.0549063600046793,3.9965001633390784e-05,EOGHorizontalSignal,182
9,9,0.2,feature_ablation,mrsqm,0.0,0.0,0.504,0.22988066609557023,-0.04347287322861848,1,1,0.0549063600046793,3.9965001633390784e-05,EOGHorizontalSignal,182
9,9,0.05,tshap_centroid,tshap_zero,0.7714285714285715,0.8709677419354839,0.0064,0.4551507258076023,0.29515677053892553,0,0,0.4364398749967222,0.427374201004568,EOGHorizontalSignal,182
9,9,0.1,tshap_centroid,tshap_zero,0.8656716417910447,0.928,0.0072,0.7328917934597277,0.6594884728156796,1,1,0.4364398749967222,0.427374201004568,EOGHorizontalSignal,182
9,9,0.2,tshap_centroid,tshap_zero,0.7667844522968198,0.868,0.0264,0.7620381176841476,0.9905333325540057,1,1,0.4364398749967222,0.427374201004568,EOGHorizontalSignal,182
9,9,0.05,tshap_centroid,tshap_train,0.21568627450980393,0.3548387096774194,0.032,0.4551507258076023,0.3958974273483922,0,0,0.4364398749967222,34.47544156799995,EOGHorizontalSignal,182
9,9,0.1,tshap_centroid,tshap_train,0.5432098765432098,0.704,0.0296,0.7328917934597277,0.5557466192602591,1,1,0.4364398749967222,34.47544156799995,EOGHorizontalSignal,182
9,9,0.2,tshap_centroid,tshap_train,0.7482517482517482,0.856,0.0288,0.7620381176841476,1.034018113968529,1,1,0.4364398749967222,34.47544156799995,EOGHorizontalSignal,182
9,9,0.05,tshap_centroid,mrsqm,0.0,0.0,0.4064,0.4551507258076023,0.00020245217696812645,0,0,0.4364398749967222,3.9965001633390784e-05,EOGHorizontalSignal,182
9,9,0.1,tshap_centroid,mrsqm,0.0,0.0,0.3824,0.7328917934597277,-0.05094920752797738,1,0,0.4364398749967222,3.9965001633390784e-05,EOGHorizontalSignal,182
9,9,0.2,tshap_centroid,mrsqm,0.0,0.0,0.3304,0.7620381176841476,-0.04347287322861848,1,1,0.4364398749967222,3.9965001633390784e-05,EOGHorizontalSignal,182
9,9,0.05,tshap_zero,tshap_train,0.3191489361702128,0.4838709677419355,0.0256,0.29515677053892553,0.3958974273483922,0,0,0.427374201004568,34.47544156799995,EOGHorizontalSignal,182
9,9,0.1,tshap_zero,tshap_train,0.6339869281045751,0.776,0.0224,0.6594884728156796,0.5557466192602591,1,1,0.427374201004568,34.47544156799995,EOGHorizontalSignal,182
9,9,0.2,tshap_zero,tshap_train,0.9762845849802372,0.988,0.0024,0.9905333325540057,1.034018113968529,1,1,0.427374201004568,34.47544156799995,EOGHorizontalSignal,182
9,9,0.05,tshap_zero,mrsqm,0.0,0.0,0.4128,0.29515677053892553,0.00020245217696812645,0,0,0.427374201004568,3.9965001633390784e-05,EOGHorizontalSignal,182
9,9,0.1,tshap_zero,mrsqm,0.0,0.0,0.3896,0.6594884728156796,-0.05094920752797738,1,0,0.427374201004568,3.9965001633390784e-05,EOGHorizontalSignal,182
9,9,0.2,tshap_zero,mrsqm,0.0,0.0,0.3568,0.9905333325540057,-0.04347287322861848,1,1,0.427374201004568,3.9965001633390784e-05,EOGHorizontalSignal,182
9,9,0.05,tshap_train,mrsqm,0.0,0.0,0.4384,0.3958974273483922,0.00020245217696812645,0,0,34.47544156799995,3.9965001633390784e-05,EOGHorizontalSignal,182
9,9,0.1,tshap_train,mrsqm,0.0,0.0,0.412,0.5557466192602591,-0.05094920752797738,1,0,34.47544156799995,3.9965001633390784e-05,EOGHorizontalSignal,182
9,9,0.2,tshap_train,mrsqm,0.0,0.0,0.3592,1.034018113968529,-0.04347287322861848,1,1,34.47544156799995,3.9965001633390784e-05,EOGHorizontalSignal,182
