sample_idx,fraction,mode,perturbation,true_label,base_pred,masked_pred,score_before,score_after,score_drop,bounded_relative_score_drop,flipped,dataset,model
0,0.05,top,global_mean,4,4,4,0.28871964750468404,0.39071849789187296,-0.10199885038718892,-0.35327868397612316,0.0,UWaveGestureLibraryZ,HYDRA
0,0.05,bottom,global_mean,4,4,4,0.28871964750468404,-0.10430195135123177,0.3930215988559158,1.0,0.0,UWaveGestureLibraryZ,HYDRA
0,0.05,random,global_mean,4,4,4,0.28871964750468404,,0.273720388647145,0.8465087790125976,0.0,UWaveGestureLibraryZ,HYDRA
0,0.1,top,global_mean,4,4,4,0.28871964750468404,0.5993525011461627,-0.31063285364147863,-1.0,0.0,UWaveGestureLibraryZ,HYDRA
0,0.1,bottom,global_mean,4,4,4,0.28871964750468404,0.07799254654315557,0.21072710096152847,0.7298650192938133,0.0,UWaveGestureLibraryZ,HYDRA
0,0.1,random,global_mean,4,4,4,0.28871964750468404,,0.30359599713258445,0.945659901476744,0.0,UWaveGestureLibraryZ,HYDRA
0,0.2,top,global_mean,4,4,4,0.28871964750468404,0.7082956194538308,-0.41957597194914675,-1.0,0.0,UWaveGestureLibraryZ,HYDRA
0,0.2,bottom,global_mean,4,4,4,0.28871964750468404,-0.23532179874519665,0.5240414462498807,1.0,0.0,UWaveGestureLibraryZ,HYDRA
0,0.2,random,global_mean,4,4,4,0.28871964750468404,,0.5015967558008295,1.0,0.2,UWaveGestureLibraryZ,HYDRA
1,0.05,top,global_mean,0,0,0,0.5859141138564145,0.45450370358996584,0.13141041026644862,0.22428233571502018,0.0,UWaveGestureLibraryZ,HYDRA
1,0.05,bottom,global_mean,0,0,0,0.5859141138564145,0.4719756381422068,0.11393847571420768,0.19446242812253117,0.0,UWaveGestureLibraryZ,HYDRA
1,0.05,random,global_mean,0,0,0,0.5859141138564145,,0.3126503842168932,0.5029944446090746,0.0,UWaveGestureLibraryZ,HYDRA
1,0.1,top,global_mean,0,0,0,0.5859141138564145,0.5231312397195457,0.06278287413686878,0.10715353240103391,0.0,UWaveGestureLibraryZ,HYDRA
1,0.1,bottom,global_mean,0,0,0,0.5859141138564145,0.600775822395878,-0.014861708539463558,-0.02536495165937228,0.0,UWaveGestureLibraryZ,HYDRA
1,0.1,random,global_mean,0,0,0,0.5859141138564145,,0.27859466435865937,0.45147419015080653,0.0,UWaveGestureLibraryZ,HYDRA
1,0.2,top,global_mean,0,0,0,0.5859141138564145,0.49205877789520935,0.0938553359612051,0.1601858933855826,0.0,UWaveGestureLibraryZ,HYDRA
1,0.2,bottom,global_mean,0,0,0,0.5859141138564145,0.5461718935595573,0.039742220296857145,0.06782931410538157,0.0,UWaveGestureLibraryZ,HYDRA
1,0.2,random,global_mean,0,0,0,0.5859141138564145,,0.46818269024892184,0.7912475258631032,0.0,UWaveGestureLibraryZ,HYDRA
2,0.05,top,global_mean,3,3,3,-0.1140424168717975,-0.22909887123325923,0.11505645436146172,1.0,0.0,UWaveGestureLibraryZ,HYDRA
2,0.05,bottom,global_mean,3,3,3,-0.1140424168717975,0.04783580324123593,-0.16187822011303343,-1.0,0.0,UWaveGestureLibraryZ,HYDRA
2,0.05,random,global_mean,3,3,3,-0.1140424168717975,,-0.007153093158952184,0.04832494770199428,0.0,UWaveGestureLibraryZ,HYDRA
2,0.1,top,global_mean,3,3,3,-0.1140424168717975,-0.0934364203063156,-0.0206059965654819,-0.18068554179366825,0.0,UWaveGestureLibraryZ,HYDRA
2,0.1,bottom,global_mean,3,3,3,-0.1140424168717975,-0.2152272411039966,0.1011848242321991,0.8872482691916057,0.0,UWaveGestureLibraryZ,HYDRA
2,0.1,random,global_mean,3,3,3,-0.1140424168717975,,-0.03520268906470094,-0.11645015744294773,0.0,UWaveGestureLibraryZ,HYDRA
2,0.2,top,global_mean,3,3,3,-0.1140424168717975,-0.08897223691596257,-0.025070179955834937,-0.21983013700841417,0.0,UWaveGestureLibraryZ,HYDRA
2,0.2,bottom,global_mean,3,3,3,-0.1140424168717975,0.12301213307479064,-0.23705454994658814,-1.0,0.0,UWaveGestureLibraryZ,HYDRA
2,0.2,random,global_mean,3,3,3,-0.1140424168717975,,-0.1022704167305365,-0.2620549149403998,0.0,UWaveGestureLibraryZ,HYDRA
3,0.05,top,global_mean,3,3,3,0.049597909567725584,-0.045518699611410085,0.09511660917913567,1.0,0.0,UWaveGestureLibraryZ,HYDRA
3,0.05,bottom,global_mean,3,3,3,0.049597909567725584,0.3864077777369882,-0.3368098681692626,-1.0,0.0,UWaveGestureLibraryZ,HYDRA
3,0.05,random,global_mean,3,3,3,0.049597909567725584,,-0.019230184762305313,-0.17618916699520476,0.0,UWaveGestureLibraryZ,HYDRA
3,0.1,top,global_mean,3,3,3,0.049597909567725584,0.2442774958021129,-0.1946795862343873,-1.0,0.0,UWaveGestureLibraryZ,HYDRA
3,0.1,bottom,global_mean,3,3,3,0.049597909567725584,0.435015914563336,-0.3854180049956104,-1.0,0.0,UWaveGestureLibraryZ,HYDRA
3,0.1,random,global_mean,3,3,3,0.049597909567725584,,-0.0700719705616909,-0.04379994601309711,0.0,UWaveGestureLibraryZ,HYDRA
3,0.2,top,global_mean,3,3,3,0.049597909567725584,0.23448827152772023,-0.18489036195999464,-1.0,0.0,UWaveGestureLibraryZ,HYDRA
3,0.2,bottom,global_mean,3,3,3,0.049597909567725584,0.5027743070787573,-0.45317639751103167,-1.0,0.0,UWaveGestureLibraryZ,HYDRA
3,0.2,random,global_mean,3,3,3,0.049597909567725584,,-0.1632180184817479,-0.34262912903197684,0.0,UWaveGestureLibraryZ,HYDRA
4,0.05,top,global_mean,4,4,4,0.443129469107854,0.4178112307280839,0.025318238379770097,0.05713495267148481,0.0,UWaveGestureLibraryZ,HYDRA
4,0.05,bottom,global_mean,4,4,4,0.443129469107854,0.21015268711511248,0.23297678199274152,0.5257521164405354,0.0,UWaveGestureLibraryZ,HYDRA
4,0.05,random,global_mean,4,4,4,0.443129469107854,,0.2420030353821534,0.546121407244628,0.0,UWaveGestureLibraryZ,HYDRA
4,0.1,top,global_mean,4,4,4,0.443129469107854,0.5181833646546878,-0.07505389554683384,-0.16937200391103413,0.0,UWaveGestureLibraryZ,HYDRA
4,0.1,bottom,global_mean,4,4,4,0.443129469107854,0.17845430540764884,0.26467516370020516,0.5972849581593217,0.0,UWaveGestureLibraryZ,HYDRA
4,0.1,random,global_mean,4,4,4,0.443129469107854,,0.36126367702861795,0.6691489989003945,0.2,UWaveGestureLibraryZ,HYDRA
4,0.2,top,global_mean,4,4,4,0.443129469107854,0.5763354531980089,-0.13320598409015494,-0.3006021778604752,0.0,UWaveGestureLibraryZ,HYDRA
4,0.2,bottom,global_mean,4,4,4,0.443129469107854,-0.0375521820247251,0.4806816511325791,1.0,0.0,UWaveGestureLibraryZ,HYDRA
4,0.2,random,global_mean,4,4,4,0.443129469107854,,0.5609777207580952,0.9819604138280926,0.4,UWaveGestureLibraryZ,HYDRA
5,0.05,top,global_mean,3,3,3,0.75380445329003,0.5826524718757425,0.17115198141428745,0.22705060127554683,0.0,UWaveGestureLibraryZ,HYDRA
5,0.05,bottom,global_mean,3,3,3,0.75380445329003,0.6114344042616885,0.1423700490283415,0.18886842540997642,0.0,UWaveGestureLibraryZ,HYDRA
5,0.05,random,global_mean,3,3,3,0.75380445329003,,-0.04461907825039517,-0.05919176898449392,0.0,UWaveGestureLibraryZ,HYDRA
5,0.1,top,global_mean,3,3,3,0.75380445329003,0.6719973765233992,0.08180707676663079,0.10852545097621515,0.0,UWaveGestureLibraryZ,HYDRA
5,0.1,bottom,global_mean,3,3,3,0.75380445329003,0.9850027115168377,-0.23119825822680773,-0.30670812637097383,0.0,UWaveGestureLibraryZ,HYDRA
5,0.1,random,global_mean,3,3,3,0.75380445329003,,0.13225813271267928,0.1754539346132753,0.0,UWaveGestureLibraryZ,HYDRA
5,0.2,top,global_mean,3,3,3,0.75380445329003,0.6537468299078021,0.1000576233822279,0.1327366669284764,0.0,UWaveGestureLibraryZ,HYDRA
5,0.2,bottom,global_mean,3,3,3,0.75380445329003,0.8814164589664591,-0.12761200567642916,-0.16929037209728154,0.0,UWaveGestureLibraryZ,HYDRA
5,0.2,random,global_mean,3,3,3,0.75380445329003,,-0.11568110865130929,-0.15346281742379553,0.0,UWaveGestureLibraryZ,HYDRA
6,0.05,top,global_mean,5,5,3,0.23506119356460664,-0.35970622767402755,0.5947674212386342,1.0,1.0,UWaveGestureLibraryZ,HYDRA
6,0.05,bottom,global_mean,5,5,5,0.23506119356460664,0.25642782654888363,-0.02136663298427699,-0.09089778607211198,0.0,UWaveGestureLibraryZ,HYDRA
6,0.05,random,global_mean,5,5,5,0.23506119356460664,,0.32221832095777,0.900049879529481,0.2,UWaveGestureLibraryZ,HYDRA
6,0.1,top,global_mean,5,5,3,0.23506119356460664,-0.2766440823742925,0.5117052759388991,1.0,1.0,UWaveGestureLibraryZ,HYDRA
6,0.1,bottom,global_mean,5,5,5,0.23506119356460664,-0.008456174537878725,0.24351736810248537,1.0,0.0,UWaveGestureLibraryZ,HYDRA
6,0.1,random,global_mean,5,5,5,0.23506119356460664,,0.2179540441886179,0.7679106605219861,0.0,UWaveGestureLibraryZ,HYDRA
6,0.2,top,global_mean,5,5,3,0.23506119356460664,-0.6342422720992382,0.8693034656638449,1.0,1.0,UWaveGestureLibraryZ,HYDRA
6,0.2,bottom,global_mean,5,5,5,0.23506119356460664,0.2758805644965502,-0.040819370931943544,-0.17365349277541042,0.0,UWaveGestureLibraryZ,HYDRA
6,0.2,random,global_mean,5,5,4,0.23506119356460664,,0.521187988396551,0.8232775275305183,0.6,UWaveGestureLibraryZ,HYDRA
7,0.05,top,global_mean,1,1,1,0.1344397223174626,-0.007574998935604316,0.1420147212530669,1.0,0.0,UWaveGestureLibraryZ,HYDRA
7,0.05,bottom,global_mean,1,1,1,0.1344397223174626,0.16183313752590545,-0.02739341520844285,-0.20375831620241674,0.0,UWaveGestureLibraryZ,HYDRA
7,0.05,random,global_mean,1,1,1,0.1344397223174626,,-0.005625272817300764,-0.041842030601542624,0.0,UWaveGestureLibraryZ,HYDRA
7,0.1,top,global_mean,1,1,1,0.1344397223174626,-0.15565710494239693,0.2900968272598595,1.0,0.0,UWaveGestureLibraryZ,HYDRA
7,0.1,bottom,global_mean,1,1,1,0.1344397223174626,0.08993661469632874,0.04450310762113385,0.33102401455450464,0.0,UWaveGestureLibraryZ,HYDRA
7,0.1,random,global_mean,1,1,1,0.1344397223174626,,-0.00020660790231437077,0.061458981197147544,0.0,UWaveGestureLibraryZ,HYDRA
7,0.2,top,global_mean,1,1,0,0.1344397223174626,-0.2845906053285182,0.4190303276459808,1.0,1.0,UWaveGestureLibraryZ,HYDRA
7,0.2,bottom,global_mean,1,1,1,0.1344397223174626,-0.008914435693711642,0.14335415801117424,1.0,0.0,UWaveGestureLibraryZ,HYDRA
7,0.2,random,global_mean,1,1,1,0.1344397223174626,,0.27384724621338946,0.8408568774560742,0.0,UWaveGestureLibraryZ,HYDRA
8,0.05,top,global_mean,1,1,1,1.3181866276149665,0.9914737486033213,0.32671287901164525,0.24785005728112922,0.0,UWaveGestureLibraryZ,HYDRA
8,0.05,bottom,global_mean,1,1,1,1.3181866276149665,1.312461875409603,0.005724752205363615,0.004342896326315525,0.0,UWaveGestureLibraryZ,HYDRA
8,0.05,random,global_mean,1,1,1,1.3181866276149665,,0.10066776720901682,0.07636831441906174,0.0,UWaveGestureLibraryZ,HYDRA
8,0.1,top,global_mean,1,1,1,1.3181866276149665,0.7121334950550974,0.6060531325598691,0.459762419145458,0.0,UWaveGestureLibraryZ,HYDRA
8,0.1,bottom,global_mean,1,1,1,1.3181866276149665,1.0992543110170905,0.21893231659787604,0.1660858530389914,0.0,UWaveGestureLibraryZ,HYDRA
8,0.1,random,global_mean,1,1,1,1.3181866276149665,,0.2841689451164882,0.21557549104799517,0.0,UWaveGestureLibraryZ,HYDRA
8,0.2,top,global_mean,1,1,1,1.3181866276149665,0.13332487204228716,1.1848617555726793,0.8988566807568075,0.0,UWaveGestureLibraryZ,HYDRA
8,0.2,bottom,global_mean,1,1,1,1.3181866276149665,1.2187748691749412,0.09941175844002537,0.07541548437978729,0.0,UWaveGestureLibraryZ,HYDRA
8,0.2,random,global_mean,1,1,1,1.3181866276149665,,0.5771752787766152,0.4378551783412764,0.0,UWaveGestureLibraryZ,HYDRA
9,0.05,top,global_mean,0,0,0,-0.07863981446102686,-0.03510467481338331,-0.04353513964764355,-0.5535947198158645,0.0,UWaveGestureLibraryZ,HYDRA
9,0.05,bottom,global_mean,0,0,0,-0.07863981446102686,-0.14748758848957577,0.06884777402854891,0.875471274050306,0.0,UWaveGestureLibraryZ,HYDRA
9,0.05,random,global_mean,0,0,1,-0.07863981446102686,,0.03412015660331265,-0.05412199558231605,0.2,UWaveGestureLibraryZ,HYDRA
9,0.1,top,global_mean,0,0,0,-0.07863981446102686,0.06850535589694462,-0.14714517035797148,-1.0,0.0,UWaveGestureLibraryZ,HYDRA
9,0.1,bottom,global_mean,0,0,0,-0.07863981446102686,0.016890146504080383,-0.09552996096510724,-1.0,0.0,UWaveGestureLibraryZ,HYDRA
9,0.1,random,global_mean,0,0,1,-0.07863981446102686,,0.06040168482894039,0.17289656804208428,0.2,UWaveGestureLibraryZ,HYDRA
9,0.2,top,global_mean,0,0,2,-0.07863981446102686,-0.39607512976145687,0.31743531530043,1.0,1.0,UWaveGestureLibraryZ,HYDRA
9,0.2,bottom,global_mean,0,0,0,-0.07863981446102686,-0.006612320972889663,-0.0720274934881372,-0.915904724306141,0.0,UWaveGestureLibraryZ,HYDRA
9,0.2,random,global_mean,0,0,2,-0.07863981446102686,,0.031105114832990298,0.2,0.6,UWaveGestureLibraryZ,HYDRA
10,0.05,top,global_mean,1,1,1,0.5468404754187389,0.29681244413713725,0.25002803128160167,0.4572221430171238,0.0,UWaveGestureLibraryZ,HYDRA
10,0.05,bottom,global_mean,1,1,1,0.5468404754187389,0.6154037898907098,-0.06856331447197084,-0.1253806039848552,0.0,UWaveGestureLibraryZ,HYDRA
10,0.05,random,global_mean,1,1,1,0.5468404754187389,,-0.06817492823488971,-0.12467036846955577,0.0,UWaveGestureLibraryZ,HYDRA
10,0.1,top,global_mean,1,1,1,0.5468404754187389,0.025841983821338177,0.5209984915974007,0.9527413611018638,0.0,UWaveGestureLibraryZ,HYDRA
10,0.1,bottom,global_mean,1,1,1,0.5468404754187389,0.6363959594284879,-0.089555484009749,-0.163768638692178,0.0,UWaveGestureLibraryZ,HYDRA
10,0.1,random,global_mean,1,1,1,0.5468404754187389,,0.06114296561890309,0.11181113424522784,0.0,UWaveGestureLibraryZ,HYDRA
10,0.2,top,global_mean,1,1,3,0.5468404754187389,-0.3876505139455088,0.9344909893642477,1.0,1.0,UWaveGestureLibraryZ,HYDRA
10,0.2,bottom,global_mean,1,1,1,0.5468404754187389,0.5062896393995037,0.04055083601923526,0.07415464598434825,0.0,UWaveGestureLibraryZ,HYDRA
10,0.2,random,global_mean,1,1,1,0.5468404754187389,,0.12372119269818857,0.22624690748530035,0.0,UWaveGestureLibraryZ,HYDRA
11,0.05,top,global_mean,3,3,3,0.3436400625656758,0.20958724274054263,0.13405281982513317,0.39009546421569846,0.0,UWaveGestureLibraryZ,HYDRA
11,0.05,bottom,global_mean,3,3,3,0.3436400625656758,0.38230744201131384,-0.03866737944563803,-0.11252258143116416,0.0,UWaveGestureLibraryZ,HYDRA
11,0.05,random,global_mean,3,3,3,0.3436400625656758,,-0.0301811586121848,-0.08782756748232512,0.0,UWaveGestureLibraryZ,HYDRA
11,0.1,top,global_mean,3,3,3,0.3436400625656758,0.19172921944582166,0.15191084311985414,0.4420625462675065,0.0,UWaveGestureLibraryZ,HYDRA
11,0.1,bottom,global_mean,3,3,3,0.3436400625656758,0.5371647881370246,-0.1935247255713488,-0.5631594900983723,0.0,UWaveGestureLibraryZ,HYDRA
11,0.1,random,global_mean,3,3,3,0.3436400625656758,,-0.07335450324312438,-0.2134625667126293,0.0,UWaveGestureLibraryZ,HYDRA
11,0.2,top,global_mean,3,3,3,0.3436400625656758,-0.039390336265963555,0.38303039883163936,1.0,0.0,UWaveGestureLibraryZ,HYDRA
11,0.2,bottom,global_mean,3,3,3,0.3436400625656758,0.7261410203795943,-0.38250095781391846,-1.0,0.0,UWaveGestureLibraryZ,HYDRA
11,0.2,random,global_mean,3,3,3,0.3436400625656758,,0.10166924648232703,0.25947466381377426,0.2,UWaveGestureLibraryZ,HYDRA
13,0.05,top,global_mean,3,3,3,0.08575812562712781,0.0843416795194627,0.0014164461076651147,0.016516564240914515,0.0,UWaveGestureLibraryZ,HYDRA
13,0.05,bottom,global_mean,3,3,3,0.08575812562712781,-0.06478295984282212,0.15054108546994993,1.0,0.0,UWaveGestureLibraryZ,HYDRA
13,0.05,random,global_mean,3,3,2,0.08575812562712781,,-0.05324788991176037,-0.2752215115978157,0.2,UWaveGestureLibraryZ,HYDRA
13,0.1,top,global_mean,3,3,3,0.08575812562712781,-0.0452531697287587,0.13101129535588651,1.0,0.0,UWaveGestureLibraryZ,HYDRA
13,0.1,bottom,global_mean,3,3,0,0.08575812562712781,-0.059079002625300636,0.14483712825242845,1.0,1.0,UWaveGestureLibraryZ,HYDRA
13,0.1,random,global_mean,3,3,3,0.08575812562712781,,0.08289858946713473,0.246304028462984,0.2,UWaveGestureLibraryZ,HYDRA
13,0.2,top,global_mean,3,3,3,0.08575812562712781,0.11372333171952687,-0.027965206092399053,-0.3260901494493892,0.0,UWaveGestureLibraryZ,HYDRA
13,0.2,bottom,global_mean,3,3,0,0.08575812562712781,-0.2498994180075811,0.3356575436347089,1.0,1.0,UWaveGestureLibraryZ,HYDRA
13,0.2,random,global_mean,3,3,1,0.08575812562712781,,0.19043200607352045,0.6,0.6,UWaveGestureLibraryZ,HYDRA
15,0.05,top,global_mean,0,0,0,1.1854424139267543,0.8366682573070358,0.34877415661971856,0.2942140911343985,0.0,UWaveGestureLibraryZ,HYDRA
15,0.05,bottom,global_mean,0,0,0,1.1854424139267543,1.1539469128623372,0.03149550106441712,0.026568540256248076,0.0,UWaveGestureLibraryZ,HYDRA
15,0.05,random,global_mean,0,0,0,1.1854424139267543,,0.2942289922445057,0.24820163391003108,0.0,UWaveGestureLibraryZ,HYDRA
15,0.1,top,global_mean,0,0,0,1.1854424139267543,0.7402752072073783,0.44516720671937604,0.37552801043853273,0.0,UWaveGestureLibraryZ,HYDRA
15,0.1,bottom,global_mean,0,0,0,1.1854424139267543,1.1562646097509224,0.029177804175831934,0.02461340949137431,0.0,UWaveGestureLibraryZ,HYDRA
15,0.1,random,global_mean,0,0,0,1.1854424139267543,,0.19123478352498072,0.16131920029107075,0.0,UWaveGestureLibraryZ,HYDRA
15,0.2,top,global_mean,0,0,0,1.1854424139267543,0.1779381808745668,1.0075042330521875,0.8498965207582981,0.0,UWaveGestureLibraryZ,HYDRA
15,0.2,bottom,global_mean,0,0,0,1.1854424139267543,0.9336070697588902,0.25183534416786413,0.21243978515487746,0.0,UWaveGestureLibraryZ,HYDRA
15,0.2,random,global_mean,0,0,0,1.1854424139267543,,0.6491755171385125,0.5476225263153923,0.0,UWaveGestureLibraryZ,HYDRA
16,0.05,top,global_mean,4,4,4,0.9009059178613659,0.5419690242818882,0.35893689357947767,0.39841729091341255,0.0,UWaveGestureLibraryZ,HYDRA
16,0.05,bottom,global_mean,4,4,4,0.9009059178613659,0.46064129327661907,0.4402646245847468,0.4886904694103991,0.0,UWaveGestureLibraryZ,HYDRA
16,0.05,random,global_mean,4,4,4,0.9009059178613659,,0.3981067263564987,0.44189551491240786,0.0,UWaveGestureLibraryZ,HYDRA
16,0.1,top,global_mean,4,4,4,0.9009059178613659,0.24610572484707727,0.6548001930142886,0.7268233599190222,0.0,UWaveGestureLibraryZ,HYDRA
16,0.1,bottom,global_mean,4,4,4,0.9009059178613659,0.34047431010378904,0.5604316077575768,0.6220749298806224,0.0,UWaveGestureLibraryZ,HYDRA
16,0.1,random,global_mean,4,4,4,0.9009059178613659,,0.31767879450471465,0.352621106805176,0.0,UWaveGestureLibraryZ,HYDRA
16,0.2,top,global_mean,4,4,4,0.9009059178613659,-0.11359633176144945,1.0145022496228153,1.0,0.0,UWaveGestureLibraryZ,HYDRA
16,0.2,bottom,global_mean,4,4,4,0.9009059178613659,0.3017227110365732,0.5991832068247926,0.6650889175622877,0.0,UWaveGestureLibraryZ,HYDRA
16,0.2,random,global_mean,4,4,4,0.9009059178613659,,0.5266515132028589,0.5845792753518421,0.0,UWaveGestureLibraryZ,HYDRA
17,0.05,top,global_mean,5,5,0,0.03646034524419628,-0.15699757527059466,0.19345792051479094,1.0,1.0,UWaveGestureLibraryZ,HYDRA
17,0.05,bottom,global_mean,5,5,5,0.03646034524419628,-0.04720399458286617,0.08366433982706245,1.0,0.0,UWaveGestureLibraryZ,HYDRA
17,0.05,random,global_mean,5,5,3,0.03646034524419628,,0.11952717311382807,0.6,0.6,UWaveGestureLibraryZ,HYDRA
17,0.1,top,global_mean,5,5,5,0.03646034524419628,-0.034843873532119374,0.07130421877631565,1.0,0.0,UWaveGestureLibraryZ,HYDRA
17,0.1,bottom,global_mean,5,5,0,0.03646034524419628,0.05057820804772539,-0.014117862803529113,-0.3872008207315477,1.0,UWaveGestureLibraryZ,HYDRA
17,0.1,random,global_mean,5,5,1,0.03646034524419628,,0.17288461225419233,0.8312631917019953,0.8,UWaveGestureLibraryZ,HYDRA
17,0.2,top,global_mean,5,5,0,0.03646034524419628,-0.2834586075336785,0.3199189527778748,1.0,1.0,UWaveGestureLibraryZ,HYDRA
17,0.2,bottom,global_mean,5,5,0,0.03646034524419628,-0.1283732842548979,0.1648336294990942,1.0,1.0,UWaveGestureLibraryZ,HYDRA
17,0.2,random,global_mean,5,5,0,0.03646034524419628,,0.27263603785029905,1.0,1.0,UWaveGestureLibraryZ,HYDRA
18,0.05,top,global_mean,3,3,3,0.23254989123562975,-0.002385124314171816,0.23493501554980156,1.0,0.0,UWaveGestureLibraryZ,HYDRA
18,0.05,bottom,global_mean,3,3,3,0.23254989123562975,0.2923893477270284,-0.05983945649139866,-0.2573176829099612,0.0,UWaveGestureLibraryZ,HYDRA
18,0.05,random,global_mean,3,3,3,0.23254989123562975,,-0.010130976480737908,-0.04356455667363064,0.0,UWaveGestureLibraryZ,HYDRA
18,0.1,top,global_mean,3,3,3,0.23254989123562975,0.035441879109140095,0.19710801212648965,0.8475908695906568,0.0,UWaveGestureLibraryZ,HYDRA
18,0.1,bottom,global_mean,3,3,3,0.23254989123562975,0.28821952049897337,-0.05566962926334362,-0.23938686696726935,0.0,UWaveGestureLibraryZ,HYDRA
18,0.1,random,global_mean,3,3,3,0.23254989123562975,,-0.007423660885948679,-0.03192273676744044,0.0,UWaveGestureLibraryZ,HYDRA
18,0.2,top,global_mean,3,3,3,0.23254989123562975,0.06147253043348044,0.1710773608021493,0.7356555801319504,0.0,UWaveGestureLibraryZ,HYDRA
18,0.2,bottom,global_mean,3,3,3,0.23254989123562975,0.3895226101749164,-0.15697271893928666,-0.6750037297437648,0.0,UWaveGestureLibraryZ,HYDRA
18,0.2,random,global_mean,3,3,3,0.23254989123562975,,-0.07176002227497735,-0.308577713435926,0.0,UWaveGestureLibraryZ,HYDRA
19,0.05,top,global_mean,2,2,1,0.05942171502781313,-0.18861458567342582,0.24803630070123894,1.0,1.0,UWaveGestureLibraryZ,HYDRA
19,0.05,bottom,global_mean,2,2,1,0.05942171502781313,-0.17057555352678544,0.22999726855459857,1.0,1.0,UWaveGestureLibraryZ,HYDRA
19,0.05,random,global_mean,2,2,2,0.05942171502781313,,0.23766548033681603,1.0,0.4,UWaveGestureLibraryZ,HYDRA
19,0.1,top,global_mean,2,2,2,0.05942171502781313,-0.08336547254667603,0.14278718757448916,1.0,0.0,UWaveGestureLibraryZ,HYDRA
19,0.1,bottom,global_mean,2,2,1,0.05942171502781313,-0.3451012397915273,0.4045229548193404,1.0,1.0,UWaveGestureLibraryZ,HYDRA
19,0.1,random,global_mean,2,2,2,0.05942171502781313,,0.1838374079231455,0.6,0.4,UWaveGestureLibraryZ,HYDRA
19,0.2,top,global_mean,2,2,2,0.05942171502781313,-0.017440145844149102,0.07686186087196223,1.0,0.0,UWaveGestureLibraryZ,HYDRA
19,0.2,bottom,global_mean,2,2,2,0.05942171502781313,-0.1877456368237166,0.24716735185152972,1.0,0.0,UWaveGestureLibraryZ,HYDRA
19,0.2,random,global_mean,2,2,2,0.05942171502781313,,0.14778268118629337,0.9425427148921326,0.2,UWaveGestureLibraryZ,HYDRA
20,0.05,top,global_mean,1,1,1,0.7868109009451411,0.5802275894177092,0.2065833115274318,0.2625574311716409,0.0,UWaveGestureLibraryZ,HYDRA
20,0.05,bottom,global_mean,1,1,1,0.7868109009451411,0.8051680991699633,-0.01835719822482229,-0.02333111408555348,0.0,UWaveGestureLibraryZ,HYDRA
20,0.05,random,global_mean,1,1,1,0.7868109009451411,,0.08182721748926584,0.10399844917314119,0.0,UWaveGestureLibraryZ,HYDRA
20,0.1,top,global_mean,1,1,1,0.7868109009451411,0.33949820597062563,0.4473126949745154,0.5685128738357803,0.0,UWaveGestureLibraryZ,HYDRA
20,0.1,bottom,global_mean,1,1,1,0.7868109009451411,0.760580182898776,0.02623071804636501,0.03333797825739026,0.0,UWaveGestureLibraryZ,HYDRA
20,0.1,random,global_mean,1,1,1,0.7868109009451411,,0.11592503372408931,0.14733513001625526,0.0,UWaveGestureLibraryZ,HYDRA
20,0.2,top,global_mean,1,1,1,0.7868109009451411,-0.020926590128724443,0.8077374910738655,1.0,0.0,UWaveGestureLibraryZ,HYDRA
20,0.2,bottom,global_mean,1,1,1,0.7868109009451411,0.39832416180964836,0.3884867391354927,0.493747919507612,0.0,UWaveGestureLibraryZ,HYDRA
20,0.2,random,global_mean,1,1,1,0.7868109009451411,,0.28586670620215815,0.3633228041654769,0.0,UWaveGestureLibraryZ,HYDRA
22,0.05,top,global_mean,1,1,1,0.9453497982403464,0.7407351347907752,0.20461466344957113,0.21644310644306433,0.0,UWaveGestureLibraryZ,HYDRA
22,0.05,bottom,global_mean,1,1,1,0.9453497982403464,1.0248265617620675,-0.07947676352172117,-0.08407118676967042,0.0,UWaveGestureLibraryZ,HYDRA
22,0.05,random,global_mean,1,1,1,0.9453497982403464,,0.0823397227820775,0.0870996490777209,0.0,UWaveGestureLibraryZ,HYDRA
22,0.1,top,global_mean,1,1,1,0.9453497982403464,0.4539181880563309,0.4914316101840155,0.5198404773114432,0.0,UWaveGestureLibraryZ,HYDRA
22,0.1,bottom,global_mean,1,1,1,0.9453497982403464,0.8974635749729815,0.047886223267364914,0.050654448440197224,0.0,UWaveGestureLibraryZ,HYDRA
22,0.1,random,global_mean,1,1,1,0.9453497982403464,,0.015692001555455515,0.01659913080378653,0.0,UWaveGestureLibraryZ,HYDRA
22,0.2,top,global_mean,1,1,1,0.9453497982403464,-0.04423788709151866,0.989587685331865,1.0,0.0,UWaveGestureLibraryZ,HYDRA
22,0.2,bottom,global_mean,1,1,1,0.9453497982403464,0.8471803264088303,0.09816947183151603,0.10384449033548854,0.0,UWaveGestureLibraryZ,HYDRA
22,0.2,random,global_mean,1,1,1,0.9453497982403464,,0.38159239111672594,0.3847575679771039,0.0,UWaveGestureLibraryZ,HYDRA
23,0.05,top,global_mean,5,5,5,0.7023044472372816,0.6425122361268031,0.0597922111104785,0.0851370459188209,0.0,UWaveGestureLibraryZ,HYDRA
23,0.05,bottom,global_mean,5,5,5,0.7023044472372816,0.5563369622433217,0.14596748499395984,0.20784045683849456,0.0,UWaveGestureLibraryZ,HYDRA
23,0.05,random,global_mean,5,5,5,0.7023044472372816,,0.24860429302617798,0.3539831479367471,0.0,UWaveGestureLibraryZ,HYDRA
23,0.1,top,global_mean,5,5,5,0.7023044472372816,0.4833557952833266,0.21894865195395496,0.31175701799729993,0.0,UWaveGestureLibraryZ,HYDRA
23,0.1,bottom,global_mean,5,5,5,0.7023044472372816,0.7614993318586137,-0.059194884621332156,-0.08428652355494619,0.0,UWaveGestureLibraryZ,HYDRA
23,0.1,random,global_mean,5,5,5,0.7023044472372816,,0.2569093675074786,0.3658085929962593,0.0,UWaveGestureLibraryZ,HYDRA
23,0.2,top,global_mean,5,5,5,0.7023044472372816,0.11954155689426382,0.5827628903430178,0.8297855194424043,0.0,UWaveGestureLibraryZ,HYDRA
23,0.2,bottom,global_mean,5,5,5,0.7023044472372816,0.5311575210252703,0.17114692621201133,0.24369300691781115,0.0,UWaveGestureLibraryZ,HYDRA
23,0.2,random,global_mean,5,5,5,0.7023044472372816,,0.5699468331081095,0.799709438034707,0.0,UWaveGestureLibraryZ,HYDRA
24,0.05,top,global_mean,2,2,3,0.16348709660638616,-0.28877551978637794,0.4522626163927641,1.0,1.0,UWaveGestureLibraryZ,HYDRA
24,0.05,bottom,global_mean,2,2,2,0.16348709660638616,-0.1320723079375442,0.29555940454393037,1.0,0.0,UWaveGestureLibraryZ,HYDRA
24,0.05,random,global_mean,2,2,2,0.16348709660638616,,0.20510431852871225,0.7543006888901089,0.2,UWaveGestureLibraryZ,HYDRA
24,0.1,top,global_mean,2,2,3,0.16348709660638616,-0.5308111459415156,0.6942982425479017,1.0,1.0,UWaveGestureLibraryZ,HYDRA
24,0.1,bottom,global_mean,2,2,2,0.16348709660638616,-0.13502762591312611,0.2985147225195123,1.0,0.0,UWaveGestureLibraryZ,HYDRA
24,0.1,random,global_mean,2,2,2,0.16348709660638616,,0.362316606622065,1.0,0.4,UWaveGestureLibraryZ,HYDRA
24,0.2,top,global_mean,2,2,3,0.16348709660638616,-0.2357045372384512,0.39919163384483736,1.0,1.0,UWaveGestureLibraryZ,HYDRA
24,0.2,bottom,global_mean,2,2,3,0.16348709660638616,-0.3699567231209271,0.5334438197273133,1.0,1.0,UWaveGestureLibraryZ,HYDRA
24,0.2,random,global_mean,2,2,3,0.16348709660638616,,0.3999694447681649,1.0,0.8,UWaveGestureLibraryZ,HYDRA
26,0.05,top,global_mean,0,0,0,0.6486057160973754,0.3124786719212035,0.3361270441761719,0.5182293612354595,0.0,UWaveGestureLibraryZ,HYDRA
26,0.05,bottom,global_mean,0,0,0,0.6486057160973754,0.5090146831296319,0.13959103296774344,0.21521675539786828,0.0,UWaveGestureLibraryZ,HYDRA
26,0.05,random,global_mean,0,0,0,0.6486057160973754,,0.18757230236936134,0.28919266130633325,0.0,UWaveGestureLibraryZ,HYDRA
26,0.1,top,global_mean,0,0,0,0.6486057160973754,0.2249652646418293,0.4236404514555461,0.6531545865028399,0.0,UWaveGestureLibraryZ,HYDRA
26,0.1,bottom,global_mean,0,0,0,0.6486057160973754,0.5564798740937799,0.09212584200359553,0.14203652185088483,0.0,UWaveGestureLibraryZ,HYDRA
26,0.1,random,global_mean,0,0,0,0.6486057160973754,,0.1285578686304169,0.19820619404612594,0.0,UWaveGestureLibraryZ,HYDRA
26,0.2,top,global_mean,0,0,0,0.6486057160973754,0.18702130893098146,0.46158440716639393,0.711655300061827,0.0,UWaveGestureLibraryZ,HYDRA
26,0.2,bottom,global_mean,0,0,0,0.6486057160973754,0.42722463678026934,0.22138107931710604,0.341317895456189,0.0,UWaveGestureLibraryZ,HYDRA
26,0.2,random,global_mean,0,0,0,0.6486057160973754,,0.5784420062558596,0.8007666954842018,0.0,UWaveGestureLibraryZ,HYDRA
30,0.05,top,global_mean,4,4,4,0.8287466084219501,0.47512041953431816,0.353626188887632,0.42669949848903344,0.0,UWaveGestureLibraryZ,HYDRA
30,0.05,bottom,global_mean,4,4,4,0.8287466084219501,0.3423284304009906,0.48641817802095955,0.5869316219773676,0.0,UWaveGestureLibraryZ,HYDRA
30,0.05,random,global_mean,4,4,4,0.8287466084219501,,0.440522786608818,0.5315524076716602,0.0,UWaveGestureLibraryZ,HYDRA
30,0.1,top,global_mean,4,4,4,0.8287466084219501,0.5218999591920708,0.30684664922987936,0.37025343555941925,0.0,UWaveGestureLibraryZ,HYDRA
30,0.1,bottom,global_mean,4,4,4,0.8287466084219501,0.19565618190135337,0.6330904265205968,0.7639122213891976,0.0,UWaveGestureLibraryZ,HYDRA
30,0.1,random,global_mean,4,4,4,0.8287466084219501,,0.35135368717278287,0.4239574070588376,0.0,UWaveGestureLibraryZ,HYDRA
30,0.2,top,global_mean,4,4,4,0.8287466084219501,0.43493048170386106,0.3938161267180891,0.47519428438287664,0.0,UWaveGestureLibraryZ,HYDRA
30,0.2,bottom,global_mean,4,4,4,0.8287466084219501,0.24432691987129296,0.5844196885506572,0.7051841629606304,0.0,UWaveGestureLibraryZ,HYDRA
30,0.2,random,global_mean,4,4,4,0.8287466084219501,,0.5816713912816953,0.7018679575911875,0.0,UWaveGestureLibraryZ,HYDRA
32,0.05,top,global_mean,4,4,4,0.20323252160445504,0.1964470027816283,0.006785518822826742,0.03338779335838659,0.0,UWaveGestureLibraryZ,HYDRA
32,0.05,bottom,global_mean,4,4,3,0.20323252160445504,-0.2486808213400532,0.45191334294450825,1.0,1.0,UWaveGestureLibraryZ,HYDRA
32,0.05,random,global_mean,4,4,3,0.20323252160445504,,0.3692698789253271,1.0,0.8,UWaveGestureLibraryZ,HYDRA
32,0.1,top,global_mean,4,4,4,0.20323252160445504,0.20999510766506124,-0.006762586060606202,-0.0332749538915531,0.0,UWaveGestureLibraryZ,HYDRA
32,0.1,bottom,global_mean,4,4,3,0.20323252160445504,-0.43315566710140024,0.6363881887058553,1.0,1.0,UWaveGestureLibraryZ,HYDRA
32,0.1,random,global_mean,4,4,4,0.20323252160445504,,0.2643496348595673,0.7049512667630562,0.4,UWaveGestureLibraryZ,HYDRA
32,0.2,top,global_mean,4,4,4,0.20323252160445504,0.2757828022391673,-0.07255028063471225,-0.35697989220456383,0.0,UWaveGestureLibraryZ,HYDRA
32,0.2,bottom,global_mean,4,4,3,0.20323252160445504,-0.1921303128379983,0.39536283444245335,1.0,1.0,UWaveGestureLibraryZ,HYDRA
32,0.2,random,global_mean,4,4,3,0.20323252160445504,,0.5187563818252634,1.0,1.0,UWaveGestureLibraryZ,HYDRA
34,0.05,top,global_mean,6,6,6,0.5413722846017359,0.3980748362387203,0.1432974483630156,0.2646925004222052,0.0,UWaveGestureLibraryZ,HYDRA
34,0.05,bottom,global_mean,6,6,6,0.5413722846017359,0.3383772608002231,0.2029950238015128,0.37496313463426095,0.0,UWaveGestureLibraryZ,HYDRA
34,0.05,random,global_mean,6,6,6,0.5413722846017359,,0.4037877747459199,0.6858418108750618,0.0,UWaveGestureLibraryZ,HYDRA
34,0.1,top,global_mean,6,6,6,0.5413722846017359,-0.010244857987070755,0.5516171425888067,1.0,0.0,UWaveGestureLibraryZ,HYDRA
34,0.1,bottom,global_mean,6,6,6,0.5413722846017359,0.6014190443962555,-0.060046759794519566,-0.1109156316028658,0.0,UWaveGestureLibraryZ,HYDRA
34,0.1,random,global_mean,6,6,6,0.5413722846017359,,0.19147537801942113,0.35368457119246466,0.0,UWaveGestureLibraryZ,HYDRA
34,0.2,top,global_mean,6,6,6,0.5413722846017359,-0.19553646025131727,0.7369087448530531,1.0,0.0,UWaveGestureLibraryZ,HYDRA
34,0.2,bottom,global_mean,6,6,6,0.5413722846017359,0.32068822864170987,0.22068405596002605,0.4076375067572339,0.0,UWaveGestureLibraryZ,HYDRA
34,0.2,random,global_mean,6,6,6,0.5413722846017359,,0.5211904364055012,0.7327162696452503,0.0,UWaveGestureLibraryZ,HYDRA
35,0.05,top,global_mean,1,1,1,0.7479914250719742,0.49347291102579727,0.254518514046177,0.3402688389814728,0.0,UWaveGestureLibraryZ,HYDRA
35,0.05,bottom,global_mean,1,1,1,0.7479914250719742,0.842825860987061,-0.09483443591508678,-0.12678528917717516,0.0,UWaveGestureLibraryZ,HYDRA
35,0.05,random,global_mean,1,1,1,0.7479914250719742,,0.10326292460875788,0.13805343630160635,0.0,UWaveGestureLibraryZ,HYDRA
35,0.1,top,global_mean,1,1,1,0.7479914250719742,0.16012902179042177,0.5878624032815525,0.7859202627954239,0.0,UWaveGestureLibraryZ,HYDRA
35,0.1,bottom,global_mean,1,1,1,0.7479914250719742,0.7530788455116658,-0.00508742043969157,-0.006801433101681534,0.0,UWaveGestureLibraryZ,HYDRA
35,0.1,random,global_mean,1,1,1,0.7479914250719742,,0.12258013029283266,0.16387883912198392,0.0,UWaveGestureLibraryZ,HYDRA
35,0.2,top,global_mean,1,1,0,0.7479914250719742,-0.155322216816278,0.9033136418882523,1.0,1.0,UWaveGestureLibraryZ,HYDRA
35,0.2,bottom,global_mean,1,1,1,0.7479914250719742,0.6147435520730659,0.1332478729989084,0.17814067165999287,0.0,UWaveGestureLibraryZ,HYDRA
35,0.2,random,global_mean,1,1,1,0.7479914250719742,,0.17655409485422902,0.23603727649680462,0.0,UWaveGestureLibraryZ,HYDRA
37,0.05,top,global_mean,6,6,6,0.16746855972504515,0.039231261183225064,0.1282372985418201,0.7657349714919095,0.0,UWaveGestureLibraryZ,HYDRA
37,0.05,bottom,global_mean,6,6,6,0.16746855972504515,-0.42264367063781627,0.5901122303628614,1.0,0.0,UWaveGestureLibraryZ,HYDRA
37,0.05,random,global_mean,6,6,6,0.16746855972504515,,0.21959071578210923,0.4019714781390407,0.2,UWaveGestureLibraryZ,HYDRA
37,0.1,top,global_mean,6,6,6,0.16746855972504515,0.13602969704678647,0.03143886267825868,0.18772881907539277,0.0,UWaveGestureLibraryZ,HYDRA
37,0.1,bottom,global_mean,6,6,7,0.16746855972504515,-0.6908748707194288,0.8583434304444739,1.0,1.0,UWaveGestureLibraryZ,HYDRA
37,0.1,random,global_mean,6,6,6,0.16746855972504515,,0.12102584788201014,0.5126308708278343,0.2,UWaveGestureLibraryZ,HYDRA
37,0.2,top,global_mean,6,6,5,0.16746855972504515,-0.53268426277212,0.7001528224971652,1.0,1.0,UWaveGestureLibraryZ,HYDRA
37,0.2,bottom,global_mean,6,6,4,0.16746855972504515,-0.9729352738696657,1.1404038335947109,1.0,1.0,UWaveGestureLibraryZ,HYDRA
37,0.2,random,global_mean,6,6,5,0.16746855972504515,,0.5859288569726802,1.0,0.6,UWaveGestureLibraryZ,HYDRA
39,0.05,top,global_mean,0,0,0,0.6956312662406653,0.49167089053343493,0.20396037570723036,0.29320143070630217,0.0,UWaveGestureLibraryZ,HYDRA
39,0.05,bottom,global_mean,0,0,0,0.6956312662406653,0.7335152658398932,-0.03788399959922795,-0.05445980791540995,0.0,UWaveGestureLibraryZ,HYDRA
39,0.05,random,global_mean,0,0,0,0.6956312662406653,,0.04589692543974153,0.06597871845102529,0.0,UWaveGestureLibraryZ,HYDRA
39,0.1,top,global_mean,0,0,0,0.6956312662406653,0.5874208887786442,0.10821037746202111,0.15555686921598885,0.0,UWaveGestureLibraryZ,HYDRA
39,0.1,bottom,global_mean,0,0,0,0.6956312662406653,0.7670592894089207,-0.07142802316825536,-0.10268072174723372,0.0,UWaveGestureLibraryZ,HYDRA
39,0.1,random,global_mean,0,0,0,0.6956312662406653,,0.07412033251578105,0.10655102719191278,0.0,UWaveGestureLibraryZ,HYDRA
39,0.2,top,global_mean,0,0,0,0.6956312662406653,0.38196605085064206,0.31366521539002323,0.45090665084460824,0.0,UWaveGestureLibraryZ,HYDRA
39,0.2,bottom,global_mean,0,0,0,0.6956312662406653,0.2797922877108633,0.415838978529802,0.5977856386350194,0.0,UWaveGestureLibraryZ,HYDRA
39,0.2,random,global_mean,0,0,0,0.6956312662406653,,0.3128970097860071,0.4442840205350292,0.0,UWaveGestureLibraryZ,HYDRA
40,0.05,top,global_mean,6,6,6,0.022517035244937977,-0.11310582361878718,0.13562285886372516,1.0,0.0,UWaveGestureLibraryZ,HYDRA
40,0.05,bottom,global_mean,6,6,6,0.022517035244937977,-0.0036917709833863555,0.026208806228324333,1.0,0.0,UWaveGestureLibraryZ,HYDRA
40,0.05,random,global_mean,6,6,6,0.022517035244937977,,0.14039576708024554,0.3694751726714962,0.4,UWaveGestureLibraryZ,HYDRA
40,0.1,top,global_mean,6,6,7,0.022517035244937977,-0.2389210580525155,0.2614380932974535,1.0,1.0,UWaveGestureLibraryZ,HYDRA
40,0.1,bottom,global_mean,6,6,6,0.022517035244937977,-0.1476800984990796,0.17019713374401757,1.0,0.0,UWaveGestureLibraryZ,HYDRA
40,0.1,random,global_mean,6,6,7,0.022517035244937977,,0.3812063391701618,1.0,0.8,UWaveGestureLibraryZ,HYDRA
40,0.2,top,global_mean,6,6,0,0.022517035244937977,-0.3712844203141097,0.39380145555904766,1.0,1.0,UWaveGestureLibraryZ,HYDRA
40,0.2,bottom,global_mean,6,6,2,0.022517035244937977,-0.6043732195425737,0.6268902547875117,1.0,1.0,UWaveGestureLibraryZ,HYDRA
40,0.2,random,global_mean,6,6,3,0.022517035244937977,,0.8235628575089379,1.0,1.0,UWaveGestureLibraryZ,HYDRA
41,0.05,top,global_mean,1,1,1,1.048379305535052,0.7813179143598884,0.2670613911751637,0.25473713094874106,0.0,UWaveGestureLibraryZ,HYDRA
41,0.05,bottom,global_mean,1,1,1,1.048379305535052,1.072910144875483,-0.024530839340430877,-0.023398798328161365,0.0,UWaveGestureLibraryZ,HYDRA
41,0.05,random,global_mean,1,1,1,1.048379305535052,,0.07947742524010308,0.07580972746291809,0.0,UWaveGestureLibraryZ,HYDRA
41,0.1,top,global_mean,1,1,1,1.048379305535052,0.5167236904167979,0.5316556151182542,0.5071209486779877,0.0,UWaveGestureLibraryZ,HYDRA
41,0.1,bottom,global_mean,1,1,1,1.048379305535052,0.906923666217332,0.1414556393177201,0.13492779153794454,0.0,UWaveGestureLibraryZ,HYDRA
41,0.1,random,global_mean,1,1,1,1.048379305535052,,0.3048728949795499,0.29080372205576177,0.0,UWaveGestureLibraryZ,HYDRA
41,0.2,top,global_mean,1,1,3,1.048379305535052,-0.24813807267548138,1.2965173782105335,1.0,1.0,UWaveGestureLibraryZ,HYDRA
41,0.2,bottom,global_mean,1,1,1,1.048379305535052,1.0186355911822478,0.029743714352804318,0.028371111318830335,0.0,UWaveGestureLibraryZ,HYDRA
41,0.2,random,global_mean,1,1,1,1.048379305535052,,0.6034842933681566,0.5501998691282111,0.0,UWaveGestureLibraryZ,HYDRA
43,0.05,top,global_mean,7,7,7,0.22675061572254052,0.16446774128703257,0.06228287443550795,0.27467444603225666,0.0,UWaveGestureLibraryZ,HYDRA
43,0.05,bottom,global_mean,7,7,7,0.22675061572254052,0.1328654404921965,0.09388517523034401,0.4140441289963044,0.0,UWaveGestureLibraryZ,HYDRA
43,0.05,random,global_mean,7,7,7,0.22675061572254052,,-0.03082774021704391,-0.1359537841387008,0.0,UWaveGestureLibraryZ,HYDRA
43,0.1,top,global_mean,7,7,6,0.22675061572254052,-0.4267366334036843,0.6534872491262248,1.0,1.0,UWaveGestureLibraryZ,HYDRA
43,0.1,bottom,global_mean,7,7,7,0.22675061572254052,0.22264129095339202,0.004109324769148492,0.01812258208636879,0.0,UWaveGestureLibraryZ,HYDRA
43,0.1,random,global_mean,7,7,7,0.22675061572254052,,0.09442835564407022,0.23708350353948293,0.0,UWaveGestureLibraryZ,HYDRA
43,0.2,top,global_mean,7,7,0,0.22675061572254052,-0.8632410185142185,1.089991634236759,1.0,1.0,UWaveGestureLibraryZ,HYDRA
43,0.2,bottom,global_mean,7,7,1,0.22675061572254052,-0.4558000140774301,0.6825506297999706,1.0,1.0,UWaveGestureLibraryZ,HYDRA
43,0.2,random,global_mean,7,7,6,0.22675061572254052,,0.37407438632043905,0.6536478297682875,0.2,UWaveGestureLibraryZ,HYDRA
44,0.05,top,global_mean,7,7,7,0.6207122517968529,0.17423738337590455,0.4464748684209483,0.7192932761278805,0.0,UWaveGestureLibraryZ,HYDRA
44,0.05,bottom,global_mean,7,7,7,0.6207122517968529,0.547602942316032,0.07310930948082084,0.11778274310912902,0.0,UWaveGestureLibraryZ,HYDRA
44,0.05,random,global_mean,7,7,7,0.6207122517968529,,0.18842539199943237,0.30356270218812764,0.0,UWaveGestureLibraryZ,HYDRA
44,0.1,top,global_mean,7,7,7,0.6207122517968529,0.12092456159196652,0.49978769020488634,0.8051828904217707,0.0,UWaveGestureLibraryZ,HYDRA
44,0.1,bottom,global_mean,7,7,7,0.6207122517968529,-0.03005531754159929,0.6507675693384521,1.0,0.0,UWaveGestureLibraryZ,HYDRA
44,0.1,random,global_mean,7,7,7,0.6207122517968529,,0.2856124027856177,0.4145241134110452,0.0,UWaveGestureLibraryZ,HYDRA
44,0.2,top,global_mean,7,7,7,0.6207122517968529,0.20319638882010826,0.4175158629767446,0.6726388743403037,0.0,UWaveGestureLibraryZ,HYDRA
44,0.2,bottom,global_mean,7,7,7,0.6207122517968529,-0.2375413119595392,0.8582535637563921,1.0,0.0,UWaveGestureLibraryZ,HYDRA
44,0.2,random,global_mean,7,7,7,0.6207122517968529,,0.31784812611905,0.420063754148555,0.0,UWaveGestureLibraryZ,HYDRA
46,0.05,top,global_mean,0,0,0,0.16257162084928112,0.17467274347864914,-0.012101122629368022,-0.07443518205065297,0.0,UWaveGestureLibraryZ,HYDRA
46,0.05,bottom,global_mean,0,0,0,0.16257162084928112,0.10945997393936291,0.05311164690991821,0.32669490491364656,0.0,UWaveGestureLibraryZ,HYDRA
46,0.05,random,global_mean,0,0,0,0.16257162084928112,,0.10768122095215878,0.5948660877578871,0.0,UWaveGestureLibraryZ,HYDRA
46,0.1,top,global_mean,0,0,0,0.16257162084928112,0.11645918380208731,0.04611243704719381,0.28364208441927025,0.0,UWaveGestureLibraryZ,HYDRA
46,0.1,bottom,global_mean,0,0,0,0.16257162084928112,0.061802579521765266,0.10076904132751585,0.6198401723555743,0.0,UWaveGestureLibraryZ,HYDRA
46,0.1,random,global_mean,0,0,0,0.16257162084928112,,0.01950319279125252,0.2004554026902594,0.0,UWaveGestureLibraryZ,HYDRA
46,0.2,top,global_mean,0,0,0,0.16257162084928112,-0.24901157205509972,0.41158319290438083,1.0,0.0,UWaveGestureLibraryZ,HYDRA
46,0.2,bottom,global_mean,0,0,0,0.16257162084928112,0.12909515561329066,0.03347646523599046,0.20591699304045813,0.0,UWaveGestureLibraryZ,HYDRA
46,0.2,random,global_mean,0,0,1,0.16257162084928112,,0.3443595928702853,0.5514378403374256,0.2,UWaveGestureLibraryZ,HYDRA
47,0.05,top,global_mean,1,1,1,0.6840983100778016,0.42700370432332,0.2570946057544816,0.37581474205147586,0.0,UWaveGestureLibraryZ,HYDRA
47,0.05,bottom,global_mean,1,1,1,0.6840983100778016,0.8011147869017722,-0.11701647682397054,-0.17105188545017305,0.0,UWaveGestureLibraryZ,HYDRA
47,0.05,random,global_mean,1,1,1,0.6840983100778016,,-0.07656085530911257,-0.11191482608044934,0.0,UWaveGestureLibraryZ,HYDRA
47,0.1,top,global_mean,1,1,1,0.6840983100778016,0.23528431130550487,0.4488139987722968,0.6560655626465313,0.0,UWaveGestureLibraryZ,HYDRA
47,0.1,bottom,global_mean,1,1,1,0.6840983100778016,0.6453733961859055,0.03872491389189614,0.056607152384778765,0.0,UWaveGestureLibraryZ,HYDRA
47,0.1,random,global_mean,1,1,1,0.6840983100778016,,0.14194020771458327,0.2074847988056597,0.0,UWaveGestureLibraryZ,HYDRA
47,0.2,top,global_mean,1,1,0,0.6840983100778016,-0.13875470910528243,0.8228530191830841,1.0,1.0,UWaveGestureLibraryZ,HYDRA
47,0.2,bottom,global_mean,1,1,1,0.6840983100778016,0.7067620676501493,-0.02266375757234762,-0.03312933844322998,0.0,UWaveGestureLibraryZ,HYDRA
47,0.2,random,global_mean,1,1,1,0.6840983100778016,,0.33597435165525125,0.46863192959747274,0.0,UWaveGestureLibraryZ,HYDRA
48,0.05,top,global_mean,1,1,1,0.47018348620831374,0.29260038613907324,0.1775831000692405,0.3776881315275104,0.0,UWaveGestureLibraryZ,HYDRA
48,0.05,bottom,global_mean,1,1,1,0.47018348620831374,0.4541721931813786,0.01601129302693516,0.034053214209712156,0.0,UWaveGestureLibraryZ,HYDRA
48,0.05,random,global_mean,1,1,1,0.47018348620831374,,-0.00783301713386555,-0.016659454668598226,0.0,UWaveGestureLibraryZ,HYDRA
48,0.1,top,global_mean,1,1,1,0.47018348620831374,0.1988208834538524,0.27136260275446134,0.5771406984156321,0.0,UWaveGestureLibraryZ,HYDRA
48,0.1,bottom,global_mean,1,1,1,0.47018348620831374,0.3795504757394542,0.09063301046885952,0.1927605293823005,0.0,UWaveGestureLibraryZ,HYDRA
48,0.1,random,global_mean,1,1,1,0.47018348620831374,,0.22339365407096964,0.47511915136220767,0.0,UWaveGestureLibraryZ,HYDRA
48,0.2,top,global_mean,1,1,1,0.47018348620831374,-0.05833237529050861,0.5285158614988223,1.0,0.0,UWaveGestureLibraryZ,HYDRA
48,0.2,bottom,global_mean,1,1,1,0.47018348620831374,0.19764411360663858,0.27253937260167516,0.5796434816458991,0.0,UWaveGestureLibraryZ,HYDRA
48,0.2,random,global_mean,1,1,1,0.47018348620831374,,0.37549036545883296,0.6506367317867332,0.2,UWaveGestureLibraryZ,HYDRA
49,0.05,top,global_mean,3,3,3,0.1248134469091059,0.024135983747581302,0.1006774631615246,0.8066170676127046,0.0,UWaveGestureLibraryZ,HYDRA
49,0.05,bottom,global_mean,3,3,3,0.1248134469091059,0.28793703125491066,-0.16312358434580476,-1.0,0.0,UWaveGestureLibraryZ,HYDRA
49,0.05,random,global_mean,3,3,3,0.1248134469091059,,-0.0009513069625187498,0.30393477454435464,0.0,UWaveGestureLibraryZ,HYDRA
49,0.1,top,global_mean,3,3,3,0.1248134469091059,0.07771273189706196,0.04710071501204394,0.3773658913566654,0.0,UWaveGestureLibraryZ,HYDRA
49,0.1,bottom,global_mean,3,3,3,0.1248134469091059,0.4023932145598753,-0.2775797676507694,-1.0,0.0,UWaveGestureLibraryZ,HYDRA
49,0.1,random,global_mean,3,3,3,0.1248134469091059,,-0.10218797183553419,-0.4747003472344005,0.0,UWaveGestureLibraryZ,HYDRA
49,0.2,top,global_mean,3,3,3,0.1248134469091059,-0.2016627233316518,0.3264761702407577,1.0,0.0,UWaveGestureLibraryZ,HYDRA
49,0.2,bottom,global_mean,3,3,3,0.1248134469091059,0.3094645364294809,-0.184651089520375,-1.0,0.0,UWaveGestureLibraryZ,HYDRA
49,0.2,random,global_mean,3,3,3,0.1248134469091059,,0.010461118505763279,-0.21724624532132175,0.0,UWaveGestureLibraryZ,HYDRA
51,0.05,top,global_mean,5,5,5,0.18549520339120307,0.018780105083928578,0.1667150983072745,0.898752078260491,0.0,UWaveGestureLibraryZ,HYDRA
51,0.05,bottom,global_mean,5,5,5,0.18549520339120307,-0.0019077331643108097,0.18740293655551388,1.0,0.0,UWaveGestureLibraryZ,HYDRA
51,0.05,random,global_mean,5,5,5,0.18549520339120307,,0.2368395843961956,0.9941099692020281,0.0,UWaveGestureLibraryZ,HYDRA
51,0.1,top,global_mean,5,5,5,0.18549520339120307,-0.17745590373551134,0.3629511071267144,1.0,0.0,UWaveGestureLibraryZ,HYDRA
51,0.1,bottom,global_mean,5,5,5,0.18549520339120307,-0.2153346291616477,0.40082983255285076,1.0,0.0,UWaveGestureLibraryZ,HYDRA
51,0.1,random,global_mean,5,5,5,0.18549520339120307,,0.19158606681505203,0.713827264697641,0.0,UWaveGestureLibraryZ,HYDRA
51,0.2,top,global_mean,5,5,3,0.18549520339120307,-0.5005002913972025,0.6859954947884056,1.0,1.0,UWaveGestureLibraryZ,HYDRA
51,0.2,bottom,global_mean,5,5,5,0.18549520339120307,-0.25736345732339705,0.4428586607146001,1.0,0.0,UWaveGestureLibraryZ,HYDRA
51,0.2,random,global_mean,5,5,4,0.18549520339120307,,0.2638422787465883,0.4684533054539905,0.4,UWaveGestureLibraryZ,HYDRA
52,0.05,top,global_mean,4,4,4,1.0123771532335581,0.9712492356498372,0.04112791758372092,0.04062505443480526,0.0,UWaveGestureLibraryZ,HYDRA
52,0.05,bottom,global_mean,4,4,4,1.0123771532335581,0.601286292649206,0.4110908605843522,0.40606453158962286,0.0,UWaveGestureLibraryZ,HYDRA
52,0.05,random,global_mean,4,4,4,1.0123771532335581,,0.23986803522496397,0.2369352148293799,0.0,UWaveGestureLibraryZ,HYDRA
52,0.1,top,global_mean,4,4,4,1.0123771532335581,1.031675505059565,-0.01929835182600681,-0.019062394584837147,0.0,UWaveGestureLibraryZ,HYDRA
52,0.1,bottom,global_mean,4,4,4,1.0123771532335581,0.6187352190780857,0.39364193415547244,0.3888289498327986,0.0,UWaveGestureLibraryZ,HYDRA
52,0.1,random,global_mean,4,4,4,1.0123771532335581,,0.4641669593409469,0.4584916790809713,0.0,UWaveGestureLibraryZ,HYDRA
52,0.2,top,global_mean,4,4,4,1.0123771532335581,0.5284466745021923,0.48393047873136585,0.4780135537157546,0.0,UWaveGestureLibraryZ,HYDRA
52,0.2,bottom,global_mean,4,4,4,1.0123771532335581,0.29898216849374104,0.7133949847398171,0.7046724412821611,0.0,UWaveGestureLibraryZ,HYDRA
52,0.2,random,global_mean,4,4,4,1.0123771532335581,,0.6146785024491794,0.607162946460157,0.0,UWaveGestureLibraryZ,HYDRA
54,0.05,top,global_mean,3,3,3,0.34882251839525924,0.09337220780747302,0.2554503105877862,0.7323196318957202,0.0,UWaveGestureLibraryZ,HYDRA
54,0.05,bottom,global_mean,3,3,3,0.34882251839525924,0.3747443387809918,-0.02592182038573254,-0.07431213498729745,0.0,UWaveGestureLibraryZ,HYDRA
54,0.05,random,global_mean,3,3,3,0.34882251839525924,,0.035151412744837573,0.10077133820147635,0.0,UWaveGestureLibraryZ,HYDRA
54,0.1,top,global_mean,3,3,3,0.34882251839525924,0.21170559987270965,0.1371169185225496,0.39308392723445773,0.0,UWaveGestureLibraryZ,HYDRA
54,0.1,bottom,global_mean,3,3,3,0.34882251839525924,0.3844385865858032,-0.03561606819054397,-0.10210340275906127,0.0,UWaveGestureLibraryZ,HYDRA
54,0.1,random,global_mean,3,3,3,0.34882251839525924,,0.10728778548999256,0.30757038970182776,0.0,UWaveGestureLibraryZ,HYDRA
54,0.2,top,global_mean,3,3,3,0.34882251839525924,0.11582219663833448,0.23300032175692476,0.6679604713260968,0.0,UWaveGestureLibraryZ,HYDRA
54,0.2,bottom,global_mean,3,3,3,0.34882251839525924,0.37781139940793984,-0.0289888810126806,-0.08310472053616721,0.0,UWaveGestureLibraryZ,HYDRA
54,0.2,random,global_mean,3,3,3,0.34882251839525924,,-0.034103273185655335,-0.0977665535355681,0.0,UWaveGestureLibraryZ,HYDRA
55,0.05,top,global_mean,5,5,5,0.017852125512447525,-0.01999437370822965,0.03784649922067718,1.0,0.0,UWaveGestureLibraryZ,HYDRA
55,0.05,bottom,global_mean,5,5,5,0.017852125512447525,-0.10359411755123027,0.1214462430636778,1.0,0.0,UWaveGestureLibraryZ,HYDRA
55,0.05,random,global_mean,5,5,5,0.017852125512447525,,0.1811694960943168,1.0,0.0,UWaveGestureLibraryZ,HYDRA
55,0.1,top,global_mean,5,5,5,0.017852125512447525,0.07519718217492521,-0.05734505666247769,-1.0,0.0,UWaveGestureLibraryZ,HYDRA
55,0.1,bottom,global_mean,5,5,5,0.017852125512447525,0.07441500484563002,-0.05656287933318249,-1.0,0.0,UWaveGestureLibraryZ,HYDRA
55,0.1,random,global_mean,5,5,5,0.017852125512447525,,0.05009678727794435,0.6,0.0,UWaveGestureLibraryZ,HYDRA
55,0.2,top,global_mean,5,5,5,0.017852125512447525,-0.02074522304428872,0.038597348556736244,1.0,0.0,UWaveGestureLibraryZ,HYDRA
55,0.2,bottom,global_mean,5,5,5,0.017852125512447525,0.02794286344051966,-0.010090737928072135,-0.5652084796601407,0.0,UWaveGestureLibraryZ,HYDRA
55,0.2,random,global_mean,5,5,3,0.017852125512447525,,0.24305487539867654,0.6,0.6,UWaveGestureLibraryZ,HYDRA
56,0.05,top,global_mean,2,2,2,0.06915986492111847,-0.08273814662116086,0.15189801154227933,1.0,0.0,UWaveGestureLibraryZ,HYDRA
56,0.05,bottom,global_mean,2,2,2,0.06915986492111847,-0.15418304546975858,0.22334291039087706,1.0,0.0,UWaveGestureLibraryZ,HYDRA
56,0.05,random,global_mean,2,2,2,0.06915986492111847,,0.15505472883753413,1.0,0.0,UWaveGestureLibraryZ,HYDRA
56,0.1,top,global_mean,2,2,2,0.06915986492111847,-0.10494875578187823,0.1741086207029967,1.0,0.0,UWaveGestureLibraryZ,HYDRA
56,0.1,bottom,global_mean,2,2,2,0.06915986492111847,-0.004436484059139323,0.0735963489802578,1.0,0.0,UWaveGestureLibraryZ,HYDRA
56,0.1,random,global_mean,2,2,3,0.06915986492111847,,0.32578175331283554,0.8900013796640867,0.6,UWaveGestureLibraryZ,HYDRA
56,0.2,top,global_mean,2,2,2,0.06915986492111847,0.03589048614137025,0.03326937877974823,0.4810434169337481,0.0,UWaveGestureLibraryZ,HYDRA
56,0.2,bottom,global_mean,2,2,3,0.06915986492111847,-0.28714400892627495,0.3563038738473934,1.0,1.0,UWaveGestureLibraryZ,HYDRA
56,0.2,random,global_mean,2,2,3,0.06915986492111847,,0.4831649403494634,1.0,1.0,UWaveGestureLibraryZ,HYDRA
57,0.05,top,global_mean,6,6,6,-0.07272156701987476,-0.25440254644721444,0.18168097942733968,1.0,0.0,UWaveGestureLibraryZ,HYDRA
57,0.05,bottom,global_mean,6,6,6,-0.07272156701987476,-0.225382137238467,0.15266057021859225,1.0,0.0,UWaveGestureLibraryZ,HYDRA
57,0.05,random,global_mean,6,6,6,-0.07272156701987476,,0.2054453448133619,0.718992789276341,0.4,UWaveGestureLibraryZ,HYDRA
57,0.1,top,global_mean,6,6,6,-0.07272156701987476,-0.3199183400744019,0.24719677305452714,1.0,0.0,UWaveGestureLibraryZ,HYDRA
57,0.1,bottom,global_mean,6,6,0,-0.07272156701987476,-0.5186778153787601,0.44595624835888537,1.0,1.0,UWaveGestureLibraryZ,HYDRA
57,0.1,random,global_mean,6,6,5,-0.07272156701987476,,0.34322639150644346,1.0,0.4,UWaveGestureLibraryZ,HYDRA
57,0.2,top,global_mean,6,6,0,-0.07272156701987476,-0.49441385304188074,0.421692286022006,1.0,1.0,UWaveGestureLibraryZ,HYDRA
57,0.2,bottom,global_mean,6,6,2,-0.07272156701987476,-0.6907584510346985,0.6180368840148237,1.0,1.0,UWaveGestureLibraryZ,HYDRA
57,0.2,random,global_mean,6,6,2,-0.07272156701987476,,0.7629243976854736,1.0,1.0,UWaveGestureLibraryZ,HYDRA
58,0.05,top,global_mean,4,4,4,0.7534350744885023,0.6076213321091073,0.14581374237939504,0.19353167085659662,0.0,UWaveGestureLibraryZ,HYDRA
58,0.05,bottom,global_mean,4,4,4,0.7534350744885023,0.5982773483137274,0.15515772617477497,0.2059334977822896,0.0,UWaveGestureLibraryZ,HYDRA
58,0.05,random,global_mean,4,4,4,0.7534350744885023,,0.2910826199421625,0.38634016846057523,0.0,UWaveGestureLibraryZ,HYDRA
58,0.1,top,global_mean,4,4,4,0.7534350744885023,0.3852708000257532,0.36816427446274913,0.4886469959812993,0.0,UWaveGestureLibraryZ,HYDRA
58,0.1,bottom,global_mean,4,4,4,0.7534350744885023,0.39008297050310237,0.36335210398539997,0.48226003013205176,0.0,UWaveGestureLibraryZ,HYDRA
58,0.1,random,global_mean,4,4,4,0.7534350744885023,,0.4531652383220736,0.6014647475298041,0.0,UWaveGestureLibraryZ,HYDRA
58,0.2,top,global_mean,4,4,4,0.7534350744885023,0.23031806833512136,0.523117006153381,0.6943084142984766,0.0,UWaveGestureLibraryZ,HYDRA
58,0.2,bottom,global_mean,4,4,4,0.7534350744885023,0.49596294669894725,0.2574721277895551,0.3417305548640599,0.0,UWaveGestureLibraryZ,HYDRA
58,0.2,random,global_mean,4,4,4,0.7534350744885023,,0.5294920913918523,0.6868651972713666,0.0,UWaveGestureLibraryZ,HYDRA
59,0.05,top,global_mean,2,2,3,0.37787062277521377,-0.19791835175105688,0.5757889745262706,1.0,1.0,UWaveGestureLibraryZ,HYDRA
59,0.05,bottom,global_mean,2,2,2,0.37787062277521377,-0.050190001338586976,0.42806062411380075,1.0,0.0,UWaveGestureLibraryZ,HYDRA
59,0.05,random,global_mean,2,2,2,0.37787062277521377,,0.3050140846742319,0.7024359544990506,0.2,UWaveGestureLibraryZ,HYDRA
59,0.1,top,global_mean,2,2,3,0.37787062277521377,-0.21395224529155066,0.5918228680667644,1.0,1.0,UWaveGestureLibraryZ,HYDRA
59,0.1,bottom,global_mean,2,2,3,0.37787062277521377,-0.10727217464098682,0.4851427974162006,1.0,1.0,UWaveGestureLibraryZ,HYDRA
59,0.1,random,global_mean,2,2,2,0.37787062277521377,,0.2413773921463239,0.6115500543801262,0.0,UWaveGestureLibraryZ,HYDRA
59,0.2,top,global_mean,2,2,3,0.37787062277521377,-0.3325674552937432,0.710438078068957,1.0,1.0,UWaveGestureLibraryZ,HYDRA
59,0.2,bottom,global_mean,2,2,3,0.37787062277521377,-0.11730166069783765,0.4951722834730514,1.0,1.0,UWaveGestureLibraryZ,HYDRA
59,0.2,random,global_mean,2,2,2,0.37787062277521377,,0.4390653131766412,0.9499443539168381,0.2,UWaveGestureLibraryZ,HYDRA
60,0.05,top,global_mean,5,5,5,0.10189255643679795,-0.06142400331434772,0.16331655975114567,1.0,0.0,UWaveGestureLibraryZ,HYDRA
60,0.05,bottom,global_mean,5,5,5,0.10189255643679795,0.019870660798786743,0.08202189563801121,0.8049762762858057,0.0,UWaveGestureLibraryZ,HYDRA
60,0.05,random,global_mean,5,5,5,0.10189255643679795,,0.18471191318870797,0.9935164854291619,0.0,UWaveGestureLibraryZ,HYDRA
60,0.1,top,global_mean,5,5,5,0.10189255643679795,-0.02022082248904311,0.12211337892584107,1.0,0.0,UWaveGestureLibraryZ,HYDRA
60,0.1,bottom,global_mean,5,5,5,0.10189255643679795,-0.051260078516853325,0.15315263495365128,1.0,0.0,UWaveGestureLibraryZ,HYDRA
60,0.1,random,global_mean,5,5,5,0.10189255643679795,,0.1802619746375136,0.9040376937692202,0.0,UWaveGestureLibraryZ,HYDRA
60,0.2,top,global_mean,5,5,5,0.10189255643679795,0.054169006469942826,0.04772354996685513,0.46836671165224136,0.0,UWaveGestureLibraryZ,HYDRA
60,0.2,bottom,global_mean,5,5,5,0.10189255643679795,-0.4111999068600263,0.5130924632968242,1.0,0.0,UWaveGestureLibraryZ,HYDRA
60,0.2,random,global_mean,5,5,1,0.10189255643679795,,0.5489027627252596,1.0,1.0,UWaveGestureLibraryZ,HYDRA
61,0.05,top,global_mean,4,4,4,0.7973249913994036,0.5072134174551888,0.29011157394421483,0.36385565888180055,0.0,UWaveGestureLibraryZ,HYDRA
61,0.05,bottom,global_mean,4,4,4,0.7973249913994036,0.7168790131679781,0.08044597823142552,0.10089471445704798,0.0,UWaveGestureLibraryZ,HYDRA
61,0.05,random,global_mean,4,4,4,0.7973249913994036,,0.28351450776265985,0.35558167025893334,0.0,UWaveGestureLibraryZ,HYDRA
61,0.1,top,global_mean,4,4,4,0.7973249913994036,0.43444798218728153,0.36287700921212207,0.4551174966405259,0.0,UWaveGestureLibraryZ,HYDRA
61,0.1,bottom,global_mean,4,4,4,0.7973249913994036,0.20353177526964994,0.5937932161297537,0.7447307908369758,0.0,UWaveGestureLibraryZ,HYDRA
61,0.1,random,global_mean,4,4,4,0.7973249913994036,,0.27624205447237143,0.3464606164255767,0.0,UWaveGestureLibraryZ,HYDRA
61,0.2,top,global_mean,4,4,4,0.7973249913994036,0.23888515197481008,0.5584398394245935,0.7003908632709489,0.0,UWaveGestureLibraryZ,HYDRA
61,0.2,bottom,global_mean,4,4,4,0.7973249913994036,0.6667225625985489,0.1306024288008547,0.1638005410705747,0.0,UWaveGestureLibraryZ,HYDRA
61,0.2,random,global_mean,4,4,4,0.7973249913994036,,0.39372170969806214,0.4782219382613656,0.0,UWaveGestureLibraryZ,HYDRA
62,0.05,top,global_mean,6,6,7,0.3064390669299606,-0.46457647653415723,0.7710155434641178,1.0,1.0,UWaveGestureLibraryZ,HYDRA
62,0.05,bottom,global_mean,6,6,7,0.3064390669299606,-0.11623705752402913,0.4226761244539897,1.0,1.0,UWaveGestureLibraryZ,HYDRA
62,0.05,random,global_mean,6,6,7,0.3064390669299606,,0.532951931029864,0.8099259023498838,0.8,UWaveGestureLibraryZ,HYDRA
62,0.1,top,global_mean,6,6,7,0.3064390669299606,-0.7940790215759403,1.100518088505901,1.0,1.0,UWaveGestureLibraryZ,HYDRA
62,0.1,bottom,global_mean,6,6,6,0.3064390669299606,-0.053596323766029186,0.3600353906959898,1.0,0.0,UWaveGestureLibraryZ,HYDRA
62,0.1,random,global_mean,6,6,7,0.3064390669299606,,0.6952423774513957,0.8549629577408802,0.8,UWaveGestureLibraryZ,HYDRA
62,0.2,top,global_mean,6,6,7,0.3064390669299606,-1.0395287318117254,1.345967798741686,1.0,1.0,UWaveGestureLibraryZ,HYDRA
62,0.2,bottom,global_mean,6,6,6,0.3064390669299606,-0.19957879602480688,0.5060178629547675,1.0,0.0,UWaveGestureLibraryZ,HYDRA
62,0.2,random,global_mean,6,6,7,0.3064390669299606,,1.2403735064635373,1.0,0.8,UWaveGestureLibraryZ,HYDRA
63,0.05,top,global_mean,2,2,2,0.13821457319897879,-0.11277891123650208,0.25099348443548086,1.0,0.0,UWaveGestureLibraryZ,HYDRA
63,0.05,bottom,global_mean,2,2,4,0.13821457319897879,-0.3460420993793303,0.48425667257830907,1.0,1.0,UWaveGestureLibraryZ,HYDRA
63,0.05,random,global_mean,2,2,2,0.13821457319897879,,0.35475372046315534,1.0,0.2,UWaveGestureLibraryZ,HYDRA
63,0.1,top,global_mean,2,2,2,0.13821457319897879,-0.07448855039970725,0.21270312359868604,1.0,0.0,UWaveGestureLibraryZ,HYDRA
63,0.1,bottom,global_mean,2,2,2,0.13821457319897879,-0.17960529905396905,0.31781987225294783,1.0,0.0,UWaveGestureLibraryZ,HYDRA
63,0.1,random,global_mean,2,2,2,0.13821457319897879,,0.24170997828005092,0.9215860896962667,0.0,UWaveGestureLibraryZ,HYDRA
63,0.2,top,global_mean,2,2,2,0.13821457319897879,0.017755095530117115,0.12045947766886167,0.8715333220479072,0.0,UWaveGestureLibraryZ,HYDRA
63,0.2,bottom,global_mean,2,2,2,0.13821457319897879,0.046429236143065156,0.09178533705591363,0.6640737720906242,0.0,UWaveGestureLibraryZ,HYDRA
63,0.2,random,global_mean,2,2,2,0.13821457319897879,,0.09393386014619302,0.4939500727885745,0.0,UWaveGestureLibraryZ,HYDRA
65,0.05,top,global_mean,7,7,7,0.12210223942320542,0.0994946738086897,0.022607565614515712,0.18515123530964406,0.0,UWaveGestureLibraryZ,HYDRA
65,0.05,bottom,global_mean,7,7,7,0.12210223942320542,0.13170127786029528,-0.009599038437089868,-0.07861411771247075,0.0,UWaveGestureLibraryZ,HYDRA
65,0.05,random,global_mean,7,7,7,0.12210223942320542,,-0.10733890894231952,-0.4331340405184035,0.0,UWaveGestureLibraryZ,HYDRA
65,0.1,top,global_mean,7,7,7,0.12210223942320542,0.05559753571861137,0.06650470370459405,0.544659617703435,0.0,UWaveGestureLibraryZ,HYDRA
65,0.1,bottom,global_mean,7,7,7,0.12210223942320542,0.21256762421178843,-0.09046538478858301,-0.7408925857817191,0.0,UWaveGestureLibraryZ,HYDRA
65,0.1,random,global_mean,7,7,7,0.12210223942320542,,0.13481023700603326,0.5607534325635859,0.0,UWaveGestureLibraryZ,HYDRA
65,0.2,top,global_mean,7,7,7,0.12210223942320542,0.01563859585407812,0.1064636435691273,0.8719149800778679,0.0,UWaveGestureLibraryZ,HYDRA
65,0.2,bottom,global_mean,7,7,7,0.12210223942320542,-0.032627494630607656,0.15472973405381307,1.0,0.0,UWaveGestureLibraryZ,HYDRA
65,0.2,random,global_mean,7,7,3,0.12210223942320542,,0.7885476465446434,1.0,0.8,UWaveGestureLibraryZ,HYDRA
0,0.05,top,local_mean,4,4,4,0.28871963878919904,0.2986973163716835,-0.009977677582484468,-0.03455824157333407,0.0,UWaveGestureLibraryZ,HYDRA
0,0.05,bottom,local_mean,4,4,4,0.28871963878919904,0.2787721921447597,0.009947446644439362,0.034453535037036964,0.0,UWaveGestureLibraryZ,HYDRA
0,0.05,random,local_mean,4,4,4,0.28871963878919904,,0.11668714875820112,0.4041524334649205,0.0,UWaveGestureLibraryZ,HYDRA
0,0.1,top,local_mean,4,4,4,0.28871963878919904,0.45605947984912665,-0.1673398410599276,-0.5795908521181471,0.0,UWaveGestureLibraryZ,HYDRA
0,0.1,bottom,local_mean,4,4,4,0.28871963878919904,0.19020088755834053,0.09851875123085851,0.34122517754191145,0.0,UWaveGestureLibraryZ,HYDRA
0,0.1,random,local_mean,4,4,4,0.28871963878919904,,0.019638664951023132,0.06801960896658217,0.0,UWaveGestureLibraryZ,HYDRA
0,0.2,top,local_mean,4,4,4,0.28871963878919904,0.605636389952579,-0.3169167511633799,-1.0,0.0,UWaveGestureLibraryZ,HYDRA
0,0.2,bottom,local_mean,4,4,4,0.28871963878919904,-0.35753676538362184,0.6462564041728209,1.0,0.0,UWaveGestureLibraryZ,HYDRA
0,0.2,random,local_mean,4,4,4,0.28871963878919904,,0.06912084073496186,0.017847854434461685,0.2,UWaveGestureLibraryZ,HYDRA
1,0.05,top,local_mean,0,0,0,0.5859141211910873,0.4994393515784453,0.086474769612642,0.14758924370623908,0.0,UWaveGestureLibraryZ,HYDRA
1,0.05,bottom,local_mean,0,0,0,0.5859141211910873,0.544669138028976,0.04124498316211134,0.0703941265046476,0.0,UWaveGestureLibraryZ,HYDRA
1,0.05,random,local_mean,0,0,0,0.5859141211910873,,0.27540553910828075,0.43848424148335524,0.0,UWaveGestureLibraryZ,HYDRA
1,0.1,top,local_mean,0,0,0,0.5859141211910873,0.5884206874358314,-0.0025065662447441017,-0.004278036449458049,0.0,UWaveGestureLibraryZ,HYDRA
1,0.1,bottom,local_mean,0,0,0,0.5859141211910873,0.6449651327660612,-0.05905101157497383,-0.10078424235737592,0.0,UWaveGestureLibraryZ,HYDRA
1,0.1,random,local_mean,0,0,1,0.5859141211910873,,0.2665772900103998,0.3587619773647704,0.2,UWaveGestureLibraryZ,HYDRA
1,0.2,top,local_mean,0,0,0,0.5859141211910873,0.4035651965581447,0.1823489246329426,0.31122071787847283,0.0,UWaveGestureLibraryZ,HYDRA
1,0.2,bottom,local_mean,0,0,0,0.5859141211910873,0.7577638818349396,-0.17184976064385227,-0.2933014602772234,0.0,UWaveGestureLibraryZ,HYDRA
1,0.2,random,local_mean,0,0,1,0.5859141211910873,,0.5908432745138219,0.7642271097891993,0.2,UWaveGestureLibraryZ,HYDRA
2,0.05,top,local_mean,3,3,3,-0.11404242755438787,-0.1995866665733167,0.08554423901892882,0.7501023149986645,0.0,UWaveGestureLibraryZ,HYDRA
2,0.05,bottom,local_mean,3,3,3,-0.11404242755438787,0.032785460875886296,-0.14682788843027417,-1.0,0.0,UWaveGestureLibraryZ,HYDRA
2,0.05,random,local_mean,3,3,3,-0.11404242755438787,,0.05702748993124836,0.4920052836253773,0.0,UWaveGestureLibraryZ,HYDRA
2,0.1,top,local_mean,3,3,3,-0.11404242755438787,-0.05829874731815177,-0.055743680236236104,-0.48879344852776957,0.0,UWaveGestureLibraryZ,HYDRA
2,0.1,bottom,local_mean,3,3,3,-0.11404242755438787,-0.26947520650916,0.15543277895477214,1.0,0.0,UWaveGestureLibraryZ,HYDRA
2,0.1,random,local_mean,3,3,3,-0.11404242755438787,,-0.06615900981598573,-0.2692869285474975,0.0,UWaveGestureLibraryZ,HYDRA
2,0.2,top,local_mean,3,3,3,-0.11404242755438787,-0.2142977825233292,0.10025535496894133,0.879098051670966,0.0,UWaveGestureLibraryZ,HYDRA
2,0.2,bottom,local_mean,3,3,3,-0.11404242755438787,0.21879368668548516,-0.332836114239873,-1.0,0.0,UWaveGestureLibraryZ,HYDRA
2,0.2,random,local_mean,3,3,3,-0.11404242755438787,,0.01837405641885661,-0.08623850456831564,0.2,UWaveGestureLibraryZ,HYDRA
3,0.05,top,local_mean,3,3,3,0.049597909089748926,-0.0194779032404494,0.06907581233019833,1.0,0.0,UWaveGestureLibraryZ,HYDRA
3,0.05,bottom,local_mean,3,3,3,0.049597909089748926,0.22273188520905463,-0.1731339761193057,-1.0,0.0,UWaveGestureLibraryZ,HYDRA
3,0.05,random,local_mean,3,3,3,0.049597909089748926,,0.018717900974518108,0.4463106853994838,0.0,UWaveGestureLibraryZ,HYDRA
3,0.1,top,local_mean,3,3,3,0.049597909089748926,0.009319214768252704,0.04027869432149622,0.8120883112290266,0.0,UWaveGestureLibraryZ,HYDRA
3,0.1,bottom,local_mean,3,3,3,0.049597909089748926,0.2297955170532925,-0.18019760796354356,-1.0,0.0,UWaveGestureLibraryZ,HYDRA
3,0.1,random,local_mean,3,3,3,0.049597909089748926,,-0.019041641309813805,-0.2,0.0,UWaveGestureLibraryZ,HYDRA
3,0.2,top,local_mean,3,3,3,0.049597909089748926,-0.14745559155815002,0.19705350064789895,1.0,0.0,UWaveGestureLibraryZ,HYDRA
3,0.2,bottom,local_mean,3,3,3,0.049597909089748926,0.29929898058535487,-0.24970107149560594,-1.0,0.0,UWaveGestureLibraryZ,HYDRA
3,0.2,random,local_mean,3,3,3,0.049597909089748926,,-0.1642781968421938,-0.6,0.0,UWaveGestureLibraryZ,HYDRA
4,0.05,top,local_mean,4,4,4,0.4431294801107586,0.443129479815223,2.955355959954886e-10,6.669268065731356e-10,0.0,UWaveGestureLibraryZ,HYDRA
4,0.05,bottom,local_mean,4,4,4,0.4431294801107586,0.6008820763650389,-0.1577525962542803,-0.35599581462970165,0.0,UWaveGestureLibraryZ,HYDRA
4,0.05,random,local_mean,4,4,4,0.4431294801107586,,-0.016874783006733195,-0.038080844726626394,0.0,UWaveGestureLibraryZ,HYDRA
4,0.1,top,local_mean,4,4,4,0.4431294801107586,0.4431294755035422,4.60721638617656e-09,1.0396974690219925e-08,0.0,UWaveGestureLibraryZ,HYDRA
4,0.1,bottom,local_mean,4,4,4,0.4431294801107586,0.6003705227866882,-0.15724104267592964,-0.3548414061624195,0.0,UWaveGestureLibraryZ,HYDRA
4,0.1,random,local_mean,4,4,4,0.4431294801107586,,0.16252794703279594,0.3007301364260216,0.2,UWaveGestureLibraryZ,HYDRA
4,0.2,top,local_mean,4,4,4,0.4431294801107586,0.520082425833835,-0.07695294572307643,-0.17365753243568885,0.0,UWaveGestureLibraryZ,HYDRA
4,0.2,bottom,local_mean,4,4,4,0.4431294801107586,0.6251106029907656,-0.181981122880007,-0.410671644240138,0.0,UWaveGestureLibraryZ,HYDRA
4,0.2,random,local_mean,4,4,4,0.4431294801107586,,0.2512120135350225,0.48192267321174737,0.4,UWaveGestureLibraryZ,HYDRA
5,0.05,top,local_mean,3,3,3,0.7538044679140109,0.7538044593859249,8.528086015147096e-09,1.1313377758782619e-08,0.0,UWaveGestureLibraryZ,HYDRA
5,0.05,bottom,local_mean,3,3,3,0.7538044679140109,0.5712775484386622,0.18252691947534871,0.24214061484649532,0.0,UWaveGestureLibraryZ,HYDRA
5,0.05,random,local_mean,3,3,3,0.7538044679140109,,-0.0028456789800208604,-0.003775084025187081,0.0,UWaveGestureLibraryZ,HYDRA
5,0.1,top,local_mean,3,3,3,0.7538044679140109,0.48625874742285713,0.26754572049115377,0.35492674420567294,0.0,UWaveGestureLibraryZ,HYDRA
5,0.1,bottom,local_mean,3,3,3,0.7538044679140109,0.8981769126416893,-0.1443724447276784,-0.19152480430686852,0.0,UWaveGestureLibraryZ,HYDRA
5,0.1,random,local_mean,3,3,3,0.7538044679140109,,0.18993248290195672,0.25196485165801813,0.0,UWaveGestureLibraryZ,HYDRA
5,0.2,top,local_mean,3,3,3,0.7538044679140109,0.5359577186135803,0.21784674930043058,0.28899597916591535,0.0,UWaveGestureLibraryZ,HYDRA
5,0.2,bottom,local_mean,3,3,3,0.7538044679140109,0.9385339913756358,-0.18472952346162486,-0.24506259416348192,0.0,UWaveGestureLibraryZ,HYDRA
5,0.2,random,local_mean,3,3,3,0.7538044679140109,,-0.10884801730353873,-0.14439802036028132,0.0,UWaveGestureLibraryZ,HYDRA
6,0.05,top,local_mean,5,5,5,0.23506118671575205,-0.06539676944340655,0.3004579561591586,1.0,0.0,UWaveGestureLibraryZ,HYDRA
6,0.05,bottom,local_mean,5,5,5,0.23506118671575205,0.2663903592049849,-0.03132917248923284,-0.13328035838923555,0.0,UWaveGestureLibraryZ,HYDRA
6,0.05,random,local_mean,5,5,5,0.23506118671575205,,0.05244916729376985,0.21150694498349068,0.0,UWaveGestureLibraryZ,HYDRA
6,0.1,top,local_mean,5,5,3,0.23506118671575205,-0.14875769611949885,0.3838188828352509,1.0,1.0,UWaveGestureLibraryZ,HYDRA
6,0.1,bottom,local_mean,5,5,5,0.23506118671575205,0.27445571318006345,-0.03939452646431141,-0.167591933924911,0.0,UWaveGestureLibraryZ,HYDRA
6,0.1,random,local_mean,5,5,5,0.23506118671575205,,0.009294645701498494,0.039541220267545626,0.0,UWaveGestureLibraryZ,HYDRA
6,0.2,top,local_mean,5,5,3,0.23506118671575205,-0.4973875467609551,0.7324487334767071,1.0,1.0,UWaveGestureLibraryZ,HYDRA
6,0.2,bottom,local_mean,5,5,5,0.23506118671575205,0.2884623405747103,-0.05340115385895827,-0.2271788355459034,0.0,UWaveGestureLibraryZ,HYDRA
6,0.2,random,local_mean,5,5,4,0.23506118671575205,,0.3357275757389823,0.4319385844655839,0.6,UWaveGestureLibraryZ,HYDRA
7,0.05,top,local_mean,1,1,1,0.13443971783103725,0.039418254008106945,0.09502146382293031,0.7067908097779694,0.0,UWaveGestureLibraryZ,HYDRA
7,0.05,bottom,local_mean,1,1,1,0.13443971783103725,0.14993036825284067,-0.01549065042180342,-0.1152229077002683,0.0,UWaveGestureLibraryZ,HYDRA
7,0.05,random,local_mean,1,1,1,0.13443971783103725,,0.028873333542645672,0.2147662851587357,0.0,UWaveGestureLibraryZ,HYDRA
7,0.1,top,local_mean,1,1,1,0.13443971783103725,-0.13892095421972672,0.273360672050764,1.0,0.0,UWaveGestureLibraryZ,HYDRA
7,0.1,bottom,local_mean,1,1,1,0.13443971783103725,0.2184081099438625,-0.08396839211282525,-0.6245756008113201,0.0,UWaveGestureLibraryZ,HYDRA
7,0.1,random,local_mean,1,1,2,0.13443971783103725,,0.0819371310070319,0.3051600737063065,0.4,UWaveGestureLibraryZ,HYDRA
7,0.2,top,local_mean,1,1,3,0.13443971783103725,-0.32575098270042585,0.4601907005314631,1.0,1.0,UWaveGestureLibraryZ,HYDRA
7,0.2,bottom,local_mean,1,1,1,0.13443971783103725,0.07313637513218807,0.061303342698849184,0.45598791562459634,0.0,UWaveGestureLibraryZ,HYDRA
7,0.2,random,local_mean,1,1,1,0.13443971783103725,,0.2552849509805729,0.6948743897938016,0.2,UWaveGestureLibraryZ,HYDRA
8,0.05,top,local_mean,1,1,1,1.3181866270947773,1.093466702334776,0.22471992476000135,0.17047643305169946,0.0,UWaveGestureLibraryZ,HYDRA
8,0.05,bottom,local_mean,1,1,1,1.3181866270947773,1.2955094161141143,0.022677210980663,0.01720332562265244,0.0,UWaveGestureLibraryZ,HYDRA
8,0.05,random,local_mean,1,1,1,1.3181866270947773,,0.05063070197857309,0.03840932879195714,0.0,UWaveGestureLibraryZ,HYDRA
8,0.1,top,local_mean,1,1,1,1.3181866270947773,0.7180798724198921,0.6001067546748852,0.4552513939138481,0.0,UWaveGestureLibraryZ,HYDRA
8,0.1,bottom,local_mean,1,1,1,1.3181866270947773,1.1140068922600523,0.20417973483472496,0.15489428867173285,0.0,UWaveGestureLibraryZ,HYDRA
8,0.1,random,local_mean,1,1,1,1.3181866270947773,,0.33840686205470333,0.25672131576635715,0.0,UWaveGestureLibraryZ,HYDRA
8,0.2,top,local_mean,1,1,0,1.3181866270947773,-0.11544353990645673,1.4336301670012341,1.0,1.0,UWaveGestureLibraryZ,HYDRA
8,0.2,bottom,local_mean,1,1,1,1.3181866270947773,1.2255509770119417,0.09263565008283559,0.0702750110672789,0.0,UWaveGestureLibraryZ,HYDRA
8,0.2,random,local_mean,1,1,1,1.3181866270947773,,0.5607127226796164,0.4253663978893509,0.0,UWaveGestureLibraryZ,HYDRA
9,0.05,top,local_mean,0,0,0,-0.0786398026862356,-0.038586305579582536,-0.04005349710665307,-0.5093220788508506,0.0,UWaveGestureLibraryZ,HYDRA
9,0.05,bottom,local_mean,0,0,0,-0.0786398026862356,-0.07863980531392434,2.627688733269906e-09,3.3413808652919905e-08,0.0,UWaveGestureLibraryZ,HYDRA
9,0.05,random,local_mean,0,0,1,-0.0786398026862356,,0.05381564919561714,0.10427192047168617,0.2,UWaveGestureLibraryZ,HYDRA
9,0.1,top,local_mean,0,0,0,-0.0786398026862356,0.05171066018414161,-0.13035046287037722,-1.0,0.0,UWaveGestureLibraryZ,HYDRA
9,0.1,bottom,local_mean,0,0,0,-0.0786398026862356,-0.001346678360981235,-0.07729312432525437,-0.9828628610727912,0.0,UWaveGestureLibraryZ,HYDRA
9,0.1,random,local_mean,0,0,1,-0.0786398026862356,,0.052957820128008336,-0.1020962469183089,0.2,UWaveGestureLibraryZ,HYDRA
9,0.2,top,local_mean,0,0,5,-0.0786398026862356,-0.689409525224745,0.6107697225385094,1.0,1.0,UWaveGestureLibraryZ,HYDRA
9,0.2,bottom,local_mean,0,0,0,-0.0786398026862356,0.18167117694727397,-0.2603109796335096,-1.0,0.0,UWaveGestureLibraryZ,HYDRA
9,0.2,random,local_mean,0,0,2,-0.0786398026862356,,0.14970884134518816,0.2,0.6,UWaveGestureLibraryZ,HYDRA
10,0.05,top,local_mean,1,1,1,0.546840477776572,0.263989289543784,0.282851188232788,0.5172453073290009,0.0,UWaveGestureLibraryZ,HYDRA
10,0.05,bottom,local_mean,1,1,1,0.546840477776572,0.5824001419899337,-0.035559664213361764,-0.06502737202369038,0.0,UWaveGestureLibraryZ,HYDRA
10,0.05,random,local_mean,1,1,1,0.546840477776572,,-0.0453725537683245,-0.08297204146402146,0.0,UWaveGestureLibraryZ,HYDRA
10,0.1,top,local_mean,1,1,3,0.546840477776572,-0.15188929339638413,0.6987297711729561,1.0,1.0,UWaveGestureLibraryZ,HYDRA
10,0.1,bottom,local_mean,1,1,1,0.546840477776572,0.5220954491848987,0.024745028591673268,0.045250826057096516,0.0,UWaveGestureLibraryZ,HYDRA
10,0.1,random,local_mean,1,1,1,0.546840477776572,,0.13107080159507206,0.2396870151986256,0.0,UWaveGestureLibraryZ,HYDRA
10,0.2,top,local_mean,1,1,3,0.546840477776572,-0.5420827170123976,1.0889231947889697,1.0,1.0,UWaveGestureLibraryZ,HYDRA
10,0.2,bottom,local_mean,1,1,1,0.546840477776572,0.5360503606350778,0.010790117141494138,0.01973170942585806,0.0,UWaveGestureLibraryZ,HYDRA
10,0.2,random,local_mean,1,1,1,0.546840477776572,,0.10330421806655195,0.18891072141524692,0.0,UWaveGestureLibraryZ,HYDRA
11,0.05,top,local_mean,3,3,3,0.343640060221189,0.20875506201030725,0.13488499821088173,0.39251711691280805,0.0,UWaveGestureLibraryZ,HYDRA
11,0.05,bottom,local_mean,3,3,3,0.343640060221189,0.3824913345325772,-0.03885127431138824,-0.11305771867419197,0.0,UWaveGestureLibraryZ,HYDRA
11,0.05,random,local_mean,3,3,3,0.343640060221189,,-0.01719408666826605,-0.05003501810056941,0.0,UWaveGestureLibraryZ,HYDRA
11,0.1,top,local_mean,3,3,3,0.343640060221189,0.3372919113369869,0.006348148884202098,0.01847319665500983,0.0,UWaveGestureLibraryZ,HYDRA
11,0.1,bottom,local_mean,3,3,3,0.343640060221189,0.6565362816450374,-0.31289622142384843,-0.9105321151740389,0.0,UWaveGestureLibraryZ,HYDRA
11,0.1,random,local_mean,3,3,3,0.343640060221189,,-0.0865443494475425,-0.25184519391203464,0.0,UWaveGestureLibraryZ,HYDRA
11,0.2,top,local_mean,3,3,3,0.343640060221189,0.1444404542397083,0.19919960598148068,0.5796734704905849,0.0,UWaveGestureLibraryZ,HYDRA
11,0.2,bottom,local_mean,3,3,3,0.343640060221189,1.07405480281813,-0.7304147425969411,-1.0,0.0,UWaveGestureLibraryZ,HYDRA
11,0.2,random,local_mean,3,3,3,0.343640060221189,,-0.09538915500801644,0.023055403455741457,0.0,UWaveGestureLibraryZ,HYDRA
13,0.05,top,local_mean,3,3,3,0.08575811458035276,-0.0081904079939763,0.09394852257432906,1.0,0.0,UWaveGestureLibraryZ,HYDRA
13,0.05,bottom,local_mean,3,3,3,0.08575811458035276,-0.03503525900074289,0.12079337358109565,1.0,0.0,UWaveGestureLibraryZ,HYDRA
13,0.05,random,local_mean,3,3,3,0.08575811458035276,,-0.04567269513707719,-0.2,0.0,UWaveGestureLibraryZ,HYDRA
13,0.1,top,local_mean,3,3,3,0.08575811458035276,0.030622661580894772,0.05513545299945799,0.6429107071505308,0.0,UWaveGestureLibraryZ,HYDRA
13,0.1,bottom,local_mean,3,3,3,0.08575811458035276,0.09490587607526457,-0.00914776149491181,-0.10666809632625969,0.0,UWaveGestureLibraryZ,HYDRA
13,0.1,random,local_mean,3,3,3,0.08575811458035276,,-0.04182302888809695,-0.17851823857534438,0.0,UWaveGestureLibraryZ,HYDRA
13,0.2,top,local_mean,3,3,3,0.08575811458035276,0.28755052641349554,-0.20179241183314278,-1.0,0.0,UWaveGestureLibraryZ,HYDRA
13,0.2,bottom,local_mean,3,3,3,0.08575811458035276,0.23323368777026088,-0.14747557318990812,-1.0,0.0,UWaveGestureLibraryZ,HYDRA
13,0.2,random,local_mean,3,3,2,0.08575811458035276,,0.04214484731829402,0.339228798453337,0.6,UWaveGestureLibraryZ,HYDRA
15,0.05,top,local_mean,0,0,0,1.185442418948043,0.9388651479778231,0.24657727097021997,0.20800425142941997,0.0,UWaveGestureLibraryZ,HYDRA
15,0.05,bottom,local_mean,0,0,0,1.185442418948043,1.1488462804260218,0.03659613852202126,0.030871265500378334,0.0,UWaveGestureLibraryZ,HYDRA
15,0.05,random,local_mean,0,0,0,1.185442418948043,,0.08179688553066367,0.06900108788258308,0.0,UWaveGestureLibraryZ,HYDRA
15,0.1,top,local_mean,0,0,0,1.185442418948043,0.6876519349506737,0.49779048399736936,0.4199192268822972,0.0,UWaveGestureLibraryZ,HYDRA
15,0.1,bottom,local_mean,0,0,0,1.185442418948043,0.9428255272884382,0.24261689165960487,0.2046634093045976,0.0,UWaveGestureLibraryZ,HYDRA
15,0.1,random,local_mean,0,0,0,1.185442418948043,,0.23161000077391308,0.19537836818854054,0.0,UWaveGestureLibraryZ,HYDRA
15,0.2,top,local_mean,0,0,0,1.185442418948043,0.27296608441686565,0.9124763345311774,0.7697341939279605,0.0,UWaveGestureLibraryZ,HYDRA
15,0.2,bottom,local_mean,0,0,0,1.185442418948043,0.9434877919288714,0.2419546270191716,0.20410474523860533,0.0,UWaveGestureLibraryZ,HYDRA
15,0.2,random,local_mean,0,0,0,1.185442418948043,,0.7260771015969882,0.6124941013560189,0.0,UWaveGestureLibraryZ,HYDRA
16,0.05,top,local_mean,4,4,4,0.900905914440977,0.6670797905925803,0.23382612384839674,0.25954526499942393,0.0,UWaveGestureLibraryZ,HYDRA
16,0.05,bottom,local_mean,4,4,4,0.900905914440977,0.9626183901279621,-0.061712475686985124,-0.0685003907704254,0.0,UWaveGestureLibraryZ,HYDRA
16,0.05,random,local_mean,4,4,4,0.900905914440977,,-0.08183370573235735,-0.09083480703790148,0.0,UWaveGestureLibraryZ,HYDRA
16,0.1,top,local_mean,4,4,4,0.900905914440977,0.34172139274428015,0.5591845216966969,0.6206906759547708,0.0,UWaveGestureLibraryZ,HYDRA
16,0.1,bottom,local_mean,4,4,4,0.900905914440977,1.00764804139408,-0.10674212695310303,-0.11848297004062594,0.0,UWaveGestureLibraryZ,HYDRA
16,0.1,random,local_mean,4,4,4,0.900905914440977,,-0.04060812394744153,-0.04507471670659708,0.0,UWaveGestureLibraryZ,HYDRA
16,0.2,top,local_mean,4,4,4,0.900905914440977,-0.05211668813283454,0.9530226025738116,1.0,0.0,UWaveGestureLibraryZ,HYDRA
16,0.2,bottom,local_mean,4,4,4,0.900905914440977,0.5838127813571454,0.3170931330838316,0.3519710283060614,0.0,UWaveGestureLibraryZ,HYDRA
16,0.2,random,local_mean,4,4,4,0.900905914440977,,0.32080059997897714,0.3560862890901859,0.0,UWaveGestureLibraryZ,HYDRA
17,0.05,top,local_mean,5,5,5,0.03646034595549219,-0.03570606139105725,0.07216640734654944,1.0,0.0,UWaveGestureLibraryZ,HYDRA
17,0.05,bottom,local_mean,5,5,5,0.03646034595549219,0.07700890714731579,-0.040548561191823596,-1.0,0.0,UWaveGestureLibraryZ,HYDRA
17,0.05,random,local_mean,5,5,3,0.03646034595549219,,0.12278612799853206,0.6,0.6,UWaveGestureLibraryZ,HYDRA
17,0.1,top,local_mean,5,5,0,0.03646034595549219,-0.08691021657755527,0.12337056253304746,1.0,1.0,UWaveGestureLibraryZ,HYDRA
17,0.1,bottom,local_mean,5,5,0,0.03646034595549219,-0.10838674531612902,0.1448470912716212,1.0,1.0,UWaveGestureLibraryZ,HYDRA
17,0.1,random,local_mean,5,5,2,0.03646034595549219,,0.13012452368618072,0.969409311792823,0.6,UWaveGestureLibraryZ,HYDRA
17,0.2,top,local_mean,5,5,0,0.03646034595549219,-0.19603790818884548,0.23249825414433767,1.0,1.0,UWaveGestureLibraryZ,HYDRA
17,0.2,bottom,local_mean,5,5,0,0.03646034595549219,-0.3255005200385982,0.3619608659940904,1.0,1.0,UWaveGestureLibraryZ,HYDRA
17,0.2,random,local_mean,5,5,1,0.03646034595549219,,0.2860188609520006,1.0,0.8,UWaveGestureLibraryZ,HYDRA
18,0.05,top,local_mean,3,3,3,0.2325498847346873,0.11630273379136236,0.11624715094332494,0.49987834308155404,0.0,UWaveGestureLibraryZ,HYDRA
18,0.05,bottom,local_mean,3,3,3,0.2325498847346873,0.23876054035899408,-0.006210655624306782,-0.026706652315652966,0.0,UWaveGestureLibraryZ,HYDRA
18,0.05,random,local_mean,3,3,3,0.2325498847346873,,-0.031809531071161114,-0.11984171586860962,0.0,UWaveGestureLibraryZ,HYDRA
18,0.1,top,local_mean,3,3,3,0.2325498847346873,0.23326771711363425,-0.0007178323789469587,-0.003086775523412519,0.0,UWaveGestureLibraryZ,HYDRA
18,0.1,bottom,local_mean,3,3,3,0.2325498847346873,0.35632490576335074,-0.12377502102866345,-0.5322491942779574,0.0,UWaveGestureLibraryZ,HYDRA
18,0.1,random,local_mean,3,3,3,0.2325498847346873,,-0.12026532088140425,-0.5171570128344709,0.0,UWaveGestureLibraryZ,HYDRA
18,0.2,top,local_mean,3,3,3,0.2325498847346873,0.5421402728627499,-0.3095903881280626,-1.0,0.0,UWaveGestureLibraryZ,HYDRA
18,0.2,bottom,local_mean,3,3,3,0.2325498847346873,0.26097510325124273,-0.02842521851655544,-0.12223225273464433,0.0,UWaveGestureLibraryZ,HYDRA
18,0.2,random,local_mean,3,3,3,0.2325498847346873,,-0.21385522912807722,-0.8545275943654305,0.0,UWaveGestureLibraryZ,HYDRA
19,0.05,top,local_mean,2,2,2,0.05942171229693627,-0.08330743348529657,0.14272914578223284,1.0,0.0,UWaveGestureLibraryZ,HYDRA
19,0.05,bottom,local_mean,2,2,2,0.05942171229693627,-0.12756264700799347,0.18698435930492974,1.0,0.0,UWaveGestureLibraryZ,HYDRA
19,0.05,random,local_mean,2,2,1,0.05942171229693627,,0.23481058830174278,1.0,0.6,UWaveGestureLibraryZ,HYDRA
19,0.1,top,local_mean,2,2,1,0.05942171229693627,-0.24657379440474758,0.30599550670168385,1.0,1.0,UWaveGestureLibraryZ,HYDRA
19,0.1,bottom,local_mean,2,2,1,0.05942171229693627,-0.36766860931273826,0.42709032160967453,1.0,1.0,UWaveGestureLibraryZ,HYDRA
19,0.1,random,local_mean,2,2,2,0.05942171229693627,,0.18243192640608058,0.6,0.4,UWaveGestureLibraryZ,HYDRA
19,0.2,top,local_mean,2,2,2,0.05942171229693627,-0.3506784678003702,0.4101001800973065,1.0,0.0,UWaveGestureLibraryZ,HYDRA
19,0.2,bottom,local_mean,2,2,2,0.05942171229693627,-0.20732562808681626,0.26674734038375253,1.0,0.0,UWaveGestureLibraryZ,HYDRA
19,0.2,random,local_mean,2,2,2,0.05942171229693627,,0.24086690641512246,1.0,0.2,UWaveGestureLibraryZ,HYDRA
20,0.05,top,local_mean,1,1,1,0.7868108979418772,0.5794450770211562,0.20736582092072098,0.26355196389777946,0.0,UWaveGestureLibraryZ,HYDRA
20,0.05,bottom,local_mean,1,1,1,0.7868108979418772,0.787615021469663,-0.000804123527785805,-0.0010220022471561642,0.0,UWaveGestureLibraryZ,HYDRA
20,0.05,random,local_mean,1,1,1,0.7868108979418772,,0.03190496365808091,0.04054967107327319,0.0,UWaveGestureLibraryZ,HYDRA
20,0.1,top,local_mean,1,1,1,0.7868108979418772,0.3148839488269034,0.4719269491149738,0.59979640667538,0.0,UWaveGestureLibraryZ,HYDRA
20,0.1,bottom,local_mean,1,1,1,0.7868108979418772,0.659343088533466,0.12746780940841118,0.16200544214168378,0.0,UWaveGestureLibraryZ,HYDRA
20,0.1,random,local_mean,1,1,1,0.7868108979418772,,0.13780826276617394,0.1751476599764815,0.0,UWaveGestureLibraryZ,HYDRA
20,0.2,top,local_mean,1,1,1,0.7868108979418772,-0.13400906471790808,0.9208199626597853,1.0,0.0,UWaveGestureLibraryZ,HYDRA
20,0.2,bottom,local_mean,1,1,1,0.7868108979418772,0.24643447979335742,0.5403764181485198,0.6867923827308952,0.0,UWaveGestureLibraryZ,HYDRA
20,0.2,random,local_mean,1,1,1,0.7868108979418772,,0.33992424611831484,0.4234167042733999,0.0,UWaveGestureLibraryZ,HYDRA
22,0.05,top,local_mean,1,1,1,0.945349803390734,0.7574933948990682,0.18785640849166585,0.19871608276829347,0.0,UWaveGestureLibraryZ,HYDRA
22,0.05,bottom,local_mean,1,1,1,0.945349803390734,1.012655848532138,-0.06730604514140393,-0.07119689844234985,0.0,UWaveGestureLibraryZ,HYDRA
22,0.05,random,local_mean,1,1,1,0.945349803390734,,0.054925278608203086,0.05810041987715038,0.0,UWaveGestureLibraryZ,HYDRA
22,0.1,top,local_mean,1,1,1,0.945349803390734,0.4501258118570387,0.49522399153369534,0.5238520872436477,0.0,UWaveGestureLibraryZ,HYDRA
22,0.1,bottom,local_mean,1,1,1,0.945349803390734,0.8973969964058787,0.04795280698485538,0.050724880978427055,0.0,UWaveGestureLibraryZ,HYDRA
22,0.1,random,local_mean,1,1,1,0.945349803390734,,0.06014117133391048,0.06361783490128672,0.0,UWaveGestureLibraryZ,HYDRA
22,0.2,top,local_mean,1,1,0,0.945349803390734,-0.050677354460286206,0.9960271578510203,1.0,1.0,UWaveGestureLibraryZ,HYDRA
22,0.2,bottom,local_mean,1,1,1,0.945349803390734,0.7878445024517978,0.15750530093893622,0.16661042691665842,0.0,UWaveGestureLibraryZ,HYDRA
22,0.2,random,local_mean,1,1,1,0.945349803390734,,0.3753122745351246,0.34701300563527593,0.2,UWaveGestureLibraryZ,HYDRA
23,0.05,top,local_mean,5,5,5,0.7023044480054969,0.648599241938748,0.05370520606674889,0.07646986965467559,0.0,UWaveGestureLibraryZ,HYDRA
23,0.05,bottom,local_mean,5,5,5,0.7023044480054969,0.7247044398802237,-0.022399991874726854,-0.03189494249025323,0.0,UWaveGestureLibraryZ,HYDRA
23,0.05,random,local_mean,5,5,5,0.7023044480054969,,0.027240233524736722,0.03878687485921869,0.0,UWaveGestureLibraryZ,HYDRA
23,0.1,top,local_mean,5,5,5,0.7023044480054969,0.5046892835101376,0.1976151644953592,0.28138065147661007,0.0,UWaveGestureLibraryZ,HYDRA
23,0.1,bottom,local_mean,5,5,5,0.7023044480054969,0.7017926873011565,0.000511760704340336,0.0007286867926109702,0.0,UWaveGestureLibraryZ,HYDRA
23,0.1,random,local_mean,5,5,5,0.7023044480054969,,0.133552519896987,0.19016301279773312,0.0,UWaveGestureLibraryZ,HYDRA
23,0.2,top,local_mean,5,5,5,0.7023044480054969,0.09086219255130057,0.6114422554541963,0.8706215467794728,0.0,UWaveGestureLibraryZ,HYDRA
23,0.2,bottom,local_mean,5,5,5,0.7023044480054969,0.5061336246326155,0.1961708233728814,0.27932408032714845,0.0,UWaveGestureLibraryZ,HYDRA
23,0.2,random,local_mean,5,5,5,0.7023044480054969,,0.3818067098334441,0.5436476549025085,0.0,UWaveGestureLibraryZ,HYDRA
24,0.05,top,local_mean,2,2,2,0.16348709438731945,0.06789957129312052,0.09558752309419893,0.5846757432241069,0.0,UWaveGestureLibraryZ,HYDRA
24,0.05,bottom,local_mean,2,2,2,0.16348709438731945,0.07823046624614605,0.08525662814117341,0.5214852400150437,0.0,UWaveGestureLibraryZ,HYDRA
24,0.05,random,local_mean,2,2,2,0.16348709438731945,,0.09380455189531427,0.5427470500052838,0.0,UWaveGestureLibraryZ,HYDRA
24,0.1,top,local_mean,2,2,3,0.16348709438731945,-0.35333623745695714,0.5168233318442765,1.0,1.0,UWaveGestureLibraryZ,HYDRA
24,0.1,bottom,local_mean,2,2,2,0.16348709438731945,0.019387720445743106,0.14409937394157635,0.8814059181593412,0.0,UWaveGestureLibraryZ,HYDRA
24,0.1,random,local_mean,2,2,2,0.16348709438731945,,0.21859549286247804,0.8530875791113466,0.2,UWaveGestureLibraryZ,HYDRA
24,0.2,top,local_mean,2,2,3,0.16348709438731945,-0.3775049024495395,0.540991996836859,1.0,1.0,UWaveGestureLibraryZ,HYDRA
24,0.2,bottom,local_mean,2,2,3,0.16348709438731945,-0.4287623792472449,0.5922494736345644,1.0,1.0,UWaveGestureLibraryZ,HYDRA
24,0.2,random,local_mean,2,2,3,0.16348709438731945,,0.3898273508570232,0.9763500801095303,0.8,UWaveGestureLibraryZ,HYDRA
26,0.05,top,local_mean,0,0,0,0.6486057153874861,0.30745614249689746,0.34114957289058867,0.5259729275031965,0.0,UWaveGestureLibraryZ,HYDRA
26,0.05,bottom,local_mean,0,0,0,0.6486057153874861,0.47448625505742126,0.17411946033006487,0.2684515226242202,0.0,UWaveGestureLibraryZ,HYDRA
26,0.05,random,local_mean,0,0,0,0.6486057153874861,,0.1720128637909158,0.2652036429936638,0.0,UWaveGestureLibraryZ,HYDRA
26,0.1,top,local_mean,0,0,0,0.6486057153874861,0.20416506723075323,0.4444406481567329,0.685223630303023,0.0,UWaveGestureLibraryZ,HYDRA
26,0.1,bottom,local_mean,0,0,0,0.6486057153874861,0.5581002597313806,0.09050545565610557,0.13953826488218893,0.0,UWaveGestureLibraryZ,HYDRA
26,0.1,random,local_mean,0,0,0,0.6486057153874861,,0.21616450013431407,0.33327514964931343,0.0,UWaveGestureLibraryZ,HYDRA
26,0.2,top,local_mean,0,0,0,0.6486057153874861,0.12334530363985463,0.5252604117476315,0.809828821204594,0.0,UWaveGestureLibraryZ,HYDRA
26,0.2,bottom,local_mean,0,0,3,0.6486057153874861,-0.06591933043773213,0.7145250458252183,1.0,1.0,UWaveGestureLibraryZ,HYDRA
26,0.2,random,local_mean,0,0,2,0.6486057153874861,,0.7268267483963584,0.8687824628408507,0.6,UWaveGestureLibraryZ,HYDRA
30,0.05,top,local_mean,4,4,4,0.8287466033772821,0.8079824080054661,0.020764195371816063,0.025054908499522133,0.0,UWaveGestureLibraryZ,HYDRA
30,0.05,bottom,local_mean,4,4,4,0.8287466033772821,0.8322379097136097,-0.0034913063363275487,-0.004212749843378012,0.0,UWaveGestureLibraryZ,HYDRA
30,0.05,random,local_mean,4,4,4,0.8287466033772821,,-0.009877880251673864,-0.011919045329868691,0.0,UWaveGestureLibraryZ,HYDRA
30,0.1,top,local_mean,4,4,4,0.8287466033772821,0.8898442809757237,-0.061097677598441535,-0.07372290109734073,0.0,UWaveGestureLibraryZ,HYDRA
30,0.1,bottom,local_mean,4,4,4,0.8287466033772821,0.7798357935002043,0.048910809877077854,0.05901773914972218,0.0,UWaveGestureLibraryZ,HYDRA
30,0.1,random,local_mean,4,4,4,0.8287466033772821,,0.13174075713376526,0.1589636658940552,0.0,UWaveGestureLibraryZ,HYDRA
30,0.2,top,local_mean,4,4,4,0.8287466033772821,0.863112667754738,-0.03436606437745593,-0.041467467582902914,0.0,UWaveGestureLibraryZ,HYDRA
30,0.2,bottom,local_mean,4,4,4,0.8287466033772821,0.39472144096955497,0.43402516240772715,0.5237121177050812,0.0,UWaveGestureLibraryZ,HYDRA
30,0.2,random,local_mean,4,4,4,0.8287466033772821,,0.2272752269657532,0.27423937763387723,0.0,UWaveGestureLibraryZ,HYDRA
32,0.05,top,local_mean,4,4,4,0.20323251934207653,0.2032325247361737,-5.3940971689314665e-09,-2.6541375588011565e-08,0.0,UWaveGestureLibraryZ,HYDRA
32,0.05,bottom,local_mean,4,4,4,0.20323251934207653,0.1668872072329881,0.03634531210908842,0.17883522475400865,0.0,UWaveGestureLibraryZ,HYDRA
32,0.05,random,local_mean,4,4,4,0.20323251934207653,,-0.04904868330934069,-0.24134150443354488,0.0,UWaveGestureLibraryZ,HYDRA
32,0.1,top,local_mean,4,4,4,0.20323251934207653,0.2032325251218139,-5.779737355382508e-09,-2.843889814088309e-08,0.0,UWaveGestureLibraryZ,HYDRA
32,0.1,bottom,local_mean,4,4,4,0.20323251934207653,0.1624500129202915,0.04078250642178505,0.2006682094263258,0.0,UWaveGestureLibraryZ,HYDRA
32,0.1,random,local_mean,4,4,4,0.20323251934207653,,0.05125494468335974,0.25219729919201456,0.0,UWaveGestureLibraryZ,HYDRA
32,0.2,top,local_mean,4,4,4,0.20323251934207653,0.2833552092362186,-0.08012268989414206,-0.39423954352373325,0.0,UWaveGestureLibraryZ,HYDRA
32,0.2,bottom,local_mean,4,4,4,0.20323251934207653,0.38090865157621745,-0.17767613223414092,-0.8742462011646898,0.0,UWaveGestureLibraryZ,HYDRA
32,0.2,random,local_mean,4,4,3,0.20323251934207653,,0.2923494954012983,0.6251507626006998,0.6,UWaveGestureLibraryZ,HYDRA
34,0.05,top,local_mean,6,6,6,0.5413722954336044,0.3862472490598612,0.15512504637374325,0.28653989341956415,0.0,UWaveGestureLibraryZ,HYDRA
34,0.05,bottom,local_mean,6,6,6,0.5413722954336044,0.6174578231502932,-0.07608552771668875,-0.14054170820477807,0.0,UWaveGestureLibraryZ,HYDRA
34,0.05,random,local_mean,6,6,6,0.5413722954336044,,0.09743859493723059,0.17998411772266804,0.0,UWaveGestureLibraryZ,HYDRA
34,0.1,top,local_mean,6,6,6,0.5413722954336044,0.40490253850122193,0.1364697569323825,0.25208069567428365,0.0,UWaveGestureLibraryZ,HYDRA
34,0.1,bottom,local_mean,6,6,6,0.5413722954336044,0.3603005545320137,0.18107174090159073,0.3344674412810927,0.0,UWaveGestureLibraryZ,HYDRA
34,0.1,random,local_mean,6,6,6,0.5413722954336044,,0.16096843817879225,0.2973335396048065,0.0,UWaveGestureLibraryZ,HYDRA
34,0.2,top,local_mean,6,6,6,0.5413722954336044,-0.22257228094874532,0.7639445763823498,1.0,0.0,UWaveGestureLibraryZ,HYDRA
34,0.2,bottom,local_mean,6,6,6,0.5413722954336044,0.3730029330375819,0.16836936239602251,0.3110041884522023,0.0,UWaveGestureLibraryZ,HYDRA
34,0.2,random,local_mean,6,6,6,0.5413722954336044,,0.8316185969030835,0.9421481012907413,0.2,UWaveGestureLibraryZ,HYDRA
35,0.05,top,local_mean,1,1,1,0.7479914226990448,0.5148840868114278,0.233107335887617,0.31164398035808427,0.0,UWaveGestureLibraryZ,HYDRA
35,0.05,bottom,local_mean,1,1,1,0.7479914226990448,0.8484572542854497,-0.10046583158640487,-0.13431396968419204,0.0,UWaveGestureLibraryZ,HYDRA
35,0.05,random,local_mean,1,1,1,0.7479914226990448,,0.08699290993402467,0.11630185987729758,0.0,UWaveGestureLibraryZ,HYDRA
35,0.1,top,local_mean,1,1,1,0.7479914226990448,0.1423936849595806,0.6055977377394642,0.8096308456631609,0.0,UWaveGestureLibraryZ,HYDRA
35,0.1,bottom,local_mean,1,1,1,0.7479914226990448,0.7733228900260533,-0.025331467327008417,-0.03386594109550298,0.0,UWaveGestureLibraryZ,HYDRA
35,0.1,random,local_mean,1,1,1,0.7479914226990448,,0.15938334877498933,0.21308150181504887,0.0,UWaveGestureLibraryZ,HYDRA
35,0.2,top,local_mean,1,1,0,0.7479914226990448,-0.32635551133939433,1.0743469340384393,1.0,1.0,UWaveGestureLibraryZ,HYDRA
35,0.2,bottom,local_mean,1,1,1,0.7479914226990448,0.6932205966105333,0.05477082608851158,0.07322377129286596,0.0,UWaveGestureLibraryZ,HYDRA
35,0.2,random,local_mean,1,1,1,0.7479914226990448,,0.18387971975604614,0.24583099263564362,0.0,UWaveGestureLibraryZ,HYDRA
37,0.05,top,local_mean,6,6,6,0.16746854405307,0.025226520328229807,0.14224202372484018,0.8493605480872667,0.0,UWaveGestureLibraryZ,HYDRA
37,0.05,bottom,local_mean,6,6,6,0.16746854405307,0.20079882740799493,-0.03333028335492494,-0.1990229539549161,0.0,UWaveGestureLibraryZ,HYDRA
37,0.05,random,local_mean,6,6,6,0.16746854405307,,0.007714649601772328,0.04606598558199697,0.0,UWaveGestureLibraryZ,HYDRA
37,0.1,top,local_mean,6,6,6,0.16746854405307,0.05319315895393095,0.11427538509913904,0.6823651771746982,0.0,UWaveGestureLibraryZ,HYDRA
37,0.1,bottom,local_mean,6,6,6,0.16746854405307,-0.2586968429024374,0.4261653869555074,1.0,0.0,UWaveGestureLibraryZ,HYDRA
37,0.1,random,local_mean,6,6,6,0.16746854405307,,0.125667689847137,0.43810170517612496,0.2,UWaveGestureLibraryZ,HYDRA
37,0.2,top,local_mean,6,6,5,0.16746854405307,-0.6340520449203336,0.8015205889734036,1.0,1.0,UWaveGestureLibraryZ,HYDRA
37,0.2,bottom,local_mean,6,6,4,0.16746854405307,-1.1363882353515466,1.3038567794046165,1.0,1.0,UWaveGestureLibraryZ,HYDRA
37,0.2,random,local_mean,6,6,5,0.16746854405307,,0.7243134621218565,1.0,0.6,UWaveGestureLibraryZ,HYDRA
39,0.05,top,local_mean,0,0,0,0.695631267720067,0.6548232350924316,0.04080803262763544,0.05866322555936581,0.0,UWaveGestureLibraryZ,HYDRA
39,0.05,bottom,local_mean,0,0,0,0.695631267720067,0.7096702882129041,-0.014039020492837118,-0.020181669460000714,0.0,UWaveGestureLibraryZ,HYDRA
39,0.05,random,local_mean,0,0,0,0.695631267720067,,0.055642148908264445,0.07998787792094729,0.0,UWaveGestureLibraryZ,HYDRA
39,0.1,top,local_mean,0,0,0,0.695631267720067,0.7260573588828599,-0.030426091162792934,-0.043738757637730594,0.0,UWaveGestureLibraryZ,HYDRA
39,0.1,bottom,local_mean,0,0,0,0.695631267720067,0.7098626370556042,-0.014231369335537147,-0.020458178833739876,0.0,UWaveGestureLibraryZ,HYDRA
39,0.1,random,local_mean,0,0,0,0.695631267720067,,0.055916025954353056,0.08038158744075759,0.0,UWaveGestureLibraryZ,HYDRA
39,0.2,top,local_mean,0,0,0,0.695631267720067,0.3995005948970588,0.2961306728230082,0.4257000236541294,0.0,UWaveGestureLibraryZ,HYDRA
39,0.2,bottom,local_mean,0,0,0,0.695631267720067,0.32128728899473613,0.3743439787253309,0.5381348682289312,0.0,UWaveGestureLibraryZ,HYDRA
39,0.2,random,local_mean,0,0,0,0.695631267720067,,0.5497269273201247,0.7902550712919822,0.0,UWaveGestureLibraryZ,HYDRA
40,0.05,top,local_mean,6,6,7,0.022517033526362362,-0.1972344433379437,0.21975147686430607,1.0,1.0,UWaveGestureLibraryZ,HYDRA
40,0.05,bottom,local_mean,6,6,6,0.022517033526362362,0.17792427492240404,-0.15540724139604167,-1.0,0.0,UWaveGestureLibraryZ,HYDRA
40,0.05,random,local_mean,6,6,6,0.022517033526362362,,-0.04598069730711085,-0.5576322607628292,0.0,UWaveGestureLibraryZ,HYDRA
40,0.1,top,local_mean,6,6,6,0.022517033526362362,-0.21013987852714688,0.23265691205350925,1.0,0.0,UWaveGestureLibraryZ,HYDRA
40,0.1,bottom,local_mean,6,6,6,0.022517033526362362,0.12692700180951133,-0.10440996828314897,-1.0,0.0,UWaveGestureLibraryZ,HYDRA
40,0.1,random,local_mean,6,6,6,0.022517033526362362,,0.11406757756248162,0.6,0.4,UWaveGestureLibraryZ,HYDRA
40,0.2,top,local_mean,6,6,6,0.022517033526362362,-0.424213931295947,0.44673096482230934,1.0,0.0,UWaveGestureLibraryZ,HYDRA
40,0.2,bottom,local_mean,6,6,2,0.022517033526362362,-0.7779488935585012,0.8004659270848635,1.0,1.0,UWaveGestureLibraryZ,HYDRA
40,0.2,random,local_mean,6,6,6,0.022517033526362362,,0.8758415717705402,1.0,0.6,UWaveGestureLibraryZ,HYDRA
41,0.05,top,local_mean,1,1,1,1.0483792959275178,0.8641541664715754,0.18422512945594238,0.17572357108539097,0.0,UWaveGestureLibraryZ,HYDRA
41,0.05,bottom,local_mean,1,1,1,1.0483792959275178,1.0668407067736632,-0.018461410846145387,-0.017609459962057282,0.0,UWaveGestureLibraryZ,HYDRA
41,0.05,random,local_mean,1,1,1,1.0483792959275178,,0.008120933900648653,0.007746171815890474,0.0,UWaveGestureLibraryZ,HYDRA
41,0.1,top,local_mean,1,1,1,1.0483792959275178,0.5227075203209038,0.5256717756066139,0.5014132539962937,0.0,UWaveGestureLibraryZ,HYDRA
41,0.1,bottom,local_mean,1,1,1,1.0483792959275178,0.8779832904529586,0.17039600547455913,0.16253262879555289,0.0,UWaveGestureLibraryZ,HYDRA
41,0.1,random,local_mean,1,1,1,1.0483792959275178,,0.3705693662692534,0.3534684576853909,0.0,UWaveGestureLibraryZ,HYDRA
41,0.2,top,local_mean,1,1,0,1.0483792959275178,-0.3149155832984044,1.363294879225922,1.0,1.0,UWaveGestureLibraryZ,HYDRA
41,0.2,bottom,local_mean,1,1,1,1.0483792959275178,0.9802864893237787,0.06809280660373906,0.06495048301484563,0.0,UWaveGestureLibraryZ,HYDRA
41,0.2,random,local_mean,1,1,1,1.0483792959275178,,0.676323111786095,0.5710950364110545,0.2,UWaveGestureLibraryZ,HYDRA
43,0.05,top,local_mean,7,7,7,0.2267506074618344,0.17220875329417673,0.054541854167657666,0.24053568915421186,0.0,UWaveGestureLibraryZ,HYDRA
43,0.05,bottom,local_mean,7,7,7,0.2267506074618344,0.13720979949804424,0.08954080796379016,0.3948849975798349,0.0,UWaveGestureLibraryZ,HYDRA
43,0.05,random,local_mean,7,7,7,0.2267506074618344,,-0.006568848101617575,-0.028969356271148855,0.0,UWaveGestureLibraryZ,HYDRA
43,0.1,top,local_mean,7,7,6,0.2267506074618344,-0.34026872458309115,0.5670193320449255,1.0,1.0,UWaveGestureLibraryZ,HYDRA
43,0.1,bottom,local_mean,7,7,7,0.2267506074618344,0.30933077008996435,-0.08258016262812995,-0.36418777159949967,0.0,UWaveGestureLibraryZ,HYDRA
43,0.1,random,local_mean,7,7,7,0.2267506074618344,,-0.02229424591133027,-0.09832012289078355,0.0,UWaveGestureLibraryZ,HYDRA
43,0.2,top,local_mean,7,7,6,0.2267506074618344,-1.0187615148952274,1.2455121223570618,1.0,1.0,UWaveGestureLibraryZ,HYDRA
43,0.2,bottom,local_mean,7,7,1,0.2267506074618344,-0.43509333200022243,0.6618439394620568,1.0,1.0,UWaveGestureLibraryZ,HYDRA
43,0.2,random,local_mean,7,7,5,0.2267506074618344,,0.46251439109084036,0.790863166981882,0.4,UWaveGestureLibraryZ,HYDRA
44,0.05,top,local_mean,7,7,7,0.6207122444392119,0.21028131864238553,0.4104309257968264,0.6612246950967403,0.0,UWaveGestureLibraryZ,HYDRA
44,0.05,bottom,local_mean,7,7,7,0.6207122444392119,0.44936179335459925,0.17135045108461266,0.276054124218697,0.0,UWaveGestureLibraryZ,HYDRA
44,0.05,random,local_mean,7,7,7,0.6207122444392119,,0.19888687276312217,0.32041667314962485,0.0,UWaveGestureLibraryZ,HYDRA
44,0.1,top,local_mean,7,7,7,0.6207122444392119,0.37433140253308905,0.24638084190612286,0.39693182659364307,0.0,UWaveGestureLibraryZ,HYDRA
44,0.1,bottom,local_mean,7,7,7,0.6207122444392119,-0.060403072037804484,0.6811153164770164,1.0,0.0,UWaveGestureLibraryZ,HYDRA
44,0.1,random,local_mean,7,7,7,0.6207122444392119,,0.3083537232871295,0.41416688000737045,0.0,UWaveGestureLibraryZ,HYDRA
44,0.2,top,local_mean,7,7,7,0.6207122444392119,0.08290906094420325,0.5378031834950087,0.866427755993657,0.0,UWaveGestureLibraryZ,HYDRA
44,0.2,bottom,local_mean,7,7,7,0.6207122444392119,-0.3518768947565267,0.9725891391957386,1.0,0.0,UWaveGestureLibraryZ,HYDRA
44,0.2,random,local_mean,7,7,7,0.6207122444392119,,0.5122446466467938,0.6775650609064268,0.0,UWaveGestureLibraryZ,HYDRA
46,0.05,top,local_mean,0,0,0,0.16257162207862585,0.1338048267582651,0.02876679532036075,0.17694735406585319,0.0,UWaveGestureLibraryZ,HYDRA
46,0.05,bottom,local_mean,0,0,0,0.16257162207862585,0.06912733570319363,0.09344428637543223,0.5747848880129354,0.0,UWaveGestureLibraryZ,HYDRA
46,0.05,random,local_mean,0,0,0,0.16257162207862585,,-0.003135913752075692,-0.01928931029087451,0.0,UWaveGestureLibraryZ,HYDRA
46,0.1,top,local_mean,0,0,0,0.16257162207862585,0.061477947469002814,0.10109367460962304,0.621837018540124,0.0,UWaveGestureLibraryZ,HYDRA
46,0.1,bottom,local_mean,0,0,0,0.16257162207862585,0.07606427735967125,0.0865073447189546,0.5321150856330323,0.0,UWaveGestureLibraryZ,HYDRA
46,0.1,random,local_mean,0,0,0,0.16257162207862585,,0.042441351149218765,0.1668802107521316,0.0,UWaveGestureLibraryZ,HYDRA
46,0.2,top,local_mean,0,0,0,0.16257162207862585,-0.2181453406652999,0.38071696274392575,1.0,0.0,UWaveGestureLibraryZ,HYDRA
46,0.2,bottom,local_mean,0,0,0,0.16257162207862585,-0.0552269800401769,0.21779860211880275,1.0,0.0,UWaveGestureLibraryZ,HYDRA
46,0.2,random,local_mean,0,0,0,0.16257162207862585,,0.4512372355191948,1.0,0.0,UWaveGestureLibraryZ,HYDRA
47,0.05,top,local_mean,1,1,1,0.6840983091252416,0.4608234275845401,0.22327488154070152,0.32637787900444354,0.0,UWaveGestureLibraryZ,HYDRA
47,0.05,bottom,local_mean,1,1,1,0.6840983091252416,0.7658095350389041,-0.08171122591366253,-0.11944351474078631,0.0,UWaveGestureLibraryZ,HYDRA
47,0.05,random,local_mean,1,1,1,0.6840983091252416,,-0.0425729892082396,-0.06223217687893547,0.0,UWaveGestureLibraryZ,HYDRA
47,0.1,top,local_mean,1,1,1,0.6840983091252416,0.25734629913144225,0.42675200999379936,0.6238158762935859,0.0,UWaveGestureLibraryZ,HYDRA
47,0.1,bottom,local_mean,1,1,1,0.6840983091252416,0.6464489329956197,0.037649376129621936,0.05503495709967055,0.0,UWaveGestureLibraryZ,HYDRA
47,0.1,random,local_mean,1,1,1,0.6840983091252416,,0.1704611265322113,0.24917599573398214,0.0,UWaveGestureLibraryZ,HYDRA
47,0.2,top,local_mean,1,1,0,0.6840983091252416,-0.3200696900301371,1.0041679991553787,1.0,1.0,UWaveGestureLibraryZ,HYDRA
47,0.2,bottom,local_mean,1,1,1,0.6840983091252416,0.7034637644250078,-0.019365455299766188,-0.028307959153662663,0.0,UWaveGestureLibraryZ,HYDRA
47,0.2,random,local_mean,1,1,1,0.6840983091252416,,0.31317607528482716,0.41432287690253655,0.0,UWaveGestureLibraryZ,HYDRA
48,0.05,top,local_mean,1,1,1,0.47018348500240836,0.2872539137521749,0.18292957125023346,0.38905913973170864,0.0,UWaveGestureLibraryZ,HYDRA
48,0.05,bottom,local_mean,1,1,1,0.47018348500240836,0.4997370954745596,-0.029553610472151215,-0.06285535021854206,0.0,UWaveGestureLibraryZ,HYDRA
48,0.05,random,local_mean,1,1,1,0.47018348500240836,,-0.005583832879170858,-0.011875833970026162,0.0,UWaveGestureLibraryZ,HYDRA
48,0.1,top,local_mean,1,1,1,0.47018348500240836,0.16160980678586068,0.3085736782165477,0.6562821361810081,0.0,UWaveGestureLibraryZ,HYDRA
48,0.1,bottom,local_mean,1,1,1,0.47018348500240836,0.3180494288224732,0.15213405617993514,0.32356247607607874,0.0,UWaveGestureLibraryZ,HYDRA
48,0.1,random,local_mean,1,1,1,0.47018348500240836,,0.24628499131207,0.5238050151969784,0.0,UWaveGestureLibraryZ,HYDRA
48,0.2,top,local_mean,1,1,1,0.47018348500240836,-0.017773598923341516,0.4879570839257499,1.0,0.0,UWaveGestureLibraryZ,HYDRA
48,0.2,bottom,local_mean,1,1,1,0.47018348500240836,0.25814065823055643,0.21204282677185193,0.45097793214245646,0.0,UWaveGestureLibraryZ,HYDRA
48,0.2,random,local_mean,1,1,1,0.47018348500240836,,0.4384266817952108,0.6544110253606235,0.4,UWaveGestureLibraryZ,HYDRA
49,0.05,top,local_mean,3,3,3,0.12481345581408188,0.17520204898725023,-0.05038859317316835,-0.40370799074928454,0.0,UWaveGestureLibraryZ,HYDRA
49,0.05,bottom,local_mean,3,3,3,0.12481345581408188,0.34823598598252403,-0.22342253016844216,-1.0,0.0,UWaveGestureLibraryZ,HYDRA
49,0.05,random,local_mean,3,3,3,0.12481345581408188,,-0.0029933853110035713,0.1967012780366509,0.0,UWaveGestureLibraryZ,HYDRA
49,0.1,top,local_mean,3,3,3,0.12481345581408188,0.02888545162303391,0.09592800419104797,0.7685648554518244,0.0,UWaveGestureLibraryZ,HYDRA
49,0.1,bottom,local_mean,3,3,3,0.12481345581408188,0.5778500989781624,-0.45303664316408054,-1.0,0.0,UWaveGestureLibraryZ,HYDRA
49,0.1,random,local_mean,3,3,3,0.12481345581408188,,-0.09102350034130605,-0.36471179707614143,0.0,UWaveGestureLibraryZ,HYDRA
49,0.2,top,local_mean,3,3,3,0.12481345581408188,-0.3195359162997387,0.4443493721138206,1.0,0.0,UWaveGestureLibraryZ,HYDRA
49,0.2,bottom,local_mean,3,3,3,0.12481345581408188,0.45018481776329733,-0.32537136194921545,-1.0,0.0,UWaveGestureLibraryZ,HYDRA
49,0.2,random,local_mean,3,3,3,0.12481345581408188,,-0.024290444950964652,-0.2,0.0,UWaveGestureLibraryZ,HYDRA
51,0.05,top,local_mean,5,5,5,0.1854952029334932,0.09051396172579917,0.09498124120769402,0.5120387355947554,0.0,UWaveGestureLibraryZ,HYDRA
51,0.05,bottom,local_mean,5,5,5,0.1854952029334932,0.1465518798801767,0.03894332305331649,0.20994134886566396,0.0,UWaveGestureLibraryZ,HYDRA
51,0.05,random,local_mean,5,5,5,0.1854952029334932,,-0.0013512924987146846,-0.007284744794475223,0.0,UWaveGestureLibraryZ,HYDRA
51,0.1,top,local_mean,5,5,5,0.1854952029334932,-0.21998732909089336,0.40548253202438655,1.0,0.0,UWaveGestureLibraryZ,HYDRA
51,0.1,bottom,local_mean,5,5,5,0.1854952029334932,0.18008048485292905,0.0054147180805641515,0.029190452391661705,0.0,UWaveGestureLibraryZ,HYDRA
51,0.1,random,local_mean,5,5,5,0.1854952029334932,,0.11542239862960042,0.4952106389430805,0.0,UWaveGestureLibraryZ,HYDRA
51,0.2,top,local_mean,5,5,3,0.1854952029334932,-0.5262503860651275,0.7117455889986207,1.0,1.0,UWaveGestureLibraryZ,HYDRA
51,0.2,bottom,local_mean,5,5,3,0.1854952029334932,-0.18695617684456578,0.372451379778059,1.0,1.0,UWaveGestureLibraryZ,HYDRA
51,0.2,random,local_mean,5,5,4,0.1854952029334932,,0.20404783253832726,0.0939558341365541,0.4,UWaveGestureLibraryZ,HYDRA
52,0.05,top,local_mean,4,4,4,1.0123771530864805,1.0555297615755685,-0.043152608489088085,-0.04262498983954453,0.0,UWaveGestureLibraryZ,HYDRA
52,0.05,bottom,local_mean,4,4,4,1.0123771530864805,1.0352153886241482,-0.022838235537667728,-0.022558996821533363,0.0,UWaveGestureLibraryZ,HYDRA
52,0.05,random,local_mean,4,4,4,1.0123771530864805,,0.03091706676492927,0.030539049732228103,0.0,UWaveGestureLibraryZ,HYDRA
52,0.1,top,local_mean,4,4,4,1.0123771530864805,1.020233006617812,-0.007855853531331558,-0.007759801520193895,0.0,UWaveGestureLibraryZ,HYDRA
52,0.1,bottom,local_mean,4,4,4,1.0123771530864805,1.1080917897566007,-0.09571463667012026,-0.09454435220506385,0.0,UWaveGestureLibraryZ,HYDRA
52,0.1,random,local_mean,4,4,4,1.0123771530864805,,0.0808346461324855,0.07984629645161886,0.0,UWaveGestureLibraryZ,HYDRA
52,0.2,top,local_mean,4,4,4,1.0123771530864805,0.9948847477164471,0.01749240537003338,0.01727852909182556,0.0,UWaveGestureLibraryZ,HYDRA
52,0.2,bottom,local_mean,4,4,4,1.0123771530864805,0.2716157526717351,0.7407614004147454,0.731704253155162,0.0,UWaveGestureLibraryZ,HYDRA
52,0.2,random,local_mean,4,4,4,1.0123771530864805,,0.3835353290751544,0.3788459163266749,0.0,UWaveGestureLibraryZ,HYDRA
54,0.05,top,local_mean,3,3,3,0.34882251210035575,0.3488225171180023,-5.017646520499852e-09,-1.4384484836722494e-08,0.0,UWaveGestureLibraryZ,HYDRA
54,0.05,bottom,local_mean,3,3,3,0.34882251210035575,0.3347937182634845,0.014028793836871278,0.0402174548166215,0.0,UWaveGestureLibraryZ,HYDRA
54,0.05,random,local_mean,3,3,3,0.34882251210035575,,-0.04983290288515074,-0.14285993104390832,0.0,UWaveGestureLibraryZ,HYDRA
54,0.1,top,local_mean,3,3,3,0.34882251210035575,0.11610034563859672,0.23272216646175903,0.6671630735568231,0.0,UWaveGestureLibraryZ,HYDRA
54,0.1,bottom,local_mean,3,3,3,0.34882251210035575,0.12314892782490305,0.2256735842754527,0.6469563445325524,0.0,UWaveGestureLibraryZ,HYDRA
54,0.1,random,local_mean,3,3,3,0.34882251210035575,,0.055676270124416095,0.10561800615418229,0.0,UWaveGestureLibraryZ,HYDRA
54,0.2,top,local_mean,3,3,3,0.34882251210035575,0.27444193484308343,0.07438057725727232,0.21323269411917736,0.0,UWaveGestureLibraryZ,HYDRA
54,0.2,bottom,local_mean,3,3,3,0.34882251210035575,0.28608334018162684,0.06273917191872891,0.17985935506743878,0.0,UWaveGestureLibraryZ,HYDRA
54,0.2,random,local_mean,3,3,3,0.34882251210035575,,0.043375743430663485,0.038489380852677314,0.0,UWaveGestureLibraryZ,HYDRA
55,0.05,top,local_mean,5,5,5,0.01785212156167837,0.027884495507494722,-0.010032373945816353,-0.5619394855491708,0.0,UWaveGestureLibraryZ,HYDRA
55,0.05,bottom,local_mean,5,5,5,0.01785212156167837,-0.02245105109419654,0.04030317265587491,1.0,0.0,UWaveGestureLibraryZ,HYDRA
55,0.05,random,local_mean,5,5,5,0.01785212156167837,,0.038130216263976835,0.2,0.0,UWaveGestureLibraryZ,HYDRA
55,0.1,top,local_mean,5,5,5,0.01785212156167837,-0.015067612915383166,0.032919734477061535,1.0,0.0,UWaveGestureLibraryZ,HYDRA
55,0.1,bottom,local_mean,5,5,3,0.01785212156167837,-0.04118341288428928,0.05903553444596765,1.0,1.0,UWaveGestureLibraryZ,HYDRA
55,0.1,random,local_mean,5,5,4,0.01785212156167837,,-0.04826111063045409,-0.2,0.4,UWaveGestureLibraryZ,HYDRA
55,0.2,top,local_mean,5,5,5,0.01785212156167837,0.10074714543921115,-0.08289502387753278,-1.0,0.0,UWaveGestureLibraryZ,HYDRA
55,0.2,bottom,local_mean,5,5,5,0.01785212156167837,0.0028440094390926873,0.015008112122585682,0.8406435855341127,0.0,UWaveGestureLibraryZ,HYDRA
55,0.2,random,local_mean,5,5,4,0.01785212156167837,,0.12023832971291604,0.5700159384870023,0.6,UWaveGestureLibraryZ,HYDRA
56,0.05,top,local_mean,2,2,2,0.06915987969314319,-0.182405637814551,0.2515655175076942,1.0,0.0,UWaveGestureLibraryZ,HYDRA
56,0.05,bottom,local_mean,2,2,2,0.06915987969314319,-0.09683813334659919,0.16599801303974238,1.0,0.0,UWaveGestureLibraryZ,HYDRA
56,0.05,random,local_mean,2,2,2,0.06915987969314319,,0.12783785488890048,0.9295210446109937,0.0,UWaveGestureLibraryZ,HYDRA
56,0.1,top,local_mean,2,2,2,0.06915987969314319,-0.19380725348170857,0.26296713317485176,1.0,0.0,UWaveGestureLibraryZ,HYDRA
56,0.1,bottom,local_mean,2,2,2,0.06915987969314319,0.038855309696877005,0.030304569996266184,0.4381750222195434,0.0,UWaveGestureLibraryZ,HYDRA
56,0.1,random,local_mean,2,2,3,0.06915987969314319,,0.15850185319678825,0.903416689754524,0.6,UWaveGestureLibraryZ,HYDRA
56,0.2,top,local_mean,2,2,2,0.06915987969314319,-0.0953027831125467,0.16446266280568989,1.0,0.0,UWaveGestureLibraryZ,HYDRA
56,0.2,bottom,local_mean,2,2,2,0.06915987969314319,-0.0015486646509840218,0.07070854434412721,1.0,0.0,UWaveGestureLibraryZ,HYDRA
56,0.2,random,local_mean,2,2,3,0.06915987969314319,,0.4257610678059763,1.0,1.0,UWaveGestureLibraryZ,HYDRA
57,0.05,top,local_mean,6,6,6,-0.07272156076184466,-0.013744989714857825,-0.058976571046986836,-0.8109803949303456,0.0,UWaveGestureLibraryZ,HYDRA
57,0.05,bottom,local_mean,6,6,6,-0.07272156076184466,-0.05901368067663837,-0.013707880085206292,-0.18849556370955522,0.0,UWaveGestureLibraryZ,HYDRA
57,0.05,random,local_mean,6,6,6,-0.07272156076184466,,0.08161188669405973,0.4419644708504391,0.0,UWaveGestureLibraryZ,HYDRA
57,0.1,top,local_mean,6,6,6,-0.07272156076184466,-0.011133423129990438,-0.06158813763185422,-0.8468917621526835,0.0,UWaveGestureLibraryZ,HYDRA
57,0.1,bottom,local_mean,6,6,6,-0.07272156076184466,-0.04494520209259378,-0.027776358669250878,-0.38194967804027463,0.0,UWaveGestureLibraryZ,HYDRA
57,0.1,random,local_mean,6,6,5,-0.07272156076184466,,0.28508147675603573,1.0,0.2,UWaveGestureLibraryZ,HYDRA
57,0.2,top,local_mean,6,6,6,-0.07272156076184466,-0.32951882849986613,0.2567972677380215,1.0,0.0,UWaveGestureLibraryZ,HYDRA
57,0.2,bottom,local_mean,6,6,2,-0.07272156076184466,-0.9805127807804501,0.9077912200186055,1.0,1.0,UWaveGestureLibraryZ,HYDRA
57,0.2,random,local_mean,6,6,3,-0.07272156076184466,,0.9135888458855673,1.0,1.0,UWaveGestureLibraryZ,HYDRA
58,0.05,top,local_mean,4,4,4,0.7534350661590441,0.5723832175905896,0.18105184856845447,0.24030154209559157,0.0,UWaveGestureLibraryZ,HYDRA
58,0.05,bottom,local_mean,4,4,4,0.7534350661590441,0.6363888752164057,0.11704619094263835,0.1553498647062787,0.0,UWaveGestureLibraryZ,HYDRA
58,0.05,random,local_mean,4,4,4,0.7534350661590441,,0.0643693865924436,0.08543443761670913,0.0,UWaveGestureLibraryZ,HYDRA
58,0.1,top,local_mean,4,4,4,0.7534350661590441,0.8448652833204024,-0.09143021716135835,-0.12135099614684253,0.0,UWaveGestureLibraryZ,HYDRA
58,0.1,bottom,local_mean,4,4,4,0.7534350661590441,0.5880484452971222,0.1653866208619219,0.21950982742975056,0.0,UWaveGestureLibraryZ,HYDRA
58,0.1,random,local_mean,4,4,4,0.7534350661590441,,0.23911649048496084,0.3173679907625836,0.0,UWaveGestureLibraryZ,HYDRA
58,0.2,top,local_mean,4,4,4,0.7534350661590441,0.7705951004040739,-0.017160034245029765,-0.022775700574715285,0.0,UWaveGestureLibraryZ,HYDRA
58,0.2,bottom,local_mean,4,4,4,0.7534350661590441,0.5219464808459298,0.23148858531311434,0.30724383356536716,0.0,UWaveGestureLibraryZ,HYDRA
58,0.2,random,local_mean,4,4,4,0.7534350661590441,,0.5065789624209619,0.6494269320956062,0.0,UWaveGestureLibraryZ,HYDRA
59,0.05,top,local_mean,2,2,2,0.3778706315968512,0.2011086055079423,0.1767620260889089,0.46778326634875617,0.0,UWaveGestureLibraryZ,HYDRA
59,0.05,bottom,local_mean,2,2,2,0.3778706315968512,0.009013948163350105,0.3688566834335011,0.9761428289145345,0.0,UWaveGestureLibraryZ,HYDRA
59,0.05,random,local_mean,2,2,2,0.3778706315968512,,0.17883176811067986,0.47326063445131633,0.0,UWaveGestureLibraryZ,HYDRA
59,0.1,top,local_mean,2,2,2,0.3778706315968512,-0.09318248240177951,0.4710531139986307,1.0,0.0,UWaveGestureLibraryZ,HYDRA
59,0.1,bottom,local_mean,2,2,2,0.3778706315968512,0.013049907643067571,0.3648207239537836,0.9654620602559775,0.0,UWaveGestureLibraryZ,HYDRA
59,0.1,random,local_mean,2,2,2,0.3778706315968512,,0.25557547029534455,0.6763552723323152,0.0,UWaveGestureLibraryZ,HYDRA
59,0.2,top,local_mean,2,2,3,0.3778706315968512,-0.18639707515923543,0.5642677067560866,1.0,1.0,UWaveGestureLibraryZ,HYDRA
59,0.2,bottom,local_mean,2,2,2,0.3778706315968512,0.035091012586090486,0.3427796190107607,0.9071324501450537,0.0,UWaveGestureLibraryZ,HYDRA
59,0.2,random,local_mean,2,2,3,0.3778706315968512,,0.46250995582563237,0.9819638642287941,0.6,UWaveGestureLibraryZ,HYDRA
60,0.05,top,local_mean,5,5,5,0.10189255478697723,-0.07151816831481306,0.1734107231017903,1.0,0.0,UWaveGestureLibraryZ,HYDRA
60,0.05,bottom,local_mean,5,5,5,0.10189255478697723,0.2002773330905525,-0.09838477830357528,-0.965564294123043,0.0,UWaveGestureLibraryZ,HYDRA
60,0.05,random,local_mean,5,5,5,0.10189255478697723,,0.086766426403353,0.7007890197183888,0.0,UWaveGestureLibraryZ,HYDRA
60,0.1,top,local_mean,5,5,5,0.10189255478697723,-0.10320586527802533,0.20509842006500256,1.0,0.0,UWaveGestureLibraryZ,HYDRA
60,0.1,bottom,local_mean,5,5,5,0.10189255478697723,0.04386457916432951,0.05802797562264772,0.5694960367607484,0.0,UWaveGestureLibraryZ,HYDRA
60,0.1,random,local_mean,5,5,5,0.10189255478697723,,0.19813263403197112,0.886465271984949,0.0,UWaveGestureLibraryZ,HYDRA
60,0.2,top,local_mean,5,5,5,0.10189255478697723,-0.018598493859974252,0.12049104864695148,1.0,0.0,UWaveGestureLibraryZ,HYDRA
60,0.2,bottom,local_mean,5,5,5,0.10189255478697723,-0.40074096785856317,0.5026335226455404,1.0,0.0,UWaveGestureLibraryZ,HYDRA
60,0.2,random,local_mean,5,5,3,0.10189255478697723,,0.3510851149030233,1.0,0.4,UWaveGestureLibraryZ,HYDRA
61,0.05,top,local_mean,4,4,4,0.7973249865436027,0.8223890303169905,-0.02506404377338778,-0.03143512715801484,0.0,UWaveGestureLibraryZ,HYDRA
61,0.05,bottom,local_mean,4,4,4,0.7973249865436027,0.8082252916307171,-0.01090030508711437,-0.013671077164268838,0.0,UWaveGestureLibraryZ,HYDRA
61,0.05,random,local_mean,4,4,4,0.7973249865436027,,0.0004742508698234005,0.0005948017220400295,0.0,UWaveGestureLibraryZ,HYDRA
61,0.1,top,local_mean,4,4,4,0.7973249865436027,0.7447690908874554,0.05255589565614738,0.06591519220886863,0.0,UWaveGestureLibraryZ,HYDRA
61,0.1,bottom,local_mean,4,4,4,0.7973249865436027,0.713077345723462,0.08424764082014069,0.10566273047910185,0.0,UWaveGestureLibraryZ,HYDRA
61,0.1,random,local_mean,4,4,4,0.7973249865436027,,0.07721722977115286,0.09684524407123427,0.0,UWaveGestureLibraryZ,HYDRA
61,0.2,top,local_mean,4,4,4,0.7973249865436027,0.8031493022921297,-0.0058243157485269315,-0.007304811139763875,0.0,UWaveGestureLibraryZ,HYDRA
61,0.2,bottom,local_mean,4,4,4,0.7973249865436027,0.8567655020535809,-0.0594405155099782,-0.07454982844300864,0.0,UWaveGestureLibraryZ,HYDRA
61,0.2,random,local_mean,4,4,4,0.7973249865436027,,0.3027285711488449,0.3499704123506594,0.0,UWaveGestureLibraryZ,HYDRA
62,0.05,top,local_mean,6,6,6,0.3064390641250061,0.07357287851310801,0.2328661856118981,0.7599077694909534,0.0,UWaveGestureLibraryZ,HYDRA
62,0.05,bottom,local_mean,6,6,6,0.3064390641250061,0.390020648417003,-0.08358158429199691,-0.27275018536055873,0.0,UWaveGestureLibraryZ,HYDRA
62,0.05,random,local_mean,6,6,6,0.3064390641250061,,0.13135835447613306,0.3215195603145752,0.4,UWaveGestureLibraryZ,HYDRA
62,0.1,top,local_mean,6,6,7,0.3064390641250061,-0.4464928400211102,0.7529319041461163,1.0,1.0,UWaveGestureLibraryZ,HYDRA
62,0.1,bottom,local_mean,6,6,6,0.3064390641250061,0.10084136263144239,0.2055977014935637,0.6709230468301112,0.0,UWaveGestureLibraryZ,HYDRA
62,0.1,random,local_mean,6,6,7,0.3064390641250061,,0.3879655253698254,0.768608828165149,0.8,UWaveGestureLibraryZ,HYDRA
62,0.2,top,local_mean,6,6,7,0.3064390641250061,-1.029055438227717,1.3354945023527232,1.0,1.0,UWaveGestureLibraryZ,HYDRA
62,0.2,bottom,local_mean,6,6,6,0.3064390641250061,0.01423436078890794,0.29220470333609816,0.9535460194163747,0.0,UWaveGestureLibraryZ,HYDRA
62,0.2,random,local_mean,6,6,6,0.3064390641250061,,1.3053361027668076,1.0,0.8,UWaveGestureLibraryZ,HYDRA
63,0.05,top,local_mean,2,2,2,0.138214585376492,0.011884270352218618,0.1263303150242734,0.9140091884728935,0.0,UWaveGestureLibraryZ,HYDRA
63,0.05,bottom,local_mean,2,2,2,0.138214585376492,-0.11466586898128228,0.2528804543577743,1.0,0.0,UWaveGestureLibraryZ,HYDRA
63,0.05,random,local_mean,2,2,2,0.138214585376492,,0.08530198076560205,0.6171661504977454,0.0,UWaveGestureLibraryZ,HYDRA
63,0.1,top,local_mean,2,2,2,0.138214585376492,0.2085490438391081,-0.0703344584626161,-0.5088750177559841,0.0,UWaveGestureLibraryZ,HYDRA
63,0.1,bottom,local_mean,2,2,2,0.138214585376492,0.1240897899842579,0.014124795392234102,0.1021939411084423,0.0,UWaveGestureLibraryZ,HYDRA
63,0.1,random,local_mean,2,2,2,0.138214585376492,,0.06514130350443374,0.4713021568949135,0.0,UWaveGestureLibraryZ,HYDRA
63,0.2,top,local_mean,2,2,2,0.138214585376492,0.27887376998310054,-0.14065918460660853,-1.0,0.0,UWaveGestureLibraryZ,HYDRA
63,0.2,bottom,local_mean,2,2,2,0.138214585376492,0.2280833971862768,-0.08986881180978479,-0.650207511439371,0.0,UWaveGestureLibraryZ,HYDRA
63,0.2,random,local_mean,2,2,2,0.138214585376492,,0.11645975683581877,0.3043772340838681,0.0,UWaveGestureLibraryZ,HYDRA
65,0.05,top,local_mean,7,7,7,0.12210222729776388,0.10035048886627873,0.021751738431485146,0.17814220731808203,0.0,UWaveGestureLibraryZ,HYDRA
65,0.05,bottom,local_mean,7,7,7,0.12210222729776388,0.14439050529416675,-0.022288277996402872,-0.18253635460469966,0.0,UWaveGestureLibraryZ,HYDRA
65,0.05,random,local_mean,7,7,7,0.12210222729776388,,0.007622197112995966,0.062424206809933803,0.0,UWaveGestureLibraryZ,HYDRA
65,0.1,top,local_mean,7,7,7,0.12210222729776388,0.13611320692757312,-0.01401097962980924,-0.1147470049717992,0.0,UWaveGestureLibraryZ,HYDRA
65,0.1,bottom,local_mean,7,7,7,0.12210222729776388,0.2625105438983778,-0.14040831660061392,-1.0,0.0,UWaveGestureLibraryZ,HYDRA
65,0.1,random,local_mean,7,7,7,0.12210222729776388,,0.07939136635886775,0.3325021856946395,0.0,UWaveGestureLibraryZ,HYDRA
65,0.2,top,local_mean,7,7,7,0.12210222729776388,0.11847157564262378,0.0036306516551400936,0.029734280866191183,0.0,UWaveGestureLibraryZ,HYDRA
65,0.2,bottom,local_mean,7,7,7,0.12210222729776388,0.006428055333601357,0.11567417196416252,0.9473473758566323,0.0,UWaveGestureLibraryZ,HYDRA
65,0.2,random,local_mean,7,7,3,0.12210222729776388,,0.7185145518766285,1.0,0.8,UWaveGestureLibraryZ,HYDRA
0,0.05,top,linear_interpolation,4,4,4,0.28871964632314695,0.28871963802603284,8.297114106881054e-09,2.873751570088484e-08,0.0,UWaveGestureLibraryZ,HYDRA
0,0.05,bottom,linear_interpolation,4,4,4,0.28871964632314695,0.244288964494892,0.044430681828254937,0.15388813510249094,0.0,UWaveGestureLibraryZ,HYDRA
0,0.05,random,linear_interpolation,4,4,4,0.28871964632314695,,0.04415746159232072,0.15294182163508335,0.0,UWaveGestureLibraryZ,HYDRA
0,0.1,top,linear_interpolation,4,4,4,0.28871964632314695,0.288719640036885,6.286261955423811e-09,2.1772817550387415e-08,0.0,UWaveGestureLibraryZ,HYDRA
0,0.1,bottom,linear_interpolation,4,4,4,0.28871964632314695,0.35717011839617396,-0.06845047207302701,-0.23708201316650798,0.0,UWaveGestureLibraryZ,HYDRA
0,0.1,random,linear_interpolation,4,4,4,0.28871964632314695,,0.011570625636449927,0.040075504761442136,0.0,UWaveGestureLibraryZ,HYDRA
0,0.2,top,linear_interpolation,4,4,4,0.28871964632314695,0.6152446582722442,-0.3265250119490972,-1.0,0.0,UWaveGestureLibraryZ,HYDRA
0,0.2,bottom,linear_interpolation,4,4,4,0.28871964632314695,0.42707235116329856,-0.1383527048401516,-0.47919228015755444,0.0,UWaveGestureLibraryZ,HYDRA
0,0.2,random,linear_interpolation,4,4,4,0.28871964632314695,,-0.09810907760189794,-0.33980624126232584,0.0,UWaveGestureLibraryZ,HYDRA
1,0.05,top,linear_interpolation,0,0,0,0.5859141114544318,0.55925743205112,0.026656679403311845,0.04549580456653746,0.0,UWaveGestureLibraryZ,HYDRA
1,0.05,bottom,linear_interpolation,0,0,0,0.5859141114544318,0.6000336219513592,-0.01411951049692739,-0.024098218702498,0.0,UWaveGestureLibraryZ,HYDRA
1,0.05,random,linear_interpolation,0,0,0,0.5859141114544318,,-0.0027403643087164477,-0.004677067129936233,0.0,UWaveGestureLibraryZ,HYDRA
1,0.1,top,linear_interpolation,0,0,0,0.5859141114544318,0.5082809574835913,0.07763315397084058,0.13249897886765516,0.0,UWaveGestureLibraryZ,HYDRA
1,0.1,bottom,linear_interpolation,0,0,0,0.5859141114544318,0.5871702816133194,-0.0012561701588875707,-0.0021439456575362047,0.0,UWaveGestureLibraryZ,HYDRA
1,0.1,random,linear_interpolation,0,0,0,0.5859141114544318,,0.1424587519685247,0.24313889364432972,0.0,UWaveGestureLibraryZ,HYDRA
1,0.2,top,linear_interpolation,0,0,0,0.5859141114544318,0.5982039455582445,-0.01228983410381268,-0.02097545167132712,0.0,UWaveGestureLibraryZ,HYDRA
1,0.2,bottom,linear_interpolation,0,0,0,0.5859141114544318,0.7189600862020399,-0.13304597474760804,-0.227073806677122,0.0,UWaveGestureLibraryZ,HYDRA
1,0.2,random,linear_interpolation,0,0,1,0.5859141114544318,,0.20397469986211042,0.2848441859617873,0.2,UWaveGestureLibraryZ,HYDRA
2,0.05,top,linear_interpolation,3,3,3,-0.11404242811548271,-0.11404242431884459,-3.796638115005635e-09,-3.329116090022374e-08,0.0,UWaveGestureLibraryZ,HYDRA
2,0.05,bottom,linear_interpolation,3,3,3,-0.11404242811548271,0.015360728235988441,-0.12940315635147115,-1.0,0.0,UWaveGestureLibraryZ,HYDRA
2,0.05,random,linear_interpolation,3,3,3,-0.11404242811548271,,0.01438073024117823,0.1260987193985085,0.0,UWaveGestureLibraryZ,HYDRA
2,0.1,top,linear_interpolation,3,3,3,-0.11404242811548271,-0.11404241665770598,-1.1457776727397118e-08,-1.0046854007049611e-07,0.0,UWaveGestureLibraryZ,HYDRA
2,0.1,bottom,linear_interpolation,3,3,3,-0.11404242811548271,-0.19105008706640203,0.07700765895091932,0.6752485454307792,0.0,UWaveGestureLibraryZ,HYDRA
2,0.1,random,linear_interpolation,3,3,3,-0.11404242811548271,,0.058275987753478045,0.5109982110890825,0.0,UWaveGestureLibraryZ,HYDRA
2,0.2,top,linear_interpolation,3,3,3,-0.11404242811548271,-0.15321888283803942,0.03917645472255671,0.3435222473572596,0.0,UWaveGestureLibraryZ,HYDRA
2,0.2,bottom,linear_interpolation,3,3,3,-0.11404242811548271,-0.2183865980397212,0.1043441699242385,0.9149511870037567,0.0,UWaveGestureLibraryZ,HYDRA
2,0.2,random,linear_interpolation,3,3,3,-0.11404242811548271,,0.05771854459720831,0.21624071884849516,0.2,UWaveGestureLibraryZ,HYDRA
3,0.05,top,linear_interpolation,3,3,3,0.04959789776021839,-0.0026702413612638143,0.052268139121482204,1.0,0.0,UWaveGestureLibraryZ,HYDRA
3,0.05,bottom,linear_interpolation,3,3,3,0.04959789776021839,-0.04267999805428435,0.09227789581450274,1.0,0.0,UWaveGestureLibraryZ,HYDRA
3,0.05,random,linear_interpolation,3,3,3,0.04959789776021839,,-0.0031524181699746244,0.051717068659419274,0.0,UWaveGestureLibraryZ,HYDRA
3,0.1,top,linear_interpolation,3,3,3,0.04959789776021839,0.04959791257505419,-1.4814835802567927e-08,-2.9869284342141993e-07,0.0,UWaveGestureLibraryZ,HYDRA
3,0.1,bottom,linear_interpolation,3,3,3,0.04959789776021839,-0.14981691641526196,0.19941481417548035,1.0,0.0,UWaveGestureLibraryZ,HYDRA
3,0.1,random,linear_interpolation,3,3,3,0.04959789776021839,,0.06448052513965,0.6786266102266478,0.0,UWaveGestureLibraryZ,HYDRA
3,0.2,top,linear_interpolation,3,3,3,0.04959789776021839,0.06010578111478748,-0.010507883354569092,-0.2118571949999484,0.0,UWaveGestureLibraryZ,HYDRA
3,0.2,bottom,linear_interpolation,3,3,3,0.04959789776021839,0.41881421785124184,-0.36921632009102345,-1.0,0.0,UWaveGestureLibraryZ,HYDRA
3,0.2,random,linear_interpolation,3,3,3,0.04959789776021839,,0.10059083678574725,0.5973692218009253,0.0,UWaveGestureLibraryZ,HYDRA
4,0.05,top,linear_interpolation,4,4,4,0.4431294889201256,0.44312947771636924,1.1203756367095252e-08,2.5283199073929515e-08,0.0,UWaveGestureLibraryZ,HYDRA
4,0.05,bottom,linear_interpolation,4,4,4,0.4431294889201256,0.41526601363140125,0.02786347528872435,0.06287871402535507,0.0,UWaveGestureLibraryZ,HYDRA
4,0.05,random,linear_interpolation,4,4,4,0.4431294889201256,,-0.02130401061232865,-0.04807615622261709,0.0,UWaveGestureLibraryZ,HYDRA
4,0.1,top,linear_interpolation,4,4,4,0.4431294889201256,0.4431294753310111,1.3589114500334176e-08,3.06661690858821e-08,0.0,UWaveGestureLibraryZ,HYDRA
4,0.1,bottom,linear_interpolation,4,4,4,0.4431294889201256,0.5353103222255038,-0.09218083330537818,-0.20802187078125833,0.0,UWaveGestureLibraryZ,HYDRA
4,0.1,random,linear_interpolation,4,4,4,0.4431294889201256,,0.01412040362580047,0.03186511417937139,0.0,UWaveGestureLibraryZ,HYDRA
4,0.2,top,linear_interpolation,4,4,4,0.4431294889201256,0.4431294752940078,1.3626117789655723e-08,3.074967335888241e-08,0.0,UWaveGestureLibraryZ,HYDRA
4,0.2,bottom,linear_interpolation,4,4,4,0.4431294889201256,0.690965828092686,-0.24783633917256043,-0.559285233964646,0.0,UWaveGestureLibraryZ,HYDRA
4,0.2,random,linear_interpolation,4,4,4,0.4431294889201256,,-0.20729857446652514,-0.46780481065903545,0.0,UWaveGestureLibraryZ,HYDRA
5,0.05,top,linear_interpolation,3,3,3,0.7538044687781075,0.7538044609779168,7.80019071555671e-09,1.0347750233492665e-08,0.0,UWaveGestureLibraryZ,HYDRA
5,0.05,bottom,linear_interpolation,3,3,3,0.7538044687781075,0.781874768753733,-0.02807029997562549,-0.03723812195356777,0.0,UWaveGestureLibraryZ,HYDRA
5,0.05,random,linear_interpolation,3,3,3,0.7538044687781075,,0.11096454786961418,0.147205814319023,0.0,UWaveGestureLibraryZ,HYDRA
5,0.1,top,linear_interpolation,3,3,3,0.7538044687781075,0.7538044628601609,5.91794657722744e-09,7.850761001800936e-09,0.0,UWaveGestureLibraryZ,HYDRA
5,0.1,bottom,linear_interpolation,3,3,3,0.7538044687781075,0.8411613372386947,-0.08735686846058721,-0.11588781466681274,0.0,UWaveGestureLibraryZ,HYDRA
5,0.1,random,linear_interpolation,3,3,3,0.7538044687781075,,0.045062281907055635,0.059779722718249884,0.0,UWaveGestureLibraryZ,HYDRA
5,0.2,top,linear_interpolation,3,3,3,0.7538044687781075,0.7538044699822505,-1.2041430075271364e-09,-1.5974187736777905e-09,0.0,UWaveGestureLibraryZ,HYDRA
5,0.2,bottom,linear_interpolation,3,3,3,0.7538044687781075,0.3968458085594798,0.35695866021862765,0.4735421471500402,0.0,UWaveGestureLibraryZ,HYDRA
5,0.2,random,linear_interpolation,3,3,3,0.7538044687781075,,0.22334536730769644,0.29629045762924955,0.0,UWaveGestureLibraryZ,HYDRA
6,0.05,top,linear_interpolation,5,5,5,0.23506118868771708,0.2140879872081598,0.02097320147955728,0.08922405426684947,0.0,UWaveGestureLibraryZ,HYDRA
6,0.05,bottom,linear_interpolation,5,5,5,0.23506118868771708,0.23506119382780233,-5.140085246324588e-09,-2.1866916474402666e-08,0.0,UWaveGestureLibraryZ,HYDRA
6,0.05,random,linear_interpolation,5,5,5,0.23506118868771708,,-0.012050297215092477,-0.05126429428044439,0.0,UWaveGestureLibraryZ,HYDRA
6,0.1,top,linear_interpolation,5,5,5,0.23506118868771708,0.2727758232005052,-0.037714634512788114,-0.16044534734972818,0.0,UWaveGestureLibraryZ,HYDRA
6,0.1,bottom,linear_interpolation,5,5,5,0.23506118868771708,0.4249940624413703,-0.1899328737536532,-0.8080111685081827,0.0,UWaveGestureLibraryZ,HYDRA
6,0.1,random,linear_interpolation,5,5,5,0.23506118868771708,,-0.12025036594527436,-0.5115683071641455,0.0,UWaveGestureLibraryZ,HYDRA
6,0.2,top,linear_interpolation,5,5,5,0.23506118868771708,0.1413775340070107,0.09368365468070639,0.3985483807655949,0.0,UWaveGestureLibraryZ,HYDRA
6,0.2,bottom,linear_interpolation,5,5,5,0.23506118868771708,0.5205147519857544,-0.2854535632980373,-1.0,0.0,UWaveGestureLibraryZ,HYDRA
6,0.2,random,linear_interpolation,5,5,5,0.23506118868771708,,-0.029376933673218298,-0.06920975828132234,0.0,UWaveGestureLibraryZ,HYDRA
7,0.05,top,linear_interpolation,1,1,1,0.13443971900790874,0.11165586754761214,0.0227838514602966,0.16947135978167668,0.0,UWaveGestureLibraryZ,HYDRA
7,0.05,bottom,linear_interpolation,1,1,1,0.13443971900790874,0.10644283828703771,0.02799688072087103,0.20824703205599532,0.0,UWaveGestureLibraryZ,HYDRA
7,0.05,random,linear_interpolation,1,1,1,0.13443971900790874,,0.020407720953318397,0.1517971720466466,0.0,UWaveGestureLibraryZ,HYDRA
7,0.1,top,linear_interpolation,1,1,1,0.13443971900790874,0.07803032607438232,0.056409392933526425,0.41958562368450314,0.0,UWaveGestureLibraryZ,HYDRA
7,0.1,bottom,linear_interpolation,1,1,1,0.13443971900790874,0.13594308220026174,-0.0015033631923530022,-0.011182350135040292,0.0,UWaveGestureLibraryZ,HYDRA
7,0.1,random,linear_interpolation,1,1,1,0.13443971900790874,,0.039124526014742964,0.29101693522214345,0.0,UWaveGestureLibraryZ,HYDRA
7,0.2,top,linear_interpolation,1,1,3,0.13443971900790874,-0.22505499662617912,0.35949471563408786,1.0,1.0,UWaveGestureLibraryZ,HYDRA
7,0.2,bottom,linear_interpolation,1,1,1,0.13443971900790874,0.16210120924799865,-0.027661490240089903,-0.20575232298826565,0.0,UWaveGestureLibraryZ,HYDRA
7,0.2,random,linear_interpolation,1,1,1,0.13443971900790874,,0.2722085663078312,0.6671112747437552,0.0,UWaveGestureLibraryZ,HYDRA
8,0.05,top,linear_interpolation,1,1,1,1.3181866300983924,1.307959721594897,0.010226908503495391,0.0077583101752608866,0.0,UWaveGestureLibraryZ,HYDRA
8,0.05,bottom,linear_interpolation,1,1,1,1.3181866300983924,1.2496685894484858,0.06851804064990663,0.05197897407426915,0.0,UWaveGestureLibraryZ,HYDRA
8,0.05,random,linear_interpolation,1,1,1,1.3181866300983924,,0.02064782226174744,0.015663796101778198,0.0,UWaveGestureLibraryZ,HYDRA
8,0.1,top,linear_interpolation,1,1,1,1.3181866300983924,1.2654556829639163,0.052730947134476125,0.040002611108207846,0.0,UWaveGestureLibraryZ,HYDRA
8,0.1,bottom,linear_interpolation,1,1,1,1.3181866300983924,1.192460695334757,0.12572593476363547,0.09537787481304996,0.0,UWaveGestureLibraryZ,HYDRA
8,0.1,random,linear_interpolation,1,1,1,1.3181866300983924,,0.16119249822790788,0.12228342502036385,0.0,UWaveGestureLibraryZ,HYDRA
8,0.2,top,linear_interpolation,1,1,1,1.3181866300983924,0.6791421488638637,0.6390444812345287,0.4847902276148875,0.0,UWaveGestureLibraryZ,HYDRA
8,0.2,bottom,linear_interpolation,1,1,1,1.3181866300983924,1.116937647375745,0.20124898272264735,0.15267096893302337,0.0,UWaveGestureLibraryZ,HYDRA
8,0.2,random,linear_interpolation,1,1,1,1.3181866300983924,,0.5741714071911954,0.4355763884298763,0.0,UWaveGestureLibraryZ,HYDRA
9,0.05,top,linear_interpolation,0,0,0,-0.07863981603184722,-0.10620023177258242,0.0275604157407352,0.3504594322822647,0.0,UWaveGestureLibraryZ,HYDRA
9,0.05,bottom,linear_interpolation,0,0,0,-0.07863981603184722,-0.07863980644765567,-9.584191551503807e-09,-1.218729921065734e-07,0.0,UWaveGestureLibraryZ,HYDRA
9,0.05,random,linear_interpolation,0,0,0,-0.07863981603184722,,0.025066026284693853,0.318740668643912,0.0,UWaveGestureLibraryZ,HYDRA
9,0.1,top,linear_interpolation,0,0,0,-0.07863981603184722,-0.17175501780165103,0.09311520176980381,1.0,0.0,UWaveGestureLibraryZ,HYDRA
9,0.1,bottom,linear_interpolation,0,0,0,-0.07863981603184722,-0.07863980594762865,-1.008421857129349e-08,-1.282313572027238e-07,0.0,UWaveGestureLibraryZ,HYDRA
9,0.1,random,linear_interpolation,0,0,0,-0.07863981603184722,,0.09720966344714962,0.6064149113630194,0.0,UWaveGestureLibraryZ,HYDRA
9,0.2,top,linear_interpolation,0,0,5,-0.07863981603184722,-0.8004113793366946,0.7217715633048474,1.0,1.0,UWaveGestureLibraryZ,HYDRA
9,0.2,bottom,linear_interpolation,0,0,0,-0.07863981603184722,0.035945866616501676,-0.1145856826483489,-1.0,0.0,UWaveGestureLibraryZ,HYDRA
9,0.2,random,linear_interpolation,0,0,2,-0.07863981603184722,,0.04909612920513871,0.3015410620135119,0.4,UWaveGestureLibraryZ,HYDRA
10,0.05,top,linear_interpolation,1,1,1,0.5468404757882762,0.5117547383321132,0.03508573745616306,0.06416071020506756,0.0,UWaveGestureLibraryZ,HYDRA
10,0.05,bottom,linear_interpolation,1,1,1,0.5468404757882762,0.5602295505152158,-0.01338907472693962,-0.02448438042787293,0.0,UWaveGestureLibraryZ,HYDRA
10,0.05,random,linear_interpolation,1,1,1,0.5468404757882762,,0.0021573352103886555,0.003945083366763358,0.0,UWaveGestureLibraryZ,HYDRA
10,0.1,top,linear_interpolation,1,1,1,0.5468404757882762,0.3163100158243729,0.2305304599639033,0.42156725517498805,0.0,UWaveGestureLibraryZ,HYDRA
10,0.1,bottom,linear_interpolation,1,1,1,0.5468404757882762,0.5853006880075874,-0.038460212219311174,-0.07033155662501729,0.0,UWaveGestureLibraryZ,HYDRA
10,0.1,random,linear_interpolation,1,1,1,0.5468404757882762,,0.09531073127591197,0.1742931644651145,0.0,UWaveGestureLibraryZ,HYDRA
10,0.2,top,linear_interpolation,1,1,3,0.5468404757882762,-0.587325321182508,1.1341657969707843,1.0,1.0,UWaveGestureLibraryZ,HYDRA
10,0.2,bottom,linear_interpolation,1,1,1,0.5468404757882762,-0.03835938772022929,0.5851998635085055,1.0,0.0,UWaveGestureLibraryZ,HYDRA
10,0.2,random,linear_interpolation,1,1,1,0.5468404757882762,,0.3664216560332739,0.6674346207375944,0.0,UWaveGestureLibraryZ,HYDRA
11,0.05,top,linear_interpolation,3,3,3,0.34364005940283937,0.20646116310696327,0.1371788962958761,0.39919239142801527,0.0,UWaveGestureLibraryZ,HYDRA
11,0.05,bottom,linear_interpolation,3,3,3,0.34364005940283937,0.33474316786589686,0.008896891536942508,0.025890071321520894,0.0,UWaveGestureLibraryZ,HYDRA
11,0.05,random,linear_interpolation,3,3,3,0.34364005940283937,,0.05333870916549495,0.1552163448051989,0.0,UWaveGestureLibraryZ,HYDRA
11,0.1,top,linear_interpolation,3,3,3,0.34364005940283937,0.243574221113666,0.10006583828917337,0.2911929047799536,0.0,UWaveGestureLibraryZ,HYDRA
11,0.1,bottom,linear_interpolation,3,3,3,0.34364005940283937,0.28703007108854395,0.05660998831429542,0.16473581012894434,0.0,UWaveGestureLibraryZ,HYDRA
11,0.1,random,linear_interpolation,3,3,3,0.34364005940283937,,-0.06287157309415772,-0.18295710414643845,0.0,UWaveGestureLibraryZ,HYDRA
11,0.2,top,linear_interpolation,3,3,2,0.34364005940283937,-0.08263689692610054,0.4262769563289399,1.0,1.0,UWaveGestureLibraryZ,HYDRA
11,0.2,bottom,linear_interpolation,3,3,3,0.34364005940283937,0.6399683095111132,-0.2963282501082738,-0.8623191030292388,0.0,UWaveGestureLibraryZ,HYDRA
11,0.2,random,linear_interpolation,3,3,3,0.34364005940283937,,0.24915307703782016,0.4172318049672121,0.4,UWaveGestureLibraryZ,HYDRA
13,0.05,top,linear_interpolation,3,3,3,0.08575811079852469,0.08575812300514107,-1.2206616384347058e-08,-1.4233608850054736e-07,0.0,UWaveGestureLibraryZ,HYDRA
13,0.05,bottom,linear_interpolation,3,3,3,0.08575811079852469,-0.08535379841847468,0.17111190921699937,1.0,0.0,UWaveGestureLibraryZ,HYDRA
13,0.05,random,linear_interpolation,3,3,3,0.08575811079852469,,0.08579962738430784,0.7400733827067737,0.0,UWaveGestureLibraryZ,HYDRA
13,0.1,top,linear_interpolation,3,3,3,0.08575811079852469,0.08575813821587819,-2.7417353498648822e-08,-3.1970193304663415e-07,0.0,UWaveGestureLibraryZ,HYDRA
13,0.1,bottom,linear_interpolation,3,3,0,0.08575811079852469,0.012564163603710488,0.0731939471948142,0.8534830470289035,1.0,UWaveGestureLibraryZ,HYDRA
13,0.1,random,linear_interpolation,3,3,2,0.08575811079852469,,0.11233995023654024,0.6459818269521802,0.4,UWaveGestureLibraryZ,HYDRA
13,0.2,top,linear_interpolation,3,3,3,0.08575811079852469,0.10372097979176031,-0.017962868993235626,-0.2094572672918227,0.0,UWaveGestureLibraryZ,HYDRA
13,0.2,bottom,linear_interpolation,3,3,3,0.08575811079852469,-0.004467024958976662,0.09022513575750135,1.0,0.0,UWaveGestureLibraryZ,HYDRA
13,0.2,random,linear_interpolation,3,3,1,0.08575811079852469,,0.28632281220219946,1.0,0.8,UWaveGestureLibraryZ,HYDRA
15,0.05,top,linear_interpolation,0,0,0,1.1854424118091447,1.1437108091736872,0.0417316026354575,0.035203369658758754,0.0,UWaveGestureLibraryZ,HYDRA
15,0.05,bottom,linear_interpolation,0,0,0,1.1854424118091447,1.1957744669734063,-0.010332055164261611,-0.008715772563528375,0.0,UWaveGestureLibraryZ,HYDRA
15,0.05,random,linear_interpolation,0,0,0,1.1854424118091447,,-0.010502768565096599,-0.008859780619192927,0.0,UWaveGestureLibraryZ,HYDRA
15,0.1,top,linear_interpolation,0,0,0,1.1854424118091447,1.1029532561163404,0.08248915569280424,0.06958506401154552,0.0,UWaveGestureLibraryZ,HYDRA
15,0.1,bottom,linear_interpolation,0,0,0,1.1854424118091447,1.273980281275751,-0.08853786946660636,-0.07468755453411798,0.0,UWaveGestureLibraryZ,HYDRA
15,0.1,random,linear_interpolation,0,0,0,1.1854424118091447,,0.04637140627139393,0.03911735120331471,0.0,UWaveGestureLibraryZ,HYDRA
15,0.2,top,linear_interpolation,0,0,0,1.1854424118091447,1.0282529779674272,0.15718943384171746,0.1325996941531148,0.0,UWaveGestureLibraryZ,HYDRA
15,0.2,bottom,linear_interpolation,0,0,0,1.1854424118091447,0.5757754172044461,0.6096669946046985,0.5142944728793637,0.0,UWaveGestureLibraryZ,HYDRA
15,0.2,random,linear_interpolation,0,0,0,1.1854424118091447,,0.32936375557572556,0.2778401333160835,0.0,UWaveGestureLibraryZ,HYDRA
16,0.05,top,linear_interpolation,4,4,4,0.9009059189554482,0.8949333940125517,0.005972524942896573,0.006629458401564265,0.0,UWaveGestureLibraryZ,HYDRA
16,0.05,bottom,linear_interpolation,4,4,4,0.9009059189554482,0.9395027847310191,-0.038596865775570866,-0.0428422348230179,0.0,UWaveGestureLibraryZ,HYDRA
16,0.05,random,linear_interpolation,4,4,4,0.9009059189554482,,-0.0023216820967714826,-0.002577049912618435,0.0,UWaveGestureLibraryZ,HYDRA
16,0.1,top,linear_interpolation,4,4,4,0.9009059189554482,0.7993327091664224,0.10157320978902584,0.11274550972124218,0.0,UWaveGestureLibraryZ,HYDRA
16,0.1,bottom,linear_interpolation,4,4,4,0.9009059189554482,0.9766902747590256,-0.07578435580357734,-0.08412007301647223,0.0,UWaveGestureLibraryZ,HYDRA
16,0.1,random,linear_interpolation,4,4,4,0.9009059189554482,,0.013815212375768571,0.01533478330012888,0.0,UWaveGestureLibraryZ,HYDRA
16,0.2,top,linear_interpolation,4,4,4,0.9009059189554482,0.8897064758541122,0.011199443101336026,0.01243129880090294,0.0,UWaveGestureLibraryZ,HYDRA
16,0.2,bottom,linear_interpolation,4,4,4,0.9009059189554482,0.9761761190637894,-0.07527020010834118,-0.08354936400711942,0.0,UWaveGestureLibraryZ,HYDRA
16,0.2,random,linear_interpolation,4,4,4,0.9009059189554482,,0.008344507099566734,0.009262341007705576,0.0,UWaveGestureLibraryZ,HYDRA
17,0.05,top,linear_interpolation,5,5,5,0.036460366898010466,-0.005492495272750864,0.04195286217076133,1.0,0.0,UWaveGestureLibraryZ,HYDRA
17,0.05,bottom,linear_interpolation,5,5,5,0.036460366898010466,0.04704401843941863,-0.010583651541408168,-0.29027028994861054,0.0,UWaveGestureLibraryZ,HYDRA
17,0.05,random,linear_interpolation,5,5,5,0.036460366898010466,,-0.018498269806806668,-0.16953854379239752,0.0,UWaveGestureLibraryZ,HYDRA
17,0.1,top,linear_interpolation,5,5,5,0.036460366898010466,-0.014952747309217473,0.05141311420722794,1.0,0.0,UWaveGestureLibraryZ,HYDRA
17,0.1,bottom,linear_interpolation,5,5,5,0.036460366898010466,0.04008898483119849,-0.0036286179331880275,-0.09951952551142632,0.0,UWaveGestureLibraryZ,HYDRA
17,0.1,random,linear_interpolation,5,5,4,0.036460366898010466,,0.04816442507580019,0.4831620344495976,0.2,UWaveGestureLibraryZ,HYDRA
17,0.2,top,linear_interpolation,5,5,0,0.036460366898010466,-0.23214978716868773,0.2686101540666982,1.0,1.0,UWaveGestureLibraryZ,HYDRA
17,0.2,bottom,linear_interpolation,5,5,0,0.036460366898010466,-0.1819062961108976,0.21836666300890806,1.0,1.0,UWaveGestureLibraryZ,HYDRA
17,0.2,random,linear_interpolation,5,5,3,0.036460366898010466,,0.14990923414081073,1.0,0.4,UWaveGestureLibraryZ,HYDRA
18,0.05,top,linear_interpolation,3,3,3,0.23254989543015048,0.3479801263592045,-0.11543023092905402,-0.4963654546052905,0.0,UWaveGestureLibraryZ,HYDRA
18,0.05,bottom,linear_interpolation,3,3,3,0.23254989543015048,0.25616702521082024,-0.023617129780669766,-0.10155682151636118,0.0,UWaveGestureLibraryZ,HYDRA
18,0.05,random,linear_interpolation,3,3,3,0.23254989543015048,,0.05638136888537735,0.24244743836005647,0.0,UWaveGestureLibraryZ,HYDRA
18,0.1,top,linear_interpolation,3,3,3,0.23254989543015048,0.3533126589209207,-0.1207627634907702,-0.5192960589009763,0.0,UWaveGestureLibraryZ,HYDRA
18,0.1,bottom,linear_interpolation,3,3,3,0.23254989543015048,0.22823601487511336,0.0043138805550371195,0.01855026422090405,0.0,UWaveGestureLibraryZ,HYDRA
18,0.1,random,linear_interpolation,3,3,3,0.23254989543015048,,-0.00596795450148504,-0.025663003749979502,0.0,UWaveGestureLibraryZ,HYDRA
18,0.2,top,linear_interpolation,3,3,3,0.23254989543015048,0.07193377050473393,0.16061612492541655,0.6906708513348192,0.0,UWaveGestureLibraryZ,HYDRA
18,0.2,bottom,linear_interpolation,3,3,3,0.23254989543015048,0.09434431681736899,0.1382055786127815,0.5943025003500502,0.0,UWaveGestureLibraryZ,HYDRA
18,0.2,random,linear_interpolation,3,3,3,0.23254989543015048,,0.1406108197505302,0.3879264989271458,0.0,UWaveGestureLibraryZ,HYDRA
19,0.05,top,linear_interpolation,2,2,2,0.059421701592988985,0.059421700054706816,1.5382821683118664e-09,2.5887112619823418e-08,0.0,UWaveGestureLibraryZ,HYDRA
19,0.05,bottom,linear_interpolation,2,2,2,0.059421701592988985,-0.10280549869794853,0.1622272002909375,1.0,0.0,UWaveGestureLibraryZ,HYDRA
19,0.05,random,linear_interpolation,2,2,2,0.059421701592988985,,-0.023675700837260005,-0.16404164615633898,0.0,UWaveGestureLibraryZ,HYDRA
19,0.1,top,linear_interpolation,2,2,2,0.059421701592988985,0.05942169090209393,1.0690895058118599e-08,1.7991263896658594e-07,0.0,UWaveGestureLibraryZ,HYDRA
19,0.1,bottom,linear_interpolation,2,2,2,0.059421701592988985,-0.1250032040519461,0.18442490564493508,1.0,0.0,UWaveGestureLibraryZ,HYDRA
19,0.1,random,linear_interpolation,2,2,2,0.059421701592988985,,-0.03199634361130273,-0.015692194147587202,0.0,UWaveGestureLibraryZ,HYDRA
19,0.2,top,linear_interpolation,2,2,2,0.059421701592988985,0.07076025610229175,-0.011338554509302767,-0.19081183125878867,0.0,UWaveGestureLibraryZ,HYDRA
19,0.2,bottom,linear_interpolation,2,2,2,0.059421701592988985,-0.14562349719302015,0.20504519878600913,1.0,0.0,UWaveGestureLibraryZ,HYDRA
19,0.2,random,linear_interpolation,2,2,2,0.059421701592988985,,0.06979154547941388,0.011044309430386279,0.0,UWaveGestureLibraryZ,HYDRA
20,0.05,top,linear_interpolation,1,1,1,0.7868108992010973,0.7826412965181219,0.004169602682975393,0.0052993640375915375,0.0,UWaveGestureLibraryZ,HYDRA
20,0.05,bottom,linear_interpolation,1,1,1,0.7868108992010973,0.7828598703717448,0.003951028829352499,0.005021567204771868,0.0,UWaveGestureLibraryZ,HYDRA
20,0.05,random,linear_interpolation,1,1,1,0.7868108992010973,,0.024769808562015872,0.031481232791682884,0.0,UWaveGestureLibraryZ,HYDRA
20,0.1,top,linear_interpolation,1,1,1,0.7868108992010973,0.6669695989360788,0.11984130026501849,0.15231251635454596,0.0,UWaveGestureLibraryZ,HYDRA
20,0.1,bottom,linear_interpolation,1,1,1,0.7868108992010973,0.7215137688692689,0.06529713033182838,0.08298950536732976,0.0,UWaveGestureLibraryZ,HYDRA
20,0.1,random,linear_interpolation,1,1,1,0.7868108992010973,,0.10953810647728188,0.1392176536583944,0.0,UWaveGestureLibraryZ,HYDRA
20,0.2,top,linear_interpolation,1,1,1,0.7868108992010973,-0.10822568712735103,0.8950365863284483,1.0,0.0,UWaveGestureLibraryZ,HYDRA
20,0.2,bottom,linear_interpolation,1,1,1,0.7868108992010973,0.5079853863375149,0.27882551286358237,0.35437378761898813,0.0,UWaveGestureLibraryZ,HYDRA
20,0.2,random,linear_interpolation,1,1,1,0.7868108992010973,,0.4483228353108769,0.524552862304049,0.0,UWaveGestureLibraryZ,HYDRA
22,0.05,top,linear_interpolation,1,1,1,0.945349805705148,0.957887310287134,-0.012537504581985992,-0.013262277353890996,0.0,UWaveGestureLibraryZ,HYDRA
22,0.05,bottom,linear_interpolation,1,1,1,0.945349805705148,0.97005002321076,-0.02470021750561191,-0.026128096952525187,0.0,UWaveGestureLibraryZ,HYDRA
22,0.05,random,linear_interpolation,1,1,1,0.945349805705148,,0.04105265786081369,0.04342584531907395,0.0,UWaveGestureLibraryZ,HYDRA
22,0.1,top,linear_interpolation,1,1,1,0.945349805705148,0.8708287407584802,0.07452106494666788,0.07882900664698937,0.0,UWaveGestureLibraryZ,HYDRA
22,0.1,bottom,linear_interpolation,1,1,1,0.945349805705148,0.8981713360501841,0.04717846965496397,0.04990578034127025,0.0,UWaveGestureLibraryZ,HYDRA
22,0.1,random,linear_interpolation,1,1,1,0.945349805705148,,0.051181277640037146,0.05413998415314243,0.0,UWaveGestureLibraryZ,HYDRA
22,0.2,top,linear_interpolation,1,1,1,0.945349805705148,0.5469668375869695,0.3983829681181785,0.42141284030643006,0.0,UWaveGestureLibraryZ,HYDRA
22,0.2,bottom,linear_interpolation,1,1,1,0.945349805705148,0.9077501392349369,0.03759966647021118,0.03977324210578649,0.0,UWaveGestureLibraryZ,HYDRA
22,0.2,random,linear_interpolation,1,1,1,0.945349805705148,,0.276861830822791,0.2928667634828709,0.0,UWaveGestureLibraryZ,HYDRA
23,0.05,top,linear_interpolation,5,5,5,0.7023044516879245,0.7173159778620349,-0.01501152617411039,-0.021374639963325944,0.0,UWaveGestureLibraryZ,HYDRA
23,0.05,bottom,linear_interpolation,5,5,5,0.7023044516879245,0.6707985590354156,0.031505892652508916,0.04486066935232738,0.0,UWaveGestureLibraryZ,HYDRA
23,0.05,random,linear_interpolation,5,5,5,0.7023044516879245,,-0.06495742769900673,-0.09249170363534513,0.0,UWaveGestureLibraryZ,HYDRA
23,0.1,top,linear_interpolation,5,5,5,0.7023044516879245,0.6171899800599369,0.08511447162798769,0.12119295304261575,0.0,UWaveGestureLibraryZ,HYDRA
23,0.1,bottom,linear_interpolation,5,5,5,0.7023044516879245,0.7164705070247631,-0.014166055336838568,-0.020170789366353054,0.0,UWaveGestureLibraryZ,HYDRA
23,0.1,random,linear_interpolation,5,5,5,0.7023044516879245,,0.06639754647025616,0.09454226264465973,0.0,UWaveGestureLibraryZ,HYDRA
23,0.2,top,linear_interpolation,5,5,5,0.7023044516879245,0.4544828981477983,0.24782155354012625,0.3528686171302111,0.0,UWaveGestureLibraryZ,HYDRA
23,0.2,bottom,linear_interpolation,5,5,5,0.7023044516879245,0.7159252545563007,-0.013620802868376192,-0.019394414261828502,0.0,UWaveGestureLibraryZ,HYDRA
23,0.2,random,linear_interpolation,5,5,5,0.7023044516879245,,0.1559216788159384,0.22201405163692725,0.0,UWaveGestureLibraryZ,HYDRA
24,0.05,top,linear_interpolation,2,2,2,0.16348708763744713,0.16348709716562104,-9.528173916528715e-09,-5.8280539299343276e-08,0.0,UWaveGestureLibraryZ,HYDRA
24,0.05,bottom,linear_interpolation,2,2,2,0.16348708763744713,0.19602476283416959,-0.03253767519672246,-0.1990216881665308,0.0,UWaveGestureLibraryZ,HYDRA
24,0.05,random,linear_interpolation,2,2,2,0.16348708763744713,,0.0018662635083310786,0.011415287409011257,0.0,UWaveGestureLibraryZ,HYDRA
24,0.1,top,linear_interpolation,2,2,2,0.16348708763744713,0.06163252920784967,0.10185455842959745,0.6230090516164772,0.0,UWaveGestureLibraryZ,HYDRA
24,0.1,bottom,linear_interpolation,2,2,2,0.16348708763744713,0.09346754200556706,0.07001954563188006,0.4282853059432448,0.0,UWaveGestureLibraryZ,HYDRA
24,0.1,random,linear_interpolation,2,2,2,0.16348708763744713,,0.014839938458195001,0.09077076301182385,0.0,UWaveGestureLibraryZ,HYDRA
24,0.2,top,linear_interpolation,2,2,3,0.16348708763744713,-0.3083827966692491,0.47186988430669624,1.0,1.0,UWaveGestureLibraryZ,HYDRA
24,0.2,bottom,linear_interpolation,2,2,2,0.16348708763744713,0.051939756365005696,0.11154733127244143,0.6822963855312195,0.0,UWaveGestureLibraryZ,HYDRA
24,0.2,random,linear_interpolation,2,2,2,0.16348708763744713,,0.16863367038748278,0.7096608922733163,0.2,UWaveGestureLibraryZ,HYDRA
26,0.05,top,linear_interpolation,0,0,0,0.6486057221708831,0.627557177676158,0.02104854449472504,0.03245193701396692,0.0,UWaveGestureLibraryZ,HYDRA
26,0.05,bottom,linear_interpolation,0,0,0,0.6486057221708831,0.6541839773751105,-0.005578255204227389,-0.008600366005392296,0.0,UWaveGestureLibraryZ,HYDRA
26,0.05,random,linear_interpolation,0,0,0,0.6486057221708831,,0.021738071987723685,0.03351502728027005,0.0,UWaveGestureLibraryZ,HYDRA
26,0.1,top,linear_interpolation,0,0,0,0.6486057221708831,0.7433743729820023,-0.09476865081111918,-0.14611111413389155,0.0,UWaveGestureLibraryZ,HYDRA
26,0.1,bottom,linear_interpolation,0,0,0,0.6486057221708831,0.5227131123804328,0.12589260979045025,0.19409698587317809,0.0,UWaveGestureLibraryZ,HYDRA
26,0.1,random,linear_interpolation,0,0,0,0.6486057221708831,,-0.021704313207411775,-0.0334629791297376,0.0,UWaveGestureLibraryZ,HYDRA
26,0.2,top,linear_interpolation,0,0,0,0.6486057221708831,-0.0789381758735831,0.7275438980444662,1.0,0.0,UWaveGestureLibraryZ,HYDRA
26,0.2,bottom,linear_interpolation,0,0,0,0.6486057221708831,0.09139341699002435,0.5572123051808587,0.8590911659316022,0.0,UWaveGestureLibraryZ,HYDRA
26,0.2,random,linear_interpolation,0,0,0,0.6486057221708831,,0.49129393954757516,0.6854636121508527,0.0,UWaveGestureLibraryZ,HYDRA
30,0.05,top,linear_interpolation,4,4,4,0.8287466038093272,0.8269873214140699,0.0017592823952572445,0.002122820491028543,0.0,UWaveGestureLibraryZ,HYDRA
30,0.05,bottom,linear_interpolation,4,4,4,0.8287466038093272,0.8287466037502127,5.911449107998124e-11,7.132990889899683e-11,0.0,UWaveGestureLibraryZ,HYDRA
30,0.05,random,linear_interpolation,4,4,4,0.8287466038093272,,-0.02527469686559063,-0.030497459961773433,0.0,UWaveGestureLibraryZ,HYDRA
30,0.1,top,linear_interpolation,4,4,4,0.8287466038093272,0.8538798120446307,-0.025133208235303517,-0.03032673412240236,0.0,UWaveGestureLibraryZ,HYDRA
30,0.1,bottom,linear_interpolation,4,4,4,0.8287466038093272,0.9386402475694151,-0.10989364376008792,-0.13260206515827408,0.0,UWaveGestureLibraryZ,HYDRA
30,0.1,random,linear_interpolation,4,4,4,0.8287466038093272,,-0.004043067871473483,-0.004878527374184341,0.0,UWaveGestureLibraryZ,HYDRA
30,0.2,top,linear_interpolation,4,4,4,0.8287466038093272,0.8638820511489449,-0.03513544733961771,-0.042395835810707744,0.0,UWaveGestureLibraryZ,HYDRA
30,0.2,bottom,linear_interpolation,4,4,4,0.8287466038093272,0.8488925880897902,-0.020145984280462992,-0.024308950261650527,0.0,UWaveGestureLibraryZ,HYDRA
30,0.2,random,linear_interpolation,4,4,4,0.8287466038093272,,-0.10471343465086047,-0.12635141769284952,0.0,UWaveGestureLibraryZ,HYDRA
32,0.05,top,linear_interpolation,4,4,4,0.20323253125482554,0.2032325266143562,4.640469342120923e-09,2.283318758213399e-08,0.0,UWaveGestureLibraryZ,HYDRA
32,0.05,bottom,linear_interpolation,4,4,4,0.20323253125482554,0.2403386415190969,-0.03710611026427135,-0.18257868194862806,0.0,UWaveGestureLibraryZ,HYDRA
32,0.05,random,linear_interpolation,4,4,4,0.20323253125482554,,-0.0014168492946038391,-0.0069715331218022,0.0,UWaveGestureLibraryZ,HYDRA
32,0.1,top,linear_interpolation,4,4,4,0.20323253125482554,0.20323251763485994,1.3619965599787065e-08,6.701633099466048e-08,0.0,UWaveGestureLibraryZ,HYDRA
32,0.1,bottom,linear_interpolation,4,4,4,0.20323253125482554,0.21469671194542794,-0.011464180690602399,-0.05640890368739383,0.0,UWaveGestureLibraryZ,HYDRA
32,0.1,random,linear_interpolation,4,4,4,0.20323253125482554,,-0.0507188274076404,-0.2495593472912022,0.0,UWaveGestureLibraryZ,HYDRA
32,0.2,top,linear_interpolation,4,4,4,0.20323253125482554,0.20323252024378635,1.1011039191544114e-08,5.4179244554570374e-08,0.0,UWaveGestureLibraryZ,HYDRA
32,0.2,bottom,linear_interpolation,4,4,4,0.20323253125482554,0.4205034322301777,-0.21727090097535218,-1.0,0.0,UWaveGestureLibraryZ,HYDRA
32,0.2,random,linear_interpolation,4,4,4,0.20323253125482554,,-0.28273617182239563,-1.0,0.0,UWaveGestureLibraryZ,HYDRA
34,0.05,top,linear_interpolation,6,6,6,0.5413722787463324,0.3653316189042677,0.17604065984206474,0.325174268389687,0.0,UWaveGestureLibraryZ,HYDRA
34,0.05,bottom,linear_interpolation,6,6,6,0.5413722787463324,0.5413722571555857,2.1590746746014133e-08,3.988144150005372e-08,0.0,UWaveGestureLibraryZ,HYDRA
34,0.05,random,linear_interpolation,6,6,6,0.5413722787463324,,0.05883543846990884,0.10867813536374586,0.0,UWaveGestureLibraryZ,HYDRA
34,0.1,top,linear_interpolation,6,6,6,0.5413722787463324,0.40989442576576174,0.1314778529805707,0.24285988640783351,0.0,UWaveGestureLibraryZ,HYDRA
34,0.1,bottom,linear_interpolation,6,6,6,0.5413722787463324,0.533969212546491,0.007403066199841435,0.013674605841250319,0.0,UWaveGestureLibraryZ,HYDRA
34,0.1,random,linear_interpolation,6,6,6,0.5413722787463324,,0.030322723938691933,0.056010751045767894,0.0,UWaveGestureLibraryZ,HYDRA
34,0.2,top,linear_interpolation,6,6,6,0.5413722787463324,-0.0147731171909955,0.5561453959373279,1.0,0.0,UWaveGestureLibraryZ,HYDRA
34,0.2,bottom,linear_interpolation,6,6,6,0.5413722787463324,0.3663054991889174,0.175066779557415,0.32337536119776766,0.0,UWaveGestureLibraryZ,HYDRA
34,0.2,random,linear_interpolation,6,6,6,0.5413722787463324,,0.2537814361953607,0.46877348062513696,0.0,UWaveGestureLibraryZ,HYDRA
35,0.05,top,linear_interpolation,1,1,1,0.7479914192676976,0.732978287009367,0.015013132258330675,0.02007123584625214,0.0,UWaveGestureLibraryZ,HYDRA
35,0.05,bottom,linear_interpolation,1,1,1,0.7479914192676976,0.7363718816656631,0.011619537602034491,0.01553429861416282,0.0,UWaveGestureLibraryZ,HYDRA
35,0.05,random,linear_interpolation,1,1,1,0.7479914192676976,,0.002898513945446357,0.003875057916073629,0.0,UWaveGestureLibraryZ,HYDRA
35,0.1,top,linear_interpolation,1,1,1,0.7479914192676976,0.5985020189914286,0.149489400276269,0.19985416486255658,0.0,UWaveGestureLibraryZ,HYDRA
35,0.1,bottom,linear_interpolation,1,1,1,0.7479914192676976,0.73929835476245,0.00869306450524765,0.01162186177469334,0.0,UWaveGestureLibraryZ,HYDRA
35,0.1,random,linear_interpolation,1,1,1,0.7479914192676976,,0.05375368396197886,0.07186394217016931,0.0,UWaveGestureLibraryZ,HYDRA
35,0.2,top,linear_interpolation,1,1,0,0.7479914192676976,-0.3835125386915106,1.1315039579592083,1.0,1.0,UWaveGestureLibraryZ,HYDRA
35,0.2,bottom,linear_interpolation,1,1,1,0.7479914192676976,0.6487038510286313,0.09928756823906637,0.13273873595707195,0.0,UWaveGestureLibraryZ,HYDRA
35,0.2,random,linear_interpolation,1,1,1,0.7479914192676976,,0.2618581119010651,0.31977045788232306,0.0,UWaveGestureLibraryZ,HYDRA
37,0.05,top,linear_interpolation,6,6,6,0.16746855183946774,0.11758829958868544,0.0498802522507823,0.2978466933415831,0.0,UWaveGestureLibraryZ,HYDRA
37,0.05,bottom,linear_interpolation,6,6,6,0.16746855183946774,0.18573476292573232,-0.018266211086264583,-0.10907183356992638,0.0,UWaveGestureLibraryZ,HYDRA
37,0.05,random,linear_interpolation,6,6,6,0.16746855183946774,,-0.004474906200467288,-0.026720715206527957,0.0,UWaveGestureLibraryZ,HYDRA
37,0.1,top,linear_interpolation,6,6,6,0.16746855183946774,0.04139522138081453,0.1260733304586532,0.7528134462287452,0.0,UWaveGestureLibraryZ,HYDRA
37,0.1,bottom,linear_interpolation,6,6,6,0.16746855183946774,0.09062801751161498,0.07684053432785276,0.45883286534086054,0.0,UWaveGestureLibraryZ,HYDRA
37,0.1,random,linear_interpolation,6,6,6,0.16746855183946774,,0.08991009808306205,0.3811823346441928,0.0,UWaveGestureLibraryZ,HYDRA
37,0.2,top,linear_interpolation,6,6,6,0.16746855183946774,-0.08249398113683859,0.24996253297630633,1.0,0.0,UWaveGestureLibraryZ,HYDRA
37,0.2,bottom,linear_interpolation,6,6,6,0.16746855183946774,-0.24898675093256883,0.4164553027720366,1.0,0.0,UWaveGestureLibraryZ,HYDRA
37,0.2,random,linear_interpolation,6,6,6,0.16746855183946774,,0.22997899336174102,0.7033110319192264,0.2,UWaveGestureLibraryZ,HYDRA
39,0.05,top,linear_interpolation,0,0,0,0.695631259157275,0.6244929814912447,0.07113827766603031,0.10226420170940737,0.0,UWaveGestureLibraryZ,HYDRA
39,0.05,bottom,linear_interpolation,0,0,0,0.695631259157275,0.6956312612219325,-2.0646575560334668e-09,-2.9680302039682577e-09,0.0,UWaveGestureLibraryZ,HYDRA
39,0.05,random,linear_interpolation,0,0,0,0.695631259157275,,-0.008182068266316466,-0.011762059850744485,0.0,UWaveGestureLibraryZ,HYDRA
39,0.1,top,linear_interpolation,0,0,0,0.695631259157275,0.7552786812902387,-0.0596474221329637,-0.08574562399567795,0.0,UWaveGestureLibraryZ,HYDRA
39,0.1,bottom,linear_interpolation,0,0,0,0.695631259157275,0.774188221270414,-0.078556962113139,-0.11292886590438889,0.0,UWaveGestureLibraryZ,HYDRA
39,0.1,random,linear_interpolation,0,0,0,0.695631259157275,,0.003632593450577337,0.005222002577882244,0.0,UWaveGestureLibraryZ,HYDRA
39,0.2,top,linear_interpolation,0,0,0,0.695631259157275,0.5906685805565891,0.10496267860068587,0.15088817003375188,0.0,UWaveGestureLibraryZ,HYDRA
39,0.2,bottom,linear_interpolation,0,0,0,0.695631259157275,0.6012800443667551,0.09435121479051989,0.13563375411143502,0.0,UWaveGestureLibraryZ,HYDRA
39,0.2,random,linear_interpolation,0,0,0,0.695631259157275,,0.17838763577548056,0.2564395676410818,0.0,UWaveGestureLibraryZ,HYDRA
40,0.05,top,linear_interpolation,6,6,6,0.022517023544872616,-0.06828536426260923,0.09080238780748184,1.0,0.0,UWaveGestureLibraryZ,HYDRA
40,0.05,bottom,linear_interpolation,6,6,6,0.022517023544872616,0.014727678251596044,0.007789345293276573,0.34591602934220295,0.0,UWaveGestureLibraryZ,HYDRA
40,0.05,random,linear_interpolation,6,6,6,0.022517023544872616,,-0.0014945622727906116,-0.06646277733219477,0.0,UWaveGestureLibraryZ,HYDRA
40,0.1,top,linear_interpolation,6,6,6,0.022517023544872616,-0.050326695629759,0.07284371917463162,1.0,0.0,UWaveGestureLibraryZ,HYDRA
40,0.1,bottom,linear_interpolation,6,6,6,0.022517023544872616,0.08452614217965171,-0.06200911863477909,-1.0,0.0,UWaveGestureLibraryZ,HYDRA
40,0.1,random,linear_interpolation,6,6,6,0.022517023544872616,,0.0312327330190036,0.31740083340867636,0.0,UWaveGestureLibraryZ,HYDRA
40,0.2,top,linear_interpolation,6,6,7,0.022517023544872616,-0.016990631770798847,0.039507655315671464,1.0,1.0,UWaveGestureLibraryZ,HYDRA
40,0.2,bottom,linear_interpolation,6,6,6,0.022517023544872616,-0.09489775259419408,0.1174147761390667,1.0,0.0,UWaveGestureLibraryZ,HYDRA
40,0.2,random,linear_interpolation,6,6,6,0.022517023544872616,,0.15064317285569157,0.9124183361303585,0.2,UWaveGestureLibraryZ,HYDRA
41,0.05,top,linear_interpolation,1,1,1,1.0483792971442916,1.0361601571501127,0.012219139994178896,0.011655255280419621,0.0,UWaveGestureLibraryZ,HYDRA
41,0.05,bottom,linear_interpolation,1,1,1,1.0483792971442916,1.0476516676259946,0.0007276295182969683,0.0006940511189298159,0.0,UWaveGestureLibraryZ,HYDRA
41,0.05,random,linear_interpolation,1,1,1,1.0483792971442916,,0.013960505858812944,0.01331626118579327,0.0,UWaveGestureLibraryZ,HYDRA
41,0.1,top,linear_interpolation,1,1,1,1.0483792971442916,1.037142275226509,0.011237021917782641,0.010718459654756426,0.0,UWaveGestureLibraryZ,HYDRA
41,0.1,bottom,linear_interpolation,1,1,1,1.0483792971442916,1.0011927144854287,0.047186582658862886,0.04500903230191903,0.0,UWaveGestureLibraryZ,HYDRA
41,0.1,random,linear_interpolation,1,1,1,1.0483792971442916,,0.1407668677156177,0.1342708062132186,0.0,UWaveGestureLibraryZ,HYDRA
41,0.2,top,linear_interpolation,1,1,1,1.0483792971442916,0.49232679219121567,0.5560525049530759,0.5303919832027756,0.0,UWaveGestureLibraryZ,HYDRA
41,0.2,bottom,linear_interpolation,1,1,1,1.0483792971442916,1.0562908511232019,-0.007911553978910302,-0.007546454278529247,0.0,UWaveGestureLibraryZ,HYDRA
41,0.2,random,linear_interpolation,1,1,1,1.0483792971442916,,0.500904303515667,0.4641245135028985,0.0,UWaveGestureLibraryZ,HYDRA
43,0.05,top,linear_interpolation,7,7,7,0.22675060487900756,0.306646421653304,-0.07989581677429647,-0.3523495095742678,0.0,UWaveGestureLibraryZ,HYDRA
43,0.05,bottom,linear_interpolation,7,7,7,0.22675060487900756,0.2866285876514274,-0.05987798277241985,-0.2640686173064581,0.0,UWaveGestureLibraryZ,HYDRA
43,0.05,random,linear_interpolation,7,7,7,0.22675060487900756,,-0.01421428477071478,-0.06268658948764391,0.0,UWaveGestureLibraryZ,HYDRA
43,0.1,top,linear_interpolation,7,7,7,0.22675060487900756,0.029806146466210492,0.19694445841279706,0.8685471422258939,0.0,UWaveGestureLibraryZ,HYDRA
43,0.1,bottom,linear_interpolation,7,7,7,0.22675060487900756,0.3104313911564227,-0.08368078627741515,-0.3690416494386728,0.0,UWaveGestureLibraryZ,HYDRA
43,0.1,random,linear_interpolation,7,7,7,0.22675060487900756,,-0.019615453379722016,-0.08650634861080092,0.0,UWaveGestureLibraryZ,HYDRA
43,0.2,top,linear_interpolation,7,7,7,0.22675060487900756,0.02575035146346427,0.20100025341554328,0.8864336529075287,0.0,UWaveGestureLibraryZ,HYDRA
43,0.2,bottom,linear_interpolation,7,7,7,0.22675060487900756,-0.11549668557430937,0.3422472904533169,1.0,0.0,UWaveGestureLibraryZ,HYDRA
43,0.2,random,linear_interpolation,7,7,7,0.22675060487900756,,0.08077238603325676,0.07336701060122039,0.2,UWaveGestureLibraryZ,HYDRA
44,0.05,top,linear_interpolation,7,7,7,0.620712255841601,0.5950446195402079,0.025667636301393015,0.041351841707635624,0.0,UWaveGestureLibraryZ,HYDRA
44,0.05,bottom,linear_interpolation,7,7,7,0.620712255841601,0.6017058041595471,0.019006451682053838,0.03062034120132287,0.0,UWaveGestureLibraryZ,HYDRA
44,0.05,random,linear_interpolation,7,7,7,0.620712255841601,,0.007904117025545832,0.012733926577464416,0.0,UWaveGestureLibraryZ,HYDRA
44,0.1,top,linear_interpolation,7,7,7,0.620712255841601,0.709712034818226,-0.08899977897662503,-0.14338308089772256,0.0,UWaveGestureLibraryZ,HYDRA
44,0.1,bottom,linear_interpolation,7,7,7,0.620712255841601,0.24951923912284724,0.3711930167187537,0.598010455271279,0.0,UWaveGestureLibraryZ,HYDRA
44,0.1,random,linear_interpolation,7,7,7,0.620712255841601,,-0.04283227668043428,-0.06900493307873642,0.0,UWaveGestureLibraryZ,HYDRA
44,0.2,top,linear_interpolation,7,7,7,0.620712255841601,0.6650303487089924,-0.04431809286739141,-0.07139865702932706,0.0,UWaveGestureLibraryZ,HYDRA
44,0.2,bottom,linear_interpolation,7,7,7,0.620712255841601,0.16767867235474898,0.45303358348685197,0.7298596883880003,0.0,UWaveGestureLibraryZ,HYDRA
44,0.2,random,linear_interpolation,7,7,7,0.620712255841601,,0.04470402373360716,0.07202041089487402,0.0,UWaveGestureLibraryZ,HYDRA
46,0.05,top,linear_interpolation,0,0,0,0.16257162871969522,0.16119229997266038,0.0013793287470348359,0.008484384843238584,0.0,UWaveGestureLibraryZ,HYDRA
46,0.05,bottom,linear_interpolation,0,0,0,0.16257162871969522,0.08843937078209696,0.07413225793759826,0.45599470539051046,0.0,UWaveGestureLibraryZ,HYDRA
46,0.05,random,linear_interpolation,0,0,0,0.16257162871969522,,-0.027819316975871276,-0.1711193156865098,0.0,UWaveGestureLibraryZ,HYDRA
46,0.1,top,linear_interpolation,0,0,0,0.16257162871969522,0.1979378214647921,-0.03536619274509689,-0.21754088018146425,0.0,UWaveGestureLibraryZ,HYDRA
46,0.1,bottom,linear_interpolation,0,0,0,0.16257162871969522,0.07279934400637733,0.08977228471331788,0.5521980263239862,0.0,UWaveGestureLibraryZ,HYDRA
46,0.1,random,linear_interpolation,0,0,0,0.16257162871969522,,0.017790537889340798,0.03932727600071386,0.0,UWaveGestureLibraryZ,HYDRA
46,0.2,top,linear_interpolation,0,0,0,0.16257162871969522,-0.28131181648963555,0.44388344520933076,1.0,0.0,UWaveGestureLibraryZ,HYDRA
46,0.2,bottom,linear_interpolation,0,0,0,0.16257162871969522,-0.021252272283718288,0.1838239010034135,1.0,0.0,UWaveGestureLibraryZ,HYDRA
46,0.2,random,linear_interpolation,0,0,0,0.16257162871969522,,0.13684541824024415,0.5043460516371779,0.0,UWaveGestureLibraryZ,HYDRA
47,0.05,top,linear_interpolation,1,1,1,0.6840983096440433,0.7066457496376525,-0.022547439993609197,-0.03295930821117373,0.0,UWaveGestureLibraryZ,HYDRA
47,0.05,bottom,linear_interpolation,1,1,1,0.6840983096440433,0.6687420547171511,0.015356254926892188,0.02244740596929193,0.0,UWaveGestureLibraryZ,HYDRA
47,0.05,random,linear_interpolation,1,1,1,0.6840983096440433,,0.011221394485844938,0.016403165925841606,0.0,UWaveGestureLibraryZ,HYDRA
47,0.1,top,linear_interpolation,1,1,1,0.6840983096440433,0.6478461092265216,0.03625220041752164,0.05299259903709699,0.0,UWaveGestureLibraryZ,HYDRA
47,0.1,bottom,linear_interpolation,1,1,1,0.6840983096440433,0.5756330825718649,0.10846522707217843,0.15855187330713144,0.0,UWaveGestureLibraryZ,HYDRA
47,0.1,random,linear_interpolation,1,1,1,0.6840983096440433,,0.0346668911239826,0.050675231849043656,0.0,UWaveGestureLibraryZ,HYDRA
47,0.2,top,linear_interpolation,1,1,1,0.6840983096440433,0.33046572224563897,0.3536325873984043,0.5169316536548029,0.0,UWaveGestureLibraryZ,HYDRA
47,0.2,bottom,linear_interpolation,1,1,1,0.6840983096440433,0.5969317820965999,0.08716652754744336,0.1274179440303757,0.0,UWaveGestureLibraryZ,HYDRA
47,0.2,random,linear_interpolation,1,1,1,0.6840983096440433,,0.31621665155893874,0.36142866961476683,0.0,UWaveGestureLibraryZ,HYDRA
48,0.05,top,linear_interpolation,1,1,1,0.47018348002786536,0.46463136427720386,0.0055521157506615015,0.011808377321030369,0.0,UWaveGestureLibraryZ,HYDRA
48,0.05,bottom,linear_interpolation,1,1,1,0.47018348002786536,0.43751057866604903,0.03267290136181633,0.069489536021861,0.0,UWaveGestureLibraryZ,HYDRA
48,0.05,random,linear_interpolation,1,1,1,0.47018348002786536,,0.021890717914385106,0.04655772115891141,0.0,UWaveGestureLibraryZ,HYDRA
48,0.1,top,linear_interpolation,1,1,1,0.47018348002786536,0.45455447056842313,0.015629009459442234,0.03324016449568047,0.0,UWaveGestureLibraryZ,HYDRA
48,0.1,bottom,linear_interpolation,1,1,1,0.47018348002786536,0.3857301046970497,0.08445337533081565,0.1796175308164373,0.0,UWaveGestureLibraryZ,HYDRA
48,0.1,random,linear_interpolation,1,1,1,0.47018348002786536,,0.08536496703720427,0.18155632664043936,0.0,UWaveGestureLibraryZ,HYDRA
48,0.2,top,linear_interpolation,1,1,1,0.47018348002786536,0.20689014170857722,0.26329333831928814,0.5599787945014352,0.0,UWaveGestureLibraryZ,HYDRA
48,0.2,bottom,linear_interpolation,1,1,1,0.47018348002786536,-0.08105067609309702,0.5512341561209624,1.0,0.0,UWaveGestureLibraryZ,HYDRA
48,0.2,random,linear_interpolation,1,1,1,0.47018348002786536,,0.3555501677807048,0.7456764595914348,0.0,UWaveGestureLibraryZ,HYDRA
49,0.05,top,linear_interpolation,3,3,3,0.12481342570273235,0.0031414794326269924,0.12167194627010536,0.9748227865894976,0.0,UWaveGestureLibraryZ,HYDRA
49,0.05,bottom,linear_interpolation,3,3,3,0.12481342570273235,0.2168791420392152,-0.09206571633648286,-0.7376207983823413,0.0,UWaveGestureLibraryZ,HYDRA
49,0.05,random,linear_interpolation,3,3,3,0.12481342570273235,,0.07311799526741802,0.33476067351569216,0.0,UWaveGestureLibraryZ,HYDRA
49,0.1,top,linear_interpolation,3,3,3,0.12481342570273235,-0.006018431932798829,0.13083185763553118,1.0,0.0,UWaveGestureLibraryZ,HYDRA
49,0.1,bottom,linear_interpolation,3,3,3,0.12481342570273235,0.2653481784746482,-0.14053475277191585,-1.0,0.0,UWaveGestureLibraryZ,HYDRA
49,0.1,random,linear_interpolation,3,3,3,0.12481342570273235,,0.0737248101004346,0.3534360717974888,0.0,UWaveGestureLibraryZ,HYDRA
49,0.2,top,linear_interpolation,3,3,3,0.12481342570273235,-0.016046382092357092,0.14085980779508944,1.0,0.0,UWaveGestureLibraryZ,HYDRA
49,0.2,bottom,linear_interpolation,3,3,3,0.12481342570273235,0.33875935491329157,-0.21394592921055922,-1.0,0.0,UWaveGestureLibraryZ,HYDRA
49,0.2,random,linear_interpolation,3,3,3,0.12481342570273235,,0.012320911199916828,0.2,0.0,UWaveGestureLibraryZ,HYDRA
51,0.05,top,linear_interpolation,5,5,5,0.18549520952158083,0.22036854665823002,-0.034873337136649196,-0.1880002681811781,0.0,UWaveGestureLibraryZ,HYDRA
51,0.05,bottom,linear_interpolation,5,5,5,0.18549520952158083,0.15697669508529122,0.02851851443628961,0.1537417638335717,0.0,UWaveGestureLibraryZ,HYDRA
51,0.05,random,linear_interpolation,5,5,5,0.18549520952158083,,0.013668325782536872,0.07368520261297677,0.0,UWaveGestureLibraryZ,HYDRA
51,0.1,top,linear_interpolation,5,5,5,0.18549520952158083,0.2343384906871978,-0.04884328116561698,-0.26331147839403424,0.0,UWaveGestureLibraryZ,HYDRA
51,0.1,bottom,linear_interpolation,5,5,5,0.18549520952158083,0.1670637443563755,0.01843146516520533,0.09936302856399334,0.0,UWaveGestureLibraryZ,HYDRA
51,0.1,random,linear_interpolation,5,5,5,0.18549520952158083,,0.015599824446978739,0.09404148203381764,0.0,UWaveGestureLibraryZ,HYDRA
51,0.2,top,linear_interpolation,5,5,5,0.18549520952158083,0.25534809498596467,-0.06985288546438384,-0.3765731151301886,0.0,UWaveGestureLibraryZ,HYDRA
51,0.2,bottom,linear_interpolation,5,5,5,0.18549520952158083,0.01151472642106921,0.17398048310051162,0.9379193437387762,0.0,UWaveGestureLibraryZ,HYDRA
51,0.2,random,linear_interpolation,5,5,5,0.18549520952158083,,-0.215097097958244,-0.7327596996676018,0.0,UWaveGestureLibraryZ,HYDRA
52,0.05,top,linear_interpolation,4,4,4,1.0123771538095367,1.0123771550303176,-1.220780809774169e-09,-1.2058545566006357e-09,0.0,UWaveGestureLibraryZ,HYDRA
52,0.05,bottom,linear_interpolation,4,4,4,1.0123771538095367,1.0166867007737415,-0.0043095469642047135,-0.004256854958780045,0.0,UWaveGestureLibraryZ,HYDRA
52,0.05,random,linear_interpolation,4,4,4,1.0123771538095367,,0.013385052759858861,0.01322139628308994,0.0,UWaveGestureLibraryZ,HYDRA
52,0.1,top,linear_interpolation,4,4,4,1.0123771538095367,1.0383186990885267,-0.025941545278989953,-0.025624362972840733,0.0,UWaveGestureLibraryZ,HYDRA
52,0.1,bottom,linear_interpolation,4,4,4,1.0123771538095367,0.9582771609238552,0.05409999288568157,0.05343852263317374,0.0,UWaveGestureLibraryZ,HYDRA
52,0.1,random,linear_interpolation,4,4,4,1.0123771538095367,,0.0038372711856521136,0.0037903536057278817,0.0,UWaveGestureLibraryZ,HYDRA
52,0.2,top,linear_interpolation,4,4,4,1.0123771538095367,1.053241292788067,-0.04086413897853025,-0.04036450097699185,0.0,UWaveGestureLibraryZ,HYDRA
52,0.2,bottom,linear_interpolation,4,4,4,1.0123771538095367,1.0162178725516273,-0.0038407187420905764,-0.0037937590095540015,0.0,UWaveGestureLibraryZ,HYDRA
52,0.2,random,linear_interpolation,4,4,4,1.0123771538095367,,-0.07094401648646427,-0.07007659758313127,0.0,UWaveGestureLibraryZ,HYDRA
54,0.05,top,linear_interpolation,3,3,3,0.3488225168505744,0.34882250451464814,1.2335926280471199e-08,3.5364376782416144e-08,0.0,UWaveGestureLibraryZ,HYDRA
54,0.05,bottom,linear_interpolation,3,3,3,0.3488225168505744,0.42497285525957007,-0.07615033840899565,-0.21830620566105982,0.0,UWaveGestureLibraryZ,HYDRA
54,0.05,random,linear_interpolation,3,3,3,0.3488225168505744,,0.0029732398329608946,0.00852362208776922,0.0,UWaveGestureLibraryZ,HYDRA
54,0.1,top,linear_interpolation,3,3,3,0.3488225168505744,0.34882252526322166,-8.412647245492622e-09,-2.411720207813956e-08,0.0,UWaveGestureLibraryZ,HYDRA
54,0.1,bottom,linear_interpolation,3,3,3,0.3488225168505744,0.2770414111738194,0.071781105676755,0.20578058017660514,0.0,UWaveGestureLibraryZ,HYDRA
54,0.1,random,linear_interpolation,3,3,3,0.3488225168505744,,0.013732984156379913,0.03936943323194208,0.0,UWaveGestureLibraryZ,HYDRA
54,0.2,top,linear_interpolation,3,3,3,0.3488225168505744,0.3488225222924014,-5.4418269890277315e-09,-1.560051638192401e-08,0.0,UWaveGestureLibraryZ,HYDRA
54,0.2,bottom,linear_interpolation,3,3,3,0.3488225168505744,0.5885596003313153,-0.23973708348074085,-0.6872732826194086,0.0,UWaveGestureLibraryZ,HYDRA
54,0.2,random,linear_interpolation,3,3,3,0.3488225168505744,,-0.20676236656194358,-0.5783293852337745,0.0,UWaveGestureLibraryZ,HYDRA
55,0.05,top,linear_interpolation,5,5,5,0.017852127615803348,0.019092840378455933,-0.001240712762652585,-0.06949554102522197,0.0,UWaveGestureLibraryZ,HYDRA
55,0.05,bottom,linear_interpolation,5,5,5,0.017852127615803348,0.012148150188557971,0.005703977427245377,0.31949457540404813,0.0,UWaveGestureLibraryZ,HYDRA
55,0.05,random,linear_interpolation,5,5,5,0.017852127615803348,,0.01255422553242469,0.2747654295082329,0.0,UWaveGestureLibraryZ,HYDRA
55,0.1,top,linear_interpolation,5,5,5,0.017852127615803348,0.017852108070984474,1.9544818874450698e-08,1.0947560167076767e-06,0.0,UWaveGestureLibraryZ,HYDRA
55,0.1,bottom,linear_interpolation,5,5,5,0.017852127615803348,0.07259878433139488,-0.054746656715591535,-1.0,0.0,UWaveGestureLibraryZ,HYDRA
55,0.1,random,linear_interpolation,5,5,5,0.017852127615803348,,-0.01290233634427589,0.2,0.0,UWaveGestureLibraryZ,HYDRA
55,0.2,top,linear_interpolation,5,5,5,0.017852127615803348,0.0255432801472123,-0.007691152531408951,-0.4308014089699805,0.0,UWaveGestureLibraryZ,HYDRA
55,0.2,bottom,linear_interpolation,5,5,3,0.017852127615803348,-0.07510877074736821,0.09296089836317156,1.0,1.0,UWaveGestureLibraryZ,HYDRA
55,0.2,random,linear_interpolation,5,5,5,0.017852127615803348,,-0.03295927565814449,0.2,0.2,UWaveGestureLibraryZ,HYDRA
56,0.05,top,linear_interpolation,2,2,2,0.06915985932635094,0.06915989133487654,-3.2008525607807314e-08,-4.6281272268130664e-07,0.0,UWaveGestureLibraryZ,HYDRA
56,0.05,bottom,linear_interpolation,2,2,2,0.06915985932635094,0.13756217704715068,-0.06840231772079974,-0.9890322125413185,0.0,UWaveGestureLibraryZ,HYDRA
56,0.05,random,linear_interpolation,2,2,2,0.06915985932635094,,-0.039987444751554954,-0.33451987330587996,0.0,UWaveGestureLibraryZ,HYDRA
56,0.1,top,linear_interpolation,2,2,2,0.06915985932635094,0.06915986942883212,-1.0102481184937062e-08,-1.4607223338949927e-07,0.0,UWaveGestureLibraryZ,HYDRA
56,0.1,bottom,linear_interpolation,2,2,2,0.06915985932635094,0.09844601071088066,-0.029286151384529724,-0.4234497903841317,0.0,UWaveGestureLibraryZ,HYDRA
56,0.1,random,linear_interpolation,2,2,2,0.06915985932635094,,0.0022746644779502168,0.004109240977453821,0.0,UWaveGestureLibraryZ,HYDRA
56,0.2,top,linear_interpolation,2,2,2,0.06915985932635094,-0.02631478024922429,0.09547463957557523,1.0,0.0,UWaveGestureLibraryZ,HYDRA
56,0.2,bottom,linear_interpolation,2,2,2,0.06915985932635094,-0.027902588531144024,0.09706244785749496,1.0,0.0,UWaveGestureLibraryZ,HYDRA
56,0.2,random,linear_interpolation,2,2,3,0.06915985932635094,,0.16964643332233195,0.6393740970289332,0.6,UWaveGestureLibraryZ,HYDRA
57,0.05,top,linear_interpolation,6,6,6,-0.07272157304933613,-0.10701809155443254,0.03429651850509641,0.4716076049980948,0.0,UWaveGestureLibraryZ,HYDRA
57,0.05,bottom,linear_interpolation,6,6,6,-0.07272157304933613,-0.005126921770894244,-0.06759465127844189,-0.9294865190287562,0.0,UWaveGestureLibraryZ,HYDRA
57,0.05,random,linear_interpolation,6,6,6,-0.07272157304933613,,-0.009140071648514847,0.07396636585800145,0.0,UWaveGestureLibraryZ,HYDRA
57,0.1,top,linear_interpolation,6,6,6,-0.07272157304933613,-0.12062134150665171,0.047899768457315584,0.6586643795568073,0.0,UWaveGestureLibraryZ,HYDRA
57,0.1,bottom,linear_interpolation,6,6,6,-0.07272157304933613,0.18163100731211257,-0.2543525803614487,-1.0,0.0,UWaveGestureLibraryZ,HYDRA
57,0.1,random,linear_interpolation,6,6,6,-0.07272157304933613,,0.07292025701106752,0.3562621740914313,0.0,UWaveGestureLibraryZ,HYDRA
57,0.2,top,linear_interpolation,6,6,6,-0.07272157304933613,0.09991122762466809,-0.17263280067400422,-1.0,0.0,UWaveGestureLibraryZ,HYDRA
57,0.2,bottom,linear_interpolation,6,6,6,-0.07272157304933613,-0.21307602711626794,0.1403544540669318,1.0,0.0,UWaveGestureLibraryZ,HYDRA
57,0.2,random,linear_interpolation,6,6,6,-0.07272157304933613,,0.028035801442178765,0.0528297225342816,0.0,UWaveGestureLibraryZ,HYDRA
58,0.05,top,linear_interpolation,4,4,4,0.7534350771856393,0.7418176525248803,0.01161742466075899,0.015419257203815274,0.0,UWaveGestureLibraryZ,HYDRA
58,0.05,bottom,linear_interpolation,4,4,4,0.7534350771856393,0.7100748095875653,0.04336026759807399,0.05755002834486042,0.0,UWaveGestureLibraryZ,HYDRA
58,0.05,random,linear_interpolation,4,4,4,0.7534350771856393,,0.01490357660893422,0.019780810954267754,0.0,UWaveGestureLibraryZ,HYDRA
58,0.1,top,linear_interpolation,4,4,4,0.7534350771856393,0.861192216669924,-0.10775713948428467,-0.14302094463912213,0.0,UWaveGestureLibraryZ,HYDRA
58,0.1,bottom,linear_interpolation,4,4,4,0.7534350771856393,0.6721583083503468,0.08127676883529245,0.10787480357841511,0.0,UWaveGestureLibraryZ,HYDRA
58,0.1,random,linear_interpolation,4,4,4,0.7534350771856393,,0.061112400037502915,0.08111159246021267,0.0,UWaveGestureLibraryZ,HYDRA
58,0.2,top,linear_interpolation,4,4,4,0.7534350771856393,0.9959652671988879,-0.2425301900132486,-0.32189882772694933,0.0,UWaveGestureLibraryZ,HYDRA
58,0.2,bottom,linear_interpolation,4,4,4,0.7534350771856393,0.7450806102994865,0.008354466886152823,0.011088487980771809,0.0,UWaveGestureLibraryZ,HYDRA
58,0.2,random,linear_interpolation,4,4,4,0.7534350771856393,,-0.060629633253369744,-0.08047083898589473,0.0,UWaveGestureLibraryZ,HYDRA
59,0.05,top,linear_interpolation,2,2,2,0.3778706312557407,0.3778706228726627,8.383078009543965e-09,2.218498907072058e-08,0.0,UWaveGestureLibraryZ,HYDRA
59,0.05,bottom,linear_interpolation,2,2,2,0.3778706312557407,0.3449957255967322,0.032874905659008524,0.08700019514499895,0.0,UWaveGestureLibraryZ,HYDRA
59,0.05,random,linear_interpolation,2,2,2,0.3778706312557407,,0.011199067619196201,0.029637227811941124,0.0,UWaveGestureLibraryZ,HYDRA
59,0.1,top,linear_interpolation,2,2,2,0.3778706312557407,0.37787062935203686,1.9037038612168544e-09,5.037964493101738e-09,0.0,UWaveGestureLibraryZ,HYDRA
59,0.1,bottom,linear_interpolation,2,2,2,0.3778706312557407,0.3152655816092824,0.0626050496464583,0.1656780887160266,0.0,UWaveGestureLibraryZ,HYDRA
59,0.1,random,linear_interpolation,2,2,2,0.3778706312557407,,-0.00851883658924677,-0.0225442607610871,0.0,UWaveGestureLibraryZ,HYDRA
59,0.2,top,linear_interpolation,2,2,2,0.3778706312557407,0.03170631503195698,0.34616431622378374,0.9160897182818742,0.0,UWaveGestureLibraryZ,HYDRA
59,0.2,bottom,linear_interpolation,2,2,2,0.3778706312557407,0.1165409498008837,0.261329681454857,0.6915832251984829,0.0,UWaveGestureLibraryZ,HYDRA
59,0.2,random,linear_interpolation,2,2,2,0.3778706312557407,,0.19141957648169566,0.4888145102675244,0.0,UWaveGestureLibraryZ,HYDRA
60,0.05,top,linear_interpolation,5,5,5,0.10189254587242702,0.0603693101682089,0.04152323570421812,0.4075158573459219,0.0,UWaveGestureLibraryZ,HYDRA
60,0.05,bottom,linear_interpolation,5,5,5,0.10189254587242702,0.08886719655001973,0.013025349322407287,0.12783291827644622,0.0,UWaveGestureLibraryZ,HYDRA
60,0.05,random,linear_interpolation,5,5,5,0.10189254587242702,,-0.0009790454262441183,-0.009608512667425507,0.0,UWaveGestureLibraryZ,HYDRA
60,0.1,top,linear_interpolation,5,5,5,0.10189254587242702,0.052997657761031935,0.048894888111395085,0.4798624652106284,0.0,UWaveGestureLibraryZ,HYDRA
60,0.1,bottom,linear_interpolation,5,5,5,0.10189254587242702,0.027710812308349375,0.07418173356407765,0.7280317210371187,0.0,UWaveGestureLibraryZ,HYDRA
60,0.1,random,linear_interpolation,5,5,5,0.10189254587242702,,0.006434141275609195,0.06314571958919638,0.0,UWaveGestureLibraryZ,HYDRA
60,0.2,top,linear_interpolation,5,5,5,0.10189254587242702,0.10533121024443526,-0.0034386643720082377,-0.03374761710926737,0.0,UWaveGestureLibraryZ,HYDRA
60,0.2,bottom,linear_interpolation,5,5,5,0.10189254587242702,-0.007967636465980088,0.10986018233840711,1.0,0.0,UWaveGestureLibraryZ,HYDRA
60,0.2,random,linear_interpolation,5,5,5,0.10189254587242702,,0.061153231254103504,0.12115986599984785,0.0,UWaveGestureLibraryZ,HYDRA
61,0.05,top,linear_interpolation,4,4,4,0.797324996293159,0.8144948991754122,-0.017169902882253174,-0.021534357291845007,0.0,UWaveGestureLibraryZ,HYDRA
61,0.05,bottom,linear_interpolation,4,4,4,0.797324996293159,0.8294445696602883,-0.03211957336712934,-0.0402841165551558,0.0,UWaveGestureLibraryZ,HYDRA
61,0.05,random,linear_interpolation,4,4,4,0.797324996293159,,-0.00039662271322162825,-0.0004974410906775445,0.0,UWaveGestureLibraryZ,HYDRA
61,0.1,top,linear_interpolation,4,4,4,0.797324996293159,0.730090685531394,0.067234310761765,0.08432474430075455,0.0,UWaveGestureLibraryZ,HYDRA
61,0.1,bottom,linear_interpolation,4,4,4,0.797324996293159,0.8689639832163372,-0.07163898692317816,-0.08984905453507638,0.0,UWaveGestureLibraryZ,HYDRA
61,0.1,random,linear_interpolation,4,4,4,0.797324996293159,,-0.06990865236370776,-0.08767888252574156,0.0,UWaveGestureLibraryZ,HYDRA
61,0.2,top,linear_interpolation,4,4,4,0.797324996293159,0.7987675359561939,-0.0014425396630348697,-0.0018092219114156161,0.0,UWaveGestureLibraryZ,HYDRA
61,0.2,bottom,linear_interpolation,4,4,4,0.797324996293159,0.9454525029984173,-0.14812750670525832,-0.18578035507924806,0.0,UWaveGestureLibraryZ,HYDRA
61,0.2,random,linear_interpolation,4,4,4,0.797324996293159,,-0.13987769315391724,-0.17543350374153271,0.0,UWaveGestureLibraryZ,HYDRA
62,0.05,top,linear_interpolation,6,6,6,0.3064390675416664,0.26056058590611697,0.04587848163554942,0.1497143699373169,0.0,UWaveGestureLibraryZ,HYDRA
62,0.05,bottom,linear_interpolation,6,6,6,0.3064390675416664,0.36156460655187406,-0.05512553901020767,-0.17989011506373037,0.0,UWaveGestureLibraryZ,HYDRA
62,0.05,random,linear_interpolation,6,6,6,0.3064390675416664,,0.029630889333849518,0.0966939133369713,0.0,UWaveGestureLibraryZ,HYDRA
62,0.1,top,linear_interpolation,6,6,6,0.3064390675416664,0.08923637105268556,0.21720269648898083,0.7087933971279653,0.0,UWaveGestureLibraryZ,HYDRA
62,0.1,bottom,linear_interpolation,6,6,6,0.3064390675416664,0.14946896779350582,0.15697009974816056,0.5122375184401025,0.0,UWaveGestureLibraryZ,HYDRA
62,0.1,random,linear_interpolation,6,6,6,0.3064390675416664,,0.07686668575475027,0.25083758260266925,0.0,UWaveGestureLibraryZ,HYDRA
62,0.2,top,linear_interpolation,6,6,7,0.3064390675416664,-0.022676426228267044,0.32911549376993343,1.0,1.0,UWaveGestureLibraryZ,HYDRA
62,0.2,bottom,linear_interpolation,6,6,6,0.3064390675416664,0.19216795997870295,0.11427110756296344,0.37289871549655007,0.0,UWaveGestureLibraryZ,HYDRA
62,0.2,random,linear_interpolation,6,6,7,0.3064390675416664,,0.4573430119094854,0.8391895043339426,0.6,UWaveGestureLibraryZ,HYDRA
63,0.05,top,linear_interpolation,2,2,2,0.13821458659207986,0.13821457190525133,1.4686828531118579e-08,1.0626029157235567e-07,0.0,UWaveGestureLibraryZ,HYDRA
63,0.05,bottom,linear_interpolation,2,2,2,0.13821458659207986,0.07014607549096974,0.06806851110111012,0.4924807163898448,0.0,UWaveGestureLibraryZ,HYDRA
63,0.05,random,linear_interpolation,2,2,2,0.13821458659207986,,0.03286600503289085,0.23778797922327938,0.0,UWaveGestureLibraryZ,HYDRA
63,0.1,top,linear_interpolation,2,2,2,0.13821458659207986,0.11335885904555132,0.02485572754652854,0.17983302867198367,0.0,UWaveGestureLibraryZ,HYDRA
63,0.1,bottom,linear_interpolation,2,2,2,0.13821458659207986,0.12007618190795566,0.0181384046841242,0.13123270053222477,0.0,UWaveGestureLibraryZ,HYDRA
63,0.1,random,linear_interpolation,2,2,2,0.13821458659207986,,0.06932779372897209,0.5015917194171555,0.0,UWaveGestureLibraryZ,HYDRA
63,0.2,top,linear_interpolation,2,2,4,0.13821458659207986,-0.24232160071183045,0.3805361873039103,1.0,1.0,UWaveGestureLibraryZ,HYDRA
63,0.2,bottom,linear_interpolation,2,2,2,0.13821458659207986,0.2429982647058101,-0.10478367811373024,-0.7581176674594718,0.0,UWaveGestureLibraryZ,HYDRA
63,0.2,random,linear_interpolation,2,2,4,0.13821458659207986,,0.26917115965993027,0.7532346652632702,0.8,UWaveGestureLibraryZ,HYDRA
65,0.05,top,linear_interpolation,7,7,7,0.12210223519890429,0.21589751667472024,-0.09379528147581595,-0.7681637699691157,0.0,UWaveGestureLibraryZ,HYDRA
65,0.05,bottom,linear_interpolation,7,7,7,0.12210223519890429,0.14439050265159759,-0.0222882674526933,-0.18253625644223148,0.0,UWaveGestureLibraryZ,HYDRA
65,0.05,random,linear_interpolation,7,7,7,0.12210223519890429,,-0.012372479416879467,-0.10132802293669689,0.0,UWaveGestureLibraryZ,HYDRA
65,0.1,top,linear_interpolation,7,7,7,0.12210223519890429,0.22317296457019853,-0.10107072937129424,-0.8277481690526184,0.0,UWaveGestureLibraryZ,HYDRA
65,0.1,bottom,linear_interpolation,7,7,7,0.12210223519890429,0.23901782261539362,-0.11691558741648933,-0.9575142478906119,0.0,UWaveGestureLibraryZ,HYDRA
65,0.1,random,linear_interpolation,7,7,7,0.12210223519890429,,-0.08395824451139493,-0.6153943352764686,0.0,UWaveGestureLibraryZ,HYDRA
65,0.2,top,linear_interpolation,7,7,7,0.12210223519890429,0.3113949130910394,-0.1892926778921351,-1.0,0.0,UWaveGestureLibraryZ,HYDRA
65,0.2,bottom,linear_interpolation,7,7,7,0.12210223519890429,0.20865071589062345,-0.08654848069171917,-0.7088139847460473,0.0,UWaveGestureLibraryZ,HYDRA
65,0.2,random,linear_interpolation,7,7,7,0.12210223519890429,,0.36864640254254766,1.0,0.2,UWaveGestureLibraryZ,HYDRA
0,0.05,top,blur,4,4,4,0.2887196445221434,0.28871964411875317,4.033902101241438e-10,1.397164414036925e-09,0.0,UWaveGestureLibraryZ,HYDRA
0,0.05,bottom,blur,4,4,4,0.2887196445221434,0.2894271095220795,-0.0007074649999361249,-0.002450344349663801,0.0,UWaveGestureLibraryZ,HYDRA
0,0.05,random,blur,4,4,4,0.2887196445221434,,0.004493622763515903,0.015563912206393216,0.0,UWaveGestureLibraryZ,HYDRA
0,0.1,top,blur,4,4,4,0.2887196445221434,0.288719637009363,7.512780397789243e-09,2.602093248379768e-08,0.0,UWaveGestureLibraryZ,HYDRA
0,0.1,bottom,blur,4,4,4,0.2887196445221434,0.2834207491322751,0.0052988953898682745,0.01835301870650222,0.0,UWaveGestureLibraryZ,HYDRA
0,0.1,random,blur,4,4,4,0.2887196445221434,,0.006916970443124981,0.023957311589454026,0.0,UWaveGestureLibraryZ,HYDRA
0,0.2,top,blur,4,4,4,0.2887196445221434,0.27013606028319015,0.018583584238953232,0.06436527692611177,0.0,UWaveGestureLibraryZ,HYDRA
0,0.2,bottom,blur,4,4,4,0.2887196445221434,0.2806230235952909,0.008096620926852482,0.028043096607286475,0.0,UWaveGestureLibraryZ,HYDRA
0,0.2,random,blur,4,4,4,0.2887196445221434,,0.01616624901091237,0.05599270200324211,0.0,UWaveGestureLibraryZ,HYDRA
1,0.05,top,blur,0,0,0,0.5859141154421331,0.562892434981033,0.02302168046110009,0.0392918357187762,0.0,UWaveGestureLibraryZ,HYDRA
1,0.05,bottom,blur,0,0,0,0.5859141154421331,0.5683783472618179,0.017535768180315214,0.029928854399126868,0.0,UWaveGestureLibraryZ,HYDRA
1,0.05,random,blur,0,0,0,0.5859141154421331,,-0.015362049824813618,-0.026218900007762003,0.0,UWaveGestureLibraryZ,HYDRA
1,0.1,top,blur,0,0,0,0.5859141154421331,0.5593470258936367,0.026567089548496403,0.04534289839655153,0.0,UWaveGestureLibraryZ,HYDRA
1,0.1,bottom,blur,0,0,0,0.5859141154421331,0.6013293884794967,-0.015415273037363564,-0.026309737760786656,0.0,UWaveGestureLibraryZ,HYDRA
1,0.1,random,blur,0,0,0,0.5859141154421331,,-0.03410717040727307,-0.05821179469236888,0.0,UWaveGestureLibraryZ,HYDRA
1,0.2,top,blur,0,0,0,0.5859141154421331,0.6041742123259183,-0.01826009688378516,-0.03116508928090384,0.0,UWaveGestureLibraryZ,HYDRA
1,0.2,bottom,blur,0,0,0,0.5859141154421331,0.6101718040883332,-0.024257688646200037,-0.041401370278517424,0.0,UWaveGestureLibraryZ,HYDRA
1,0.2,random,blur,0,0,0,0.5859141154421331,,-0.05591554315531559,-0.09543283947047784,0.0,UWaveGestureLibraryZ,HYDRA
2,0.05,top,blur,3,3,3,-0.11404243316602991,-0.11404243206732012,-1.0987097898151887e-09,-9.634134638998759e-09,0.0,UWaveGestureLibraryZ,HYDRA
2,0.05,bottom,blur,3,3,3,-0.11404243316602991,-0.11595446807381626,0.001912034907786353,0.01676584836763657,0.0,UWaveGestureLibraryZ,HYDRA
2,0.05,random,blur,3,3,3,-0.11404243316602991,,0.030024009497068294,0.2632682011015741,0.0,UWaveGestureLibraryZ,HYDRA
2,0.1,top,blur,3,3,3,-0.11404243316602991,-0.11404243065572695,-2.5103029654971465e-09,-2.2011815111200017e-08,0.0,UWaveGestureLibraryZ,HYDRA
2,0.1,bottom,blur,3,3,3,-0.11404243316602991,-0.15398756767149668,0.03994513450546677,0.35026246927618115,0.0,UWaveGestureLibraryZ,HYDRA
2,0.1,random,blur,3,3,3,-0.11404243316602991,,0.03137927475835396,0.2751519652400371,0.0,UWaveGestureLibraryZ,HYDRA
2,0.2,top,blur,3,3,3,-0.11404243316602991,-0.12321264221350559,0.009170209047475675,0.08040979469747499,0.0,UWaveGestureLibraryZ,HYDRA
2,0.2,bottom,blur,3,3,3,-0.11404243316602991,-0.21133893395105607,0.09729650078502616,0.853153031997706,0.0,UWaveGestureLibraryZ,HYDRA
2,0.2,random,blur,3,3,3,-0.11404243316602991,,0.07051656496186455,0.598630303901145,0.0,UWaveGestureLibraryZ,HYDRA
3,0.05,top,blur,3,3,3,0.04959791150989368,0.03159304365073201,0.018004867859161666,0.3630093345006204,0.0,UWaveGestureLibraryZ,HYDRA
3,0.05,bottom,blur,3,3,3,0.04959791150989368,-0.08382521796771114,0.13342312947760482,1.0,0.0,UWaveGestureLibraryZ,HYDRA
3,0.05,random,blur,3,3,3,0.04959791150989368,,0.026133795576621675,0.5247017569414496,0.0,UWaveGestureLibraryZ,HYDRA
3,0.1,top,blur,3,3,3,0.04959791150989368,0.049597909171976595,2.337917082151364e-09,4.713645947018436e-08,0.0,UWaveGestureLibraryZ,HYDRA
3,0.1,bottom,blur,3,3,3,0.04959791150989368,-0.09231032953186125,0.14190824104175492,1.0,0.0,UWaveGestureLibraryZ,HYDRA
3,0.1,random,blur,3,3,3,0.04959791150989368,,0.06586846269033994,0.658304008887283,0.0,UWaveGestureLibraryZ,HYDRA
3,0.2,top,blur,3,3,3,0.04959791150989368,-0.030179311250671192,0.07977722276056487,1.0,0.0,UWaveGestureLibraryZ,HYDRA
3,0.2,bottom,blur,3,3,0,0.04959791150989368,-0.20159889790040497,0.25119680941029865,1.0,1.0,UWaveGestureLibraryZ,HYDRA
3,0.2,random,blur,3,3,3,0.04959791150989368,,0.09084172469466964,0.8417600549890757,0.0,UWaveGestureLibraryZ,HYDRA
4,0.05,top,blur,4,4,4,0.44312947473922804,0.4431294839803084,-9.241080345390174e-09,-2.0854084456340618e-08,0.0,UWaveGestureLibraryZ,HYDRA
4,0.05,bottom,blur,4,4,4,0.44312947473922804,0.4577669302040863,-0.014637455464858284,-0.03303193144969794,0.0,UWaveGestureLibraryZ,HYDRA
4,0.05,random,blur,4,4,4,0.44312947473922804,,-0.011546399192159029,-0.026056432248208194,0.0,UWaveGestureLibraryZ,HYDRA
4,0.1,top,blur,4,4,4,0.44312947473922804,0.4431294734406481,1.2985799102693818e-09,2.930468528560501e-09,0.0,UWaveGestureLibraryZ,HYDRA
4,0.1,bottom,blur,4,4,4,0.44312947473922804,0.45987353281835497,-0.016744058079126933,-0.03778584194413716,0.0,UWaveGestureLibraryZ,HYDRA
4,0.1,random,blur,4,4,4,0.44312947473922804,,-0.021147928882549037,-0.047723932539268724,0.0,UWaveGestureLibraryZ,HYDRA
4,0.2,top,blur,4,4,4,0.44312947473922804,0.4431294800814547,-5.3422266610425595e-09,-1.2055651699843789e-08,0.0,UWaveGestureLibraryZ,HYDRA
4,0.2,bottom,blur,4,4,4,0.44312947473922804,0.4429548417931226,0.00017463294610542412,0.0003940892266734567,0.0,UWaveGestureLibraryZ,HYDRA
4,0.2,random,blur,4,4,4,0.44312947473922804,,-0.025977952971411877,-0.05862371119183193,0.0,UWaveGestureLibraryZ,HYDRA
5,0.05,top,blur,3,3,3,0.7538044738588535,0.753804464316581,9.542272527696127e-09,1.2658799728327354e-08,0.0,UWaveGestureLibraryZ,HYDRA
5,0.05,bottom,blur,3,3,3,0.7538044738588535,0.8318844396430377,-0.07807996578418419,-0.10358105438592807,0.0,UWaveGestureLibraryZ,HYDRA
5,0.05,random,blur,3,3,3,0.7538044738588535,,0.02660110345725153,0.03528908236905754,0.0,UWaveGestureLibraryZ,HYDRA
5,0.1,top,blur,3,3,3,0.7538044738588535,0.7538044464893353,2.7369518207365218e-08,3.630846306707774e-08,0.0,UWaveGestureLibraryZ,HYDRA
5,0.1,bottom,blur,3,3,3,0.7538044738588535,0.7456341234939016,0.00817035036495195,0.01083880476898979,0.0,UWaveGestureLibraryZ,HYDRA
5,0.1,random,blur,3,3,3,0.7538044738588535,,0.016850541134841236,0.02235396494082294,0.0,UWaveGestureLibraryZ,HYDRA
5,0.2,top,blur,3,3,3,0.7538044738588535,0.7538044557346054,1.8124248102324714e-08,2.4043667406053344e-08,0.0,UWaveGestureLibraryZ,HYDRA
5,0.2,bottom,blur,3,3,3,0.7538044738588535,0.6253215916361471,0.12848288222270643,0.17044567422014267,0.0,UWaveGestureLibraryZ,HYDRA
5,0.2,random,blur,3,3,3,0.7538044738588535,,0.07963969428120685,0.10565019364149508,0.0,UWaveGestureLibraryZ,HYDRA
6,0.05,top,blur,5,5,5,0.2350612024719424,0.24046869228901546,-0.005407489817073063,-0.023004505872093642,0.0,UWaveGestureLibraryZ,HYDRA
6,0.05,bottom,blur,5,5,5,0.2350612024719424,0.23506120290319144,-4.3124903648106283e-10,-1.834616675696884e-09,0.0,UWaveGestureLibraryZ,HYDRA
6,0.05,random,blur,5,5,5,0.2350612024719424,,-0.014509964921173023,-0.06172819265957898,0.0,UWaveGestureLibraryZ,HYDRA
6,0.1,top,blur,5,5,5,0.2350612024719424,0.3014161924059363,-0.06635498993399391,-0.28228694037661883,0.0,UWaveGestureLibraryZ,HYDRA
6,0.1,bottom,blur,5,5,5,0.2350612024719424,0.28495218139358924,-0.049890978921646845,-0.21224585831744666,0.0,UWaveGestureLibraryZ,HYDRA
6,0.1,random,blur,5,5,5,0.2350612024719424,,-0.031918832928813236,-0.13578887882930965,0.0,UWaveGestureLibraryZ,HYDRA
6,0.2,top,blur,5,5,5,0.2350612024719424,0.3045700697654853,-0.06950886729354289,-0.2957041436801803,0.0,UWaveGestureLibraryZ,HYDRA
6,0.2,bottom,blur,5,5,5,0.2350612024719424,0.24835151048261916,-0.013290308010676766,-0.05653953664568054,0.0,UWaveGestureLibraryZ,HYDRA
6,0.2,random,blur,5,5,5,0.2350612024719424,,-0.06673281246027556,-0.28389427036122894,0.0,UWaveGestureLibraryZ,HYDRA
7,0.05,top,blur,1,1,1,0.134439713822189,0.1282839947831681,0.0061557190390209016,0.045787610493964216,0.0,UWaveGestureLibraryZ,HYDRA
7,0.05,bottom,blur,1,1,1,0.134439713822189,0.12865329435321338,0.005786419468975623,0.04304067796477731,0.0,UWaveGestureLibraryZ,HYDRA
7,0.05,random,blur,1,1,1,0.134439713822189,,-0.00014759491650242484,-0.0010978438919748146,0.0,UWaveGestureLibraryZ,HYDRA
7,0.1,top,blur,1,1,1,0.134439713822189,0.12611985057517205,0.008319863247016945,0.061884997561235645,0.0,UWaveGestureLibraryZ,HYDRA
7,0.1,bottom,blur,1,1,1,0.134439713822189,0.1400858845571512,-0.005646170734962208,-0.041997476615825036,0.0,UWaveGestureLibraryZ,HYDRA
7,0.1,random,blur,1,1,1,0.134439713822189,,-0.002833125029475614,-0.021073415551948783,0.0,UWaveGestureLibraryZ,HYDRA
7,0.2,top,blur,1,1,1,0.134439713822189,0.13597013963147042,-0.0015304258092814216,-0.011383648344098793,0.0,UWaveGestureLibraryZ,HYDRA
7,0.2,bottom,blur,1,1,1,0.134439713822189,0.12948100649679128,0.004958707325397715,0.03688397052068684,0.0,UWaveGestureLibraryZ,HYDRA
7,0.2,random,blur,1,1,1,0.134439713822189,,-0.005895210957820285,-0.043849893311465736,0.0,UWaveGestureLibraryZ,HYDRA
8,0.05,top,blur,1,1,1,1.3181866333571453,1.318495493839566,-0.0003088604824208474,-0.00023430691853347542,0.0,UWaveGestureLibraryZ,HYDRA
8,0.05,bottom,blur,1,1,1,1.3181866333571453,1.2924005968733936,0.025786036483751662,0.019561734483944503,0.0,UWaveGestureLibraryZ,HYDRA
8,0.05,random,blur,1,1,1,1.3181866333571453,,0.0007444616905365464,0.0005647615496441581,0.0,UWaveGestureLibraryZ,HYDRA
8,0.1,top,blur,1,1,1,1.3181866333571453,1.310907397980258,0.00727923537688735,0.005522154200725337,0.0,UWaveGestureLibraryZ,HYDRA
8,0.1,bottom,blur,1,1,1,1.3181866333571453,1.3272828595656292,-0.009096226208483937,-0.006900554957656349,0.0,UWaveGestureLibraryZ,HYDRA
8,0.1,random,blur,1,1,1,1.3181866333571453,,-0.004864283384288459,-0.0036901297366143232,0.0,UWaveGestureLibraryZ,HYDRA
8,0.2,top,blur,1,1,1,1.3181866333571453,1.319759622756262,-0.0015729893991167643,-0.0011932970385336516,0.0,UWaveGestureLibraryZ,HYDRA
8,0.2,bottom,blur,1,1,1,1.3181866333571453,1.2829588073386926,0.035227826018452646,0.026724439773975744,0.0,UWaveGestureLibraryZ,HYDRA
8,0.2,random,blur,1,1,1,1.3181866333571453,,-0.00760456364892379,-0.005768953870062166,0.0,UWaveGestureLibraryZ,HYDRA
9,0.05,top,blur,0,0,0,-0.07863980233628576,-0.06391976858403114,-0.014720033752254613,-0.18718061508717113,0.0,UWaveGestureLibraryZ,HYDRA
9,0.05,bottom,blur,0,0,0,-0.07863980233628576,-0.07863980436780704,2.031521284528992e-09,2.5832916554459224e-08,0.0,UWaveGestureLibraryZ,HYDRA
9,0.05,random,blur,0,0,0,-0.07863980233628576,,-0.008853012443067198,-0.11257530671177192,0.0,UWaveGestureLibraryZ,HYDRA
9,0.1,top,blur,0,0,0,-0.07863980233628576,-0.04702008082904563,-0.03161972150724013,-0.4020778090745703,0.0,UWaveGestureLibraryZ,HYDRA
9,0.1,bottom,blur,0,0,0,-0.07863980233628576,-0.07863981287814847,1.0541862716095807e-08,1.3405080318250607e-07,0.0,UWaveGestureLibraryZ,HYDRA
9,0.1,random,blur,0,0,0,-0.07863980233628576,,-0.00621663665472445,-0.07905103292487675,0.0,UWaveGestureLibraryZ,HYDRA
9,0.2,top,blur,0,0,0,-0.07863980233628576,7.809881770926008e-05,-0.07871790115399502,-1.0,0.0,UWaveGestureLibraryZ,HYDRA
9,0.2,bottom,blur,0,0,0,-0.07863980233628576,-0.0739307238061302,-0.004709078530155564,-0.0598808556151104,0.0,UWaveGestureLibraryZ,HYDRA
9,0.2,random,blur,0,0,0,-0.07863980233628576,,-0.042211141578736844,-0.5077687421988422,0.0,UWaveGestureLibraryZ,HYDRA
10,0.05,top,blur,1,1,1,0.5468404684584497,0.5569994707450622,-0.010159002286612484,-0.018577600406294695,0.0,UWaveGestureLibraryZ,HYDRA
10,0.05,bottom,blur,1,1,1,0.5468404684584497,0.5358093129630105,0.011031155495439204,0.020172492635820244,0.0,UWaveGestureLibraryZ,HYDRA
10,0.05,random,blur,1,1,1,0.5468404684584497,,-0.010363777508230055,-0.01895206948632777,0.0,UWaveGestureLibraryZ,HYDRA
10,0.1,top,blur,1,1,1,0.5468404684584497,0.6002008407627194,-0.05336037230426971,-0.09757923526665417,0.0,UWaveGestureLibraryZ,HYDRA
10,0.1,bottom,blur,1,1,1,0.5468404684584497,0.5469382114530427,-9.774299459297531e-05,-0.00017874100672817217,0.0,UWaveGestureLibraryZ,HYDRA
10,0.1,random,blur,1,1,1,0.5468404684584497,,-0.0023124873656723997,-0.004228807614373721,0.0,UWaveGestureLibraryZ,HYDRA
10,0.2,top,blur,1,1,1,0.5468404684584497,0.6129652037521155,-0.0661247352936658,-0.12092121594229482,0.0,UWaveGestureLibraryZ,HYDRA
10,0.2,bottom,blur,1,1,1,0.5468404684584497,0.5564874881932095,-0.009647019734759787,-0.017641346333800927,0.0,UWaveGestureLibraryZ,HYDRA
10,0.2,random,blur,1,1,1,0.5468404684584497,,-0.007796354424063878,-0.01425706511622438,0.0,UWaveGestureLibraryZ,HYDRA
11,0.05,top,blur,3,3,3,0.34364006022372384,0.3048879125272598,0.03875214769646407,0.11276925892160529,0.0,UWaveGestureLibraryZ,HYDRA
11,0.05,bottom,blur,3,3,3,0.34364006022372384,0.2881787955727749,0.055461264650948916,0.1613930087831805,0.0,UWaveGestureLibraryZ,HYDRA
11,0.05,random,blur,3,3,3,0.34364006022372384,,0.036018848943501644,0.10481532364046357,0.0,UWaveGestureLibraryZ,HYDRA
11,0.1,top,blur,3,3,3,0.34364006022372384,0.25729340378791576,0.08634665643580808,0.2512699046487431,0.0,UWaveGestureLibraryZ,HYDRA
11,0.1,bottom,blur,3,3,3,0.34364006022372384,0.3201623054422639,0.02347775478145997,0.06832057486429308,0.0,UWaveGestureLibraryZ,HYDRA
11,0.1,random,blur,3,3,3,0.34364006022372384,,0.023818669113228896,0.06931264004866591,0.0,UWaveGestureLibraryZ,HYDRA
11,0.2,top,blur,3,3,3,0.34364006022372384,0.22783917334496628,0.11580088687875756,0.3369821022067812,0.0,UWaveGestureLibraryZ,HYDRA
11,0.2,bottom,blur,3,3,3,0.34364006022372384,0.3719011369809472,-0.028261076757223336,-0.08224010465694719,0.0,UWaveGestureLibraryZ,HYDRA
11,0.2,random,blur,3,3,3,0.34364006022372384,,0.08989552808547556,0.261597167774276,0.0,UWaveGestureLibraryZ,HYDRA
13,0.05,top,blur,3,3,3,0.08575813350399508,0.08575813767388163,-4.169886547167323e-09,-4.8623235529461935e-08,0.0,UWaveGestureLibraryZ,HYDRA
13,0.05,bottom,blur,3,3,3,0.08575813350399508,0.040602273180709414,0.04515586032328567,0.5265428704591807,0.0,UWaveGestureLibraryZ,HYDRA
13,0.05,random,blur,3,3,3,0.08575813350399508,,0.04563329972290224,0.47389445774301897,0.0,UWaveGestureLibraryZ,HYDRA
13,0.1,top,blur,3,3,3,0.08575813350399508,0.08575814595313658,-1.2449141495451954e-08,-1.4516403077780645e-07,0.0,UWaveGestureLibraryZ,HYDRA
13,0.1,bottom,blur,3,3,3,0.08575813350399508,0.03722073152114058,0.0485374019828545,0.5659735587299677,0.0,UWaveGestureLibraryZ,HYDRA
13,0.1,random,blur,3,3,3,0.08575813350399508,,0.08786105794092809,0.8756058791414937,0.0,UWaveGestureLibraryZ,HYDRA
13,0.2,top,blur,3,3,3,0.08575813350399508,-0.03799691215851575,0.12375504566251083,1.0,0.0,UWaveGestureLibraryZ,HYDRA
13,0.2,bottom,blur,3,3,0,0.08575813350399508,-0.05188558654579023,0.1376437200497853,1.0,1.0,UWaveGestureLibraryZ,HYDRA
13,0.2,random,blur,3,3,1,0.08575813350399508,,0.09979051056077078,0.7869448458348205,0.6,UWaveGestureLibraryZ,HYDRA
15,0.05,top,blur,0,0,0,1.1854424152787657,1.1775567072668114,0.007885708011954318,0.006652116760967402,0.0,UWaveGestureLibraryZ,HYDRA
15,0.05,bottom,blur,0,0,0,1.1854424152787657,1.1615503363824913,0.023892078896274427,0.020154550262237555,0.0,UWaveGestureLibraryZ,HYDRA
15,0.05,random,blur,0,0,0,1.1854424152787657,,-0.0037911170012774774,-0.0031980581716639497,0.0,UWaveGestureLibraryZ,HYDRA
15,0.1,top,blur,0,0,0,1.1854424152787657,1.1973773394701448,-0.011934924191379093,-0.010067898676186505,0.0,UWaveGestureLibraryZ,HYDRA
15,0.1,bottom,blur,0,0,0,1.1854424152787657,1.1608958107513212,0.024546604527444504,0.02070668596330445,0.0,UWaveGestureLibraryZ,HYDRA
15,0.1,random,blur,0,0,0,1.1854424152787657,,-0.01379716056232132,-0.011638818339614141,0.0,UWaveGestureLibraryZ,HYDRA
15,0.2,top,blur,0,0,0,1.1854424152787657,1.2420240051552254,-0.05658158987645967,-0.047730316898469675,0.0,UWaveGestureLibraryZ,HYDRA
15,0.2,bottom,blur,0,0,0,1.1854424152787657,1.186977727743967,-0.0015353124652013328,-0.0012951377057843735,0.0,UWaveGestureLibraryZ,HYDRA
15,0.2,random,blur,0,0,0,1.1854424152787657,,-0.0016011343681643809,-0.0013506628385023868,0.0,UWaveGestureLibraryZ,HYDRA
16,0.05,top,blur,4,4,4,0.9009059182490806,0.9156081920128294,-0.014702273763748774,-0.016319414876203586,0.0,UWaveGestureLibraryZ,HYDRA
16,0.05,bottom,blur,4,4,4,0.9009059182490806,0.9348259767905316,-0.03392005854145097,-0.0376510135002347,0.0,UWaveGestureLibraryZ,HYDRA
16,0.05,random,blur,4,4,4,0.9009059182490806,,-0.019058490844560037,-0.021154783539236617,0.0,UWaveGestureLibraryZ,HYDRA
16,0.1,top,blur,4,4,4,0.9009059182490806,0.920512773934778,-0.019606855685697422,-0.021763464447363212,0.0,UWaveGestureLibraryZ,HYDRA
16,0.1,bottom,blur,4,4,4,0.9009059182490806,0.9366479096790812,-0.035741991430000564,-0.03967334549885064,0.0,UWaveGestureLibraryZ,HYDRA
16,0.1,random,blur,4,4,4,0.9009059182490806,,0.0009120713119332713,0.0010123923942174722,0.0,UWaveGestureLibraryZ,HYDRA
16,0.2,top,blur,4,4,4,0.9009059182490806,0.9460551965754191,-0.04514927832633853,-0.05011536420886465,0.0,UWaveGestureLibraryZ,HYDRA
16,0.2,bottom,blur,4,4,4,0.9009059182490806,0.8968697236983316,0.004036194550748995,0.0044801460272870025,0.0,UWaveGestureLibraryZ,HYDRA
16,0.2,random,blur,4,4,4,0.9009059182490806,,-0.047225327238540823,-0.052419763109737914,0.0,UWaveGestureLibraryZ,HYDRA
17,0.05,top,blur,5,5,5,0.03646035564412409,0.022877345865017107,0.01358300977910698,0.3725316719345827,0.0,UWaveGestureLibraryZ,HYDRA
17,0.05,bottom,blur,5,5,5,0.03646035564412409,0.017598225540216728,0.01886213010390736,0.5173183983615013,0.0,UWaveGestureLibraryZ,HYDRA
17,0.05,random,blur,5,5,5,0.03646035564412409,,-0.018650078659983426,-0.46877502634442203,0.0,UWaveGestureLibraryZ,HYDRA
17,0.1,top,blur,5,5,5,0.03646035564412409,0.04022128781205825,-0.003760932167934161,-0.10314844584063765,0.0,UWaveGestureLibraryZ,HYDRA
17,0.1,bottom,blur,5,5,5,0.03646035564412409,0.03326451600472269,0.003195839639401399,0.08765004983890178,0.0,UWaveGestureLibraryZ,HYDRA
17,0.1,random,blur,5,5,5,0.03646035564412409,,-0.010562499345705346,-0.284267510984428,0.0,UWaveGestureLibraryZ,HYDRA
17,0.2,top,blur,5,5,5,0.03646035564412409,0.06421292684372548,-0.027752571199601395,-0.7611502838917029,0.0,UWaveGestureLibraryZ,HYDRA
17,0.2,bottom,blur,5,5,5,0.03646035564412409,0.02484473109559604,0.011615624548528047,0.31857357861020613,0.0,UWaveGestureLibraryZ,HYDRA
17,0.2,random,blur,5,5,5,0.03646035564412409,,-0.004501273797752581,-0.12345327589260884,0.0,UWaveGestureLibraryZ,HYDRA
18,0.05,top,blur,3,3,3,0.23254989415348037,0.2783185071090736,-0.0457686129555932,-0.19681116738853108,0.0,UWaveGestureLibraryZ,HYDRA
18,0.05,bottom,blur,3,3,3,0.23254989415348037,0.2413732769670589,-0.008823382813578529,-0.037941728178242214,0.0,UWaveGestureLibraryZ,HYDRA
18,0.05,random,blur,3,3,3,0.23254989415348037,,0.04521001092385235,0.19440910381541843,0.0,UWaveGestureLibraryZ,HYDRA
18,0.1,top,blur,3,3,3,0.23254989415348037,0.25996297438194016,-0.027413080228459785,-0.11787991754771551,0.0,UWaveGestureLibraryZ,HYDRA
18,0.1,bottom,blur,3,3,3,0.23254989415348037,0.20551781685069093,0.027032077302789448,0.11624155392388494,0.0,UWaveGestureLibraryZ,HYDRA
18,0.1,random,blur,3,3,3,0.23254989415348037,,0.0357428140095543,0.15369888875148568,0.0,UWaveGestureLibraryZ,HYDRA
18,0.2,top,blur,3,3,3,0.23254989415348037,0.26519559125146885,-0.03264569709798848,-0.14038087110704794,0.0,UWaveGestureLibraryZ,HYDRA
18,0.2,bottom,blur,3,3,3,0.23254989415348037,0.14158985032218263,0.09096004383129774,0.3911403745077212,0.0,UWaveGestureLibraryZ,HYDRA
18,0.2,random,blur,3,3,3,0.23254989415348037,,0.08010389248248992,0.34445746929539844,0.0,UWaveGestureLibraryZ,HYDRA
19,0.05,top,blur,2,2,2,0.05942169306416478,0.05942170000178515,-6.937620367075681e-09,-1.1675035258978282e-07,0.0,UWaveGestureLibraryZ,HYDRA
19,0.05,bottom,blur,2,2,2,0.05942169306416478,0.02567012966935489,0.03375156339480989,0.5679911436926102,0.0,UWaveGestureLibraryZ,HYDRA
19,0.05,random,blur,2,2,2,0.05942169306416478,,-0.004080636080363953,-0.068671342040282,0.0,UWaveGestureLibraryZ,HYDRA
19,0.1,top,blur,2,2,2,0.05942169306416478,0.05942170863917218,-1.5575007394907914e-08,-2.6210537745386224e-07,0.0,UWaveGestureLibraryZ,HYDRA
19,0.1,bottom,blur,2,2,2,0.05942169306416478,0.024451641061901563,0.03497005200226322,0.5884965860517709,0.0,UWaveGestureLibraryZ,HYDRA
19,0.1,random,blur,2,2,2,0.05942169306416478,,0.032820952266034834,0.552330272722488,0.0,UWaveGestureLibraryZ,HYDRA
19,0.2,top,blur,2,2,2,0.05942169306416478,0.06512497346653856,-0.005703280402373778,-0.09597815427542741,0.0,UWaveGestureLibraryZ,HYDRA
19,0.2,bottom,blur,2,2,2,0.05942169306416478,-0.06898533776708615,0.12840703083125093,1.0,0.0,UWaveGestureLibraryZ,HYDRA
19,0.2,random,blur,2,2,2,0.05942169306416478,,0.10265231903425123,1.0,0.0,UWaveGestureLibraryZ,HYDRA
20,0.05,top,blur,1,1,1,0.7868108953087977,0.7939184533360789,-0.007107558027281247,-0.009033363717120425,0.0,UWaveGestureLibraryZ,HYDRA
20,0.05,bottom,blur,1,1,1,0.7868108953087977,0.7850026707557637,0.0018082245530339769,0.0022981662628833396,0.0,UWaveGestureLibraryZ,HYDRA
20,0.05,random,blur,1,1,1,0.7868108953087977,,-0.0005289482613062724,-0.0006722677484415482,0.0,UWaveGestureLibraryZ,HYDRA
20,0.1,top,blur,1,1,1,0.7868108953087977,0.7902508409867152,-0.0034399456779174997,-0.004372005174842247,0.0,UWaveGestureLibraryZ,HYDRA
20,0.1,bottom,blur,1,1,1,0.7868108953087977,0.7885651416046912,-0.0017542462958934912,-0.002229562499439599,0.0,UWaveGestureLibraryZ,HYDRA
20,0.1,random,blur,1,1,1,0.7868108953087977,,0.00434498709114699,0.005522269194267489,0.0,UWaveGestureLibraryZ,HYDRA
20,0.2,top,blur,1,1,1,0.7868108953087977,0.7537877647156866,0.033023130593111016,0.04197080749541862,0.0,UWaveGestureLibraryZ,HYDRA
20,0.2,bottom,blur,1,1,1,0.7868108953087977,0.7844611795211326,0.0023497157876650743,0.002986375525935444,0.0,UWaveGestureLibraryZ,HYDRA
20,0.2,random,blur,1,1,1,0.7868108953087977,,0.010966715230790802,0.013938166537869551,0.0,UWaveGestureLibraryZ,HYDRA
22,0.05,top,blur,1,1,1,0.9453498006308091,0.9533917286936623,-0.008041928062853199,-0.008506818905201137,0.0,UWaveGestureLibraryZ,HYDRA
22,0.05,bottom,blur,1,1,1,0.9453498006308091,0.9657134248511746,-0.020363624220365528,-0.021540812370156547,0.0,UWaveGestureLibraryZ,HYDRA
22,0.05,random,blur,1,1,1,0.9453498006308091,,-0.004112463065417104,-0.00435019789761955,0.0,UWaveGestureLibraryZ,HYDRA
22,0.1,top,blur,1,1,1,0.9453498006308091,0.9286406978057379,0.01670910282507121,0.017675029009254172,0.0,UWaveGestureLibraryZ,HYDRA
22,0.1,bottom,blur,1,1,1,0.9453498006308091,0.9636455008439241,-0.018295700213114996,-0.019353345023780305,0.0,UWaveGestureLibraryZ,HYDRA
22,0.1,random,blur,1,1,1,0.9453498006308091,,-0.017178045970447853,-0.018171080998699497,0.0,UWaveGestureLibraryZ,HYDRA
22,0.2,top,blur,1,1,1,0.9453498006308091,0.914778712239713,0.030571088391096124,0.03233835351987516,0.0,UWaveGestureLibraryZ,HYDRA
22,0.2,bottom,blur,1,1,1,0.9453498006308091,0.9614702567485235,-0.0161204561177144,-0.017052353588697042,0.0,UWaveGestureLibraryZ,HYDRA
22,0.2,random,blur,1,1,1,0.9453498006308091,,-0.01984712312468635,-0.0209944531822926,0.0,UWaveGestureLibraryZ,HYDRA
23,0.05,top,blur,5,5,5,0.7023044675837554,0.6934559062541211,0.008848561329634297,0.01259930576943577,0.0,UWaveGestureLibraryZ,HYDRA
23,0.05,bottom,blur,5,5,5,0.7023044675837554,0.702697046128499,-0.00039257854474361586,-0.000558985459837386,0.0,UWaveGestureLibraryZ,HYDRA
23,0.05,random,blur,5,5,5,0.7023044675837554,,-0.01578027975933378,-0.022469253747411353,0.0,UWaveGestureLibraryZ,HYDRA
23,0.1,top,blur,5,5,5,0.7023044675837554,0.6985433560963613,0.0037611114873941087,0.005355378337483278,0.0,UWaveGestureLibraryZ,HYDRA
23,0.1,bottom,blur,5,5,5,0.7023044675837554,0.7070978602716219,-0.004793392687866493,-0.006825224790514455,0.0,UWaveGestureLibraryZ,HYDRA
23,0.1,random,blur,5,5,5,0.7023044675837554,,-0.0008784587668673627,-0.0012508214835485385,0.0,UWaveGestureLibraryZ,HYDRA
23,0.2,top,blur,5,5,5,0.7023044675837554,0.7109793625654458,-0.008674894981690384,-0.012352025410731741,0.0,UWaveGestureLibraryZ,HYDRA
23,0.2,bottom,blur,5,5,5,0.7023044675837554,0.7108806376770093,-0.008576170093253843,-0.01221145283513127,0.0,UWaveGestureLibraryZ,HYDRA
23,0.2,random,blur,5,5,5,0.7023044675837554,,-0.0324996223747366,-0.04627562204029227,0.0,UWaveGestureLibraryZ,HYDRA
24,0.05,top,blur,2,2,2,0.16348710830150914,0.16348709063119804,1.7670311103223924e-08,1.0808315838260152e-07,0.0,UWaveGestureLibraryZ,HYDRA
24,0.05,bottom,blur,2,2,2,0.16348710830150914,0.12818056908588815,0.03530653921562099,0.21595784294297252,0.0,UWaveGestureLibraryZ,HYDRA
24,0.05,random,blur,2,2,2,0.16348710830150914,,0.01749332039408984,0.10700056766103253,0.0,UWaveGestureLibraryZ,HYDRA
24,0.1,top,blur,2,2,2,0.16348710830150914,0.16263291737036756,0.0008541909311415852,0.005224789374688117,0.0,UWaveGestureLibraryZ,HYDRA
24,0.1,bottom,blur,2,2,2,0.16348710830150914,0.1320764816665646,0.03141062663494454,0.19212789823842247,0.0,UWaveGestureLibraryZ,HYDRA
24,0.1,random,blur,2,2,2,0.16348710830150914,,0.012650772008129297,0.07738038038092901,0.0,UWaveGestureLibraryZ,HYDRA
24,0.2,top,blur,2,2,2,0.16348710830150914,0.13775165714074267,0.025735451160766476,0.1574148201244366,0.0,UWaveGestureLibraryZ,HYDRA
24,0.2,bottom,blur,2,2,2,0.16348710830150914,0.053539284694748335,0.10994782360676081,0.6725126662056184,0.0,UWaveGestureLibraryZ,HYDRA
24,0.2,random,blur,2,2,2,0.16348710830150914,,0.028567091599230033,0.17473498162047257,0.0,UWaveGestureLibraryZ,HYDRA
26,0.05,top,blur,0,0,0,0.6486057128765855,0.669086523511829,-0.02048081063524343,-0.03157662452244838,0.0,UWaveGestureLibraryZ,HYDRA
26,0.05,bottom,blur,0,0,0,0.6486057128765855,0.667297111048368,-0.018691398171782447,-0.02881776861186908,0.0,UWaveGestureLibraryZ,HYDRA
26,0.05,random,blur,0,0,0,0.6486057128765855,,-0.01707477487835085,-0.026325313228140725,0.0,UWaveGestureLibraryZ,HYDRA
26,0.1,top,blur,0,0,0,0.6486057128765855,0.6500996184632445,-0.0014939055866589612,-0.002303253353690183,0.0,UWaveGestureLibraryZ,HYDRA
26,0.1,bottom,blur,0,0,0,0.6486057128765855,0.6616153532484418,-0.013009640371856257,-0.020057825664736347,0.0,UWaveGestureLibraryZ,HYDRA
26,0.1,random,blur,0,0,0,0.6486057128765855,,-0.03295705491528178,-0.050812078045132304,0.0,UWaveGestureLibraryZ,HYDRA
26,0.2,top,blur,0,0,0,0.6486057128765855,0.6399853382545976,0.008620374621987947,0.01329060345946219,0.0,UWaveGestureLibraryZ,HYDRA
26,0.2,bottom,blur,0,0,0,0.6486057128765855,0.7130706609486691,-0.06446494807208358,-0.0993898872649345,0.0,UWaveGestureLibraryZ,HYDRA
26,0.2,random,blur,0,0,0,0.6486057128765855,,-0.01809540082830825,-0.027898879966959843,0.0,UWaveGestureLibraryZ,HYDRA
30,0.05,top,blur,4,4,4,0.8287466049704706,0.837740095494794,-0.008993490524323411,-0.010851905297082411,0.0,UWaveGestureLibraryZ,HYDRA
30,0.05,bottom,blur,4,4,4,0.8287466049704706,0.8287466112646336,-6.294162968600858e-09,-7.59478872801705e-09,0.0,UWaveGestureLibraryZ,HYDRA
30,0.05,random,blur,4,4,4,0.8287466049704706,,-0.017951848822789485,-0.021661418645582853,0.0,UWaveGestureLibraryZ,HYDRA
30,0.1,top,blur,4,4,4,0.8287466049704706,0.8502228035251373,-0.02147619855466676,-0.025914039963267205,0.0,UWaveGestureLibraryZ,HYDRA
30,0.1,bottom,blur,4,4,4,0.8287466049704706,0.8185401490270918,0.010206455943378767,0.012315517875605126,0.0,UWaveGestureLibraryZ,HYDRA
30,0.1,random,blur,4,4,4,0.8287466049704706,,-0.021993960526159474,-0.026538792262263182,0.0,UWaveGestureLibraryZ,HYDRA
30,0.2,top,blur,4,4,4,0.8287466049704706,0.8529853151649132,-0.02423871019444257,-0.02924739697474749,0.0,UWaveGestureLibraryZ,HYDRA
30,0.2,bottom,blur,4,4,4,0.8287466049704706,0.8767870254879682,-0.04804042051749757,-0.057967492429989366,0.0,UWaveGestureLibraryZ,HYDRA
30,0.2,random,blur,4,4,4,0.8287466049704706,,-0.02829144389451521,-0.03413758751740016,0.0,UWaveGestureLibraryZ,HYDRA
32,0.05,top,blur,4,4,4,0.20323252519175217,0.2032325256410923,-4.4934012066732976e-10,-2.2109547145008405e-09,0.0,UWaveGestureLibraryZ,HYDRA
32,0.05,bottom,blur,4,4,4,0.20323252519175217,0.21256346165975004,-0.009330936467997875,-0.04591238802355111,0.0,UWaveGestureLibraryZ,HYDRA
32,0.05,random,blur,4,4,4,0.20323252519175217,,0.0042832157113910085,0.021075340337425953,0.0,UWaveGestureLibraryZ,HYDRA
32,0.1,top,blur,4,4,4,0.20323252519175217,0.2032325230710903,2.120661868332263e-09,1.0434606526316979e-08,0.0,UWaveGestureLibraryZ,HYDRA
32,0.1,bottom,blur,4,4,4,0.20323252519175217,0.2319064526176977,-0.028673927425945545,-0.141088569904456,0.0,UWaveGestureLibraryZ,HYDRA
32,0.1,random,blur,4,4,4,0.20323252519175217,,-0.009082415644406238,-0.04468955422505671,0.0,UWaveGestureLibraryZ,HYDRA
32,0.2,top,blur,4,4,4,0.20323252519175217,0.2032325243993347,7.924174649787119e-10,3.899048959717944e-09,0.0,UWaveGestureLibraryZ,HYDRA
32,0.2,bottom,blur,4,4,4,0.20323252519175217,0.22009863901990623,-0.01686611382815406,-0.08298883667072532,0.0,UWaveGestureLibraryZ,HYDRA
32,0.2,random,blur,4,4,4,0.20323252519175217,,-0.023167177201240997,-0.11399289157329044,0.0,UWaveGestureLibraryZ,HYDRA
34,0.05,top,blur,6,6,6,0.5413722757644668,0.4996567182101064,0.041715557554360405,0.07705507349887997,0.0,UWaveGestureLibraryZ,HYDRA
34,0.05,bottom,blur,6,6,6,0.5413722757644668,0.541372277142369,-1.3779022367543803e-09,-2.5451981071815205e-09,0.0,UWaveGestureLibraryZ,HYDRA
34,0.05,random,blur,6,6,6,0.5413722757644668,,0.017864627796409537,0.03299872490230167,0.0,UWaveGestureLibraryZ,HYDRA
34,0.1,top,blur,6,6,6,0.5413722757644668,0.5442573779591577,-0.0028851021946909583,-0.005329229062178844,0.0,UWaveGestureLibraryZ,HYDRA
34,0.1,bottom,blur,6,6,6,0.5413722757644668,0.5465689059394958,-0.005196630175029027,-0.009598978020647448,0.0,UWaveGestureLibraryZ,HYDRA
34,0.1,random,blur,6,6,6,0.5413722757644668,,-0.01462205563683323,-0.02700919364035027,0.0,UWaveGestureLibraryZ,HYDRA
34,0.2,top,blur,6,6,6,0.5413722757644668,0.5119235865099308,0.02944868925453603,0.05439627438748595,0.0,UWaveGestureLibraryZ,HYDRA
34,0.2,bottom,blur,6,6,6,0.5413722757644668,0.550228475805262,-0.008856200040795237,-0.016358768408524602,0.0,UWaveGestureLibraryZ,HYDRA
34,0.2,random,blur,6,6,6,0.5413722757644668,,0.017174028019187527,0.03172308052135799,0.0,UWaveGestureLibraryZ,HYDRA
35,0.05,top,blur,1,1,1,0.747991424055012,0.7451604216846742,0.002831002370337732,0.003784800860669576,0.0,UWaveGestureLibraryZ,HYDRA
35,0.05,bottom,blur,1,1,1,0.747991424055012,0.7476789542429964,0.0003124698120156033,0.0004177446214249656,0.0,UWaveGestureLibraryZ,HYDRA
35,0.05,random,blur,1,1,1,0.747991424055012,,-0.004308006960699329,-0.005759425927531174,0.0,UWaveGestureLibraryZ,HYDRA
35,0.1,top,blur,1,1,1,0.747991424055012,0.7626841959027976,-0.014692771847785613,-0.019642942061008115,0.0,UWaveGestureLibraryZ,HYDRA
35,0.1,bottom,blur,1,1,1,0.747991424055012,0.7421054414111022,0.005885982643909715,0.007869040453646123,0.0,UWaveGestureLibraryZ,HYDRA
35,0.1,random,blur,1,1,1,0.747991424055012,,0.0043507897228792555,0.005816622712958483,0.0,UWaveGestureLibraryZ,HYDRA
35,0.2,top,blur,1,1,1,0.747991424055012,0.7839710740029903,-0.03597964994797831,-0.04810162348025619,0.0,UWaveGestureLibraryZ,HYDRA
35,0.2,bottom,blur,1,1,1,0.747991424055012,0.7320174478268459,0.015973976228166098,0.021355799490010974,0.0,UWaveGestureLibraryZ,HYDRA
35,0.2,random,blur,1,1,1,0.747991424055012,,0.013892331981623674,0.018572824449625637,0.0,UWaveGestureLibraryZ,HYDRA
37,0.05,top,blur,6,6,6,0.1674685518612442,0.1527356982707283,0.014732853590515904,0.08797332665416524,0.0,UWaveGestureLibraryZ,HYDRA
37,0.05,bottom,blur,6,6,6,0.1674685518612442,0.1842793051936793,-0.01681075333243509,-0.10038095370532507,0.0,UWaveGestureLibraryZ,HYDRA
37,0.05,random,blur,6,6,6,0.1674685518612442,,0.0027651216990969506,0.016511190651468242,0.0,UWaveGestureLibraryZ,HYDRA
37,0.1,top,blur,6,6,6,0.1674685518612442,0.14534945757807893,0.022119094283165275,0.13207830341298044,0.0,UWaveGestureLibraryZ,HYDRA
37,0.1,bottom,blur,6,6,6,0.1674685518612442,0.20031922002352864,-0.032850668162284435,-0.19615904979254162,0.0,UWaveGestureLibraryZ,HYDRA
37,0.1,random,blur,6,6,6,0.1674685518612442,,0.017519509932021827,0.10461310570973226,0.0,UWaveGestureLibraryZ,HYDRA
37,0.2,top,blur,6,6,6,0.1674685518612442,0.17208718424189307,-0.004618632380648857,-0.02757893795808085,0.0,UWaveGestureLibraryZ,HYDRA
37,0.2,bottom,blur,6,6,6,0.1674685518612442,0.1873258119882948,-0.01985726012705058,-0.1185723608044475,0.0,UWaveGestureLibraryZ,HYDRA
37,0.2,random,blur,6,6,6,0.1674685518612442,,-0.0006628983239262976,-0.003958321477300764,0.0,UWaveGestureLibraryZ,HYDRA
39,0.05,top,blur,0,0,0,0.6956312620542277,0.6883108830569952,0.0073203789972324795,0.010523346021380796,0.0,UWaveGestureLibraryZ,HYDRA
39,0.05,bottom,blur,0,0,0,0.6956312620542277,0.6956312658220866,-3.767858913761302e-09,-5.416452225252859e-09,0.0,UWaveGestureLibraryZ,HYDRA
39,0.05,random,blur,0,0,0,0.6956312620542277,,-0.012674288309202008,-0.018219810955539022,0.0,UWaveGestureLibraryZ,HYDRA
39,0.1,top,blur,0,0,0,0.6956312620542277,0.7488340708532698,-0.053202808799042156,-0.07648122679349618,0.0,UWaveGestureLibraryZ,HYDRA
39,0.1,bottom,blur,0,0,0,0.6956312620542277,0.6916265777156666,0.004004684338561049,0.005756898518097865,0.0,UWaveGestureLibraryZ,HYDRA
39,0.1,random,blur,0,0,0,0.6956312620542277,,-0.006827011116140591,-0.009814109391620474,0.0,UWaveGestureLibraryZ,HYDRA
39,0.2,top,blur,0,0,0,0.6956312620542277,0.7377848451418639,-0.04215358308763628,-0.06059751018901165,0.0,UWaveGestureLibraryZ,HYDRA
39,0.2,bottom,blur,0,0,0,0.6956312620542277,0.7304113129847875,-0.0347800509305598,-0.049997754313253144,0.0,UWaveGestureLibraryZ,HYDRA
39,0.2,random,blur,0,0,0,0.6956312620542277,,-0.014627289213081785,-0.021027330115321076,0.0,UWaveGestureLibraryZ,HYDRA
40,0.05,top,blur,6,6,6,0.02251703455591969,0.011792817471828032,0.010724217084091658,0.47625013885913964,0.0,UWaveGestureLibraryZ,HYDRA
40,0.05,bottom,blur,6,6,6,0.02251703455591969,0.0413526977665436,-0.01883566321062391,-0.8364701263713207,0.0,UWaveGestureLibraryZ,HYDRA
40,0.05,random,blur,6,6,6,0.02251703455591969,,-0.0012126393302871242,-0.13709079216608772,0.0,UWaveGestureLibraryZ,HYDRA
40,0.1,top,blur,6,6,6,0.02251703455591969,0.02529949130226883,-0.002782456746349138,-0.1235657019461171,0.0,UWaveGestureLibraryZ,HYDRA
40,0.1,bottom,blur,6,6,6,0.02251703455591969,0.04700109359432969,-0.02448405903841,-1.0,0.0,UWaveGestureLibraryZ,HYDRA
40,0.1,random,blur,6,6,6,0.02251703455591969,,-0.006651130555682294,-0.11598724372851213,0.0,UWaveGestureLibraryZ,HYDRA
40,0.2,top,blur,6,6,6,0.02251703455591969,0.04995959332519584,-0.02744255876927615,-1.0,0.0,UWaveGestureLibraryZ,HYDRA
40,0.2,bottom,blur,6,6,6,0.02251703455591969,0.017942859960794033,0.004574174595125657,0.2031338296318214,0.0,UWaveGestureLibraryZ,HYDRA
40,0.2,random,blur,6,6,6,0.02251703455591969,,-0.007344733308063911,-0.2619738619915256,0.0,UWaveGestureLibraryZ,HYDRA
41,0.05,top,blur,1,1,1,1.048379300771206,1.0489261739529967,-0.0005468731817908079,-0.0005216362625170646,0.0,UWaveGestureLibraryZ,HYDRA
41,0.05,bottom,blur,1,1,1,1.048379300771206,1.0451163840440376,0.0032629167271682746,0.0031123407457847303,0.0,UWaveGestureLibraryZ,HYDRA
41,0.05,random,blur,1,1,1,1.048379300771206,,0.0006832601833202112,0.0006517293226681138,0.0,UWaveGestureLibraryZ,HYDRA
41,0.1,top,blur,1,1,1,1.048379300771206,1.0603251092478017,-0.011945808476595765,-0.011394537333263732,0.0,UWaveGestureLibraryZ,HYDRA
41,0.1,bottom,blur,1,1,1,1.048379300771206,1.0545759187145096,-0.006196617943303728,-0.005910658506980143,0.0,UWaveGestureLibraryZ,HYDRA
41,0.1,random,blur,1,1,1,1.048379300771206,,0.0004707093854881883,0.0004489872474157771,0.0,UWaveGestureLibraryZ,HYDRA
41,0.2,top,blur,1,1,1,1.048379300771206,1.0722336259004686,-0.023854325129262666,-0.022753503773120336,0.0,UWaveGestureLibraryZ,HYDRA
41,0.2,bottom,blur,1,1,1,1.048379300771206,1.0452751691685527,0.003104131602653215,0.0029608831836784462,0.0,UWaveGestureLibraryZ,HYDRA
41,0.2,random,blur,1,1,1,1.048379300771206,,0.006799347017459478,0.006485573042967105,0.0,UWaveGestureLibraryZ,HYDRA
43,0.05,top,blur,7,7,7,0.22675060799067626,0.2683161762418478,-0.041565568251171525,-0.1833088136375229,0.0,UWaveGestureLibraryZ,HYDRA
43,0.05,bottom,blur,7,7,7,0.22675060799067626,0.2609922829700628,-0.03424167497938657,-0.151009623626548,0.0,UWaveGestureLibraryZ,HYDRA
43,0.05,random,blur,7,7,7,0.22675060799067626,,-0.02805150864615482,-0.12371029645491319,0.0,UWaveGestureLibraryZ,HYDRA
43,0.1,top,blur,7,7,7,0.22675060799067626,0.2802809362321925,-0.05353032824151627,-0.23607474591191155,0.0,UWaveGestureLibraryZ,HYDRA
43,0.1,bottom,blur,7,7,7,0.22675060799067626,0.20143402554717782,0.025316582443498437,0.11164896543771995,0.0,UWaveGestureLibraryZ,HYDRA
43,0.1,random,blur,7,7,7,0.22675060799067626,,0.002264732296091099,0.009987723201434678,0.0,UWaveGestureLibraryZ,HYDRA
43,0.2,top,blur,7,7,7,0.22675060799067626,0.29177810363062306,-0.06502749563994681,-0.28677854245964446,0.0,UWaveGestureLibraryZ,HYDRA
43,0.2,bottom,blur,7,7,7,0.22675060799067626,0.2118897698087443,0.014860838181931957,0.06553796162073089,0.0,UWaveGestureLibraryZ,HYDRA
43,0.2,random,blur,7,7,7,0.22675060799067626,,-0.04194108208762395,-0.18496487173466267,0.0,UWaveGestureLibraryZ,HYDRA
44,0.05,top,blur,7,7,7,0.6207122493333543,0.612583608969429,0.008128640363925355,0.013095645006217458,0.0,UWaveGestureLibraryZ,HYDRA
44,0.05,bottom,blur,7,7,7,0.6207122493333543,0.6503055826021891,-0.02959333326883473,-0.04767633573251087,0.0,UWaveGestureLibraryZ,HYDRA
44,0.05,random,blur,7,7,7,0.6207122493333543,,-0.0005424991392410483,-0.000873993168058991,0.0,UWaveGestureLibraryZ,HYDRA
44,0.1,top,blur,7,7,7,0.6207122493333543,0.6492918799645493,-0.028579630631194952,-0.046043210229344156,0.0,UWaveGestureLibraryZ,HYDRA
44,0.1,bottom,blur,7,7,7,0.6207122493333543,0.6702289557773431,-0.049516706443988756,-0.0797738835076739,0.0,UWaveGestureLibraryZ,HYDRA
44,0.1,random,blur,7,7,7,0.6207122493333543,,-0.026192459400083523,-0.042197358326432066,0.0,UWaveGestureLibraryZ,HYDRA
44,0.2,top,blur,7,7,7,0.6207122493333543,0.6559109366840923,-0.035198687350737945,-0.05670684070066381,0.0,UWaveGestureLibraryZ,HYDRA
44,0.2,bottom,blur,7,7,7,0.6207122493333543,0.6596062952857755,-0.038894045952421186,-0.06266024769761781,0.0,UWaveGestureLibraryZ,HYDRA
44,0.2,random,blur,7,7,7,0.6207122493333543,,-0.04041184249398366,-0.06510549361945464,0.0,UWaveGestureLibraryZ,HYDRA
46,0.05,top,blur,0,0,0,0.16257163460650415,0.19815161994835961,-0.03557998534185547,-0.21885593124558983,0.0,UWaveGestureLibraryZ,HYDRA
46,0.05,bottom,blur,0,0,0,0.16257163460650415,0.15716762860885292,0.005404005997651229,0.03324056358397127,0.0,UWaveGestureLibraryZ,HYDRA
46,0.05,random,blur,0,0,0,0.16257163460650415,,-0.01840427848428803,-0.11320649707642565,0.0,UWaveGestureLibraryZ,HYDRA
46,0.1,top,blur,0,0,0,0.16257163460650415,0.24377473020700602,-0.08120309560050187,-0.4994880952569193,0.0,UWaveGestureLibraryZ,HYDRA
46,0.1,bottom,blur,0,0,0,0.16257163460650415,0.17005679126015172,-0.007485156653647573,-0.04604192256442715,0.0,UWaveGestureLibraryZ,HYDRA
46,0.1,random,blur,0,0,0,0.16257163460650415,,-0.017414264967621707,-0.10711682817819698,0.0,UWaveGestureLibraryZ,HYDRA
46,0.2,top,blur,0,0,0,0.16257163460650415,0.2670029381007152,-0.10443130349421104,-0.6423670487162849,0.0,UWaveGestureLibraryZ,HYDRA
46,0.2,bottom,blur,0,0,0,0.16257163460650415,0.1839466590336576,-0.021375024427153444,-0.131479842710861,0.0,UWaveGestureLibraryZ,HYDRA
46,0.2,random,blur,0,0,0,0.16257163460650415,,-0.08122548880854885,-0.49962583804555755,0.0,UWaveGestureLibraryZ,HYDRA
47,0.05,top,blur,1,1,1,0.6840983025361774,0.6756567850897633,0.008441517446414082,0.012339608321655416,0.0,UWaveGestureLibraryZ,HYDRA
47,0.05,bottom,blur,1,1,1,0.6840983025361774,0.6876105220238043,-0.003512219487626922,-0.005134078451192668,0.0,UWaveGestureLibraryZ,HYDRA
47,0.05,random,blur,1,1,1,0.6840983025361774,,-0.009915469359010044,-0.014494195977470214,0.0,UWaveGestureLibraryZ,HYDRA
47,0.1,top,blur,1,1,1,0.6840983025361774,0.6893582325502171,-0.005259930014039682,-0.0076888399016625504,0.0,UWaveGestureLibraryZ,HYDRA
47,0.1,bottom,blur,1,1,1,0.6840983025361774,0.6824011807188589,0.0016971218173185143,0.0024808120853606116,0.0,UWaveGestureLibraryZ,HYDRA
47,0.1,random,blur,1,1,1,0.6840983025361774,,-0.006333035864921443,-0.00925748037082165,0.0,UWaveGestureLibraryZ,HYDRA
47,0.2,top,blur,1,1,1,0.6840983025361774,0.6849127511077494,-0.0008144485715719796,-0.0011905414441332643,0.0,UWaveGestureLibraryZ,HYDRA
47,0.2,bottom,blur,1,1,1,0.6840983025361774,0.6886226219864672,-0.004524319450289749,-0.0066135419719281,0.0,UWaveGestureLibraryZ,HYDRA
47,0.2,random,blur,1,1,1,0.6840983025361774,,-0.003397970306186693,-0.004967071730068015,0.0,UWaveGestureLibraryZ,HYDRA
48,0.05,top,blur,1,1,1,0.47018348396364906,0.4692168383384806,0.0009666456251684608,0.0020558858451041402,0.0,UWaveGestureLibraryZ,HYDRA
48,0.05,bottom,blur,1,1,1,0.47018348396364906,0.46871728289531045,0.0014662010683386129,0.003118352728228199,0.0,UWaveGestureLibraryZ,HYDRA
48,0.05,random,blur,1,1,1,0.47018348396364906,,-0.013152549698584527,-0.027973168292812867,0.0,UWaveGestureLibraryZ,HYDRA
48,0.1,top,blur,1,1,1,0.47018348396364906,0.4984664879095647,-0.028283003945915652,-0.06015299294330238,0.0,UWaveGestureLibraryZ,HYDRA
48,0.1,bottom,blur,1,1,1,0.47018348396364906,0.4602146945746334,0.009968789389015686,0.02120186805183132,0.0,UWaveGestureLibraryZ,HYDRA
48,0.1,random,blur,1,1,1,0.47018348396364906,,-0.003195279622687197,-0.006795799801284449,0.0,UWaveGestureLibraryZ,HYDRA
48,0.2,top,blur,1,1,1,0.47018348396364906,0.5173908456768793,-0.047207361713230256,-0.10040178551889424,0.0,UWaveGestureLibraryZ,HYDRA
48,0.2,bottom,blur,1,1,1,0.47018348396364906,0.47486143879421283,-0.004677954830563769,-0.009949190137302428,0.0,UWaveGestureLibraryZ,HYDRA
48,0.2,random,blur,1,1,1,0.47018348396364906,,-0.010781228999083892,-0.022929784726621074,0.0,UWaveGestureLibraryZ,HYDRA
49,0.05,top,blur,3,3,3,0.12481343586154847,0.10725836357032825,0.01755507229122022,0.14064937416929352,0.0,UWaveGestureLibraryZ,HYDRA
49,0.05,bottom,blur,3,3,3,0.12481343586154847,0.1211234793707493,0.0036899564907991733,0.029563539388122465,0.0,UWaveGestureLibraryZ,HYDRA
49,0.05,random,blur,3,3,3,0.12481343586154847,,0.03978076456531583,0.318719259440815,0.0,UWaveGestureLibraryZ,HYDRA
49,0.1,top,blur,3,3,3,0.12481343586154847,0.10145689622323029,0.023356539638318186,0.18713011421392503,0.0,UWaveGestureLibraryZ,HYDRA
49,0.1,bottom,blur,3,3,3,0.12481343586154847,0.10030657996830572,0.02450685589324275,0.19634632584028341,0.0,UWaveGestureLibraryZ,HYDRA
49,0.1,random,blur,3,3,3,0.12481343586154847,,0.02239658632922097,0.1794390702856245,0.0,UWaveGestureLibraryZ,HYDRA
49,0.2,top,blur,3,3,3,0.12481343586154847,-0.0063589516485133,0.13117238751006177,1.0,0.0,UWaveGestureLibraryZ,HYDRA
49,0.2,bottom,blur,3,3,3,0.12481343586154847,0.07775494127603733,0.047058494585511146,0.3770276591860833,0.0,UWaveGestureLibraryZ,HYDRA
49,0.2,random,blur,3,3,3,0.12481343586154847,,0.09863973520988834,0.7801032294076204,0.0,UWaveGestureLibraryZ,HYDRA
51,0.05,top,blur,5,5,5,0.18549520809421027,0.18589443303538655,-0.0003992249411762794,-0.0021522000114068103,0.0,UWaveGestureLibraryZ,HYDRA
51,0.05,bottom,blur,5,5,5,0.18549520809421027,0.19170163885237979,-0.006206430758169512,-0.03345853169687099,0.0,UWaveGestureLibraryZ,HYDRA
51,0.05,random,blur,5,5,5,0.18549520809421027,,-0.003275878421845557,-0.017660082949953325,0.0,UWaveGestureLibraryZ,HYDRA
51,0.1,top,blur,5,5,5,0.18549520809421027,0.18443568971918045,0.001059518375029822,0.0057118061113772805,0.0,UWaveGestureLibraryZ,HYDRA
51,0.1,bottom,blur,5,5,5,0.18549520809421027,0.22424011288281276,-0.038744904788602486,-0.20887168091826777,0.0,UWaveGestureLibraryZ,HYDRA
51,0.1,random,blur,5,5,5,0.18549520809421027,,0.01322863817670401,0.07131487113734108,0.0,UWaveGestureLibraryZ,HYDRA
51,0.2,top,blur,5,5,5,0.18549520809421027,0.17830348956825304,0.007191718525957236,0.03877016462948228,0.0,UWaveGestureLibraryZ,HYDRA
51,0.2,bottom,blur,5,5,5,0.18549520809421027,0.26690751083250286,-0.08141230273829259,-0.4388893097854847,0.0,UWaveGestureLibraryZ,HYDRA
51,0.2,random,blur,5,5,5,0.18549520809421027,,-0.007760824357427509,-0.04183818330931015,0.0,UWaveGestureLibraryZ,HYDRA
52,0.05,top,blur,4,4,4,1.012377156404604,1.012377152012928,4.391675911818993e-09,4.337979720360372e-09,0.0,UWaveGestureLibraryZ,HYDRA
52,0.05,bottom,blur,4,4,4,1.012377156404604,1.0376028883119552,-0.025225731907351223,-0.024917301650342588,0.0,UWaveGestureLibraryZ,HYDRA
52,0.05,random,blur,4,4,4,1.012377156404604,,-0.0014990409323675457,-0.0014807124421681453,0.0,UWaveGestureLibraryZ,HYDRA
52,0.1,top,blur,4,4,4,1.012377156404604,0.9983233181084008,0.014053838296203214,0.013882004671173979,0.0,UWaveGestureLibraryZ,HYDRA
52,0.1,bottom,blur,4,4,4,1.012377156404604,1.0343753913177276,-0.021998234913123582,-0.02172926665194842,0.0,UWaveGestureLibraryZ,HYDRA
52,0.1,random,blur,4,4,4,1.012377156404604,,0.0013969698107486827,0.001379889324864466,0.0,UWaveGestureLibraryZ,HYDRA
52,0.2,top,blur,4,4,4,1.012377156404604,0.9844423491931262,0.027934807211477786,0.02759325360267201,0.0,UWaveGestureLibraryZ,HYDRA
52,0.2,bottom,blur,4,4,4,1.012377156404604,1.008936159531699,0.003440996872905,0.0033989244544009914,0.0,UWaveGestureLibraryZ,HYDRA
52,0.2,random,blur,4,4,4,1.012377156404604,,-0.005597679003009981,-0.005529237239659317,0.0,UWaveGestureLibraryZ,HYDRA
54,0.05,top,blur,3,3,3,0.3488225152761756,0.34882251206675174,3.2094238378022055e-09,9.200709520002384e-09,0.0,UWaveGestureLibraryZ,HYDRA
54,0.05,bottom,blur,3,3,3,0.3488225152761756,0.37120992818178833,-0.022387412905612747,-0.06417976978383427,0.0,UWaveGestureLibraryZ,HYDRA
54,0.05,random,blur,3,3,3,0.3488225152761756,,0.015954729431733528,0.04573868656504313,0.0,UWaveGestureLibraryZ,HYDRA
54,0.1,top,blur,3,3,3,0.3488225152761756,0.34882250944517634,5.830999239009316e-09,1.671618736595987e-08,0.0,UWaveGestureLibraryZ,HYDRA
54,0.1,bottom,blur,3,3,3,0.3488225152761756,0.3712099405485668,-0.022387425272391237,-0.0641798052366577,0.0,UWaveGestureLibraryZ,HYDRA
54,0.1,random,blur,3,3,3,0.3488225152761756,,0.043371658095593665,0.12433696753859853,0.0,UWaveGestureLibraryZ,HYDRA
54,0.2,top,blur,3,3,3,0.3488225152761756,0.348822515090058,1.8611756580355632e-10,5.335579674329027e-10,0.0,UWaveGestureLibraryZ,HYDRA
54,0.2,bottom,blur,3,3,3,0.3488225152761756,0.4071535988791498,-0.05833108360297423,-0.16722233751010596,0.0,UWaveGestureLibraryZ,HYDRA
54,0.2,random,blur,3,3,3,0.3488225152761756,,-0.0016271369027781812,-0.004664642237464758,0.0,UWaveGestureLibraryZ,HYDRA
55,0.05,top,blur,5,5,5,0.01785212611261844,0.015667784973035448,0.0021843411395829904,0.12235062508403592,0.0,UWaveGestureLibraryZ,HYDRA
55,0.05,bottom,blur,5,5,5,0.01785212611261844,0.014688112688458821,0.0031640134241596174,0.17722461624932562,0.0,UWaveGestureLibraryZ,HYDRA
55,0.05,random,blur,5,5,5,0.01785212611261844,,0.004897168503823113,0.2500876805150061,0.0,UWaveGestureLibraryZ,HYDRA
55,0.1,top,blur,5,5,5,0.01785212611261844,0.017852109556000695,1.6556617743468394e-08,9.273791961714938e-07,0.0,UWaveGestureLibraryZ,HYDRA
55,0.1,bottom,blur,5,5,5,0.01785212611261844,0.006841957828560674,0.011010168284057764,0.6167081448148103,0.0,UWaveGestureLibraryZ,HYDRA
55,0.1,random,blur,5,5,5,0.01785212611261844,,0.0042360845088724956,0.10092608206666605,0.0,UWaveGestureLibraryZ,HYDRA
55,0.2,top,blur,5,5,5,0.01785212611261844,0.013717742706060965,0.004134383406557474,0.23157756128969068,0.0,UWaveGestureLibraryZ,HYDRA
55,0.2,bottom,blur,5,5,5,0.01785212611261844,0.0068419717130264734,0.011010154399591965,0.6167073671097903,0.0,UWaveGestureLibraryZ,HYDRA
55,0.2,random,blur,5,5,5,0.01785212611261844,,0.04814660025949933,1.0,0.0,UWaveGestureLibraryZ,HYDRA
56,0.05,top,blur,2,2,2,0.06915986937681773,0.06915986534171759,4.035100142907311e-09,5.8343687395286704e-08,0.0,UWaveGestureLibraryZ,HYDRA
56,0.05,bottom,blur,2,2,2,0.06915986937681773,0.11910032806366755,-0.04994045868684982,-0.7220912509753605,0.0,UWaveGestureLibraryZ,HYDRA
56,0.05,random,blur,2,2,2,0.06915986937681773,,0.018027625578649054,0.1940335645709444,0.0,UWaveGestureLibraryZ,HYDRA
56,0.1,top,blur,2,2,2,0.06915986937681773,0.06915984992291446,1.9453903266075656e-08,2.8128482827597994e-07,0.0,UWaveGestureLibraryZ,HYDRA
56,0.1,bottom,blur,2,2,2,0.06915986937681773,0.12333754176879341,-0.054177672391975684,-0.7833573071037144,0.0,UWaveGestureLibraryZ,HYDRA
56,0.1,random,blur,2,2,2,0.06915986937681773,,0.0958088148699888,0.9475891525618255,0.0,UWaveGestureLibraryZ,HYDRA
56,0.2,top,blur,2,2,2,0.06915986937681773,0.059662339719164015,0.009497529657653714,0.13732519187847606,0.0,UWaveGestureLibraryZ,HYDRA
56,0.2,bottom,blur,2,2,2,0.06915986937681773,0.10309527016180209,-0.03393540078498436,-0.4906734269069105,0.0,UWaveGestureLibraryZ,HYDRA
56,0.2,random,blur,2,2,2,0.06915986937681773,,0.12015184614962142,0.8674449682436848,0.0,UWaveGestureLibraryZ,HYDRA
57,0.05,top,blur,6,6,6,-0.07272156458069956,-0.12423677775593323,0.051515213175233665,0.7083800395689801,0.0,UWaveGestureLibraryZ,HYDRA
57,0.05,bottom,blur,6,6,6,-0.07272156458069956,-0.09856238066678424,0.025840816086084684,0.35533422446081875,0.0,UWaveGestureLibraryZ,HYDRA
57,0.05,random,blur,6,6,6,-0.07272156458069956,,-0.0037719757844137504,-0.039087218219486075,0.0,UWaveGestureLibraryZ,HYDRA
57,0.1,top,blur,6,6,6,-0.07272156458069956,-0.098819060482227,0.026097495901527434,0.35886380041736954,0.0,UWaveGestureLibraryZ,HYDRA
57,0.1,bottom,blur,6,6,6,-0.07272156458069956,-0.0993098684029754,0.02658830382227584,0.36561284624074336,0.0,UWaveGestureLibraryZ,HYDRA
57,0.1,random,blur,6,6,6,-0.07272156458069956,,-0.0008938021727354251,-0.012290575530289227,0.0,UWaveGestureLibraryZ,HYDRA
57,0.2,top,blur,6,6,6,-0.07272156458069956,-0.10956794611607079,0.03684638153537123,0.5066705464503131,0.0,UWaveGestureLibraryZ,HYDRA
57,0.2,bottom,blur,6,6,6,-0.07272156458069956,-0.096191821085721,0.023470256505021436,0.3227369199689968,0.0,UWaveGestureLibraryZ,HYDRA
57,0.2,random,blur,6,6,6,-0.07272156458069956,,-0.014097142019510955,-0.15564599664416473,0.0,UWaveGestureLibraryZ,HYDRA
58,0.05,top,blur,4,4,4,0.7534350730558292,0.7483286537980482,0.005106419257780992,0.006777508325384639,0.0,UWaveGestureLibraryZ,HYDRA
58,0.05,bottom,blur,4,4,4,0.7534350730558292,0.7605082970665837,-0.0070732240107544975,-0.009387955081665402,0.0,UWaveGestureLibraryZ,HYDRA
58,0.05,random,blur,4,4,4,0.7534350730558292,,-0.011147247841199493,-0.01479521387393604,0.0,UWaveGestureLibraryZ,HYDRA
58,0.1,top,blur,4,4,4,0.7534350730558292,0.7719756748770448,-0.01854060182121553,-0.02460806229520906,0.0,UWaveGestureLibraryZ,HYDRA
58,0.1,bottom,blur,4,4,4,0.7534350730558292,0.7809165754416938,-0.027481502385864554,-0.03647489597147041,0.0,UWaveGestureLibraryZ,HYDRA
58,0.1,random,blur,4,4,4,0.7534350730558292,,-0.004148894473222908,-0.005506631048863354,0.0,UWaveGestureLibraryZ,HYDRA
58,0.2,top,blur,4,4,4,0.7534350730558292,0.7787595566174692,-0.025324483561639966,-0.03361198709125709,0.0,UWaveGestureLibraryZ,HYDRA
58,0.2,bottom,blur,4,4,4,0.7534350730558292,0.7929455375582128,-0.0395104645023836,-0.05244036742511517,0.0,UWaveGestureLibraryZ,HYDRA
58,0.2,random,blur,4,4,4,0.7534350730558292,,-0.022303746865985064,-0.02960270640550066,0.0,UWaveGestureLibraryZ,HYDRA
59,0.05,top,blur,2,2,2,0.37787062205034383,0.37787063238789087,-1.033754704060641e-08,-2.735729924495134e-08,0.0,UWaveGestureLibraryZ,HYDRA
59,0.05,bottom,blur,2,2,2,0.37787062205034383,0.35261946152648793,0.025251160523855898,0.06682470725597829,0.0,UWaveGestureLibraryZ,HYDRA
59,0.05,random,blur,2,2,2,0.37787062205034383,,0.021293427172812775,0.05635095606617385,0.0,UWaveGestureLibraryZ,HYDRA
59,0.1,top,blur,2,2,2,0.37787062205034383,0.3778706314038587,-9.353514851540012e-09,-2.4753155055115107e-08,0.0,UWaveGestureLibraryZ,HYDRA
59,0.1,bottom,blur,2,2,2,0.37787062205034383,0.3719315893798272,0.005939032670516653,0.015717064537133715,0.0,UWaveGestureLibraryZ,HYDRA
59,0.1,random,blur,2,2,2,0.37787062205034383,,0.02345040733506485,0.06205919144661398,0.0,UWaveGestureLibraryZ,HYDRA
59,0.2,top,blur,2,2,2,0.37787062205034383,0.3327967949588393,0.04507382709150454,0.11928344035715747,0.0,UWaveGestureLibraryZ,HYDRA
59,0.2,bottom,blur,2,2,2,0.37787062205034383,0.33736526851531523,0.0405053535350286,0.10719342541587332,0.0,UWaveGestureLibraryZ,HYDRA
59,0.2,random,blur,2,2,2,0.37787062205034383,,0.05278638231798118,0.1396939575180601,0.0,UWaveGestureLibraryZ,HYDRA
60,0.05,top,blur,5,5,5,0.10189255251253015,0.08170232315529624,0.020190229357233913,0.19815021519395018,0.0,UWaveGestureLibraryZ,HYDRA
60,0.05,bottom,blur,5,5,5,0.10189255251253015,0.08696994312354944,0.014922609388980712,0.14645293074010385,0.0,UWaveGestureLibraryZ,HYDRA
60,0.05,random,blur,5,5,5,0.10189255251253015,,0.010562680901497968,0.10366387902903909,0.0,UWaveGestureLibraryZ,HYDRA
60,0.1,top,blur,5,5,5,0.10189255251253015,0.062381444540934416,0.03951110797159574,0.3877684799216019,0.0,UWaveGestureLibraryZ,HYDRA
60,0.1,bottom,blur,5,5,5,0.10189255251253015,0.03311163013341378,0.06878092237911637,0.6750272287410745,0.0,UWaveGestureLibraryZ,HYDRA
60,0.1,random,blur,5,5,5,0.10189255251253015,,0.01504863147974218,0.14768973216329467,0.0,UWaveGestureLibraryZ,HYDRA
60,0.2,top,blur,5,5,5,0.10189255251253015,0.1016150312570826,0.0002775212554475548,0.0027236390193916063,0.0,UWaveGestureLibraryZ,HYDRA
60,0.2,bottom,blur,5,5,5,0.10189255251253015,0.0579369458845681,0.04395560662796205,0.4313875171106307,0.0,UWaveGestureLibraryZ,HYDRA
60,0.2,random,blur,5,5,5,0.10189255251253015,,0.012385912146393863,0.12155736885187833,0.0,UWaveGestureLibraryZ,HYDRA
61,0.05,top,blur,4,4,4,0.7973249863644052,0.8054798604939635,-0.008154874129558287,-0.010227779188211772,0.0,UWaveGestureLibraryZ,HYDRA
61,0.05,bottom,blur,4,4,4,0.7973249863644052,0.810284427896939,-0.01295944153253381,-0.016253629950812747,0.0,UWaveGestureLibraryZ,HYDRA
61,0.05,random,blur,4,4,4,0.7973249863644052,,-0.006009447852578597,-0.007537002374624818,0.0,UWaveGestureLibraryZ,HYDRA
61,0.1,top,blur,4,4,4,0.7973249863644052,0.7890202373429152,0.008304749021490032,0.010415751102453694,0.0,UWaveGestureLibraryZ,HYDRA
61,0.1,bottom,blur,4,4,4,0.7973249863644052,0.804729769598455,-0.007404783234049805,-0.009287021068777214,0.0,UWaveGestureLibraryZ,HYDRA
61,0.1,random,blur,4,4,4,0.7973249863644052,,-0.020234954176059583,-0.02537852085860841,0.0,UWaveGestureLibraryZ,HYDRA
61,0.2,top,blur,4,4,4,0.7973249863644052,0.8136418134314025,-0.01631682706699733,-0.020464436561760304,0.0,UWaveGestureLibraryZ,HYDRA
61,0.2,bottom,blur,4,4,4,0.7973249863644052,0.8431111131214852,-0.04578612675708005,-0.057424601154482155,0.0,UWaveGestureLibraryZ,HYDRA
61,0.2,random,blur,4,4,4,0.7973249863644052,,-0.014718395175806665,-0.018459695817665038,0.0,UWaveGestureLibraryZ,HYDRA
62,0.05,top,blur,6,6,6,0.3064390484694137,0.3668673344229947,-0.06042828595358096,-0.19719447981882307,0.0,UWaveGestureLibraryZ,HYDRA
62,0.05,bottom,blur,6,6,6,0.3064390484694137,0.2783570675638809,0.028081980905532822,0.0916393958485349,0.0,UWaveGestureLibraryZ,HYDRA
62,0.05,random,blur,6,6,6,0.3064390484694137,,-0.02292572110881701,-0.07481307101772393,0.0,UWaveGestureLibraryZ,HYDRA
62,0.1,top,blur,6,6,6,0.3064390484694137,0.38358084939439907,-0.07714180092498535,-0.2517353763331133,0.0,UWaveGestureLibraryZ,HYDRA
62,0.1,bottom,blur,6,6,6,0.3064390484694137,0.22695048473574464,0.07948856373366908,0.25939352291155565,0.0,UWaveGestureLibraryZ,HYDRA
62,0.1,random,blur,6,6,6,0.3064390484694137,,0.01300855964818497,0.04245058605479034,0.0,UWaveGestureLibraryZ,HYDRA
62,0.2,top,blur,6,6,6,0.3064390484694137,0.3710520533965913,-0.06461300492717759,-0.21085039390217536,0.0,UWaveGestureLibraryZ,HYDRA
62,0.2,bottom,blur,6,6,6,0.3064390484694137,0.22672692103083658,0.07971212743857714,0.26012307411096547,0.0,UWaveGestureLibraryZ,HYDRA
62,0.2,random,blur,6,6,6,0.3064390484694137,,-0.006660732245419543,-0.021735841247539682,0.0,UWaveGestureLibraryZ,HYDRA
63,0.05,top,blur,2,2,2,0.13821458713492984,0.13821458223763627,4.897293570671479e-09,3.543228135254099e-08,0.0,UWaveGestureLibraryZ,HYDRA
63,0.05,bottom,blur,2,2,2,0.13821458713492984,0.11954883612477052,0.018665751010159326,0.13504808970595558,0.0,UWaveGestureLibraryZ,HYDRA
63,0.05,random,blur,2,2,2,0.13821458713492984,,0.016161062119276703,0.11692648024929224,0.0,UWaveGestureLibraryZ,HYDRA
63,0.1,top,blur,2,2,2,0.13821458713492984,0.11067284584818182,0.027541741286748023,0.19926653612418563,0.0,UWaveGestureLibraryZ,HYDRA
63,0.1,bottom,blur,2,2,2,0.13821458713492984,0.09811338085939147,0.04010120627553837,0.29013519463901327,0.0,UWaveGestureLibraryZ,HYDRA
63,0.1,random,blur,2,2,2,0.13821458713492984,,0.03343473554387679,0.24190278561879483,0.0,UWaveGestureLibraryZ,HYDRA
63,0.2,top,blur,2,2,2,0.13821458713492984,0.028835202402632376,0.10937938473229747,0.7913679419204602,0.0,UWaveGestureLibraryZ,HYDRA
63,0.2,bottom,blur,2,2,2,0.13821458713492984,0.05663094929997359,0.08158363783495626,0.590263656408825,0.0,UWaveGestureLibraryZ,HYDRA
63,0.2,random,blur,2,2,2,0.13821458713492984,,0.06444406410207448,0.46625757223143316,0.0,UWaveGestureLibraryZ,HYDRA
65,0.05,top,blur,7,7,7,0.12210223648000129,0.16813687586080794,-0.04603463938080665,-0.3770140801169218,0.0,UWaveGestureLibraryZ,HYDRA
65,0.05,bottom,blur,7,7,7,0.12210223648000129,0.14422987731359993,-0.02212764083359864,-0.18122075607080915,0.0,UWaveGestureLibraryZ,HYDRA
65,0.05,random,blur,7,7,7,0.12210223648000129,,-0.009354221090595716,-0.07660911668076709,0.0,UWaveGestureLibraryZ,HYDRA
65,0.1,top,blur,7,7,7,0.12210223648000129,0.1196725272095861,0.0024297092704151924,0.01989881137027144,0.0,UWaveGestureLibraryZ,HYDRA
65,0.1,bottom,blur,7,7,7,0.12210223648000129,0.15784301997257366,-0.03574078349257237,-0.29270955072862614,0.0,UWaveGestureLibraryZ,HYDRA
65,0.1,random,blur,7,7,7,0.12210223648000129,,-0.009388946034924461,-0.07689350672094783,0.0,UWaveGestureLibraryZ,HYDRA
65,0.2,top,blur,7,7,7,0.12210223648000129,0.15486074308816233,-0.03275850660816104,-0.26828532602840877,0.0,UWaveGestureLibraryZ,HYDRA
65,0.2,bottom,blur,7,7,7,0.12210223648000129,0.16481872835985123,-0.04271649187984994,-0.3498391452289331,0.0,UWaveGestureLibraryZ,HYDRA
65,0.2,random,blur,7,7,7,0.12210223648000129,,-0.051200133054630205,-0.41931839425907463,0.0,UWaveGestureLibraryZ,HYDRA
