sample_idx,fraction,mode,perturbation,true_label,base_pred,masked_pred,score_before,score_after,score_drop,bounded_relative_score_drop,flipped,dataset,model
0,0.05,top,global_mean,0,0,0,1.0826875411475785,0.7127355527314301,0.3699519884161484,0.3416975190519923,0.0,GunPoint,HYDRA
0,0.05,bottom,global_mean,0,0,0,1.0826875411475785,1.0597564257498482,0.022931115397730295,0.02117978950199734,0.0,GunPoint,HYDRA
0,0.05,random,global_mean,0,0,0,1.0826875411475785,,0.016851254450769737,0.015564267848358798,0.0,GunPoint,HYDRA
0,0.1,top,global_mean,0,0,0,1.0826875411475785,0.5994490065804262,0.48323853456715227,0.44633199318333167,0.0,GunPoint,HYDRA
0,0.1,bottom,global_mean,0,0,0,1.0826875411475785,0.8540510230556774,0.2286365180919011,0.21117478333109677,0.0,GunPoint,HYDRA
0,0.1,random,global_mean,0,0,0,1.0826875411475785,,0.497461579021227,0.4594687762132871,0.0,GunPoint,HYDRA
0,0.2,top,global_mean,0,0,0,1.0826875411475785,0.02681345069551866,1.0558740904520598,0.9752334584911215,0.0,GunPoint,HYDRA
0,0.2,bottom,global_mean,0,0,0,1.0826875411475785,0.6386625894177042,0.44402495172987433,0.4101132826798344,0.0,GunPoint,HYDRA
0,0.2,random,global_mean,0,0,0,1.0826875411475785,,0.6273481783106112,0.5794355019640861,0.0,GunPoint,HYDRA
1,0.05,top,global_mean,1,1,1,1.129844980930236,0.8321264722572539,0.2977185086729821,0.2635036223502442,0.0,GunPoint,HYDRA
1,0.05,bottom,global_mean,1,1,1,1.129844980930236,0.436971817148876,0.69287316378136,0.6132456772655834,0.0,GunPoint,HYDRA
1,0.05,random,global_mean,1,1,1,1.129844980930236,,0.5499999075403563,0.48679193166446016,0.0,GunPoint,HYDRA
1,0.1,top,global_mean,1,1,1,1.129844980930236,0.7702980974588276,0.3595468834714084,0.31822645700379687,0.0,GunPoint,HYDRA
1,0.1,bottom,global_mean,1,1,1,1.129844980930236,0.4292743144945168,0.7005706664357192,0.6200585551129,0.0,GunPoint,HYDRA
1,0.1,random,global_mean,1,1,1,1.129844980930236,,0.3778201029849281,0.33439965213122014,0.0,GunPoint,HYDRA
1,0.2,top,global_mean,1,1,1,1.129844980930236,1.0620718218361689,0.06777315909406711,0.059984422866440124,0.0,GunPoint,HYDRA
1,0.2,bottom,global_mean,1,1,1,1.129844980930236,0.9427961307794597,0.18704885015077632,0.16555252070443569,0.0,GunPoint,HYDRA
1,0.2,random,global_mean,1,1,1,1.129844980930236,,0.43654703325532945,0.38637747146377177,0.0,GunPoint,HYDRA
2,0.05,top,global_mean,1,1,1,1.2305194713749716,1.0788283504717826,0.15169112090318904,0.12327395149606155,0.0,GunPoint,HYDRA
2,0.05,bottom,global_mean,1,1,1,1.2305194713749716,1.0736946738625561,0.15682479751241551,0.1274459069642141,0.0,GunPoint,HYDRA
2,0.05,random,global_mean,1,1,1,1.2305194713749716,,0.31278397551990383,0.25418835589984295,0.0,GunPoint,HYDRA
2,0.1,top,global_mean,1,1,1,1.2305194713749716,1.177631665887522,0.052887805487449535,0.0429800289534015,0.0,GunPoint,HYDRA
2,0.1,bottom,global_mean,1,1,1,1.2305194713749716,1.14827564826141,0.0822438231135616,0.06683661509642595,0.0,GunPoint,HYDRA
2,0.1,random,global_mean,1,1,1,1.2305194713749716,,0.2800646601259512,0.227598537887801,0.0,GunPoint,HYDRA
2,0.2,top,global_mean,1,1,1,1.2305194713749716,1.1793205595845846,0.05119891179038705,0.04160752541823045,0.0,GunPoint,HYDRA
2,0.2,bottom,global_mean,1,1,1,1.2305194713749716,1.1267879162003587,0.10373155517461297,0.0842989268262269,0.0,GunPoint,HYDRA
2,0.2,random,global_mean,1,1,1,1.2305194713749716,,0.10276806955296022,0.08351593650297276,0.0,GunPoint,HYDRA
3,0.05,top,global_mean,0,0,0,0.9581291352610232,0.8077049828936501,0.15042415236737305,0.15699762154583838,0.0,GunPoint,HYDRA
3,0.05,bottom,global_mean,0,0,0,0.9581291352610232,1.220660833721531,-0.26253169846050783,-0.2740042180063425,0.0,GunPoint,HYDRA
3,0.05,random,global_mean,0,0,0,0.9581291352610232,,-0.049859559994250825,-0.05203840079684748,0.0,GunPoint,HYDRA
3,0.1,top,global_mean,0,0,0,0.9581291352610232,0.6978927070038928,0.26023642825713034,0.2716086455064209,0.0,GunPoint,HYDRA
3,0.1,bottom,global_mean,0,0,0,0.9581291352610232,1.0349745421128254,-0.07684540685180219,-0.08020351727155227,0.0,GunPoint,HYDRA
3,0.1,random,global_mean,0,0,0,0.9581291352610232,,0.16292078950446015,0.17004035621953967,0.0,GunPoint,HYDRA
3,0.2,top,global_mean,0,0,0,0.9581291352610232,0.08914533077996852,0.8689838044810546,0.9069580138446617,0.0,GunPoint,HYDRA
3,0.2,bottom,global_mean,0,0,0,0.9581291352610232,0.6485576595407294,0.30957147572029375,0.3230996128056835,0.0,GunPoint,HYDRA
3,0.2,random,global_mean,0,0,0,0.9581291352610232,,0.615089692993458,0.6419688415560472,0.0,GunPoint,HYDRA
4,0.05,top,global_mean,0,0,0,0.9488655919094183,0.7950789729930611,0.15378661891635725,0.1620740157021338,0.0,GunPoint,HYDRA
4,0.05,bottom,global_mean,0,0,0,0.9488655919094183,1.3481259812295028,-0.39926038932008445,-0.42077610564478496,0.0,GunPoint,HYDRA
4,0.05,random,global_mean,0,0,0,0.9488655919094183,,-0.04828389614711974,-0.05088586378613809,0.0,GunPoint,HYDRA
4,0.1,top,global_mean,0,0,0,0.9488655919094183,0.7396757306515731,0.20918986125784522,0.2204628796519112,0.0,GunPoint,HYDRA
4,0.1,bottom,global_mean,0,0,0,0.9488655919094183,1.2304203310352202,-0.28155473912580187,-0.29672742356670506,0.0,GunPoint,HYDRA
4,0.1,random,global_mean,0,0,0,0.9488655919094183,,0.21053682021625306,0.22188242479123085,0.0,GunPoint,HYDRA
4,0.2,top,global_mean,0,0,0,0.9488655919094183,0.22466786378061795,0.7241977281288003,0.7632239708972012,0.0,GunPoint,HYDRA
4,0.2,bottom,global_mean,0,0,0,0.9488655919094183,0.8715586781384187,0.07730691377099963,0.08147290085894349,0.0,GunPoint,HYDRA
4,0.2,random,global_mean,0,0,0,0.9488655919094183,,0.5022838903538214,0.5293514332115624,0.0,GunPoint,HYDRA
5,0.05,top,global_mean,1,1,1,0.8778707208741433,0.6437378941792374,0.23413282669490587,0.2667050562487278,0.0,GunPoint,HYDRA
5,0.05,bottom,global_mean,1,1,1,0.8778707208741433,0.7657810336409404,0.1120896872332029,0.12768344687261285,0.0,GunPoint,HYDRA
5,0.05,random,global_mean,1,1,1,0.8778707208741433,,0.397363829462845,0.447738269404915,0.2,GunPoint,HYDRA
5,0.1,top,global_mean,1,1,1,0.8778707208741433,0.5378670013141452,0.3400037195599981,0.38730455882715803,0.0,GunPoint,HYDRA
5,0.1,bottom,global_mean,1,1,1,0.8778707208741433,0.6032032522736245,0.2746674686005188,0.3128788205263269,0.0,GunPoint,HYDRA
5,0.1,random,global_mean,1,1,1,0.8778707208741433,,0.2937016267099338,0.3345609839413434,0.0,GunPoint,HYDRA
5,0.2,top,global_mean,1,1,1,0.8778707208741433,0.8634674144536568,0.014403306420486484,0.016407074152182906,0.0,GunPoint,HYDRA
5,0.2,bottom,global_mean,1,1,1,0.8778707208741433,0.9622696259046322,-0.08439890503048886,-0.09614036199554121,0.0,GunPoint,HYDRA
5,0.2,random,global_mean,1,1,1,0.8778707208741433,,0.1284442496637978,0.14631323302668758,0.0,GunPoint,HYDRA
6,0.05,top,global_mean,0,0,0,0.849048442040428,0.5174928898764072,0.3315555521640208,0.3905020552951892,0.0,GunPoint,HYDRA
6,0.05,bottom,global_mean,0,0,0,0.849048442040428,0.9792428622150603,-0.13019442017463234,-0.15334138829624608,0.0,GunPoint,HYDRA
6,0.05,random,global_mean,0,0,0,0.849048442040428,,-0.0675275308674284,-0.07953309609997135,0.0,GunPoint,HYDRA
6,0.1,top,global_mean,0,0,0,0.849048442040428,0.3169911052409131,0.5320573367995148,0.6266505935400881,0.0,GunPoint,HYDRA
6,0.1,bottom,global_mean,0,0,0,0.849048442040428,0.76131555031006,0.08773289173036791,0.10333072184763353,0.0,GunPoint,HYDRA
6,0.1,random,global_mean,0,0,0,0.849048442040428,,0.1913722432568302,0.22539587658985577,0.0,GunPoint,HYDRA
6,0.2,top,global_mean,0,0,1,0.849048442040428,-0.22473056632173607,1.0737790083621641,1.0,1.0,GunPoint,HYDRA
6,0.2,bottom,global_mean,0,0,0,0.849048442040428,0.520228133108128,0.32882030893229997,0.38728051942662134,0.0,GunPoint,HYDRA
6,0.2,random,global_mean,0,0,0,0.849048442040428,,0.7420561751426911,0.7707167160469464,0.4,GunPoint,HYDRA
7,0.05,top,global_mean,1,1,1,0.7503499642895174,0.8574755566588773,-0.10712559236935992,-0.14276731485351474,0.0,GunPoint,HYDRA
7,0.05,bottom,global_mean,1,1,1,0.7503499642895174,0.2499828597987024,0.500367104490815,0.6668440880389833,0.0,GunPoint,HYDRA
7,0.05,random,global_mean,1,1,1,0.7503499642895174,,0.09897315671452715,0.13190248487018547,0.0,GunPoint,HYDRA
7,0.1,top,global_mean,1,1,1,0.7503499642895174,0.7368356136764972,0.013514350613020198,0.01801070599784794,0.0,GunPoint,HYDRA
7,0.1,bottom,global_mean,1,1,1,0.7503499642895174,0.5065600048420146,0.2437899594475028,0.3249012409524115,0.0,GunPoint,HYDRA
7,0.1,random,global_mean,1,1,1,0.7503499642895174,,0.13996239075714229,0.18652923420931172,0.0,GunPoint,HYDRA
7,0.2,top,global_mean,1,1,1,0.7503499642895174,0.9153595754247776,-0.16500961113526025,-0.21990990748109773,0.0,GunPoint,HYDRA
7,0.2,bottom,global_mean,1,1,1,0.7503499642895174,0.9208358254424347,-0.1704858611529173,-0.2272081589371245,0.0,GunPoint,HYDRA
7,0.2,random,global_mean,1,1,1,0.7503499642895174,,0.07122965650742183,0.0949284533469839,0.0,GunPoint,HYDRA
8,0.05,top,global_mean,1,1,1,0.6558766961080273,0.4432348802005016,0.21264181590752573,0.32420955487485004,0.0,GunPoint,HYDRA
8,0.05,bottom,global_mean,1,1,1,0.6558766961080273,0.28832394987532795,0.3675527462326994,0.5603983004968064,0.0,GunPoint,HYDRA
8,0.05,random,global_mean,1,1,1,0.6558766961080273,,0.36960458914270494,0.5635266930647822,0.0,GunPoint,HYDRA
8,0.1,top,global_mean,1,1,1,0.6558766961080273,0.5261929282577774,0.12968376785024993,0.19772553422656738,0.0,GunPoint,HYDRA
8,0.1,bottom,global_mean,1,1,1,0.6558766961080273,0.3691616327323989,0.28671506337562847,0.43714714660521803,0.0,GunPoint,HYDRA
8,0.1,random,global_mean,1,1,1,0.6558766961080273,,0.34559482573680783,0.526919618989279,0.0,GunPoint,HYDRA
8,0.2,top,global_mean,1,1,1,0.6558766961080273,0.8846882798811955,-0.22881158377316813,-0.348863187650585,0.0,GunPoint,HYDRA
8,0.2,bottom,global_mean,1,1,1,0.6558766961080273,0.6481092004555254,0.007767495652501899,0.011842902569479266,0.0,GunPoint,HYDRA
8,0.2,random,global_mean,1,1,1,0.6558766961080273,,0.23025239856931864,0.3510599612330689,0.0,GunPoint,HYDRA
9,0.05,top,global_mean,0,0,0,0.6170373712070353,0.46909992590155625,0.14793744530547903,0.2397540448191049,0.0,GunPoint,HYDRA
9,0.05,bottom,global_mean,0,0,0,0.6170373712070353,0.9527740884458061,-0.33573671723877085,-0.5441099498917886,0.0,GunPoint,HYDRA
9,0.05,random,global_mean,0,0,0,0.6170373712070353,,0.008743918946971286,0.01417078638054008,0.0,GunPoint,HYDRA
9,0.1,top,global_mean,0,0,0,0.6170373712070353,0.3937072005845377,0.2233301706224976,0.3619388696777878,0.0,GunPoint,HYDRA
9,0.1,bottom,global_mean,0,0,0,0.6170373712070353,0.9259021990350075,-0.3088648278279722,-0.5005601632582077,0.0,GunPoint,HYDRA
9,0.1,random,global_mean,0,0,0,0.6170373712070353,,0.2127851073214238,0.3448490681465705,0.0,GunPoint,HYDRA
9,0.2,top,global_mean,0,0,1,0.6170373712070353,-0.07189115460475015,0.6889285258117854,1.0,1.0,GunPoint,HYDRA
9,0.2,bottom,global_mean,0,0,0,0.6170373712070353,0.36859650646481934,0.24844086474221594,0.40263438440015004,0.0,GunPoint,HYDRA
9,0.2,random,global_mean,0,0,1,0.6170373712070353,,0.5729655525007097,0.8944287065423623,0.6,GunPoint,HYDRA
10,0.05,top,global_mean,0,0,0,0.5732439712891618,0.5508085703544922,0.02243540093466967,0.03913754513051382,0.0,GunPoint,HYDRA
10,0.05,bottom,global_mean,0,0,0,0.5732439712891618,1.0552949418201423,-0.48205097053098045,-0.8409161783781607,0.0,GunPoint,HYDRA
10,0.05,random,global_mean,0,0,0,0.5732439712891618,,-0.021851614790972373,-0.03811915653063752,0.0,GunPoint,HYDRA
10,0.1,top,global_mean,0,0,0,0.5732439712891618,0.5068279608922462,0.06641601039691558,0.11585973488359372,0.0,GunPoint,HYDRA
10,0.1,bottom,global_mean,0,0,0,0.5732439712891618,0.9086916591494277,-0.3354476878602659,-0.5851733633282168,0.0,GunPoint,HYDRA
10,0.1,random,global_mean,0,0,0,0.5732439712891618,,-0.01631968322967785,-0.028468951403056837,0.0,GunPoint,HYDRA
10,0.2,top,global_mean,0,0,1,0.5732439712891618,-0.1398608439917796,0.7131048152809414,1.0,1.0,GunPoint,HYDRA
10,0.2,bottom,global_mean,0,0,0,0.5732439712891618,0.5217478194944752,0.051496151794686584,0.08983271441331213,0.0,GunPoint,HYDRA
10,0.2,random,global_mean,0,0,0,0.5732439712891618,,0.5656386541377817,0.9272665948190724,0.2,GunPoint,HYDRA
11,0.05,top,global_mean,0,0,0,1.1541050040839538,1.0429240185675495,0.11118098551640432,0.09633515909541757,0.0,GunPoint,HYDRA
11,0.05,bottom,global_mean,0,0,0,1.1541050040839538,1.236901260084507,-0.08279625600055329,-0.07174059896367233,0.0,GunPoint,HYDRA
11,0.05,random,global_mean,0,0,0,1.1541050040839538,,0.20256517362443827,0.17551695676795295,0.0,GunPoint,HYDRA
11,0.1,top,global_mean,0,0,0,1.1541050040839538,0.9100677655079178,0.244037238576036,0.21145132051343515,0.0,GunPoint,HYDRA
11,0.1,bottom,global_mean,0,0,0,1.1541050040839538,1.0078610262712195,0.14624397781273424,0.12671624382442426,0.0,GunPoint,HYDRA
11,0.1,random,global_mean,0,0,0,1.1541050040839538,,0.251058740544744,0.21753525209672256,0.0,GunPoint,HYDRA
11,0.2,top,global_mean,0,0,0,1.1541050040839538,0.23047666395286287,0.923628340131091,0.8002976649135455,0.0,GunPoint,HYDRA
11,0.2,bottom,global_mean,0,0,0,1.1541050040839538,0.8167450761011986,0.33735992798275516,0.2923127743803111,0.0,GunPoint,HYDRA
11,0.2,random,global_mean,0,0,0,1.1541050040839538,,0.4935797282490726,0.4276727843911017,0.0,GunPoint,HYDRA
12,0.05,top,global_mean,1,1,1,0.5667369675113854,0.5888119228574685,-0.02207495534608317,-0.038950902553815045,0.0,GunPoint,HYDRA
12,0.05,bottom,global_mean,1,1,1,0.5667369675113854,0.30948224324540896,0.2572547242659764,0.45392181045433194,0.0,GunPoint,HYDRA
12,0.05,random,global_mean,1,1,1,0.5667369675113854,,0.3703632664230361,0.6265611192624712,0.4,GunPoint,HYDRA
12,0.1,top,global_mean,1,1,1,0.5667369675113854,0.561272610433914,0.005464357077471393,0.009641769901999055,0.0,GunPoint,HYDRA
12,0.1,bottom,global_mean,1,1,1,0.5667369675113854,0.5305525628578506,0.036184404653534785,0.06384679821686354,0.0,GunPoint,HYDRA
12,0.1,random,global_mean,1,1,1,0.5667369675113854,,0.3812223434723335,0.643839752165958,0.2,GunPoint,HYDRA
12,0.2,top,global_mean,1,1,1,0.5667369675113854,0.7903178012171865,-0.22358083370580117,-0.39450477385090593,0.0,GunPoint,HYDRA
12,0.2,bottom,global_mean,1,1,1,0.5667369675113854,0.7829723751890468,-0.21623540767766147,-0.38154388813436513,0.0,GunPoint,HYDRA
12,0.2,random,global_mean,1,1,1,0.5667369675113854,,-0.062402064656289544,-0.11010743629953808,0.0,GunPoint,HYDRA
13,0.05,top,global_mean,0,0,0,0.6248532139134934,0.3457777451156796,0.27907546879781375,0.446624928797311,0.0,GunPoint,HYDRA
13,0.05,bottom,global_mean,0,0,0,0.6248532139134934,0.72953224219766,-0.10467902828416664,-0.1675255218790262,0.0,GunPoint,HYDRA
13,0.05,random,global_mean,0,0,0,0.6248532139134934,,0.004492568940475961,0.007189787378305046,0.0,GunPoint,HYDRA
13,0.1,top,global_mean,0,0,0,0.6248532139134934,0.2324860975001079,0.39236711641338545,0.6279338566927003,0.0,GunPoint,HYDRA
13,0.1,bottom,global_mean,0,0,0,0.6248532139134934,0.5257365804292069,0.09911663348428645,0.15862361376026257,0.0,GunPoint,HYDRA
13,0.1,random,global_mean,0,0,0,0.6248532139134934,,0.10647584722926326,0.17040110294271632,0.0,GunPoint,HYDRA
13,0.2,top,global_mean,0,0,1,0.6248532139134934,-0.28082660780618807,0.9056798217196814,1.0,1.0,GunPoint,HYDRA
13,0.2,bottom,global_mean,0,0,0,0.6248532139134934,0.46672500838216624,0.15812820553132712,0.2530641580232967,0.0,GunPoint,HYDRA
13,0.2,random,global_mean,0,0,0,0.6248532139134934,,0.5869780392493006,0.7718605678716304,0.4,GunPoint,HYDRA
14,0.05,top,global_mean,0,0,0,1.1142532051451213,0.9029157742333117,0.21133743091180957,0.18966716027271788,0.0,GunPoint,HYDRA
14,0.05,bottom,global_mean,0,0,0,1.1142532051451213,1.252476860887356,-0.13822365574223472,-0.12405037836427316,0.0,GunPoint,HYDRA
14,0.05,random,global_mean,0,0,0,1.1142532051451213,,0.2630168410752345,0.2360474296266883,0.0,GunPoint,HYDRA
14,0.1,top,global_mean,0,0,0,1.1142532051451213,0.6714470827727889,0.4428061223723324,0.3974013473116407,0.0,GunPoint,HYDRA
14,0.1,bottom,global_mean,0,0,0,1.1142532051451213,1.0522552592541892,0.061997945890932105,0.05564075558759722,0.0,GunPoint,HYDRA
14,0.1,random,global_mean,0,0,0,1.1142532051451213,,0.48135937015422525,0.4320013942343909,0.0,GunPoint,HYDRA
14,0.2,top,global_mean,0,0,0,1.1142532051451213,0.05062199720999641,1.063631207935125,0.954567820362497,0.0,GunPoint,HYDRA
14,0.2,bottom,global_mean,0,0,0,1.1142532051451213,0.7575487904198867,0.3567044147252346,0.3201283989579175,0.0,GunPoint,HYDRA
14,0.2,random,global_mean,0,0,0,1.1142532051451213,,0.7752796565231104,0.6957834692866494,0.0,GunPoint,HYDRA
15,0.05,top,global_mean,0,0,0,0.9850215886997007,0.5851743714220182,0.39984721727768247,0.4059269521986384,0.0,GunPoint,HYDRA
15,0.05,bottom,global_mean,0,0,0,0.9850215886997007,1.4106972555461492,-0.42567566684644853,-0.4321481270885071,0.0,GunPoint,HYDRA
15,0.05,random,global_mean,0,0,0,0.9850215886997007,,-0.09576512460025291,-0.09722124720679719,0.0,GunPoint,HYDRA
15,0.1,top,global_mean,0,0,0,0.9850215886997007,0.653829595684631,0.33119199301506974,0.33622781529534923,0.0,GunPoint,HYDRA
15,0.1,bottom,global_mean,0,0,0,0.9850215886997007,1.2580731794006963,-0.2730515907009956,-0.27720337973309117,0.0,GunPoint,HYDRA
15,0.1,random,global_mean,0,0,0,0.9850215886997007,,0.11241810794450173,0.11412744157766123,0.0,GunPoint,HYDRA
15,0.2,top,global_mean,0,0,0,0.9850215886997007,0.3866734867071401,0.5983481019925606,0.60744607165042,0.0,GunPoint,HYDRA
15,0.2,bottom,global_mean,0,0,0,0.9850215886997007,0.8928942308596189,0.09212735784008175,0.09352816767552138,0.0,GunPoint,HYDRA
15,0.2,random,global_mean,0,0,0,0.9850215886997007,,0.5593818342106757,0.5678873161163737,0.0,GunPoint,HYDRA
16,0.05,top,global_mean,0,0,0,0.5405479759648816,0.2816557984476731,0.2588921775172085,0.4789430542442249,0.0,GunPoint,HYDRA
16,0.05,bottom,global_mean,0,0,0,0.5405479759648816,1.0121105859993436,-0.471562610034462,-0.8723772146505712,0.0,GunPoint,HYDRA
16,0.05,random,global_mean,0,0,0,0.5405479759648816,,0.15630659663905025,0.2891626912437351,0.0,GunPoint,HYDRA
16,0.1,top,global_mean,0,0,0,0.5405479759648816,0.2420808710845427,0.2984671048803389,0.5521555273462024,0.0,GunPoint,HYDRA
16,0.1,bottom,global_mean,0,0,0,0.5405479759648816,0.9596379818051962,-0.41909000584031464,-0.7753044117644247,0.0,GunPoint,HYDRA
16,0.1,random,global_mean,0,0,0,0.5405479759648816,,0.19444084439941728,0.359709948672717,0.0,GunPoint,HYDRA
16,0.2,top,global_mean,0,0,1,0.5405479759648816,-0.01136948035119764,0.5519174563160792,1.0,1.0,GunPoint,HYDRA
16,0.2,bottom,global_mean,0,0,0,0.5405479759648816,0.3632048355120461,0.1773431404528355,0.3280796899786508,0.0,GunPoint,HYDRA
16,0.2,random,global_mean,0,0,0,0.5405479759648816,,0.3640250113386185,0.6734357616510747,0.0,GunPoint,HYDRA
17,0.05,top,global_mean,1,1,1,0.86104893960826,0.6798679593061686,0.1811809803020914,0.2104186667552881,0.0,GunPoint,HYDRA
17,0.05,bottom,global_mean,1,1,1,0.86104893960826,0.420243738208093,0.440805201400167,0.511939181600447,0.0,GunPoint,HYDRA
17,0.05,random,global_mean,1,1,1,0.86104893960826,,0.18711338934572636,0.2173084053996389,0.0,GunPoint,HYDRA
17,0.1,top,global_mean,1,1,1,0.86104893960826,0.41021178121707713,0.4508371583911829,0.523590023821724,0.0,GunPoint,HYDRA
17,0.1,bottom,global_mean,1,1,1,0.86104893960826,0.9619554299595305,-0.10090649035127053,-0.1171900556629486,0.0,GunPoint,HYDRA
17,0.1,random,global_mean,1,1,1,0.86104893960826,,0.013407017806844456,0.015570546132253449,0.0,GunPoint,HYDRA
17,0.2,top,global_mean,1,1,1,0.86104893960826,0.8809064726868235,-0.019857533078563527,-0.02306199926986562,0.0,GunPoint,HYDRA
17,0.2,bottom,global_mean,1,1,1,0.86104893960826,1.3152183342168267,-0.45416939460856665,-0.5274599924078663,0.0,GunPoint,HYDRA
17,0.2,random,global_mean,1,1,1,0.86104893960826,,0.294814617849994,0.34238968529992786,0.0,GunPoint,HYDRA
18,0.05,top,global_mean,1,1,1,0.846265858934551,0.6838766108660345,0.1623892480685165,0.19188893710544733,0.0,GunPoint,HYDRA
18,0.05,bottom,global_mean,1,1,1,0.846265858934551,0.29555482885842455,0.5507110300761264,0.6507533932847979,0.0,GunPoint,HYDRA
18,0.05,random,global_mean,1,1,1,0.846265858934551,,0.13607170895820603,0.16079054440288512,0.0,GunPoint,HYDRA
18,0.1,top,global_mean,1,1,1,0.846265858934551,0.5615387316945333,0.2847271272400177,0.33645075927762175,0.0,GunPoint,HYDRA
18,0.1,bottom,global_mean,1,1,1,0.846265858934551,0.3327570090917803,0.5135088498427707,0.6067930516495443,0.0,GunPoint,HYDRA
18,0.1,random,global_mean,1,1,1,0.846265858934551,,0.182454653699861,0.21559943151923872,0.0,GunPoint,HYDRA
18,0.2,top,global_mean,1,1,1,0.846265858934551,1.267338086869432,-0.42107222793488097,-0.49756435985808356,0.0,GunPoint,HYDRA
18,0.2,bottom,global_mean,1,1,1,0.846265858934551,0.9179068677965773,-0.07164100886202629,-0.08465534022237647,0.0,GunPoint,HYDRA
18,0.2,random,global_mean,1,1,1,0.846265858934551,,0.20985067115925354,0.2479722193345198,0.0,GunPoint,HYDRA
19,0.05,top,global_mean,1,1,1,1.1196953905528264,0.8314246916716713,0.2882706988811551,0.2574543432607008,0.0,GunPoint,HYDRA
19,0.05,bottom,global_mean,1,1,1,1.1196953905528264,0.8436806238101824,0.276014766742644,0.2465085795323209,0.0,GunPoint,HYDRA
19,0.05,random,global_mean,1,1,1,1.1196953905528264,,0.580276520993523,0.5182445222557372,0.0,GunPoint,HYDRA
19,0.1,top,global_mean,1,1,1,1.1196953905528264,0.7277845589510351,0.3919108316017913,0.3500152674496822,0.0,GunPoint,HYDRA
19,0.1,bottom,global_mean,1,1,1,1.1196953905528264,0.9868565584649726,0.13283883208785385,0.11863826052191478,0.0,GunPoint,HYDRA
19,0.1,random,global_mean,1,1,1,1.1196953905528264,,0.44916003810442734,0.40114449050127254,0.0,GunPoint,HYDRA
19,0.2,top,global_mean,1,1,1,1.1196953905528264,1.0506522834048748,0.06904310714795159,0.06166234680265694,0.0,GunPoint,HYDRA
19,0.2,bottom,global_mean,1,1,1,1.1196953905528264,1.107599961991019,0.012095428561807342,0.010802418105353971,0.0,GunPoint,HYDRA
19,0.2,random,global_mean,1,1,1,1.1196953905528264,,0.19822464210382437,0.17703427802062946,0.0,GunPoint,HYDRA
20,0.05,top,global_mean,0,0,0,0.9178766501170396,0.6800234119872155,0.23785323812982406,0.2591339249838964,0.0,GunPoint,HYDRA
20,0.05,bottom,global_mean,0,0,0,0.9178766501170396,1.071950924668472,-0.1540742745514324,-0.16785927245508836,0.0,GunPoint,HYDRA
20,0.05,random,global_mean,0,0,0,0.9178766501170396,,-0.07665077140320468,-0.08350870226923039,0.0,GunPoint,HYDRA
20,0.1,top,global_mean,0,0,0,0.9178766501170396,0.5870445172779781,0.33083213283906143,0.36043162484332925,0.0,GunPoint,HYDRA
20,0.1,bottom,global_mean,0,0,0,0.9178766501170396,0.9473862700553346,-0.02950961993829504,-0.032149840378543085,0.0,GunPoint,HYDRA
20,0.1,random,global_mean,0,0,0,0.9178766501170396,,0.23149091064316307,0.25220236119012746,0.0,GunPoint,HYDRA
20,0.2,top,global_mean,0,0,1,0.9178766501170396,-0.03911718995835287,0.9569938400753925,1.0,1.0,GunPoint,HYDRA
20,0.2,bottom,global_mean,0,0,0,0.9178766501170396,0.629771935280448,0.2881047148365916,0.3138813923618851,0.0,GunPoint,HYDRA
20,0.2,random,global_mean,0,0,0,0.9178766501170396,,0.7842792036794447,0.8534533809761349,0.2,GunPoint,HYDRA
21,0.05,top,global_mean,1,1,1,1.0747405907444605,1.14290112917556,-0.06816053843109948,-0.0634203970685507,0.0,GunPoint,HYDRA
21,0.05,bottom,global_mean,1,1,1,1.0747405907444605,0.6948670138980874,0.37987357684637313,0.3534557330969571,0.0,GunPoint,HYDRA
21,0.05,random,global_mean,1,1,1,1.0747405907444605,,0.12806385331055858,0.11915780910818788,0.0,GunPoint,HYDRA
21,0.1,top,global_mean,1,1,1,1.0747405907444605,0.9975768024971366,0.07716378824732384,0.0717975268770174,0.0,GunPoint,HYDRA
21,0.1,bottom,global_mean,1,1,1,1.0747405907444605,0.8014740466260566,0.2732665441184039,0.25426255620117527,0.0,GunPoint,HYDRA
21,0.1,random,global_mean,1,1,1,1.0747405907444605,,0.29590361530140674,0.27532535992809015,0.0,GunPoint,HYDRA
21,0.2,top,global_mean,1,1,1,1.0747405907444605,0.9337738784524409,0.14096671229201962,0.1311633545272717,0.0,GunPoint,HYDRA
21,0.2,bottom,global_mean,1,1,1,1.0747405907444605,0.8905372319595934,0.18420335878486704,0.17139316126890708,0.0,GunPoint,HYDRA
21,0.2,random,global_mean,1,1,1,1.0747405907444605,,0.27278015218268326,0.2538099897983215,0.0,GunPoint,HYDRA
22,0.05,top,global_mean,0,0,0,0.5287625134507035,0.40558667382456093,0.12317583962614254,0.23295071708389764,0.0,GunPoint,HYDRA
22,0.05,bottom,global_mean,0,0,0,0.5287625134507035,0.9399317965656728,-0.41116928311496936,-0.7776052481981675,0.0,GunPoint,HYDRA
22,0.05,random,global_mean,0,0,0,0.5287625134507035,,-0.04207399543973604,-0.07957053459525171,0.0,GunPoint,HYDRA
22,0.1,top,global_mean,0,0,0,0.5287625134507035,0.37040562718637315,0.1583568862643303,0.299485275054051,0.0,GunPoint,HYDRA
22,0.1,bottom,global_mean,0,0,0,0.5287625134507035,0.8133136485576256,-0.2845511351069221,-0.5381444215958572,0.0,GunPoint,HYDRA
22,0.1,random,global_mean,0,0,0,0.5287625134507035,,0.2876371005599867,0.5439806137206233,0.0,GunPoint,HYDRA
22,0.2,top,global_mean,0,0,1,0.5287625134507035,-0.06525132330298661,0.59401383675369,1.0,1.0,GunPoint,HYDRA
22,0.2,bottom,global_mean,0,0,0,0.5287625134507035,0.6721069774520744,-0.1433444640013709,-0.27109371269947674,0.0,GunPoint,HYDRA
22,0.2,random,global_mean,0,0,0,0.5287625134507035,,0.340767041757558,0.5544673916185408,0.4,GunPoint,HYDRA
23,0.05,top,global_mean,0,0,0,0.5274105130686374,0.32765090137775865,0.19975961169087875,0.3787547422478849,0.0,GunPoint,HYDRA
23,0.05,bottom,global_mean,0,0,0,0.5274105130686374,0.6776527444555411,-0.15024223138690374,-0.2848671818192774,0.0,GunPoint,HYDRA
23,0.05,random,global_mean,0,0,0,0.5274105130686374,,0.006158028229586931,0.011675945778577506,0.0,GunPoint,HYDRA
23,0.1,top,global_mean,0,0,0,0.5274105130686374,0.42859095724544116,0.09881955582319624,0.18736708125356347,0.0,GunPoint,HYDRA
23,0.1,bottom,global_mean,0,0,0,0.5274105130686374,0.38397705578790853,0.14343345728072887,0.2719573875932102,0.0,GunPoint,HYDRA
23,0.1,random,global_mean,0,0,0,0.5274105130686374,,-0.034953265095674244,-0.06627323111000313,0.0,GunPoint,HYDRA
23,0.2,top,global_mean,0,0,0,0.5274105130686374,0.022321233634503806,0.5050892794341336,0.9576758696361662,0.0,GunPoint,HYDRA
23,0.2,bottom,global_mean,0,0,0,0.5274105130686374,0.6066524571249213,-0.07924194405628393,-0.15024689847066605,0.0,GunPoint,HYDRA
23,0.2,random,global_mean,0,0,1,0.5274105130686374,,0.5363550755935909,0.9206728625947443,0.6,GunPoint,HYDRA
24,0.05,top,global_mean,0,0,0,0.7139477093043264,0.4829530996301007,0.2309946096742257,0.32354510438054784,0.0,GunPoint,HYDRA
24,0.05,bottom,global_mean,0,0,0,0.7139477093043264,0.8634366193300704,-0.14948891002574405,-0.20938326251952533,0.0,GunPoint,HYDRA
24,0.05,random,global_mean,0,0,0,0.7139477093043264,,0.029954653408972298,0.041956310052244775,0.0,GunPoint,HYDRA
24,0.1,top,global_mean,0,0,0,0.7139477093043264,0.4180161216923488,0.2959315876119776,0.4144997865467593,0.0,GunPoint,HYDRA
24,0.1,bottom,global_mean,0,0,0,0.7139477093043264,0.7606457703056168,-0.04669806100129037,-0.06540814542096882,0.0,GunPoint,HYDRA
24,0.1,random,global_mean,0,0,0,0.7139477093043264,,0.08601821230817616,0.12048234164046959,0.0,GunPoint,HYDRA
24,0.2,top,global_mean,0,0,1,0.7139477093043264,-0.13734758298654662,0.851295292290873,1.0,1.0,GunPoint,HYDRA
24,0.2,bottom,global_mean,0,0,0,0.7139477093043264,0.47747510302064566,0.23647260628368072,0.33121791972157255,0.0,GunPoint,HYDRA
24,0.2,random,global_mean,0,0,0,0.7139477093043264,,0.4119776752989088,0.5770409973852898,0.0,GunPoint,HYDRA
25,0.05,top,global_mean,1,1,1,0.9209031329609881,0.9905478432643898,-0.06964471030340169,-0.07562644993184325,0.0,GunPoint,HYDRA
25,0.05,bottom,global_mean,1,1,1,0.9209031329609881,0.31334856238628384,0.6075545705747043,0.6597370440951663,0.0,GunPoint,HYDRA
25,0.05,random,global_mean,1,1,1,0.9209031329609881,,0.3384444922496353,0.3675132732453191,0.0,GunPoint,HYDRA
25,0.1,top,global_mean,1,1,1,0.9209031329609881,0.805497074627418,0.1154060583335701,0.12531821087880707,0.0,GunPoint,HYDRA
25,0.1,bottom,global_mean,1,1,1,0.9209031329609881,0.8537545326922772,0.06714860026871095,0.07291595060259712,0.0,GunPoint,HYDRA
25,0.1,random,global_mean,1,1,1,0.9209031329609881,,0.1913983955032676,0.20783748128902765,0.0,GunPoint,HYDRA
25,0.2,top,global_mean,1,1,1,0.9209031329609881,0.9686614021655027,-0.047758269204514536,-0.05186019640389397,0.0,GunPoint,HYDRA
25,0.2,bottom,global_mean,1,1,1,0.9209031329609881,0.40041326159027557,0.5204898713707126,0.5651944135565757,0.0,GunPoint,HYDRA
25,0.2,random,global_mean,1,1,1,0.9209031329609881,,0.06783747464608562,0.07366399195969228,0.0,GunPoint,HYDRA
26,0.05,top,global_mean,0,0,0,0.9329414154815912,0.5974781909309969,0.3354632245505943,0.3595754882442834,0.0,GunPoint,HYDRA
26,0.05,bottom,global_mean,0,0,0,0.9329414154815912,0.997359344333912,-0.0644179288523209,-0.06904812964160058,0.0,GunPoint,HYDRA
26,0.05,random,global_mean,0,0,0,0.9329414154815912,,0.0716991574299107,0.0768527148515368,0.0,GunPoint,HYDRA
26,0.1,top,global_mean,0,0,0,0.9329414154815912,0.5390544096135318,0.39388700586805936,0.42219862590847285,0.0,GunPoint,HYDRA
26,0.1,bottom,global_mean,0,0,0,0.9329414154815912,0.6917098335230243,0.24123158195856687,0.25857070914075814,0.0,GunPoint,HYDRA
26,0.1,random,global_mean,0,0,0,0.9329414154815912,,0.3079108111383122,0.3300426757629694,0.0,GunPoint,HYDRA
26,0.2,top,global_mean,0,0,0,0.9329414154815912,0.029310068564515512,0.9036313469170756,0.9685821246004931,0.0,GunPoint,HYDRA
26,0.2,bottom,global_mean,0,0,0,0.9329414154815912,0.5563660810618024,0.37657533441978874,0.40364263449786236,0.0,GunPoint,HYDRA
26,0.2,random,global_mean,0,0,0,0.9329414154815912,,0.5384508196828518,0.5771533277377039,0.0,GunPoint,HYDRA
27,0.05,top,global_mean,0,0,0,1.013508632851801,0.6739593207816178,0.33954931207018324,0.3350232706864004,0.0,GunPoint,HYDRA
27,0.05,bottom,global_mean,0,0,0,1.013508632851801,1.1809005240968375,-0.1673918912450365,-0.1651606317485422,0.0,GunPoint,HYDRA
27,0.05,random,global_mean,0,0,0,1.013508632851801,,0.028700622387720087,0.028318055850108333,0.0,GunPoint,HYDRA
27,0.1,top,global_mean,0,0,0,1.013508632851801,0.5001831610564833,0.5133254717953177,0.5064830714543175,0.0,GunPoint,HYDRA
27,0.1,bottom,global_mean,0,0,0,1.013508632851801,0.9416932885859243,0.07181534426587677,0.070858077652211,0.0,GunPoint,HYDRA
27,0.1,random,global_mean,0,0,0,1.013508632851801,,0.5287348671059602,0.5216870663756914,0.0,GunPoint,HYDRA
27,0.2,top,global_mean,0,0,1,1.013508632851801,-0.02900789935058437,1.0425165322023855,1.0,1.0,GunPoint,HYDRA
27,0.2,bottom,global_mean,0,0,0,1.013508632851801,0.789226481653689,0.224282151198112,0.2212925698269188,0.0,GunPoint,HYDRA
27,0.2,random,global_mean,0,0,0,1.013508632851801,,0.6599755661968817,0.6365091327820395,0.2,GunPoint,HYDRA
28,0.05,top,global_mean,1,1,1,1.1412105835064341,0.7904469409490972,0.35076364255733694,0.3073607450422092,0.0,GunPoint,HYDRA
28,0.05,bottom,global_mean,1,1,1,1.1412105835064341,0.8551298621798539,0.28608072132658025,0.2506815786495803,0.0,GunPoint,HYDRA
28,0.05,random,global_mean,1,1,1,1.1412105835064341,,0.44853202359924105,0.3930314326297865,0.0,GunPoint,HYDRA
28,0.1,top,global_mean,1,1,1,1.1412105835064341,0.701568971051249,0.43964161245518507,0.3852411058643153,0.0,GunPoint,HYDRA
28,0.1,bottom,global_mean,1,1,1,1.1412105835064341,0.9929835333886169,0.14822705011781723,0.12988568663348266,0.0,GunPoint,HYDRA
28,0.1,random,global_mean,1,1,1,1.1412105835064341,,0.31902480388860266,0.2795492163761445,0.0,GunPoint,HYDRA
28,0.2,top,global_mean,1,1,1,1.1412105835064341,1.070996464731899,0.0702141187745351,0.06152594294460142,0.0,GunPoint,HYDRA
28,0.2,bottom,global_mean,1,1,1,1.1412105835064341,1.045453682351425,0.09575690115500901,0.0839081048062891,0.0,GunPoint,HYDRA
28,0.2,random,global_mean,1,1,1,1.1412105835064341,,0.30432040522778203,0.26666431503677984,0.0,GunPoint,HYDRA
29,0.05,top,global_mean,0,0,0,0.4099107782598024,0.30095614571094753,0.10895463254885485,0.2658001997683495,0.0,GunPoint,HYDRA
29,0.05,bottom,global_mean,0,0,0,0.4099107782598024,0.8660190159223132,-0.45610823766251085,-1.0,0.0,GunPoint,HYDRA
29,0.05,random,global_mean,0,0,0,0.4099107782598024,,-0.19023031888103606,-0.4191693785295622,0.0,GunPoint,HYDRA
29,0.1,top,global_mean,0,0,0,0.4099107782598024,0.3279451115686086,0.08196566669119376,0.19995928645710656,0.0,GunPoint,HYDRA
29,0.1,bottom,global_mean,0,0,0,0.4099107782598024,0.899991463701212,-0.4900806854414096,-1.0,0.0,GunPoint,HYDRA
29,0.1,random,global_mean,0,0,0,0.4099107782598024,,0.012685093065829234,0.03094591016555137,0.0,GunPoint,HYDRA
29,0.2,top,global_mean,0,0,1,0.4099107782598024,-0.2257595301373797,0.6356703083971821,1.0,1.0,GunPoint,HYDRA
29,0.2,bottom,global_mean,0,0,0,0.4099107782598024,0.5793511575061986,-0.1694403792463962,-0.4133581620067643,0.0,GunPoint,HYDRA
29,0.2,random,global_mean,0,0,1,0.4099107782598024,,0.3974212262270159,0.5878612589471848,0.6,GunPoint,HYDRA
30,0.05,top,global_mean,0,0,0,0.5528261603266883,0.19727075240212014,0.3555554079245682,0.6431583566090636,0.0,GunPoint,HYDRA
30,0.05,bottom,global_mean,0,0,0,0.5528261603266883,1.059578558967679,-0.5067523986409906,-0.9166561178751236,0.0,GunPoint,HYDRA
30,0.05,random,global_mean,0,0,0,0.5528261603266883,,-0.12078279506338016,-0.21848202065905128,0.0,GunPoint,HYDRA
30,0.1,top,global_mean,0,0,0,0.5528261603266883,0.25866167753786007,0.29416448278882823,0.5321093171598051,0.0,GunPoint,HYDRA
30,0.1,bottom,global_mean,0,0,0,0.5528261603266883,0.9592476875164363,-0.406421527189748,-0.7351692470203106,0.0,GunPoint,HYDRA
30,0.1,random,global_mean,0,0,0,0.5528261603266883,,0.2273676534168419,0.411281626037478,0.0,GunPoint,HYDRA
30,0.2,top,global_mean,0,0,0,0.5528261603266883,0.05034633411852583,0.5024798262081625,0.908927531547521,0.0,GunPoint,HYDRA
30,0.2,bottom,global_mean,0,0,0,0.5528261603266883,0.3602560782915526,0.1925700820351357,0.34833686883498655,0.0,GunPoint,HYDRA
30,0.2,random,global_mean,0,0,0,0.5528261603266883,,0.4577466836955287,0.8007330445569716,0.2,GunPoint,HYDRA
31,0.05,top,global_mean,1,1,1,1.0805609189954288,1.1315782779137138,-0.05101735891828496,-0.04721373020966213,0.0,GunPoint,HYDRA
31,0.05,bottom,global_mean,1,1,1,1.0805609189954288,0.8745166503511256,0.20604426864430325,0.19068251899517005,0.0,GunPoint,HYDRA
31,0.05,random,global_mean,1,1,1,1.0805609189954288,,0.28767876283880717,0.26623070624796297,0.0,GunPoint,HYDRA
31,0.1,top,global_mean,1,1,1,1.0805609189954288,1.0158143979653567,0.06474652103007217,0.059919306697635046,0.0,GunPoint,HYDRA
31,0.1,bottom,global_mean,1,1,1,1.0805609189954288,0.8916228796568707,0.18893803933855813,0.17485165451157955,0.0,GunPoint,HYDRA
31,0.1,random,global_mean,1,1,1,1.0805609189954288,,0.2269039367803507,0.20998698250563702,0.0,GunPoint,HYDRA
31,0.2,top,global_mean,1,1,1,1.0805609189954288,1.3341506728119794,-0.2535897538165506,-0.2346832230144725,0.0,GunPoint,HYDRA
31,0.2,bottom,global_mean,1,1,1,1.0805609189954288,1.0622075575894048,0.01835336140602406,0.016985015928644532,0.0,GunPoint,HYDRA
31,0.2,random,global_mean,1,1,1,1.0805609189954288,,0.13210439605916097,0.12225527638617426,0.0,GunPoint,HYDRA
32,0.05,top,global_mean,1,1,1,0.8667923726674246,0.9427136034228237,-0.07592123075539914,-0.08758861471421166,0.0,GunPoint,HYDRA
32,0.05,bottom,global_mean,1,1,1,0.8667923726674246,0.5276554241820052,0.3391369484854194,0.391254662505987,0.0,GunPoint,HYDRA
32,0.05,random,global_mean,1,1,1,0.8667923726674246,,0.31425294016196015,0.3625465423148017,0.0,GunPoint,HYDRA
32,0.1,top,global_mean,1,1,1,0.8667923726674246,0.8672888705045821,-0.0004964978371575501,-0.0005727983771145523,0.0,GunPoint,HYDRA
32,0.1,bottom,global_mean,1,1,1,0.8667923726674246,0.7598621165771523,0.10693025609027229,0.1233630291394715,0.0,GunPoint,HYDRA
32,0.1,random,global_mean,1,1,1,0.8667923726674246,,0.2636404080443689,0.3041560034464219,0.0,GunPoint,HYDRA
32,0.2,top,global_mean,1,1,1,0.8667923726674246,0.9653404985832865,-0.09854812591586193,-0.11369275426344698,0.0,GunPoint,HYDRA
32,0.2,bottom,global_mean,1,1,1,0.8667923726674246,0.7805772187042147,0.08621515396320989,0.0994644821728342,0.0,GunPoint,HYDRA
32,0.2,random,global_mean,1,1,1,0.8667923726674246,,0.1286045443502499,0.14836816755357624,0.0,GunPoint,HYDRA
33,0.05,top,global_mean,0,0,0,0.7453387648828887,0.6657947664681064,0.07954399841478232,0.10672179610231938,0.0,GunPoint,HYDRA
33,0.05,bottom,global_mean,0,0,0,0.7453387648828887,1.2010896222141512,-0.4557508573312624,-0.6114672513184267,0.0,GunPoint,HYDRA
33,0.05,random,global_mean,0,0,0,0.7453387648828887,,-0.10625186656473304,-0.14255494147884065,0.0,GunPoint,HYDRA
33,0.1,top,global_mean,0,0,0,0.7453387648828887,0.631338304165319,0.11400046071756975,0.1529509977714419,0.0,GunPoint,HYDRA
33,0.1,bottom,global_mean,0,0,0,0.7453387648828887,1.1442331368055159,-0.3988943719226271,-0.5351846107195196,0.0,GunPoint,HYDRA
33,0.1,random,global_mean,0,0,0,0.7453387648828887,,0.30510498808380565,0.4093502084002524,0.0,GunPoint,HYDRA
33,0.2,top,global_mean,0,0,0,0.7453387648828887,0.375564469628192,0.36977429525469674,0.4961150775482875,0.0,GunPoint,HYDRA
33,0.2,bottom,global_mean,0,0,0,0.7453387648828887,0.5607030374113172,0.18463572747157153,0.2477202158945355,0.0,GunPoint,HYDRA
33,0.2,random,global_mean,0,0,0,0.7453387648828887,,0.43715616404253277,0.586519309232375,0.0,GunPoint,HYDRA
34,0.05,top,global_mean,0,0,0,1.0250502077881711,0.768955485487868,0.25609472230030317,0.24983602804868424,0.0,GunPoint,HYDRA
34,0.05,bottom,global_mean,0,0,0,1.0250502077881711,1.4843622049944694,-0.45931199720629823,-0.44808687967637223,0.0,GunPoint,HYDRA
34,0.05,random,global_mean,0,0,0,1.0250502077881711,,0.12772855700784763,0.12460700113066256,0.0,GunPoint,HYDRA
34,0.1,top,global_mean,0,0,0,1.0250502077881711,0.7127157762315143,0.31233443155665686,0.3047012960753483,0.0,GunPoint,HYDRA
34,0.1,bottom,global_mean,0,0,0,1.0250502077881711,1.3216812274713956,-0.2966310196832245,-0.2893816595985358,0.0,GunPoint,HYDRA
34,0.1,random,global_mean,0,0,0,1.0250502077881711,,0.28356534704058883,0.27663529869152464,0.0,GunPoint,HYDRA
34,0.2,top,global_mean,0,0,0,1.0250502077881711,0.4760674721348924,0.5489827356532787,0.5355661565804692,0.0,GunPoint,HYDRA
34,0.2,bottom,global_mean,0,0,0,1.0250502077881711,0.867312651107306,0.1577375566808651,0.1538826114075092,0.0,GunPoint,HYDRA
34,0.2,random,global_mean,0,0,0,1.0250502077881711,,0.6221385132815558,0.6069340814923677,0.0,GunPoint,HYDRA
35,0.05,top,global_mean,0,0,0,1.1228237480417838,0.8417203879893699,0.2811033600524139,0.2503537266547256,0.0,GunPoint,HYDRA
35,0.05,bottom,global_mean,0,0,0,1.1228237480417838,1.4101768669632178,-0.287353118921434,-0.255919830251854,0.0,GunPoint,HYDRA
35,0.05,random,global_mean,0,0,0,1.1228237480417838,,0.1296720278286072,0.11548732609853529,0.0,GunPoint,HYDRA
35,0.1,top,global_mean,0,0,0,1.1228237480417838,0.8431501853893479,0.2796735626524358,0.24908033345380834,0.0,GunPoint,HYDRA
35,0.1,bottom,global_mean,0,0,0,1.1228237480417838,1.2678590192829549,-0.1450352712411711,-0.12916999869669235,0.0,GunPoint,HYDRA
35,0.1,random,global_mean,0,0,0,1.1228237480417838,,0.2283129027298963,0.20333796803826779,0.0,GunPoint,HYDRA
35,0.2,top,global_mean,0,0,0,1.1228237480417838,0.4944179504850559,0.6284057975567279,0.5596650756519868,0.0,GunPoint,HYDRA
35,0.2,bottom,global_mean,0,0,0,1.1228237480417838,0.9645913949833895,0.15823235305839423,0.14092346408854353,0.0,GunPoint,HYDRA
35,0.2,random,global_mean,0,0,0,1.1228237480417838,,0.5051067892675823,0.44985363045167387,0.0,GunPoint,HYDRA
36,0.05,top,global_mean,0,0,0,0.733924924951958,0.5160728655722139,0.21785205937974417,0.29683112692061464,0.0,GunPoint,HYDRA
36,0.05,bottom,global_mean,0,0,0,0.733924924951958,1.1453891234738258,-0.4114641985218678,-0.5606345061987036,0.0,GunPoint,HYDRA
36,0.05,random,global_mean,0,0,0,0.733924924951958,,0.08685340256027674,0.11834082924099194,0.0,GunPoint,HYDRA
36,0.1,top,global_mean,0,0,0,0.733924924951958,0.5503406202423281,0.18358430470962994,0.2501401006125341,0.0,GunPoint,HYDRA
36,0.1,bottom,global_mean,0,0,0,0.733924924951958,1.0776460630467686,-0.34372113809481053,-0.46833219322142094,0.0,GunPoint,HYDRA
36,0.1,random,global_mean,0,0,0,0.733924924951958,,0.006427552431981343,0.008757767253421495,0.0,GunPoint,HYDRA
36,0.2,top,global_mean,0,0,0,0.733924924951958,0.18794303773742924,0.5459818872145288,0.743919609121681,0.0,GunPoint,HYDRA
36,0.2,bottom,global_mean,0,0,0,0.733924924951958,0.821301651146273,-0.08737672619431491,-0.11905387617971731,0.0,GunPoint,HYDRA
36,0.2,random,global_mean,0,0,0,0.733924924951958,,0.6623577216203139,0.8231737055793058,0.2,GunPoint,HYDRA
37,0.05,top,global_mean,0,0,0,0.8260783343494492,0.7327272287107468,0.09335110563870241,0.1130050126628793,0.0,GunPoint,HYDRA
37,0.05,bottom,global_mean,0,0,0,0.8260783343494492,1.2370008535705983,-0.4109225192211491,-0.4974371130404287,0.0,GunPoint,HYDRA
37,0.05,random,global_mean,0,0,0,0.8260783343494492,,0.019693342383564995,0.023839529164682252,0.0,GunPoint,HYDRA
37,0.1,top,global_mean,0,0,0,0.8260783343494492,0.646270370702665,0.1798079636467842,0.21766428013646638,0.0,GunPoint,HYDRA
37,0.1,bottom,global_mean,0,0,0,0.8260783343494492,1.0470826086588068,-0.22100427430935754,-0.2675339584464995,0.0,GunPoint,HYDRA
37,0.1,random,global_mean,0,0,0,0.8260783343494492,,0.1274784066550769,0.15431738981276924,0.0,GunPoint,HYDRA
37,0.2,top,global_mean,0,0,0,0.8260783343494492,0.13333209622422176,0.6927462381252274,0.838595288999423,0.0,GunPoint,HYDRA
37,0.2,bottom,global_mean,0,0,0,0.8260783343494492,0.8569513231782365,-0.030872988828787307,-0.03737291025819001,0.0,GunPoint,HYDRA
37,0.2,random,global_mean,0,0,0,0.8260783343494492,,0.5064598976312533,0.6130886908460174,0.0,GunPoint,HYDRA
38,0.05,top,global_mean,0,0,0,0.7148680509004826,0.5918609913846589,0.12300705951582369,0.172069359221634,0.0,GunPoint,HYDRA
38,0.05,bottom,global_mean,0,0,0,0.7148680509004826,0.981290389897218,-0.2664223389967354,-0.3726869119052466,0.0,GunPoint,HYDRA
38,0.05,random,global_mean,0,0,0,0.7148680509004826,,-0.04169343952837719,-0.05832318447113942,0.0,GunPoint,HYDRA
38,0.1,top,global_mean,0,0,0,0.7148680509004826,0.44081142916885574,0.2740566217316268,0.3833661862776298,0.0,GunPoint,HYDRA
38,0.1,bottom,global_mean,0,0,0,0.7148680509004826,0.8292281858600953,-0.11436013495961272,-0.15997354314830015,0.0,GunPoint,HYDRA
38,0.1,random,global_mean,0,0,0,0.7148680509004826,,0.23590232567319697,0.32999375952287113,0.0,GunPoint,HYDRA
38,0.2,top,global_mean,0,0,1,0.7148680509004826,-0.09031690155253283,0.8051849524530154,1.0,1.0,GunPoint,HYDRA
38,0.2,bottom,global_mean,0,0,0,0.7148680509004826,0.5234931793361451,0.1913748715643374,0.2677061922365679,0.0,GunPoint,HYDRA
38,0.2,random,global_mean,0,0,1,0.7148680509004826,,0.6198236947291544,0.795567208118464,0.6,GunPoint,HYDRA
39,0.05,top,global_mean,1,1,1,0.7349235758773949,0.44180732967616987,0.293116246201225,0.3988385418344272,0.0,GunPoint,HYDRA
39,0.05,bottom,global_mean,1,1,1,0.7349235758773949,0.3995124975088781,0.3354110783685168,0.45638843682439645,0.0,GunPoint,HYDRA
39,0.05,random,global_mean,1,1,1,0.7349235758773949,,0.3476854550465085,0.4730899829161676,0.0,GunPoint,HYDRA
39,0.1,top,global_mean,1,1,1,0.7349235758773949,0.4332039876660013,0.30171958821139355,0.410544970347717,0.0,GunPoint,HYDRA
39,0.1,bottom,global_mean,1,1,1,0.7349235758773949,0.5586379617519462,0.17628561412544863,0.2398689878005356,0.0,GunPoint,HYDRA
39,0.1,random,global_mean,1,1,1,0.7349235758773949,,0.2105176146364763,0.28644791798552705,0.0,GunPoint,HYDRA
39,0.2,top,global_mean,1,1,1,0.7349235758773949,0.73276384456461,0.002159731312784907,0.0029387115136359355,0.0,GunPoint,HYDRA
39,0.2,bottom,global_mean,1,1,1,0.7349235758773949,0.7350498840236768,-0.0001263081462818949,-0.00017186545453470655,0.0,GunPoint,HYDRA
39,0.2,random,global_mean,1,1,1,0.7349235758773949,,0.3540474789905963,0.48174668613838934,0.0,GunPoint,HYDRA
40,0.05,top,global_mean,0,0,0,0.914390401193483,0.5639507691141586,0.3504396320793244,0.38324904589207986,0.0,GunPoint,HYDRA
40,0.05,bottom,global_mean,0,0,0,0.914390401193483,1.3436847985763947,-0.42929439738291164,-0.4694864768222749,0.0,GunPoint,HYDRA
40,0.05,random,global_mean,0,0,0,0.914390401193483,,0.1703462971421686,0.18629472774987713,0.0,GunPoint,HYDRA
40,0.1,top,global_mean,0,0,0,0.914390401193483,0.5433334315963192,0.37105696959716383,0.40579665241039276,0.0,GunPoint,HYDRA
40,0.1,bottom,global_mean,0,0,0,0.914390401193483,1.2266951820710137,-0.31230478087753066,-0.3415438733018528,0.0,GunPoint,HYDRA
40,0.1,random,global_mean,0,0,0,0.914390401193483,,0.08494289968837672,0.09289555826696035,0.0,GunPoint,HYDRA
40,0.2,top,global_mean,0,0,0,0.914390401193483,0.3746612437012111,0.5397291574922719,0.5902605348079674,0.0,GunPoint,HYDRA
40,0.2,bottom,global_mean,0,0,0,0.914390401193483,0.7827511705998809,0.13163923059360216,0.1439637669621388,0.0,GunPoint,HYDRA
40,0.2,random,global_mean,0,0,0,0.914390401193483,,0.5077636249353689,0.5553022745758819,0.0,GunPoint,HYDRA
41,0.05,top,global_mean,1,1,1,0.8602736214987885,0.8379409089124866,0.022332712586301873,0.025959980718009968,0.0,GunPoint,HYDRA
41,0.05,bottom,global_mean,1,1,1,0.8602736214987885,0.697753331363174,0.16252029013561453,0.18891675527108803,0.0,GunPoint,HYDRA
41,0.05,random,global_mean,1,1,1,0.8602736214987885,,0.3620258752318032,0.42082593881599584,0.0,GunPoint,HYDRA
41,0.1,top,global_mean,1,1,1,0.8602736214987885,0.8610864120651751,-0.000812790566386612,-0.0009448036081438171,0.0,GunPoint,HYDRA
41,0.1,bottom,global_mean,1,1,1,0.8602736214987885,0.8239285995471476,0.03634502195164091,0.04224816243947758,0.0,GunPoint,HYDRA
41,0.1,random,global_mean,1,1,1,0.8602736214987885,,0.12796913424123643,0.14875381772658353,0.0,GunPoint,HYDRA
41,0.2,top,global_mean,1,1,1,0.8602736214987885,1.208794335195716,-0.3485207136969275,-0.405127275624762,0.0,GunPoint,HYDRA
41,0.2,bottom,global_mean,1,1,1,0.8602736214987885,0.917832095849174,-0.057558474350385525,-0.0669070932838934,0.0,GunPoint,HYDRA
41,0.2,random,global_mean,1,1,1,0.8602736214987885,,0.15265059831784653,0.17744403299018102,0.0,GunPoint,HYDRA
42,0.05,top,global_mean,0,0,0,1.0158784442339077,0.877072929018306,0.1388055152156017,0.13663581442016218,0.0,GunPoint,HYDRA
42,0.05,bottom,global_mean,0,0,0,1.0158784442339077,1.4690408255647875,-0.4531623813308798,-0.4460788963720173,0.0,GunPoint,HYDRA
42,0.05,random,global_mean,0,0,0,1.0158784442339077,,0.09967699546510049,0.09811892152249291,0.0,GunPoint,HYDRA
42,0.1,top,global_mean,0,0,0,1.0158784442339077,0.7803423150243921,0.2355361292095156,0.23185441003497959,0.0,GunPoint,HYDRA
42,0.1,bottom,global_mean,0,0,0,1.0158784442339077,1.3297831884138858,-0.31390474417997805,-0.30899802723806374,0.0,GunPoint,HYDRA
42,0.1,random,global_mean,0,0,0,1.0158784442339077,,0.3228420247290056,0.31779560710815086,0.0,GunPoint,HYDRA
42,0.2,top,global_mean,0,0,0,1.0158784442339077,0.18222224330462897,0.8336562009292787,0.8206251299414306,0.0,GunPoint,HYDRA
42,0.2,bottom,global_mean,0,0,0,1.0158784442339077,1.005741601461046,0.010136842772861643,0.009978391462095202,0.0,GunPoint,HYDRA
42,0.2,random,global_mean,0,0,0,1.0158784442339077,,0.5156002367149043,0.5075407713399767,0.0,GunPoint,HYDRA
43,0.05,top,global_mean,0,0,0,0.9668448420150523,0.8188301349404014,0.14801470707465092,0.15309028662332144,0.0,GunPoint,HYDRA
43,0.05,bottom,global_mean,0,0,0,0.9668448420150523,1.3839334007786726,-0.4170885587636203,-0.43139096290091594,0.0,GunPoint,HYDRA
43,0.05,random,global_mean,0,0,0,0.9668448420150523,,-0.10379631081991252,-0.1073555951831839,0.0,GunPoint,HYDRA
43,0.1,top,global_mean,0,0,0,0.9668448420150523,0.7407694468087468,0.22607539520630549,0.23382775762383207,0.0,GunPoint,HYDRA
43,0.1,bottom,global_mean,0,0,0,0.9668448420150523,1.2282568583946383,-0.261412016379586,-0.27037610859944744,0.0,GunPoint,HYDRA
43,0.1,random,global_mean,0,0,0,0.9668448420150523,,0.0379881180562935,0.039290770467730975,0.0,GunPoint,HYDRA
43,0.2,top,global_mean,0,0,0,0.9668448420150523,0.1826285548247563,0.784216287190296,0.8111078861919406,0.0,GunPoint,HYDRA
43,0.2,bottom,global_mean,0,0,0,0.9668448420150523,0.9688938991509547,-0.0020490571359024212,-0.002119321454216401,0.0,GunPoint,HYDRA
43,0.2,random,global_mean,0,0,0,0.9668448420150523,,0.47009860110207863,0.4862187751899748,0.0,GunPoint,HYDRA
44,0.05,top,global_mean,1,1,1,1.1216817925989686,1.1213060850031547,0.00037570759581395663,0.0003349499504609786,0.0,GunPoint,HYDRA
44,0.05,bottom,global_mean,1,1,1,1.1216817925989686,0.7217689156194164,0.39991287697955225,0.35652938568571924,0.0,GunPoint,HYDRA
44,0.05,random,global_mean,1,1,1,1.1216817925989686,,0.17790705964976003,0.15860728257901213,0.0,GunPoint,HYDRA
44,0.1,top,global_mean,1,1,1,1.1216817925989686,0.9931295144953382,0.12855227810363046,0.11460662404009199,0.0,GunPoint,HYDRA
44,0.1,bottom,global_mean,1,1,1,1.1216817925989686,0.5189372044999324,0.6027445880990362,0.5373574348078044,0.0,GunPoint,HYDRA
44,0.1,random,global_mean,1,1,1,1.1216817925989686,,0.21025996878899272,0.1874504718948348,0.0,GunPoint,HYDRA
44,0.2,top,global_mean,1,1,1,1.1216817925989686,1.0752619046234895,0.046419887975479135,0.041384149138922806,0.0,GunPoint,HYDRA
44,0.2,bottom,global_mean,1,1,1,1.1216817925989686,1.1327534714825205,-0.011071678883551872,-0.009870597067731156,0.0,GunPoint,HYDRA
44,0.2,random,global_mean,1,1,1,1.1216817925989686,,0.1606684812418769,0.1432387857797157,0.0,GunPoint,HYDRA
45,0.05,top,global_mean,0,0,0,0.7841333761354262,0.48099053261149904,0.3031428435239272,0.386595528457704,0.0,GunPoint,HYDRA
45,0.05,bottom,global_mean,0,0,0,0.7841333761354262,0.8340671031500071,-0.049933727014580875,-0.06368006369096733,0.0,GunPoint,HYDRA
45,0.05,random,global_mean,0,0,0,0.7841333761354262,,-0.0403989658787333,-0.05152046270160726,0.0,GunPoint,HYDRA
45,0.1,top,global_mean,0,0,0,0.7841333761354262,0.40092710816729726,0.38320626796812896,0.48869974283839607,0.0,GunPoint,HYDRA
45,0.1,bottom,global_mean,0,0,0,0.7841333761354262,0.6449423172976763,0.13919105883774996,0.17750919112072006,0.0,GunPoint,HYDRA
45,0.1,random,global_mean,0,0,0,0.7841333761354262,,0.3447863413015386,0.43970313226261526,0.0,GunPoint,HYDRA
45,0.2,top,global_mean,0,0,1,0.7841333761354262,-0.10746977239074076,0.891603148526167,1.0,1.0,GunPoint,HYDRA
45,0.2,bottom,global_mean,0,0,0,0.7841333761354262,0.4484150681164002,0.335718308019026,0.42813874539412466,0.0,GunPoint,HYDRA
45,0.2,random,global_mean,0,0,0,0.7841333761354262,,0.37959777825715857,0.4840978661437985,0.0,GunPoint,HYDRA
46,0.05,top,global_mean,1,1,1,0.9399984159562701,0.767070121963939,0.17292829399233112,0.183966384507175,0.0,GunPoint,HYDRA
46,0.05,bottom,global_mean,1,1,1,0.9399984159562701,0.530186358257779,0.40981205769849105,0.4359705450259088,0.0,GunPoint,HYDRA
46,0.05,random,global_mean,1,1,1,0.9399984159562701,,0.3087835191318172,0.3284933095598669,0.0,GunPoint,HYDRA
46,0.1,top,global_mean,1,1,1,0.9399984159562701,0.8560263210794247,0.08397209487684543,0.0893320713305123,0.0,GunPoint,HYDRA
46,0.1,bottom,global_mean,1,1,1,0.9399984159562701,0.5689700496298363,0.37102836632643377,0.394711273250083,0.0,GunPoint,HYDRA
46,0.1,random,global_mean,1,1,1,0.9399984159562701,,0.29189696835503814,0.3105288826781756,0.0,GunPoint,HYDRA
46,0.2,top,global_mean,1,1,1,0.9399984159562701,0.9121920280486063,0.027806387907663765,0.0295812821110916,0.0,GunPoint,HYDRA
46,0.2,bottom,global_mean,1,1,1,0.9399984159562701,0.7856460567484336,0.15435235920783652,0.16420473947934577,0.0,GunPoint,HYDRA
46,0.2,random,global_mean,1,1,1,0.9399984159562701,,0.2391505039015059,0.25441558775673906,0.0,GunPoint,HYDRA
47,0.05,top,global_mean,1,1,1,0.6582118843449297,0.6153253867873619,0.04288649755756779,0.0651559678906157,0.0,GunPoint,HYDRA
47,0.05,bottom,global_mean,1,1,1,0.6582118843449297,0.3881071593498415,0.2701047249950882,0.4103607380215647,0.0,GunPoint,HYDRA
47,0.05,random,global_mean,1,1,1,0.6582118843449297,,0.5056044716142934,0.7681473329369477,0.0,GunPoint,HYDRA
47,0.1,top,global_mean,1,1,1,0.6582118843449297,0.49492467034279053,0.1632872140021392,0.2480765993583471,0.0,GunPoint,HYDRA
47,0.1,bottom,global_mean,1,1,1,0.6582118843449297,0.5979783980187648,0.060233486326164876,0.0915106461127858,0.0,GunPoint,HYDRA
47,0.1,random,global_mean,1,1,1,0.6582118843449297,,0.307584706242724,0.4673027732491747,0.0,GunPoint,HYDRA
47,0.2,top,global_mean,1,1,1,0.6582118843449297,0.8364188135837686,-0.17820692923883885,-0.2707436051121894,0.0,GunPoint,HYDRA
47,0.2,bottom,global_mean,1,1,1,0.6582118843449297,0.891294251317992,-0.23308236697306228,-0.35411395388443634,0.0,GunPoint,HYDRA
47,0.2,random,global_mean,1,1,1,0.6582118843449297,,0.19926724793285217,0.3027398166645857,0.0,GunPoint,HYDRA
48,0.05,top,global_mean,0,0,0,0.4004879241562398,0.19227205192306393,0.20821587223317586,0.5199041962817083,0.0,GunPoint,HYDRA
48,0.05,bottom,global_mean,0,0,0,0.4004879241562398,0.596699349659179,-0.19621142550293924,-0.48992971757289533,0.0,GunPoint,HYDRA
48,0.05,random,global_mean,0,0,0,0.4004879241562398,,-0.02318628399739948,-0.057894944401393714,0.0,GunPoint,HYDRA
48,0.1,top,global_mean,0,0,0,0.4004879241562398,0.1742705128980048,0.226217411258235,0.5648531023294479,0.0,GunPoint,HYDRA
48,0.1,bottom,global_mean,0,0,0,0.4004879241562398,0.3538393032341989,0.04664862092204092,0.11647917859481736,0.0,GunPoint,HYDRA
48,0.1,random,global_mean,0,0,0,0.4004879241562398,,0.06508355337310896,0.21868173736752877,0.0,GunPoint,HYDRA
48,0.2,top,global_mean,0,0,1,0.4004879241562398,-0.18723796440063492,0.5877258885568747,1.0,1.0,GunPoint,HYDRA
48,0.2,bottom,global_mean,0,0,0,0.4004879241562398,0.0985800612494503,0.3019078629067895,0.7538482207538115,0.0,GunPoint,HYDRA
48,0.2,random,global_mean,0,0,1,0.4004879241562398,,0.3880922358201541,0.8361479296306484,0.6,GunPoint,HYDRA
49,0.05,top,global_mean,1,1,1,0.9420600305678036,0.7274639527162382,0.21459607785156543,0.227794241443384,0.0,GunPoint,HYDRA
49,0.05,bottom,global_mean,1,1,1,0.9420600305678036,0.3420363784080952,0.6000236521597084,0.6369265182299911,0.0,GunPoint,HYDRA
49,0.05,random,global_mean,1,1,1,0.9420600305678036,,0.33741630083448226,0.3581681970552514,0.0,GunPoint,HYDRA
49,0.1,top,global_mean,1,1,1,0.9420600305678036,0.5684062670074667,0.37365376356033697,0.39663434898174965,0.0,GunPoint,HYDRA
49,0.1,bottom,global_mean,1,1,1,0.9420600305678036,0.6241295377448887,0.31793049282291497,0.3374839660136354,0.0,GunPoint,HYDRA
49,0.1,random,global_mean,1,1,1,0.9420600305678036,,0.56902166497137,0.6040178359022094,0.0,GunPoint,HYDRA
49,0.2,top,global_mean,1,1,1,0.9420600305678036,0.993528853960242,-0.05146882339243841,-0.05463427710348752,0.0,GunPoint,HYDRA
49,0.2,bottom,global_mean,1,1,1,0.9420600305678036,0.9716069589453368,-0.029546928377533144,-0.03136413397731193,0.0,GunPoint,HYDRA
49,0.2,random,global_mean,1,1,1,0.9420600305678036,,0.027180811669249884,0.028852495525547146,0.0,GunPoint,HYDRA
0,0.05,top,local_mean,0,0,0,1.0826875375940508,0.7362195656368254,0.34646797195722534,0.32000705644039246,0.0,GunPoint,HYDRA
0,0.05,bottom,local_mean,0,0,0,1.0826875375940508,1.0440561880591657,0.03863134953488512,0.03568094442075803,0.0,GunPoint,HYDRA
0,0.05,random,local_mean,0,0,0,1.0826875375940508,,0.08701374144271634,0.08036821155978818,0.0,GunPoint,HYDRA
0,0.1,top,local_mean,0,0,0,1.0826875375940508,0.5904989300618427,0.49218860753220806,0.454598520665924,0.0,GunPoint,HYDRA
0,0.1,bottom,local_mean,0,0,0,1.0826875375940508,1.081560976132628,0.0011265614614228703,0.0010405222021896657,0.0,GunPoint,HYDRA
0,0.1,random,local_mean,0,0,0,1.0826875375940508,,0.38082849282541636,0.35174334963561454,0.0,GunPoint,HYDRA
0,0.2,top,local_mean,0,0,1,1.0826875375940508,-0.012958818464113564,1.0956463560581644,1.0,1.0,GunPoint,HYDRA
0,0.2,bottom,local_mean,0,0,0,1.0826875375940508,0.7651594473381148,0.317528090255936,0.29327741010498415,0.0,GunPoint,HYDRA
0,0.2,random,local_mean,0,0,0,1.0826875375940508,,0.5928961022613036,0.5476146478643218,0.0,GunPoint,HYDRA
1,0.05,top,local_mean,1,1,1,1.1298449817565481,0.8323760717978238,0.2974689099587243,0.26328270822918326,0.0,GunPoint,HYDRA
1,0.05,bottom,local_mean,1,1,1,1.1298449817565481,0.8283375547626378,0.3015074269939103,0.26685710429766984,0.0,GunPoint,HYDRA
1,0.05,random,local_mean,1,1,1,1.1298449817565481,,0.0850249016573696,0.07525353280912073,0.0,GunPoint,HYDRA
1,0.1,top,local_mean,1,1,1,1.1298449817565481,0.6564621207345874,0.4733828610219607,0.4189799925526152,0.0,GunPoint,HYDRA
1,0.1,bottom,local_mean,1,1,1,1.1298449817565481,0.4610243580335309,0.6688206237230172,0.5919573415512933,0.0,GunPoint,HYDRA
1,0.1,random,local_mean,1,1,1,1.1298449817565481,,0.2669380062821712,0.23626052629506916,0.0,GunPoint,HYDRA
1,0.2,top,local_mean,1,1,1,1.1298449817565481,0.9252875326772919,0.20455744907925622,0.1810489680737148,0.0,GunPoint,HYDRA
1,0.2,bottom,local_mean,1,1,1,1.1298449817565481,0.8851378980221155,0.24470708373443262,0.21658446167502549,0.0,GunPoint,HYDRA
1,0.2,random,local_mean,1,1,1,1.1298449817565481,,0.42835332166898166,0.37912541052987564,0.0,GunPoint,HYDRA
2,0.05,top,local_mean,1,1,1,1.2305194796071013,1.268091510113543,-0.037572030506441756,-0.030533445910984197,0.0,GunPoint,HYDRA
2,0.05,bottom,local_mean,1,1,1,1.2305194796071013,1.2420247075390376,-0.011505227931936313,-0.009349887403426127,0.0,GunPoint,HYDRA
2,0.05,random,local_mean,1,1,1,1.2305194796071013,,0.11770959634996696,0.09565838058018428,0.0,GunPoint,HYDRA
2,0.1,top,local_mean,1,1,1,1.2305194796071013,1.012363485577379,0.2181559940297222,0.17728757679789145,0.0,GunPoint,HYDRA
2,0.1,bottom,local_mean,1,1,1,1.2305194796071013,1.22356493768927,0.006954541917831181,0.005651707576660349,0.0,GunPoint,HYDRA
2,0.1,random,local_mean,1,1,1,1.2305194796071013,,0.18267132747192513,0.14845045694018125,0.0,GunPoint,HYDRA
2,0.2,top,local_mean,1,1,1,1.2305194796071013,1.1582775543368269,0.0722419252702744,0.058708429861598785,0.0,GunPoint,HYDRA
2,0.2,bottom,local_mean,1,1,1,1.2305194796071013,1.1571673833195255,0.07335209628757577,0.05961062615633729,0.0,GunPoint,HYDRA
2,0.2,random,local_mean,1,1,1,1.2305194796071013,,0.16942749197047177,0.137687665324001,0.0,GunPoint,HYDRA
3,0.05,top,local_mean,0,0,0,0.958129148301339,0.8219386526609659,0.1361904956403731,0.14214195835693524,0.0,GunPoint,HYDRA
3,0.05,bottom,local_mean,0,0,0,0.958129148301339,1.0417301722523014,-0.08360102395096236,-0.08725435067373459,0.0,GunPoint,HYDRA
3,0.05,random,local_mean,0,0,0,0.958129148301339,,0.11798219254585465,0.12313796069878846,0.0,GunPoint,HYDRA
3,0.1,top,local_mean,0,0,0,0.958129148301339,0.6757677524401617,0.28236139586117726,0.29470046043512294,0.0,GunPoint,HYDRA
3,0.1,bottom,local_mean,0,0,0,0.958129148301339,1.103101928840683,-0.14497278053934393,-0.15130802511158317,0.0,GunPoint,HYDRA
3,0.1,random,local_mean,0,0,0,0.958129148301339,,0.06737655512940226,0.07032087994397586,0.0,GunPoint,HYDRA
3,0.2,top,local_mean,0,0,0,0.958129148301339,0.009484775211488338,0.9486443730898506,0.9900997007261428,0.0,GunPoint,HYDRA
3,0.2,bottom,local_mean,0,0,0,0.958129148301339,0.7479337122191073,0.21019543608223168,0.2193808810367625,0.0,GunPoint,HYDRA
3,0.2,random,local_mean,0,0,0,0.958129148301339,,0.6402209086791387,0.648492634992518,0.2,GunPoint,HYDRA
4,0.05,top,local_mean,0,0,0,0.948865568243169,0.855269837728082,0.09359573051508707,0.09863950701559653,0.0,GunPoint,HYDRA
4,0.05,bottom,local_mean,0,0,0,0.948865568243169,0.9281189333303751,0.020746634912793938,0.02186464947458991,0.0,GunPoint,HYDRA
4,0.05,random,local_mean,0,0,0,0.948865568243169,,0.06559682762590036,0.0691317723917212,0.0,GunPoint,HYDRA
4,0.1,top,local_mean,0,0,0,0.948865568243169,0.8121855099719202,0.13668005827124885,0.14404560435121308,0.0,GunPoint,HYDRA
4,0.1,bottom,local_mean,0,0,0,0.948865568243169,1.24460726213605,-0.29574169389288096,-0.3116789059608751,0.0,GunPoint,HYDRA
4,0.1,random,local_mean,0,0,0,0.948865568243169,,0.11703551238546128,0.12334243433421108,0.0,GunPoint,HYDRA
4,0.2,top,local_mean,0,0,0,0.948865568243169,0.2444574117165342,0.7044081565266348,0.7423679789149383,0.0,GunPoint,HYDRA
4,0.2,bottom,local_mean,0,0,0,0.948865568243169,0.816666961719997,0.13219860652317206,0.1393226518328477,0.0,GunPoint,HYDRA
4,0.2,random,local_mean,0,0,0,0.948865568243169,,0.5722718175422857,0.583988500893916,0.2,GunPoint,HYDRA
5,0.05,top,local_mean,1,1,1,0.8778707479168207,0.6037019817178432,0.27416876619897756,0.31231072972740814,0.0,GunPoint,HYDRA
5,0.05,bottom,local_mean,1,1,1,0.8778707479168207,0.888246341120324,-0.01037559320350323,-0.011819030773144699,0.0,GunPoint,HYDRA
5,0.05,random,local_mean,1,1,1,0.8778707479168207,,0.10125245417970319,0.11533854964574727,0.0,GunPoint,HYDRA
5,0.1,top,local_mean,1,1,1,0.8778707479168207,0.4403000396922502,0.43757070822457056,0.49844491437720906,0.0,GunPoint,HYDRA
5,0.1,bottom,local_mean,1,1,1,0.8778707479168207,0.7369300118792871,0.14094073603753365,0.16054820806340372,0.0,GunPoint,HYDRA
5,0.1,random,local_mean,1,1,1,0.8778707479168207,,0.22395117816948287,0.25510694324189875,0.0,GunPoint,HYDRA
5,0.2,top,local_mean,1,1,1,0.8778707479168207,0.7717034627316317,0.10616728518518903,0.12093712485579214,0.0,GunPoint,HYDRA
5,0.2,bottom,local_mean,1,1,1,0.8778707479168207,0.9392294919516689,-0.0613587440348482,-0.06989488405390852,0.0,GunPoint,HYDRA
5,0.2,random,local_mean,1,1,1,0.8778707479168207,,0.23202310593777664,0.264301825965313,0.0,GunPoint,HYDRA
6,0.05,top,local_mean,0,0,0,0.8490484504078938,0.6012479258565789,0.24780052455131485,0.29185641005040214,0.0,GunPoint,HYDRA
6,0.05,bottom,local_mean,0,0,0,0.8490484504078938,0.8724291037163815,-0.02338065330848771,-0.027537445901714388,0.0,GunPoint,HYDRA
6,0.05,random,local_mean,0,0,0,0.8490484504078938,,0.08341967034979714,0.09825066173674726,0.0,GunPoint,HYDRA
6,0.1,top,local_mean,0,0,0,0.8490484504078938,0.3510784665781629,0.4979699838297309,0.5865029222862107,0.0,GunPoint,HYDRA
6,0.1,bottom,local_mean,0,0,0,0.8490484504078938,0.9362050219715307,-0.08715657156363688,-0.10265193802524197,0.0,GunPoint,HYDRA
6,0.1,random,local_mean,0,0,0,0.8490484504078938,,0.17975179237736993,0.21170945024581894,0.0,GunPoint,HYDRA
6,0.2,top,local_mean,0,0,1,0.8490484504078938,-0.2815142218886755,1.1305626722965694,1.0,1.0,GunPoint,HYDRA
6,0.2,bottom,local_mean,0,0,0,0.8490484504078938,0.6840612533698442,0.16498719703804954,0.1943198914489464,0.0,GunPoint,HYDRA
6,0.2,random,local_mean,0,0,0,0.8490484504078938,,0.7284891188019643,0.7409403246629523,0.4,GunPoint,HYDRA
7,0.05,top,local_mean,1,1,1,0.7503499664276948,0.858730105135915,-0.10838013870822016,-0.14443926050259026,0.0,GunPoint,HYDRA
7,0.05,bottom,local_mean,1,1,1,0.7503499664276948,0.7160929740773513,0.03425699235034352,0.04565462547937504,0.0,GunPoint,HYDRA
7,0.05,random,local_mean,1,1,1,0.7503499664276948,,-0.06438913993348525,-0.08581203038896854,0.0,GunPoint,HYDRA
7,0.1,top,local_mean,1,1,1,0.7503499664276948,0.7201975622831065,0.030152404144588307,0.04018440102521524,0.0,GunPoint,HYDRA
7,0.1,bottom,local_mean,1,1,1,0.7503499664276948,0.7588335560938916,-0.008483589666196778,-0.011306162110493225,0.0,GunPoint,HYDRA
7,0.1,random,local_mean,1,1,1,0.7503499664276948,,0.05138024227294273,0.06847494648744992,0.0,GunPoint,HYDRA
7,0.2,top,local_mean,1,1,1,0.7503499664276948,0.9121791580691117,-0.16182919164141685,-0.21567133099309602,0.0,GunPoint,HYDRA
7,0.2,bottom,local_mean,1,1,1,0.7503499664276948,0.8292357643659133,-0.07888579793821848,-0.10513186690993628,0.0,GunPoint,HYDRA
7,0.2,random,local_mean,1,1,1,0.7503499664276948,,-4.015722133503541e-05,-5.351791779015236e-05,0.0,GunPoint,HYDRA
8,0.05,top,local_mean,1,1,1,0.6558766999371947,0.4507723390893805,0.20510436084781414,0.3127173875060159,0.0,GunPoint,HYDRA
8,0.05,bottom,local_mean,1,1,1,0.6558766999371947,0.667135206873353,-0.011258506936158375,-0.01716555836131715,0.0,GunPoint,HYDRA
8,0.05,random,local_mean,1,1,1,0.6558766999371947,,0.037316704696325795,0.05689582783482219,0.0,GunPoint,HYDRA
8,0.1,top,local_mean,1,1,1,0.6558766999371947,0.5192474530950631,0.1366292468421315,0.20831512773679423,0.0,GunPoint,HYDRA
8,0.1,bottom,local_mean,1,1,1,0.6558766999371947,0.5959171230901065,0.05995957684708819,0.09141883746440804,0.0,GunPoint,HYDRA
8,0.1,random,local_mean,1,1,1,0.6558766999371947,,0.277124490747539,0.4225246425882078,0.0,GunPoint,HYDRA
8,0.2,top,local_mean,1,1,1,0.6558766999371947,0.8042687283440512,-0.1483920284068565,-0.2262495407620448,0.0,GunPoint,HYDRA
8,0.2,bottom,local_mean,1,1,1,0.6558766999371947,0.5822786984864489,0.0735980014507458,0.11221299559017385,0.0,GunPoint,HYDRA
8,0.2,random,local_mean,1,1,1,0.6558766999371947,,0.251722053083432,0.3837941938070716,0.0,GunPoint,HYDRA
9,0.05,top,local_mean,0,0,0,0.6170373632260636,0.5157707459655608,0.10126661726050279,0.16411721425398934,0.0,GunPoint,HYDRA
9,0.05,bottom,local_mean,0,0,0,0.6170373632260636,0.7089342237864348,-0.09189686056037116,-0.14893216700483017,0.0,GunPoint,HYDRA
9,0.05,random,local_mean,0,0,0,0.6170373632260636,,0.15140353085640823,0.24537134136170186,0.0,GunPoint,HYDRA
9,0.1,top,local_mean,0,0,0,0.6170373632260636,0.5657951977382832,0.05124216548778038,0.08304534781252627,0.0,GunPoint,HYDRA
9,0.1,bottom,local_mean,0,0,0,0.6170373632260636,0.949571062726408,-0.3325336995003444,-0.5389190029640254,0.0,GunPoint,HYDRA
9,0.1,random,local_mean,0,0,0,0.6170373632260636,,0.1299703372276923,0.21063574807272595,0.0,GunPoint,HYDRA
9,0.2,top,local_mean,0,0,0,0.6170373632260636,0.04763268955769223,0.5694046736683713,0.9228027098531623,0.0,GunPoint,HYDRA
9,0.2,bottom,local_mean,0,0,0,0.6170373632260636,0.28386849793729607,0.33316886528876755,0.5399483810809748,0.0,GunPoint,HYDRA
9,0.2,random,local_mean,0,0,0,0.6170373632260636,,0.5594673107232148,0.8574070079066527,0.4,GunPoint,HYDRA
10,0.05,top,local_mean,0,0,0,0.5732439549440486,0.5569973144762373,0.016246640467811213,0.02834153240720097,0.0,GunPoint,HYDRA
10,0.05,bottom,local_mean,0,0,0,0.5732439549440486,0.6340687499633016,-0.060824795019253086,-0.10610611483739944,0.0,GunPoint,HYDRA
10,0.05,random,local_mean,0,0,0,0.5732439549440486,,0.048770225737500894,0.0850774617672145,0.0,GunPoint,HYDRA
10,0.1,top,local_mean,0,0,0,0.5732439549440486,0.6098546203241653,-0.0366106653801167,-0.06386565649529367,0.0,GunPoint,HYDRA
10,0.1,bottom,local_mean,0,0,0,0.5732439549440486,0.9343860497959487,-0.3611420948519002,-0.62999611551252,0.0,GunPoint,HYDRA
10,0.1,random,local_mean,0,0,0,0.5732439549440486,,-0.06936001443453374,-0.12099542060741489,0.0,GunPoint,HYDRA
10,0.2,top,local_mean,0,0,1,0.5732439549440486,-0.042472768759165926,0.6157167237032145,1.0,1.0,GunPoint,HYDRA
10,0.2,bottom,local_mean,0,0,0,0.5732439549440486,0.4387976068731714,0.1344463480708772,0.2345355975858519,0.0,GunPoint,HYDRA
10,0.2,random,local_mean,0,0,0,0.5732439549440486,,0.5244856483672178,0.8640328762747697,0.2,GunPoint,HYDRA
11,0.05,top,local_mean,0,0,0,1.154104994696916,1.0129565425542628,0.14114845214265315,0.12230111687420935,0.0,GunPoint,HYDRA
11,0.05,bottom,local_mean,0,0,0,1.154104994696916,1.1539157208329822,0.00018927386393374768,0.00016400041660250938,0.0,GunPoint,HYDRA
11,0.05,random,local_mean,0,0,0,1.154104994696916,,0.23191031886584063,0.20094369142129223,0.0,GunPoint,HYDRA
11,0.1,top,local_mean,0,0,0,1.154104994696916,0.9154609884460793,0.2386440062508367,0.20677823990811858,0.0,GunPoint,HYDRA
11,0.1,bottom,local_mean,0,0,0,1.154104994696916,1.2169717539126295,-0.0628667592157135,-0.05447225775152756,0.0,GunPoint,HYDRA
11,0.1,random,local_mean,0,0,0,1.154104994696916,,0.13912399591927976,0.12054698317013388,0.0,GunPoint,HYDRA
11,0.2,top,local_mean,0,0,0,1.154104994696916,0.15737574460966122,0.9967292500872548,0.8636375295399186,0.0,GunPoint,HYDRA
11,0.2,bottom,local_mean,0,0,0,1.154104994696916,0.9570081668249358,0.19709682787198013,0.1707787922232745,0.0,GunPoint,HYDRA
11,0.2,random,local_mean,0,0,0,1.154104994696916,,0.45055943762567435,0.39039693034780354,0.0,GunPoint,HYDRA
12,0.05,top,local_mean,1,1,1,0.5667369745741989,0.6723262280029253,-0.10558925342872638,-0.18631053179038798,0.0,GunPoint,HYDRA
12,0.05,bottom,local_mean,1,1,1,0.5667369745741989,0.5165534519518028,0.050183522622396115,0.0885480149095355,0.0,GunPoint,HYDRA
12,0.05,random,local_mean,1,1,1,0.5667369745741989,,0.021227135745026438,0.037454938079585706,0.0,GunPoint,HYDRA
12,0.1,top,local_mean,1,1,1,0.5667369745741989,0.3932653297447791,0.1734716448294198,0.3060879147188828,0.0,GunPoint,HYDRA
12,0.1,bottom,local_mean,1,1,1,0.5667369745741989,0.5176968156924749,0.04904015888172397,0.08653056806113757,0.0,GunPoint,HYDRA
12,0.1,random,local_mean,1,1,1,0.5667369745741989,,0.39174735419145634,0.6912318774576269,0.0,GunPoint,HYDRA
12,0.2,top,local_mean,1,1,1,0.5667369745741989,0.6194209609807934,-0.05268398640659444,-0.09296004285962473,0.0,GunPoint,HYDRA
12,0.2,bottom,local_mean,1,1,1,0.5667369745741989,0.8120917305098699,-0.24535475593567102,-0.4329245029327896,0.0,GunPoint,HYDRA
12,0.2,random,local_mean,1,1,1,0.5667369745741989,,-0.0015182845985737491,-0.0026789886449985366,0.0,GunPoint,HYDRA
13,0.05,top,local_mean,0,0,0,0.6248532152509437,0.3541276248117373,0.2707255904392064,0.43326200549112404,0.0,GunPoint,HYDRA
13,0.05,bottom,local_mean,0,0,0,0.6248532152509437,0.6163814910941028,0.008471724156840943,0.013557921111948756,0.0,GunPoint,HYDRA
13,0.05,random,local_mean,0,0,0,0.6248532152509437,,0.08366689587024753,0.13389826591254828,0.0,GunPoint,HYDRA
13,0.1,top,local_mean,0,0,0,0.6248532152509437,0.18534067391550169,0.43951254133544204,0.7033841344239506,0.0,GunPoint,HYDRA
13,0.1,bottom,local_mean,0,0,0,0.6248532152509437,0.6803274286836142,-0.05547421343267045,-0.0887794497959685,0.0,GunPoint,HYDRA
13,0.1,random,local_mean,0,0,0,0.6248532152509437,,0.03489283403437513,0.055841559811454645,0.0,GunPoint,HYDRA
13,0.2,top,local_mean,0,0,1,0.6248532152509437,-0.38810382511769304,1.0129570403686368,1.0,1.0,GunPoint,HYDRA
13,0.2,bottom,local_mean,0,0,0,0.6248532152509437,0.5094992471887234,0.11535396806222031,0.18460941007798712,0.0,GunPoint,HYDRA
13,0.2,random,local_mean,0,0,0,0.6248532152509437,,0.5913828735386645,0.777555715688709,0.4,GunPoint,HYDRA
14,0.05,top,local_mean,0,0,0,1.1142531958808217,0.8978849301517972,0.21636826572902457,0.19418214131828757,0.0,GunPoint,HYDRA
14,0.05,bottom,local_mean,0,0,0,1.1142531958808217,1.1190877110399555,-0.004834515159133801,-0.004338790176430164,0.0,GunPoint,HYDRA
14,0.05,random,local_mean,0,0,0,1.1142531958808217,,0.3220590187344496,0.28903550009058826,0.0,GunPoint,HYDRA
14,0.1,top,local_mean,0,0,0,1.1142531958808217,0.6296171303963293,0.48463606548449245,0.4349421050206466,0.0,GunPoint,HYDRA
14,0.1,bottom,local_mean,0,0,0,1.1142531958808217,1.1790689400520082,-0.06481574417118652,-0.05816962090948148,0.0,GunPoint,HYDRA
14,0.1,random,local_mean,0,0,0,1.1142531958808217,,0.3106946121704687,0.2788363851974222,0.0,GunPoint,HYDRA
14,0.2,top,local_mean,0,0,1,1.1142531958808217,-0.06010777953423871,1.1743609754150603,1.0,1.0,GunPoint,HYDRA
14,0.2,bottom,local_mean,0,0,0,1.1142531958808217,0.8658375853230429,0.24841561055777883,0.22294339251862136,0.0,GunPoint,HYDRA
14,0.2,random,local_mean,0,0,0,1.1142531958808217,,0.7761809392987218,0.6919753186617357,0.2,GunPoint,HYDRA
15,0.05,top,local_mean,0,0,0,0.9850215833818168,0.6568090517308102,0.3282125316510066,0.33320305258806854,0.0,GunPoint,HYDRA
15,0.05,bottom,local_mean,0,0,0,0.9850215833818168,1.0038675175646665,-0.018845934182849744,-0.019132489448259318,0.0,GunPoint,HYDRA
15,0.05,random,local_mean,0,0,0,0.9850215833818168,,0.09471097771246606,0.09615107238181357,0.0,GunPoint,HYDRA
15,0.1,top,local_mean,0,0,0,0.9850215833818168,0.8246690271764977,0.16035255620531907,0.16279074095417245,0.0,GunPoint,HYDRA
15,0.1,bottom,local_mean,0,0,0,0.9850215833818168,1.2879438874933506,-0.30292230411153387,-0.3075282833328852,0.0,GunPoint,HYDRA
15,0.1,random,local_mean,0,0,0,0.9850215833818168,,0.06256535878530511,0.06351667448121176,0.0,GunPoint,HYDRA
15,0.2,top,local_mean,0,0,0,0.9850215833818168,0.5611910784853641,0.4238305048964527,0.4302749115064365,0.0,GunPoint,HYDRA
15,0.2,bottom,local_mean,0,0,0,0.9850215833818168,0.8247750480281003,0.16024653535371647,0.16268310803956595,0.0,GunPoint,HYDRA
15,0.2,random,local_mean,0,0,0,0.9850215833818168,,0.4965119389259448,0.50406147767831,0.0,GunPoint,HYDRA
16,0.05,top,local_mean,0,0,0,0.5405479842587234,0.2747168158182308,0.2658311684404926,0.4917799795795335,0.0,GunPoint,HYDRA
16,0.05,bottom,local_mean,0,0,0,0.5405479842587234,0.569742655020157,-0.02919467076143356,-0.05400929723597462,0.0,GunPoint,HYDRA
16,0.05,random,local_mean,0,0,0,0.5405479842587234,,0.1822861893487831,0.3372241825572191,0.0,GunPoint,HYDRA
16,0.1,top,local_mean,0,0,0,0.5405479842587234,0.4986238774621977,0.041924106796525695,0.07755838604343676,0.0,GunPoint,HYDRA
16,0.1,bottom,local_mean,0,0,0,0.5405479842587234,0.9836985741230602,-0.44315058986433675,-0.8198157850061396,0.0,GunPoint,HYDRA
16,0.1,random,local_mean,0,0,0,0.5405479842587234,,0.10980886562109671,0.20314322812331617,0.0,GunPoint,HYDRA
16,0.2,top,local_mean,0,0,0,0.5405479842587234,0.17843394267557475,0.36211404158314864,0.6699005124942196,0.0,GunPoint,HYDRA
16,0.2,bottom,local_mean,0,0,0,0.5405479842587234,0.23582660472894384,0.30472137952977957,0.5637257462386249,0.0,GunPoint,HYDRA
16,0.2,random,local_mean,0,0,0,0.5405479842587234,,0.3485803520312879,0.6448635779221936,0.0,GunPoint,HYDRA
17,0.05,top,local_mean,1,1,1,0.8610489306472596,0.7051050710119754,0.15594385963528423,0.18110896254072015,0.0,GunPoint,HYDRA
17,0.05,bottom,local_mean,1,1,1,0.8610489306472596,0.6572225937239465,0.2038263369233131,0.23671837098935114,0.0,GunPoint,HYDRA
17,0.05,random,local_mean,1,1,1,0.8610489306472596,,0.04651628166437782,0.05402274596249148,0.0,GunPoint,HYDRA
17,0.1,top,local_mean,1,1,1,0.8610489306472596,0.31614861828707386,0.5449003123601858,0.6328324211704877,0.0,GunPoint,HYDRA
17,0.1,bottom,local_mean,1,1,1,0.8610489306472596,0.9343857803177106,-0.07333684967045095,-0.08517142509415561,0.0,GunPoint,HYDRA
17,0.1,random,local_mean,1,1,1,0.8610489306472596,,-0.0007179324849868829,-0.0008337872862346163,0.0,GunPoint,HYDRA
17,0.2,top,local_mean,1,1,1,0.8610489306472596,0.7858237173246161,0.07522521332264354,0.08736451934453558,0.0,GunPoint,HYDRA
17,0.2,bottom,local_mean,1,1,1,0.8610489306472596,1.2041529209353932,-0.34310399028813354,-0.3984716542863187,0.0,GunPoint,HYDRA
17,0.2,random,local_mean,1,1,1,0.8610489306472596,,0.29407650728904655,0.3415324673076582,0.0,GunPoint,HYDRA
18,0.05,top,local_mean,1,1,1,0.846265851459476,0.8120325528584881,0.034233298600987894,0.04045213225822207,0.0,GunPoint,HYDRA
18,0.05,bottom,local_mean,1,1,1,0.846265851459476,0.7171625771988591,0.12910327426061685,0.15255622270677943,0.0,GunPoint,HYDRA
18,0.05,random,local_mean,1,1,1,0.846265851459476,,0.01639081924995791,0.019368381523735954,0.0,GunPoint,HYDRA
18,0.1,top,local_mean,1,1,1,0.846265851459476,0.5334784048546614,0.3127874466048146,0.3696085295854137,0.0,GunPoint,HYDRA
18,0.1,bottom,local_mean,1,1,1,0.846265851459476,0.4069310507368903,0.4393348007225857,0.519144522752967,0.0,GunPoint,HYDRA
18,0.1,random,local_mean,1,1,1,0.846265851459476,,0.15737269944725654,0.18596108210530848,0.0,GunPoint,HYDRA
18,0.2,top,local_mean,1,1,1,0.846265851459476,1.2790516278046185,-0.4327857763451425,-0.5114058001902804,0.0,GunPoint,HYDRA
18,0.2,bottom,local_mean,1,1,1,0.846265851459476,0.8807788407202299,-0.03451298926075397,-0.040782631626457656,0.0,GunPoint,HYDRA
18,0.2,random,local_mean,1,1,1,0.846265851459476,,0.192843867321789,0.22787595542612774,0.0,GunPoint,HYDRA
19,0.05,top,local_mean,1,1,1,1.11969538221862,0.8252459863605517,0.2944493958580683,0.2629725348175478,0.0,GunPoint,HYDRA
19,0.05,bottom,local_mean,1,1,1,1.11969538221862,1.2061257091740218,-0.08643032695540187,-0.0771908602438678,0.0,GunPoint,HYDRA
19,0.05,random,local_mean,1,1,1,1.11969538221862,,0.07026616599268101,0.06275466019944824,0.0,GunPoint,HYDRA
19,0.1,top,local_mean,1,1,1,1.11969538221862,0.6299231760816937,0.4897722061369263,0.4374151903272816,0.0,GunPoint,HYDRA
19,0.1,bottom,local_mean,1,1,1,1.11969538221862,1.1567552586542018,-0.03705987643558184,-0.03309814787661422,0.0,GunPoint,HYDRA
19,0.1,random,local_mean,1,1,1,1.11969538221862,,0.32745810731007935,0.29245259028276777,0.0,GunPoint,HYDRA
19,0.2,top,local_mean,1,1,1,1.11969538221862,0.891150736020813,0.228544646197807,0.2041130522766875,0.0,GunPoint,HYDRA
19,0.2,bottom,local_mean,1,1,1,1.11969538221862,1.1156044062637458,0.004090975954874176,0.0036536475600359814,0.0,GunPoint,HYDRA
19,0.2,random,local_mean,1,1,1,1.11969538221862,,0.2325747049328512,0.20771229471333702,0.0,GunPoint,HYDRA
20,0.05,top,local_mean,0,0,0,0.9178766615320725,0.6870914998339342,0.23078516169813823,0.25143346588577387,0.0,GunPoint,HYDRA
20,0.05,bottom,local_mean,0,0,0,0.9178766615320725,0.9171923495976103,0.0006843119344621673,0.0007455371920915368,0.0,GunPoint,HYDRA
20,0.05,random,local_mean,0,0,0,0.9178766615320725,,0.06345600125358564,0.06913339752453312,0.0,GunPoint,HYDRA
20,0.1,top,local_mean,0,0,0,0.9178766615320725,0.5606671501663157,0.35720951136575674,0.3891689778891902,0.0,GunPoint,HYDRA
20,0.1,bottom,local_mean,0,0,0,0.9178766615320725,1.025548450578903,-0.1076717890468305,-0.11730516337777573,0.0,GunPoint,HYDRA
20,0.1,random,local_mean,0,0,0,0.9178766615320725,,0.13946715507804916,0.1519452547142917,0.0,GunPoint,HYDRA
20,0.2,top,local_mean,0,0,1,0.9178766615320725,-0.10516156182729416,1.0230382233593667,1.0,1.0,GunPoint,HYDRA
20,0.2,bottom,local_mean,0,0,0,0.9178766615320725,0.7137462914074217,0.20413037012465074,0.22239387521854187,0.0,GunPoint,HYDRA
20,0.2,random,local_mean,0,0,0,0.9178766615320725,,0.7781200845138858,0.8184553468367616,0.2,GunPoint,HYDRA
21,0.05,top,local_mean,1,1,1,1.074740592224146,1.1665565907756352,-0.09181599855148925,-0.08543076700091114,0.0,GunPoint,HYDRA
21,0.05,bottom,local_mean,1,1,1,1.074740592224146,1.0434974318252384,0.03124316039890762,0.02907039294371294,0.0,GunPoint,HYDRA
21,0.05,random,local_mean,1,1,1,1.074740592224146,,-0.06860882977688314,-0.06383751245255075,0.0,GunPoint,HYDRA
21,0.1,top,local_mean,1,1,1,1.074740592224146,1.0125607233379148,0.06217986888623117,0.05785564579998414,0.0,GunPoint,HYDRA
21,0.1,bottom,local_mean,1,1,1,1.074740592224146,0.961137778238868,0.11360281398527794,0.10570244494788769,0.0,GunPoint,HYDRA
21,0.1,random,local_mean,1,1,1,1.074740592224146,,0.09790910876501065,0.09110013930175591,0.0,GunPoint,HYDRA
21,0.2,top,local_mean,1,1,1,1.074740592224146,0.9473667612196042,0.1273738310045418,0.11851577339716185,0.0,GunPoint,HYDRA
21,0.2,bottom,local_mean,1,1,1,1.074740592224146,0.8835699294054298,0.1911706628187162,0.1778759324118965,0.0,GunPoint,HYDRA
21,0.2,random,local_mean,1,1,1,1.074740592224146,,0.19915183023003583,0.18530205927724172,0.0,GunPoint,HYDRA
22,0.05,top,local_mean,0,0,0,0.5287625115062063,0.3813634678857716,0.14739904362043477,0.27876175343597753,0.0,GunPoint,HYDRA
22,0.05,bottom,local_mean,0,0,0,0.5287625115062063,0.4740416975254955,0.054720813980710825,0.10348825664016821,0.0,GunPoint,HYDRA
22,0.05,random,local_mean,0,0,0,0.5287625115062063,,0.16609867882280915,0.3141265900698588,0.0,GunPoint,HYDRA
22,0.1,top,local_mean,0,0,0,0.5287625115062063,0.4046272421361218,0.12413526937008457,0.23476519591240275,0.0,GunPoint,HYDRA
22,0.1,bottom,local_mean,0,0,0,0.5287625115062063,0.8071546326205884,-0.27839212111438205,-0.5264964678091529,0.0,GunPoint,HYDRA
22,0.1,random,local_mean,0,0,0,0.5287625115062063,,0.24994648209373546,0.4726999436510885,0.0,GunPoint,HYDRA
22,0.2,top,local_mean,0,0,1,0.5287625115062063,-0.032707929076617806,0.5614704405828241,1.0,1.0,GunPoint,HYDRA
22,0.2,bottom,local_mean,0,0,0,0.5287625115062063,0.5835252430771675,-0.05476273157096112,-0.10356753138083799,0.0,GunPoint,HYDRA
22,0.2,random,local_mean,0,0,0,0.5287625115062063,,0.30626571973529415,0.5320591488753117,0.4,GunPoint,HYDRA
23,0.05,top,local_mean,0,0,0,0.5274105048706708,0.3857632430261214,0.14164726184454934,0.2685706711674471,0.0,GunPoint,HYDRA
23,0.05,bottom,local_mean,0,0,0,0.5274105048706708,0.5610811352938739,-0.033670630423203174,-0.0638412892253075,0.0,GunPoint,HYDRA
23,0.05,random,local_mean,0,0,0,0.5274105048706708,,0.03259962108268235,0.06181059908937001,0.0,GunPoint,HYDRA
23,0.1,top,local_mean,0,0,0,0.5274105048706708,0.5485641642757532,-0.021153659405082403,-0.040108452716194724,0.0,GunPoint,HYDRA
23,0.1,bottom,local_mean,0,0,0,0.5274105048706708,0.5332797214162215,-0.005869216545550726,-0.011128343791040255,0.0,GunPoint,HYDRA
23,0.1,random,local_mean,0,0,0,0.5274105048706708,,-0.07982089703728026,-0.151344626160276,0.0,GunPoint,HYDRA
23,0.2,top,local_mean,0,0,0,0.5274105048706708,0.0711669984616485,0.4562435064090222,0.865061725418561,0.0,GunPoint,HYDRA
23,0.2,bottom,local_mean,0,0,0,0.5274105048706708,0.48398600308131945,0.04342450178935131,0.08233514321990312,0.0,GunPoint,HYDRA
23,0.2,random,local_mean,0,0,0,0.5274105048706708,,0.5117356756633087,0.8154624152256295,0.4,GunPoint,HYDRA
24,0.05,top,local_mean,0,0,0,0.7139476904310414,0.4899788410348207,0.22396884939622075,0.3137044053698049,0.0,GunPoint,HYDRA
24,0.05,bottom,local_mean,0,0,0,0.7139476904310414,0.7368276034763762,-0.022879913045334765,-0.03204699910790673,0.0,GunPoint,HYDRA
24,0.05,random,local_mean,0,0,0,0.7139476904310414,,0.1837482100642284,0.2573689293460174,0.0,GunPoint,HYDRA
24,0.1,top,local_mean,0,0,0,0.7139476904310414,0.35422067855500294,0.3597270118760385,0.5038555525031579,0.0,GunPoint,HYDRA
24,0.1,bottom,local_mean,0,0,0,0.7139476904310414,0.7658929974136253,-0.051945306982583817,-0.07275775931632034,0.0,GunPoint,HYDRA
24,0.1,random,local_mean,0,0,0,0.7139476904310414,,0.026876929661055305,0.0376454639125797,0.0,GunPoint,HYDRA
24,0.2,top,local_mean,0,0,1,0.7139476904310414,-0.30432202002483977,1.0182697104558813,1.0,1.0,GunPoint,HYDRA
24,0.2,bottom,local_mean,0,0,0,0.7139476904310414,0.5547528972856847,0.15919479314535678,0.22297791883229598,0.0,GunPoint,HYDRA
24,0.2,random,local_mean,0,0,0,0.7139476904310414,,0.35804979146259547,0.501506335485293,0.0,GunPoint,HYDRA
25,0.05,top,local_mean,1,1,1,0.9209031166481467,0.9800225473994889,-0.059119430751342184,-0.06419716198741911,0.0,GunPoint,HYDRA
25,0.05,bottom,local_mean,1,1,1,0.9209031166481467,0.6664528894905618,0.2544502271575849,0.2763047993353728,0.0,GunPoint,HYDRA
25,0.05,random,local_mean,1,1,1,0.9209031166481467,,0.13290873996429572,0.14432418919794737,0.0,GunPoint,HYDRA
25,0.1,top,local_mean,1,1,1,0.9209031166481467,0.7838254915560344,0.1370776250921123,0.14885113728347688,0.0,GunPoint,HYDRA
25,0.1,bottom,local_mean,1,1,1,0.9209031166481467,0.9158368033957597,0.005066313252387045,0.0055014557550541925,0.0,GunPoint,HYDRA
25,0.1,random,local_mean,1,1,1,0.9209031166481467,,0.135048903135368,0.14664816965626254,0.0,GunPoint,HYDRA
25,0.2,top,local_mean,1,1,1,0.9209031166481467,1.0789626964403227,-0.158059579792176,-0.1716352190578451,0.0,GunPoint,HYDRA
25,0.2,bottom,local_mean,1,1,1,0.9209031166481467,0.4288522599769903,0.49205085667115644,0.5343127995367146,0.0,GunPoint,HYDRA
25,0.2,random,local_mean,1,1,1,0.9209031166481467,,-0.0022332394075558425,-0.002425050955016092,0.0,GunPoint,HYDRA
26,0.05,top,local_mean,0,0,0,0.9329414135553984,0.6043307481068807,0.3286106654485177,0.352230384934691,0.0,GunPoint,HYDRA
26,0.05,bottom,local_mean,0,0,0,0.9329414135553984,0.950279907827419,-0.01733849427202061,-0.018584742230706875,0.0,GunPoint,HYDRA
26,0.05,random,local_mean,0,0,0,0.9329414135553984,,0.16030042880948636,0.17182242599367864,0.0,GunPoint,HYDRA
26,0.1,top,local_mean,0,0,0,0.9329414135553984,0.5280143215142641,0.4049270920411343,0.4340322469614997,0.0,GunPoint,HYDRA
26,0.1,bottom,local_mean,0,0,0,0.9329414135553984,0.9534804213193874,-0.02053900776398898,-0.022015300693336275,0.0,GunPoint,HYDRA
26,0.1,random,local_mean,0,0,0,0.9329414135553984,,0.2128103206847678,0.22810659864177252,0.0,GunPoint,HYDRA
26,0.2,top,local_mean,0,0,1,0.9329414135553984,-0.08977499166311881,1.0227164052185171,1.0,1.0,GunPoint,HYDRA
26,0.2,bottom,local_mean,0,0,0,0.9329414135553984,0.6672246998022989,0.26571671375309946,0.28481577200511865,0.0,GunPoint,HYDRA
26,0.2,random,local_mean,0,0,0,0.9329414135553984,,0.4983102024858644,0.5341275037403738,0.0,GunPoint,HYDRA
27,0.05,top,local_mean,0,0,0,1.0135086387662224,0.6810137215374148,0.33249491722880764,0.32806290587780135,0.0,GunPoint,HYDRA
27,0.05,bottom,local_mean,0,0,0,1.0135086387662224,1.0312190660729894,-0.017710427306766974,-0.017474355081937298,0.0,GunPoint,HYDRA
27,0.05,random,local_mean,0,0,0,1.0135086387662224,,0.05542168722382117,0.0546829404516446,0.0,GunPoint,HYDRA
27,0.1,top,local_mean,0,0,0,1.0135086387662224,0.47587282395568875,0.5376358148105337,0.5304693653086664,0.0,GunPoint,HYDRA
27,0.1,bottom,local_mean,0,0,0,1.0135086387662224,1.1192503289780724,-0.10574169021184998,-0.10433219987978873,0.0,GunPoint,HYDRA
27,0.1,random,local_mean,0,0,0,1.0135086387662224,,0.41891895568000564,0.413334949818503,0.0,GunPoint,HYDRA
27,0.2,top,local_mean,0,0,1,1.0135086387662224,-0.12882924349999583,1.1423378822662182,1.0,1.0,GunPoint,HYDRA
27,0.2,bottom,local_mean,0,0,0,1.0135086387662224,0.868129325529377,0.1453793132368454,0.14344147078247846,0.0,GunPoint,HYDRA
27,0.2,random,local_mean,0,0,0,1.0135086387662224,,0.6736571995083123,0.6296098918831412,0.2,GunPoint,HYDRA
28,0.05,top,local_mean,1,1,1,1.1412105675767497,0.8192278251638767,0.32198274241287295,0.2821411485484428,0.0,GunPoint,HYDRA
28,0.05,bottom,local_mean,1,1,1,1.1412105675767497,1.2348316249144091,-0.09362105733765946,-0.08203654782123754,0.0,GunPoint,HYDRA
28,0.05,random,local_mean,1,1,1,1.1412105675767497,,0.11515202342508073,0.10090330898905513,0.0,GunPoint,HYDRA
28,0.1,top,local_mean,1,1,1,1.1412105675767497,0.6937789934904958,0.4474315740862539,0.39206715634361367,0.0,GunPoint,HYDRA
28,0.1,bottom,local_mean,1,1,1,1.1412105675767497,1.1642633317872944,-0.023052764210544696,-0.020200254593891798,0.0,GunPoint,HYDRA
28,0.1,random,local_mean,1,1,1,1.1412105675767497,,0.26839163726599297,0.23518131509646034,0.0,GunPoint,HYDRA
28,0.2,top,local_mean,1,1,1,1.1412105675767497,1.0257527779155542,0.11545778966119546,0.10117124023405995,0.0,GunPoint,HYDRA
28,0.2,bottom,local_mean,1,1,1,1.1412105675767497,1.0632003815899749,0.07801018598677478,0.06835733899229722,0.0,GunPoint,HYDRA
28,0.2,random,local_mean,1,1,1,1.1412105675767497,,0.30352231427350984,0.26596498221448067,0.0,GunPoint,HYDRA
29,0.05,top,local_mean,0,0,0,0.4099107901831679,0.329047464041642,0.08086332614152592,0.1972700665804035,0.0,GunPoint,HYDRA
29,0.05,bottom,local_mean,0,0,0,0.4099107901831679,0.3928008016643135,0.01710998851885437,0.04174065964584434,0.0,GunPoint,HYDRA
29,0.05,random,local_mean,0,0,0,0.4099107901831679,,9.005103733084052e-05,0.00021968394051463113,0.0,GunPoint,HYDRA
29,0.1,top,local_mean,0,0,0,0.4099107901831679,0.32514822132499,0.0847625688581779,0.20678246122245472,0.0,GunPoint,HYDRA
29,0.1,bottom,local_mean,0,0,0,0.4099107901831679,0.70677637888102,-0.29686558869785207,-0.7242182240359532,0.0,GunPoint,HYDRA
29,0.1,random,local_mean,0,0,0,0.4099107901831679,,-0.0017337190601854902,-0.004229493031685605,0.0,GunPoint,HYDRA
29,0.2,top,local_mean,0,0,1,0.4099107901831679,-0.18030858584183734,0.5902193760250052,1.0,1.0,GunPoint,HYDRA
29,0.2,bottom,local_mean,0,0,0,0.4099107901831679,0.5673568038064342,-0.15744601362326627,-0.38409730433201733,0.0,GunPoint,HYDRA
29,0.2,random,local_mean,0,0,1,0.4099107901831679,,0.33679945340950324,0.5516204999191743,0.6,GunPoint,HYDRA
30,0.05,top,local_mean,0,0,0,0.5528261481608358,0.27780215061645264,0.2750239975443831,0.49748641769736224,0.0,GunPoint,HYDRA
30,0.05,bottom,local_mean,0,0,0,0.5528261481608358,0.5754291945387968,-0.022603046377961067,-0.04088628145914623,0.0,GunPoint,HYDRA
30,0.05,random,local_mean,0,0,0,0.5528261481608358,,0.06739041168414309,0.1219014151319084,0.0,GunPoint,HYDRA
30,0.1,top,local_mean,0,0,0,0.5528261481608358,0.5208274633753686,0.03199868478546719,0.05788189833281796,0.0,GunPoint,HYDRA
30,0.1,bottom,local_mean,0,0,0,0.5528261481608358,1.0133314587623439,-0.4605053106015081,-0.8330005357615539,0.0,GunPoint,HYDRA
30,0.1,random,local_mean,0,0,0,0.5528261481608358,,0.11493497886834798,0.2079040062535235,0.0,GunPoint,HYDRA
30,0.2,top,local_mean,0,0,0,0.5528261481608358,0.13398838043116454,0.4188377677296712,0.7576287979399619,0.0,GunPoint,HYDRA
30,0.2,bottom,local_mean,0,0,0,0.5528261481608358,0.28015124254035506,0.2726749056204807,0.4932371836796092,0.0,GunPoint,HYDRA
30,0.2,random,local_mean,0,0,0,0.5528261481608358,,0.40505203864114614,0.69078728739025,0.2,GunPoint,HYDRA
31,0.05,top,local_mean,1,1,1,1.0805609204109763,1.2070595541433111,-0.12649863373233483,-0.11706745475930051,0.0,GunPoint,HYDRA
31,0.05,bottom,local_mean,1,1,1,1.0805609204109763,1.0785070257527682,0.002053894658208044,0.0019007653512599027,0.0,GunPoint,HYDRA
31,0.05,random,local_mean,1,1,1,1.0805609204109763,,-5.4371260930241584e-05,-5.031758005091058e-05,0.0,GunPoint,HYDRA
31,0.1,top,local_mean,1,1,1,1.0805609204109763,1.0056523007753109,0.07490861963566542,0.06932376407191455,0.0,GunPoint,HYDRA
31,0.1,bottom,local_mean,1,1,1,1.0805609204109763,1.044261383001512,0.036299537409464344,0.03359320435395163,0.0,GunPoint,HYDRA
31,0.1,random,local_mean,1,1,1,1.0805609204109763,,0.1491654126213385,0.13804429880761077,0.0,GunPoint,HYDRA
31,0.2,top,local_mean,1,1,1,1.0805609204109763,1.5322687756010993,-0.451707855190123,-0.4180305141775887,0.0,GunPoint,HYDRA
31,0.2,bottom,local_mean,1,1,1,1.0805609204109763,1.057792179408375,0.02276874100260118,0.021071204317417935,0.0,GunPoint,HYDRA
31,0.2,random,local_mean,1,1,1,1.0805609204109763,,0.08221826915333878,0.07608843843217078,0.0,GunPoint,HYDRA
32,0.05,top,local_mean,1,1,1,0.8667923776742693,0.9622372053765644,-0.09544482770229512,-0.11011254834270567,0.0,GunPoint,HYDRA
32,0.05,bottom,local_mean,1,1,1,0.8667923776742693,0.8080180614466218,0.058774316227647505,0.0678066050589212,0.0,GunPoint,HYDRA
32,0.05,random,local_mean,1,1,1,0.8667923776742693,,0.031033895389993637,0.03580310624114598,0.0,GunPoint,HYDRA
32,0.1,top,local_mean,1,1,1,0.8667923776742693,0.8456580958449428,0.02113428182932653,0.024382145011343802,0.0,GunPoint,HYDRA
32,0.1,bottom,local_mean,1,1,1,0.8667923776742693,0.8463324827711235,0.020459894903145814,0.02360412000151944,0.0,GunPoint,HYDRA
32,0.1,random,local_mean,1,1,1,0.8667923776742693,,0.1605864827676212,0.18526500882886035,0.0,GunPoint,HYDRA
32,0.2,top,local_mean,1,1,1,0.8667923776742693,1.1128864694416674,-0.24609409176739805,-0.28391321173646217,0.0,GunPoint,HYDRA
32,0.2,bottom,local_mean,1,1,1,0.8667923776742693,0.7426968780457425,0.12409549962852684,0.14316618334290096,0.0,GunPoint,HYDRA
32,0.2,random,local_mean,1,1,1,0.8667923776742693,,0.09476863940386611,0.10933244513028459,0.0,GunPoint,HYDRA
33,0.05,top,local_mean,0,0,0,0.745338773483008,0.7163290598131091,0.029009713669898907,0.03892146199891513,0.0,GunPoint,HYDRA
33,0.05,bottom,local_mean,0,0,0,0.745338773483008,0.7637934247690822,-0.018454651286074153,-0.024760051647096052,0.0,GunPoint,HYDRA
33,0.05,random,local_mean,0,0,0,0.745338773483008,,0.024809056115737117,0.03328556585649955,0.0,GunPoint,HYDRA
33,0.1,top,local_mean,0,0,0,0.745338773483008,0.672798218245347,0.07254055523766101,0.0973254853939641,0.0,GunPoint,HYDRA
33,0.1,bottom,local_mean,0,0,0,0.745338773483008,1.1223137656908813,-0.3769749922078732,-0.5057760307708405,0.0,GunPoint,HYDRA
33,0.1,random,local_mean,0,0,0,0.745338773483008,,0.1958980896365537,0.26283058627223477,0.0,GunPoint,HYDRA
33,0.2,top,local_mean,0,0,0,0.745338773483008,0.5474151150287653,0.19792365845424276,0.26554823115011844,0.0,GunPoint,HYDRA
33,0.2,bottom,local_mean,0,0,0,0.745338773483008,0.4854787819340085,0.2598599915489995,0.34864635001921535,0.0,GunPoint,HYDRA
33,0.2,random,local_mean,0,0,0,0.745338773483008,,0.439919297266351,0.59022651536572,0.0,GunPoint,HYDRA
34,0.05,top,local_mean,0,0,0,1.0250502034762035,0.7667375929348755,0.2583126105413279,0.2519997144194609,0.0,GunPoint,HYDRA
34,0.05,bottom,local_mean,0,0,0,1.0250502034762035,1.029336598656687,-0.00428639518048346,-0.004181640064366764,0.0,GunPoint,HYDRA
34,0.05,random,local_mean,0,0,0,1.0250502034762035,,0.20949850452006916,0.2043785752454196,0.0,GunPoint,HYDRA
34,0.1,top,local_mean,0,0,0,1.0250502034762035,0.928128813178995,0.09692139029720848,0.09455273060362639,0.0,GunPoint,HYDRA
34,0.1,bottom,local_mean,0,0,0,1.0250502034762035,1.3403822873115234,-0.31533208383531997,-0.30762569007865215,0.0,GunPoint,HYDRA
34,0.1,random,local_mean,0,0,0,1.0250502034762035,,0.15997727695910888,0.15606759585919822,0.0,GunPoint,HYDRA
34,0.2,top,local_mean,0,0,0,1.0250502034762035,0.6321444591376845,0.392905744338519,0.3833035296247426,0.0,GunPoint,HYDRA
34,0.2,bottom,local_mean,0,0,0,1.0250502034762035,0.7908713443903832,0.23417885908582026,0.22845576717695815,0.0,GunPoint,HYDRA
34,0.2,random,local_mean,0,0,0,1.0250502034762035,,0.5985499794240405,0.5839220298402741,0.0,GunPoint,HYDRA
35,0.05,top,local_mean,0,0,0,1.1228237509711463,0.8327766706422788,0.2900470803288675,0.2583191010689797,0.0,GunPoint,HYDRA
35,0.05,bottom,local_mean,0,0,0,1.1228237509711463,1.1303496087969989,-0.007525857825852578,-0.006702611266222411,0.0,GunPoint,HYDRA
35,0.05,random,local_mean,0,0,0,1.1228237509711463,,0.13976971303508115,0.12448043464858824,0.0,GunPoint,HYDRA
35,0.1,top,local_mean,0,0,0,1.1228237509711463,0.922019235140548,0.20080451583059833,0.17883869736298547,0.0,GunPoint,HYDRA
35,0.1,bottom,local_mean,0,0,0,1.1228237509711463,1.2913577257016238,-0.1685339747304775,-0.15009820061831572,0.0,GunPoint,HYDRA
35,0.1,random,local_mean,0,0,0,1.1228237509711463,,0.1489717135017477,0.13267583687739343,0.0,GunPoint,HYDRA
35,0.2,top,local_mean,0,0,0,1.1228237509711463,0.46207667341986036,0.6607470775512859,0.5884685717693673,0.0,GunPoint,HYDRA
35,0.2,bottom,local_mean,0,0,0,1.1228237509711463,0.9190037372591533,0.203820013711993,0.181524332747124,0.0,GunPoint,HYDRA
35,0.2,random,local_mean,0,0,0,1.1228237509711463,,0.57776070498619,0.5145600010032527,0.0,GunPoint,HYDRA
36,0.05,top,local_mean,0,0,0,0.733924924294,0.5404017616802966,0.1935231626137034,0.26368214585124916,0.0,GunPoint,HYDRA
36,0.05,bottom,local_mean,0,0,0,0.733924924294,0.7870461803143568,-0.05312125602035678,-0.072379587996509,0.0,GunPoint,HYDRA
36,0.05,random,local_mean,0,0,0,0.733924924294,,0.1216663362183407,0.16577468132819756,0.0,GunPoint,HYDRA
36,0.1,top,local_mean,0,0,0,0.733924924294,0.5681836331720694,0.1657412911219306,0.22582836446520868,0.0,GunPoint,HYDRA
36,0.1,bottom,local_mean,0,0,0,0.733924924294,0.9218753544601367,-0.18795043016613666,-0.2560891010178385,0.0,GunPoint,HYDRA
36,0.1,random,local_mean,0,0,0,0.733924924294,,-0.052513545434251394,-0.07155156085372893,0.0,GunPoint,HYDRA
36,0.2,top,local_mean,0,0,0,0.733924924294,0.2715786773060985,0.4623462469879015,0.6299630952982829,0.0,GunPoint,HYDRA
36,0.2,bottom,local_mean,0,0,0,0.733924924294,0.6969693706047723,0.03695555368922776,0.050353247468097204,0.0,GunPoint,HYDRA
36,0.2,random,local_mean,0,0,0,0.733924924294,,0.6440471910837857,0.8056986388234438,0.2,GunPoint,HYDRA
37,0.05,top,local_mean,0,0,0,0.8260783399487357,0.7338996966530392,0.09217864329569647,0.11158570229031128,0.0,GunPoint,HYDRA
37,0.05,bottom,local_mean,0,0,0,0.8260783399487357,0.830679506047899,-0.004601166099163279,-0.005569884001031686,0.0,GunPoint,HYDRA
37,0.05,random,local_mean,0,0,0,0.8260783399487357,,0.19027532374601258,0.23033541034668725,0.0,GunPoint,HYDRA
37,0.1,top,local_mean,0,0,0,0.8260783399487357,0.6973165461789902,0.1287617937697455,0.1558709769666145,0.0,GunPoint,HYDRA
37,0.1,bottom,local_mean,0,0,0,0.8260783399487357,1.0219012968628363,-0.19582295691410057,-0.23705102820541768,0.0,GunPoint,HYDRA
37,0.1,random,local_mean,0,0,0,0.8260783399487357,,0.07528334816279796,0.09113331434662178,0.0,GunPoint,HYDRA
37,0.2,top,local_mean,0,0,0,0.8260783399487357,0.16429150764647896,0.6617868323022568,0.8011177623003203,0.0,GunPoint,HYDRA
37,0.2,bottom,local_mean,0,0,0,0.8260783399487357,0.8111409389289472,0.014937401019788465,0.018082283743732705,0.0,GunPoint,HYDRA
37,0.2,random,local_mean,0,0,0,0.8260783399487357,,0.47499980447832035,0.5750050648982427,0.0,GunPoint,HYDRA
38,0.05,top,local_mean,0,0,0,0.7148680610425024,0.6024518993110535,0.11241616173144897,0.15725419920609107,0.0,GunPoint,HYDRA
38,0.05,bottom,local_mean,0,0,0,0.7148680610425024,0.7387295286347514,-0.02386146759224894,-0.033378794652899745,0.0,GunPoint,HYDRA
38,0.05,random,local_mean,0,0,0,0.7148680610425024,,0.0643449723017544,0.09000945181194347,0.0,GunPoint,HYDRA
38,0.1,top,local_mean,0,0,0,0.7148680610425024,0.40862947970429275,0.3062385813382097,0.42838415875995267,0.0,GunPoint,HYDRA
38,0.1,bottom,local_mean,0,0,0,0.7148680610425024,0.8925837724489617,-0.17771571140645925,-0.24859896880597157,0.0,GunPoint,HYDRA
38,0.1,random,local_mean,0,0,0,0.7148680610425024,,0.12978887984495907,0.18155615750902174,0.0,GunPoint,HYDRA
38,0.2,top,local_mean,0,0,1,0.7148680610425024,-0.1662230844629443,0.8810911455054468,1.0,1.0,GunPoint,HYDRA
38,0.2,bottom,local_mean,0,0,0,0.7148680610425024,0.5830535645338943,0.1318144965086081,0.18438970671969127,0.0,GunPoint,HYDRA
38,0.2,random,local_mean,0,0,1,0.7148680610425024,,0.7267567610841941,0.8063935071384842,0.6,GunPoint,HYDRA
39,0.05,top,local_mean,1,1,1,0.7349235770560449,0.4279837535556281,0.3069398235004168,0.41764805951918754,0.0,GunPoint,HYDRA
39,0.05,bottom,local_mean,1,1,1,0.7349235770560449,0.7170953724206474,0.017828204635397582,0.024258550049875406,0.0,GunPoint,HYDRA
39,0.05,random,local_mean,1,1,1,0.7349235770560449,,-0.0014939131076155965,-0.0020327434328021783,0.0,GunPoint,HYDRA
39,0.1,top,local_mean,1,1,1,0.7349235770560449,0.39661406132147803,0.3383095157345669,0.4603322929949689,0.0,GunPoint,HYDRA
39,0.1,bottom,local_mean,1,1,1,0.7349235770560449,0.7317584368294584,0.003165140226586538,0.004306755176518156,0.0,GunPoint,HYDRA
39,0.1,random,local_mean,1,1,1,0.7349235770560449,,0.1310278484187373,0.17828747671442371,0.0,GunPoint,HYDRA
39,0.2,top,local_mean,1,1,1,0.7349235770560449,0.6605154500075782,0.07440812704846678,0.10124593648307458,0.0,GunPoint,HYDRA
39,0.2,bottom,local_mean,1,1,1,0.7349235770560449,0.7624077643823447,-0.027484187326299758,-0.0373972897142666,0.0,GunPoint,HYDRA
39,0.2,random,local_mean,1,1,1,0.7349235770560449,,0.3826743785955202,0.5206988452181505,0.0,GunPoint,HYDRA
40,0.05,top,local_mean,0,0,0,0.9143904217657163,0.6061073183122148,0.3082831034535015,0.3371456644444432,0.0,GunPoint,HYDRA
40,0.05,bottom,local_mean,0,0,0,0.9143904217657163,0.9372272280869526,-0.022836806321236303,-0.024974869380486715,0.0,GunPoint,HYDRA
40,0.05,random,local_mean,0,0,0,0.9143904217657163,,0.2729993132535696,0.2985584802692046,0.0,GunPoint,HYDRA
40,0.1,top,local_mean,0,0,0,0.9143904217657163,0.7602400900827324,0.15415033168298387,0.1685824341891956,0.0,GunPoint,HYDRA
40,0.1,bottom,local_mean,0,0,0,0.9143904217657163,1.2268123444601826,-0.31242192269446634,-0.34167197466832155,0.0,GunPoint,HYDRA
40,0.1,random,local_mean,0,0,0,0.9143904217657163,,0.08013930336099284,0.08764223007062068,0.0,GunPoint,HYDRA
40,0.2,top,local_mean,0,0,0,0.9143904217657163,0.4944946064840444,0.41989581528167186,0.45920795546270643,0.0,GunPoint,HYDRA
40,0.2,bottom,local_mean,0,0,0,0.9143904217657163,0.730207223672554,0.1841831980931623,0.2014270844071341,0.0,GunPoint,HYDRA
40,0.2,random,local_mean,0,0,0,0.9143904217657163,,0.49160972057589036,0.5376359717226762,0.0,GunPoint,HYDRA
41,0.05,top,local_mean,1,1,1,0.8602736301018111,0.907906474454921,-0.04763284435310988,-0.05536934681832087,0.0,GunPoint,HYDRA
41,0.05,bottom,local_mean,1,1,1,0.8602736301018111,0.8966357126746164,-0.036362082572805265,-0.04226799361559914,0.0,GunPoint,HYDRA
41,0.05,random,local_mean,1,1,1,0.8602736301018111,,0.0340532917760513,0.039584210186485655,0.0,GunPoint,HYDRA
41,0.1,top,local_mean,1,1,1,0.8602736301018111,0.8371475221142561,0.02312610798755499,0.026882238739061825,0.0,GunPoint,HYDRA
41,0.1,bottom,local_mean,1,1,1,0.8602736301018111,0.8878262462072372,-0.02755261610542603,-0.03202769806447187,0.0,GunPoint,HYDRA
41,0.1,random,local_mean,1,1,1,0.8602736301018111,,0.09158359687545423,0.10645855831482043,0.0,GunPoint,HYDRA
41,0.2,top,local_mean,1,1,1,0.8602736301018111,1.3755273423471888,-0.5152537122453776,-0.59894095933574,0.0,GunPoint,HYDRA
41,0.2,bottom,local_mean,1,1,1,0.8602736301018111,0.8418855132274627,0.01838811687434838,0.021374705507905305,0.0,GunPoint,HYDRA
41,0.2,random,local_mean,1,1,1,0.8602736301018111,,0.15733266974023274,0.1828865623081467,0.0,GunPoint,HYDRA
42,0.05,top,local_mean,0,0,0,1.0158784212610004,0.892629574255542,0.12324884700545835,0.12132231879692068,0.0,GunPoint,HYDRA
42,0.05,bottom,local_mean,0,0,0,1.0158784212610004,1.0702788844852642,-0.05440046322426384,-0.05355011833662023,0.0,GunPoint,HYDRA
42,0.05,random,local_mean,0,0,0,1.0158784212610004,,0.1473987247120208,0.14509470477220254,0.0,GunPoint,HYDRA
42,0.1,top,local_mean,0,0,0,1.0158784212610004,0.7940916424924475,0.2217867787685529,0.21831998377647158,0.0,GunPoint,HYDRA
42,0.1,bottom,local_mean,0,0,0,1.0158784212610004,1.2609029322176901,-0.24502451095668976,-0.2411944821685072,0.0,GunPoint,HYDRA
42,0.1,random,local_mean,0,0,0,1.0158784212610004,,0.28409726013130004,0.2796564771227014,0.0,GunPoint,HYDRA
42,0.2,top,local_mean,0,0,0,1.0158784212610004,0.25516358004386275,0.7607148412171376,0.7488239502606229,0.0,GunPoint,HYDRA
42,0.2,bottom,local_mean,0,0,0,1.0158784212610004,0.936097667447661,0.07978075381333938,0.07853368435626777,0.0,GunPoint,HYDRA
42,0.2,random,local_mean,0,0,0,1.0158784212610004,,0.5084084671818908,0.5004614293208232,0.0,GunPoint,HYDRA
43,0.05,top,local_mean,0,0,0,0.9668448411115341,0.8842487634448525,0.08259607766668164,0.08542838387940427,0.0,GunPoint,HYDRA
43,0.05,bottom,local_mean,0,0,0,0.9668448411115341,0.956223870035834,0.010620971075700147,0.010985175323803172,0.0,GunPoint,HYDRA
43,0.05,random,local_mean,0,0,0,0.9668448411115341,,0.09366994800584916,0.09688198885787366,0.0,GunPoint,HYDRA
43,0.1,top,local_mean,0,0,0,0.9668448411115341,0.7756194822179057,0.19122535889362846,0.1977826771988658,0.0,GunPoint,HYDRA
43,0.1,bottom,local_mean,0,0,0,0.9668448411115341,1.2384024630286983,-0.27155762191716415,-0.28086961785445336,0.0,GunPoint,HYDRA
43,0.1,random,local_mean,0,0,0,0.9668448411115341,,0.047891858998869316,0.04953412112091256,0.0,GunPoint,HYDRA
43,0.2,top,local_mean,0,0,0,0.9668448411115341,0.24168643677854598,0.7251584043329882,0.7500248472903498,0.0,GunPoint,HYDRA
43,0.2,bottom,local_mean,0,0,0,0.9668448411115341,0.9480984334751046,0.01874640763642954,0.01938924163429998,0.0,GunPoint,HYDRA
43,0.2,random,local_mean,0,0,0,0.9668448411115341,,0.4138321244051034,0.42802286239276927,0.0,GunPoint,HYDRA
44,0.05,top,local_mean,1,1,1,1.121681787371131,1.139581674068028,-0.017899886696897127,-0.015958064881113843,0.0,GunPoint,HYDRA
44,0.05,bottom,local_mean,1,1,1,1.121681787371131,0.7930205077406286,0.3286612796305023,0.2930073308878888,0.0,GunPoint,HYDRA
44,0.05,random,local_mean,1,1,1,1.121681787371131,,0.02019896962652923,0.018007737886278186,0.0,GunPoint,HYDRA
44,0.1,top,local_mean,1,1,1,1.121681787371131,0.9168787654923568,0.20480302187877408,0.18258550829577005,0.0,GunPoint,HYDRA
44,0.1,bottom,local_mean,1,1,1,1.121681787371131,0.4819450248379631,0.6397367625331678,0.570336613645029,0.0,GunPoint,HYDRA
44,0.1,random,local_mean,1,1,1,1.121681787371131,,0.14568742497358114,0.12988291040377495,0.0,GunPoint,HYDRA
44,0.2,top,local_mean,1,1,1,1.121681787371131,1.1514853730573027,-0.029803585686171807,-0.026570422602295585,0.0,GunPoint,HYDRA
44,0.2,bottom,local_mean,1,1,1,1.121681787371131,1.0164192759702078,0.10526251140092313,0.0938433865492624,0.0,GunPoint,HYDRA
44,0.2,random,local_mean,1,1,1,1.121681787371131,,0.1373813318182135,0.12247788177278876,0.0,GunPoint,HYDRA
45,0.05,top,local_mean,0,0,0,0.7841333847072492,0.5228445602571151,0.2612888244501341,0.33321944496501626,0.0,GunPoint,HYDRA
45,0.05,bottom,local_mean,0,0,0,0.7841333847072492,0.7741569859799601,0.00997639872728917,0.012722817570375753,0.0,GunPoint,HYDRA
45,0.05,random,local_mean,0,0,0,0.7841333847072492,,0.040021873536801554,0.05103955943947468,0.0,GunPoint,HYDRA
45,0.1,top,local_mean,0,0,0,0.7841333847072492,0.43514023695470405,0.3489931477525452,0.445068032417478,0.0,GunPoint,HYDRA
45,0.1,bottom,local_mean,0,0,0,0.7841333847072492,0.7796671073222279,0.004466277385021367,0.005695806066059478,0.0,GunPoint,HYDRA
45,0.1,random,local_mean,0,0,0,0.7841333847072492,,0.20116033378907822,0.2565380854509778,0.0,GunPoint,HYDRA
45,0.2,top,local_mean,0,0,1,0.7841333847072492,-0.1386944266198177,0.9228278113270669,1.0,1.0,GunPoint,HYDRA
45,0.2,bottom,local_mean,0,0,0,0.7841333847072492,0.5966130340649676,0.18752035064228167,0.23914312941689325,0.0,GunPoint,HYDRA
45,0.2,random,local_mean,0,0,0,0.7841333847072492,,0.3081426831414961,0.3929717777349337,0.0,GunPoint,HYDRA
46,0.05,top,local_mean,1,1,1,0.9399984080644644,1.0634356630187316,-0.12343725495426716,-0.13131631136708324,0.0,GunPoint,HYDRA
46,0.05,bottom,local_mean,1,1,1,0.9399984080644644,0.8879879100787523,0.05201049798571211,0.05533035184863145,0.0,GunPoint,HYDRA
46,0.05,random,local_mean,1,1,1,0.9399984080644644,,-0.023315089148467295,-0.02480330194725863,0.0,GunPoint,HYDRA
46,0.1,top,local_mean,1,1,1,0.9399984080644644,0.9170979287393904,0.022900479325073997,0.02436222738930012,0.0,GunPoint,HYDRA
46,0.1,bottom,local_mean,1,1,1,0.9399984080644644,0.7969304837341072,0.1430679243303572,0.15220001534356892,0.0,GunPoint,HYDRA
46,0.1,random,local_mean,1,1,1,0.9399984080644644,,0.24977768645904716,0.26572111037107965,0.0,GunPoint,HYDRA
46,0.2,top,local_mean,1,1,1,0.9399984080644644,0.9195069897400171,0.02049141832444734,0.021799394923706222,0.0,GunPoint,HYDRA
46,0.2,bottom,local_mean,1,1,1,0.9399984080644644,0.7571889677634512,0.1828094403010132,0.19447825044638353,0.0,GunPoint,HYDRA
46,0.2,random,local_mean,1,1,1,0.9399984080644644,,0.21617903565372404,0.22997784232529925,0.0,GunPoint,HYDRA
47,0.05,top,local_mean,1,1,1,0.6582118808966281,0.5589028077611405,0.09930907313548754,0.15087683030482044,0.0,GunPoint,HYDRA
47,0.05,bottom,local_mean,1,1,1,0.6582118808966281,0.6520496159655845,0.0061622649310435484,0.009362115373143735,0.0,GunPoint,HYDRA
47,0.05,random,local_mean,1,1,1,0.6582118808966281,,0.03705626453537427,0.056298297421490194,0.0,GunPoint,HYDRA
47,0.1,top,local_mean,1,1,1,0.6582118808966281,0.48991866462542555,0.16829321627120253,0.25568204627346525,0.0,GunPoint,HYDRA
47,0.1,bottom,local_mean,1,1,1,0.6582118808966281,0.6468832705037392,0.011328610392888905,0.017211164839947966,0.0,GunPoint,HYDRA
47,0.1,random,local_mean,1,1,1,0.6582118808966281,,0.2667099060597522,0.40520310951137206,0.0,GunPoint,HYDRA
47,0.2,top,local_mean,1,1,1,0.6582118808966281,0.7139399374488961,-0.05572805655226798,-0.084665703406403,0.0,GunPoint,HYDRA
47,0.2,bottom,local_mean,1,1,1,0.6582118808966281,0.8266695238437934,-0.16845764294716536,-0.2559318540191582,0.0,GunPoint,HYDRA
47,0.2,random,local_mean,1,1,1,0.6582118808966281,,0.24428752158918918,0.3711375584999443,0.0,GunPoint,HYDRA
48,0.05,top,local_mean,0,0,0,0.4004879261562424,0.19363357897859176,0.20685434717765064,0.5165045364998451,0.0,GunPoint,HYDRA
48,0.05,bottom,local_mean,0,0,0,0.4004879261562424,0.4110561558586866,-0.010568229702444198,-0.02638831940716689,0.0,GunPoint,HYDRA
48,0.05,random,local_mean,0,0,0,0.4004879261562424,,0.07275063874754015,0.18165455770719116,0.0,GunPoint,HYDRA
48,0.1,top,local_mean,0,0,0,0.4004879261562424,0.34904083383082607,0.05144709232541633,0.12846071130901962,0.0,GunPoint,HYDRA
48,0.1,bottom,local_mean,0,0,0,0.4004879261562424,0.4450439656785834,-0.044556039522340996,-0.11125411119347252,0.0,GunPoint,HYDRA
48,0.1,random,local_mean,0,0,0,0.4004879261562424,,0.045776053666686634,0.11430042300053025,0.0,GunPoint,HYDRA
48,0.2,top,local_mean,0,0,1,0.4004879261562424,-0.14667673702891074,0.5471646631851531,1.0,1.0,GunPoint,HYDRA
48,0.2,bottom,local_mean,0,0,0,0.4004879261562424,0.20608248964967368,0.19440543650656872,0.48542025461829,0.0,GunPoint,HYDRA
48,0.2,random,local_mean,0,0,1,0.4004879261562424,,0.4118280315592595,0.9241627508259237,0.6,GunPoint,HYDRA
49,0.05,top,local_mean,1,1,1,0.942060041706713,0.6888013001925853,0.25325874151412764,0.26883474669040963,0.0,GunPoint,HYDRA
49,0.05,bottom,local_mean,1,1,1,0.942060041706713,0.9327012588074088,0.009358782899304141,0.009934369945230961,0.0,GunPoint,HYDRA
49,0.05,random,local_mean,1,1,1,0.942060041706713,,0.17312201225080387,0.18376942107399136,0.0,GunPoint,HYDRA
49,0.1,top,local_mean,1,1,1,0.942060041706713,0.5048830990846002,0.4371769426221128,0.46406434749715175,0.0,GunPoint,HYDRA
49,0.1,bottom,local_mean,1,1,1,0.942060041706713,0.9684758345812766,-0.026415792874563637,-0.028040425943850388,0.0,GunPoint,HYDRA
49,0.1,random,local_mean,1,1,1,0.942060041706713,,0.5475816305754764,0.5812591820838209,0.0,GunPoint,HYDRA
49,0.2,top,local_mean,1,1,1,0.942060041706713,0.8802428952424374,0.06181714646427561,0.06561904561118749,0.0,GunPoint,HYDRA
49,0.2,bottom,local_mean,1,1,1,0.942060041706713,0.9677944951376721,-0.025734453430959148,-0.027317182530270604,0.0,GunPoint,HYDRA
49,0.2,random,local_mean,1,1,1,0.942060041706713,,0.09924392006586018,0.10534765336019199,0.0,GunPoint,HYDRA
0,0.05,top,linear_interpolation,0,0,0,1.0826875314373778,0.9264416941755192,0.1562458372618586,0.1443128219474409,0.0,GunPoint,HYDRA
0,0.05,bottom,linear_interpolation,0,0,0,1.0826875314373778,1.0582217252541835,0.024465806183194383,0.022597271027442738,0.0,GunPoint,HYDRA
0,0.05,random,linear_interpolation,0,0,0,1.0826875314373778,,-0.0060240968981458256,-0.0055640165414408095,0.0,GunPoint,HYDRA
0,0.1,top,linear_interpolation,0,0,0,1.0826875314373778,0.5645993788268383,0.5180881526105395,0.47852003375589974,0.0,GunPoint,HYDRA
0,0.1,bottom,linear_interpolation,0,0,0,1.0826875314373778,1.1096887422038444,-0.027001210766466555,-0.024939038312911412,0.0,GunPoint,HYDRA
0,0.1,random,linear_interpolation,0,0,0,1.0826875314373778,,0.21733468386432753,0.2007361097432093,0.0,GunPoint,HYDRA
0,0.2,top,linear_interpolation,0,0,0,1.0826875314373778,0.5627695649023235,0.5199179665350543,0.4802100986927524,0.0,GunPoint,HYDRA
0,0.2,bottom,linear_interpolation,0,0,0,1.0826875314373778,1.2232929148534513,-0.14060538341607343,-0.1298668816870219,0.0,GunPoint,HYDRA
0,0.2,random,linear_interpolation,0,0,0,1.0826875314373778,,0.2970834733372847,0.274394218384189,0.0,GunPoint,HYDRA
1,0.05,top,linear_interpolation,1,1,1,1.1298449861029691,0.881593956314101,0.24825102978886815,0.21972112380124317,0.0,GunPoint,HYDRA
1,0.05,bottom,linear_interpolation,1,1,1,1.1298449861029691,1.12674039774729,0.003104588355679061,0.0027477978360460563,0.0,GunPoint,HYDRA
1,0.05,random,linear_interpolation,1,1,1,1.1298449861029691,,0.010621570432330075,0.009400901151993005,0.0,GunPoint,HYDRA
1,0.1,top,linear_interpolation,1,1,1,1.1298449861029691,0.663173545646784,0.46667144045618514,0.4130398710941252,0.0,GunPoint,HYDRA
1,0.1,bottom,linear_interpolation,1,1,1,1.1298449861029691,1.2745773640815197,-0.14473237797855054,-0.12809920976730388,0.0,GunPoint,HYDRA
1,0.1,random,linear_interpolation,1,1,1,1.1298449861029691,,0.04687506444224123,0.04148801254224153,0.0,GunPoint,HYDRA
1,0.2,top,linear_interpolation,1,1,1,1.1298449861029691,0.5321405916950924,0.5977043944078767,0.5290140441791193,0.0,GunPoint,HYDRA
1,0.2,bottom,linear_interpolation,1,1,1,1.1298449861029691,1.085209220773224,0.044635765329745114,0.0395060617807755,0.0,GunPoint,HYDRA
1,0.2,random,linear_interpolation,1,1,1,1.1298449861029691,,0.3036606705091075,0.2687628882556682,0.0,GunPoint,HYDRA
2,0.05,top,linear_interpolation,1,1,1,1.230519475625646,1.3772395255581562,-0.1467200499325103,-0.11923413940585749,0.0,GunPoint,HYDRA
2,0.05,bottom,linear_interpolation,1,1,1,1.230519475625646,1.2284190208162655,0.00210045480938037,0.0017069645332902037,0.0,GunPoint,HYDRA
2,0.05,random,linear_interpolation,1,1,1,1.230519475625646,,-0.002611623121221651,-0.002122372746291601,0.0,GunPoint,HYDRA
2,0.1,top,linear_interpolation,1,1,1,1.230519475625646,1.4064272582473205,-0.1759077826216746,-0.14295396631432408,0.0,GunPoint,HYDRA
2,0.1,bottom,linear_interpolation,1,1,1,1.230519475625646,1.198004495287148,0.03251498033849787,0.026423762125507056,0.0,GunPoint,HYDRA
2,0.1,random,linear_interpolation,1,1,1,1.230519475625646,,0.018730033990454052,0.015221229033942693,0.0,GunPoint,HYDRA
2,0.2,top,linear_interpolation,1,1,1,1.230519475625646,1.2004299471736573,0.030089528451988645,0.02445268408613024,0.0,GunPoint,HYDRA
2,0.2,bottom,linear_interpolation,1,1,1,1.230519475625646,1.1067886343780622,0.12373084124758371,0.10055163136125306,0.0,GunPoint,HYDRA
2,0.2,random,linear_interpolation,1,1,1,1.230519475625646,,0.14818775607821924,0.12042689172065557,0.0,GunPoint,HYDRA
3,0.05,top,linear_interpolation,0,0,0,0.9581291319556048,0.9884180385595532,-0.03028890660394845,-0.03161251858568195,0.0,GunPoint,HYDRA
3,0.05,bottom,linear_interpolation,0,0,0,0.9581291319556048,1.0509628474518076,-0.09283371549620278,-0.09689050829319316,0.0,GunPoint,HYDRA
3,0.05,random,linear_interpolation,0,0,0,0.9581291319556048,,0.035616855893434066,0.037173296930697486,0.0,GunPoint,HYDRA
3,0.1,top,linear_interpolation,0,0,0,0.9581291319556048,1.082717997102258,-0.12458886514665324,-0.13003334410573167,0.0,GunPoint,HYDRA
3,0.1,bottom,linear_interpolation,0,0,0,0.9581291319556048,1.0351148647151354,-0.07698573275953058,-0.08034997563681437,0.0,GunPoint,HYDRA
3,0.1,random,linear_interpolation,0,0,0,0.9581291319556048,,0.04339724363287032,0.045293684214161765,0.0,GunPoint,HYDRA
3,0.2,top,linear_interpolation,0,0,0,0.9581291319556048,0.7362281984228388,0.22190093353276596,0.23159790735299388,0.0,GunPoint,HYDRA
3,0.2,bottom,linear_interpolation,0,0,0,0.9581291319556048,1.1694468984515713,-0.21131776649596656,-0.22055226054174237,0.0,GunPoint,HYDRA
3,0.2,random,linear_interpolation,0,0,0,0.9581291319556048,,0.15860263119429288,0.1655334968649559,0.0,GunPoint,HYDRA
4,0.05,top,linear_interpolation,0,0,0,0.9488655799753809,0.9119506176038931,0.036914962371487836,0.038904270790573764,0.0,GunPoint,HYDRA
4,0.05,bottom,linear_interpolation,0,0,0,0.9488655799753809,0.9799483826787166,-0.031082802703335743,-0.03275782218417073,0.0,GunPoint,HYDRA
4,0.05,random,linear_interpolation,0,0,0,0.9488655799753809,,0.0679155238914659,0.07157541990068618,0.0,GunPoint,HYDRA
4,0.1,top,linear_interpolation,0,0,0,0.9488655799753809,0.8863390008230445,0.06252657915233639,0.06589607060874532,0.0,GunPoint,HYDRA
4,0.1,bottom,linear_interpolation,0,0,0,0.9488655799753809,0.9654079480223522,-0.01654236804697129,-0.01743381882772233,0.0,GunPoint,HYDRA
4,0.1,random,linear_interpolation,0,0,0,0.9488655799753809,,0.0968886221392757,0.10210984787955071,0.0,GunPoint,HYDRA
4,0.2,top,linear_interpolation,0,0,0,0.9488655799753809,0.9007035425881047,0.0481620373872762,0.05075743882614751,0.0,GunPoint,HYDRA
4,0.2,bottom,linear_interpolation,0,0,0,0.9488655799753809,0.8819998566793644,0.06686572329601648,0.07046904665748831,0.0,GunPoint,HYDRA
4,0.2,random,linear_interpolation,0,0,0,0.9488655799753809,,0.13166189718595797,0.13875701807241864,0.0,GunPoint,HYDRA
5,0.05,top,linear_interpolation,1,1,1,0.8778707310091706,0.7289121188939306,0.14895861211523997,0.16968152277098886,0.0,GunPoint,HYDRA
5,0.05,bottom,linear_interpolation,1,1,1,0.8778707310091706,0.8898772246790424,-0.012006493669871832,-0.013676820024799736,0.0,GunPoint,HYDRA
5,0.05,random,linear_interpolation,1,1,1,0.8778707310091706,,0.023436681828596994,0.02669715973386568,0.0,GunPoint,HYDRA
5,0.1,top,linear_interpolation,1,1,1,0.8778707310091706,0.42125089506602653,0.45661983594314404,0.5201441393017974,0.0,GunPoint,HYDRA
5,0.1,bottom,linear_interpolation,1,1,1,0.8778707310091706,0.8605193055641035,0.01735142544506707,0.019765331120892207,0.0,GunPoint,HYDRA
5,0.1,random,linear_interpolation,1,1,1,0.8778707310091706,,0.08287095521289159,0.0943998448584579,0.0,GunPoint,HYDRA
5,0.2,top,linear_interpolation,1,1,1,0.8778707310091706,0.2956130020035659,0.5822577290056047,0.6632605976914892,0.0,GunPoint,HYDRA
5,0.2,bottom,linear_interpolation,1,1,1,0.8778707310091706,0.789297343503161,0.08857338750600952,0.10089559143701854,0.0,GunPoint,HYDRA
5,0.2,random,linear_interpolation,1,1,1,0.8778707310091706,,0.3435187259694789,0.39130856346699056,0.0,GunPoint,HYDRA
6,0.05,top,linear_interpolation,0,0,0,0.8490484491263584,0.7763370079172937,0.0727114412090647,0.08563864128747999,0.0,GunPoint,HYDRA
6,0.05,bottom,linear_interpolation,0,0,0,0.8490484491263584,0.8945892496566813,-0.045540800530322945,-0.053637394826865276,0.0,GunPoint,HYDRA
6,0.05,random,linear_interpolation,0,0,0,0.8490484491263584,,-0.003324183578634887,-0.0039151825397865285,0.0,GunPoint,HYDRA
6,0.1,top,linear_interpolation,0,0,0,0.8490484491263584,0.5210360719411197,0.3280123771852387,0.3863289441183334,0.0,GunPoint,HYDRA
6,0.1,bottom,linear_interpolation,0,0,0,0.8490484491263584,0.8474852570423709,0.0015631920839874747,0.0018411084131742192,0.0,GunPoint,HYDRA
6,0.1,random,linear_interpolation,0,0,0,0.8490484491263584,,0.04435714406998672,0.052243298803890205,0.0,GunPoint,HYDRA
6,0.2,top,linear_interpolation,0,0,0,0.8490484491263584,0.37842974216675773,0.4706187069596006,0.5542889256260051,0.0,GunPoint,HYDRA
6,0.2,bottom,linear_interpolation,0,0,0,0.8490484491263584,0.8200512772613946,0.028997171864963756,0.034152512429989575,0.0,GunPoint,HYDRA
6,0.2,random,linear_interpolation,0,0,0,0.8490484491263584,,0.411386420168797,0.48452586665252395,0.0,GunPoint,HYDRA
7,0.05,top,linear_interpolation,1,1,1,0.7503499503845058,0.8328402642862317,-0.0824903139017259,-0.10993564259424873,0.0,GunPoint,HYDRA
7,0.05,bottom,linear_interpolation,1,1,1,0.7503499503845058,0.6930417634259092,0.05730818695859663,0.07637517741428851,0.0,GunPoint,HYDRA
7,0.05,random,linear_interpolation,1,1,1,0.7503499503845058,,-0.028565257127519027,-0.03806919563822929,0.0,GunPoint,HYDRA
7,0.1,top,linear_interpolation,1,1,1,0.7503499503845058,0.8361008567697871,-0.08575090638528127,-0.11428106586836403,0.0,GunPoint,HYDRA
7,0.1,bottom,linear_interpolation,1,1,1,0.7503499503845058,0.7296451002214804,0.020704850163025368,0.02759355492575239,0.0,GunPoint,HYDRA
7,0.1,random,linear_interpolation,1,1,1,0.7503499503845058,,0.0328988243399214,0.043844582755659736,0.0,GunPoint,HYDRA
7,0.2,top,linear_interpolation,1,1,1,0.7503499503845058,1.173061662516368,-0.4227117121318621,-0.5633520047055981,0.0,GunPoint,HYDRA
7,0.2,bottom,linear_interpolation,1,1,1,0.7503499503845058,0.7582276093448337,-0.007877658960327882,-0.010498632614899864,0.0,GunPoint,HYDRA
7,0.2,random,linear_interpolation,1,1,1,0.7503499503845058,,0.1484132131708042,0.19779173078244536,0.0,GunPoint,HYDRA
8,0.05,top,linear_interpolation,1,1,1,0.6558766917897533,0.4522234213546884,0.20365327043506487,0.3105049508229768,0.0,GunPoint,HYDRA
8,0.05,bottom,linear_interpolation,1,1,1,0.6558766917897533,0.662279951164075,-0.006403259374321735,-0.009762886365060803,0.0,GunPoint,HYDRA
8,0.05,random,linear_interpolation,1,1,1,0.6558766917897533,,-0.004495439258349276,-0.006854081659771291,0.0,GunPoint,HYDRA
8,0.1,top,linear_interpolation,1,1,1,0.6558766917897533,0.5284534675277058,0.12742322426204744,0.1942789423350199,0.0,GunPoint,HYDRA
8,0.1,bottom,linear_interpolation,1,1,1,0.6558766917897533,0.613982593363476,0.041894098426277226,0.06387486409540317,0.0,GunPoint,HYDRA
8,0.1,random,linear_interpolation,1,1,1,0.6558766917897533,,0.03419089398843732,0.05212998462432457,0.0,GunPoint,HYDRA
8,0.2,top,linear_interpolation,1,1,1,0.6558766917897533,0.24708729068194887,0.4087894011078044,0.6232707808559602,0.0,GunPoint,HYDRA
8,0.2,bottom,linear_interpolation,1,1,1,0.6558766917897533,0.6756352881670248,-0.01975859637727151,-0.03012542829952704,0.0,GunPoint,HYDRA
8,0.2,random,linear_interpolation,1,1,1,0.6558766917897533,,0.12194328866796231,0.18592382420448628,0.0,GunPoint,HYDRA
9,0.05,top,linear_interpolation,0,0,0,0.6170373676370103,0.5270240618992672,0.09001330573774313,0.14587959267825612,0.0,GunPoint,HYDRA
9,0.05,bottom,linear_interpolation,0,0,0,0.6170373676370103,0.6077869649372338,0.009250402699776505,0.014991616704811308,0.0,GunPoint,HYDRA
9,0.05,random,linear_interpolation,0,0,0,0.6170373676370103,,0.031417944787091326,0.050917327730216254,0.0,GunPoint,HYDRA
9,0.1,top,linear_interpolation,0,0,0,0.6170373676370103,0.42595071428979825,0.1910866533472121,0.30968358431095816,0.0,GunPoint,HYDRA
9,0.1,bottom,linear_interpolation,0,0,0,0.6170373676370103,0.6687908818186278,-0.051753514181617444,-0.08387406180236569,0.0,GunPoint,HYDRA
9,0.1,random,linear_interpolation,0,0,0,0.6170373676370103,,0.05840145246144537,0.0946480081702174,0.0,GunPoint,HYDRA
9,0.2,top,linear_interpolation,0,0,0,0.6170373676370103,0.5232190497218917,0.09381831791511863,0.15204616574233812,0.0,GunPoint,HYDRA
9,0.2,bottom,linear_interpolation,0,0,0,0.6170373676370103,0.3665380672440651,0.2504993003929452,0.40597037969008154,0.0,GunPoint,HYDRA
9,0.2,random,linear_interpolation,0,0,0,0.6170373676370103,,0.06307933353418156,0.10222919163965132,0.0,GunPoint,HYDRA
10,0.05,top,linear_interpolation,0,0,0,0.5732439548020577,0.5587827736032182,0.014461181198839546,0.025226879151222556,0.0,GunPoint,HYDRA
10,0.05,bottom,linear_interpolation,0,0,0,0.5732439548020577,0.587356021959743,-0.014112067157685315,-0.024617865433387426,0.0,GunPoint,HYDRA
10,0.05,random,linear_interpolation,0,0,0,0.5732439548020577,,0.050319020429553184,0.08777926435816327,0.0,GunPoint,HYDRA
10,0.1,top,linear_interpolation,0,0,0,0.5732439548020577,0.5752490493686933,-0.002005094566635557,-0.0034977971455988108,0.0,GunPoint,HYDRA
10,0.1,bottom,linear_interpolation,0,0,0,0.5732439548020577,0.6470915359647842,-0.0738475811627265,-0.12882377863792305,0.0,GunPoint,HYDRA
10,0.1,random,linear_interpolation,0,0,0,0.5732439548020577,,0.053327991722800824,0.09302827923049937,0.0,GunPoint,HYDRA
10,0.2,top,linear_interpolation,0,0,0,0.5732439548020577,0.6905524941759592,-0.11730853937390151,-0.2046394623994699,0.0,GunPoint,HYDRA
10,0.2,bottom,linear_interpolation,0,0,0,0.5732439548020577,0.545902402221032,0.027341552581025663,0.04769610678992672,0.0,GunPoint,HYDRA
10,0.2,random,linear_interpolation,0,0,0,0.5732439548020577,,0.2833964326559795,0.4789631876748694,0.2,GunPoint,HYDRA
11,0.05,top,linear_interpolation,0,0,0,1.1541049824298006,1.2095456900455346,-0.05544070761573394,-0.04803779588683153,0.0,GunPoint,HYDRA
11,0.05,bottom,linear_interpolation,0,0,0,1.1541049824298006,1.182838276955503,-0.02873329452570239,-0.02489658225773049,0.0,GunPoint,HYDRA
11,0.05,random,linear_interpolation,0,0,0,1.1541049824298006,,0.0158351576287624,0.013720713582494218,0.0,GunPoint,HYDRA
11,0.1,top,linear_interpolation,0,0,0,1.1541049824298006,1.2598209867003776,-0.10571600427057692,-0.09159991012957702,0.0,GunPoint,HYDRA
11,0.1,bottom,linear_interpolation,0,0,0,1.1541049824298006,1.2078307715215715,-0.05372578909177084,-0.04655186777444744,0.0,GunPoint,HYDRA
11,0.1,random,linear_interpolation,0,0,0,1.1541049824298006,,0.12066764051600784,0.10455507756918465,0.0,GunPoint,HYDRA
11,0.2,top,linear_interpolation,0,0,0,1.1541049824298006,0.824898195828372,0.32920678660142866,0.28524831481102986,0.0,GunPoint,HYDRA
11,0.2,bottom,linear_interpolation,0,0,0,1.1541049824298006,1.274381375822321,-0.12027639339252039,-0.10421607306748043,0.0,GunPoint,HYDRA
11,0.2,random,linear_interpolation,0,0,0,1.1541049824298006,,0.17143234319330908,0.14854124820701778,0.0,GunPoint,HYDRA
12,0.05,top,linear_interpolation,1,1,1,0.566736967605747,0.5760998566056047,-0.00936288899985771,-0.01652066657791142,0.0,GunPoint,HYDRA
12,0.05,bottom,linear_interpolation,1,1,1,0.566736967605747,0.5147048705930479,0.05203209701269906,0.09180979568479405,0.0,GunPoint,HYDRA
12,0.05,random,linear_interpolation,1,1,1,0.566736967605747,,-0.033442877365206146,-0.05900941753821368,0.0,GunPoint,HYDRA
12,0.1,top,linear_interpolation,1,1,1,0.566736967605747,0.5801685158928647,-0.013431548287117678,-0.023699750245886782,0.0,GunPoint,HYDRA
12,0.1,bottom,linear_interpolation,1,1,1,0.566736967605747,0.5574638881139401,0.00927307949180689,0.01636219914995661,0.0,GunPoint,HYDRA
12,0.1,random,linear_interpolation,1,1,1,0.566736967605747,,0.08049034699239872,0.1420239186240511,0.0,GunPoint,HYDRA
12,0.2,top,linear_interpolation,1,1,1,0.566736967605747,0.5086542831537046,0.058082684452042344,0.10248595960037697,0.0,GunPoint,HYDRA
12,0.2,bottom,linear_interpolation,1,1,1,0.566736967605747,0.5849202849731353,-0.01818331736738832,-0.03208417012222763,0.0,GunPoint,HYDRA
12,0.2,random,linear_interpolation,1,1,1,0.566736967605747,,-0.03666609573717596,-0.0646967343516375,0.0,GunPoint,HYDRA
13,0.05,top,linear_interpolation,0,0,0,0.6248532177550333,0.6093664990843378,0.01548671867069551,0.024784530904401917,0.0,GunPoint,HYDRA
13,0.05,bottom,linear_interpolation,0,0,0,0.6248532177550333,0.6503321894466816,-0.025478971691648256,-0.04077586574223459,0.0,GunPoint,HYDRA
13,0.05,random,linear_interpolation,0,0,0,0.6248532177550333,,-0.004113637188143016,-0.006583355079081368,0.0,GunPoint,HYDRA
13,0.1,top,linear_interpolation,0,0,0,0.6248532177550333,0.4108388762321532,0.21401434152288012,0.3425028357682974,0.0,GunPoint,HYDRA
13,0.1,bottom,linear_interpolation,0,0,0,0.6248532177550333,0.6616310819781083,-0.03677786422307494,-0.05885831155178865,0.0,GunPoint,HYDRA
13,0.1,random,linear_interpolation,0,0,0,0.6248532177550333,,0.032390356231631515,0.051836660954299216,0.0,GunPoint,HYDRA
13,0.2,top,linear_interpolation,0,0,0,0.6248532177550333,0.16434009328960783,0.46051312446542547,0.7369929039127717,0.0,GunPoint,HYDRA
13,0.2,bottom,linear_interpolation,0,0,0,0.6248532177550333,0.5569333390319317,0.06791987872310168,0.1086971597425127,0.0,GunPoint,HYDRA
13,0.2,random,linear_interpolation,0,0,0,0.6248532177550333,,0.13982856980785624,0.22377790824591087,0.0,GunPoint,HYDRA
14,0.05,top,linear_interpolation,0,0,0,1.1142532002851233,1.0923568514062565,0.021896348878866823,0.019651125275779828,0.0,GunPoint,HYDRA
14,0.05,bottom,linear_interpolation,0,0,0,1.1142532002851233,1.145121343855523,-0.030868143570399686,-0.027702963616830816,0.0,GunPoint,HYDRA
14,0.05,random,linear_interpolation,0,0,0,1.1142532002851233,,0.052579409709979964,0.04718798430064304,0.0,GunPoint,HYDRA
14,0.1,top,linear_interpolation,0,0,0,1.1142532002851233,0.9180422845229579,0.19621091576216543,0.17609169946315445,0.0,GunPoint,HYDRA
14,0.1,bottom,linear_interpolation,0,0,0,1.1142532002851233,1.1707937852412522,-0.0565405849561289,-0.050742985704393936,0.0,GunPoint,HYDRA
14,0.1,random,linear_interpolation,0,0,0,1.1142532002851233,,0.09041239605600218,0.08114162462467435,0.0,GunPoint,HYDRA
14,0.2,top,linear_interpolation,0,0,0,1.1142532002851233,0.7596065331492908,0.3546466671358325,0.3182816515702458,0.0,GunPoint,HYDRA
14,0.2,bottom,linear_interpolation,0,0,0,1.1142532002851233,1.2967079697901045,-0.18245476950498118,-0.16374609084560182,0.0,GunPoint,HYDRA
14,0.2,random,linear_interpolation,0,0,0,1.1142532002851233,,0.2715586877194455,0.2437134072727365,0.0,GunPoint,HYDRA
15,0.05,top,linear_interpolation,0,0,0,0.9850215815597808,0.9062388503202116,0.07878273123956925,0.07998063467216862,0.0,GunPoint,HYDRA
15,0.05,bottom,linear_interpolation,0,0,0,0.9850215815597808,0.9901696482219267,-0.005148066662145845,-0.005226343800153185,0.0,GunPoint,HYDRA
15,0.05,random,linear_interpolation,0,0,0,0.9850215815597808,,0.08728229718027565,0.08860943780807982,0.0,GunPoint,HYDRA
15,0.1,top,linear_interpolation,0,0,0,0.9850215815597808,0.7741604814403719,0.21086110011940895,0.21406727527556874,0.0,GunPoint,HYDRA
15,0.1,bottom,linear_interpolation,0,0,0,0.9850215815597808,1.0655798666243328,-0.08055828506455198,-0.08178318606360083,0.0,GunPoint,HYDRA
15,0.1,random,linear_interpolation,0,0,0,0.9850215815597808,,0.039702932527418966,0.0403066216660226,0.0,GunPoint,HYDRA
15,0.2,top,linear_interpolation,0,0,0,0.9850215815597808,0.6129509692538847,0.3720706123058961,0.37772800265829765,0.0,GunPoint,HYDRA
15,0.2,bottom,linear_interpolation,0,0,0,0.9850215815597808,0.9511773069192773,0.03384427464050355,0.03435888199325463,0.0,GunPoint,HYDRA
15,0.2,random,linear_interpolation,0,0,0,0.9850215815597808,,0.36160674164325846,0.36710502724785765,0.0,GunPoint,HYDRA
16,0.05,top,linear_interpolation,0,0,0,0.5405479776575053,0.5049519824785077,0.035595995178997586,0.06585156322606422,0.0,GunPoint,HYDRA
16,0.05,bottom,linear_interpolation,0,0,0,0.5405479776575053,0.437015502939921,0.10353247471758431,0.19153208866705698,0.0,GunPoint,HYDRA
16,0.05,random,linear_interpolation,0,0,0,0.5405479776575053,,0.03425603253072014,0.06337267101895241,0.0,GunPoint,HYDRA
16,0.1,top,linear_interpolation,0,0,0,0.5405479776575053,0.43954075267729664,0.10100722498020864,0.18686044957096812,0.0,GunPoint,HYDRA
16,0.1,bottom,linear_interpolation,0,0,0,0.5405479776575053,0.6100585217664906,-0.06951054410898527,-0.12859249944419934,0.0,GunPoint,HYDRA
16,0.1,random,linear_interpolation,0,0,0,0.5405479776575053,,0.04589206683772138,0.08489899848964073,0.0,GunPoint,HYDRA
16,0.2,top,linear_interpolation,0,0,0,0.5405479776575053,0.32642854287639356,0.21411943478111173,0.3961147715217379,0.0,GunPoint,HYDRA
16,0.2,bottom,linear_interpolation,0,0,0,0.5405479776575053,0.4428477374999006,0.0977002401576047,0.18074262314026257,0.0,GunPoint,HYDRA
16,0.2,random,linear_interpolation,0,0,0,0.5405479776575053,,0.05186775749756267,0.020086221423113625,0.2,GunPoint,HYDRA
17,0.05,top,linear_interpolation,1,1,1,0.8610489196722485,0.690443964524638,0.17060495514761054,0.1981359631420091,0.0,GunPoint,HYDRA
17,0.05,bottom,linear_interpolation,1,1,1,0.8610489196722485,0.7841626893005621,0.0768862303716864,0.08929358056377557,0.0,GunPoint,HYDRA
17,0.05,random,linear_interpolation,1,1,1,0.8610489196722485,,0.051884298716907626,0.060257015919189624,0.0,GunPoint,HYDRA
17,0.1,top,linear_interpolation,1,1,1,0.8610489196722485,0.4530266557160334,0.4080222639562151,0.4738659799324125,0.0,GunPoint,HYDRA
17,0.1,bottom,linear_interpolation,1,1,1,0.8610489196722485,0.8803895475188352,-0.019340627846586744,-0.02246168010090355,0.0,GunPoint,HYDRA
17,0.1,random,linear_interpolation,1,1,1,0.8610489196722485,,0.000887068799053714,0.0010302176201251706,0.0,GunPoint,HYDRA
17,0.2,top,linear_interpolation,1,1,1,0.8610489196722485,0.6257466279770779,0.23530229169517058,0.2732736933356157,0.0,GunPoint,HYDRA
17,0.2,bottom,linear_interpolation,1,1,1,0.8610489196722485,1.190890995011671,-0.32984207533942256,-0.38306963139253786,0.0,GunPoint,HYDRA
17,0.2,random,linear_interpolation,1,1,1,0.8610489196722485,,0.14385176658757742,0.1670655362726628,0.0,GunPoint,HYDRA
18,0.05,top,linear_interpolation,1,1,1,0.8462658464884133,0.7536370183791846,0.09262882810922868,0.10945581585003863,0.0,GunPoint,HYDRA
18,0.05,bottom,linear_interpolation,1,1,1,0.8462658464884133,0.9093843917177299,-0.06311854522931659,-0.0745846838869172,0.0,GunPoint,HYDRA
18,0.05,random,linear_interpolation,1,1,1,0.8462658464884133,,0.032519347690612176,0.03842682461867826,0.0,GunPoint,HYDRA
18,0.1,top,linear_interpolation,1,1,1,0.8462658464884133,0.561378430101794,0.2848874163866193,0.3366401715590779,0.0,GunPoint,HYDRA
18,0.1,bottom,linear_interpolation,1,1,1,0.8462658464884133,0.9075522998595033,-0.061286453371089955,-0.07241977353289718,0.0,GunPoint,HYDRA
18,0.1,random,linear_interpolation,1,1,1,0.8462658464884133,,0.053448386493163504,0.06315784047897863,0.0,GunPoint,HYDRA
18,0.2,top,linear_interpolation,1,1,1,0.8462658464884133,1.4795715433306322,-0.6333056968422189,-0.7483522478401733,0.0,GunPoint,HYDRA
18,0.2,bottom,linear_interpolation,1,1,1,0.8462658464884133,0.6856791877200168,0.1605866587683965,0.18975889157746317,0.0,GunPoint,HYDRA
18,0.2,random,linear_interpolation,1,1,1,0.8462658464884133,,0.20121510737356832,0.23776791943169107,0.0,GunPoint,HYDRA
19,0.05,top,linear_interpolation,1,1,1,1.1196953975182724,0.8850279669761375,0.2346674305421349,0.20958130352322168,0.0,GunPoint,HYDRA
19,0.05,bottom,linear_interpolation,1,1,1,1.1196953975182724,1.1615347938555234,-0.04183939633725098,-0.037366733009041586,0.0,GunPoint,HYDRA
19,0.05,random,linear_interpolation,1,1,1,1.1196953975182724,,-0.031028585440365707,-0.02771160602922218,0.0,GunPoint,HYDRA
19,0.1,top,linear_interpolation,1,1,1,1.1196953975182724,0.5944103540748257,0.5252850434434467,0.4691316723066215,0.0,GunPoint,HYDRA
19,0.1,bottom,linear_interpolation,1,1,1,1.1196953975182724,1.2384735079975668,-0.11877811047929443,-0.10608064002220395,0.0,GunPoint,HYDRA
19,0.1,random,linear_interpolation,1,1,1,1.1196953975182724,,0.13832349431727356,0.1235366074445339,0.0,GunPoint,HYDRA
19,0.2,top,linear_interpolation,1,1,1,1.1196953975182724,0.5396215102248024,0.58007388729347,0.5180635470286076,0.0,GunPoint,HYDRA
19,0.2,bottom,linear_interpolation,1,1,1,1.1196953975182724,1.00552961873713,0.11416577878114231,0.10196137009477092,0.0,GunPoint,HYDRA
19,0.2,random,linear_interpolation,1,1,1,1.1196953975182724,,0.2858703200101598,0.25531056511726835,0.0,GunPoint,HYDRA
20,0.05,top,linear_interpolation,0,0,0,0.9178766634060478,0.838999675081752,0.0788769883242958,0.08593409717761313,0.0,GunPoint,HYDRA
20,0.05,bottom,linear_interpolation,0,0,0,0.9178766634060478,0.8963334947036541,0.0215431687023937,0.023470631829574765,0.0,GunPoint,HYDRA
20,0.05,random,linear_interpolation,0,0,0,0.9178766634060478,,-0.017729680082533707,-0.01931595112222543,0.0,GunPoint,HYDRA
20,0.1,top,linear_interpolation,0,0,0,0.9178766634060478,0.6673033914807334,0.2505732719253144,0.272992013985274,0.0,GunPoint,HYDRA
20,0.1,bottom,linear_interpolation,0,0,0,0.9178766634060478,0.944599853663605,-0.026723190257557206,-0.029114108909016435,0.0,GunPoint,HYDRA
20,0.1,random,linear_interpolation,0,0,0,0.9178766634060478,,0.06730395189332813,0.07332562342085716,0.0,GunPoint,HYDRA
20,0.2,top,linear_interpolation,0,0,0,0.9178766634060478,0.5636678312476168,0.354208832158431,0.38589982770039066,0.0,GunPoint,HYDRA
20,0.2,bottom,linear_interpolation,0,0,0,0.9178766634060478,1.1166035016206761,-0.19872683821462833,-0.2165068899020764,0.0,GunPoint,HYDRA
20,0.2,random,linear_interpolation,0,0,0,0.9178766634060478,,0.20564058902646068,0.22403921265865906,0.0,GunPoint,HYDRA
21,0.05,top,linear_interpolation,1,1,1,1.0747405914736088,1.1639139231894255,-0.08917333171581676,-0.08297188126268443,0.0,GunPoint,HYDRA
21,0.05,bottom,linear_interpolation,1,1,1,1.0747405914736088,1.0687994691629383,0.005941122310670455,0.005527954215044766,0.0,GunPoint,HYDRA
21,0.05,random,linear_interpolation,1,1,1,1.0747405914736088,,-0.045051754475693186,-0.0419186852291828,0.0,GunPoint,HYDRA
21,0.1,top,linear_interpolation,1,1,1,1.0747405914736088,1.1307780190190029,-0.05603742754539409,-0.05214037308127211,0.0,GunPoint,HYDRA
21,0.1,bottom,linear_interpolation,1,1,1,1.0747405914736088,1.0524196011570905,0.02232099031651824,0.020768704303993017,0.0,GunPoint,HYDRA
21,0.1,random,linear_interpolation,1,1,1,1.0747405914736088,,0.007922753046236597,0.0073717748611305586,0.0,GunPoint,HYDRA
21,0.2,top,linear_interpolation,1,1,1,1.0747405914736088,1.263841074433837,-0.1891004829602283,-0.17594972080772203,0.0,GunPoint,HYDRA
21,0.2,bottom,linear_interpolation,1,1,1,1.0747405914736088,1.1058150800658535,-0.03107448859224471,-0.0289134512321586,0.0,GunPoint,HYDRA
21,0.2,random,linear_interpolation,1,1,1,1.0747405914736088,,0.23394885402489568,0.21767916667682113,0.0,GunPoint,HYDRA
22,0.05,top,linear_interpolation,0,0,0,0.5287625167126433,0.40980413332472243,0.11895838338792086,0.22497464296987196,0.0,GunPoint,HYDRA
22,0.05,bottom,linear_interpolation,0,0,0,0.5287625167126433,0.530529132727012,-0.0017666160143686716,-0.0033410323491148493,0.0,GunPoint,HYDRA
22,0.05,random,linear_interpolation,0,0,0,0.5287625167126433,,0.17408692358168903,0.3292339922844878,0.0,GunPoint,HYDRA
22,0.1,top,linear_interpolation,0,0,0,0.5287625167126433,0.2288617950616044,0.29990072165103887,0.5671736270980662,0.0,GunPoint,HYDRA
22,0.1,bottom,linear_interpolation,0,0,0,0.5287625167126433,0.5181026411750086,0.0106598755376347,0.020160005750600625,0.0,GunPoint,HYDRA
22,0.1,random,linear_interpolation,0,0,0,0.5287625167126433,,0.16252779790392383,0.3073733205240209,0.0,GunPoint,HYDRA
22,0.2,top,linear_interpolation,0,0,0,0.5287625167126433,0.40934822219608946,0.11941429451655383,0.22583686419774224,0.0,GunPoint,HYDRA
22,0.2,bottom,linear_interpolation,0,0,0,0.5287625167126433,0.5409657872866526,-0.012203270574009273,-0.023078881557256046,0.0,GunPoint,HYDRA
22,0.2,random,linear_interpolation,0,0,0,0.5287625167126433,,0.29535856786072007,0.5585834849139804,0.0,GunPoint,HYDRA
23,0.05,top,linear_interpolation,0,0,0,0.5274104995427097,0.5244317008056603,0.002978798737049426,0.00564795940102213,0.0,GunPoint,HYDRA
23,0.05,bottom,linear_interpolation,0,0,0,0.5274104995427097,0.5505060200924748,-0.02309552054976516,-0.04379032419617329,0.0,GunPoint,HYDRA
23,0.05,random,linear_interpolation,0,0,0,0.5274104995427097,,-0.01432237512625818,-0.027155978090497357,0.0,GunPoint,HYDRA
23,0.1,top,linear_interpolation,0,0,0,0.5274104995427097,0.35462390207857397,0.17278659746413572,0.3276124953929706,0.0,GunPoint,HYDRA
23,0.1,bottom,linear_interpolation,0,0,0,0.5274104995427097,0.529766222909692,-0.0023557233669823097,-0.004466575660608142,0.0,GunPoint,HYDRA
23,0.1,random,linear_interpolation,0,0,0,0.5274104995427097,,0.023263308950370674,0.044108459846895744,0.0,GunPoint,HYDRA
23,0.2,top,linear_interpolation,0,0,0,0.5274104995427097,0.7231745774661341,-0.19576407792342443,-0.3711790093563773,0.0,GunPoint,HYDRA
23,0.2,bottom,linear_interpolation,0,0,0,0.5274104995427097,0.5990378025902905,-0.0716273030475808,-0.13580914164686397,0.0,GunPoint,HYDRA
23,0.2,random,linear_interpolation,0,0,0,0.5274104995427097,,0.10753860495840303,0.20389886275070604,0.0,GunPoint,HYDRA
24,0.05,top,linear_interpolation,0,0,0,0.7139477108347323,0.6243235173166292,0.08962419351810313,0.12553309804750065,0.0,GunPoint,HYDRA
24,0.05,bottom,linear_interpolation,0,0,0,0.7139477108347323,0.7569511702229371,-0.04300345938820482,-0.060233261487265904,0.0,GunPoint,HYDRA
24,0.05,random,linear_interpolation,0,0,0,0.7139477108347323,,0.033150695155791235,0.046432880475450695,0.0,GunPoint,HYDRA
24,0.1,top,linear_interpolation,0,0,0,0.7139477108347323,0.5768709068298807,0.13707680400485156,0.1919981112432916,0.0,GunPoint,HYDRA
24,0.1,bottom,linear_interpolation,0,0,0,0.7139477108347323,0.7294085394397801,-0.015460828605047827,-0.021655377158635646,0.0,GunPoint,HYDRA
24,0.1,random,linear_interpolation,0,0,0,0.7139477108347323,,0.0237131125025573,0.033214028042480075,0.0,GunPoint,HYDRA
24,0.2,top,linear_interpolation,0,0,0,0.7139477108347323,0.3788816621566502,0.3350660486780821,0.46931389271132745,0.0,GunPoint,HYDRA
24,0.2,bottom,linear_interpolation,0,0,0,0.7139477108347323,0.8980222997023878,-0.1840745888676555,-0.25782606799925406,0.0,GunPoint,HYDRA
24,0.2,random,linear_interpolation,0,0,0,0.7139477108347323,,0.026690046527588995,0.03738370295029121,0.0,GunPoint,HYDRA
25,0.05,top,linear_interpolation,1,1,1,0.9209031251973712,0.9994298516271262,-0.078526726429755,-0.08527133746189365,0.0,GunPoint,HYDRA
25,0.05,bottom,linear_interpolation,1,1,1,0.9209031251973712,0.8422683582940619,0.07863476690330928,0.08538865746361601,0.0,GunPoint,HYDRA
25,0.05,random,linear_interpolation,1,1,1,0.9209031251973712,,-0.023536315421297926,-0.02555783471623992,0.0,GunPoint,HYDRA
25,0.1,top,linear_interpolation,1,1,1,0.9209031251973712,0.988432533177589,-0.06752940798021778,-0.07332946626310818,0.0,GunPoint,HYDRA
25,0.1,bottom,linear_interpolation,1,1,1,0.9209031251973712,0.8911720089152664,0.029731116282104786,0.03228470311796325,0.0,GunPoint,HYDRA
25,0.1,random,linear_interpolation,1,1,1,0.9209031251973712,,0.01449214170415598,0.015736862619710794,0.0,GunPoint,HYDRA
25,0.2,top,linear_interpolation,1,1,1,0.9209031251973712,0.8568857091305654,0.06401741606680578,0.06951583157810848,0.0,GunPoint,HYDRA
25,0.2,bottom,linear_interpolation,1,1,1,0.9209031251973712,0.7462638534366817,0.1746392717606895,0.18963892872481186,0.0,GunPoint,HYDRA
25,0.2,random,linear_interpolation,1,1,1,0.9209031251973712,,0.16381750668266726,0.17788768906595717,0.0,GunPoint,HYDRA
26,0.05,top,linear_interpolation,0,0,0,0.9329413995682445,0.790320048859612,0.14262135070863247,0.15287262190531384,0.0,GunPoint,HYDRA
26,0.05,bottom,linear_interpolation,0,0,0,0.9329413995682445,0.9496652867332531,-0.01672388716500861,-0.017925958958182456,0.0,GunPoint,HYDRA
26,0.05,random,linear_interpolation,0,0,0,0.9329413995682445,,0.033595892357400035,0.03601068230251712,0.0,GunPoint,HYDRA
26,0.1,top,linear_interpolation,0,0,0,0.9329413995682445,0.5499707099637813,0.38297068960446323,0.4104976789367681,0.0,GunPoint,HYDRA
26,0.1,bottom,linear_interpolation,0,0,0,0.9329413995682445,0.9338332398416432,-0.0008918402733987252,-0.0009559435542981636,0.0,GunPoint,HYDRA
26,0.1,random,linear_interpolation,0,0,0,0.9329413995682445,,0.11834358370371749,0.12684982884097193,0.0,GunPoint,HYDRA
26,0.2,top,linear_interpolation,0,0,0,0.9329413995682445,0.40216799092485467,0.5307734086433898,0.568924093158405,0.0,GunPoint,HYDRA
26,0.2,bottom,linear_interpolation,0,0,0,0.9329413995682445,0.9570794502216143,-0.024138050653369825,-0.0258730342457805,0.0,GunPoint,HYDRA
26,0.2,random,linear_interpolation,0,0,0,0.9329413995682445,,0.2661924332005178,0.2853256892641054,0.0,GunPoint,HYDRA
27,0.05,top,linear_interpolation,0,0,0,1.0135086188704296,0.9796737178064597,0.03383490106396991,0.03338389733457032,0.0,GunPoint,HYDRA
27,0.05,bottom,linear_interpolation,0,0,0,1.0135086188704296,1.0267730593924302,-0.013264440522000598,-0.01308763160707246,0.0,GunPoint,HYDRA
27,0.05,random,linear_interpolation,0,0,0,1.0135086188704296,,-0.012860304336596795,-0.012688882371861238,0.0,GunPoint,HYDRA
27,0.1,top,linear_interpolation,0,0,0,1.0135086188704296,0.7919796148677628,0.22152900400266684,0.2185761238749406,0.0,GunPoint,HYDRA
27,0.1,bottom,linear_interpolation,0,0,0,1.0135086188704296,1.027521002236752,-0.014012383366322378,-0.013825604715956591,0.0,GunPoint,HYDRA
27,0.1,random,linear_interpolation,0,0,0,1.0135086188704296,,0.03493731292621571,0.0344716145517729,0.0,GunPoint,HYDRA
27,0.2,top,linear_interpolation,0,0,0,1.0135086188704296,0.5605573671796062,0.4529512516908234,0.4469136190297274,0.0,GunPoint,HYDRA
27,0.2,bottom,linear_interpolation,0,0,0,1.0135086188704296,1.0237347871719822,-0.01022616830155254,-0.010089858163309536,0.0,GunPoint,HYDRA
27,0.2,random,linear_interpolation,0,0,0,1.0135086188704296,,0.19495055508443326,0.19235195350361678,0.0,GunPoint,HYDRA
28,0.05,top,linear_interpolation,1,1,1,1.1412105655830633,0.8554954320583059,0.2857151335247574,0.25036123199363214,0.0,GunPoint,HYDRA
28,0.05,bottom,linear_interpolation,1,1,1,1.1412105655830633,1.0975270193772504,0.04368354620581294,0.03827821897642118,0.0,GunPoint,HYDRA
28,0.05,random,linear_interpolation,1,1,1,1.1412105655830633,,-0.044270348026778275,-0.038792410944555974,0.0,GunPoint,HYDRA
28,0.1,top,linear_interpolation,1,1,1,1.1412105655830633,0.6417709575682419,0.49943960801482146,0.43763980586689005,0.0,GunPoint,HYDRA
28,0.1,bottom,linear_interpolation,1,1,1,1.1412105655830633,1.209693434152929,-0.06848286856986574,-0.060008915642978736,0.0,GunPoint,HYDRA
28,0.1,random,linear_interpolation,1,1,1,1.1412105655830633,,0.09422941495336752,0.08256962845029019,0.0,GunPoint,HYDRA
28,0.2,top,linear_interpolation,1,1,1,1.1412105655830633,0.5502089023038663,0.591001663279197,0.5178721291500799,0.0,GunPoint,HYDRA
28,0.2,bottom,linear_interpolation,1,1,1,1.1412105655830633,1.0068900010398416,0.13432056454322172,0.11769996781849577,0.0,GunPoint,HYDRA
28,0.2,random,linear_interpolation,1,1,1,1.1412105655830633,,0.42583635988846763,0.3731440976686045,0.0,GunPoint,HYDRA
29,0.05,top,linear_interpolation,0,0,0,0.40991078557262606,0.3660744260323153,0.04383635954031073,0.10694095920924439,0.0,GunPoint,HYDRA
29,0.05,bottom,linear_interpolation,0,0,0,0.40991078557262606,0.3893828883263557,0.020527897246270355,0.05007881687908514,0.0,GunPoint,HYDRA
29,0.05,random,linear_interpolation,0,0,0,0.40991078557262606,,0.05147096839922547,0.12556596372881335,0.0,GunPoint,HYDRA
29,0.1,top,linear_interpolation,0,0,0,0.40991078557262606,0.24020858446904578,0.16970220110358028,0.413996881954772,0.0,GunPoint,HYDRA
29,0.1,bottom,linear_interpolation,0,0,0,0.40991078557262606,0.4273276664700504,-0.017416880897424325,-0.04248933919549013,0.0,GunPoint,HYDRA
29,0.1,random,linear_interpolation,0,0,0,0.40991078557262606,,0.035363368334632064,0.08627067964203863,0.0,GunPoint,HYDRA
29,0.2,top,linear_interpolation,0,0,0,0.40991078557262606,0.31284005830011374,0.09707072727251231,0.23680882250533347,0.0,GunPoint,HYDRA
29,0.2,bottom,linear_interpolation,0,0,0,0.40991078557262606,0.5581339889113807,-0.1482232033387546,-0.3615978084935867,0.0,GunPoint,HYDRA
29,0.2,random,linear_interpolation,0,0,0,0.40991078557262606,,0.21223759798250982,0.46765154742679627,0.2,GunPoint,HYDRA
30,0.05,top,linear_interpolation,0,0,0,0.552826147895687,0.5415108911645675,0.011315256731119439,0.02046798311948044,0.0,GunPoint,HYDRA
30,0.05,bottom,linear_interpolation,0,0,0,0.552826147895687,0.5081118520693986,0.044714295826288386,0.08088295952268526,0.0,GunPoint,HYDRA
30,0.05,random,linear_interpolation,0,0,0,0.552826147895687,,0.026972085845593297,0.04878936562406784,0.0,GunPoint,HYDRA
30,0.1,top,linear_interpolation,0,0,0,0.552826147895687,0.504340627359211,0.04848552053647592,0.08770466631574443,0.0,GunPoint,HYDRA
30,0.1,bottom,linear_interpolation,0,0,0,0.552826147895687,0.5764818335515952,-0.023655685655908254,-0.04279038347872859,0.0,GunPoint,HYDRA
30,0.1,random,linear_interpolation,0,0,0,0.552826147895687,,0.10443505645648336,0.1889108681692116,0.0,GunPoint,HYDRA
30,0.2,top,linear_interpolation,0,0,0,0.552826147895687,0.6563227459921563,-0.10349659809646938,-0.18721330616708093,0.0,GunPoint,HYDRA
30,0.2,bottom,linear_interpolation,0,0,0,0.552826147895687,0.44901073150876103,0.10381541638692593,0.18779001136629214,0.0,GunPoint,HYDRA
30,0.2,random,linear_interpolation,0,0,0,0.552826147895687,,0.01761553085948,0.031864446104958435,0.0,GunPoint,HYDRA
31,0.05,top,linear_interpolation,1,1,1,1.0805609250570114,1.1796933288488305,-0.09913240379181909,-0.09174152956258272,0.0,GunPoint,HYDRA
31,0.05,bottom,linear_interpolation,1,1,1,1.0805609250570114,1.085892518669285,-0.005331593612273533,-0.004934093538408022,0.0,GunPoint,HYDRA
31,0.05,random,linear_interpolation,1,1,1,1.0805609250570114,,-0.07840065769561036,-0.07255545089789636,0.0,GunPoint,HYDRA
31,0.1,top,linear_interpolation,1,1,1,1.0805609250570114,1.158259886557085,-0.0776989615000736,-0.07190607007180468,0.0,GunPoint,HYDRA
31,0.1,bottom,linear_interpolation,1,1,1,1.0805609250570114,1.043149996685069,0.037410928371942376,0.03462173477005359,0.0,GunPoint,HYDRA
31,0.1,random,linear_interpolation,1,1,1,1.0805609250570114,,0.015193483141238117,0.01406072413706091,0.0,GunPoint,HYDRA
31,0.2,top,linear_interpolation,1,1,1,1.0805609250570114,1.5301279001638888,-0.4495669751068774,-0.4160492468612179,0.0,GunPoint,HYDRA
31,0.2,bottom,linear_interpolation,1,1,1,1.0805609250570114,1.0386416134248957,0.04191931163211571,0.038793992884678045,0.0,GunPoint,HYDRA
31,0.2,random,linear_interpolation,1,1,1,1.0805609250570114,,0.04091918708623974,0.037868433208102174,0.0,GunPoint,HYDRA
32,0.05,top,linear_interpolation,1,1,1,0.8667923633293232,0.9939498580053812,-0.12715749467605797,-0.1466987405021774,0.0,GunPoint,HYDRA
32,0.05,bottom,linear_interpolation,1,1,1,0.8667923633293232,0.8514236773290383,0.015368686000284848,0.017730507235604872,0.0,GunPoint,HYDRA
32,0.05,random,linear_interpolation,1,1,1,0.8667923633293232,,-0.011222610382754294,-0.012947273084381539,0.0,GunPoint,HYDRA
32,0.1,top,linear_interpolation,1,1,1,0.8667923633293232,1.0384299569225661,-0.17163759359324293,-0.1980144297990341,0.0,GunPoint,HYDRA
32,0.1,bottom,linear_interpolation,1,1,1,0.8667923633293232,0.8509440967661905,0.01584826656313265,0.018283788540166032,0.0,GunPoint,HYDRA
32,0.1,random,linear_interpolation,1,1,1,0.8667923633293232,,-0.01174579312142432,-0.013550857238118597,0.0,GunPoint,HYDRA
32,0.2,top,linear_interpolation,1,1,1,0.8667923633293232,0.8785663986137567,-0.011774035284433548,-0.013583439586119912,0.0,GunPoint,HYDRA
32,0.2,bottom,linear_interpolation,1,1,1,0.8667923633293232,0.8406798272668371,0.02611253606248609,0.030125445310504855,0.0,GunPoint,HYDRA
32,0.2,random,linear_interpolation,1,1,1,0.8667923633293232,,0.0027870038526177643,0.0032153036358203964,0.0,GunPoint,HYDRA
33,0.05,top,linear_interpolation,0,0,0,0.745338761000134,0.6885148768624935,0.0568238841376405,0.07623890084891136,0.0,GunPoint,HYDRA
33,0.05,bottom,linear_interpolation,0,0,0,0.745338761000134,0.7249580783784496,0.020380682621684354,0.027344150531210813,0.0,GunPoint,HYDRA
33,0.05,random,linear_interpolation,0,0,0,0.745338761000134,,0.055223502074326004,0.0740917162398855,0.0,GunPoint,HYDRA
33,0.1,top,linear_interpolation,0,0,0,0.745338761000134,0.5924063009724272,0.15293246002770677,0.20518489423198674,0.0,GunPoint,HYDRA
33,0.1,bottom,linear_interpolation,0,0,0,0.745338761000134,0.7733172995029037,-0.027978538502769768,-0.03753796586033029,0.0,GunPoint,HYDRA
33,0.1,random,linear_interpolation,0,0,0,0.745338761000134,,0.0657244592988541,0.08818053555959733,0.0,GunPoint,HYDRA
33,0.2,top,linear_interpolation,0,0,0,0.745338761000134,0.6855595985708959,0.059779162429238086,0.08020390908573485,0.0,GunPoint,HYDRA
33,0.2,bottom,linear_interpolation,0,0,0,0.745338761000134,0.6137052685696313,0.1316334924305027,0.17660870829414807,0.0,GunPoint,HYDRA
33,0.2,random,linear_interpolation,0,0,0,0.745338761000134,,0.16000442387035269,0.21467313598787588,0.0,GunPoint,HYDRA
34,0.05,top,linear_interpolation,0,0,0,1.025050201270166,0.9900846018813249,0.03496559938884125,0.034111075959439414,0.0,GunPoint,HYDRA
34,0.05,bottom,linear_interpolation,0,0,0,1.025050201270166,1.0285337564702874,-0.0034835552001213355,-0.0033984206796741244,0.0,GunPoint,HYDRA
34,0.05,random,linear_interpolation,0,0,0,1.025050201270166,,0.07336602788344153,0.0715730373200206,0.0,GunPoint,HYDRA
34,0.1,top,linear_interpolation,0,0,0,1.025050201270166,0.8915797564305624,0.13347044483960369,0.1302085638982884,0.0,GunPoint,HYDRA
34,0.1,bottom,linear_interpolation,0,0,0,1.025050201270166,1.0817969106836405,-0.05674670941347437,-0.05535987796820114,0.0,GunPoint,HYDRA
34,0.1,random,linear_interpolation,0,0,0,1.025050201270166,,0.14540989838942706,0.1418562294344381,0.0,GunPoint,HYDRA
34,0.2,top,linear_interpolation,0,0,0,1.025050201270166,0.7178041156679031,0.30724608560226296,0.29973730602095466,0.0,GunPoint,HYDRA
34,0.2,bottom,linear_interpolation,0,0,0,1.025050201270166,1.0577495861050807,-0.032699384834914635,-0.031900245367642154,0.0,GunPoint,HYDRA
34,0.2,random,linear_interpolation,0,0,0,1.025050201270166,,0.04978875581295501,0.04857196962577142,0.0,GunPoint,HYDRA
35,0.05,top,linear_interpolation,0,0,0,1.1228237425266643,1.0614242931096871,0.06139944941697717,0.05468302139371416,0.0,GunPoint,HYDRA
35,0.05,bottom,linear_interpolation,0,0,0,1.1228237425266643,1.1823210165352769,-0.0594972740086126,-0.052988923164204046,0.0,GunPoint,HYDRA
35,0.05,random,linear_interpolation,0,0,0,1.1228237425266643,,0.042959927118442785,0.038260581096361615,0.0,GunPoint,HYDRA
35,0.1,top,linear_interpolation,0,0,0,1.1228237425266643,0.9590716915028765,0.16375205102378776,0.14583936817717488,0.0,GunPoint,HYDRA
35,0.1,bottom,linear_interpolation,0,0,0,1.1228237425266643,1.1772241075570535,-0.05440036503038925,-0.04844956026527656,0.0,GunPoint,HYDRA
35,0.1,random,linear_interpolation,0,0,0,1.1228237425266643,,0.14851769117281835,0.13227148062182237,0.0,GunPoint,HYDRA
35,0.2,top,linear_interpolation,0,0,0,1.1228237425266643,1.184480477940522,-0.061656735413857744,-0.05491216311738299,0.0,GunPoint,HYDRA
35,0.2,bottom,linear_interpolation,0,0,0,1.1228237425266643,1.1962502236675212,-0.07342648114085693,-0.06539442742918825,0.0,GunPoint,HYDRA
35,0.2,random,linear_interpolation,0,0,0,1.1228237425266643,,0.0706136982221687,0.06288933218844864,0.0,GunPoint,HYDRA
36,0.05,top,linear_interpolation,0,0,0,0.7339249182663735,0.5906385919150697,0.14328632635130378,0.19523268327921206,0.0,GunPoint,HYDRA
36,0.05,bottom,linear_interpolation,0,0,0,0.7339249182663735,0.7481797381885524,-0.014254819922178918,-0.019422695898041888,0.0,GunPoint,HYDRA
36,0.05,random,linear_interpolation,0,0,0,0.7339249182663735,,0.01851400885647152,0.025225991337387253,0.0,GunPoint,HYDRA
36,0.1,top,linear_interpolation,0,0,0,0.7339249182663735,0.4849788373225751,0.24894608094379844,0.33919783284373,0.0,GunPoint,HYDRA
36,0.1,bottom,linear_interpolation,0,0,0,0.7339249182663735,0.6558467376678532,0.07807818059852034,0.10638428028669562,0.0,GunPoint,HYDRA
36,0.1,random,linear_interpolation,0,0,0,0.7339249182663735,,0.11535212153076013,0.1571713420384942,0.0,GunPoint,HYDRA
36,0.2,top,linear_interpolation,0,0,0,0.7339249182663735,0.09002817986318068,0.6438967384031928,0.8773320608763333,0.0,GunPoint,HYDRA
36,0.2,bottom,linear_interpolation,0,0,0,0.7339249182663735,0.720482423388345,0.01344249487802851,0.018315874318461725,0.0,GunPoint,HYDRA
36,0.2,random,linear_interpolation,0,0,0,0.7339249182663735,,0.3110012690121708,0.4219143503723969,0.2,GunPoint,HYDRA
37,0.05,top,linear_interpolation,0,0,0,0.8260783277094751,0.7992639278953125,0.02681439981416256,0.03245983637977314,0.0,GunPoint,HYDRA
37,0.05,bottom,linear_interpolation,0,0,0,0.8260783277094751,0.8116100665922846,0.014468261117190462,0.017514372569166655,0.0,GunPoint,HYDRA
37,0.05,random,linear_interpolation,0,0,0,0.8260783277094751,,0.036602239892597456,0.04430838378934733,0.0,GunPoint,HYDRA
37,0.1,top,linear_interpolation,0,0,0,0.8260783277094751,0.7023078201062675,0.12377050760320762,0.14982884022336487,0.0,GunPoint,HYDRA
37,0.1,bottom,linear_interpolation,0,0,0,0.8260783277094751,0.8785471278278795,-0.05246880011840438,-0.06351544985865716,0.0,GunPoint,HYDRA
37,0.1,random,linear_interpolation,0,0,0,0.8260783277094751,,0.03738157756265146,0.04525180126017901,0.0,GunPoint,HYDRA
37,0.2,top,linear_interpolation,0,0,0,0.8260783277094751,0.9155635539672722,-0.08948522625779709,-0.10832522162964507,0.0,GunPoint,HYDRA
37,0.2,bottom,linear_interpolation,0,0,0,0.8260783277094751,0.7822465864092784,0.043831741300196736,0.053059966313080256,0.0,GunPoint,HYDRA
37,0.2,random,linear_interpolation,0,0,0,0.8260783277094751,,0.11090788799910016,0.13425815690924237,0.0,GunPoint,HYDRA
38,0.05,top,linear_interpolation,0,0,0,0.714868051500378,0.8184343982069898,-0.1035663467066118,-0.14487457036955953,0.0,GunPoint,HYDRA
38,0.05,bottom,linear_interpolation,0,0,0,0.714868051500378,0.7319055592880118,-0.0170375077876338,-0.023833047118035418,0.0,GunPoint,HYDRA
38,0.05,random,linear_interpolation,0,0,0,0.714868051500378,,-0.0038277375190469477,-0.0053544596888244565,0.0,GunPoint,HYDRA
38,0.1,top,linear_interpolation,0,0,0,0.714868051500378,0.7226652872022042,-0.007797235701826222,-0.010907222358362367,0.0,GunPoint,HYDRA
38,0.1,bottom,linear_interpolation,0,0,0,0.714868051500378,0.7439810860898268,-0.029113034589448805,-0.04072498946253992,0.0,GunPoint,HYDRA
38,0.1,random,linear_interpolation,0,0,0,0.714868051500378,,0.05032391102993054,0.07039598500495994,0.0,GunPoint,HYDRA
38,0.2,top,linear_interpolation,0,0,0,0.714868051500378,0.659313646712968,0.05555440478741003,0.07771270090768595,0.0,GunPoint,HYDRA
38,0.2,bottom,linear_interpolation,0,0,0,0.714868051500378,0.9137431839430942,-0.19887513244271615,-0.2781979888838578,0.0,GunPoint,HYDRA
38,0.2,random,linear_interpolation,0,0,0,0.714868051500378,,-0.05052167491671387,-0.07067262851941654,0.0,GunPoint,HYDRA
39,0.05,top,linear_interpolation,1,1,1,0.734923582987553,0.4319369286416266,0.3029866543459264,0.41226904278293536,0.0,GunPoint,HYDRA
39,0.05,bottom,linear_interpolation,1,1,1,0.734923582987553,0.721967374362144,0.012956208625409027,0.01762930363921227,0.0,GunPoint,HYDRA
39,0.05,random,linear_interpolation,1,1,1,0.734923582987553,,-0.01366594359335802,-0.018595028537219952,0.0,GunPoint,HYDRA
39,0.1,top,linear_interpolation,1,1,1,0.734923582987553,0.36722856059762476,0.36769502238992824,0.5003166731682939,0.0,GunPoint,HYDRA
39,0.1,bottom,linear_interpolation,1,1,1,0.734923582987553,0.6719066503150191,0.06301693267253394,0.08574612161749014,0.0,GunPoint,HYDRA
39,0.1,random,linear_interpolation,1,1,1,0.734923582987553,,0.15669945542232805,0.21321841594320706,0.0,GunPoint,HYDRA
39,0.2,top,linear_interpolation,1,1,1,0.734923582987553,0.16772997207783816,0.5671936109097149,0.7717711776683365,0.0,GunPoint,HYDRA
39,0.2,bottom,linear_interpolation,1,1,1,0.734923582987553,0.7302783075947575,0.004645275392795467,0.00632075113600349,0.0,GunPoint,HYDRA
39,0.2,random,linear_interpolation,1,1,1,0.734923582987553,,0.16174012448452907,0.22007717285362371,0.0,GunPoint,HYDRA
40,0.05,top,linear_interpolation,0,0,0,0.9143904205990662,0.847917463943242,0.0664729566558242,0.07269639145594153,0.0,GunPoint,HYDRA
40,0.05,bottom,linear_interpolation,0,0,0,0.9143904205990662,0.9129093370388165,0.0014810835602496741,0.0016197478747988887,0.0,GunPoint,HYDRA
40,0.05,random,linear_interpolation,0,0,0,0.9143904205990662,,0.05812785387115653,0.06356999044574795,0.0,GunPoint,HYDRA
40,0.1,top,linear_interpolation,0,0,0,0.9143904205990662,0.7560829909728805,0.15830742962618571,0.1731287346533393,0.0,GunPoint,HYDRA
40,0.1,bottom,linear_interpolation,0,0,0,0.9143904205990662,0.9905762982496845,-0.07618587765061835,-0.08331867068558556,0.0,GunPoint,HYDRA
40,0.1,random,linear_interpolation,0,0,0,0.9143904205990662,,0.1134857735519305,0.12411071560314943,0.0,GunPoint,HYDRA
40,0.2,top,linear_interpolation,0,0,0,0.9143904205990662,0.5348721387360945,0.37951828186297165,0.4150501342349966,0.0,GunPoint,HYDRA
40,0.2,bottom,linear_interpolation,0,0,0,0.9143904205990662,0.896055138438525,0.018335282160541144,0.02005189653740269,0.0,GunPoint,HYDRA
40,0.2,random,linear_interpolation,0,0,0,0.9143904205990662,,0.23894262767165472,0.26131328694566136,0.0,GunPoint,HYDRA
41,0.05,top,linear_interpolation,1,1,1,0.8602736217129577,0.9680231536110456,-0.10774953189808789,-0.12525015754101831,0.0,GunPoint,HYDRA
41,0.05,bottom,linear_interpolation,1,1,1,0.8602736217129577,0.8677816703895954,-0.00750804867663768,-0.008727502226774791,0.0,GunPoint,HYDRA
41,0.05,random,linear_interpolation,1,1,1,0.8602736217129577,,-0.008566578017373195,-0.00995795737913974,0.0,GunPoint,HYDRA
41,0.1,top,linear_interpolation,1,1,1,0.8602736217129577,1.0474740180171562,-0.1872003963041985,-0.21760539202173562,0.0,GunPoint,HYDRA
41,0.1,bottom,linear_interpolation,1,1,1,0.8602736217129577,0.8631435178578963,-0.0028698961449385996,-0.003336023256415646,0.0,GunPoint,HYDRA
41,0.1,random,linear_interpolation,1,1,1,0.8602736217129577,,0.02050508728827156,0.023835513417148513,0.0,GunPoint,HYDRA
41,0.2,top,linear_interpolation,1,1,1,0.8602736217129577,1.2043177274223902,-0.34404410570943245,-0.3999235790826658,0.0,GunPoint,HYDRA
41,0.2,bottom,linear_interpolation,1,1,1,0.8602736217129577,0.9386556717198479,-0.07838205000689014,-0.09111282377575862,0.0,GunPoint,HYDRA
41,0.2,random,linear_interpolation,1,1,1,0.8602736217129577,,0.09459181835965469,0.10995537468175658,0.0,GunPoint,HYDRA
42,0.05,top,linear_interpolation,0,0,0,1.015878431222607,0.9589432857445347,0.056935145478072324,0.05604517989851522,0.0,GunPoint,HYDRA
42,0.05,bottom,linear_interpolation,0,0,0,1.015878431222607,1.0247922779180214,-0.008913846695414396,-0.008774512428789523,0.0,GunPoint,HYDRA
42,0.05,random,linear_interpolation,0,0,0,1.015878431222607,,0.016209747135283538,0.015956369070072782,0.0,GunPoint,HYDRA
42,0.1,top,linear_interpolation,0,0,0,1.015878431222607,0.8422101383282173,0.17366829289438968,0.17095364622687612,0.0,GunPoint,HYDRA
42,0.1,bottom,linear_interpolation,0,0,0,1.015878431222607,1.054723100539431,-0.038844669316824065,-0.03823747988486651,0.0,GunPoint,HYDRA
42,0.1,random,linear_interpolation,0,0,0,1.015878431222607,,0.10956107075494377,0.10784849794929645,0.0,GunPoint,HYDRA
42,0.2,top,linear_interpolation,0,0,0,1.015878431222607,0.940486270449052,0.07539216077355504,0.07421368959387323,0.0,GunPoint,HYDRA
42,0.2,bottom,linear_interpolation,0,0,0,1.015878431222607,0.9330774425555174,0.08280098866708963,0.08150670849535654,0.0,GunPoint,HYDRA
42,0.2,random,linear_interpolation,0,0,0,1.015878431222607,,0.3676567792069748,0.36190985653140084,0.0,GunPoint,HYDRA
43,0.05,top,linear_interpolation,0,0,0,0.9668448290948587,0.894730818483768,0.07211401061109068,0.07458687666740244,0.0,GunPoint,HYDRA
43,0.05,bottom,linear_interpolation,0,0,0,0.9668448290948587,0.974306463827339,-0.007461634732480293,-0.007717502116615348,0.0,GunPoint,HYDRA
43,0.05,random,linear_interpolation,0,0,0,0.9668448290948587,,0.03113600018746492,0.03220368672078133,0.0,GunPoint,HYDRA
43,0.1,top,linear_interpolation,0,0,0,0.9668448290948587,0.7925689209945594,0.17427590810029925,0.18025201418457046,0.0,GunPoint,HYDRA
43,0.1,bottom,linear_interpolation,0,0,0,0.9668448290948587,1.0089305941403295,-0.04208576504547079,-0.04352893065161239,0.0,GunPoint,HYDRA
43,0.1,random,linear_interpolation,0,0,0,0.9668448290948587,,0.09280314599190717,0.09598546448588147,0.0,GunPoint,HYDRA
43,0.2,top,linear_interpolation,0,0,0,0.9668448290948587,0.988871203853834,-0.022026374758975287,-0.02278168255594165,0.0,GunPoint,HYDRA
43,0.2,bottom,linear_interpolation,0,0,0,0.9668448290948587,0.897058309030898,0.06978652006396069,0.07217957399608725,0.0,GunPoint,HYDRA
43,0.2,random,linear_interpolation,0,0,0,0.9668448290948587,,0.24355307867449705,0.25190477255562704,0.0,GunPoint,HYDRA
44,0.05,top,linear_interpolation,1,1,1,1.1216817775850643,1.1275486909344463,-0.0058669133493820524,-0.0052304568338057845,0.0,GunPoint,HYDRA
44,0.05,bottom,linear_interpolation,1,1,1,1.1216817775850643,1.1292667005660668,-0.007584922981002551,-0.006762092752580699,0.0,GunPoint,HYDRA
44,0.05,random,linear_interpolation,1,1,1,1.1216817775850643,,0.0369887462756245,0.03297612035664817,0.0,GunPoint,HYDRA
44,0.1,top,linear_interpolation,1,1,1,1.1216817775850643,1.1446998594556683,-0.023018081870604057,-0.020521026381595177,0.0,GunPoint,HYDRA
44,0.1,bottom,linear_interpolation,1,1,1,1.1216817775850643,1.0158094316164707,0.10587234596859352,0.0943870656519593,0.0,GunPoint,HYDRA
44,0.1,random,linear_interpolation,1,1,1,1.1216817775850643,,-0.017055439760302347,-0.01520522566729784,0.0,GunPoint,HYDRA
44,0.2,top,linear_interpolation,1,1,1,1.1216817775850643,0.9839747845690241,0.13770699301604017,0.12276821554888943,0.0,GunPoint,HYDRA
44,0.2,bottom,linear_interpolation,1,1,1,1.1216817775850643,0.9380349884911224,0.18364678909394183,0.16372435483883033,0.0,GunPoint,HYDRA
44,0.2,random,linear_interpolation,1,1,1,1.1216817775850643,,0.08701792664129708,0.07757801793894262,0.0,GunPoint,HYDRA
45,0.05,top,linear_interpolation,0,0,0,0.7841333922395136,0.6830771769582783,0.10105621528123532,0.12887614199986233,0.0,GunPoint,HYDRA
45,0.05,bottom,linear_interpolation,0,0,0,0.7841333922395136,0.7998576782015377,-0.01572428596202413,-0.020053049729288182,0.0,GunPoint,HYDRA
45,0.05,random,linear_interpolation,0,0,0,0.7841333922395136,,0.027743363292622947,0.035380878032127874,0.0,GunPoint,HYDRA
45,0.1,top,linear_interpolation,0,0,0,0.7841333922395136,0.4805734760465944,0.3035599161929192,0.38712740978742444,0.0,GunPoint,HYDRA
45,0.1,bottom,linear_interpolation,0,0,0,0.7841333922395136,0.7594370790861071,0.02469631315340648,0.03149500059916132,0.0,GunPoint,HYDRA
45,0.1,random,linear_interpolation,0,0,0,0.7841333922395136,,0.14733544092393167,0.1878956494984703,0.0,GunPoint,HYDRA
45,0.2,top,linear_interpolation,0,0,0,0.7841333922395136,0.4486455220145362,0.3354878702249774,0.42784486121927773,0.0,GunPoint,HYDRA
45,0.2,bottom,linear_interpolation,0,0,0,0.7841333922395136,0.8697705241595975,-0.08563713192008393,-0.10921231458232748,0.0,GunPoint,HYDRA
45,0.2,random,linear_interpolation,0,0,0,0.7841333922395136,,0.11728868906358887,0.14957727938524482,0.0,GunPoint,HYDRA
46,0.05,top,linear_interpolation,1,1,1,0.9399984181656827,0.950420775470559,-0.010422357304876284,-0.011087621017058178,0.0,GunPoint,HYDRA
46,0.05,bottom,linear_interpolation,1,1,1,0.9399984181656827,0.9278459160424489,0.012152502123233822,0.012928201750324745,0.0,GunPoint,HYDRA
46,0.05,random,linear_interpolation,1,1,1,0.9399984181656827,,-0.015380394664055363,-0.01636213211075035,0.0,GunPoint,HYDRA
46,0.1,top,linear_interpolation,1,1,1,0.9399984181656827,1.1489466810064284,-0.20894826284074564,-0.22228552358945902,0.0,GunPoint,HYDRA
46,0.1,bottom,linear_interpolation,1,1,1,0.9399984181656827,0.9557374533789837,-0.015739035213301,-0.016743664846106173,0.0,GunPoint,HYDRA
46,0.1,random,linear_interpolation,1,1,1,0.9399984181656827,,0.05010748965101745,0.05330587304915287,0.0,GunPoint,HYDRA
46,0.2,top,linear_interpolation,1,1,1,0.9399984181656827,1.217231772943644,-0.2772333547779612,-0.2949292833807866,0.0,GunPoint,HYDRA
46,0.2,bottom,linear_interpolation,1,1,1,0.9399984181656827,0.9562677796829878,-0.01626936151730507,-0.017307842114469753,0.0,GunPoint,HYDRA
46,0.2,random,linear_interpolation,1,1,1,0.9399984181656827,,0.3603151579636682,0.3833142350947282,0.0,GunPoint,HYDRA
47,0.05,top,linear_interpolation,1,1,1,0.6582118690350854,0.6427455551102962,0.015466313924789254,0.02349743472421357,0.0,GunPoint,HYDRA
47,0.05,bottom,linear_interpolation,1,1,1,0.6582118690350854,0.6275389381417007,0.030672930893384742,0.04660032086329468,0.0,GunPoint,HYDRA
47,0.05,random,linear_interpolation,1,1,1,0.6582118690350854,,-0.010723608218296921,-0.016292006314032298,0.0,GunPoint,HYDRA
47,0.1,top,linear_interpolation,1,1,1,0.6582118690350854,0.6088710029525958,0.049340866082489665,0.0749618678146197,0.0,GunPoint,HYDRA
47,0.1,bottom,linear_interpolation,1,1,1,0.6582118690350854,0.6678203672246127,-0.009608498189527248,-0.014597858294100104,0.0,GunPoint,HYDRA
47,0.1,random,linear_interpolation,1,1,1,0.6582118690350854,,0.1155101499480666,0.17549056753843176,0.0,GunPoint,HYDRA
47,0.2,top,linear_interpolation,1,1,1,0.6582118690350854,0.30772631715855747,0.35048555187652797,0.5324805520595886,0.0,GunPoint,HYDRA
47,0.2,bottom,linear_interpolation,1,1,1,0.6582118690350854,0.6689362214320953,-0.010724352397009862,-0.016293136918959585,0.0,GunPoint,HYDRA
47,0.2,random,linear_interpolation,1,1,1,0.6582118690350854,,0.19019434055335166,0.2780973454062262,0.2,GunPoint,HYDRA
48,0.05,top,linear_interpolation,0,0,0,0.40048791862476585,0.3910674851147117,0.009420433510054171,0.02352233250898149,0.0,GunPoint,HYDRA
48,0.05,bottom,linear_interpolation,0,0,0,0.40048791862476585,0.4221544694067193,-0.021666550781953453,-0.05410025040481511,0.0,GunPoint,HYDRA
48,0.05,random,linear_interpolation,0,0,0,0.40048791862476585,,0.012778793172827619,0.03190798191547613,0.0,GunPoint,HYDRA
48,0.1,top,linear_interpolation,0,0,0,0.40048791862476585,0.24854056569345676,0.1519473529313091,0.37940463734447216,0.0,GunPoint,HYDRA
48,0.1,bottom,linear_interpolation,0,0,0,0.40048791862476585,0.42147374217755373,-0.020985823552787886,-0.05240050991885333,0.0,GunPoint,HYDRA
48,0.1,random,linear_interpolation,0,0,0,0.40048791862476585,,0.031476692513274604,0.07859566407320843,0.0,GunPoint,HYDRA
48,0.2,top,linear_interpolation,0,0,0,0.40048791862476585,0.5500147502786135,-0.14952683165384761,-0.37336072160824335,0.0,GunPoint,HYDRA
48,0.2,bottom,linear_interpolation,0,0,0,0.40048791862476585,0.43371541265803515,-0.0332274940332693,-0.08296732440779835,0.0,GunPoint,HYDRA
48,0.2,random,linear_interpolation,0,0,0,0.40048791862476585,,0.05638923168806964,0.14080097866803393,0.0,GunPoint,HYDRA
49,0.05,top,linear_interpolation,1,1,1,0.9420600372123642,0.6886884771522538,0.2533715600601104,0.26895450512406033,0.0,GunPoint,HYDRA
49,0.05,bottom,linear_interpolation,1,1,1,0.9420600372123642,0.934871558280068,0.007188478932296238,0.007630587242592621,0.0,GunPoint,HYDRA
49,0.05,random,linear_interpolation,1,1,1,0.9420600372123642,,0.11298472912605957,0.11993355490042412,0.0,GunPoint,HYDRA
49,0.1,top,linear_interpolation,1,1,1,0.9420600372123642,0.3862013306005554,0.5558587066118088,0.5900453204780024,0.0,GunPoint,HYDRA
49,0.1,bottom,linear_interpolation,1,1,1,0.9420600372123642,1.0513040566381224,-0.10924401942575823,-0.11596278278212231,0.0,GunPoint,HYDRA
49,0.1,random,linear_interpolation,1,1,1,0.9420600372123642,,0.25118500739745925,0.2666334743455012,0.0,GunPoint,HYDRA
49,0.2,top,linear_interpolation,1,1,1,0.9420600372123642,0.2505079600338074,0.6915520771785568,0.7340841515162501,0.0,GunPoint,HYDRA
49,0.2,bottom,linear_interpolation,1,1,1,0.9420600372123642,0.9645418359899084,-0.022481798777544193,-0.023864482118982094,0.0,GunPoint,HYDRA
49,0.2,random,linear_interpolation,1,1,1,0.9420600372123642,,0.3850086415626282,0.4086875758092069,0.0,GunPoint,HYDRA
0,0.05,top,blur,0,0,0,1.082687534015146,1.111053338195305,-0.028365804180158882,-0.026199413117422066,0.0,GunPoint,HYDRA
0,0.05,bottom,blur,0,0,0,1.082687534015146,1.0600062410315736,0.022681292983572465,0.020949046998271038,0.0,GunPoint,HYDRA
0,0.05,random,blur,0,0,0,1.082687534015146,,-0.02247662291440191,-0.02076000826483998,0.0,GunPoint,HYDRA
0,0.1,top,blur,0,0,0,1.082687534015146,1.1157369276349742,-0.03304939361982817,-0.03052530121221902,0.0,GunPoint,HYDRA
0,0.1,bottom,blur,0,0,0,1.082687534015146,1.099578173270011,-0.016890639254864892,-0.015600644806153093,0.0,GunPoint,HYDRA
0,0.1,random,blur,0,0,0,1.082687534015146,,-0.030235258046261128,-0.02792609055730349,0.0,GunPoint,HYDRA
0,0.2,top,blur,0,0,0,1.082687534015146,1.1367939402120082,-0.054106406196862133,-0.04997411951543326,0.0,GunPoint,HYDRA
0,0.2,bottom,blur,0,0,0,1.082687534015146,1.1860444000091621,-0.10335686599401606,-0.09546315745186433,0.0,GunPoint,HYDRA
0,0.2,random,blur,0,0,0,1.082687534015146,,-0.0747798666814448,-0.06906867887860971,0.0,GunPoint,HYDRA
1,0.05,top,blur,1,1,1,1.129844993167248,1.0435105599495063,0.08633443321774181,0.07641256750021679,0.0,GunPoint,HYDRA
1,0.05,bottom,blur,1,1,1,1.129844993167248,1.1267693918334596,0.0030756013337884802,0.0027221420905045486,0.0,GunPoint,HYDRA
1,0.05,random,blur,1,1,1,1.129844993167248,,0.02087565305199903,0.018476547404022055,0.0,GunPoint,HYDRA
1,0.1,top,blur,1,1,1,1.129844993167248,0.9143012462469005,0.2155437469203476,0.19077267895257408,0.0,GunPoint,HYDRA
1,0.1,bottom,blur,1,1,1,1.129844993167248,1.1178131317447948,0.012031861422453272,0.01064911633551479,0.0,GunPoint,HYDRA
1,0.1,random,blur,1,1,1,1.129844993167248,,0.07363657367979581,0.0651739919644921,0.0,GunPoint,HYDRA
1,0.2,top,blur,1,1,1,1.129844993167248,0.8650760779437786,0.26476891522346946,0.23434071264991993,0.0,GunPoint,HYDRA
1,0.2,bottom,blur,1,1,1,1.129844993167248,1.060899556543932,0.06894543662331598,0.06102197736706066,0.0,GunPoint,HYDRA
1,0.2,random,blur,1,1,1,1.129844993167248,,0.1204457660467004,0.10660370242944354,0.0,GunPoint,HYDRA
2,0.05,top,blur,1,1,1,1.2305194748770747,1.2145851232016764,0.01593435167539825,0.012949277968731115,0.0,GunPoint,HYDRA
2,0.05,bottom,blur,1,1,1,1.2305194748770747,1.2469463572067847,-0.016426882329710013,-0.013349540023989451,0.0,GunPoint,HYDRA
2,0.05,random,blur,1,1,1,1.2305194748770747,,0.027104669810574356,0.022026996188976078,0.0,GunPoint,HYDRA
2,0.1,top,blur,1,1,1,1.2305194748770747,1.1832002939778892,0.04731918089918552,0.03845460670121118,0.0,GunPoint,HYDRA
2,0.1,bottom,blur,1,1,1,1.2305194748770747,1.2066069583966488,0.023912516480425916,0.01943284729399948,0.0,GunPoint,HYDRA
2,0.1,random,blur,1,1,1,1.2305194748770747,,0.05353653604467028,0.04350722896343388,0.0,GunPoint,HYDRA
2,0.2,top,blur,1,1,1,1.2305194748770747,1.1387558298257752,0.09176364505129952,0.0745730338704575,0.0,GunPoint,HYDRA
2,0.2,bottom,blur,1,1,1,1.2305194748770747,1.1221883428405517,0.108331132036523,0.0880368382715005,0.0,GunPoint,HYDRA
2,0.2,random,blur,1,1,1,1.2305194748770747,,0.0963421780675291,0.07829384397456157,0.0,GunPoint,HYDRA
3,0.05,top,blur,0,0,0,0.9581291425158424,0.9822634140670125,-0.024134271551170094,-0.025188928393170808,0.0,GunPoint,HYDRA
3,0.05,bottom,blur,0,0,0,0.9581291425158424,0.9813218618507343,-0.023192719334891976,-0.024206230767349533,0.0,GunPoint,HYDRA
3,0.05,random,blur,0,0,0,0.9581291425158424,,-0.021413824659028146,-0.022349599192026334,0.0,GunPoint,HYDRA
3,0.1,top,blur,0,0,0,0.9581291425158424,1.022600073896032,-0.06447093138018956,-0.06728828216478279,0.0,GunPoint,HYDRA
3,0.1,bottom,blur,0,0,0,0.9581291425158424,0.9881100963144293,-0.029980953798586896,-0.03129110803242595,0.0,GunPoint,HYDRA
3,0.1,random,blur,0,0,0,0.9581291425158424,,-0.04629436095470283,-0.04831740376431938,0.0,GunPoint,HYDRA
3,0.2,top,blur,0,0,0,0.9581291425158424,1.0955415088833969,-0.1374123663675545,-0.1434172251451555,0.0,GunPoint,HYDRA
3,0.2,bottom,blur,0,0,0,0.9581291425158424,0.9840259282347772,-0.025896785718934834,-0.027028463639538026,0.0,GunPoint,HYDRA
3,0.2,random,blur,0,0,0,0.9581291425158424,,-0.1054821731465659,-0.11009169680184835,0.0,GunPoint,HYDRA
4,0.05,top,blur,0,0,0,0.9488655886545286,0.9748873584697121,-0.02602176981518345,-0.027424055316439933,0.0,GunPoint,HYDRA
4,0.05,bottom,blur,0,0,0,0.9488655886545286,0.9814986389887733,-0.032633050334244684,-0.03439161071159393,0.0,GunPoint,HYDRA
4,0.05,random,blur,0,0,0,0.9488655886545286,,0.00988876313505962,0.010421658063734398,0.0,GunPoint,HYDRA
4,0.1,top,blur,0,0,0,0.9488655886545286,0.9702643048243044,-0.021398716169775733,-0.022551870226686588,0.0,GunPoint,HYDRA
4,0.1,bottom,blur,0,0,0,0.9488655886545286,0.9682968422002559,-0.01943125354572728,-0.020478383134219486,0.0,GunPoint,HYDRA
4,0.1,random,blur,0,0,0,0.9488655886545286,,-0.03940818723970381,-0.04153185253954797,0.0,GunPoint,HYDRA
4,0.2,top,blur,0,0,0,0.9488655886545286,1.0014401720847104,-0.05257458343018173,-0.05540777181830304,0.0,GunPoint,HYDRA
4,0.2,bottom,blur,0,0,0,0.9488655886545286,0.960881902905015,-0.012016314250486326,-0.012663860646126436,0.0,GunPoint,HYDRA
4,0.2,random,blur,0,0,0,0.9488655886545286,,-0.037830612375319525,-0.03986926384346874,0.0,GunPoint,HYDRA
5,0.05,top,blur,1,1,1,0.8778707281295549,0.8309420182811705,0.046928709848384376,0.05345736551782279,0.0,GunPoint,HYDRA
5,0.05,bottom,blur,1,1,1,0.8778707281295549,0.8818321681882978,-0.003961440058742882,-0.0045125499908549955,0.0,GunPoint,HYDRA
5,0.05,random,blur,1,1,1,0.8778707281295549,,0.021495552707559297,0.024485983565456636,0.0,GunPoint,HYDRA
5,0.1,top,blur,1,1,1,0.8778707281295549,0.8070939145186126,0.07077681361094235,0.08062318371015727,0.0,GunPoint,HYDRA
5,0.1,bottom,blur,1,1,1,0.8778707281295549,0.8453547766224385,0.03251595150711639,0.03703952464262266,0.0,GunPoint,HYDRA
5,0.1,random,blur,1,1,1,0.8778707281295549,,0.041045643871377144,0.04675585573171538,0.0,GunPoint,HYDRA
5,0.2,top,blur,1,1,1,0.8778707281295549,0.661443183641405,0.21642754448814994,0.24653663804538184,0.0,GunPoint,HYDRA
5,0.2,bottom,blur,1,1,1,0.8778707281295549,0.8047745190019663,0.07309620912758863,0.08326525024713087,0.0,GunPoint,HYDRA
5,0.2,random,blur,1,1,1,0.8778707281295549,,0.10453004716864407,0.11907211933041964,0.0,GunPoint,HYDRA
6,0.05,top,blur,0,0,0,0.8490484506189987,0.886894175715715,-0.037845725096716354,-0.04457422953295001,0.0,GunPoint,HYDRA
6,0.05,bottom,blur,0,0,0,0.8490484506189987,0.8787616592680153,-0.02971320864901661,-0.03499585168726536,0.0,GunPoint,HYDRA
6,0.05,random,blur,0,0,0,0.8490484506189987,,-0.017049945891541317,-0.0200812165641366,0.0,GunPoint,HYDRA
6,0.1,top,blur,0,0,0,0.8490484506189987,0.8829949610455862,-0.03394651042658747,-0.03998178245311719,0.0,GunPoint,HYDRA
6,0.1,bottom,blur,0,0,0,0.8490484506189987,0.8381089101510337,0.01093954046796497,0.012884456211578145,0.0,GunPoint,HYDRA
6,0.1,random,blur,0,0,0,0.8490484506189987,,-0.026335460886179506,-0.031017581917024577,0.0,GunPoint,HYDRA
6,0.2,top,blur,0,0,0,0.8490484506189987,0.8960809059894651,-0.04703245537046641,-0.055394247456585055,0.0,GunPoint,HYDRA
6,0.2,bottom,blur,0,0,0,0.8490484506189987,0.8755982934880132,-0.026549842869014517,-0.03127007837960248,0.0,GunPoint,HYDRA
6,0.2,random,blur,0,0,0,0.8490484506189987,,-0.040957151606352674,-0.048238829406806516,0.0,GunPoint,HYDRA
7,0.05,top,blur,1,1,1,0.7503499533699395,0.7295249958643032,0.020824957505636288,0.02775362303747101,0.0,GunPoint,HYDRA
7,0.05,bottom,blur,1,1,1,0.7503499533699395,0.672764781958565,0.07758517141137444,0.10339851114059057,0.0,GunPoint,HYDRA
7,0.05,random,blur,1,1,1,0.7503499533699395,,0.01165933914123245,0.015538514462957093,0.0,GunPoint,HYDRA
7,0.1,top,blur,1,1,1,0.7503499533699395,0.6959840177684152,0.05436593560152425,0.0724540101633224,0.0,GunPoint,HYDRA
7,0.1,bottom,blur,1,1,1,0.7503499533699395,0.6998113642528118,0.05053858911712772,0.06735326834749963,0.0,GunPoint,HYDRA
7,0.1,random,blur,1,1,1,0.7503499533699395,,0.04832459653703591,0.06440265894246264,0.0,GunPoint,HYDRA
7,0.2,top,blur,1,1,1,0.7503499533699395,0.7292996427032913,0.021050310666648198,0.028053953382891128,0.0,GunPoint,HYDRA
7,0.2,bottom,blur,1,1,1,0.7503499533699395,0.6072325000663028,0.14311745330363668,0.1907340194090173,0.0,GunPoint,HYDRA
7,0.2,random,blur,1,1,1,0.7503499533699395,,0.07644372019997969,0.1018772880299004,0.0,GunPoint,HYDRA
8,0.05,top,blur,1,1,1,0.6558766965955142,0.5703656800087197,0.0855110165867945,0.13037646657396543,0.0,GunPoint,HYDRA
8,0.05,bottom,blur,1,1,1,0.6558766965955142,0.6524387966044626,0.003437899991051596,0.005241678454530191,0.0,GunPoint,HYDRA
8,0.05,random,blur,1,1,1,0.6558766965955142,,0.015233442246171824,0.02322604096044819,0.0,GunPoint,HYDRA
8,0.1,top,blur,1,1,1,0.6558766965955142,0.5632657792288298,0.09261091736668436,0.1412015042551422,0.0,GunPoint,HYDRA
8,0.1,bottom,blur,1,1,1,0.6558766965955142,0.6473040877872198,0.008572608808294357,0.013070438060011002,0.0,GunPoint,HYDRA
8,0.1,random,blur,1,1,1,0.6558766965955142,,0.023206995238031138,0.03538311389225833,0.0,GunPoint,HYDRA
8,0.2,top,blur,1,1,1,0.6558766965955142,0.5219951723754811,0.13388152422003308,0.2041257461794726,0.0,GunPoint,HYDRA
8,0.2,bottom,blur,1,1,1,0.6558766965955142,0.5995839534003339,0.056292743195180295,0.0858281101604474,0.0,GunPoint,HYDRA
8,0.2,random,blur,1,1,1,0.6558766965955142,,0.09296149544124147,0.14173602170615002,0.0,GunPoint,HYDRA
9,0.05,top,blur,0,0,0,0.6170373685538112,0.639461533162369,-0.022424164608557784,-0.03634160491691077,0.0,GunPoint,HYDRA
9,0.05,bottom,blur,0,0,0,0.6170373685538112,0.610784617839761,0.0062527507140501815,0.010133487693326296,0.0,GunPoint,HYDRA
9,0.05,random,blur,0,0,0,0.6170373685538112,,-0.02021790614713461,-0.03276604369760749,0.0,GunPoint,HYDRA
9,0.1,top,blur,0,0,0,0.6170373685538112,0.6299597528702531,-0.012922384316441882,-0.02094259445604465,0.0,GunPoint,HYDRA
9,0.1,bottom,blur,0,0,0,0.6170373685538112,0.6304333808823587,-0.01339601232854748,-0.021710177213038622,0.0,GunPoint,HYDRA
9,0.1,random,blur,0,0,0,0.6170373685538112,,-0.04248730157780369,-0.06885682275704127,0.0,GunPoint,HYDRA
9,0.2,top,blur,0,0,0,0.6170373685538112,0.6744905900232868,-0.057453221469475624,-0.09311126243920956,0.0,GunPoint,HYDRA
9,0.2,bottom,blur,0,0,0,0.6170373685538112,0.6614678215455966,-0.044430452991785385,-0.07200598091804182,0.0,GunPoint,HYDRA
9,0.2,random,blur,0,0,0,0.6170373685538112,,-0.09756713273703288,-0.15812166262157515,0.0,GunPoint,HYDRA
10,0.05,top,blur,0,0,0,0.5732439578398245,0.5559470293020075,0.017296928537817058,0.030173712478863437,0.0,GunPoint,HYDRA
10,0.05,bottom,blur,0,0,0,0.5732439578398245,0.580619864381342,-0.007375906541517541,-0.01286693662219443,0.0,GunPoint,HYDRA
10,0.05,random,blur,0,0,0,0.5732439578398245,,-0.0068321227111013405,-0.011918330231541896,0.0,GunPoint,HYDRA
10,0.1,top,blur,0,0,0,0.5732439578398245,0.6732498291538981,-0.10000587131407357,-0.17445573649863153,0.0,GunPoint,HYDRA
10,0.1,bottom,blur,0,0,0,0.5732439578398245,0.5891458327767093,-0.015901874936884774,-0.027740104329584105,0.0,GunPoint,HYDRA
10,0.1,random,blur,0,0,0,0.5732439578398245,,-0.010914187932101239,-0.019039309082158326,0.0,GunPoint,HYDRA
10,0.2,top,blur,0,0,0,0.5732439578398245,0.7358263844881826,-0.1625824266483581,-0.2836177177397637,0.0,GunPoint,HYDRA
10,0.2,bottom,blur,0,0,0,0.5732439578398245,0.5660404849224407,0.007203472917383769,0.012566133934311123,0.0,GunPoint,HYDRA
10,0.2,random,blur,0,0,0,0.5732439578398245,,-0.06800649962185468,-0.11863427439139722,0.0,GunPoint,HYDRA
11,0.05,top,blur,0,0,0,1.154104992509277,1.1935250753639575,-0.03942008285468046,-0.034156380012352806,0.0,GunPoint,HYDRA
11,0.05,bottom,blur,0,0,0,1.154104992509277,1.185925889607433,-0.03182089709815594,-0.02757190180511099,0.0,GunPoint,HYDRA
11,0.05,random,blur,0,0,0,1.154104992509277,,-0.023424908169004423,-0.020297016323495197,0.0,GunPoint,HYDRA
11,0.1,top,blur,0,0,0,1.154104992509277,1.2193057728617234,-0.06520078035244636,-0.056494620750288035,0.0,GunPoint,HYDRA
11,0.1,bottom,blur,0,0,0,1.154104992509277,1.2489496333610923,-0.09484464085181532,-0.08218018229469763,0.0,GunPoint,HYDRA
11,0.1,random,blur,0,0,0,1.154104992509277,,-0.04861722307033176,-0.04212544028527863,0.0,GunPoint,HYDRA
11,0.2,top,blur,0,0,0,1.154104992509277,1.2623762056879242,-0.10827121317864719,-0.09381392513459016,0.0,GunPoint,HYDRA
11,0.2,bottom,blur,0,0,0,1.154104992509277,1.3066684341311616,-0.15256344162188462,-0.13219188065229484,0.0,GunPoint,HYDRA
11,0.2,random,blur,0,0,0,1.154104992509277,,-0.10859181924510515,-0.0940917211676572,0.0,GunPoint,HYDRA
12,0.05,top,blur,1,1,1,0.5667369664127602,0.5466748614214,0.020062104991360186,0.03539926064658386,0.0,GunPoint,HYDRA
12,0.05,bottom,blur,1,1,1,0.5667369664127602,0.5233927308551067,0.04334423555765343,0.07648020447969327,0.0,GunPoint,HYDRA
12,0.05,random,blur,1,1,1,0.5667369664127602,,0.01748975660584322,0.03086039341346205,0.0,GunPoint,HYDRA
12,0.1,top,blur,1,1,1,0.5667369664127602,0.5259789753378382,0.04075799107492195,0.07191681780718666,0.0,GunPoint,HYDRA
12,0.1,bottom,blur,1,1,1,0.5667369664127602,0.5124476078054935,0.05428935860726669,0.09579269755103592,0.0,GunPoint,HYDRA
12,0.1,random,blur,1,1,1,0.5667369664127602,,0.058906258060581515,0.10393914216376951,0.0,GunPoint,HYDRA
12,0.2,top,blur,1,1,1,0.5667369664127602,0.5143476018525296,0.05238936456023058,0.09244018870278924,0.0,GunPoint,HYDRA
12,0.2,bottom,blur,1,1,1,0.5667369664127602,0.4593743932481509,0.10736257316460929,0.18943952854292487,0.0,GunPoint,HYDRA
12,0.2,random,blur,1,1,1,0.5667369664127602,,0.0808022467798348,0.14257426106686105,0.0,GunPoint,HYDRA
13,0.05,top,blur,0,0,0,0.6248532185914565,0.6857588529328799,-0.060905634341423376,-0.09747175025675041,0.0,GunPoint,HYDRA
13,0.05,bottom,blur,0,0,0,0.6248532185914565,0.6317915044710746,-0.006938285879618089,-0.011103847382607644,0.0,GunPoint,HYDRA
13,0.05,random,blur,0,0,0,0.6248532185914565,,-0.025684526269673658,-0.04110482974344255,0.0,GunPoint,HYDRA
13,0.1,top,blur,0,0,0,0.6248532185914565,0.7114612221117299,-0.08660800352027342,-0.13860513531540972,0.0,GunPoint,HYDRA
13,0.1,bottom,blur,0,0,0,0.6248532185914565,0.6521434332349291,-0.027290214643472588,-0.04367453052487997,0.0,GunPoint,HYDRA
13,0.1,random,blur,0,0,0,0.6248532185914565,,-0.03465617657769062,-0.05546281924096218,0.0,GunPoint,HYDRA
13,0.2,top,blur,0,0,0,0.6248532185914565,0.7679126997981855,-0.14305948120672907,-0.22894857224331955,0.0,GunPoint,HYDRA
13,0.2,bottom,blur,0,0,0,0.6248532185914565,0.6710353302581428,-0.04618211166668629,-0.07390861787056474,0.0,GunPoint,HYDRA
13,0.2,random,blur,0,0,0,0.6248532185914565,,-0.09671826329942965,-0.15478532499540693,0.0,GunPoint,HYDRA
14,0.05,top,blur,0,0,0,1.1142531905086848,1.1448645358689382,-0.03061134536025345,-0.027472497407686314,0.0,GunPoint,HYDRA
14,0.05,bottom,blur,0,0,0,1.1142531905086848,1.1294456984108996,-0.015192507902214825,-0.013634687696600959,0.0,GunPoint,HYDRA
14,0.05,random,blur,0,0,0,1.1142531905086848,,-0.003706597240581777,-0.0033265275303919865,0.0,GunPoint,HYDRA
14,0.1,top,blur,0,0,0,1.1142531905086848,1.1636729029473007,-0.04941971243861598,-0.04435227873458089,0.0,GunPoint,HYDRA
14,0.1,bottom,blur,0,0,0,1.1142531905086848,1.1515082729073562,-0.03725508239867148,-0.033434994201514835,0.0,GunPoint,HYDRA
14,0.1,random,blur,0,0,0,1.1142531905086848,,-0.04042345728823386,-0.036278488008000716,0.0,GunPoint,HYDRA
14,0.2,top,blur,0,0,0,1.1142531905086848,1.222337650380094,-0.10808445987140924,-0.0970016184745655,0.0,GunPoint,HYDRA
14,0.2,bottom,blur,0,0,0,1.1142531905086848,1.2140030812489495,-0.09974989074026475,-0.08952166533448391,0.0,GunPoint,HYDRA
14,0.2,random,blur,0,0,0,1.1142531905086848,,-0.07177365945000944,-0.06441408079178323,0.0,GunPoint,HYDRA
15,0.05,top,blur,0,0,0,0.9850215710840534,1.0057098589915727,-0.02068828790751931,-0.02100285670078716,0.0,GunPoint,HYDRA
15,0.05,bottom,blur,0,0,0,0.9850215710840534,0.9982245492774132,-0.013202978193359804,-0.01340373163107262,0.0,GunPoint,HYDRA
15,0.05,random,blur,0,0,0,0.9850215710840534,,-0.007292709231000294,-0.007403596064782962,0.0,GunPoint,HYDRA
15,0.1,top,blur,0,0,0,0.9850215710840534,1.0181556549917086,-0.033134083907655154,-0.033637893059841134,0.0,GunPoint,HYDRA
15,0.1,bottom,blur,0,0,0,0.9850215710840534,1.0377718024212337,-0.052750231337180264,-0.053552307211728864,0.0,GunPoint,HYDRA
15,0.1,random,blur,0,0,0,0.9850215710840534,,-0.04051532944429479,-0.041131371639236844,0.0,GunPoint,HYDRA
15,0.2,top,blur,0,0,0,0.9850215710840534,1.0075765338135578,-0.022554962729504413,-0.02289791461801921,0.0,GunPoint,HYDRA
15,0.2,bottom,blur,0,0,0,0.9850215710840534,1.0324552581250572,-0.047433687041003814,-0.048154923992047516,0.0,GunPoint,HYDRA
15,0.2,random,blur,0,0,0,0.9850215710840534,,-0.0951216443123182,-0.09656798443474583,0.0,GunPoint,HYDRA
16,0.05,top,blur,0,0,0,0.5405479723937056,0.5656743984948254,-0.025126426101119814,-0.04648316319953918,0.0,GunPoint,HYDRA
16,0.05,bottom,blur,0,0,0,0.5405479723937056,0.5764408273683699,-0.03589285497466432,-0.0664007459226506,0.0,GunPoint,HYDRA
16,0.05,random,blur,0,0,0,0.5405479723937056,,-0.01751542332120388,-0.032403027691719724,0.0,GunPoint,HYDRA
16,0.1,top,blur,0,0,0,0.5405479723937056,0.5711463220026174,-0.030598349608911835,-0.05660606378255347,0.0,GunPoint,HYDRA
16,0.1,bottom,blur,0,0,0,0.5405479723937056,0.5821884050702206,-0.04164043267651507,-0.07703359880996409,0.0,GunPoint,HYDRA
16,0.1,random,blur,0,0,0,0.5405479723937056,,-0.05145852705748979,-0.09519679008844786,0.0,GunPoint,HYDRA
16,0.2,top,blur,0,0,0,0.5405479723937056,0.5905482671844459,-0.05000029479074031,-0.09249910247599712,0.0,GunPoint,HYDRA
16,0.2,bottom,blur,0,0,0,0.5405479723937056,0.6059935408089678,-0.06544556841526228,-0.12107241296833951,0.0,GunPoint,HYDRA
16,0.2,random,blur,0,0,0,0.5405479723937056,,-0.10472380415562947,-0.1937360156136871,0.0,GunPoint,HYDRA
17,0.05,top,blur,1,1,1,0.8610489188350136,0.8369627918686567,0.024086126966356813,0.027972973969900547,0.0,GunPoint,HYDRA
17,0.05,bottom,blur,1,1,1,0.8610489188350136,0.7873920603452158,0.07365685848979775,0.085543075817781,0.0,GunPoint,HYDRA
17,0.05,random,blur,1,1,1,0.8610489188350136,,0.027399626443694602,0.03182118230818237,0.0,GunPoint,HYDRA
17,0.1,top,blur,1,1,1,0.8610489188350136,0.8093999935956911,0.05164892523932241,0.059983659610818564,0.0,GunPoint,HYDRA
17,0.1,bottom,blur,1,1,1,0.8610489188350136,0.8526584695139503,0.008390449321063254,0.00974444005803449,0.0,GunPoint,HYDRA
17,0.1,random,blur,1,1,1,0.8610489188350136,,0.05805018265293114,0.0674179061900059,0.0,GunPoint,HYDRA
17,0.2,top,blur,1,1,1,0.8610489188350136,0.7757906677834486,0.08525825105156493,0.09901661818506172,0.0,GunPoint,HYDRA
17,0.2,bottom,blur,1,1,1,0.8610489188350136,0.7066860479122766,0.15436287092273693,0.1792728476550899,0.0,GunPoint,HYDRA
17,0.2,random,blur,1,1,1,0.8610489188350136,,0.12381917146522389,0.14380022430377695,0.0,GunPoint,HYDRA
18,0.05,top,blur,1,1,1,0.846265852004746,0.8021561118267175,0.04410974017802849,0.05212273182334349,0.0,GunPoint,HYDRA
18,0.05,bottom,blur,1,1,1,0.846265852004746,0.8334914755673722,0.01277437643737378,0.015094974365487896,0.0,GunPoint,HYDRA
18,0.05,random,blur,1,1,1,0.846265852004746,,0.0017874429853377727,0.002112150536327222,0.0,GunPoint,HYDRA
18,0.1,top,blur,1,1,1,0.846265852004746,0.8087276561493824,0.037538195855363665,0.04435739833887898,0.0,GunPoint,HYDRA
18,0.1,bottom,blur,1,1,1,0.846265852004746,0.817603455555597,0.02866239644914903,0.033869217943784335,0.0,GunPoint,HYDRA
18,0.1,random,blur,1,1,1,0.846265852004746,,0.037156909248053885,0.04390684706606646,0.0,GunPoint,HYDRA
18,0.2,top,blur,1,1,1,0.846265852004746,0.698108768621139,0.148157083383607,0.1750713537138237,0.0,GunPoint,HYDRA
18,0.2,bottom,blur,1,1,1,0.846265852004746,0.7550351090778317,0.09123074292691435,0.1078037532851431,0.0,GunPoint,HYDRA
18,0.2,random,blur,1,1,1,0.846265852004746,,0.07287736486828718,0.08611629380927054,0.0,GunPoint,HYDRA
19,0.05,top,blur,1,1,1,1.119695382736264,1.0825629669695556,0.03713241576670834,0.033162932683559986,0.0,GunPoint,HYDRA
19,0.05,bottom,blur,1,1,1,1.119695382736264,1.095941188598114,0.02375419413814983,0.02121485297657245,0.0,GunPoint,HYDRA
19,0.05,random,blur,1,1,1,1.119695382736264,,0.013769870263728067,0.012297860809443607,0.0,GunPoint,HYDRA
19,0.1,top,blur,1,1,1,1.119695382736264,1.0607579259221456,0.05893745681411833,0.052636998496047305,0.0,GunPoint,HYDRA
19,0.1,bottom,blur,1,1,1,1.119695382736264,1.0665091336992774,0.053186249036986544,0.047500599141896284,0.0,GunPoint,HYDRA
19,0.1,random,blur,1,1,1,1.119695382736264,,0.05164332515456867,0.046122614979218754,0.0,GunPoint,HYDRA
19,0.2,top,blur,1,1,1,1.119695382736264,0.9935328883366535,0.12616249439961036,0.11267562916591738,0.0,GunPoint,HYDRA
19,0.2,bottom,blur,1,1,1,1.119695382736264,0.9585019177265135,0.1611934650097504,0.1439617627555722,0.0,GunPoint,HYDRA
19,0.2,random,blur,1,1,1,1.119695382736264,,0.07479334917393318,0.0667978840756425,0.0,GunPoint,HYDRA
20,0.05,top,blur,0,0,0,0.9178766738951197,0.9548191350223033,-0.03694246112718358,-0.04024769550218384,0.0,GunPoint,HYDRA
20,0.05,bottom,blur,0,0,0,0.9178766738951197,0.9396175743724863,-0.021740900477366543,-0.0236860543574467,0.0,GunPoint,HYDRA
20,0.05,random,blur,0,0,0,0.9178766738951197,,-0.020562730995599465,-0.02240247429522841,0.0,GunPoint,HYDRA
20,0.1,top,blur,0,0,0,0.9178766738951197,0.9864484977409912,-0.06857182384587146,-0.07470693077747388,0.0,GunPoint,HYDRA
20,0.1,bottom,blur,0,0,0,0.9178766738951197,0.9602533660875187,-0.042376692192398924,-0.04616812609960164,0.0,GunPoint,HYDRA
20,0.1,random,blur,0,0,0,0.9178766738951197,,-0.024584603730981057,-0.026784183154443076,0.0,GunPoint,HYDRA
20,0.2,top,blur,0,0,0,0.9178766738951197,1.0269823022220175,-0.10910562832689774,-0.11886728638239497,0.0,GunPoint,HYDRA
20,0.2,bottom,blur,0,0,0,0.9178766738951197,0.9968508961267141,-0.07897422223159434,-0.08604002960052196,0.0,GunPoint,HYDRA
20,0.2,random,blur,0,0,0,0.9178766738951197,,-0.08694949452062813,-0.09472884785578009,0.0,GunPoint,HYDRA
21,0.05,top,blur,1,1,1,1.0747405955453782,1.0466032010877708,0.028137394457607323,0.026180613623062565,0.0,GunPoint,HYDRA
21,0.05,bottom,blur,1,1,1,1.0747405955453782,1.0792563935706578,-0.0045157980252796825,-0.004201752350515604,0.0,GunPoint,HYDRA
21,0.05,random,blur,1,1,1,1.0747405955453782,,0.016796665494229,0.015628561845794687,0.0,GunPoint,HYDRA
21,0.1,top,blur,1,1,1,1.0747405955453782,1.0157407462359729,0.05899984930940527,0.05489677663351791,0.0,GunPoint,HYDRA
21,0.1,bottom,blur,1,1,1,1.0747405955453782,1.0452901038597302,0.02945049168564795,0.02740239310334247,0.0,GunPoint,HYDRA
21,0.1,random,blur,1,1,1,1.0747405955453782,,0.047051858508069366,0.043779694303348216,0.0,GunPoint,HYDRA
21,0.2,top,blur,1,1,1,1.0747405955453782,1.0357922778517206,0.038948317693657586,0.03623970436716302,0.0,GunPoint,HYDRA
21,0.2,bottom,blur,1,1,1,1.0747405955453782,0.9937600333882454,0.08098056215713278,0.07534886757224574,0.0,GunPoint,HYDRA
21,0.2,random,blur,1,1,1,1.0747405955453782,,0.07759362514695747,0.07219747097215731,0.0,GunPoint,HYDRA
22,0.05,top,blur,0,0,0,0.5287625153137839,0.5239523539493439,0.004810161364440013,0.009096999367638898,0.0,GunPoint,HYDRA
22,0.05,bottom,blur,0,0,0,0.5287625153137839,0.5740107783298352,-0.04524826301605123,-0.08557372380202814,0.0,GunPoint,HYDRA
22,0.05,random,blur,0,0,0,0.5287625153137839,,0.004537658456515725,0.008581640610780311,0.0,GunPoint,HYDRA
22,0.1,top,blur,0,0,0,0.5287625153137839,0.5070520995751313,0.021710415738652622,0.04105883842187753,0.0,GunPoint,HYDRA
22,0.1,bottom,blur,0,0,0,0.5287625153137839,0.5539964976040689,-0.02523398229028495,-0.04772262374288505,0.0,GunPoint,HYDRA
22,0.1,random,blur,0,0,0,0.5287625153137839,,-0.022384808830056602,-0.04233425374814825,0.0,GunPoint,HYDRA
22,0.2,top,blur,0,0,0,0.5287625153137839,0.5391965211751553,-0.010434005861371332,-0.0197328400299697,0.0,GunPoint,HYDRA
22,0.2,bottom,blur,0,0,0,0.5287625153137839,0.5844958724581045,-0.055733357144320594,-0.10540318219808863,0.0,GunPoint,HYDRA
22,0.2,random,blur,0,0,0,0.5287625153137839,,-0.0359410891179925,-0.06797195358054156,0.0,GunPoint,HYDRA
23,0.05,top,blur,0,0,0,0.5274105100033608,0.5721706633820948,-0.04476015337873396,-0.08486760817648582,0.0,GunPoint,HYDRA
23,0.05,bottom,blur,0,0,0,0.5274105100033608,0.5359398577282161,-0.008529347724855252,-0.016172092499082736,0.0,GunPoint,HYDRA
23,0.05,random,blur,0,0,0,0.5274105100033608,,-0.00916641994013483,-0.01738001497175596,0.0,GunPoint,HYDRA
23,0.1,top,blur,0,0,0,0.5274105100033608,0.5984487378512142,-0.07103822784785341,-0.1346922213498919,0.0,GunPoint,HYDRA
23,0.1,bottom,blur,0,0,0,0.5274105100033608,0.522085105687549,0.005325404315811855,0.010097247054350254,0.0,GunPoint,HYDRA
23,0.1,random,blur,0,0,0,0.5274105100033608,,-0.04748843374779097,-0.0900405714457926,0.0,GunPoint,HYDRA
23,0.2,top,blur,0,0,0,0.5274105100033608,0.693735050935591,-0.16632454093223015,-0.31536008937531584,0.0,GunPoint,HYDRA
23,0.2,bottom,blur,0,0,0,0.5274105100033608,0.5707813595894756,-0.04337084958611481,-0.08223341501560791,0.0,GunPoint,HYDRA
23,0.2,random,blur,0,0,0,0.5274105100033608,,-0.051851149993865885,-0.09831251121829987,0.0,GunPoint,HYDRA
24,0.05,top,blur,0,0,0,0.7139477033227121,0.7498181886081813,-0.03587048528546921,-0.05024238452780744,0.0,GunPoint,HYDRA
24,0.05,bottom,blur,0,0,0,0.7139477033227121,0.7730591713279495,-0.05911146800523748,-0.08279511921533457,0.0,GunPoint,HYDRA
24,0.05,random,blur,0,0,0,0.7139477033227121,,-0.02457463148849901,-0.0344207243099243,0.0,GunPoint,HYDRA
24,0.1,top,blur,0,0,0,0.7139477033227121,0.7568973582238797,-0.042949654901167644,-0.06015790028230356,0.0,GunPoint,HYDRA
24,0.1,bottom,blur,0,0,0,0.7139477033227121,0.7900976443420612,-0.07614994101934913,-0.10666024136600831,0.0,GunPoint,HYDRA
24,0.1,random,blur,0,0,0,0.7139477033227121,,-0.034434656004262945,-0.04823127466161687,0.0,GunPoint,HYDRA
24,0.2,top,blur,0,0,0,0.7139477033227121,0.7457471976877074,-0.031799494364995295,-0.04454030691140789,0.0,GunPoint,HYDRA
24,0.2,bottom,blur,0,0,0,0.7139477033227121,0.8114164012135416,-0.09746869789082957,-0.13652058955665997,0.0,GunPoint,HYDRA
24,0.2,random,blur,0,0,0,0.7139477033227121,,-0.0924355828915665,-0.12947090240709447,0.0,GunPoint,HYDRA
25,0.05,top,blur,1,1,1,0.9209031385096422,0.871299865931318,0.0496032725783242,0.05386366561301411,0.0,GunPoint,HYDRA
25,0.05,bottom,blur,1,1,1,0.9209031385096422,0.8711078787076253,0.049795259802016933,0.05407214249531311,0.0,GunPoint,HYDRA
25,0.05,random,blur,1,1,1,0.9209031385096422,,-0.013948768779435872,-0.015146819518055432,0.0,GunPoint,HYDRA
25,0.1,top,blur,1,1,1,0.9209031385096422,0.8380105145110027,0.0828926239986395,0.09001221791965221,0.0,GunPoint,HYDRA
25,0.1,bottom,blur,1,1,1,0.9209031385096422,0.9028023149150657,0.018100823594576543,0.019655491638760857,0.0,GunPoint,HYDRA
25,0.1,random,blur,1,1,1,0.9209031385096422,,0.015503558805341489,0.016835149454786775,0.0,GunPoint,HYDRA
25,0.2,top,blur,1,1,1,0.9209031385096422,0.8502503386374906,0.07065279987215167,0.07672112320669293,0.0,GunPoint,HYDRA
25,0.2,bottom,blur,1,1,1,0.9209031385096422,0.8135393780334488,0.10736376047619345,0.11658516449925728,0.0,GunPoint,HYDRA
25,0.2,random,blur,1,1,1,0.9209031385096422,,0.06227067971999327,0.06761906817008105,0.0,GunPoint,HYDRA
26,0.05,top,blur,0,0,0,0.9329414233748464,0.9592006627279253,-0.026259239353078834,-0.028146688043285763,0.0,GunPoint,HYDRA
26,0.05,bottom,blur,0,0,0,0.9329414233748464,0.9482974402771857,-0.015356016902339231,-0.01645976913215077,0.0,GunPoint,HYDRA
26,0.05,random,blur,0,0,0,0.9329414233748464,,-0.018759856677366037,-0.020108268428295627,0.0,GunPoint,HYDRA
26,0.1,top,blur,0,0,0,0.9329414233748464,0.9601761205797196,-0.02723469720487315,-0.029192259374757293,0.0,GunPoint,HYDRA
26,0.1,bottom,blur,0,0,0,0.9329414233748464,0.92178223258325,0.01115919079159644,0.011961285618493946,0.0,GunPoint,HYDRA
26,0.1,random,blur,0,0,0,0.9329414233748464,,-0.04981403385109109,-0.05339454247443557,0.0,GunPoint,HYDRA
26,0.2,top,blur,0,0,0,0.9329414233748464,0.981184844917877,-0.04824342154303063,-0.051711038467426335,0.0,GunPoint,HYDRA
26,0.2,bottom,blur,0,0,0,0.9329414233748464,1.0189885137455,-0.0860470903706535,-0.09223194080872094,0.0,GunPoint,HYDRA
26,0.2,random,blur,0,0,0,0.9329414233748464,,-0.09732646493310719,-0.10432204870803954,0.0,GunPoint,HYDRA
27,0.05,top,blur,0,0,0,1.0135086264899276,1.060098566574534,-0.046589940084606374,-0.0459689171833134,0.0,GunPoint,HYDRA
27,0.05,bottom,blur,0,0,0,1.0135086264899276,1.0119482403920028,0.0015603860979247486,0.0015395868545706962,0.0,GunPoint,HYDRA
27,0.05,random,blur,0,0,0,1.0135086264899276,,-0.029654932141297996,-0.029259645262572864,0.0,GunPoint,HYDRA
27,0.1,top,blur,0,0,0,1.0135086264899276,1.0808440396824504,-0.06733541319252279,-0.06643786248555379,0.0,GunPoint,HYDRA
27,0.1,bottom,blur,0,0,0,1.0135086264899276,1.016478213546651,-0.002969587056723455,-0.002930003799774434,0.0,GunPoint,HYDRA
27,0.1,random,blur,0,0,0,1.0135086264899276,,-0.023488012384062416,-0.023174927766012536,0.0,GunPoint,HYDRA
27,0.2,top,blur,0,0,0,1.0135086264899276,1.1190731577470803,-0.1055645312571527,-0.10415740363784481,0.0,GunPoint,HYDRA
27,0.2,bottom,blur,0,0,0,1.0135086264899276,1.1523958591906998,-0.1388872327007722,-0.13703592849115626,0.0,GunPoint,HYDRA
27,0.2,random,blur,0,0,0,1.0135086264899276,,-0.07591669240787557,-0.07490475711690742,0.0,GunPoint,HYDRA
28,0.05,top,blur,1,1,1,1.141210559358333,1.126851185507586,0.014359373850747037,0.01258256957966747,0.0,GunPoint,HYDRA
28,0.05,bottom,blur,1,1,1,1.141210559358333,1.1114468070386312,0.029763752319701853,0.026080836699934117,0.0,GunPoint,HYDRA
28,0.05,random,blur,1,1,1,1.141210559358333,,0.0002454419579257294,0.00021507139137613823,0.0,GunPoint,HYDRA
28,0.1,top,blur,1,1,1,1.141210559358333,1.0007856326310602,0.1404249267272728,0.12304898734659618,0.0,GunPoint,HYDRA
28,0.1,bottom,blur,1,1,1,1.141210559358333,1.0875047557565212,0.053705803601811875,0.047060339655172215,0.0,GunPoint,HYDRA
28,0.1,random,blur,1,1,1,1.141210559358333,,0.040054096944661444,0.03509787174534281,0.0,GunPoint,HYDRA
28,0.2,top,blur,1,1,1,1.141210559358333,0.9791223355095161,0.16208822384881694,0.1420317052694016,0.0,GunPoint,HYDRA
28,0.2,bottom,blur,1,1,1,1.141210559358333,1.052716457070509,0.08849410228782406,0.07754399397915447,0.0,GunPoint,HYDRA
28,0.2,random,blur,1,1,1,1.141210559358333,,0.09216807260126866,0.08076335351272804,0.0,GunPoint,HYDRA
29,0.05,top,blur,0,0,0,0.409910778100228,0.42625781467084656,-0.016347036570618534,-0.03987940196883413,0.0,GunPoint,HYDRA
29,0.05,bottom,blur,0,0,0,0.409910778100228,0.4335248126497384,-0.023614034549510388,-0.05760760195511263,0.0,GunPoint,HYDRA
29,0.05,random,blur,0,0,0,0.409910778100228,,-0.019830550770599187,-0.04837760667064901,0.0,GunPoint,HYDRA
29,0.1,top,blur,0,0,0,0.409910778100228,0.4506581954327512,-0.040747417332523184,-0.09940533429259012,0.0,GunPoint,HYDRA
29,0.1,bottom,blur,0,0,0,0.409910778100228,0.4363521118143433,-0.026441333714115278,-0.06450493771284141,0.0,GunPoint,HYDRA
29,0.1,random,blur,0,0,0,0.409910778100228,,-0.05083331711080792,-0.12401038424999491,0.0,GunPoint,HYDRA
29,0.2,top,blur,0,0,0,0.409910778100228,0.48182988716934927,-0.07191910906912125,-0.17545021370802433,0.0,GunPoint,HYDRA
29,0.2,bottom,blur,0,0,0,0.409910778100228,0.46516797792731734,-0.05525719982708932,-0.13480266432739174,0.0,GunPoint,HYDRA
29,0.2,random,blur,0,0,0,0.409910778100228,,-0.07218528936872373,-0.17609957367722578,0.0,GunPoint,HYDRA
30,0.05,top,blur,0,0,0,0.5528261502931119,0.5783745223188496,-0.025548372025737676,-0.0462140327445781,0.0,GunPoint,HYDRA
30,0.05,bottom,blur,0,0,0,0.5528261502931119,0.5707937795317752,-0.017967629238663352,-0.0325013509722466,0.0,GunPoint,HYDRA
30,0.05,random,blur,0,0,0,0.5528261502931119,,-0.015677206806376187,-0.02835824325571573,0.0,GunPoint,HYDRA
30,0.1,top,blur,0,0,0,0.5528261502931119,0.5754243660830665,-0.02259821578995458,-0.0408775433297241,0.0,GunPoint,HYDRA
30,0.1,bottom,blur,0,0,0,0.5528261502931119,0.5894265951405947,-0.036600444847482816,-0.06620594670156317,0.0,GunPoint,HYDRA
30,0.1,random,blur,0,0,0,0.5528261502931119,,-0.03304289706257333,-0.05977075663714021,0.0,GunPoint,HYDRA
30,0.2,top,blur,0,0,0,0.5528261502931119,0.7430449435477653,-0.1902187932546534,-0.3440836672978134,0.0,GunPoint,HYDRA
30,0.2,bottom,blur,0,0,0,0.5528261502931119,0.5810821446284056,-0.028255994335293688,-0.05111180650283223,0.0,GunPoint,HYDRA
30,0.2,random,blur,0,0,0,0.5528261502931119,,-0.11043450131299452,-0.19976316513116546,0.0,GunPoint,HYDRA
31,0.05,top,blur,1,1,1,1.0805609044507622,1.0698322710469566,0.010728633403805699,0.009928754067319212,0.0,GunPoint,HYDRA
31,0.05,bottom,blur,1,1,1,1.0805609044507622,1.0730710231670273,0.007489881283734956,0.006931468944893057,0.0,GunPoint,HYDRA
31,0.05,random,blur,1,1,1,1.0805609044507622,,0.0017073545793866885,0.0015800617922529093,0.0,GunPoint,HYDRA
31,0.1,top,blur,1,1,1,1.0805609044507622,1.0653474777034184,0.015213426747343828,0.014079181104461245,0.0,GunPoint,HYDRA
31,0.1,bottom,blur,1,1,1,1.0805609044507622,1.0310327764246492,0.04952812802611306,0.04583553040516237,0.0,GunPoint,HYDRA
31,0.1,random,blur,1,1,1,1.0805609044507622,,0.019941049127346934,0.01845433292179845,0.0,GunPoint,HYDRA
31,0.2,top,blur,1,1,1,1.0805609044507622,1.0161193825591546,0.06444152189160768,0.05963704774911772,0.0,GunPoint,HYDRA
31,0.2,bottom,blur,1,1,1,1.0805609044507622,1.0354612203159672,0.04509968413479504,0.041737251654932916,0.0,GunPoint,HYDRA
31,0.2,random,blur,1,1,1,1.0805609044507622,,0.05665161495585021,0.05242792173452164,0.0,GunPoint,HYDRA
32,0.05,top,blur,1,1,1,0.8667923776287295,0.8349868593543521,0.03180551827437739,0.03669331018816405,0.0,GunPoint,HYDRA
32,0.05,bottom,blur,1,1,1,0.8667923776287295,0.849653005957879,0.017139371670850556,0.019773307126247797,0.0,GunPoint,HYDRA
32,0.05,random,blur,1,1,1,0.8667923776287295,,0.01781980749725163,0.020558310616078934,0.0,GunPoint,HYDRA
32,0.1,top,blur,1,1,1,0.8667923776287295,0.8063420837285336,0.06045029390019596,0.06974014276109111,0.0,GunPoint,HYDRA
32,0.1,bottom,blur,1,1,1,0.8667923776287295,0.7943841145256009,0.07240826310312864,0.08353578254279535,0.0,GunPoint,HYDRA
32,0.1,random,blur,1,1,1,0.8667923776287295,,0.02940511353430486,0.03392401729550343,0.0,GunPoint,HYDRA
32,0.2,top,blur,1,1,1,0.8667923776287295,0.7763842905331299,0.09040808709559967,0.10430177413552395,0.0,GunPoint,HYDRA
32,0.2,bottom,blur,1,1,1,0.8667923776287295,0.8355168376357299,0.03127553999299959,0.03608188617979466,0.0,GunPoint,HYDRA
32,0.2,random,blur,1,1,1,0.8667923776287295,,0.05953575444184691,0.06868505918298287,0.0,GunPoint,HYDRA
33,0.05,top,blur,0,0,0,0.7453387666452725,0.7499028554708561,-0.004564088825583568,-0.006123501025748625,0.0,GunPoint,HYDRA
33,0.05,bottom,blur,0,0,0,0.7453387666452725,0.7512600418288081,-0.005921275183535579,-0.007944397238036643,0.0,GunPoint,HYDRA
33,0.05,random,blur,0,0,0,0.7453387666452725,,0.0017471487223358118,0.0023440970152439583,0.0,GunPoint,HYDRA
33,0.1,top,blur,0,0,0,0.7453387666452725,0.7877081258184239,-0.04236935917315132,-0.05684569785381658,0.0,GunPoint,HYDRA
33,0.1,bottom,blur,0,0,0,0.7453387666452725,0.7868438246791314,-0.041505058033858844,-0.055686090949729546,0.0,GunPoint,HYDRA
33,0.1,random,blur,0,0,0,0.7453387666452725,,-0.03783843082308913,-0.05076668724305096,0.0,GunPoint,HYDRA
33,0.2,top,blur,0,0,0,0.7453387666452725,0.8535412387049297,-0.10820247205965716,-0.1451720100037996,0.0,GunPoint,HYDRA
33,0.2,bottom,blur,0,0,0,0.7453387666452725,0.7922597158529644,-0.04692094920769185,-0.06295242962666556,0.0,GunPoint,HYDRA
33,0.2,random,blur,0,0,0,0.7453387666452725,,-0.0645252801416994,-0.0865716321995318,0.0,GunPoint,HYDRA
34,0.05,top,blur,0,0,0,1.0250502070876886,1.0410189271610502,-0.015968720073361586,-0.015578460825123963,0.0,GunPoint,HYDRA
34,0.05,bottom,blur,0,0,0,1.0250502070876886,1.0322218375966197,-0.007171630508931104,-0.006996363166389212,0.0,GunPoint,HYDRA
34,0.05,random,blur,0,0,0,1.0250502070876886,,0.001979745215989892,0.0019313622600519841,0.0,GunPoint,HYDRA
34,0.1,top,blur,0,0,0,1.0250502070876886,1.059002107271984,-0.03395190018429539,-0.03312215033701332,0.0,GunPoint,HYDRA
34,0.1,bottom,blur,0,0,0,1.0250502070876886,1.0297722802472842,-0.004722073159595608,-0.004606670502844114,0.0,GunPoint,HYDRA
34,0.1,random,blur,0,0,0,1.0250502070876886,,-0.023594200201631076,-0.023017581988577375,0.0,GunPoint,HYDRA
34,0.2,top,blur,0,0,0,1.0250502070876886,1.0394800968339368,-0.014429889746248259,-0.014077237943307789,0.0,GunPoint,HYDRA
34,0.2,bottom,blur,0,0,0,1.0250502070876886,1.0103388966421598,0.014711310445528758,0.014351781007434365,0.0,GunPoint,HYDRA
34,0.2,random,blur,0,0,0,1.0250502070876886,,-0.1327636496569864,-0.1295190413308094,0.0,GunPoint,HYDRA
35,0.05,top,blur,0,0,0,1.1228237479740326,1.1158888169991956,0.006934930974836995,0.006176325368095092,0.0,GunPoint,HYDRA
35,0.05,bottom,blur,0,0,0,1.1228237479740326,1.178742250224222,-0.05591850225018935,-0.0498016296408552,0.0,GunPoint,HYDRA
35,0.05,random,blur,0,0,0,1.1228237479740326,,-0.0191991018515413,-0.017098930074513567,0.0,GunPoint,HYDRA
35,0.1,top,blur,0,0,0,1.1228237479740326,1.1389955327270154,-0.016171784752982754,-0.014402768359142684,0.0,GunPoint,HYDRA
35,0.1,bottom,blur,0,0,0,1.1228237479740326,1.1709816587653166,-0.04815791079128395,-0.04288996201604713,0.0,GunPoint,HYDRA
35,0.1,random,blur,0,0,0,1.1228237479740326,,-0.020613737184365145,-0.018358819772684488,0.0,GunPoint,HYDRA
35,0.2,top,blur,0,0,0,1.1228237479740326,1.2439070835265598,-0.12108333555252715,-0.1078381428366303,0.0,GunPoint,HYDRA
35,0.2,bottom,blur,0,0,0,1.1228237479740326,1.1823471217539046,-0.059523373779871935,-0.053012167648845344,0.0,GunPoint,HYDRA
35,0.2,random,blur,0,0,0,1.1228237479740326,,-0.09450358354337669,-0.08416592501536338,0.0,GunPoint,HYDRA
36,0.05,top,blur,0,0,0,0.7339249155793455,0.7518438405969361,-0.017918925017590626,-0.024415168666507447,0.0,GunPoint,HYDRA
36,0.05,bottom,blur,0,0,0,0.7339249155793455,0.7406188287757937,-0.006693913196448187,-0.009120693321156474,0.0,GunPoint,HYDRA
36,0.05,random,blur,0,0,0,0.7339249155793455,,-0.02365153630982948,-0.03222605416673352,0.0,GunPoint,HYDRA
36,0.1,top,blur,0,0,0,0.7339249155793455,0.732182299286609,0.0017426162927364208,0.002374376290229289,0.0,GunPoint,HYDRA
36,0.1,bottom,blur,0,0,0,0.7339249155793455,0.7590754443032838,-0.025150528723938304,-0.03426848431164201,0.0,GunPoint,HYDRA
36,0.1,random,blur,0,0,0,0.7339249155793455,,-0.02011625226581366,-0.02740910470498146,0.0,GunPoint,HYDRA
36,0.2,top,blur,0,0,0,0.7339249155793455,0.787042309799304,-0.053117394219958536,-0.07237432701641118,0.0,GunPoint,HYDRA
36,0.2,bottom,blur,0,0,0,0.7339249155793455,0.8158612480692955,-0.08193633248995003,-0.11164114899154533,0.0,GunPoint,HYDRA
36,0.2,random,blur,0,0,0,0.7339249155793455,,-0.04339969399696799,-0.05913361699826227,0.0,GunPoint,HYDRA
37,0.05,top,blur,0,0,0,0.8260783368979397,0.8924375529624261,-0.06635921606448636,-0.08033031828840538,0.0,GunPoint,HYDRA
37,0.05,bottom,blur,0,0,0,0.8260783368979397,0.8376720900758148,-0.011593753177875032,-0.014034672772970491,0.0,GunPoint,HYDRA
37,0.05,random,blur,0,0,0,0.8260783368979397,,-0.016079730617736886,-0.019465116605045286,0.0,GunPoint,HYDRA
37,0.1,top,blur,0,0,0,0.8260783368979397,0.8913481956014476,-0.06526985870350788,-0.07901161037220306,0.0,GunPoint,HYDRA
37,0.1,bottom,blur,0,0,0,0.8260783368979397,0.872696381468001,-0.046618044570061246,-0.05643289026586656,0.0,GunPoint,HYDRA
37,0.1,random,blur,0,0,0,0.8260783368979397,,-0.054255998960907784,-0.06567892033790332,0.0,GunPoint,HYDRA
37,0.2,top,blur,0,0,0,0.8260783368979397,0.9648000293817892,-0.13872169248384947,-0.16792780824753667,0.0,GunPoint,HYDRA
37,0.2,bottom,blur,0,0,0,0.8260783368979397,0.8532957407864651,-0.027217403888525338,-0.032947687555932643,0.0,GunPoint,HYDRA
37,0.2,random,blur,0,0,0,0.8260783368979397,,-0.09906433806144774,-0.1199210943024555,0.0,GunPoint,HYDRA
38,0.05,top,blur,0,0,0,0.7148680617572734,0.7718411257554281,-0.056973063998154716,-0.07969720197165191,0.0,GunPoint,HYDRA
38,0.05,bottom,blur,0,0,0,0.7148680617572734,0.7201531170367873,-0.0052850552795139505,-0.007393039595981897,0.0,GunPoint,HYDRA
38,0.05,random,blur,0,0,0,0.7148680617572734,,-0.016875593526945364,-0.02360655178650787,0.0,GunPoint,HYDRA
38,0.1,top,blur,0,0,0,0.7148680617572734,0.8199310788909502,-0.10506301713367683,-0.14696819705053893,0.0,GunPoint,HYDRA
38,0.1,bottom,blur,0,0,0,0.7148680617572734,0.7786354290013746,-0.06376736724410126,-0.08920146451344516,0.0,GunPoint,HYDRA
38,0.1,random,blur,0,0,0,0.7148680617572734,,-0.03392903904654669,-0.047461893179630926,0.0,GunPoint,HYDRA
38,0.2,top,blur,0,0,0,0.7148680617572734,0.8631323635081299,-0.1482643017508566,-0.20740064115573412,0.0,GunPoint,HYDRA
38,0.2,bottom,blur,0,0,0,0.7148680617572734,0.7767818728116465,-0.0619138110543731,-0.08660860340238828,0.0,GunPoint,HYDRA
38,0.2,random,blur,0,0,0,0.7148680617572734,,-0.11434723917016862,-0.15995550134605502,0.0,GunPoint,HYDRA
39,0.05,top,blur,1,1,1,0.7349235652762102,0.6831215455689955,0.05180201970721465,0.07048617253356561,0.0,GunPoint,HYDRA
39,0.05,bottom,blur,1,1,1,0.7349235652762102,0.7297799179085471,0.00514364736766304,0.006998877994682187,0.0,GunPoint,HYDRA
39,0.05,random,blur,1,1,1,0.7349235652762102,,0.0037128878155404444,0.00505206655344962,0.0,GunPoint,HYDRA
39,0.1,top,blur,1,1,1,0.7349235652762102,0.5911652672722014,0.14375829800400874,0.19560959695227956,0.0,GunPoint,HYDRA
39,0.1,bottom,blur,1,1,1,0.7349235652762102,0.730538228177851,0.004385337098359199,0.005967057444475321,0.0,GunPoint,HYDRA
39,0.1,random,blur,1,1,1,0.7349235652762102,,0.04377112732488768,0.05955866682512778,0.0,GunPoint,HYDRA
39,0.2,top,blur,1,1,1,0.7349235652762102,0.5328871583215256,0.2020364069546846,0.27490767964566853,0.0,GunPoint,HYDRA
39,0.2,bottom,blur,1,1,1,0.7349235652762102,0.7195638570290062,0.015359708247204007,0.020899707225640628,0.0,GunPoint,HYDRA
39,0.2,random,blur,1,1,1,0.7349235652762102,,0.04815274390552578,0.06552066182116024,0.0,GunPoint,HYDRA
40,0.05,top,blur,0,0,0,0.9143904165671551,0.9289303187893211,-0.014539902222165946,-0.01590117969036961,0.0,GunPoint,HYDRA
40,0.05,bottom,blur,0,0,0,0.9143904165671551,0.9258345263072475,-0.011444109740092356,-0.012515548082304064,0.0,GunPoint,HYDRA
40,0.05,random,blur,0,0,0,0.9143904165671551,,-3.846077340459164e-05,-4.2061608090093046e-05,0.0,GunPoint,HYDRA
40,0.1,top,blur,0,0,0,0.9143904165671551,0.9454048550527484,-0.031014438485593265,-0.03391812075623906,0.0,GunPoint,HYDRA
40,0.1,bottom,blur,0,0,0,0.9143904165671551,0.9395902543512682,-0.025199837784113055,-0.02755913641306837,0.0,GunPoint,HYDRA
40,0.1,random,blur,0,0,0,0.9143904165671551,,-0.05437680912557339,-0.05946775980216107,0.0,GunPoint,HYDRA
40,0.2,top,blur,0,0,0,0.9143904165671551,0.943208429152378,-0.028818012585222874,-0.03151605763471907,0.0,GunPoint,HYDRA
40,0.2,bottom,blur,0,0,0,0.9143904165671551,0.9444387507275387,-0.03004833416038355,-0.032861566300777634,0.0,GunPoint,HYDRA
40,0.2,random,blur,0,0,0,0.9143904165671551,,-0.07263050871397894,-0.07943043580467028,0.0,GunPoint,HYDRA
41,0.05,top,blur,1,1,1,0.8602736202310949,0.8507515792087282,0.009522041022366645,0.011068606231587707,0.0,GunPoint,HYDRA
41,0.05,bottom,blur,1,1,1,0.8602736202310949,0.8461270256238799,0.014146594607215013,0.01644427753013895,0.0,GunPoint,HYDRA
41,0.05,random,blur,1,1,1,0.8602736202310949,,0.014164001516895985,0.016464511661510046,0.0,GunPoint,HYDRA
41,0.1,top,blur,1,1,1,0.8602736202310949,0.8605723795919651,-0.0002987593608702044,-0.00034728370899742326,0.0,GunPoint,HYDRA
41,0.1,bottom,blur,1,1,1,0.8602736202310949,0.8057672549672952,0.054506365263799705,0.0633592622425124,0.0,GunPoint,HYDRA
41,0.1,random,blur,1,1,1,0.8602736202310949,,0.021523614898332943,0.02501946982063829,0.0,GunPoint,HYDRA
41,0.2,top,blur,1,1,1,0.8602736202310949,0.8425247476685002,0.01774887256259472,0.020631635695386265,0.0,GunPoint,HYDRA
41,0.2,bottom,blur,1,1,1,0.8602736202310949,0.731521296340654,0.1287523238904409,0.1496642128717621,0.0,GunPoint,HYDRA
41,0.2,random,blur,1,1,1,0.8602736202310949,,0.038750434189722814,0.0450442606098426,0.0,GunPoint,HYDRA
42,0.05,top,blur,0,0,0,1.0158784396917782,1.0173823882905597,-0.001503948598781557,-0.0014804400404420637,0.0,GunPoint,HYDRA
42,0.05,bottom,blur,0,0,0,1.0158784396917782,1.0169815391310164,-0.0011030994392382532,-0.0010858566441436575,0.0,GunPoint,HYDRA
42,0.05,random,blur,0,0,0,1.0158784396917782,,-0.008869484363343162,-0.008730843461143577,0.0,GunPoint,HYDRA
42,0.1,top,blur,0,0,0,1.0158784396917782,1.0484097365588207,-0.03253129686704259,-0.03202279285907461,0.0,GunPoint,HYDRA
42,0.1,bottom,blur,0,0,0,1.0158784396917782,1.0797713958096777,-0.06389295611789958,-0.06289423097024678,0.0,GunPoint,HYDRA
42,0.1,random,blur,0,0,0,1.0158784396917782,,-0.030297721050836834,-0.02982413056812065,0.0,GunPoint,HYDRA
42,0.2,top,blur,0,0,0,1.0158784396917782,1.0976175171734142,-0.081739077481636,-0.08046139560264746,0.0,GunPoint,HYDRA
42,0.2,bottom,blur,0,0,0,1.0158784396917782,1.0909694421267944,-0.07509100243501621,-0.0739172381102615,0.0,GunPoint,HYDRA
42,0.2,random,blur,0,0,0,1.0158784396917782,,-0.06006555383104053,-0.059126655668181115,0.0,GunPoint,HYDRA
43,0.05,top,blur,0,0,0,0.9668448268685713,0.9701215248992009,-0.0032766980306295768,-0.0033890594959096786,0.0,GunPoint,HYDRA
43,0.05,bottom,blur,0,0,0,0.9668448268685713,0.9932296696398241,-0.026384842771252748,-0.02728960713075445,0.0,GunPoint,HYDRA
43,0.05,random,blur,0,0,0,0.9668448268685713,,0.0005449430229106156,0.0005636296995515634,0.0,GunPoint,HYDRA
43,0.1,top,blur,0,0,0,0.9668448268685713,0.9581965247466532,0.008648302121918139,0.008944861612454112,0.0,GunPoint,HYDRA
43,0.1,bottom,blur,0,0,0,0.9668448268685713,1.0034807687024956,-0.03663594183392427,-0.037892227298100954,0.0,GunPoint,HYDRA
43,0.1,random,blur,0,0,0,0.9668448268685713,,-0.009970587266784814,-0.010312489323222956,0.0,GunPoint,HYDRA
43,0.2,top,blur,0,0,0,0.9668448268685713,0.9754214755984069,-0.008576648729835545,-0.00887075114924338,0.0,GunPoint,HYDRA
43,0.2,bottom,blur,0,0,0,0.9668448268685713,0.9616584398479577,0.005186387020613581,0.005364233755252682,0.0,GunPoint,HYDRA
43,0.2,random,blur,0,0,0,0.9668448268685713,,-0.03907169903318795,-0.04041150920590277,0.0,GunPoint,HYDRA
44,0.05,top,blur,1,1,1,1.1216817678314805,1.0705755932683287,0.05110617456315181,0.045562057320318844,0.0,GunPoint,HYDRA
44,0.05,bottom,blur,1,1,1,1.1216817678314805,1.125667835529435,-0.0039860676979543985,-0.0035536497593348583,0.0,GunPoint,HYDRA
44,0.05,random,blur,1,1,1,1.1216817678314805,,0.01089273575181302,0.009711066323031472,0.0,GunPoint,HYDRA
44,0.1,top,blur,1,1,1,1.1216817678314805,1.0518833534123486,0.06979841441913193,0.062226519316215714,0.0,GunPoint,HYDRA
44,0.1,bottom,blur,1,1,1,1.1216817678314805,1.0411312796875667,0.08055048814391386,0.07181218295761108,0.0,GunPoint,HYDRA
44,0.1,random,blur,1,1,1,1.1216817678314805,,0.03498187405675339,0.03118695861253438,0.0,GunPoint,HYDRA
44,0.2,top,blur,1,1,1,1.1216817678314805,1.0277882537681828,0.09389351406329771,0.08370772624493425,0.0,GunPoint,HYDRA
44,0.2,bottom,blur,1,1,1,1.1216817678314805,1.0583534273307955,0.06332834050068503,0.05645833413587697,0.0,GunPoint,HYDRA
44,0.2,random,blur,1,1,1,1.1216817678314805,,0.09002076770506266,0.08025510446157377,0.0,GunPoint,HYDRA
45,0.05,top,blur,0,0,0,0.7841333930525746,0.8297634744619692,-0.04563008140939462,-0.05819165925340966,0.0,GunPoint,HYDRA
45,0.05,bottom,blur,0,0,0,0.7841333930525746,0.7999499268491368,-0.015816533796562227,-0.020170692596443426,0.0,GunPoint,HYDRA
45,0.05,random,blur,0,0,0,0.7841333930525746,,-0.012182102273717766,-0.015535732626512888,0.0,GunPoint,HYDRA
45,0.1,top,blur,0,0,0,0.7841333930525746,0.8361978677645311,-0.05206447471195652,-0.06639738694444143,0.0,GunPoint,HYDRA
45,0.1,bottom,blur,0,0,0,0.7841333930525746,0.8361571049232962,-0.052023711870721634,-0.06634540243566839,0.0,GunPoint,HYDRA
45,0.1,random,blur,0,0,0,0.7841333930525746,,-0.03180769985121281,-0.04056409224366233,0.0,GunPoint,HYDRA
45,0.2,top,blur,0,0,0,0.7841333930525746,0.868205806836242,-0.08407241378366748,-0.10721684258278745,0.0,GunPoint,HYDRA
45,0.2,bottom,blur,0,0,0,0.7841333930525746,0.8898870479316455,-0.10575365487907096,-0.13486674709851731,0.0,GunPoint,HYDRA
45,0.2,random,blur,0,0,0,0.7841333930525746,,-0.07866916699357576,-0.10032612737125682,0.0,GunPoint,HYDRA
46,0.05,top,blur,1,1,1,0.9399984241165339,0.9163562395281322,0.023642184588401727,0.02515127560915479,0.0,GunPoint,HYDRA
46,0.05,bottom,blur,1,1,1,0.9399984241165339,0.9260907096781296,0.013907714438404328,0.01479544995623333,0.0,GunPoint,HYDRA
46,0.05,random,blur,1,1,1,0.9399984241165339,,0.005450114852593013,0.005797998076132172,0.0,GunPoint,HYDRA
46,0.1,top,blur,1,1,1,0.9399984241165339,0.9070655533072777,0.03293287080925622,0.03503499040992333,0.0,GunPoint,HYDRA
46,0.1,bottom,blur,1,1,1,0.9399984241165339,0.9427820609051435,-0.0027836367886096003,-0.0029613175467908654,0.0,GunPoint,HYDRA
46,0.1,random,blur,1,1,1,0.9399984241165339,,0.012230718307424083,0.013011410426042785,0.0,GunPoint,HYDRA
46,0.2,top,blur,1,1,1,0.9399984241165339,0.9274865385731551,0.012511885543378787,0.013310524690095618,0.0,GunPoint,HYDRA
46,0.2,bottom,blur,1,1,1,0.9399984241165339,0.7801503546692807,0.15984806944725316,0.1700512418903742,0.0,GunPoint,HYDRA
46,0.2,random,blur,1,1,1,0.9399984241165339,,0.09400365501750278,0.10000394958311054,0.0,GunPoint,HYDRA
47,0.05,top,blur,1,1,1,0.6582118800603124,0.6222478876020973,0.03596399245821513,0.054638846409264634,0.0,GunPoint,HYDRA
47,0.05,bottom,blur,1,1,1,0.6582118800603124,0.6391209070933471,0.01909097296696527,0.029004253100024347,0.0,GunPoint,HYDRA
47,0.05,random,blur,1,1,1,0.6582118800603124,,0.02577042891546564,0.03915211886024515,0.0,GunPoint,HYDRA
47,0.1,top,blur,1,1,1,0.6582118800603124,0.5827154048054685,0.07549647525484393,0.11469917642439045,0.0,GunPoint,HYDRA
47,0.1,bottom,blur,1,1,1,0.6582118800603124,0.6970155523477728,-0.0388036722874604,-0.05895307348574643,0.0,GunPoint,HYDRA
47,0.1,random,blur,1,1,1,0.6582118800603124,,0.04736230887681865,0.07195591321834785,0.0,GunPoint,HYDRA
47,0.2,top,blur,1,1,1,0.6582118800603124,0.6020517791010714,0.056160100959240955,0.08532209359697576,0.0,GunPoint,HYDRA
47,0.2,bottom,blur,1,1,1,0.6582118800603124,0.6638717571366611,-0.0056598770763487405,-0.008598854941626367,0.0,GunPoint,HYDRA
47,0.2,random,blur,1,1,1,0.6582118800603124,,0.07607047988236375,0.11557124174688493,0.0,GunPoint,HYDRA
48,0.05,top,blur,0,0,0,0.40048792606853445,0.43377706273193195,-0.0332891366633975,-0.08312124130418735,0.0,GunPoint,HYDRA
48,0.05,bottom,blur,0,0,0,0.40048792606853445,0.4144275288364373,-0.013939602767902848,-0.03480646245264072,0.0,GunPoint,HYDRA
48,0.05,random,blur,0,0,0,0.40048792606853445,,-0.018194849190461417,-0.04543159125290717,0.0,GunPoint,HYDRA
48,0.1,top,blur,0,0,0,0.40048792606853445,0.46022226042793335,-0.0597343343593989,-0.14915352328412884,0.0,GunPoint,HYDRA
48,0.1,bottom,blur,0,0,0,0.40048792606853445,0.43877191686994976,-0.03828399080141531,-0.09559313206793611,0.0,GunPoint,HYDRA
48,0.1,random,blur,0,0,0,0.40048792606853445,,-0.061879342354022884,-0.15450949658326799,0.0,GunPoint,HYDRA
48,0.2,top,blur,0,0,0,0.40048792606853445,0.5400149998816296,-0.13952707381309515,-0.3483918399012569,0.0,GunPoint,HYDRA
48,0.2,bottom,blur,0,0,0,0.40048792606853445,0.45489133797445347,-0.05440341190591902,-0.135842487431498,0.0,GunPoint,HYDRA
48,0.2,random,blur,0,0,0,0.40048792606853445,,-0.08967000374188257,-0.22390133136050214,0.0,GunPoint,HYDRA
49,0.05,top,blur,1,1,1,0.9420600230794915,0.906855094108702,0.03520492897078953,0.03737011521367116,0.0,GunPoint,HYDRA
49,0.05,bottom,blur,1,1,1,0.9420600230794915,0.9401547726582209,0.0019052504212706545,0.0020224278200605362,0.0,GunPoint,HYDRA
49,0.05,random,blur,1,1,1,0.9420600230794915,,0.024517935037869386,0.02602584592420883,0.0,GunPoint,HYDRA
49,0.1,top,blur,1,1,1,0.9420600230794915,0.8593154786410656,0.08274454443842594,0.08783352926325656,0.0,GunPoint,HYDRA
49,0.1,bottom,blur,1,1,1,0.9420600230794915,0.9299960725233852,0.012063950556106318,0.012805911995669474,0.0,GunPoint,HYDRA
49,0.1,random,blur,1,1,1,0.9420600230794915,,0.01484731441506697,0.015760459302872724,0.0,GunPoint,HYDRA
49,0.2,top,blur,1,1,1,0.9420600230794915,0.7871597682859106,0.15490025479358094,0.16442698614918747,0.0,GunPoint,HYDRA
49,0.2,bottom,blur,1,1,1,0.9420600230794915,0.8719928782490899,0.07006714483040166,0.07437643965075642,0.0,GunPoint,HYDRA
49,0.2,random,blur,1,1,1,0.9420600230794915,,0.13816408618741055,0.14666150366328468,0.0,GunPoint,HYDRA
