true_label,pred_label,fraction,method_a,method_b,iou,overlap_fraction,normalised_centre_distance,score_drop_a,score_drop_b,flipped_a,flipped_b,explain_time_a_s,explain_time_b_s,dataset,sample_idx
1,1,0.05,hydra,shapley_sampling,0.2857142857142857,0.4444444444444444,0.027777777777777776,0.2692105890631835,0.2552486677203729,0,0,0.5537262309990183,0.9633662189989991,Computers,174
1,1,0.1,hydra,shapley_sampling,0.7777777777777778,0.875,0.0125,0.292172677824225,0.22632321948251255,0,0,0.5537262309990183,0.9633662189989991,Computers,174
1,1,0.2,hydra,shapley_sampling,0.9072847682119205,0.9513888888888888,0.009722222222222222,0.32907584790220484,0.2742361567864537,0,0,0.5537262309990183,0.9633662189989991,Computers,174
1,1,0.05,hydra,feature_ablation,0.2857142857142857,0.4444444444444444,0.027777777777777776,0.2692105890631835,0.25524869338245093,0,0,0.5537262309990183,0.03959486100211507,Computers,174
1,1,0.1,hydra,feature_ablation,0.7777777777777778,0.875,0.0125,0.292172677824225,0.22632321516290654,0,0,0.5537262309990183,0.03959486100211507,Computers,174
1,1,0.2,hydra,feature_ablation,0.0,0.0,0.3402777777777778,0.32907584790220484,-0.06204371394572583,0,0,0.5537262309990183,0.03959486100211507,Computers,174
1,1,0.05,hydra,tshap_centroid,0.0,0.0,0.05277777777777778,0.2692105890631835,-0.013684586230716111,0,0,0.5537262309990183,0.09100957099872176,Computers,174
1,1,0.1,hydra,tshap_centroid,0.3090909090909091,0.4722222222222222,0.05277777777777778,0.292172677824225,0.009233003389205852,0,0,0.5537262309990183,0.09100957099872176,Computers,174
1,1,0.2,hydra,tshap_centroid,0.8113207547169812,0.8958333333333334,0.020833333333333332,0.32907584790220484,0.29630268103234353,0,0,0.5537262309990183,0.09100957099872176,Computers,174
1,1,0.05,hydra,tshap_zero,0.4117647058823529,0.5833333333333334,0.020833333333333332,0.2692105890631835,0.06282824447549284,0,0,0.5537262309990183,0.1031667160023062,Computers,174
1,1,0.1,hydra,tshap_zero,0.8,0.8888888888888888,0.011111111111111112,0.292172677824225,0.2522111387396626,0,0,0.5537262309990183,0.1031667160023062,Computers,174
1,1,0.2,hydra,tshap_zero,0.0,0.0,0.7361111111111112,0.32907584790220484,0.0609255032934235,0,0,0.5537262309990183,0.1031667160023062,Computers,174
1,1,0.05,hydra,tshap_train,0.0,0.0,0.8166666666666667,0.2692105890631835,0.04787067093855113,0,0,0.5537262309990183,4.995938316002139,Computers,174
1,1,0.1,hydra,tshap_train,0.0,0.0,0.8083333333333333,0.292172677824225,0.0941707615101457,0,0,0.5537262309990183,4.995938316002139,Computers,174
1,1,0.2,hydra,tshap_train,0.0,0.0,0.7638888888888888,0.32907584790220484,0.1687799122305329,0,0,0.5537262309990183,4.995938316002139,Computers,174
1,1,0.05,hydra,mrsqm,0.0,0.0,0.9222222222222223,0.2692105890631835,0.133164450318919,0,0,0.5537262309990183,3.433500023675151e-05,Computers,174
1,1,0.1,hydra,mrsqm,0.0,0.0,0.8875,0.292172677824225,0.23383218321246835,0,0,0.5537262309990183,3.433500023675151e-05,Computers,174
1,1,0.2,hydra,mrsqm,0.0,0.0,0.7902777777777777,0.32907584790220484,0.4303493580712309,0,0,0.5537262309990183,3.433500023675151e-05,Computers,174
1,1,0.05,shapley_sampling,feature_ablation,1.0,1.0,0.0,0.2552486677203729,0.25524869338245093,0,0,0.9633662189989991,0.03959486100211507,Computers,174
1,1,0.1,shapley_sampling,feature_ablation,1.0,1.0,0.0,0.22632321948251255,0.22632321516290654,0,0,0.9633662189989991,0.03959486100211507,Computers,174
1,1,0.2,shapley_sampling,feature_ablation,0.0,0.0,0.35,0.2742361567864537,-0.06204371394572583,0,0,0.9633662189989991,0.03959486100211507,Computers,174
1,1,0.05,shapley_sampling,tshap_centroid,0.0,0.0,0.08055555555555556,0.2552486677203729,-0.013684586230716111,0,0,0.9633662189989991,0.09100957099872176,Computers,174
1,1,0.1,shapley_sampling,tshap_centroid,0.21008403361344538,0.3472222222222222,0.06527777777777778,0.22632321948251255,0.009233003389205852,0,0,0.9633662189989991,0.09100957099872176,Computers,174
1,1,0.2,shapley_sampling,tshap_centroid,0.7349397590361446,0.8472222222222222,0.030555555555555555,0.2742361567864537,0.29630268103234353,0,0,0.9633662189989991,0.09100957099872176,Computers,174
1,1,0.05,shapley_sampling,tshap_zero,0.014084507042253521,0.027777777777777776,0.04861111111111111,0.2552486677203729,0.06282824447549284,0,0,0.9633662189989991,0.1031667160023062,Computers,174
1,1,0.1,shapley_sampling,tshap_zero,0.6179775280898876,0.7638888888888888,0.02361111111111111,0.22632321948251255,0.2522111387396626,0,0,0.9633662189989991,0.1031667160023062,Computers,174
1,1,0.2,shapley_sampling,tshap_zero,0.0,0.0,0.7458333333333333,0.2742361567864537,0.0609255032934235,0,0,0.9633662189989991,0.1031667160023062,Computers,174
1,1,0.05,shapley_sampling,tshap_train,0.0,0.0,0.8444444444444444,0.2552486677203729,0.04787067093855113,0,0,0.9633662189989991,4.995938316002139,Computers,174
1,1,0.1,shapley_sampling,tshap_train,0.0,0.0,0.8208333333333333,0.22632321948251255,0.0941707615101457,0,0,0.9633662189989991,4.995938316002139,Computers,174
1,1,0.2,shapley_sampling,tshap_train,0.0,0.0,0.7736111111111111,0.2742361567864537,0.1687799122305329,0,0,0.9633662189989991,4.995938316002139,Computers,174
1,1,0.05,shapley_sampling,mrsqm,0.0,0.0,0.95,0.2552486677203729,0.133164450318919,0,0,0.9633662189989991,3.433500023675151e-05,Computers,174
1,1,0.1,shapley_sampling,mrsqm,0.0,0.0,0.9,0.22632321948251255,0.23383218321246835,0,0,0.9633662189989991,3.433500023675151e-05,Computers,174
1,1,0.2,shapley_sampling,mrsqm,0.0,0.0,0.8,0.2742361567864537,0.4303493580712309,0,0,0.9633662189989991,3.433500023675151e-05,Computers,174
1,1,0.05,feature_ablation,tshap_centroid,0.0,0.0,0.08055555555555556,0.25524869338245093,-0.013684586230716111,0,0,0.03959486100211507,0.09100957099872176,Computers,174
1,1,0.1,feature_ablation,tshap_centroid,0.21008403361344538,0.3472222222222222,0.06527777777777778,0.22632321516290654,0.009233003389205852,0,0,0.03959486100211507,0.09100957099872176,Computers,174
1,1,0.2,feature_ablation,tshap_centroid,0.0,0.0,0.3194444444444444,-0.06204371394572583,0.29630268103234353,0,0,0.03959486100211507,0.09100957099872176,Computers,174
1,1,0.05,feature_ablation,tshap_zero,0.014084507042253521,0.027777777777777776,0.04861111111111111,0.25524869338245093,0.06282824447549284,0,0,0.03959486100211507,0.1031667160023062,Computers,174
1,1,0.1,feature_ablation,tshap_zero,0.6179775280898876,0.7638888888888888,0.02361111111111111,0.22632321516290654,0.2522111387396626,0,0,0.03959486100211507,0.1031667160023062,Computers,174
1,1,0.2,feature_ablation,tshap_zero,0.0,0.0,0.3958333333333333,-0.06204371394572583,0.0609255032934235,0,0,0.03959486100211507,0.1031667160023062,Computers,174
1,1,0.05,feature_ablation,tshap_train,0.0,0.0,0.8444444444444444,0.25524869338245093,0.04787067093855113,0,0,0.03959486100211507,4.995938316002139,Computers,174
1,1,0.1,feature_ablation,tshap_train,0.0,0.0,0.8208333333333333,0.22632321516290654,0.0941707615101457,0,0,0.03959486100211507,4.995938316002139,Computers,174
1,1,0.2,feature_ablation,tshap_train,0.0,0.0,0.4236111111111111,-0.06204371394572583,0.1687799122305329,0,0,0.03959486100211507,4.995938316002139,Computers,174
1,1,0.05,feature_ablation,mrsqm,0.0,0.0,0.95,0.25524869338245093,0.133164450318919,0,0,0.03959486100211507,3.433500023675151e-05,Computers,174
1,1,0.1,feature_ablation,mrsqm,0.0,0.0,0.9,0.22632321516290654,0.23383218321246835,0,0,0.03959486100211507,3.433500023675151e-05,Computers,174
1,1,0.2,feature_ablation,mrsqm,0.0,0.0,0.45,-0.06204371394572583,0.4303493580712309,0,0,0.03959486100211507,3.433500023675151e-05,Computers,174
1,1,0.05,tshap_centroid,tshap_zero,0.22033898305084745,0.3611111111111111,0.03194444444444444,-0.013684586230716111,0.06282824447549284,0,0,0.09100957099872176,0.1031667160023062,Computers,174
1,1,0.1,tshap_centroid,tshap_zero,0.4117647058823529,0.5833333333333334,0.041666666666666664,0.009233003389205852,0.2522111387396626,0,0,0.09100957099872176,0.1031667160023062,Computers,174
1,1,0.2,tshap_centroid,tshap_zero,0.0,0.0,0.7152777777777778,0.29630268103234353,0.0609255032934235,0,0,0.09100957099872176,0.1031667160023062,Computers,174
1,1,0.05,tshap_centroid,tshap_train,0.0,0.0,0.7638888888888888,-0.013684586230716111,0.04787067093855113,0,0,0.09100957099872176,4.995938316002139,Computers,174
1,1,0.1,tshap_centroid,tshap_train,0.0,0.0,0.7555555555555555,0.009233003389205852,0.0941707615101457,0,0,0.09100957099872176,4.995938316002139,Computers,174
1,1,0.2,tshap_centroid,tshap_train,0.0,0.0,0.7430555555555556,0.29630268103234353,0.1687799122305329,0,0,0.09100957099872176,4.995938316002139,Computers,174
1,1,0.05,tshap_centroid,mrsqm,0.0,0.0,0.8694444444444445,-0.013684586230716111,0.133164450318919,0,0,0.09100957099872176,3.433500023675151e-05,Computers,174
1,1,0.1,tshap_centroid,mrsqm,0.0,0.0,0.8347222222222223,0.009233003389205852,0.23383218321246835,0,0,0.09100957099872176,3.433500023675151e-05,Computers,174
1,1,0.2,tshap_centroid,mrsqm,0.0,0.0,0.7694444444444445,0.29630268103234353,0.4303493580712309,0,0,0.09100957099872176,3.433500023675151e-05,Computers,174
1,1,0.05,tshap_zero,tshap_train,0.0,0.0,0.7958333333333333,0.06282824447549284,0.04787067093855113,0,0,0.1031667160023062,4.995938316002139,Computers,174
1,1,0.1,tshap_zero,tshap_train,0.0,0.0,0.7972222222222223,0.2522111387396626,0.0941707615101457,0,0,0.1031667160023062,4.995938316002139,Computers,174
1,1,0.2,tshap_zero,tshap_train,0.7560975609756098,0.8611111111111112,0.027777777777777776,0.0609255032934235,0.1687799122305329,0,0,0.1031667160023062,4.995938316002139,Computers,174
1,1,0.05,tshap_zero,mrsqm,0.0,0.0,0.9013888888888889,0.06282824447549284,0.133164450318919,0,0,0.1031667160023062,3.433500023675151e-05,Computers,174
1,1,0.1,tshap_zero,mrsqm,0.0,0.0,0.8763888888888889,0.2522111387396626,0.23383218321246835,0,0,0.1031667160023062,3.433500023675151e-05,Computers,174
1,1,0.2,tshap_zero,mrsqm,0.5737704918032787,0.7291666666666666,0.05416666666666667,0.0609255032934235,0.4303493580712309,0,0,0.1031667160023062,3.433500023675151e-05,Computers,174
1,1,0.05,tshap_train,mrsqm,0.0,0.0,0.10555555555555556,0.04787067093855113,0.133164450318919,0,0,4.995938316002139,3.433500023675151e-05,Computers,174
1,1,0.1,tshap_train,mrsqm,0.11627906976744186,0.20833333333333334,0.07916666666666666,0.0941707615101457,0.23383218321246835,0,0,4.995938316002139,3.433500023675151e-05,Computers,174
1,1,0.2,tshap_train,mrsqm,0.7668711656441718,0.8680555555555556,0.02638888888888889,0.1687799122305329,0.4303493580712309,0,0,4.995938316002139,3.433500023675151e-05,Computers,174
1,1,0.05,hydra,shapley_sampling,0.0,0.0,0.19444444444444445,0.09707630061376188,-0.07140230121058086,1,0,0.5418711960010114,0.9910030899991398,Computers,176
1,1,0.1,hydra,shapley_sampling,0.0,0.0,0.22916666666666666,0.10933405541710084,-0.06120686982950382,1,0,0.5418711960010114,0.9910030899991398,Computers,176
1,1,0.2,hydra,shapley_sampling,0.0,0.0,0.5083333333333333,0.19851329851935853,-0.41641923977780737,1,0,0.5418711960010114,0.9910030899991398,Computers,176
1,1,0.05,hydra,feature_ablation,0.0,0.0,0.3055555555555556,0.09707630061376188,-0.24752433683124472,1,0,0.5418711960010114,0.04478795999966678,Computers,176
1,1,0.1,hydra,feature_ablation,0.0,0.0,0.32083333333333336,0.10933405541710084,-0.33541784357043364,1,0,0.5418711960010114,0.04478795999966678,Computers,176
1,1,0.2,hydra,feature_ablation,0.0,0.0,0.30833333333333335,0.19851329851935853,-0.6098526976604663,1,0,0.5418711960010114,0.04478795999966678,Computers,176
1,1,0.05,hydra,tshap_centroid,0.0,0.0,0.3125,0.09707630061376188,-0.20490928932620397,1,0,0.5418711960010114,0.09986724700138438,Computers,176
1,1,0.1,hydra,tshap_centroid,0.0,0.0,0.3,0.10933405541710084,-0.5037187590159751,1,0,0.5418711960010114,0.09986724700138438,Computers,176
1,1,0.2,hydra,tshap_centroid,0.0,0.0,0.3416666666666667,0.19851329851935853,-0.46485127358298556,1,0,0.5418711960010114,0.09986724700138438,Computers,176
1,1,0.05,hydra,tshap_zero,0.0,0.0,0.11388888888888889,0.09707630061376188,0.048510856359583736,1,1,0.5418711960010114,0.10204697500012117,Computers,176
1,1,0.1,hydra,tshap_zero,0.0,0.0,0.10833333333333334,0.10933405541710084,-0.013675913432621097,1,0,0.5418711960010114,0.10204697500012117,Computers,176
1,1,0.2,hydra,tshap_zero,0.6941176470588235,0.8194444444444444,0.03611111111111111,0.19851329851935853,0.0648979607831057,1,1,0.5418711960010114,0.10204697500012117,Computers,176
1,1,0.05,hydra,tshap_train,0.0,0.0,0.28055555555555556,0.09707630061376188,-0.2576255195976187,1,0,0.5418711960010114,5.149858355001925,Computers,176
1,1,0.1,hydra,tshap_train,0.0,0.0,0.2986111111111111,0.10933405541710084,-0.5033126843742731,1,0,0.5418711960010114,5.149858355001925,Computers,176
1,1,0.2,hydra,tshap_train,0.0,0.0,0.3597222222222222,0.19851329851935853,-0.39345961685898456,1,0,0.5418711960010114,5.149858355001925,Computers,176
1,1,0.05,hydra,mrsqm,0.0,0.0,0.6555555555555556,0.09707630061376188,0.03213135258061758,1,0,0.5418711960010114,3.1318999390350655e-05,Computers,176
1,1,0.1,hydra,mrsqm,0.0,0.0,0.6208333333333333,0.10933405541710084,0.021979073787720453,1,0,0.5418711960010114,3.1318999390350655e-05,Computers,176
1,1,0.2,hydra,mrsqm,0.0,0.0,0.6083333333333333,0.19851329851935853,-0.035110924139194886,1,0,0.5418711960010114,3.1318999390350655e-05,Computers,176
1,1,0.05,shapley_sampling,feature_ablation,0.0,0.0,0.5,-0.07140230121058086,-0.24752433683124472,0,0,0.9910030899991398,0.04478795999966678,Computers,176
1,1,0.1,shapley_sampling,feature_ablation,0.0,0.0,0.55,-0.06120686982950382,-0.33541784357043364,0,0,0.9910030899991398,0.04478795999966678,Computers,176
1,1,0.2,shapley_sampling,feature_ablation,0.0,0.0,0.2,-0.41641923977780737,-0.6098526976604663,0,0,0.9910030899991398,0.04478795999966678,Computers,176
1,1,0.05,shapley_sampling,tshap_centroid,0.0,0.0,0.5069444444444444,-0.07140230121058086,-0.20490928932620397,0,0,0.9910030899991398,0.09986724700138438,Computers,176
1,1,0.1,shapley_sampling,tshap_centroid,0.0,0.0,0.5291666666666667,-0.06120686982950382,-0.5037187590159751,0,0,0.9910030899991398,0.09986724700138438,Computers,176
1,1,0.2,shapley_sampling,tshap_centroid,0.09090909090909091,0.16666666666666666,0.16666666666666666,-0.41641923977780737,-0.46485127358298556,0,0,0.9910030899991398,0.09986724700138438,Computers,176
1,1,0.05,shapley_sampling,tshap_zero,0.0,0.0,0.08055555555555556,-0.07140230121058086,0.048510856359583736,0,1,0.9910030899991398,0.10204697500012117,Computers,176
1,1,0.1,shapley_sampling,tshap_zero,0.0,0.0,0.12083333333333333,-0.06120686982950382,-0.013675913432621097,0,0,0.9910030899991398,0.10204697500012117,Computers,176
1,1,0.2,shapley_sampling,tshap_zero,0.0,0.0,0.5444444444444444,-0.41641923977780737,0.0648979607831057,0,1,0.9910030899991398,0.10204697500012117,Computers,176
1,1,0.05,shapley_sampling,tshap_train,0.0,0.0,0.475,-0.07140230121058086,-0.2576255195976187,0,0,0.9910030899991398,5.149858355001925,Computers,176
1,1,0.1,shapley_sampling,tshap_train,0.0,0.0,0.5277777777777778,-0.06120686982950382,-0.5033126843742731,0,0,0.9910030899991398,5.149858355001925,Computers,176
1,1,0.2,shapley_sampling,tshap_train,0.14741035856573706,0.2569444444444444,0.1486111111111111,-0.41641923977780737,-0.39345961685898456,0,0,0.9910030899991398,5.149858355001925,Computers,176
1,1,0.05,shapley_sampling,mrsqm,0.0,0.0,0.85,-0.07140230121058086,0.03213135258061758,0,0,0.9910030899991398,3.1318999390350655e-05,Computers,176
1,1,0.1,shapley_sampling,mrsqm,0.0,0.0,0.85,-0.06120686982950382,0.021979073787720453,0,0,0.9910030899991398,3.1318999390350655e-05,Computers,176
1,1,0.2,shapley_sampling,mrsqm,0.3333333333333333,0.5,0.1,-0.41641923977780737,-0.035110924139194886,0,0,0.9910030899991398,3.1318999390350655e-05,Computers,176
1,1,0.05,feature_ablation,tshap_centroid,0.7560975609756098,0.8611111111111112,0.006944444444444444,-0.24752433683124472,-0.20490928932620397,0,0,0.04478795999966678,0.09986724700138438,Computers,176
1,1,0.1,feature_ablation,tshap_centroid,0.6551724137931034,0.7916666666666666,0.020833333333333332,-0.33541784357043364,-0.5037187590159751,0,0,0.04478795999966678,0.09986724700138438,Computers,176
1,1,0.2,feature_ablation,tshap_centroid,0.7142857142857143,0.8333333333333334,0.03333333333333333,-0.6098526976604663,-0.46485127358298556,0,0,0.04478795999966678,0.09986724700138438,Computers,176
1,1,0.05,feature_ablation,tshap_zero,0.0,0.0,0.41944444444444445,-0.24752433683124472,0.048510856359583736,0,1,0.04478795999966678,0.10204697500012117,Computers,176
1,1,0.1,feature_ablation,tshap_zero,0.0,0.0,0.42916666666666664,-0.33541784357043364,-0.013675913432621097,0,0,0.04478795999966678,0.10204697500012117,Computers,176
1,1,0.2,feature_ablation,tshap_zero,0.0,0.0,0.34444444444444444,-0.6098526976604663,0.0648979607831057,0,1,0.04478795999966678,0.10204697500012117,Computers,176
1,1,0.05,feature_ablation,tshap_train,0.3333333333333333,0.5,0.025,-0.24752433683124472,-0.2576255195976187,0,0,0.04478795999966678,5.149858355001925,Computers,176
1,1,0.1,feature_ablation,tshap_train,0.6363636363636364,0.7777777777777778,0.022222222222222223,-0.33541784357043364,-0.5033126843742731,0,0,0.04478795999966678,5.149858355001925,Computers,176
1,1,0.2,feature_ablation,tshap_train,0.5911602209944752,0.7430555555555556,0.05138888888888889,-0.6098526976604663,-0.39345961685898456,0,0,0.04478795999966678,5.149858355001925,Computers,176
1,1,0.05,feature_ablation,mrsqm,0.0,0.0,0.35,-0.24752433683124472,0.03213135258061758,0,0,0.04478795999966678,3.1318999390350655e-05,Computers,176
1,1,0.1,feature_ablation,mrsqm,0.0,0.0,0.3,-0.33541784357043364,0.021979073787720453,0,0,0.04478795999966678,3.1318999390350655e-05,Computers,176
1,1,0.2,feature_ablation,mrsqm,0.0,0.0,0.3,-0.6098526976604663,-0.035110924139194886,0,0,0.04478795999966678,3.1318999390350655e-05,Computers,176
1,1,0.05,tshap_centroid,tshap_zero,0.0,0.0,0.4263888888888889,-0.20490928932620397,0.048510856359583736,0,1,0.09986724700138438,0.10204697500012117,Computers,176
1,1,0.1,tshap_centroid,tshap_zero,0.0,0.0,0.4083333333333333,-0.5037187590159751,-0.013675913432621097,0,0,0.09986724700138438,0.10204697500012117,Computers,176
1,1,0.2,tshap_centroid,tshap_zero,0.0,0.0,0.37777777777777777,-0.46485127358298556,0.0648979607831057,0,1,0.09986724700138438,0.10204697500012117,Computers,176
1,1,0.05,tshap_centroid,tshap_train,0.22033898305084745,0.3611111111111111,0.03194444444444444,-0.20490928932620397,-0.2576255195976187,0,0,0.09986724700138438,5.149858355001925,Computers,176
1,1,0.1,tshap_centroid,tshap_train,0.9726027397260274,0.9861111111111112,0.001388888888888889,-0.5037187590159751,-0.5033126843742731,0,0,0.09986724700138438,5.149858355001925,Computers,176
1,1,0.2,tshap_centroid,tshap_train,0.8343949044585988,0.9097222222222222,0.018055555555555554,-0.46485127358298556,-0.39345961685898456,0,0,0.09986724700138438,5.149858355001925,Computers,176
1,1,0.05,tshap_centroid,mrsqm,0.0,0.0,0.34305555555555556,-0.20490928932620397,0.03213135258061758,0,0,0.09986724700138438,3.1318999390350655e-05,Computers,176
1,1,0.1,tshap_centroid,mrsqm,0.0,0.0,0.32083333333333336,-0.5037187590159751,0.021979073787720453,0,0,0.09986724700138438,3.1318999390350655e-05,Computers,176
1,1,0.2,tshap_centroid,mrsqm,0.0,0.0,0.26666666666666666,-0.46485127358298556,-0.035110924139194886,0,0,0.09986724700138438,3.1318999390350655e-05,Computers,176
1,1,0.05,tshap_zero,tshap_train,0.0,0.0,0.39444444444444443,0.048510856359583736,-0.2576255195976187,1,0,0.10204697500012117,5.149858355001925,Computers,176
1,1,0.1,tshap_zero,tshap_train,0.0,0.0,0.40694444444444444,-0.013675913432621097,-0.5033126843742731,0,0,0.10204697500012117,5.149858355001925,Computers,176
1,1,0.2,tshap_zero,tshap_train,0.0,0.0,0.3958333333333333,0.0648979607831057,-0.39345961685898456,1,0,0.10204697500012117,5.149858355001925,Computers,176
1,1,0.05,tshap_zero,mrsqm,0.0,0.0,0.7694444444444445,0.048510856359583736,0.03213135258061758,1,0,0.10204697500012117,3.1318999390350655e-05,Computers,176
1,1,0.1,tshap_zero,mrsqm,0.0,0.0,0.7291666666666666,-0.013675913432621097,0.021979073787720453,0,0,0.10204697500012117,3.1318999390350655e-05,Computers,176
1,1,0.2,tshap_zero,mrsqm,0.0,0.0,0.6444444444444445,0.0648979607831057,-0.035110924139194886,1,0,0.10204697500012117,3.1318999390350655e-05,Computers,176
1,1,0.05,tshap_train,mrsqm,0.0,0.0,0.375,-0.2576255195976187,0.03213135258061758,0,0,5.149858355001925,3.1318999390350655e-05,Computers,176
1,1,0.1,tshap_train,mrsqm,0.0,0.0,0.32222222222222224,-0.5033126843742731,0.021979073787720453,0,0,5.149858355001925,3.1318999390350655e-05,Computers,176
1,1,0.2,tshap_train,mrsqm,0.0,0.0,0.24861111111111112,-0.39345961685898456,-0.035110924139194886,0,0,5.149858355001925,3.1318999390350655e-05,Computers,176
0,0,0.05,hydra,shapley_sampling,0.8,0.8888888888888888,0.005555555555555556,0.22032142733657856,0.2285972739693236,0,0,0.5398090689996025,0.982777506000275,Computers,50
0,0,0.1,hydra,shapley_sampling,0.19008264462809918,0.3194444444444444,0.06805555555555555,0.13322148416529855,0.29147098588266607,0,0,0.5398090689996025,0.982777506000275,Computers,50
0,0,0.2,hydra,shapley_sampling,0.42574257425742573,0.5972222222222222,0.08055555555555556,0.28207456290649446,0.49034552488728933,0,0,0.5398090689996025,0.982777506000275,Computers,50
0,0,0.05,hydra,feature_ablation,0.0,0.0,0.34444444444444444,0.22032142733657856,0.4497108482097091,0,0,0.5398090689996025,0.04140327999994042,Computers,50
0,0,0.1,hydra,feature_ablation,0.0,0.0,0.3680555555555556,0.13322148416529855,0.5601879198331604,0,0,0.5398090689996025,0.04140327999994042,Computers,50
0,0,0.2,hydra,feature_ablation,0.0,0.0,0.38055555555555554,0.28207456290649446,0.417870417719572,0,0,0.5398090689996025,0.04140327999994042,Computers,50
0,0,0.05,hydra,tshap_centroid,0.0,0.0,0.3055555555555556,0.22032142733657856,0.3110472270536777,0,0,0.5398090689996025,0.09928531000332441,Computers,50
0,0,0.1,hydra,tshap_centroid,0.0,0.0,0.34305555555555556,0.13322148416529855,0.4546614568000821,0,0,0.5398090689996025,0.09928531000332441,Computers,50
0,0,0.2,hydra,tshap_centroid,0.0,0.0,0.30277777777777776,0.28207456290649446,0.6606111307402618,0,0,0.5398090689996025,0.09928531000332441,Computers,50
0,0,0.05,hydra,tshap_zero,0.0,0.0,0.06388888888888888,0.22032142733657856,0.2900298905441072,0,0,0.5398090689996025,0.10179677300038747,Computers,50
0,0,0.1,hydra,tshap_zero,0.0,0.0,0.1,0.13322148416529855,0.3851202690112103,0,0,0.5398090689996025,0.10179677300038747,Computers,50
0,0,0.2,hydra,tshap_zero,0.3395348837209302,0.5069444444444444,0.09861111111111111,0.28207456290649446,0.42935643221821995,0,0,0.5398090689996025,0.10179677300038747,Computers,50
0,0,0.05,hydra,tshap_train,0.0,0.0,0.11666666666666667,0.22032142733657856,0.08783822538051167,0,0,0.5398090689996025,5.140282256001228,Computers,50
0,0,0.1,hydra,tshap_train,0.0,0.0,0.17083333333333334,0.13322148416529855,0.12647855811369024,0,0,0.5398090689996025,5.140282256001228,Computers,50
0,0,0.2,hydra,tshap_train,0.12941176470588237,0.22916666666666666,0.15416666666666667,0.28207456290649446,0.4457003587228261,0,0,0.5398090689996025,5.140282256001228,Computers,50
0,0,0.05,hydra,mrsqm,0.0,0.0,0.10555555555555556,0.22032142733657856,-0.12470931757732773,0,0,0.5398090689996025,3.1599000067217276e-05,Computers,50
0,0,0.1,hydra,mrsqm,0.5157894736842106,0.6805555555555556,0.03194444444444444,0.13322148416529855,-0.11178582116108449,0,0,0.5398090689996025,3.1599000067217276e-05,Computers,50
0,0,0.2,hydra,mrsqm,0.8227848101265823,0.9027777777777778,0.019444444444444445,0.28207456290649446,0.029197688332309735,0,0,0.5398090689996025,3.1599000067217276e-05,Computers,50
0,0,0.05,shapley_sampling,feature_ablation,0.0,0.0,0.35,0.2285972739693236,0.4497108482097091,0,0,0.982777506000275,0.04140327999994042,Computers,50
0,0,0.1,shapley_sampling,feature_ablation,0.0,0.0,0.3,0.29147098588266607,0.5601879198331604,0,0,0.982777506000275,0.04140327999994042,Computers,50
0,0,0.2,shapley_sampling,feature_ablation,0.0,0.0,0.3,0.49034552488728933,0.417870417719572,0,0,0.982777506000275,0.04140327999994042,Computers,50
0,0,0.05,shapley_sampling,tshap_centroid,0.0,0.0,0.3111111111111111,0.2285972739693236,0.3110472270536777,0,0,0.982777506000275,0.09928531000332441,Computers,50
0,0,0.1,shapley_sampling,tshap_centroid,0.0,0.0,0.275,0.29147098588266607,0.4546614568000821,0,0,0.982777506000275,0.09928531000332441,Computers,50
0,0,0.2,shapley_sampling,tshap_centroid,0.0,0.0,0.2222222222222222,0.49034552488728933,0.6606111307402618,0,0,0.982777506000275,0.09928531000332441,Computers,50
0,0,0.05,shapley_sampling,tshap_zero,0.0,0.0,0.06944444444444445,0.2285972739693236,0.2900298905441072,0,0,0.982777506000275,0.10179677300038747,Computers,50
0,0,0.1,shapley_sampling,tshap_zero,0.5157894736842106,0.6805555555555556,0.03194444444444444,0.29147098588266607,0.3851202690112103,0,0,0.982777506000275,0.10179677300038747,Computers,50
0,0,0.2,shapley_sampling,tshap_zero,0.8343949044585988,0.9097222222222222,0.018055555555555554,0.49034552488728933,0.42935643221821995,0,0,0.982777506000275,0.10179677300038747,Computers,50
0,0,0.05,shapley_sampling,tshap_train,0.0,0.0,0.12222222222222222,0.2285972739693236,0.08783822538051167,0,0,0.982777506000275,5.140282256001228,Computers,50
0,0,0.1,shapley_sampling,tshap_train,0.0,0.0,0.10277777777777777,0.29147098588266607,0.12647855811369024,0,0,0.982777506000275,5.140282256001228,Computers,50
0,0,0.2,shapley_sampling,tshap_train,0.4619289340101523,0.6319444444444444,0.07361111111111111,0.49034552488728933,0.4457003587228261,0,0,0.982777506000275,5.140282256001228,Computers,50
0,0,0.05,shapley_sampling,mrsqm,0.0,0.0,0.1,0.2285972739693236,-0.12470931757732773,0,0,0.982777506000275,3.1599000067217276e-05,Computers,50
0,0,0.1,shapley_sampling,mrsqm,0.0,0.0,0.1,0.29147098588266607,-0.11178582116108449,0,0,0.982777506000275,3.1599000067217276e-05,Computers,50
0,0,0.2,shapley_sampling,mrsqm,0.3333333333333333,0.5,0.1,0.49034552488728933,0.029197688332309735,0,0,0.982777506000275,3.1599000067217276e-05,Computers,50
0,0,0.05,feature_ablation,tshap_centroid,0.125,0.2222222222222222,0.03888888888888889,0.4497108482097091,0.3110472270536777,0,0,0.04140327999994042,0.09928531000332441,Computers,50
0,0,0.1,feature_ablation,tshap_centroid,0.6,0.75,0.025,0.5601879198331604,0.4546614568000821,0,0,0.04140327999994042,0.09928531000332441,Computers,50
0,0,0.2,feature_ablation,tshap_centroid,0.44,0.6111111111111112,0.07777777777777778,0.417870417719572,0.6606111307402618,0,0,0.04140327999994042,0.09928531000332441,Computers,50
0,0,0.05,feature_ablation,tshap_zero,0.0,0.0,0.28055555555555556,0.4497108482097091,0.2900298905441072,0,0,0.04140327999994042,0.10179677300038747,Computers,50
0,0,0.1,feature_ablation,tshap_zero,0.0,0.0,0.26805555555555555,0.5601879198331604,0.3851202690112103,0,0,0.04140327999994042,0.10179677300038747,Computers,50
0,0,0.2,feature_ablation,tshap_zero,0.0,0.0,0.28194444444444444,0.417870417719572,0.42935643221821995,0,0,0.04140327999994042,0.10179677300038747,Computers,50
0,0,0.05,feature_ablation,tshap_train,0.0,0.0,0.22777777777777777,0.4497108482097091,0.08783822538051167,0,0,0.04140327999994042,5.140282256001228,Computers,50
0,0,0.1,feature_ablation,tshap_train,0.0,0.0,0.19722222222222222,0.5601879198331604,0.12647855811369024,0,0,0.04140327999994042,5.140282256001228,Computers,50
0,0,0.2,feature_ablation,tshap_train,0.0,0.0,0.2263888888888889,0.417870417719572,0.4457003587228261,0,0,0.04140327999994042,5.140282256001228,Computers,50
0,0,0.05,feature_ablation,mrsqm,0.0,0.0,0.45,0.4497108482097091,-0.12470931757732773,0,0,0.04140327999994042,3.1599000067217276e-05,Computers,50
0,0,0.1,feature_ablation,mrsqm,0.0,0.0,0.4,0.5601879198331604,-0.11178582116108449,0,0,0.04140327999994042,3.1599000067217276e-05,Computers,50
0,0,0.2,feature_ablation,mrsqm,0.0,0.0,0.4,0.417870417719572,0.029197688332309735,0,0,0.04140327999994042,3.1599000067217276e-05,Computers,50
0,0,0.05,tshap_centroid,tshap_zero,0.0,0.0,0.24166666666666667,0.3110472270536777,0.2900298905441072,0,0,0.09928531000332441,0.10179677300038747,Computers,50
0,0,0.1,tshap_centroid,tshap_zero,0.0,0.0,0.24305555555555555,0.4546614568000821,0.3851202690112103,0,0,0.09928531000332441,0.10179677300038747,Computers,50
0,0,0.2,tshap_centroid,tshap_zero,0.0,0.0,0.20416666666666666,0.6606111307402618,0.42935643221821995,0,0,0.09928531000332441,0.10179677300038747,Computers,50
0,0,0.05,tshap_centroid,tshap_train,0.0,0.0,0.18888888888888888,0.3110472270536777,0.08783822538051167,0,0,0.09928531000332441,5.140282256001228,Computers,50
0,0,0.1,tshap_centroid,tshap_train,0.0,0.0,0.17222222222222222,0.4546614568000821,0.12647855811369024,0,0,0.09928531000332441,5.140282256001228,Computers,50
0,0,0.2,tshap_centroid,tshap_train,0.14741035856573706,0.2569444444444444,0.1486111111111111,0.6606111307402618,0.4457003587228261,0,0,0.09928531000332441,5.140282256001228,Computers,50
0,0,0.05,tshap_centroid,mrsqm,0.0,0.0,0.4111111111111111,0.3110472270536777,-0.12470931757732773,0,0,0.09928531000332441,3.1599000067217276e-05,Computers,50
0,0,0.1,tshap_centroid,mrsqm,0.0,0.0,0.375,0.4546614568000821,-0.11178582116108449,0,0,0.09928531000332441,3.1599000067217276e-05,Computers,50
0,0,0.2,tshap_centroid,mrsqm,0.0,0.0,0.32222222222222224,0.6606111307402618,0.029197688332309735,0,0,0.09928531000332441,3.1599000067217276e-05,Computers,50
0,0,0.05,tshap_zero,tshap_train,0.0,0.0,0.05277777777777778,0.2900298905441072,0.08783822538051167,0,0,0.10179677300038747,5.140282256001228,Computers,50
0,0,0.1,tshap_zero,tshap_train,0.17073170731707318,0.2916666666666667,0.07083333333333333,0.3851202690112103,0.12647855811369024,0,0,0.10179677300038747,5.140282256001228,Computers,50
0,0,0.2,tshap_zero,tshap_train,0.5652173913043478,0.7222222222222222,0.05555555555555555,0.42935643221821995,0.4457003587228261,0,0,0.10179677300038747,5.140282256001228,Computers,50
0,0,0.05,tshap_zero,mrsqm,0.0,0.0,0.16944444444444445,0.2900298905441072,-0.12470931757732773,0,0,0.10179677300038747,3.1599000067217276e-05,Computers,50
0,0,0.1,tshap_zero,mrsqm,0.0,0.0,0.13194444444444445,0.3851202690112103,-0.11178582116108449,0,0,0.10179677300038747,3.1599000067217276e-05,Computers,50
0,0,0.2,tshap_zero,mrsqm,0.2576419213973799,0.4097222222222222,0.11805555555555555,0.42935643221821995,0.029197688332309735,0,0,0.10179677300038747,3.1599000067217276e-05,Computers,50
0,0,0.05,tshap_train,mrsqm,0.0,0.0,0.2222222222222222,0.08783822538051167,-0.12470931757732773,0,0,5.140282256001228,3.1599000067217276e-05,Computers,50
0,0,0.1,tshap_train,mrsqm,0.0,0.0,0.20277777777777778,0.12647855811369024,-0.11178582116108449,0,0,5.140282256001228,3.1599000067217276e-05,Computers,50
0,0,0.2,tshap_train,mrsqm,0.07063197026022305,0.13194444444444445,0.1736111111111111,0.4457003587228261,0.029197688332309735,0,0,5.140282256001228,3.1599000067217276e-05,Computers,50
1,1,0.05,hydra,shapley_sampling,0.0,0.0,0.14305555555555555,-0.1007050337450266,0.4081259530524486,0,0,0.5390960149998136,0.9885508980005397,Computers,237
1,1,0.1,hydra,shapley_sampling,0.0,0.0,0.10277777777777777,-0.4564484228853892,0.042100885082045014,0,0,0.5390960149998136,0.9885508980005397,Computers,237
1,1,0.2,hydra,shapley_sampling,0.4845360824742268,0.6527777777777778,0.06944444444444445,-0.521623740236992,-0.24261068392281016,0,0,0.5390960149998136,0.9885508980005397,Computers,237
1,1,0.05,hydra,feature_ablation,0.0,0.0,0.14305555555555555,-0.1007050337450266,0.4081259340395868,0,0,0.5390960149998136,0.041826638000202365,Computers,237
1,1,0.1,hydra,feature_ablation,0.0,0.0,0.10277777777777777,-0.4564484228853892,0.042100856855790014,0,0,0.5390960149998136,0.041826638000202365,Computers,237
1,1,0.2,hydra,feature_ablation,0.8227848101265823,0.9027777777777778,0.019444444444444445,-0.521623740236992,-0.256768837958244,0,0,0.5390960149998136,0.041826638000202365,Computers,237
1,1,0.05,hydra,tshap_centroid,0.0,0.0,0.2375,-0.1007050337450266,0.010148652880393128,0,0,0.5390960149998136,0.09910985899841762,Computers,237
1,1,0.1,hydra,tshap_centroid,0.0,0.0,0.2152777777777778,-0.4564484228853892,0.023043261110947677,0,0,0.5390960149998136,0.09910985899841762,Computers,237
1,1,0.2,hydra,tshap_centroid,0.03225806451612903,0.0625,0.1875,-0.521623740236992,0.22584010048708802,0,0,0.5390960149998136,0.09910985899841762,Computers,237
1,1,0.05,hydra,tshap_zero,0.0,0.0,0.16944444444444445,-0.1007050337450266,0.3871061698283137,0,0,0.5390960149998136,0.10197825599971111,Computers,237
1,1,0.1,hydra,tshap_zero,0.0,0.0,0.15833333333333333,-0.4564484228853892,0.28666124900494716,0,0,0.5390960149998136,0.10197825599971111,Computers,237
1,1,0.2,hydra,tshap_zero,0.4845360824742268,0.6527777777777778,0.06944444444444445,-0.521623740236992,-0.24261067464628405,0,0,0.5390960149998136,0.10197825599971111,Computers,237
1,1,0.05,hydra,tshap_train,0.0,0.0,0.058333333333333334,-0.1007050337450266,-0.43919062147940224,0,0,0.5390960149998136,5.126571562999743,Computers,237
1,1,0.1,hydra,tshap_train,0.44,0.6111111111111112,0.03888888888888889,-0.4564484228853892,-0.6092525797078511,0,0,0.5390960149998136,5.126571562999743,Computers,237
1,1,0.2,hydra,tshap_train,0.0,0.0,0.5041666666666667,-0.521623740236992,0.3307324002930698,0,0,0.5390960149998136,5.126571562999743,Computers,237
1,1,0.05,hydra,mrsqm,0.0,0.0,0.6069444444444444,-0.1007050337450266,0.20117318781236265,0,0,0.5390960149998136,3.568700049072504e-05,Computers,237
1,1,0.1,hydra,mrsqm,0.0,0.0,0.5972222222222222,-0.4564484228853892,0.2879435984191288,0,0,0.5390960149998136,3.568700049072504e-05,Computers,237
1,1,0.2,hydra,mrsqm,0.0,0.0,0.5805555555555556,-0.521623740236992,0.5825938188167104,0,1,0.5390960149998136,3.568700049072504e-05,Computers,237
1,1,0.05,shapley_sampling,feature_ablation,1.0,1.0,0.0,0.4081259530524486,0.4081259340395868,0,0,0.9885508980005397,0.041826638000202365,Computers,237
1,1,0.1,shapley_sampling,feature_ablation,1.0,1.0,0.0,0.042100885082045014,0.042100856855790014,0,0,0.9885508980005397,0.041826638000202365,Computers,237
1,1,0.2,shapley_sampling,feature_ablation,0.6,0.75,0.05,-0.24261068392281016,-0.256768837958244,0,0,0.9885508980005397,0.041826638000202365,Computers,237
1,1,0.05,shapley_sampling,tshap_centroid,0.0,0.0,0.09444444444444444,0.4081259530524486,0.010148652880393128,0,0,0.9885508980005397,0.09910985899841762,Computers,237
1,1,0.1,shapley_sampling,tshap_centroid,0.0,0.0,0.1125,0.042100885082045014,0.023043261110947677,0,0,0.9885508980005397,0.09910985899841762,Computers,237
1,1,0.2,shapley_sampling,tshap_centroid,0.2576419213973799,0.4097222222222222,0.11805555555555555,-0.24261068392281016,0.22584010048708802,0,0,0.9885508980005397,0.09910985899841762,Computers,237
1,1,0.05,shapley_sampling,tshap_zero,0.3090909090909091,0.4722222222222222,0.02638888888888889,0.4081259530524486,0.3871061698283137,0,0,0.9885508980005397,0.10197825599971111,Computers,237
1,1,0.1,shapley_sampling,tshap_zero,0.2857142857142857,0.4444444444444444,0.05555555555555555,0.042100885082045014,0.28666124900494716,0,0,0.9885508980005397,0.10197825599971111,Computers,237
1,1,0.2,shapley_sampling,tshap_zero,1.0,1.0,0.0,-0.24261068392281016,-0.24261067464628405,0,0,0.9885508980005397,0.10197825599971111,Computers,237
1,1,0.05,shapley_sampling,tshap_train,0.0,0.0,0.08472222222222223,0.4081259530524486,-0.43919062147940224,0,0,0.9885508980005397,5.126571562999743,Computers,237
1,1,0.1,shapley_sampling,tshap_train,0.22033898305084745,0.3611111111111111,0.06388888888888888,0.042100885082045014,-0.6092525797078511,0,0,0.9885508980005397,5.126571562999743,Computers,237
1,1,0.2,shapley_sampling,tshap_train,0.0,0.0,0.5736111111111111,-0.24261068392281016,0.3307324002930698,0,0,0.9885508980005397,5.126571562999743,Computers,237
1,1,0.05,shapley_sampling,mrsqm,0.0,0.0,0.75,0.4081259530524486,0.20117318781236265,0,0,0.9885508980005397,3.568700049072504e-05,Computers,237
1,1,0.1,shapley_sampling,mrsqm,0.0,0.0,0.7,0.042100885082045014,0.2879435984191288,0,0,0.9885508980005397,3.568700049072504e-05,Computers,237
1,1,0.2,shapley_sampling,mrsqm,0.0,0.0,0.65,-0.24261068392281016,0.5825938188167104,0,1,0.9885508980005397,3.568700049072504e-05,Computers,237
1,1,0.05,feature_ablation,tshap_centroid,0.0,0.0,0.09444444444444444,0.4081259340395868,0.010148652880393128,0,0,0.041826638000202365,0.09910985899841762,Computers,237
1,1,0.1,feature_ablation,tshap_centroid,0.0,0.0,0.1125,0.042100856855790014,0.023043261110947677,0,0,0.041826638000202365,0.09910985899841762,Computers,237
1,1,0.2,feature_ablation,tshap_centroid,0.08679245283018867,0.1597222222222222,0.16805555555555557,-0.256768837958244,0.22584010048708802,0,0,0.041826638000202365,0.09910985899841762,Computers,237
1,1,0.05,feature_ablation,tshap_zero,0.3090909090909091,0.4722222222222222,0.02638888888888889,0.4081259340395868,0.3871061698283137,0,0,0.041826638000202365,0.10197825599971111,Computers,237
1,1,0.1,feature_ablation,tshap_zero,0.2857142857142857,0.4444444444444444,0.05555555555555555,0.042100856855790014,0.28666124900494716,0,0,0.041826638000202365,0.10197825599971111,Computers,237
1,1,0.2,feature_ablation,tshap_zero,0.6,0.75,0.05,-0.256768837958244,-0.24261067464628405,0,0,0.041826638000202365,0.10197825599971111,Computers,237
1,1,0.05,feature_ablation,tshap_train,0.0,0.0,0.08472222222222223,0.4081259340395868,-0.43919062147940224,0,0,0.041826638000202365,5.126571562999743,Computers,237
1,1,0.1,feature_ablation,tshap_train,0.22033898305084745,0.3611111111111111,0.06388888888888888,0.042100856855790014,-0.6092525797078511,0,0,0.041826638000202365,5.126571562999743,Computers,237
1,1,0.2,feature_ablation,tshap_train,0.0,0.0,0.5236111111111111,-0.256768837958244,0.3307324002930698,0,0,0.041826638000202365,5.126571562999743,Computers,237
1,1,0.05,feature_ablation,mrsqm,0.0,0.0,0.75,0.4081259340395868,0.20117318781236265,0,0,0.041826638000202365,3.568700049072504e-05,Computers,237
1,1,0.1,feature_ablation,mrsqm,0.0,0.0,0.7,0.042100856855790014,0.2879435984191288,0,0,0.041826638000202365,3.568700049072504e-05,Computers,237
1,1,0.2,feature_ablation,mrsqm,0.0,0.0,0.6,-0.256768837958244,0.5825938188167104,0,1,0.041826638000202365,3.568700049072504e-05,Computers,237
1,1,0.05,tshap_centroid,tshap_zero,0.0,0.0,0.06805555555555555,0.010148652880393128,0.3871061698283137,0,0,0.09910985899841762,0.10197825599971111,Computers,237
1,1,0.1,tshap_centroid,tshap_zero,0.2743362831858407,0.4305555555555556,0.05694444444444444,0.023043261110947677,0.28666124900494716,0,0,0.09910985899841762,0.10197825599971111,Computers,237
1,1,0.2,tshap_centroid,tshap_zero,0.2576419213973799,0.4097222222222222,0.11805555555555555,0.22584010048708802,-0.24261067464628405,0,0,0.09910985899841762,0.10197825599971111,Computers,237
1,1,0.05,tshap_centroid,tshap_train,0.0,0.0,0.17916666666666667,0.010148652880393128,-0.43919062147940224,0,0,0.09910985899841762,5.126571562999743,Computers,237
1,1,0.1,tshap_centroid,tshap_train,0.0,0.0,0.1763888888888889,0.023043261110947677,-0.6092525797078511,0,0,0.09910985899841762,5.126571562999743,Computers,237
1,1,0.2,tshap_centroid,tshap_train,0.0,0.0,0.6916666666666667,0.22584010048708802,0.3307324002930698,0,0,0.09910985899841762,5.126571562999743,Computers,237
1,1,0.05,tshap_centroid,mrsqm,0.0,0.0,0.8444444444444444,0.010148652880393128,0.20117318781236265,0,0,0.09910985899841762,3.568700049072504e-05,Computers,237
1,1,0.1,tshap_centroid,mrsqm,0.0,0.0,0.8125,0.023043261110947677,0.2879435984191288,0,0,0.09910985899841762,3.568700049072504e-05,Computers,237
1,1,0.2,tshap_centroid,mrsqm,0.0,0.0,0.7680555555555556,0.22584010048708802,0.5825938188167104,0,1,0.09910985899841762,3.568700049072504e-05,Computers,237
1,1,0.05,tshap_zero,tshap_train,0.0,0.0,0.1111111111111111,0.3871061698283137,-0.43919062147940224,0,0,0.10197825599971111,5.126571562999743,Computers,237
1,1,0.1,tshap_zero,tshap_train,0.0,0.0,0.11944444444444445,0.28666124900494716,-0.6092525797078511,0,0,0.10197825599971111,5.126571562999743,Computers,237
1,1,0.2,tshap_zero,tshap_train,0.0,0.0,0.5736111111111111,-0.24261067464628405,0.3307324002930698,0,0,0.10197825599971111,5.126571562999743,Computers,237
1,1,0.05,tshap_zero,mrsqm,0.0,0.0,0.7763888888888889,0.3871061698283137,0.20117318781236265,0,0,0.10197825599971111,3.568700049072504e-05,Computers,237
1,1,0.1,tshap_zero,mrsqm,0.0,0.0,0.7555555555555555,0.28666124900494716,0.2879435984191288,0,0,0.10197825599971111,3.568700049072504e-05,Computers,237
1,1,0.2,tshap_zero,mrsqm,0.0,0.0,0.65,-0.24261067464628405,0.5825938188167104,0,1,0.10197825599971111,3.568700049072504e-05,Computers,237
1,1,0.05,tshap_train,mrsqm,0.0,0.0,0.6652777777777777,-0.43919062147940224,0.20117318781236265,0,0,5.126571562999743,3.568700049072504e-05,Computers,237
1,1,0.1,tshap_train,mrsqm,0.0,0.0,0.6361111111111111,-0.6092525797078511,0.2879435984191288,0,0,5.126571562999743,3.568700049072504e-05,Computers,237
1,1,0.2,tshap_train,mrsqm,0.4472361809045226,0.6180555555555556,0.0763888888888889,0.3307324002930698,0.5825938188167104,0,1,5.126571562999743,3.568700049072504e-05,Computers,237
1,1,0.05,hydra,shapley_sampling,0.38461538461538464,0.5555555555555556,0.022222222222222223,0.32179298984276616,0.48981077103214143,0,0,0.5401054879985168,0.9731597879981564,Computers,220
1,1,0.1,hydra,shapley_sampling,0.7560975609756098,0.8611111111111112,0.013888888888888888,0.4849105043783862,0.5330852495814615,0,0,0.5401054879985168,0.9731597879981564,Computers,220
1,1,0.2,hydra,shapley_sampling,0.8343949044585988,0.9097222222222222,0.018055555555555554,0.5504897337341226,0.5462852754502633,0,0,0.5401054879985168,0.9731597879981564,Computers,220
1,1,0.05,hydra,feature_ablation,0.38461538461538464,0.5555555555555556,0.022222222222222223,0.32179298984276616,0.4898107533003328,0,0,0.5401054879985168,0.041180189000442624,Computers,220
1,1,0.1,hydra,feature_ablation,0.7560975609756098,0.8611111111111112,0.013888888888888888,0.4849105043783862,0.5330852611658183,0,0,0.5401054879985168,0.041180189000442624,Computers,220
1,1,0.2,hydra,feature_ablation,0.8343949044585988,0.9097222222222222,0.018055555555555554,0.5504897337341226,0.5462852716872553,0,0,0.5401054879985168,0.041180189000442624,Computers,220
1,1,0.05,hydra,tshap_centroid,0.16129032258064516,0.2777777777777778,0.03611111111111111,0.32179298984276616,0.5742563185606633,0,0,0.5401054879985168,0.0975559409998823,Computers,220
1,1,0.1,hydra,tshap_centroid,0.25217391304347825,0.4027777777777778,0.059722222222222225,0.4849105043783862,0.5448627705977118,0,0,0.5401054879985168,0.0975559409998823,Computers,220
1,1,0.2,hydra,tshap_centroid,0.5824175824175825,0.7361111111111112,0.05277777777777778,0.5504897337341226,0.6175190954478491,0,0,0.5401054879985168,0.0975559409998823,Computers,220
1,1,0.05,hydra,tshap_zero,0.0,0.0,0.2861111111111111,0.32179298984276616,0.15893099473153005,0,0,0.5401054879985168,0.10100605299885501,Computers,220
1,1,0.1,hydra,tshap_zero,0.0,0.0,0.2916666666666667,0.4849105043783862,0.12145969854422967,0,0,0.5401054879985168,0.10100605299885501,Computers,220
1,1,0.2,hydra,tshap_zero,0.0,0.0,0.20277777777777778,0.5504897337341226,0.16432574512638842,0,0,0.5401054879985168,0.10100605299885501,Computers,220
1,1,0.05,hydra,tshap_train,0.2631578947368421,0.4166666666666667,0.029166666666666667,0.32179298984276616,0.3482340351603904,0,0,0.5401054879985168,5.111399665998761,Computers,220
1,1,0.1,hydra,tshap_train,0.3333333333333333,0.5,0.05,0.4849105043783862,0.5695600450278332,0,0,0.5401054879985168,5.111399665998761,Computers,220
1,1,0.2,hydra,tshap_train,0.9328859060402684,0.9652777777777778,0.006944444444444444,0.5504897337341226,0.5466791833758946,0,0,0.5401054879985168,5.111399665998761,Computers,220
1,1,0.05,hydra,mrsqm,0.0,0.0,0.5777777777777777,0.32179298984276616,0.24475006282946288,0,0,0.5401054879985168,3.152899807901122e-05,Computers,220
1,1,0.1,hydra,mrsqm,0.0,0.0,0.5361111111111111,0.4849105043783862,0.4643926562560662,0,0,0.5401054879985168,3.152899807901122e-05,Computers,220
1,1,0.2,hydra,mrsqm,0.0,0.0,0.5319444444444444,0.5504897337341226,0.6608868659104953,0,0,0.5401054879985168,3.152899807901122e-05,Computers,220
1,1,0.05,shapley_sampling,feature_ablation,1.0,1.0,0.0,0.48981077103214143,0.4898107533003328,0,0,0.9731597879981564,0.041180189000442624,Computers,220
1,1,0.1,shapley_sampling,feature_ablation,1.0,1.0,0.0,0.5330852495814615,0.5330852611658183,0,0,0.9731597879981564,0.041180189000442624,Computers,220
1,1,0.2,shapley_sampling,feature_ablation,1.0,1.0,0.0,0.5462852754502633,0.5462852716872553,0,0,0.9731597879981564,0.041180189000442624,Computers,220
1,1,0.05,shapley_sampling,tshap_centroid,0.5652173913043478,0.7222222222222222,0.013888888888888888,0.48981077103214143,0.5742563185606633,0,0,0.9731597879981564,0.0975559409998823,Computers,220
1,1,0.1,shapley_sampling,tshap_centroid,0.37142857142857144,0.5416666666666666,0.04583333333333333,0.5330852495814615,0.5448627705977118,0,0,0.9731597879981564,0.0975559409998823,Computers,220
1,1,0.2,shapley_sampling,tshap_centroid,0.7041420118343196,0.8263888888888888,0.034722222222222224,0.5462852754502633,0.6175190954478491,0,0,0.9731597879981564,0.0975559409998823,Computers,220
1,1,0.05,shapley_sampling,tshap_zero,0.0,0.0,0.2638888888888889,0.48981077103214143,0.15893099473153005,0,0,0.9731597879981564,0.10100605299885501,Computers,220
1,1,0.1,shapley_sampling,tshap_zero,0.0,0.0,0.2777777777777778,0.5330852495814615,0.12145969854422967,0,0,0.9731597879981564,0.10100605299885501,Computers,220
1,1,0.2,shapley_sampling,tshap_zero,0.039711191335740074,0.0763888888888889,0.18472222222222223,0.5462852754502633,0.16432574512638842,0,0,0.9731597879981564,0.10100605299885501,Computers,220
1,1,0.05,shapley_sampling,tshap_train,0.7560975609756098,0.8611111111111112,0.006944444444444444,0.48981077103214143,0.3482340351603904,0,0,0.9731597879981564,5.111399665998761,Computers,220
1,1,0.1,shapley_sampling,tshap_train,0.46938775510204084,0.6388888888888888,0.03611111111111111,0.5330852495814615,0.5695600450278332,0,0,0.9731597879981564,5.111399665998761,Computers,220
1,1,0.2,shapley_sampling,tshap_train,0.8947368421052632,0.9444444444444444,0.011111111111111112,0.5462852754502633,0.5466791833758946,0,0,0.9731597879981564,5.111399665998761,Computers,220
1,1,0.05,shapley_sampling,mrsqm,0.0,0.0,0.6,0.48981077103214143,0.24475006282946288,0,0,0.9731597879981564,3.152899807901122e-05,Computers,220
1,1,0.1,shapley_sampling,mrsqm,0.0,0.0,0.55,0.5330852495814615,0.4643926562560662,0,0,0.9731597879981564,3.152899807901122e-05,Computers,220
1,1,0.2,shapley_sampling,mrsqm,0.0,0.0,0.55,0.5462852754502633,0.6608868659104953,0,0,0.9731597879981564,3.152899807901122e-05,Computers,220
1,1,0.05,feature_ablation,tshap_centroid,0.5652173913043478,0.7222222222222222,0.013888888888888888,0.4898107533003328,0.5742563185606633,0,0,0.041180189000442624,0.0975559409998823,Computers,220
1,1,0.1,feature_ablation,tshap_centroid,0.37142857142857144,0.5416666666666666,0.04583333333333333,0.5330852611658183,0.5448627705977118,0,0,0.041180189000442624,0.0975559409998823,Computers,220
1,1,0.2,feature_ablation,tshap_centroid,0.7041420118343196,0.8263888888888888,0.034722222222222224,0.5462852716872553,0.6175190954478491,0,0,0.041180189000442624,0.0975559409998823,Computers,220
1,1,0.05,feature_ablation,tshap_zero,0.0,0.0,0.2638888888888889,0.4898107533003328,0.15893099473153005,0,0,0.041180189000442624,0.10100605299885501,Computers,220
1,1,0.1,feature_ablation,tshap_zero,0.0,0.0,0.2777777777777778,0.5330852611658183,0.12145969854422967,0,0,0.041180189000442624,0.10100605299885501,Computers,220
1,1,0.2,feature_ablation,tshap_zero,0.039711191335740074,0.0763888888888889,0.18472222222222223,0.5462852716872553,0.16432574512638842,0,0,0.041180189000442624,0.10100605299885501,Computers,220
1,1,0.05,feature_ablation,tshap_train,0.7560975609756098,0.8611111111111112,0.006944444444444444,0.4898107533003328,0.3482340351603904,0,0,0.041180189000442624,5.111399665998761,Computers,220
1,1,0.1,feature_ablation,tshap_train,0.46938775510204084,0.6388888888888888,0.03611111111111111,0.5330852611658183,0.5695600450278332,0,0,0.041180189000442624,5.111399665998761,Computers,220
1,1,0.2,feature_ablation,tshap_train,0.8947368421052632,0.9444444444444444,0.011111111111111112,0.5462852716872553,0.5466791833758946,0,0,0.041180189000442624,5.111399665998761,Computers,220
1,1,0.05,feature_ablation,mrsqm,0.0,0.0,0.6,0.4898107533003328,0.24475006282946288,0,0,0.041180189000442624,3.152899807901122e-05,Computers,220
1,1,0.1,feature_ablation,mrsqm,0.0,0.0,0.55,0.5330852611658183,0.4643926562560662,0,0,0.041180189000442624,3.152899807901122e-05,Computers,220
1,1,0.2,feature_ablation,mrsqm,0.0,0.0,0.55,0.5462852716872553,0.6608868659104953,0,0,0.041180189000442624,3.152899807901122e-05,Computers,220
1,1,0.05,tshap_centroid,tshap_zero,0.0,0.0,0.25,0.5742563185606633,0.15893099473153005,0,0,0.0975559409998823,0.10100605299885501,Computers,220
1,1,0.1,tshap_centroid,tshap_zero,0.0,0.0,0.23194444444444445,0.5448627705977118,0.12145969854422967,0,0,0.0975559409998823,0.10100605299885501,Computers,220
1,1,0.2,tshap_centroid,tshap_zero,0.14285714285714285,0.25,0.15,0.6175190954478491,0.16432574512638842,0,0,0.0975559409998823,0.10100605299885501,Computers,220
1,1,0.05,tshap_centroid,tshap_train,0.7560975609756098,0.8611111111111112,0.006944444444444444,0.5742563185606633,0.3482340351603904,0,0,0.0975559409998823,5.111399665998761,Computers,220
1,1,0.1,tshap_centroid,tshap_train,0.8227848101265823,0.9027777777777778,0.009722222222222222,0.5448627705977118,0.5695600450278332,0,0,0.0975559409998823,5.111399665998761,Computers,220
1,1,0.2,tshap_centroid,tshap_train,0.6271186440677966,0.7708333333333334,0.04583333333333333,0.6175190954478491,0.5466791833758946,0,0,0.0975559409998823,5.111399665998761,Computers,220
1,1,0.05,tshap_centroid,mrsqm,0.0,0.0,0.6138888888888889,0.5742563185606633,0.24475006282946288,0,0,0.0975559409998823,3.152899807901122e-05,Computers,220
1,1,0.1,tshap_centroid,mrsqm,0.0,0.0,0.5958333333333333,0.5448627705977118,0.4643926562560662,0,0,0.0975559409998823,3.152899807901122e-05,Computers,220
1,1,0.2,tshap_centroid,mrsqm,0.0,0.0,0.5847222222222223,0.6175190954478491,0.6608868659104953,0,0,0.0975559409998823,3.152899807901122e-05,Computers,220
1,1,0.05,tshap_zero,tshap_train,0.0,0.0,0.2569444444444444,0.15893099473153005,0.3482340351603904,0,0,0.10100605299885501,5.111399665998761,Computers,220
1,1,0.1,tshap_zero,tshap_train,0.0,0.0,0.24166666666666667,0.12145969854422967,0.5695600450278332,0,0,0.10100605299885501,5.111399665998761,Computers,220
1,1,0.2,tshap_zero,tshap_train,0.010526315789473684,0.020833333333333332,0.19583333333333333,0.16432574512638842,0.5466791833758946,0,0,0.10100605299885501,5.111399665998761,Computers,220
1,1,0.05,tshap_zero,mrsqm,0.0,0.0,0.8638888888888889,0.15893099473153005,0.24475006282946288,0,0,0.10100605299885501,3.152899807901122e-05,Computers,220
1,1,0.1,tshap_zero,mrsqm,0.0,0.0,0.8277777777777777,0.12145969854422967,0.4643926562560662,0,0,0.10100605299885501,3.152899807901122e-05,Computers,220
1,1,0.2,tshap_zero,mrsqm,0.0,0.0,0.7347222222222223,0.16432574512638842,0.6608868659104953,0,0,0.10100605299885501,3.152899807901122e-05,Computers,220
1,1,0.05,tshap_train,mrsqm,0.0,0.0,0.6069444444444444,0.3482340351603904,0.24475006282946288,0,0,5.111399665998761,3.152899807901122e-05,Computers,220
1,1,0.1,tshap_train,mrsqm,0.0,0.0,0.5861111111111111,0.5695600450278332,0.4643926562560662,0,0,5.111399665998761,3.152899807901122e-05,Computers,220
1,1,0.2,tshap_train,mrsqm,0.0,0.0,0.5388888888888889,0.5466791833758946,0.6608868659104953,0,0,5.111399665998761,3.152899807901122e-05,Computers,220
1,1,0.05,hydra,shapley_sampling,0.0,0.0,0.09861111111111111,-0.10617690725339357,0.31480826571507814,0,0,0.5361102570022922,0.9648054009994667,Computers,194
1,1,0.1,hydra,shapley_sampling,0.22033898305084745,0.3611111111111111,0.06388888888888888,0.014468732073826818,0.6550176798420038,0,0,0.5361102570022922,0.9648054009994667,Computers,194
1,1,0.2,hydra,shapley_sampling,0.3211009174311927,0.4861111111111111,0.10277777777777777,0.7325309909604099,0.7505936089428236,0,0,0.5361102570022922,0.9648054009994667,Computers,194
1,1,0.05,hydra,feature_ablation,0.0,0.0,0.09861111111111111,-0.10617690725339357,0.31480820980728463,0,0,0.5361102570022922,0.04099114299970097,Computers,194
1,1,0.1,hydra,feature_ablation,0.22033898305084745,0.3611111111111111,0.06388888888888888,0.014468732073826818,0.655017660512615,0,0,0.5361102570022922,0.04099114299970097,Computers,194
1,1,0.2,hydra,feature_ablation,0.3211009174311927,0.4861111111111111,0.10277777777777777,0.7325309909604099,0.7505935799290187,0,0,0.5361102570022922,0.04099114299970097,Computers,194
1,1,0.05,hydra,tshap_centroid,0.0,0.0,0.06666666666666667,-0.10617690725339357,0.5158084606430587,0,0,0.5361102570022922,0.09735308800009079,Computers,194
1,1,0.1,hydra,tshap_centroid,0.23076923076923078,0.375,0.0625,0.014468732073826818,0.7180660710255965,0,0,0.5361102570022922,0.09735308800009079,Computers,194
1,1,0.2,hydra,tshap_centroid,0.2743362831858407,0.4305555555555556,0.11388888888888889,0.7325309909604099,0.8529214440504912,0,0,0.5361102570022922,0.09735308800009079,Computers,194
1,1,0.05,hydra,tshap_zero,0.0,0.0,0.09166666666666666,-0.10617690725339357,0.3442666844479978,0,0,0.5361102570022922,0.10076520899747266,Computers,194
1,1,0.1,hydra,tshap_zero,0.08270676691729323,0.1527777777777778,0.08472222222222223,0.014468732073826818,0.9290223726276188,0,0,0.5361102570022922,0.10076520899747266,Computers,194
1,1,0.2,hydra,tshap_zero,0.4187192118226601,0.5902777777777778,0.08194444444444444,0.7325309909604099,0.7710455492489923,0,0,0.5361102570022922,0.10076520899747266,Computers,194
1,1,0.05,hydra,tshap_train,0.0,0.0,0.06388888888888888,-0.10617690725339357,0.4742025024168086,0,0,0.5361102570022922,5.144779412999924,Computers,194
1,1,0.1,hydra,tshap_train,0.2631578947368421,0.4166666666666667,0.058333333333333334,0.014468732073826818,0.631767205505497,0,0,0.5361102570022922,5.144779412999924,Computers,194
1,1,0.2,hydra,tshap_train,0.5911602209944752,0.7430555555555556,0.05138888888888889,0.7325309909604099,0.7699791383885644,0,0,0.5361102570022922,5.144779412999924,Computers,194
1,1,0.05,hydra,mrsqm,0.0,0.0,0.6013888888888889,-0.10617690725339357,0.2364998369573641,0,0,0.5361102570022922,6.572399797732942e-05,Computers,194
1,1,0.1,hydra,mrsqm,0.0,0.0,0.5861111111111111,0.014468732073826818,0.3535967209470038,0,0,0.5361102570022922,6.572399797732942e-05,Computers,194
1,1,0.2,hydra,mrsqm,0.0,0.0,0.5472222222222223,0.7325309909604099,0.4956961719789622,0,0,0.5361102570022922,6.572399797732942e-05,Computers,194
1,1,0.05,shapley_sampling,feature_ablation,1.0,1.0,0.0,0.31480826571507814,0.31480820980728463,0,0,0.9648054009994667,0.04099114299970097,Computers,194
1,1,0.1,shapley_sampling,feature_ablation,1.0,1.0,0.0,0.6550176798420038,0.655017660512615,0,0,0.9648054009994667,0.04099114299970097,Computers,194
1,1,0.2,shapley_sampling,feature_ablation,1.0,1.0,0.0,0.7505936089428236,0.7505935799290187,0,0,0.9648054009994667,0.04099114299970097,Computers,194
1,1,0.05,shapley_sampling,tshap_centroid,0.22033898305084745,0.3611111111111111,0.03194444444444444,0.31480826571507814,0.5158084606430587,0,0,0.9648054009994667,0.09735308800009079,Computers,194
1,1,0.1,shapley_sampling,tshap_centroid,0.9726027397260274,0.9861111111111112,0.001388888888888889,0.6550176798420038,0.7180660710255965,0,0,0.9648054009994667,0.09735308800009079,Computers,194
1,1,0.2,shapley_sampling,tshap_centroid,0.8947368421052632,0.9444444444444444,0.011111111111111112,0.7505936089428236,0.8529214440504912,0,0,0.9648054009994667,0.09735308800009079,Computers,194
1,1,0.05,shapley_sampling,tshap_zero,0.7560975609756098,0.8611111111111112,0.006944444444444444,0.31480826571507814,0.3442666844479978,0,0,0.9648054009994667,0.10076520899747266,Computers,194
1,1,0.1,shapley_sampling,tshap_zero,0.6551724137931034,0.7916666666666666,0.020833333333333332,0.6550176798420038,0.9290223726276188,0,0,0.9648054009994667,0.10076520899747266,Computers,194
1,1,0.2,shapley_sampling,tshap_zero,0.8113207547169812,0.8958333333333334,0.020833333333333332,0.7505936089428236,0.7710455492489923,0,0,0.9648054009994667,0.10076520899747266,Computers,194
1,1,0.05,shapley_sampling,tshap_train,0.18032786885245902,0.3055555555555556,0.034722222222222224,0.31480826571507814,0.4742025024168086,0,0,0.9648054009994667,5.144779412999924,Computers,194
1,1,0.1,shapley_sampling,tshap_train,0.8947368421052632,0.9444444444444444,0.005555555555555556,0.6550176798420038,0.631767205505497,0,0,0.9648054009994667,5.144779412999924,Computers,194
1,1,0.2,shapley_sampling,tshap_train,0.5911602209944752,0.7430555555555556,0.05138888888888889,0.7505936089428236,0.7699791383885644,0,0,0.9648054009994667,5.144779412999924,Computers,194
1,1,0.05,shapley_sampling,mrsqm,0.0,0.0,0.7,0.31480826571507814,0.2364998369573641,0,0,0.9648054009994667,6.572399797732942e-05,Computers,194
1,1,0.1,shapley_sampling,mrsqm,0.0,0.0,0.65,0.6550176798420038,0.3535967209470038,0,0,0.9648054009994667,6.572399797732942e-05,Computers,194
1,1,0.2,shapley_sampling,mrsqm,0.0,0.0,0.65,0.7505936089428236,0.4956961719789622,0,0,0.9648054009994667,6.572399797732942e-05,Computers,194
1,1,0.05,feature_ablation,tshap_centroid,0.22033898305084745,0.3611111111111111,0.03194444444444444,0.31480820980728463,0.5158084606430587,0,0,0.04099114299970097,0.09735308800009079,Computers,194
1,1,0.1,feature_ablation,tshap_centroid,0.9726027397260274,0.9861111111111112,0.001388888888888889,0.655017660512615,0.7180660710255965,0,0,0.04099114299970097,0.09735308800009079,Computers,194
1,1,0.2,feature_ablation,tshap_centroid,0.8947368421052632,0.9444444444444444,0.011111111111111112,0.7505935799290187,0.8529214440504912,0,0,0.04099114299970097,0.09735308800009079,Computers,194
1,1,0.05,feature_ablation,tshap_zero,0.7560975609756098,0.8611111111111112,0.006944444444444444,0.31480820980728463,0.3442666844479978,0,0,0.04099114299970097,0.10076520899747266,Computers,194
1,1,0.1,feature_ablation,tshap_zero,0.6551724137931034,0.7916666666666666,0.020833333333333332,0.655017660512615,0.9290223726276188,0,0,0.04099114299970097,0.10076520899747266,Computers,194
1,1,0.2,feature_ablation,tshap_zero,0.8113207547169812,0.8958333333333334,0.020833333333333332,0.7505935799290187,0.7710455492489923,0,0,0.04099114299970097,0.10076520899747266,Computers,194
1,1,0.05,feature_ablation,tshap_train,0.18032786885245902,0.3055555555555556,0.034722222222222224,0.31480820980728463,0.4742025024168086,0,0,0.04099114299970097,5.144779412999924,Computers,194
1,1,0.1,feature_ablation,tshap_train,0.8947368421052632,0.9444444444444444,0.005555555555555556,0.655017660512615,0.631767205505497,0,0,0.04099114299970097,5.144779412999924,Computers,194
1,1,0.2,feature_ablation,tshap_train,0.5911602209944752,0.7430555555555556,0.05138888888888889,0.7505935799290187,0.7699791383885644,0,0,0.04099114299970097,5.144779412999924,Computers,194
1,1,0.05,feature_ablation,mrsqm,0.0,0.0,0.7,0.31480820980728463,0.2364998369573641,0,0,0.04099114299970097,6.572399797732942e-05,Computers,194
1,1,0.1,feature_ablation,mrsqm,0.0,0.0,0.65,0.655017660512615,0.3535967209470038,0,0,0.04099114299970097,6.572399797732942e-05,Computers,194
1,1,0.2,feature_ablation,mrsqm,0.0,0.0,0.65,0.7505935799290187,0.4956961719789622,0,0,0.04099114299970097,6.572399797732942e-05,Computers,194
1,1,0.05,tshap_centroid,tshap_zero,0.3333333333333333,0.5,0.025,0.5158084606430587,0.3442666844479978,0,0,0.09735308800009079,0.10076520899747266,Computers,194
1,1,0.1,tshap_centroid,tshap_zero,0.6363636363636364,0.7777777777777778,0.022222222222222223,0.7180660710255965,0.9290223726276188,0,0,0.09735308800009079,0.10076520899747266,Computers,194
1,1,0.2,tshap_centroid,tshap_zero,0.7245508982035929,0.8402777777777778,0.03194444444444444,0.8529214440504912,0.7710455492489923,0,0,0.09735308800009079,0.10076520899747266,Computers,194
1,1,0.05,tshap_centroid,tshap_train,0.8947368421052632,0.9444444444444444,0.002777777777777778,0.5158084606430587,0.4742025024168086,0,0,0.09735308800009079,5.144779412999924,Computers,194
1,1,0.1,tshap_centroid,tshap_train,0.92,0.9583333333333334,0.004166666666666667,0.7180660710255965,0.631767205505497,0,0,0.09735308800009079,5.144779412999924,Computers,194
1,1,0.2,tshap_centroid,tshap_train,0.5238095238095238,0.6875,0.0625,0.8529214440504912,0.7699791383885644,0,0,0.09735308800009079,5.144779412999924,Computers,194
1,1,0.05,tshap_centroid,mrsqm,0.0,0.0,0.6680555555555555,0.5158084606430587,0.2364998369573641,0,0,0.09735308800009079,6.572399797732942e-05,Computers,194
1,1,0.1,tshap_centroid,mrsqm,0.0,0.0,0.6486111111111111,0.7180660710255965,0.3535967209470038,0,0,0.09735308800009079,6.572399797732942e-05,Computers,194
1,1,0.2,tshap_centroid,mrsqm,0.0,0.0,0.6611111111111111,0.8529214440504912,0.4956961719789622,0,0,0.09735308800009079,6.572399797732942e-05,Computers,194
1,1,0.05,tshap_zero,tshap_train,0.2857142857142857,0.4444444444444444,0.027777777777777776,0.3442666844479978,0.4742025024168086,0,0,0.10076520899747266,5.144779412999924,Computers,194
1,1,0.1,tshap_zero,tshap_train,0.5824175824175825,0.7361111111111112,0.02638888888888889,0.9290223726276188,0.631767205505497,0,0,0.10076520899747266,5.144779412999924,Computers,194
1,1,0.2,tshap_zero,tshap_train,0.7349397590361446,0.8472222222222222,0.030555555555555555,0.7710455492489923,0.7699791383885644,0,0,0.10076520899747266,5.144779412999924,Computers,194
1,1,0.05,tshap_zero,mrsqm,0.0,0.0,0.6930555555555555,0.3442666844479978,0.2364998369573641,0,0,0.10076520899747266,6.572399797732942e-05,Computers,194
1,1,0.1,tshap_zero,mrsqm,0.0,0.0,0.6708333333333333,0.9290223726276188,0.3535967209470038,0,0,0.10076520899747266,6.572399797732942e-05,Computers,194
1,1,0.2,tshap_zero,mrsqm,0.0,0.0,0.6291666666666667,0.7710455492489923,0.4956961719789622,0,0,0.10076520899747266,6.572399797732942e-05,Computers,194
1,1,0.05,tshap_train,mrsqm,0.0,0.0,0.6652777777777777,0.4742025024168086,0.2364998369573641,0,0,5.144779412999924,6.572399797732942e-05,Computers,194
1,1,0.1,tshap_train,mrsqm,0.0,0.0,0.6444444444444445,0.631767205505497,0.3535967209470038,0,0,5.144779412999924,6.572399797732942e-05,Computers,194
1,1,0.2,tshap_train,mrsqm,0.0,0.0,0.5986111111111111,0.7699791383885644,0.4956961719789622,0,0,5.144779412999924,6.572399797732942e-05,Computers,194
0,0,0.05,hydra,shapley_sampling,0.0,0.0,0.1,0.10053420668159685,0.16604555825701595,0,0,0.538500391998241,0.9707841599993117,Computers,29
0,0,0.1,hydra,shapley_sampling,0.0,0.0,0.1,0.19145608963508853,0.3505916468082029,0,0,0.538500391998241,0.9707841599993117,Computers,29
0,0,0.2,hydra,shapley_sampling,0.9459459459459459,0.9722222222222222,0.005555555555555556,0.45215880433524114,0.482433945272873,0,0,0.538500391998241,0.9707841599993117,Computers,29
0,0,0.05,hydra,feature_ablation,0.0,0.0,0.15,0.10053420668159685,0.20462418401844196,0,0,0.538500391998241,0.04066578899801243,Computers,29
0,0,0.1,hydra,feature_ablation,0.0,0.0,0.1,0.19145608963508853,0.35059163644481406,0,0,0.538500391998241,0.04066578899801243,Computers,29
0,0,0.2,hydra,feature_ablation,0.0,0.0,0.29444444444444445,0.45215880433524114,0.6044409838063254,0,0,0.538500391998241,0.04066578899801243,Computers,29
0,0,0.05,hydra,tshap_centroid,0.0,0.0,0.1597222222222222,0.10053420668159685,0.1684959962218231,0,0,0.538500391998241,0.09772734400030458,Computers,29
0,0,0.1,hydra,tshap_centroid,0.0,0.0,0.19583333333333333,0.19145608963508853,0.35939428723144395,0,0,0.538500391998241,0.09772734400030458,Computers,29
0,0,0.2,hydra,tshap_centroid,0.0,0.0,0.29444444444444445,0.45215880433524114,0.6044409971920188,0,0,0.538500391998241,0.09772734400030458,Computers,29
0,0,0.05,hydra,tshap_zero,0.0,0.0,0.1986111111111111,0.10053420668159685,0.16338055565346,0,0,0.538500391998241,0.10103253399938694,Computers,29
0,0,0.1,hydra,tshap_zero,0.0,0.0,0.23055555555555557,0.19145608963508853,0.3447788971939463,0,0,0.538500391998241,0.10103253399938694,Computers,29
0,0,0.2,hydra,tshap_zero,0.0,0.0,0.2972222222222222,0.45215880433524114,0.604753900635576,0,0,0.538500391998241,0.10103253399938694,Computers,29
0,0,0.05,hydra,tshap_train,0.0,0.0,0.19444444444444445,0.10053420668159685,0.1606571446752354,0,0,0.538500391998241,5.114127967997774,Computers,29
0,0,0.1,hydra,tshap_train,0.0,0.0,0.2388888888888889,0.19145608963508853,0.33491836003485775,0,0,0.538500391998241,5.114127967997774,Computers,29
0,0,0.2,hydra,tshap_train,0.0,0.0,0.3263888888888889,0.45215880433524114,0.5429357497968268,0,0,0.538500391998241,5.114127967997774,Computers,29
0,0,0.05,hydra,mrsqm,0.0,0.0,0.55,0.10053420668159685,-0.028569009064767892,0,0,0.538500391998241,3.2802003261167556e-05,Computers,29
0,0,0.1,hydra,mrsqm,0.0,0.0,0.55,0.19145608963508853,-0.15891246823703375,0,0,0.538500391998241,3.2802003261167556e-05,Computers,29
0,0,0.2,hydra,mrsqm,0.0,0.0,0.5444444444444444,0.45215880433524114,0.053644910536915,0,0,0.538500391998241,3.2802003261167556e-05,Computers,29
0,0,0.05,shapley_sampling,feature_ablation,0.0,0.0,0.05,0.16604555825701595,0.20462418401844196,0,0,0.9707841599993117,0.04066578899801243,Computers,29
0,0,0.1,shapley_sampling,feature_ablation,1.0,1.0,0.0,0.3505916468082029,0.35059163644481406,0,0,0.9707841599993117,0.04066578899801243,Computers,29
0,0,0.2,shapley_sampling,feature_ablation,0.0,0.0,0.3,0.482433945272873,0.6044409838063254,0,0,0.9707841599993117,0.04066578899801243,Computers,29
0,0,0.05,shapley_sampling,tshap_centroid,0.0,0.0,0.25972222222222224,0.16604555825701595,0.1684959962218231,0,0,0.9707841599993117,0.09772734400030458,Computers,29
0,0,0.1,shapley_sampling,tshap_centroid,0.0,0.0,0.29583333333333334,0.3505916468082029,0.35939428723144395,0,0,0.9707841599993117,0.09772734400030458,Computers,29
0,0,0.2,shapley_sampling,tshap_centroid,0.0,0.0,0.3,0.482433945272873,0.6044409971920188,0,0,0.9707841599993117,0.09772734400030458,Computers,29
0,0,0.05,shapley_sampling,tshap_zero,0.0,0.0,0.2986111111111111,0.16604555825701595,0.16338055565346,0,0,0.9707841599993117,0.10103253399938694,Computers,29
0,0,0.1,shapley_sampling,tshap_zero,0.0,0.0,0.33055555555555555,0.3505916468082029,0.3447788971939463,0,0,0.9707841599993117,0.10103253399938694,Computers,29
0,0,0.2,shapley_sampling,tshap_zero,0.0,0.0,0.30277777777777776,0.482433945272873,0.604753900635576,0,0,0.9707841599993117,0.10103253399938694,Computers,29
0,0,0.05,shapley_sampling,tshap_train,0.0,0.0,0.29444444444444445,0.16604555825701595,0.1606571446752354,0,0,0.9707841599993117,5.114127967997774,Computers,29
0,0,0.1,shapley_sampling,tshap_train,0.0,0.0,0.3388888888888889,0.3505916468082029,0.33491836003485775,0,0,0.9707841599993117,5.114127967997774,Computers,29
0,0,0.2,shapley_sampling,tshap_train,0.0,0.0,0.33194444444444443,0.482433945272873,0.5429357497968268,0,0,0.9707841599993117,5.114127967997774,Computers,29
0,0,0.05,shapley_sampling,mrsqm,0.0,0.0,0.65,0.16604555825701595,-0.028569009064767892,0,0,0.9707841599993117,3.2802003261167556e-05,Computers,29
0,0,0.1,shapley_sampling,mrsqm,0.0,0.0,0.65,0.3505916468082029,-0.15891246823703375,0,0,0.9707841599993117,3.2802003261167556e-05,Computers,29
0,0,0.2,shapley_sampling,mrsqm,0.0,0.0,0.55,0.482433945272873,0.053644910536915,0,0,0.9707841599993117,3.2802003261167556e-05,Computers,29
0,0,0.05,feature_ablation,tshap_centroid,0.0,0.0,0.30972222222222223,0.20462418401844196,0.1684959962218231,0,0,0.04066578899801243,0.09772734400030458,Computers,29
0,0,0.1,feature_ablation,tshap_centroid,0.0,0.0,0.29583333333333334,0.35059163644481406,0.35939428723144395,0,0,0.04066578899801243,0.09772734400030458,Computers,29
0,0,0.2,feature_ablation,tshap_centroid,1.0,1.0,0.0,0.6044409838063254,0.6044409971920188,0,0,0.04066578899801243,0.09772734400030458,Computers,29
0,0,0.05,feature_ablation,tshap_zero,0.0,0.0,0.3486111111111111,0.20462418401844196,0.16338055565346,0,0,0.04066578899801243,0.10103253399938694,Computers,29
0,0,0.1,feature_ablation,tshap_zero,0.0,0.0,0.33055555555555555,0.35059163644481406,0.3447788971939463,0,0,0.04066578899801243,0.10103253399938694,Computers,29
0,0,0.2,feature_ablation,tshap_zero,0.9726027397260274,0.9861111111111112,0.002777777777777778,0.6044409838063254,0.604753900635576,0,0,0.04066578899801243,0.10103253399938694,Computers,29
0,0,0.05,feature_ablation,tshap_train,0.0,0.0,0.34444444444444444,0.20462418401844196,0.1606571446752354,0,0,0.04066578899801243,5.114127967997774,Computers,29
0,0,0.1,feature_ablation,tshap_train,0.0,0.0,0.3388888888888889,0.35059163644481406,0.33491836003485775,0,0,0.04066578899801243,5.114127967997774,Computers,29
0,0,0.2,feature_ablation,tshap_train,0.7245508982035929,0.8402777777777778,0.03194444444444444,0.6044409838063254,0.5429357497968268,0,0,0.04066578899801243,5.114127967997774,Computers,29
0,0,0.05,feature_ablation,mrsqm,0.0,0.0,0.7,0.20462418401844196,-0.028569009064767892,0,0,0.04066578899801243,3.2802003261167556e-05,Computers,29
0,0,0.1,feature_ablation,mrsqm,0.0,0.0,0.65,0.35059163644481406,-0.15891246823703375,0,0,0.04066578899801243,3.2802003261167556e-05,Computers,29
0,0,0.2,feature_ablation,mrsqm,0.0,0.0,0.25,0.6044409838063254,0.053644910536915,0,0,0.04066578899801243,3.2802003261167556e-05,Computers,29
0,0,0.05,tshap_centroid,tshap_zero,0.125,0.2222222222222222,0.03888888888888889,0.1684959962218231,0.16338055565346,0,0,0.09772734400030458,0.10103253399938694,Computers,29
0,0,0.1,tshap_centroid,tshap_zero,0.4845360824742268,0.6527777777777778,0.034722222222222224,0.35939428723144395,0.3447788971939463,0,0,0.09772734400030458,0.10103253399938694,Computers,29
0,0,0.2,tshap_centroid,tshap_zero,0.9726027397260274,0.9861111111111112,0.002777777777777778,0.6044409971920188,0.604753900635576,0,0,0.09772734400030458,0.10103253399938694,Computers,29
0,0,0.05,tshap_centroid,tshap_train,0.18032786885245902,0.3055555555555556,0.034722222222222224,0.1684959962218231,0.1606571446752354,0,0,0.09772734400030458,5.114127967997774,Computers,29
0,0,0.1,tshap_centroid,tshap_train,0.39805825242718446,0.5694444444444444,0.043055555555555555,0.35939428723144395,0.33491836003485775,0,0,0.09772734400030458,5.114127967997774,Computers,29
0,0,0.2,tshap_centroid,tshap_train,0.7245508982035929,0.8402777777777778,0.03194444444444444,0.6044409971920188,0.5429357497968268,0,0,0.09772734400030458,5.114127967997774,Computers,29
0,0,0.05,tshap_centroid,mrsqm,0.0,0.0,0.3902777777777778,0.1684959962218231,-0.028569009064767892,0,0,0.09772734400030458,3.2802003261167556e-05,Computers,29
0,0,0.1,tshap_centroid,mrsqm,0.0,0.0,0.3541666666666667,0.35939428723144395,-0.15891246823703375,0,0,0.09772734400030458,3.2802003261167556e-05,Computers,29
0,0,0.2,tshap_centroid,mrsqm,0.0,0.0,0.25,0.6044409971920188,0.053644910536915,0,0,0.09772734400030458,3.2802003261167556e-05,Computers,29
0,0,0.05,tshap_zero,tshap_train,0.8461538461538461,0.9166666666666666,0.004166666666666667,0.16338055565346,0.1606571446752354,0,0,0.10103253399938694,5.114127967997774,Computers,29
0,0,0.1,tshap_zero,tshap_train,0.8461538461538461,0.9166666666666666,0.008333333333333333,0.3447788971939463,0.33491836003485775,0,0,0.10103253399938694,5.114127967997774,Computers,29
0,0,0.2,tshap_zero,tshap_train,0.7454545454545455,0.8541666666666666,0.029166666666666667,0.604753900635576,0.5429357497968268,0,0,0.10103253399938694,5.114127967997774,Computers,29
0,0,0.05,tshap_zero,mrsqm,0.0,0.0,0.35138888888888886,0.16338055565346,-0.028569009064767892,0,0,0.10103253399938694,3.2802003261167556e-05,Computers,29
0,0,0.1,tshap_zero,mrsqm,0.0,0.0,0.3194444444444444,0.3447788971939463,-0.15891246823703375,0,0,0.10103253399938694,3.2802003261167556e-05,Computers,29
0,0,0.2,tshap_zero,mrsqm,0.0,0.0,0.24722222222222223,0.604753900635576,0.053644910536915,0,0,0.10103253399938694,3.2802003261167556e-05,Computers,29
0,0,0.05,tshap_train,mrsqm,0.0,0.0,0.35555555555555557,0.1606571446752354,-0.028569009064767892,0,0,5.114127967997774,3.2802003261167556e-05,Computers,29
0,0,0.1,tshap_train,mrsqm,0.0,0.0,0.3111111111111111,0.33491836003485775,-0.15891246823703375,0,0,5.114127967997774,3.2802003261167556e-05,Computers,29
0,0,0.2,tshap_train,mrsqm,0.0,0.0,0.21805555555555556,0.5429357497968268,0.053644910536915,0,0,5.114127967997774,3.2802003261167556e-05,Computers,29
0,0,0.05,hydra,shapley_sampling,0.0,0.0,0.5402777777777777,-0.0440184899625628,-0.04743028292386092,0,0,0.5366935570018541,0.9929501100014022,Computers,20
0,0,0.1,hydra,shapley_sampling,0.0,0.0,0.5041666666666667,-0.1258221216601617,0.026889887452284877,0,0,0.5366935570018541,0.9929501100014022,Computers,20
0,0,0.2,hydra,shapley_sampling,0.0,0.0,0.4027777777777778,-0.18303908763808402,-0.12184650380020812,0,0,0.5366935570018541,0.9929501100014022,Computers,20
0,0,0.05,hydra,feature_ablation,0.0,0.0,0.30972222222222223,-0.0440184899625628,-0.21994209908787937,0,0,0.5366935570018541,0.04185116399821709,Computers,20
0,0,0.1,hydra,feature_ablation,0.0,0.0,0.3541666666666667,-0.1258221216601617,0.198412793745481,0,1,0.5366935570018541,0.04185116399821709,Computers,20
0,0,0.2,hydra,feature_ablation,0.0,0.0,0.2972222222222222,-0.18303908763808402,-0.779275429786501,0,0,0.5366935570018541,0.04185116399821709,Computers,20
0,0,0.05,hydra,tshap_centroid,0.07462686567164178,0.1388888888888889,0.043055555555555555,-0.0440184899625628,0.09599850226932587,0,0,0.5366935570018541,0.10244083799989312,Computers,20
0,0,0.1,hydra,tshap_centroid,0.34579439252336447,0.5138888888888888,0.04861111111111111,-0.1258221216601617,-0.035796183085483824,0,0,0.5366935570018541,0.10244083799989312,Computers,20
0,0,0.2,hydra,tshap_centroid,0.7245508982035929,0.8402777777777778,0.03194444444444444,-0.18303908763808402,0.03371464754590664,0,0,0.5366935570018541,0.10244083799989312,Computers,20
0,0,0.05,hydra,tshap_zero,0.0,0.0,0.14722222222222223,-0.0440184899625628,0.19414813878571616,0,1,0.5366935570018541,0.11517632200047956,Computers,20
0,0,0.1,hydra,tshap_zero,0.0,0.0,0.11666666666666667,-0.1258221216601617,-0.10874163442187551,0,0,0.5366935570018541,0.11517632200047956,Computers,20
0,0,0.2,hydra,tshap_zero,0.006993006993006993,0.013888888888888888,0.19722222222222222,-0.18303908763808402,-0.3371381043436499,0,0,0.5366935570018541,0.11517632200047956,Computers,20
0,0,0.05,hydra,tshap_train,0.0,0.0,0.13333333333333333,-0.0440184899625628,0.1779609917034626,0,1,0.5366935570018541,5.12325454099846,Computers,20
0,0,0.1,hydra,tshap_train,0.0,0.0,0.12222222222222222,-0.1258221216601617,0.33878582882333885,0,1,0.5366935570018541,5.12325454099846,Computers,20
0,0,0.2,hydra,tshap_train,0.0,0.0,0.25277777777777777,-0.18303908763808402,-0.4085834166832836,0,0,0.5366935570018541,5.12325454099846,Computers,20
0,0,0.05,hydra,mrsqm,0.0,0.0,0.30972222222222223,-0.0440184899625628,-0.21994210774600098,0,0,0.5366935570018541,0.00013601700266008265,Computers,20
0,0,0.1,hydra,mrsqm,0.0,0.0,0.29583333333333334,-0.1258221216601617,-0.4653700234244813,0,0,0.5366935570018541,0.00013601700266008265,Computers,20
0,0,0.2,hydra,mrsqm,0.0,0.0,0.2972222222222222,-0.18303908763808402,-0.7792754603340537,0,0,0.5366935570018541,0.00013601700266008265,Computers,20
0,0,0.05,shapley_sampling,feature_ablation,0.0,0.0,0.85,-0.04743028292386092,-0.21994209908787937,0,0,0.9929501100014022,0.04185116399821709,Computers,20
0,0,0.1,shapley_sampling,feature_ablation,0.0,0.0,0.15,0.026889887452284877,0.198412793745481,0,1,0.9929501100014022,0.04185116399821709,Computers,20
0,0,0.2,shapley_sampling,feature_ablation,0.0,0.0,0.7,-0.12184650380020812,-0.779275429786501,0,0,0.9929501100014022,0.04185116399821709,Computers,20
0,0,0.05,shapley_sampling,tshap_centroid,0.0,0.0,0.49722222222222223,-0.04743028292386092,0.09599850226932587,0,0,0.9929501100014022,0.10244083799989312,Computers,20
0,0,0.1,shapley_sampling,tshap_centroid,0.0,0.0,0.45555555555555555,0.026889887452284877,-0.035796183085483824,0,0,0.9929501100014022,0.10244083799989312,Computers,20
0,0,0.2,shapley_sampling,tshap_centroid,0.0,0.0,0.37083333333333335,-0.12184650380020812,0.03371464754590664,0,0,0.9929501100014022,0.10244083799989312,Computers,20
0,0,0.05,shapley_sampling,tshap_zero,0.0,0.0,0.39305555555555555,-0.04743028292386092,0.19414813878571616,0,1,0.9929501100014022,0.11517632200047956,Computers,20
0,0,0.1,shapley_sampling,tshap_zero,0.0,0.0,0.6208333333333333,0.026889887452284877,-0.10874163442187551,0,0,0.9929501100014022,0.11517632200047956,Computers,20
0,0,0.2,shapley_sampling,tshap_zero,0.0,0.0,0.6,-0.12184650380020812,-0.3371381043436499,0,0,0.9929501100014022,0.11517632200047956,Computers,20
0,0,0.05,shapley_sampling,tshap_train,0.0,0.0,0.40694444444444444,-0.04743028292386092,0.1779609917034626,0,1,0.9929501100014022,5.12325454099846,Computers,20
0,0,0.1,shapley_sampling,tshap_train,0.0,0.0,0.3819444444444444,0.026889887452284877,0.33878582882333885,0,1,0.9929501100014022,5.12325454099846,Computers,20
0,0,0.2,shapley_sampling,tshap_train,0.0,0.0,0.6555555555555556,-0.12184650380020812,-0.4085834166832836,0,0,0.9929501100014022,5.12325454099846,Computers,20
0,0,0.05,shapley_sampling,mrsqm,0.0,0.0,0.85,-0.04743028292386092,-0.21994210774600098,0,0,0.9929501100014022,0.00013601700266008265,Computers,20
0,0,0.1,shapley_sampling,mrsqm,0.0,0.0,0.8,0.026889887452284877,-0.4653700234244813,0,0,0.9929501100014022,0.00013601700266008265,Computers,20
0,0,0.2,shapley_sampling,mrsqm,0.0,0.0,0.7,-0.12184650380020812,-0.7792754603340537,0,0,0.9929501100014022,0.00013601700266008265,Computers,20
0,0,0.05,feature_ablation,tshap_centroid,0.0,0.0,0.3527777777777778,-0.21994209908787937,0.09599850226932587,0,0,0.04185116399821709,0.10244083799989312,Computers,20
0,0,0.1,feature_ablation,tshap_centroid,0.0,0.0,0.3055555555555556,0.198412793745481,-0.035796183085483824,1,0,0.04185116399821709,0.10244083799989312,Computers,20
0,0,0.2,feature_ablation,tshap_centroid,0.0,0.0,0.32916666666666666,-0.779275429786501,0.03371464754590664,0,0,0.04185116399821709,0.10244083799989312,Computers,20
0,0,0.05,feature_ablation,tshap_zero,0.0,0.0,0.45694444444444443,-0.21994209908787937,0.19414813878571616,0,1,0.04185116399821709,0.11517632200047956,Computers,20
0,0,0.1,feature_ablation,tshap_zero,0.0,0.0,0.4708333333333333,0.198412793745481,-0.10874163442187551,1,0,0.04185116399821709,0.11517632200047956,Computers,20
0,0,0.2,feature_ablation,tshap_zero,0.3333333333333333,0.5,0.1,-0.779275429786501,-0.3371381043436499,0,0,0.04185116399821709,0.11517632200047956,Computers,20
0,0,0.05,feature_ablation,tshap_train,0.0,0.0,0.44305555555555554,-0.21994209908787937,0.1779609917034626,0,1,0.04185116399821709,5.12325454099846,Computers,20
0,0,0.1,feature_ablation,tshap_train,0.0,0.0,0.23194444444444445,0.198412793745481,0.33878582882333885,1,1,0.04185116399821709,5.12325454099846,Computers,20
0,0,0.2,feature_ablation,tshap_train,0.6363636363636364,0.7777777777777778,0.044444444444444446,-0.779275429786501,-0.4085834166832836,0,0,0.04185116399821709,5.12325454099846,Computers,20
0,0,0.05,feature_ablation,mrsqm,1.0,1.0,0.0,-0.21994209908787937,-0.21994210774600098,0,0,0.04185116399821709,0.00013601700266008265,Computers,20
0,0,0.1,feature_ablation,mrsqm,0.0,0.0,0.65,0.198412793745481,-0.4653700234244813,1,0,0.04185116399821709,0.00013601700266008265,Computers,20
0,0,0.2,feature_ablation,mrsqm,1.0,1.0,0.0,-0.779275429786501,-0.7792754603340537,0,0,0.04185116399821709,0.00013601700266008265,Computers,20
0,0,0.05,tshap_centroid,tshap_zero,0.0,0.0,0.10416666666666667,0.09599850226932587,0.19414813878571616,0,1,0.10244083799989312,0.11517632200047956,Computers,20
0,0,0.1,tshap_centroid,tshap_zero,0.0,0.0,0.16527777777777777,-0.035796183085483824,-0.10874163442187551,0,0,0.10244083799989312,0.11517632200047956,Computers,20
0,0,0.2,tshap_centroid,tshap_zero,0.0,0.0,0.22916666666666666,0.03371464754590664,-0.3371381043436499,0,0,0.10244083799989312,0.11517632200047956,Computers,20
0,0,0.05,tshap_centroid,tshap_train,0.0,0.0,0.09027777777777778,0.09599850226932587,0.1779609917034626,0,1,0.10244083799989312,5.12325454099846,Computers,20
0,0,0.1,tshap_centroid,tshap_train,0.152,0.2638888888888889,0.07361111111111111,-0.035796183085483824,0.33878582882333885,0,1,0.10244083799989312,5.12325454099846,Computers,20
0,0,0.2,tshap_centroid,tshap_train,0.0,0.0,0.2847222222222222,0.03371464754590664,-0.4085834166832836,0,0,0.10244083799989312,5.12325454099846,Computers,20
0,0,0.05,tshap_centroid,mrsqm,0.0,0.0,0.3527777777777778,0.09599850226932587,-0.21994210774600098,0,0,0.10244083799989312,0.00013601700266008265,Computers,20
0,0,0.1,tshap_centroid,mrsqm,0.0,0.0,0.34444444444444444,-0.035796183085483824,-0.4653700234244813,0,0,0.10244083799989312,0.00013601700266008265,Computers,20
0,0,0.2,tshap_centroid,mrsqm,0.0,0.0,0.32916666666666666,0.03371464754590664,-0.7792754603340537,0,0,0.10244083799989312,0.00013601700266008265,Computers,20
0,0,0.05,tshap_zero,tshap_train,0.5652173913043478,0.7222222222222222,0.013888888888888888,0.19414813878571616,0.1779609917034626,1,1,0.11517632200047956,5.12325454099846,Computers,20
0,0,0.1,tshap_zero,tshap_train,0.0,0.0,0.2388888888888889,-0.10874163442187551,0.33878582882333885,0,1,0.11517632200047956,5.12325454099846,Computers,20
0,0,0.2,tshap_zero,tshap_train,0.5652173913043478,0.7222222222222222,0.05555555555555555,-0.3371381043436499,-0.4085834166832836,0,0,0.11517632200047956,5.12325454099846,Computers,20
0,0,0.05,tshap_zero,mrsqm,0.0,0.0,0.45694444444444443,0.19414813878571616,-0.21994210774600098,1,0,0.11517632200047956,0.00013601700266008265,Computers,20
0,0,0.1,tshap_zero,mrsqm,0.0,0.0,0.17916666666666667,-0.10874163442187551,-0.4653700234244813,0,0,0.11517632200047956,0.00013601700266008265,Computers,20
0,0,0.2,tshap_zero,mrsqm,0.3333333333333333,0.5,0.1,-0.3371381043436499,-0.7792754603340537,0,0,0.11517632200047956,0.00013601700266008265,Computers,20
0,0,0.05,tshap_train,mrsqm,0.0,0.0,0.44305555555555554,0.1779609917034626,-0.21994210774600098,1,0,5.12325454099846,0.00013601700266008265,Computers,20
0,0,0.1,tshap_train,mrsqm,0.0,0.0,0.41805555555555557,0.33878582882333885,-0.4653700234244813,1,0,5.12325454099846,0.00013601700266008265,Computers,20
0,0,0.2,tshap_train,mrsqm,0.6363636363636364,0.7777777777777778,0.044444444444444446,-0.4085834166832836,-0.7792754603340537,0,0,5.12325454099846,0.00013601700266008265,Computers,20
1,1,0.05,hydra,shapley_sampling,0.0,0.0,0.29444444444444445,0.13310101839674532,0.074507746645601,1,1,0.5391380549990572,0.9691329679990304,Computers,150
1,1,0.1,hydra,shapley_sampling,0.0,0.0,0.25277777777777777,-0.04837694101275908,0.018846453803026353,0,0,0.5391380549990572,0.9691329679990304,Computers,150
1,1,0.2,hydra,shapley_sampling,0.13385826771653545,0.2361111111111111,0.1527777777777778,-0.1238544682509733,0.015489141142184373,0,0,0.5391380549990572,0.9691329679990304,Computers,150
1,1,0.05,hydra,feature_ablation,0.0,0.0,0.09444444444444444,0.13310101839674532,0.21262578282410588,1,1,0.5391380549990572,0.04040368599817157,Computers,150
1,1,0.1,hydra,feature_ablation,0.0,0.0,0.10277777777777777,-0.04837694101275908,-0.02182742466955205,0,0,0.5391380549990572,0.04040368599817157,Computers,150
1,1,0.2,hydra,feature_ablation,0.3211009174311927,0.4861111111111111,0.10277777777777777,-0.1238544682509733,-0.16306268424249448,0,0,0.5391380549990572,0.04040368599817157,Computers,150
1,1,0.05,hydra,tshap_centroid,0.0,0.0,0.5902777777777778,0.13310101839674532,0.04407045422075709,1,1,0.5391380549990572,0.09696847300074296,Computers,150
1,1,0.1,hydra,tshap_centroid,0.0,0.0,0.6041666666666666,-0.04837694101275908,-0.001926559453224952,0,0,0.5391380549990572,0.09696847300074296,Computers,150
1,1,0.2,hydra,tshap_centroid,0.0,0.0,0.6416666666666667,-0.1238544682509733,0.27165648240942947,0,1,0.5391380549990572,0.09696847300074296,Computers,150
1,1,0.05,hydra,tshap_zero,0.0,0.0,0.19027777777777777,0.13310101839674532,-0.028430234616812405,1,0,0.5391380549990572,0.10069806299725315,Computers,150
1,1,0.1,hydra,tshap_zero,0.0,0.0,0.2013888888888889,-0.04837694101275908,-0.19951925821448224,0,0,0.5391380549990572,0.10069806299725315,Computers,150
1,1,0.2,hydra,tshap_zero,0.0,0.0,0.25833333333333336,-0.1238544682509733,-0.4216397874132303,0,0,0.5391380549990572,0.10069806299725315,Computers,150
1,1,0.05,hydra,tshap_train,0.0,0.0,0.15,0.13310101839674532,-0.07991710560205563,1,0,0.5391380549990572,5.139078517000598,Computers,150
1,1,0.1,hydra,tshap_train,0.0,0.0,0.12916666666666668,-0.04837694101275908,-0.1864038784449346,0,0,0.5391380549990572,5.139078517000598,Computers,150
1,1,0.2,hydra,tshap_train,0.0,0.0,0.28194444444444444,-0.1238544682509733,-0.4816366516899835,0,0,0.5391380549990572,5.139078517000598,Computers,150
1,1,0.05,hydra,mrsqm,0.0,0.0,0.6555555555555556,0.13310101839674532,0.1757834481938098,1,1,0.5391380549990572,3.092800034210086e-05,Computers,150
1,1,0.1,hydra,mrsqm,0.0,0.0,0.6472222222222223,-0.04837694101275908,0.21092360628579992,0,1,0.5391380549990572,3.092800034210086e-05,Computers,150
1,1,0.2,hydra,mrsqm,0.0,0.0,0.6472222222222223,-0.1238544682509733,0.34300401038413336,0,1,0.5391380549990572,3.092800034210086e-05,Computers,150
1,1,0.05,shapley_sampling,feature_ablation,0.0,0.0,0.2,0.074507746645601,0.21262578282410588,1,1,0.9691329679990304,0.04040368599817157,Computers,150
1,1,0.1,shapley_sampling,feature_ablation,0.0,0.0,0.15,0.018846453803026353,-0.02182742466955205,0,0,0.9691329679990304,0.04040368599817157,Computers,150
1,1,0.2,shapley_sampling,feature_ablation,0.6,0.75,0.05,0.015489141142184373,-0.16306268424249448,0,0,0.9691329679990304,0.04040368599817157,Computers,150
1,1,0.05,shapley_sampling,tshap_centroid,0.0,0.0,0.8847222222222222,0.074507746645601,0.04407045422075709,1,1,0.9691329679990304,0.09696847300074296,Computers,150
1,1,0.1,shapley_sampling,tshap_centroid,0.0,0.0,0.8569444444444444,0.018846453803026353,-0.001926559453224952,0,0,0.9691329679990304,0.09696847300074296,Computers,150
1,1,0.2,shapley_sampling,tshap_centroid,0.0,0.0,0.7944444444444444,0.015489141142184373,0.27165648240942947,0,1,0.9691329679990304,0.09696847300074296,Computers,150
1,1,0.05,shapley_sampling,tshap_zero,0.0,0.0,0.4847222222222222,0.074507746645601,-0.028430234616812405,1,0,0.9691329679990304,0.10069806299725315,Computers,150
1,1,0.1,shapley_sampling,tshap_zero,0.0,0.0,0.45416666666666666,0.018846453803026353,-0.19951925821448224,0,0,0.9691329679990304,0.10069806299725315,Computers,150
1,1,0.2,shapley_sampling,tshap_zero,0.0,0.0,0.4111111111111111,0.015489141142184373,-0.4216397874132303,0,0,0.9691329679990304,0.10069806299725315,Computers,150
1,1,0.05,shapley_sampling,tshap_train,0.0,0.0,0.14444444444444443,0.074507746645601,-0.07991710560205563,1,0,0.9691329679990304,5.139078517000598,Computers,150
1,1,0.1,shapley_sampling,tshap_train,0.0,0.0,0.12361111111111112,0.018846453803026353,-0.1864038784449346,0,0,0.9691329679990304,5.139078517000598,Computers,150
1,1,0.2,shapley_sampling,tshap_train,0.0,0.0,0.43472222222222223,0.015489141142184373,-0.4816366516899835,0,0,0.9691329679990304,5.139078517000598,Computers,150
1,1,0.05,shapley_sampling,mrsqm,0.0,0.0,0.95,0.074507746645601,0.1757834481938098,1,1,0.9691329679990304,3.092800034210086e-05,Computers,150
1,1,0.1,shapley_sampling,mrsqm,0.0,0.0,0.9,0.018846453803026353,0.21092360628579992,0,1,0.9691329679990304,3.092800034210086e-05,Computers,150
1,1,0.2,shapley_sampling,mrsqm,0.0,0.0,0.8,0.015489141142184373,0.34300401038413336,0,1,0.9691329679990304,3.092800034210086e-05,Computers,150
1,1,0.05,feature_ablation,tshap_centroid,0.0,0.0,0.6847222222222222,0.21262578282410588,0.04407045422075709,1,1,0.04040368599817157,0.09696847300074296,Computers,150
1,1,0.1,feature_ablation,tshap_centroid,0.0,0.0,0.7069444444444445,-0.02182742466955205,-0.001926559453224952,0,0,0.04040368599817157,0.09696847300074296,Computers,150
1,1,0.2,feature_ablation,tshap_centroid,0.0,0.0,0.7444444444444445,-0.16306268424249448,0.27165648240942947,0,1,0.04040368599817157,0.09696847300074296,Computers,150
1,1,0.05,feature_ablation,tshap_zero,0.0,0.0,0.2847222222222222,0.21262578282410588,-0.028430234616812405,1,0,0.04040368599817157,0.10069806299725315,Computers,150
1,1,0.1,feature_ablation,tshap_zero,0.0,0.0,0.30416666666666664,-0.02182742466955205,-0.19951925821448224,0,0,0.04040368599817157,0.10069806299725315,Computers,150
1,1,0.2,feature_ablation,tshap_zero,0.0,0.0,0.3611111111111111,-0.16306268424249448,-0.4216397874132303,0,0,0.04040368599817157,0.10069806299725315,Computers,150
1,1,0.05,feature_ablation,tshap_train,0.0,0.0,0.05555555555555555,0.21262578282410588,-0.07991710560205563,1,0,0.04040368599817157,5.139078517000598,Computers,150
1,1,0.1,feature_ablation,tshap_train,0.5824175824175825,0.7361111111111112,0.02638888888888889,-0.02182742466955205,-0.1864038784449346,0,0,0.04040368599817157,5.139078517000598,Computers,150
1,1,0.2,feature_ablation,tshap_train,0.0,0.0,0.38472222222222224,-0.16306268424249448,-0.4816366516899835,0,0,0.04040368599817157,5.139078517000598,Computers,150
1,1,0.05,feature_ablation,mrsqm,0.0,0.0,0.75,0.21262578282410588,0.1757834481938098,1,1,0.04040368599817157,3.092800034210086e-05,Computers,150
1,1,0.1,feature_ablation,mrsqm,0.0,0.0,0.75,-0.02182742466955205,0.21092360628579992,0,1,0.04040368599817157,3.092800034210086e-05,Computers,150
1,1,0.2,feature_ablation,mrsqm,0.0,0.0,0.75,-0.16306268424249448,0.34300401038413336,0,1,0.04040368599817157,3.092800034210086e-05,Computers,150
1,1,0.05,tshap_centroid,tshap_zero,0.0,0.0,0.4,0.04407045422075709,-0.028430234616812405,1,0,0.09696847300074296,0.10069806299725315,Computers,150
1,1,0.1,tshap_centroid,tshap_zero,0.0,0.0,0.4027777777777778,-0.001926559453224952,-0.19951925821448224,0,0,0.09696847300074296,0.10069806299725315,Computers,150
1,1,0.2,tshap_centroid,tshap_zero,0.0,0.0,0.38333333333333336,0.27165648240942947,-0.4216397874132303,1,0,0.09696847300074296,0.10069806299725315,Computers,150
1,1,0.05,tshap_centroid,tshap_train,0.0,0.0,0.7402777777777778,0.04407045422075709,-0.07991710560205563,1,0,0.09696847300074296,5.139078517000598,Computers,150
1,1,0.1,tshap_centroid,tshap_train,0.0,0.0,0.7333333333333333,-0.001926559453224952,-0.1864038784449346,0,0,0.09696847300074296,5.139078517000598,Computers,150
1,1,0.2,tshap_centroid,tshap_train,0.0,0.0,0.3597222222222222,0.27165648240942947,-0.4816366516899835,1,0,0.09696847300074296,5.139078517000598,Computers,150
1,1,0.05,tshap_centroid,mrsqm,0.0,0.0,0.06527777777777778,0.04407045422075709,0.1757834481938098,1,1,0.09696847300074296,3.092800034210086e-05,Computers,150
1,1,0.1,tshap_centroid,mrsqm,0.39805825242718446,0.5694444444444444,0.043055555555555555,-0.001926559453224952,0.21092360628579992,0,1,0.09696847300074296,3.092800034210086e-05,Computers,150
1,1,0.2,tshap_centroid,mrsqm,0.9459459459459459,0.9722222222222222,0.005555555555555556,0.27165648240942947,0.34300401038413336,1,1,0.09696847300074296,3.092800034210086e-05,Computers,150
1,1,0.05,tshap_zero,tshap_train,0.0,0.0,0.3402777777777778,-0.028430234616812405,-0.07991710560205563,0,0,0.10069806299725315,5.139078517000598,Computers,150
1,1,0.1,tshap_zero,tshap_train,0.0,0.0,0.33055555555555555,-0.19951925821448224,-0.1864038784449346,0,0,0.10069806299725315,5.139078517000598,Computers,150
1,1,0.2,tshap_zero,tshap_train,0.7888198757763976,0.8819444444444444,0.02361111111111111,-0.4216397874132303,-0.4816366516899835,0,0,0.10069806299725315,5.139078517000598,Computers,150
1,1,0.05,tshap_zero,mrsqm,0.0,0.0,0.4652777777777778,-0.028430234616812405,0.1757834481938098,0,1,0.10069806299725315,3.092800034210086e-05,Computers,150
1,1,0.1,tshap_zero,mrsqm,0.0,0.0,0.44583333333333336,-0.19951925821448224,0.21092360628579992,0,1,0.10069806299725315,3.092800034210086e-05,Computers,150
1,1,0.2,tshap_zero,mrsqm,0.0,0.0,0.3888888888888889,-0.4216397874132303,0.34300401038413336,0,1,0.10069806299725315,3.092800034210086e-05,Computers,150
1,1,0.05,tshap_train,mrsqm,0.0,0.0,0.8055555555555556,-0.07991710560205563,0.1757834481938098,0,1,5.139078517000598,3.092800034210086e-05,Computers,150
1,1,0.1,tshap_train,mrsqm,0.0,0.0,0.7763888888888889,-0.1864038784449346,0.21092360628579992,0,1,5.139078517000598,3.092800034210086e-05,Computers,150
1,1,0.2,tshap_train,mrsqm,0.0,0.0,0.36527777777777776,-0.4816366516899835,0.34300401038413336,0,1,5.139078517000598,3.092800034210086e-05,Computers,150
1,1,0.05,hydra,shapley_sampling,1.0,1.0,0.0,1.7849944765249017,1.7849944803030504,1,1,0.5390493380000407,0.9705409919988597,Computers,134
1,1,0.1,hydra,shapley_sampling,1.0,1.0,0.0,1.4841581223386953,1.4841581310611005,1,1,0.5390493380000407,0.9705409919988597,Computers,134
1,1,0.2,hydra,shapley_sampling,1.0,1.0,0.0,1.5581089657810798,1.558108974558235,1,1,0.5390493380000407,0.9705409919988597,Computers,134
1,1,0.05,hydra,feature_ablation,1.0,1.0,0.0,1.7849944765249017,1.7849944831578703,1,1,0.5390493380000407,0.045049251999444095,Computers,134
1,1,0.1,hydra,feature_ablation,1.0,1.0,0.0,1.4841581223386953,1.484158134845433,1,1,0.5390493380000407,0.045049251999444095,Computers,134
1,1,0.2,hydra,feature_ablation,1.0,1.0,0.0,1.5581089657810798,1.5581089817423335,1,1,0.5390493380000407,0.045049251999444095,Computers,134
1,1,0.05,hydra,tshap_centroid,0.0,0.0,0.0875,1.7849944765249017,0.14864672638184584,1,0,0.5390493380000407,0.10183783100001165,Computers,134
1,1,0.1,hydra,tshap_centroid,0.16129032258064516,0.2777777777777778,0.07222222222222222,1.4841581223386953,-0.05589821283069085,1,0,0.5390493380000407,0.10183783100001165,Computers,134
1,1,0.2,hydra,tshap_centroid,0.6551724137931034,0.7916666666666666,0.041666666666666664,1.5581089657810798,-0.058571732032792534,1,0,0.5390493380000407,0.10183783100001165,Computers,134
1,1,0.05,hydra,tshap_zero,0.7142857142857143,0.8333333333333334,0.008333333333333333,1.7849944765249017,0.8251645309929194,1,0,0.5390493380000407,0.10068399600277189,Computers,134
1,1,0.1,hydra,tshap_zero,0.9726027397260274,0.9861111111111112,0.001388888888888889,1.4841581223386953,0.979226910952766,1,0,0.5390493380000407,0.10068399600277189,Computers,134
1,1,0.2,hydra,tshap_zero,0.9459459459459459,0.9722222222222222,0.005555555555555556,1.5581089657810798,0.9260815827942377,1,0,0.5390493380000407,0.10068399600277189,Computers,134
1,1,0.05,hydra,tshap_train,0.0,0.0,0.06805555555555555,1.7849944765249017,0.14824983482715814,1,0,0.5390493380000407,5.106391225999687,Computers,134
1,1,0.1,hydra,tshap_train,0.2857142857142857,0.4444444444444444,0.05555555555555555,1.4841581223386953,0.030533203385136654,1,0,0.5390493380000407,5.106391225999687,Computers,134
1,1,0.2,hydra,tshap_train,0.0,0.0,0.7166666666666667,1.5581089657810798,0.29797306037281035,1,0,0.5390493380000407,5.106391225999687,Computers,134
1,1,0.05,hydra,mrsqm,0.0,0.0,0.95,1.7849944765249017,0.5370839666886585,1,0,0.5390493380000407,3.237100099795498e-05,Computers,134
1,1,0.1,hydra,mrsqm,0.0,0.0,0.9,1.4841581223386953,0.659445484238703,1,0,0.5390493380000407,3.237100099795498e-05,Computers,134
1,1,0.2,hydra,mrsqm,0.0,0.0,0.8,1.5581089657810798,0.8610603698813358,1,0,0.5390493380000407,3.237100099795498e-05,Computers,134
1,1,0.05,shapley_sampling,feature_ablation,1.0,1.0,0.0,1.7849944803030504,1.7849944831578703,1,1,0.9705409919988597,0.045049251999444095,Computers,134
1,1,0.1,shapley_sampling,feature_ablation,1.0,1.0,0.0,1.4841581310611005,1.484158134845433,1,1,0.9705409919988597,0.045049251999444095,Computers,134
1,1,0.2,shapley_sampling,feature_ablation,1.0,1.0,0.0,1.558108974558235,1.5581089817423335,1,1,0.9705409919988597,0.045049251999444095,Computers,134
1,1,0.05,shapley_sampling,tshap_centroid,0.0,0.0,0.0875,1.7849944803030504,0.14864672638184584,1,0,0.9705409919988597,0.10183783100001165,Computers,134
1,1,0.1,shapley_sampling,tshap_centroid,0.16129032258064516,0.2777777777777778,0.07222222222222222,1.4841581310611005,-0.05589821283069085,1,0,0.9705409919988597,0.10183783100001165,Computers,134
1,1,0.2,shapley_sampling,tshap_centroid,0.6551724137931034,0.7916666666666666,0.041666666666666664,1.558108974558235,-0.058571732032792534,1,0,0.9705409919988597,0.10183783100001165,Computers,134
1,1,0.05,shapley_sampling,tshap_zero,0.7142857142857143,0.8333333333333334,0.008333333333333333,1.7849944803030504,0.8251645309929194,1,0,0.9705409919988597,0.10068399600277189,Computers,134
1,1,0.1,shapley_sampling,tshap_zero,0.9726027397260274,0.9861111111111112,0.001388888888888889,1.4841581310611005,0.979226910952766,1,0,0.9705409919988597,0.10068399600277189,Computers,134
1,1,0.2,shapley_sampling,tshap_zero,0.9459459459459459,0.9722222222222222,0.005555555555555556,1.558108974558235,0.9260815827942377,1,0,0.9705409919988597,0.10068399600277189,Computers,134
1,1,0.05,shapley_sampling,tshap_train,0.0,0.0,0.06805555555555555,1.7849944803030504,0.14824983482715814,1,0,0.9705409919988597,5.106391225999687,Computers,134
1,1,0.1,shapley_sampling,tshap_train,0.2857142857142857,0.4444444444444444,0.05555555555555555,1.4841581310611005,0.030533203385136654,1,0,0.9705409919988597,5.106391225999687,Computers,134
1,1,0.2,shapley_sampling,tshap_train,0.0,0.0,0.7166666666666667,1.558108974558235,0.29797306037281035,1,0,0.9705409919988597,5.106391225999687,Computers,134
1,1,0.05,shapley_sampling,mrsqm,0.0,0.0,0.95,1.7849944803030504,0.5370839666886585,1,0,0.9705409919988597,3.237100099795498e-05,Computers,134
1,1,0.1,shapley_sampling,mrsqm,0.0,0.0,0.9,1.4841581310611005,0.659445484238703,1,0,0.9705409919988597,3.237100099795498e-05,Computers,134
1,1,0.2,shapley_sampling,mrsqm,0.0,0.0,0.8,1.558108974558235,0.8610603698813358,1,0,0.9705409919988597,3.237100099795498e-05,Computers,134
1,1,0.05,feature_ablation,tshap_centroid,0.0,0.0,0.0875,1.7849944831578703,0.14864672638184584,1,0,0.045049251999444095,0.10183783100001165,Computers,134
1,1,0.1,feature_ablation,tshap_centroid,0.16129032258064516,0.2777777777777778,0.07222222222222222,1.484158134845433,-0.05589821283069085,1,0,0.045049251999444095,0.10183783100001165,Computers,134
1,1,0.2,feature_ablation,tshap_centroid,0.6551724137931034,0.7916666666666666,0.041666666666666664,1.5581089817423335,-0.058571732032792534,1,0,0.045049251999444095,0.10183783100001165,Computers,134
1,1,0.05,feature_ablation,tshap_zero,0.7142857142857143,0.8333333333333334,0.008333333333333333,1.7849944831578703,0.8251645309929194,1,0,0.045049251999444095,0.10068399600277189,Computers,134
1,1,0.1,feature_ablation,tshap_zero,0.9726027397260274,0.9861111111111112,0.001388888888888889,1.484158134845433,0.979226910952766,1,0,0.045049251999444095,0.10068399600277189,Computers,134
1,1,0.2,feature_ablation,tshap_zero,0.9459459459459459,0.9722222222222222,0.005555555555555556,1.5581089817423335,0.9260815827942377,1,0,0.045049251999444095,0.10068399600277189,Computers,134
1,1,0.05,feature_ablation,tshap_train,0.0,0.0,0.06805555555555555,1.7849944831578703,0.14824983482715814,1,0,0.045049251999444095,5.106391225999687,Computers,134
1,1,0.1,feature_ablation,tshap_train,0.2857142857142857,0.4444444444444444,0.05555555555555555,1.484158134845433,0.030533203385136654,1,0,0.045049251999444095,5.106391225999687,Computers,134
1,1,0.2,feature_ablation,tshap_train,0.0,0.0,0.7166666666666667,1.5581089817423335,0.29797306037281035,1,0,0.045049251999444095,5.106391225999687,Computers,134
1,1,0.05,feature_ablation,mrsqm,0.0,0.0,0.95,1.7849944831578703,0.5370839666886585,1,0,0.045049251999444095,3.237100099795498e-05,Computers,134
1,1,0.1,feature_ablation,mrsqm,0.0,0.0,0.9,1.484158134845433,0.659445484238703,1,0,0.045049251999444095,3.237100099795498e-05,Computers,134
1,1,0.2,feature_ablation,mrsqm,0.0,0.0,0.8,1.5581089817423335,0.8610603698813358,1,0,0.045049251999444095,3.237100099795498e-05,Computers,134
1,1,0.05,tshap_centroid,tshap_zero,0.0,0.0,0.07916666666666666,0.14864672638184584,0.8251645309929194,0,0,0.10183783100001165,0.10068399600277189,Computers,134
1,1,0.1,tshap_centroid,tshap_zero,0.17073170731707318,0.2916666666666667,0.07083333333333333,-0.05589821283069085,0.979226910952766,0,0,0.10183783100001165,0.10068399600277189,Computers,134
1,1,0.2,tshap_centroid,tshap_zero,0.6941176470588235,0.8194444444444444,0.03611111111111111,-0.058571732032792534,0.9260815827942377,0,0,0.10183783100001165,0.10068399600277189,Computers,134
1,1,0.05,tshap_centroid,tshap_train,0.44,0.6111111111111112,0.019444444444444445,0.14864672638184584,0.14824983482715814,0,0,0.10183783100001165,5.106391225999687,Computers,134
1,1,0.1,tshap_centroid,tshap_train,0.7142857142857143,0.8333333333333334,0.016666666666666666,-0.05589821283069085,0.030533203385136654,0,0,0.10183783100001165,5.106391225999687,Computers,134
1,1,0.2,tshap_centroid,tshap_train,0.0,0.0,0.675,-0.058571732032792534,0.29797306037281035,0,0,0.10183783100001165,5.106391225999687,Computers,134
1,1,0.05,tshap_centroid,mrsqm,0.0,0.0,0.8625,0.14864672638184584,0.5370839666886585,0,0,0.10183783100001165,3.237100099795498e-05,Computers,134
1,1,0.1,tshap_centroid,mrsqm,0.0,0.0,0.8277777777777777,-0.05589821283069085,0.659445484238703,0,0,0.10183783100001165,3.237100099795498e-05,Computers,134
1,1,0.2,tshap_centroid,mrsqm,0.0,0.0,0.7583333333333333,-0.058571732032792534,0.8610603698813358,0,0,0.10183783100001165,3.237100099795498e-05,Computers,134
1,1,0.05,tshap_zero,tshap_train,0.0,0.0,0.059722222222222225,0.8251645309929194,0.14824983482715814,0,0,0.10068399600277189,5.106391225999687,Computers,134
1,1,0.1,tshap_zero,tshap_train,0.2972972972972973,0.4583333333333333,0.05416666666666667,0.979226910952766,0.030533203385136654,0,0,0.10068399600277189,5.106391225999687,Computers,134
1,1,0.2,tshap_zero,tshap_train,0.0,0.0,0.7111111111111111,0.9260815827942377,0.29797306037281035,0,0,0.10068399600277189,5.106391225999687,Computers,134
1,1,0.05,tshap_zero,mrsqm,0.0,0.0,0.9416666666666667,0.8251645309929194,0.5370839666886585,0,0,0.10068399600277189,3.237100099795498e-05,Computers,134
1,1,0.1,tshap_zero,mrsqm,0.0,0.0,0.8986111111111111,0.979226910952766,0.659445484238703,0,0,0.10068399600277189,3.237100099795498e-05,Computers,134
1,1,0.2,tshap_zero,mrsqm,0.0,0.0,0.7944444444444444,0.9260815827942377,0.8610603698813358,0,0,0.10068399600277189,3.237100099795498e-05,Computers,134
1,1,0.05,tshap_train,mrsqm,0.0,0.0,0.8819444444444444,0.14824983482715814,0.5370839666886585,0,0,5.106391225999687,3.237100099795498e-05,Computers,134
1,1,0.1,tshap_train,mrsqm,0.0,0.0,0.8444444444444444,0.030533203385136654,0.659445484238703,0,0,5.106391225999687,3.237100099795498e-05,Computers,134
1,1,0.2,tshap_train,mrsqm,0.4117647058823529,0.5833333333333334,0.08333333333333333,0.29797306037281035,0.8610603698813358,0,0,5.106391225999687,3.237100099795498e-05,Computers,134
0,0,0.05,hydra,shapley_sampling,0.0,0.0,0.11527777777777778,-0.014057563494614178,-0.16394465797910895,0,0,0.5416831410002487,0.9811658489998081,Computers,104
0,0,0.1,hydra,shapley_sampling,0.0,0.0,0.5347222222222222,-0.012104597341237588,0.0814631062917851,0,0,0.5416831410002487,0.9811658489998081,Computers,104
0,0,0.2,hydra,shapley_sampling,0.02127659574468085,0.041666666666666664,0.19166666666666668,-0.17816852868450328,0.12745384857786424,0,0,0.5416831410002487,0.9811658489998081,Computers,104
0,0,0.05,hydra,feature_ablation,0.0,0.0,0.11527777777777778,-0.014057563494614178,-0.16394466532351892,0,0,0.5416831410002487,0.041248337998695206,Computers,104
0,0,0.1,hydra,feature_ablation,0.0,0.0,0.3347222222222222,-0.012104597341237588,-0.21445779852900826,0,0,0.5416831410002487,0.041248337998695206,Computers,104
0,0,0.2,hydra,feature_ablation,0.0,0.0,0.3416666666666667,-0.17816852868450328,-0.2262314090594163,0,0,0.5416831410002487,0.041248337998695206,Computers,104
0,0,0.05,hydra,tshap_centroid,0.0,0.0,0.5958333333333333,-0.014057563494614178,0.07104306199092869,0,0,0.5416831410002487,0.09849514099914813,Computers,104
0,0,0.1,hydra,tshap_centroid,0.0,0.0,0.5722222222222222,-0.012104597341237588,0.1028978543024629,0,0,0.5416831410002487,0.09849514099914813,Computers,104
0,0,0.2,hydra,tshap_centroid,0.14741035856573706,0.2569444444444444,0.1486111111111111,-0.17816852868450328,0.15277203225252223,0,0,0.5416831410002487,0.09849514099914813,Computers,104
0,0,0.05,hydra,tshap_zero,0.0,0.0,0.5819444444444445,-0.014057563494614178,0.09868622689257422,0,0,0.5416831410002487,0.10107771799812326,Computers,104
0,0,0.1,hydra,tshap_zero,0.0,0.0,0.5597222222222222,-0.012104597341237588,0.09041053497464924,0,0,0.5416831410002487,0.10107771799812326,Computers,104
0,0,0.2,hydra,tshap_zero,0.12062256809338522,0.2152777777777778,0.15694444444444444,-0.17816852868450328,0.17910818633775116,0,0,0.5416831410002487,0.10107771799812326,Computers,104
0,0,0.05,hydra,tshap_train,0.0,0.0,0.5736111111111111,-0.014057563494614178,0.10991136757169173,0,0,0.5416831410002487,5.136008099998435,Computers,104
0,0,0.1,hydra,tshap_train,0.0,0.0,0.5444444444444444,-0.012104597341237588,0.09341426647521411,0,0,0.5416831410002487,5.136008099998435,Computers,104
0,0,0.2,hydra,tshap_train,0.02491103202846975,0.04861111111111111,0.19027777777777777,-0.17816852868450328,0.12865318274192805,0,0,0.5416831410002487,5.136008099998435,Computers,104
0,0,0.05,hydra,mrsqm,0.0,0.0,0.8347222222222223,-0.014057563494614178,-0.04100767787115267,0,0,0.5416831410002487,3.246100095566362e-05,Computers,104
0,0,0.1,hydra,mrsqm,0.0,0.0,0.7847222222222222,-0.012104597341237588,-0.17160233318382467,0,0,0.5416831410002487,3.246100095566362e-05,Computers,104
0,0,0.2,hydra,mrsqm,0.92,0.9583333333333334,0.008333333333333333,-0.17816852868450328,-0.2329178346154338,0,0,0.5416831410002487,3.246100095566362e-05,Computers,104
0,0,0.05,shapley_sampling,feature_ablation,1.0,1.0,0.0,-0.16394465797910895,-0.16394466532351892,0,0,0.9811658489998081,0.041248337998695206,Computers,104
0,0,0.1,shapley_sampling,feature_ablation,0.0,0.0,0.2,0.0814631062917851,-0.21445779852900826,0,0,0.9811658489998081,0.041248337998695206,Computers,104
0,0,0.2,shapley_sampling,feature_ablation,0.14285714285714285,0.25,0.15,0.12745384857786424,-0.2262314090594163,0,0,0.9811658489998081,0.041248337998695206,Computers,104
0,0,0.05,shapley_sampling,tshap_centroid,0.0,0.0,0.7111111111111111,-0.16394465797910895,0.07104306199092869,0,0,0.9811658489998081,0.09849514099914813,Computers,104
0,0,0.1,shapley_sampling,tshap_centroid,0.45454545454545453,0.625,0.0375,0.0814631062917851,0.1028978543024629,0,0,0.9811658489998081,0.09849514099914813,Computers,104
0,0,0.2,shapley_sampling,tshap_centroid,0.6457142857142857,0.7847222222222222,0.043055555555555555,0.12745384857786424,0.15277203225252223,0,0,0.9811658489998081,0.09849514099914813,Computers,104
0,0,0.05,shapley_sampling,tshap_zero,0.0,0.0,0.6972222222222222,-0.16394465797910895,0.09868622689257422,0,0,0.9811658489998081,0.10107771799812326,Computers,104
0,0,0.1,shapley_sampling,tshap_zero,0.6,0.75,0.025,0.0814631062917851,0.09041053497464924,0,0,0.9811658489998081,0.10107771799812326,Computers,104
0,0,0.2,shapley_sampling,tshap_zero,0.7041420118343196,0.8263888888888888,0.034722222222222224,0.12745384857786424,0.17910818633775116,0,0,0.9811658489998081,0.10107771799812326,Computers,104
0,0,0.05,shapley_sampling,tshap_train,0.0,0.0,0.6888888888888889,-0.16394465797910895,0.10991136757169173,0,0,0.9811658489998081,5.136008099998435,Computers,104
0,0,0.1,shapley_sampling,tshap_train,0.8227848101265823,0.9027777777777778,0.009722222222222222,0.0814631062917851,0.09341426647521411,0,0,0.9811658489998081,5.136008099998435,Computers,104
0,0,0.2,shapley_sampling,tshap_train,0.9862068965517241,0.9930555555555556,0.001388888888888889,0.12745384857786424,0.12865318274192805,0,0,0.9811658489998081,5.136008099998435,Computers,104
0,0,0.05,shapley_sampling,mrsqm,0.0,0.0,0.95,-0.16394465797910895,-0.04100767787115267,0,0,0.9811658489998081,3.246100095566362e-05,Computers,104
0,0,0.1,shapley_sampling,mrsqm,0.0,0.0,0.25,0.0814631062917851,-0.17160233318382467,0,0,0.9811658489998081,3.246100095566362e-05,Computers,104
0,0,0.2,shapley_sampling,mrsqm,0.0,0.0,0.2,0.12745384857786424,-0.2329178346154338,0,0,0.9811658489998081,3.246100095566362e-05,Computers,104
0,0,0.05,feature_ablation,tshap_centroid,0.0,0.0,0.7111111111111111,-0.16394466532351892,0.07104306199092869,0,0,0.041248337998695206,0.09849514099914813,Computers,104
0,0,0.1,feature_ablation,tshap_centroid,0.0,0.0,0.2375,-0.21445779852900826,0.1028978543024629,0,0,0.041248337998695206,0.09849514099914813,Computers,104
0,0,0.2,feature_ablation,tshap_centroid,0.0176678445229682,0.034722222222222224,0.19305555555555556,-0.2262314090594163,0.15277203225252223,0,0,0.041248337998695206,0.09849514099914813,Computers,104
0,0,0.05,feature_ablation,tshap_zero,0.0,0.0,0.6972222222222222,-0.16394466532351892,0.09868622689257422,0,0,0.041248337998695206,0.10107771799812326,Computers,104
0,0,0.1,feature_ablation,tshap_zero,0.0,0.0,0.225,-0.21445779852900826,0.09041053497464924,0,0,0.041248337998695206,0.10107771799812326,Computers,104
0,0,0.2,feature_ablation,tshap_zero,0.039711191335740074,0.0763888888888889,0.18472222222222223,-0.2262314090594163,0.17910818633775116,0,0,0.041248337998695206,0.10107771799812326,Computers,104
0,0,0.05,feature_ablation,tshap_train,0.0,0.0,0.6888888888888889,-0.16394466532351892,0.10991136757169173,0,0,0.041248337998695206,5.136008099998435,Computers,104
0,0,0.1,feature_ablation,tshap_train,0.0,0.0,0.20972222222222223,-0.21445779852900826,0.09341426647521411,0,0,0.041248337998695206,5.136008099998435,Computers,104
0,0,0.2,feature_ablation,tshap_train,0.1383399209486166,0.24305555555555555,0.15138888888888888,-0.2262314090594163,0.12865318274192805,0,0,0.041248337998695206,5.136008099998435,Computers,104
0,0,0.05,feature_ablation,mrsqm,0.0,0.0,0.95,-0.16394466532351892,-0.04100767787115267,0,0,0.041248337998695206,3.246100095566362e-05,Computers,104
0,0,0.1,feature_ablation,mrsqm,0.0,0.0,0.45,-0.21445779852900826,-0.17160233318382467,0,0,0.041248337998695206,3.246100095566362e-05,Computers,104
0,0,0.2,feature_ablation,mrsqm,0.0,0.0,0.35,-0.2262314090594163,-0.2329178346154338,0,0,0.041248337998695206,3.246100095566362e-05,Computers,104
0,0,0.05,tshap_centroid,tshap_zero,0.5652173913043478,0.7222222222222222,0.013888888888888888,0.07104306199092869,0.09868622689257422,0,0,0.09849514099914813,0.10107771799812326,Computers,104
0,0,0.1,tshap_centroid,tshap_zero,0.7777777777777778,0.875,0.0125,0.1028978543024629,0.09041053497464924,0,0,0.09849514099914813,0.10107771799812326,Computers,104
0,0,0.2,tshap_centroid,tshap_zero,0.92,0.9583333333333334,0.008333333333333333,0.15277203225252223,0.17910818633775116,0,0,0.09849514099914813,0.10107771799812326,Computers,104
0,0,0.05,tshap_centroid,tshap_train,0.38461538461538464,0.5555555555555556,0.022222222222222223,0.07104306199092869,0.10991136757169173,0,0,0.09849514099914813,5.136008099998435,Computers,104
0,0,0.1,tshap_centroid,tshap_train,0.5652173913043478,0.7222222222222222,0.027777777777777776,0.1028978543024629,0.09341426647521411,0,0,0.09849514099914813,5.136008099998435,Computers,104
0,0,0.2,tshap_centroid,tshap_train,0.6551724137931034,0.7916666666666666,0.041666666666666664,0.15277203225252223,0.12865318274192805,0,0,0.09849514099914813,5.136008099998435,Computers,104
0,0,0.05,tshap_centroid,mrsqm,0.0,0.0,0.2388888888888889,0.07104306199092869,-0.04100767787115267,0,0,0.09849514099914813,3.246100095566362e-05,Computers,104
0,0,0.1,tshap_centroid,mrsqm,0.0,0.0,0.2125,0.1028978543024629,-0.17160233318382467,0,0,0.09849514099914813,3.246100095566362e-05,Computers,104
0,0,0.2,tshap_centroid,mrsqm,0.12062256809338522,0.2152777777777778,0.15694444444444444,0.15277203225252223,-0.2329178346154338,0,0,0.09849514099914813,3.246100095566362e-05,Computers,104
0,0,0.05,tshap_zero,tshap_train,0.7142857142857143,0.8333333333333334,0.008333333333333333,0.09868622689257422,0.10991136757169173,0,0,0.10107771799812326,5.136008099998435,Computers,104
0,0,0.1,tshap_zero,tshap_train,0.7349397590361446,0.8472222222222222,0.015277777777777777,0.09041053497464924,0.09341426647521411,0,0,0.10107771799812326,5.136008099998435,Computers,104
0,0,0.2,tshap_zero,tshap_train,0.7142857142857143,0.8333333333333334,0.03333333333333333,0.17910818633775116,0.12865318274192805,0,0,0.10107771799812326,5.136008099998435,Computers,104
0,0,0.05,tshap_zero,mrsqm,0.0,0.0,0.25277777777777777,0.09868622689257422,-0.04100767787115267,0,0,0.10107771799812326,3.246100095566362e-05,Computers,104
0,0,0.1,tshap_zero,mrsqm,0.0,0.0,0.225,0.09041053497464924,-0.17160233318382467,0,0,0.10107771799812326,3.246100095566362e-05,Computers,104
0,0,0.2,tshap_zero,mrsqm,0.09505703422053231,0.1736111111111111,0.16527777777777777,0.17910818633775116,-0.2329178346154338,0,0,0.10107771799812326,3.246100095566362e-05,Computers,104
0,0,0.05,tshap_train,mrsqm,0.0,0.0,0.2611111111111111,0.10991136757169173,-0.04100767787115267,0,0,5.136008099998435,3.246100095566362e-05,Computers,104
0,0,0.1,tshap_train,mrsqm,0.0,0.0,0.24027777777777778,0.09341426647521411,-0.17160233318382467,0,0,5.136008099998435,3.246100095566362e-05,Computers,104
0,0,0.2,tshap_train,mrsqm,0.003484320557491289,0.006944444444444444,0.1986111111111111,0.12865318274192805,-0.2329178346154338,0,0,5.136008099998435,3.246100095566362e-05,Computers,104
1,1,0.05,hydra,shapley_sampling,0.7560975609756098,0.8611111111111112,0.006944444444444444,0.13830052720907404,0.15170666159816876,0,0,0.540907378999691,0.9831560499987972,Computers,236
1,1,0.1,hydra,shapley_sampling,0.4845360824742268,0.6527777777777778,0.034722222222222224,-0.1047930428431132,-0.13938825024178952,0,0,0.540907378999691,0.9831560499987972,Computers,236
1,1,0.2,hydra,shapley_sampling,0.0,0.0,0.43194444444444446,-0.18618906862520623,0.10735230400940184,0,0,0.540907378999691,0.9831560499987972,Computers,236
1,1,0.05,hydra,feature_ablation,0.0,0.0,0.20694444444444443,0.13830052720907404,0.22768033207932614,0,1,0.540907378999691,0.04321748900110833,Computers,236
1,1,0.1,hydra,feature_ablation,0.0,0.0,0.2152777777777778,-0.1047930428431132,0.13684567146653498,0,0,0.540907378999691,0.04321748900110833,Computers,236
1,1,0.2,hydra,feature_ablation,0.04727272727272727,0.09027777777777778,0.18194444444444444,-0.18618906862520623,-0.029680969297279536,0,0,0.540907378999691,0.04321748900110833,Computers,236
1,1,0.05,hydra,tshap_centroid,0.0,0.0,0.5097222222222222,0.13830052720907404,-0.09120316667685513,0,0,0.540907378999691,0.0988330969994422,Computers,236
1,1,0.1,hydra,tshap_centroid,0.0,0.0,0.48194444444444445,-0.1047930428431132,-0.1250587471765967,0,0,0.540907378999691,0.0988330969994422,Computers,236
1,1,0.2,hydra,tshap_centroid,0.0,0.0,0.37222222222222223,-0.18618906862520623,-0.12208036586729454,0,0,0.540907378999691,0.0988330969994422,Computers,236
1,1,0.05,hydra,tshap_zero,0.0,0.0,0.17083333333333334,0.13830052720907404,-0.062130105137119085,0,0,0.540907378999691,0.10180617100195377,Computers,236
1,1,0.1,hydra,tshap_zero,0.0,0.0,0.19583333333333333,-0.1047930428431132,-0.14251096196847884,0,0,0.540907378999691,0.10180617100195377,Computers,236
1,1,0.2,hydra,tshap_zero,0.0,0.0,0.2777777777777778,-0.18618906862520623,-0.20312386295203466,0,0,0.540907378999691,0.10180617100195377,Computers,236
1,1,0.05,hydra,tshap_train,0.0,0.0,0.0625,0.13830052720907404,0.07739812224985965,0,0,0.540907378999691,5.136026034000679,Computers,236
1,1,0.1,hydra,tshap_train,0.1076923076923077,0.19444444444444445,0.08055555555555556,-0.1047930428431132,-0.1531890770799565,0,0,0.540907378999691,5.136026034000679,Computers,236
1,1,0.2,hydra,tshap_train,0.21008403361344538,0.3472222222222222,0.13055555555555556,-0.18618906862520623,-0.08110502064877001,0,0,0.540907378999691,5.136026034000679,Computers,236
1,1,0.05,hydra,mrsqm,0.0,0.0,0.34305555555555556,0.13830052720907404,0.16160009674990705,0,0,0.540907378999691,3.180999920004979e-05,Computers,236
1,1,0.1,hydra,mrsqm,0.0,0.0,0.3347222222222222,-0.1047930428431132,0.23953597582775532,0,1,0.540907378999691,3.180999920004979e-05,Computers,236
1,1,0.2,hydra,mrsqm,0.0,0.0,0.3680555555555556,-0.18618906862520623,0.3104061654293073,0,1,0.540907378999691,3.180999920004979e-05,Computers,236
1,1,0.05,shapley_sampling,feature_ablation,0.0,0.0,0.2,0.15170666159816876,0.22768033207932614,0,1,0.9831560499987972,0.04321748900110833,Computers,236
1,1,0.1,shapley_sampling,feature_ablation,0.0,0.0,0.25,-0.13938825024178952,0.13684567146653498,0,0,0.9831560499987972,0.04321748900110833,Computers,236
1,1,0.2,shapley_sampling,feature_ablation,0.0,0.0,0.25,0.10735230400940184,-0.029680969297279536,0,0,0.9831560499987972,0.04321748900110833,Computers,236
1,1,0.05,shapley_sampling,tshap_centroid,0.0,0.0,0.5027777777777778,0.15170666159816876,-0.09120316667685513,0,0,0.9831560499987972,0.0988330969994422,Computers,236
1,1,0.1,shapley_sampling,tshap_centroid,0.0,0.0,0.5166666666666667,-0.13938825024178952,-0.1250587471765967,0,0,0.9831560499987972,0.0988330969994422,Computers,236
1,1,0.2,shapley_sampling,tshap_centroid,0.5401069518716578,0.7013888888888888,0.059722222222222225,0.10735230400940184,-0.12208036586729454,0,0,0.9831560499987972,0.0988330969994422,Computers,236
1,1,0.05,shapley_sampling,tshap_zero,0.0,0.0,0.17777777777777778,0.15170666159816876,-0.062130105137119085,0,0,0.9831560499987972,0.10180617100195377,Computers,236
1,1,0.1,shapley_sampling,tshap_zero,0.0,0.0,0.16111111111111112,-0.13938825024178952,-0.14251096196847884,0,0,0.9831560499987972,0.10180617100195377,Computers,236
1,1,0.2,shapley_sampling,tshap_zero,0.0,0.0,0.7097222222222223,0.10735230400940184,-0.20312386295203466,0,0,0.9831560499987972,0.10180617100195377,Computers,236
1,1,0.05,shapley_sampling,tshap_train,0.0,0.0,0.06944444444444445,0.15170666159816876,0.07739812224985965,0,0,0.9831560499987972,5.136026034000679,Computers,236
1,1,0.1,shapley_sampling,tshap_train,0.37142857142857144,0.5416666666666666,0.04583333333333333,-0.13938825024178952,-0.1531890770799565,0,0,0.9831560499987972,5.136026034000679,Computers,236
1,1,0.2,shapley_sampling,tshap_train,0.0,0.0,0.5625,0.10735230400940184,-0.08110502064877001,0,0,0.9831560499987972,5.136026034000679,Computers,236
1,1,0.05,shapley_sampling,mrsqm,0.0,0.0,0.35,0.15170666159816876,0.16160009674990705,0,0,0.9831560499987972,3.180999920004979e-05,Computers,236
1,1,0.1,shapley_sampling,mrsqm,0.0,0.0,0.3,-0.13938825024178952,0.23953597582775532,0,1,0.9831560499987972,3.180999920004979e-05,Computers,236
1,1,0.2,shapley_sampling,mrsqm,0.0,0.0,0.8,0.10735230400940184,0.3104061654293073,0,1,0.9831560499987972,3.180999920004979e-05,Computers,236
1,1,0.05,feature_ablation,tshap_centroid,0.0,0.0,0.30277777777777776,0.22768033207932614,-0.09120316667685513,1,0,0.04321748900110833,0.0988330969994422,Computers,236
1,1,0.1,feature_ablation,tshap_centroid,0.0,0.0,0.26666666666666666,0.13684567146653498,-0.1250587471765967,0,0,0.04321748900110833,0.0988330969994422,Computers,236
1,1,0.2,feature_ablation,tshap_centroid,0.02491103202846975,0.04861111111111111,0.19027777777777777,-0.029680969297279536,-0.12208036586729454,0,0,0.04321748900110833,0.0988330969994422,Computers,236
1,1,0.05,feature_ablation,tshap_zero,0.0,0.0,0.37777777777777777,0.22768033207932614,-0.062130105137119085,1,0,0.04321748900110833,0.10180617100195377,Computers,236
1,1,0.1,feature_ablation,tshap_zero,0.0,0.0,0.4111111111111111,0.13684567146653498,-0.14251096196847884,0,0,0.04321748900110833,0.10180617100195377,Computers,236
1,1,0.2,feature_ablation,tshap_zero,0.0,0.0,0.4597222222222222,-0.029680969297279536,-0.20312386295203466,0,0,0.04321748900110833,0.10180617100195377,Computers,236
1,1,0.05,feature_ablation,tshap_train,0.0,0.0,0.26944444444444443,0.22768033207932614,0.07739812224985965,1,0,0.04321748900110833,5.136026034000679,Computers,236
1,1,0.1,feature_ablation,tshap_train,0.0,0.0,0.29583333333333334,0.13684567146653498,-0.1531890770799565,0,0,0.04321748900110833,5.136026034000679,Computers,236
1,1,0.2,feature_ablation,tshap_train,0.0,0.0,0.3125,-0.029680969297279536,-0.08110502064877001,0,0,0.04321748900110833,5.136026034000679,Computers,236
1,1,0.05,feature_ablation,mrsqm,0.0,0.0,0.55,0.22768033207932614,0.16160009674990705,1,0,0.04321748900110833,3.180999920004979e-05,Computers,236
1,1,0.1,feature_ablation,mrsqm,0.0,0.0,0.55,0.13684567146653498,0.23953597582775532,0,1,0.04321748900110833,3.180999920004979e-05,Computers,236
1,1,0.2,feature_ablation,mrsqm,0.0,0.0,0.55,-0.029680969297279536,0.3104061654293073,0,1,0.04321748900110833,3.180999920004979e-05,Computers,236
1,1,0.05,tshap_centroid,tshap_zero,0.0,0.0,0.6805555555555556,-0.09120316667685513,-0.062130105137119085,0,0,0.0988330969994422,0.10180617100195377,Computers,236
1,1,0.1,tshap_centroid,tshap_zero,0.0,0.0,0.6777777777777778,-0.1250587471765967,-0.14251096196847884,0,0,0.0988330969994422,0.10180617100195377,Computers,236
1,1,0.2,tshap_centroid,tshap_zero,0.0,0.0,0.65,-0.12208036586729454,-0.20312386295203466,0,0,0.0988330969994422,0.10180617100195377,Computers,236
1,1,0.05,tshap_centroid,tshap_train,0.0,0.0,0.5722222222222222,-0.09120316667685513,0.07739812224985965,0,0,0.0988330969994422,5.136026034000679,Computers,236
1,1,0.1,tshap_centroid,tshap_train,0.0,0.0,0.5625,-0.1250587471765967,-0.1531890770799565,0,0,0.0988330969994422,5.136026034000679,Computers,236
1,1,0.2,tshap_centroid,tshap_train,0.0,0.0,0.5027777777777778,-0.12208036586729454,-0.08110502064877001,0,0,0.0988330969994422,5.136026034000679,Computers,236
1,1,0.05,tshap_centroid,mrsqm,0.0,0.0,0.8527777777777777,-0.09120316667685513,0.16160009674990705,0,0,0.0988330969994422,3.180999920004979e-05,Computers,236
1,1,0.1,tshap_centroid,mrsqm,0.0,0.0,0.8166666666666667,-0.1250587471765967,0.23953597582775532,0,1,0.0988330969994422,3.180999920004979e-05,Computers,236
1,1,0.2,tshap_centroid,mrsqm,0.0,0.0,0.7402777777777778,-0.12208036586729454,0.3104061654293073,0,1,0.0988330969994422,3.180999920004979e-05,Computers,236
1,1,0.05,tshap_zero,tshap_train,0.0,0.0,0.10833333333333334,-0.062130105137119085,0.07739812224985965,0,0,0.10180617100195377,5.136026034000679,Computers,236
1,1,0.1,tshap_zero,tshap_train,0.0,0.0,0.11527777777777778,-0.14251096196847884,-0.1531890770799565,0,0,0.10180617100195377,5.136026034000679,Computers,236
1,1,0.2,tshap_zero,tshap_train,0.152,0.2638888888888889,0.14722222222222223,-0.20312386295203466,-0.08110502064877001,0,0,0.10180617100195377,5.136026034000679,Computers,236
1,1,0.05,tshap_zero,mrsqm,0.0,0.0,0.17222222222222222,-0.062130105137119085,0.16160009674990705,0,0,0.10180617100195377,3.180999920004979e-05,Computers,236
1,1,0.1,tshap_zero,mrsqm,0.0,0.0,0.1388888888888889,-0.14251096196847884,0.23953597582775532,0,1,0.10180617100195377,3.180999920004979e-05,Computers,236
1,1,0.2,tshap_zero,mrsqm,0.37799043062200954,0.5486111111111112,0.09027777777777778,-0.20312386295203466,0.3104061654293073,0,1,0.10180617100195377,3.180999920004979e-05,Computers,236
1,1,0.05,tshap_train,mrsqm,0.0,0.0,0.28055555555555556,0.07739812224985965,0.16160009674990705,0,0,5.136026034000679,3.180999920004979e-05,Computers,236
1,1,0.1,tshap_train,mrsqm,0.0,0.0,0.25416666666666665,-0.1531890770799565,0.23953597582775532,0,1,5.136026034000679,3.180999920004979e-05,Computers,236
1,1,0.2,tshap_train,mrsqm,0.0,0.0,0.2375,-0.08110502064877001,0.3104061654293073,0,1,5.136026034000679,3.180999920004979e-05,Computers,236
0,0,0.05,hydra,shapley_sampling,0.0,0.0,0.3486111111111111,0.23550638404247481,0.18002588299819255,0,0,0.54107133800062,0.9809003180016589,Computers,121
0,0,0.1,hydra,shapley_sampling,0.0,0.0,0.3013888888888889,0.31345303305242,0.29980215726028314,0,0,0.54107133800062,0.9809003180016589,Computers,121
0,0,0.2,hydra,shapley_sampling,0.0,0.0,0.3,0.15660419264306502,0.43944747053026234,0,0,0.54107133800062,0.9809003180016589,Computers,121
0,0,0.05,hydra,feature_ablation,0.0,0.0,0.1986111111111111,0.23550638404247481,0.511480605998465,0,0,0.54107133800062,0.04107549200125504,Computers,121
0,0,0.1,hydra,feature_ablation,0.0,0.0,0.2013888888888889,0.31345303305242,0.4749412418147724,0,0,0.54107133800062,0.04107549200125504,Computers,121
0,0,0.2,hydra,feature_ablation,0.14285714285714285,0.25,0.15,0.15660419264306502,0.5188987958917158,0,0,0.54107133800062,0.04107549200125504,Computers,121
0,0,0.05,hydra,tshap_centroid,0.0,0.0,0.5777777777777777,0.23550638404247481,0.020090468551797747,0,0,0.54107133800062,0.09811070500290953,Computers,121
0,0,0.1,hydra,tshap_centroid,0.0,0.0,0.5458333333333333,0.31345303305242,0.16560011597292557,0,0,0.54107133800062,0.09811070500290953,Computers,121
0,0,0.2,hydra,tshap_centroid,0.0,0.0,0.49444444444444446,0.15660419264306502,0.26802256931313106,0,0,0.54107133800062,0.09811070500290953,Computers,121
0,0,0.05,hydra,tshap_zero,0.0,0.0,0.31666666666666665,0.23550638404247481,0.12782378086866708,0,0,0.54107133800062,0.10099653500219574,Computers,121
0,0,0.1,hydra,tshap_zero,0.0,0.0,0.30694444444444446,0.31345303305242,0.30845395375147544,0,0,0.54107133800062,0.10099653500219574,Computers,121
0,0,0.2,hydra,tshap_zero,0.0,0.0,0.32083333333333336,0.15660419264306502,0.32461514081849974,0,0,0.54107133800062,0.10099653500219574,Computers,121
0,0,0.05,hydra,tshap_train,0.0,0.0,0.3458333333333333,0.23550638404247481,0.18756136923654465,0,0,0.54107133800062,5.128774043998419,Computers,121
0,0,0.1,hydra,tshap_train,0.0,0.0,0.3111111111111111,0.31345303305242,0.2909787697229258,0,0,0.54107133800062,5.128774043998419,Computers,121
0,0,0.2,hydra,tshap_train,0.0,0.0,0.29305555555555557,0.15660419264306502,0.43778150473538235,0,0,0.54107133800062,5.128774043998419,Computers,121
0,0,0.05,hydra,mrsqm,0.0,0.0,0.8986111111111111,0.23550638404247481,-0.1370265265228705,0,0,0.54107133800062,3.266099884058349e-05,Computers,121
0,0,0.1,hydra,mrsqm,0.0,0.0,0.8513888888888889,0.31345303305242,-0.21501381285612964,0,0,0.54107133800062,3.266099884058349e-05,Computers,121
0,0,0.2,hydra,mrsqm,0.0,0.0,0.8,0.15660419264306502,-0.19137411071862753,0,0,0.54107133800062,3.266099884058349e-05,Computers,121
0,0,0.05,shapley_sampling,feature_ablation,0.0,0.0,0.15,0.18002588299819255,0.511480605998465,0,0,0.9809003180016589,0.04107549200125504,Computers,121
0,0,0.1,shapley_sampling,feature_ablation,0.0,0.0,0.1,0.29980215726028314,0.4749412418147724,0,0,0.9809003180016589,0.04107549200125504,Computers,121
0,0,0.2,shapley_sampling,feature_ablation,0.14285714285714285,0.25,0.15,0.43944747053026234,0.5188987958917158,0,0,0.9809003180016589,0.04107549200125504,Computers,121
0,0,0.05,shapley_sampling,tshap_centroid,0.0,0.0,0.22916666666666666,0.18002588299819255,0.020090468551797747,0,0,0.9809003180016589,0.09811070500290953,Computers,121
0,0,0.1,shapley_sampling,tshap_centroid,0.0,0.0,0.24444444444444444,0.29980215726028314,0.16560011597292557,0,0,0.9809003180016589,0.09811070500290953,Computers,121
0,0,0.2,shapley_sampling,tshap_centroid,0.014084507042253521,0.027777777777777776,0.19444444444444445,0.43944747053026234,0.26802256931313106,0,0,0.9809003180016589,0.09811070500290953,Computers,121
0,0,0.05,shapley_sampling,tshap_zero,0.22033898305084745,0.3611111111111111,0.03194444444444444,0.18002588299819255,0.12782378086866708,0,0,0.9809003180016589,0.10099653500219574,Computers,121
0,0,0.1,shapley_sampling,tshap_zero,0.8947368421052632,0.9444444444444444,0.005555555555555556,0.29980215726028314,0.30845395375147544,0,0,0.9809003180016589,0.10099653500219574,Computers,121
0,0,0.2,shapley_sampling,tshap_zero,0.8113207547169812,0.8958333333333334,0.020833333333333332,0.43944747053026234,0.32461514081849974,0,0,0.9809003180016589,0.10099653500219574,Computers,121
0,0,0.05,shapley_sampling,tshap_train,0.8947368421052632,0.9444444444444444,0.002777777777777778,0.18002588299819255,0.18756136923654465,0,0,0.9809003180016589,5.128774043998419,Computers,121
0,0,0.1,shapley_sampling,tshap_train,0.8227848101265823,0.9027777777777778,0.009722222222222222,0.29980215726028314,0.2909787697229258,0,0,0.9809003180016589,5.128774043998419,Computers,121
0,0,0.2,shapley_sampling,tshap_train,0.9328859060402684,0.9652777777777778,0.006944444444444444,0.43944747053026234,0.43778150473538235,0,0,0.9809003180016589,5.128774043998419,Computers,121
0,0,0.05,shapley_sampling,mrsqm,0.0,0.0,0.55,0.18002588299819255,-0.1370265265228705,0,0,0.9809003180016589,3.266099884058349e-05,Computers,121
0,0,0.1,shapley_sampling,mrsqm,0.0,0.0,0.55,0.29980215726028314,-0.21501381285612964,0,0,0.9809003180016589,3.266099884058349e-05,Computers,121
0,0,0.2,shapley_sampling,mrsqm,0.0,0.0,0.5,0.43944747053026234,-0.19137411071862753,0,0,0.9809003180016589,3.266099884058349e-05,Computers,121
0,0,0.05,feature_ablation,tshap_centroid,0.0,0.0,0.37916666666666665,0.511480605998465,0.020090468551797747,0,0,0.04107549200125504,0.09811070500290953,Computers,121
0,0,0.1,feature_ablation,tshap_centroid,0.0,0.0,0.34444444444444444,0.4749412418147724,0.16560011597292557,0,0,0.04107549200125504,0.09811070500290953,Computers,121
0,0,0.2,feature_ablation,tshap_centroid,0.0,0.0,0.34444444444444444,0.5188987958917158,0.26802256931313106,0,0,0.04107549200125504,0.09811070500290953,Computers,121
0,0,0.05,feature_ablation,tshap_zero,0.0,0.0,0.11805555555555555,0.511480605998465,0.12782378086866708,0,0,0.04107549200125504,0.10099653500219574,Computers,121
0,0,0.1,feature_ablation,tshap_zero,0.0,0.0,0.10555555555555556,0.4749412418147724,0.30845395375147544,0,0,0.04107549200125504,0.10099653500219574,Computers,121
0,0,0.2,feature_ablation,tshap_zero,0.07865168539325842,0.14583333333333334,0.17083333333333334,0.5188987958917158,0.32461514081849974,0,0,0.04107549200125504,0.10099653500219574,Computers,121
0,0,0.05,feature_ablation,tshap_train,0.0,0.0,0.14722222222222223,0.511480605998465,0.18756136923654465,0,0,0.04107549200125504,5.128774043998419,Computers,121
0,0,0.1,feature_ablation,tshap_train,0.0,0.0,0.10972222222222222,0.4749412418147724,0.2909787697229258,0,0,0.04107549200125504,5.128774043998419,Computers,121
0,0,0.2,feature_ablation,tshap_train,0.1659919028340081,0.2847222222222222,0.14305555555555555,0.5188987958917158,0.43778150473538235,0,0,0.04107549200125504,5.128774043998419,Computers,121
0,0,0.05,feature_ablation,mrsqm,0.0,0.0,0.7,0.511480605998465,-0.1370265265228705,0,0,0.04107549200125504,3.266099884058349e-05,Computers,121
0,0,0.1,feature_ablation,mrsqm,0.0,0.0,0.65,0.4749412418147724,-0.21501381285612964,0,0,0.04107549200125504,3.266099884058349e-05,Computers,121
0,0,0.2,feature_ablation,mrsqm,0.0,0.0,0.65,0.5188987958917158,-0.19137411071862753,0,0,0.04107549200125504,3.266099884058349e-05,Computers,121
0,0,0.05,tshap_centroid,tshap_zero,0.0,0.0,0.2611111111111111,0.020090468551797747,0.12782378086866708,0,0,0.09811070500290953,0.10099653500219574,Computers,121
0,0,0.1,tshap_centroid,tshap_zero,0.0,0.0,0.2388888888888889,0.16560011597292557,0.30845395375147544,0,0,0.09811070500290953,0.10099653500219574,Computers,121
0,0,0.2,tshap_centroid,tshap_zero,0.07063197026022305,0.13194444444444445,0.1736111111111111,0.26802256931313106,0.32461514081849974,0,0,0.09811070500290953,0.10099653500219574,Computers,121
0,0,0.05,tshap_centroid,tshap_train,0.0,0.0,0.23194444444444445,0.020090468551797747,0.18756136923654465,0,0,0.09811070500290953,5.128774043998419,Computers,121
0,0,0.1,tshap_centroid,tshap_train,0.0,0.0,0.23472222222222222,0.16560011597292557,0.2909787697229258,0,0,0.09811070500290953,5.128774043998419,Computers,121
0,0,0.2,tshap_centroid,tshap_train,0.0,0.0,0.2013888888888889,0.26802256931313106,0.43778150473538235,0,0,0.09811070500290953,5.128774043998419,Computers,121
0,0,0.05,tshap_centroid,mrsqm,0.0,0.0,0.32083333333333336,0.020090468551797747,-0.1370265265228705,0,0,0.09811070500290953,3.266099884058349e-05,Computers,121
0,0,0.1,tshap_centroid,mrsqm,0.0,0.0,0.3055555555555556,0.16560011597292557,-0.21501381285612964,0,0,0.09811070500290953,3.266099884058349e-05,Computers,121
0,0,0.2,tshap_centroid,mrsqm,0.0,0.0,0.3055555555555556,0.26802256931313106,-0.19137411071862753,0,0,0.09811070500290953,3.266099884058349e-05,Computers,121
0,0,0.05,tshap_zero,tshap_train,0.2631578947368421,0.4166666666666667,0.029166666666666667,0.12782378086866708,0.18756136923654465,0,0,0.10099653500219574,5.128774043998419,Computers,121
0,0,0.1,tshap_zero,tshap_train,0.92,0.9583333333333334,0.004166666666666667,0.30845395375147544,0.2909787697229258,0,0,0.10099653500219574,5.128774043998419,Computers,121
0,0,0.2,tshap_zero,tshap_train,0.7560975609756098,0.8611111111111112,0.027777777777777776,0.32461514081849974,0.43778150473538235,0,0,0.10099653500219574,5.128774043998419,Computers,121
0,0,0.05,tshap_zero,mrsqm,0.0,0.0,0.5819444444444445,0.12782378086866708,-0.1370265265228705,0,0,0.10099653500219574,3.266099884058349e-05,Computers,121
0,0,0.1,tshap_zero,mrsqm,0.0,0.0,0.5444444444444444,0.30845395375147544,-0.21501381285612964,0,0,0.10099653500219574,3.266099884058349e-05,Computers,121
0,0,0.2,tshap_zero,mrsqm,0.0,0.0,0.4791666666666667,0.32461514081849974,-0.19137411071862753,0,0,0.10099653500219574,3.266099884058349e-05,Computers,121
0,0,0.05,tshap_train,mrsqm,0.0,0.0,0.5527777777777778,0.18756136923654465,-0.1370265265228705,0,0,5.128774043998419,3.266099884058349e-05,Computers,121
0,0,0.1,tshap_train,mrsqm,0.0,0.0,0.5402777777777777,0.2909787697229258,-0.21501381285612964,0,0,5.128774043998419,3.266099884058349e-05,Computers,121
0,0,0.2,tshap_train,mrsqm,0.0,0.0,0.5069444444444444,0.43778150473538235,-0.19137411071862753,0,0,5.128774043998419,3.266099884058349e-05,Computers,121
1,1,0.05,hydra,shapley_sampling,0.0,0.0,0.0763888888888889,-0.14750514340535603,0.31836948823606137,0,0,0.5452129949990194,0.9806596340022224,Computers,204
1,1,0.1,hydra,shapley_sampling,0.34579439252336447,0.5138888888888888,0.04861111111111111,0.09300425354659858,0.32248807673833557,0,0,0.5452129949990194,0.9806596340022224,Computers,204
1,1,0.2,hydra,shapley_sampling,0.6179775280898876,0.7638888888888888,0.04722222222222222,0.5247287710569276,0.6244456612758063,0,0,0.5452129949990194,0.9806596340022224,Computers,204
1,1,0.05,hydra,feature_ablation,0.0,0.0,0.0763888888888889,-0.14750514340535603,0.3183695012027592,0,0,0.5452129949990194,0.04166582499965443,Computers,204
1,1,0.1,hydra,feature_ablation,0.0,0.0,0.5013888888888889,0.09300425354659858,0.4648196055712607,0,0,0.5452129949990194,0.04166582499965443,Computers,204
1,1,0.2,hydra,feature_ablation,0.0,0.0,0.5027777777777778,0.5247287710569276,0.722640550575921,0,0,0.5452129949990194,0.04166582499965443,Computers,204
1,1,0.05,hydra,tshap_centroid,0.0,0.0,0.33611111111111114,-0.14750514340535603,-0.09198775488618915,0,0,0.5452129949990194,0.09914581700286362,Computers,204
1,1,0.1,hydra,tshap_centroid,0.0,0.0,0.32222222222222224,0.09300425354659858,-0.017614827059236005,0,0,0.5452129949990194,0.09914581700286362,Computers,204
1,1,0.2,hydra,tshap_centroid,0.0,0.0,0.2652777777777778,0.5247287710569276,0.3283999713664515,0,0,0.5452129949990194,0.09914581700286362,Computers,204
1,1,0.05,hydra,tshap_zero,0.0,0.0,0.058333333333333334,-0.14750514340535603,0.4304221680468965,0,0,0.5452129949990194,0.10232108199852519,Computers,204
1,1,0.1,hydra,tshap_zero,0.2743362831858407,0.4305555555555556,0.05694444444444444,0.09300425354659858,0.286478095777401,0,0,0.5452129949990194,0.10232108199852519,Computers,204
1,1,0.2,hydra,tshap_zero,0.5737704918032787,0.7291666666666666,0.05416666666666667,0.5247287710569276,0.482439012622779,0,0,0.5452129949990194,0.10232108199852519,Computers,204
1,1,0.05,hydra,tshap_train,0.014084507042253521,0.027777777777777776,0.04861111111111111,-0.14750514340535603,0.38271652670744505,0,0,0.5452129949990194,5.126565883001604,Computers,204
1,1,0.1,hydra,tshap_train,0.39805825242718446,0.5694444444444444,0.043055555555555555,0.09300425354659858,0.38619370593648294,0,0,0.5452129949990194,5.126565883001604,Computers,204
1,1,0.2,hydra,tshap_train,0.7245508982035929,0.8402777777777778,0.03194444444444444,0.5247287710569276,0.4668786411800021,0,0,0.5452129949990194,5.126565883001604,Computers,204
1,1,0.05,hydra,mrsqm,0.0,0.0,0.5236111111111111,-0.14750514340535603,0.2378140892785997,0,0,0.5452129949990194,3.345300137880258e-05,Computers,204
1,1,0.1,hydra,mrsqm,0.0,0.0,0.5013888888888889,0.09300425354659858,0.46481962288260537,0,0,0.5452129949990194,3.345300137880258e-05,Computers,204
1,1,0.2,hydra,mrsqm,0.0,0.0,0.5027777777777778,0.5247287710569276,0.7226405654656654,0,0,0.5452129949990194,3.345300137880258e-05,Computers,204
1,1,0.05,shapley_sampling,feature_ablation,1.0,1.0,0.0,0.31836948823606137,0.3183695012027592,0,0,0.9806596340022224,0.04166582499965443,Computers,204
1,1,0.1,shapley_sampling,feature_ablation,0.0,0.0,0.55,0.32248807673833557,0.4648196055712607,0,0,0.9806596340022224,0.04166582499965443,Computers,204
1,1,0.2,shapley_sampling,feature_ablation,0.0,0.0,0.55,0.6244456612758063,0.722640550575921,0,0,0.9806596340022224,0.04166582499965443,Computers,204
1,1,0.05,shapley_sampling,tshap_centroid,0.0,0.0,0.25972222222222224,0.31836948823606137,-0.09198775488618915,0,0,0.9806596340022224,0.09914581700286362,Computers,204
1,1,0.1,shapley_sampling,tshap_centroid,0.0,0.0,0.27361111111111114,0.32248807673833557,-0.017614827059236005,0,0,0.9806596340022224,0.09914581700286362,Computers,204
1,1,0.2,shapley_sampling,tshap_centroid,0.0,0.0,0.21805555555555556,0.6244456612758063,0.3283999713664515,0,0,0.9806596340022224,0.09914581700286362,Computers,204
1,1,0.05,shapley_sampling,tshap_zero,0.46938775510204084,0.6388888888888888,0.018055555555555554,0.31836948823606137,0.4304221680468965,0,0,0.9806596340022224,0.10232108199852519,Computers,204
1,1,0.1,shapley_sampling,tshap_zero,0.8461538461538461,0.9166666666666666,0.008333333333333333,0.32248807673833557,0.286478095777401,0,0,0.9806596340022224,0.10232108199852519,Computers,204
1,1,0.2,shapley_sampling,tshap_zero,0.3271889400921659,0.4930555555555556,0.10138888888888889,0.6244456612758063,0.482439012622779,0,0,0.9806596340022224,0.10232108199852519,Computers,204
1,1,0.05,shapley_sampling,tshap_train,0.2857142857142857,0.4444444444444444,0.027777777777777776,0.31836948823606137,0.38271652670744505,0,0,0.9806596340022224,5.126565883001604,Computers,204
1,1,0.1,shapley_sampling,tshap_train,0.8947368421052632,0.9444444444444444,0.005555555555555556,0.32248807673833557,0.38619370593648294,0,0,0.9806596340022224,5.126565883001604,Computers,204
1,1,0.2,shapley_sampling,tshap_train,0.43283582089552236,0.6041666666666666,0.07916666666666666,0.6244456612758063,0.4668786411800021,0,0,0.9806596340022224,5.126565883001604,Computers,204
1,1,0.05,shapley_sampling,mrsqm,0.0,0.0,0.6,0.31836948823606137,0.2378140892785997,0,0,0.9806596340022224,3.345300137880258e-05,Computers,204
1,1,0.1,shapley_sampling,mrsqm,0.0,0.0,0.55,0.32248807673833557,0.46481962288260537,0,0,0.9806596340022224,3.345300137880258e-05,Computers,204
1,1,0.2,shapley_sampling,mrsqm,0.0,0.0,0.55,0.6244456612758063,0.7226405654656654,0,0,0.9806596340022224,3.345300137880258e-05,Computers,204
1,1,0.05,feature_ablation,tshap_centroid,0.0,0.0,0.25972222222222224,0.3183695012027592,-0.09198775488618915,0,0,0.04166582499965443,0.09914581700286362,Computers,204
1,1,0.1,feature_ablation,tshap_centroid,0.0,0.0,0.8236111111111111,0.4648196055712607,-0.017614827059236005,0,0,0.04166582499965443,0.09914581700286362,Computers,204
1,1,0.2,feature_ablation,tshap_centroid,0.0,0.0,0.7680555555555556,0.722640550575921,0.3283999713664515,0,0,0.04166582499965443,0.09914581700286362,Computers,204
1,1,0.05,feature_ablation,tshap_zero,0.46938775510204084,0.6388888888888888,0.018055555555555554,0.3183695012027592,0.4304221680468965,0,0,0.04166582499965443,0.10232108199852519,Computers,204
1,1,0.1,feature_ablation,tshap_zero,0.0,0.0,0.5583333333333333,0.4648196055712607,0.286478095777401,0,0,0.04166582499965443,0.10232108199852519,Computers,204
1,1,0.2,feature_ablation,tshap_zero,0.0,0.0,0.4486111111111111,0.722640550575921,0.482439012622779,0,0,0.04166582499965443,0.10232108199852519,Computers,204
1,1,0.05,feature_ablation,tshap_train,0.2857142857142857,0.4444444444444444,0.027777777777777776,0.3183695012027592,0.38271652670744505,0,0,0.04166582499965443,5.126565883001604,Computers,204
1,1,0.1,feature_ablation,tshap_train,0.0,0.0,0.5444444444444444,0.4648196055712607,0.38619370593648294,0,0,0.04166582499965443,5.126565883001604,Computers,204
1,1,0.2,feature_ablation,tshap_train,0.0,0.0,0.4708333333333333,0.722640550575921,0.4668786411800021,0,0,0.04166582499965443,5.126565883001604,Computers,204
1,1,0.05,feature_ablation,mrsqm,0.0,0.0,0.6,0.3183695012027592,0.2378140892785997,0,0,0.04166582499965443,3.345300137880258e-05,Computers,204
1,1,0.1,feature_ablation,mrsqm,1.0,1.0,0.0,0.4648196055712607,0.46481962288260537,0,0,0.04166582499965443,3.345300137880258e-05,Computers,204
1,1,0.2,feature_ablation,mrsqm,1.0,1.0,0.0,0.722640550575921,0.7226405654656654,0,0,0.04166582499965443,3.345300137880258e-05,Computers,204
1,1,0.05,tshap_centroid,tshap_zero,0.0,0.0,0.2777777777777778,-0.09198775488618915,0.4304221680468965,0,0,0.09914581700286362,0.10232108199852519,Computers,204
1,1,0.1,tshap_centroid,tshap_zero,0.0,0.0,0.2652777777777778,-0.017614827059236005,0.286478095777401,0,0,0.09914581700286362,0.10232108199852519,Computers,204
1,1,0.2,tshap_centroid,tshap_zero,0.0,0.0,0.3194444444444444,0.3283999713664515,0.482439012622779,0,0,0.09914581700286362,0.10232108199852519,Computers,204
1,1,0.05,tshap_centroid,tshap_train,0.0,0.0,0.2875,-0.09198775488618915,0.38271652670744505,0,0,0.09914581700286362,5.126565883001604,Computers,204
1,1,0.1,tshap_centroid,tshap_train,0.0,0.0,0.2791666666666667,-0.017614827059236005,0.38619370593648294,0,0,0.09914581700286362,5.126565883001604,Computers,204
1,1,0.2,tshap_centroid,tshap_train,0.0,0.0,0.2972222222222222,0.3283999713664515,0.4668786411800021,0,0,0.09914581700286362,5.126565883001604,Computers,204
1,1,0.05,tshap_centroid,mrsqm,0.0,0.0,0.8597222222222223,-0.09198775488618915,0.2378140892785997,0,0,0.09914581700286362,3.345300137880258e-05,Computers,204
1,1,0.1,tshap_centroid,mrsqm,0.0,0.0,0.8236111111111111,-0.017614827059236005,0.46481962288260537,0,0,0.09914581700286362,3.345300137880258e-05,Computers,204
1,1,0.2,tshap_centroid,mrsqm,0.0,0.0,0.7680555555555556,0.3283999713664515,0.7226405654656654,0,0,0.09914581700286362,3.345300137880258e-05,Computers,204
1,1,0.05,tshap_zero,tshap_train,0.6744186046511628,0.8055555555555556,0.009722222222222222,0.4304221680468965,0.38271652670744505,0,0,0.10232108199852519,5.126565883001604,Computers,204
1,1,0.1,tshap_zero,tshap_train,0.7560975609756098,0.8611111111111112,0.013888888888888888,0.286478095777401,0.38619370593648294,0,0,0.10232108199852519,5.126565883001604,Computers,204
1,1,0.2,tshap_zero,tshap_train,0.8,0.8888888888888888,0.022222222222222223,0.482439012622779,0.4668786411800021,0,0,0.10232108199852519,5.126565883001604,Computers,204
1,1,0.05,tshap_zero,mrsqm,0.0,0.0,0.5819444444444445,0.4304221680468965,0.2378140892785997,0,0,0.10232108199852519,3.345300137880258e-05,Computers,204
1,1,0.1,tshap_zero,mrsqm,0.0,0.0,0.5583333333333333,0.286478095777401,0.46481962288260537,0,0,0.10232108199852519,3.345300137880258e-05,Computers,204
1,1,0.2,tshap_zero,mrsqm,0.0,0.0,0.4486111111111111,0.482439012622779,0.7226405654656654,0,0,0.10232108199852519,3.345300137880258e-05,Computers,204
1,1,0.05,tshap_train,mrsqm,0.0,0.0,0.5722222222222222,0.38271652670744505,0.2378140892785997,0,0,5.126565883001604,3.345300137880258e-05,Computers,204
1,1,0.1,tshap_train,mrsqm,0.0,0.0,0.5444444444444444,0.38619370593648294,0.46481962288260537,0,0,5.126565883001604,3.345300137880258e-05,Computers,204
1,1,0.2,tshap_train,mrsqm,0.0,0.0,0.4708333333333333,0.4668786411800021,0.7226405654656654,0,0,5.126565883001604,3.345300137880258e-05,Computers,204
0,0,0.05,hydra,shapley_sampling,0.0,0.0,0.34444444444444444,0.11870567986986624,0.15293770675309026,0,0,0.5387709120004729,0.9839322519983398,Computers,21
0,0,0.1,hydra,shapley_sampling,0.0,0.0,0.24027777777777778,0.30922553103186246,0.16086312097548366,0,0,0.5387709120004729,0.9839322519983398,Computers,21
0,0,0.2,hydra,shapley_sampling,0.0,0.0,0.2513888888888889,0.30979448317114,0.4994504044644348,0,1,0.5387709120004729,0.9839322519983398,Computers,21
0,0,0.05,hydra,feature_ablation,0.0,0.0,0.05555555555555555,0.11870567986986624,0.21447234479982635,0,0,0.5387709120004729,0.042507692000071984,Computers,21
0,0,0.1,hydra,feature_ablation,0.0,0.0,0.3902777777777778,0.30922553103186246,0.31336151760178904,0,0,0.5387709120004729,0.042507692000071984,Computers,21
0,0,0.2,hydra,feature_ablation,0.6089385474860335,0.7569444444444444,0.04861111111111111,0.30979448317114,0.1167801113950826,0,0,0.5387709120004729,0.042507692000071984,Computers,21
0,0,0.05,hydra,tshap_centroid,0.0,0.0,0.4847222222222222,0.11870567986986624,0.12850553671408166,0,0,0.5387709120004729,0.10029789799955324,Computers,21
0,0,0.1,hydra,tshap_centroid,0.0,0.0,0.4583333333333333,0.30922553103186246,0.2415354623375922,0,0,0.5387709120004729,0.10029789799955324,Computers,21
0,0,0.2,hydra,tshap_centroid,0.0,0.0,0.42777777777777776,0.30979448317114,0.17550569849876624,0,0,0.5387709120004729,0.10029789799955324,Computers,21
0,0,0.05,hydra,tshap_zero,0.0,0.0,0.6847222222222222,0.11870567986986624,0.1493147324452362,0,0,0.5387709120004729,0.10265363900180091,Computers,21
0,0,0.1,hydra,tshap_zero,0.0,0.0,0.7083333333333334,0.30922553103186246,0.19839849225220713,0,0,0.5387709120004729,0.10265363900180091,Computers,21
0,0,0.2,hydra,tshap_zero,0.0,0.0,0.6805555555555556,0.30979448317114,0.05115713509083536,0,0,0.5387709120004729,0.10265363900180091,Computers,21
0,0,0.05,hydra,tshap_train,0.3090909090909091,0.4722222222222222,0.02638888888888889,0.11870567986986624,0.18605941502891893,0,0,0.5387709120004729,5.123945802999515,Computers,21
0,0,0.1,hydra,tshap_train,0.8701298701298701,0.9305555555555556,0.006944444444444444,0.30922553103186246,0.2905805838437289,0,0,0.5387709120004729,5.123945802999515,Computers,21
0,0,0.2,hydra,tshap_train,0.0,0.0,0.3402777777777778,0.30979448317114,0.2889558588133874,0,0,0.5387709120004729,5.123945802999515,Computers,21
0,0,0.05,hydra,mrsqm,0.0,0.0,0.8444444444444444,0.11870567986986624,-0.10687829711750907,0,0,0.5387709120004729,3.24220018228516e-05,Computers,21
0,0,0.1,hydra,mrsqm,0.0,0.0,0.8402777777777778,0.30922553103186246,-0.2144977561581239,0,0,0.5387709120004729,3.24220018228516e-05,Computers,21
0,0,0.2,hydra,mrsqm,0.0,0.0,0.7513888888888889,0.30979448317114,-0.18251350371015035,0,0,0.5387709120004729,3.24220018228516e-05,Computers,21
0,0,0.05,shapley_sampling,feature_ablation,0.0,0.0,0.4,0.15293770675309026,0.21447234479982635,0,0,0.9839322519983398,0.042507692000071984,Computers,21
0,0,0.1,shapley_sampling,feature_ablation,0.0,0.0,0.15,0.16086312097548366,0.31336151760178904,0,0,0.9839322519983398,0.042507692000071984,Computers,21
0,0,0.2,shapley_sampling,feature_ablation,0.0,0.0,0.3,0.4994504044644348,0.1167801113950826,1,0,0.9839322519983398,0.042507692000071984,Computers,21
0,0,0.05,shapley_sampling,tshap_centroid,0.0,0.0,0.14027777777777778,0.15293770675309026,0.12850553671408166,0,0,0.9839322519983398,0.10029789799955324,Computers,21
0,0,0.1,shapley_sampling,tshap_centroid,0.0,0.0,0.21805555555555556,0.16086312097548366,0.2415354623375922,0,0,0.9839322519983398,0.10029789799955324,Computers,21
0,0,0.2,shapley_sampling,tshap_centroid,0.06273062730627306,0.11805555555555555,0.1763888888888889,0.4994504044644348,0.17550569849876624,1,0,0.9839322519983398,0.10029789799955324,Computers,21
0,0,0.05,shapley_sampling,tshap_zero,0.0,0.0,0.3402777777777778,0.15293770675309026,0.1493147324452362,0,0,0.9839322519983398,0.10265363900180091,Computers,21
0,0,0.1,shapley_sampling,tshap_zero,0.0,0.0,0.46805555555555556,0.16086312097548366,0.19839849225220713,0,0,0.9839322519983398,0.10265363900180091,Computers,21
0,0,0.2,shapley_sampling,tshap_zero,0.0,0.0,0.42916666666666664,0.4994504044644348,0.05115713509083536,1,0,0.9839322519983398,0.10265363900180091,Computers,21
0,0,0.05,shapley_sampling,tshap_train,0.0,0.0,0.37083333333333335,0.15293770675309026,0.18605941502891893,0,0,0.9839322519983398,5.123945802999515,Computers,21
0,0,0.1,shapley_sampling,tshap_train,0.0,0.0,0.24722222222222223,0.16086312097548366,0.2905805838437289,0,0,0.9839322519983398,5.123945802999515,Computers,21
0,0,0.2,shapley_sampling,tshap_train,0.38461538461538464,0.5555555555555556,0.08888888888888889,0.4994504044644348,0.2889558588133874,1,0,0.9839322519983398,5.123945802999515,Computers,21
0,0,0.05,shapley_sampling,mrsqm,0.0,0.0,0.5,0.15293770675309026,-0.10687829711750907,0,0,0.9839322519983398,3.24220018228516e-05,Computers,21
0,0,0.1,shapley_sampling,mrsqm,0.0,0.0,0.6,0.16086312097548366,-0.2144977561581239,0,0,0.9839322519983398,3.24220018228516e-05,Computers,21
0,0,0.2,shapley_sampling,mrsqm,0.0,0.0,0.5,0.4994504044644348,-0.18251350371015035,1,0,0.9839322519983398,3.24220018228516e-05,Computers,21
0,0,0.05,feature_ablation,tshap_centroid,0.0,0.0,0.5402777777777777,0.21447234479982635,0.12850553671408166,0,0,0.042507692000071984,0.10029789799955324,Computers,21
0,0,0.1,feature_ablation,tshap_centroid,0.19008264462809918,0.3194444444444444,0.06805555555555555,0.31336151760178904,0.2415354623375922,0,0,0.042507692000071984,0.10029789799955324,Computers,21
0,0,0.2,feature_ablation,tshap_centroid,0.0,0.0,0.47638888888888886,0.1167801113950826,0.17550569849876624,0,0,0.042507692000071984,0.10029789799955324,Computers,21
0,0,0.05,feature_ablation,tshap_zero,0.0,0.0,0.7402777777777778,0.21447234479982635,0.1493147324452362,0,0,0.042507692000071984,0.10265363900180091,Computers,21
0,0,0.1,feature_ablation,tshap_zero,0.0,0.0,0.31805555555555554,0.31336151760178904,0.19839849225220713,0,0,0.042507692000071984,0.10265363900180091,Computers,21
0,0,0.2,feature_ablation,tshap_zero,0.0,0.0,0.7291666666666666,0.1167801113950826,0.05115713509083536,0,0,0.042507692000071984,0.10265363900180091,Computers,21
0,0,0.05,feature_ablation,tshap_train,0.2631578947368421,0.4166666666666667,0.029166666666666667,0.21447234479982635,0.18605941502891893,0,0,0.042507692000071984,5.123945802999515,Computers,21
0,0,0.1,feature_ablation,tshap_train,0.0,0.0,0.3972222222222222,0.31336151760178904,0.2905805838437289,0,0,0.042507692000071984,5.123945802999515,Computers,21
0,0,0.2,feature_ablation,tshap_train,0.0,0.0,0.3888888888888889,0.1167801113950826,0.2889558588133874,0,0,0.042507692000071984,5.123945802999515,Computers,21
0,0,0.05,feature_ablation,mrsqm,0.0,0.0,0.9,0.21447234479982635,-0.10687829711750907,0,0,0.042507692000071984,3.24220018228516e-05,Computers,21
0,0,0.1,feature_ablation,mrsqm,0.0,0.0,0.45,0.31336151760178904,-0.2144977561581239,0,0,0.042507692000071984,3.24220018228516e-05,Computers,21
0,0,0.2,feature_ablation,mrsqm,0.0,0.0,0.8,0.1167801113950826,-0.18251350371015035,0,0,0.042507692000071984,3.24220018228516e-05,Computers,21
0,0,0.05,tshap_centroid,tshap_zero,0.0,0.0,0.2,0.12850553671408166,0.1493147324452362,0,0,0.10029789799955324,0.10265363900180091,Computers,21
0,0,0.1,tshap_centroid,tshap_zero,0.0,0.0,0.25,0.2415354623375922,0.19839849225220713,0,0,0.10029789799955324,0.10265363900180091,Computers,21
0,0,0.2,tshap_centroid,tshap_zero,0.0,0.0,0.25277777777777777,0.17550569849876624,0.05115713509083536,0,0,0.10029789799955324,0.10265363900180091,Computers,21
0,0,0.05,tshap_centroid,tshap_train,0.0,0.0,0.5111111111111111,0.12850553671408166,0.18605941502891893,0,0,0.10029789799955324,5.123945802999515,Computers,21
0,0,0.1,tshap_centroid,tshap_train,0.0,0.0,0.4652777777777778,0.2415354623375922,0.2905805838437289,0,0,0.10029789799955324,5.123945802999515,Computers,21
0,0,0.2,tshap_centroid,tshap_train,0.391304347826087,0.5625,0.0875,0.17550569849876624,0.2889558588133874,0,0,0.10029789799955324,5.123945802999515,Computers,21
0,0,0.05,tshap_centroid,mrsqm,0.0,0.0,0.3597222222222222,0.12850553671408166,-0.10687829711750907,0,0,0.10029789799955324,3.24220018228516e-05,Computers,21
0,0,0.1,tshap_centroid,mrsqm,0.0,0.0,0.3819444444444444,0.2415354623375922,-0.2144977561581239,0,0,0.10029789799955324,3.24220018228516e-05,Computers,21
0,0,0.2,tshap_centroid,mrsqm,0.0,0.0,0.3236111111111111,0.17550569849876624,-0.18251350371015035,0,0,0.10029789799955324,3.24220018228516e-05,Computers,21
0,0,0.05,tshap_zero,tshap_train,0.0,0.0,0.7111111111111111,0.1493147324452362,0.18605941502891893,0,0,0.10265363900180091,5.123945802999515,Computers,21
0,0,0.1,tshap_zero,tshap_train,0.0,0.0,0.7152777777777778,0.19839849225220713,0.2905805838437289,0,0,0.10265363900180091,5.123945802999515,Computers,21
0,0,0.2,tshap_zero,tshap_train,0.0,0.0,0.3402777777777778,0.05115713509083536,0.2889558588133874,0,0,0.10265363900180091,5.123945802999515,Computers,21
0,0,0.05,tshap_zero,mrsqm,0.0,0.0,0.1597222222222222,0.1493147324452362,-0.10687829711750907,0,0,0.10265363900180091,3.24220018228516e-05,Computers,21
0,0,0.1,tshap_zero,mrsqm,0.0,0.0,0.13194444444444445,0.19839849225220713,-0.2144977561581239,0,0,0.10265363900180091,3.24220018228516e-05,Computers,21
0,0,0.2,tshap_zero,mrsqm,0.47692307692307695,0.6458333333333334,0.07083333333333333,0.05115713509083536,-0.18251350371015035,0,0,0.10265363900180091,3.24220018228516e-05,Computers,21
0,0,0.05,tshap_train,mrsqm,0.0,0.0,0.8708333333333333,0.18605941502891893,-0.10687829711750907,0,0,5.123945802999515,3.24220018228516e-05,Computers,21
0,0,0.1,tshap_train,mrsqm,0.0,0.0,0.8472222222222222,0.2905805838437289,-0.2144977561581239,0,0,5.123945802999515,3.24220018228516e-05,Computers,21
0,0,0.2,tshap_train,mrsqm,0.0,0.0,0.4111111111111111,0.2889558588133874,-0.18251350371015035,0,0,5.123945802999515,3.24220018228516e-05,Computers,21
1,1,0.05,hydra,shapley_sampling,0.0,0.0,0.05694444444444444,-0.12261871242900824,-0.1044750982029341,0,0,0.5452374909982609,0.9936719610013824,Computers,183
1,1,0.1,hydra,shapley_sampling,0.051094890510948905,0.09722222222222222,0.09027777777777778,-0.3536908671726742,-0.060614382896087005,0,0,0.5452374909982609,0.9936719610013824,Computers,183
1,1,0.2,hydra,shapley_sampling,0.3333333333333333,0.5,0.1,-0.29676036561268404,-0.0061580952972031255,0,0,0.5452374909982609,0.9936719610013824,Computers,183
1,1,0.05,hydra,feature_ablation,0.0,0.0,0.5569444444444445,-0.12261871242900824,0.4122015297966223,0,0,0.5452374909982609,0.04251000600197585,Computers,183
1,1,0.1,hydra,feature_ablation,0.0,0.0,0.5902777777777778,-0.3536908671726742,0.3933931291768184,0,0,0.5452374909982609,0.04251000600197585,Computers,183
1,1,0.2,hydra,feature_ablation,0.0,0.0,0.55,-0.29676036561268404,0.2928533027412199,0,0,0.5452374909982609,0.04251000600197585,Computers,183
1,1,0.05,hydra,tshap_centroid,0.0,0.0,0.6541666666666667,-0.12261871242900824,0.2512196387993621,0,0,0.5452374909982609,0.09992290200170828,Computers,183
1,1,0.1,hydra,tshap_centroid,0.0,0.0,0.6611111111111111,-0.3536908671726742,0.37188546218180574,0,0,0.5452374909982609,0.09992290200170828,Computers,183
1,1,0.2,hydra,tshap_centroid,0.0,0.0,0.6305555555555555,-0.29676036561268404,0.3386992530609266,0,0,0.5452374909982609,0.09992290200170828,Computers,183
1,1,0.05,hydra,tshap_zero,0.0,0.0,0.14027777777777778,-0.12261871242900824,0.3493112900280676,0,0,0.5452374909982609,0.10180546999981743,Computers,183
1,1,0.1,hydra,tshap_zero,0.0,0.0,0.14444444444444443,-0.3536908671726742,0.07371089783781115,0,0,0.5452374909982609,0.10180546999981743,Computers,183
1,1,0.2,hydra,tshap_zero,0.16129032258064516,0.2777777777777778,0.14444444444444443,-0.29676036561268404,0.030269528074960306,0,0,0.5452374909982609,0.10180546999981743,Computers,183
1,1,0.05,hydra,tshap_train,0.38461538461538464,0.5555555555555556,0.022222222222222223,-0.12261871242900824,-0.15363507729576997,0,0,0.5452374909982609,5.125306598001771,Computers,183
1,1,0.1,hydra,tshap_train,0.0,0.0,0.6,-0.3536908671726742,0.3739555579014833,0,0,0.5452374909982609,5.125306598001771,Computers,183
1,1,0.2,hydra,tshap_train,0.0,0.0,0.5916666666666667,-0.29676036561268404,0.48322059373352455,0,0,0.5452374909982609,5.125306598001771,Computers,183
1,1,0.05,hydra,mrsqm,0.0,0.0,0.9069444444444444,-0.12261871242900824,0.20067062107066247,0,0,0.5452374909982609,3.113899947493337e-05,Computers,183
1,1,0.1,hydra,mrsqm,0.0,0.0,0.8902777777777777,-0.3536908671726742,0.2772969189900002,0,0,0.5452374909982609,3.113899947493337e-05,Computers,183
1,1,0.2,hydra,mrsqm,0.0,0.0,0.8,-0.29676036561268404,0.4319365287154444,0,0,0.5452374909982609,3.113899947493337e-05,Computers,183
1,1,0.05,shapley_sampling,feature_ablation,0.0,0.0,0.5,-0.1044750982029341,0.4122015297966223,0,0,0.9936719610013824,0.04251000600197585,Computers,183
1,1,0.1,shapley_sampling,feature_ablation,0.0,0.0,0.5,-0.060614382896087005,0.3933931291768184,0,0,0.9936719610013824,0.04251000600197585,Computers,183
1,1,0.2,shapley_sampling,feature_ablation,0.0,0.0,0.45,-0.0061580952972031255,0.2928533027412199,0,0,0.9936719610013824,0.04251000600197585,Computers,183
1,1,0.05,shapley_sampling,tshap_centroid,0.0,0.0,0.5972222222222222,-0.1044750982029341,0.2512196387993621,0,0,0.9936719610013824,0.09992290200170828,Computers,183
1,1,0.1,shapley_sampling,tshap_centroid,0.0,0.0,0.5708333333333333,-0.060614382896087005,0.37188546218180574,0,0,0.9936719610013824,0.09992290200170828,Computers,183
1,1,0.2,shapley_sampling,tshap_centroid,0.0,0.0,0.5305555555555556,-0.0061580952972031255,0.3386992530609266,0,0,0.9936719610013824,0.09992290200170828,Computers,183
1,1,0.05,shapley_sampling,tshap_zero,0.0,0.0,0.08333333333333333,-0.1044750982029341,0.3493112900280676,0,0,0.9936719610013824,0.10180546999981743,Computers,183
1,1,0.1,shapley_sampling,tshap_zero,0.2972972972972973,0.4583333333333333,0.05416666666666667,-0.060614382896087005,0.07371089783781115,0,0,0.9936719610013824,0.10180546999981743,Computers,183
1,1,0.2,shapley_sampling,tshap_zero,0.6363636363636364,0.7777777777777778,0.044444444444444446,-0.0061580952972031255,0.030269528074960306,0,0,0.9936719610013824,0.10180546999981743,Computers,183
1,1,0.05,shapley_sampling,tshap_train,0.18032786885245902,0.3055555555555556,0.034722222222222224,-0.1044750982029341,-0.15363507729576997,0,0,0.9936719610013824,5.125306598001771,Computers,183
1,1,0.1,shapley_sampling,tshap_train,0.0,0.0,0.5097222222222222,-0.060614382896087005,0.3739555579014833,0,0,0.9936719610013824,5.125306598001771,Computers,183
1,1,0.2,shapley_sampling,tshap_train,0.0,0.0,0.49166666666666664,-0.0061580952972031255,0.48322059373352455,0,0,0.9936719610013824,5.125306598001771,Computers,183
1,1,0.05,shapley_sampling,mrsqm,0.0,0.0,0.85,-0.1044750982029341,0.20067062107066247,0,0,0.9936719610013824,3.113899947493337e-05,Computers,183
1,1,0.1,shapley_sampling,mrsqm,0.0,0.0,0.8,-0.060614382896087005,0.2772969189900002,0,0,0.9936719610013824,3.113899947493337e-05,Computers,183
1,1,0.2,shapley_sampling,mrsqm,0.0,0.0,0.7,-0.0061580952972031255,0.4319365287154444,0,0,0.9936719610013824,3.113899947493337e-05,Computers,183
1,1,0.05,feature_ablation,tshap_centroid,0.0,0.0,0.09722222222222222,0.4122015297966223,0.2512196387993621,0,0,0.04251000600197585,0.09992290200170828,Computers,183
1,1,0.1,feature_ablation,tshap_centroid,0.17073170731707318,0.2916666666666667,0.07083333333333333,0.3933931291768184,0.37188546218180574,0,0,0.04251000600197585,0.09992290200170828,Computers,183
1,1,0.2,feature_ablation,tshap_centroid,0.42574257425742573,0.5972222222222222,0.08055555555555556,0.2928533027412199,0.3386992530609266,0,0,0.04251000600197585,0.09992290200170828,Computers,183
1,1,0.05,feature_ablation,tshap_zero,0.0,0.0,0.4166666666666667,0.4122015297966223,0.3493112900280676,0,0,0.04251000600197585,0.10180546999981743,Computers,183
1,1,0.1,feature_ablation,tshap_zero,0.0,0.0,0.44583333333333336,0.3933931291768184,0.07371089783781115,0,0,0.04251000600197585,0.10180546999981743,Computers,183
1,1,0.2,feature_ablation,tshap_zero,0.0,0.0,0.40555555555555556,0.2928533027412199,0.030269528074960306,0,0,0.04251000600197585,0.10180546999981743,Computers,183
1,1,0.05,feature_ablation,tshap_train,0.0,0.0,0.5347222222222222,0.4122015297966223,-0.15363507729576997,0,0,0.04251000600197585,5.125306598001771,Computers,183
1,1,0.1,feature_ablation,tshap_train,0.8227848101265823,0.9027777777777778,0.009722222222222222,0.3933931291768184,0.3739555579014833,0,0,0.04251000600197585,5.125306598001771,Computers,183
1,1,0.2,feature_ablation,tshap_train,0.6551724137931034,0.7916666666666666,0.041666666666666664,0.2928533027412199,0.48322059373352455,0,0,0.04251000600197585,5.125306598001771,Computers,183
1,1,0.05,feature_ablation,mrsqm,0.0,0.0,0.35,0.4122015297966223,0.20067062107066247,0,0,0.04251000600197585,3.113899947493337e-05,Computers,183
1,1,0.1,feature_ablation,mrsqm,0.0,0.0,0.3,0.3933931291768184,0.2772969189900002,0,0,0.04251000600197585,3.113899947493337e-05,Computers,183
1,1,0.2,feature_ablation,mrsqm,0.0,0.0,0.25,0.2928533027412199,0.4319365287154444,0,0,0.04251000600197585,3.113899947493337e-05,Computers,183
1,1,0.05,tshap_centroid,tshap_zero,0.0,0.0,0.5138888888888888,0.2512196387993621,0.3493112900280676,0,0,0.09992290200170828,0.10180546999981743,Computers,183
1,1,0.1,tshap_centroid,tshap_zero,0.0,0.0,0.5166666666666667,0.37188546218180574,0.07371089783781115,0,0,0.09992290200170828,0.10180546999981743,Computers,183
1,1,0.2,tshap_centroid,tshap_zero,0.0,0.0,0.4861111111111111,0.3386992530609266,0.030269528074960306,0,0,0.09992290200170828,0.10180546999981743,Computers,183
1,1,0.05,tshap_centroid,tshap_train,0.0,0.0,0.6319444444444444,0.2512196387993621,-0.15363507729576997,0,0,0.09992290200170828,5.125306598001771,Computers,183
1,1,0.1,tshap_centroid,tshap_train,0.2413793103448276,0.3888888888888889,0.06111111111111111,0.37188546218180574,0.3739555579014833,0,0,0.09992290200170828,5.125306598001771,Computers,183
1,1,0.2,tshap_centroid,tshap_train,0.6744186046511628,0.8055555555555556,0.03888888888888889,0.3386992530609266,0.48322059373352455,0,0,0.09992290200170828,5.125306598001771,Computers,183
1,1,0.05,tshap_centroid,mrsqm,0.0,0.0,0.25277777777777777,0.2512196387993621,0.20067062107066247,0,0,0.09992290200170828,3.113899947493337e-05,Computers,183
1,1,0.1,tshap_centroid,mrsqm,0.0,0.0,0.22916666666666666,0.37188546218180574,0.2772969189900002,0,0,0.09992290200170828,3.113899947493337e-05,Computers,183
1,1,0.2,tshap_centroid,mrsqm,0.08270676691729323,0.1527777777777778,0.16944444444444445,0.3386992530609266,0.4319365287154444,0,0,0.09992290200170828,3.113899947493337e-05,Computers,183
1,1,0.05,tshap_zero,tshap_train,0.0,0.0,0.11805555555555555,0.3493112900280676,-0.15363507729576997,0,0,0.10180546999981743,5.125306598001771,Computers,183
1,1,0.1,tshap_zero,tshap_train,0.0,0.0,0.45555555555555555,0.07371089783781115,0.3739555579014833,0,0,0.10180546999981743,5.125306598001771,Computers,183
1,1,0.2,tshap_zero,tshap_train,0.0,0.0,0.44722222222222224,0.030269528074960306,0.48322059373352455,0,0,0.10180546999981743,5.125306598001771,Computers,183
1,1,0.05,tshap_zero,mrsqm,0.0,0.0,0.7666666666666667,0.3493112900280676,0.20067062107066247,0,0,0.10180546999981743,3.113899947493337e-05,Computers,183
1,1,0.1,tshap_zero,mrsqm,0.0,0.0,0.7458333333333333,0.07371089783781115,0.2772969189900002,0,0,0.10180546999981743,3.113899947493337e-05,Computers,183
1,1,0.2,tshap_zero,mrsqm,0.0,0.0,0.6555555555555556,0.030269528074960306,0.4319365287154444,0,0,0.10180546999981743,3.113899947493337e-05,Computers,183
1,1,0.05,tshap_train,mrsqm,0.0,0.0,0.8847222222222222,-0.15363507729576997,0.20067062107066247,0,0,5.125306598001771,3.113899947493337e-05,Computers,183
1,1,0.1,tshap_train,mrsqm,0.0,0.0,0.2902777777777778,0.3739555579014833,0.2772969189900002,0,0,5.125306598001771,3.113899947493337e-05,Computers,183
1,1,0.2,tshap_train,mrsqm,0.0,0.0,0.20833333333333334,0.48322059373352455,0.4319365287154444,0,0,5.125306598001771,3.113899947493337e-05,Computers,183
1,1,0.05,hydra,shapley_sampling,0.7142857142857143,0.8333333333333334,0.008333333333333333,0.30464827940966277,0.35098588481181126,0,0,0.5443885909990058,0.9898255609987245,Computers,200
1,1,0.1,hydra,shapley_sampling,0.3090909090909091,0.4722222222222222,0.05277777777777778,0.3212712412077007,0.4622565486918969,0,0,0.5443885909990058,0.9898255609987245,Computers,200
1,1,0.2,hydra,shapley_sampling,0.4472361809045226,0.6180555555555556,0.0763888888888889,0.2753786475189235,0.20015210873840739,0,0,0.5443885909990058,0.9898255609987245,Computers,200
1,1,0.05,hydra,feature_ablation,0.7142857142857143,0.8333333333333334,0.008333333333333333,0.30464827940966277,0.3509858795925489,0,0,0.5443885909990058,0.04269948300134274,Computers,200
1,1,0.1,hydra,feature_ablation,0.3090909090909091,0.4722222222222222,0.05277777777777778,0.3212712412077007,0.4622565383785141,0,0,0.5443885909990058,0.04269948300134274,Computers,200
1,1,0.2,hydra,feature_ablation,0.0,0.0,0.4236111111111111,0.2753786475189235,0.2983235868812598,0,0,0.5443885909990058,0.04269948300134274,Computers,200
1,1,0.05,hydra,tshap_centroid,0.0,0.0,0.15833333333333333,0.30464827940966277,0.0019674408827037304,0,0,0.5443885909990058,0.1002072869996482,Computers,200
1,1,0.1,hydra,tshap_centroid,0.0,0.0,0.16666666666666666,0.3212712412077007,0.05452416747073818,0,0,0.5443885909990058,0.1002072869996482,Computers,200
1,1,0.2,hydra,tshap_centroid,0.2631578947368421,0.4166666666666667,0.11666666666666667,0.2753786475189235,0.2023087213566125,0,0,0.5443885909990058,0.1002072869996482,Computers,200
1,1,0.05,hydra,tshap_zero,0.2,0.3333333333333333,0.03333333333333333,0.30464827940966277,0.5495672895981772,0,0,0.5443885909990058,0.10188628300238634,Computers,200
1,1,0.1,hydra,tshap_zero,0.2631578947368421,0.4166666666666667,0.058333333333333334,0.3212712412077007,0.46531877065567373,0,0,0.5443885909990058,0.10188628300238634,Computers,200
1,1,0.2,hydra,tshap_zero,0.6363636363636364,0.7777777777777778,0.044444444444444446,0.2753786475189235,0.3413870327830705,0,0,0.5443885909990058,0.10188628300238634,Computers,200
1,1,0.05,hydra,tshap_train,0.8461538461538461,0.9166666666666666,0.004166666666666667,0.30464827940966277,0.41313850346630177,0,0,0.5443885909990058,5.129699970002548,Computers,200
1,1,0.1,hydra,tshap_train,0.6551724137931034,0.7916666666666666,0.020833333333333332,0.3212712412077007,0.4226049882174563,0,0,0.5443885909990058,5.129699970002548,Computers,200
1,1,0.2,hydra,tshap_train,0.8701298701298701,0.9305555555555556,0.013888888888888888,0.2753786475189235,0.29319786034976725,0,0,0.5443885909990058,5.129699970002548,Computers,200
1,1,0.05,hydra,mrsqm,0.0,0.0,0.6916666666666667,0.30464827940966277,0.23708476039043258,0,0,0.5443885909990058,3.151900091324933e-05,Computers,200
1,1,0.1,hydra,mrsqm,0.0,0.0,0.6472222222222223,0.3212712412077007,0.2907167853616611,0,0,0.5443885909990058,3.151900091324933e-05,Computers,200
1,1,0.2,hydra,mrsqm,0.0,0.0,0.6236111111111111,0.2753786475189235,0.4901975286897763,0,0,0.5443885909990058,3.151900091324933e-05,Computers,200
1,1,0.05,shapley_sampling,feature_ablation,1.0,1.0,0.0,0.35098588481181126,0.3509858795925489,0,0,0.9898255609987245,0.04269948300134274,Computers,200
1,1,0.1,shapley_sampling,feature_ablation,1.0,1.0,0.0,0.4622565486918969,0.4622565383785141,0,0,0.9898255609987245,0.04269948300134274,Computers,200
1,1,0.2,shapley_sampling,feature_ablation,0.0,0.0,0.5,0.20015210873840739,0.2983235868812598,0,0,0.9898255609987245,0.04269948300134274,Computers,200
1,1,0.05,shapley_sampling,tshap_centroid,0.0,0.0,0.15,0.35098588481181126,0.0019674408827037304,0,0,0.9898255609987245,0.1002072869996482,Computers,200
1,1,0.1,shapley_sampling,tshap_centroid,0.0,0.0,0.11388888888888889,0.4622565486918969,0.05452416747073818,0,0,0.9898255609987245,0.1002072869996482,Computers,200
1,1,0.2,shapley_sampling,tshap_centroid,0.6647398843930635,0.7986111111111112,0.04027777777777778,0.20015210873840739,0.2023087213566125,0,0,0.9898255609987245,0.1002072869996482,Computers,200
1,1,0.05,shapley_sampling,tshap_zero,0.3333333333333333,0.5,0.025,0.35098588481181126,0.5495672895981772,0,0,0.9898255609987245,0.10188628300238634,Computers,200
1,1,0.1,shapley_sampling,tshap_zero,0.8947368421052632,0.9444444444444444,0.005555555555555556,0.4622565486918969,0.46531877065567373,0,0,0.9898255609987245,0.10188628300238634,Computers,200
1,1,0.2,shapley_sampling,tshap_zero,0.7245508982035929,0.8402777777777778,0.03194444444444444,0.20015210873840739,0.3413870327830705,0,0,0.9898255609987245,0.10188628300238634,Computers,200
1,1,0.05,shapley_sampling,tshap_train,0.8461538461538461,0.9166666666666666,0.004166666666666667,0.35098588481181126,0.41313850346630177,0,0,0.9898255609987245,5.129699970002548,Computers,200
1,1,0.1,shapley_sampling,tshap_train,0.5157894736842106,0.6805555555555556,0.03194444444444444,0.4622565486918969,0.4226049882174563,0,0,0.9898255609987245,5.129699970002548,Computers,200
1,1,0.2,shapley_sampling,tshap_train,0.37799043062200954,0.5486111111111112,0.09027777777777778,0.20015210873840739,0.29319786034976725,0,0,0.9898255609987245,5.129699970002548,Computers,200
1,1,0.05,shapley_sampling,mrsqm,0.0,0.0,0.7,0.35098588481181126,0.23708476039043258,0,0,0.9898255609987245,3.151900091324933e-05,Computers,200
1,1,0.1,shapley_sampling,mrsqm,0.0,0.0,0.7,0.4622565486918969,0.2907167853616611,0,0,0.9898255609987245,3.151900091324933e-05,Computers,200
1,1,0.2,shapley_sampling,mrsqm,0.0,0.0,0.7,0.20015210873840739,0.4901975286897763,0,0,0.9898255609987245,3.151900091324933e-05,Computers,200
1,1,0.05,feature_ablation,tshap_centroid,0.0,0.0,0.15,0.3509858795925489,0.0019674408827037304,0,0,0.04269948300134274,0.1002072869996482,Computers,200
1,1,0.1,feature_ablation,tshap_centroid,0.0,0.0,0.11388888888888889,0.4622565383785141,0.05452416747073818,0,0,0.04269948300134274,0.1002072869996482,Computers,200
1,1,0.2,feature_ablation,tshap_centroid,0.0,0.0,0.5402777777777777,0.2983235868812598,0.2023087213566125,0,0,0.04269948300134274,0.1002072869996482,Computers,200
1,1,0.05,feature_ablation,tshap_zero,0.3333333333333333,0.5,0.025,0.3509858795925489,0.5495672895981772,0,0,0.04269948300134274,0.10188628300238634,Computers,200
1,1,0.1,feature_ablation,tshap_zero,0.8947368421052632,0.9444444444444444,0.005555555555555556,0.4622565383785141,0.46531877065567373,0,0,0.04269948300134274,0.10188628300238634,Computers,200
1,1,0.2,feature_ablation,tshap_zero,0.0,0.0,0.46805555555555556,0.2983235868812598,0.3413870327830705,0,0,0.04269948300134274,0.10188628300238634,Computers,200
1,1,0.05,feature_ablation,tshap_train,0.8461538461538461,0.9166666666666666,0.004166666666666667,0.3509858795925489,0.41313850346630177,0,0,0.04269948300134274,5.129699970002548,Computers,200
1,1,0.1,feature_ablation,tshap_train,0.5157894736842106,0.6805555555555556,0.03194444444444444,0.4622565383785141,0.4226049882174563,0,0,0.04269948300134274,5.129699970002548,Computers,200
1,1,0.2,feature_ablation,tshap_train,0.0,0.0,0.4097222222222222,0.2983235868812598,0.29319786034976725,0,0,0.04269948300134274,5.129699970002548,Computers,200
1,1,0.05,feature_ablation,mrsqm,0.0,0.0,0.7,0.3509858795925489,0.23708476039043258,0,0,0.04269948300134274,3.151900091324933e-05,Computers,200
1,1,0.1,feature_ablation,mrsqm,0.0,0.0,0.7,0.4622565383785141,0.2907167853616611,0,0,0.04269948300134274,3.151900091324933e-05,Computers,200
1,1,0.2,feature_ablation,mrsqm,0.0,0.0,0.2,0.2983235868812598,0.4901975286897763,0,0,0.04269948300134274,3.151900091324933e-05,Computers,200
1,1,0.05,tshap_centroid,tshap_zero,0.0,0.0,0.125,0.0019674408827037304,0.5495672895981772,0,0,0.1002072869996482,0.10188628300238634,Computers,200
1,1,0.1,tshap_centroid,tshap_zero,0.0,0.0,0.10833333333333334,0.05452416747073818,0.46531877065567373,0,0,0.1002072869996482,0.10188628300238634,Computers,200
1,1,0.2,tshap_centroid,tshap_zero,0.46938775510204084,0.6388888888888888,0.07222222222222222,0.2023087213566125,0.3413870327830705,0,0,0.1002072869996482,0.10188628300238634,Computers,200
1,1,0.05,tshap_centroid,tshap_train,0.0,0.0,0.15416666666666667,0.0019674408827037304,0.41313850346630177,0,0,0.1002072869996482,5.129699970002548,Computers,200
1,1,0.1,tshap_centroid,tshap_train,0.0,0.0,0.14583333333333334,0.05452416747073818,0.4226049882174563,0,0,0.1002072869996482,5.129699970002548,Computers,200
1,1,0.2,tshap_centroid,tshap_train,0.21008403361344538,0.3472222222222222,0.13055555555555556,0.2023087213566125,0.29319786034976725,0,0,0.1002072869996482,5.129699970002548,Computers,200
1,1,0.05,tshap_centroid,mrsqm,0.0,0.0,0.85,0.0019674408827037304,0.23708476039043258,0,0,0.1002072869996482,3.151900091324933e-05,Computers,200
1,1,0.1,tshap_centroid,mrsqm,0.0,0.0,0.8138888888888889,0.05452416747073818,0.2907167853616611,0,0,0.1002072869996482,3.151900091324933e-05,Computers,200
1,1,0.2,tshap_centroid,mrsqm,0.0,0.0,0.7402777777777778,0.2023087213566125,0.4901975286897763,0,0,0.1002072869996482,3.151900091324933e-05,Computers,200
1,1,0.05,tshap_zero,tshap_train,0.2631578947368421,0.4166666666666667,0.029166666666666667,0.5495672895981772,0.41313850346630177,0,0,0.10188628300238634,5.129699970002548,Computers,200
1,1,0.1,tshap_zero,tshap_train,0.45454545454545453,0.625,0.0375,0.46531877065567373,0.4226049882174563,0,0,0.10188628300238634,5.129699970002548,Computers,200
1,1,0.2,tshap_zero,tshap_train,0.5483870967741935,0.7083333333333334,0.058333333333333334,0.3413870327830705,0.29319786034976725,0,0,0.10188628300238634,5.129699970002548,Computers,200
1,1,0.05,tshap_zero,mrsqm,0.0,0.0,0.725,0.5495672895981772,0.23708476039043258,0,0,0.10188628300238634,3.151900091324933e-05,Computers,200
1,1,0.1,tshap_zero,mrsqm,0.0,0.0,0.7055555555555556,0.46531877065567373,0.2907167853616611,0,0,0.10188628300238634,3.151900091324933e-05,Computers,200
1,1,0.2,tshap_zero,mrsqm,0.0,0.0,0.6680555555555555,0.3413870327830705,0.4901975286897763,0,0,0.10188628300238634,3.151900091324933e-05,Computers,200
1,1,0.05,tshap_train,mrsqm,0.0,0.0,0.6958333333333333,0.41313850346630177,0.23708476039043258,0,0,5.129699970002548,3.151900091324933e-05,Computers,200
1,1,0.1,tshap_train,mrsqm,0.0,0.0,0.6680555555555555,0.4226049882174563,0.2907167853616611,0,0,5.129699970002548,3.151900091324933e-05,Computers,200
1,1,0.2,tshap_train,mrsqm,0.0,0.0,0.6097222222222223,0.29319786034976725,0.4901975286897763,0,0,5.129699970002548,3.151900091324933e-05,Computers,200
0,0,0.05,hydra,shapley_sampling,0.0,0.0,0.7763888888888889,0.2548400146936593,-0.16212730132232794,0,0,0.5344784210028592,0.9683736970000609,Computers,105
0,0,0.1,hydra,shapley_sampling,0.0,0.0,0.49583333333333335,0.5004257439832785,-0.10802717712304594,1,0,0.5344784210028592,0.9683736970000609,Computers,105
0,0,0.2,hydra,shapley_sampling,0.0,0.0,0.5347222222222222,0.5023257853261012,-0.14614952531905173,1,0,0.5344784210028592,0.9683736970000609,Computers,105
0,0,0.05,hydra,feature_ablation,0.0,0.0,0.5263888888888889,0.2548400146936593,0.4813772448025748,0,1,0.5344784210028592,0.04073861700089765,Computers,105
0,0,0.1,hydra,feature_ablation,0.0,0.0,0.24583333333333332,0.5004257439832785,0.6949361696770572,1,1,0.5344784210028592,0.04073861700089765,Computers,105
0,0,0.2,hydra,feature_ablation,0.0,0.0,0.2847222222222222,0.5023257853261012,0.5936912742944462,1,1,0.5344784210028592,0.04073861700089765,Computers,105
0,0,0.05,hydra,tshap_centroid,0.0,0.0,0.5638888888888889,0.2548400146936593,0.5072229127840859,0,1,0.5344784210028592,0.09729088099993533,Computers,105
0,0,0.1,hydra,tshap_centroid,0.0,0.0,0.30833333333333335,0.5004257439832785,0.5608028661441921,1,1,0.5344784210028592,0.09729088099993533,Computers,105
0,0,0.2,hydra,tshap_centroid,0.0,0.0,0.35694444444444445,0.5023257853261012,0.26261362102210417,1,0,0.5344784210028592,0.09729088099993533,Computers,105
0,0,0.05,hydra,tshap_zero,0.0,0.0,0.225,0.2548400146936593,0.31635450959584505,0,0,0.5344784210028592,0.10110926799825393,Computers,105
0,0,0.1,hydra,tshap_zero,0.3584905660377358,0.5277777777777778,0.04722222222222222,0.5004257439832785,0.4983868843959126,1,1,0.5344784210028592,0.10110926799825393,Computers,105
0,0,0.2,hydra,tshap_zero,0.7142857142857143,0.8333333333333334,0.03333333333333333,0.5023257853261012,0.6156960503797131,1,1,0.5344784210028592,0.10110926799825393,Computers,105
0,0,0.05,hydra,tshap_train,0.0,0.0,0.0625,0.2548400146936593,0.23662430569742798,0,0,0.5344784210028592,5.116498055002012,Computers,105
0,0,0.1,hydra,tshap_train,0.0,0.0,0.18194444444444444,0.5004257439832785,0.5194532335137838,1,1,0.5344784210028592,5.116498055002012,Computers,105
0,0,0.2,hydra,tshap_train,0.3031674208144796,0.4652777777777778,0.10694444444444444,0.5023257853261012,0.5717785773914336,1,1,0.5344784210028592,5.116498055002012,Computers,105
0,0,0.05,hydra,mrsqm,0.0,0.0,0.9263888888888889,0.2548400146936593,-0.12251474032486992,0,0,0.5344784210028592,3.2972002372844145e-05,Computers,105
0,0,0.1,hydra,mrsqm,0.0,0.0,0.6458333333333334,0.5004257439832785,-0.22456654440792362,1,0,0.5344784210028592,3.2972002372844145e-05,Computers,105
0,0,0.2,hydra,mrsqm,0.0,0.0,0.6347222222222222,0.5023257853261012,-0.6864943612763521,1,0,0.5344784210028592,3.2972002372844145e-05,Computers,105
0,0,0.05,shapley_sampling,feature_ablation,0.0,0.0,0.25,-0.16212730132232794,0.4813772448025748,0,1,0.9683736970000609,0.04073861700089765,Computers,105
0,0,0.1,shapley_sampling,feature_ablation,0.0,0.0,0.25,-0.10802717712304594,0.6949361696770572,0,1,0.9683736970000609,0.04073861700089765,Computers,105
0,0,0.2,shapley_sampling,feature_ablation,0.0,0.0,0.25,-0.14614952531905173,0.5936912742944462,0,1,0.9683736970000609,0.04073861700089765,Computers,105
0,0,0.05,shapley_sampling,tshap_centroid,0.0,0.0,0.2125,-0.16212730132232794,0.5072229127840859,0,1,0.9683736970000609,0.09729088099993533,Computers,105
0,0,0.1,shapley_sampling,tshap_centroid,0.0,0.0,0.1875,-0.10802717712304594,0.5608028661441921,0,1,0.9683736970000609,0.09729088099993533,Computers,105
0,0,0.2,shapley_sampling,tshap_centroid,0.058823529411764705,0.1111111111111111,0.17777777777777778,-0.14614952531905173,0.26261362102210417,0,0,0.9683736970000609,0.09729088099993533,Computers,105
0,0,0.05,shapley_sampling,tshap_zero,0.0,0.0,0.5513888888888889,-0.16212730132232794,0.31635450959584505,0,0,0.9683736970000609,0.10110926799825393,Computers,105
0,0,0.1,shapley_sampling,tshap_zero,0.0,0.0,0.5430555555555555,-0.10802717712304594,0.4983868843959126,0,1,0.9683736970000609,0.10110926799825393,Computers,105
0,0,0.2,shapley_sampling,tshap_zero,0.0,0.0,0.5680555555555555,-0.14614952531905173,0.6156960503797131,0,1,0.9683736970000609,0.10110926799825393,Computers,105
0,0,0.05,shapley_sampling,tshap_train,0.0,0.0,0.7138888888888889,-0.16212730132232794,0.23662430569742798,0,0,0.9683736970000609,5.116498055002012,Computers,105
0,0,0.1,shapley_sampling,tshap_train,0.0,0.0,0.6777777777777778,-0.10802717712304594,0.5194532335137838,0,1,0.9683736970000609,5.116498055002012,Computers,105
0,0,0.2,shapley_sampling,tshap_train,0.0,0.0,0.6416666666666667,-0.14614952531905173,0.5717785773914336,0,1,0.9683736970000609,5.116498055002012,Computers,105
0,0,0.05,shapley_sampling,mrsqm,0.0,0.0,0.15,-0.16212730132232794,-0.12251474032486992,0,0,0.9683736970000609,3.2972002372844145e-05,Computers,105
0,0,0.1,shapley_sampling,mrsqm,0.0,0.0,0.15,-0.10802717712304594,-0.22456654440792362,0,0,0.9683736970000609,3.2972002372844145e-05,Computers,105
0,0,0.2,shapley_sampling,mrsqm,0.3333333333333333,0.5,0.1,-0.14614952531905173,-0.6864943612763521,0,0,0.9683736970000609,3.2972002372844145e-05,Computers,105
0,0,0.05,feature_ablation,tshap_centroid,0.14285714285714285,0.25,0.0375,0.4813772448025748,0.5072229127840859,1,1,0.04073861700089765,0.09729088099993533,Computers,105
0,0,0.1,feature_ablation,tshap_centroid,0.23076923076923078,0.375,0.0625,0.6949361696770572,0.5608028661441921,1,1,0.04073861700089765,0.09729088099993533,Computers,105
0,0,0.2,feature_ablation,tshap_centroid,0.46938775510204084,0.6388888888888888,0.07222222222222222,0.5936912742944462,0.26261362102210417,1,0,0.04073861700089765,0.09729088099993533,Computers,105
0,0,0.05,feature_ablation,tshap_zero,0.0,0.0,0.3013888888888889,0.4813772448025748,0.31635450959584505,1,0,0.04073861700089765,0.10110926799825393,Computers,105
0,0,0.1,feature_ablation,tshap_zero,0.0,0.0,0.29305555555555557,0.6949361696770572,0.4983868843959126,1,1,0.04073861700089765,0.10110926799825393,Computers,105
0,0,0.2,feature_ablation,tshap_zero,0.0,0.0,0.31805555555555554,0.5936912742944462,0.6156960503797131,1,1,0.04073861700089765,0.10110926799825393,Computers,105
0,0,0.05,feature_ablation,tshap_train,0.0,0.0,0.4638888888888889,0.4813772448025748,0.23662430569742798,1,0,0.04073861700089765,5.116498055002012,Computers,105
0,0,0.1,feature_ablation,tshap_train,0.0,0.0,0.42777777777777776,0.6949361696770572,0.5194532335137838,1,1,0.04073861700089765,5.116498055002012,Computers,105
0,0,0.2,feature_ablation,tshap_train,0.0,0.0,0.39166666666666666,0.5936912742944462,0.5717785773914336,1,1,0.04073861700089765,5.116498055002012,Computers,105
0,0,0.05,feature_ablation,mrsqm,0.0,0.0,0.4,0.4813772448025748,-0.12251474032486992,1,0,0.04073861700089765,3.2972002372844145e-05,Computers,105
0,0,0.1,feature_ablation,mrsqm,0.0,0.0,0.4,0.6949361696770572,-0.22456654440792362,1,0,0.04073861700089765,3.2972002372844145e-05,Computers,105
0,0,0.2,feature_ablation,mrsqm,0.0,0.0,0.35,0.5936912742944462,-0.6864943612763521,1,0,0.04073861700089765,3.2972002372844145e-05,Computers,105
0,0,0.05,tshap_centroid,tshap_zero,0.0,0.0,0.3388888888888889,0.5072229127840859,0.31635450959584505,1,0,0.09729088099993533,0.10110926799825393,Computers,105
0,0,0.1,tshap_centroid,tshap_zero,0.0,0.0,0.35555555555555557,0.5608028661441921,0.4983868843959126,1,1,0.09729088099993533,0.10110926799825393,Computers,105
0,0,0.2,tshap_centroid,tshap_zero,0.0,0.0,0.3902777777777778,0.26261362102210417,0.6156960503797131,0,1,0.09729088099993533,0.10110926799825393,Computers,105
0,0,0.05,tshap_centroid,tshap_train,0.0,0.0,0.5013888888888889,0.5072229127840859,0.23662430569742798,1,0,0.09729088099993533,5.116498055002012,Computers,105
0,0,0.1,tshap_centroid,tshap_train,0.0,0.0,0.49027777777777776,0.5608028661441921,0.5194532335137838,1,1,0.09729088099993533,5.116498055002012,Computers,105
0,0,0.2,tshap_centroid,tshap_train,0.0,0.0,0.4638888888888889,0.26261362102210417,0.5717785773914336,0,1,0.09729088099993533,5.116498055002012,Computers,105
0,0,0.05,tshap_centroid,mrsqm,0.0,0.0,0.3625,0.5072229127840859,-0.12251474032486992,1,0,0.09729088099993533,3.2972002372844145e-05,Computers,105
0,0,0.1,tshap_centroid,mrsqm,0.0,0.0,0.3375,0.5608028661441921,-0.22456654440792362,1,0,0.09729088099993533,3.2972002372844145e-05,Computers,105
0,0,0.2,tshap_centroid,mrsqm,0.0,0.0,0.2777777777777778,0.26261362102210417,-0.6864943612763521,0,0,0.09729088099993533,3.2972002372844145e-05,Computers,105
0,0,0.05,tshap_zero,tshap_train,0.0,0.0,0.1625,0.31635450959584505,0.23662430569742798,0,0,0.10110926799825393,5.116498055002012,Computers,105
0,0,0.1,tshap_zero,tshap_train,0.0,0.0,0.13472222222222222,0.4983868843959126,0.5194532335137838,1,1,0.10110926799825393,5.116498055002012,Computers,105
0,0,0.2,tshap_zero,tshap_train,0.4619289340101523,0.6319444444444444,0.07361111111111111,0.6156960503797131,0.5717785773914336,1,1,0.10110926799825393,5.116498055002012,Computers,105
0,0,0.05,tshap_zero,mrsqm,0.0,0.0,0.7013888888888888,0.31635450959584505,-0.12251474032486992,0,0,0.10110926799825393,3.2972002372844145e-05,Computers,105
0,0,0.1,tshap_zero,mrsqm,0.0,0.0,0.6930555555555555,0.4983868843959126,-0.22456654440792362,1,0,0.10110926799825393,3.2972002372844145e-05,Computers,105
0,0,0.2,tshap_zero,mrsqm,0.0,0.0,0.6680555555555555,0.6156960503797131,-0.6864943612763521,1,0,0.10110926799825393,3.2972002372844145e-05,Computers,105
0,0,0.05,tshap_train,mrsqm,0.0,0.0,0.8638888888888889,0.23662430569742798,-0.12251474032486992,0,0,5.116498055002012,3.2972002372844145e-05,Computers,105
0,0,0.1,tshap_train,mrsqm,0.0,0.0,0.8277777777777777,0.5194532335137838,-0.22456654440792362,1,0,5.116498055002012,3.2972002372844145e-05,Computers,105
0,0,0.2,tshap_train,mrsqm,0.0,0.0,0.7416666666666667,0.5717785773914336,-0.6864943612763521,1,0,5.116498055002012,3.2972002372844145e-05,Computers,105
1,1,0.05,hydra,shapley_sampling,0.0,0.0,0.14166666666666666,-0.18150032101887925,-0.011318377563087179,0,0,0.5367370589992788,0.9821921330003534,Computers,160
1,1,0.1,hydra,shapley_sampling,0.0,0.0,0.16666666666666666,-0.3268409257754451,0.041548183472319256,0,0,0.5367370589992788,0.9821921330003534,Computers,160
1,1,0.2,hydra,shapley_sampling,0.3271889400921659,0.4930555555555556,0.10138888888888889,-0.150039321327595,-0.030063888649910275,0,0,0.5367370589992788,0.9821921330003534,Computers,160
1,1,0.05,hydra,feature_ablation,0.0,0.0,0.35833333333333334,-0.18150032101887925,0.32517550659178135,0,0,0.5367370589992788,0.04192571499879705,Computers,160
1,1,0.1,hydra,feature_ablation,0.2,0.3333333333333333,0.06666666666666667,-0.3268409257754451,-0.41241637309544543,0,0,0.5367370589992788,0.04192571499879705,Computers,160
1,1,0.2,hydra,feature_ablation,0.0,0.0,0.4486111111111111,-0.150039321327595,0.3990704926565488,0,0,0.5367370589992788,0.04192571499879705,Computers,160
1,1,0.05,hydra,tshap_centroid,0.0,0.0,0.45555555555555555,-0.18150032101887925,0.2379023044633447,0,0,0.5367370589992788,0.09851203200014425,Computers,160
1,1,0.1,hydra,tshap_centroid,0.0,0.0,0.45416666666666666,-0.3268409257754451,0.36126110055092137,0,0,0.5367370589992788,0.09851203200014425,Computers,160
1,1,0.2,hydra,tshap_centroid,0.0,0.0,0.5402777777777777,-0.150039321327595,0.3256086766286866,0,0,0.5367370589992788,0.09851203200014425,Computers,160
1,1,0.05,hydra,tshap_zero,0.0,0.0,0.1875,-0.18150032101887925,-0.029583475040079188,0,0,0.5367370589992788,0.10456536199853872,Computers,160
1,1,0.1,hydra,tshap_zero,0.0,0.0,0.19027777777777777,-0.3268409257754451,0.1230039105061721,0,0,0.5367370589992788,0.10456536199853872,Computers,160
1,1,0.2,hydra,tshap_zero,0.3333333333333333,0.5,0.1,-0.150039321327595,-0.19296571599807277,0,0,0.5367370589992788,0.10456536199853872,Computers,160
1,1,0.05,hydra,tshap_train,0.0,0.0,0.38472222222222224,-0.18150032101887925,0.31196092464727143,0,0,0.5367370589992788,5.1361573609974585,Computers,160
1,1,0.1,hydra,tshap_train,0.0,0.0,0.3861111111111111,-0.3268409257754451,0.41075030736683565,0,0,0.5367370589992788,5.1361573609974585,Computers,160
1,1,0.2,hydra,tshap_train,0.0,0.0,0.4791666666666667,-0.150039321327595,0.5401296196048269,0,0,0.5367370589992788,5.1361573609974585,Computers,160
1,1,0.05,hydra,mrsqm,0.0,0.0,0.7083333333333334,-0.18150032101887925,0.26229575958924056,0,0,0.5367370589992788,3.3242999052163213e-05,Computers,160
1,1,0.1,hydra,mrsqm,0.0,0.0,0.6833333333333333,-0.3268409257754451,0.42482193408637886,0,0,0.5367370589992788,3.3242999052163213e-05,Computers,160
1,1,0.2,hydra,mrsqm,0.0,0.0,0.6986111111111111,-0.150039321327595,0.537654823978016,0,0,0.5367370589992788,3.3242999052163213e-05,Computers,160
1,1,0.05,shapley_sampling,feature_ablation,0.0,0.0,0.5,-0.011318377563087179,0.32517550659178135,0,0,0.9821921330003534,0.04192571499879705,Computers,160
1,1,0.1,shapley_sampling,feature_ablation,0.0,0.0,0.1,0.041548183472319256,-0.41241637309544543,0,0,0.9821921330003534,0.04192571499879705,Computers,160
1,1,0.2,shapley_sampling,feature_ablation,0.0,0.0,0.55,-0.030063888649910275,0.3990704926565488,0,0,0.9821921330003534,0.04192571499879705,Computers,160
1,1,0.05,shapley_sampling,tshap_centroid,0.0,0.0,0.5972222222222222,-0.011318377563087179,0.2379023044633447,0,0,0.9821921330003534,0.09851203200014425,Computers,160
1,1,0.1,shapley_sampling,tshap_centroid,0.0,0.0,0.6208333333333333,0.041548183472319256,0.36126110055092137,0,0,0.9821921330003534,0.09851203200014425,Computers,160
1,1,0.2,shapley_sampling,tshap_centroid,0.0,0.0,0.6416666666666667,-0.030063888649910275,0.3256086766286866,0,0,0.9821921330003534,0.09851203200014425,Computers,160
1,1,0.05,shapley_sampling,tshap_zero,0.043478260869565216,0.08333333333333333,0.04583333333333333,-0.011318377563087179,-0.029583475040079188,0,0,0.9821921330003534,0.10456536199853872,Computers,160
1,1,0.1,shapley_sampling,tshap_zero,0.6179775280898876,0.7638888888888888,0.02361111111111111,0.041548183472319256,0.1230039105061721,0,0,0.9821921330003534,0.10456536199853872,Computers,160
1,1,0.2,shapley_sampling,tshap_zero,0.9862068965517241,0.9930555555555556,0.001388888888888889,-0.030063888649910275,-0.19296571599807277,0,0,0.9821921330003534,0.10456536199853872,Computers,160
1,1,0.05,shapley_sampling,tshap_train,0.0,0.0,0.5263888888888889,-0.011318377563087179,0.31196092464727143,0,0,0.9821921330003534,5.1361573609974585,Computers,160
1,1,0.1,shapley_sampling,tshap_train,0.0,0.0,0.5527777777777778,0.041548183472319256,0.41075030736683565,0,0,0.9821921330003534,5.1361573609974585,Computers,160
1,1,0.2,shapley_sampling,tshap_train,0.0,0.0,0.5805555555555556,-0.030063888649910275,0.5401296196048269,0,0,0.9821921330003534,5.1361573609974585,Computers,160
1,1,0.05,shapley_sampling,mrsqm,0.0,0.0,0.85,-0.011318377563087179,0.26229575958924056,0,0,0.9821921330003534,3.3242999052163213e-05,Computers,160
1,1,0.1,shapley_sampling,mrsqm,0.0,0.0,0.85,0.041548183472319256,0.42482193408637886,0,0,0.9821921330003534,3.3242999052163213e-05,Computers,160
1,1,0.2,shapley_sampling,mrsqm,0.0,0.0,0.8,-0.030063888649910275,0.537654823978016,0,0,0.9821921330003534,3.3242999052163213e-05,Computers,160
1,1,0.05,feature_ablation,tshap_centroid,0.0,0.0,0.09722222222222222,0.32517550659178135,0.2379023044633447,0,0,0.04192571499879705,0.09851203200014425,Computers,160
1,1,0.1,feature_ablation,tshap_centroid,0.0,0.0,0.5208333333333334,-0.41241637309544543,0.36126110055092137,0,0,0.04192571499879705,0.09851203200014425,Computers,160
1,1,0.2,feature_ablation,tshap_centroid,0.37142857142857144,0.5416666666666666,0.09166666666666666,0.3990704926565488,0.3256086766286866,0,0,0.04192571499879705,0.09851203200014425,Computers,160
1,1,0.05,feature_ablation,tshap_zero,0.0,0.0,0.5458333333333333,0.32517550659178135,-0.029583475040079188,0,0,0.04192571499879705,0.10456536199853872,Computers,160
1,1,0.1,feature_ablation,tshap_zero,0.0,0.0,0.12361111111111112,-0.41241637309544543,0.1230039105061721,0,0,0.04192571499879705,0.10456536199853872,Computers,160
1,1,0.2,feature_ablation,tshap_zero,0.0,0.0,0.5486111111111112,0.3990704926565488,-0.19296571599807277,0,0,0.04192571499879705,0.10456536199853872,Computers,160
1,1,0.05,feature_ablation,tshap_train,0.3090909090909091,0.4722222222222222,0.02638888888888889,0.32517550659178135,0.31196092464727143,0,0,0.04192571499879705,5.1361573609974585,Computers,160
1,1,0.1,feature_ablation,tshap_train,0.0,0.0,0.4527777777777778,-0.41241637309544543,0.41075030736683565,0,0,0.04192571499879705,5.1361573609974585,Computers,160
1,1,0.2,feature_ablation,tshap_train,0.7349397590361446,0.8472222222222222,0.030555555555555555,0.3990704926565488,0.5401296196048269,0,0,0.04192571499879705,5.1361573609974585,Computers,160
1,1,0.05,feature_ablation,mrsqm,0.0,0.0,0.35,0.32517550659178135,0.26229575958924056,0,0,0.04192571499879705,3.3242999052163213e-05,Computers,160
1,1,0.1,feature_ablation,mrsqm,0.0,0.0,0.75,-0.41241637309544543,0.42482193408637886,0,0,0.04192571499879705,3.3242999052163213e-05,Computers,160
1,1,0.2,feature_ablation,mrsqm,0.0,0.0,0.25,0.3990704926565488,0.537654823978016,0,0,0.04192571499879705,3.3242999052163213e-05,Computers,160
1,1,0.05,tshap_centroid,tshap_zero,0.0,0.0,0.6430555555555556,0.2379023044633447,-0.029583475040079188,0,0,0.09851203200014425,0.10456536199853872,Computers,160
1,1,0.1,tshap_centroid,tshap_zero,0.0,0.0,0.6444444444444445,0.36126110055092137,0.1230039105061721,0,0,0.09851203200014425,0.10456536199853872,Computers,160
1,1,0.2,tshap_centroid,tshap_zero,0.0,0.0,0.6402777777777777,0.3256086766286866,-0.19296571599807277,0,0,0.09851203200014425,0.10456536199853872,Computers,160
1,1,0.05,tshap_centroid,tshap_train,0.0,0.0,0.07083333333333333,0.2379023044633447,0.31196092464727143,0,0,0.09851203200014425,5.1361573609974585,Computers,160
1,1,0.1,tshap_centroid,tshap_train,0.19008264462809918,0.3194444444444444,0.06805555555555555,0.36126110055092137,0.41075030736683565,0,0,0.09851203200014425,5.1361573609974585,Computers,160
1,1,0.2,tshap_centroid,tshap_train,0.5319148936170213,0.6944444444444444,0.06111111111111111,0.3256086766286866,0.5401296196048269,0,0,0.09851203200014425,5.1361573609974585,Computers,160
1,1,0.05,tshap_centroid,mrsqm,0.0,0.0,0.25277777777777777,0.2379023044633447,0.26229575958924056,0,0,0.09851203200014425,3.3242999052163213e-05,Computers,160
1,1,0.1,tshap_centroid,mrsqm,0.0,0.0,0.22916666666666666,0.36126110055092137,0.42482193408637886,0,0,0.09851203200014425,3.3242999052163213e-05,Computers,160
1,1,0.2,tshap_centroid,mrsqm,0.11627906976744186,0.20833333333333334,0.15833333333333333,0.3256086766286866,0.537654823978016,0,0,0.09851203200014425,3.3242999052163213e-05,Computers,160
1,1,0.05,tshap_zero,tshap_train,0.0,0.0,0.5722222222222222,-0.029583475040079188,0.31196092464727143,0,0,0.10456536199853872,5.1361573609974585,Computers,160
1,1,0.1,tshap_zero,tshap_train,0.0,0.0,0.5763888888888888,0.1230039105061721,0.41075030736683565,0,0,0.10456536199853872,5.1361573609974585,Computers,160
1,1,0.2,tshap_zero,tshap_train,0.0,0.0,0.5791666666666667,-0.19296571599807277,0.5401296196048269,0,0,0.10456536199853872,5.1361573609974585,Computers,160
1,1,0.05,tshap_zero,mrsqm,0.0,0.0,0.8958333333333334,-0.029583475040079188,0.26229575958924056,0,0,0.10456536199853872,3.3242999052163213e-05,Computers,160
1,1,0.1,tshap_zero,mrsqm,0.0,0.0,0.8736111111111111,0.1230039105061721,0.42482193408637886,0,0,0.10456536199853872,3.3242999052163213e-05,Computers,160
1,1,0.2,tshap_zero,mrsqm,0.0,0.0,0.7986111111111112,-0.19296571599807277,0.537654823978016,0,0,0.10456536199853872,3.3242999052163213e-05,Computers,160
1,1,0.05,tshap_train,mrsqm,0.0,0.0,0.3236111111111111,0.31196092464727143,0.26229575958924056,0,0,5.1361573609974585,3.3242999052163213e-05,Computers,160
1,1,0.1,tshap_train,mrsqm,0.0,0.0,0.2972222222222222,0.41075030736683565,0.42482193408637886,0,0,5.1361573609974585,3.3242999052163213e-05,Computers,160
1,1,0.2,tshap_train,mrsqm,0.0,0.0,0.21944444444444444,0.5401296196048269,0.537654823978016,0,0,5.1361573609974585,3.3242999052163213e-05,Computers,160
1,1,0.05,hydra,shapley_sampling,0.0,0.0,0.09027777777777778,-0.029551402485515688,0.4798339043879156,0,0,0.5352664470010495,0.9708728470031929,Computers,133
1,1,0.1,hydra,shapley_sampling,0.0,0.0,0.2152777777777778,0.03992536949881753,-0.511927086707812,0,0,0.5352664470010495,0.9708728470031929,Computers,133
1,1,0.2,hydra,shapley_sampling,0.0176678445229682,0.034722222222222224,0.19305555555555556,0.05430507360936487,0.2746714141972681,0,0,0.5352664470010495,0.9708728470031929,Computers,133
1,1,0.05,hydra,feature_ablation,0.0,0.0,0.09027777777777778,-0.029551402485515688,0.479833894958054,0,0,0.5352664470010495,0.0409313199997996,Computers,133
1,1,0.1,hydra,feature_ablation,0.0,0.0,0.2152777777777778,0.03992536949881753,-0.5119270593814153,0,0,0.5352664470010495,0.0409313199997996,Computers,133
1,1,0.2,hydra,feature_ablation,0.0176678445229682,0.034722222222222224,0.19305555555555556,0.05430507360936487,0.2746714224620429,0,0,0.5352664470010495,0.0409313199997996,Computers,133
1,1,0.05,hydra,tshap_centroid,0.0,0.0,0.09583333333333334,-0.029551402485515688,0.5791233725729354,0,0,0.5352664470010495,0.1000574650024646,Computers,133
1,1,0.1,hydra,tshap_centroid,0.06666666666666667,0.125,0.0875,0.03992536949881753,0.6777714375389554,0,0,0.5352664470010495,0.1000574650024646,Computers,133
1,1,0.2,hydra,tshap_centroid,0.07462686567164178,0.1388888888888889,0.17222222222222222,0.05430507360936487,0.28695154961132985,0,0,0.5352664470010495,0.1000574650024646,Computers,133
1,1,0.05,hydra,tshap_zero,0.0,0.0,0.08472222222222223,-0.029551402485515688,0.34622734083281576,0,0,0.5352664470010495,0.10060072900159867,Computers,133
1,1,0.1,hydra,tshap_zero,0.1076923076923077,0.19444444444444445,0.08055555555555556,0.03992536949881753,0.6774166147395381,0,0,0.5352664470010495,0.10060072900159867,Computers,133
1,1,0.2,hydra,tshap_zero,0.14741035856573706,0.2569444444444444,0.1486111111111111,0.05430507360936487,0.26505618960539845,0,0,0.5352664470010495,0.10060072900159867,Computers,133
1,1,0.05,hydra,tshap_train,0.0,0.0,0.10138888888888889,-0.029551402485515688,0.6276404931504327,0,0,0.5352664470010495,5.083205584000098,Computers,133
1,1,0.1,hydra,tshap_train,0.006993006993006993,0.013888888888888888,0.09861111111111111,0.03992536949881753,0.6528039122105743,0,0,0.5352664470010495,5.083205584000098,Computers,133
1,1,0.2,hydra,tshap_train,0.11196911196911197,0.2013888888888889,0.1597222222222222,0.05430507360936487,0.2670742707753085,0,0,0.5352664470010495,5.083205584000098,Computers,133
1,1,0.05,hydra,mrsqm,0.0,0.0,0.6402777777777777,-0.029551402485515688,0.3460598632957248,0,0,0.5352664470010495,3.259200093452819e-05,Computers,133
1,1,0.1,hydra,mrsqm,0.0,0.0,0.6152777777777778,0.03992536949881753,0.5770702986169767,0,0,0.5352664470010495,3.259200093452819e-05,Computers,133
1,1,0.2,hydra,mrsqm,0.0,0.0,0.5930555555555556,0.05430507360936487,0.6281824516823619,0,0,0.5352664470010495,3.259200093452819e-05,Computers,133
1,1,0.05,shapley_sampling,feature_ablation,1.0,1.0,0.0,0.4798339043879156,0.479833894958054,0,0,0.9708728470031929,0.0409313199997996,Computers,133
1,1,0.1,shapley_sampling,feature_ablation,1.0,1.0,0.0,-0.511927086707812,-0.5119270593814153,0,0,0.9708728470031929,0.0409313199997996,Computers,133
1,1,0.2,shapley_sampling,feature_ablation,1.0,1.0,0.0,0.2746714141972681,0.2746714224620429,0,0,0.9708728470031929,0.0409313199997996,Computers,133
1,1,0.05,shapley_sampling,tshap_centroid,0.8,0.8888888888888888,0.005555555555555556,0.4798339043879156,0.5791233725729354,0,0,0.9708728470031929,0.1000574650024646,Computers,133
1,1,0.1,shapley_sampling,tshap_centroid,0.0,0.0,0.12777777777777777,-0.511927086707812,0.6777714375389554,0,0,0.9708728470031929,0.1000574650024646,Computers,133
1,1,0.2,shapley_sampling,tshap_centroid,0.8113207547169812,0.8958333333333334,0.020833333333333332,0.2746714141972681,0.28695154961132985,0,0,0.9708728470031929,0.1000574650024646,Computers,133
1,1,0.05,shapley_sampling,tshap_zero,0.8,0.8888888888888888,0.005555555555555556,0.4798339043879156,0.34622734083281576,0,0,0.9708728470031929,0.10060072900159867,Computers,133
1,1,0.1,shapley_sampling,tshap_zero,0.0,0.0,0.13472222222222222,-0.511927086707812,0.6774166147395381,0,0,0.9708728470031929,0.10060072900159867,Computers,133
1,1,0.2,shapley_sampling,tshap_zero,0.6363636363636364,0.7777777777777778,0.044444444444444446,0.2746714141972681,0.26505618960539845,0,0,0.9708728470031929,0.10060072900159867,Computers,133
1,1,0.05,shapley_sampling,tshap_train,0.6363636363636364,0.7777777777777778,0.011111111111111112,0.4798339043879156,0.6276404931504327,0,0,0.9708728470031929,5.083205584000098,Computers,133
1,1,0.1,shapley_sampling,tshap_train,0.0,0.0,0.11666666666666667,-0.511927086707812,0.6528039122105743,0,0,0.9708728470031929,5.083205584000098,Computers,133
1,1,0.2,shapley_sampling,tshap_train,0.7142857142857143,0.8333333333333334,0.03333333333333333,0.2746714141972681,0.2670742707753085,0,0,0.9708728470031929,5.083205584000098,Computers,133
1,1,0.05,shapley_sampling,mrsqm,0.0,0.0,0.55,0.4798339043879156,0.3460598632957248,0,0,0.9708728470031929,3.259200093452819e-05,Computers,133
1,1,0.1,shapley_sampling,mrsqm,0.0,0.0,0.4,-0.511927086707812,0.5770702986169767,0,0,0.9708728470031929,3.259200093452819e-05,Computers,133
1,1,0.2,shapley_sampling,mrsqm,0.0,0.0,0.4,0.2746714141972681,0.6281824516823619,0,0,0.9708728470031929,3.259200093452819e-05,Computers,133
1,1,0.05,feature_ablation,tshap_centroid,0.8,0.8888888888888888,0.005555555555555556,0.479833894958054,0.5791233725729354,0,0,0.0409313199997996,0.1000574650024646,Computers,133
1,1,0.1,feature_ablation,tshap_centroid,0.0,0.0,0.12777777777777777,-0.5119270593814153,0.6777714375389554,0,0,0.0409313199997996,0.1000574650024646,Computers,133
1,1,0.2,feature_ablation,tshap_centroid,0.8113207547169812,0.8958333333333334,0.020833333333333332,0.2746714224620429,0.28695154961132985,0,0,0.0409313199997996,0.1000574650024646,Computers,133
1,1,0.05,feature_ablation,tshap_zero,0.8,0.8888888888888888,0.005555555555555556,0.479833894958054,0.34622734083281576,0,0,0.0409313199997996,0.10060072900159867,Computers,133
1,1,0.1,feature_ablation,tshap_zero,0.0,0.0,0.13472222222222222,-0.5119270593814153,0.6774166147395381,0,0,0.0409313199997996,0.10060072900159867,Computers,133
1,1,0.2,feature_ablation,tshap_zero,0.6363636363636364,0.7777777777777778,0.044444444444444446,0.2746714224620429,0.26505618960539845,0,0,0.0409313199997996,0.10060072900159867,Computers,133
1,1,0.05,feature_ablation,tshap_train,0.6363636363636364,0.7777777777777778,0.011111111111111112,0.479833894958054,0.6276404931504327,0,0,0.0409313199997996,5.083205584000098,Computers,133
1,1,0.1,feature_ablation,tshap_train,0.0,0.0,0.11666666666666667,-0.5119270593814153,0.6528039122105743,0,0,0.0409313199997996,5.083205584000098,Computers,133
1,1,0.2,feature_ablation,tshap_train,0.7142857142857143,0.8333333333333334,0.03333333333333333,0.2746714224620429,0.2670742707753085,0,0,0.0409313199997996,5.083205584000098,Computers,133
1,1,0.05,feature_ablation,mrsqm,0.0,0.0,0.55,0.479833894958054,0.3460598632957248,0,0,0.0409313199997996,3.259200093452819e-05,Computers,133
1,1,0.1,feature_ablation,mrsqm,0.0,0.0,0.4,-0.5119270593814153,0.5770702986169767,0,0,0.0409313199997996,3.259200093452819e-05,Computers,133
1,1,0.2,feature_ablation,mrsqm,0.0,0.0,0.4,0.2746714224620429,0.6281824516823619,0,0,0.0409313199997996,3.259200093452819e-05,Computers,133
1,1,0.05,tshap_centroid,tshap_zero,0.6363636363636364,0.7777777777777778,0.011111111111111112,0.5791233725729354,0.34622734083281576,0,0,0.1000574650024646,0.10060072900159867,Computers,133
1,1,0.1,tshap_centroid,tshap_zero,0.8701298701298701,0.9305555555555556,0.006944444444444444,0.6777714375389554,0.6774166147395381,0,0,0.1000574650024646,0.10060072900159867,Computers,133
1,1,0.2,tshap_centroid,tshap_zero,0.7888198757763976,0.8819444444444444,0.02361111111111111,0.28695154961132985,0.26505618960539845,0,0,0.1000574650024646,0.10060072900159867,Computers,133
1,1,0.05,tshap_centroid,tshap_train,0.8,0.8888888888888888,0.005555555555555556,0.5791233725729354,0.6276404931504327,0,0,0.1000574650024646,5.083205584000098,Computers,133
1,1,0.1,tshap_centroid,tshap_train,0.8,0.8888888888888888,0.011111111111111112,0.6777714375389554,0.6528039122105743,0,0,0.1000574650024646,5.083205584000098,Computers,133
1,1,0.2,tshap_centroid,tshap_train,0.8823529411764706,0.9375,0.0125,0.28695154961132985,0.2670742707753085,0,0,0.1000574650024646,5.083205584000098,Computers,133
1,1,0.05,tshap_centroid,mrsqm,0.0,0.0,0.5444444444444444,0.5791233725729354,0.3460598632957248,0,0,0.1000574650024646,3.259200093452819e-05,Computers,133
1,1,0.1,tshap_centroid,mrsqm,0.0,0.0,0.5277777777777778,0.6777714375389554,0.5770702986169767,0,0,0.1000574650024646,3.259200093452819e-05,Computers,133
1,1,0.2,tshap_centroid,mrsqm,0.0,0.0,0.42083333333333334,0.28695154961132985,0.6281824516823619,0,0,0.1000574650024646,3.259200093452819e-05,Computers,133
1,1,0.05,tshap_zero,tshap_train,0.5,0.6666666666666666,0.016666666666666666,0.34622734083281576,0.6276404931504327,0,0,0.10060072900159867,5.083205584000098,Computers,133
1,1,0.1,tshap_zero,tshap_train,0.6941176470588235,0.8194444444444444,0.018055555555555554,0.6774166147395381,0.6528039122105743,0,0,0.10060072900159867,5.083205584000098,Computers,133
1,1,0.2,tshap_zero,tshap_train,0.8947368421052632,0.9444444444444444,0.011111111111111112,0.26505618960539845,0.2670742707753085,0,0,0.10060072900159867,5.083205584000098,Computers,133
1,1,0.05,tshap_zero,mrsqm,0.0,0.0,0.5555555555555556,0.34622734083281576,0.3460598632957248,0,0,0.10060072900159867,3.259200093452819e-05,Computers,133
1,1,0.1,tshap_zero,mrsqm,0.0,0.0,0.5347222222222222,0.6774166147395381,0.5770702986169767,0,0,0.10060072900159867,3.259200093452819e-05,Computers,133
1,1,0.2,tshap_zero,mrsqm,0.0,0.0,0.4444444444444444,0.26505618960539845,0.6281824516823619,0,0,0.10060072900159867,3.259200093452819e-05,Computers,133
1,1,0.05,tshap_train,mrsqm,0.0,0.0,0.5388888888888889,0.6276404931504327,0.3460598632957248,0,0,5.083205584000098,3.259200093452819e-05,Computers,133
1,1,0.1,tshap_train,mrsqm,0.0,0.0,0.5166666666666667,0.6528039122105743,0.5770702986169767,0,0,5.083205584000098,3.259200093452819e-05,Computers,133
1,1,0.2,tshap_train,mrsqm,0.0,0.0,0.43333333333333335,0.2670742707753085,0.6281824516823619,0,0,5.083205584000098,3.259200093452819e-05,Computers,133
