true_label,pred_label,fraction,method_a,method_b,iou,overlap_fraction,normalised_centre_distance,score_drop_a,score_drop_b,flipped_a,flipped_b,explain_time_a_s,explain_time_b_s,dataset,sample_idx
2,2,0.05,hydra,shapley_sampling,0.0,0.0,0.5375,0.16150345827082724,-0.05315130200367746,0,0,0.046993674000987085,0.6338600750023033,ProximalPhalanxTW,137
2,2,0.1,hydra,shapley_sampling,0.0,0.0,0.475,0.2670896140174679,0.4102128240257955,0,0,0.046993674000987085,0.6338600750023033,ProximalPhalanxTW,137
2,2,0.2,hydra,shapley_sampling,0.0,0.0,0.4625,1.226524778424191,0.8224587039279939,1,1,0.046993674000987085,0.6338600750023033,ProximalPhalanxTW,137
2,2,0.05,hydra,feature_ablation,0.0,0.0,0.1375,0.16150345827082724,0.895056710223447,0,1,0.046993674000987085,0.02707680499952403,ProximalPhalanxTW,137
2,2,0.1,hydra,feature_ablation,0.14285714285714285,0.25,0.075,0.2670896140174679,1.23320418320188,0,1,0.046993674000987085,0.02707680499952403,ProximalPhalanxTW,137
2,2,0.2,hydra,feature_ablation,0.28,0.4375,0.1125,1.226524778424191,0.9990215085970422,1,1,0.046993674000987085,0.02707680499952403,ProximalPhalanxTW,137
2,2,0.05,hydra,tshap_centroid,0.0,0.0,0.2875,0.16150345827082724,0.5788342256900434,0,1,0.046993674000987085,0.00227913299750071,ProximalPhalanxTW,137
2,2,0.1,hydra,tshap_centroid,0.0,0.0,0.3,0.2670896140174679,1.1174561362294435,0,1,0.046993674000987085,0.00227913299750071,ProximalPhalanxTW,137
2,2,0.2,hydra,tshap_centroid,0.0,0.0,0.3125,1.226524778424191,1.219914261251605,1,1,0.046993674000987085,0.00227913299750071,ProximalPhalanxTW,137
2,2,0.05,hydra,tshap_zero,0.0,0.0,0.5375,0.16150345827082724,-0.053151292493219926,0,0,0.046993674000987085,0.002087726999889128,ProximalPhalanxTW,137
2,2,0.1,hydra,tshap_zero,0.0,0.0,0.5125,0.2670896140174679,0.1493801477145278,0,0,0.046993674000987085,0.002087726999889128,ProximalPhalanxTW,137
2,2,0.2,hydra,tshap_zero,0.0,0.0,0.4625,1.226524778424191,0.8224587208786186,1,1,0.046993674000987085,0.002087726999889128,ProximalPhalanxTW,137
2,2,0.05,hydra,tshap_train,0.0,0.0,0.2875,0.16150345827082724,0.5788342676826115,0,1,0.046993674000987085,0.03171243800170487,ProximalPhalanxTW,137
2,2,0.1,hydra,tshap_train,0.0,0.0,0.3125,0.2670896140174679,1.027232936164649,0,1,0.046993674000987085,0.03171243800170487,ProximalPhalanxTW,137
2,2,0.2,hydra,tshap_train,0.0,0.0,0.3125,1.226524778424191,1.2199142760246755,1,1,0.046993674000987085,0.03171243800170487,ProximalPhalanxTW,137
2,2,0.05,hydra,mrsqm,0.0,0.0,0.5875,0.16150345827082724,0.22825670593035607,0,0,0.046993674000987085,2.8765000024577603e-05,ProximalPhalanxTW,137
2,2,0.1,hydra,mrsqm,0.0,0.0,0.525,0.2670896140174679,0.09093125818897452,0,0,0.046993674000987085,2.8765000024577603e-05,ProximalPhalanxTW,137
2,2,0.2,hydra,mrsqm,0.0,0.0,0.4625,1.226524778424191,0.822458729822176,1,1,0.046993674000987085,2.8765000024577603e-05,ProximalPhalanxTW,137
2,2,0.05,shapley_sampling,feature_ablation,0.0,0.0,0.4,-0.05315130200367746,0.895056710223447,0,1,0.6338600750023033,0.02707680499952403,ProximalPhalanxTW,137
2,2,0.1,shapley_sampling,feature_ablation,0.0,0.0,0.4,0.4102128240257955,1.23320418320188,0,1,0.6338600750023033,0.02707680499952403,ProximalPhalanxTW,137
2,2,0.2,shapley_sampling,feature_ablation,0.0,0.0,0.35,0.8224587039279939,0.9990215085970422,1,1,0.6338600750023033,0.02707680499952403,ProximalPhalanxTW,137
2,2,0.05,shapley_sampling,tshap_centroid,0.0,0.0,0.825,-0.05315130200367746,0.5788342256900434,0,1,0.6338600750023033,0.00227913299750071,ProximalPhalanxTW,137
2,2,0.1,shapley_sampling,tshap_centroid,0.0,0.0,0.775,0.4102128240257955,1.1174561362294435,0,1,0.6338600750023033,0.00227913299750071,ProximalPhalanxTW,137
2,2,0.2,shapley_sampling,tshap_centroid,0.0,0.0,0.775,0.8224587039279939,1.219914261251605,1,1,0.6338600750023033,0.00227913299750071,ProximalPhalanxTW,137
2,2,0.05,shapley_sampling,tshap_zero,1.0,1.0,0.0,-0.05315130200367746,-0.053151292493219926,0,0,0.6338600750023033,0.002087726999889128,ProximalPhalanxTW,137
2,2,0.1,shapley_sampling,tshap_zero,0.45454545454545453,0.625,0.0375,0.4102128240257955,0.1493801477145278,0,0,0.6338600750023033,0.002087726999889128,ProximalPhalanxTW,137
2,2,0.2,shapley_sampling,tshap_zero,1.0,1.0,0.0,0.8224587039279939,0.8224587208786186,1,1,0.6338600750023033,0.002087726999889128,ProximalPhalanxTW,137
2,2,0.05,shapley_sampling,tshap_train,0.0,0.0,0.825,-0.05315130200367746,0.5788342676826115,0,1,0.6338600750023033,0.03171243800170487,ProximalPhalanxTW,137
2,2,0.1,shapley_sampling,tshap_train,0.0,0.0,0.7875,0.4102128240257955,1.027232936164649,0,1,0.6338600750023033,0.03171243800170487,ProximalPhalanxTW,137
2,2,0.2,shapley_sampling,tshap_train,0.0,0.0,0.775,0.8224587039279939,1.2199142760246755,1,1,0.6338600750023033,0.03171243800170487,ProximalPhalanxTW,137
2,2,0.05,shapley_sampling,mrsqm,0.0,0.0,0.05,-0.05315130200367746,0.22825670593035607,0,0,0.6338600750023033,2.8765000024577603e-05,ProximalPhalanxTW,137
2,2,0.1,shapley_sampling,mrsqm,0.3333333333333333,0.5,0.05,0.4102128240257955,0.09093125818897452,0,0,0.6338600750023033,2.8765000024577603e-05,ProximalPhalanxTW,137
2,2,0.2,shapley_sampling,mrsqm,1.0,1.0,0.0,0.8224587039279939,0.822458729822176,1,1,0.6338600750023033,2.8765000024577603e-05,ProximalPhalanxTW,137
2,2,0.05,feature_ablation,tshap_centroid,0.0,0.0,0.425,0.895056710223447,0.5788342256900434,1,1,0.02707680499952403,0.00227913299750071,ProximalPhalanxTW,137
2,2,0.1,feature_ablation,tshap_centroid,0.0,0.0,0.375,1.23320418320188,1.1174561362294435,1,1,0.02707680499952403,0.00227913299750071,ProximalPhalanxTW,137
2,2,0.2,feature_ablation,tshap_centroid,0.0,0.0,0.425,0.9990215085970422,1.219914261251605,1,1,0.02707680499952403,0.00227913299750071,ProximalPhalanxTW,137
2,2,0.05,feature_ablation,tshap_zero,0.0,0.0,0.4,0.895056710223447,-0.053151292493219926,1,0,0.02707680499952403,0.002087726999889128,ProximalPhalanxTW,137
2,2,0.1,feature_ablation,tshap_zero,0.0,0.0,0.4375,1.23320418320188,0.1493801477145278,1,0,0.02707680499952403,0.002087726999889128,ProximalPhalanxTW,137
2,2,0.2,feature_ablation,tshap_zero,0.0,0.0,0.35,0.9990215085970422,0.8224587208786186,1,1,0.02707680499952403,0.002087726999889128,ProximalPhalanxTW,137
2,2,0.05,feature_ablation,tshap_train,0.0,0.0,0.425,0.895056710223447,0.5788342676826115,1,1,0.02707680499952403,0.03171243800170487,ProximalPhalanxTW,137
2,2,0.1,feature_ablation,tshap_train,0.0,0.0,0.3875,1.23320418320188,1.027232936164649,1,1,0.02707680499952403,0.03171243800170487,ProximalPhalanxTW,137
2,2,0.2,feature_ablation,tshap_train,0.0,0.0,0.425,0.9990215085970422,1.2199142760246755,1,1,0.02707680499952403,0.03171243800170487,ProximalPhalanxTW,137
2,2,0.05,feature_ablation,mrsqm,0.0,0.0,0.45,0.895056710223447,0.22825670593035607,1,0,0.02707680499952403,2.8765000024577603e-05,ProximalPhalanxTW,137
2,2,0.1,feature_ablation,mrsqm,0.0,0.0,0.45,1.23320418320188,0.09093125818897452,1,0,0.02707680499952403,2.8765000024577603e-05,ProximalPhalanxTW,137
2,2,0.2,feature_ablation,mrsqm,0.0,0.0,0.35,0.9990215085970422,0.822458729822176,1,1,0.02707680499952403,2.8765000024577603e-05,ProximalPhalanxTW,137
2,2,0.05,tshap_centroid,tshap_zero,0.0,0.0,0.825,0.5788342256900434,-0.053151292493219926,1,0,0.00227913299750071,0.002087726999889128,ProximalPhalanxTW,137
2,2,0.1,tshap_centroid,tshap_zero,0.0,0.0,0.8125,1.1174561362294435,0.1493801477145278,1,0,0.00227913299750071,0.002087726999889128,ProximalPhalanxTW,137
2,2,0.2,tshap_centroid,tshap_zero,0.0,0.0,0.775,1.219914261251605,0.8224587208786186,1,1,0.00227913299750071,0.002087726999889128,ProximalPhalanxTW,137
2,2,0.05,tshap_centroid,tshap_train,1.0,1.0,0.0,0.5788342256900434,0.5788342676826115,1,1,0.00227913299750071,0.03171243800170487,ProximalPhalanxTW,137
2,2,0.1,tshap_centroid,tshap_train,0.7777777777777778,0.875,0.0125,1.1174561362294435,1.027232936164649,1,1,0.00227913299750071,0.03171243800170487,ProximalPhalanxTW,137
2,2,0.2,tshap_centroid,tshap_train,1.0,1.0,0.0,1.219914261251605,1.2199142760246755,1,1,0.00227913299750071,0.03171243800170487,ProximalPhalanxTW,137
2,2,0.05,tshap_centroid,mrsqm,0.0,0.0,0.875,0.5788342256900434,0.22825670593035607,1,0,0.00227913299750071,2.8765000024577603e-05,ProximalPhalanxTW,137
2,2,0.1,tshap_centroid,mrsqm,0.0,0.0,0.825,1.1174561362294435,0.09093125818897452,1,0,0.00227913299750071,2.8765000024577603e-05,ProximalPhalanxTW,137
2,2,0.2,tshap_centroid,mrsqm,0.0,0.0,0.775,1.219914261251605,0.822458729822176,1,1,0.00227913299750071,2.8765000024577603e-05,ProximalPhalanxTW,137
2,2,0.05,tshap_zero,tshap_train,0.0,0.0,0.825,-0.053151292493219926,0.5788342676826115,0,1,0.002087726999889128,0.03171243800170487,ProximalPhalanxTW,137
2,2,0.1,tshap_zero,tshap_train,0.0,0.0,0.825,0.1493801477145278,1.027232936164649,0,1,0.002087726999889128,0.03171243800170487,ProximalPhalanxTW,137
2,2,0.2,tshap_zero,tshap_train,0.0,0.0,0.775,0.8224587208786186,1.2199142760246755,1,1,0.002087726999889128,0.03171243800170487,ProximalPhalanxTW,137
2,2,0.05,tshap_zero,mrsqm,0.0,0.0,0.05,-0.053151292493219926,0.22825670593035607,0,0,0.002087726999889128,2.8765000024577603e-05,ProximalPhalanxTW,137
2,2,0.1,tshap_zero,mrsqm,0.7777777777777778,0.875,0.0125,0.1493801477145278,0.09093125818897452,0,0,0.002087726999889128,2.8765000024577603e-05,ProximalPhalanxTW,137
2,2,0.2,tshap_zero,mrsqm,1.0,1.0,0.0,0.8224587208786186,0.822458729822176,1,1,0.002087726999889128,2.8765000024577603e-05,ProximalPhalanxTW,137
2,2,0.05,tshap_train,mrsqm,0.0,0.0,0.875,0.5788342676826115,0.22825670593035607,1,0,0.03171243800170487,2.8765000024577603e-05,ProximalPhalanxTW,137
2,2,0.1,tshap_train,mrsqm,0.0,0.0,0.8375,1.027232936164649,0.09093125818897452,1,0,0.03171243800170487,2.8765000024577603e-05,ProximalPhalanxTW,137
2,2,0.2,tshap_train,mrsqm,0.0,0.0,0.775,1.2199142760246755,0.822458729822176,1,1,0.03171243800170487,2.8765000024577603e-05,ProximalPhalanxTW,137
5,5,0.05,hydra,shapley_sampling,0.0,0.0,0.25,-0.08683924179676838,0.08007482586738679,0,0,0.03558929300197633,0.6172226990020135,ProximalPhalanxTW,140
5,5,0.1,hydra,shapley_sampling,0.0,0.0,0.2375,-0.3168400324763442,0.15178883257654374,0,0,0.03558929300197633,0.6172226990020135,ProximalPhalanxTW,140
5,5,0.2,hydra,shapley_sampling,0.0,0.0,0.2375,-0.7219244610720633,-0.4832713668596166,0,0,0.03558929300197633,0.6172226990020135,ProximalPhalanxTW,140
5,5,0.05,hydra,feature_ablation,0.0,0.0,0.05,-0.08683924179676838,-0.06552289623414154,0,0,0.03558929300197633,0.026843308998650173,ProximalPhalanxTW,140
5,5,0.1,hydra,feature_ablation,0.0,0.0,0.2875,-0.3168400324763442,-0.27257845477523357,0,0,0.03558929300197633,0.026843308998650173,ProximalPhalanxTW,140
5,5,0.2,hydra,feature_ablation,0.0,0.0,0.2375,-0.7219244610720633,-0.48327136383119995,0,0,0.03558929300197633,0.026843308998650173,ProximalPhalanxTW,140
5,5,0.05,hydra,tshap_centroid,0.0,0.0,0.6625,-0.08683924179676838,0.8761133397771727,0,0,0.03558929300197633,0.002207946999988053,ProximalPhalanxTW,140
5,5,0.1,hydra,tshap_centroid,0.0,0.0,0.65,-0.3168400324763442,0.9378029825553186,0,1,0.03558929300197633,0.002207946999988053,ProximalPhalanxTW,140
5,5,0.2,hydra,tshap_centroid,0.0,0.0,0.625,-0.7219244610720633,1.115129767755811,0,1,0.03558929300197633,0.002207946999988053,ProximalPhalanxTW,140
5,5,0.05,hydra,tshap_zero,0.0,0.0,0.575,-0.08683924179676838,1.138110005473898,0,1,0.03558929300197633,0.002059734000795288,ProximalPhalanxTW,140
5,5,0.1,hydra,tshap_zero,0.0,0.0,0.5875,-0.3168400324763442,1.212354995900216,0,1,0.03558929300197633,0.002059734000795288,ProximalPhalanxTW,140
5,5,0.2,hydra,tshap_zero,0.0,0.0,0.6,-0.7219244610720633,1.0863753666317009,0,1,0.03558929300197633,0.002059734000795288,ProximalPhalanxTW,140
5,5,0.05,hydra,tshap_train,0.0,0.0,0.6125,-0.08683924179676838,0.9544015279783776,0,0,0.03558929300197633,0.031176724998658756,ProximalPhalanxTW,140
5,5,0.1,hydra,tshap_train,0.0,0.0,0.65,-0.3168400324763442,0.9378029852071379,0,1,0.03558929300197633,0.031176724998658756,ProximalPhalanxTW,140
5,5,0.2,hydra,tshap_train,0.0,0.0,0.6125,-0.7219244610720633,1.166024880030509,0,1,0.03558929300197633,0.031176724998658756,ProximalPhalanxTW,140
5,5,0.05,hydra,mrsqm,0.0,0.0,0.2,-0.08683924179676838,-0.02927691354962003,0,0,0.03558929300197633,2.5868997909128666e-05,ProximalPhalanxTW,140
5,5,0.1,hydra,mrsqm,0.0,0.0,0.1625,-0.3168400324763442,-0.027657907309030838,0,0,0.03558929300197633,2.5868997909128666e-05,ProximalPhalanxTW,140
5,5,0.2,hydra,mrsqm,0.28,0.4375,0.1125,-0.7219244610720633,-0.29140683701726033,0,0,0.03558929300197633,2.5868997909128666e-05,ProximalPhalanxTW,140
5,5,0.05,shapley_sampling,feature_ablation,0.0,0.0,0.3,0.08007482586738679,-0.06552289623414154,0,0,0.6172226990020135,0.026843308998650173,ProximalPhalanxTW,140
5,5,0.1,shapley_sampling,feature_ablation,0.3333333333333333,0.5,0.05,0.15178883257654374,-0.27257845477523357,0,0,0.6172226990020135,0.026843308998650173,ProximalPhalanxTW,140
5,5,0.2,shapley_sampling,feature_ablation,1.0,1.0,0.0,-0.4832713668596166,-0.48327136383119995,0,0,0.6172226990020135,0.026843308998650173,ProximalPhalanxTW,140
5,5,0.05,shapley_sampling,tshap_centroid,0.0,0.0,0.4125,0.08007482586738679,0.8761133397771727,0,0,0.6172226990020135,0.002207946999988053,ProximalPhalanxTW,140
5,5,0.1,shapley_sampling,tshap_centroid,0.0,0.0,0.4125,0.15178883257654374,0.9378029825553186,0,1,0.6172226990020135,0.002207946999988053,ProximalPhalanxTW,140
5,5,0.2,shapley_sampling,tshap_centroid,0.0,0.0,0.3875,-0.4832713668596166,1.115129767755811,0,1,0.6172226990020135,0.002207946999988053,ProximalPhalanxTW,140
5,5,0.05,shapley_sampling,tshap_zero,0.0,0.0,0.325,0.08007482586738679,1.138110005473898,0,1,0.6172226990020135,0.002059734000795288,ProximalPhalanxTW,140
5,5,0.1,shapley_sampling,tshap_zero,0.0,0.0,0.35,0.15178883257654374,1.212354995900216,0,1,0.6172226990020135,0.002059734000795288,ProximalPhalanxTW,140
5,5,0.2,shapley_sampling,tshap_zero,0.0,0.0,0.3625,-0.4832713668596166,1.0863753666317009,0,1,0.6172226990020135,0.002059734000795288,ProximalPhalanxTW,140
5,5,0.05,shapley_sampling,tshap_train,0.0,0.0,0.3625,0.08007482586738679,0.9544015279783776,0,0,0.6172226990020135,0.031176724998658756,ProximalPhalanxTW,140
5,5,0.1,shapley_sampling,tshap_train,0.0,0.0,0.4125,0.15178883257654374,0.9378029852071379,0,1,0.6172226990020135,0.031176724998658756,ProximalPhalanxTW,140
5,5,0.2,shapley_sampling,tshap_train,0.0,0.0,0.375,-0.4832713668596166,1.166024880030509,0,1,0.6172226990020135,0.031176724998658756,ProximalPhalanxTW,140
5,5,0.05,shapley_sampling,mrsqm,0.0,0.0,0.45,0.08007482586738679,-0.02927691354962003,0,0,0.6172226990020135,2.5868997909128666e-05,ProximalPhalanxTW,140
5,5,0.1,shapley_sampling,mrsqm,0.0,0.0,0.4,0.15178883257654374,-0.027657907309030838,0,0,0.6172226990020135,2.5868997909128666e-05,ProximalPhalanxTW,140
5,5,0.2,shapley_sampling,mrsqm,0.0,0.0,0.35,-0.4832713668596166,-0.29140683701726033,0,0,0.6172226990020135,2.5868997909128666e-05,ProximalPhalanxTW,140
5,5,0.05,feature_ablation,tshap_centroid,0.0,0.0,0.7125,-0.06552289623414154,0.8761133397771727,0,0,0.026843308998650173,0.002207946999988053,ProximalPhalanxTW,140
5,5,0.1,feature_ablation,tshap_centroid,0.0,0.0,0.3625,-0.27257845477523357,0.9378029825553186,0,1,0.026843308998650173,0.002207946999988053,ProximalPhalanxTW,140
5,5,0.2,feature_ablation,tshap_centroid,0.0,0.0,0.3875,-0.48327136383119995,1.115129767755811,0,1,0.026843308998650173,0.002207946999988053,ProximalPhalanxTW,140
5,5,0.05,feature_ablation,tshap_zero,0.0,0.0,0.625,-0.06552289623414154,1.138110005473898,0,1,0.026843308998650173,0.002059734000795288,ProximalPhalanxTW,140
5,5,0.1,feature_ablation,tshap_zero,0.0,0.0,0.3,-0.27257845477523357,1.212354995900216,0,1,0.026843308998650173,0.002059734000795288,ProximalPhalanxTW,140
5,5,0.2,feature_ablation,tshap_zero,0.0,0.0,0.3625,-0.48327136383119995,1.0863753666317009,0,1,0.026843308998650173,0.002059734000795288,ProximalPhalanxTW,140
5,5,0.05,feature_ablation,tshap_train,0.0,0.0,0.6625,-0.06552289623414154,0.9544015279783776,0,0,0.026843308998650173,0.031176724998658756,ProximalPhalanxTW,140
5,5,0.1,feature_ablation,tshap_train,0.0,0.0,0.3625,-0.27257845477523357,0.9378029852071379,0,1,0.026843308998650173,0.031176724998658756,ProximalPhalanxTW,140
5,5,0.2,feature_ablation,tshap_train,0.0,0.0,0.375,-0.48327136383119995,1.166024880030509,0,1,0.026843308998650173,0.031176724998658756,ProximalPhalanxTW,140
5,5,0.05,feature_ablation,mrsqm,0.0,0.0,0.15,-0.06552289623414154,-0.02927691354962003,0,0,0.026843308998650173,2.5868997909128666e-05,ProximalPhalanxTW,140
5,5,0.1,feature_ablation,mrsqm,0.0,0.0,0.45,-0.27257845477523357,-0.027657907309030838,0,0,0.026843308998650173,2.5868997909128666e-05,ProximalPhalanxTW,140
5,5,0.2,feature_ablation,mrsqm,0.0,0.0,0.35,-0.48327136383119995,-0.29140683701726033,0,0,0.026843308998650173,2.5868997909128666e-05,ProximalPhalanxTW,140
5,5,0.05,tshap_centroid,tshap_zero,0.0,0.0,0.0875,0.8761133397771727,1.138110005473898,0,1,0.002207946999988053,0.002059734000795288,ProximalPhalanxTW,140
5,5,0.1,tshap_centroid,tshap_zero,0.23076923076923078,0.375,0.0625,0.9378029825553186,1.212354995900216,1,1,0.002207946999988053,0.002059734000795288,ProximalPhalanxTW,140
5,5,0.2,tshap_centroid,tshap_zero,0.7777777777777778,0.875,0.025,1.115129767755811,1.0863753666317009,1,1,0.002207946999988053,0.002059734000795288,ProximalPhalanxTW,140
5,5,0.05,tshap_centroid,tshap_train,0.0,0.0,0.05,0.8761133397771727,0.9544015279783776,0,0,0.002207946999988053,0.031176724998658756,ProximalPhalanxTW,140
5,5,0.1,tshap_centroid,tshap_train,1.0,1.0,0.0,0.9378029825553186,0.9378029852071379,1,1,0.002207946999988053,0.031176724998658756,ProximalPhalanxTW,140
5,5,0.2,tshap_centroid,tshap_train,0.8823529411764706,0.9375,0.0125,1.115129767755811,1.166024880030509,1,1,0.002207946999988053,0.031176724998658756,ProximalPhalanxTW,140
5,5,0.05,tshap_centroid,mrsqm,0.0,0.0,0.8625,0.8761133397771727,-0.02927691354962003,0,0,0.002207946999988053,2.5868997909128666e-05,ProximalPhalanxTW,140
5,5,0.1,tshap_centroid,mrsqm,0.0,0.0,0.8125,0.9378029825553186,-0.027657907309030838,1,0,0.002207946999988053,2.5868997909128666e-05,ProximalPhalanxTW,140
5,5,0.2,tshap_centroid,mrsqm,0.0,0.0,0.7375,1.115129767755811,-0.29140683701726033,1,0,0.002207946999988053,2.5868997909128666e-05,ProximalPhalanxTW,140
5,5,0.05,tshap_zero,tshap_train,0.14285714285714285,0.25,0.0375,1.138110005473898,0.9544015279783776,1,0,0.002059734000795288,0.031176724998658756,ProximalPhalanxTW,140
5,5,0.1,tshap_zero,tshap_train,0.23076923076923078,0.375,0.0625,1.212354995900216,0.9378029852071379,1,1,0.002059734000795288,0.031176724998658756,ProximalPhalanxTW,140
5,5,0.2,tshap_zero,tshap_train,0.8823529411764706,0.9375,0.0125,1.0863753666317009,1.166024880030509,1,1,0.002059734000795288,0.031176724998658756,ProximalPhalanxTW,140
5,5,0.05,tshap_zero,mrsqm,0.0,0.0,0.775,1.138110005473898,-0.02927691354962003,1,0,0.002059734000795288,2.5868997909128666e-05,ProximalPhalanxTW,140
5,5,0.1,tshap_zero,mrsqm,0.0,0.0,0.75,1.212354995900216,-0.027657907309030838,1,0,0.002059734000795288,2.5868997909128666e-05,ProximalPhalanxTW,140
5,5,0.2,tshap_zero,mrsqm,0.0,0.0,0.7125,1.0863753666317009,-0.29140683701726033,1,0,0.002059734000795288,2.5868997909128666e-05,ProximalPhalanxTW,140
5,5,0.05,tshap_train,mrsqm,0.0,0.0,0.8125,0.9544015279783776,-0.02927691354962003,0,0,0.031176724998658756,2.5868997909128666e-05,ProximalPhalanxTW,140
5,5,0.1,tshap_train,mrsqm,0.0,0.0,0.8125,0.9378029852071379,-0.027657907309030838,1,0,0.031176724998658756,2.5868997909128666e-05,ProximalPhalanxTW,140
5,5,0.2,tshap_train,mrsqm,0.0,0.0,0.725,1.166024880030509,-0.29140683701726033,1,0,0.031176724998658756,2.5868997909128666e-05,ProximalPhalanxTW,140
5,5,0.05,hydra,shapley_sampling,0.0,0.0,0.0875,-0.06499702419797626,0.1353297737770779,0,0,0.03547150799931842,0.6160715109981538,ProximalPhalanxTW,41
5,5,0.1,hydra,shapley_sampling,0.0,0.0,0.1,-0.3654441727739819,0.15802419505870258,0,0,0.03547150799931842,0.6160715109981538,ProximalPhalanxTW,41
5,5,0.2,hydra,shapley_sampling,0.23076923076923078,0.375,0.125,-0.8862986328186631,-0.25327165678681074,0,0,0.03547150799931842,0.6160715109981538,ProximalPhalanxTW,41
5,5,0.05,hydra,feature_ablation,0.0,0.0,0.2625,-0.06499702419797626,0.13250734717980928,0,0,0.03547150799931842,0.026916899001662387,ProximalPhalanxTW,41
5,5,0.1,hydra,feature_ablation,0.0,0.0,0.3,-0.3654441727739819,-0.20358765362551146,0,0,0.03547150799931842,0.026916899001662387,ProximalPhalanxTW,41
5,5,0.2,hydra,feature_ablation,0.7777777777777778,0.875,0.025,-0.8862986328186631,-0.5773827266503397,0,0,0.03547150799931842,0.026916899001662387,ProximalPhalanxTW,41
5,5,0.05,hydra,tshap_centroid,0.0,0.0,0.675,-0.06499702419797626,0.850136592813391,0,0,0.03547150799931842,0.0022176159982336685,ProximalPhalanxTW,41
5,5,0.1,hydra,tshap_centroid,0.0,0.0,0.6625,-0.3654441727739819,0.8934295622191293,0,0,0.03547150799931842,0.0022176159982336685,ProximalPhalanxTW,41
5,5,0.2,hydra,tshap_centroid,0.0,0.0,0.3125,-0.8862986328186631,1.0770544365422985,0,1,0.03547150799931842,0.0022176159982336685,ProximalPhalanxTW,41
5,5,0.05,hydra,tshap_zero,0.0,0.0,0.5875,-0.06499702419797626,1.149282002860094,0,0,0.03547150799931842,0.002084632000332931,ProximalPhalanxTW,41
5,5,0.1,hydra,tshap_zero,0.0,0.0,0.6,-0.3654441727739819,1.1926553771746418,0,1,0.03547150799931842,0.002084632000332931,ProximalPhalanxTW,41
5,5,0.2,hydra,tshap_zero,0.0,0.0,0.2875,-0.8862986328186631,1.0645761014964292,0,1,0.03547150799931842,0.002084632000332931,ProximalPhalanxTW,41
5,5,0.05,hydra,tshap_train,0.0,0.0,0.675,-0.06499702419797626,0.85013660179014,0,0,0.03547150799931842,0.032206040999881225,ProximalPhalanxTW,41
5,5,0.1,hydra,tshap_train,0.0,0.0,0.6625,-0.3654441727739819,0.8934295546368829,0,0,0.03547150799931842,0.032206040999881225,ProximalPhalanxTW,41
5,5,0.2,hydra,tshap_train,0.0,0.0,0.3,-0.8862986328186631,1.101979311539729,0,1,0.03547150799931842,0.032206040999881225,ProximalPhalanxTW,41
5,5,0.05,hydra,mrsqm,0.0,0.0,0.1875,-0.06499702419797626,-0.020809147489949664,0,0,0.03547150799931842,2.528899858589284e-05,ProximalPhalanxTW,41
5,5,0.1,hydra,mrsqm,0.0,0.0,0.15,-0.3654441727739819,-0.018015458965136455,0,0,0.03547150799931842,2.528899858589284e-05,ProximalPhalanxTW,41
5,5,0.2,hydra,mrsqm,0.0,0.0,0.425,-0.8862986328186631,-0.3952421334106788,0,0,0.03547150799931842,2.528899858589284e-05,ProximalPhalanxTW,41
5,5,0.05,shapley_sampling,feature_ablation,0.0,0.0,0.35,0.1353297737770779,0.13250734717980928,0,0,0.6160715109981538,0.026916899001662387,ProximalPhalanxTW,41
5,5,0.1,shapley_sampling,feature_ablation,0.0,0.0,0.4,0.15802419505870258,-0.20358765362551146,0,0,0.6160715109981538,0.026916899001662387,ProximalPhalanxTW,41
5,5,0.2,shapley_sampling,feature_ablation,0.3333333333333333,0.5,0.1,-0.25327165678681074,-0.5773827266503397,0,0,0.6160715109981538,0.026916899001662387,ProximalPhalanxTW,41
5,5,0.05,shapley_sampling,tshap_centroid,0.0,0.0,0.7625,0.1353297737770779,0.850136592813391,0,0,0.6160715109981538,0.0022176159982336685,ProximalPhalanxTW,41
5,5,0.1,shapley_sampling,tshap_centroid,0.0,0.0,0.7625,0.15802419505870258,0.8934295622191293,0,0,0.6160715109981538,0.0022176159982336685,ProximalPhalanxTW,41
5,5,0.2,shapley_sampling,tshap_centroid,0.0,0.0,0.4375,-0.25327165678681074,1.0770544365422985,0,1,0.6160715109981538,0.0022176159982336685,ProximalPhalanxTW,41
5,5,0.05,shapley_sampling,tshap_zero,0.0,0.0,0.675,0.1353297737770779,1.149282002860094,0,0,0.6160715109981538,0.002084632000332931,ProximalPhalanxTW,41
5,5,0.1,shapley_sampling,tshap_zero,0.0,0.0,0.7,0.15802419505870258,1.1926553771746418,0,1,0.6160715109981538,0.002084632000332931,ProximalPhalanxTW,41
5,5,0.2,shapley_sampling,tshap_zero,0.0,0.0,0.4125,-0.25327165678681074,1.0645761014964292,0,1,0.6160715109981538,0.002084632000332931,ProximalPhalanxTW,41
5,5,0.05,shapley_sampling,tshap_train,0.0,0.0,0.7625,0.1353297737770779,0.85013660179014,0,0,0.6160715109981538,0.032206040999881225,ProximalPhalanxTW,41
5,5,0.1,shapley_sampling,tshap_train,0.0,0.0,0.7625,0.15802419505870258,0.8934295546368829,0,0,0.6160715109981538,0.032206040999881225,ProximalPhalanxTW,41
5,5,0.2,shapley_sampling,tshap_train,0.0,0.0,0.425,-0.25327165678681074,1.101979311539729,0,1,0.6160715109981538,0.032206040999881225,ProximalPhalanxTW,41
5,5,0.05,shapley_sampling,mrsqm,0.0,0.0,0.1,0.1353297737770779,-0.020809147489949664,0,0,0.6160715109981538,2.528899858589284e-05,ProximalPhalanxTW,41
5,5,0.1,shapley_sampling,mrsqm,0.3333333333333333,0.5,0.05,0.15802419505870258,-0.018015458965136455,0,0,0.6160715109981538,2.528899858589284e-05,ProximalPhalanxTW,41
5,5,0.2,shapley_sampling,mrsqm,0.0,0.0,0.3,-0.25327165678681074,-0.3952421334106788,0,0,0.6160715109981538,2.528899858589284e-05,ProximalPhalanxTW,41
5,5,0.05,feature_ablation,tshap_centroid,0.0,0.0,0.4125,0.13250734717980928,0.850136592813391,0,0,0.026916899001662387,0.0022176159982336685,ProximalPhalanxTW,41
5,5,0.1,feature_ablation,tshap_centroid,0.0,0.0,0.3625,-0.20358765362551146,0.8934295622191293,0,0,0.026916899001662387,0.0022176159982336685,ProximalPhalanxTW,41
5,5,0.2,feature_ablation,tshap_centroid,0.0,0.0,0.3375,-0.5773827266503397,1.0770544365422985,0,1,0.026916899001662387,0.0022176159982336685,ProximalPhalanxTW,41
5,5,0.05,feature_ablation,tshap_zero,0.0,0.0,0.325,0.13250734717980928,1.149282002860094,0,0,0.026916899001662387,0.002084632000332931,ProximalPhalanxTW,41
5,5,0.1,feature_ablation,tshap_zero,0.0,0.0,0.3,-0.20358765362551146,1.1926553771746418,0,1,0.026916899001662387,0.002084632000332931,ProximalPhalanxTW,41
5,5,0.2,feature_ablation,tshap_zero,0.0,0.0,0.3125,-0.5773827266503397,1.0645761014964292,0,1,0.026916899001662387,0.002084632000332931,ProximalPhalanxTW,41
5,5,0.05,feature_ablation,tshap_train,0.0,0.0,0.4125,0.13250734717980928,0.85013660179014,0,0,0.026916899001662387,0.032206040999881225,ProximalPhalanxTW,41
5,5,0.1,feature_ablation,tshap_train,0.0,0.0,0.3625,-0.20358765362551146,0.8934295546368829,0,0,0.026916899001662387,0.032206040999881225,ProximalPhalanxTW,41
5,5,0.2,feature_ablation,tshap_train,0.0,0.0,0.325,-0.5773827266503397,1.101979311539729,0,1,0.026916899001662387,0.032206040999881225,ProximalPhalanxTW,41
5,5,0.05,feature_ablation,mrsqm,0.0,0.0,0.45,0.13250734717980928,-0.020809147489949664,0,0,0.026916899001662387,2.528899858589284e-05,ProximalPhalanxTW,41
5,5,0.1,feature_ablation,mrsqm,0.0,0.0,0.45,-0.20358765362551146,-0.018015458965136455,0,0,0.026916899001662387,2.528899858589284e-05,ProximalPhalanxTW,41
5,5,0.2,feature_ablation,mrsqm,0.0,0.0,0.4,-0.5773827266503397,-0.3952421334106788,0,0,0.026916899001662387,2.528899858589284e-05,ProximalPhalanxTW,41
5,5,0.05,tshap_centroid,tshap_zero,0.0,0.0,0.0875,0.850136592813391,1.149282002860094,0,0,0.0022176159982336685,0.002084632000332931,ProximalPhalanxTW,41
5,5,0.1,tshap_centroid,tshap_zero,0.23076923076923078,0.375,0.0625,0.8934295622191293,1.1926553771746418,0,1,0.0022176159982336685,0.002084632000332931,ProximalPhalanxTW,41
5,5,0.2,tshap_centroid,tshap_zero,0.7777777777777778,0.875,0.025,1.0770544365422985,1.0645761014964292,1,1,0.0022176159982336685,0.002084632000332931,ProximalPhalanxTW,41
5,5,0.05,tshap_centroid,tshap_train,1.0,1.0,0.0,0.850136592813391,0.85013660179014,0,0,0.0022176159982336685,0.032206040999881225,ProximalPhalanxTW,41
5,5,0.1,tshap_centroid,tshap_train,1.0,1.0,0.0,0.8934295622191293,0.8934295546368829,0,0,0.0022176159982336685,0.032206040999881225,ProximalPhalanxTW,41
5,5,0.2,tshap_centroid,tshap_train,0.8823529411764706,0.9375,0.0125,1.0770544365422985,1.101979311539729,1,1,0.0022176159982336685,0.032206040999881225,ProximalPhalanxTW,41
5,5,0.05,tshap_centroid,mrsqm,0.0,0.0,0.8625,0.850136592813391,-0.020809147489949664,0,0,0.0022176159982336685,2.528899858589284e-05,ProximalPhalanxTW,41
5,5,0.1,tshap_centroid,mrsqm,0.0,0.0,0.8125,0.8934295622191293,-0.018015458965136455,0,0,0.0022176159982336685,2.528899858589284e-05,ProximalPhalanxTW,41
5,5,0.2,tshap_centroid,mrsqm,0.0,0.0,0.7375,1.0770544365422985,-0.3952421334106788,1,0,0.0022176159982336685,2.528899858589284e-05,ProximalPhalanxTW,41
5,5,0.05,tshap_zero,tshap_train,0.0,0.0,0.0875,1.149282002860094,0.85013660179014,0,0,0.002084632000332931,0.032206040999881225,ProximalPhalanxTW,41
5,5,0.1,tshap_zero,tshap_train,0.23076923076923078,0.375,0.0625,1.1926553771746418,0.8934295546368829,1,0,0.002084632000332931,0.032206040999881225,ProximalPhalanxTW,41
5,5,0.2,tshap_zero,tshap_train,0.8823529411764706,0.9375,0.0125,1.0645761014964292,1.101979311539729,1,1,0.002084632000332931,0.032206040999881225,ProximalPhalanxTW,41
5,5,0.05,tshap_zero,mrsqm,0.0,0.0,0.775,1.149282002860094,-0.020809147489949664,0,0,0.002084632000332931,2.528899858589284e-05,ProximalPhalanxTW,41
5,5,0.1,tshap_zero,mrsqm,0.0,0.0,0.75,1.1926553771746418,-0.018015458965136455,1,0,0.002084632000332931,2.528899858589284e-05,ProximalPhalanxTW,41
5,5,0.2,tshap_zero,mrsqm,0.0,0.0,0.7125,1.0645761014964292,-0.3952421334106788,1,0,0.002084632000332931,2.528899858589284e-05,ProximalPhalanxTW,41
5,5,0.05,tshap_train,mrsqm,0.0,0.0,0.8625,0.85013660179014,-0.020809147489949664,0,0,0.032206040999881225,2.528899858589284e-05,ProximalPhalanxTW,41
5,5,0.1,tshap_train,mrsqm,0.0,0.0,0.8125,0.8934295546368829,-0.018015458965136455,0,0,0.032206040999881225,2.528899858589284e-05,ProximalPhalanxTW,41
5,5,0.2,tshap_train,mrsqm,0.0,0.0,0.725,1.101979311539729,-0.3952421334106788,1,0,0.032206040999881225,2.528899858589284e-05,ProximalPhalanxTW,41
2,2,0.05,hydra,shapley_sampling,0.0,0.0,0.3,0.4686941030633083,-0.20263819320468612,1,0,0.03684130400142749,0.6276750520009955,ProximalPhalanxTW,190
2,2,0.1,hydra,shapley_sampling,0.0,0.0,0.3,0.05387871008709111,-0.009711937891764277,0,0,0.03684130400142749,0.6276750520009955,ProximalPhalanxTW,190
2,2,0.2,hydra,shapley_sampling,0.06666666666666667,0.125,0.175,1.338210387132096,1.2336011546301724,1,1,0.03684130400142749,0.6276750520009955,ProximalPhalanxTW,190
2,2,0.05,hydra,feature_ablation,0.0,0.0,0.15,0.4686941030633083,1.1600856486991569,1,1,0.03684130400142749,0.027970410999841988,ProximalPhalanxTW,190
2,2,0.1,hydra,feature_ablation,0.0,0.0,0.1,0.05387871008709111,1.286228532110294,0,1,0.03684130400142749,0.027970410999841988,ProximalPhalanxTW,190
2,2,0.2,hydra,feature_ablation,0.23076923076923078,0.375,0.125,1.338210387132096,1.473488040941932,1,1,0.03684130400142749,0.027970410999841988,ProximalPhalanxTW,190
2,2,0.05,hydra,tshap_centroid,0.0,0.0,0.2875,0.4686941030633083,0.5436668422500873,1,1,0.03684130400142749,0.002255758998217061,ProximalPhalanxTW,190
2,2,0.1,hydra,tshap_centroid,0.0,0.0,0.3125,0.05387871008709111,0.8037554976473283,0,1,0.03684130400142749,0.002255758998217061,ProximalPhalanxTW,190
2,2,0.2,hydra,tshap_centroid,0.0,0.0,0.325,1.338210387132096,1.165645338136052,1,1,0.03684130400142749,0.002255758998217061,ProximalPhalanxTW,190
2,2,0.05,hydra,tshap_zero,0.0,0.0,0.3,0.4686941030633083,-0.20263816719509498,1,0,0.03684130400142749,0.002068851001240546,ProximalPhalanxTW,190
2,2,0.1,hydra,tshap_zero,0.0,0.0,0.2875,0.05387871008709111,0.007565527664407101,0,0,0.03684130400142749,0.002068851001240546,ProximalPhalanxTW,190
2,2,0.2,hydra,tshap_zero,0.0,0.0,0.275,1.338210387132096,-0.03131378006793084,1,1,0.03684130400142749,0.002068851001240546,ProximalPhalanxTW,190
2,2,0.05,hydra,tshap_train,0.0,0.0,0.3,0.4686941030633083,0.3739006331671999,1,1,0.03684130400142749,0.03439676499692723,ProximalPhalanxTW,190
2,2,0.1,hydra,tshap_train,0.0,0.0,0.325,0.05387871008709111,0.5942130247518218,0,1,0.03684130400142749,0.03439676499692723,ProximalPhalanxTW,190
2,2,0.2,hydra,tshap_train,0.0,0.0,0.325,1.338210387132096,1.1656453070185262,1,1,0.03684130400142749,0.03439676499692723,ProximalPhalanxTW,190
2,2,0.05,hydra,mrsqm,0.0,0.0,0.6,0.4686941030633083,0.21913108748432475,1,0,0.03684130400142749,2.5679000827949494e-05,ProximalPhalanxTW,190
2,2,0.1,hydra,mrsqm,0.0,0.0,0.55,0.05387871008709111,0.32285441324234465,0,1,0.03684130400142749,2.5679000827949494e-05,ProximalPhalanxTW,190
2,2,0.2,hydra,mrsqm,0.0,0.0,0.475,1.338210387132096,0.763615035972877,1,1,0.03684130400142749,2.5679000827949494e-05,ProximalPhalanxTW,190
2,2,0.05,shapley_sampling,feature_ablation,0.0,0.0,0.15,-0.20263819320468612,1.1600856486991569,0,1,0.6276750520009955,0.027970410999841988,ProximalPhalanxTW,190
2,2,0.1,shapley_sampling,feature_ablation,0.0,0.0,0.2,-0.009711937891764277,1.286228532110294,0,1,0.6276750520009955,0.027970410999841988,ProximalPhalanxTW,190
2,2,0.2,shapley_sampling,feature_ablation,0.6,0.75,0.05,1.2336011546301724,1.473488040941932,1,1,0.6276750520009955,0.027970410999841988,ProximalPhalanxTW,190
2,2,0.05,shapley_sampling,tshap_centroid,0.0,0.0,0.5875,-0.20263819320468612,0.5436668422500873,0,1,0.6276750520009955,0.002255758998217061,ProximalPhalanxTW,190
2,2,0.1,shapley_sampling,tshap_centroid,0.0,0.0,0.6125,-0.009711937891764277,0.8037554976473283,0,1,0.6276750520009955,0.002255758998217061,ProximalPhalanxTW,190
2,2,0.2,shapley_sampling,tshap_centroid,0.0,0.0,0.5,1.2336011546301724,1.165645338136052,1,1,0.6276750520009955,0.002255758998217061,ProximalPhalanxTW,190
2,2,0.05,shapley_sampling,tshap_zero,1.0,1.0,0.0,-0.20263819320468612,-0.20263816719509498,0,0,0.6276750520009955,0.002068851001240546,ProximalPhalanxTW,190
2,2,0.1,shapley_sampling,tshap_zero,0.7777777777777778,0.875,0.0125,-0.009711937891764277,0.007565527664407101,0,0,0.6276750520009955,0.002068851001240546,ProximalPhalanxTW,190
2,2,0.2,shapley_sampling,tshap_zero,0.3333333333333333,0.5,0.1,1.2336011546301724,-0.03131378006793084,1,1,0.6276750520009955,0.002068851001240546,ProximalPhalanxTW,190
2,2,0.05,shapley_sampling,tshap_train,0.0,0.0,0.6,-0.20263819320468612,0.3739006331671999,0,1,0.6276750520009955,0.03439676499692723,ProximalPhalanxTW,190
2,2,0.1,shapley_sampling,tshap_train,0.0,0.0,0.625,-0.009711937891764277,0.5942130247518218,0,1,0.6276750520009955,0.03439676499692723,ProximalPhalanxTW,190
2,2,0.2,shapley_sampling,tshap_train,0.0,0.0,0.5,1.2336011546301724,1.1656453070185262,1,1,0.6276750520009955,0.03439676499692723,ProximalPhalanxTW,190
2,2,0.05,shapley_sampling,mrsqm,0.0,0.0,0.3,-0.20263819320468612,0.21913108748432475,0,0,0.6276750520009955,2.5679000827949494e-05,ProximalPhalanxTW,190
2,2,0.1,shapley_sampling,mrsqm,0.0,0.0,0.25,-0.009711937891764277,0.32285441324234465,0,1,0.6276750520009955,2.5679000827949494e-05,ProximalPhalanxTW,190
2,2,0.2,shapley_sampling,mrsqm,0.0,0.0,0.3,1.2336011546301724,0.763615035972877,1,1,0.6276750520009955,2.5679000827949494e-05,ProximalPhalanxTW,190
2,2,0.05,feature_ablation,tshap_centroid,0.0,0.0,0.4375,1.1600856486991569,0.5436668422500873,1,1,0.027970410999841988,0.002255758998217061,ProximalPhalanxTW,190
2,2,0.1,feature_ablation,tshap_centroid,0.0,0.0,0.4125,1.286228532110294,0.8037554976473283,1,1,0.027970410999841988,0.002255758998217061,ProximalPhalanxTW,190
2,2,0.2,feature_ablation,tshap_centroid,0.0,0.0,0.45,1.473488040941932,1.165645338136052,1,1,0.027970410999841988,0.002255758998217061,ProximalPhalanxTW,190
2,2,0.05,feature_ablation,tshap_zero,0.0,0.0,0.15,1.1600856486991569,-0.20263816719509498,1,0,0.027970410999841988,0.002068851001240546,ProximalPhalanxTW,190
2,2,0.1,feature_ablation,tshap_zero,0.0,0.0,0.1875,1.286228532110294,0.007565527664407101,1,0,0.027970410999841988,0.002068851001240546,ProximalPhalanxTW,190
2,2,0.2,feature_ablation,tshap_zero,0.14285714285714285,0.25,0.15,1.473488040941932,-0.03131378006793084,1,1,0.027970410999841988,0.002068851001240546,ProximalPhalanxTW,190
2,2,0.05,feature_ablation,tshap_train,0.0,0.0,0.45,1.1600856486991569,0.3739006331671999,1,1,0.027970410999841988,0.03439676499692723,ProximalPhalanxTW,190
2,2,0.1,feature_ablation,tshap_train,0.0,0.0,0.425,1.286228532110294,0.5942130247518218,1,1,0.027970410999841988,0.03439676499692723,ProximalPhalanxTW,190
2,2,0.2,feature_ablation,tshap_train,0.0,0.0,0.45,1.473488040941932,1.1656453070185262,1,1,0.027970410999841988,0.03439676499692723,ProximalPhalanxTW,190
2,2,0.05,feature_ablation,mrsqm,0.0,0.0,0.45,1.1600856486991569,0.21913108748432475,1,0,0.027970410999841988,2.5679000827949494e-05,ProximalPhalanxTW,190
2,2,0.1,feature_ablation,mrsqm,0.0,0.0,0.45,1.286228532110294,0.32285441324234465,1,1,0.027970410999841988,2.5679000827949494e-05,ProximalPhalanxTW,190
2,2,0.2,feature_ablation,mrsqm,0.0,0.0,0.35,1.473488040941932,0.763615035972877,1,1,0.027970410999841988,2.5679000827949494e-05,ProximalPhalanxTW,190
2,2,0.05,tshap_centroid,tshap_zero,0.0,0.0,0.5875,0.5436668422500873,-0.20263816719509498,1,0,0.002255758998217061,0.002068851001240546,ProximalPhalanxTW,190
2,2,0.1,tshap_centroid,tshap_zero,0.0,0.0,0.6,0.8037554976473283,0.007565527664407101,1,0,0.002255758998217061,0.002068851001240546,ProximalPhalanxTW,190
2,2,0.2,tshap_centroid,tshap_zero,0.0,0.0,0.6,1.165645338136052,-0.03131378006793084,1,1,0.002255758998217061,0.002068851001240546,ProximalPhalanxTW,190
2,2,0.05,tshap_centroid,tshap_train,0.6,0.75,0.0125,0.5436668422500873,0.3739006331671999,1,1,0.002255758998217061,0.03439676499692723,ProximalPhalanxTW,190
2,2,0.1,tshap_centroid,tshap_train,0.7777777777777778,0.875,0.0125,0.8037554976473283,0.5942130247518218,1,1,0.002255758998217061,0.03439676499692723,ProximalPhalanxTW,190
2,2,0.2,tshap_centroid,tshap_train,1.0,1.0,0.0,1.165645338136052,1.1656453070185262,1,1,0.002255758998217061,0.03439676499692723,ProximalPhalanxTW,190
2,2,0.05,tshap_centroid,mrsqm,0.0,0.0,0.8875,0.5436668422500873,0.21913108748432475,1,0,0.002255758998217061,2.5679000827949494e-05,ProximalPhalanxTW,190
2,2,0.1,tshap_centroid,mrsqm,0.0,0.0,0.8625,0.8037554976473283,0.32285441324234465,1,1,0.002255758998217061,2.5679000827949494e-05,ProximalPhalanxTW,190
2,2,0.2,tshap_centroid,mrsqm,0.0,0.0,0.8,1.165645338136052,0.763615035972877,1,1,0.002255758998217061,2.5679000827949494e-05,ProximalPhalanxTW,190
2,2,0.05,tshap_zero,tshap_train,0.0,0.0,0.6,-0.20263816719509498,0.3739006331671999,0,1,0.002068851001240546,0.03439676499692723,ProximalPhalanxTW,190
2,2,0.1,tshap_zero,tshap_train,0.0,0.0,0.6125,0.007565527664407101,0.5942130247518218,0,1,0.002068851001240546,0.03439676499692723,ProximalPhalanxTW,190
2,2,0.2,tshap_zero,tshap_train,0.0,0.0,0.6,-0.03131378006793084,1.1656453070185262,1,1,0.002068851001240546,0.03439676499692723,ProximalPhalanxTW,190
2,2,0.05,tshap_zero,mrsqm,0.0,0.0,0.3,-0.20263816719509498,0.21913108748432475,0,0,0.002068851001240546,2.5679000827949494e-05,ProximalPhalanxTW,190
2,2,0.1,tshap_zero,mrsqm,0.0,0.0,0.2625,0.007565527664407101,0.32285441324234465,0,1,0.002068851001240546,2.5679000827949494e-05,ProximalPhalanxTW,190
2,2,0.2,tshap_zero,mrsqm,0.0,0.0,0.2,-0.03131378006793084,0.763615035972877,1,1,0.002068851001240546,2.5679000827949494e-05,ProximalPhalanxTW,190
2,2,0.05,tshap_train,mrsqm,0.0,0.0,0.9,0.3739006331671999,0.21913108748432475,1,0,0.03439676499692723,2.5679000827949494e-05,ProximalPhalanxTW,190
2,2,0.1,tshap_train,mrsqm,0.0,0.0,0.875,0.5942130247518218,0.32285441324234465,1,1,0.03439676499692723,2.5679000827949494e-05,ProximalPhalanxTW,190
2,2,0.2,tshap_train,mrsqm,0.0,0.0,0.8,1.1656453070185262,0.763615035972877,1,1,0.03439676499692723,2.5679000827949494e-05,ProximalPhalanxTW,190
2,2,0.05,hydra,shapley_sampling,0.0,0.0,0.0875,0.14731151707985146,0.37052011130477214,0,1,0.03539189599905512,0.6295495820013457,ProximalPhalanxTW,168
2,2,0.1,hydra,shapley_sampling,0.0,0.0,0.1,0.2389103350828814,0.8962646261080057,1,1,0.03539189599905512,0.6295495820013457,ProximalPhalanxTW,168
2,2,0.2,hydra,shapley_sampling,0.8823529411764706,0.9375,0.0125,1.069197906296386,0.9557594785064314,1,1,0.03539189599905512,0.6295495820013457,ProximalPhalanxTW,168
2,2,0.05,hydra,feature_ablation,0.0,0.0,0.4375,0.14731151707985146,0.9239666845778719,0,1,0.03539189599905512,0.02670776999730151,ProximalPhalanxTW,168
2,2,0.1,hydra,feature_ablation,0.0,0.0,0.1,0.2389103350828814,0.8962646122530084,1,1,0.03539189599905512,0.02670776999730151,ProximalPhalanxTW,168
2,2,0.2,hydra,feature_ablation,0.8823529411764706,0.9375,0.0125,1.069197906296386,0.9557594775594276,1,1,0.03539189599905512,0.02670776999730151,ProximalPhalanxTW,168
2,2,0.05,hydra,tshap_centroid,0.0,0.0,0.3125,0.14731151707985146,0.43286142573579467,0,1,0.03539189599905512,0.0022175459998834413,ProximalPhalanxTW,168
2,2,0.1,hydra,tshap_centroid,0.0,0.0,0.325,0.2389103350828814,0.4557389205456994,1,1,0.03539189599905512,0.0022175459998834413,ProximalPhalanxTW,168
2,2,0.2,hydra,tshap_centroid,0.0,0.0,0.4375,1.069197906296386,0.8429706274354319,1,1,0.03539189599905512,0.0022175459998834413,ProximalPhalanxTW,168
2,2,0.05,hydra,tshap_zero,0.0,0.0,0.5375,0.14731151707985146,0.15102365108218052,0,0,0.03539189599905512,0.0020967450000171084,ProximalPhalanxTW,168
2,2,0.1,hydra,tshap_zero,0.0,0.0,0.55,0.2389103350828814,0.07570550629756223,1,0,0.03539189599905512,0.0020967450000171084,ProximalPhalanxTW,168
2,2,0.2,hydra,tshap_zero,0.0,0.0,0.4625,1.069197906296386,0.9506645794092927,1,1,0.03539189599905512,0.0020967450000171084,ProximalPhalanxTW,168
2,2,0.05,hydra,tshap_train,0.0,0.0,0.5375,0.14731151707985146,0.15102357680727596,0,0,0.03539189599905512,0.03179280199765344,ProximalPhalanxTW,168
2,2,0.1,hydra,tshap_train,0.0,0.0,0.5375,0.2389103350828814,0.01610540265221061,1,0,0.03539189599905512,0.03179280199765344,ProximalPhalanxTW,168
2,2,0.2,hydra,tshap_train,0.0,0.0,0.45,1.069197906296386,0.7585200259698719,1,1,0.03539189599905512,0.03179280199765344,ProximalPhalanxTW,168
2,2,0.05,hydra,mrsqm,0.0,0.0,0.5875,0.14731151707985146,0.23083813799051356,0,0,0.03539189599905512,2.5708999601192772e-05,ProximalPhalanxTW,168
2,2,0.1,hydra,mrsqm,0.0,0.0,0.55,0.2389103350828814,0.07570553310354455,1,0,0.03539189599905512,2.5708999601192772e-05,ProximalPhalanxTW,168
2,2,0.2,hydra,mrsqm,0.0,0.0,0.4625,1.069197906296386,0.9506645968741961,1,1,0.03539189599905512,2.5708999601192772e-05,ProximalPhalanxTW,168
2,2,0.05,shapley_sampling,feature_ablation,0.0,0.0,0.35,0.37052011130477214,0.9239666845778719,1,1,0.6295495820013457,0.02670776999730151,ProximalPhalanxTW,168
2,2,0.1,shapley_sampling,feature_ablation,1.0,1.0,0.0,0.8962646261080057,0.8962646122530084,1,1,0.6295495820013457,0.02670776999730151,ProximalPhalanxTW,168
2,2,0.2,shapley_sampling,feature_ablation,1.0,1.0,0.0,0.9557594785064314,0.9557594775594276,1,1,0.6295495820013457,0.02670776999730151,ProximalPhalanxTW,168
2,2,0.05,shapley_sampling,tshap_centroid,0.0,0.0,0.4,0.37052011130477214,0.43286142573579467,1,1,0.6295495820013457,0.0022175459998834413,ProximalPhalanxTW,168
2,2,0.1,shapley_sampling,tshap_centroid,0.0,0.0,0.425,0.8962646261080057,0.4557389205456994,1,1,0.6295495820013457,0.0022175459998834413,ProximalPhalanxTW,168
2,2,0.2,shapley_sampling,tshap_centroid,0.0,0.0,0.425,0.9557594785064314,0.8429706274354319,1,1,0.6295495820013457,0.0022175459998834413,ProximalPhalanxTW,168
2,2,0.05,shapley_sampling,tshap_zero,0.0,0.0,0.45,0.37052011130477214,0.15102365108218052,1,0,0.6295495820013457,0.0020967450000171084,ProximalPhalanxTW,168
2,2,0.1,shapley_sampling,tshap_zero,0.0,0.0,0.45,0.8962646261080057,0.07570550629756223,1,0,0.6295495820013457,0.0020967450000171084,ProximalPhalanxTW,168
2,2,0.2,shapley_sampling,tshap_zero,0.0,0.0,0.45,0.9557594785064314,0.9506645794092927,1,1,0.6295495820013457,0.0020967450000171084,ProximalPhalanxTW,168
2,2,0.05,shapley_sampling,tshap_train,0.0,0.0,0.45,0.37052011130477214,0.15102357680727596,1,0,0.6295495820013457,0.03179280199765344,ProximalPhalanxTW,168
2,2,0.1,shapley_sampling,tshap_train,0.0,0.0,0.4375,0.8962646261080057,0.01610540265221061,1,0,0.6295495820013457,0.03179280199765344,ProximalPhalanxTW,168
2,2,0.2,shapley_sampling,tshap_train,0.0,0.0,0.4375,0.9557594785064314,0.7585200259698719,1,1,0.6295495820013457,0.03179280199765344,ProximalPhalanxTW,168
2,2,0.05,shapley_sampling,mrsqm,0.0,0.0,0.5,0.37052011130477214,0.23083813799051356,1,0,0.6295495820013457,2.5708999601192772e-05,ProximalPhalanxTW,168
2,2,0.1,shapley_sampling,mrsqm,0.0,0.0,0.45,0.8962646261080057,0.07570553310354455,1,0,0.6295495820013457,2.5708999601192772e-05,ProximalPhalanxTW,168
2,2,0.2,shapley_sampling,mrsqm,0.0,0.0,0.45,0.9557594785064314,0.9506645968741961,1,1,0.6295495820013457,2.5708999601192772e-05,ProximalPhalanxTW,168
2,2,0.05,feature_ablation,tshap_centroid,0.0,0.0,0.75,0.9239666845778719,0.43286142573579467,1,1,0.02670776999730151,0.0022175459998834413,ProximalPhalanxTW,168
2,2,0.1,feature_ablation,tshap_centroid,0.0,0.0,0.425,0.8962646122530084,0.4557389205456994,1,1,0.02670776999730151,0.0022175459998834413,ProximalPhalanxTW,168
2,2,0.2,feature_ablation,tshap_centroid,0.0,0.0,0.425,0.9557594775594276,0.8429706274354319,1,1,0.02670776999730151,0.0022175459998834413,ProximalPhalanxTW,168
2,2,0.05,feature_ablation,tshap_zero,0.0,0.0,0.1,0.9239666845778719,0.15102365108218052,1,0,0.02670776999730151,0.0020967450000171084,ProximalPhalanxTW,168
2,2,0.1,feature_ablation,tshap_zero,0.0,0.0,0.45,0.8962646122530084,0.07570550629756223,1,0,0.02670776999730151,0.0020967450000171084,ProximalPhalanxTW,168
2,2,0.2,feature_ablation,tshap_zero,0.0,0.0,0.45,0.9557594775594276,0.9506645794092927,1,1,0.02670776999730151,0.0020967450000171084,ProximalPhalanxTW,168
2,2,0.05,feature_ablation,tshap_train,0.0,0.0,0.1,0.9239666845778719,0.15102357680727596,1,0,0.02670776999730151,0.03179280199765344,ProximalPhalanxTW,168
2,2,0.1,feature_ablation,tshap_train,0.0,0.0,0.4375,0.8962646122530084,0.01610540265221061,1,0,0.02670776999730151,0.03179280199765344,ProximalPhalanxTW,168
2,2,0.2,feature_ablation,tshap_train,0.0,0.0,0.4375,0.9557594775594276,0.7585200259698719,1,1,0.02670776999730151,0.03179280199765344,ProximalPhalanxTW,168
2,2,0.05,feature_ablation,mrsqm,0.0,0.0,0.15,0.9239666845778719,0.23083813799051356,1,0,0.02670776999730151,2.5708999601192772e-05,ProximalPhalanxTW,168
2,2,0.1,feature_ablation,mrsqm,0.0,0.0,0.45,0.8962646122530084,0.07570553310354455,1,0,0.02670776999730151,2.5708999601192772e-05,ProximalPhalanxTW,168
2,2,0.2,feature_ablation,mrsqm,0.0,0.0,0.45,0.9557594775594276,0.9506645968741961,1,1,0.02670776999730151,2.5708999601192772e-05,ProximalPhalanxTW,168
2,2,0.05,tshap_centroid,tshap_zero,0.0,0.0,0.85,0.43286142573579467,0.15102365108218052,1,0,0.0022175459998834413,0.0020967450000171084,ProximalPhalanxTW,168
2,2,0.1,tshap_centroid,tshap_zero,0.0,0.0,0.875,0.4557389205456994,0.07570550629756223,1,0,0.0022175459998834413,0.0020967450000171084,ProximalPhalanxTW,168
2,2,0.2,tshap_centroid,tshap_zero,0.7777777777777778,0.875,0.025,0.8429706274354319,0.9506645794092927,1,1,0.0022175459998834413,0.0020967450000171084,ProximalPhalanxTW,168
2,2,0.05,tshap_centroid,tshap_train,0.0,0.0,0.85,0.43286142573579467,0.15102357680727596,1,0,0.0022175459998834413,0.03179280199765344,ProximalPhalanxTW,168
2,2,0.1,tshap_centroid,tshap_train,0.0,0.0,0.8625,0.4557389205456994,0.01610540265221061,1,0,0.0022175459998834413,0.03179280199765344,ProximalPhalanxTW,168
2,2,0.2,tshap_centroid,tshap_train,0.8823529411764706,0.9375,0.0125,0.8429706274354319,0.7585200259698719,1,1,0.0022175459998834413,0.03179280199765344,ProximalPhalanxTW,168
2,2,0.05,tshap_centroid,mrsqm,0.0,0.0,0.9,0.43286142573579467,0.23083813799051356,1,0,0.0022175459998834413,2.5708999601192772e-05,ProximalPhalanxTW,168
2,2,0.1,tshap_centroid,mrsqm,0.0,0.0,0.875,0.4557389205456994,0.07570553310354455,1,0,0.0022175459998834413,2.5708999601192772e-05,ProximalPhalanxTW,168
2,2,0.2,tshap_centroid,mrsqm,0.7777777777777778,0.875,0.025,0.8429706274354319,0.9506645968741961,1,1,0.0022175459998834413,2.5708999601192772e-05,ProximalPhalanxTW,168
2,2,0.05,tshap_zero,tshap_train,1.0,1.0,0.0,0.15102365108218052,0.15102357680727596,0,0,0.0020967450000171084,0.03179280199765344,ProximalPhalanxTW,168
2,2,0.1,tshap_zero,tshap_train,0.7777777777777778,0.875,0.0125,0.07570550629756223,0.01610540265221061,0,0,0.0020967450000171084,0.03179280199765344,ProximalPhalanxTW,168
2,2,0.2,tshap_zero,tshap_train,0.8823529411764706,0.9375,0.0125,0.9506645794092927,0.7585200259698719,1,1,0.0020967450000171084,0.03179280199765344,ProximalPhalanxTW,168
2,2,0.05,tshap_zero,mrsqm,0.0,0.0,0.05,0.15102365108218052,0.23083813799051356,0,0,0.0020967450000171084,2.5708999601192772e-05,ProximalPhalanxTW,168
2,2,0.1,tshap_zero,mrsqm,1.0,1.0,0.0,0.07570550629756223,0.07570553310354455,0,0,0.0020967450000171084,2.5708999601192772e-05,ProximalPhalanxTW,168
2,2,0.2,tshap_zero,mrsqm,1.0,1.0,0.0,0.9506645794092927,0.9506645968741961,1,1,0.0020967450000171084,2.5708999601192772e-05,ProximalPhalanxTW,168
2,2,0.05,tshap_train,mrsqm,0.0,0.0,0.05,0.15102357680727596,0.23083813799051356,0,0,0.03179280199765344,2.5708999601192772e-05,ProximalPhalanxTW,168
2,2,0.1,tshap_train,mrsqm,0.7777777777777778,0.875,0.0125,0.01610540265221061,0.07570553310354455,0,0,0.03179280199765344,2.5708999601192772e-05,ProximalPhalanxTW,168
2,2,0.2,tshap_train,mrsqm,0.8823529411764706,0.9375,0.0125,0.7585200259698719,0.9506645968741961,1,1,0.03179280199765344,2.5708999601192772e-05,ProximalPhalanxTW,168
3,3,0.05,hydra,shapley_sampling,0.0,0.0,0.075,-0.3700324700779053,-0.5276686997718802,0,0,0.03547412300031283,0.6354799789987737,ProximalPhalanxTW,149
3,3,0.1,hydra,shapley_sampling,0.23076923076923078,0.375,0.0625,-0.33388119262999316,-0.37238196888256203,0,1,0.03547412300031283,0.6354799789987737,ProximalPhalanxTW,149
3,3,0.2,hydra,shapley_sampling,0.8823529411764706,0.9375,0.0125,-0.4240378352593539,-0.5063021053564352,0,0,0.03547412300031283,0.6354799789987737,ProximalPhalanxTW,149
3,3,0.05,hydra,feature_ablation,0.3333333333333333,0.5,0.025,-0.3700324700779053,-0.623248224985234,0,0,0.03547412300031283,0.027733940001780866,ProximalPhalanxTW,149
3,3,0.1,hydra,feature_ablation,0.0,0.0,0.2875,-0.33388119262999316,-0.9416376259667127,0,0,0.03547412300031283,0.027733940001780866,ProximalPhalanxTW,149
3,3,0.2,hydra,feature_ablation,0.0,0.0,0.2625,-0.4240378352593539,-0.38231853362575996,0,0,0.03547412300031283,0.027733940001780866,ProximalPhalanxTW,149
3,3,0.05,hydra,tshap_centroid,0.0,0.0,0.575,-0.3700324700779053,-0.5609658302444893,0,1,0.03547412300031283,0.0022319130002870224,ProximalPhalanxTW,149
3,3,0.1,hydra,tshap_centroid,0.0,0.0,0.5625,-0.33388119262999316,-0.7177998512042436,0,1,0.03547412300031283,0.0022319130002870224,ProximalPhalanxTW,149
3,3,0.2,hydra,tshap_centroid,0.0,0.0,0.525,-0.4240378352593539,-0.5533157929645107,0,1,0.03547412300031283,0.0022319130002870224,ProximalPhalanxTW,149
3,3,0.05,hydra,tshap_zero,0.0,0.0,0.5125,-0.3700324700779053,-1.1116988997655082,0,0,0.03547412300031283,0.002090322999720229,ProximalPhalanxTW,149
3,3,0.1,hydra,tshap_zero,0.0,0.0,0.5,-0.33388119262999316,-1.075459033281284,0,0,0.03547412300031283,0.002090322999720229,ProximalPhalanxTW,149
3,3,0.2,hydra,tshap_zero,0.0,0.0,0.5125,-0.4240378352593539,-0.3695185909190053,0,1,0.03547412300031283,0.002090322999720229,ProximalPhalanxTW,149
3,3,0.05,hydra,tshap_train,0.0,0.0,0.5875,-0.3700324700779053,-0.5048617118280088,0,1,0.03547412300031283,0.03415488300015568,ProximalPhalanxTW,149
3,3,0.1,hydra,tshap_train,0.0,0.0,0.575,-0.33388119262999316,-0.810226346368518,0,0,0.03547412300031283,0.03415488300015568,ProximalPhalanxTW,149
3,3,0.2,hydra,tshap_train,0.0,0.0,0.6,-0.4240378352593539,-1.1321617184758677,0,1,0.03547412300031283,0.03415488300015568,ProximalPhalanxTW,149
3,3,0.05,hydra,mrsqm,0.0,0.0,0.175,-0.3700324700779053,-0.11536911218436319,0,0,0.03547412300031283,2.6050001906696707e-05,ProximalPhalanxTW,149
3,3,0.1,hydra,mrsqm,0.0,0.0,0.1625,-0.33388119262999316,-0.3277824159200736,0,0,0.03547412300031283,2.6050001906696707e-05,ProximalPhalanxTW,149
3,3,0.2,hydra,mrsqm,0.391304347826087,0.5625,0.0875,-0.4240378352593539,-0.09506337246604613,0,1,0.03547412300031283,2.6050001906696707e-05,ProximalPhalanxTW,149
3,3,0.05,shapley_sampling,feature_ablation,0.0,0.0,0.05,-0.5276686997718802,-0.623248224985234,0,0,0.6354799789987737,0.027733940001780866,ProximalPhalanxTW,149
3,3,0.1,shapley_sampling,feature_ablation,0.0,0.0,0.35,-0.37238196888256203,-0.9416376259667127,1,0,0.6354799789987737,0.027733940001780866,ProximalPhalanxTW,149
3,3,0.2,shapley_sampling,feature_ablation,0.0,0.0,0.25,-0.5063021053564352,-0.38231853362575996,0,0,0.6354799789987737,0.027733940001780866,ProximalPhalanxTW,149
3,3,0.05,shapley_sampling,tshap_centroid,0.0,0.0,0.65,-0.5276686997718802,-0.5609658302444893,0,1,0.6354799789987737,0.0022319130002870224,ProximalPhalanxTW,149
3,3,0.1,shapley_sampling,tshap_centroid,0.0,0.0,0.625,-0.37238196888256203,-0.7177998512042436,1,1,0.6354799789987737,0.0022319130002870224,ProximalPhalanxTW,149
3,3,0.2,shapley_sampling,tshap_centroid,0.0,0.0,0.5125,-0.5063021053564352,-0.5533157929645107,0,1,0.6354799789987737,0.0022319130002870224,ProximalPhalanxTW,149
3,3,0.05,shapley_sampling,tshap_zero,0.0,0.0,0.5875,-0.5276686997718802,-1.1116988997655082,0,0,0.6354799789987737,0.002090322999720229,ProximalPhalanxTW,149
3,3,0.1,shapley_sampling,tshap_zero,0.0,0.0,0.5625,-0.37238196888256203,-1.075459033281284,1,0,0.6354799789987737,0.002090322999720229,ProximalPhalanxTW,149
3,3,0.2,shapley_sampling,tshap_zero,0.0,0.0,0.5,-0.5063021053564352,-0.3695185909190053,0,1,0.6354799789987737,0.002090322999720229,ProximalPhalanxTW,149
3,3,0.05,shapley_sampling,tshap_train,0.0,0.0,0.6625,-0.5276686997718802,-0.5048617118280088,0,1,0.6354799789987737,0.03415488300015568,ProximalPhalanxTW,149
3,3,0.1,shapley_sampling,tshap_train,0.0,0.0,0.6375,-0.37238196888256203,-0.810226346368518,1,0,0.6354799789987737,0.03415488300015568,ProximalPhalanxTW,149
3,3,0.2,shapley_sampling,tshap_train,0.0,0.0,0.5875,-0.5063021053564352,-1.1321617184758677,0,1,0.6354799789987737,0.03415488300015568,ProximalPhalanxTW,149
3,3,0.05,shapley_sampling,mrsqm,0.0,0.0,0.1,-0.5276686997718802,-0.11536911218436319,0,0,0.6354799789987737,2.6050001906696707e-05,ProximalPhalanxTW,149
3,3,0.1,shapley_sampling,mrsqm,0.0,0.0,0.1,-0.37238196888256203,-0.3277824159200736,1,0,0.6354799789987737,2.6050001906696707e-05,ProximalPhalanxTW,149
3,3,0.2,shapley_sampling,mrsqm,0.3333333333333333,0.5,0.1,-0.5063021053564352,-0.09506337246604613,0,1,0.6354799789987737,2.6050001906696707e-05,ProximalPhalanxTW,149
3,3,0.05,feature_ablation,tshap_centroid,0.0,0.0,0.6,-0.623248224985234,-0.5609658302444893,0,1,0.027733940001780866,0.0022319130002870224,ProximalPhalanxTW,149
3,3,0.1,feature_ablation,tshap_centroid,0.0,0.0,0.275,-0.9416376259667127,-0.7177998512042436,0,1,0.027733940001780866,0.0022319130002870224,ProximalPhalanxTW,149
3,3,0.2,feature_ablation,tshap_centroid,0.0,0.0,0.2625,-0.38231853362575996,-0.5533157929645107,0,1,0.027733940001780866,0.0022319130002870224,ProximalPhalanxTW,149
3,3,0.05,feature_ablation,tshap_zero,0.0,0.0,0.5375,-0.623248224985234,-1.1116988997655082,0,0,0.027733940001780866,0.002090322999720229,ProximalPhalanxTW,149
3,3,0.1,feature_ablation,tshap_zero,0.0,0.0,0.2125,-0.9416376259667127,-1.075459033281284,0,0,0.027733940001780866,0.002090322999720229,ProximalPhalanxTW,149
3,3,0.2,feature_ablation,tshap_zero,0.0,0.0,0.25,-0.38231853362575996,-0.3695185909190053,0,1,0.027733940001780866,0.002090322999720229,ProximalPhalanxTW,149
3,3,0.05,feature_ablation,tshap_train,0.0,0.0,0.6125,-0.623248224985234,-0.5048617118280088,0,1,0.027733940001780866,0.03415488300015568,ProximalPhalanxTW,149
3,3,0.1,feature_ablation,tshap_train,0.0,0.0,0.2875,-0.9416376259667127,-0.810226346368518,0,0,0.027733940001780866,0.03415488300015568,ProximalPhalanxTW,149
3,3,0.2,feature_ablation,tshap_train,0.0,0.0,0.3375,-0.38231853362575996,-1.1321617184758677,0,1,0.027733940001780866,0.03415488300015568,ProximalPhalanxTW,149
3,3,0.05,feature_ablation,mrsqm,0.0,0.0,0.15,-0.623248224985234,-0.11536911218436319,0,0,0.027733940001780866,2.6050001906696707e-05,ProximalPhalanxTW,149
3,3,0.1,feature_ablation,mrsqm,0.0,0.0,0.45,-0.9416376259667127,-0.3277824159200736,0,0,0.027733940001780866,2.6050001906696707e-05,ProximalPhalanxTW,149
3,3,0.2,feature_ablation,mrsqm,0.0,0.0,0.35,-0.38231853362575996,-0.09506337246604613,0,1,0.027733940001780866,2.6050001906696707e-05,ProximalPhalanxTW,149
3,3,0.05,tshap_centroid,tshap_zero,0.0,0.0,0.0625,-0.5609658302444893,-1.1116988997655082,1,0,0.0022319130002870224,0.002090322999720229,ProximalPhalanxTW,149
3,3,0.1,tshap_centroid,tshap_zero,0.23076923076923078,0.375,0.0625,-0.7177998512042436,-1.075459033281284,1,0,0.0022319130002870224,0.002090322999720229,ProximalPhalanxTW,149
3,3,0.2,tshap_centroid,tshap_zero,0.8823529411764706,0.9375,0.0125,-0.5533157929645107,-0.3695185909190053,1,1,0.0022319130002870224,0.002090322999720229,ProximalPhalanxTW,149
3,3,0.05,tshap_centroid,tshap_train,0.6,0.75,0.0125,-0.5609658302444893,-0.5048617118280088,1,1,0.0022319130002870224,0.03415488300015568,ProximalPhalanxTW,149
3,3,0.1,tshap_centroid,tshap_train,0.7777777777777778,0.875,0.0125,-0.7177998512042436,-0.810226346368518,1,0,0.0022319130002870224,0.03415488300015568,ProximalPhalanxTW,149
3,3,0.2,tshap_centroid,tshap_train,0.45454545454545453,0.625,0.075,-0.5533157929645107,-1.1321617184758677,1,1,0.0022319130002870224,0.03415488300015568,ProximalPhalanxTW,149
3,3,0.05,tshap_centroid,mrsqm,0.0,0.0,0.75,-0.5609658302444893,-0.11536911218436319,1,0,0.0022319130002870224,2.6050001906696707e-05,ProximalPhalanxTW,149
3,3,0.1,tshap_centroid,mrsqm,0.0,0.0,0.725,-0.7177998512042436,-0.3277824159200736,1,0,0.0022319130002870224,2.6050001906696707e-05,ProximalPhalanxTW,149
3,3,0.2,tshap_centroid,mrsqm,0.0,0.0,0.6125,-0.5533157929645107,-0.09506337246604613,1,1,0.0022319130002870224,2.6050001906696707e-05,ProximalPhalanxTW,149
3,3,0.05,tshap_zero,tshap_train,0.0,0.0,0.075,-1.1116988997655082,-0.5048617118280088,0,1,0.002090322999720229,0.03415488300015568,ProximalPhalanxTW,149
3,3,0.1,tshap_zero,tshap_train,0.14285714285714285,0.25,0.075,-1.075459033281284,-0.810226346368518,0,0,0.002090322999720229,0.03415488300015568,ProximalPhalanxTW,149
3,3,0.2,tshap_zero,tshap_train,0.391304347826087,0.5625,0.0875,-0.3695185909190053,-1.1321617184758677,1,1,0.002090322999720229,0.03415488300015568,ProximalPhalanxTW,149
3,3,0.05,tshap_zero,mrsqm,0.0,0.0,0.6875,-1.1116988997655082,-0.11536911218436319,0,0,0.002090322999720229,2.6050001906696707e-05,ProximalPhalanxTW,149
3,3,0.1,tshap_zero,mrsqm,0.0,0.0,0.6625,-1.075459033281284,-0.3277824159200736,0,0,0.002090322999720229,2.6050001906696707e-05,ProximalPhalanxTW,149
3,3,0.2,tshap_zero,mrsqm,0.0,0.0,0.6,-0.3695185909190053,-0.09506337246604613,1,1,0.002090322999720229,2.6050001906696707e-05,ProximalPhalanxTW,149
3,3,0.05,tshap_train,mrsqm,0.0,0.0,0.7625,-0.5048617118280088,-0.11536911218436319,1,0,0.03415488300015568,2.6050001906696707e-05,ProximalPhalanxTW,149
3,3,0.1,tshap_train,mrsqm,0.0,0.0,0.7375,-0.810226346368518,-0.3277824159200736,0,0,0.03415488300015568,2.6050001906696707e-05,ProximalPhalanxTW,149
3,3,0.2,tshap_train,mrsqm,0.0,0.0,0.6875,-1.1321617184758677,-0.09506337246604613,1,1,0.03415488300015568,2.6050001906696707e-05,ProximalPhalanxTW,149
2,2,0.05,hydra,shapley_sampling,0.0,0.0,0.2875,0.18612095251751692,0.39614452146701173,0,1,0.03610449699772289,0.6332761400008167,ProximalPhalanxTW,29
2,2,0.1,hydra,shapley_sampling,0.0,0.0,0.15,0.5343341695645912,1.1450268050940535,1,1,0.03610449699772289,0.6332761400008167,ProximalPhalanxTW,29
2,2,0.2,hydra,shapley_sampling,0.6,0.75,0.05,1.2604530722335416,1.2662048537176958,1,1,0.03610449699772289,0.6332761400008167,ProximalPhalanxTW,29
2,2,0.05,hydra,feature_ablation,0.0,0.0,0.1125,0.18612095251751692,0.9511761161085451,0,1,0.03610449699772289,0.027767734001827193,ProximalPhalanxTW,29
2,2,0.1,hydra,feature_ablation,0.3333333333333333,0.5,0.05,0.5343341695645912,1.1503008281922684,1,1,0.03610449699772289,0.027767734001827193,ProximalPhalanxTW,29
2,2,0.2,hydra,feature_ablation,0.3333333333333333,0.5,0.1,1.2604530722335416,1.1453430855997826,1,1,0.03610449699772289,0.027767734001827193,ProximalPhalanxTW,29
2,2,0.05,hydra,tshap_centroid,0.0,0.0,0.3375,0.18612095251751692,0.439881268694318,0,1,0.03610449699772289,0.0022501280000142287,ProximalPhalanxTW,29
2,2,0.1,hydra,tshap_centroid,0.0,0.0,0.375,0.5343341695645912,0.6102756579975508,1,1,0.03610449699772289,0.0022501280000142287,ProximalPhalanxTW,29
2,2,0.2,hydra,tshap_centroid,0.5238095238095238,0.6875,0.0625,1.2604530722335416,1.490155135904262,1,1,0.03610449699772289,0.0022501280000142287,ProximalPhalanxTW,29
2,2,0.05,hydra,tshap_zero,0.0,0.0,0.2375,0.18612095251751692,0.2732496597150121,0,1,0.03610449699772289,0.0020748420029121917,ProximalPhalanxTW,29
2,2,0.1,hydra,tshap_zero,0.0,0.0,0.2,0.5343341695645912,0.04967881220762704,1,1,0.03610449699772289,0.0020748420029121917,ProximalPhalanxTW,29
2,2,0.2,hydra,tshap_zero,0.0,0.0,0.225,1.2604530722335416,0.29677362552855135,1,1,0.03610449699772289,0.0020748420029121917,ProximalPhalanxTW,29
2,2,0.05,hydra,tshap_train,0.0,0.0,0.3375,0.18612095251751692,0.4398812346247694,0,1,0.03610449699772289,0.033944201000849716,ProximalPhalanxTW,29
2,2,0.1,hydra,tshap_train,0.0,0.0,0.3875,0.5343341695645912,0.42546703564909033,1,1,0.03610449699772289,0.033944201000849716,ProximalPhalanxTW,29
2,2,0.2,hydra,tshap_train,0.0,0.0,0.3375,1.2604530722335416,1.0582827889446782,1,1,0.03610449699772289,0.033944201000849716,ProximalPhalanxTW,29
2,2,0.05,hydra,mrsqm,0.0,0.0,0.5625,0.18612095251751692,0.28424549704598945,0,0,0.03610449699772289,2.4085999029921368e-05,ProximalPhalanxTW,29
2,2,0.1,hydra,mrsqm,0.0,0.0,0.5,0.5343341695645912,0.3238502672210441,1,0,0.03610449699772289,2.4085999029921368e-05,ProximalPhalanxTW,29
2,2,0.2,hydra,mrsqm,0.0,0.0,0.45,1.2604530722335416,1.11722575346072,1,1,0.03610449699772289,2.4085999029921368e-05,ProximalPhalanxTW,29
2,2,0.05,shapley_sampling,feature_ablation,0.0,0.0,0.4,0.39614452146701173,0.9511761161085451,1,1,0.6332761400008167,0.027767734001827193,ProximalPhalanxTW,29
2,2,0.1,shapley_sampling,feature_ablation,0.0,0.0,0.2,1.1450268050940535,1.1503008281922684,1,1,0.6332761400008167,0.027767734001827193,ProximalPhalanxTW,29
2,2,0.2,shapley_sampling,feature_ablation,0.14285714285714285,0.25,0.15,1.2662048537176958,1.1453430855997826,1,1,0.6332761400008167,0.027767734001827193,ProximalPhalanxTW,29
2,2,0.05,shapley_sampling,tshap_centroid,0.0,0.0,0.05,0.39614452146701173,0.439881268694318,1,1,0.6332761400008167,0.0022501280000142287,ProximalPhalanxTW,29
2,2,0.1,shapley_sampling,tshap_centroid,0.0,0.0,0.225,1.1450268050940535,0.6102756579975508,1,1,0.6332761400008167,0.0022501280000142287,ProximalPhalanxTW,29
2,2,0.2,shapley_sampling,tshap_centroid,0.8823529411764706,0.9375,0.0125,1.2662048537176958,1.490155135904262,1,1,0.6332761400008167,0.0022501280000142287,ProximalPhalanxTW,29
2,2,0.05,shapley_sampling,tshap_zero,0.0,0.0,0.525,0.39614452146701173,0.2732496597150121,1,1,0.6332761400008167,0.0020748420029121917,ProximalPhalanxTW,29
2,2,0.1,shapley_sampling,tshap_zero,0.0,0.0,0.35,1.1450268050940535,0.04967881220762704,1,1,0.6332761400008167,0.0020748420029121917,ProximalPhalanxTW,29
2,2,0.2,shapley_sampling,tshap_zero,0.0,0.0,0.275,1.2662048537176958,0.29677362552855135,1,1,0.6332761400008167,0.0020748420029121917,ProximalPhalanxTW,29
2,2,0.05,shapley_sampling,tshap_train,0.0,0.0,0.05,0.39614452146701173,0.4398812346247694,1,1,0.6332761400008167,0.033944201000849716,ProximalPhalanxTW,29
2,2,0.1,shapley_sampling,tshap_train,0.0,0.0,0.2375,1.1450268050940535,0.42546703564909033,1,1,0.6332761400008167,0.033944201000849716,ProximalPhalanxTW,29
2,2,0.2,shapley_sampling,tshap_train,0.0,0.0,0.2875,1.2662048537176958,1.0582827889446782,1,1,0.6332761400008167,0.033944201000849716,ProximalPhalanxTW,29
2,2,0.05,shapley_sampling,mrsqm,0.0,0.0,0.85,0.39614452146701173,0.28424549704598945,1,0,0.6332761400008167,2.4085999029921368e-05,ProximalPhalanxTW,29
2,2,0.1,shapley_sampling,mrsqm,0.0,0.0,0.65,1.1450268050940535,0.3238502672210441,1,0,0.6332761400008167,2.4085999029921368e-05,ProximalPhalanxTW,29
2,2,0.2,shapley_sampling,mrsqm,0.0,0.0,0.5,1.2662048537176958,1.11722575346072,1,1,0.6332761400008167,2.4085999029921368e-05,ProximalPhalanxTW,29
2,2,0.05,feature_ablation,tshap_centroid,0.0,0.0,0.45,0.9511761161085451,0.439881268694318,1,1,0.027767734001827193,0.0022501280000142287,ProximalPhalanxTW,29
2,2,0.1,feature_ablation,tshap_centroid,0.0,0.0,0.425,1.1503008281922684,0.6102756579975508,1,1,0.027767734001827193,0.0022501280000142287,ProximalPhalanxTW,29
2,2,0.2,feature_ablation,tshap_centroid,0.10344827586206896,0.1875,0.1625,1.1453430855997826,1.490155135904262,1,1,0.027767734001827193,0.0022501280000142287,ProximalPhalanxTW,29
2,2,0.05,feature_ablation,tshap_zero,0.0,0.0,0.125,0.9511761161085451,0.2732496597150121,1,1,0.027767734001827193,0.0020748420029121917,ProximalPhalanxTW,29
2,2,0.1,feature_ablation,tshap_zero,0.0,0.0,0.15,1.1503008281922684,0.04967881220762704,1,1,0.027767734001827193,0.0020748420029121917,ProximalPhalanxTW,29
2,2,0.2,feature_ablation,tshap_zero,0.23076923076923078,0.375,0.125,1.1453430855997826,0.29677362552855135,1,1,0.027767734001827193,0.0020748420029121917,ProximalPhalanxTW,29
2,2,0.05,feature_ablation,tshap_train,0.0,0.0,0.45,0.9511761161085451,0.4398812346247694,1,1,0.027767734001827193,0.033944201000849716,ProximalPhalanxTW,29
2,2,0.1,feature_ablation,tshap_train,0.0,0.0,0.4375,1.1503008281922684,0.42546703564909033,1,1,0.027767734001827193,0.033944201000849716,ProximalPhalanxTW,29
2,2,0.2,feature_ablation,tshap_train,0.0,0.0,0.4375,1.1453430855997826,1.0582827889446782,1,1,0.027767734001827193,0.033944201000849716,ProximalPhalanxTW,29
2,2,0.05,feature_ablation,mrsqm,0.0,0.0,0.45,0.9511761161085451,0.28424549704598945,1,0,0.027767734001827193,2.4085999029921368e-05,ProximalPhalanxTW,29
2,2,0.1,feature_ablation,mrsqm,0.0,0.0,0.45,1.1503008281922684,0.3238502672210441,1,0,0.027767734001827193,2.4085999029921368e-05,ProximalPhalanxTW,29
2,2,0.2,feature_ablation,mrsqm,0.0,0.0,0.35,1.1453430855997826,1.11722575346072,1,1,0.027767734001827193,2.4085999029921368e-05,ProximalPhalanxTW,29
2,2,0.05,tshap_centroid,tshap_zero,0.0,0.0,0.575,0.439881268694318,0.2732496597150121,1,1,0.0022501280000142287,0.0020748420029121917,ProximalPhalanxTW,29
2,2,0.1,tshap_centroid,tshap_zero,0.0,0.0,0.575,0.6102756579975508,0.04967881220762704,1,1,0.0022501280000142287,0.0020748420029121917,ProximalPhalanxTW,29
2,2,0.2,tshap_centroid,tshap_zero,0.0,0.0,0.2875,1.490155135904262,0.29677362552855135,1,1,0.0022501280000142287,0.0020748420029121917,ProximalPhalanxTW,29
2,2,0.05,tshap_centroid,tshap_train,1.0,1.0,0.0,0.439881268694318,0.4398812346247694,1,1,0.0022501280000142287,0.033944201000849716,ProximalPhalanxTW,29
2,2,0.1,tshap_centroid,tshap_train,0.7777777777777778,0.875,0.0125,0.6102756579975508,0.42546703564909033,1,1,0.0022501280000142287,0.033944201000849716,ProximalPhalanxTW,29
2,2,0.2,tshap_centroid,tshap_train,0.0,0.0,0.275,1.490155135904262,1.0582827889446782,1,1,0.0022501280000142287,0.033944201000849716,ProximalPhalanxTW,29
2,2,0.05,tshap_centroid,mrsqm,0.0,0.0,0.9,0.439881268694318,0.28424549704598945,1,0,0.0022501280000142287,2.4085999029921368e-05,ProximalPhalanxTW,29
2,2,0.1,tshap_centroid,mrsqm,0.0,0.0,0.875,0.6102756579975508,0.3238502672210441,1,0,0.0022501280000142287,2.4085999029921368e-05,ProximalPhalanxTW,29
2,2,0.2,tshap_centroid,mrsqm,0.0,0.0,0.5125,1.490155135904262,1.11722575346072,1,1,0.0022501280000142287,2.4085999029921368e-05,ProximalPhalanxTW,29
2,2,0.05,tshap_zero,tshap_train,0.0,0.0,0.575,0.2732496597150121,0.4398812346247694,1,1,0.0020748420029121917,0.033944201000849716,ProximalPhalanxTW,29
2,2,0.1,tshap_zero,tshap_train,0.0,0.0,0.5875,0.04967881220762704,0.42546703564909033,1,1,0.0020748420029121917,0.033944201000849716,ProximalPhalanxTW,29
2,2,0.2,tshap_zero,tshap_train,0.0,0.0,0.5625,0.29677362552855135,1.0582827889446782,1,1,0.0020748420029121917,0.033944201000849716,ProximalPhalanxTW,29
2,2,0.05,tshap_zero,mrsqm,0.0,0.0,0.325,0.2732496597150121,0.28424549704598945,1,0,0.0020748420029121917,2.4085999029921368e-05,ProximalPhalanxTW,29
2,2,0.1,tshap_zero,mrsqm,0.0,0.0,0.3,0.04967881220762704,0.3238502672210441,1,0,0.0020748420029121917,2.4085999029921368e-05,ProximalPhalanxTW,29
2,2,0.2,tshap_zero,mrsqm,0.0,0.0,0.225,0.29677362552855135,1.11722575346072,1,1,0.0020748420029121917,2.4085999029921368e-05,ProximalPhalanxTW,29
2,2,0.05,tshap_train,mrsqm,0.0,0.0,0.9,0.4398812346247694,0.28424549704598945,1,0,0.033944201000849716,2.4085999029921368e-05,ProximalPhalanxTW,29
2,2,0.1,tshap_train,mrsqm,0.0,0.0,0.8875,0.42546703564909033,0.3238502672210441,1,0,0.033944201000849716,2.4085999029921368e-05,ProximalPhalanxTW,29
2,2,0.2,tshap_train,mrsqm,0.0,0.0,0.7875,1.0582827889446782,1.11722575346072,1,1,0.033944201000849716,2.4085999029921368e-05,ProximalPhalanxTW,29
1,1,0.05,hydra,shapley_sampling,0.0,0.0,0.2,0.8696012068113999,1.4653734216239152,1,1,0.035952876998635475,0.6319360100023914,ProximalPhalanxTW,19
1,1,0.1,hydra,shapley_sampling,0.0,0.0,0.1625,0.9924972572684181,1.8278297913892807,1,1,0.035952876998635475,0.6319360100023914,ProximalPhalanxTW,19
1,1,0.2,hydra,shapley_sampling,0.45454545454545453,0.625,0.075,0.9175016414006196,1.0165425514356887,1,1,0.035952876998635475,0.6319360100023914,ProximalPhalanxTW,19
1,1,0.05,hydra,feature_ablation,0.0,0.0,0.15,0.8696012068113999,0.9036755561571628,1,1,0.035952876998635475,0.02747829099826049,ProximalPhalanxTW,19
1,1,0.1,hydra,feature_ablation,0.0,0.0,0.1125,0.9924972572684181,0.9494796333963254,1,1,0.035952876998635475,0.02747829099826049,ProximalPhalanxTW,19
1,1,0.2,hydra,feature_ablation,0.23076923076923078,0.375,0.125,0.9175016414006196,1.3109917020239066,1,1,0.035952876998635475,0.02747829099826049,ProximalPhalanxTW,19
1,1,0.05,hydra,tshap_centroid,0.0,0.0,0.55,0.8696012068113999,0.036555903775528975,1,0,0.035952876998635475,0.002259806002257392,ProximalPhalanxTW,19
1,1,0.1,hydra,tshap_centroid,0.0,0.0,0.55,0.9924972572684181,0.3123202793056864,1,0,0.035952876998635475,0.002259806002257392,ProximalPhalanxTW,19
1,1,0.2,hydra,tshap_centroid,0.0,0.0,0.475,0.9175016414006196,-0.39958410525257343,1,0,0.035952876998635475,0.002259806002257392,ProximalPhalanxTW,19
1,1,0.05,hydra,tshap_zero,0.0,0.0,0.1875,0.8696012068113999,1.2141816333427242,1,1,0.035952876998635475,0.002090203000989277,ProximalPhalanxTW,19
1,1,0.1,hydra,tshap_zero,0.0,0.0,0.1875,0.9924972572684181,1.7016870664043668,1,1,0.035952876998635475,0.002090203000989277,ProximalPhalanxTW,19
1,1,0.2,hydra,tshap_zero,0.0,0.0,0.2125,0.9175016414006196,2.310681916372621,1,1,0.035952876998635475,0.002090203000989277,ProximalPhalanxTW,19
1,1,0.05,hydra,tshap_train,1.0,1.0,0.0,0.8696012068113999,0.8696012110353926,1,1,0.035952876998635475,0.031641782999940915,ProximalPhalanxTW,19
1,1,0.1,hydra,tshap_train,0.6,0.75,0.025,0.9924972572684181,0.8645478156421107,1,1,0.035952876998635475,0.031641782999940915,ProximalPhalanxTW,19
1,1,0.2,hydra,tshap_train,0.391304347826087,0.5625,0.0875,0.9175016414006196,0.9996055974039448,1,1,0.035952876998635475,0.031641782999940915,ProximalPhalanxTW,19
1,1,0.05,hydra,mrsqm,0.0,0.0,0.6,0.8696012068113999,0.03433647411156371,1,0,0.035952876998635475,2.592899909359403e-05,ProximalPhalanxTW,19
1,1,0.1,hydra,mrsqm,0.0,0.0,0.5625,0.9924972572684181,-0.1271265673672421,1,0,0.035952876998635475,2.592899909359403e-05,ProximalPhalanxTW,19
1,1,0.2,hydra,mrsqm,0.0,0.0,0.475,0.9175016414006196,-0.39958411905403096,1,0,0.035952876998635475,2.592899909359403e-05,ProximalPhalanxTW,19
1,1,0.05,shapley_sampling,feature_ablation,0.0,0.0,0.05,1.4653734216239152,0.9036755561571628,1,1,0.6319360100023914,0.02747829099826049,ProximalPhalanxTW,19
1,1,0.1,shapley_sampling,feature_ablation,0.3333333333333333,0.5,0.05,1.8278297913892807,0.9494796333963254,1,1,0.6319360100023914,0.02747829099826049,ProximalPhalanxTW,19
1,1,0.2,shapley_sampling,feature_ablation,0.6,0.75,0.05,1.0165425514356887,1.3109917020239066,1,1,0.6319360100023914,0.02747829099826049,ProximalPhalanxTW,19
1,1,0.05,shapley_sampling,tshap_centroid,0.0,0.0,0.35,1.4653734216239152,0.036555903775528975,1,0,0.6319360100023914,0.002259806002257392,ProximalPhalanxTW,19
1,1,0.1,shapley_sampling,tshap_centroid,0.0,0.0,0.3875,1.8278297913892807,0.3123202793056864,1,0,0.6319360100023914,0.002259806002257392,ProximalPhalanxTW,19
1,1,0.2,shapley_sampling,tshap_centroid,0.0,0.0,0.4,1.0165425514356887,-0.39958410525257343,1,0,0.6319360100023914,0.002259806002257392,ProximalPhalanxTW,19
1,1,0.05,shapley_sampling,tshap_zero,0.0,0.0,0.3875,1.4653734216239152,1.2141816333427242,1,1,0.6319360100023914,0.002090203000989277,ProximalPhalanxTW,19
1,1,0.1,shapley_sampling,tshap_zero,0.0,0.0,0.35,1.8278297913892807,1.7016870664043668,1,1,0.6319360100023914,0.002090203000989277,ProximalPhalanxTW,19
1,1,0.2,shapley_sampling,tshap_zero,0.0,0.0,0.2875,1.0165425514356887,2.310681916372621,1,1,0.6319360100023914,0.002090203000989277,ProximalPhalanxTW,19
1,1,0.05,shapley_sampling,tshap_train,0.0,0.0,0.2,1.4653734216239152,0.8696012110353926,1,1,0.6319360100023914,0.031641782999940915,ProximalPhalanxTW,19
1,1,0.1,shapley_sampling,tshap_train,0.0,0.0,0.1875,1.8278297913892807,0.8645478156421107,1,1,0.6319360100023914,0.031641782999940915,ProximalPhalanxTW,19
1,1,0.2,shapley_sampling,tshap_train,0.10344827586206896,0.1875,0.1625,1.0165425514356887,0.9996055974039448,1,1,0.6319360100023914,0.031641782999940915,ProximalPhalanxTW,19
1,1,0.05,shapley_sampling,mrsqm,0.0,0.0,0.4,1.4653734216239152,0.03433647411156371,1,0,0.6319360100023914,2.592899909359403e-05,ProximalPhalanxTW,19
1,1,0.1,shapley_sampling,mrsqm,0.0,0.0,0.4,1.8278297913892807,-0.1271265673672421,1,0,0.6319360100023914,2.592899909359403e-05,ProximalPhalanxTW,19
1,1,0.2,shapley_sampling,mrsqm,0.0,0.0,0.4,1.0165425514356887,-0.39958411905403096,1,0,0.6319360100023914,2.592899909359403e-05,ProximalPhalanxTW,19
1,1,0.05,feature_ablation,tshap_centroid,0.0,0.0,0.4,0.9036755561571628,0.036555903775528975,1,0,0.02747829099826049,0.002259806002257392,ProximalPhalanxTW,19
1,1,0.1,feature_ablation,tshap_centroid,0.0,0.0,0.4375,0.9494796333963254,0.3123202793056864,1,0,0.02747829099826049,0.002259806002257392,ProximalPhalanxTW,19
1,1,0.2,feature_ablation,tshap_centroid,0.0,0.0,0.35,1.3109917020239066,-0.39958410525257343,1,0,0.02747829099826049,0.002259806002257392,ProximalPhalanxTW,19
1,1,0.05,feature_ablation,tshap_zero,0.0,0.0,0.3375,0.9036755561571628,1.2141816333427242,1,1,0.02747829099826049,0.002090203000989277,ProximalPhalanxTW,19
1,1,0.1,feature_ablation,tshap_zero,0.0,0.0,0.3,0.9494796333963254,1.7016870664043668,1,1,0.02747829099826049,0.002090203000989277,ProximalPhalanxTW,19
1,1,0.2,feature_ablation,tshap_zero,0.0,0.0,0.3375,1.3109917020239066,2.310681916372621,1,1,0.02747829099826049,0.002090203000989277,ProximalPhalanxTW,19
1,1,0.05,feature_ablation,tshap_train,0.0,0.0,0.15,0.9036755561571628,0.8696012110353926,1,1,0.02747829099826049,0.031641782999940915,ProximalPhalanxTW,19
1,1,0.1,feature_ablation,tshap_train,0.0,0.0,0.1375,0.9494796333963254,0.8645478156421107,1,1,0.02747829099826049,0.031641782999940915,ProximalPhalanxTW,19
1,1,0.2,feature_ablation,tshap_train,0.0,0.0,0.2125,1.3109917020239066,0.9996055974039448,1,1,0.02747829099826049,0.031641782999940915,ProximalPhalanxTW,19
1,1,0.05,feature_ablation,mrsqm,0.0,0.0,0.45,0.9036755561571628,0.03433647411156371,1,0,0.02747829099826049,2.592899909359403e-05,ProximalPhalanxTW,19
1,1,0.1,feature_ablation,mrsqm,0.0,0.0,0.45,0.9494796333963254,-0.1271265673672421,1,0,0.02747829099826049,2.592899909359403e-05,ProximalPhalanxTW,19
1,1,0.2,feature_ablation,mrsqm,0.0,0.0,0.35,1.3109917020239066,-0.39958411905403096,1,0,0.02747829099826049,2.592899909359403e-05,ProximalPhalanxTW,19
1,1,0.05,tshap_centroid,tshap_zero,0.0,0.0,0.7375,0.036555903775528975,1.2141816333427242,0,1,0.002259806002257392,0.002090203000989277,ProximalPhalanxTW,19
1,1,0.1,tshap_centroid,tshap_zero,0.0,0.0,0.7375,0.3123202793056864,1.7016870664043668,0,1,0.002259806002257392,0.002090203000989277,ProximalPhalanxTW,19
1,1,0.2,tshap_centroid,tshap_zero,0.0,0.0,0.6875,-0.39958410525257343,2.310681916372621,0,1,0.002259806002257392,0.002090203000989277,ProximalPhalanxTW,19
1,1,0.05,tshap_centroid,tshap_train,0.0,0.0,0.55,0.036555903775528975,0.8696012110353926,0,1,0.002259806002257392,0.031641782999940915,ProximalPhalanxTW,19
1,1,0.1,tshap_centroid,tshap_train,0.0,0.0,0.575,0.3123202793056864,0.8645478156421107,0,1,0.002259806002257392,0.031641782999940915,ProximalPhalanxTW,19
1,1,0.2,tshap_centroid,tshap_train,0.0,0.0,0.5625,-0.39958410525257343,0.9996055974039448,0,1,0.002259806002257392,0.031641782999940915,ProximalPhalanxTW,19
1,1,0.05,tshap_centroid,mrsqm,0.0,0.0,0.05,0.036555903775528975,0.03433647411156371,0,0,0.002259806002257392,2.592899909359403e-05,ProximalPhalanxTW,19
1,1,0.1,tshap_centroid,mrsqm,0.7777777777777778,0.875,0.0125,0.3123202793056864,-0.1271265673672421,0,0,0.002259806002257392,2.592899909359403e-05,ProximalPhalanxTW,19
1,1,0.2,tshap_centroid,mrsqm,1.0,1.0,0.0,-0.39958410525257343,-0.39958411905403096,0,0,0.002259806002257392,2.592899909359403e-05,ProximalPhalanxTW,19
1,1,0.05,tshap_zero,tshap_train,0.0,0.0,0.1875,1.2141816333427242,0.8696012110353926,1,1,0.002090203000989277,0.031641782999940915,ProximalPhalanxTW,19
1,1,0.1,tshap_zero,tshap_train,0.0,0.0,0.1625,1.7016870664043668,0.8645478156421107,1,1,0.002090203000989277,0.031641782999940915,ProximalPhalanxTW,19
1,1,0.2,tshap_zero,tshap_train,0.23076923076923078,0.375,0.125,2.310681916372621,0.9996055974039448,1,1,0.002090203000989277,0.031641782999940915,ProximalPhalanxTW,19
1,1,0.05,tshap_zero,mrsqm,0.0,0.0,0.7875,1.2141816333427242,0.03433647411156371,1,0,0.002090203000989277,2.592899909359403e-05,ProximalPhalanxTW,19
1,1,0.1,tshap_zero,mrsqm,0.0,0.0,0.75,1.7016870664043668,-0.1271265673672421,1,0,0.002090203000989277,2.592899909359403e-05,ProximalPhalanxTW,19
1,1,0.2,tshap_zero,mrsqm,0.0,0.0,0.6875,2.310681916372621,-0.39958411905403096,1,0,0.002090203000989277,2.592899909359403e-05,ProximalPhalanxTW,19
1,1,0.05,tshap_train,mrsqm,0.0,0.0,0.6,0.8696012110353926,0.03433647411156371,1,0,0.031641782999940915,2.592899909359403e-05,ProximalPhalanxTW,19
1,1,0.1,tshap_train,mrsqm,0.0,0.0,0.5875,0.8645478156421107,-0.1271265673672421,1,0,0.031641782999940915,2.592899909359403e-05,ProximalPhalanxTW,19
1,1,0.2,tshap_train,mrsqm,0.0,0.0,0.5625,0.9996055974039448,-0.39958411905403096,1,0,0.031641782999940915,2.592899909359403e-05,ProximalPhalanxTW,19
5,5,0.05,hydra,shapley_sampling,0.0,0.0,0.7,-0.03972226088819886,0.770261432838732,0,0,0.036129014002654,0.627847240997653,ProximalPhalanxTW,121
5,5,0.1,hydra,shapley_sampling,0.0,0.0,0.1125,-0.31851841118871593,-0.027056718674494995,0,0,0.036129014002654,0.627847240997653,ProximalPhalanxTW,121
5,5,0.2,hydra,shapley_sampling,0.45454545454545453,0.625,0.075,-0.8724653904489931,-0.5590126074476106,0,0,0.036129014002654,0.627847240997653,ProximalPhalanxTW,121
5,5,0.05,hydra,feature_ablation,0.0,0.0,0.05,-0.03972226088819886,-0.045487256515579055,0,0,0.036129014002654,0.027496505997987697,ProximalPhalanxTW,121
5,5,0.1,hydra,feature_ablation,0.23076923076923078,0.375,0.0625,-0.31851841118871593,-0.30600493465167966,0,0,0.036129014002654,0.027496505997987697,ProximalPhalanxTW,121
5,5,0.2,hydra,feature_ablation,0.7777777777777778,0.875,0.025,-0.8724653904489931,-0.8016433544576792,0,0,0.036129014002654,0.027496505997987697,ProximalPhalanxTW,121
5,5,0.05,hydra,tshap_centroid,0.0,0.0,0.6625,-0.03972226088819886,0.8969799626536537,0,0,0.036129014002654,0.002213938001659699,ProximalPhalanxTW,121
5,5,0.1,hydra,tshap_centroid,0.0,0.0,0.3125,-0.31851841118871593,0.9265330872606465,0,1,0.036129014002654,0.002213938001659699,ProximalPhalanxTW,121
5,5,0.2,hydra,tshap_centroid,0.0,0.0,0.3125,-0.8724653904489931,1.1031850159266092,0,1,0.036129014002654,0.002213938001659699,ProximalPhalanxTW,121
5,5,0.05,hydra,tshap_zero,0.0,0.0,0.5875,-0.03972226088819886,1.095374944278253,0,1,0.036129014002654,0.0020610969986591954,ProximalPhalanxTW,121
5,5,0.1,hydra,tshap_zero,0.0,0.0,0.25,-0.31851841118871593,1.240978788724918,0,1,0.036129014002654,0.0020610969986591954,ProximalPhalanxTW,121
5,5,0.2,hydra,tshap_zero,0.0,0.0,0.2875,-0.8724653904489931,1.057712583014346,0,1,0.036129014002654,0.0020610969986591954,ProximalPhalanxTW,121
5,5,0.05,hydra,tshap_train,0.0,0.0,0.6625,-0.03972226088819886,0.896979960284469,0,0,0.036129014002654,0.031821417000173824,ProximalPhalanxTW,121
5,5,0.1,hydra,tshap_train,0.0,0.0,0.3,-0.31851841118871593,1.0306687637623029,0,1,0.036129014002654,0.031821417000173824,ProximalPhalanxTW,121
5,5,0.2,hydra,tshap_train,0.0,0.0,0.3125,-0.8724653904489931,1.1031850376965224,0,1,0.036129014002654,0.031821417000173824,ProximalPhalanxTW,121
5,5,0.05,hydra,mrsqm,0.0,0.0,0.2,-0.03972226088819886,-0.008886491396525864,0,0,0.036129014002654,2.6741003239294514e-05,ProximalPhalanxTW,121
5,5,0.1,hydra,mrsqm,0.0,0.0,0.5125,-0.31851841118871593,0.06939314290367737,0,0,0.036129014002654,2.6741003239294514e-05,ProximalPhalanxTW,121
5,5,0.2,hydra,mrsqm,0.0,0.0,0.425,-0.8724653904489931,-0.20302947583834696,0,0,0.036129014002654,2.6741003239294514e-05,ProximalPhalanxTW,121
5,5,0.05,shapley_sampling,feature_ablation,0.0,0.0,0.75,0.770261432838732,-0.045487256515579055,0,0,0.627847240997653,0.027496505997987697,ProximalPhalanxTW,121
5,5,0.1,shapley_sampling,feature_ablation,0.3333333333333333,0.5,0.05,-0.027056718674494995,-0.30600493465167966,0,0,0.627847240997653,0.027496505997987697,ProximalPhalanxTW,121
5,5,0.2,shapley_sampling,feature_ablation,0.6,0.75,0.05,-0.5590126074476106,-0.8016433544576792,0,0,0.627847240997653,0.027496505997987697,ProximalPhalanxTW,121
5,5,0.05,shapley_sampling,tshap_centroid,0.14285714285714285,0.25,0.0375,0.770261432838732,0.8969799626536537,0,0,0.627847240997653,0.002213938001659699,ProximalPhalanxTW,121
5,5,0.1,shapley_sampling,tshap_centroid,0.0,0.0,0.425,-0.027056718674494995,0.9265330872606465,0,1,0.627847240997653,0.002213938001659699,ProximalPhalanxTW,121
5,5,0.2,shapley_sampling,tshap_centroid,0.0,0.0,0.3875,-0.5590126074476106,1.1031850159266092,0,1,0.627847240997653,0.002213938001659699,ProximalPhalanxTW,121
5,5,0.05,shapley_sampling,tshap_zero,0.0,0.0,0.1125,0.770261432838732,1.095374944278253,0,1,0.627847240997653,0.0020610969986591954,ProximalPhalanxTW,121
5,5,0.1,shapley_sampling,tshap_zero,0.0,0.0,0.3625,-0.027056718674494995,1.240978788724918,0,1,0.627847240997653,0.0020610969986591954,ProximalPhalanxTW,121
5,5,0.2,shapley_sampling,tshap_zero,0.0,0.0,0.3625,-0.5590126074476106,1.057712583014346,0,1,0.627847240997653,0.0020610969986591954,ProximalPhalanxTW,121
5,5,0.05,shapley_sampling,tshap_train,0.14285714285714285,0.25,0.0375,0.770261432838732,0.896979960284469,0,0,0.627847240997653,0.031821417000173824,ProximalPhalanxTW,121
5,5,0.1,shapley_sampling,tshap_train,0.0,0.0,0.4125,-0.027056718674494995,1.0306687637623029,0,1,0.627847240997653,0.031821417000173824,ProximalPhalanxTW,121
5,5,0.2,shapley_sampling,tshap_train,0.0,0.0,0.3875,-0.5590126074476106,1.1031850376965224,0,1,0.627847240997653,0.031821417000173824,ProximalPhalanxTW,121
5,5,0.05,shapley_sampling,mrsqm,0.0,0.0,0.9,0.770261432838732,-0.008886491396525864,0,0,0.627847240997653,2.6741003239294514e-05,ProximalPhalanxTW,121
5,5,0.1,shapley_sampling,mrsqm,0.0,0.0,0.4,-0.027056718674494995,0.06939314290367737,0,0,0.627847240997653,2.6741003239294514e-05,ProximalPhalanxTW,121
5,5,0.2,shapley_sampling,mrsqm,0.0,0.0,0.35,-0.5590126074476106,-0.20302947583834696,0,0,0.627847240997653,2.6741003239294514e-05,ProximalPhalanxTW,121
5,5,0.05,feature_ablation,tshap_centroid,0.0,0.0,0.7125,-0.045487256515579055,0.8969799626536537,0,0,0.027496505997987697,0.002213938001659699,ProximalPhalanxTW,121
5,5,0.1,feature_ablation,tshap_centroid,0.0,0.0,0.375,-0.30600493465167966,0.9265330872606465,0,1,0.027496505997987697,0.002213938001659699,ProximalPhalanxTW,121
5,5,0.2,feature_ablation,tshap_centroid,0.0,0.0,0.3375,-0.8016433544576792,1.1031850159266092,0,1,0.027496505997987697,0.002213938001659699,ProximalPhalanxTW,121
5,5,0.05,feature_ablation,tshap_zero,0.0,0.0,0.6375,-0.045487256515579055,1.095374944278253,0,1,0.027496505997987697,0.0020610969986591954,ProximalPhalanxTW,121
5,5,0.1,feature_ablation,tshap_zero,0.0,0.0,0.3125,-0.30600493465167966,1.240978788724918,0,1,0.027496505997987697,0.0020610969986591954,ProximalPhalanxTW,121
5,5,0.2,feature_ablation,tshap_zero,0.0,0.0,0.3125,-0.8016433544576792,1.057712583014346,0,1,0.027496505997987697,0.0020610969986591954,ProximalPhalanxTW,121
5,5,0.05,feature_ablation,tshap_train,0.0,0.0,0.7125,-0.045487256515579055,0.896979960284469,0,0,0.027496505997987697,0.031821417000173824,ProximalPhalanxTW,121
5,5,0.1,feature_ablation,tshap_train,0.0,0.0,0.3625,-0.30600493465167966,1.0306687637623029,0,1,0.027496505997987697,0.031821417000173824,ProximalPhalanxTW,121
5,5,0.2,feature_ablation,tshap_train,0.0,0.0,0.3375,-0.8016433544576792,1.1031850376965224,0,1,0.027496505997987697,0.031821417000173824,ProximalPhalanxTW,121
5,5,0.05,feature_ablation,mrsqm,0.0,0.0,0.15,-0.045487256515579055,-0.008886491396525864,0,0,0.027496505997987697,2.6741003239294514e-05,ProximalPhalanxTW,121
5,5,0.1,feature_ablation,mrsqm,0.0,0.0,0.45,-0.30600493465167966,0.06939314290367737,0,0,0.027496505997987697,2.6741003239294514e-05,ProximalPhalanxTW,121
5,5,0.2,feature_ablation,mrsqm,0.0,0.0,0.4,-0.8016433544576792,-0.20302947583834696,0,0,0.027496505997987697,2.6741003239294514e-05,ProximalPhalanxTW,121
5,5,0.05,tshap_centroid,tshap_zero,0.0,0.0,0.075,0.8969799626536537,1.095374944278253,0,1,0.002213938001659699,0.0020610969986591954,ProximalPhalanxTW,121
5,5,0.1,tshap_centroid,tshap_zero,0.23076923076923078,0.375,0.0625,0.9265330872606465,1.240978788724918,1,1,0.002213938001659699,0.0020610969986591954,ProximalPhalanxTW,121
5,5,0.2,tshap_centroid,tshap_zero,0.7777777777777778,0.875,0.025,1.1031850159266092,1.057712583014346,1,1,0.002213938001659699,0.0020610969986591954,ProximalPhalanxTW,121
5,5,0.05,tshap_centroid,tshap_train,1.0,1.0,0.0,0.8969799626536537,0.896979960284469,0,0,0.002213938001659699,0.031821417000173824,ProximalPhalanxTW,121
5,5,0.1,tshap_centroid,tshap_train,0.7777777777777778,0.875,0.0125,0.9265330872606465,1.0306687637623029,1,1,0.002213938001659699,0.031821417000173824,ProximalPhalanxTW,121
5,5,0.2,tshap_centroid,tshap_train,1.0,1.0,0.0,1.1031850159266092,1.1031850376965224,1,1,0.002213938001659699,0.031821417000173824,ProximalPhalanxTW,121
5,5,0.05,tshap_centroid,mrsqm,0.0,0.0,0.8625,0.8969799626536537,-0.008886491396525864,0,0,0.002213938001659699,2.6741003239294514e-05,ProximalPhalanxTW,121
5,5,0.1,tshap_centroid,mrsqm,0.0,0.0,0.825,0.9265330872606465,0.06939314290367737,1,0,0.002213938001659699,2.6741003239294514e-05,ProximalPhalanxTW,121
5,5,0.2,tshap_centroid,mrsqm,0.0,0.0,0.7375,1.1031850159266092,-0.20302947583834696,1,0,0.002213938001659699,2.6741003239294514e-05,ProximalPhalanxTW,121
5,5,0.05,tshap_zero,tshap_train,0.0,0.0,0.075,1.095374944278253,0.896979960284469,1,0,0.0020610969986591954,0.031821417000173824,ProximalPhalanxTW,121
5,5,0.1,tshap_zero,tshap_train,0.3333333333333333,0.5,0.05,1.240978788724918,1.0306687637623029,1,1,0.0020610969986591954,0.031821417000173824,ProximalPhalanxTW,121
5,5,0.2,tshap_zero,tshap_train,0.7777777777777778,0.875,0.025,1.057712583014346,1.1031850376965224,1,1,0.0020610969986591954,0.031821417000173824,ProximalPhalanxTW,121
5,5,0.05,tshap_zero,mrsqm,0.0,0.0,0.7875,1.095374944278253,-0.008886491396525864,1,0,0.0020610969986591954,2.6741003239294514e-05,ProximalPhalanxTW,121
5,5,0.1,tshap_zero,mrsqm,0.0,0.0,0.7625,1.240978788724918,0.06939314290367737,1,0,0.0020610969986591954,2.6741003239294514e-05,ProximalPhalanxTW,121
5,5,0.2,tshap_zero,mrsqm,0.0,0.0,0.7125,1.057712583014346,-0.20302947583834696,1,0,0.0020610969986591954,2.6741003239294514e-05,ProximalPhalanxTW,121
5,5,0.05,tshap_train,mrsqm,0.0,0.0,0.8625,0.896979960284469,-0.008886491396525864,0,0,0.031821417000173824,2.6741003239294514e-05,ProximalPhalanxTW,121
5,5,0.1,tshap_train,mrsqm,0.0,0.0,0.8125,1.0306687637623029,0.06939314290367737,1,0,0.031821417000173824,2.6741003239294514e-05,ProximalPhalanxTW,121
5,5,0.2,tshap_train,mrsqm,0.0,0.0,0.7375,1.1031850376965224,-0.20302947583834696,1,0,0.031821417000173824,2.6741003239294514e-05,ProximalPhalanxTW,121
5,5,0.05,hydra,shapley_sampling,1.0,1.0,0.0,-0.18724483694836436,-0.18724481424441275,0,0,0.03807057200174313,0.6284063290004269,ProximalPhalanxTW,105
5,5,0.1,hydra,shapley_sampling,0.0,0.0,0.325,-0.49435219025747335,-0.41010825753840396,0,0,0.03807057200174313,0.6284063290004269,ProximalPhalanxTW,105
5,5,0.2,hydra,shapley_sampling,0.0,0.0,0.2875,-0.9469193030286144,-0.6304125544455667,0,0,0.03807057200174313,0.6284063290004269,ProximalPhalanxTW,105
5,5,0.05,hydra,feature_ablation,0.0,0.0,0.25,-0.18724483694836436,-0.04325495401807333,0,0,0.03807057200174313,0.02725267099958728,ProximalPhalanxTW,105
5,5,0.1,hydra,feature_ablation,0.14285714285714285,0.25,0.075,-0.49435219025747335,-0.339729488954556,0,0,0.03807057200174313,0.02725267099958728,ProximalPhalanxTW,105
5,5,0.2,hydra,feature_ablation,0.6842105263157895,0.8125,0.0375,-0.9469193030286144,-0.8831469919679925,0,0,0.03807057200174313,0.02725267099958728,ProximalPhalanxTW,105
5,5,0.05,hydra,tshap_centroid,0.0,0.0,0.6625,-0.18724483694836436,0.8461857711046002,0,0,0.03807057200174313,0.002350208997086156,ProximalPhalanxTW,105
5,5,0.1,hydra,tshap_centroid,0.0,0.0,0.2875,-0.49435219025747335,0.9293368569024608,0,1,0.03807057200174313,0.002350208997086156,ProximalPhalanxTW,105
5,5,0.2,hydra,tshap_centroid,0.0,0.0,0.3,-0.9469193030286144,1.0503437155090583,0,1,0.03807057200174313,0.002350208997086156,ProximalPhalanxTW,105
5,5,0.05,hydra,tshap_zero,0.0,0.0,0.575,-0.18724483694836436,1.1103691859999936,0,1,0.03807057200174313,0.002102135000313865,ProximalPhalanxTW,105
5,5,0.1,hydra,tshap_zero,0.0,0.0,0.225,-0.49435219025747335,1.1483746057419277,0,1,0.03807057200174313,0.002102135000313865,ProximalPhalanxTW,105
5,5,0.2,hydra,tshap_zero,0.0,0.0,0.275,-0.9469193030286144,1.0465739170978974,0,1,0.03807057200174313,0.002102135000313865,ProximalPhalanxTW,105
5,5,0.05,hydra,tshap_train,0.0,0.0,0.6625,-0.18724483694836436,0.8461857817632934,0,0,0.03807057200174313,0.03163470999788842,ProximalPhalanxTW,105
5,5,0.1,hydra,tshap_train,0.0,0.0,0.2875,-0.49435219025747335,0.9293368551376993,0,1,0.03807057200174313,0.03163470999788842,ProximalPhalanxTW,105
5,5,0.2,hydra,tshap_train,0.0,0.0,0.3,-0.9469193030286144,1.0503437284899961,0,1,0.03807057200174313,0.03163470999788842,ProximalPhalanxTW,105
5,5,0.05,hydra,mrsqm,0.0,0.0,0.2,-0.18724483694836436,-0.0464487374650866,0,0,0.03807057200174313,2.6050001906696707e-05,ProximalPhalanxTW,105
5,5,0.1,hydra,mrsqm,0.0,0.0,0.525,-0.49435219025747335,-0.06153683529999732,0,0,0.03807057200174313,2.6050001906696707e-05,ProximalPhalanxTW,105
5,5,0.2,hydra,mrsqm,0.0,0.0,0.4375,-0.9469193030286144,-0.34093731476285327,0,0,0.03807057200174313,2.6050001906696707e-05,ProximalPhalanxTW,105
5,5,0.05,shapley_sampling,feature_ablation,0.0,0.0,0.25,-0.18724481424441275,-0.04325495401807333,0,0,0.6284063290004269,0.02725267099958728,ProximalPhalanxTW,105
5,5,0.1,shapley_sampling,feature_ablation,0.0,0.0,0.25,-0.41010825753840396,-0.339729488954556,0,0,0.6284063290004269,0.02725267099958728,ProximalPhalanxTW,105
5,5,0.2,shapley_sampling,feature_ablation,0.0,0.0,0.25,-0.6304125544455667,-0.8831469919679925,0,0,0.6284063290004269,0.02725267099958728,ProximalPhalanxTW,105
5,5,0.05,shapley_sampling,tshap_centroid,0.0,0.0,0.6625,-0.18724481424441275,0.8461857711046002,0,0,0.6284063290004269,0.002350208997086156,ProximalPhalanxTW,105
5,5,0.1,shapley_sampling,tshap_centroid,0.0,0.0,0.6125,-0.41010825753840396,0.9293368569024608,0,1,0.6284063290004269,0.002350208997086156,ProximalPhalanxTW,105
5,5,0.2,shapley_sampling,tshap_centroid,0.0,0.0,0.5875,-0.6304125544455667,1.0503437155090583,0,1,0.6284063290004269,0.002350208997086156,ProximalPhalanxTW,105
5,5,0.05,shapley_sampling,tshap_zero,0.0,0.0,0.575,-0.18724481424441275,1.1103691859999936,0,1,0.6284063290004269,0.002102135000313865,ProximalPhalanxTW,105
5,5,0.1,shapley_sampling,tshap_zero,0.0,0.0,0.55,-0.41010825753840396,1.1483746057419277,0,1,0.6284063290004269,0.002102135000313865,ProximalPhalanxTW,105
5,5,0.2,shapley_sampling,tshap_zero,0.0,0.0,0.5625,-0.6304125544455667,1.0465739170978974,0,1,0.6284063290004269,0.002102135000313865,ProximalPhalanxTW,105
5,5,0.05,shapley_sampling,tshap_train,0.0,0.0,0.6625,-0.18724481424441275,0.8461857817632934,0,0,0.6284063290004269,0.03163470999788842,ProximalPhalanxTW,105
5,5,0.1,shapley_sampling,tshap_train,0.0,0.0,0.6125,-0.41010825753840396,0.9293368551376993,0,1,0.6284063290004269,0.03163470999788842,ProximalPhalanxTW,105
5,5,0.2,shapley_sampling,tshap_train,0.0,0.0,0.5875,-0.6304125544455667,1.0503437284899961,0,1,0.6284063290004269,0.03163470999788842,ProximalPhalanxTW,105
5,5,0.05,shapley_sampling,mrsqm,0.0,0.0,0.2,-0.18724481424441275,-0.0464487374650866,0,0,0.6284063290004269,2.6050001906696707e-05,ProximalPhalanxTW,105
5,5,0.1,shapley_sampling,mrsqm,0.0,0.0,0.2,-0.41010825753840396,-0.06153683529999732,0,0,0.6284063290004269,2.6050001906696707e-05,ProximalPhalanxTW,105
5,5,0.2,shapley_sampling,mrsqm,0.14285714285714285,0.25,0.15,-0.6304125544455667,-0.34093731476285327,0,0,0.6284063290004269,2.6050001906696707e-05,ProximalPhalanxTW,105
5,5,0.05,feature_ablation,tshap_centroid,0.0,0.0,0.4125,-0.04325495401807333,0.8461857711046002,0,0,0.02725267099958728,0.002350208997086156,ProximalPhalanxTW,105
5,5,0.1,feature_ablation,tshap_centroid,0.0,0.0,0.3625,-0.339729488954556,0.9293368569024608,0,1,0.02725267099958728,0.002350208997086156,ProximalPhalanxTW,105
5,5,0.2,feature_ablation,tshap_centroid,0.0,0.0,0.3375,-0.8831469919679925,1.0503437155090583,0,1,0.02725267099958728,0.002350208997086156,ProximalPhalanxTW,105
5,5,0.05,feature_ablation,tshap_zero,0.0,0.0,0.325,-0.04325495401807333,1.1103691859999936,0,1,0.02725267099958728,0.002102135000313865,ProximalPhalanxTW,105
5,5,0.1,feature_ablation,tshap_zero,0.0,0.0,0.3,-0.339729488954556,1.1483746057419277,0,1,0.02725267099958728,0.002102135000313865,ProximalPhalanxTW,105
5,5,0.2,feature_ablation,tshap_zero,0.0,0.0,0.3125,-0.8831469919679925,1.0465739170978974,0,1,0.02725267099958728,0.002102135000313865,ProximalPhalanxTW,105
5,5,0.05,feature_ablation,tshap_train,0.0,0.0,0.4125,-0.04325495401807333,0.8461857817632934,0,0,0.02725267099958728,0.03163470999788842,ProximalPhalanxTW,105
5,5,0.1,feature_ablation,tshap_train,0.0,0.0,0.3625,-0.339729488954556,0.9293368551376993,0,1,0.02725267099958728,0.03163470999788842,ProximalPhalanxTW,105
5,5,0.2,feature_ablation,tshap_train,0.0,0.0,0.3375,-0.8831469919679925,1.0503437284899961,0,1,0.02725267099958728,0.03163470999788842,ProximalPhalanxTW,105
5,5,0.05,feature_ablation,mrsqm,0.0,0.0,0.45,-0.04325495401807333,-0.0464487374650866,0,0,0.02725267099958728,2.6050001906696707e-05,ProximalPhalanxTW,105
5,5,0.1,feature_ablation,mrsqm,0.0,0.0,0.45,-0.339729488954556,-0.06153683529999732,0,0,0.02725267099958728,2.6050001906696707e-05,ProximalPhalanxTW,105
5,5,0.2,feature_ablation,mrsqm,0.0,0.0,0.4,-0.8831469919679925,-0.34093731476285327,0,0,0.02725267099958728,2.6050001906696707e-05,ProximalPhalanxTW,105
5,5,0.05,tshap_centroid,tshap_zero,0.0,0.0,0.0875,0.8461857711046002,1.1103691859999936,0,1,0.002350208997086156,0.002102135000313865,ProximalPhalanxTW,105
5,5,0.1,tshap_centroid,tshap_zero,0.23076923076923078,0.375,0.0625,0.9293368569024608,1.1483746057419277,1,1,0.002350208997086156,0.002102135000313865,ProximalPhalanxTW,105
5,5,0.2,tshap_centroid,tshap_zero,0.7777777777777778,0.875,0.025,1.0503437155090583,1.0465739170978974,1,1,0.002350208997086156,0.002102135000313865,ProximalPhalanxTW,105
5,5,0.05,tshap_centroid,tshap_train,1.0,1.0,0.0,0.8461857711046002,0.8461857817632934,0,0,0.002350208997086156,0.03163470999788842,ProximalPhalanxTW,105
5,5,0.1,tshap_centroid,tshap_train,1.0,1.0,0.0,0.9293368569024608,0.9293368551376993,1,1,0.002350208997086156,0.03163470999788842,ProximalPhalanxTW,105
5,5,0.2,tshap_centroid,tshap_train,1.0,1.0,0.0,1.0503437155090583,1.0503437284899961,1,1,0.002350208997086156,0.03163470999788842,ProximalPhalanxTW,105
5,5,0.05,tshap_centroid,mrsqm,0.0,0.0,0.8625,0.8461857711046002,-0.0464487374650866,0,0,0.002350208997086156,2.6050001906696707e-05,ProximalPhalanxTW,105
5,5,0.1,tshap_centroid,mrsqm,0.0,0.0,0.8125,0.9293368569024608,-0.06153683529999732,1,0,0.002350208997086156,2.6050001906696707e-05,ProximalPhalanxTW,105
5,5,0.2,tshap_centroid,mrsqm,0.0,0.0,0.7375,1.0503437155090583,-0.34093731476285327,1,0,0.002350208997086156,2.6050001906696707e-05,ProximalPhalanxTW,105
5,5,0.05,tshap_zero,tshap_train,0.0,0.0,0.0875,1.1103691859999936,0.8461857817632934,1,0,0.002102135000313865,0.03163470999788842,ProximalPhalanxTW,105
5,5,0.1,tshap_zero,tshap_train,0.23076923076923078,0.375,0.0625,1.1483746057419277,0.9293368551376993,1,1,0.002102135000313865,0.03163470999788842,ProximalPhalanxTW,105
5,5,0.2,tshap_zero,tshap_train,0.7777777777777778,0.875,0.025,1.0465739170978974,1.0503437284899961,1,1,0.002102135000313865,0.03163470999788842,ProximalPhalanxTW,105
5,5,0.05,tshap_zero,mrsqm,0.0,0.0,0.775,1.1103691859999936,-0.0464487374650866,1,0,0.002102135000313865,2.6050001906696707e-05,ProximalPhalanxTW,105
5,5,0.1,tshap_zero,mrsqm,0.0,0.0,0.75,1.1483746057419277,-0.06153683529999732,1,0,0.002102135000313865,2.6050001906696707e-05,ProximalPhalanxTW,105
5,5,0.2,tshap_zero,mrsqm,0.0,0.0,0.7125,1.0465739170978974,-0.34093731476285327,1,0,0.002102135000313865,2.6050001906696707e-05,ProximalPhalanxTW,105
5,5,0.05,tshap_train,mrsqm,0.0,0.0,0.8625,0.8461857817632934,-0.0464487374650866,0,0,0.03163470999788842,2.6050001906696707e-05,ProximalPhalanxTW,105
5,5,0.1,tshap_train,mrsqm,0.0,0.0,0.8125,0.9293368551376993,-0.06153683529999732,1,0,0.03163470999788842,2.6050001906696707e-05,ProximalPhalanxTW,105
5,5,0.2,tshap_train,mrsqm,0.0,0.0,0.7375,1.0503437284899961,-0.34093731476285327,1,0,0.03163470999788842,2.6050001906696707e-05,ProximalPhalanxTW,105
1,1,0.05,hydra,shapley_sampling,0.0,0.0,0.4375,0.7151748039392074,0.6607928726912602,1,1,0.035993605000840034,0.6276243749998685,ProximalPhalanxTW,183
1,1,0.1,hydra,shapley_sampling,0.0,0.0,0.2125,0.8520385395798662,1.104088114589849,1,1,0.035993605000840034,0.6276243749998685,ProximalPhalanxTW,183
1,1,0.2,hydra,shapley_sampling,0.18518518518518517,0.3125,0.1375,0.1926360908324214,0.5379598944336568,1,1,0.035993605000840034,0.6276243749998685,ProximalPhalanxTW,183
1,1,0.05,hydra,feature_ablation,0.6,0.75,0.0125,0.7151748039392074,0.6349180637481733,1,1,0.035993605000840034,0.02750596400073846,ProximalPhalanxTW,183
1,1,0.1,hydra,feature_ablation,0.45454545454545453,0.625,0.0375,0.8520385395798662,0.8341233385278966,1,1,0.035993605000840034,0.02750596400073846,ProximalPhalanxTW,183
1,1,0.2,hydra,feature_ablation,0.28,0.4375,0.1125,0.1926360908324214,1.0047332450690398,1,1,0.035993605000840034,0.02750596400073846,ProximalPhalanxTW,183
1,1,0.05,hydra,tshap_centroid,0.0,0.0,0.1125,0.7151748039392074,0.565445532441915,1,1,0.035993605000840034,0.0022320729985949583,ProximalPhalanxTW,183
1,1,0.1,hydra,tshap_centroid,0.0,0.0,0.1125,0.8520385395798662,0.21349412394821832,1,1,0.035993605000840034,0.0022320729985949583,ProximalPhalanxTW,183
1,1,0.2,hydra,tshap_centroid,0.3333333333333333,0.5,0.1,0.1926360908324214,0.32379903578500707,1,1,0.035993605000840034,0.0022320729985949583,ProximalPhalanxTW,183
1,1,0.05,hydra,tshap_zero,0.0,0.0,0.275,0.7151748039392074,1.3069763846038496,1,1,0.035993605000840034,0.0022298180010693613,ProximalPhalanxTW,183
1,1,0.1,hydra,tshap_zero,0.0,0.0,0.275,0.8520385395798662,1.7367072122183174,1,1,0.035993605000840034,0.0022298180010693613,ProximalPhalanxTW,183
1,1,0.2,hydra,tshap_zero,0.0,0.0,0.25,0.1926360908324214,2.164178430405315,1,1,0.035993605000840034,0.0022298180010693613,ProximalPhalanxTW,183
1,1,0.05,hydra,tshap_train,0.0,0.0,0.3625,0.7151748039392074,0.8788920550559884,1,1,0.035993605000840034,0.03440799699819763,ProximalPhalanxTW,183
1,1,0.1,hydra,tshap_train,0.0,0.0,0.35,0.8520385395798662,0.6708762446352925,1,1,0.035993605000840034,0.03440799699819763,ProximalPhalanxTW,183
1,1,0.2,hydra,tshap_train,0.0,0.0,0.3,0.1926360908324214,2.095235974274335,1,1,0.035993605000840034,0.03440799699819763,ProximalPhalanxTW,183
1,1,0.05,hydra,mrsqm,0.0,0.0,0.5125,0.7151748039392074,0.0005217971910517205,1,0,0.035993605000840034,2.6390000130049884e-05,ProximalPhalanxTW,183
1,1,0.1,hydra,mrsqm,0.0,0.0,0.4875,0.8520385395798662,0.17900112987875,1,0,0.035993605000840034,2.6390000130049884e-05,ProximalPhalanxTW,183
1,1,0.2,hydra,mrsqm,0.0,0.0,0.4625,0.1926360908324214,-0.8391727415712438,1,0,0.035993605000840034,2.6390000130049884e-05,ProximalPhalanxTW,183
1,1,0.05,shapley_sampling,feature_ablation,0.0,0.0,0.45,0.6607928726912602,0.6349180637481733,1,1,0.6276243749998685,0.02750596400073846,ProximalPhalanxTW,183
1,1,0.1,shapley_sampling,feature_ablation,0.0,0.0,0.25,1.104088114589849,0.8341233385278966,1,1,0.6276243749998685,0.02750596400073846,ProximalPhalanxTW,183
1,1,0.2,shapley_sampling,feature_ablation,0.0,0.0,0.25,0.5379598944336568,1.0047332450690398,1,1,0.6276243749998685,0.02750596400073846,ProximalPhalanxTW,183
1,1,0.05,shapley_sampling,tshap_centroid,0.0,0.0,0.325,0.6607928726912602,0.565445532441915,1,1,0.6276243749998685,0.0022320729985949583,ProximalPhalanxTW,183
1,1,0.1,shapley_sampling,tshap_centroid,0.0,0.0,0.1,1.104088114589849,0.21349412394821832,1,1,0.6276243749998685,0.0022320729985949583,ProximalPhalanxTW,183
1,1,0.2,shapley_sampling,tshap_centroid,0.6842105263157895,0.8125,0.0375,0.5379598944336568,0.32379903578500707,1,1,0.6276243749998685,0.0022320729985949583,ProximalPhalanxTW,183
1,1,0.05,shapley_sampling,tshap_zero,0.0,0.0,0.1625,0.6607928726912602,1.3069763846038496,1,1,0.6276243749998685,0.0022298180010693613,ProximalPhalanxTW,183
1,1,0.1,shapley_sampling,tshap_zero,0.23076923076923078,0.375,0.0625,1.104088114589849,1.7367072122183174,1,1,0.6276243749998685,0.0022298180010693613,ProximalPhalanxTW,183
1,1,0.2,shapley_sampling,tshap_zero,0.28,0.4375,0.1125,0.5379598944336568,2.164178430405315,1,1,0.6276243749998685,0.0022298180010693613,ProximalPhalanxTW,183
1,1,0.05,shapley_sampling,tshap_train,0.0,0.0,0.075,0.6607928726912602,0.8788920550559884,1,1,0.6276243749998685,0.03440799699819763,ProximalPhalanxTW,183
1,1,0.1,shapley_sampling,tshap_train,0.0,0.0,0.1375,1.104088114589849,0.6708762446352925,1,1,0.6276243749998685,0.03440799699819763,ProximalPhalanxTW,183
1,1,0.2,shapley_sampling,tshap_train,0.10344827586206896,0.1875,0.1625,0.5379598944336568,2.095235974274335,1,1,0.6276243749998685,0.03440799699819763,ProximalPhalanxTW,183
1,1,0.05,shapley_sampling,mrsqm,0.0,0.0,0.95,0.6607928726912602,0.0005217971910517205,1,0,0.6276243749998685,2.6390000130049884e-05,ProximalPhalanxTW,183
1,1,0.1,shapley_sampling,mrsqm,0.0,0.0,0.7,1.104088114589849,0.17900112987875,1,0,0.6276243749998685,2.6390000130049884e-05,ProximalPhalanxTW,183
1,1,0.2,shapley_sampling,mrsqm,0.0,0.0,0.6,0.5379598944336568,-0.8391727415712438,1,0,0.6276243749998685,2.6390000130049884e-05,ProximalPhalanxTW,183
1,1,0.05,feature_ablation,tshap_centroid,0.0,0.0,0.125,0.6349180637481733,0.565445532441915,1,1,0.02750596400073846,0.0022320729985949583,ProximalPhalanxTW,183
1,1,0.1,feature_ablation,tshap_centroid,0.0,0.0,0.15,0.8341233385278966,0.21349412394821832,1,1,0.02750596400073846,0.0022320729985949583,ProximalPhalanxTW,183
1,1,0.2,feature_ablation,tshap_centroid,0.0,0.0,0.2125,1.0047332450690398,0.32379903578500707,1,1,0.02750596400073846,0.0022320729985949583,ProximalPhalanxTW,183
1,1,0.05,feature_ablation,tshap_zero,0.0,0.0,0.2875,0.6349180637481733,1.3069763846038496,1,1,0.02750596400073846,0.0022298180010693613,ProximalPhalanxTW,183
1,1,0.1,feature_ablation,tshap_zero,0.0,0.0,0.3125,0.8341233385278966,1.7367072122183174,1,1,0.02750596400073846,0.0022298180010693613,ProximalPhalanxTW,183
1,1,0.2,feature_ablation,tshap_zero,0.0,0.0,0.3625,1.0047332450690398,2.164178430405315,1,1,0.02750596400073846,0.0022298180010693613,ProximalPhalanxTW,183
1,1,0.05,feature_ablation,tshap_train,0.0,0.0,0.375,0.6349180637481733,0.8788920550559884,1,1,0.02750596400073846,0.03440799699819763,ProximalPhalanxTW,183
1,1,0.1,feature_ablation,tshap_train,0.0,0.0,0.3875,0.8341233385278966,0.6708762446352925,1,1,0.02750596400073846,0.03440799699819763,ProximalPhalanxTW,183
1,1,0.2,feature_ablation,tshap_train,0.0,0.0,0.4125,1.0047332450690398,2.095235974274335,1,1,0.02750596400073846,0.03440799699819763,ProximalPhalanxTW,183
1,1,0.05,feature_ablation,mrsqm,0.0,0.0,0.5,0.6349180637481733,0.0005217971910517205,1,0,0.02750596400073846,2.6390000130049884e-05,ProximalPhalanxTW,183
1,1,0.1,feature_ablation,mrsqm,0.0,0.0,0.45,0.8341233385278966,0.17900112987875,1,0,0.02750596400073846,2.6390000130049884e-05,ProximalPhalanxTW,183
1,1,0.2,feature_ablation,mrsqm,0.0,0.0,0.35,1.0047332450690398,-0.8391727415712438,1,0,0.02750596400073846,2.6390000130049884e-05,ProximalPhalanxTW,183
1,1,0.05,tshap_centroid,tshap_zero,0.0,0.0,0.1625,0.565445532441915,1.3069763846038496,1,1,0.0022320729985949583,0.0022298180010693613,ProximalPhalanxTW,183
1,1,0.1,tshap_centroid,tshap_zero,0.0,0.0,0.1625,0.21349412394821832,1.7367072122183174,1,1,0.0022320729985949583,0.0022298180010693613,ProximalPhalanxTW,183
1,1,0.2,tshap_centroid,tshap_zero,0.14285714285714285,0.25,0.15,0.32379903578500707,2.164178430405315,1,1,0.0022320729985949583,0.0022298180010693613,ProximalPhalanxTW,183
1,1,0.05,tshap_centroid,tshap_train,0.0,0.0,0.25,0.565445532441915,0.8788920550559884,1,1,0.0022320729985949583,0.03440799699819763,ProximalPhalanxTW,183
1,1,0.1,tshap_centroid,tshap_train,0.0,0.0,0.2375,0.21349412394821832,0.6708762446352925,1,1,0.0022320729985949583,0.03440799699819763,ProximalPhalanxTW,183
1,1,0.2,tshap_centroid,tshap_train,0.0,0.0,0.2,0.32379903578500707,2.095235974274335,1,1,0.0022320729985949583,0.03440799699819763,ProximalPhalanxTW,183
1,1,0.05,tshap_centroid,mrsqm,0.0,0.0,0.625,0.565445532441915,0.0005217971910517205,1,0,0.0022320729985949583,2.6390000130049884e-05,ProximalPhalanxTW,183
1,1,0.1,tshap_centroid,mrsqm,0.0,0.0,0.6,0.21349412394821832,0.17900112987875,1,0,0.0022320729985949583,2.6390000130049884e-05,ProximalPhalanxTW,183
1,1,0.2,tshap_centroid,mrsqm,0.0,0.0,0.5625,0.32379903578500707,-0.8391727415712438,1,0,0.0022320729985949583,2.6390000130049884e-05,ProximalPhalanxTW,183
1,1,0.05,tshap_zero,tshap_train,0.0,0.0,0.0875,1.3069763846038496,0.8788920550559884,1,1,0.0022298180010693613,0.03440799699819763,ProximalPhalanxTW,183
1,1,0.1,tshap_zero,tshap_train,0.14285714285714285,0.25,0.075,1.7367072122183174,0.6708762446352925,1,1,0.0022298180010693613,0.03440799699819763,ProximalPhalanxTW,183
1,1,0.2,tshap_zero,tshap_train,0.6,0.75,0.05,2.164178430405315,2.095235974274335,1,1,0.0022298180010693613,0.03440799699819763,ProximalPhalanxTW,183
1,1,0.05,tshap_zero,mrsqm,0.0,0.0,0.7875,1.3069763846038496,0.0005217971910517205,1,0,0.0022298180010693613,2.6390000130049884e-05,ProximalPhalanxTW,183
1,1,0.1,tshap_zero,mrsqm,0.0,0.0,0.7625,1.7367072122183174,0.17900112987875,1,0,0.0022298180010693613,2.6390000130049884e-05,ProximalPhalanxTW,183
1,1,0.2,tshap_zero,mrsqm,0.0,0.0,0.7125,2.164178430405315,-0.8391727415712438,1,0,0.0022298180010693613,2.6390000130049884e-05,ProximalPhalanxTW,183
1,1,0.05,tshap_train,mrsqm,0.0,0.0,0.875,0.8788920550559884,0.0005217971910517205,1,0,0.03440799699819763,2.6390000130049884e-05,ProximalPhalanxTW,183
1,1,0.1,tshap_train,mrsqm,0.0,0.0,0.8375,0.6708762446352925,0.17900112987875,1,0,0.03440799699819763,2.6390000130049884e-05,ProximalPhalanxTW,183
1,1,0.2,tshap_train,mrsqm,0.0,0.0,0.7625,2.095235974274335,-0.8391727415712438,1,0,0.03440799699819763,2.6390000130049884e-05,ProximalPhalanxTW,183
1,1,0.05,hydra,shapley_sampling,0.0,0.0,0.1,0.6467556920487847,1.3290880355573484,0,1,0.03667339399908087,0.6276917129980575,ProximalPhalanxTW,187
1,1,0.1,hydra,shapley_sampling,0.14285714285714285,0.25,0.075,0.9721822559236305,1.3473202755057117,0,1,0.03667339399908087,0.6276917129980575,ProximalPhalanxTW,187
1,1,0.2,hydra,shapley_sampling,0.23076923076923078,0.375,0.125,1.269906486352588,0.9233970098568038,1,0,0.03667339399908087,0.6276917129980575,ProximalPhalanxTW,187
1,1,0.05,hydra,feature_ablation,0.0,0.0,0.15,0.6467556920487847,1.1395190156257717,0,1,0.03667339399908087,0.028065182999853278,ProximalPhalanxTW,187
1,1,0.1,hydra,feature_ablation,0.0,0.0,0.125,0.9721822559236305,1.43100028689701,0,1,0.03667339399908087,0.028065182999853278,ProximalPhalanxTW,187
1,1,0.2,hydra,feature_ablation,0.23076923076923078,0.375,0.125,1.269906486352588,1.5142625327602213,1,1,0.03667339399908087,0.028065182999853278,ProximalPhalanxTW,187
1,1,0.05,hydra,tshap_centroid,1.0,1.0,0.0,0.6467556920487847,0.646755645002355,0,0,0.03667339399908087,0.0022504879998450633,ProximalPhalanxTW,187
1,1,0.1,hydra,tshap_centroid,1.0,1.0,0.0,0.9721822559236305,0.9721822393581583,0,0,0.03667339399908087,0.0022504879998450633,ProximalPhalanxTW,187
1,1,0.2,hydra,tshap_centroid,0.23076923076923078,0.375,0.125,1.269906486352588,0.923396990417242,1,0,0.03667339399908087,0.0022504879998450633,ProximalPhalanxTW,187
1,1,0.05,hydra,tshap_zero,0.0,0.0,0.2,0.6467556920487847,1.258169406128072,0,1,0.03667339399908087,0.0024313329995493405,ProximalPhalanxTW,187
1,1,0.1,hydra,tshap_zero,0.0,0.0,0.175,0.9721822559236305,1.9085427732136262,0,1,0.03667339399908087,0.0024313329995493405,ProximalPhalanxTW,187
1,1,0.2,hydra,tshap_zero,0.391304347826087,0.5625,0.0875,1.269906486352588,1.1899947572873544,1,1,0.03667339399908087,0.0024313329995493405,ProximalPhalanxTW,187
1,1,0.05,hydra,tshap_train,1.0,1.0,0.0,0.6467556920487847,0.6467557152557606,0,0,0.03667339399908087,0.0358083009996335,ProximalPhalanxTW,187
1,1,0.1,hydra,tshap_train,0.7777777777777778,0.875,0.0125,0.9721822559236305,1.2523258432195439,0,0,0.03667339399908087,0.0358083009996335,ProximalPhalanxTW,187
1,1,0.2,hydra,tshap_train,0.7777777777777778,0.875,0.025,1.269906486352588,1.4789927534448148,1,1,0.03667339399908087,0.0358083009996335,ProximalPhalanxTW,187
1,1,0.05,hydra,mrsqm,0.0,0.0,0.6,0.6467556920487847,0.06537639802266138,0,0,0.03667339399908087,2.7361998945707455e-05,ProximalPhalanxTW,187
1,1,0.1,hydra,mrsqm,0.0,0.0,0.575,0.9721822559236305,0.22836318974204306,0,0,0.03667339399908087,2.7361998945707455e-05,ProximalPhalanxTW,187
1,1,0.2,hydra,mrsqm,0.0,0.0,0.475,1.269906486352588,-0.2555012442456246,1,0,0.03667339399908087,2.7361998945707455e-05,ProximalPhalanxTW,187
1,1,0.05,shapley_sampling,feature_ablation,0.0,0.0,0.25,1.3290880355573484,1.1395190156257717,1,1,0.6276917129980575,0.028065182999853278,ProximalPhalanxTW,187
1,1,0.1,shapley_sampling,feature_ablation,0.0,0.0,0.2,1.3473202755057117,1.43100028689701,1,1,0.6276917129980575,0.028065182999853278,ProximalPhalanxTW,187
1,1,0.2,shapley_sampling,feature_ablation,0.0,0.0,0.25,0.9233970098568038,1.5142625327602213,0,1,0.6276917129980575,0.028065182999853278,ProximalPhalanxTW,187
1,1,0.05,shapley_sampling,tshap_centroid,0.0,0.0,0.1,1.3290880355573484,0.646755645002355,1,0,0.6276917129980575,0.0022504879998450633,ProximalPhalanxTW,187
1,1,0.1,shapley_sampling,tshap_centroid,0.14285714285714285,0.25,0.075,1.3473202755057117,0.9721822393581583,1,0,0.6276917129980575,0.0022504879998450633,ProximalPhalanxTW,187
1,1,0.2,shapley_sampling,tshap_centroid,1.0,1.0,0.0,0.9233970098568038,0.923396990417242,0,0,0.6276917129980575,0.0022504879998450633,ProximalPhalanxTW,187
1,1,0.05,shapley_sampling,tshap_zero,0.0,0.0,0.1,1.3290880355573484,1.258169406128072,1,1,0.6276917129980575,0.0024313329995493405,ProximalPhalanxTW,187
1,1,0.1,shapley_sampling,tshap_zero,0.0,0.0,0.25,1.3473202755057117,1.9085427732136262,1,1,0.6276917129980575,0.0024313329995493405,ProximalPhalanxTW,187
1,1,0.2,shapley_sampling,tshap_zero,0.0,0.0,0.2125,0.9233970098568038,1.1899947572873544,0,1,0.6276917129980575,0.0024313329995493405,ProximalPhalanxTW,187
1,1,0.05,shapley_sampling,tshap_train,0.0,0.0,0.1,1.3290880355573484,0.6467557152557606,1,0,0.6276917129980575,0.0358083009996335,ProximalPhalanxTW,187
1,1,0.1,shapley_sampling,tshap_train,0.06666666666666667,0.125,0.0875,1.3473202755057117,1.2523258432195439,1,0,0.6276917129980575,0.0358083009996335,ProximalPhalanxTW,187
1,1,0.2,shapley_sampling,tshap_train,0.3333333333333333,0.5,0.1,0.9233970098568038,1.4789927534448148,0,1,0.6276917129980575,0.0358083009996335,ProximalPhalanxTW,187
1,1,0.05,shapley_sampling,mrsqm,0.0,0.0,0.7,1.3290880355573484,0.06537639802266138,1,0,0.6276917129980575,2.7361998945707455e-05,ProximalPhalanxTW,187
1,1,0.1,shapley_sampling,mrsqm,0.0,0.0,0.65,1.3473202755057117,0.22836318974204306,1,0,0.6276917129980575,2.7361998945707455e-05,ProximalPhalanxTW,187
1,1,0.2,shapley_sampling,mrsqm,0.0,0.0,0.6,0.9233970098568038,-0.2555012442456246,0,0,0.6276917129980575,2.7361998945707455e-05,ProximalPhalanxTW,187
1,1,0.05,feature_ablation,tshap_centroid,0.0,0.0,0.15,1.1395190156257717,0.646755645002355,1,0,0.028065182999853278,0.0022504879998450633,ProximalPhalanxTW,187
1,1,0.1,feature_ablation,tshap_centroid,0.0,0.0,0.125,1.43100028689701,0.9721822393581583,1,0,0.028065182999853278,0.0022504879998450633,ProximalPhalanxTW,187
1,1,0.2,feature_ablation,tshap_centroid,0.0,0.0,0.25,1.5142625327602213,0.923396990417242,1,0,0.028065182999853278,0.0022504879998450633,ProximalPhalanxTW,187
1,1,0.05,feature_ablation,tshap_zero,0.0,0.0,0.35,1.1395190156257717,1.258169406128072,1,1,0.028065182999853278,0.0024313329995493405,ProximalPhalanxTW,187
1,1,0.1,feature_ablation,tshap_zero,0.3333333333333333,0.5,0.05,1.43100028689701,1.9085427732136262,1,1,0.028065182999853278,0.0024313329995493405,ProximalPhalanxTW,187
1,1,0.2,feature_ablation,tshap_zero,0.6842105263157895,0.8125,0.0375,1.5142625327602213,1.1899947572873544,1,1,0.028065182999853278,0.0024313329995493405,ProximalPhalanxTW,187
1,1,0.05,feature_ablation,tshap_train,0.0,0.0,0.15,1.1395190156257717,0.6467557152557606,1,0,0.028065182999853278,0.0358083009996335,ProximalPhalanxTW,187
1,1,0.1,feature_ablation,tshap_train,0.0,0.0,0.1125,1.43100028689701,1.2523258432195439,1,0,0.028065182999853278,0.0358083009996335,ProximalPhalanxTW,187
1,1,0.2,feature_ablation,tshap_train,0.14285714285714285,0.25,0.15,1.5142625327602213,1.4789927534448148,1,1,0.028065182999853278,0.0358083009996335,ProximalPhalanxTW,187
1,1,0.05,feature_ablation,mrsqm,0.0,0.0,0.45,1.1395190156257717,0.06537639802266138,1,0,0.028065182999853278,2.7361998945707455e-05,ProximalPhalanxTW,187
1,1,0.1,feature_ablation,mrsqm,0.0,0.0,0.45,1.43100028689701,0.22836318974204306,1,0,0.028065182999853278,2.7361998945707455e-05,ProximalPhalanxTW,187
1,1,0.2,feature_ablation,mrsqm,0.0,0.0,0.35,1.5142625327602213,-0.2555012442456246,1,0,0.028065182999853278,2.7361998945707455e-05,ProximalPhalanxTW,187
1,1,0.05,tshap_centroid,tshap_zero,0.0,0.0,0.2,0.646755645002355,1.258169406128072,0,1,0.0022504879998450633,0.0024313329995493405,ProximalPhalanxTW,187
1,1,0.1,tshap_centroid,tshap_zero,0.0,0.0,0.175,0.9721822393581583,1.9085427732136262,0,1,0.0022504879998450633,0.0024313329995493405,ProximalPhalanxTW,187
1,1,0.2,tshap_centroid,tshap_zero,0.0,0.0,0.2125,0.923396990417242,1.1899947572873544,0,1,0.0022504879998450633,0.0024313329995493405,ProximalPhalanxTW,187
1,1,0.05,tshap_centroid,tshap_train,1.0,1.0,0.0,0.646755645002355,0.6467557152557606,0,0,0.0022504879998450633,0.0358083009996335,ProximalPhalanxTW,187
1,1,0.1,tshap_centroid,tshap_train,0.7777777777777778,0.875,0.0125,0.9721822393581583,1.2523258432195439,0,0,0.0022504879998450633,0.0358083009996335,ProximalPhalanxTW,187
1,1,0.2,tshap_centroid,tshap_train,0.3333333333333333,0.5,0.1,0.923396990417242,1.4789927534448148,0,1,0.0022504879998450633,0.0358083009996335,ProximalPhalanxTW,187
1,1,0.05,tshap_centroid,mrsqm,0.0,0.0,0.6,0.646755645002355,0.06537639802266138,0,0,0.0022504879998450633,2.7361998945707455e-05,ProximalPhalanxTW,187
1,1,0.1,tshap_centroid,mrsqm,0.0,0.0,0.575,0.9721822393581583,0.22836318974204306,0,0,0.0022504879998450633,2.7361998945707455e-05,ProximalPhalanxTW,187
1,1,0.2,tshap_centroid,mrsqm,0.0,0.0,0.6,0.923396990417242,-0.2555012442456246,0,0,0.0022504879998450633,2.7361998945707455e-05,ProximalPhalanxTW,187
1,1,0.05,tshap_zero,tshap_train,0.0,0.0,0.2,1.258169406128072,0.6467557152557606,1,0,0.0024313329995493405,0.0358083009996335,ProximalPhalanxTW,187
1,1,0.1,tshap_zero,tshap_train,0.0,0.0,0.1625,1.9085427732136262,1.2523258432195439,1,0,0.0024313329995493405,0.0358083009996335,ProximalPhalanxTW,187
1,1,0.2,tshap_zero,tshap_train,0.28,0.4375,0.1125,1.1899947572873544,1.4789927534448148,1,1,0.0024313329995493405,0.0358083009996335,ProximalPhalanxTW,187
1,1,0.05,tshap_zero,mrsqm,0.0,0.0,0.8,1.258169406128072,0.06537639802266138,1,0,0.0024313329995493405,2.7361998945707455e-05,ProximalPhalanxTW,187
1,1,0.1,tshap_zero,mrsqm,0.0,0.0,0.4,1.9085427732136262,0.22836318974204306,1,0,0.0024313329995493405,2.7361998945707455e-05,ProximalPhalanxTW,187
1,1,0.2,tshap_zero,mrsqm,0.0,0.0,0.3875,1.1899947572873544,-0.2555012442456246,1,0,0.0024313329995493405,2.7361998945707455e-05,ProximalPhalanxTW,187
1,1,0.05,tshap_train,mrsqm,0.0,0.0,0.6,0.6467557152557606,0.06537639802266138,0,0,0.0358083009996335,2.7361998945707455e-05,ProximalPhalanxTW,187
1,1,0.1,tshap_train,mrsqm,0.0,0.0,0.5625,1.2523258432195439,0.22836318974204306,0,0,0.0358083009996335,2.7361998945707455e-05,ProximalPhalanxTW,187
1,1,0.2,tshap_train,mrsqm,0.0,0.0,0.5,1.4789927534448148,-0.2555012442456246,1,0,0.0358083009996335,2.7361998945707455e-05,ProximalPhalanxTW,187
5,5,0.05,hydra,shapley_sampling,0.0,0.0,0.225,-0.20232806561641548,1.045712763535075,0,0,0.03646099799880176,0.6381009450014972,ProximalPhalanxTW,94
5,5,0.1,hydra,shapley_sampling,0.0,0.0,0.275,-0.38944139687247104,1.031817713342006,0,1,0.03646099799880176,0.6381009450014972,ProximalPhalanxTW,94
5,5,0.2,hydra,shapley_sampling,0.0,0.0,0.3125,-0.8218114027766061,1.1074931435870117,0,1,0.03646099799880176,0.6381009450014972,ProximalPhalanxTW,94
5,5,0.05,hydra,feature_ablation,0.0,0.0,0.125,-0.20232806561641548,0.18089168458671234,0,0,0.03646099799880176,0.02878725199843757,ProximalPhalanxTW,94
5,5,0.1,hydra,feature_ablation,0.14285714285714285,0.25,0.075,-0.38944139687247104,-0.19691753420136093,0,0,0.03646099799880176,0.02878725199843757,ProximalPhalanxTW,94
5,5,0.2,hydra,feature_ablation,0.391304347826087,0.5625,0.0875,-0.8218114027766061,-0.4207107467136386,0,0,0.03646099799880176,0.02878725199843757,ProximalPhalanxTW,94
5,5,0.05,hydra,tshap_centroid,0.0,0.0,0.2875,-0.20232806561641548,0.8757272435322121,0,0,0.03646099799880176,0.0022252810013014823,ProximalPhalanxTW,94
5,5,0.1,hydra,tshap_centroid,0.0,0.0,0.2875,-0.38944139687247104,0.9557714486615034,0,1,0.03646099799880176,0.0022252810013014823,ProximalPhalanxTW,94
5,5,0.2,hydra,tshap_centroid,0.0,0.0,0.3,-0.8218114027766061,1.125761336701943,0,1,0.03646099799880176,0.0022252810013014823,ProximalPhalanxTW,94
5,5,0.05,hydra,tshap_zero,0.0,0.0,0.2125,-0.20232806561641548,1.0722856953850515,0,0,0.03646099799880176,0.002068690999294631,ProximalPhalanxTW,94
5,5,0.1,hydra,tshap_zero,0.0,0.0,0.2375,-0.38944139687247104,1.2028590487021142,0,1,0.03646099799880176,0.002068690999294631,ProximalPhalanxTW,94
5,5,0.2,hydra,tshap_zero,0.0,0.0,0.275,-0.8218114027766061,1.0812945314888536,0,1,0.03646099799880176,0.002068690999294631,ProximalPhalanxTW,94
5,5,0.05,hydra,tshap_train,0.0,0.0,0.2875,-0.20232806561641548,0.8757272356686138,0,0,0.03646099799880176,0.032235135997325415,ProximalPhalanxTW,94
5,5,0.1,hydra,tshap_train,0.0,0.0,0.2875,-0.38944139687247104,0.9557714547312376,0,1,0.03646099799880176,0.032235135997325415,ProximalPhalanxTW,94
5,5,0.2,hydra,tshap_train,0.0,0.0,0.2875,-0.8218114027766061,1.1625281864057313,0,1,0.03646099799880176,0.032235135997325415,ProximalPhalanxTW,94
5,5,0.05,hydra,mrsqm,0.0,0.0,0.575,-0.20232806561641548,0.031546812785124057,0,0,0.03646099799880176,2.6170000637648627e-05,ProximalPhalanxTW,94
5,5,0.1,hydra,mrsqm,0.0,0.0,0.525,-0.38944139687247104,0.05106954160586652,0,0,0.03646099799880176,2.6170000637648627e-05,ProximalPhalanxTW,94
5,5,0.2,hydra,mrsqm,0.0,0.0,0.4375,-0.8218114027766061,-0.2060096476816895,0,0,0.03646099799880176,2.6170000637648627e-05,ProximalPhalanxTW,94
5,5,0.05,shapley_sampling,feature_ablation,0.0,0.0,0.35,1.045712763535075,0.18089168458671234,0,0,0.6381009450014972,0.02878725199843757,ProximalPhalanxTW,94
5,5,0.1,shapley_sampling,feature_ablation,0.0,0.0,0.35,1.031817713342006,-0.19691753420136093,1,0,0.6381009450014972,0.02878725199843757,ProximalPhalanxTW,94
5,5,0.2,shapley_sampling,feature_ablation,0.0,0.0,0.4,1.1074931435870117,-0.4207107467136386,1,0,0.6381009450014972,0.02878725199843757,ProximalPhalanxTW,94
5,5,0.05,shapley_sampling,tshap_centroid,0.0,0.0,0.0625,1.045712763535075,0.8757272435322121,0,0,0.6381009450014972,0.0022252810013014823,ProximalPhalanxTW,94
5,5,0.1,shapley_sampling,tshap_centroid,0.7777777777777778,0.875,0.0125,1.031817713342006,0.9557714486615034,1,1,0.6381009450014972,0.0022252810013014823,ProximalPhalanxTW,94
5,5,0.2,shapley_sampling,tshap_centroid,0.8823529411764706,0.9375,0.0125,1.1074931435870117,1.125761336701943,1,1,0.6381009450014972,0.0022252810013014823,ProximalPhalanxTW,94
5,5,0.05,shapley_sampling,tshap_zero,0.6,0.75,0.0125,1.045712763535075,1.0722856953850515,0,0,0.6381009450014972,0.002068690999294631,ProximalPhalanxTW,94
5,5,0.1,shapley_sampling,tshap_zero,0.45454545454545453,0.625,0.0375,1.031817713342006,1.2028590487021142,1,1,0.6381009450014972,0.002068690999294631,ProximalPhalanxTW,94
5,5,0.2,shapley_sampling,tshap_zero,0.6842105263157895,0.8125,0.0375,1.1074931435870117,1.0812945314888536,1,1,0.6381009450014972,0.002068690999294631,ProximalPhalanxTW,94
5,5,0.05,shapley_sampling,tshap_train,0.0,0.0,0.0625,1.045712763535075,0.8757272356686138,0,0,0.6381009450014972,0.032235135997325415,ProximalPhalanxTW,94
5,5,0.1,shapley_sampling,tshap_train,0.7777777777777778,0.875,0.0125,1.031817713342006,0.9557714547312376,1,1,0.6381009450014972,0.032235135997325415,ProximalPhalanxTW,94
5,5,0.2,shapley_sampling,tshap_train,0.7777777777777778,0.875,0.025,1.1074931435870117,1.1625281864057313,1,1,0.6381009450014972,0.032235135997325415,ProximalPhalanxTW,94
5,5,0.05,shapley_sampling,mrsqm,0.0,0.0,0.8,1.045712763535075,0.031546812785124057,0,0,0.6381009450014972,2.6170000637648627e-05,ProximalPhalanxTW,94
5,5,0.1,shapley_sampling,mrsqm,0.0,0.0,0.8,1.031817713342006,0.05106954160586652,1,0,0.6381009450014972,2.6170000637648627e-05,ProximalPhalanxTW,94
5,5,0.2,shapley_sampling,mrsqm,0.0,0.0,0.75,1.1074931435870117,-0.2060096476816895,1,0,0.6381009450014972,2.6170000637648627e-05,ProximalPhalanxTW,94
5,5,0.05,feature_ablation,tshap_centroid,0.0,0.0,0.4125,0.18089168458671234,0.8757272435322121,0,0,0.02878725199843757,0.0022252810013014823,ProximalPhalanxTW,94
5,5,0.1,feature_ablation,tshap_centroid,0.0,0.0,0.3625,-0.19691753420136093,0.9557714486615034,0,1,0.02878725199843757,0.0022252810013014823,ProximalPhalanxTW,94
5,5,0.2,feature_ablation,tshap_centroid,0.0,0.0,0.3875,-0.4207107467136386,1.125761336701943,0,1,0.02878725199843757,0.0022252810013014823,ProximalPhalanxTW,94
5,5,0.05,feature_ablation,tshap_zero,0.0,0.0,0.3375,0.18089168458671234,1.0722856953850515,0,0,0.02878725199843757,0.002068690999294631,ProximalPhalanxTW,94
5,5,0.1,feature_ablation,tshap_zero,0.0,0.0,0.3125,-0.19691753420136093,1.2028590487021142,0,1,0.02878725199843757,0.002068690999294631,ProximalPhalanxTW,94
5,5,0.2,feature_ablation,tshap_zero,0.0,0.0,0.3625,-0.4207107467136386,1.0812945314888536,0,1,0.02878725199843757,0.002068690999294631,ProximalPhalanxTW,94
5,5,0.05,feature_ablation,tshap_train,0.0,0.0,0.4125,0.18089168458671234,0.8757272356686138,0,0,0.02878725199843757,0.032235135997325415,ProximalPhalanxTW,94
5,5,0.1,feature_ablation,tshap_train,0.0,0.0,0.3625,-0.19691753420136093,0.9557714547312376,0,1,0.02878725199843757,0.032235135997325415,ProximalPhalanxTW,94
5,5,0.2,feature_ablation,tshap_train,0.0,0.0,0.375,-0.4207107467136386,1.1625281864057313,0,1,0.02878725199843757,0.032235135997325415,ProximalPhalanxTW,94
5,5,0.05,feature_ablation,mrsqm,0.0,0.0,0.45,0.18089168458671234,0.031546812785124057,0,0,0.02878725199843757,2.6170000637648627e-05,ProximalPhalanxTW,94
5,5,0.1,feature_ablation,mrsqm,0.0,0.0,0.45,-0.19691753420136093,0.05106954160586652,0,0,0.02878725199843757,2.6170000637648627e-05,ProximalPhalanxTW,94
5,5,0.2,feature_ablation,mrsqm,0.0,0.0,0.35,-0.4207107467136386,-0.2060096476816895,0,0,0.02878725199843757,2.6170000637648627e-05,ProximalPhalanxTW,94
5,5,0.05,tshap_centroid,tshap_zero,0.0,0.0,0.075,0.8757272435322121,1.0722856953850515,0,0,0.0022252810013014823,0.002068690999294631,ProximalPhalanxTW,94
5,5,0.1,tshap_centroid,tshap_zero,0.3333333333333333,0.5,0.05,0.9557714486615034,1.2028590487021142,1,1,0.0022252810013014823,0.002068690999294631,ProximalPhalanxTW,94
5,5,0.2,tshap_centroid,tshap_zero,0.7777777777777778,0.875,0.025,1.125761336701943,1.0812945314888536,1,1,0.0022252810013014823,0.002068690999294631,ProximalPhalanxTW,94
5,5,0.05,tshap_centroid,tshap_train,1.0,1.0,0.0,0.8757272435322121,0.8757272356686138,0,0,0.0022252810013014823,0.032235135997325415,ProximalPhalanxTW,94
5,5,0.1,tshap_centroid,tshap_train,1.0,1.0,0.0,0.9557714486615034,0.9557714547312376,1,1,0.0022252810013014823,0.032235135997325415,ProximalPhalanxTW,94
5,5,0.2,tshap_centroid,tshap_train,0.8823529411764706,0.9375,0.0125,1.125761336701943,1.1625281864057313,1,1,0.0022252810013014823,0.032235135997325415,ProximalPhalanxTW,94
5,5,0.05,tshap_centroid,mrsqm,0.0,0.0,0.8625,0.8757272435322121,0.031546812785124057,0,0,0.0022252810013014823,2.6170000637648627e-05,ProximalPhalanxTW,94
5,5,0.1,tshap_centroid,mrsqm,0.0,0.0,0.8125,0.9557714486615034,0.05106954160586652,1,0,0.0022252810013014823,2.6170000637648627e-05,ProximalPhalanxTW,94
5,5,0.2,tshap_centroid,mrsqm,0.0,0.0,0.7375,1.125761336701943,-0.2060096476816895,1,0,0.0022252810013014823,2.6170000637648627e-05,ProximalPhalanxTW,94
5,5,0.05,tshap_zero,tshap_train,0.0,0.0,0.075,1.0722856953850515,0.8757272356686138,0,0,0.002068690999294631,0.032235135997325415,ProximalPhalanxTW,94
5,5,0.1,tshap_zero,tshap_train,0.3333333333333333,0.5,0.05,1.2028590487021142,0.9557714547312376,1,1,0.002068690999294631,0.032235135997325415,ProximalPhalanxTW,94
5,5,0.2,tshap_zero,tshap_train,0.8823529411764706,0.9375,0.0125,1.0812945314888536,1.1625281864057313,1,1,0.002068690999294631,0.032235135997325415,ProximalPhalanxTW,94
5,5,0.05,tshap_zero,mrsqm,0.0,0.0,0.7875,1.0722856953850515,0.031546812785124057,0,0,0.002068690999294631,2.6170000637648627e-05,ProximalPhalanxTW,94
5,5,0.1,tshap_zero,mrsqm,0.0,0.0,0.7625,1.2028590487021142,0.05106954160586652,1,0,0.002068690999294631,2.6170000637648627e-05,ProximalPhalanxTW,94
5,5,0.2,tshap_zero,mrsqm,0.0,0.0,0.7125,1.0812945314888536,-0.2060096476816895,1,0,0.002068690999294631,2.6170000637648627e-05,ProximalPhalanxTW,94
5,5,0.05,tshap_train,mrsqm,0.0,0.0,0.8625,0.8757272356686138,0.031546812785124057,0,0,0.032235135997325415,2.6170000637648627e-05,ProximalPhalanxTW,94
5,5,0.1,tshap_train,mrsqm,0.0,0.0,0.8125,0.9557714547312376,0.05106954160586652,1,0,0.032235135997325415,2.6170000637648627e-05,ProximalPhalanxTW,94
5,5,0.2,tshap_train,mrsqm,0.0,0.0,0.725,1.1625281864057313,-0.2060096476816895,1,0,0.032235135997325415,2.6170000637648627e-05,ProximalPhalanxTW,94
1,1,0.05,hydra,shapley_sampling,0.0,0.0,0.2,0.7968635133088302,0.14003819022244368,1,0,0.036047769001015695,0.630174244997761,ProximalPhalanxTW,159
1,1,0.1,hydra,shapley_sampling,0.0,0.0,0.1875,0.8702952370382262,1.0569013835044783,1,1,0.036047769001015695,0.630174244997761,ProximalPhalanxTW,159
1,1,0.2,hydra,shapley_sampling,0.0,0.0,0.275,0.7089522058668016,0.8338497663961031,1,0,0.036047769001015695,0.630174244997761,ProximalPhalanxTW,159
1,1,0.05,hydra,feature_ablation,1.0,1.0,0.0,0.7968635133088302,0.7968634270409404,1,1,0.036047769001015695,0.027695407003193395,ProximalPhalanxTW,159
1,1,0.1,hydra,feature_ablation,0.45454545454545453,0.625,0.0375,0.8702952370382262,0.8720695680065531,1,1,0.036047769001015695,0.027695407003193395,ProximalPhalanxTW,159
1,1,0.2,hydra,feature_ablation,0.45454545454545453,0.625,0.075,0.7089522058668016,0.4698811761303434,1,1,0.036047769001015695,0.027695407003193395,ProximalPhalanxTW,159
1,1,0.05,hydra,tshap_centroid,0.0,0.0,0.3875,0.7968635133088302,1.2863084426331655,1,1,0.036047769001015695,0.0022272239984886255,ProximalPhalanxTW,159
1,1,0.1,hydra,tshap_centroid,0.0,0.0,0.375,0.8702952370382262,0.8799848089212029,1,1,0.036047769001015695,0.0022272239984886255,ProximalPhalanxTW,159
1,1,0.2,hydra,tshap_centroid,0.0,0.0,0.325,0.7089522058668016,1.1675321607727407,1,1,0.036047769001015695,0.0022272239984886255,ProximalPhalanxTW,159
1,1,0.05,hydra,tshap_zero,0.0,0.0,0.275,0.7968635133088302,1.400793963594908,1,1,0.036047769001015695,0.0020805439999094233,ProximalPhalanxTW,159
1,1,0.1,hydra,tshap_zero,0.0,0.0,0.25,0.8702952370382262,1.6361803474208954,1,1,0.036047769001015695,0.0020805439999094233,ProximalPhalanxTW,159
1,1,0.2,hydra,tshap_zero,0.0,0.0,0.2125,0.7089522058668016,1.815119530807259,1,1,0.036047769001015695,0.0020805439999094233,ProximalPhalanxTW,159
1,1,0.05,hydra,tshap_train,0.0,0.0,0.3875,0.7968635133088302,1.2863084091066552,1,1,0.036047769001015695,0.034596016001160024,ProximalPhalanxTW,159
1,1,0.1,hydra,tshap_train,0.0,0.0,0.3625,0.8702952370382262,0.8903672569634913,1,1,0.036047769001015695,0.034596016001160024,ProximalPhalanxTW,159
1,1,0.2,hydra,tshap_train,0.0,0.0,0.2875,0.7089522058668016,2.184245231728022,1,1,0.036047769001015695,0.034596016001160024,ProximalPhalanxTW,159
1,1,0.05,hydra,mrsqm,0.0,0.0,0.5,0.7968635133088302,-0.08059008584320354,1,0,0.036047769001015695,2.434699854347855e-05,ProximalPhalanxTW,159
1,1,0.1,hydra,mrsqm,0.0,0.0,0.4875,0.8702952370382262,0.20112321757848906,1,0,0.036047769001015695,2.434699854347855e-05,ProximalPhalanxTW,159
1,1,0.2,hydra,mrsqm,0.0,0.0,0.475,0.7089522058668016,-0.6245842621114048,1,0,0.036047769001015695,2.434699854347855e-05,ProximalPhalanxTW,159
1,1,0.05,shapley_sampling,feature_ablation,0.0,0.0,0.2,0.14003819022244368,0.7968634270409404,0,1,0.630174244997761,0.027695407003193395,ProximalPhalanxTW,159
1,1,0.1,shapley_sampling,feature_ablation,0.0,0.0,0.15,1.0569013835044783,0.8720695680065531,1,1,0.630174244997761,0.027695407003193395,ProximalPhalanxTW,159
1,1,0.2,shapley_sampling,feature_ablation,0.0,0.0,0.2,0.8338497663961031,0.4698811761303434,0,1,0.630174244997761,0.027695407003193395,ProximalPhalanxTW,159
1,1,0.05,shapley_sampling,tshap_centroid,0.0,0.0,0.5875,0.14003819022244368,1.2863084426331655,0,1,0.630174244997761,0.0022272239984886255,ProximalPhalanxTW,159
1,1,0.1,shapley_sampling,tshap_centroid,0.0,0.0,0.5625,1.0569013835044783,0.8799848089212029,1,1,0.630174244997761,0.0022272239984886255,ProximalPhalanxTW,159
1,1,0.2,shapley_sampling,tshap_centroid,0.0,0.0,0.6,0.8338497663961031,1.1675321607727407,0,1,0.630174244997761,0.0022272239984886255,ProximalPhalanxTW,159
1,1,0.05,shapley_sampling,tshap_zero,0.0,0.0,0.475,0.14003819022244368,1.400793963594908,0,1,0.630174244997761,0.0020805439999094233,ProximalPhalanxTW,159
1,1,0.1,shapley_sampling,tshap_zero,0.0,0.0,0.4375,1.0569013835044783,1.6361803474208954,1,1,0.630174244997761,0.0020805439999094233,ProximalPhalanxTW,159
1,1,0.2,shapley_sampling,tshap_zero,0.0,0.0,0.4875,0.8338497663961031,1.815119530807259,0,1,0.630174244997761,0.0020805439999094233,ProximalPhalanxTW,159
1,1,0.05,shapley_sampling,tshap_train,0.0,0.0,0.5875,0.14003819022244368,1.2863084091066552,0,1,0.630174244997761,0.034596016001160024,ProximalPhalanxTW,159
1,1,0.1,shapley_sampling,tshap_train,0.0,0.0,0.55,1.0569013835044783,0.8903672569634913,1,1,0.630174244997761,0.034596016001160024,ProximalPhalanxTW,159
1,1,0.2,shapley_sampling,tshap_train,0.0,0.0,0.5625,0.8338497663961031,2.184245231728022,0,1,0.630174244997761,0.034596016001160024,ProximalPhalanxTW,159
1,1,0.05,shapley_sampling,mrsqm,0.0,0.0,0.3,0.14003819022244368,-0.08059008584320354,0,0,0.630174244997761,2.434699854347855e-05,ProximalPhalanxTW,159
1,1,0.1,shapley_sampling,mrsqm,0.0,0.0,0.3,1.0569013835044783,0.20112321757848906,1,0,0.630174244997761,2.434699854347855e-05,ProximalPhalanxTW,159
1,1,0.2,shapley_sampling,mrsqm,0.0,0.0,0.2,0.8338497663961031,-0.6245842621114048,0,0,0.630174244997761,2.434699854347855e-05,ProximalPhalanxTW,159
1,1,0.05,feature_ablation,tshap_centroid,0.0,0.0,0.3875,0.7968634270409404,1.2863084426331655,1,1,0.027695407003193395,0.0022272239984886255,ProximalPhalanxTW,159
1,1,0.1,feature_ablation,tshap_centroid,0.0,0.0,0.4125,0.8720695680065531,0.8799848089212029,1,1,0.027695407003193395,0.0022272239984886255,ProximalPhalanxTW,159
1,1,0.2,feature_ablation,tshap_centroid,0.0,0.0,0.4,0.4698811761303434,1.1675321607727407,1,1,0.027695407003193395,0.0022272239984886255,ProximalPhalanxTW,159
1,1,0.05,feature_ablation,tshap_zero,0.0,0.0,0.275,0.7968634270409404,1.400793963594908,1,1,0.027695407003193395,0.0020805439999094233,ProximalPhalanxTW,159
1,1,0.1,feature_ablation,tshap_zero,0.0,0.0,0.2875,0.8720695680065531,1.6361803474208954,1,1,0.027695407003193395,0.0020805439999094233,ProximalPhalanxTW,159
1,1,0.2,feature_ablation,tshap_zero,0.0,0.0,0.2875,0.4698811761303434,1.815119530807259,1,1,0.027695407003193395,0.0020805439999094233,ProximalPhalanxTW,159
1,1,0.05,feature_ablation,tshap_train,0.0,0.0,0.3875,0.7968634270409404,1.2863084091066552,1,1,0.027695407003193395,0.034596016001160024,ProximalPhalanxTW,159
1,1,0.1,feature_ablation,tshap_train,0.0,0.0,0.4,0.8720695680065531,0.8903672569634913,1,1,0.027695407003193395,0.034596016001160024,ProximalPhalanxTW,159
1,1,0.2,feature_ablation,tshap_train,0.0,0.0,0.3625,0.4698811761303434,2.184245231728022,1,1,0.027695407003193395,0.034596016001160024,ProximalPhalanxTW,159
1,1,0.05,feature_ablation,mrsqm,0.0,0.0,0.5,0.7968634270409404,-0.08059008584320354,1,0,0.027695407003193395,2.434699854347855e-05,ProximalPhalanxTW,159
1,1,0.1,feature_ablation,mrsqm,0.0,0.0,0.45,0.8720695680065531,0.20112321757848906,1,0,0.027695407003193395,2.434699854347855e-05,ProximalPhalanxTW,159
1,1,0.2,feature_ablation,mrsqm,0.0,0.0,0.4,0.4698811761303434,-0.6245842621114048,1,0,0.027695407003193395,2.434699854347855e-05,ProximalPhalanxTW,159
1,1,0.05,tshap_centroid,tshap_zero,0.0,0.0,0.1125,1.2863084426331655,1.400793963594908,1,1,0.0022272239984886255,0.0020805439999094233,ProximalPhalanxTW,159
1,1,0.1,tshap_centroid,tshap_zero,0.0,0.0,0.125,0.8799848089212029,1.6361803474208954,1,1,0.0022272239984886255,0.0020805439999094233,ProximalPhalanxTW,159
1,1,0.2,tshap_centroid,tshap_zero,0.28,0.4375,0.1125,1.1675321607727407,1.815119530807259,1,1,0.0022272239984886255,0.0020805439999094233,ProximalPhalanxTW,159
1,1,0.05,tshap_centroid,tshap_train,1.0,1.0,0.0,1.2863084426331655,1.2863084091066552,1,1,0.0022272239984886255,0.034596016001160024,ProximalPhalanxTW,159
1,1,0.1,tshap_centroid,tshap_train,0.7777777777777778,0.875,0.0125,0.8799848089212029,0.8903672569634913,1,1,0.0022272239984886255,0.034596016001160024,ProximalPhalanxTW,159
1,1,0.2,tshap_centroid,tshap_train,0.6842105263157895,0.8125,0.0375,1.1675321607727407,2.184245231728022,1,1,0.0022272239984886255,0.034596016001160024,ProximalPhalanxTW,159
1,1,0.05,tshap_centroid,mrsqm,0.0,0.0,0.8875,1.2863084426331655,-0.08059008584320354,1,0,0.0022272239984886255,2.434699854347855e-05,ProximalPhalanxTW,159
1,1,0.1,tshap_centroid,mrsqm,0.0,0.0,0.8625,0.8799848089212029,0.20112321757848906,1,0,0.0022272239984886255,2.434699854347855e-05,ProximalPhalanxTW,159
1,1,0.2,tshap_centroid,mrsqm,0.0,0.0,0.8,1.1675321607727407,-0.6245842621114048,1,0,0.0022272239984886255,2.434699854347855e-05,ProximalPhalanxTW,159
1,1,0.05,tshap_zero,tshap_train,0.0,0.0,0.1125,1.400793963594908,1.2863084091066552,1,1,0.0020805439999094233,0.034596016001160024,ProximalPhalanxTW,159
1,1,0.1,tshap_zero,tshap_train,0.0,0.0,0.1125,1.6361803474208954,0.8903672569634913,1,1,0.0020805439999094233,0.034596016001160024,ProximalPhalanxTW,159
1,1,0.2,tshap_zero,tshap_train,0.45454545454545453,0.625,0.075,1.815119530807259,2.184245231728022,1,1,0.0020805439999094233,0.034596016001160024,ProximalPhalanxTW,159
1,1,0.05,tshap_zero,mrsqm,0.0,0.0,0.775,1.400793963594908,-0.08059008584320354,1,0,0.0020805439999094233,2.434699854347855e-05,ProximalPhalanxTW,159
1,1,0.1,tshap_zero,mrsqm,0.0,0.0,0.7375,1.6361803474208954,0.20112321757848906,1,0,0.0020805439999094233,2.434699854347855e-05,ProximalPhalanxTW,159
1,1,0.2,tshap_zero,mrsqm,0.0,0.0,0.6875,1.815119530807259,-0.6245842621114048,1,0,0.0020805439999094233,2.434699854347855e-05,ProximalPhalanxTW,159
1,1,0.05,tshap_train,mrsqm,0.0,0.0,0.8875,1.2863084091066552,-0.08059008584320354,1,0,0.034596016001160024,2.434699854347855e-05,ProximalPhalanxTW,159
1,1,0.1,tshap_train,mrsqm,0.0,0.0,0.85,0.8903672569634913,0.20112321757848906,1,0,0.034596016001160024,2.434699854347855e-05,ProximalPhalanxTW,159
1,1,0.2,tshap_train,mrsqm,0.0,0.0,0.7625,2.184245231728022,-0.6245842621114048,1,0,0.034596016001160024,2.434699854347855e-05,ProximalPhalanxTW,159
5,5,0.05,hydra,shapley_sampling,0.0,0.0,0.4,-0.20997033004556698,-0.004654064355684495,0,0,0.035593461001553806,0.6208238569997775,ProximalPhalanxTW,22
5,5,0.1,hydra,shapley_sampling,0.0,0.0,0.275,-0.2253794712426478,-0.2704736594590085,0,0,0.035593461001553806,0.6208238569997775,ProximalPhalanxTW,22
5,5,0.2,hydra,shapley_sampling,0.0,0.0,0.325,-0.6581165090049983,-0.8588634910946666,0,0,0.035593461001553806,0.6208238569997775,ProximalPhalanxTW,22
5,5,0.05,hydra,feature_ablation,0.0,0.0,0.25,-0.20997033004556698,0.15287173259480513,0,0,0.035593461001553806,0.027264864002063405,ProximalPhalanxTW,22
5,5,0.1,hydra,feature_ablation,0.0,0.0,0.275,-0.2253794712426478,-0.2704736345734009,0,0,0.035593461001553806,0.027264864002063405,ProximalPhalanxTW,22
5,5,0.2,hydra,feature_ablation,0.0,0.0,0.225,-0.6581165090049983,-0.5248702642813072,0,0,0.035593461001553806,0.027264864002063405,ProximalPhalanxTW,22
5,5,0.05,hydra,tshap_centroid,0.0,0.0,0.6625,-0.20997033004556698,0.7541692110863976,0,0,0.035593461001553806,0.002202726998802973,ProximalPhalanxTW,22
5,5,0.1,hydra,tshap_centroid,0.0,0.0,0.65,-0.2253794712426478,0.8017553676028651,0,1,0.035593461001553806,0.002202726998802973,ProximalPhalanxTW,22
5,5,0.2,hydra,tshap_centroid,0.0,0.0,0.625,-0.6581165090049983,0.8920695317947798,0,1,0.035593461001553806,0.002202726998802973,ProximalPhalanxTW,22
5,5,0.05,hydra,tshap_zero,0.0,0.0,0.575,-0.20997033004556698,0.9699086876121693,0,1,0.035593461001553806,0.0020676489984907676,ProximalPhalanxTW,22
5,5,0.1,hydra,tshap_zero,0.0,0.0,0.575,-0.2253794712426478,1.0310547032784547,0,1,0.035593461001553806,0.0020676489984907676,ProximalPhalanxTW,22
5,5,0.2,hydra,tshap_zero,0.0,0.0,0.5875,-0.6581165090049983,0.8519478864300436,0,1,0.035593461001553806,0.0020676489984907676,ProximalPhalanxTW,22
5,5,0.05,hydra,tshap_train,0.0,0.0,0.6625,-0.20997033004556698,0.7541692271110852,0,0,0.035593461001553806,0.03412771100192913,ProximalPhalanxTW,22
5,5,0.1,hydra,tshap_train,0.0,0.0,0.65,-0.2253794712426478,0.8017553721193063,0,1,0.035593461001553806,0.03412771100192913,ProximalPhalanxTW,22
5,5,0.2,hydra,tshap_train,0.0,0.0,0.6125,-0.6581165090049983,0.8915898201482038,0,1,0.035593461001553806,0.03412771100192913,ProximalPhalanxTW,22
5,5,0.05,hydra,mrsqm,0.0,0.0,0.2,-0.20997033004556698,-0.032298699503007566,0,0,0.035593461001553806,2.3734999558655545e-05,ProximalPhalanxTW,22
5,5,0.1,hydra,mrsqm,0.0,0.0,0.175,-0.2253794712426478,-0.050666828132779895,0,0,0.035593461001553806,2.3734999558655545e-05,ProximalPhalanxTW,22
5,5,0.2,hydra,mrsqm,0.23076923076923078,0.375,0.125,-0.6581165090049983,-0.34297456924732383,0,0,0.035593461001553806,2.3734999558655545e-05,ProximalPhalanxTW,22
5,5,0.05,shapley_sampling,feature_ablation,0.0,0.0,0.15,-0.004654064355684495,0.15287173259480513,0,0,0.6208238569997775,0.027264864002063405,ProximalPhalanxTW,22
5,5,0.1,shapley_sampling,feature_ablation,1.0,1.0,0.0,-0.2704736594590085,-0.2704736345734009,0,0,0.6208238569997775,0.027264864002063405,ProximalPhalanxTW,22
5,5,0.2,shapley_sampling,feature_ablation,0.3333333333333333,0.5,0.1,-0.8588634910946666,-0.5248702642813072,0,0,0.6208238569997775,0.027264864002063405,ProximalPhalanxTW,22
5,5,0.05,shapley_sampling,tshap_centroid,0.0,0.0,0.2625,-0.004654064355684495,0.7541692110863976,0,0,0.6208238569997775,0.002202726998802973,ProximalPhalanxTW,22
5,5,0.1,shapley_sampling,tshap_centroid,0.0,0.0,0.375,-0.2704736594590085,0.8017553676028651,0,1,0.6208238569997775,0.002202726998802973,ProximalPhalanxTW,22
5,5,0.2,shapley_sampling,tshap_centroid,0.0,0.0,0.3,-0.8588634910946666,0.8920695317947798,0,1,0.6208238569997775,0.002202726998802973,ProximalPhalanxTW,22
5,5,0.05,shapley_sampling,tshap_zero,0.0,0.0,0.175,-0.004654064355684495,0.9699086876121693,0,1,0.6208238569997775,0.0020676489984907676,ProximalPhalanxTW,22
5,5,0.1,shapley_sampling,tshap_zero,0.0,0.0,0.3,-0.2704736594590085,1.0310547032784547,0,1,0.6208238569997775,0.0020676489984907676,ProximalPhalanxTW,22
5,5,0.2,shapley_sampling,tshap_zero,0.0,0.0,0.2625,-0.8588634910946666,0.8519478864300436,0,1,0.6208238569997775,0.0020676489984907676,ProximalPhalanxTW,22
5,5,0.05,shapley_sampling,tshap_train,0.0,0.0,0.2625,-0.004654064355684495,0.7541692271110852,0,0,0.6208238569997775,0.03412771100192913,ProximalPhalanxTW,22
5,5,0.1,shapley_sampling,tshap_train,0.0,0.0,0.375,-0.2704736594590085,0.8017553721193063,0,1,0.6208238569997775,0.03412771100192913,ProximalPhalanxTW,22
5,5,0.2,shapley_sampling,tshap_train,0.0,0.0,0.2875,-0.8588634910946666,0.8915898201482038,0,1,0.6208238569997775,0.03412771100192913,ProximalPhalanxTW,22
5,5,0.05,shapley_sampling,mrsqm,0.0,0.0,0.6,-0.004654064355684495,-0.032298699503007566,0,0,0.6208238569997775,2.3734999558655545e-05,ProximalPhalanxTW,22
5,5,0.1,shapley_sampling,mrsqm,0.0,0.0,0.45,-0.2704736594590085,-0.050666828132779895,0,0,0.6208238569997775,2.3734999558655545e-05,ProximalPhalanxTW,22
5,5,0.2,shapley_sampling,mrsqm,0.0,0.0,0.45,-0.8588634910946666,-0.34297456924732383,0,0,0.6208238569997775,2.3734999558655545e-05,ProximalPhalanxTW,22
5,5,0.05,feature_ablation,tshap_centroid,0.0,0.0,0.4125,0.15287173259480513,0.7541692110863976,0,0,0.027264864002063405,0.002202726998802973,ProximalPhalanxTW,22
5,5,0.1,feature_ablation,tshap_centroid,0.0,0.0,0.375,-0.2704736345734009,0.8017553676028651,0,1,0.027264864002063405,0.002202726998802973,ProximalPhalanxTW,22
5,5,0.2,feature_ablation,tshap_centroid,0.0,0.0,0.4,-0.5248702642813072,0.8920695317947798,0,1,0.027264864002063405,0.002202726998802973,ProximalPhalanxTW,22
5,5,0.05,feature_ablation,tshap_zero,0.0,0.0,0.325,0.15287173259480513,0.9699086876121693,0,1,0.027264864002063405,0.0020676489984907676,ProximalPhalanxTW,22
5,5,0.1,feature_ablation,tshap_zero,0.0,0.0,0.3,-0.2704736345734009,1.0310547032784547,0,1,0.027264864002063405,0.0020676489984907676,ProximalPhalanxTW,22
5,5,0.2,feature_ablation,tshap_zero,0.0,0.0,0.3625,-0.5248702642813072,0.8519478864300436,0,1,0.027264864002063405,0.0020676489984907676,ProximalPhalanxTW,22
5,5,0.05,feature_ablation,tshap_train,0.0,0.0,0.4125,0.15287173259480513,0.7541692271110852,0,0,0.027264864002063405,0.03412771100192913,ProximalPhalanxTW,22
5,5,0.1,feature_ablation,tshap_train,0.0,0.0,0.375,-0.2704736345734009,0.8017553721193063,0,1,0.027264864002063405,0.03412771100192913,ProximalPhalanxTW,22
5,5,0.2,feature_ablation,tshap_train,0.0,0.0,0.3875,-0.5248702642813072,0.8915898201482038,0,1,0.027264864002063405,0.03412771100192913,ProximalPhalanxTW,22
5,5,0.05,feature_ablation,mrsqm,0.0,0.0,0.45,0.15287173259480513,-0.032298699503007566,0,0,0.027264864002063405,2.3734999558655545e-05,ProximalPhalanxTW,22
5,5,0.1,feature_ablation,mrsqm,0.0,0.0,0.45,-0.2704736345734009,-0.050666828132779895,0,0,0.027264864002063405,2.3734999558655545e-05,ProximalPhalanxTW,22
5,5,0.2,feature_ablation,mrsqm,0.0,0.0,0.35,-0.5248702642813072,-0.34297456924732383,0,0,0.027264864002063405,2.3734999558655545e-05,ProximalPhalanxTW,22
5,5,0.05,tshap_centroid,tshap_zero,0.0,0.0,0.0875,0.7541692110863976,0.9699086876121693,0,1,0.002202726998802973,0.0020676489984907676,ProximalPhalanxTW,22
5,5,0.1,tshap_centroid,tshap_zero,0.14285714285714285,0.25,0.075,0.8017553676028651,1.0310547032784547,1,1,0.002202726998802973,0.0020676489984907676,ProximalPhalanxTW,22
5,5,0.2,tshap_centroid,tshap_zero,0.6842105263157895,0.8125,0.0375,0.8920695317947798,0.8519478864300436,1,1,0.002202726998802973,0.0020676489984907676,ProximalPhalanxTW,22
5,5,0.05,tshap_centroid,tshap_train,1.0,1.0,0.0,0.7541692110863976,0.7541692271110852,0,0,0.002202726998802973,0.03412771100192913,ProximalPhalanxTW,22
5,5,0.1,tshap_centroid,tshap_train,1.0,1.0,0.0,0.8017553676028651,0.8017553721193063,1,1,0.002202726998802973,0.03412771100192913,ProximalPhalanxTW,22
5,5,0.2,tshap_centroid,tshap_train,0.8823529411764706,0.9375,0.0125,0.8920695317947798,0.8915898201482038,1,1,0.002202726998802973,0.03412771100192913,ProximalPhalanxTW,22
5,5,0.05,tshap_centroid,mrsqm,0.0,0.0,0.8625,0.7541692110863976,-0.032298699503007566,0,0,0.002202726998802973,2.3734999558655545e-05,ProximalPhalanxTW,22
5,5,0.1,tshap_centroid,mrsqm,0.0,0.0,0.825,0.8017553676028651,-0.050666828132779895,1,0,0.002202726998802973,2.3734999558655545e-05,ProximalPhalanxTW,22
5,5,0.2,tshap_centroid,mrsqm,0.0,0.0,0.75,0.8920695317947798,-0.34297456924732383,1,0,0.002202726998802973,2.3734999558655545e-05,ProximalPhalanxTW,22
5,5,0.05,tshap_zero,tshap_train,0.0,0.0,0.0875,0.9699086876121693,0.7541692271110852,1,0,0.0020676489984907676,0.03412771100192913,ProximalPhalanxTW,22
5,5,0.1,tshap_zero,tshap_train,0.14285714285714285,0.25,0.075,1.0310547032784547,0.8017553721193063,1,1,0.0020676489984907676,0.03412771100192913,ProximalPhalanxTW,22
5,5,0.2,tshap_zero,tshap_train,0.7777777777777778,0.875,0.025,0.8519478864300436,0.8915898201482038,1,1,0.0020676489984907676,0.03412771100192913,ProximalPhalanxTW,22
5,5,0.05,tshap_zero,mrsqm,0.0,0.0,0.775,0.9699086876121693,-0.032298699503007566,1,0,0.0020676489984907676,2.3734999558655545e-05,ProximalPhalanxTW,22
5,5,0.1,tshap_zero,mrsqm,0.0,0.0,0.75,1.0310547032784547,-0.050666828132779895,1,0,0.0020676489984907676,2.3734999558655545e-05,ProximalPhalanxTW,22
5,5,0.2,tshap_zero,mrsqm,0.0,0.0,0.7125,0.8519478864300436,-0.34297456924732383,1,0,0.0020676489984907676,2.3734999558655545e-05,ProximalPhalanxTW,22
5,5,0.05,tshap_train,mrsqm,0.0,0.0,0.8625,0.7541692271110852,-0.032298699503007566,0,0,0.03412771100192913,2.3734999558655545e-05,ProximalPhalanxTW,22
5,5,0.1,tshap_train,mrsqm,0.0,0.0,0.825,0.8017553721193063,-0.050666828132779895,1,0,0.03412771100192913,2.3734999558655545e-05,ProximalPhalanxTW,22
5,5,0.2,tshap_train,mrsqm,0.0,0.0,0.7375,0.8915898201482038,-0.34297456924732383,1,0,0.03412771100192913,2.3734999558655545e-05,ProximalPhalanxTW,22
1,1,0.05,hydra,shapley_sampling,0.0,0.0,0.0625,0.7668182280532435,0.686306105160321,1,0,0.035880939998605754,0.623850236999715,ProximalPhalanxTW,143
1,1,0.1,hydra,shapley_sampling,0.0,0.0,0.1,1.1389276999007196,1.0715760426115066,1,1,0.035880939998605754,0.623850236999715,ProximalPhalanxTW,143
1,1,0.2,hydra,shapley_sampling,0.391304347826087,0.5625,0.0875,0.7466797600456048,0.8408139301744287,1,1,0.035880939998605754,0.623850236999715,ProximalPhalanxTW,143
1,1,0.05,hydra,feature_ablation,0.0,0.0,0.1125,0.7668182280532435,0.7148433344555299,1,0,0.035880939998605754,0.02671962199747213,ProximalPhalanxTW,143
1,1,0.1,hydra,feature_ablation,1.0,1.0,0.0,1.1389276999007196,1.1389277391410992,1,1,0.035880939998605754,0.02671962199747213,ProximalPhalanxTW,143
1,1,0.2,hydra,feature_ablation,0.28,0.4375,0.1125,0.7466797600456048,0.7195432505579822,1,1,0.035880939998605754,0.02671962199747213,ProximalPhalanxTW,143
1,1,0.05,hydra,tshap_centroid,0.0,0.0,0.2125,0.7668182280532435,1.0389615597046127,1,1,0.035880939998605754,0.0022789319991716184,ProximalPhalanxTW,143
1,1,0.1,hydra,tshap_centroid,0.06666666666666667,0.125,0.0875,1.1389276999007196,1.3519894736738558,1,1,0.035880939998605754,0.0022789319991716184,ProximalPhalanxTW,143
1,1,0.2,hydra,tshap_centroid,0.0,0.0,0.2125,0.7466797600456048,0.9204365093661537,1,1,0.035880939998605754,0.0022789319991716184,ProximalPhalanxTW,143
1,1,0.05,hydra,tshap_zero,0.0,0.0,0.175,0.7668182280532435,1.3051661264018837,1,1,0.035880939998605754,0.002065555003355257,ProximalPhalanxTW,143
1,1,0.1,hydra,tshap_zero,0.0,0.0,0.3,1.1389276999007196,1.6634556029904113,1,1,0.035880939998605754,0.002065555003355257,ProximalPhalanxTW,143
1,1,0.2,hydra,tshap_zero,0.0,0.0,0.225,0.7466797600456048,2.063287133660302,1,1,0.035880939998605754,0.002065555003355257,ProximalPhalanxTW,143
1,1,0.05,hydra,tshap_train,0.6,0.75,0.0125,0.7668182280532435,0.641643226779301,1,0,0.035880939998605754,0.031212654001137707,ProximalPhalanxTW,143
1,1,0.1,hydra,tshap_train,0.0,0.0,0.125,1.1389276999007196,0.6141071634695945,1,0,0.035880939998605754,0.031212654001137707,ProximalPhalanxTW,143
1,1,0.2,hydra,tshap_train,0.6,0.75,0.05,0.7466797600456048,0.881280177557521,1,1,0.035880939998605754,0.031212654001137707,ProximalPhalanxTW,143
1,1,0.05,hydra,mrsqm,0.0,0.0,0.6125,0.7668182280532435,-0.05971481898720071,1,0,0.035880939998605754,2.5518998882034793e-05,ProximalPhalanxTW,143
1,1,0.1,hydra,mrsqm,0.0,0.0,0.45,1.1389276999007196,0.2860818584480107,1,0,0.035880939998605754,2.5518998882034793e-05,ProximalPhalanxTW,143
1,1,0.2,hydra,mrsqm,0.0,0.0,0.4625,0.7466797600456048,-0.7260781487948038,1,0,0.035880939998605754,2.5518998882034793e-05,ProximalPhalanxTW,143
1,1,0.05,shapley_sampling,feature_ablation,0.0,0.0,0.05,0.686306105160321,0.7148433344555299,0,0,0.623850236999715,0.02671962199747213,ProximalPhalanxTW,143
1,1,0.1,shapley_sampling,feature_ablation,0.0,0.0,0.1,1.0715760426115066,1.1389277391410992,1,1,0.623850236999715,0.02671962199747213,ProximalPhalanxTW,143
1,1,0.2,shapley_sampling,feature_ablation,0.0,0.0,0.2,0.8408139301744287,0.7195432505579822,1,1,0.623850236999715,0.02671962199747213,ProximalPhalanxTW,143
1,1,0.05,shapley_sampling,tshap_centroid,0.0,0.0,0.15,0.686306105160321,1.0389615597046127,0,1,0.623850236999715,0.0022789319991716184,ProximalPhalanxTW,143
1,1,0.1,shapley_sampling,tshap_centroid,0.0,0.0,0.1875,1.0715760426115066,1.3519894736738558,1,1,0.623850236999715,0.0022789319991716184,ProximalPhalanxTW,143
1,1,0.2,shapley_sampling,tshap_centroid,0.0,0.0,0.3,0.8408139301744287,0.9204365093661537,1,1,0.623850236999715,0.0022789319991716184,ProximalPhalanxTW,143
1,1,0.05,shapley_sampling,tshap_zero,0.0,0.0,0.2375,0.686306105160321,1.3051661264018837,0,1,0.623850236999715,0.002065555003355257,ProximalPhalanxTW,143
1,1,0.1,shapley_sampling,tshap_zero,0.0,0.0,0.2,1.0715760426115066,1.6634556029904113,1,1,0.623850236999715,0.002065555003355257,ProximalPhalanxTW,143
1,1,0.2,shapley_sampling,tshap_zero,0.18518518518518517,0.3125,0.1375,0.8408139301744287,2.063287133660302,1,1,0.623850236999715,0.002065555003355257,ProximalPhalanxTW,143
1,1,0.05,shapley_sampling,tshap_train,0.0,0.0,0.05,0.686306105160321,0.641643226779301,0,0,0.623850236999715,0.031212654001137707,ProximalPhalanxTW,143
1,1,0.1,shapley_sampling,tshap_train,0.6,0.75,0.025,1.0715760426115066,0.6141071634695945,1,0,0.623850236999715,0.031212654001137707,ProximalPhalanxTW,143
1,1,0.2,shapley_sampling,tshap_train,0.6842105263157895,0.8125,0.0375,0.8408139301744287,0.881280177557521,1,1,0.623850236999715,0.031212654001137707,ProximalPhalanxTW,143
1,1,0.05,shapley_sampling,mrsqm,0.0,0.0,0.55,0.686306105160321,-0.05971481898720071,0,0,0.623850236999715,2.5518998882034793e-05,ProximalPhalanxTW,143
1,1,0.1,shapley_sampling,mrsqm,0.0,0.0,0.55,1.0715760426115066,0.2860818584480107,1,0,0.623850236999715,2.5518998882034793e-05,ProximalPhalanxTW,143
1,1,0.2,shapley_sampling,mrsqm,0.0,0.0,0.55,0.8408139301744287,-0.7260781487948038,1,0,0.623850236999715,2.5518998882034793e-05,ProximalPhalanxTW,143
1,1,0.05,feature_ablation,tshap_centroid,0.0,0.0,0.1,0.7148433344555299,1.0389615597046127,0,1,0.02671962199747213,0.0022789319991716184,ProximalPhalanxTW,143
1,1,0.1,feature_ablation,tshap_centroid,0.06666666666666667,0.125,0.0875,1.1389277391410992,1.3519894736738558,1,1,0.02671962199747213,0.0022789319991716184,ProximalPhalanxTW,143
1,1,0.2,feature_ablation,tshap_centroid,0.3333333333333333,0.5,0.1,0.7195432505579822,0.9204365093661537,1,1,0.02671962199747213,0.0022789319991716184,ProximalPhalanxTW,143
1,1,0.05,feature_ablation,tshap_zero,0.0,0.0,0.2875,0.7148433344555299,1.3051661264018837,0,1,0.02671962199747213,0.002065555003355257,ProximalPhalanxTW,143
1,1,0.1,feature_ablation,tshap_zero,0.0,0.0,0.3,1.1389277391410992,1.6634556029904113,1,1,0.02671962199747213,0.002065555003355257,ProximalPhalanxTW,143
1,1,0.2,feature_ablation,tshap_zero,0.0,0.0,0.3375,0.7195432505579822,2.063287133660302,1,1,0.02671962199747213,0.002065555003355257,ProximalPhalanxTW,143
1,1,0.05,feature_ablation,tshap_train,0.0,0.0,0.1,0.7148433344555299,0.641643226779301,0,0,0.02671962199747213,0.031212654001137707,ProximalPhalanxTW,143
1,1,0.1,feature_ablation,tshap_train,0.0,0.0,0.125,1.1389277391410992,0.6141071634695945,1,0,0.02671962199747213,0.031212654001137707,ProximalPhalanxTW,143
1,1,0.2,feature_ablation,tshap_train,0.10344827586206896,0.1875,0.1625,0.7195432505579822,0.881280177557521,1,1,0.02671962199747213,0.031212654001137707,ProximalPhalanxTW,143
1,1,0.05,feature_ablation,mrsqm,0.0,0.0,0.5,0.7148433344555299,-0.05971481898720071,0,0,0.02671962199747213,2.5518998882034793e-05,ProximalPhalanxTW,143
1,1,0.1,feature_ablation,mrsqm,0.0,0.0,0.45,1.1389277391410992,0.2860818584480107,1,0,0.02671962199747213,2.5518998882034793e-05,ProximalPhalanxTW,143
1,1,0.2,feature_ablation,mrsqm,0.0,0.0,0.35,0.7195432505579822,-0.7260781487948038,1,0,0.02671962199747213,2.5518998882034793e-05,ProximalPhalanxTW,143
1,1,0.05,tshap_centroid,tshap_zero,0.0,0.0,0.3875,1.0389615597046127,1.3051661264018837,1,1,0.0022789319991716184,0.002065555003355257,ProximalPhalanxTW,143
1,1,0.1,tshap_centroid,tshap_zero,0.0,0.0,0.3875,1.3519894736738558,1.6634556029904113,1,1,0.0022789319991716184,0.002065555003355257,ProximalPhalanxTW,143
1,1,0.2,tshap_centroid,tshap_zero,0.0,0.0,0.4375,0.9204365093661537,2.063287133660302,1,1,0.0022789319991716184,0.002065555003355257,ProximalPhalanxTW,143
1,1,0.05,tshap_centroid,tshap_train,0.0,0.0,0.2,1.0389615597046127,0.641643226779301,1,0,0.0022789319991716184,0.031212654001137707,ProximalPhalanxTW,143
1,1,0.1,tshap_centroid,tshap_train,0.0,0.0,0.2125,1.3519894736738558,0.6141071634695945,1,0,0.0022789319991716184,0.031212654001137707,ProximalPhalanxTW,143
1,1,0.2,tshap_centroid,tshap_train,0.0,0.0,0.2625,0.9204365093661537,0.881280177557521,1,1,0.0022789319991716184,0.031212654001137707,ProximalPhalanxTW,143
1,1,0.05,tshap_centroid,mrsqm,0.0,0.0,0.4,1.0389615597046127,-0.05971481898720071,1,0,0.0022789319991716184,2.5518998882034793e-05,ProximalPhalanxTW,143
1,1,0.1,tshap_centroid,mrsqm,0.0,0.0,0.3625,1.3519894736738558,0.2860818584480107,1,0,0.0022789319991716184,2.5518998882034793e-05,ProximalPhalanxTW,143
1,1,0.2,tshap_centroid,mrsqm,0.0,0.0,0.25,0.9204365093661537,-0.7260781487948038,1,0,0.0022789319991716184,2.5518998882034793e-05,ProximalPhalanxTW,143
1,1,0.05,tshap_zero,tshap_train,0.0,0.0,0.1875,1.3051661264018837,0.641643226779301,1,0,0.002065555003355257,0.031212654001137707,ProximalPhalanxTW,143
1,1,0.1,tshap_zero,tshap_train,0.0,0.0,0.175,1.6634556029904113,0.6141071634695945,1,0,0.002065555003355257,0.031212654001137707,ProximalPhalanxTW,143
1,1,0.2,tshap_zero,tshap_train,0.06666666666666667,0.125,0.175,2.063287133660302,0.881280177557521,1,1,0.002065555003355257,0.031212654001137707,ProximalPhalanxTW,143
1,1,0.05,tshap_zero,mrsqm,0.0,0.0,0.7875,1.3051661264018837,-0.05971481898720071,1,0,0.002065555003355257,2.5518998882034793e-05,ProximalPhalanxTW,143
1,1,0.1,tshap_zero,mrsqm,0.0,0.0,0.75,1.6634556029904113,0.2860818584480107,1,0,0.002065555003355257,2.5518998882034793e-05,ProximalPhalanxTW,143
1,1,0.2,tshap_zero,mrsqm,0.0,0.0,0.6875,2.063287133660302,-0.7260781487948038,1,0,0.002065555003355257,2.5518998882034793e-05,ProximalPhalanxTW,143
1,1,0.05,tshap_train,mrsqm,0.0,0.0,0.6,0.641643226779301,-0.05971481898720071,0,0,0.031212654001137707,2.5518998882034793e-05,ProximalPhalanxTW,143
1,1,0.1,tshap_train,mrsqm,0.0,0.0,0.575,0.6141071634695945,0.2860818584480107,0,0,0.031212654001137707,2.5518998882034793e-05,ProximalPhalanxTW,143
1,1,0.2,tshap_train,mrsqm,0.0,0.0,0.5125,0.881280177557521,-0.7260781487948038,1,0,0.031212654001137707,2.5518998882034793e-05,ProximalPhalanxTW,143
5,5,0.05,hydra,shapley_sampling,0.0,0.0,0.1,-0.05076352802566564,0.15173450569599667,0,0,0.03563701399980346,0.6250612090007053,ProximalPhalanxTW,156
5,5,0.1,hydra,shapley_sampling,0.23076923076923078,0.375,0.0625,-0.20028104766386945,0.0792530823317964,0,0,0.03563701399980346,0.6250612090007053,ProximalPhalanxTW,156
5,5,0.2,hydra,shapley_sampling,0.8823529411764706,0.9375,0.0125,-0.6268946775099931,-0.5800983652204237,0,0,0.03563701399980346,0.6250612090007053,ProximalPhalanxTW,156
5,5,0.05,hydra,feature_ablation,0.0,0.0,0.25,-0.05076352802566564,0.06852604718578803,0,0,0.03563701399980346,0.02701773200169555,ProximalPhalanxTW,156
5,5,0.1,hydra,feature_ablation,0.0,0.0,0.2875,-0.20028104766386945,-0.24630566875810178,0,0,0.03563701399980346,0.02701773200169555,ProximalPhalanxTW,156
5,5,0.2,hydra,feature_ablation,0.0,0.0,0.3375,-0.6268946775099931,-0.7820229873626965,0,0,0.03563701399980346,0.02701773200169555,ProximalPhalanxTW,156
5,5,0.05,hydra,tshap_centroid,0.0,0.0,0.6625,-0.05076352802566564,0.8361728342832505,0,0,0.03563701399980346,0.0021996510004100855,ProximalPhalanxTW,156
5,5,0.1,hydra,tshap_centroid,0.0,0.0,0.6625,-0.20028104766386945,0.9124206690545306,0,1,0.03563701399980346,0.0021996510004100855,ProximalPhalanxTW,156
5,5,0.2,hydra,tshap_centroid,0.0,0.0,0.625,-0.6268946775099931,1.041017104487536,0,1,0.03563701399980346,0.0021996510004100855,ProximalPhalanxTW,156
5,5,0.05,hydra,tshap_zero,0.0,0.0,0.575,-0.05076352802566564,1.0847669742877666,0,1,0.03563701399980346,0.0021020549975219183,ProximalPhalanxTW,156
5,5,0.1,hydra,tshap_zero,0.0,0.0,0.5875,-0.20028104766386945,1.1344916010806618,0,1,0.03563701399980346,0.0021020549975219183,ProximalPhalanxTW,156
5,5,0.2,hydra,tshap_zero,0.0,0.0,0.6,-0.6268946775099931,1.00004912326287,0,1,0.03563701399980346,0.0021020549975219183,ProximalPhalanxTW,156
5,5,0.05,hydra,tshap_train,0.0,0.0,0.6625,-0.05076352802566564,0.8361728471347828,0,0,0.03563701399980346,0.031439947997569107,ProximalPhalanxTW,156
5,5,0.1,hydra,tshap_train,0.0,0.0,0.65,-0.20028104766386945,0.9205921398279422,0,1,0.03563701399980346,0.031439947997569107,ProximalPhalanxTW,156
5,5,0.2,hydra,tshap_train,0.0,0.0,0.625,-0.6268946775099931,1.0410171181240808,0,1,0.03563701399980346,0.031439947997569107,ProximalPhalanxTW,156
5,5,0.05,hydra,mrsqm,0.0,0.0,0.2,-0.05076352802566564,-0.010660593841808397,0,0,0.03563701399980346,2.4736997147556394e-05,ProximalPhalanxTW,156
5,5,0.1,hydra,mrsqm,0.0,0.0,0.1625,-0.20028104766386945,-0.038514619856026555,0,0,0.03563701399980346,2.4736997147556394e-05,ProximalPhalanxTW,156
5,5,0.2,hydra,mrsqm,0.28,0.4375,0.1125,-0.6268946775099931,-0.28334186818848317,0,0,0.03563701399980346,2.4736997147556394e-05,ProximalPhalanxTW,156
5,5,0.05,shapley_sampling,feature_ablation,0.0,0.0,0.35,0.15173450569599667,0.06852604718578803,0,0,0.6250612090007053,0.02701773200169555,ProximalPhalanxTW,156
5,5,0.1,shapley_sampling,feature_ablation,0.0,0.0,0.35,0.0792530823317964,-0.24630566875810178,0,0,0.6250612090007053,0.02701773200169555,ProximalPhalanxTW,156
5,5,0.2,shapley_sampling,feature_ablation,0.0,0.0,0.35,-0.5800983652204237,-0.7820229873626965,0,0,0.6250612090007053,0.02701773200169555,ProximalPhalanxTW,156
5,5,0.05,shapley_sampling,tshap_centroid,0.0,0.0,0.7625,0.15173450569599667,0.8361728342832505,0,0,0.6250612090007053,0.0021996510004100855,ProximalPhalanxTW,156
5,5,0.1,shapley_sampling,tshap_centroid,0.0,0.0,0.725,0.0792530823317964,0.9124206690545306,0,1,0.6250612090007053,0.0021996510004100855,ProximalPhalanxTW,156
5,5,0.2,shapley_sampling,tshap_centroid,0.0,0.0,0.6375,-0.5800983652204237,1.041017104487536,0,1,0.6250612090007053,0.0021996510004100855,ProximalPhalanxTW,156
5,5,0.05,shapley_sampling,tshap_zero,0.0,0.0,0.675,0.15173450569599667,1.0847669742877666,0,1,0.6250612090007053,0.0021020549975219183,ProximalPhalanxTW,156
5,5,0.1,shapley_sampling,tshap_zero,0.0,0.0,0.65,0.0792530823317964,1.1344916010806618,0,1,0.6250612090007053,0.0021020549975219183,ProximalPhalanxTW,156
5,5,0.2,shapley_sampling,tshap_zero,0.0,0.0,0.6125,-0.5800983652204237,1.00004912326287,0,1,0.6250612090007053,0.0021020549975219183,ProximalPhalanxTW,156
5,5,0.05,shapley_sampling,tshap_train,0.0,0.0,0.7625,0.15173450569599667,0.8361728471347828,0,0,0.6250612090007053,0.031439947997569107,ProximalPhalanxTW,156
5,5,0.1,shapley_sampling,tshap_train,0.0,0.0,0.7125,0.0792530823317964,0.9205921398279422,0,1,0.6250612090007053,0.031439947997569107,ProximalPhalanxTW,156
5,5,0.2,shapley_sampling,tshap_train,0.0,0.0,0.6375,-0.5800983652204237,1.0410171181240808,0,1,0.6250612090007053,0.031439947997569107,ProximalPhalanxTW,156
5,5,0.05,shapley_sampling,mrsqm,0.0,0.0,0.1,0.15173450569599667,-0.010660593841808397,0,0,0.6250612090007053,2.4736997147556394e-05,ProximalPhalanxTW,156
5,5,0.1,shapley_sampling,mrsqm,0.0,0.0,0.1,0.0792530823317964,-0.038514619856026555,0,0,0.6250612090007053,2.4736997147556394e-05,ProximalPhalanxTW,156
5,5,0.2,shapley_sampling,mrsqm,0.3333333333333333,0.5,0.1,-0.5800983652204237,-0.28334186818848317,0,0,0.6250612090007053,2.4736997147556394e-05,ProximalPhalanxTW,156
5,5,0.05,feature_ablation,tshap_centroid,0.0,0.0,0.4125,0.06852604718578803,0.8361728342832505,0,0,0.02701773200169555,0.0021996510004100855,ProximalPhalanxTW,156
5,5,0.1,feature_ablation,tshap_centroid,0.0,0.0,0.375,-0.24630566875810178,0.9124206690545306,0,1,0.02701773200169555,0.0021996510004100855,ProximalPhalanxTW,156
5,5,0.2,feature_ablation,tshap_centroid,0.0,0.0,0.2875,-0.7820229873626965,1.041017104487536,0,1,0.02701773200169555,0.0021996510004100855,ProximalPhalanxTW,156
5,5,0.05,feature_ablation,tshap_zero,0.0,0.0,0.325,0.06852604718578803,1.0847669742877666,0,1,0.02701773200169555,0.0021020549975219183,ProximalPhalanxTW,156
5,5,0.1,feature_ablation,tshap_zero,0.0,0.0,0.3,-0.24630566875810178,1.1344916010806618,0,1,0.02701773200169555,0.0021020549975219183,ProximalPhalanxTW,156
5,5,0.2,feature_ablation,tshap_zero,0.0,0.0,0.2625,-0.7820229873626965,1.00004912326287,0,1,0.02701773200169555,0.0021020549975219183,ProximalPhalanxTW,156
5,5,0.05,feature_ablation,tshap_train,0.0,0.0,0.4125,0.06852604718578803,0.8361728471347828,0,0,0.02701773200169555,0.031439947997569107,ProximalPhalanxTW,156
5,5,0.1,feature_ablation,tshap_train,0.0,0.0,0.3625,-0.24630566875810178,0.9205921398279422,0,1,0.02701773200169555,0.031439947997569107,ProximalPhalanxTW,156
5,5,0.2,feature_ablation,tshap_train,0.0,0.0,0.2875,-0.7820229873626965,1.0410171181240808,0,1,0.02701773200169555,0.031439947997569107,ProximalPhalanxTW,156
5,5,0.05,feature_ablation,mrsqm,0.0,0.0,0.45,0.06852604718578803,-0.010660593841808397,0,0,0.02701773200169555,2.4736997147556394e-05,ProximalPhalanxTW,156
5,5,0.1,feature_ablation,mrsqm,0.0,0.0,0.45,-0.24630566875810178,-0.038514619856026555,0,0,0.02701773200169555,2.4736997147556394e-05,ProximalPhalanxTW,156
5,5,0.2,feature_ablation,mrsqm,0.0,0.0,0.45,-0.7820229873626965,-0.28334186818848317,0,0,0.02701773200169555,2.4736997147556394e-05,ProximalPhalanxTW,156
5,5,0.05,tshap_centroid,tshap_zero,0.0,0.0,0.0875,0.8361728342832505,1.0847669742877666,0,1,0.0021996510004100855,0.0021020549975219183,ProximalPhalanxTW,156
5,5,0.1,tshap_centroid,tshap_zero,0.14285714285714285,0.25,0.075,0.9124206690545306,1.1344916010806618,1,1,0.0021996510004100855,0.0021020549975219183,ProximalPhalanxTW,156
5,5,0.2,tshap_centroid,tshap_zero,0.7777777777777778,0.875,0.025,1.041017104487536,1.00004912326287,1,1,0.0021996510004100855,0.0021020549975219183,ProximalPhalanxTW,156
5,5,0.05,tshap_centroid,tshap_train,1.0,1.0,0.0,0.8361728342832505,0.8361728471347828,0,0,0.0021996510004100855,0.031439947997569107,ProximalPhalanxTW,156
5,5,0.1,tshap_centroid,tshap_train,0.7777777777777778,0.875,0.0125,0.9124206690545306,0.9205921398279422,1,1,0.0021996510004100855,0.031439947997569107,ProximalPhalanxTW,156
5,5,0.2,tshap_centroid,tshap_train,1.0,1.0,0.0,1.041017104487536,1.0410171181240808,1,1,0.0021996510004100855,0.031439947997569107,ProximalPhalanxTW,156
5,5,0.05,tshap_centroid,mrsqm,0.0,0.0,0.8625,0.8361728342832505,-0.010660593841808397,0,0,0.0021996510004100855,2.4736997147556394e-05,ProximalPhalanxTW,156
5,5,0.1,tshap_centroid,mrsqm,0.0,0.0,0.825,0.9124206690545306,-0.038514619856026555,1,0,0.0021996510004100855,2.4736997147556394e-05,ProximalPhalanxTW,156
5,5,0.2,tshap_centroid,mrsqm,0.0,0.0,0.7375,1.041017104487536,-0.28334186818848317,1,0,0.0021996510004100855,2.4736997147556394e-05,ProximalPhalanxTW,156
5,5,0.05,tshap_zero,tshap_train,0.0,0.0,0.0875,1.0847669742877666,0.8361728471347828,1,0,0.0021020549975219183,0.031439947997569107,ProximalPhalanxTW,156
5,5,0.1,tshap_zero,tshap_train,0.23076923076923078,0.375,0.0625,1.1344916010806618,0.9205921398279422,1,1,0.0021020549975219183,0.031439947997569107,ProximalPhalanxTW,156
5,5,0.2,tshap_zero,tshap_train,0.7777777777777778,0.875,0.025,1.00004912326287,1.0410171181240808,1,1,0.0021020549975219183,0.031439947997569107,ProximalPhalanxTW,156
5,5,0.05,tshap_zero,mrsqm,0.0,0.0,0.775,1.0847669742877666,-0.010660593841808397,1,0,0.0021020549975219183,2.4736997147556394e-05,ProximalPhalanxTW,156
5,5,0.1,tshap_zero,mrsqm,0.0,0.0,0.75,1.1344916010806618,-0.038514619856026555,1,0,0.0021020549975219183,2.4736997147556394e-05,ProximalPhalanxTW,156
5,5,0.2,tshap_zero,mrsqm,0.0,0.0,0.7125,1.00004912326287,-0.28334186818848317,1,0,0.0021020549975219183,2.4736997147556394e-05,ProximalPhalanxTW,156
5,5,0.05,tshap_train,mrsqm,0.0,0.0,0.8625,0.8361728471347828,-0.010660593841808397,0,0,0.031439947997569107,2.4736997147556394e-05,ProximalPhalanxTW,156
5,5,0.1,tshap_train,mrsqm,0.0,0.0,0.8125,0.9205921398279422,-0.038514619856026555,1,0,0.031439947997569107,2.4736997147556394e-05,ProximalPhalanxTW,156
5,5,0.2,tshap_train,mrsqm,0.0,0.0,0.7375,1.0410171181240808,-0.28334186818848317,1,0,0.031439947997569107,2.4736997147556394e-05,ProximalPhalanxTW,156
5,5,0.05,hydra,shapley_sampling,0.0,0.0,0.425,-0.20628533559831952,-0.04653986628562401,0,0,0.035813370002870215,0.6234195140023076,ProximalPhalanxTW,82
5,5,0.1,hydra,shapley_sampling,0.0,0.0,0.375,-0.4963408514445763,-0.2859678111008309,0,0,0.035813370002870215,0.6234195140023076,ProximalPhalanxTW,82
5,5,0.2,hydra,shapley_sampling,0.45454545454545453,0.625,0.075,-0.9155800740263694,-0.5223909738974529,0,0,0.035813370002870215,0.6234195140023076,ProximalPhalanxTW,82
5,5,0.05,hydra,feature_ablation,0.0,0.0,0.125,-0.20628533559831952,0.012567035919490488,0,0,0.035813370002870215,0.02674861699779285,ProximalPhalanxTW,82
5,5,0.1,hydra,feature_ablation,0.14285714285714285,0.25,0.075,-0.4963408514445763,-0.37373438277151017,0,0,0.035813370002870215,0.02674861699779285,ProximalPhalanxTW,82
5,5,0.2,hydra,feature_ablation,0.7777777777777778,0.875,0.025,-0.9155800740263694,-0.696343221287851,0,0,0.035813370002870215,0.02674861699779285,ProximalPhalanxTW,82
5,5,0.05,hydra,tshap_centroid,0.0,0.0,0.2875,-0.20628533559831952,0.8582988886758337,0,0,0.035813370002870215,0.002206755001679994,ProximalPhalanxTW,82
5,5,0.1,hydra,tshap_centroid,0.0,0.0,0.3,-0.4963408514445763,0.8862594207506551,0,1,0.035813370002870215,0.002206755001679994,ProximalPhalanxTW,82
5,5,0.2,hydra,tshap_centroid,0.0,0.0,0.3125,-0.9155800740263694,0.9965969750524639,0,1,0.035813370002870215,0.002206755001679994,ProximalPhalanxTW,82
5,5,0.05,hydra,tshap_zero,0.0,0.0,0.2125,-0.20628533559831952,1.041009234288651,0,1,0.035813370002870215,0.0020797420002054423,ProximalPhalanxTW,82
5,5,0.1,hydra,tshap_zero,0.0,0.0,0.2375,-0.4963408514445763,1.1725406486610286,0,1,0.035813370002870215,0.0020797420002054423,ProximalPhalanxTW,82
5,5,0.2,hydra,tshap_zero,0.0,0.0,0.2875,-0.9155800740263694,1.04265342849694,0,1,0.035813370002870215,0.0020797420002054423,ProximalPhalanxTW,82
5,5,0.05,hydra,tshap_train,0.0,0.0,0.2875,-0.20628533559831952,0.8582988982626475,0,0,0.035813370002870215,0.03156146100081969,ProximalPhalanxTW,82
5,5,0.1,hydra,tshap_train,0.0,0.0,0.2875,-0.4963408514445763,0.9458801546766892,0,1,0.035813370002870215,0.03156146100081969,ProximalPhalanxTW,82
5,5,0.2,hydra,tshap_train,0.0,0.0,0.3125,-0.9155800740263694,0.9965969801460552,0,1,0.035813370002870215,0.03156146100081969,ProximalPhalanxTW,82
5,5,0.05,hydra,mrsqm,0.0,0.0,0.575,-0.20628533559831952,-0.020725025370521122,0,0,0.035813370002870215,2.4968001525849104e-05,ProximalPhalanxTW,82
5,5,0.1,hydra,mrsqm,0.0,0.0,0.525,-0.4963408514445763,0.0037615044442372847,0,0,0.035813370002870215,2.4968001525849104e-05,ProximalPhalanxTW,82
5,5,0.2,hydra,mrsqm,0.0,0.0,0.425,-0.9155800740263694,-0.2471018670417343,0,0,0.035813370002870215,2.4968001525849104e-05,ProximalPhalanxTW,82
5,5,0.05,shapley_sampling,feature_ablation,0.0,0.0,0.3,-0.04653986628562401,0.012567035919490488,0,0,0.6234195140023076,0.02674861699779285,ProximalPhalanxTW,82
5,5,0.1,shapley_sampling,feature_ablation,0.0,0.0,0.3,-0.2859678111008309,-0.37373438277151017,0,0,0.6234195140023076,0.02674861699779285,ProximalPhalanxTW,82
5,5,0.2,shapley_sampling,feature_ablation,0.6,0.75,0.05,-0.5223909738974529,-0.696343221287851,0,0,0.6234195140023076,0.02674861699779285,ProximalPhalanxTW,82
5,5,0.05,shapley_sampling,tshap_centroid,0.0,0.0,0.7125,-0.04653986628562401,0.8582988886758337,0,0,0.6234195140023076,0.002206755001679994,ProximalPhalanxTW,82
5,5,0.1,shapley_sampling,tshap_centroid,0.0,0.0,0.675,-0.2859678111008309,0.8862594207506551,0,1,0.6234195140023076,0.002206755001679994,ProximalPhalanxTW,82
5,5,0.2,shapley_sampling,tshap_centroid,0.0,0.0,0.3875,-0.5223909738974529,0.9965969750524639,0,1,0.6234195140023076,0.002206755001679994,ProximalPhalanxTW,82
5,5,0.05,shapley_sampling,tshap_zero,0.0,0.0,0.6375,-0.04653986628562401,1.041009234288651,0,1,0.6234195140023076,0.0020797420002054423,ProximalPhalanxTW,82
5,5,0.1,shapley_sampling,tshap_zero,0.0,0.0,0.6125,-0.2859678111008309,1.1725406486610286,0,1,0.6234195140023076,0.0020797420002054423,ProximalPhalanxTW,82
5,5,0.2,shapley_sampling,tshap_zero,0.0,0.0,0.3625,-0.5223909738974529,1.04265342849694,0,1,0.6234195140023076,0.0020797420002054423,ProximalPhalanxTW,82
5,5,0.05,shapley_sampling,tshap_train,0.0,0.0,0.7125,-0.04653986628562401,0.8582988982626475,0,0,0.6234195140023076,0.03156146100081969,ProximalPhalanxTW,82
5,5,0.1,shapley_sampling,tshap_train,0.0,0.0,0.6625,-0.2859678111008309,0.9458801546766892,0,1,0.6234195140023076,0.03156146100081969,ProximalPhalanxTW,82
5,5,0.2,shapley_sampling,tshap_train,0.0,0.0,0.3875,-0.5223909738974529,0.9965969801460552,0,1,0.6234195140023076,0.03156146100081969,ProximalPhalanxTW,82
5,5,0.05,shapley_sampling,mrsqm,0.0,0.0,0.15,-0.04653986628562401,-0.020725025370521122,0,0,0.6234195140023076,2.4968001525849104e-05,ProximalPhalanxTW,82
5,5,0.1,shapley_sampling,mrsqm,0.0,0.0,0.15,-0.2859678111008309,0.0037615044442372847,0,0,0.6234195140023076,2.4968001525849104e-05,ProximalPhalanxTW,82
5,5,0.2,shapley_sampling,mrsqm,0.0,0.0,0.35,-0.5223909738974529,-0.2471018670417343,0,0,0.6234195140023076,2.4968001525849104e-05,ProximalPhalanxTW,82
5,5,0.05,feature_ablation,tshap_centroid,0.0,0.0,0.4125,0.012567035919490488,0.8582988886758337,0,0,0.02674861699779285,0.002206755001679994,ProximalPhalanxTW,82
5,5,0.1,feature_ablation,tshap_centroid,0.0,0.0,0.375,-0.37373438277151017,0.8862594207506551,0,1,0.02674861699779285,0.002206755001679994,ProximalPhalanxTW,82
5,5,0.2,feature_ablation,tshap_centroid,0.0,0.0,0.3375,-0.696343221287851,0.9965969750524639,0,1,0.02674861699779285,0.002206755001679994,ProximalPhalanxTW,82
5,5,0.05,feature_ablation,tshap_zero,0.0,0.0,0.3375,0.012567035919490488,1.041009234288651,0,1,0.02674861699779285,0.0020797420002054423,ProximalPhalanxTW,82
5,5,0.1,feature_ablation,tshap_zero,0.0,0.0,0.3125,-0.37373438277151017,1.1725406486610286,0,1,0.02674861699779285,0.0020797420002054423,ProximalPhalanxTW,82
5,5,0.2,feature_ablation,tshap_zero,0.0,0.0,0.3125,-0.696343221287851,1.04265342849694,0,1,0.02674861699779285,0.0020797420002054423,ProximalPhalanxTW,82
5,5,0.05,feature_ablation,tshap_train,0.0,0.0,0.4125,0.012567035919490488,0.8582988982626475,0,0,0.02674861699779285,0.03156146100081969,ProximalPhalanxTW,82
5,5,0.1,feature_ablation,tshap_train,0.0,0.0,0.3625,-0.37373438277151017,0.9458801546766892,0,1,0.02674861699779285,0.03156146100081969,ProximalPhalanxTW,82
5,5,0.2,feature_ablation,tshap_train,0.0,0.0,0.3375,-0.696343221287851,0.9965969801460552,0,1,0.02674861699779285,0.03156146100081969,ProximalPhalanxTW,82
5,5,0.05,feature_ablation,mrsqm,0.0,0.0,0.45,0.012567035919490488,-0.020725025370521122,0,0,0.02674861699779285,2.4968001525849104e-05,ProximalPhalanxTW,82
5,5,0.1,feature_ablation,mrsqm,0.0,0.0,0.45,-0.37373438277151017,0.0037615044442372847,0,0,0.02674861699779285,2.4968001525849104e-05,ProximalPhalanxTW,82
5,5,0.2,feature_ablation,mrsqm,0.0,0.0,0.4,-0.696343221287851,-0.2471018670417343,0,0,0.02674861699779285,2.4968001525849104e-05,ProximalPhalanxTW,82
5,5,0.05,tshap_centroid,tshap_zero,0.0,0.0,0.075,0.8582988886758337,1.041009234288651,0,1,0.002206755001679994,0.0020797420002054423,ProximalPhalanxTW,82
5,5,0.1,tshap_centroid,tshap_zero,0.23076923076923078,0.375,0.0625,0.8862594207506551,1.1725406486610286,1,1,0.002206755001679994,0.0020797420002054423,ProximalPhalanxTW,82
5,5,0.2,tshap_centroid,tshap_zero,0.7777777777777778,0.875,0.025,0.9965969750524639,1.04265342849694,1,1,0.002206755001679994,0.0020797420002054423,ProximalPhalanxTW,82
5,5,0.05,tshap_centroid,tshap_train,1.0,1.0,0.0,0.8582988886758337,0.8582988982626475,0,0,0.002206755001679994,0.03156146100081969,ProximalPhalanxTW,82
5,5,0.1,tshap_centroid,tshap_train,0.7777777777777778,0.875,0.0125,0.8862594207506551,0.9458801546766892,1,1,0.002206755001679994,0.03156146100081969,ProximalPhalanxTW,82
5,5,0.2,tshap_centroid,tshap_train,1.0,1.0,0.0,0.9965969750524639,0.9965969801460552,1,1,0.002206755001679994,0.03156146100081969,ProximalPhalanxTW,82
5,5,0.05,tshap_centroid,mrsqm,0.0,0.0,0.8625,0.8582988886758337,-0.020725025370521122,0,0,0.002206755001679994,2.4968001525849104e-05,ProximalPhalanxTW,82
5,5,0.1,tshap_centroid,mrsqm,0.0,0.0,0.825,0.8862594207506551,0.0037615044442372847,1,0,0.002206755001679994,2.4968001525849104e-05,ProximalPhalanxTW,82
5,5,0.2,tshap_centroid,mrsqm,0.0,0.0,0.7375,0.9965969750524639,-0.2471018670417343,1,0,0.002206755001679994,2.4968001525849104e-05,ProximalPhalanxTW,82
5,5,0.05,tshap_zero,tshap_train,0.0,0.0,0.075,1.041009234288651,0.8582988982626475,1,0,0.0020797420002054423,0.03156146100081969,ProximalPhalanxTW,82
5,5,0.1,tshap_zero,tshap_train,0.3333333333333333,0.5,0.05,1.1725406486610286,0.9458801546766892,1,1,0.0020797420002054423,0.03156146100081969,ProximalPhalanxTW,82
5,5,0.2,tshap_zero,tshap_train,0.7777777777777778,0.875,0.025,1.04265342849694,0.9965969801460552,1,1,0.0020797420002054423,0.03156146100081969,ProximalPhalanxTW,82
5,5,0.05,tshap_zero,mrsqm,0.0,0.0,0.7875,1.041009234288651,-0.020725025370521122,1,0,0.0020797420002054423,2.4968001525849104e-05,ProximalPhalanxTW,82
5,5,0.1,tshap_zero,mrsqm,0.0,0.0,0.7625,1.1725406486610286,0.0037615044442372847,1,0,0.0020797420002054423,2.4968001525849104e-05,ProximalPhalanxTW,82
5,5,0.2,tshap_zero,mrsqm,0.0,0.0,0.7125,1.04265342849694,-0.2471018670417343,1,0,0.0020797420002054423,2.4968001525849104e-05,ProximalPhalanxTW,82
5,5,0.05,tshap_train,mrsqm,0.0,0.0,0.8625,0.8582988982626475,-0.020725025370521122,0,0,0.03156146100081969,2.4968001525849104e-05,ProximalPhalanxTW,82
5,5,0.1,tshap_train,mrsqm,0.0,0.0,0.8125,0.9458801546766892,0.0037615044442372847,1,0,0.03156146100081969,2.4968001525849104e-05,ProximalPhalanxTW,82
5,5,0.2,tshap_train,mrsqm,0.0,0.0,0.7375,0.9965969801460552,-0.2471018670417343,1,0,0.03156146100081969,2.4968001525849104e-05,ProximalPhalanxTW,82
5,5,0.05,hydra,shapley_sampling,0.0,0.0,0.2625,-0.07701410043705714,-0.10500712871694573,0,0,0.03565697199883289,0.6272219870006666,ProximalPhalanxTW,130
5,5,0.1,hydra,shapley_sampling,0.0,0.0,0.2625,-0.2378218866569789,-0.21248374204958898,0,0,0.03565697199883289,0.6272219870006666,ProximalPhalanxTW,130
5,5,0.2,hydra,shapley_sampling,0.0,0.0,0.275,-0.6431570271391885,-0.612359312864991,0,0,0.03565697199883289,0.6272219870006666,ProximalPhalanxTW,130
5,5,0.05,hydra,feature_ablation,0.0,0.0,0.0625,-0.07701410043705714,0.12625604812229652,0,0,0.03565697199883289,0.0268292319997272,ProximalPhalanxTW,130
5,5,0.1,hydra,feature_ablation,0.23076923076923078,0.375,0.0625,-0.2378218866569789,-0.19377365175966343,0,0,0.03565697199883289,0.0268292319997272,ProximalPhalanxTW,130
5,5,0.2,hydra,feature_ablation,0.7777777777777778,0.875,0.025,-0.6431570271391885,-0.5485958057610515,0,0,0.03565697199883289,0.0268292319997272,ProximalPhalanxTW,130
5,5,0.05,hydra,tshap_centroid,0.0,0.0,0.35,-0.07701410043705714,0.905565543828254,0,0,0.03565697199883289,0.0021968349974486046,ProximalPhalanxTW,130
5,5,0.1,hydra,tshap_centroid,0.0,0.0,0.3,-0.2378218866569789,1.0090387564775913,0,1,0.03565697199883289,0.0021968349974486046,ProximalPhalanxTW,130
5,5,0.2,hydra,tshap_centroid,0.0,0.0,0.3125,-0.6431570271391885,1.112619983219988,0,1,0.03565697199883289,0.0021968349974486046,ProximalPhalanxTW,130
5,5,0.05,hydra,tshap_zero,0.0,0.0,0.275,-0.07701410043705714,1.1493862756057542,0,1,0.03565697199883289,0.0020691419995273463,ProximalPhalanxTW,130
5,5,0.1,hydra,tshap_zero,0.0,0.0,0.25,-0.2378218866569789,1.179407098058445,0,1,0.03565697199883289,0.0020691419995273463,ProximalPhalanxTW,130
5,5,0.2,hydra,tshap_zero,0.0,0.0,0.2875,-0.6431570271391885,1.1177353301174675,0,1,0.03565697199883289,0.0020691419995273463,ProximalPhalanxTW,130
5,5,0.05,hydra,tshap_train,0.0,0.0,0.35,-0.07701410043705714,0.9055655398974474,0,0,0.03565697199883289,0.031478971999604255,ProximalPhalanxTW,130
5,5,0.1,hydra,tshap_train,0.0,0.0,0.3,-0.2378218866569789,1.009038763497352,0,1,0.03565697199883289,0.031478971999604255,ProximalPhalanxTW,130
5,5,0.2,hydra,tshap_train,0.0,0.0,0.3,-0.6431570271391885,1.0832766109713006,0,1,0.03565697199883289,0.031478971999604255,ProximalPhalanxTW,130
5,5,0.05,hydra,mrsqm,0.0,0.0,0.5125,-0.07701410043705714,-0.06633343904341105,0,0,0.03565697199883289,2.635000055306591e-05,ProximalPhalanxTW,130
5,5,0.1,hydra,mrsqm,0.0,0.0,0.5125,-0.2378218866569789,0.02335098670117941,0,0,0.03565697199883289,2.635000055306591e-05,ProximalPhalanxTW,130
5,5,0.2,hydra,mrsqm,0.0,0.0,0.425,-0.6431570271391885,-0.18638866496290019,0,0,0.03565697199883289,2.635000055306591e-05,ProximalPhalanxTW,130
5,5,0.05,shapley_sampling,feature_ablation,0.0,0.0,0.2,-0.10500712871694573,0.12625604812229652,0,0,0.6272219870006666,0.0268292319997272,ProximalPhalanxTW,130
5,5,0.1,shapley_sampling,feature_ablation,0.0,0.0,0.2,-0.21248374204958898,-0.19377365175966343,0,0,0.6272219870006666,0.0268292319997272,ProximalPhalanxTW,130
5,5,0.2,shapley_sampling,feature_ablation,0.0,0.0,0.25,-0.612359312864991,-0.5485958057610515,0,0,0.6272219870006666,0.0268292319997272,ProximalPhalanxTW,130
5,5,0.05,shapley_sampling,tshap_centroid,0.0,0.0,0.6125,-0.10500712871694573,0.905565543828254,0,0,0.6272219870006666,0.0021968349974486046,ProximalPhalanxTW,130
5,5,0.1,shapley_sampling,tshap_centroid,0.0,0.0,0.5625,-0.21248374204958898,1.0090387564775913,0,1,0.6272219870006666,0.0021968349974486046,ProximalPhalanxTW,130
5,5,0.2,shapley_sampling,tshap_centroid,0.0,0.0,0.5875,-0.612359312864991,1.112619983219988,0,1,0.6272219870006666,0.0021968349974486046,ProximalPhalanxTW,130
5,5,0.05,shapley_sampling,tshap_zero,0.0,0.0,0.5375,-0.10500712871694573,1.1493862756057542,0,1,0.6272219870006666,0.0020691419995273463,ProximalPhalanxTW,130
5,5,0.1,shapley_sampling,tshap_zero,0.0,0.0,0.5125,-0.21248374204958898,1.179407098058445,0,1,0.6272219870006666,0.0020691419995273463,ProximalPhalanxTW,130
5,5,0.2,shapley_sampling,tshap_zero,0.0,0.0,0.5625,-0.612359312864991,1.1177353301174675,0,1,0.6272219870006666,0.0020691419995273463,ProximalPhalanxTW,130
5,5,0.05,shapley_sampling,tshap_train,0.0,0.0,0.6125,-0.10500712871694573,0.9055655398974474,0,0,0.6272219870006666,0.031478971999604255,ProximalPhalanxTW,130
5,5,0.1,shapley_sampling,tshap_train,0.0,0.0,0.5625,-0.21248374204958898,1.009038763497352,0,1,0.6272219870006666,0.031478971999604255,ProximalPhalanxTW,130
5,5,0.2,shapley_sampling,tshap_train,0.0,0.0,0.575,-0.612359312864991,1.0832766109713006,0,1,0.6272219870006666,0.031478971999604255,ProximalPhalanxTW,130
5,5,0.05,shapley_sampling,mrsqm,0.0,0.0,0.25,-0.10500712871694573,-0.06633343904341105,0,0,0.6272219870006666,2.635000055306591e-05,ProximalPhalanxTW,130
5,5,0.1,shapley_sampling,mrsqm,0.0,0.0,0.25,-0.21248374204958898,0.02335098670117941,0,0,0.6272219870006666,2.635000055306591e-05,ProximalPhalanxTW,130
5,5,0.2,shapley_sampling,mrsqm,0.14285714285714285,0.25,0.15,-0.612359312864991,-0.18638866496290019,0,0,0.6272219870006666,2.635000055306591e-05,ProximalPhalanxTW,130
5,5,0.05,feature_ablation,tshap_centroid,0.0,0.0,0.4125,0.12625604812229652,0.905565543828254,0,0,0.0268292319997272,0.0021968349974486046,ProximalPhalanxTW,130
5,5,0.1,feature_ablation,tshap_centroid,0.0,0.0,0.3625,-0.19377365175966343,1.0090387564775913,0,1,0.0268292319997272,0.0021968349974486046,ProximalPhalanxTW,130
5,5,0.2,feature_ablation,tshap_centroid,0.0,0.0,0.3375,-0.5485958057610515,1.112619983219988,0,1,0.0268292319997272,0.0021968349974486046,ProximalPhalanxTW,130
5,5,0.05,feature_ablation,tshap_zero,0.0,0.0,0.3375,0.12625604812229652,1.1493862756057542,0,1,0.0268292319997272,0.0020691419995273463,ProximalPhalanxTW,130
5,5,0.1,feature_ablation,tshap_zero,0.0,0.0,0.3125,-0.19377365175966343,1.179407098058445,0,1,0.0268292319997272,0.0020691419995273463,ProximalPhalanxTW,130
5,5,0.2,feature_ablation,tshap_zero,0.0,0.0,0.3125,-0.5485958057610515,1.1177353301174675,0,1,0.0268292319997272,0.0020691419995273463,ProximalPhalanxTW,130
5,5,0.05,feature_ablation,tshap_train,0.0,0.0,0.4125,0.12625604812229652,0.9055655398974474,0,0,0.0268292319997272,0.031478971999604255,ProximalPhalanxTW,130
5,5,0.1,feature_ablation,tshap_train,0.0,0.0,0.3625,-0.19377365175966343,1.009038763497352,0,1,0.0268292319997272,0.031478971999604255,ProximalPhalanxTW,130
5,5,0.2,feature_ablation,tshap_train,0.0,0.0,0.325,-0.5485958057610515,1.0832766109713006,0,1,0.0268292319997272,0.031478971999604255,ProximalPhalanxTW,130
5,5,0.05,feature_ablation,mrsqm,0.0,0.0,0.45,0.12625604812229652,-0.06633343904341105,0,0,0.0268292319997272,2.635000055306591e-05,ProximalPhalanxTW,130
5,5,0.1,feature_ablation,mrsqm,0.0,0.0,0.45,-0.19377365175966343,0.02335098670117941,0,0,0.0268292319997272,2.635000055306591e-05,ProximalPhalanxTW,130
5,5,0.2,feature_ablation,mrsqm,0.0,0.0,0.4,-0.5485958057610515,-0.18638866496290019,0,0,0.0268292319997272,2.635000055306591e-05,ProximalPhalanxTW,130
5,5,0.05,tshap_centroid,tshap_zero,0.0,0.0,0.075,0.905565543828254,1.1493862756057542,0,1,0.0021968349974486046,0.0020691419995273463,ProximalPhalanxTW,130
5,5,0.1,tshap_centroid,tshap_zero,0.3333333333333333,0.5,0.05,1.0090387564775913,1.179407098058445,1,1,0.0021968349974486046,0.0020691419995273463,ProximalPhalanxTW,130
5,5,0.2,tshap_centroid,tshap_zero,0.7777777777777778,0.875,0.025,1.112619983219988,1.1177353301174675,1,1,0.0021968349974486046,0.0020691419995273463,ProximalPhalanxTW,130
5,5,0.05,tshap_centroid,tshap_train,1.0,1.0,0.0,0.905565543828254,0.9055655398974474,0,0,0.0021968349974486046,0.031478971999604255,ProximalPhalanxTW,130
5,5,0.1,tshap_centroid,tshap_train,1.0,1.0,0.0,1.0090387564775913,1.009038763497352,1,1,0.0021968349974486046,0.031478971999604255,ProximalPhalanxTW,130
5,5,0.2,tshap_centroid,tshap_train,0.8823529411764706,0.9375,0.0125,1.112619983219988,1.0832766109713006,1,1,0.0021968349974486046,0.031478971999604255,ProximalPhalanxTW,130
5,5,0.05,tshap_centroid,mrsqm,0.0,0.0,0.8625,0.905565543828254,-0.06633343904341105,0,0,0.0021968349974486046,2.635000055306591e-05,ProximalPhalanxTW,130
5,5,0.1,tshap_centroid,mrsqm,0.0,0.0,0.8125,1.0090387564775913,0.02335098670117941,1,0,0.0021968349974486046,2.635000055306591e-05,ProximalPhalanxTW,130
5,5,0.2,tshap_centroid,mrsqm,0.0,0.0,0.7375,1.112619983219988,-0.18638866496290019,1,0,0.0021968349974486046,2.635000055306591e-05,ProximalPhalanxTW,130
5,5,0.05,tshap_zero,tshap_train,0.0,0.0,0.075,1.1493862756057542,0.9055655398974474,1,0,0.0020691419995273463,0.031478971999604255,ProximalPhalanxTW,130
5,5,0.1,tshap_zero,tshap_train,0.3333333333333333,0.5,0.05,1.179407098058445,1.009038763497352,1,1,0.0020691419995273463,0.031478971999604255,ProximalPhalanxTW,130
5,5,0.2,tshap_zero,tshap_train,0.8823529411764706,0.9375,0.0125,1.1177353301174675,1.0832766109713006,1,1,0.0020691419995273463,0.031478971999604255,ProximalPhalanxTW,130
5,5,0.05,tshap_zero,mrsqm,0.0,0.0,0.7875,1.1493862756057542,-0.06633343904341105,1,0,0.0020691419995273463,2.635000055306591e-05,ProximalPhalanxTW,130
5,5,0.1,tshap_zero,mrsqm,0.0,0.0,0.7625,1.179407098058445,0.02335098670117941,1,0,0.0020691419995273463,2.635000055306591e-05,ProximalPhalanxTW,130
5,5,0.2,tshap_zero,mrsqm,0.0,0.0,0.7125,1.1177353301174675,-0.18638866496290019,1,0,0.0020691419995273463,2.635000055306591e-05,ProximalPhalanxTW,130
5,5,0.05,tshap_train,mrsqm,0.0,0.0,0.8625,0.9055655398974474,-0.06633343904341105,0,0,0.031478971999604255,2.635000055306591e-05,ProximalPhalanxTW,130
5,5,0.1,tshap_train,mrsqm,0.0,0.0,0.8125,1.009038763497352,0.02335098670117941,1,0,0.031478971999604255,2.635000055306591e-05,ProximalPhalanxTW,130
5,5,0.2,tshap_train,mrsqm,0.0,0.0,0.725,1.0832766109713006,-0.18638866496290019,1,0,0.031478971999604255,2.635000055306591e-05,ProximalPhalanxTW,130
5,5,0.05,hydra,shapley_sampling,0.0,0.0,0.075,-0.132920741014244,0.1547521287578738,0,0,0.03591027600123198,0.6243877429988061,ProximalPhalanxTW,104
5,5,0.1,hydra,shapley_sampling,0.0,0.0,0.125,-0.41220445984582066,0.11688940633723821,0,0,0.03591027600123198,0.6243877429988061,ProximalPhalanxTW,104
5,5,0.2,hydra,shapley_sampling,0.391304347826087,0.5625,0.0875,-0.8317185282677823,-0.5615149847962017,0,0,0.03591027600123198,0.6243877429988061,ProximalPhalanxTW,104
5,5,0.05,hydra,feature_ablation,0.0,0.0,0.075,-0.132920741014244,0.15475212737438593,0,0,0.03591027600123198,0.027304089002427645,ProximalPhalanxTW,104
5,5,0.1,hydra,feature_ablation,0.14285714285714285,0.25,0.075,-0.41220445984582066,-0.2326325800781811,0,0,0.03591027600123198,0.027304089002427645,ProximalPhalanxTW,104
5,5,0.2,hydra,feature_ablation,0.6842105263157895,0.8125,0.0375,-0.8317185282677823,-0.6195516512291325,0,0,0.03591027600123198,0.027304089002427645,ProximalPhalanxTW,104
5,5,0.05,hydra,tshap_centroid,0.0,0.0,0.3375,-0.132920741014244,0.8867379401269445,0,0,0.03591027600123198,0.0022230249996937346,ProximalPhalanxTW,104
5,5,0.1,hydra,tshap_centroid,0.0,0.0,0.3,-0.41220445984582066,0.9039334467955767,0,0,0.03591027600123198,0.0022230249996937346,ProximalPhalanxTW,104
5,5,0.2,hydra,tshap_centroid,0.0,0.0,0.3,-0.8317185282677823,1.0204915939411228,0,1,0.03591027600123198,0.0022230249996937346,ProximalPhalanxTW,104
5,5,0.05,hydra,tshap_zero,0.0,0.0,0.2625,-0.132920741014244,1.0418946456661937,0,0,0.03591027600123198,0.0020970450023014564,ProximalPhalanxTW,104
5,5,0.1,hydra,tshap_zero,0.0,0.0,0.225,-0.41220445984582066,1.1623065896186275,0,1,0.03591027600123198,0.0020970450023014564,ProximalPhalanxTW,104
5,5,0.2,hydra,tshap_zero,0.0,0.0,0.275,-0.8317185282677823,1.0428810771078636,0,1,0.03591027600123198,0.0020970450023014564,ProximalPhalanxTW,104
5,5,0.05,hydra,tshap_train,0.0,0.0,0.3375,-0.132920741014244,0.8867379646679739,0,0,0.03591027600123198,0.0345732819987461,ProximalPhalanxTW,104
5,5,0.1,hydra,tshap_train,0.0,0.0,0.2875,-0.41220445984582066,0.9422027195598859,0,1,0.03591027600123198,0.0345732819987461,ProximalPhalanxTW,104
5,5,0.2,hydra,tshap_train,0.0,0.0,0.2875,-0.8317185282677823,1.061499236134882,0,1,0.03591027600123198,0.0345732819987461,ProximalPhalanxTW,104
5,5,0.05,hydra,mrsqm,0.0,0.0,0.525,-0.132920741014244,0.028422022363765453,0,0,0.03591027600123198,2.600000152597204e-05,ProximalPhalanxTW,104
5,5,0.1,hydra,mrsqm,0.0,0.0,0.525,-0.41220445984582066,0.03605031265407832,0,0,0.03591027600123198,2.600000152597204e-05,ProximalPhalanxTW,104
5,5,0.2,hydra,mrsqm,0.0,0.0,0.4375,-0.8317185282677823,-0.31653713019231555,0,0,0.03591027600123198,2.600000152597204e-05,ProximalPhalanxTW,104
5,5,0.05,shapley_sampling,feature_ablation,1.0,1.0,0.0,0.1547521287578738,0.15475212737438593,0,0,0.6243877429988061,0.027304089002427645,ProximalPhalanxTW,104
5,5,0.1,shapley_sampling,feature_ablation,0.3333333333333333,0.5,0.05,0.11688940633723821,-0.2326325800781811,0,0,0.6243877429988061,0.027304089002427645,ProximalPhalanxTW,104
5,5,0.2,shapley_sampling,feature_ablation,0.6,0.75,0.05,-0.5615149847962017,-0.6195516512291325,0,0,0.6243877429988061,0.027304089002427645,ProximalPhalanxTW,104
5,5,0.05,shapley_sampling,tshap_centroid,0.0,0.0,0.4125,0.1547521287578738,0.8867379401269445,0,0,0.6243877429988061,0.0022230249996937346,ProximalPhalanxTW,104
5,5,0.1,shapley_sampling,tshap_centroid,0.0,0.0,0.425,0.11688940633723821,0.9039334467955767,0,0,0.6243877429988061,0.0022230249996937346,ProximalPhalanxTW,104
5,5,0.2,shapley_sampling,tshap_centroid,0.0,0.0,0.3875,-0.5615149847962017,1.0204915939411228,0,1,0.6243877429988061,0.0022230249996937346,ProximalPhalanxTW,104
5,5,0.05,shapley_sampling,tshap_zero,0.0,0.0,0.3375,0.1547521287578738,1.0418946456661937,0,0,0.6243877429988061,0.0020970450023014564,ProximalPhalanxTW,104
5,5,0.1,shapley_sampling,tshap_zero,0.0,0.0,0.35,0.11688940633723821,1.1623065896186275,0,1,0.6243877429988061,0.0020970450023014564,ProximalPhalanxTW,104
5,5,0.2,shapley_sampling,tshap_zero,0.0,0.0,0.3625,-0.5615149847962017,1.0428810771078636,0,1,0.6243877429988061,0.0020970450023014564,ProximalPhalanxTW,104
5,5,0.05,shapley_sampling,tshap_train,0.0,0.0,0.4125,0.1547521287578738,0.8867379646679739,0,0,0.6243877429988061,0.0345732819987461,ProximalPhalanxTW,104
5,5,0.1,shapley_sampling,tshap_train,0.0,0.0,0.4125,0.11688940633723821,0.9422027195598859,0,1,0.6243877429988061,0.0345732819987461,ProximalPhalanxTW,104
5,5,0.2,shapley_sampling,tshap_train,0.0,0.0,0.375,-0.5615149847962017,1.061499236134882,0,1,0.6243877429988061,0.0345732819987461,ProximalPhalanxTW,104
5,5,0.05,shapley_sampling,mrsqm,0.0,0.0,0.45,0.1547521287578738,0.028422022363765453,0,0,0.6243877429988061,2.600000152597204e-05,ProximalPhalanxTW,104
5,5,0.1,shapley_sampling,mrsqm,0.0,0.0,0.4,0.11688940633723821,0.03605031265407832,0,0,0.6243877429988061,2.600000152597204e-05,ProximalPhalanxTW,104
5,5,0.2,shapley_sampling,mrsqm,0.0,0.0,0.35,-0.5615149847962017,-0.31653713019231555,0,0,0.6243877429988061,2.600000152597204e-05,ProximalPhalanxTW,104
5,5,0.05,feature_ablation,tshap_centroid,0.0,0.0,0.4125,0.15475212737438593,0.8867379401269445,0,0,0.027304089002427645,0.0022230249996937346,ProximalPhalanxTW,104
5,5,0.1,feature_ablation,tshap_centroid,0.0,0.0,0.375,-0.2326325800781811,0.9039334467955767,0,0,0.027304089002427645,0.0022230249996937346,ProximalPhalanxTW,104
5,5,0.2,feature_ablation,tshap_centroid,0.0,0.0,0.3375,-0.6195516512291325,1.0204915939411228,0,1,0.027304089002427645,0.0022230249996937346,ProximalPhalanxTW,104
5,5,0.05,feature_ablation,tshap_zero,0.0,0.0,0.3375,0.15475212737438593,1.0418946456661937,0,0,0.027304089002427645,0.0020970450023014564,ProximalPhalanxTW,104
5,5,0.1,feature_ablation,tshap_zero,0.0,0.0,0.3,-0.2326325800781811,1.1623065896186275,0,1,0.027304089002427645,0.0020970450023014564,ProximalPhalanxTW,104
5,5,0.2,feature_ablation,tshap_zero,0.0,0.0,0.3125,-0.6195516512291325,1.0428810771078636,0,1,0.027304089002427645,0.0020970450023014564,ProximalPhalanxTW,104
5,5,0.05,feature_ablation,tshap_train,0.0,0.0,0.4125,0.15475212737438593,0.8867379646679739,0,0,0.027304089002427645,0.0345732819987461,ProximalPhalanxTW,104
5,5,0.1,feature_ablation,tshap_train,0.0,0.0,0.3625,-0.2326325800781811,0.9422027195598859,0,1,0.027304089002427645,0.0345732819987461,ProximalPhalanxTW,104
5,5,0.2,feature_ablation,tshap_train,0.0,0.0,0.325,-0.6195516512291325,1.061499236134882,0,1,0.027304089002427645,0.0345732819987461,ProximalPhalanxTW,104
5,5,0.05,feature_ablation,mrsqm,0.0,0.0,0.45,0.15475212737438593,0.028422022363765453,0,0,0.027304089002427645,2.600000152597204e-05,ProximalPhalanxTW,104
5,5,0.1,feature_ablation,mrsqm,0.0,0.0,0.45,-0.2326325800781811,0.03605031265407832,0,0,0.027304089002427645,2.600000152597204e-05,ProximalPhalanxTW,104
5,5,0.2,feature_ablation,mrsqm,0.0,0.0,0.4,-0.6195516512291325,-0.31653713019231555,0,0,0.027304089002427645,2.600000152597204e-05,ProximalPhalanxTW,104
5,5,0.05,tshap_centroid,tshap_zero,0.0,0.0,0.075,0.8867379401269445,1.0418946456661937,0,0,0.0022230249996937346,0.0020970450023014564,ProximalPhalanxTW,104
5,5,0.1,tshap_centroid,tshap_zero,0.14285714285714285,0.25,0.075,0.9039334467955767,1.1623065896186275,0,1,0.0022230249996937346,0.0020970450023014564,ProximalPhalanxTW,104
5,5,0.2,tshap_centroid,tshap_zero,0.7777777777777778,0.875,0.025,1.0204915939411228,1.0428810771078636,1,1,0.0022230249996937346,0.0020970450023014564,ProximalPhalanxTW,104
5,5,0.05,tshap_centroid,tshap_train,1.0,1.0,0.0,0.8867379401269445,0.8867379646679739,0,0,0.0022230249996937346,0.0345732819987461,ProximalPhalanxTW,104
5,5,0.1,tshap_centroid,tshap_train,0.7777777777777778,0.875,0.0125,0.9039334467955767,0.9422027195598859,0,1,0.0022230249996937346,0.0345732819987461,ProximalPhalanxTW,104
5,5,0.2,tshap_centroid,tshap_train,0.8823529411764706,0.9375,0.0125,1.0204915939411228,1.061499236134882,1,1,0.0022230249996937346,0.0345732819987461,ProximalPhalanxTW,104
5,5,0.05,tshap_centroid,mrsqm,0.0,0.0,0.8625,0.8867379401269445,0.028422022363765453,0,0,0.0022230249996937346,2.600000152597204e-05,ProximalPhalanxTW,104
5,5,0.1,tshap_centroid,mrsqm,0.0,0.0,0.825,0.9039334467955767,0.03605031265407832,0,0,0.0022230249996937346,2.600000152597204e-05,ProximalPhalanxTW,104
5,5,0.2,tshap_centroid,mrsqm,0.0,0.0,0.7375,1.0204915939411228,-0.31653713019231555,1,0,0.0022230249996937346,2.600000152597204e-05,ProximalPhalanxTW,104
5,5,0.05,tshap_zero,tshap_train,0.0,0.0,0.075,1.0418946456661937,0.8867379646679739,0,0,0.0020970450023014564,0.0345732819987461,ProximalPhalanxTW,104
5,5,0.1,tshap_zero,tshap_train,0.23076923076923078,0.375,0.0625,1.1623065896186275,0.9422027195598859,1,1,0.0020970450023014564,0.0345732819987461,ProximalPhalanxTW,104
5,5,0.2,tshap_zero,tshap_train,0.8823529411764706,0.9375,0.0125,1.0428810771078636,1.061499236134882,1,1,0.0020970450023014564,0.0345732819987461,ProximalPhalanxTW,104
5,5,0.05,tshap_zero,mrsqm,0.0,0.0,0.7875,1.0418946456661937,0.028422022363765453,0,0,0.0020970450023014564,2.600000152597204e-05,ProximalPhalanxTW,104
5,5,0.1,tshap_zero,mrsqm,0.0,0.0,0.75,1.1623065896186275,0.03605031265407832,1,0,0.0020970450023014564,2.600000152597204e-05,ProximalPhalanxTW,104
5,5,0.2,tshap_zero,mrsqm,0.0,0.0,0.7125,1.0428810771078636,-0.31653713019231555,1,0,0.0020970450023014564,2.600000152597204e-05,ProximalPhalanxTW,104
5,5,0.05,tshap_train,mrsqm,0.0,0.0,0.8625,0.8867379646679739,0.028422022363765453,0,0,0.0345732819987461,2.600000152597204e-05,ProximalPhalanxTW,104
5,5,0.1,tshap_train,mrsqm,0.0,0.0,0.8125,0.9422027195598859,0.03605031265407832,1,0,0.0345732819987461,2.600000152597204e-05,ProximalPhalanxTW,104
5,5,0.2,tshap_train,mrsqm,0.0,0.0,0.725,1.061499236134882,-0.31653713019231555,1,0,0.0345732819987461,2.600000152597204e-05,ProximalPhalanxTW,104
