true_label,pred_label,fraction,method_a,method_b,iou,overlap_fraction,normalised_centre_distance,score_drop_a,score_drop_b,flipped_a,flipped_b,explain_time_a_s,explain_time_b_s,dataset,sample_idx
1,1,0.05,hydra,shapley_sampling,0.4,0.5714285714285714,0.02142857142857143,0.5452619139661002,0.38372866991859944,0,0,0.08724251099920366,0.7487643640015449,ECG5000,3390
1,1,0.1,hydra,shapley_sampling,0.0,0.0,0.45,0.1315461927626025,0.7840957891002756,0,0,0.08724251099920366,0.7487643640015449,ECG5000,3390
1,1,0.2,hydra,shapley_sampling,0.0,0.0,0.39285714285714285,-0.11801741731325177,0.8074427636777428,0,1,0.08724251099920366,0.7487643640015449,ECG5000,3390
1,1,0.05,hydra,feature_ablation,0.4,0.5714285714285714,0.02142857142857143,0.5452619139661002,0.38372866815076967,0,0,0.08724251099920366,0.03272720799941453,ECG5000,3390
1,1,0.1,hydra,feature_ablation,0.0,0.0,0.45,0.1315461927626025,0.7840957909168412,0,0,0.08724251099920366,0.03272720799941453,ECG5000,3390
1,1,0.2,hydra,feature_ablation,0.0,0.0,0.39285714285714285,-0.11801741731325177,0.8074427689174404,0,1,0.08724251099920366,0.03272720799941453,ECG5000,3390
1,1,0.05,hydra,tshap_centroid,0.5555555555555556,0.7142857142857143,0.014285714285714285,0.5452619139661002,0.4038939136268678,0,0,0.08724251099920366,0.015236519997415598,ECG5000,3390
1,1,0.1,hydra,tshap_centroid,0.0,0.0,0.42857142857142855,0.1315461927626025,0.6767161195977659,0,0,0.08724251099920366,0.015236519997415598,ECG5000,3390
1,1,0.2,hydra,tshap_centroid,0.0,0.0,0.39285714285714285,-0.11801741731325177,0.8074427593779697,0,1,0.08724251099920366,0.015236519997415598,ECG5000,3390
1,1,0.05,hydra,tshap_zero,0.75,0.8571428571428571,0.007142857142857143,0.5452619139661002,0.5610263916555843,0,0,0.08724251099920366,0.006198430000949884,ECG5000,3390
1,1,0.1,hydra,tshap_zero,0.0,0.0,0.4357142857142857,0.1315461927626025,0.8078704214655938,0,1,0.08724251099920366,0.006198430000949884,ECG5000,3390
1,1,0.2,hydra,tshap_zero,0.0,0.0,0.39285714285714285,-0.11801741731325177,0.8074427631502191,0,1,0.08724251099920366,0.006198430000949884,ECG5000,3390
1,1,0.05,hydra,mrsqm,0.0,0.0,0.9214285714285714,0.5452619139661002,0.3165561483875339,0,0,0.08724251099920366,1.9246002921136096e-05,ECG5000,3390
1,1,0.1,hydra,mrsqm,0.0,0.0,0.45,0.1315461927626025,0.14205392549762275,0,0,0.08724251099920366,1.9246002921136096e-05,ECG5000,3390
1,1,0.2,hydra,mrsqm,0.0,0.0,0.40714285714285714,-0.11801741731325177,0.1545588772937564,0,0,0.08724251099920366,1.9246002921136096e-05,ECG5000,3390
1,1,0.05,shapley_sampling,feature_ablation,1.0,1.0,0.0,0.38372866991859944,0.38372866815076967,0,0,0.7487643640015449,0.03272720799941453,ECG5000,3390
1,1,0.1,shapley_sampling,feature_ablation,1.0,1.0,0.0,0.7840957891002756,0.7840957909168412,0,0,0.7487643640015449,0.03272720799941453,ECG5000,3390
1,1,0.2,shapley_sampling,feature_ablation,1.0,1.0,0.0,0.8074427636777428,0.8074427689174404,1,1,0.7487643640015449,0.03272720799941453,ECG5000,3390
1,1,0.05,shapley_sampling,tshap_centroid,0.75,0.8571428571428571,0.007142857142857143,0.38372866991859944,0.4038939136268678,0,0,0.7487643640015449,0.015236519997415598,ECG5000,3390
1,1,0.1,shapley_sampling,tshap_centroid,0.6470588235294118,0.7857142857142857,0.02142857142857143,0.7840957891002756,0.6767161195977659,0,0,0.7487643640015449,0.015236519997415598,ECG5000,3390
1,1,0.2,shapley_sampling,tshap_centroid,1.0,1.0,0.0,0.8074427636777428,0.8074427593779697,1,1,0.7487643640015449,0.015236519997415598,ECG5000,3390
1,1,0.05,shapley_sampling,tshap_zero,0.5555555555555556,0.7142857142857143,0.014285714285714285,0.38372866991859944,0.5610263916555843,0,0,0.7487643640015449,0.006198430000949884,ECG5000,3390
1,1,0.1,shapley_sampling,tshap_zero,0.75,0.8571428571428571,0.014285714285714285,0.7840957891002756,0.8078704214655938,0,1,0.7487643640015449,0.006198430000949884,ECG5000,3390
1,1,0.2,shapley_sampling,tshap_zero,1.0,1.0,0.0,0.8074427636777428,0.8074427631502191,1,1,0.7487643640015449,0.006198430000949884,ECG5000,3390
1,1,0.05,shapley_sampling,mrsqm,0.0,0.0,0.9,0.38372866991859944,0.3165561483875339,0,0,0.7487643640015449,1.9246002921136096e-05,ECG5000,3390
1,1,0.1,shapley_sampling,mrsqm,0.0,0.0,0.9,0.7840957891002756,0.14205392549762275,0,0,0.7487643640015449,1.9246002921136096e-05,ECG5000,3390
1,1,0.2,shapley_sampling,mrsqm,0.0,0.0,0.8,0.8074427636777428,0.1545588772937564,1,0,0.7487643640015449,1.9246002921136096e-05,ECG5000,3390
1,1,0.05,feature_ablation,tshap_centroid,0.75,0.8571428571428571,0.007142857142857143,0.38372866815076967,0.4038939136268678,0,0,0.03272720799941453,0.015236519997415598,ECG5000,3390
1,1,0.1,feature_ablation,tshap_centroid,0.6470588235294118,0.7857142857142857,0.02142857142857143,0.7840957909168412,0.6767161195977659,0,0,0.03272720799941453,0.015236519997415598,ECG5000,3390
1,1,0.2,feature_ablation,tshap_centroid,1.0,1.0,0.0,0.8074427689174404,0.8074427593779697,1,1,0.03272720799941453,0.015236519997415598,ECG5000,3390
1,1,0.05,feature_ablation,tshap_zero,0.5555555555555556,0.7142857142857143,0.014285714285714285,0.38372866815076967,0.5610263916555843,0,0,0.03272720799941453,0.006198430000949884,ECG5000,3390
1,1,0.1,feature_ablation,tshap_zero,0.75,0.8571428571428571,0.014285714285714285,0.7840957909168412,0.8078704214655938,0,1,0.03272720799941453,0.006198430000949884,ECG5000,3390
1,1,0.2,feature_ablation,tshap_zero,1.0,1.0,0.0,0.8074427689174404,0.8074427631502191,1,1,0.03272720799941453,0.006198430000949884,ECG5000,3390
1,1,0.05,feature_ablation,mrsqm,0.0,0.0,0.9,0.38372866815076967,0.3165561483875339,0,0,0.03272720799941453,1.9246002921136096e-05,ECG5000,3390
1,1,0.1,feature_ablation,mrsqm,0.0,0.0,0.9,0.7840957909168412,0.14205392549762275,0,0,0.03272720799941453,1.9246002921136096e-05,ECG5000,3390
1,1,0.2,feature_ablation,mrsqm,0.0,0.0,0.8,0.8074427689174404,0.1545588772937564,1,0,0.03272720799941453,1.9246002921136096e-05,ECG5000,3390
1,1,0.05,tshap_centroid,tshap_zero,0.75,0.8571428571428571,0.007142857142857143,0.4038939136268678,0.5610263916555843,0,0,0.015236519997415598,0.006198430000949884,ECG5000,3390
1,1,0.1,tshap_centroid,tshap_zero,0.8666666666666667,0.9285714285714286,0.007142857142857143,0.6767161195977659,0.8078704214655938,0,1,0.015236519997415598,0.006198430000949884,ECG5000,3390
1,1,0.2,tshap_centroid,tshap_zero,1.0,1.0,0.0,0.8074427593779697,0.8074427631502191,1,1,0.015236519997415598,0.006198430000949884,ECG5000,3390
1,1,0.05,tshap_centroid,mrsqm,0.0,0.0,0.9071428571428571,0.4038939136268678,0.3165561483875339,0,0,0.015236519997415598,1.9246002921136096e-05,ECG5000,3390
1,1,0.1,tshap_centroid,mrsqm,0.0,0.0,0.8785714285714286,0.6767161195977659,0.14205392549762275,0,0,0.015236519997415598,1.9246002921136096e-05,ECG5000,3390
1,1,0.2,tshap_centroid,mrsqm,0.0,0.0,0.8,0.8074427593779697,0.1545588772937564,1,0,0.015236519997415598,1.9246002921136096e-05,ECG5000,3390
1,1,0.05,tshap_zero,mrsqm,0.0,0.0,0.9142857142857143,0.5610263916555843,0.3165561483875339,0,0,0.006198430000949884,1.9246002921136096e-05,ECG5000,3390
1,1,0.1,tshap_zero,mrsqm,0.0,0.0,0.8857142857142857,0.8078704214655938,0.14205392549762275,1,0,0.006198430000949884,1.9246002921136096e-05,ECG5000,3390
1,1,0.2,tshap_zero,mrsqm,0.0,0.0,0.8,0.8074427631502191,0.1545588772937564,1,0,0.006198430000949884,1.9246002921136096e-05,ECG5000,3390
1,1,0.05,hydra,shapley_sampling,1.0,1.0,0.0,0.7394579314864066,0.7394579366636687,0,0,0.0777298070024699,0.7587362140002369,ECG5000,3124
1,1,0.1,hydra,shapley_sampling,1.0,1.0,0.0,1.0097817097509378,1.0097817069806516,0,0,0.0777298070024699,0.7587362140002369,ECG5000,3124
1,1,0.2,hydra,shapley_sampling,0.9310344827586207,0.9642857142857143,0.007142857142857143,1.1594864021247022,1.1129839051740684,0,0,0.0777298070024699,0.7587362140002369,ECG5000,3124
1,1,0.05,hydra,feature_ablation,1.0,1.0,0.0,0.7394579314864066,0.7394579334075396,0,0,0.0777298070024699,0.03527933599980315,ECG5000,3124
1,1,0.1,hydra,feature_ablation,1.0,1.0,0.0,1.0097817097509378,1.009781697656529,0,0,0.0777298070024699,0.03527933599980315,ECG5000,3124
1,1,0.2,hydra,feature_ablation,0.9310344827586207,0.9642857142857143,0.007142857142857143,1.1594864021247022,1.1129839063521705,0,0,0.0777298070024699,0.03527933599980315,ECG5000,3124
1,1,0.05,hydra,tshap_centroid,0.16666666666666666,0.2857142857142857,0.03571428571428571,0.7394579314864066,0.6784052061036907,0,0,0.0777298070024699,0.006266387998039136,ECG5000,3124
1,1,0.1,hydra,tshap_centroid,0.75,0.8571428571428571,0.014285714285714285,1.0097817097509378,1.0698755330917598,0,0,0.0777298070024699,0.006266387998039136,ECG5000,3124
1,1,0.2,hydra,tshap_centroid,1.0,1.0,0.0,1.1594864021247022,1.1594863944053322,0,0,0.0777298070024699,0.006266387998039136,ECG5000,3124
1,1,0.05,hydra,tshap_zero,0.16666666666666666,0.2857142857142857,0.03571428571428571,0.7394579314864066,0.6784052215392546,0,0,0.0777298070024699,0.005872816996998154,ECG5000,3124
1,1,0.1,hydra,tshap_zero,0.8666666666666667,0.9285714285714286,0.007142857142857143,1.0097817097509378,1.1202850290191035,0,0,0.0777298070024699,0.005872816996998154,ECG5000,3124
1,1,0.2,hydra,tshap_zero,0.9310344827586207,0.9642857142857143,0.007142857142857143,1.1594864021247022,1.1129839044858476,0,0,0.0777298070024699,0.005872816996998154,ECG5000,3124
1,1,0.05,hydra,mrsqm,0.0,0.0,0.95,0.7394579314864066,0.387389328617056,0,0,0.0777298070024699,1.725199763313867e-05,ECG5000,3124
1,1,0.1,hydra,mrsqm,0.0,0.0,0.9,1.0097817097509378,0.386901348440883,0,0,0.0777298070024699,1.725199763313867e-05,ECG5000,3124
1,1,0.2,hydra,mrsqm,0.0,0.0,0.7928571428571428,1.1594864021247022,0.2564156165536422,0,0,0.0777298070024699,1.725199763313867e-05,ECG5000,3124
1,1,0.05,shapley_sampling,feature_ablation,1.0,1.0,0.0,0.7394579366636687,0.7394579334075396,0,0,0.7587362140002369,0.03527933599980315,ECG5000,3124
1,1,0.1,shapley_sampling,feature_ablation,1.0,1.0,0.0,1.0097817069806516,1.009781697656529,0,0,0.7587362140002369,0.03527933599980315,ECG5000,3124
1,1,0.2,shapley_sampling,feature_ablation,1.0,1.0,0.0,1.1129839051740684,1.1129839063521705,0,0,0.7587362140002369,0.03527933599980315,ECG5000,3124
1,1,0.05,shapley_sampling,tshap_centroid,0.16666666666666666,0.2857142857142857,0.03571428571428571,0.7394579366636687,0.6784052061036907,0,0,0.7587362140002369,0.006266387998039136,ECG5000,3124
1,1,0.1,shapley_sampling,tshap_centroid,0.75,0.8571428571428571,0.014285714285714285,1.0097817069806516,1.0698755330917598,0,0,0.7587362140002369,0.006266387998039136,ECG5000,3124
1,1,0.2,shapley_sampling,tshap_centroid,0.9310344827586207,0.9642857142857143,0.007142857142857143,1.1129839051740684,1.1594863944053322,0,0,0.7587362140002369,0.006266387998039136,ECG5000,3124
1,1,0.05,shapley_sampling,tshap_zero,0.16666666666666666,0.2857142857142857,0.03571428571428571,0.7394579366636687,0.6784052215392546,0,0,0.7587362140002369,0.005872816996998154,ECG5000,3124
1,1,0.1,shapley_sampling,tshap_zero,0.8666666666666667,0.9285714285714286,0.007142857142857143,1.0097817069806516,1.1202850290191035,0,0,0.7587362140002369,0.005872816996998154,ECG5000,3124
1,1,0.2,shapley_sampling,tshap_zero,1.0,1.0,0.0,1.1129839051740684,1.1129839044858476,0,0,0.7587362140002369,0.005872816996998154,ECG5000,3124
1,1,0.05,shapley_sampling,mrsqm,0.0,0.0,0.95,0.7394579366636687,0.387389328617056,0,0,0.7587362140002369,1.725199763313867e-05,ECG5000,3124
1,1,0.1,shapley_sampling,mrsqm,0.0,0.0,0.9,1.0097817069806516,0.386901348440883,0,0,0.7587362140002369,1.725199763313867e-05,ECG5000,3124
1,1,0.2,shapley_sampling,mrsqm,0.0,0.0,0.8,1.1129839051740684,0.2564156165536422,0,0,0.7587362140002369,1.725199763313867e-05,ECG5000,3124
1,1,0.05,feature_ablation,tshap_centroid,0.16666666666666666,0.2857142857142857,0.03571428571428571,0.7394579334075396,0.6784052061036907,0,0,0.03527933599980315,0.006266387998039136,ECG5000,3124
1,1,0.1,feature_ablation,tshap_centroid,0.75,0.8571428571428571,0.014285714285714285,1.009781697656529,1.0698755330917598,0,0,0.03527933599980315,0.006266387998039136,ECG5000,3124
1,1,0.2,feature_ablation,tshap_centroid,0.9310344827586207,0.9642857142857143,0.007142857142857143,1.1129839063521705,1.1594863944053322,0,0,0.03527933599980315,0.006266387998039136,ECG5000,3124
1,1,0.05,feature_ablation,tshap_zero,0.16666666666666666,0.2857142857142857,0.03571428571428571,0.7394579334075396,0.6784052215392546,0,0,0.03527933599980315,0.005872816996998154,ECG5000,3124
1,1,0.1,feature_ablation,tshap_zero,0.8666666666666667,0.9285714285714286,0.007142857142857143,1.009781697656529,1.1202850290191035,0,0,0.03527933599980315,0.005872816996998154,ECG5000,3124
1,1,0.2,feature_ablation,tshap_zero,1.0,1.0,0.0,1.1129839063521705,1.1129839044858476,0,0,0.03527933599980315,0.005872816996998154,ECG5000,3124
1,1,0.05,feature_ablation,mrsqm,0.0,0.0,0.95,0.7394579334075396,0.387389328617056,0,0,0.03527933599980315,1.725199763313867e-05,ECG5000,3124
1,1,0.1,feature_ablation,mrsqm,0.0,0.0,0.9,1.009781697656529,0.386901348440883,0,0,0.03527933599980315,1.725199763313867e-05,ECG5000,3124
1,1,0.2,feature_ablation,mrsqm,0.0,0.0,0.8,1.1129839063521705,0.2564156165536422,0,0,0.03527933599980315,1.725199763313867e-05,ECG5000,3124
1,1,0.05,tshap_centroid,tshap_zero,1.0,1.0,0.0,0.6784052061036907,0.6784052215392546,0,0,0.006266387998039136,0.005872816996998154,ECG5000,3124
1,1,0.1,tshap_centroid,tshap_zero,0.8666666666666667,0.9285714285714286,0.007142857142857143,1.0698755330917598,1.1202850290191035,0,0,0.006266387998039136,0.005872816996998154,ECG5000,3124
1,1,0.2,tshap_centroid,tshap_zero,0.9310344827586207,0.9642857142857143,0.007142857142857143,1.1594863944053322,1.1129839044858476,0,0,0.006266387998039136,0.005872816996998154,ECG5000,3124
1,1,0.05,tshap_centroid,mrsqm,0.0,0.0,0.9142857142857143,0.6784052061036907,0.387389328617056,0,0,0.006266387998039136,1.725199763313867e-05,ECG5000,3124
1,1,0.1,tshap_centroid,mrsqm,0.0,0.0,0.8857142857142857,1.0698755330917598,0.386901348440883,0,0,0.006266387998039136,1.725199763313867e-05,ECG5000,3124
1,1,0.2,tshap_centroid,mrsqm,0.0,0.0,0.7928571428571428,1.1594863944053322,0.2564156165536422,0,0,0.006266387998039136,1.725199763313867e-05,ECG5000,3124
1,1,0.05,tshap_zero,mrsqm,0.0,0.0,0.9142857142857143,0.6784052215392546,0.387389328617056,0,0,0.005872816996998154,1.725199763313867e-05,ECG5000,3124
1,1,0.1,tshap_zero,mrsqm,0.0,0.0,0.8928571428571429,1.1202850290191035,0.386901348440883,0,0,0.005872816996998154,1.725199763313867e-05,ECG5000,3124
1,1,0.2,tshap_zero,mrsqm,0.0,0.0,0.8,1.1129839044858476,0.2564156165536422,0,0,0.005872816996998154,1.725199763313867e-05,ECG5000,3124
0,0,0.05,hydra,shapley_sampling,0.0,0.0,0.8857142857142857,0.10998727765656358,0.21694486349958986,0,0,0.07595548300014343,0.770977750999009,ECG5000,858
0,0,0.1,hydra,shapley_sampling,0.0,0.0,0.8571428571428571,0.15826289478358702,0.5021519803200232,0,0,0.07595548300014343,0.770977750999009,ECG5000,858
0,0,0.2,hydra,shapley_sampling,0.0,0.0,0.7857142857142857,0.15952259858082918,0.44012227925867586,0,0,0.07595548300014343,0.770977750999009,ECG5000,858
0,0,0.05,hydra,feature_ablation,0.0,0.0,0.8857142857142857,0.10998727765656358,0.21694485320664791,0,0,0.07595548300014343,0.03515872999923886,ECG5000,858
0,0,0.1,hydra,feature_ablation,0.0,0.0,0.8571428571428571,0.15826289478358702,0.5021519839997516,0,0,0.07595548300014343,0.03515872999923886,ECG5000,858
0,0,0.2,hydra,feature_ablation,0.0,0.0,0.7857142857142857,0.15952259858082918,0.44012227890542355,0,0,0.07595548300014343,0.03515872999923886,ECG5000,858
0,0,0.05,hydra,tshap_centroid,0.4,0.5714285714285714,0.02142857142857143,0.10998727765656358,0.10208313841739003,0,0,0.07595548300014343,0.005322358003468253,ECG5000,858
0,0,0.1,hydra,tshap_centroid,0.6470588235294118,0.7857142857142857,0.02142857142857143,0.15826289478358702,0.1459620717203517,0,0,0.07595548300014343,0.005322358003468253,ECG5000,858
0,0,0.2,hydra,tshap_centroid,0.9310344827586207,0.9642857142857143,0.007142857142857143,0.15952259858082918,0.19267357898533966,0,0,0.07595548300014343,0.005322358003468253,ECG5000,858
0,0,0.05,hydra,tshap_zero,0.0,0.0,0.6071428571428571,0.10998727765656358,0.014117557366555067,0,0,0.07595548300014343,0.006406532000255538,ECG5000,858
0,0,0.1,hydra,tshap_zero,0.0,0.0,0.6142857142857143,0.15826289478358702,0.1785444303939957,0,0,0.07595548300014343,0.006406532000255538,ECG5000,858
0,0,0.2,hydra,tshap_zero,0.0,0.0,0.6428571428571429,0.15952259858082918,0.20639509781639864,0,0,0.07595548300014343,0.006406532000255538,ECG5000,858
0,0,0.05,hydra,mrsqm,0.0,0.0,0.8857142857142857,0.10998727765656358,0.2169448505430116,0,0,0.07595548300014343,1.9176000932930037e-05,ECG5000,858
0,0,0.1,hydra,mrsqm,0.0,0.0,0.8571428571428571,0.15826289478358702,0.5021519805350296,0,0,0.07595548300014343,1.9176000932930037e-05,ECG5000,858
0,0,0.2,hydra,mrsqm,0.0,0.0,0.7857142857142857,0.15952259858082918,0.44012228443305446,0,0,0.07595548300014343,1.9176000932930037e-05,ECG5000,858
0,0,0.05,shapley_sampling,feature_ablation,1.0,1.0,0.0,0.21694486349958986,0.21694485320664791,0,0,0.770977750999009,0.03515872999923886,ECG5000,858
0,0,0.1,shapley_sampling,feature_ablation,1.0,1.0,0.0,0.5021519803200232,0.5021519839997516,0,0,0.770977750999009,0.03515872999923886,ECG5000,858
0,0,0.2,shapley_sampling,feature_ablation,1.0,1.0,0.0,0.44012227925867586,0.44012227890542355,0,0,0.770977750999009,0.03515872999923886,ECG5000,858
0,0,0.05,shapley_sampling,tshap_centroid,0.0,0.0,0.9071428571428571,0.21694486349958986,0.10208313841739003,0,0,0.770977750999009,0.005322358003468253,ECG5000,858
0,0,0.1,shapley_sampling,tshap_centroid,0.0,0.0,0.8785714285714286,0.5021519803200232,0.1459620717203517,0,0,0.770977750999009,0.005322358003468253,ECG5000,858
0,0,0.2,shapley_sampling,tshap_centroid,0.0,0.0,0.7928571428571428,0.44012227925867586,0.19267357898533966,0,0,0.770977750999009,0.005322358003468253,ECG5000,858
0,0,0.05,shapley_sampling,tshap_zero,0.0,0.0,0.2785714285714286,0.21694486349958986,0.014117557366555067,0,0,0.770977750999009,0.006406532000255538,ECG5000,858
0,0,0.1,shapley_sampling,tshap_zero,0.0,0.0,0.24285714285714285,0.5021519803200232,0.1785444303939957,0,0,0.770977750999009,0.006406532000255538,ECG5000,858
0,0,0.2,shapley_sampling,tshap_zero,0.16666666666666666,0.2857142857142857,0.14285714285714285,0.44012227925867586,0.20639509781639864,0,0,0.770977750999009,0.006406532000255538,ECG5000,858
0,0,0.05,shapley_sampling,mrsqm,1.0,1.0,0.0,0.21694486349958986,0.2169448505430116,0,0,0.770977750999009,1.9176000932930037e-05,ECG5000,858
0,0,0.1,shapley_sampling,mrsqm,1.0,1.0,0.0,0.5021519803200232,0.5021519805350296,0,0,0.770977750999009,1.9176000932930037e-05,ECG5000,858
0,0,0.2,shapley_sampling,mrsqm,1.0,1.0,0.0,0.44012227925867586,0.44012228443305446,0,0,0.770977750999009,1.9176000932930037e-05,ECG5000,858
0,0,0.05,feature_ablation,tshap_centroid,0.0,0.0,0.9071428571428571,0.21694485320664791,0.10208313841739003,0,0,0.03515872999923886,0.005322358003468253,ECG5000,858
0,0,0.1,feature_ablation,tshap_centroid,0.0,0.0,0.8785714285714286,0.5021519839997516,0.1459620717203517,0,0,0.03515872999923886,0.005322358003468253,ECG5000,858
0,0,0.2,feature_ablation,tshap_centroid,0.0,0.0,0.7928571428571428,0.44012227890542355,0.19267357898533966,0,0,0.03515872999923886,0.005322358003468253,ECG5000,858
0,0,0.05,feature_ablation,tshap_zero,0.0,0.0,0.2785714285714286,0.21694485320664791,0.014117557366555067,0,0,0.03515872999923886,0.006406532000255538,ECG5000,858
0,0,0.1,feature_ablation,tshap_zero,0.0,0.0,0.24285714285714285,0.5021519839997516,0.1785444303939957,0,0,0.03515872999923886,0.006406532000255538,ECG5000,858
0,0,0.2,feature_ablation,tshap_zero,0.16666666666666666,0.2857142857142857,0.14285714285714285,0.44012227890542355,0.20639509781639864,0,0,0.03515872999923886,0.006406532000255538,ECG5000,858
0,0,0.05,feature_ablation,mrsqm,1.0,1.0,0.0,0.21694485320664791,0.2169448505430116,0,0,0.03515872999923886,1.9176000932930037e-05,ECG5000,858
0,0,0.1,feature_ablation,mrsqm,1.0,1.0,0.0,0.5021519839997516,0.5021519805350296,0,0,0.03515872999923886,1.9176000932930037e-05,ECG5000,858
0,0,0.2,feature_ablation,mrsqm,1.0,1.0,0.0,0.44012227890542355,0.44012228443305446,0,0,0.03515872999923886,1.9176000932930037e-05,ECG5000,858
0,0,0.05,tshap_centroid,tshap_zero,0.0,0.0,0.6285714285714286,0.10208313841739003,0.014117557366555067,0,0,0.005322358003468253,0.006406532000255538,ECG5000,858
0,0,0.1,tshap_centroid,tshap_zero,0.0,0.0,0.6357142857142857,0.1459620717203517,0.1785444303939957,0,0,0.005322358003468253,0.006406532000255538,ECG5000,858
0,0,0.2,tshap_centroid,tshap_zero,0.0,0.0,0.65,0.19267357898533966,0.20639509781639864,0,0,0.005322358003468253,0.006406532000255538,ECG5000,858
0,0,0.05,tshap_centroid,mrsqm,0.0,0.0,0.9071428571428571,0.10208313841739003,0.2169448505430116,0,0,0.005322358003468253,1.9176000932930037e-05,ECG5000,858
0,0,0.1,tshap_centroid,mrsqm,0.0,0.0,0.8785714285714286,0.1459620717203517,0.5021519805350296,0,0,0.005322358003468253,1.9176000932930037e-05,ECG5000,858
0,0,0.2,tshap_centroid,mrsqm,0.0,0.0,0.7928571428571428,0.19267357898533966,0.44012228443305446,0,0,0.005322358003468253,1.9176000932930037e-05,ECG5000,858
0,0,0.05,tshap_zero,mrsqm,0.0,0.0,0.2785714285714286,0.014117557366555067,0.2169448505430116,0,0,0.006406532000255538,1.9176000932930037e-05,ECG5000,858
0,0,0.1,tshap_zero,mrsqm,0.0,0.0,0.24285714285714285,0.1785444303939957,0.5021519805350296,0,0,0.006406532000255538,1.9176000932930037e-05,ECG5000,858
0,0,0.2,tshap_zero,mrsqm,0.16666666666666666,0.2857142857142857,0.14285714285714285,0.20639509781639864,0.44012228443305446,0,0,0.006406532000255538,1.9176000932930037e-05,ECG5000,858
1,1,0.05,hydra,shapley_sampling,0.2727272727272727,0.42857142857142855,0.02857142857142857,0.8206206416610238,0.8026507325760721,0,0,0.07684166299804929,0.760332481997466,ECG5000,4369
1,1,0.1,hydra,shapley_sampling,1.0,1.0,0.0,1.000762603477309,1.000762596632559,1,1,0.07684166299804929,0.760332481997466,ECG5000,4369
1,1,0.2,hydra,shapley_sampling,0.0,0.0,0.7,0.14385889297179077,1.0633797808989947,0,1,0.07684166299804929,0.760332481997466,ECG5000,4369
1,1,0.05,hydra,feature_ablation,0.2727272727272727,0.42857142857142855,0.02857142857142857,0.8206206416610238,0.802650734365749,0,0,0.07684166299804929,0.035084238999843365,ECG5000,4369
1,1,0.1,hydra,feature_ablation,1.0,1.0,0.0,1.000762603477309,1.0007626021517795,1,1,0.07684166299804929,0.035084238999843365,ECG5000,4369
1,1,0.2,hydra,feature_ablation,0.0,0.0,0.7,0.14385889297179077,1.0633797801693157,0,1,0.07684166299804929,0.035084238999843365,ECG5000,4369
1,1,0.05,hydra,tshap_centroid,0.2727272727272727,0.42857142857142855,0.02857142857142857,0.8206206416610238,0.8026507335750486,0,0,0.07684166299804929,0.006739688997186022,ECG5000,4369
1,1,0.1,hydra,tshap_centroid,0.6470588235294118,0.7857142857142857,0.02142857142857143,1.000762603477309,1.1117772748889632,1,1,0.07684166299804929,0.006739688997186022,ECG5000,4369
1,1,0.2,hydra,tshap_centroid,0.0,0.0,0.7,0.14385889297179077,1.0633797752602194,0,1,0.07684166299804929,0.006739688997186022,ECG5000,4369
1,1,0.05,hydra,tshap_zero,0.4,0.5714285714285714,0.02142857142857143,0.8206206416610238,0.8742756300073988,0,0,0.07684166299804929,0.00534216700179968,ECG5000,4369
1,1,0.1,hydra,tshap_zero,0.6470588235294118,0.7857142857142857,0.02142857142857143,1.000762603477309,1.1117772751237573,1,1,0.07684166299804929,0.00534216700179968,ECG5000,4369
1,1,0.2,hydra,tshap_zero,0.0,0.0,0.7,0.14385889297179077,1.0633797730343644,0,1,0.07684166299804929,0.00534216700179968,ECG5000,4369
1,1,0.05,hydra,mrsqm,0.0,0.0,0.9285714285714286,0.8206206416610238,0.17918166489709442,0,0,0.07684166299804929,1.7882997781271115e-05,ECG5000,4369
1,1,0.1,hydra,mrsqm,0.0,0.0,0.9,1.000762603477309,0.08842445771468,1,0,0.07684166299804929,1.7882997781271115e-05,ECG5000,4369
1,1,0.2,hydra,mrsqm,0.3333333333333333,0.5,0.1,0.14385889297179077,-0.08504924413379067,0,0,0.07684166299804929,1.7882997781271115e-05,ECG5000,4369
1,1,0.05,shapley_sampling,feature_ablation,1.0,1.0,0.0,0.8026507325760721,0.802650734365749,0,0,0.760332481997466,0.035084238999843365,ECG5000,4369
1,1,0.1,shapley_sampling,feature_ablation,1.0,1.0,0.0,1.000762596632559,1.0007626021517795,1,1,0.760332481997466,0.035084238999843365,ECG5000,4369
1,1,0.2,shapley_sampling,feature_ablation,1.0,1.0,0.0,1.0633797808989947,1.0633797801693157,1,1,0.760332481997466,0.035084238999843365,ECG5000,4369
1,1,0.05,shapley_sampling,tshap_centroid,1.0,1.0,0.0,0.8026507325760721,0.8026507335750486,0,0,0.760332481997466,0.006739688997186022,ECG5000,4369
1,1,0.1,shapley_sampling,tshap_centroid,0.6470588235294118,0.7857142857142857,0.02142857142857143,1.000762596632559,1.1117772748889632,1,1,0.760332481997466,0.006739688997186022,ECG5000,4369
1,1,0.2,shapley_sampling,tshap_centroid,1.0,1.0,0.0,1.0633797808989947,1.0633797752602194,1,1,0.760332481997466,0.006739688997186022,ECG5000,4369
1,1,0.05,shapley_sampling,tshap_zero,0.75,0.8571428571428571,0.007142857142857143,0.8026507325760721,0.8742756300073988,0,0,0.760332481997466,0.00534216700179968,ECG5000,4369
1,1,0.1,shapley_sampling,tshap_zero,0.6470588235294118,0.7857142857142857,0.02142857142857143,1.000762596632559,1.1117772751237573,1,1,0.760332481997466,0.00534216700179968,ECG5000,4369
1,1,0.2,shapley_sampling,tshap_zero,1.0,1.0,0.0,1.0633797808989947,1.0633797730343644,1,1,0.760332481997466,0.00534216700179968,ECG5000,4369
1,1,0.05,shapley_sampling,mrsqm,0.0,0.0,0.9,0.8026507325760721,0.17918166489709442,0,0,0.760332481997466,1.7882997781271115e-05,ECG5000,4369
1,1,0.1,shapley_sampling,mrsqm,0.0,0.0,0.9,1.000762596632559,0.08842445771468,1,0,0.760332481997466,1.7882997781271115e-05,ECG5000,4369
1,1,0.2,shapley_sampling,mrsqm,0.0,0.0,0.8,1.0633797808989947,-0.08504924413379067,1,0,0.760332481997466,1.7882997781271115e-05,ECG5000,4369
1,1,0.05,feature_ablation,tshap_centroid,1.0,1.0,0.0,0.802650734365749,0.8026507335750486,0,0,0.035084238999843365,0.006739688997186022,ECG5000,4369
1,1,0.1,feature_ablation,tshap_centroid,0.6470588235294118,0.7857142857142857,0.02142857142857143,1.0007626021517795,1.1117772748889632,1,1,0.035084238999843365,0.006739688997186022,ECG5000,4369
1,1,0.2,feature_ablation,tshap_centroid,1.0,1.0,0.0,1.0633797801693157,1.0633797752602194,1,1,0.035084238999843365,0.006739688997186022,ECG5000,4369
1,1,0.05,feature_ablation,tshap_zero,0.75,0.8571428571428571,0.007142857142857143,0.802650734365749,0.8742756300073988,0,0,0.035084238999843365,0.00534216700179968,ECG5000,4369
1,1,0.1,feature_ablation,tshap_zero,0.6470588235294118,0.7857142857142857,0.02142857142857143,1.0007626021517795,1.1117772751237573,1,1,0.035084238999843365,0.00534216700179968,ECG5000,4369
1,1,0.2,feature_ablation,tshap_zero,1.0,1.0,0.0,1.0633797801693157,1.0633797730343644,1,1,0.035084238999843365,0.00534216700179968,ECG5000,4369
1,1,0.05,feature_ablation,mrsqm,0.0,0.0,0.9,0.802650734365749,0.17918166489709442,0,0,0.035084238999843365,1.7882997781271115e-05,ECG5000,4369
1,1,0.1,feature_ablation,mrsqm,0.0,0.0,0.9,1.0007626021517795,0.08842445771468,1,0,0.035084238999843365,1.7882997781271115e-05,ECG5000,4369
1,1,0.2,feature_ablation,mrsqm,0.0,0.0,0.8,1.0633797801693157,-0.08504924413379067,1,0,0.035084238999843365,1.7882997781271115e-05,ECG5000,4369
1,1,0.05,tshap_centroid,tshap_zero,0.75,0.8571428571428571,0.007142857142857143,0.8026507335750486,0.8742756300073988,0,0,0.006739688997186022,0.00534216700179968,ECG5000,4369
1,1,0.1,tshap_centroid,tshap_zero,1.0,1.0,0.0,1.1117772748889632,1.1117772751237573,1,1,0.006739688997186022,0.00534216700179968,ECG5000,4369
1,1,0.2,tshap_centroid,tshap_zero,1.0,1.0,0.0,1.0633797752602194,1.0633797730343644,1,1,0.006739688997186022,0.00534216700179968,ECG5000,4369
1,1,0.05,tshap_centroid,mrsqm,0.0,0.0,0.9,0.8026507335750486,0.17918166489709442,0,0,0.006739688997186022,1.7882997781271115e-05,ECG5000,4369
1,1,0.1,tshap_centroid,mrsqm,0.0,0.0,0.8785714285714286,1.1117772748889632,0.08842445771468,1,0,0.006739688997186022,1.7882997781271115e-05,ECG5000,4369
1,1,0.2,tshap_centroid,mrsqm,0.0,0.0,0.8,1.0633797752602194,-0.08504924413379067,1,0,0.006739688997186022,1.7882997781271115e-05,ECG5000,4369
1,1,0.05,tshap_zero,mrsqm,0.0,0.0,0.9071428571428571,0.8742756300073988,0.17918166489709442,0,0,0.00534216700179968,1.7882997781271115e-05,ECG5000,4369
1,1,0.1,tshap_zero,mrsqm,0.0,0.0,0.8785714285714286,1.1117772751237573,0.08842445771468,1,0,0.00534216700179968,1.7882997781271115e-05,ECG5000,4369
1,1,0.2,tshap_zero,mrsqm,0.0,0.0,0.8,1.0633797730343644,-0.08504924413379067,1,0,0.00534216700179968,1.7882997781271115e-05,ECG5000,4369
1,1,0.05,hydra,shapley_sampling,1.0,1.0,0.0,0.7255095039571229,0.7255095126708446,1,1,0.07681936999870231,0.7672936689996277,ECG5000,3765
1,1,0.1,hydra,shapley_sampling,1.0,1.0,0.0,0.8889454986626382,0.8889454957520755,1,1,0.07681936999870231,0.7672936689996277,ECG5000,3765
1,1,0.2,hydra,shapley_sampling,1.0,1.0,0.0,0.8357196432709335,0.8357196512542943,1,1,0.07681936999870231,0.7672936689996277,ECG5000,3765
1,1,0.05,hydra,feature_ablation,1.0,1.0,0.0,0.7255095039571229,0.725509510596055,1,1,0.07681936999870231,0.033564997000212315,ECG5000,3765
1,1,0.1,hydra,feature_ablation,1.0,1.0,0.0,0.8889454986626382,0.8889454940001138,1,1,0.07681936999870231,0.033564997000212315,ECG5000,3765
1,1,0.2,hydra,feature_ablation,1.0,1.0,0.0,0.8357196432709335,0.8357196430331506,1,1,0.07681936999870231,0.033564997000212315,ECG5000,3765
1,1,0.05,hydra,tshap_centroid,0.16666666666666666,0.2857142857142857,0.03571428571428571,0.7255095039571229,0.29464370898841385,1,0,0.07681936999870231,0.005632101998344297,ECG5000,3765
1,1,0.1,hydra,tshap_centroid,0.8666666666666667,0.9285714285714286,0.007142857142857143,0.8889454986626382,0.8757123574668491,1,1,0.07681936999870231,0.005632101998344297,ECG5000,3765
1,1,0.2,hydra,tshap_centroid,1.0,1.0,0.0,0.8357196432709335,0.8357196422018267,1,1,0.07681936999870231,0.005632101998344297,ECG5000,3765
1,1,0.05,hydra,tshap_zero,0.2727272727272727,0.42857142857142855,0.02857142857142857,0.7255095039571229,0.36233378042710196,1,0,0.07681936999870231,0.005556219999562018,ECG5000,3765
1,1,0.1,hydra,tshap_zero,0.8666666666666667,0.9285714285714286,0.007142857142857143,0.8889454986626382,0.8757123617830702,1,1,0.07681936999870231,0.005556219999562018,ECG5000,3765
1,1,0.2,hydra,tshap_zero,1.0,1.0,0.0,0.8357196432709335,0.8357196423896012,1,1,0.07681936999870231,0.005556219999562018,ECG5000,3765
1,1,0.05,hydra,mrsqm,0.0,0.0,0.95,0.7255095039571229,0.03384294456939729,1,0,0.07681936999870231,1.9416002032812685e-05,ECG5000,3765
1,1,0.1,hydra,mrsqm,0.0,0.0,0.9,0.8889454986626382,-0.1508363990013447,1,0,0.07681936999870231,1.9416002032812685e-05,ECG5000,3765
1,1,0.2,hydra,mrsqm,0.0,0.0,0.8,0.8357196432709335,0.034017369539332654,1,0,0.07681936999870231,1.9416002032812685e-05,ECG5000,3765
1,1,0.05,shapley_sampling,feature_ablation,1.0,1.0,0.0,0.7255095126708446,0.725509510596055,1,1,0.7672936689996277,0.033564997000212315,ECG5000,3765
1,1,0.1,shapley_sampling,feature_ablation,1.0,1.0,0.0,0.8889454957520755,0.8889454940001138,1,1,0.7672936689996277,0.033564997000212315,ECG5000,3765
1,1,0.2,shapley_sampling,feature_ablation,1.0,1.0,0.0,0.8357196512542943,0.8357196430331506,1,1,0.7672936689996277,0.033564997000212315,ECG5000,3765
1,1,0.05,shapley_sampling,tshap_centroid,0.16666666666666666,0.2857142857142857,0.03571428571428571,0.7255095126708446,0.29464370898841385,1,0,0.7672936689996277,0.005632101998344297,ECG5000,3765
1,1,0.1,shapley_sampling,tshap_centroid,0.8666666666666667,0.9285714285714286,0.007142857142857143,0.8889454957520755,0.8757123574668491,1,1,0.7672936689996277,0.005632101998344297,ECG5000,3765
1,1,0.2,shapley_sampling,tshap_centroid,1.0,1.0,0.0,0.8357196512542943,0.8357196422018267,1,1,0.7672936689996277,0.005632101998344297,ECG5000,3765
1,1,0.05,shapley_sampling,tshap_zero,0.2727272727272727,0.42857142857142855,0.02857142857142857,0.7255095126708446,0.36233378042710196,1,0,0.7672936689996277,0.005556219999562018,ECG5000,3765
1,1,0.1,shapley_sampling,tshap_zero,0.8666666666666667,0.9285714285714286,0.007142857142857143,0.8889454957520755,0.8757123617830702,1,1,0.7672936689996277,0.005556219999562018,ECG5000,3765
1,1,0.2,shapley_sampling,tshap_zero,1.0,1.0,0.0,0.8357196512542943,0.8357196423896012,1,1,0.7672936689996277,0.005556219999562018,ECG5000,3765
1,1,0.05,shapley_sampling,mrsqm,0.0,0.0,0.95,0.7255095126708446,0.03384294456939729,1,0,0.7672936689996277,1.9416002032812685e-05,ECG5000,3765
1,1,0.1,shapley_sampling,mrsqm,0.0,0.0,0.9,0.8889454957520755,-0.1508363990013447,1,0,0.7672936689996277,1.9416002032812685e-05,ECG5000,3765
1,1,0.2,shapley_sampling,mrsqm,0.0,0.0,0.8,0.8357196512542943,0.034017369539332654,1,0,0.7672936689996277,1.9416002032812685e-05,ECG5000,3765
1,1,0.05,feature_ablation,tshap_centroid,0.16666666666666666,0.2857142857142857,0.03571428571428571,0.725509510596055,0.29464370898841385,1,0,0.033564997000212315,0.005632101998344297,ECG5000,3765
1,1,0.1,feature_ablation,tshap_centroid,0.8666666666666667,0.9285714285714286,0.007142857142857143,0.8889454940001138,0.8757123574668491,1,1,0.033564997000212315,0.005632101998344297,ECG5000,3765
1,1,0.2,feature_ablation,tshap_centroid,1.0,1.0,0.0,0.8357196430331506,0.8357196422018267,1,1,0.033564997000212315,0.005632101998344297,ECG5000,3765
1,1,0.05,feature_ablation,tshap_zero,0.2727272727272727,0.42857142857142855,0.02857142857142857,0.725509510596055,0.36233378042710196,1,0,0.033564997000212315,0.005556219999562018,ECG5000,3765
1,1,0.1,feature_ablation,tshap_zero,0.8666666666666667,0.9285714285714286,0.007142857142857143,0.8889454940001138,0.8757123617830702,1,1,0.033564997000212315,0.005556219999562018,ECG5000,3765
1,1,0.2,feature_ablation,tshap_zero,1.0,1.0,0.0,0.8357196430331506,0.8357196423896012,1,1,0.033564997000212315,0.005556219999562018,ECG5000,3765
1,1,0.05,feature_ablation,mrsqm,0.0,0.0,0.95,0.725509510596055,0.03384294456939729,1,0,0.033564997000212315,1.9416002032812685e-05,ECG5000,3765
1,1,0.1,feature_ablation,mrsqm,0.0,0.0,0.9,0.8889454940001138,-0.1508363990013447,1,0,0.033564997000212315,1.9416002032812685e-05,ECG5000,3765
1,1,0.2,feature_ablation,mrsqm,0.0,0.0,0.8,0.8357196430331506,0.034017369539332654,1,0,0.033564997000212315,1.9416002032812685e-05,ECG5000,3765
1,1,0.05,tshap_centroid,tshap_zero,0.75,0.8571428571428571,0.007142857142857143,0.29464370898841385,0.36233378042710196,0,0,0.005632101998344297,0.005556219999562018,ECG5000,3765
1,1,0.1,tshap_centroid,tshap_zero,1.0,1.0,0.0,0.8757123574668491,0.8757123617830702,1,1,0.005632101998344297,0.005556219999562018,ECG5000,3765
1,1,0.2,tshap_centroid,tshap_zero,1.0,1.0,0.0,0.8357196422018267,0.8357196423896012,1,1,0.005632101998344297,0.005556219999562018,ECG5000,3765
1,1,0.05,tshap_centroid,mrsqm,0.0,0.0,0.9142857142857143,0.29464370898841385,0.03384294456939729,0,0,0.005632101998344297,1.9416002032812685e-05,ECG5000,3765
1,1,0.1,tshap_centroid,mrsqm,0.0,0.0,0.8928571428571429,0.8757123574668491,-0.1508363990013447,1,0,0.005632101998344297,1.9416002032812685e-05,ECG5000,3765
1,1,0.2,tshap_centroid,mrsqm,0.0,0.0,0.8,0.8357196422018267,0.034017369539332654,1,0,0.005632101998344297,1.9416002032812685e-05,ECG5000,3765
1,1,0.05,tshap_zero,mrsqm,0.0,0.0,0.9214285714285714,0.36233378042710196,0.03384294456939729,0,0,0.005556219999562018,1.9416002032812685e-05,ECG5000,3765
1,1,0.1,tshap_zero,mrsqm,0.0,0.0,0.8928571428571429,0.8757123617830702,-0.1508363990013447,1,0,0.005556219999562018,1.9416002032812685e-05,ECG5000,3765
1,1,0.2,tshap_zero,mrsqm,0.0,0.0,0.8,0.8357196423896012,0.034017369539332654,1,0,0.005556219999562018,1.9416002032812685e-05,ECG5000,3765
1,1,0.05,hydra,shapley_sampling,1.0,1.0,0.0,0.739123505200032,0.7391235056269099,0,0,0.07595016300183488,0.7693001090010512,ECG5000,3328
1,1,0.1,hydra,shapley_sampling,1.0,1.0,0.0,0.8316995030740812,0.8316994963184156,0,0,0.07595016300183488,0.7693001090010512,ECG5000,3328
1,1,0.2,hydra,shapley_sampling,1.0,1.0,0.0,0.8878515361788174,0.8878515401697294,0,0,0.07595016300183488,0.7693001090010512,ECG5000,3328
1,1,0.05,hydra,feature_ablation,1.0,1.0,0.0,0.739123505200032,0.7391235103571102,0,0,0.07595016300183488,0.03420159599772887,ECG5000,3328
1,1,0.1,hydra,feature_ablation,1.0,1.0,0.0,0.8316995030740812,0.831699493835691,0,0,0.07595016300183488,0.03420159599772887,ECG5000,3328
1,1,0.2,hydra,feature_ablation,1.0,1.0,0.0,0.8878515361788174,0.8878515236006979,0,0,0.07595016300183488,0.03420159599772887,ECG5000,3328
1,1,0.05,hydra,tshap_centroid,0.16666666666666666,0.2857142857142857,0.03571428571428571,0.739123505200032,0.19865275812811833,0,0,0.07595016300183488,0.005861083998752292,ECG5000,3328
1,1,0.1,hydra,tshap_centroid,0.75,0.8571428571428571,0.014285714285714285,0.8316995030740812,0.6245614444640958,0,0,0.07595016300183488,0.005861083998752292,ECG5000,3328
1,1,0.2,hydra,tshap_centroid,0.8666666666666667,0.9285714285714286,0.014285714285714285,0.8878515361788174,0.7130107371133138,0,0,0.07595016300183488,0.005861083998752292,ECG5000,3328
1,1,0.05,hydra,tshap_zero,0.0,0.0,0.9,0.739123505200032,0.624510977082241,0,0,0.07595016300183488,0.005337608003173955,ECG5000,3328
1,1,0.1,hydra,tshap_zero,0.0,0.0,0.8857142857142857,0.8316995030740812,0.48916017018349767,0,0,0.07595016300183488,0.005337608003173955,ECG5000,3328
1,1,0.2,hydra,tshap_zero,0.8666666666666667,0.9285714285714286,0.014285714285714285,0.8878515361788174,0.7130107379935646,0,0,0.07595016300183488,0.005337608003173955,ECG5000,3328
1,1,0.05,hydra,mrsqm,0.0,0.0,0.95,0.739123505200032,0.31334342713313723,0,0,0.07595016300183488,1.7532998754177243e-05,ECG5000,3328
1,1,0.1,hydra,mrsqm,0.0,0.0,0.9,0.8316995030740812,0.42641420013684184,0,0,0.07595016300183488,1.7532998754177243e-05,ECG5000,3328
1,1,0.2,hydra,mrsqm,0.0,0.0,0.8,0.8878515361788174,0.33052937013878747,0,0,0.07595016300183488,1.7532998754177243e-05,ECG5000,3328
1,1,0.05,shapley_sampling,feature_ablation,1.0,1.0,0.0,0.7391235056269099,0.7391235103571102,0,0,0.7693001090010512,0.03420159599772887,ECG5000,3328
1,1,0.1,shapley_sampling,feature_ablation,1.0,1.0,0.0,0.8316994963184156,0.831699493835691,0,0,0.7693001090010512,0.03420159599772887,ECG5000,3328
1,1,0.2,shapley_sampling,feature_ablation,1.0,1.0,0.0,0.8878515401697294,0.8878515236006979,0,0,0.7693001090010512,0.03420159599772887,ECG5000,3328
1,1,0.05,shapley_sampling,tshap_centroid,0.16666666666666666,0.2857142857142857,0.03571428571428571,0.7391235056269099,0.19865275812811833,0,0,0.7693001090010512,0.005861083998752292,ECG5000,3328
1,1,0.1,shapley_sampling,tshap_centroid,0.75,0.8571428571428571,0.014285714285714285,0.8316994963184156,0.6245614444640958,0,0,0.7693001090010512,0.005861083998752292,ECG5000,3328
1,1,0.2,shapley_sampling,tshap_centroid,0.8666666666666667,0.9285714285714286,0.014285714285714285,0.8878515401697294,0.7130107371133138,0,0,0.7693001090010512,0.005861083998752292,ECG5000,3328
1,1,0.05,shapley_sampling,tshap_zero,0.0,0.0,0.9,0.7391235056269099,0.624510977082241,0,0,0.7693001090010512,0.005337608003173955,ECG5000,3328
1,1,0.1,shapley_sampling,tshap_zero,0.0,0.0,0.8857142857142857,0.8316994963184156,0.48916017018349767,0,0,0.7693001090010512,0.005337608003173955,ECG5000,3328
1,1,0.2,shapley_sampling,tshap_zero,0.8666666666666667,0.9285714285714286,0.014285714285714285,0.8878515401697294,0.7130107379935646,0,0,0.7693001090010512,0.005337608003173955,ECG5000,3328
1,1,0.05,shapley_sampling,mrsqm,0.0,0.0,0.95,0.7391235056269099,0.31334342713313723,0,0,0.7693001090010512,1.7532998754177243e-05,ECG5000,3328
1,1,0.1,shapley_sampling,mrsqm,0.0,0.0,0.9,0.8316994963184156,0.42641420013684184,0,0,0.7693001090010512,1.7532998754177243e-05,ECG5000,3328
1,1,0.2,shapley_sampling,mrsqm,0.0,0.0,0.8,0.8878515401697294,0.33052937013878747,0,0,0.7693001090010512,1.7532998754177243e-05,ECG5000,3328
1,1,0.05,feature_ablation,tshap_centroid,0.16666666666666666,0.2857142857142857,0.03571428571428571,0.7391235103571102,0.19865275812811833,0,0,0.03420159599772887,0.005861083998752292,ECG5000,3328
1,1,0.1,feature_ablation,tshap_centroid,0.75,0.8571428571428571,0.014285714285714285,0.831699493835691,0.6245614444640958,0,0,0.03420159599772887,0.005861083998752292,ECG5000,3328
1,1,0.2,feature_ablation,tshap_centroid,0.8666666666666667,0.9285714285714286,0.014285714285714285,0.8878515236006979,0.7130107371133138,0,0,0.03420159599772887,0.005861083998752292,ECG5000,3328
1,1,0.05,feature_ablation,tshap_zero,0.0,0.0,0.9,0.7391235103571102,0.624510977082241,0,0,0.03420159599772887,0.005337608003173955,ECG5000,3328
1,1,0.1,feature_ablation,tshap_zero,0.0,0.0,0.8857142857142857,0.831699493835691,0.48916017018349767,0,0,0.03420159599772887,0.005337608003173955,ECG5000,3328
1,1,0.2,feature_ablation,tshap_zero,0.8666666666666667,0.9285714285714286,0.014285714285714285,0.8878515236006979,0.7130107379935646,0,0,0.03420159599772887,0.005337608003173955,ECG5000,3328
1,1,0.05,feature_ablation,mrsqm,0.0,0.0,0.95,0.7391235103571102,0.31334342713313723,0,0,0.03420159599772887,1.7532998754177243e-05,ECG5000,3328
1,1,0.1,feature_ablation,mrsqm,0.0,0.0,0.9,0.831699493835691,0.42641420013684184,0,0,0.03420159599772887,1.7532998754177243e-05,ECG5000,3328
1,1,0.2,feature_ablation,mrsqm,0.0,0.0,0.8,0.8878515236006979,0.33052937013878747,0,0,0.03420159599772887,1.7532998754177243e-05,ECG5000,3328
1,1,0.05,tshap_centroid,tshap_zero,0.0,0.0,0.8642857142857143,0.19865275812811833,0.624510977082241,0,0,0.005861083998752292,0.005337608003173955,ECG5000,3328
1,1,0.1,tshap_centroid,tshap_zero,0.0,0.0,0.8714285714285714,0.6245614444640958,0.48916017018349767,0,0,0.005861083998752292,0.005337608003173955,ECG5000,3328
1,1,0.2,tshap_centroid,tshap_zero,1.0,1.0,0.0,0.7130107371133138,0.7130107379935646,0,0,0.005861083998752292,0.005337608003173955,ECG5000,3328
1,1,0.05,tshap_centroid,mrsqm,0.0,0.0,0.9142857142857143,0.19865275812811833,0.31334342713313723,0,0,0.005861083998752292,1.7532998754177243e-05,ECG5000,3328
1,1,0.1,tshap_centroid,mrsqm,0.0,0.0,0.8857142857142857,0.6245614444640958,0.42641420013684184,0,0,0.005861083998752292,1.7532998754177243e-05,ECG5000,3328
1,1,0.2,tshap_centroid,mrsqm,0.0,0.0,0.7857142857142857,0.7130107371133138,0.33052937013878747,0,0,0.005861083998752292,1.7532998754177243e-05,ECG5000,3328
1,1,0.05,tshap_zero,mrsqm,0.0,0.0,0.05,0.624510977082241,0.31334342713313723,0,0,0.005337608003173955,1.7532998754177243e-05,ECG5000,3328
1,1,0.1,tshap_zero,mrsqm,0.75,0.8571428571428571,0.014285714285714285,0.48916017018349767,0.42641420013684184,0,0,0.005337608003173955,1.7532998754177243e-05,ECG5000,3328
1,1,0.2,tshap_zero,mrsqm,0.0,0.0,0.7857142857142857,0.7130107379935646,0.33052937013878747,0,0,0.005337608003173955,1.7532998754177243e-05,ECG5000,3328
0,0,0.05,hydra,shapley_sampling,0.0,0.0,0.8785714285714286,0.0681702253749571,0.1953931526641891,0,0,0.07680158699804451,0.7606078509998042,ECG5000,546
0,0,0.1,hydra,shapley_sampling,0.0,0.0,0.1,0.014564113674480406,0.18702029748916693,0,0,0.07680158699804451,0.7606078509998042,ECG5000,546
0,0,0.2,hydra,shapley_sampling,0.19148936170212766,0.32142857142857145,0.1357142857142857,0.03670037879258725,0.5823621189330241,0,0,0.07680158699804451,0.7606078509998042,ECG5000,546
0,0,0.05,hydra,feature_ablation,0.0,0.0,0.8785714285714286,0.0681702253749571,0.1953931515818369,0,0,0.07680158699804451,0.032272170999931404,ECG5000,546
0,0,0.1,hydra,feature_ablation,0.0,0.0,0.15,0.014564113674480406,0.4861590017851665,0,0,0.07680158699804451,0.032272170999931404,ECG5000,546
0,0,0.2,hydra,feature_ablation,0.0,0.0,0.7857142857142857,0.03670037879258725,0.42837482835187624,0,0,0.07680158699804451,0.032272170999931404,ECG5000,546
0,0,0.05,hydra,tshap_centroid,0.2727272727272727,0.42857142857142855,0.02857142857142857,0.0681702253749571,-0.06809694814636624,0,0,0.07680158699804451,0.0056393869999737944,ECG5000,546
0,0,0.1,hydra,tshap_centroid,0.47368421052631576,0.6428571428571429,0.03571428571428571,0.014564113674480406,0.07391132150858148,0,0,0.07680158699804451,0.0056393869999737944,ECG5000,546
0,0,0.2,hydra,tshap_centroid,0.8666666666666667,0.9285714285714286,0.014285714285714285,0.03670037879258725,0.10869601327557787,0,0,0.07680158699804451,0.0056393869999737944,ECG5000,546
0,0,0.05,hydra,tshap_zero,0.0,0.0,0.7928571428571428,0.0681702253749571,-0.04341333569616146,0,0,0.07680158699804451,0.005620670999633148,ECG5000,546
0,0,0.1,hydra,tshap_zero,0.0,0.0,0.7714285714285715,0.014564113674480406,-0.022012354987452354,0,0,0.07680158699804451,0.005620670999633148,ECG5000,546
0,0,0.2,hydra,tshap_zero,0.0,0.0,0.7,0.03670037879258725,0.19985547147081462,0,0,0.07680158699804451,0.005620670999633148,ECG5000,546
0,0,0.05,hydra,mrsqm,0.0,0.0,0.8785714285714286,0.0681702253749571,0.19539314436681254,0,0,0.07680158699804451,1.9606999558163807e-05,ECG5000,546
0,0,0.1,hydra,mrsqm,0.0,0.0,0.85,0.014564113674480406,0.4570820559365343,0,0,0.07680158699804451,1.9606999558163807e-05,ECG5000,546
0,0,0.2,hydra,mrsqm,0.0,0.0,0.7857142857142857,0.03670037879258725,0.4283748254797093,0,0,0.07680158699804451,1.9606999558163807e-05,ECG5000,546
0,0,0.05,shapley_sampling,feature_ablation,1.0,1.0,0.0,0.1953931526641891,0.1953931515818369,0,0,0.7606078509998042,0.032272170999931404,ECG5000,546
0,0,0.1,shapley_sampling,feature_ablation,0.3333333333333333,0.5,0.05,0.18702029748916693,0.4861590017851665,0,0,0.7606078509998042,0.032272170999931404,ECG5000,546
0,0,0.2,shapley_sampling,feature_ablation,0.0,0.0,0.65,0.5823621189330241,0.42837482835187624,0,0,0.7606078509998042,0.032272170999931404,ECG5000,546
0,0,0.05,shapley_sampling,tshap_centroid,0.0,0.0,0.9071428571428571,0.1953931526641891,-0.06809694814636624,0,0,0.7606078509998042,0.0056393869999737944,ECG5000,546
0,0,0.1,shapley_sampling,tshap_centroid,0.0,0.0,0.1357142857142857,0.18702029748916693,0.07391132150858148,0,0,0.7606078509998042,0.0056393869999737944,ECG5000,546
0,0,0.2,shapley_sampling,tshap_centroid,0.14285714285714285,0.25,0.15,0.5823621189330241,0.10869601327557787,0,0,0.7606078509998042,0.0056393869999737944,ECG5000,546
0,0,0.05,shapley_sampling,tshap_zero,0.0,0.0,0.08571428571428572,0.1953931526641891,-0.04341333569616146,0,0,0.7606078509998042,0.005620670999633148,ECG5000,546
0,0,0.1,shapley_sampling,tshap_zero,0.0,0.0,0.6714285714285714,0.18702029748916693,-0.022012354987452354,0,0,0.7606078509998042,0.005620670999633148,ECG5000,546
0,0,0.2,shapley_sampling,tshap_zero,0.0,0.0,0.5642857142857143,0.5823621189330241,0.19985547147081462,0,0,0.7606078509998042,0.005620670999633148,ECG5000,546
0,0,0.05,shapley_sampling,mrsqm,1.0,1.0,0.0,0.1953931526641891,0.19539314436681254,0,0,0.7606078509998042,1.9606999558163807e-05,ECG5000,546
0,0,0.1,shapley_sampling,mrsqm,0.0,0.0,0.75,0.18702029748916693,0.4570820559365343,0,0,0.7606078509998042,1.9606999558163807e-05,ECG5000,546
0,0,0.2,shapley_sampling,mrsqm,0.0,0.0,0.65,0.5823621189330241,0.4283748254797093,0,0,0.7606078509998042,1.9606999558163807e-05,ECG5000,546
0,0,0.05,feature_ablation,tshap_centroid,0.0,0.0,0.9071428571428571,0.1953931515818369,-0.06809694814636624,0,0,0.032272170999931404,0.0056393869999737944,ECG5000,546
0,0,0.1,feature_ablation,tshap_centroid,0.0,0.0,0.18571428571428572,0.4861590017851665,0.07391132150858148,0,0,0.032272170999931404,0.0056393869999737944,ECG5000,546
0,0,0.2,feature_ablation,tshap_centroid,0.0,0.0,0.8,0.42837482835187624,0.10869601327557787,0,0,0.032272170999931404,0.0056393869999737944,ECG5000,546
0,0,0.05,feature_ablation,tshap_zero,0.0,0.0,0.08571428571428572,0.1953931515818369,-0.04341333569616146,0,0,0.032272170999931404,0.005620670999633148,ECG5000,546
0,0,0.1,feature_ablation,tshap_zero,0.0,0.0,0.6214285714285714,0.4861590017851665,-0.022012354987452354,0,0,0.032272170999931404,0.005620670999633148,ECG5000,546
0,0,0.2,feature_ablation,tshap_zero,0.4,0.5714285714285714,0.08571428571428572,0.42837482835187624,0.19985547147081462,0,0,0.032272170999931404,0.005620670999633148,ECG5000,546
0,0,0.05,feature_ablation,mrsqm,1.0,1.0,0.0,0.1953931515818369,0.19539314436681254,0,0,0.032272170999931404,1.9606999558163807e-05,ECG5000,546
0,0,0.1,feature_ablation,mrsqm,0.0,0.0,0.7,0.4861590017851665,0.4570820559365343,0,0,0.032272170999931404,1.9606999558163807e-05,ECG5000,546
0,0,0.2,feature_ablation,mrsqm,1.0,1.0,0.0,0.42837482835187624,0.4283748254797093,0,0,0.032272170999931404,1.9606999558163807e-05,ECG5000,546
0,0,0.05,tshap_centroid,tshap_zero,0.0,0.0,0.8214285714285714,-0.06809694814636624,-0.04341333569616146,0,0,0.0056393869999737944,0.005620670999633148,ECG5000,546
0,0,0.1,tshap_centroid,tshap_zero,0.0,0.0,0.8071428571428572,0.07391132150858148,-0.022012354987452354,0,0,0.0056393869999737944,0.005620670999633148,ECG5000,546
0,0,0.2,tshap_centroid,tshap_zero,0.0,0.0,0.7142857142857143,0.10869601327557787,0.19985547147081462,0,0,0.0056393869999737944,0.005620670999633148,ECG5000,546
0,0,0.05,tshap_centroid,mrsqm,0.0,0.0,0.9071428571428571,-0.06809694814636624,0.19539314436681254,0,0,0.0056393869999737944,1.9606999558163807e-05,ECG5000,546
0,0,0.1,tshap_centroid,mrsqm,0.0,0.0,0.8857142857142857,0.07391132150858148,0.4570820559365343,0,0,0.0056393869999737944,1.9606999558163807e-05,ECG5000,546
0,0,0.2,tshap_centroid,mrsqm,0.0,0.0,0.8,0.10869601327557787,0.4283748254797093,0,0,0.0056393869999737944,1.9606999558163807e-05,ECG5000,546
0,0,0.05,tshap_zero,mrsqm,0.0,0.0,0.08571428571428572,-0.04341333569616146,0.19539314436681254,0,0,0.005620670999633148,1.9606999558163807e-05,ECG5000,546
0,0,0.1,tshap_zero,mrsqm,0.12,0.21428571428571427,0.07857142857142857,-0.022012354987452354,0.4570820559365343,0,0,0.005620670999633148,1.9606999558163807e-05,ECG5000,546
0,0,0.2,tshap_zero,mrsqm,0.4,0.5714285714285714,0.08571428571428572,0.19985547147081462,0.4283748254797093,0,0,0.005620670999633148,1.9606999558163807e-05,ECG5000,546
0,0,0.05,hydra,shapley_sampling,0.0,0.0,0.8857142857142857,0.01615682311370492,0.1927584152651728,0,0,0.07636517499850015,0.7590038690032088,ECG5000,378
0,0,0.1,hydra,shapley_sampling,0.0,0.0,0.15714285714285714,0.0972198874488358,0.680246186173314,0,0,0.07636517499850015,0.7590038690032088,ECG5000,378
0,0,0.2,hydra,shapley_sampling,0.037037037037037035,0.07142857142857142,0.18571428571428572,0.1755280843361512,0.400187424020776,0,0,0.07636517499850015,0.7590038690032088,ECG5000,378
0,0,0.05,hydra,feature_ablation,0.0,0.0,0.8857142857142857,0.01615682311370492,0.19275842458558878,0,0,0.07636517499850015,0.033370089000527514,ECG5000,378
0,0,0.1,hydra,feature_ablation,0.0,0.0,0.15714285714285714,0.0972198874488358,0.6802461940376908,0,0,0.07636517499850015,0.033370089000527514,ECG5000,378
0,0,0.2,hydra,feature_ablation,0.0,0.0,0.2357142857142857,0.1755280843361512,-0.005546078278625188,0,0,0.07636517499850015,0.033370089000527514,ECG5000,378
0,0,0.05,hydra,tshap_centroid,0.4,0.5714285714285714,0.02142857142857143,0.01615682311370492,0.1299702938075844,0,0,0.07636517499850015,0.0056020160009211395,ECG5000,378
0,0,0.1,hydra,tshap_centroid,0.6470588235294118,0.7857142857142857,0.02142857142857143,0.0972198874488358,0.15740153033596738,0,0,0.07636517499850015,0.0056020160009211395,ECG5000,378
0,0,0.2,hydra,tshap_centroid,0.8666666666666667,0.9285714285714286,0.014285714285714285,0.1755280843361512,0.21751359995658948,0,0,0.07636517499850015,0.0056020160009211395,ECG5000,378
0,0,0.05,hydra,tshap_zero,0.0,0.0,0.6071428571428571,0.01615682311370492,-0.08666575623456962,0,0,0.07636517499850015,0.005581526998867048,ECG5000,378
0,0,0.1,hydra,tshap_zero,0.0,0.0,0.6214285714285714,0.0972198874488358,0.1071358847799132,0,0,0.07636517499850015,0.005581526998867048,ECG5000,378
0,0,0.2,hydra,tshap_zero,0.0,0.0,0.6428571428571429,0.1755280843361512,0.17086926787691936,0,0,0.07636517499850015,0.005581526998867048,ECG5000,378
0,0,0.05,hydra,mrsqm,0.0,0.0,0.8857142857142857,0.01615682311370492,0.19275841977144414,0,0,0.07636517499850015,1.8564998754300177e-05,ECG5000,378
0,0,0.1,hydra,mrsqm,0.0,0.0,0.8571428571428571,0.0972198874488358,0.5107007577797866,0,0,0.07636517499850015,1.8564998754300177e-05,ECG5000,378
0,0,0.2,hydra,mrsqm,0.0,0.0,0.7857142857142857,0.1755280843361512,0.5688679367626368,0,0,0.07636517499850015,1.8564998754300177e-05,ECG5000,378
0,0,0.05,shapley_sampling,feature_ablation,1.0,1.0,0.0,0.1927584152651728,0.19275842458558878,0,0,0.7590038690032088,0.033370089000527514,ECG5000,378
0,0,0.1,shapley_sampling,feature_ablation,1.0,1.0,0.0,0.680246186173314,0.6802461940376908,0,0,0.7590038690032088,0.033370089000527514,ECG5000,378
0,0,0.2,shapley_sampling,feature_ablation,0.6,0.75,0.05,0.400187424020776,-0.005546078278625188,0,0,0.7590038690032088,0.033370089000527514,ECG5000,378
0,0,0.05,shapley_sampling,tshap_centroid,0.0,0.0,0.9071428571428571,0.1927584152651728,0.1299702938075844,0,0,0.7590038690032088,0.0056020160009211395,ECG5000,378
0,0,0.1,shapley_sampling,tshap_centroid,0.0,0.0,0.17857142857142858,0.680246186173314,0.15740153033596738,0,0,0.7590038690032088,0.0056020160009211395,ECG5000,378
0,0,0.2,shapley_sampling,tshap_centroid,0.0,0.0,0.2,0.400187424020776,0.21751359995658948,0,0,0.7590038690032088,0.0056020160009211395,ECG5000,378
0,0,0.05,shapley_sampling,tshap_zero,0.0,0.0,0.2785714285714286,0.1927584152651728,-0.08666575623456962,0,0,0.7590038690032088,0.005581526998867048,ECG5000,378
0,0,0.1,shapley_sampling,tshap_zero,0.0,0.0,0.4642857142857143,0.680246186173314,0.1071358847799132,0,0,0.7590038690032088,0.005581526998867048,ECG5000,378
0,0,0.2,shapley_sampling,tshap_zero,0.0,0.0,0.45714285714285713,0.400187424020776,0.17086926787691936,0,0,0.7590038690032088,0.005581526998867048,ECG5000,378
0,0,0.05,shapley_sampling,mrsqm,1.0,1.0,0.0,0.1927584152651728,0.19275841977144414,0,0,0.7590038690032088,1.8564998754300177e-05,ECG5000,378
0,0,0.1,shapley_sampling,mrsqm,0.0,0.0,0.7,0.680246186173314,0.5107007577797866,0,0,0.7590038690032088,1.8564998754300177e-05,ECG5000,378
0,0,0.2,shapley_sampling,mrsqm,0.0,0.0,0.6,0.400187424020776,0.5688679367626368,0,0,0.7590038690032088,1.8564998754300177e-05,ECG5000,378
0,0,0.05,feature_ablation,tshap_centroid,0.0,0.0,0.9071428571428571,0.19275842458558878,0.1299702938075844,0,0,0.033370089000527514,0.0056020160009211395,ECG5000,378
0,0,0.1,feature_ablation,tshap_centroid,0.0,0.0,0.17857142857142858,0.6802461940376908,0.15740153033596738,0,0,0.033370089000527514,0.0056020160009211395,ECG5000,378
0,0,0.2,feature_ablation,tshap_centroid,0.0,0.0,0.25,-0.005546078278625188,0.21751359995658948,0,0,0.033370089000527514,0.0056020160009211395,ECG5000,378
0,0,0.05,feature_ablation,tshap_zero,0.0,0.0,0.2785714285714286,0.19275842458558878,-0.08666575623456962,0,0,0.033370089000527514,0.005581526998867048,ECG5000,378
0,0,0.1,feature_ablation,tshap_zero,0.0,0.0,0.4642857142857143,0.6802461940376908,0.1071358847799132,0,0,0.033370089000527514,0.005581526998867048,ECG5000,378
0,0,0.2,feature_ablation,tshap_zero,0.0,0.0,0.40714285714285714,-0.005546078278625188,0.17086926787691936,0,0,0.033370089000527514,0.005581526998867048,ECG5000,378
0,0,0.05,feature_ablation,mrsqm,1.0,1.0,0.0,0.19275842458558878,0.19275841977144414,0,0,0.033370089000527514,1.8564998754300177e-05,ECG5000,378
0,0,0.1,feature_ablation,mrsqm,0.0,0.0,0.7,0.6802461940376908,0.5107007577797866,0,0,0.033370089000527514,1.8564998754300177e-05,ECG5000,378
0,0,0.2,feature_ablation,mrsqm,0.0,0.0,0.55,-0.005546078278625188,0.5688679367626368,0,0,0.033370089000527514,1.8564998754300177e-05,ECG5000,378
0,0,0.05,tshap_centroid,tshap_zero,0.0,0.0,0.6285714285714286,0.1299702938075844,-0.08666575623456962,0,0,0.0056020160009211395,0.005581526998867048,ECG5000,378
0,0,0.1,tshap_centroid,tshap_zero,0.0,0.0,0.6428571428571429,0.15740153033596738,0.1071358847799132,0,0,0.0056020160009211395,0.005581526998867048,ECG5000,378
0,0,0.2,tshap_centroid,tshap_zero,0.0,0.0,0.6571428571428571,0.21751359995658948,0.17086926787691936,0,0,0.0056020160009211395,0.005581526998867048,ECG5000,378
0,0,0.05,tshap_centroid,mrsqm,0.0,0.0,0.9071428571428571,0.1299702938075844,0.19275841977144414,0,0,0.0056020160009211395,1.8564998754300177e-05,ECG5000,378
0,0,0.1,tshap_centroid,mrsqm,0.0,0.0,0.8785714285714286,0.15740153033596738,0.5107007577797866,0,0,0.0056020160009211395,1.8564998754300177e-05,ECG5000,378
0,0,0.2,tshap_centroid,mrsqm,0.0,0.0,0.8,0.21751359995658948,0.5688679367626368,0,0,0.0056020160009211395,1.8564998754300177e-05,ECG5000,378
0,0,0.05,tshap_zero,mrsqm,0.0,0.0,0.2785714285714286,-0.08666575623456962,0.19275841977144414,0,0,0.005581526998867048,1.8564998754300177e-05,ECG5000,378
0,0,0.1,tshap_zero,mrsqm,0.0,0.0,0.2357142857142857,0.1071358847799132,0.5107007577797866,0,0,0.005581526998867048,1.8564998754300177e-05,ECG5000,378
0,0,0.2,tshap_zero,mrsqm,0.16666666666666666,0.2857142857142857,0.14285714285714285,0.17086926787691936,0.5688679367626368,0,0,0.005581526998867048,1.8564998754300177e-05,ECG5000,378
1,1,0.05,hydra,shapley_sampling,0.0,0.0,0.4928571428571429,0.2657412521294431,0.5856930080283579,0,0,0.07748090699897148,0.7632875999988755,ECG5000,2801
1,1,0.1,hydra,shapley_sampling,0.0,0.0,0.45,0.37063501310900193,0.8307502494623185,0,0,0.07748090699897148,0.7632875999988755,ECG5000,2801
1,1,0.2,hydra,shapley_sampling,0.0,0.0,0.35714285714285715,0.019717746618528098,0.8473276977414678,0,0,0.07748090699897148,0.7632875999988755,ECG5000,2801
1,1,0.05,hydra,feature_ablation,0.0,0.0,0.4928571428571429,0.2657412521294431,0.5856930151645383,0,0,0.07748090699897148,0.036032395997608546,ECG5000,2801
1,1,0.1,hydra,feature_ablation,0.0,0.0,0.45,0.37063501310900193,0.8307502474167755,0,0,0.07748090699897148,0.036032395997608546,ECG5000,2801
1,1,0.2,hydra,feature_ablation,0.0,0.0,0.35714285714285715,0.019717746618528098,0.8473276859648952,0,0,0.07748090699897148,0.036032395997608546,ECG5000,2801
1,1,0.05,hydra,tshap_centroid,0.0,0.0,0.45,0.2657412521294431,0.36333625480305076,0,0,0.07748090699897148,0.006001759000355378,ECG5000,2801
1,1,0.1,hydra,tshap_centroid,0.0,0.0,0.42857142857142855,0.37063501310900193,0.7138228836149778,0,0,0.07748090699897148,0.006001759000355378,ECG5000,2801
1,1,0.2,hydra,tshap_centroid,0.0,0.0,0.35,0.019717746618528098,0.9434958493997737,0,1,0.07748090699897148,0.006001759000355378,ECG5000,2801
1,1,0.05,hydra,tshap_zero,0.0,0.0,0.45714285714285713,0.2657412521294431,0.4807094238323495,0,0,0.07748090699897148,0.0062488139992638025,ECG5000,2801
1,1,0.1,hydra,tshap_zero,0.0,0.0,0.44285714285714284,0.37063501310900193,0.8309393545549666,0,0,0.07748090699897148,0.0062488139992638025,ECG5000,2801
1,1,0.2,hydra,tshap_zero,0.0,0.0,0.35,0.019717746618528098,0.9434958468231034,0,1,0.07748090699897148,0.0062488139992638025,ECG5000,2801
1,1,0.05,hydra,mrsqm,0.0,0.0,0.45714285714285713,0.2657412521294431,0.4872614043029996,0,0,0.07748090699897148,1.758299913490191e-05,ECG5000,2801
1,1,0.1,hydra,mrsqm,0.0,0.0,0.45,0.37063501310900193,0.3330260440670336,0,0,0.07748090699897148,1.758299913490191e-05,ECG5000,2801
1,1,0.2,hydra,mrsqm,0.0,0.0,0.44285714285714284,0.019717746618528098,0.1345521261625393,0,0,0.07748090699897148,1.758299913490191e-05,ECG5000,2801
1,1,0.05,shapley_sampling,feature_ablation,1.0,1.0,0.0,0.5856930080283579,0.5856930151645383,0,0,0.7632875999988755,0.036032395997608546,ECG5000,2801
1,1,0.1,shapley_sampling,feature_ablation,1.0,1.0,0.0,0.8307502494623185,0.8307502474167755,0,0,0.7632875999988755,0.036032395997608546,ECG5000,2801
1,1,0.2,shapley_sampling,feature_ablation,1.0,1.0,0.0,0.8473276977414678,0.8473276859648952,0,0,0.7632875999988755,0.036032395997608546,ECG5000,2801
1,1,0.05,shapley_sampling,tshap_centroid,0.07692307692307693,0.14285714285714285,0.04285714285714286,0.5856930080283579,0.36333625480305076,0,0,0.7632875999988755,0.006001759000355378,ECG5000,2801
1,1,0.1,shapley_sampling,tshap_centroid,0.6470588235294118,0.7857142857142857,0.02142857142857143,0.8307502494623185,0.7138228836149778,0,0,0.7632875999988755,0.006001759000355378,ECG5000,2801
1,1,0.2,shapley_sampling,tshap_centroid,0.9310344827586207,0.9642857142857143,0.007142857142857143,0.8473276977414678,0.9434958493997737,0,1,0.7632875999988755,0.006001759000355378,ECG5000,2801
1,1,0.05,shapley_sampling,tshap_zero,0.16666666666666666,0.2857142857142857,0.03571428571428571,0.5856930080283579,0.4807094238323495,0,0,0.7632875999988755,0.0062488139992638025,ECG5000,2801
1,1,0.1,shapley_sampling,tshap_zero,0.8666666666666667,0.9285714285714286,0.007142857142857143,0.8307502494623185,0.8309393545549666,0,0,0.7632875999988755,0.0062488139992638025,ECG5000,2801
1,1,0.2,shapley_sampling,tshap_zero,0.9310344827586207,0.9642857142857143,0.007142857142857143,0.8473276977414678,0.9434958468231034,0,1,0.7632875999988755,0.0062488139992638025,ECG5000,2801
1,1,0.05,shapley_sampling,mrsqm,0.0,0.0,0.95,0.5856930080283579,0.4872614043029996,0,0,0.7632875999988755,1.758299913490191e-05,ECG5000,2801
1,1,0.1,shapley_sampling,mrsqm,0.0,0.0,0.9,0.8307502494623185,0.3330260440670336,0,0,0.7632875999988755,1.758299913490191e-05,ECG5000,2801
1,1,0.2,shapley_sampling,mrsqm,0.0,0.0,0.8,0.8473276977414678,0.1345521261625393,0,0,0.7632875999988755,1.758299913490191e-05,ECG5000,2801
1,1,0.05,feature_ablation,tshap_centroid,0.07692307692307693,0.14285714285714285,0.04285714285714286,0.5856930151645383,0.36333625480305076,0,0,0.036032395997608546,0.006001759000355378,ECG5000,2801
1,1,0.1,feature_ablation,tshap_centroid,0.6470588235294118,0.7857142857142857,0.02142857142857143,0.8307502474167755,0.7138228836149778,0,0,0.036032395997608546,0.006001759000355378,ECG5000,2801
1,1,0.2,feature_ablation,tshap_centroid,0.9310344827586207,0.9642857142857143,0.007142857142857143,0.8473276859648952,0.9434958493997737,0,1,0.036032395997608546,0.006001759000355378,ECG5000,2801
1,1,0.05,feature_ablation,tshap_zero,0.16666666666666666,0.2857142857142857,0.03571428571428571,0.5856930151645383,0.4807094238323495,0,0,0.036032395997608546,0.0062488139992638025,ECG5000,2801
1,1,0.1,feature_ablation,tshap_zero,0.8666666666666667,0.9285714285714286,0.007142857142857143,0.8307502474167755,0.8309393545549666,0,0,0.036032395997608546,0.0062488139992638025,ECG5000,2801
1,1,0.2,feature_ablation,tshap_zero,0.9310344827586207,0.9642857142857143,0.007142857142857143,0.8473276859648952,0.9434958468231034,0,1,0.036032395997608546,0.0062488139992638025,ECG5000,2801
1,1,0.05,feature_ablation,mrsqm,0.0,0.0,0.95,0.5856930151645383,0.4872614043029996,0,0,0.036032395997608546,1.758299913490191e-05,ECG5000,2801
1,1,0.1,feature_ablation,mrsqm,0.0,0.0,0.9,0.8307502474167755,0.3330260440670336,0,0,0.036032395997608546,1.758299913490191e-05,ECG5000,2801
1,1,0.2,feature_ablation,mrsqm,0.0,0.0,0.8,0.8473276859648952,0.1345521261625393,0,0,0.036032395997608546,1.758299913490191e-05,ECG5000,2801
1,1,0.05,tshap_centroid,tshap_zero,0.75,0.8571428571428571,0.007142857142857143,0.36333625480305076,0.4807094238323495,0,0,0.006001759000355378,0.0062488139992638025,ECG5000,2801
1,1,0.1,tshap_centroid,tshap_zero,0.75,0.8571428571428571,0.014285714285714285,0.7138228836149778,0.8309393545549666,0,0,0.006001759000355378,0.0062488139992638025,ECG5000,2801
1,1,0.2,tshap_centroid,tshap_zero,1.0,1.0,0.0,0.9434958493997737,0.9434958468231034,1,1,0.006001759000355378,0.0062488139992638025,ECG5000,2801
1,1,0.05,tshap_centroid,mrsqm,0.0,0.0,0.9071428571428571,0.36333625480305076,0.4872614043029996,0,0,0.006001759000355378,1.758299913490191e-05,ECG5000,2801
1,1,0.1,tshap_centroid,mrsqm,0.0,0.0,0.8785714285714286,0.7138228836149778,0.3330260440670336,0,0,0.006001759000355378,1.758299913490191e-05,ECG5000,2801
1,1,0.2,tshap_centroid,mrsqm,0.0,0.0,0.7928571428571428,0.9434958493997737,0.1345521261625393,1,0,0.006001759000355378,1.758299913490191e-05,ECG5000,2801
1,1,0.05,tshap_zero,mrsqm,0.0,0.0,0.9142857142857143,0.4807094238323495,0.4872614043029996,0,0,0.0062488139992638025,1.758299913490191e-05,ECG5000,2801
1,1,0.1,tshap_zero,mrsqm,0.0,0.0,0.8928571428571429,0.8309393545549666,0.3330260440670336,0,0,0.0062488139992638025,1.758299913490191e-05,ECG5000,2801
1,1,0.2,tshap_zero,mrsqm,0.0,0.0,0.7928571428571428,0.9434958468231034,0.1345521261625393,1,0,0.0062488139992638025,1.758299913490191e-05,ECG5000,2801
0,0,0.05,hydra,shapley_sampling,0.0,0.0,0.6928571428571428,0.16406228749529217,0.19293948737760247,0,0,0.07815314399704221,0.7851895099993271,ECG5000,2189
0,0,0.1,hydra,shapley_sampling,0.0,0.0,0.6642857142857143,0.1754698318850314,0.4677263179975965,0,0,0.07815314399704221,0.7851895099993271,ECG5000,2189
0,0,0.2,hydra,shapley_sampling,0.8064516129032258,0.8928571428571429,0.02142857142857143,0.6115390457350741,0.5909186793362962,0,0,0.07815314399704221,0.7851895099993271,ECG5000,2189
0,0,0.05,hydra,feature_ablation,0.0,0.0,0.6928571428571428,0.16406228749529217,0.19293947937577172,0,0,0.07815314399704221,0.03444856100031757,ECG5000,2189
0,0,0.1,hydra,feature_ablation,0.47368421052631576,0.6428571428571429,0.03571428571428571,0.1754698318850314,0.516667633680459,0,0,0.07815314399704221,0.03444856100031757,ECG5000,2189
0,0,0.2,hydra,feature_ablation,0.8064516129032258,0.8928571428571429,0.02142857142857143,0.6115390457350741,0.5909186799829432,0,0,0.07815314399704221,0.03444856100031757,ECG5000,2189
0,0,0.05,hydra,tshap_centroid,0.0,0.0,0.21428571428571427,0.16406228749529217,0.01506027101756735,0,0,0.07815314399704221,0.006027036997693358,ECG5000,2189
0,0,0.1,hydra,tshap_centroid,0.0,0.0,0.22142857142857142,0.1754698318850314,0.08817470037851693,0,0,0.07815314399704221,0.006027036997693358,ECG5000,2189
0,0,0.2,hydra,tshap_centroid,0.0,0.0,0.65,0.6115390457350741,0.024384032703946623,0,0,0.07815314399704221,0.006027036997693358,ECG5000,2189
0,0,0.05,hydra,tshap_zero,0.0,0.0,0.4142857142857143,0.16406228749529217,-0.11720608023053003,0,0,0.07815314399704221,0.005842218000907451,ECG5000,2189
0,0,0.1,hydra,tshap_zero,0.0,0.0,0.40714285714285714,0.1754698318850314,-0.03660591246713307,0,0,0.07815314399704221,0.005842218000907451,ECG5000,2189
0,0,0.2,hydra,tshap_zero,0.0,0.0,0.4714285714285714,0.6115390457350741,0.00018021578447291464,0,0,0.07815314399704221,0.005842218000907451,ECG5000,2189
0,0,0.05,hydra,mrsqm,0.0,0.0,0.6928571428571428,0.16406228749529217,0.1929394847151108,0,0,0.07815314399704221,1.8363996787229553e-05,ECG5000,2189
0,0,0.1,hydra,mrsqm,0.0,0.0,0.6642857142857143,0.1754698318850314,0.46772632067592657,0,0,0.07815314399704221,1.8363996787229553e-05,ECG5000,2189
0,0,0.2,hydra,mrsqm,0.0,0.0,0.6714285714285714,0.6115390457350741,0.4245159960190935,0,0,0.07815314399704221,1.8363996787229553e-05,ECG5000,2189
0,0,0.05,shapley_sampling,feature_ablation,1.0,1.0,0.0,0.19293948737760247,0.19293947937577172,0,0,0.7851895099993271,0.03444856100031757,ECG5000,2189
0,0,0.1,shapley_sampling,feature_ablation,0.0,0.0,0.7,0.4677263179975965,0.516667633680459,0,0,0.7851895099993271,0.03444856100031757,ECG5000,2189
0,0,0.2,shapley_sampling,feature_ablation,1.0,1.0,0.0,0.5909186793362962,0.5909186799829432,0,0,0.7851895099993271,0.03444856100031757,ECG5000,2189
0,0,0.05,shapley_sampling,tshap_centroid,0.0,0.0,0.9071428571428571,0.19293948737760247,0.01506027101756735,0,0,0.7851895099993271,0.006027036997693358,ECG5000,2189
0,0,0.1,shapley_sampling,tshap_centroid,0.0,0.0,0.8857142857142857,0.4677263179975965,0.08817470037851693,0,0,0.7851895099993271,0.006027036997693358,ECG5000,2189
0,0,0.2,shapley_sampling,tshap_centroid,0.0,0.0,0.6285714285714286,0.5909186793362962,0.024384032703946623,0,0,0.7851895099993271,0.006027036997693358,ECG5000,2189
0,0,0.05,shapley_sampling,tshap_zero,0.0,0.0,0.2785714285714286,0.19293948737760247,-0.11720608023053003,0,0,0.7851895099993271,0.005842218000907451,ECG5000,2189
0,0,0.1,shapley_sampling,tshap_zero,0.0,0.0,0.2571428571428571,0.4677263179975965,-0.03660591246713307,0,0,0.7851895099993271,0.005842218000907451,ECG5000,2189
0,0,0.2,shapley_sampling,tshap_zero,0.0,0.0,0.45,0.5909186793362962,0.00018021578447291464,0,0,0.7851895099993271,0.005842218000907451,ECG5000,2189
0,0,0.05,shapley_sampling,mrsqm,1.0,1.0,0.0,0.19293948737760247,0.1929394847151108,0,0,0.7851895099993271,1.8363996787229553e-05,ECG5000,2189
0,0,0.1,shapley_sampling,mrsqm,1.0,1.0,0.0,0.4677263179975965,0.46772632067592657,0,0,0.7851895099993271,1.8363996787229553e-05,ECG5000,2189
0,0,0.2,shapley_sampling,mrsqm,0.0,0.0,0.65,0.5909186793362962,0.4245159960190935,0,0,0.7851895099993271,1.8363996787229553e-05,ECG5000,2189
0,0,0.05,feature_ablation,tshap_centroid,0.0,0.0,0.9071428571428571,0.19293947937577172,0.01506027101756735,0,0,0.03444856100031757,0.006027036997693358,ECG5000,2189
0,0,0.1,feature_ablation,tshap_centroid,0.0,0.0,0.18571428571428572,0.516667633680459,0.08817470037851693,0,0,0.03444856100031757,0.006027036997693358,ECG5000,2189
0,0,0.2,feature_ablation,tshap_centroid,0.0,0.0,0.6285714285714286,0.5909186799829432,0.024384032703946623,0,0,0.03444856100031757,0.006027036997693358,ECG5000,2189
0,0,0.05,feature_ablation,tshap_zero,0.0,0.0,0.2785714285714286,0.19293947937577172,-0.11720608023053003,0,0,0.03444856100031757,0.005842218000907451,ECG5000,2189
0,0,0.1,feature_ablation,tshap_zero,0.0,0.0,0.44285714285714284,0.516667633680459,-0.03660591246713307,0,0,0.03444856100031757,0.005842218000907451,ECG5000,2189
0,0,0.2,feature_ablation,tshap_zero,0.0,0.0,0.45,0.5909186799829432,0.00018021578447291464,0,0,0.03444856100031757,0.005842218000907451,ECG5000,2189
0,0,0.05,feature_ablation,mrsqm,1.0,1.0,0.0,0.19293947937577172,0.1929394847151108,0,0,0.03444856100031757,1.8363996787229553e-05,ECG5000,2189
0,0,0.1,feature_ablation,mrsqm,0.0,0.0,0.7,0.516667633680459,0.46772632067592657,0,0,0.03444856100031757,1.8363996787229553e-05,ECG5000,2189
0,0,0.2,feature_ablation,mrsqm,0.0,0.0,0.65,0.5909186799829432,0.4245159960190935,0,0,0.03444856100031757,1.8363996787229553e-05,ECG5000,2189
0,0,0.05,tshap_centroid,tshap_zero,0.0,0.0,0.6285714285714286,0.01506027101756735,-0.11720608023053003,0,0,0.006027036997693358,0.005842218000907451,ECG5000,2189
0,0,0.1,tshap_centroid,tshap_zero,0.0,0.0,0.6285714285714286,0.08817470037851693,-0.03660591246713307,0,0,0.006027036997693358,0.005842218000907451,ECG5000,2189
0,0,0.2,tshap_centroid,tshap_zero,0.05660377358490566,0.10714285714285714,0.17857142857142858,0.024384032703946623,0.00018021578447291464,0,0,0.006027036997693358,0.005842218000907451,ECG5000,2189
0,0,0.05,tshap_centroid,mrsqm,0.0,0.0,0.9071428571428571,0.01506027101756735,0.1929394847151108,0,0,0.006027036997693358,1.8363996787229553e-05,ECG5000,2189
0,0,0.1,tshap_centroid,mrsqm,0.0,0.0,0.8857142857142857,0.08817470037851693,0.46772632067592657,0,0,0.006027036997693358,1.8363996787229553e-05,ECG5000,2189
0,0,0.2,tshap_centroid,mrsqm,0.8064516129032258,0.8928571428571429,0.02142857142857143,0.024384032703946623,0.4245159960190935,0,0,0.006027036997693358,1.8363996787229553e-05,ECG5000,2189
0,0,0.05,tshap_zero,mrsqm,0.0,0.0,0.2785714285714286,-0.11720608023053003,0.1929394847151108,0,0,0.005842218000907451,1.8363996787229553e-05,ECG5000,2189
0,0,0.1,tshap_zero,mrsqm,0.0,0.0,0.2571428571428571,-0.03660591246713307,0.46772632067592657,0,0,0.005842218000907451,1.8363996787229553e-05,ECG5000,2189
0,0,0.2,tshap_zero,mrsqm,0.0,0.0,0.2,0.00018021578447291464,0.4245159960190935,0,0,0.005842218000907451,1.8363996787229553e-05,ECG5000,2189
0,0,0.05,hydra,shapley_sampling,0.0,0.0,0.8785714285714286,0.09056891941603007,0.22769241022945708,0,0,0.07681569399937871,0.7596419009969395,ECG5000,1842
0,0,0.1,hydra,shapley_sampling,0.0,0.0,0.85,0.16761897147711124,0.5254570668053975,0,0,0.07681569399937871,0.7596419009969395,ECG5000,1842
0,0,0.2,hydra,shapley_sampling,0.0,0.0,0.7785714285714286,0.2657362585633569,0.4526625303738645,0,0,0.07681569399937871,0.7596419009969395,ECG5000,1842
0,0,0.05,hydra,feature_ablation,0.0,0.0,0.8785714285714286,0.09056891941603007,0.2276924092290039,0,0,0.07681569399937871,0.03336991899777786,ECG5000,1842
0,0,0.1,hydra,feature_ablation,0.0,0.0,0.85,0.16761897147711124,0.5254570735852926,0,0,0.07681569399937871,0.03336991899777786,ECG5000,1842
0,0,0.2,hydra,feature_ablation,0.0,0.0,0.7785714285714286,0.2657362585633569,0.4526625222205962,0,0,0.07681569399937871,0.03336991899777786,ECG5000,1842
0,0,0.05,hydra,tshap_centroid,0.2727272727272727,0.42857142857142855,0.02857142857142857,0.09056891941603007,0.09039441901568124,0,0,0.07681569399937871,0.005404183000791818,ECG5000,1842
0,0,0.1,hydra,tshap_centroid,0.5555555555555556,0.7142857142857143,0.02857142857142857,0.16761897147711124,0.24685975950889094,0,0,0.07681569399937871,0.005404183000791818,ECG5000,1842
0,0,0.2,hydra,tshap_centroid,1.0,1.0,0.0,0.2657362585633569,0.2657362709379574,0,0,0.07681569399937871,0.005404183000791818,ECG5000,1842
0,0,0.05,hydra,tshap_zero,0.0,0.0,0.5857142857142857,0.09056891941603007,-0.10135379319706583,0,0,0.07681569399937871,0.0064578390010865405,ECG5000,1842
0,0,0.1,hydra,tshap_zero,0.0,0.0,0.5857142857142857,0.16761897147711124,-0.09746899398163023,0,0,0.07681569399937871,0.0064578390010865405,ECG5000,1842
0,0,0.2,hydra,tshap_zero,0.0,0.0,0.6142857142857143,0.2657362585633569,0.11002014412910988,0,0,0.07681569399937871,0.0064578390010865405,ECG5000,1842
0,0,0.05,hydra,mrsqm,0.0,0.0,0.8785714285714286,0.09056891941603007,0.22769240322318485,0,0,0.07681569399937871,2.2120999346952885e-05,ECG5000,1842
0,0,0.1,hydra,mrsqm,0.0,0.0,0.85,0.16761897147711124,0.525457074484259,0,0,0.07681569399937871,2.2120999346952885e-05,ECG5000,1842
0,0,0.2,hydra,mrsqm,0.0,0.0,0.7785714285714286,0.2657362585633569,0.45266251755377485,0,0,0.07681569399937871,2.2120999346952885e-05,ECG5000,1842
0,0,0.05,shapley_sampling,feature_ablation,1.0,1.0,0.0,0.22769241022945708,0.2276924092290039,0,0,0.7596419009969395,0.03336991899777786,ECG5000,1842
0,0,0.1,shapley_sampling,feature_ablation,1.0,1.0,0.0,0.5254570668053975,0.5254570735852926,0,0,0.7596419009969395,0.03336991899777786,ECG5000,1842
0,0,0.2,shapley_sampling,feature_ablation,1.0,1.0,0.0,0.4526625303738645,0.4526625222205962,0,0,0.7596419009969395,0.03336991899777786,ECG5000,1842
0,0,0.05,shapley_sampling,tshap_centroid,0.0,0.0,0.9071428571428571,0.22769241022945708,0.09039441901568124,0,0,0.7596419009969395,0.005404183000791818,ECG5000,1842
0,0,0.1,shapley_sampling,tshap_centroid,0.0,0.0,0.8785714285714286,0.5254570668053975,0.24685975950889094,0,0,0.7596419009969395,0.005404183000791818,ECG5000,1842
0,0,0.2,shapley_sampling,tshap_centroid,0.0,0.0,0.7785714285714286,0.4526625303738645,0.2657362709379574,0,0,0.7596419009969395,0.005404183000791818,ECG5000,1842
0,0,0.05,shapley_sampling,tshap_zero,0.0,0.0,0.29285714285714287,0.22769241022945708,-0.10135379319706583,0,0,0.7596419009969395,0.0064578390010865405,ECG5000,1842
0,0,0.1,shapley_sampling,tshap_zero,0.0,0.0,0.2642857142857143,0.5254570668053975,-0.09746899398163023,0,0,0.7596419009969395,0.0064578390010865405,ECG5000,1842
0,0,0.2,shapley_sampling,tshap_zero,0.09803921568627451,0.17857142857142858,0.16428571428571428,0.4526625303738645,0.11002014412910988,0,0,0.7596419009969395,0.0064578390010865405,ECG5000,1842
0,0,0.05,shapley_sampling,mrsqm,1.0,1.0,0.0,0.22769241022945708,0.22769240322318485,0,0,0.7596419009969395,2.2120999346952885e-05,ECG5000,1842
0,0,0.1,shapley_sampling,mrsqm,1.0,1.0,0.0,0.5254570668053975,0.525457074484259,0,0,0.7596419009969395,2.2120999346952885e-05,ECG5000,1842
0,0,0.2,shapley_sampling,mrsqm,1.0,1.0,0.0,0.4526625303738645,0.45266251755377485,0,0,0.7596419009969395,2.2120999346952885e-05,ECG5000,1842
0,0,0.05,feature_ablation,tshap_centroid,0.0,0.0,0.9071428571428571,0.2276924092290039,0.09039441901568124,0,0,0.03336991899777786,0.005404183000791818,ECG5000,1842
0,0,0.1,feature_ablation,tshap_centroid,0.0,0.0,0.8785714285714286,0.5254570735852926,0.24685975950889094,0,0,0.03336991899777786,0.005404183000791818,ECG5000,1842
0,0,0.2,feature_ablation,tshap_centroid,0.0,0.0,0.7785714285714286,0.4526625222205962,0.2657362709379574,0,0,0.03336991899777786,0.005404183000791818,ECG5000,1842
0,0,0.05,feature_ablation,tshap_zero,0.0,0.0,0.29285714285714287,0.2276924092290039,-0.10135379319706583,0,0,0.03336991899777786,0.0064578390010865405,ECG5000,1842
0,0,0.1,feature_ablation,tshap_zero,0.0,0.0,0.2642857142857143,0.5254570735852926,-0.09746899398163023,0,0,0.03336991899777786,0.0064578390010865405,ECG5000,1842
0,0,0.2,feature_ablation,tshap_zero,0.09803921568627451,0.17857142857142858,0.16428571428571428,0.4526625222205962,0.11002014412910988,0,0,0.03336991899777786,0.0064578390010865405,ECG5000,1842
0,0,0.05,feature_ablation,mrsqm,1.0,1.0,0.0,0.2276924092290039,0.22769240322318485,0,0,0.03336991899777786,2.2120999346952885e-05,ECG5000,1842
0,0,0.1,feature_ablation,mrsqm,1.0,1.0,0.0,0.5254570735852926,0.525457074484259,0,0,0.03336991899777786,2.2120999346952885e-05,ECG5000,1842
0,0,0.2,feature_ablation,mrsqm,1.0,1.0,0.0,0.4526625222205962,0.45266251755377485,0,0,0.03336991899777786,2.2120999346952885e-05,ECG5000,1842
0,0,0.05,tshap_centroid,tshap_zero,0.0,0.0,0.6142857142857143,0.09039441901568124,-0.10135379319706583,0,0,0.005404183000791818,0.0064578390010865405,ECG5000,1842
0,0,0.1,tshap_centroid,tshap_zero,0.0,0.0,0.6142857142857143,0.24685975950889094,-0.09746899398163023,0,0,0.005404183000791818,0.0064578390010865405,ECG5000,1842
0,0,0.2,tshap_centroid,tshap_zero,0.0,0.0,0.6142857142857143,0.2657362709379574,0.11002014412910988,0,0,0.005404183000791818,0.0064578390010865405,ECG5000,1842
0,0,0.05,tshap_centroid,mrsqm,0.0,0.0,0.9071428571428571,0.09039441901568124,0.22769240322318485,0,0,0.005404183000791818,2.2120999346952885e-05,ECG5000,1842
0,0,0.1,tshap_centroid,mrsqm,0.0,0.0,0.8785714285714286,0.24685975950889094,0.525457074484259,0,0,0.005404183000791818,2.2120999346952885e-05,ECG5000,1842
0,0,0.2,tshap_centroid,mrsqm,0.0,0.0,0.7785714285714286,0.2657362709379574,0.45266251755377485,0,0,0.005404183000791818,2.2120999346952885e-05,ECG5000,1842
0,0,0.05,tshap_zero,mrsqm,0.0,0.0,0.29285714285714287,-0.10135379319706583,0.22769240322318485,0,0,0.0064578390010865405,2.2120999346952885e-05,ECG5000,1842
0,0,0.1,tshap_zero,mrsqm,0.0,0.0,0.2642857142857143,-0.09746899398163023,0.525457074484259,0,0,0.0064578390010865405,2.2120999346952885e-05,ECG5000,1842
0,0,0.2,tshap_zero,mrsqm,0.09803921568627451,0.17857142857142858,0.16428571428571428,0.11002014412910988,0.45266251755377485,0,0,0.0064578390010865405,2.2120999346952885e-05,ECG5000,1842
0,0,0.05,hydra,shapley_sampling,0.4,0.5714285714285714,0.02142857142857143,0.20435795798875456,0.35014449387514435,0,0,0.07635525600198889,0.7630061900017608,ECG5000,365
0,0,0.1,hydra,shapley_sampling,0.47368421052631576,0.6428571428571429,0.03571428571428571,0.37695518871293365,0.25813974658084227,0,0,0.07635525600198889,0.7630061900017608,ECG5000,365
0,0,0.2,hydra,shapley_sampling,1.0,1.0,0.0,0.31388007395072337,0.3138800701725286,0,0,0.07635525600198889,0.7630061900017608,ECG5000,365
0,0,0.05,hydra,feature_ablation,0.4,0.5714285714285714,0.02142857142857143,0.20435795798875456,0.3501444897838393,0,0,0.07635525600198889,0.033454087999416515,ECG5000,365
0,0,0.1,hydra,feature_ablation,0.75,0.8571428571428571,0.014285714285714285,0.37695518871293365,0.422061951772284,0,0,0.07635525600198889,0.033454087999416515,ECG5000,365
0,0,0.2,hydra,feature_ablation,0.6,0.75,0.05,0.31388007395072337,0.5179755844580415,0,0,0.07635525600198889,0.033454087999416515,ECG5000,365
0,0,0.05,hydra,tshap_centroid,0.75,0.8571428571428571,0.007142857142857143,0.20435795798875456,0.28669622883057133,0,0,0.07635525600198889,0.0053423169993038755,ECG5000,365
0,0,0.1,hydra,tshap_centroid,0.75,0.8571428571428571,0.014285714285714285,0.37695518871293365,0.4220619579508379,0,0,0.07635525600198889,0.0053423169993038755,ECG5000,365
0,0,0.2,hydra,tshap_centroid,0.696969696969697,0.8214285714285714,0.03571428571428571,0.31388007395072337,0.4365158322747119,0,0,0.07635525600198889,0.0053423169993038755,ECG5000,365
0,0,0.05,hydra,tshap_zero,0.0,0.0,0.8,0.20435795798875456,-0.0105704011272445,0,0,0.07635525600198889,0.005962264000118012,ECG5000,365
0,0,0.1,hydra,tshap_zero,0.0,0.0,0.7928571428571428,0.37695518871293365,0.04614568199347935,0,0,0.07635525600198889,0.005962264000118012,ECG5000,365
0,0,0.2,hydra,tshap_zero,0.0,0.0,0.7428571428571429,0.31388007395072337,0.08894696249007272,0,0,0.07635525600198889,0.005962264000118012,ECG5000,365
0,0,0.05,hydra,mrsqm,0.0,0.0,0.8785714285714286,0.20435795798875456,0.23856090785821626,0,0,0.07635525600198889,2.0108000171603635e-05,ECG5000,365
0,0,0.1,hydra,mrsqm,0.0,0.0,0.8642857142857143,0.37695518871293365,0.41123139277834175,0,0,0.07635525600198889,2.0108000171603635e-05,ECG5000,365
0,0,0.2,hydra,mrsqm,0.0,0.0,0.8,0.31388007395072337,0.5062763364526988,0,0,0.07635525600198889,2.0108000171603635e-05,ECG5000,365
0,0,0.05,shapley_sampling,feature_ablation,1.0,1.0,0.0,0.35014449387514435,0.3501444897838393,0,0,0.7630061900017608,0.033454087999416515,ECG5000,365
0,0,0.1,shapley_sampling,feature_ablation,0.3333333333333333,0.5,0.05,0.25813974658084227,0.422061951772284,0,0,0.7630061900017608,0.033454087999416515,ECG5000,365
0,0,0.2,shapley_sampling,feature_ablation,0.6,0.75,0.05,0.3138800701725286,0.5179755844580415,0,0,0.7630061900017608,0.033454087999416515,ECG5000,365
0,0,0.05,shapley_sampling,tshap_centroid,0.5555555555555556,0.7142857142857143,0.014285714285714285,0.35014449387514435,0.28669622883057133,0,0,0.7630061900017608,0.0053423169993038755,ECG5000,365
0,0,0.1,shapley_sampling,tshap_centroid,0.3333333333333333,0.5,0.05,0.25813974658084227,0.4220619579508379,0,0,0.7630061900017608,0.0053423169993038755,ECG5000,365
0,0,0.2,shapley_sampling,tshap_centroid,0.696969696969697,0.8214285714285714,0.03571428571428571,0.3138800701725286,0.4365158322747119,0,0,0.7630061900017608,0.0053423169993038755,ECG5000,365
0,0,0.05,shapley_sampling,tshap_zero,0.0,0.0,0.8214285714285714,0.35014449387514435,-0.0105704011272445,0,0,0.7630061900017608,0.005962264000118012,ECG5000,365
0,0,0.1,shapley_sampling,tshap_zero,0.0,0.0,0.8285714285714286,0.25813974658084227,0.04614568199347935,0,0,0.7630061900017608,0.005962264000118012,ECG5000,365
0,0,0.2,shapley_sampling,tshap_zero,0.0,0.0,0.7428571428571429,0.3138800701725286,0.08894696249007272,0,0,0.7630061900017608,0.005962264000118012,ECG5000,365
0,0,0.05,shapley_sampling,mrsqm,0.0,0.0,0.9,0.35014449387514435,0.23856090785821626,0,0,0.7630061900017608,2.0108000171603635e-05,ECG5000,365
0,0,0.1,shapley_sampling,mrsqm,0.0,0.0,0.9,0.25813974658084227,0.41123139277834175,0,0,0.7630061900017608,2.0108000171603635e-05,ECG5000,365
0,0,0.2,shapley_sampling,mrsqm,0.0,0.0,0.8,0.3138800701725286,0.5062763364526988,0,0,0.7630061900017608,2.0108000171603635e-05,ECG5000,365
0,0,0.05,feature_ablation,tshap_centroid,0.5555555555555556,0.7142857142857143,0.014285714285714285,0.3501444897838393,0.28669622883057133,0,0,0.033454087999416515,0.0053423169993038755,ECG5000,365
0,0,0.1,feature_ablation,tshap_centroid,1.0,1.0,0.0,0.422061951772284,0.4220619579508379,0,0,0.033454087999416515,0.0053423169993038755,ECG5000,365
0,0,0.2,feature_ablation,tshap_centroid,0.8666666666666667,0.9285714285714286,0.014285714285714285,0.5179755844580415,0.4365158322747119,0,0,0.033454087999416515,0.0053423169993038755,ECG5000,365
0,0,0.05,feature_ablation,tshap_zero,0.0,0.0,0.8214285714285714,0.3501444897838393,-0.0105704011272445,0,0,0.033454087999416515,0.005962264000118012,ECG5000,365
0,0,0.1,feature_ablation,tshap_zero,0.0,0.0,0.7785714285714286,0.422061951772284,0.04614568199347935,0,0,0.033454087999416515,0.005962264000118012,ECG5000,365
0,0,0.2,feature_ablation,tshap_zero,0.0,0.0,0.6928571428571428,0.5179755844580415,0.08894696249007272,0,0,0.033454087999416515,0.005962264000118012,ECG5000,365
0,0,0.05,feature_ablation,mrsqm,0.0,0.0,0.9,0.3501444897838393,0.23856090785821626,0,0,0.033454087999416515,2.0108000171603635e-05,ECG5000,365
0,0,0.1,feature_ablation,mrsqm,0.0,0.0,0.85,0.422061951772284,0.41123139277834175,0,0,0.033454087999416515,2.0108000171603635e-05,ECG5000,365
0,0,0.2,feature_ablation,mrsqm,0.0,0.0,0.75,0.5179755844580415,0.5062763364526988,0,0,0.033454087999416515,2.0108000171603635e-05,ECG5000,365
0,0,0.05,tshap_centroid,tshap_zero,0.0,0.0,0.8071428571428572,0.28669622883057133,-0.0105704011272445,0,0,0.0053423169993038755,0.005962264000118012,ECG5000,365
0,0,0.1,tshap_centroid,tshap_zero,0.0,0.0,0.7785714285714286,0.4220619579508379,0.04614568199347935,0,0,0.0053423169993038755,0.005962264000118012,ECG5000,365
0,0,0.2,tshap_centroid,tshap_zero,0.0,0.0,0.7071428571428572,0.4365158322747119,0.08894696249007272,0,0,0.0053423169993038755,0.005962264000118012,ECG5000,365
0,0,0.05,tshap_centroid,mrsqm,0.0,0.0,0.8857142857142857,0.28669622883057133,0.23856090785821626,0,0,0.0053423169993038755,2.0108000171603635e-05,ECG5000,365
0,0,0.1,tshap_centroid,mrsqm,0.0,0.0,0.85,0.4220619579508379,0.41123139277834175,0,0,0.0053423169993038755,2.0108000171603635e-05,ECG5000,365
0,0,0.2,tshap_centroid,mrsqm,0.0,0.0,0.7642857142857142,0.4365158322747119,0.5062763364526988,0,0,0.0053423169993038755,2.0108000171603635e-05,ECG5000,365
0,0,0.05,tshap_zero,mrsqm,0.0,0.0,0.07857142857142857,-0.0105704011272445,0.23856090785821626,0,0,0.005962264000118012,2.0108000171603635e-05,ECG5000,365
0,0,0.1,tshap_zero,mrsqm,0.16666666666666666,0.2857142857142857,0.07142857142857142,0.04614568199347935,0.41123139277834175,0,0,0.005962264000118012,2.0108000171603635e-05,ECG5000,365
0,0,0.2,tshap_zero,mrsqm,0.5555555555555556,0.7142857142857143,0.05714285714285714,0.08894696249007272,0.5062763364526988,0,0,0.005962264000118012,2.0108000171603635e-05,ECG5000,365
0,0,0.05,hydra,shapley_sampling,0.0,0.0,0.9,0.19790703427456413,0.2570515349372908,0,0,0.07538838400068926,0.7644269369993708,ECG5000,1922
0,0,0.1,hydra,shapley_sampling,0.0,0.0,0.8642857142857143,0.19688647600645137,0.24493847230220755,0,0,0.07538838400068926,0.7644269369993708,ECG5000,1922
0,0,0.2,hydra,shapley_sampling,0.0,0.0,0.8,0.023422062025977963,0.4386460603496136,0,0,0.07538838400068926,0.7644269369993708,ECG5000,1922
0,0,0.05,hydra,feature_ablation,0.0,0.0,0.9,0.19790703427456413,0.25705152646171303,0,0,0.07538838400068926,0.03444515500086709,ECG5000,1922
0,0,0.1,hydra,feature_ablation,0.75,0.8571428571428571,0.014285714285714285,0.19688647600645137,0.20632862231540627,0,0,0.07538838400068926,0.03444515500086709,ECG5000,1922
0,0,0.2,hydra,feature_ablation,0.6,0.75,0.05,0.023422062025977963,0.27293403693066365,0,0,0.07538838400068926,0.03444515500086709,ECG5000,1922
0,0,0.05,hydra,tshap_centroid,0.5555555555555556,0.7142857142857143,0.014285714285714285,0.19790703427456413,0.027004915506001925,0,0,0.07538838400068926,0.005255634001514409,ECG5000,1922
0,0,0.1,hydra,tshap_centroid,0.8666666666666667,0.9285714285714286,0.007142857142857143,0.19688647600645137,0.2895310188229011,0,0,0.07538838400068926,0.005255634001514409,ECG5000,1922
0,0,0.2,hydra,tshap_centroid,0.9310344827586207,0.9642857142857143,0.007142857142857143,0.023422062025977963,0.007004502308833982,0,0,0.07538838400068926,0.005255634001514409,ECG5000,1922
0,0,0.05,hydra,tshap_zero,0.0,0.0,0.6785714285714286,0.19790703427456413,-0.005906103462085199,0,0,0.07538838400068926,0.005839763998665148,ECG5000,1922
0,0,0.1,hydra,tshap_zero,0.0,0.0,0.6642857142857143,0.19688647600645137,-0.015228300051785326,0,0,0.07538838400068926,0.005839763998665148,ECG5000,1922
0,0,0.2,hydra,tshap_zero,0.0,0.0,0.6642857142857143,0.023422062025977963,0.0164181511591307,0,0,0.07538838400068926,0.005839763998665148,ECG5000,1922
0,0,0.05,hydra,mrsqm,0.0,0.0,0.9,0.19790703427456413,0.25705152877929116,0,0,0.07538838400068926,1.9036000594496727e-05,ECG5000,1922
0,0,0.1,hydra,mrsqm,0.0,0.0,0.8642857142857143,0.19688647600645137,0.2449384673775573,0,0,0.07538838400068926,1.9036000594496727e-05,ECG5000,1922
0,0,0.2,hydra,mrsqm,0.0,0.0,0.8,0.023422062025977963,0.43864605822638625,0,0,0.07538838400068926,1.9036000594496727e-05,ECG5000,1922
0,0,0.05,shapley_sampling,feature_ablation,1.0,1.0,0.0,0.2570515349372908,0.25705152646171303,0,0,0.7644269369993708,0.03444515500086709,ECG5000,1922
0,0,0.1,shapley_sampling,feature_ablation,0.0,0.0,0.85,0.24493847230220755,0.20632862231540627,0,0,0.7644269369993708,0.03444515500086709,ECG5000,1922
0,0,0.2,shapley_sampling,feature_ablation,0.0,0.0,0.75,0.4386460603496136,0.27293403693066365,0,0,0.7644269369993708,0.03444515500086709,ECG5000,1922
0,0,0.05,shapley_sampling,tshap_centroid,0.0,0.0,0.8857142857142857,0.2570515349372908,0.027004915506001925,0,0,0.7644269369993708,0.005255634001514409,ECG5000,1922
0,0,0.1,shapley_sampling,tshap_centroid,0.0,0.0,0.8571428571428571,0.24493847230220755,0.2895310188229011,0,0,0.7644269369993708,0.005255634001514409,ECG5000,1922
0,0,0.2,shapley_sampling,tshap_centroid,0.0,0.0,0.7928571428571428,0.4386460603496136,0.007004502308833982,0,0,0.7644269369993708,0.005255634001514409,ECG5000,1922
0,0,0.05,shapley_sampling,tshap_zero,0.0,0.0,0.22142857142857142,0.2570515349372908,-0.005906103462085199,0,0,0.7644269369993708,0.005839763998665148,ECG5000,1922
0,0,0.1,shapley_sampling,tshap_zero,0.0,0.0,0.2,0.24493847230220755,-0.015228300051785326,0,0,0.7644269369993708,0.005839763998665148,ECG5000,1922
0,0,0.2,shapley_sampling,tshap_zero,0.19148936170212766,0.32142857142857145,0.1357142857142857,0.4386460603496136,0.0164181511591307,0,0,0.7644269369993708,0.005839763998665148,ECG5000,1922
0,0,0.05,shapley_sampling,mrsqm,1.0,1.0,0.0,0.2570515349372908,0.25705152877929116,0,0,0.7644269369993708,1.9036000594496727e-05,ECG5000,1922
0,0,0.1,shapley_sampling,mrsqm,1.0,1.0,0.0,0.24493847230220755,0.2449384673775573,0,0,0.7644269369993708,1.9036000594496727e-05,ECG5000,1922
0,0,0.2,shapley_sampling,mrsqm,1.0,1.0,0.0,0.4386460603496136,0.43864605822638625,0,0,0.7644269369993708,1.9036000594496727e-05,ECG5000,1922
0,0,0.05,feature_ablation,tshap_centroid,0.0,0.0,0.8857142857142857,0.25705152646171303,0.027004915506001925,0,0,0.03444515500086709,0.005255634001514409,ECG5000,1922
0,0,0.1,feature_ablation,tshap_centroid,0.8666666666666667,0.9285714285714286,0.007142857142857143,0.20632862231540627,0.2895310188229011,0,0,0.03444515500086709,0.005255634001514409,ECG5000,1922
0,0,0.2,feature_ablation,tshap_centroid,0.6470588235294118,0.7857142857142857,0.04285714285714286,0.27293403693066365,0.007004502308833982,0,0,0.03444515500086709,0.005255634001514409,ECG5000,1922
0,0,0.05,feature_ablation,tshap_zero,0.0,0.0,0.22142857142857142,0.25705152646171303,-0.005906103462085199,0,0,0.03444515500086709,0.005839763998665148,ECG5000,1922
0,0,0.1,feature_ablation,tshap_zero,0.0,0.0,0.65,0.20632862231540627,-0.015228300051785326,0,0,0.03444515500086709,0.005839763998665148,ECG5000,1922
0,0,0.2,feature_ablation,tshap_zero,0.0,0.0,0.6142857142857143,0.27293403693066365,0.0164181511591307,0,0,0.03444515500086709,0.005839763998665148,ECG5000,1922
0,0,0.05,feature_ablation,mrsqm,1.0,1.0,0.0,0.25705152646171303,0.25705152877929116,0,0,0.03444515500086709,1.9036000594496727e-05,ECG5000,1922
0,0,0.1,feature_ablation,mrsqm,0.0,0.0,0.85,0.20632862231540627,0.2449384673775573,0,0,0.03444515500086709,1.9036000594496727e-05,ECG5000,1922
0,0,0.2,feature_ablation,mrsqm,0.0,0.0,0.75,0.27293403693066365,0.43864605822638625,0,0,0.03444515500086709,1.9036000594496727e-05,ECG5000,1922
0,0,0.05,tshap_centroid,tshap_zero,0.0,0.0,0.6642857142857143,0.027004915506001925,-0.005906103462085199,0,0,0.005255634001514409,0.005839763998665148,ECG5000,1922
0,0,0.1,tshap_centroid,tshap_zero,0.0,0.0,0.6571428571428571,0.2895310188229011,-0.015228300051785326,0,0,0.005255634001514409,0.005839763998665148,ECG5000,1922
0,0,0.2,tshap_centroid,tshap_zero,0.0,0.0,0.6571428571428571,0.007004502308833982,0.0164181511591307,0,0,0.005255634001514409,0.005839763998665148,ECG5000,1922
0,0,0.05,tshap_centroid,mrsqm,0.0,0.0,0.8857142857142857,0.027004915506001925,0.25705152877929116,0,0,0.005255634001514409,1.9036000594496727e-05,ECG5000,1922
0,0,0.1,tshap_centroid,mrsqm,0.0,0.0,0.8571428571428571,0.2895310188229011,0.2449384673775573,0,0,0.005255634001514409,1.9036000594496727e-05,ECG5000,1922
0,0,0.2,tshap_centroid,mrsqm,0.0,0.0,0.7928571428571428,0.007004502308833982,0.43864605822638625,0,0,0.005255634001514409,1.9036000594496727e-05,ECG5000,1922
0,0,0.05,tshap_zero,mrsqm,0.0,0.0,0.22142857142857142,-0.005906103462085199,0.25705152877929116,0,0,0.005839763998665148,1.9036000594496727e-05,ECG5000,1922
0,0,0.1,tshap_zero,mrsqm,0.0,0.0,0.2,-0.015228300051785326,0.2449384673775573,0,0,0.005839763998665148,1.9036000594496727e-05,ECG5000,1922
0,0,0.2,tshap_zero,mrsqm,0.19148936170212766,0.32142857142857145,0.1357142857142857,0.0164181511591307,0.43864605822638625,0,0,0.005839763998665148,1.9036000594496727e-05,ECG5000,1922
1,1,0.05,hydra,shapley_sampling,1.0,1.0,0.0,0.6237427471295494,0.6237427473351905,0,0,0.07668161100082216,0.7553634390023944,ECG5000,3836
1,1,0.1,hydra,shapley_sampling,1.0,1.0,0.0,0.6113057334217865,0.611305742375391,0,0,0.07668161100082216,0.7553634390023944,ECG5000,3836
1,1,0.2,hydra,shapley_sampling,0.0,0.0,0.3142857142857143,0.059726444187586436,0.7844316690993536,0,0,0.07668161100082216,0.7553634390023944,ECG5000,3836
1,1,0.05,hydra,feature_ablation,1.0,1.0,0.0,0.6237427471295494,0.6237427559171353,0,0,0.07668161100082216,0.03395619399816496,ECG5000,3836
1,1,0.1,hydra,feature_ablation,1.0,1.0,0.0,0.6113057334217865,0.6113057470328697,0,0,0.07668161100082216,0.03395619399816496,ECG5000,3836
1,1,0.2,hydra,feature_ablation,0.0,0.0,0.3142857142857143,0.059726444187586436,0.7844316681292578,0,0,0.07668161100082216,0.03395619399816496,ECG5000,3836
1,1,0.05,hydra,tshap_centroid,0.0,0.0,0.8928571428571429,0.6237427471295494,0.42463739503036324,0,0,0.07668161100082216,0.005438197000330547,ECG5000,3836
1,1,0.1,hydra,tshap_centroid,0.8666666666666667,0.9285714285714286,0.007142857142857143,0.6113057334217865,0.6095618279673966,0,0,0.07668161100082216,0.005438197000330547,ECG5000,3836
1,1,0.2,hydra,tshap_centroid,0.0,0.0,0.4714285714285714,0.059726444187586436,0.323356354070754,0,0,0.07668161100082216,0.005438197000330547,ECG5000,3836
1,1,0.05,hydra,tshap_zero,0.2727272727272727,0.42857142857142855,0.02857142857142857,0.6237427471295494,0.10037442128372831,0,0,0.07668161100082216,0.005305236998538021,ECG5000,3836
1,1,0.1,hydra,tshap_zero,0.0,0.0,0.21428571428571427,0.6113057334217865,0.6586961476972963,0,0,0.07668161100082216,0.005305236998538021,ECG5000,3836
1,1,0.2,hydra,tshap_zero,0.14285714285714285,0.25,0.15,0.059726444187586436,0.559772743165768,0,0,0.07668161100082216,0.005305236998538021,ECG5000,3836
1,1,0.05,hydra,mrsqm,0.0,0.0,0.95,0.6237427471295494,0.1652585262741908,0,0,0.07668161100082216,1.7261998436879367e-05,ECG5000,3836
1,1,0.1,hydra,mrsqm,0.0,0.0,0.9,0.6113057334217865,0.059758672786708766,0,0,0.07668161100082216,1.7261998436879367e-05,ECG5000,3836
1,1,0.2,hydra,mrsqm,0.0,0.0,0.4857142857142857,0.059726444187586436,0.21063699823479276,0,0,0.07668161100082216,1.7261998436879367e-05,ECG5000,3836
1,1,0.05,shapley_sampling,feature_ablation,1.0,1.0,0.0,0.6237427473351905,0.6237427559171353,0,0,0.7553634390023944,0.03395619399816496,ECG5000,3836
1,1,0.1,shapley_sampling,feature_ablation,1.0,1.0,0.0,0.611305742375391,0.6113057470328697,0,0,0.7553634390023944,0.03395619399816496,ECG5000,3836
1,1,0.2,shapley_sampling,feature_ablation,1.0,1.0,0.0,0.7844316690993536,0.7844316681292578,0,0,0.7553634390023944,0.03395619399816496,ECG5000,3836
1,1,0.05,shapley_sampling,tshap_centroid,0.0,0.0,0.8928571428571429,0.6237427473351905,0.42463739503036324,0,0,0.7553634390023944,0.005438197000330547,ECG5000,3836
1,1,0.1,shapley_sampling,tshap_centroid,0.8666666666666667,0.9285714285714286,0.007142857142857143,0.611305742375391,0.6095618279673966,0,0,0.7553634390023944,0.005438197000330547,ECG5000,3836
1,1,0.2,shapley_sampling,tshap_centroid,0.0,0.0,0.7857142857142857,0.7844316690993536,0.323356354070754,0,0,0.7553634390023944,0.005438197000330547,ECG5000,3836
1,1,0.05,shapley_sampling,tshap_zero,0.2727272727272727,0.42857142857142855,0.02857142857142857,0.6237427473351905,0.10037442128372831,0,0,0.7553634390023944,0.005305236998538021,ECG5000,3836
1,1,0.1,shapley_sampling,tshap_zero,0.0,0.0,0.21428571428571427,0.611305742375391,0.6586961476972963,0,0,0.7553634390023944,0.005305236998538021,ECG5000,3836
1,1,0.2,shapley_sampling,tshap_zero,0.09803921568627451,0.17857142857142858,0.16428571428571428,0.7844316690993536,0.559772743165768,0,0,0.7553634390023944,0.005305236998538021,ECG5000,3836
1,1,0.05,shapley_sampling,mrsqm,0.0,0.0,0.95,0.6237427473351905,0.1652585262741908,0,0,0.7553634390023944,1.7261998436879367e-05,ECG5000,3836
1,1,0.1,shapley_sampling,mrsqm,0.0,0.0,0.9,0.611305742375391,0.059758672786708766,0,0,0.7553634390023944,1.7261998436879367e-05,ECG5000,3836
1,1,0.2,shapley_sampling,mrsqm,0.0,0.0,0.8,0.7844316690993536,0.21063699823479276,0,0,0.7553634390023944,1.7261998436879367e-05,ECG5000,3836
1,1,0.05,feature_ablation,tshap_centroid,0.0,0.0,0.8928571428571429,0.6237427559171353,0.42463739503036324,0,0,0.03395619399816496,0.005438197000330547,ECG5000,3836
1,1,0.1,feature_ablation,tshap_centroid,0.8666666666666667,0.9285714285714286,0.007142857142857143,0.6113057470328697,0.6095618279673966,0,0,0.03395619399816496,0.005438197000330547,ECG5000,3836
1,1,0.2,feature_ablation,tshap_centroid,0.0,0.0,0.7857142857142857,0.7844316681292578,0.323356354070754,0,0,0.03395619399816496,0.005438197000330547,ECG5000,3836
1,1,0.05,feature_ablation,tshap_zero,0.2727272727272727,0.42857142857142855,0.02857142857142857,0.6237427559171353,0.10037442128372831,0,0,0.03395619399816496,0.005305236998538021,ECG5000,3836
1,1,0.1,feature_ablation,tshap_zero,0.0,0.0,0.21428571428571427,0.6113057470328697,0.6586961476972963,0,0,0.03395619399816496,0.005305236998538021,ECG5000,3836
1,1,0.2,feature_ablation,tshap_zero,0.09803921568627451,0.17857142857142858,0.16428571428571428,0.7844316681292578,0.559772743165768,0,0,0.03395619399816496,0.005305236998538021,ECG5000,3836
1,1,0.05,feature_ablation,mrsqm,0.0,0.0,0.95,0.6237427559171353,0.1652585262741908,0,0,0.03395619399816496,1.7261998436879367e-05,ECG5000,3836
1,1,0.1,feature_ablation,mrsqm,0.0,0.0,0.9,0.6113057470328697,0.059758672786708766,0,0,0.03395619399816496,1.7261998436879367e-05,ECG5000,3836
1,1,0.2,feature_ablation,mrsqm,0.0,0.0,0.8,0.7844316681292578,0.21063699823479276,0,0,0.03395619399816496,1.7261998436879367e-05,ECG5000,3836
1,1,0.05,tshap_centroid,tshap_zero,0.0,0.0,0.8642857142857143,0.42463739503036324,0.10037442128372831,0,0,0.005438197000330547,0.005305236998538021,ECG5000,3836
1,1,0.1,tshap_centroid,tshap_zero,0.0,0.0,0.20714285714285716,0.6095618279673966,0.6586961476972963,0,0,0.005438197000330547,0.005305236998538021,ECG5000,3836
1,1,0.2,tshap_centroid,tshap_zero,0.0,0.0,0.6214285714285714,0.323356354070754,0.559772743165768,0,0,0.005438197000330547,0.005305236998538021,ECG5000,3836
1,1,0.05,tshap_centroid,mrsqm,0.0,0.0,0.05714285714285714,0.42463739503036324,0.1652585262741908,0,0,0.005438197000330547,1.7261998436879367e-05,ECG5000,3836
1,1,0.1,tshap_centroid,mrsqm,0.0,0.0,0.8928571428571429,0.6095618279673966,0.059758672786708766,0,0,0.005438197000330547,1.7261998436879367e-05,ECG5000,3836
1,1,0.2,tshap_centroid,mrsqm,0.8666666666666667,0.9285714285714286,0.014285714285714285,0.323356354070754,0.21063699823479276,0,0,0.005438197000330547,1.7261998436879367e-05,ECG5000,3836
1,1,0.05,tshap_zero,mrsqm,0.0,0.0,0.9214285714285714,0.10037442128372831,0.1652585262741908,0,0,0.005305236998538021,1.7261998436879367e-05,ECG5000,3836
1,1,0.1,tshap_zero,mrsqm,0.0,0.0,0.6857142857142857,0.6586961476972963,0.059758672786708766,0,0,0.005305236998538021,1.7261998436879367e-05,ECG5000,3836
1,1,0.2,tshap_zero,mrsqm,0.0,0.0,0.6357142857142857,0.559772743165768,0.21063699823479276,0,0,0.005305236998538021,1.7261998436879367e-05,ECG5000,3836
0,0,0.05,hydra,shapley_sampling,0.0,0.0,0.8928571428571429,0.29234514125160926,0.08600707731855639,0,0,0.0757619079995493,0.7399053410008491,ECG5000,400
0,0,0.1,hydra,shapley_sampling,0.0,0.0,0.16428571428571428,0.43162033740027406,0.5641271425645291,0,0,0.0757619079995493,0.7399053410008491,ECG5000,400
0,0,0.2,hydra,shapley_sampling,0.3333333333333333,0.5,0.1,0.2758076299895248,0.6787680461344907,0,0,0.0757619079995493,0.7399053410008491,ECG5000,400
0,0,0.05,hydra,feature_ablation,0.75,0.8571428571428571,0.007142857142857143,0.29234514125160926,0.31415939133764037,0,0,0.0757619079995493,0.03252784199867165,ECG5000,400
0,0,0.1,hydra,feature_ablation,0.75,0.8571428571428571,0.014285714285714285,0.43162033740027406,0.4528916214242452,0,0,0.0757619079995493,0.03252784199867165,ECG5000,400
0,0,0.2,hydra,feature_ablation,0.6,0.75,0.05,0.2758076299895248,0.48295021603064936,0,0,0.0757619079995493,0.03252784199867165,ECG5000,400
0,0,0.05,hydra,tshap_centroid,1.0,1.0,0.0,0.29234514125160926,0.29234514340017925,0,0,0.0757619079995493,0.005439018001197837,ECG5000,400
0,0,0.1,hydra,tshap_centroid,0.8666666666666667,0.9285714285714286,0.007142857142857143,0.43162033740027406,0.4685608218899455,0,0,0.0757619079995493,0.005439018001197837,ECG5000,400
0,0,0.2,hydra,tshap_centroid,0.6470588235294118,0.7857142857142857,0.04285714285714286,0.2758076299895248,0.545031935340097,0,0,0.0757619079995493,0.005439018001197837,ECG5000,400
0,0,0.05,hydra,tshap_zero,0.0,0.0,0.8285714285714286,0.29234514125160926,-0.1323909835618462,0,0,0.0757619079995493,0.0050077659980161116,ECG5000,400
0,0,0.1,hydra,tshap_zero,0.0,0.0,0.8071428571428572,0.43162033740027406,-0.09413758492501278,0,0,0.0757619079995493,0.0050077659980161116,ECG5000,400
0,0,0.2,hydra,tshap_zero,0.0,0.0,0.7428571428571429,0.2758076299895248,-0.08770601647245702,0,0,0.0757619079995493,0.0050077659980161116,ECG5000,400
0,0,0.05,hydra,mrsqm,0.0,0.0,0.8928571428571429,0.29234514125160926,0.08600706927121982,0,0,0.0757619079995493,1.6199999663513154e-05,ECG5000,400
0,0,0.1,hydra,mrsqm,0.0,0.0,0.8642857142857143,0.43162033740027406,0.18959553905220616,0,0,0.0757619079995493,1.6199999663513154e-05,ECG5000,400
0,0,0.2,hydra,mrsqm,0.0,0.0,0.8,0.2758076299895248,0.20117480242625185,0,0,0.0757619079995493,1.6199999663513154e-05,ECG5000,400
0,0,0.05,shapley_sampling,feature_ablation,0.0,0.0,0.9,0.08600707731855639,0.31415939133764037,0,0,0.7399053410008491,0.03252784199867165,ECG5000,400
0,0,0.1,shapley_sampling,feature_ablation,0.0,0.0,0.15,0.5641271425645291,0.4528916214242452,0,0,0.7399053410008491,0.03252784199867165,ECG5000,400
0,0,0.2,shapley_sampling,feature_ablation,0.6,0.75,0.05,0.6787680461344907,0.48295021603064936,0,0,0.7399053410008491,0.03252784199867165,ECG5000,400
0,0,0.05,shapley_sampling,tshap_centroid,0.0,0.0,0.8928571428571429,0.08600707731855639,0.29234514340017925,0,0,0.7399053410008491,0.005439018001197837,ECG5000,400
0,0,0.1,shapley_sampling,tshap_centroid,0.0,0.0,0.15714285714285714,0.5641271425645291,0.4685608218899455,0,0,0.7399053410008491,0.005439018001197837,ECG5000,400
0,0,0.2,shapley_sampling,tshap_centroid,0.5555555555555556,0.7142857142857143,0.05714285714285714,0.6787680461344907,0.545031935340097,0,0,0.7399053410008491,0.005439018001197837,ECG5000,400
0,0,0.05,shapley_sampling,tshap_zero,0.0,0.0,0.06428571428571428,0.08600707731855639,-0.1323909835618462,0,0,0.7399053410008491,0.0050077659980161116,ECG5000,400
0,0,0.1,shapley_sampling,tshap_zero,0.0,0.0,0.6428571428571429,0.5641271425645291,-0.09413758492501278,0,0,0.7399053410008491,0.0050077659980161116,ECG5000,400
0,0,0.2,shapley_sampling,tshap_zero,0.0,0.0,0.6428571428571429,0.6787680461344907,-0.08770601647245702,0,0,0.7399053410008491,0.0050077659980161116,ECG5000,400
0,0,0.05,shapley_sampling,mrsqm,1.0,1.0,0.0,0.08600707731855639,0.08600706927121982,0,0,0.7399053410008491,1.6199999663513154e-05,ECG5000,400
0,0,0.1,shapley_sampling,mrsqm,0.0,0.0,0.7,0.5641271425645291,0.18959553905220616,0,0,0.7399053410008491,1.6199999663513154e-05,ECG5000,400
0,0,0.2,shapley_sampling,mrsqm,0.0,0.0,0.7,0.6787680461344907,0.20117480242625185,0,0,0.7399053410008491,1.6199999663513154e-05,ECG5000,400
0,0,0.05,feature_ablation,tshap_centroid,0.75,0.8571428571428571,0.007142857142857143,0.31415939133764037,0.29234514340017925,0,0,0.03252784199867165,0.005439018001197837,ECG5000,400
0,0,0.1,feature_ablation,tshap_centroid,0.8666666666666667,0.9285714285714286,0.007142857142857143,0.4528916214242452,0.4685608218899455,0,0,0.03252784199867165,0.005439018001197837,ECG5000,400
0,0,0.2,feature_ablation,tshap_centroid,0.9310344827586207,0.9642857142857143,0.007142857142857143,0.48295021603064936,0.545031935340097,0,0,0.03252784199867165,0.005439018001197837,ECG5000,400
0,0,0.05,feature_ablation,tshap_zero,0.0,0.0,0.8357142857142857,0.31415939133764037,-0.1323909835618462,0,0,0.03252784199867165,0.0050077659980161116,ECG5000,400
0,0,0.1,feature_ablation,tshap_zero,0.0,0.0,0.7928571428571428,0.4528916214242452,-0.09413758492501278,0,0,0.03252784199867165,0.0050077659980161116,ECG5000,400
0,0,0.2,feature_ablation,tshap_zero,0.0,0.0,0.6928571428571428,0.48295021603064936,-0.08770601647245702,0,0,0.03252784199867165,0.0050077659980161116,ECG5000,400
0,0,0.05,feature_ablation,mrsqm,0.0,0.0,0.9,0.31415939133764037,0.08600706927121982,0,0,0.03252784199867165,1.6199999663513154e-05,ECG5000,400
0,0,0.1,feature_ablation,mrsqm,0.0,0.0,0.85,0.4528916214242452,0.18959553905220616,0,0,0.03252784199867165,1.6199999663513154e-05,ECG5000,400
0,0,0.2,feature_ablation,mrsqm,0.0,0.0,0.75,0.48295021603064936,0.20117480242625185,0,0,0.03252784199867165,1.6199999663513154e-05,ECG5000,400
0,0,0.05,tshap_centroid,tshap_zero,0.0,0.0,0.8285714285714286,0.29234514340017925,-0.1323909835618462,0,0,0.005439018001197837,0.0050077659980161116,ECG5000,400
0,0,0.1,tshap_centroid,tshap_zero,0.0,0.0,0.8,0.4685608218899455,-0.09413758492501278,0,0,0.005439018001197837,0.0050077659980161116,ECG5000,400
0,0,0.2,tshap_centroid,tshap_zero,0.0,0.0,0.7,0.545031935340097,-0.08770601647245702,0,0,0.005439018001197837,0.0050077659980161116,ECG5000,400
0,0,0.05,tshap_centroid,mrsqm,0.0,0.0,0.8928571428571429,0.29234514340017925,0.08600706927121982,0,0,0.005439018001197837,1.6199999663513154e-05,ECG5000,400
0,0,0.1,tshap_centroid,mrsqm,0.0,0.0,0.8571428571428571,0.4685608218899455,0.18959553905220616,0,0,0.005439018001197837,1.6199999663513154e-05,ECG5000,400
0,0,0.2,tshap_centroid,mrsqm,0.0,0.0,0.7571428571428571,0.545031935340097,0.20117480242625185,0,0,0.005439018001197837,1.6199999663513154e-05,ECG5000,400
0,0,0.05,tshap_zero,mrsqm,0.0,0.0,0.06428571428571428,-0.1323909835618462,0.08600706927121982,0,0,0.0050077659980161116,1.6199999663513154e-05,ECG5000,400
0,0,0.1,tshap_zero,mrsqm,0.2727272727272727,0.42857142857142855,0.05714285714285714,-0.09413758492501278,0.18959553905220616,0,0,0.0050077659980161116,1.6199999663513154e-05,ECG5000,400
0,0,0.2,tshap_zero,mrsqm,0.5555555555555556,0.7142857142857143,0.05714285714285714,-0.08770601647245702,0.20117480242625185,0,0,0.0050077659980161116,1.6199999663513154e-05,ECG5000,400
1,1,0.05,hydra,shapley_sampling,0.0,0.0,0.2571428571428571,0.7017328379570349,0.5689011662892067,0,0,0.07646621499952744,0.7425130749979871,ECG5000,3206
1,1,0.1,hydra,shapley_sampling,0.0,0.0,0.2571428571428571,0.7398247648170438,0.800756706242641,0,0,0.07646621499952744,0.7425130749979871,ECG5000,3206
1,1,0.2,hydra,shapley_sampling,0.0,0.0,0.25,0.543272733632622,0.7875678880898372,0,0,0.07646621499952744,0.7425130749979871,ECG5000,3206
1,1,0.05,hydra,feature_ablation,0.0,0.0,0.2571428571428571,0.7017328379570349,0.5689011705345154,0,0,0.07646621499952744,0.03217990700068185,ECG5000,3206
1,1,0.1,hydra,feature_ablation,0.0,0.0,0.2571428571428571,0.7398247648170438,0.8007567002571742,0,0,0.07646621499952744,0.03217990700068185,ECG5000,3206
1,1,0.2,hydra,feature_ablation,0.0,0.0,0.25,0.543272733632622,0.7875678854197898,0,0,0.07646621499952744,0.03217990700068185,ECG5000,3206
1,1,0.05,hydra,tshap_centroid,0.0,0.0,0.21428571428571427,0.7017328379570349,0.4172004234363077,0,0,0.07646621499952744,0.005111040998599492,ECG5000,3206
1,1,0.1,hydra,tshap_centroid,0.0,0.0,0.24285714285714285,0.7398247648170438,0.8588211035115874,0,0,0.07646621499952744,0.005111040998599492,ECG5000,3206
1,1,0.2,hydra,tshap_centroid,0.0,0.0,0.25,0.543272733632622,0.7875678734015201,0,0,0.07646621499952744,0.005111040998599492,ECG5000,3206
1,1,0.05,hydra,tshap_zero,0.0,0.0,0.22142857142857142,0.7017328379570349,0.5986515062028698,0,0,0.07646621499952744,0.005538837001950014,ECG5000,3206
1,1,0.1,hydra,tshap_zero,0.0,0.0,0.25,0.7398247648170438,0.8351209635793004,0,0,0.07646621499952744,0.005538837001950014,ECG5000,3206
1,1,0.2,hydra,tshap_zero,0.6,0.75,0.05,0.543272733632622,0.6615365831004357,0,0,0.07646621499952744,0.005538837001950014,ECG5000,3206
1,1,0.05,hydra,mrsqm,0.0,0.0,0.6928571428571428,0.7017328379570349,0.12876267674889474,0,0,0.07646621499952744,1.6852001863298938e-05,ECG5000,3206
1,1,0.1,hydra,mrsqm,0.0,0.0,0.6428571428571429,0.7398247648170438,-0.053092556952074155,0,0,0.07646621499952744,1.6852001863298938e-05,ECG5000,3206
1,1,0.2,hydra,mrsqm,0.0,0.0,0.55,0.543272733632622,-0.026940447989937555,0,0,0.07646621499952744,1.6852001863298938e-05,ECG5000,3206
1,1,0.05,shapley_sampling,feature_ablation,1.0,1.0,0.0,0.5689011662892067,0.5689011705345154,0,0,0.7425130749979871,0.03217990700068185,ECG5000,3206
1,1,0.1,shapley_sampling,feature_ablation,1.0,1.0,0.0,0.800756706242641,0.8007567002571742,0,0,0.7425130749979871,0.03217990700068185,ECG5000,3206
1,1,0.2,shapley_sampling,feature_ablation,1.0,1.0,0.0,0.7875678880898372,0.7875678854197898,0,0,0.7425130749979871,0.03217990700068185,ECG5000,3206
1,1,0.05,shapley_sampling,tshap_centroid,0.07692307692307693,0.14285714285714285,0.04285714285714286,0.5689011662892067,0.4172004234363077,0,0,0.7425130749979871,0.005111040998599492,ECG5000,3206
1,1,0.1,shapley_sampling,tshap_centroid,0.75,0.8571428571428571,0.014285714285714285,0.800756706242641,0.8588211035115874,0,0,0.7425130749979871,0.005111040998599492,ECG5000,3206
1,1,0.2,shapley_sampling,tshap_centroid,1.0,1.0,0.0,0.7875678880898372,0.7875678734015201,0,0,0.7425130749979871,0.005111040998599492,ECG5000,3206
1,1,0.05,shapley_sampling,tshap_zero,0.16666666666666666,0.2857142857142857,0.03571428571428571,0.5689011662892067,0.5986515062028698,0,0,0.7425130749979871,0.005538837001950014,ECG5000,3206
1,1,0.1,shapley_sampling,tshap_zero,0.8666666666666667,0.9285714285714286,0.007142857142857143,0.800756706242641,0.8351209635793004,0,0,0.7425130749979871,0.005538837001950014,ECG5000,3206
1,1,0.2,shapley_sampling,tshap_zero,0.0,0.0,0.2,0.7875678880898372,0.6615365831004357,0,0,0.7425130749979871,0.005538837001950014,ECG5000,3206
1,1,0.05,shapley_sampling,mrsqm,0.0,0.0,0.95,0.5689011662892067,0.12876267674889474,0,0,0.7425130749979871,1.6852001863298938e-05,ECG5000,3206
1,1,0.1,shapley_sampling,mrsqm,0.0,0.0,0.9,0.800756706242641,-0.053092556952074155,0,0,0.7425130749979871,1.6852001863298938e-05,ECG5000,3206
1,1,0.2,shapley_sampling,mrsqm,0.0,0.0,0.8,0.7875678880898372,-0.026940447989937555,0,0,0.7425130749979871,1.6852001863298938e-05,ECG5000,3206
1,1,0.05,feature_ablation,tshap_centroid,0.07692307692307693,0.14285714285714285,0.04285714285714286,0.5689011705345154,0.4172004234363077,0,0,0.03217990700068185,0.005111040998599492,ECG5000,3206
1,1,0.1,feature_ablation,tshap_centroid,0.75,0.8571428571428571,0.014285714285714285,0.8007567002571742,0.8588211035115874,0,0,0.03217990700068185,0.005111040998599492,ECG5000,3206
1,1,0.2,feature_ablation,tshap_centroid,1.0,1.0,0.0,0.7875678854197898,0.7875678734015201,0,0,0.03217990700068185,0.005111040998599492,ECG5000,3206
1,1,0.05,feature_ablation,tshap_zero,0.16666666666666666,0.2857142857142857,0.03571428571428571,0.5689011705345154,0.5986515062028698,0,0,0.03217990700068185,0.005538837001950014,ECG5000,3206
1,1,0.1,feature_ablation,tshap_zero,0.8666666666666667,0.9285714285714286,0.007142857142857143,0.8007567002571742,0.8351209635793004,0,0,0.03217990700068185,0.005538837001950014,ECG5000,3206
1,1,0.2,feature_ablation,tshap_zero,0.0,0.0,0.2,0.7875678854197898,0.6615365831004357,0,0,0.03217990700068185,0.005538837001950014,ECG5000,3206
1,1,0.05,feature_ablation,mrsqm,0.0,0.0,0.95,0.5689011705345154,0.12876267674889474,0,0,0.03217990700068185,1.6852001863298938e-05,ECG5000,3206
1,1,0.1,feature_ablation,mrsqm,0.0,0.0,0.9,0.8007567002571742,-0.053092556952074155,0,0,0.03217990700068185,1.6852001863298938e-05,ECG5000,3206
1,1,0.2,feature_ablation,mrsqm,0.0,0.0,0.8,0.7875678854197898,-0.026940447989937555,0,0,0.03217990700068185,1.6852001863298938e-05,ECG5000,3206
1,1,0.05,tshap_centroid,tshap_zero,0.75,0.8571428571428571,0.007142857142857143,0.4172004234363077,0.5986515062028698,0,0,0.005111040998599492,0.005538837001950014,ECG5000,3206
1,1,0.1,tshap_centroid,tshap_zero,0.8666666666666667,0.9285714285714286,0.007142857142857143,0.8588211035115874,0.8351209635793004,0,0,0.005111040998599492,0.005538837001950014,ECG5000,3206
1,1,0.2,tshap_centroid,tshap_zero,0.0,0.0,0.2,0.7875678734015201,0.6615365831004357,0,0,0.005111040998599492,0.005538837001950014,ECG5000,3206
1,1,0.05,tshap_centroid,mrsqm,0.0,0.0,0.9071428571428571,0.4172004234363077,0.12876267674889474,0,0,0.005111040998599492,1.6852001863298938e-05,ECG5000,3206
1,1,0.1,tshap_centroid,mrsqm,0.0,0.0,0.8857142857142857,0.8588211035115874,-0.053092556952074155,0,0,0.005111040998599492,1.6852001863298938e-05,ECG5000,3206
1,1,0.2,tshap_centroid,mrsqm,0.0,0.0,0.8,0.7875678734015201,-0.026940447989937555,0,0,0.005111040998599492,1.6852001863298938e-05,ECG5000,3206
1,1,0.05,tshap_zero,mrsqm,0.0,0.0,0.9142857142857143,0.5986515062028698,0.12876267674889474,0,0,0.005538837001950014,1.6852001863298938e-05,ECG5000,3206
1,1,0.1,tshap_zero,mrsqm,0.0,0.0,0.8928571428571429,0.8351209635793004,-0.053092556952074155,0,0,0.005538837001950014,1.6852001863298938e-05,ECG5000,3206
1,1,0.2,tshap_zero,mrsqm,0.0,0.0,0.6,0.6615365831004357,-0.026940447989937555,0,0,0.005538837001950014,1.6852001863298938e-05,ECG5000,3206
1,1,0.05,hydra,shapley_sampling,0.5555555555555556,0.7142857142857143,0.014285714285714285,0.8345639330328452,0.6142887641360901,0,0,0.07689496300008614,0.7453744969971012,ECG5000,3481
1,1,0.1,hydra,shapley_sampling,1.0,1.0,0.0,0.999005688259869,0.9990056853099127,1,1,0.07689496300008614,0.7453744969971012,ECG5000,3481
1,1,0.2,hydra,shapley_sampling,0.8666666666666667,0.9285714285714286,0.014285714285714285,1.0312768635478855,1.0963881744318449,1,1,0.07689496300008614,0.7453744969971012,ECG5000,3481
1,1,0.05,hydra,feature_ablation,0.16666666666666666,0.2857142857142857,0.03571428571428571,0.8345639330328452,0.7215149726152132,0,0,0.07689496300008614,0.03191546800007927,ECG5000,3481
1,1,0.1,hydra,feature_ablation,1.0,1.0,0.0,0.999005688259869,0.9990056876742763,1,1,0.07689496300008614,0.03191546800007927,ECG5000,3481
1,1,0.2,hydra,feature_ablation,0.8666666666666667,0.9285714285714286,0.014285714285714285,1.0312768635478855,1.0963881734890546,1,1,0.07689496300008614,0.03191546800007927,ECG5000,3481
1,1,0.05,hydra,tshap_centroid,0.2727272727272727,0.42857142857142855,0.02857142857142857,0.8345639330328452,0.6630092491159757,0,0,0.07689496300008614,0.00518459899831214,ECG5000,3481
1,1,0.1,hydra,tshap_centroid,0.75,0.8571428571428571,0.014285714285714285,0.999005688259869,1.058065226796483,1,1,0.07689496300008614,0.00518459899831214,ECG5000,3481
1,1,0.2,hydra,tshap_centroid,0.8666666666666667,0.9285714285714286,0.014285714285714285,1.0312768635478855,1.0963881730495137,1,1,0.07689496300008614,0.00518459899831214,ECG5000,3481
1,1,0.05,hydra,tshap_zero,0.4,0.5714285714285714,0.02142857142857143,0.8345639330328452,0.7415957597109522,0,0,0.07689496300008614,0.005234553002082976,ECG5000,3481
1,1,0.1,hydra,tshap_zero,0.8666666666666667,0.9285714285714286,0.007142857142857143,0.999005688259869,1.035808965838097,1,1,0.07689496300008614,0.005234553002082976,ECG5000,3481
1,1,0.2,hydra,tshap_zero,0.8666666666666667,0.9285714285714286,0.014285714285714285,1.0312768635478855,1.0963881719670598,1,1,0.07689496300008614,0.005234553002082976,ECG5000,3481
1,1,0.05,hydra,mrsqm,0.0,0.0,0.9357142857142857,0.8345639330328452,0.2804346159737865,0,0,0.07689496300008614,1.7563001165399328e-05,ECG5000,3481
1,1,0.1,hydra,mrsqm,0.0,0.0,0.9,0.999005688259869,0.1193932898049953,1,0,0.07689496300008614,1.7563001165399328e-05,ECG5000,3481
1,1,0.2,hydra,mrsqm,0.0,0.0,0.7857142857142857,1.0312768635478855,0.08333013881898377,1,0,0.07689496300008614,1.7563001165399328e-05,ECG5000,3481
1,1,0.05,shapley_sampling,feature_ablation,0.0,0.0,0.05,0.6142887641360901,0.7215149726152132,0,0,0.7453744969971012,0.03191546800007927,ECG5000,3481
1,1,0.1,shapley_sampling,feature_ablation,1.0,1.0,0.0,0.9990056853099127,0.9990056876742763,1,1,0.7453744969971012,0.03191546800007927,ECG5000,3481
1,1,0.2,shapley_sampling,feature_ablation,1.0,1.0,0.0,1.0963881744318449,1.0963881734890546,1,1,0.7453744969971012,0.03191546800007927,ECG5000,3481
1,1,0.05,shapley_sampling,tshap_centroid,0.07692307692307693,0.14285714285714285,0.04285714285714286,0.6142887641360901,0.6630092491159757,0,0,0.7453744969971012,0.00518459899831214,ECG5000,3481
1,1,0.1,shapley_sampling,tshap_centroid,0.75,0.8571428571428571,0.014285714285714285,0.9990056853099127,1.058065226796483,1,1,0.7453744969971012,0.00518459899831214,ECG5000,3481
1,1,0.2,shapley_sampling,tshap_centroid,1.0,1.0,0.0,1.0963881744318449,1.0963881730495137,1,1,0.7453744969971012,0.00518459899831214,ECG5000,3481
1,1,0.05,shapley_sampling,tshap_zero,0.16666666666666666,0.2857142857142857,0.03571428571428571,0.6142887641360901,0.7415957597109522,0,0,0.7453744969971012,0.005234553002082976,ECG5000,3481
1,1,0.1,shapley_sampling,tshap_zero,0.8666666666666667,0.9285714285714286,0.007142857142857143,0.9990056853099127,1.035808965838097,1,1,0.7453744969971012,0.005234553002082976,ECG5000,3481
1,1,0.2,shapley_sampling,tshap_zero,1.0,1.0,0.0,1.0963881744318449,1.0963881719670598,1,1,0.7453744969971012,0.005234553002082976,ECG5000,3481
1,1,0.05,shapley_sampling,mrsqm,0.0,0.0,0.95,0.6142887641360901,0.2804346159737865,0,0,0.7453744969971012,1.7563001165399328e-05,ECG5000,3481
1,1,0.1,shapley_sampling,mrsqm,0.0,0.0,0.9,0.9990056853099127,0.1193932898049953,1,0,0.7453744969971012,1.7563001165399328e-05,ECG5000,3481
1,1,0.2,shapley_sampling,mrsqm,0.0,0.0,0.8,1.0963881744318449,0.08333013881898377,1,0,0.7453744969971012,1.7563001165399328e-05,ECG5000,3481
1,1,0.05,feature_ablation,tshap_centroid,0.75,0.8571428571428571,0.007142857142857143,0.7215149726152132,0.6630092491159757,0,0,0.03191546800007927,0.00518459899831214,ECG5000,3481
1,1,0.1,feature_ablation,tshap_centroid,0.75,0.8571428571428571,0.014285714285714285,0.9990056876742763,1.058065226796483,1,1,0.03191546800007927,0.00518459899831214,ECG5000,3481
1,1,0.2,feature_ablation,tshap_centroid,1.0,1.0,0.0,1.0963881734890546,1.0963881730495137,1,1,0.03191546800007927,0.00518459899831214,ECG5000,3481
1,1,0.05,feature_ablation,tshap_zero,0.5555555555555556,0.7142857142857143,0.014285714285714285,0.7215149726152132,0.7415957597109522,0,0,0.03191546800007927,0.005234553002082976,ECG5000,3481
1,1,0.1,feature_ablation,tshap_zero,0.8666666666666667,0.9285714285714286,0.007142857142857143,0.9990056876742763,1.035808965838097,1,1,0.03191546800007927,0.005234553002082976,ECG5000,3481
1,1,0.2,feature_ablation,tshap_zero,1.0,1.0,0.0,1.0963881734890546,1.0963881719670598,1,1,0.03191546800007927,0.005234553002082976,ECG5000,3481
1,1,0.05,feature_ablation,mrsqm,0.0,0.0,0.9,0.7215149726152132,0.2804346159737865,0,0,0.03191546800007927,1.7563001165399328e-05,ECG5000,3481
1,1,0.1,feature_ablation,mrsqm,0.0,0.0,0.9,0.9990056876742763,0.1193932898049953,1,0,0.03191546800007927,1.7563001165399328e-05,ECG5000,3481
1,1,0.2,feature_ablation,mrsqm,0.0,0.0,0.8,1.0963881734890546,0.08333013881898377,1,0,0.03191546800007927,1.7563001165399328e-05,ECG5000,3481
1,1,0.05,tshap_centroid,tshap_zero,0.75,0.8571428571428571,0.007142857142857143,0.6630092491159757,0.7415957597109522,0,0,0.00518459899831214,0.005234553002082976,ECG5000,3481
1,1,0.1,tshap_centroid,tshap_zero,0.8666666666666667,0.9285714285714286,0.007142857142857143,1.058065226796483,1.035808965838097,1,1,0.00518459899831214,0.005234553002082976,ECG5000,3481
1,1,0.2,tshap_centroid,tshap_zero,1.0,1.0,0.0,1.0963881730495137,1.0963881719670598,1,1,0.00518459899831214,0.005234553002082976,ECG5000,3481
1,1,0.05,tshap_centroid,mrsqm,0.0,0.0,0.9071428571428571,0.6630092491159757,0.2804346159737865,0,0,0.00518459899831214,1.7563001165399328e-05,ECG5000,3481
1,1,0.1,tshap_centroid,mrsqm,0.0,0.0,0.8857142857142857,1.058065226796483,0.1193932898049953,1,0,0.00518459899831214,1.7563001165399328e-05,ECG5000,3481
1,1,0.2,tshap_centroid,mrsqm,0.0,0.0,0.8,1.0963881730495137,0.08333013881898377,1,0,0.00518459899831214,1.7563001165399328e-05,ECG5000,3481
1,1,0.05,tshap_zero,mrsqm,0.0,0.0,0.9142857142857143,0.7415957597109522,0.2804346159737865,0,0,0.005234553002082976,1.7563001165399328e-05,ECG5000,3481
1,1,0.1,tshap_zero,mrsqm,0.0,0.0,0.8928571428571429,1.035808965838097,0.1193932898049953,1,0,0.005234553002082976,1.7563001165399328e-05,ECG5000,3481
1,1,0.2,tshap_zero,mrsqm,0.0,0.0,0.8,1.0963881719670598,0.08333013881898377,1,0,0.005234553002082976,1.7563001165399328e-05,ECG5000,3481
0,0,0.05,hydra,shapley_sampling,0.16666666666666666,0.2857142857142857,0.03571428571428571,-0.11332879019659381,0.10970981636961241,0,0,0.07671063599991612,0.7400236139983463,ECG5000,1866
0,0,0.1,hydra,shapley_sampling,0.75,0.8571428571428571,0.014285714285714285,0.11567428978066119,0.3124702876324542,0,0,0.07671063599991612,0.7400236139983463,ECG5000,1866
0,0,0.2,hydra,shapley_sampling,0.0,0.0,0.8,0.22101348329597037,0.13763698044628792,0,0,0.07671063599991612,0.7400236139983463,ECG5000,1866
0,0,0.05,hydra,feature_ablation,0.0,0.0,0.7642857142857142,-0.11332879019659381,0.14569414939719405,0,0,0.07671063599991612,0.032464782998431474,ECG5000,1866
0,0,0.1,hydra,feature_ablation,0.0,0.0,0.7857142857142857,0.11567428978066119,0.3166415970998938,0,0,0.07671063599991612,0.032464782998431474,ECG5000,1866
0,0,0.2,hydra,feature_ablation,0.0,0.0,0.8,0.22101348329597037,0.13763698516288758,0,0,0.07671063599991612,0.032464782998431474,ECG5000,1866
0,0,0.05,hydra,tshap_centroid,0.5555555555555556,0.7142857142857143,0.014285714285714285,-0.11332879019659381,-0.10132501690212936,0,0,0.07671063599991612,0.005102815001009731,ECG5000,1866
0,0,0.1,hydra,tshap_centroid,1.0,1.0,0.0,0.11567428978066119,0.11567429518566175,0,0,0.07671063599991612,0.005102815001009731,ECG5000,1866
0,0,0.2,hydra,tshap_centroid,0.9310344827586207,0.9642857142857143,0.007142857142857143,0.22101348329597037,0.002950972906231808,0,0,0.07671063599991612,0.005102815001009731,ECG5000,1866
0,0,0.05,hydra,tshap_zero,0.0,0.0,0.5642857142857143,-0.11332879019659381,-0.06643859543563668,0,0,0.07671063599991612,0.005373554999096086,ECG5000,1866
0,0,0.1,hydra,tshap_zero,0.0,0.0,0.5785714285714286,0.11567428978066119,-0.0383724317669808,0,0,0.07671063599991612,0.005373554999096086,ECG5000,1866
0,0,0.2,hydra,tshap_zero,0.0,0.0,0.5214285714285715,0.22101348329597037,0.06827067072294879,0,0,0.07671063599991612,0.005373554999096086,ECG5000,1866
0,0,0.05,hydra,mrsqm,0.16666666666666666,0.2857142857142857,0.03571428571428571,-0.11332879019659381,0.1097098096482858,0,0,0.07671063599991612,1.6460999177070335e-05,ECG5000,1866
0,0,0.1,hydra,mrsqm,0.75,0.8571428571428571,0.014285714285714285,0.11567428978066119,0.3124702811485164,0,0,0.07671063599991612,1.6460999177070335e-05,ECG5000,1866
0,0,0.2,hydra,mrsqm,1.0,1.0,0.0,0.22101348329597037,0.22101348586525849,0,0,0.07671063599991612,1.6460999177070335e-05,ECG5000,1866
0,0,0.05,shapley_sampling,feature_ablation,0.0,0.0,0.8,0.10970981636961241,0.14569414939719405,0,0,0.7400236139983463,0.032464782998431474,ECG5000,1866
0,0,0.1,shapley_sampling,feature_ablation,0.0,0.0,0.8,0.3124702876324542,0.3166415970998938,0,0,0.7400236139983463,0.032464782998431474,ECG5000,1866
0,0,0.2,shapley_sampling,feature_ablation,1.0,1.0,0.0,0.13763698044628792,0.13763698516288758,0,0,0.7400236139983463,0.032464782998431474,ECG5000,1866
0,0,0.05,shapley_sampling,tshap_centroid,0.0,0.0,0.05,0.10970981636961241,-0.10132501690212936,0,0,0.7400236139983463,0.005102815001009731,ECG5000,1866
0,0,0.1,shapley_sampling,tshap_centroid,0.75,0.8571428571428571,0.014285714285714285,0.3124702876324542,0.11567429518566175,0,0,0.7400236139983463,0.005102815001009731,ECG5000,1866
0,0,0.2,shapley_sampling,tshap_centroid,0.0,0.0,0.7928571428571428,0.13763698044628792,0.002950972906231808,0,0,0.7400236139983463,0.005102815001009731,ECG5000,1866
0,0,0.05,shapley_sampling,tshap_zero,0.0,0.0,0.6,0.10970981636961241,-0.06643859543563668,0,0,0.7400236139983463,0.005373554999096086,ECG5000,1866
0,0,0.1,shapley_sampling,tshap_zero,0.0,0.0,0.5928571428571429,0.3124702876324542,-0.0383724317669808,0,0,0.7400236139983463,0.005373554999096086,ECG5000,1866
0,0,0.2,shapley_sampling,tshap_zero,0.0,0.0,0.2785714285714286,0.13763698044628792,0.06827067072294879,0,0,0.7400236139983463,0.005373554999096086,ECG5000,1866
0,0,0.05,shapley_sampling,mrsqm,1.0,1.0,0.0,0.10970981636961241,0.1097098096482858,0,0,0.7400236139983463,1.6460999177070335e-05,ECG5000,1866
0,0,0.1,shapley_sampling,mrsqm,1.0,1.0,0.0,0.3124702876324542,0.3124702811485164,0,0,0.7400236139983463,1.6460999177070335e-05,ECG5000,1866
0,0,0.2,shapley_sampling,mrsqm,0.0,0.0,0.8,0.13763698044628792,0.22101348586525849,0,0,0.7400236139983463,1.6460999177070335e-05,ECG5000,1866
0,0,0.05,feature_ablation,tshap_centroid,0.0,0.0,0.75,0.14569414939719405,-0.10132501690212936,0,0,0.032464782998431474,0.005102815001009731,ECG5000,1866
0,0,0.1,feature_ablation,tshap_centroid,0.0,0.0,0.7857142857142857,0.3166415970998938,0.11567429518566175,0,0,0.032464782998431474,0.005102815001009731,ECG5000,1866
0,0,0.2,feature_ablation,tshap_centroid,0.0,0.0,0.7928571428571428,0.13763698516288758,0.002950972906231808,0,0,0.032464782998431474,0.005102815001009731,ECG5000,1866
0,0,0.05,feature_ablation,tshap_zero,0.0,0.0,0.2,0.14569414939719405,-0.06643859543563668,0,0,0.032464782998431474,0.005373554999096086,ECG5000,1866
0,0,0.1,feature_ablation,tshap_zero,0.0,0.0,0.20714285714285716,0.3166415970998938,-0.0383724317669808,0,0,0.032464782998431474,0.005373554999096086,ECG5000,1866
0,0,0.2,feature_ablation,tshap_zero,0.0,0.0,0.2785714285714286,0.13763698516288758,0.06827067072294879,0,0,0.032464782998431474,0.005373554999096086,ECG5000,1866
0,0,0.05,feature_ablation,mrsqm,0.0,0.0,0.8,0.14569414939719405,0.1097098096482858,0,0,0.032464782998431474,1.6460999177070335e-05,ECG5000,1866
0,0,0.1,feature_ablation,mrsqm,0.0,0.0,0.8,0.3166415970998938,0.3124702811485164,0,0,0.032464782998431474,1.6460999177070335e-05,ECG5000,1866
0,0,0.2,feature_ablation,mrsqm,0.0,0.0,0.8,0.13763698516288758,0.22101348586525849,0,0,0.032464782998431474,1.6460999177070335e-05,ECG5000,1866
0,0,0.05,tshap_centroid,tshap_zero,0.0,0.0,0.55,-0.10132501690212936,-0.06643859543563668,0,0,0.005102815001009731,0.005373554999096086,ECG5000,1866
0,0,0.1,tshap_centroid,tshap_zero,0.0,0.0,0.5785714285714286,0.11567429518566175,-0.0383724317669808,0,0,0.005102815001009731,0.005373554999096086,ECG5000,1866
0,0,0.2,tshap_centroid,tshap_zero,0.0,0.0,0.5142857142857142,0.002950972906231808,0.06827067072294879,0,0,0.005102815001009731,0.005373554999096086,ECG5000,1866
0,0,0.05,tshap_centroid,mrsqm,0.0,0.0,0.05,-0.10132501690212936,0.1097098096482858,0,0,0.005102815001009731,1.6460999177070335e-05,ECG5000,1866
0,0,0.1,tshap_centroid,mrsqm,0.75,0.8571428571428571,0.014285714285714285,0.11567429518566175,0.3124702811485164,0,0,0.005102815001009731,1.6460999177070335e-05,ECG5000,1866
0,0,0.2,tshap_centroid,mrsqm,0.9310344827586207,0.9642857142857143,0.007142857142857143,0.002950972906231808,0.22101348586525849,0,0,0.005102815001009731,1.6460999177070335e-05,ECG5000,1866
0,0,0.05,tshap_zero,mrsqm,0.0,0.0,0.6,-0.06643859543563668,0.1097098096482858,0,0,0.005373554999096086,1.6460999177070335e-05,ECG5000,1866
0,0,0.1,tshap_zero,mrsqm,0.0,0.0,0.5928571428571429,-0.0383724317669808,0.3124702811485164,0,0,0.005373554999096086,1.6460999177070335e-05,ECG5000,1866
0,0,0.2,tshap_zero,mrsqm,0.0,0.0,0.5214285714285715,0.06827067072294879,0.22101348586525849,0,0,0.005373554999096086,1.6460999177070335e-05,ECG5000,1866
1,1,0.05,hydra,shapley_sampling,0.4,0.5714285714285714,0.02142857142857143,0.6130488038292942,0.5068879423327934,0,0,0.0766364959999919,0.7409695869973802,ECG5000,3026
1,1,0.1,hydra,shapley_sampling,0.0,0.0,0.36428571428571427,0.1438694309158013,0.706179105432541,0,0,0.0766364959999919,0.7409695869973802,ECG5000,3026
1,1,0.2,hydra,shapley_sampling,0.0,0.0,0.36428571428571427,0.05021852338573707,0.7721638129920827,0,0,0.0766364959999919,0.7409695869973802,ECG5000,3026
1,1,0.05,hydra,feature_ablation,0.4,0.5714285714285714,0.02142857142857143,0.6130488038292942,0.5068879264607571,0,0,0.0766364959999919,0.03295491699827835,ECG5000,3026
1,1,0.1,hydra,feature_ablation,0.0,0.0,0.36428571428571427,0.1438694309158013,0.7061790982975775,0,0,0.0766364959999919,0.03295491699827835,ECG5000,3026
1,1,0.2,hydra,feature_ablation,0.0,0.0,0.36428571428571427,0.05021852338573707,0.7721638134872076,0,0,0.0766364959999919,0.03295491699827835,ECG5000,3026
1,1,0.05,hydra,tshap_centroid,0.0,0.0,0.8714285714285714,0.6130488038292942,0.6524073354401866,0,0,0.0766364959999919,0.005122872997162631,ECG5000,3026
1,1,0.1,hydra,tshap_centroid,0.0,0.0,0.5071428571428571,0.1438694309158013,0.769272685938049,0,0,0.0766364959999919,0.005122872997162631,ECG5000,3026
1,1,0.2,hydra,tshap_centroid,0.0,0.0,0.42857142857142855,0.05021852338573707,0.2602287271711099,0,0,0.0766364959999919,0.005122872997162631,ECG5000,3026
1,1,0.05,hydra,tshap_zero,0.0,0.0,0.8785714285714286,0.6130488038292942,0.6551340105524912,0,0,0.0766364959999919,0.004968572000507265,ECG5000,3026
1,1,0.1,hydra,tshap_zero,0.0,0.0,0.5214285714285715,0.1438694309158013,0.6148074506320186,0,0,0.0766364959999919,0.004968572000507265,ECG5000,3026
1,1,0.2,hydra,tshap_zero,0.01818181818181818,0.03571428571428571,0.19285714285714287,0.05021852338573707,0.7471139863161929,0,0,0.0766364959999919,0.004968572000507265,ECG5000,3026
1,1,0.05,hydra,mrsqm,0.0,0.0,0.9285714285714286,0.6130488038292942,0.37411759758686425,0,0,0.0766364959999919,1.749299917719327e-05,ECG5000,3026
1,1,0.1,hydra,mrsqm,0.0,0.0,0.5357142857142857,0.1438694309158013,0.40776578653492956,0,0,0.0766364959999919,1.749299917719327e-05,ECG5000,3026
1,1,0.2,hydra,mrsqm,0.0,0.0,0.4357142857142857,0.05021852338573707,0.14224926856198183,0,0,0.0766364959999919,1.749299917719327e-05,ECG5000,3026
1,1,0.05,shapley_sampling,feature_ablation,1.0,1.0,0.0,0.5068879423327934,0.5068879264607571,0,0,0.7409695869973802,0.03295491699827835,ECG5000,3026
1,1,0.1,shapley_sampling,feature_ablation,1.0,1.0,0.0,0.706179105432541,0.7061790982975775,0,0,0.7409695869973802,0.03295491699827835,ECG5000,3026
1,1,0.2,shapley_sampling,feature_ablation,1.0,1.0,0.0,0.7721638129920827,0.7721638134872076,0,0,0.7409695869973802,0.03295491699827835,ECG5000,3026
1,1,0.05,shapley_sampling,tshap_centroid,0.0,0.0,0.8928571428571429,0.5068879423327934,0.6524073354401866,0,0,0.7409695869973802,0.005122872997162631,ECG5000,3026
1,1,0.1,shapley_sampling,tshap_centroid,0.0,0.0,0.8714285714285714,0.706179105432541,0.769272685938049,0,0,0.7409695869973802,0.005122872997162631,ECG5000,3026
1,1,0.2,shapley_sampling,tshap_centroid,0.0,0.0,0.7928571428571428,0.7721638129920827,0.2602287271711099,0,0,0.7409695869973802,0.005122872997162631,ECG5000,3026
1,1,0.05,shapley_sampling,tshap_zero,0.0,0.0,0.9,0.5068879423327934,0.6551340105524912,0,0,0.7409695869973802,0.004968572000507265,ECG5000,3026
1,1,0.1,shapley_sampling,tshap_zero,0.0,0.0,0.8857142857142857,0.706179105432541,0.6148074506320186,0,0,0.7409695869973802,0.004968572000507265,ECG5000,3026
1,1,0.2,shapley_sampling,tshap_zero,0.07692307692307693,0.14285714285714285,0.17142857142857143,0.7721638129920827,0.7471139863161929,0,0,0.7409695869973802,0.004968572000507265,ECG5000,3026
1,1,0.05,shapley_sampling,mrsqm,0.0,0.0,0.95,0.5068879423327934,0.37411759758686425,0,0,0.7409695869973802,1.749299917719327e-05,ECG5000,3026
1,1,0.1,shapley_sampling,mrsqm,0.0,0.0,0.9,0.706179105432541,0.40776578653492956,0,0,0.7409695869973802,1.749299917719327e-05,ECG5000,3026
1,1,0.2,shapley_sampling,mrsqm,0.0,0.0,0.8,0.7721638129920827,0.14224926856198183,0,0,0.7409695869973802,1.749299917719327e-05,ECG5000,3026
1,1,0.05,feature_ablation,tshap_centroid,0.0,0.0,0.8928571428571429,0.5068879264607571,0.6524073354401866,0,0,0.03295491699827835,0.005122872997162631,ECG5000,3026
1,1,0.1,feature_ablation,tshap_centroid,0.0,0.0,0.8714285714285714,0.7061790982975775,0.769272685938049,0,0,0.03295491699827835,0.005122872997162631,ECG5000,3026
1,1,0.2,feature_ablation,tshap_centroid,0.0,0.0,0.7928571428571428,0.7721638134872076,0.2602287271711099,0,0,0.03295491699827835,0.005122872997162631,ECG5000,3026
1,1,0.05,feature_ablation,tshap_zero,0.0,0.0,0.9,0.5068879264607571,0.6551340105524912,0,0,0.03295491699827835,0.004968572000507265,ECG5000,3026
1,1,0.1,feature_ablation,tshap_zero,0.0,0.0,0.8857142857142857,0.7061790982975775,0.6148074506320186,0,0,0.03295491699827835,0.004968572000507265,ECG5000,3026
1,1,0.2,feature_ablation,tshap_zero,0.07692307692307693,0.14285714285714285,0.17142857142857143,0.7721638134872076,0.7471139863161929,0,0,0.03295491699827835,0.004968572000507265,ECG5000,3026
1,1,0.05,feature_ablation,mrsqm,0.0,0.0,0.95,0.5068879264607571,0.37411759758686425,0,0,0.03295491699827835,1.749299917719327e-05,ECG5000,3026
1,1,0.1,feature_ablation,mrsqm,0.0,0.0,0.9,0.7061790982975775,0.40776578653492956,0,0,0.03295491699827835,1.749299917719327e-05,ECG5000,3026
1,1,0.2,feature_ablation,mrsqm,0.0,0.0,0.8,0.7721638134872076,0.14224926856198183,0,0,0.03295491699827835,1.749299917719327e-05,ECG5000,3026
1,1,0.05,tshap_centroid,tshap_zero,0.75,0.8571428571428571,0.007142857142857143,0.6524073354401866,0.6551340105524912,0,0,0.005122872997162631,0.004968572000507265,ECG5000,3026
1,1,0.1,tshap_centroid,tshap_zero,0.75,0.8571428571428571,0.014285714285714285,0.769272685938049,0.6148074506320186,0,0,0.005122872997162631,0.004968572000507265,ECG5000,3026
1,1,0.2,tshap_centroid,tshap_zero,0.0,0.0,0.6214285714285714,0.2602287271711099,0.7471139863161929,0,0,0.005122872997162631,0.004968572000507265,ECG5000,3026
1,1,0.05,tshap_centroid,mrsqm,0.0,0.0,0.05714285714285714,0.6524073354401866,0.37411759758686425,0,0,0.005122872997162631,1.749299917719327e-05,ECG5000,3026
1,1,0.1,tshap_centroid,mrsqm,0.5555555555555556,0.7142857142857143,0.02857142857142857,0.769272685938049,0.40776578653492956,0,0,0.005122872997162631,1.749299917719327e-05,ECG5000,3026
1,1,0.2,tshap_centroid,mrsqm,0.9310344827586207,0.9642857142857143,0.007142857142857143,0.2602287271711099,0.14224926856198183,0,0,0.005122872997162631,1.749299917719327e-05,ECG5000,3026
1,1,0.05,tshap_zero,mrsqm,0.0,0.0,0.05,0.6551340105524912,0.37411759758686425,0,0,0.004968572000507265,1.749299917719327e-05,ECG5000,3026
1,1,0.1,tshap_zero,mrsqm,0.75,0.8571428571428571,0.014285714285714285,0.6148074506320186,0.40776578653492956,0,0,0.004968572000507265,1.749299917719327e-05,ECG5000,3026
1,1,0.2,tshap_zero,mrsqm,0.0,0.0,0.6285714285714286,0.7471139863161929,0.14224926856198183,0,0,0.004968572000507265,1.749299917719327e-05,ECG5000,3026
0,0,0.05,hydra,shapley_sampling,0.0,0.0,0.8785714285714286,0.10083575409404022,0.1001811792967312,0,0,0.07676044999971054,0.7544811560001108,ECG5000,2242
0,0,0.1,hydra,shapley_sampling,0.0,0.0,0.85,0.2295371831989026,0.40753920970894386,0,0,0.07676044999971054,0.7544811560001108,ECG5000,2242
0,0,0.2,hydra,shapley_sampling,0.0,0.0,0.7857142857142857,0.2158650604267156,0.3585306690119626,0,0,0.07676044999971054,0.7544811560001108,ECG5000,2242
0,0,0.05,hydra,feature_ablation,0.0,0.0,0.12857142857142856,0.10083575409404022,0.18534105499150544,0,0,0.07676044999971054,0.03307304899863084,ECG5000,2242
0,0,0.1,hydra,feature_ablation,0.0,0.0,0.15,0.2295371831989026,0.5797771062053991,0,0,0.07676044999971054,0.03307304899863084,ECG5000,2242
0,0,0.2,hydra,feature_ablation,0.696969696969697,0.8214285714285714,0.03571428571428571,0.2158650604267156,0.3832465449256688,0,0,0.07676044999971054,0.03307304899863084,ECG5000,2242
0,0,0.05,hydra,tshap_centroid,0.2727272727272727,0.42857142857142855,0.02857142857142857,0.10083575409404022,0.11558190161688209,0,0,0.07676044999971054,0.005692947001080029,ECG5000,2242
0,0,0.1,hydra,tshap_centroid,0.5555555555555556,0.7142857142857143,0.02857142857142857,0.2295371831989026,0.14387322429359017,0,0,0.07676044999971054,0.005692947001080029,ECG5000,2242
0,0,0.2,hydra,tshap_centroid,0.9310344827586207,0.9642857142857143,0.007142857142857143,0.2158650604267156,0.22442280489150335,0,0,0.07676044999971054,0.005692947001080029,ECG5000,2242
0,0,0.05,hydra,tshap_zero,0.0,0.0,0.7357142857142858,0.10083575409404022,-0.04620289750973505,0,0,0.07676044999971054,0.005783417000202462,ECG5000,2242
0,0,0.1,hydra,tshap_zero,0.0,0.0,0.7642857142857142,0.2295371831989026,0.03835484034325165,0,0,0.07676044999971054,0.005783417000202462,ECG5000,2242
0,0,0.2,hydra,tshap_zero,0.0,0.0,0.7,0.2158650604267156,0.17364997478636024,0,0,0.07676044999971054,0.005783417000202462,ECG5000,2242
0,0,0.05,hydra,mrsqm,0.0,0.0,0.8785714285714286,0.10083575409404022,0.1001811799494321,0,0,0.07676044999971054,1.8474998796591535e-05,ECG5000,2242
0,0,0.1,hydra,mrsqm,0.0,0.0,0.85,0.2295371831989026,0.4075392082530227,0,0,0.07676044999971054,1.8474998796591535e-05,ECG5000,2242
0,0,0.2,hydra,mrsqm,0.0,0.0,0.7857142857142857,0.2158650604267156,0.3585306722738082,0,0,0.07676044999971054,1.8474998796591535e-05,ECG5000,2242
0,0,0.05,shapley_sampling,feature_ablation,0.0,0.0,0.75,0.1001811792967312,0.18534105499150544,0,0,0.7544811560001108,0.03307304899863084,ECG5000,2242
0,0,0.1,shapley_sampling,feature_ablation,0.0,0.0,0.7,0.40753920970894386,0.5797771062053991,0,0,0.7544811560001108,0.03307304899863084,ECG5000,2242
0,0,0.2,shapley_sampling,feature_ablation,0.0,0.0,0.75,0.3585306690119626,0.3832465449256688,0,0,0.7544811560001108,0.03307304899863084,ECG5000,2242
0,0,0.05,shapley_sampling,tshap_centroid,0.0,0.0,0.9071428571428571,0.1001811792967312,0.11558190161688209,0,0,0.7544811560001108,0.005692947001080029,ECG5000,2242
0,0,0.1,shapley_sampling,tshap_centroid,0.0,0.0,0.8785714285714286,0.40753920970894386,0.14387322429359017,0,0,0.7544811560001108,0.005692947001080029,ECG5000,2242
0,0,0.2,shapley_sampling,tshap_centroid,0.0,0.0,0.7928571428571428,0.3585306690119626,0.22442280489150335,0,0,0.7544811560001108,0.005692947001080029,ECG5000,2242
0,0,0.05,shapley_sampling,tshap_zero,0.0,0.0,0.14285714285714285,0.1001811792967312,-0.04620289750973505,0,0,0.7544811560001108,0.005783417000202462,ECG5000,2242
0,0,0.1,shapley_sampling,tshap_zero,0.07692307692307693,0.14285714285714285,0.08571428571428572,0.40753920970894386,0.03835484034325165,0,0,0.7544811560001108,0.005783417000202462,ECG5000,2242
0,0,0.2,shapley_sampling,tshap_zero,0.4,0.5714285714285714,0.08571428571428572,0.3585306690119626,0.17364997478636024,0,0,0.7544811560001108,0.005783417000202462,ECG5000,2242
0,0,0.05,shapley_sampling,mrsqm,1.0,1.0,0.0,0.1001811792967312,0.1001811799494321,0,0,0.7544811560001108,1.8474998796591535e-05,ECG5000,2242
0,0,0.1,shapley_sampling,mrsqm,1.0,1.0,0.0,0.40753920970894386,0.4075392082530227,0,0,0.7544811560001108,1.8474998796591535e-05,ECG5000,2242
0,0,0.2,shapley_sampling,mrsqm,1.0,1.0,0.0,0.3585306690119626,0.3585306722738082,0,0,0.7544811560001108,1.8474998796591535e-05,ECG5000,2242
0,0,0.05,feature_ablation,tshap_centroid,0.0,0.0,0.15714285714285714,0.18534105499150544,0.11558190161688209,0,0,0.03307304899863084,0.005692947001080029,ECG5000,2242
0,0,0.1,feature_ablation,tshap_centroid,0.0,0.0,0.17857142857142858,0.5797771062053991,0.14387322429359017,0,0,0.03307304899863084,0.005692947001080029,ECG5000,2242
0,0,0.2,feature_ablation,tshap_centroid,0.6470588235294118,0.7857142857142857,0.04285714285714286,0.3832465449256688,0.22442280489150335,0,0,0.03307304899863084,0.005692947001080029,ECG5000,2242
0,0,0.05,feature_ablation,tshap_zero,0.0,0.0,0.6071428571428571,0.18534105499150544,-0.04620289750973505,0,0,0.03307304899863084,0.005783417000202462,ECG5000,2242
0,0,0.1,feature_ablation,tshap_zero,0.0,0.0,0.6142857142857143,0.5797771062053991,0.03835484034325165,0,0,0.03307304899863084,0.005783417000202462,ECG5000,2242
0,0,0.2,feature_ablation,tshap_zero,0.0,0.0,0.6642857142857143,0.3832465449256688,0.17364997478636024,0,0,0.03307304899863084,0.005783417000202462,ECG5000,2242
0,0,0.05,feature_ablation,mrsqm,0.0,0.0,0.75,0.18534105499150544,0.1001811799494321,0,0,0.03307304899863084,1.8474998796591535e-05,ECG5000,2242
0,0,0.1,feature_ablation,mrsqm,0.0,0.0,0.7,0.5797771062053991,0.4075392082530227,0,0,0.03307304899863084,1.8474998796591535e-05,ECG5000,2242
0,0,0.2,feature_ablation,mrsqm,0.0,0.0,0.75,0.3832465449256688,0.3585306722738082,0,0,0.03307304899863084,1.8474998796591535e-05,ECG5000,2242
0,0,0.05,tshap_centroid,tshap_zero,0.0,0.0,0.7642857142857142,0.11558190161688209,-0.04620289750973505,0,0,0.005692947001080029,0.005783417000202462,ECG5000,2242
0,0,0.1,tshap_centroid,tshap_zero,0.0,0.0,0.7928571428571428,0.14387322429359017,0.03835484034325165,0,0,0.005692947001080029,0.005783417000202462,ECG5000,2242
0,0,0.2,tshap_centroid,tshap_zero,0.0,0.0,0.7071428571428572,0.22442280489150335,0.17364997478636024,0,0,0.005692947001080029,0.005783417000202462,ECG5000,2242
0,0,0.05,tshap_centroid,mrsqm,0.0,0.0,0.9071428571428571,0.11558190161688209,0.1001811799494321,0,0,0.005692947001080029,1.8474998796591535e-05,ECG5000,2242
0,0,0.1,tshap_centroid,mrsqm,0.0,0.0,0.8785714285714286,0.14387322429359017,0.4075392082530227,0,0,0.005692947001080029,1.8474998796591535e-05,ECG5000,2242
0,0,0.2,tshap_centroid,mrsqm,0.0,0.0,0.7928571428571428,0.22442280489150335,0.3585306722738082,0,0,0.005692947001080029,1.8474998796591535e-05,ECG5000,2242
0,0,0.05,tshap_zero,mrsqm,0.0,0.0,0.14285714285714285,-0.04620289750973505,0.1001811799494321,0,0,0.005783417000202462,1.8474998796591535e-05,ECG5000,2242
0,0,0.1,tshap_zero,mrsqm,0.07692307692307693,0.14285714285714285,0.08571428571428572,0.03835484034325165,0.4075392082530227,0,0,0.005783417000202462,1.8474998796591535e-05,ECG5000,2242
0,0,0.2,tshap_zero,mrsqm,0.4,0.5714285714285714,0.08571428571428572,0.17364997478636024,0.3585306722738082,0,0,0.005783417000202462,1.8474998796591535e-05,ECG5000,2242
