true_label,pred_label,fraction,method_a,method_b,iou,overlap_fraction,normalised_centre_distance,score_drop_a,score_drop_b,flipped_a,flipped_b,explain_time_a_s,explain_time_b_s,dataset,sample_idx
4,4,0.05,hydra,shapley_sampling,0.06818181818181818,0.1276595744680851,0.04338624338624339,0.028765318509178073,0.13962437239965086,0,0,0.717672610997397,1.1568624370011094,UWaveGestureLibraryAll,2760
4,4,0.1,hydra,shapley_sampling,0.8613861386138614,0.925531914893617,0.007407407407407408,0.14989722211843415,0.17761157790120286,0,0,0.717672610997397,1.1568624370011094,UWaveGestureLibraryAll,2760
4,4,0.2,hydra,shapley_sampling,0.3695652173913043,0.5396825396825397,0.09206349206349207,0.08283403979053594,0.09053628924487933,0,0,0.717672610997397,1.1568624370011094,UWaveGestureLibraryAll,2760
4,4,0.05,hydra,feature_ablation,0.0,0.0,0.0582010582010582,0.028765318509178073,0.211952890684463,0,0,0.717672610997397,0.04804382600195822,UWaveGestureLibraryAll,2760
4,4,0.1,hydra,feature_ablation,0.25333333333333335,0.40425531914893614,0.05925925925925926,0.14989722211843415,0.11397552986229709,0,0,0.717672610997397,0.04804382600195822,UWaveGestureLibraryAll,2760
4,4,0.2,hydra,feature_ablation,0.3695652173913043,0.5396825396825397,0.09206349206349207,0.08283403979053594,0.09053630372771793,0,0,0.717672610997397,0.04804382600195822,UWaveGestureLibraryAll,2760
4,4,0.05,hydra,tshap_centroid,0.0,0.0,0.4624338624338624,0.028765318509178073,-0.09256460932074773,0,0,0.717672610997397,0.23070035300042946,UWaveGestureLibraryAll,2760
4,4,0.1,hydra,tshap_centroid,0.0,0.0,0.48677248677248675,0.14989722211843415,-0.14091724887421697,0,0,0.717672610997397,0.23070035300042946,UWaveGestureLibraryAll,2760
4,4,0.2,hydra,tshap_centroid,0.0,0.0,0.4042328042328042,0.08283403979053594,0.05509200757067467,0,0,0.717672610997397,0.23070035300042946,UWaveGestureLibraryAll,2760
4,4,0.05,hydra,tshap_zero,0.0,0.0,0.5354497354497354,0.028765318509178073,0.1492614330076486,0,0,0.717672610997397,0.2310198049999599,UWaveGestureLibraryAll,2760
4,4,0.1,hydra,tshap_zero,0.0,0.0,0.5703703703703704,0.14989722211843415,0.1750619581336308,0,0,0.717672610997397,0.2310198049999599,UWaveGestureLibraryAll,2760
4,4,0.2,hydra,tshap_zero,0.0,0.0,0.5153439153439153,0.08283403979053594,0.1846831441263137,0,0,0.717672610997397,0.2310198049999599,UWaveGestureLibraryAll,2760
4,4,0.05,hydra,mrsqm,0.0,0.0,0.19576719576719576,0.028765318509178073,-0.05028376474923735,0,0,0.717672610997397,2.697099989745766e-05,UWaveGestureLibraryAll,2760
4,4,0.1,hydra,mrsqm,0.0,0.0,0.14497354497354498,0.14989722211843415,-0.04599020768049855,0,0,0.717672610997397,2.697099989745766e-05,UWaveGestureLibraryAll,2760
4,4,0.2,hydra,mrsqm,0.0106951871657754,0.021164021164021163,0.19576719576719576,0.08283403979053594,0.04420934426618617,0,0,0.717672610997397,2.697099989745766e-05,UWaveGestureLibraryAll,2760
4,4,0.05,shapley_sampling,feature_ablation,0.0,0.0,0.10158730158730159,0.13962437239965086,0.211952890684463,0,0,1.1568624370011094,0.04804382600195822,UWaveGestureLibraryAll,2760
4,4,0.1,shapley_sampling,feature_ablation,0.3146853146853147,0.4787234042553192,0.05185185185185185,0.17761157790120286,0.11397552986229709,0,0,1.1568624370011094,0.04804382600195822,UWaveGestureLibraryAll,2760
4,4,0.2,shapley_sampling,feature_ablation,1.0,1.0,0.0,0.09053628924487933,0.09053630372771793,0,0,1.1568624370011094,0.04804382600195822,UWaveGestureLibraryAll,2760
4,4,0.05,shapley_sampling,tshap_centroid,0.0,0.0,0.5058201058201058,0.13962437239965086,-0.09256460932074773,0,0,1.1568624370011094,0.23070035300042946,UWaveGestureLibraryAll,2760
4,4,0.1,shapley_sampling,tshap_centroid,0.0,0.0,0.4793650793650794,0.17761157790120286,-0.14091724887421697,0,0,1.1568624370011094,0.23070035300042946,UWaveGestureLibraryAll,2760
4,4,0.2,shapley_sampling,tshap_centroid,0.0,0.0,0.4962962962962963,0.09053628924487933,0.05509200757067467,0,0,1.1568624370011094,0.23070035300042946,UWaveGestureLibraryAll,2760
4,4,0.05,shapley_sampling,tshap_zero,0.0,0.0,0.5788359788359788,0.13962437239965086,0.1492614330076486,0,0,1.1568624370011094,0.2310198049999599,UWaveGestureLibraryAll,2760
4,4,0.1,shapley_sampling,tshap_zero,0.0,0.0,0.562962962962963,0.17761157790120286,0.1750619581336308,0,0,1.1568624370011094,0.2310198049999599,UWaveGestureLibraryAll,2760
4,4,0.2,shapley_sampling,tshap_zero,0.0,0.0,0.6074074074074074,0.09053628924487933,0.1846831441263137,0,0,1.1568624370011094,0.2310198049999599,UWaveGestureLibraryAll,2760
4,4,0.05,shapley_sampling,mrsqm,0.0,0.0,0.1523809523809524,0.13962437239965086,-0.05028376474923735,0,0,1.1568624370011094,2.697099989745766e-05,UWaveGestureLibraryAll,2760
4,4,0.1,shapley_sampling,mrsqm,0.0,0.0,0.1523809523809524,0.17761157790120286,-0.04599020768049855,0,0,1.1568624370011094,2.697099989745766e-05,UWaveGestureLibraryAll,2760
4,4,0.2,shapley_sampling,mrsqm,0.3170731707317073,0.48148148148148145,0.1037037037037037,0.09053628924487933,0.04420934426618617,0,0,1.1568624370011094,2.697099989745766e-05,UWaveGestureLibraryAll,2760
4,4,0.05,feature_ablation,tshap_centroid,0.0,0.0,0.4042328042328042,0.211952890684463,-0.09256460932074773,0,0,0.04804382600195822,0.23070035300042946,UWaveGestureLibraryAll,2760
4,4,0.1,feature_ablation,tshap_centroid,0.0,0.0,0.4275132275132275,0.11397552986229709,-0.14091724887421697,0,0,0.04804382600195822,0.23070035300042946,UWaveGestureLibraryAll,2760
4,4,0.2,feature_ablation,tshap_centroid,0.0,0.0,0.4962962962962963,0.09053630372771793,0.05509200757067467,0,0,0.04804382600195822,0.23070035300042946,UWaveGestureLibraryAll,2760
4,4,0.05,feature_ablation,tshap_zero,0.0,0.0,0.47724867724867726,0.211952890684463,0.1492614330076486,0,0,0.04804382600195822,0.2310198049999599,UWaveGestureLibraryAll,2760
4,4,0.1,feature_ablation,tshap_zero,0.0,0.0,0.5111111111111111,0.11397552986229709,0.1750619581336308,0,0,0.04804382600195822,0.2310198049999599,UWaveGestureLibraryAll,2760
4,4,0.2,feature_ablation,tshap_zero,0.0,0.0,0.6074074074074074,0.09053630372771793,0.1846831441263137,0,0,0.04804382600195822,0.2310198049999599,UWaveGestureLibraryAll,2760
4,4,0.05,feature_ablation,mrsqm,0.0,0.0,0.25396825396825395,0.211952890684463,-0.05028376474923735,0,0,0.04804382600195822,2.697099989745766e-05,UWaveGestureLibraryAll,2760
4,4,0.1,feature_ablation,mrsqm,0.0,0.0,0.20423280423280424,0.11397552986229709,-0.04599020768049855,0,0,0.04804382600195822,2.697099989745766e-05,UWaveGestureLibraryAll,2760
4,4,0.2,feature_ablation,mrsqm,0.3170731707317073,0.48148148148148145,0.1037037037037037,0.09053630372771793,0.04420934426618617,0,0,0.04804382600195822,2.697099989745766e-05,UWaveGestureLibraryAll,2760
4,4,0.05,tshap_centroid,tshap_zero,0.0,0.0,0.07301587301587302,-0.09256460932074773,0.1492614330076486,0,0,0.23070035300042946,0.2310198049999599,UWaveGestureLibraryAll,2760
4,4,0.1,tshap_centroid,tshap_zero,0.08670520231213873,0.1595744680851064,0.0835978835978836,-0.14091724887421697,0.1750619581336308,0,0,0.23070035300042946,0.2310198049999599,UWaveGestureLibraryAll,2760
4,4,0.2,tshap_centroid,tshap_zero,0.2857142857142857,0.4444444444444444,0.1111111111111111,0.05509200757067467,0.1846831441263137,0,0,0.23070035300042946,0.2310198049999599,UWaveGestureLibraryAll,2760
4,4,0.05,tshap_centroid,mrsqm,0.0,0.0,0.6582010582010582,-0.09256460932074773,-0.05028376474923735,0,0,0.23070035300042946,2.697099989745766e-05,UWaveGestureLibraryAll,2760
4,4,0.1,tshap_centroid,mrsqm,0.0,0.0,0.6317460317460317,-0.14091724887421697,-0.04599020768049855,0,0,0.23070035300042946,2.697099989745766e-05,UWaveGestureLibraryAll,2760
4,4,0.2,tshap_centroid,mrsqm,0.0,0.0,0.6,0.05509200757067467,0.04420934426618617,0,0,0.23070035300042946,2.697099989745766e-05,UWaveGestureLibraryAll,2760
4,4,0.05,tshap_zero,mrsqm,0.0,0.0,0.7312169312169312,0.1492614330076486,-0.05028376474923735,0,0,0.2310198049999599,2.697099989745766e-05,UWaveGestureLibraryAll,2760
4,4,0.1,tshap_zero,mrsqm,0.0,0.0,0.7153439153439154,0.1750619581336308,-0.04599020768049855,0,0,0.2310198049999599,2.697099989745766e-05,UWaveGestureLibraryAll,2760
4,4,0.2,tshap_zero,mrsqm,0.0,0.0,0.7111111111111111,0.1846831441263137,0.04420934426618617,0,0,0.2310198049999599,2.697099989745766e-05,UWaveGestureLibraryAll,2760
3,3,0.05,hydra,shapley_sampling,0.0,0.0,0.2740740740740741,-0.1082763171127441,0.23353870224299844,0,0,0.7126375129992084,1.154700672999752,UWaveGestureLibraryAll,2566
3,3,0.1,hydra,shapley_sampling,0.0,0.0,0.2253968253968254,0.0993990647054801,0.34029910041573974,0,0,0.7126375129992084,1.154700672999752,UWaveGestureLibraryAll,2566
3,3,0.2,hydra,shapley_sampling,0.38461538461538464,0.5555555555555556,0.08888888888888889,0.3550727354284815,0.3662739430030568,0,0,0.7126375129992084,1.154700672999752,UWaveGestureLibraryAll,2566
3,3,0.05,hydra,feature_ablation,0.0,0.0,0.2740740740740741,-0.1082763171127441,0.23353868042697834,0,0,0.7126375129992084,0.04782310000155121,UWaveGestureLibraryAll,2566
3,3,0.1,hydra,feature_ablation,0.0,0.0,0.2253968253968254,0.0993990647054801,0.340299144902116,0,0,0.7126375129992084,0.04782310000155121,UWaveGestureLibraryAll,2566
3,3,0.2,hydra,feature_ablation,0.10204081632653061,0.18518518518518517,0.16296296296296298,0.3550727354284815,0.22346693501384318,0,0,0.7126375129992084,0.04782310000155121,UWaveGestureLibraryAll,2566
3,3,0.05,hydra,tshap_centroid,0.0,0.0,0.2931216931216931,-0.1082763171127441,0.2100623051191879,0,0,0.7126375129992084,0.22078492500077118,UWaveGestureLibraryAll,2566
3,3,0.1,hydra,tshap_centroid,0.0,0.0,0.3142857142857143,0.0993990647054801,0.40920198900684346,0,0,0.7126375129992084,0.22078492500077118,UWaveGestureLibraryAll,2566
3,3,0.2,hydra,tshap_centroid,0.0,0.0,0.364021164021164,0.3550727354284815,0.471576009186803,0,0,0.7126375129992084,0.22078492500077118,UWaveGestureLibraryAll,2566
3,3,0.05,hydra,tshap_zero,0.0,0.0,0.1693121693121693,-0.1082763171127441,-0.029551009391947325,0,0,0.7126375129992084,0.22632257199802552,UWaveGestureLibraryAll,2566
3,3,0.1,hydra,tshap_zero,0.0,0.0,0.1492063492063492,0.0993990647054801,0.08496012602535119,0,0,0.7126375129992084,0.22632257199802552,UWaveGestureLibraryAll,2566
3,3,0.2,hydra,tshap_zero,0.2945205479452055,0.455026455026455,0.10899470899470899,0.3550727354284815,0.2664714972921365,0,0,0.7126375129992084,0.22632257199802552,UWaveGestureLibraryAll,2566
3,3,0.05,hydra,mrsqm,0.0,0.0,0.32486772486772486,-0.1082763171127441,0.12336051546412774,0,0,0.7126375129992084,3.214099706383422e-05,UWaveGestureLibraryAll,2566
3,3,0.1,hydra,mrsqm,0.0,0.0,0.2761904761904762,0.0993990647054801,0.3584381072989071,0,0,0.7126375129992084,3.214099706383422e-05,UWaveGestureLibraryAll,2566
3,3,0.2,hydra,mrsqm,0.0,0.0,0.21375661375661376,0.3550727354284815,0.3038497263301102,0,0,0.7126375129992084,3.214099706383422e-05,UWaveGestureLibraryAll,2566
3,3,0.05,shapley_sampling,feature_ablation,1.0,1.0,0.0,0.23353870224299844,0.23353868042697834,0,0,1.154700672999752,0.04782310000155121,UWaveGestureLibraryAll,2566
3,3,0.1,shapley_sampling,feature_ablation,1.0,1.0,0.0,0.34029910041573974,0.340299144902116,0,0,1.154700672999752,0.04782310000155121,UWaveGestureLibraryAll,2566
3,3,0.2,shapley_sampling,feature_ablation,0.0,0.0,0.2518518518518518,0.3662739430030568,0.22346693501384318,0,0,1.154700672999752,0.04782310000155121,UWaveGestureLibraryAll,2566
3,3,0.05,shapley_sampling,tshap_centroid,0.0,0.0,0.5671957671957671,0.23353870224299844,0.2100623051191879,0,0,1.154700672999752,0.22078492500077118,UWaveGestureLibraryAll,2566
3,3,0.1,shapley_sampling,tshap_centroid,0.0,0.0,0.5396825396825397,0.34029910041573974,0.40920198900684346,0,0,1.154700672999752,0.22078492500077118,UWaveGestureLibraryAll,2566
3,3,0.2,shapley_sampling,tshap_centroid,0.0,0.0,0.2751322751322751,0.3662739430030568,0.471576009186803,0,0,1.154700672999752,0.22078492500077118,UWaveGestureLibraryAll,2566
3,3,0.05,shapley_sampling,tshap_zero,0.0,0.0,0.10476190476190476,0.23353870224299844,-0.029551009391947325,0,0,1.154700672999752,0.22632257199802552,UWaveGestureLibraryAll,2566
3,3,0.1,shapley_sampling,tshap_zero,0.13253012048192772,0.23404255319148937,0.0761904761904762,0.34029910041573974,0.08496012602535119,0,0,1.154700672999752,0.22632257199802552,UWaveGestureLibraryAll,2566
3,3,0.2,shapley_sampling,tshap_zero,0.005319148936170213,0.010582010582010581,0.19788359788359788,0.3662739430030568,0.2664714972921365,0,0,1.154700672999752,0.22632257199802552,UWaveGestureLibraryAll,2566
3,3,0.05,shapley_sampling,mrsqm,0.0,0.0,0.050793650793650794,0.23353870224299844,0.12336051546412774,0,0,1.154700672999752,3.214099706383422e-05,UWaveGestureLibraryAll,2566
3,3,0.1,shapley_sampling,mrsqm,0.323943661971831,0.48936170212765956,0.050793650793650794,0.34029910041573974,0.3584381072989071,0,0,1.154700672999752,3.214099706383422e-05,UWaveGestureLibraryAll,2566
3,3,0.2,shapley_sampling,mrsqm,0.0,0.0,0.30264550264550266,0.3662739430030568,0.3038497263301102,0,0,1.154700672999752,3.214099706383422e-05,UWaveGestureLibraryAll,2566
3,3,0.05,feature_ablation,tshap_centroid,0.0,0.0,0.5671957671957671,0.23353868042697834,0.2100623051191879,0,0,0.04782310000155121,0.22078492500077118,UWaveGestureLibraryAll,2566
3,3,0.1,feature_ablation,tshap_centroid,0.0,0.0,0.5396825396825397,0.340299144902116,0.40920198900684346,0,0,0.04782310000155121,0.22078492500077118,UWaveGestureLibraryAll,2566
3,3,0.2,feature_ablation,tshap_centroid,0.0,0.0,0.526984126984127,0.22346693501384318,0.471576009186803,0,0,0.04782310000155121,0.22078492500077118,UWaveGestureLibraryAll,2566
3,3,0.05,feature_ablation,tshap_zero,0.0,0.0,0.10476190476190476,0.23353868042697834,-0.029551009391947325,0,0,0.04782310000155121,0.22632257199802552,UWaveGestureLibraryAll,2566
3,3,0.1,feature_ablation,tshap_zero,0.13253012048192772,0.23404255319148937,0.0761904761904762,0.340299144902116,0.08496012602535119,0,0,0.04782310000155121,0.22632257199802552,UWaveGestureLibraryAll,2566
3,3,0.2,feature_ablation,tshap_zero,0.575,0.7301587301587301,0.05396825396825397,0.22346693501384318,0.2664714972921365,0,0,0.04782310000155121,0.22632257199802552,UWaveGestureLibraryAll,2566
3,3,0.05,feature_ablation,mrsqm,0.0,0.0,0.050793650793650794,0.23353868042697834,0.12336051546412774,0,0,0.04782310000155121,3.214099706383422e-05,UWaveGestureLibraryAll,2566
3,3,0.1,feature_ablation,mrsqm,0.323943661971831,0.48936170212765956,0.050793650793650794,0.340299144902116,0.3584381072989071,0,0,0.04782310000155121,3.214099706383422e-05,UWaveGestureLibraryAll,2566
3,3,0.2,feature_ablation,mrsqm,0.5949367088607594,0.746031746031746,0.050793650793650794,0.22346693501384318,0.3038497263301102,0,0,0.04782310000155121,3.214099706383422e-05,UWaveGestureLibraryAll,2566
3,3,0.05,tshap_centroid,tshap_zero,0.0,0.0,0.4624338624338624,0.2100623051191879,-0.029551009391947325,0,0,0.22078492500077118,0.22632257199802552,UWaveGestureLibraryAll,2566
3,3,0.1,tshap_centroid,tshap_zero,0.0,0.0,0.4634920634920635,0.40920198900684346,0.08496012602535119,0,0,0.22078492500077118,0.22632257199802552,UWaveGestureLibraryAll,2566
3,3,0.2,tshap_centroid,tshap_zero,0.0,0.0,0.473015873015873,0.471576009186803,0.2664714972921365,0,0,0.22078492500077118,0.22632257199802552,UWaveGestureLibraryAll,2566
3,3,0.05,tshap_centroid,mrsqm,0.0,0.0,0.617989417989418,0.2100623051191879,0.12336051546412774,0,0,0.22078492500077118,3.214099706383422e-05,UWaveGestureLibraryAll,2566
3,3,0.1,tshap_centroid,mrsqm,0.0,0.0,0.5904761904761905,0.40920198900684346,0.3584381072989071,0,0,0.22078492500077118,3.214099706383422e-05,UWaveGestureLibraryAll,2566
3,3,0.2,tshap_centroid,mrsqm,0.0,0.0,0.5777777777777777,0.471576009186803,0.3038497263301102,0,0,0.22078492500077118,3.214099706383422e-05,UWaveGestureLibraryAll,2566
3,3,0.05,tshap_zero,mrsqm,0.0,0.0,0.15555555555555556,-0.029551009391947325,0.12336051546412774,0,0,0.22632257199802552,3.214099706383422e-05,UWaveGestureLibraryAll,2566
3,3,0.1,tshap_zero,mrsqm,0.0,0.0,0.12698412698412698,0.08496012602535119,0.3584381072989071,0,0,0.22632257199802552,3.214099706383422e-05,UWaveGestureLibraryAll,2566
3,3,0.2,tshap_zero,mrsqm,0.3125,0.47619047619047616,0.10476190476190476,0.2664714972921365,0.3038497263301102,0,0,0.22632257199802552,3.214099706383422e-05,UWaveGestureLibraryAll,2566
2,2,0.05,hydra,shapley_sampling,0.0,0.0,0.23809523809523808,-0.10635437233810774,0.030986202951926334,0,0,0.7071830720014987,1.1600524690002203,UWaveGestureLibraryAll,721
2,2,0.1,hydra,shapley_sampling,0.0,0.0,0.635978835978836,-0.03597809329652857,0.34089718442109695,0,0,0.7071830720014987,1.1600524690002203,UWaveGestureLibraryAll,721
2,2,0.2,hydra,shapley_sampling,0.9285714285714286,0.9629629629629629,0.007407407407407408,0.5163250013849464,0.49850363848428203,0,0,0.7071830720014987,1.1600524690002203,UWaveGestureLibraryAll,721
2,2,0.05,hydra,feature_ablation,0.0,0.0,0.6857142857142857,-0.10635437233810774,0.17983521487592458,0,0,0.7071830720014987,0.048582892999547767,UWaveGestureLibraryAll,721
2,2,0.1,hydra,feature_ablation,0.0,0.0,0.635978835978836,-0.03597809329652857,0.34089723633214253,0,0,0.7071830720014987,0.048582892999547767,UWaveGestureLibraryAll,721
2,2,0.2,hydra,feature_ablation,0.0,0.0,0.6931216931216931,0.5163250013849464,0.11544055741392234,0,0,0.7071830720014987,0.048582892999547767,UWaveGestureLibraryAll,721
2,2,0.05,hydra,tshap_centroid,0.0,0.0,0.6973544973544974,-0.10635437233810774,0.20005085380641519,0,0,0.7071830720014987,0.22280131499792333,UWaveGestureLibraryAll,721
2,2,0.1,hydra,tshap_centroid,0.0,0.0,0.674074074074074,-0.03597809329652857,0.08318815220965248,0,0,0.7071830720014987,0.22280131499792333,UWaveGestureLibraryAll,721
2,2,0.2,hydra,tshap_centroid,0.20382165605095542,0.3386243386243386,0.13227513227513227,0.5163250013849464,0.7954404019595155,0,1,0.7071830720014987,0.22280131499792333,UWaveGestureLibraryAll,721
2,2,0.05,hydra,tshap_zero,0.0,0.0,0.852910052910053,-0.10635437233810774,0.33438840753788635,0,0,0.7071830720014987,0.22827258799952688,UWaveGestureLibraryAll,721
2,2,0.1,hydra,tshap_zero,0.0,0.0,0.8126984126984127,-0.03597809329652857,0.37471751106462237,0,0,0.7071830720014987,0.22827258799952688,UWaveGestureLibraryAll,721
2,2,0.2,hydra,tshap_zero,0.4708171206225681,0.6402116402116402,0.07195767195767196,0.5163250013849464,0.9138624094412495,0,1,0.7071830720014987,0.22827258799952688,UWaveGestureLibraryAll,721
2,2,0.05,hydra,mrsqm,0.0,0.0,0.9396825396825397,-0.10635437233810774,0.044091529590857936,0,0,0.7071830720014987,2.8444002964533865e-05,UWaveGestureLibraryAll,721
2,2,0.1,hydra,mrsqm,0.0,0.0,0.8899470899470899,-0.03597809329652857,0.06915218271794132,0,0,0.7071830720014987,2.8444002964533865e-05,UWaveGestureLibraryAll,721
2,2,0.2,hydra,mrsqm,0.9285714285714286,0.9629629629629629,0.007407407407407408,0.5163250013849464,0.4985036422258001,0,0,0.7071830720014987,2.8444002964533865e-05,UWaveGestureLibraryAll,721
2,2,0.05,shapley_sampling,feature_ablation,0.0,0.0,0.44761904761904764,0.030986202951926334,0.17983521487592458,0,0,1.1600524690002203,0.048582892999547767,UWaveGestureLibraryAll,721
2,2,0.1,shapley_sampling,feature_ablation,1.0,1.0,0.0,0.34089718442109695,0.34089723633214253,0,0,1.1600524690002203,0.048582892999547767,UWaveGestureLibraryAll,721
2,2,0.2,shapley_sampling,feature_ablation,0.0,0.0,0.7005291005291006,0.49850363848428203,0.11544055741392234,0,0,1.1600524690002203,0.048582892999547767,UWaveGestureLibraryAll,721
2,2,0.05,shapley_sampling,tshap_centroid,0.0,0.0,0.45925925925925926,0.030986202951926334,0.20005085380641519,0,0,1.1600524690002203,0.22280131499792333,UWaveGestureLibraryAll,721
2,2,0.1,shapley_sampling,tshap_centroid,0.4461538461538462,0.6170212765957447,0.0380952380952381,0.34089718442109695,0.08318815220965248,0,0,1.1600524690002203,0.22280131499792333,UWaveGestureLibraryAll,721
2,2,0.2,shapley_sampling,tshap_centroid,0.17757009345794392,0.30158730158730157,0.13968253968253969,0.49850363848428203,0.7954404019595155,0,1,1.1600524690002203,0.22280131499792333,UWaveGestureLibraryAll,721
2,2,0.05,shapley_sampling,tshap_zero,0.0,0.0,0.6148148148148148,0.030986202951926334,0.33438840753788635,0,0,1.1600524690002203,0.22827258799952688,UWaveGestureLibraryAll,721
2,2,0.1,shapley_sampling,tshap_zero,0.0,0.0,0.17671957671957672,0.34089718442109695,0.37471751106462237,0,0,1.1600524690002203,0.22827258799952688,UWaveGestureLibraryAll,721
2,2,0.2,shapley_sampling,tshap_zero,0.4318181818181818,0.6031746031746031,0.07936507936507936,0.49850363848428203,0.9138624094412495,0,1,1.1600524690002203,0.22827258799952688,UWaveGestureLibraryAll,721
2,2,0.05,shapley_sampling,mrsqm,0.0,0.0,0.7015873015873015,0.030986202951926334,0.044091529590857936,0,0,1.1600524690002203,2.8444002964533865e-05,UWaveGestureLibraryAll,721
2,2,0.1,shapley_sampling,mrsqm,0.0,0.0,0.25396825396825395,0.34089718442109695,0.06915218271794132,0,0,1.1600524690002203,2.8444002964533865e-05,UWaveGestureLibraryAll,721
2,2,0.2,shapley_sampling,mrsqm,1.0,1.0,0.0,0.49850363848428203,0.4985036422258001,0,0,1.1600524690002203,2.8444002964533865e-05,UWaveGestureLibraryAll,721
2,2,0.05,feature_ablation,tshap_centroid,0.6206896551724138,0.7659574468085106,0.01164021164021164,0.17983521487592458,0.20005085380641519,0,0,0.048582892999547767,0.22280131499792333,UWaveGestureLibraryAll,721
2,2,0.1,feature_ablation,tshap_centroid,0.4461538461538462,0.6170212765957447,0.0380952380952381,0.34089723633214253,0.08318815220965248,0,0,0.048582892999547767,0.22280131499792333,UWaveGestureLibraryAll,721
2,2,0.2,feature_ablation,tshap_centroid,0.0,0.0,0.5608465608465608,0.11544055741392234,0.7954404019595155,0,1,0.048582892999547767,0.22280131499792333,UWaveGestureLibraryAll,721
2,2,0.05,feature_ablation,tshap_zero,0.0,0.0,0.1671957671957672,0.17983521487592458,0.33438840753788635,0,0,0.048582892999547767,0.22827258799952688,UWaveGestureLibraryAll,721
2,2,0.1,feature_ablation,tshap_zero,0.0,0.0,0.17671957671957672,0.34089723633214253,0.37471751106462237,0,0,0.048582892999547767,0.22827258799952688,UWaveGestureLibraryAll,721
2,2,0.2,feature_ablation,tshap_zero,0.0,0.0,0.6211640211640211,0.11544055741392234,0.9138624094412495,0,1,0.048582892999547767,0.22827258799952688,UWaveGestureLibraryAll,721
2,2,0.05,feature_ablation,mrsqm,0.0,0.0,0.25396825396825395,0.17983521487592458,0.044091529590857936,0,0,0.048582892999547767,2.8444002964533865e-05,UWaveGestureLibraryAll,721
2,2,0.1,feature_ablation,mrsqm,0.0,0.0,0.25396825396825395,0.34089723633214253,0.06915218271794132,0,0,0.048582892999547767,2.8444002964533865e-05,UWaveGestureLibraryAll,721
2,2,0.2,feature_ablation,mrsqm,0.0,0.0,0.7005291005291006,0.11544055741392234,0.4985036422258001,0,0,0.048582892999547767,2.8444002964533865e-05,UWaveGestureLibraryAll,721
2,2,0.05,tshap_centroid,tshap_zero,0.0,0.0,0.15555555555555556,0.20005085380641519,0.33438840753788635,0,0,0.22280131499792333,0.22827258799952688,UWaveGestureLibraryAll,721
2,2,0.1,tshap_centroid,tshap_zero,0.0,0.0,0.13862433862433862,0.08318815220965248,0.37471751106462237,0,0,0.22280131499792333,0.22827258799952688,UWaveGestureLibraryAll,721
2,2,0.2,tshap_centroid,tshap_zero,0.5365853658536586,0.6984126984126984,0.06031746031746032,0.7954404019595155,0.9138624094412495,1,1,0.22280131499792333,0.22827258799952688,UWaveGestureLibraryAll,721
2,2,0.05,tshap_centroid,mrsqm,0.0,0.0,0.24232804232804234,0.20005085380641519,0.044091529590857936,0,0,0.22280131499792333,2.8444002964533865e-05,UWaveGestureLibraryAll,721
2,2,0.1,tshap_centroid,mrsqm,0.0,0.0,0.21587301587301588,0.08318815220965248,0.06915218271794132,0,0,0.22280131499792333,2.8444002964533865e-05,UWaveGestureLibraryAll,721
2,2,0.2,tshap_centroid,mrsqm,0.17757009345794392,0.30158730158730157,0.13968253968253969,0.7954404019595155,0.4985036422258001,1,0,0.22280131499792333,2.8444002964533865e-05,UWaveGestureLibraryAll,721
2,2,0.05,tshap_zero,mrsqm,0.0,0.0,0.08677248677248678,0.33438840753788635,0.044091529590857936,0,0,0.22827258799952688,2.8444002964533865e-05,UWaveGestureLibraryAll,721
2,2,0.1,tshap_zero,mrsqm,0.12574850299401197,0.22340425531914893,0.07724867724867725,0.37471751106462237,0.06915218271794132,0,0,0.22827258799952688,2.8444002964533865e-05,UWaveGestureLibraryAll,721
2,2,0.2,tshap_zero,mrsqm,0.4318181818181818,0.6031746031746031,0.07936507936507936,0.9138624094412495,0.4985036422258001,1,0,0.22827258799952688,2.8444002964533865e-05,UWaveGestureLibraryAll,721
4,4,0.05,hydra,shapley_sampling,0.044444444444444446,0.0851063829787234,0.0455026455026455,-0.17394082878142303,0.2405531187896952,0,0,0.7080069450021256,1.1713819709984818,UWaveGestureLibraryAll,3487
4,4,0.1,hydra,shapley_sampling,0.08045977011494253,0.14893617021276595,0.08465608465608465,-0.3017502571288184,0.2995960651881362,0,0,0.7080069450021256,1.1713819709984818,UWaveGestureLibraryAll,3487
4,4,0.2,hydra,shapley_sampling,0.4708171206225681,0.6402116402116402,0.07195767195767196,-0.303474399227448,0.38365723090692416,0,0,0.7080069450021256,1.1713819709984818,UWaveGestureLibraryAll,3487
4,4,0.05,hydra,feature_ablation,0.0,0.0,0.744973544973545,-0.17394082878142303,0.14460999151814158,0,0,0.7080069450021256,0.048499494998395676,UWaveGestureLibraryAll,3487
4,4,0.1,hydra,feature_ablation,0.0,0.0,0.7841269841269841,-0.3017502571288184,0.19727976169369477,0,0,0.7080069450021256,0.048499494998395676,UWaveGestureLibraryAll,3487
4,4,0.2,hydra,feature_ablation,0.0,0.0,0.37354497354497357,-0.303474399227448,0.22559905335549968,0,0,0.7080069450021256,0.048499494998395676,UWaveGestureLibraryAll,3487
4,4,0.05,hydra,tshap_centroid,0.0,0.0,0.6264550264550265,-0.17394082878142303,-0.10514975693535833,0,0,0.7080069450021256,0.22604689199943095,UWaveGestureLibraryAll,3487
4,4,0.1,hydra,tshap_centroid,0.0,0.0,0.6296296296296297,-0.3017502571288184,-0.3142952332870861,0,0,0.7080069450021256,0.22604689199943095,UWaveGestureLibraryAll,3487
4,4,0.2,hydra,tshap_centroid,0.0,0.0,0.5777777777777777,-0.303474399227448,-0.25080738751745524,0,0,0.7080069450021256,0.22604689199943095,UWaveGestureLibraryAll,3487
4,4,0.05,hydra,tshap_zero,0.0,0.0,0.09206349206349207,-0.17394082878142303,0.17699106615543791,0,0,0.7080069450021256,0.22834175800016965,UWaveGestureLibraryAll,3487
4,4,0.1,hydra,tshap_zero,0.0,0.0,0.11005291005291006,-0.3017502571288184,0.36677251673718425,0,0,0.7080069450021256,0.22834175800016965,UWaveGestureLibraryAll,3487
4,4,0.2,hydra,tshap_zero,0.38461538461538464,0.5555555555555556,0.08888888888888889,-0.303474399227448,0.35938266900090765,0,0,0.7080069450021256,0.22834175800016965,UWaveGestureLibraryAll,3487
4,4,0.05,hydra,mrsqm,0.0,0.0,0.056084656084656084,-0.17394082878142303,-0.019164719082958248,0,0,0.7080069450021256,3.387399920029566e-05,UWaveGestureLibraryAll,3487
4,4,0.1,hydra,mrsqm,0.7090909090909091,0.8297872340425532,0.016931216931216932,-0.3017502571288184,-0.26213486496181604,0,0,0.7080069450021256,3.387399920029566e-05,UWaveGestureLibraryAll,3487
4,4,0.2,hydra,mrsqm,0.7419354838709677,0.8518518518518519,0.02962962962962963,-0.303474399227448,-0.1499946678244779,0,0,0.7080069450021256,3.387399920029566e-05,UWaveGestureLibraryAll,3487
4,4,0.05,shapley_sampling,feature_ablation,0.0,0.0,0.6994708994708995,0.2405531187896952,0.14460999151814158,0,0,1.1713819709984818,0.048499494998395676,UWaveGestureLibraryAll,3487
4,4,0.1,shapley_sampling,feature_ablation,0.0,0.0,0.6994708994708995,0.2995960651881362,0.19727976169369477,0,0,1.1713819709984818,0.048499494998395676,UWaveGestureLibraryAll,3487
4,4,0.2,shapley_sampling,feature_ablation,0.0,0.0,0.30158730158730157,0.38365723090692416,0.22559905335549968,0,0,1.1713819709984818,0.048499494998395676,UWaveGestureLibraryAll,3487
4,4,0.05,shapley_sampling,tshap_centroid,0.0,0.0,0.580952380952381,0.2405531187896952,-0.10514975693535833,0,0,1.1713819709984818,0.22604689199943095,UWaveGestureLibraryAll,3487
4,4,0.1,shapley_sampling,tshap_centroid,0.0,0.0,0.544973544973545,0.2995960651881362,-0.3142952332870861,0,0,1.1713819709984818,0.22604689199943095,UWaveGestureLibraryAll,3487
4,4,0.2,shapley_sampling,tshap_centroid,0.0,0.0,0.5058201058201058,0.38365723090692416,-0.25080738751745524,0,0,1.1713819709984818,0.22604689199943095,UWaveGestureLibraryAll,3487
4,4,0.05,shapley_sampling,tshap_zero,0.03296703296703297,0.06382978723404255,0.04656084656084656,0.2405531187896952,0.17699106615543791,0,0,1.1713819709984818,0.22834175800016965,UWaveGestureLibraryAll,3487
4,4,0.1,shapley_sampling,tshap_zero,0.5932203389830508,0.7446808510638298,0.025396825396825397,0.2995960651881362,0.36677251673718425,0,0,1.1713819709984818,0.22834175800016965,UWaveGestureLibraryAll,3487
4,4,0.2,shapley_sampling,tshap_zero,0.8439024390243902,0.9153439153439153,0.016931216931216932,0.38365723090692416,0.35938266900090765,0,0,1.1713819709984818,0.22834175800016965,UWaveGestureLibraryAll,3487
4,4,0.05,shapley_sampling,mrsqm,0.0,0.0,0.10158730158730159,0.2405531187896952,-0.019164719082958248,0,0,1.1713819709984818,3.387399920029566e-05,UWaveGestureLibraryAll,3487
4,4,0.1,shapley_sampling,mrsqm,0.0,0.0,0.10158730158730159,0.2995960651881362,-0.26213486496181604,0,0,1.1713819709984818,3.387399920029566e-05,UWaveGestureLibraryAll,3487
4,4,0.2,shapley_sampling,mrsqm,0.3263157894736842,0.49206349206349204,0.10158730158730159,0.38365723090692416,-0.1499946678244779,0,0,1.1713819709984818,3.387399920029566e-05,UWaveGestureLibraryAll,3487
4,4,0.05,feature_ablation,tshap_centroid,0.0,0.0,0.11851851851851852,0.14460999151814158,-0.10514975693535833,0,0,0.048499494998395676,0.22604689199943095,UWaveGestureLibraryAll,3487
4,4,0.1,feature_ablation,tshap_centroid,0.0,0.0,0.1544973544973545,0.19727976169369477,-0.3142952332870861,0,0,0.048499494998395676,0.22604689199943095,UWaveGestureLibraryAll,3487
4,4,0.2,feature_ablation,tshap_centroid,0.0,0.0,0.20423280423280424,0.22559905335549968,-0.25080738751745524,0,0,0.048499494998395676,0.22604689199943095,UWaveGestureLibraryAll,3487
4,4,0.05,feature_ablation,tshap_zero,0.0,0.0,0.6529100529100529,0.14460999151814158,0.17699106615543791,0,0,0.048499494998395676,0.22834175800016965,UWaveGestureLibraryAll,3487
4,4,0.1,feature_ablation,tshap_zero,0.0,0.0,0.674074074074074,0.19727976169369477,0.36677251673718425,0,0,0.048499494998395676,0.22834175800016965,UWaveGestureLibraryAll,3487
4,4,0.2,feature_ablation,tshap_zero,0.0,0.0,0.28465608465608466,0.22559905335549968,0.35938266900090765,0,0,0.048499494998395676,0.22834175800016965,UWaveGestureLibraryAll,3487
4,4,0.05,feature_ablation,mrsqm,0.0,0.0,0.801058201058201,0.14460999151814158,-0.019164719082958248,0,0,0.048499494998395676,3.387399920029566e-05,UWaveGestureLibraryAll,3487
4,4,0.1,feature_ablation,mrsqm,0.0,0.0,0.801058201058201,0.19727976169369477,-0.26213486496181604,0,0,0.048499494998395676,3.387399920029566e-05,UWaveGestureLibraryAll,3487
4,4,0.2,feature_ablation,mrsqm,0.0,0.0,0.4031746031746032,0.22559905335549968,-0.1499946678244779,0,0,0.048499494998395676,3.387399920029566e-05,UWaveGestureLibraryAll,3487
4,4,0.05,tshap_centroid,tshap_zero,0.0,0.0,0.5343915343915344,-0.10514975693535833,0.17699106615543791,0,0,0.22604689199943095,0.22834175800016965,UWaveGestureLibraryAll,3487
4,4,0.1,tshap_centroid,tshap_zero,0.0,0.0,0.5195767195767196,-0.3142952332870861,0.36677251673718425,0,0,0.22604689199943095,0.22834175800016965,UWaveGestureLibraryAll,3487
4,4,0.2,tshap_centroid,tshap_zero,0.0,0.0,0.4888888888888889,-0.25080738751745524,0.35938266900090765,0,0,0.22604689199943095,0.22834175800016965,UWaveGestureLibraryAll,3487
4,4,0.05,tshap_centroid,mrsqm,0.0,0.0,0.6825396825396826,-0.10514975693535833,-0.019164719082958248,0,0,0.22604689199943095,3.387399920029566e-05,UWaveGestureLibraryAll,3487
4,4,0.1,tshap_centroid,mrsqm,0.0,0.0,0.6465608465608466,-0.3142952332870861,-0.26213486496181604,0,0,0.22604689199943095,3.387399920029566e-05,UWaveGestureLibraryAll,3487
4,4,0.2,tshap_centroid,mrsqm,0.0,0.0,0.6074074074074074,-0.25080738751745524,-0.1499946678244779,0,0,0.22604689199943095,3.387399920029566e-05,UWaveGestureLibraryAll,3487
4,4,0.05,tshap_zero,mrsqm,0.0,0.0,0.14814814814814814,0.17699106615543791,-0.019164719082958248,0,0,0.22834175800016965,3.387399920029566e-05,UWaveGestureLibraryAll,3487
4,4,0.1,tshap_zero,mrsqm,0.0,0.0,0.12698412698412698,0.36677251673718425,-0.26213486496181604,0,0,0.22834175800016965,3.387399920029566e-05,UWaveGestureLibraryAll,3487
4,4,0.2,tshap_zero,mrsqm,0.2558139534883721,0.4074074074074074,0.11851851851851852,0.35938266900090765,-0.1499946678244779,0,0,0.22834175800016965,3.387399920029566e-05,UWaveGestureLibraryAll,3487
2,2,0.05,hydra,shapley_sampling,0.42424242424242425,0.5957446808510638,0.020105820105820106,0.2938993824724814,-0.033171068619681776,0,0,0.7066266430010728,1.1703187380007876,UWaveGestureLibraryAll,3010
2,2,0.1,hydra,shapley_sampling,0.0,0.0,0.7396825396825397,0.04217199567994068,0.4098506293344102,0,0,0.7066266430010728,1.1703187380007876,UWaveGestureLibraryAll,3010
2,2,0.2,hydra,shapley_sampling,0.002652519893899204,0.005291005291005291,0.19894179894179895,0.3326394985449951,0.6738208797531169,0,1,0.7066266430010728,1.1703187380007876,UWaveGestureLibraryAll,3010
2,2,0.05,hydra,feature_ablation,0.0,0.0,0.4306878306878307,0.2938993824724814,0.03886153107892287,0,0,0.7066266430010728,0.04841753100117785,UWaveGestureLibraryAll,3010
2,2,0.1,hydra,feature_ablation,0.0,0.0,0.28888888888888886,0.04217199567994068,0.014309823603828598,0,0,0.7066266430010728,0.04841753100117785,UWaveGestureLibraryAll,3010
2,2,0.2,hydra,feature_ablation,0.002652519893899204,0.005291005291005291,0.19894179894179895,0.3326394985449951,0.6738208313615832,0,1,0.7066266430010728,0.04841753100117785,UWaveGestureLibraryAll,3010
2,2,0.05,hydra,tshap_centroid,0.11904761904761904,0.2127659574468085,0.039153439153439155,0.2938993824724814,0.22524858706919937,0,0,0.7066266430010728,0.220241391001764,UWaveGestureLibraryAll,3010
2,2,0.1,hydra,tshap_centroid,0.0,0.0,0.7015873015873015,0.04217199567994068,0.24510450520123972,0,0,0.7066266430010728,0.220241391001764,UWaveGestureLibraryAll,3010
2,2,0.2,hydra,tshap_centroid,0.021621621621621623,0.042328042328042326,0.19153439153439153,0.3326394985449951,0.739338877780163,0,1,0.7066266430010728,0.220241391001764,UWaveGestureLibraryAll,3010
2,2,0.05,hydra,tshap_zero,0.323943661971831,0.48936170212765956,0.025396825396825397,0.2938993824724814,0.28740112139962115,0,0,0.7066266430010728,0.22524979999798234,UWaveGestureLibraryAll,3010
2,2,0.1,hydra,tshap_zero,0.0,0.0,0.7174603174603175,0.04217199567994068,0.3791442419599601,0,0,0.7066266430010728,0.22524979999798234,UWaveGestureLibraryAll,3010
2,2,0.2,hydra,tshap_zero,0.0,0.0,0.4105820105820106,0.3326394985449951,0.525078308056389,0,0,0.7066266430010728,0.22524979999798234,UWaveGestureLibraryAll,3010
2,2,0.05,hydra,mrsqm,0.0,0.0,0.12169312169312169,0.2938993824724814,-0.07640709586264371,0,0,0.7066266430010728,3.0037001124583185e-05,UWaveGestureLibraryAll,3010
2,2,0.1,hydra,mrsqm,0.0,0.0,0.8412698412698413,0.04217199567994068,-0.0627940851725306,0,0,0.7066266430010728,3.0037001124583185e-05,UWaveGestureLibraryAll,3010
2,2,0.2,hydra,mrsqm,0.0,0.0,0.30052910052910053,0.3326394985449951,0.8872550468706514,0,1,0.7066266430010728,3.0037001124583185e-05,UWaveGestureLibraryAll,3010
2,2,0.05,shapley_sampling,feature_ablation,0.0,0.0,0.4507936507936508,-0.033171068619681776,0.03886153107892287,0,0,1.1703187380007876,0.04841753100117785,UWaveGestureLibraryAll,3010
2,2,0.1,shapley_sampling,feature_ablation,0.0,0.0,0.4507936507936508,0.4098506293344102,0.014309823603828598,0,0,1.1703187380007876,0.04841753100117785,UWaveGestureLibraryAll,3010
2,2,0.2,shapley_sampling,feature_ablation,1.0,1.0,0.0,0.6738208797531169,0.6738208313615832,1,1,1.1703187380007876,0.04841753100117785,UWaveGestureLibraryAll,3010
2,2,0.05,shapley_sampling,tshap_centroid,0.0,0.0,0.05925925925925926,-0.033171068619681776,0.22524858706919937,0,0,1.1703187380007876,0.220241391001764,UWaveGestureLibraryAll,3010
2,2,0.1,shapley_sampling,tshap_centroid,0.4461538461538462,0.6170212765957447,0.0380952380952381,0.4098506293344102,0.24510450520123972,0,0,1.1703187380007876,0.220241391001764,UWaveGestureLibraryAll,3010
2,2,0.2,shapley_sampling,tshap_centroid,0.9285714285714286,0.9629629629629629,0.007407407407407408,0.6738208797531169,0.739338877780163,1,1,1.1703187380007876,0.220241391001764,UWaveGestureLibraryAll,3010
2,2,0.05,shapley_sampling,tshap_zero,0.044444444444444446,0.0851063829787234,0.0455026455026455,-0.033171068619681776,0.28740112139962115,0,0,1.1703187380007876,0.22524979999798234,UWaveGestureLibraryAll,3010
2,2,0.1,shapley_sampling,tshap_zero,0.6347826086956522,0.776595744680851,0.022222222222222223,0.4098506293344102,0.3791442419599601,0,0,1.1703187380007876,0.22524979999798234,UWaveGestureLibraryAll,3010
2,2,0.2,shapley_sampling,tshap_zero,0.0,0.0,0.6095238095238096,0.6738208797531169,0.525078308056389,1,0,1.1703187380007876,0.22524979999798234,UWaveGestureLibraryAll,3010
2,2,0.05,shapley_sampling,mrsqm,0.0,0.0,0.10158730158730159,-0.033171068619681776,-0.07640709586264371,0,0,1.1703187380007876,3.0037001124583185e-05,UWaveGestureLibraryAll,3010
2,2,0.1,shapley_sampling,mrsqm,0.0,0.0,0.10158730158730159,0.4098506293344102,-0.0627940851725306,0,0,1.1703187380007876,3.0037001124583185e-05,UWaveGestureLibraryAll,3010
2,2,0.2,shapley_sampling,mrsqm,0.3263157894736842,0.49206349206349204,0.10158730158730159,0.6738208797531169,0.8872550468706514,1,1,1.1703187380007876,3.0037001124583185e-05,UWaveGestureLibraryAll,3010
2,2,0.05,feature_ablation,tshap_centroid,0.0,0.0,0.3915343915343915,0.03886153107892287,0.22524858706919937,0,0,0.04841753100117785,0.220241391001764,UWaveGestureLibraryAll,3010
2,2,0.1,feature_ablation,tshap_centroid,0.0,0.0,0.4126984126984127,0.014309823603828598,0.24510450520123972,0,0,0.04841753100117785,0.220241391001764,UWaveGestureLibraryAll,3010
2,2,0.2,feature_ablation,tshap_centroid,0.9285714285714286,0.9629629629629629,0.007407407407407408,0.6738208313615832,0.739338877780163,1,1,0.04841753100117785,0.220241391001764,UWaveGestureLibraryAll,3010
2,2,0.05,feature_ablation,tshap_zero,0.0,0.0,0.4052910052910053,0.03886153107892287,0.28740112139962115,0,0,0.04841753100117785,0.22524979999798234,UWaveGestureLibraryAll,3010
2,2,0.1,feature_ablation,tshap_zero,0.0,0.0,0.42857142857142855,0.014309823603828598,0.3791442419599601,0,0,0.04841753100117785,0.22524979999798234,UWaveGestureLibraryAll,3010
2,2,0.2,feature_ablation,tshap_zero,0.0,0.0,0.6095238095238096,0.6738208313615832,0.525078308056389,1,0,0.04841753100117785,0.22524979999798234,UWaveGestureLibraryAll,3010
2,2,0.05,feature_ablation,mrsqm,0.0,0.0,0.5523809523809524,0.03886153107892287,-0.07640709586264371,0,0,0.04841753100117785,3.0037001124583185e-05,UWaveGestureLibraryAll,3010
2,2,0.1,feature_ablation,mrsqm,0.0,0.0,0.5523809523809524,0.014309823603828598,-0.0627940851725306,0,0,0.04841753100117785,3.0037001124583185e-05,UWaveGestureLibraryAll,3010
2,2,0.2,feature_ablation,mrsqm,0.3263157894736842,0.49206349206349204,0.10158730158730159,0.6738208313615832,0.8872550468706514,1,1,0.04841753100117785,3.0037001124583185e-05,UWaveGestureLibraryAll,3010
2,2,0.05,tshap_centroid,tshap_zero,0.5666666666666667,0.723404255319149,0.013756613756613757,0.22524858706919937,0.28740112139962115,0,0,0.220241391001764,0.22524979999798234,UWaveGestureLibraryAll,3010
2,2,0.1,tshap_centroid,tshap_zero,0.7247706422018348,0.8404255319148937,0.015873015873015872,0.24510450520123972,0.3791442419599601,0,0,0.220241391001764,0.22524979999798234,UWaveGestureLibraryAll,3010
2,2,0.2,tshap_centroid,tshap_zero,0.0,0.0,0.6021164021164022,0.739338877780163,0.525078308056389,1,0,0.220241391001764,0.22524979999798234,UWaveGestureLibraryAll,3010
2,2,0.05,tshap_centroid,mrsqm,0.0,0.0,0.16084656084656085,0.22524858706919937,-0.07640709586264371,0,0,0.220241391001764,3.0037001124583185e-05,UWaveGestureLibraryAll,3010
2,2,0.1,tshap_centroid,mrsqm,0.0,0.0,0.13968253968253969,0.24510450520123972,-0.0627940851725306,0,0,0.220241391001764,3.0037001124583185e-05,UWaveGestureLibraryAll,3010
2,2,0.2,tshap_centroid,mrsqm,0.2945205479452055,0.455026455026455,0.10899470899470899,0.739338877780163,0.8872550468706514,1,1,0.220241391001764,3.0037001124583185e-05,UWaveGestureLibraryAll,3010
2,2,0.05,tshap_zero,mrsqm,0.0,0.0,0.14708994708994708,0.28740112139962115,-0.07640709586264371,0,0,0.22524979999798234,3.0037001124583185e-05,UWaveGestureLibraryAll,3010
2,2,0.1,tshap_zero,mrsqm,0.0,0.0,0.12380952380952381,0.3791442419599601,-0.0627940851725306,0,0,0.22524979999798234,3.0037001124583185e-05,UWaveGestureLibraryAll,3010
2,2,0.2,tshap_zero,mrsqm,0.0,0.0,0.7111111111111111,0.525078308056389,0.8872550468706514,0,1,0.22524979999798234,3.0037001124583185e-05,UWaveGestureLibraryAll,3010
5,5,0.05,hydra,shapley_sampling,0.0,0.0,0.28465608465608466,0.227615087111656,0.08851054265937441,0,0,0.7029931860015495,1.1495300079986919,UWaveGestureLibraryAll,2723
5,5,0.1,hydra,shapley_sampling,0.0,0.0,0.2582010582010582,0.4345475359616269,0.057388677261341,0,0,0.7029931860015495,1.1495300079986919,UWaveGestureLibraryAll,2723
5,5,0.2,hydra,shapley_sampling,0.0,0.0,0.25396825396825395,0.3641351971200786,-0.293026730363132,0,0,0.7029931860015495,1.1495300079986919,UWaveGestureLibraryAll,2723
5,5,0.05,hydra,feature_ablation,0.0,0.0,0.2126984126984127,0.227615087111656,0.09757782743845089,0,0,0.7029931860015495,0.04814131999955862,UWaveGestureLibraryAll,2723
5,5,0.1,hydra,feature_ablation,0.0,0.0,0.23915343915343915,0.4345475359616269,0.2150262535598363,0,0,0.7029931860015495,0.04814131999955862,UWaveGestureLibraryAll,2723
5,5,0.2,hydra,feature_ablation,0.0,0.0,0.35343915343915344,0.3641351971200786,-0.25725336454366077,0,0,0.7029931860015495,0.04814131999955862,UWaveGestureLibraryAll,2723
5,5,0.05,hydra,tshap_centroid,0.0,0.0,0.091005291005291,0.227615087111656,0.1300208299796375,0,0,0.7029931860015495,0.22076798399939435,UWaveGestureLibraryAll,2723
5,5,0.1,hydra,tshap_centroid,0.0273224043715847,0.05319148936170213,0.09417989417989418,0.4345475359616269,0.3490953003608317,0,0,0.7029931860015495,0.22076798399939435,UWaveGestureLibraryAll,2723
5,5,0.2,hydra,tshap_centroid,0.9090909090909091,0.9523809523809523,0.009523809523809525,0.3641351971200786,0.376014100025188,0,0,0.7029931860015495,0.22076798399939435,UWaveGestureLibraryAll,2723
5,5,0.05,hydra,tshap_zero,0.0,0.0,0.1523809523809524,0.227615087111656,-0.2607501251757556,0,0,0.7029931860015495,0.22518732200114755,UWaveGestureLibraryAll,2723
5,5,0.1,hydra,tshap_zero,0.0,0.0,0.16296296296296298,0.4345475359616269,-0.4149334653806793,0,0,0.7029931860015495,0.22518732200114755,UWaveGestureLibraryAll,2723
5,5,0.2,hydra,tshap_zero,0.0,0.0,0.27195767195767195,0.3641351971200786,-0.35802712224619215,0,0,0.7029931860015495,0.22518732200114755,UWaveGestureLibraryAll,2723
5,5,0.05,hydra,mrsqm,0.0,0.0,0.5883597883597883,0.227615087111656,0.0745106910650366,0,0,0.7029931860015495,2.957600008812733e-05,UWaveGestureLibraryAll,2723
5,5,0.1,hydra,mrsqm,0.0,0.0,0.5619047619047619,0.4345475359616269,0.1185224064027427,0,0,0.7029931860015495,2.957600008812733e-05,UWaveGestureLibraryAll,2723
5,5,0.2,hydra,mrsqm,0.0,0.0,0.44656084656084655,0.3641351971200786,0.029719044453493382,0,0,0.7029931860015495,2.957600008812733e-05,UWaveGestureLibraryAll,2723
5,5,0.05,shapley_sampling,feature_ablation,0.0,0.0,0.4973544973544973,0.08851054265937441,0.09757782743845089,0,0,1.1495300079986919,0.04814131999955862,UWaveGestureLibraryAll,2723
5,5,0.1,shapley_sampling,feature_ablation,0.0,0.0,0.4973544973544973,0.057388677261341,0.2150262535598363,0,0,1.1495300079986919,0.04814131999955862,UWaveGestureLibraryAll,2723
5,5,0.2,shapley_sampling,feature_ablation,0.33568904593639576,0.5026455026455027,0.09947089947089947,-0.293026730363132,-0.25725336454366077,0,0,1.1495300079986919,0.04814131999955862,UWaveGestureLibraryAll,2723
5,5,0.05,shapley_sampling,tshap_centroid,0.0,0.0,0.19365079365079366,0.08851054265937441,0.1300208299796375,0,0,1.1495300079986919,0.22076798399939435,UWaveGestureLibraryAll,2723
5,5,0.1,shapley_sampling,tshap_centroid,0.0,0.0,0.164021164021164,0.057388677261341,0.3490953003608317,0,0,1.1495300079986919,0.22076798399939435,UWaveGestureLibraryAll,2723
5,5,0.2,shapley_sampling,tshap_centroid,0.0,0.0,0.24444444444444444,-0.293026730363132,0.376014100025188,0,0,1.1495300079986919,0.22076798399939435,UWaveGestureLibraryAll,2723
5,5,0.05,shapley_sampling,tshap_zero,0.0,0.0,0.43703703703703706,0.08851054265937441,-0.2607501251757556,0,0,1.1495300079986919,0.22518732200114755,UWaveGestureLibraryAll,2723
5,5,0.1,shapley_sampling,tshap_zero,0.0,0.0,0.4211640211640212,0.057388677261341,-0.4149334653806793,0,0,1.1495300079986919,0.22518732200114755,UWaveGestureLibraryAll,2723
5,5,0.2,shapley_sampling,tshap_zero,0.8349514563106796,0.91005291005291,0.01798941798941799,-0.293026730363132,-0.35802712224619215,0,0,1.1495300079986919,0.22518732200114755,UWaveGestureLibraryAll,2723
5,5,0.05,shapley_sampling,mrsqm,0.0,0.0,0.3037037037037037,0.08851054265937441,0.0745106910650366,0,0,1.1495300079986919,2.957600008812733e-05,UWaveGestureLibraryAll,2723
5,5,0.1,shapley_sampling,mrsqm,0.0,0.0,0.3037037037037037,0.057388677261341,0.1185224064027427,0,0,1.1495300079986919,2.957600008812733e-05,UWaveGestureLibraryAll,2723
5,5,0.2,shapley_sampling,mrsqm,0.0,0.0,0.7005291005291006,-0.293026730363132,0.029719044453493382,0,0,1.1495300079986919,2.957600008812733e-05,UWaveGestureLibraryAll,2723
5,5,0.05,feature_ablation,tshap_centroid,0.0,0.0,0.3037037037037037,0.09757782743845089,0.1300208299796375,0,0,0.04814131999955862,0.22076798399939435,UWaveGestureLibraryAll,2723
5,5,0.1,feature_ablation,tshap_centroid,0.0,0.0,0.3333333333333333,0.2150262535598363,0.3490953003608317,0,0,0.04814131999955862,0.22076798399939435,UWaveGestureLibraryAll,2723
5,5,0.2,feature_ablation,tshap_centroid,0.0,0.0,0.3439153439153439,-0.25725336454366077,0.376014100025188,0,0,0.04814131999955862,0.22076798399939435,UWaveGestureLibraryAll,2723
5,5,0.05,feature_ablation,tshap_zero,0.0,0.0,0.06031746031746032,0.09757782743845089,-0.2607501251757556,0,0,0.04814131999955862,0.22518732200114755,UWaveGestureLibraryAll,2723
5,5,0.1,feature_ablation,tshap_zero,0.13253012048192772,0.23404255319148937,0.0761904761904762,0.2150262535598363,-0.4149334653806793,0,0,0.04814131999955862,0.22518732200114755,UWaveGestureLibraryAll,2723
5,5,0.2,feature_ablation,tshap_zero,0.42105263157894735,0.5925925925925926,0.08148148148148149,-0.25725336454366077,-0.35802712224619215,0,0,0.04814131999955862,0.22518732200114755,UWaveGestureLibraryAll,2723
5,5,0.05,feature_ablation,mrsqm,0.0,0.0,0.801058201058201,0.09757782743845089,0.0745106910650366,0,0,0.04814131999955862,2.957600008812733e-05,UWaveGestureLibraryAll,2723
5,5,0.1,feature_ablation,mrsqm,0.0,0.0,0.801058201058201,0.2150262535598363,0.1185224064027427,0,0,0.04814131999955862,2.957600008812733e-05,UWaveGestureLibraryAll,2723
5,5,0.2,feature_ablation,mrsqm,0.0,0.0,0.8,-0.25725336454366077,0.029719044453493382,0,0,0.04814131999955862,2.957600008812733e-05,UWaveGestureLibraryAll,2723
5,5,0.05,tshap_centroid,tshap_zero,0.0,0.0,0.24338624338624337,0.1300208299796375,-0.2607501251757556,0,0,0.22076798399939435,0.22518732200114755,UWaveGestureLibraryAll,2723
5,5,0.1,tshap_centroid,tshap_zero,0.0,0.0,0.2571428571428571,0.3490953003608317,-0.4149334653806793,0,0,0.22076798399939435,0.22518732200114755,UWaveGestureLibraryAll,2723
5,5,0.2,tshap_centroid,tshap_zero,0.0,0.0,0.2624338624338624,0.376014100025188,-0.35802712224619215,0,0,0.22076798399939435,0.22518732200114755,UWaveGestureLibraryAll,2723
5,5,0.05,tshap_centroid,mrsqm,0.0,0.0,0.4973544973544973,0.1300208299796375,0.0745106910650366,0,0,0.22076798399939435,2.957600008812733e-05,UWaveGestureLibraryAll,2723
5,5,0.1,tshap_centroid,mrsqm,0.0,0.0,0.4677248677248677,0.3490953003608317,0.1185224064027427,0,0,0.22076798399939435,2.957600008812733e-05,UWaveGestureLibraryAll,2723
5,5,0.2,tshap_centroid,mrsqm,0.0,0.0,0.4560846560846561,0.376014100025188,0.029719044453493382,0,0,0.22076798399939435,2.957600008812733e-05,UWaveGestureLibraryAll,2723
5,5,0.05,tshap_zero,mrsqm,0.0,0.0,0.7407407407407407,-0.2607501251757556,0.0745106910650366,0,0,0.22518732200114755,2.957600008812733e-05,UWaveGestureLibraryAll,2723
5,5,0.1,tshap_zero,mrsqm,0.0,0.0,0.7248677248677249,-0.4149334653806793,0.1185224064027427,0,0,0.22518732200114755,2.957600008812733e-05,UWaveGestureLibraryAll,2723
5,5,0.2,tshap_zero,mrsqm,0.0,0.0,0.7185185185185186,-0.35802712224619215,0.029719044453493382,0,0,0.22518732200114755,2.957600008812733e-05,UWaveGestureLibraryAll,2723
7,7,0.05,hydra,shapley_sampling,0.0,0.0,0.4666666666666667,0.15460204952546808,-0.024291248706147295,0,0,0.701459045001684,1.1538857270024891,UWaveGestureLibraryAll,459
7,7,0.1,hydra,shapley_sampling,0.062146892655367235,0.11702127659574468,0.08783068783068783,0.6079780484221176,0.4655989974249659,0,0,0.701459045001684,1.1538857270024891,UWaveGestureLibraryAll,459
7,7,0.2,hydra,shapley_sampling,0.8260869565217391,0.9047619047619048,0.01904761904761905,0.9997767492429901,0.829230353364176,0,0,0.701459045001684,1.1538857270024891,UWaveGestureLibraryAll,459
7,7,0.05,hydra,feature_ablation,0.5666666666666667,0.723404255319149,0.013756613756613757,0.15460204952546808,0.3436376066985285,0,0,0.701459045001684,0.0488525809996645,UWaveGestureLibraryAll,459
7,7,0.1,hydra,feature_ablation,0.4461538461538462,0.6170212765957447,0.0380952380952381,0.6079780484221176,0.4044808144304286,0,0,0.701459045001684,0.0488525809996645,UWaveGestureLibraryAll,459
7,7,0.2,hydra,feature_ablation,0.8260869565217391,0.9047619047619048,0.01904761904761905,0.9997767492429901,0.8292303766124138,0,0,0.701459045001684,0.0488525809996645,UWaveGestureLibraryAll,459
7,7,0.05,hydra,tshap_centroid,0.0,0.0,0.07830687830687831,0.15460204952546808,0.3853870957309189,0,0,0.701459045001684,0.21606786499978625,UWaveGestureLibraryAll,459
7,7,0.1,hydra,tshap_centroid,0.0,0.0,0.10793650793650794,0.6079780484221176,0.5558295878593522,0,0,0.701459045001684,0.21606786499978625,UWaveGestureLibraryAll,459
7,7,0.2,hydra,tshap_centroid,0.6578947368421053,0.7936507936507936,0.04126984126984127,0.9997767492429901,0.9725827959391478,0,0,0.701459045001684,0.21606786499978625,UWaveGestureLibraryAll,459
7,7,0.05,hydra,tshap_zero,0.0,0.0,0.19576719576719576,0.15460204952546808,-0.07628630691881533,0,0,0.701459045001684,0.22440040999936173,UWaveGestureLibraryAll,459
7,7,0.1,hydra,tshap_zero,0.0,0.0,0.22857142857142856,0.6079780484221176,-0.021610456028851255,0,0,0.701459045001684,0.22440040999936173,UWaveGestureLibraryAll,459
7,7,0.2,hydra,tshap_zero,0.0,0.0,0.2253968253968254,0.9997767492429901,0.38532940016705797,0,0,0.701459045001684,0.22440040999936173,UWaveGestureLibraryAll,459
7,7,0.05,hydra,mrsqm,0.0,0.0,0.4666666666666667,0.15460204952546808,-0.024291233276198643,0,0,0.701459045001684,3.2670999644324183e-05,UWaveGestureLibraryAll,459
7,7,0.1,hydra,mrsqm,0.0,0.0,0.4148148148148148,0.6079780484221176,0.14970338675198014,0,0,0.701459045001684,3.2670999644324183e-05,UWaveGestureLibraryAll,459
7,7,0.2,hydra,mrsqm,0.0,0.0,0.38412698412698415,0.9997767492429901,0.4689500358248566,0,0,0.701459045001684,3.2670999644324183e-05,UWaveGestureLibraryAll,459
7,7,0.05,shapley_sampling,feature_ablation,0.0,0.0,0.45291005291005293,-0.024291248706147295,0.3436376066985285,0,0,1.1538857270024891,0.0488525809996645,UWaveGestureLibraryAll,459
7,7,0.1,shapley_sampling,feature_ablation,0.3333333333333333,0.5,0.04973544973544974,0.4655989974249659,0.4044808144304286,0,0,1.1538857270024891,0.0488525809996645,UWaveGestureLibraryAll,459
7,7,0.2,shapley_sampling,feature_ablation,1.0,1.0,0.0,0.829230353364176,0.8292303766124138,0,0,1.1538857270024891,0.0488525809996645,UWaveGestureLibraryAll,459
7,7,0.05,shapley_sampling,tshap_centroid,0.0,0.0,0.544973544973545,-0.024291248706147295,0.3853870957309189,0,0,1.1538857270024891,0.21606786499978625,UWaveGestureLibraryAll,459
7,7,0.1,shapley_sampling,tshap_centroid,0.6637168141592921,0.7978723404255319,0.020105820105820106,0.4655989974249659,0.5558295878593522,0,0,1.1538857270024891,0.21606786499978625,UWaveGestureLibraryAll,459
7,7,0.2,shapley_sampling,tshap_centroid,0.8,0.8888888888888888,0.022222222222222223,0.829230353364176,0.9725827959391478,0,0,1.1538857270024891,0.21606786499978625,UWaveGestureLibraryAll,459
7,7,0.05,shapley_sampling,tshap_zero,0.0,0.0,0.6624338624338625,-0.024291248706147295,-0.07628630691881533,0,0,1.1538857270024891,0.22440040999936173,UWaveGestureLibraryAll,459
7,7,0.1,shapley_sampling,tshap_zero,0.0,0.0,0.14074074074074075,0.4655989974249659,-0.021610456028851255,0,0,1.1538857270024891,0.22440040999936173,UWaveGestureLibraryAll,459
7,7,0.2,shapley_sampling,tshap_zero,0.0,0.0,0.20634920634920634,0.829230353364176,0.38532940016705797,0,0,1.1538857270024891,0.22440040999936173,UWaveGestureLibraryAll,459
7,7,0.05,shapley_sampling,mrsqm,1.0,1.0,0.0,-0.024291248706147295,-0.024291233276198643,0,0,1.1538857270024891,3.2670999644324183e-05,UWaveGestureLibraryAll,459
7,7,0.1,shapley_sampling,mrsqm,0.0,0.0,0.5026455026455027,0.4655989974249659,0.14970338675198014,0,0,1.1538857270024891,3.2670999644324183e-05,UWaveGestureLibraryAll,459
7,7,0.2,shapley_sampling,mrsqm,0.0,0.0,0.4031746031746032,0.829230353364176,0.4689500358248566,0,0,1.1538857270024891,3.2670999644324183e-05,UWaveGestureLibraryAll,459
7,7,0.05,feature_ablation,tshap_centroid,0.0,0.0,0.09206349206349207,0.3436376066985285,0.3853870957309189,0,0,0.0488525809996645,0.21606786499978625,UWaveGestureLibraryAll,459
7,7,0.1,feature_ablation,tshap_centroid,0.175,0.2978723404255319,0.06984126984126984,0.4044808144304286,0.5558295878593522,0,0,0.0488525809996645,0.21606786499978625,UWaveGestureLibraryAll,459
7,7,0.2,feature_ablation,tshap_centroid,0.8,0.8888888888888888,0.022222222222222223,0.8292303766124138,0.9725827959391478,0,0,0.0488525809996645,0.21606786499978625,UWaveGestureLibraryAll,459
7,7,0.05,feature_ablation,tshap_zero,0.0,0.0,0.20952380952380953,0.3436376066985285,-0.07628630691881533,0,0,0.0488525809996645,0.22440040999936173,UWaveGestureLibraryAll,459
7,7,0.1,feature_ablation,tshap_zero,0.0,0.0,0.19047619047619047,0.4044808144304286,-0.021610456028851255,0,0,0.0488525809996645,0.22440040999936173,UWaveGestureLibraryAll,459
7,7,0.2,feature_ablation,tshap_zero,0.0,0.0,0.20634920634920634,0.8292303766124138,0.38532940016705797,0,0,0.0488525809996645,0.22440040999936173,UWaveGestureLibraryAll,459
7,7,0.05,feature_ablation,mrsqm,0.0,0.0,0.45291005291005293,0.3436376066985285,-0.024291233276198643,0,0,0.0488525809996645,3.2670999644324183e-05,UWaveGestureLibraryAll,459
7,7,0.1,feature_ablation,mrsqm,0.0,0.0,0.45291005291005293,0.4044808144304286,0.14970338675198014,0,0,0.0488525809996645,3.2670999644324183e-05,UWaveGestureLibraryAll,459
7,7,0.2,feature_ablation,mrsqm,0.0,0.0,0.4031746031746032,0.8292303766124138,0.4689500358248566,0,0,0.0488525809996645,3.2670999644324183e-05,UWaveGestureLibraryAll,459
7,7,0.05,tshap_centroid,tshap_zero,0.0,0.0,0.11746031746031746,0.3853870957309189,-0.07628630691881533,0,0,0.21606786499978625,0.22440040999936173,UWaveGestureLibraryAll,459
7,7,0.1,tshap_centroid,tshap_zero,0.0,0.0,0.12063492063492064,0.5558295878593522,-0.021610456028851255,0,0,0.21606786499978625,0.22440040999936173,UWaveGestureLibraryAll,459
7,7,0.2,tshap_centroid,tshap_zero,0.04132231404958678,0.07936507936507936,0.18412698412698414,0.9725827959391478,0.38532940016705797,0,0,0.21606786499978625,0.22440040999936173,UWaveGestureLibraryAll,459
7,7,0.05,tshap_centroid,mrsqm,0.0,0.0,0.544973544973545,0.3853870957309189,-0.024291233276198643,0,0,0.21606786499978625,3.2670999644324183e-05,UWaveGestureLibraryAll,459
7,7,0.1,tshap_centroid,mrsqm,0.0,0.0,0.5227513227513227,0.5558295878593522,0.14970338675198014,0,0,0.21606786499978625,3.2670999644324183e-05,UWaveGestureLibraryAll,459
7,7,0.2,tshap_centroid,mrsqm,0.0,0.0,0.4253968253968254,0.9725827959391478,0.4689500358248566,0,0,0.21606786499978625,3.2670999644324183e-05,UWaveGestureLibraryAll,459
7,7,0.05,tshap_zero,mrsqm,0.0,0.0,0.6624338624338625,-0.07628630691881533,-0.024291233276198643,0,0,0.22440040999936173,3.2670999644324183e-05,UWaveGestureLibraryAll,459
7,7,0.1,tshap_zero,mrsqm,0.0,0.0,0.6433862433862434,-0.021610456028851255,0.14970338675198014,0,0,0.22440040999936173,3.2670999644324183e-05,UWaveGestureLibraryAll,459
7,7,0.2,tshap_zero,mrsqm,0.0,0.0,0.6095238095238096,0.38532940016705797,0.4689500358248566,0,0,0.22440040999936173,3.2670999644324183e-05,UWaveGestureLibraryAll,459
5,5,0.05,hydra,shapley_sampling,0.0,0.0,0.30687830687830686,0.07716897896595176,0.2100792465094823,0,0,0.704281604001153,1.146317533999536,UWaveGestureLibraryAll,319
5,5,0.1,hydra,shapley_sampling,0.0,0.0,0.3502645502645503,0.16916863546190997,0.34190634006884846,0,0,0.704281604001153,1.146317533999536,UWaveGestureLibraryAll,319
5,5,0.2,hydra,shapley_sampling,0.0,0.0,0.39894179894179893,0.2521750933654401,0.3308302540359136,0,0,0.704281604001153,1.146317533999536,UWaveGestureLibraryAll,319
5,5,0.05,hydra,feature_ablation,0.0,0.0,0.2402116402116402,0.07716897896595176,0.5192533593389101,0,0,0.704281604001153,0.04763076800009003,UWaveGestureLibraryAll,319
5,5,0.1,hydra,feature_ablation,0.0,0.0,0.24656084656084656,0.16916863546190997,0.26123193825693325,0,0,0.704281604001153,0.04763076800009003,UWaveGestureLibraryAll,319
5,5,0.2,hydra,feature_ablation,0.005319148936170213,0.010582010582010581,0.19788359788359788,0.2521750933654401,0.21859611217392327,0,0,0.704281604001153,0.04763076800009003,UWaveGestureLibraryAll,319
5,5,0.05,hydra,tshap_centroid,0.0,0.0,0.5661375661375662,0.07716897896595176,-0.03922608167862229,0,0,0.704281604001153,0.21671480500299367,UWaveGestureLibraryAll,319
5,5,0.1,hydra,tshap_centroid,0.0,0.0,0.5597883597883598,0.16916863546190997,0.43775266716417316,0,0,0.704281604001153,0.21671480500299367,UWaveGestureLibraryAll,319
5,5,0.2,hydra,tshap_centroid,0.0,0.0,0.5396825396825397,0.2521750933654401,0.7935310944232166,0,0,0.704281604001153,0.21671480500299367,UWaveGestureLibraryAll,319
5,5,0.05,hydra,tshap_zero,0.0,0.0,0.0656084656084656,0.07716897896595176,0.13651105041877853,0,0,0.704281604001153,0.22516347800046788,UWaveGestureLibraryAll,319
5,5,0.1,hydra,tshap_zero,0.5161290322580645,0.6808510638297872,0.031746031746031744,0.16916863546190997,0.28700882818107276,0,0,0.704281604001153,0.22516347800046788,UWaveGestureLibraryAll,319
5,5,0.2,hydra,tshap_zero,0.6363636363636364,0.7777777777777778,0.044444444444444446,0.2521750933654401,0.09835256244162127,0,0,0.704281604001153,0.22516347800046788,UWaveGestureLibraryAll,319
5,5,0.05,hydra,mrsqm,0.0,0.0,0.6603174603174603,0.07716897896595176,0.11801947938535351,0,0,0.704281604001153,2.8573998861247674e-05,UWaveGestureLibraryAll,319
5,5,0.1,hydra,mrsqm,0.0,0.0,0.653968253968254,0.16916863546190997,0.09650167240518481,0,0,0.704281604001153,2.8573998861247674e-05,UWaveGestureLibraryAll,319
5,5,0.2,hydra,mrsqm,0.0,0.0,0.6021164021164022,0.2521750933654401,0.7839999078902995,0,0,0.704281604001153,2.8573998861247674e-05,UWaveGestureLibraryAll,319
5,5,0.05,shapley_sampling,feature_ablation,0.0,0.0,0.5470899470899471,0.2100792465094823,0.5192533593389101,0,0,1.146317533999536,0.04763076800009003,UWaveGestureLibraryAll,319
5,5,0.1,shapley_sampling,feature_ablation,0.0,0.0,0.5968253968253968,0.34190634006884846,0.26123193825693325,0,0,1.146317533999536,0.04763076800009003,UWaveGestureLibraryAll,319
5,5,0.2,shapley_sampling,feature_ablation,0.0,0.0,0.5968253968253968,0.3308302540359136,0.21859611217392327,0,0,1.146317533999536,0.04763076800009003,UWaveGestureLibraryAll,319
5,5,0.05,shapley_sampling,tshap_centroid,0.0,0.0,0.25925925925925924,0.2100792465094823,-0.03922608167862229,0,0,1.146317533999536,0.21671480500299367,UWaveGestureLibraryAll,319
5,5,0.1,shapley_sampling,tshap_centroid,0.0,0.0,0.20952380952380953,0.34190634006884846,0.43775266716417316,0,0,1.146317533999536,0.21671480500299367,UWaveGestureLibraryAll,319
5,5,0.2,shapley_sampling,tshap_centroid,0.17391304347826086,0.2962962962962963,0.14074074074074075,0.3308302540359136,0.7935310944232166,0,0,1.146317533999536,0.21671480500299367,UWaveGestureLibraryAll,319
5,5,0.05,shapley_sampling,tshap_zero,0.0,0.0,0.3724867724867725,0.2100792465094823,0.13651105041877853,0,0,1.146317533999536,0.22516347800046788,UWaveGestureLibraryAll,319
5,5,0.1,shapley_sampling,tshap_zero,0.0,0.0,0.382010582010582,0.34190634006884846,0.28700882818107276,0,0,1.146317533999536,0.22516347800046788,UWaveGestureLibraryAll,319
5,5,0.2,shapley_sampling,tshap_zero,0.0,0.0,0.4433862433862434,0.3308302540359136,0.09835256244162127,0,0,1.146317533999536,0.22516347800046788,UWaveGestureLibraryAll,319
5,5,0.05,shapley_sampling,mrsqm,0.0,0.0,0.35343915343915344,0.2100792465094823,0.11801947938535351,0,0,1.146317533999536,2.8573998861247674e-05,UWaveGestureLibraryAll,319
5,5,0.1,shapley_sampling,mrsqm,0.0,0.0,0.3037037037037037,0.34190634006884846,0.09650167240518481,0,0,1.146317533999536,2.8573998861247674e-05,UWaveGestureLibraryAll,319
5,5,0.2,shapley_sampling,mrsqm,0.0,0.0,0.20317460317460317,0.3308302540359136,0.7839999078902995,0,0,1.146317533999536,2.8573998861247674e-05,UWaveGestureLibraryAll,319
5,5,0.05,feature_ablation,tshap_centroid,0.0,0.0,0.8063492063492064,0.5192533593389101,-0.03922608167862229,0,0,0.04763076800009003,0.21671480500299367,UWaveGestureLibraryAll,319
5,5,0.1,feature_ablation,tshap_centroid,0.0,0.0,0.8063492063492064,0.26123193825693325,0.43775266716417316,0,0,0.04763076800009003,0.21671480500299367,UWaveGestureLibraryAll,319
5,5,0.2,feature_ablation,tshap_centroid,0.0,0.0,0.7375661375661375,0.21859611217392327,0.7935310944232166,0,0,0.04763076800009003,0.21671480500299367,UWaveGestureLibraryAll,319
5,5,0.05,feature_ablation,tshap_zero,0.0,0.0,0.1746031746031746,0.5192533593389101,0.13651105041877853,0,0,0.04763076800009003,0.22516347800046788,UWaveGestureLibraryAll,319
5,5,0.1,feature_ablation,tshap_zero,0.0,0.0,0.21481481481481482,0.26123193825693325,0.28700882818107276,0,0,0.04763076800009003,0.22516347800046788,UWaveGestureLibraryAll,319
5,5,0.2,feature_ablation,tshap_zero,0.1317365269461078,0.2328042328042328,0.15343915343915343,0.21859611217392327,0.09835256244162127,0,0,0.04763076800009003,0.22516347800046788,UWaveGestureLibraryAll,319
5,5,0.05,feature_ablation,mrsqm,0.0,0.0,0.9005291005291005,0.5192533593389101,0.11801947938535351,0,0,0.04763076800009003,2.8573998861247674e-05,UWaveGestureLibraryAll,319
5,5,0.1,feature_ablation,mrsqm,0.0,0.0,0.9005291005291005,0.26123193825693325,0.09650167240518481,0,0,0.04763076800009003,2.8573998861247674e-05,UWaveGestureLibraryAll,319
5,5,0.2,feature_ablation,mrsqm,0.0,0.0,0.8,0.21859611217392327,0.7839999078902995,0,0,0.04763076800009003,2.8573998861247674e-05,UWaveGestureLibraryAll,319
5,5,0.05,tshap_centroid,tshap_zero,0.0,0.0,0.6317460317460317,-0.03922608167862229,0.13651105041877853,0,0,0.21671480500299367,0.22516347800046788,UWaveGestureLibraryAll,319
5,5,0.1,tshap_centroid,tshap_zero,0.0,0.0,0.5915343915343916,0.43775266716417316,0.28700882818107276,0,0,0.21671480500299367,0.22516347800046788,UWaveGestureLibraryAll,319
5,5,0.2,tshap_centroid,tshap_zero,0.0,0.0,0.5841269841269842,0.7935310944232166,0.09835256244162127,0,0,0.21671480500299367,0.22516347800046788,UWaveGestureLibraryAll,319
5,5,0.05,tshap_centroid,mrsqm,0.0,0.0,0.09417989417989418,-0.03922608167862229,0.11801947938535351,0,0,0.21671480500299367,2.8573998861247674e-05,UWaveGestureLibraryAll,319
5,5,0.1,tshap_centroid,mrsqm,0.0273224043715847,0.05319148936170213,0.09417989417989418,0.43775266716417316,0.09650167240518481,0,0,0.21671480500299367,2.8573998861247674e-05,UWaveGestureLibraryAll,319
5,5,0.2,tshap_centroid,mrsqm,0.5241935483870968,0.6878306878306878,0.06243386243386243,0.7935310944232166,0.7839999078902995,0,0,0.21671480500299367,2.8573998861247674e-05,UWaveGestureLibraryAll,319
5,5,0.05,tshap_zero,mrsqm,0.0,0.0,0.725925925925926,0.13651105041877853,0.11801947938535351,0,0,0.22516347800046788,2.8573998861247674e-05,UWaveGestureLibraryAll,319
5,5,0.1,tshap_zero,mrsqm,0.0,0.0,0.6857142857142857,0.28700882818107276,0.09650167240518481,0,0,0.22516347800046788,2.8573998861247674e-05,UWaveGestureLibraryAll,319
5,5,0.2,tshap_zero,mrsqm,0.0,0.0,0.6465608465608466,0.09835256244162127,0.7839999078902995,0,0,0.22516347800046788,2.8573998861247674e-05,UWaveGestureLibraryAll,319
0,0,0.05,hydra,shapley_sampling,0.0,0.0,0.47513227513227513,0.025908917964454936,0.35027308794012246,0,0,0.7011252459997195,1.1436317120023887,UWaveGestureLibraryAll,2332
0,0,0.1,hydra,shapley_sampling,0.0,0.0,0.42857142857142855,0.22445081111633303,0.5230125860029933,0,0,0.7011252459997195,1.1436317120023887,UWaveGestureLibraryAll,2332
0,0,0.2,hydra,shapley_sampling,0.15950920245398773,0.2751322751322751,0.14497354497354498,0.30454414716289824,0.19301505854177492,0,0,0.7011252459997195,1.1436317120023887,UWaveGestureLibraryAll,2332
0,0,0.05,hydra,feature_ablation,0.0,0.0,0.47513227513227513,0.025908917964454936,0.35027311544887163,0,0,0.7011252459997195,0.047771433000889374,UWaveGestureLibraryAll,2332
0,0,0.1,hydra,feature_ablation,0.0,0.0,0.42857142857142855,0.22445081111633303,0.5230125806710795,0,0,0.7011252459997195,0.047771433000889374,UWaveGestureLibraryAll,2332
0,0,0.2,hydra,feature_ablation,0.0,0.0,0.3439153439153439,0.30454414716289824,0.5376363355426329,0,0,0.7011252459997195,0.047771433000889374,UWaveGestureLibraryAll,2332
0,0,0.05,hydra,tshap_centroid,0.0,0.0,0.1312169312169312,0.025908917964454936,-0.09680615542982363,0,0,0.7011252459997195,0.21884644199963077,UWaveGestureLibraryAll,2332
0,0,0.1,hydra,tshap_centroid,0.0,0.0,0.11428571428571428,0.22445081111633303,-0.11291175197017456,0,0,0.7011252459997195,0.21884644199963077,UWaveGestureLibraryAll,2332
0,0,0.2,hydra,tshap_centroid,0.22727272727272727,0.37037037037037035,0.1259259259259259,0.30454414716289824,0.2929968775023317,0,0,0.7011252459997195,0.21884644199963077,UWaveGestureLibraryAll,2332
0,0,0.05,hydra,tshap_zero,0.0,0.0,0.48148148148148145,0.025908917964454936,0.30981420303688023,0,0,0.7011252459997195,0.22600427199722617,UWaveGestureLibraryAll,2332
0,0,0.1,hydra,tshap_zero,0.0,0.0,0.4624338624338624,0.22445081111633303,0.47098934477432475,0,0,0.7011252459997195,0.22600427199722617,UWaveGestureLibraryAll,2332
0,0,0.2,hydra,tshap_zero,0.0,0.0,0.4560846560846561,0.30454414716289824,0.5938788777629693,0,0,0.7011252459997195,0.22600427199722617,UWaveGestureLibraryAll,2332
0,0,0.05,hydra,mrsqm,0.0,0.0,0.2761904761904762,0.025908917964454936,0.10112929115187352,0,0,0.7011252459997195,2.9105001885909587e-05,UWaveGestureLibraryAll,2332
0,0,0.1,hydra,mrsqm,0.0,0.0,0.273015873015873,0.22445081111633303,0.2091351191298192,0,0,0.7011252459997195,2.9105001885909587e-05,UWaveGestureLibraryAll,2332
0,0,0.2,hydra,mrsqm,0.0,0.0,0.2571428571428571,0.30454414716289824,0.27434987072193806,0,0,0.7011252459997195,2.9105001885909587e-05,UWaveGestureLibraryAll,2332
0,0,0.05,shapley_sampling,feature_ablation,1.0,1.0,0.0,0.35027308794012246,0.35027311544887163,0,0,1.1436317120023887,0.047771433000889374,UWaveGestureLibraryAll,2332
0,0,0.1,shapley_sampling,feature_ablation,1.0,1.0,0.0,0.5230125860029933,0.5230125806710795,0,0,1.1436317120023887,0.047771433000889374,UWaveGestureLibraryAll,2332
0,0,0.2,shapley_sampling,feature_ablation,0.002652519893899204,0.005291005291005291,0.19894179894179895,0.19301505854177492,0.5376363355426329,0,0,1.1436317120023887,0.047771433000889374,UWaveGestureLibraryAll,2332
0,0,0.05,shapley_sampling,tshap_centroid,0.0,0.0,0.3439153439153439,0.35027308794012246,-0.09680615542982363,0,0,1.1436317120023887,0.21884644199963077,UWaveGestureLibraryAll,2332
0,0,0.1,shapley_sampling,tshap_centroid,0.0,0.0,0.3142857142857143,0.5230125860029933,-0.11291175197017456,0,0,1.1436317120023887,0.21884644199963077,UWaveGestureLibraryAll,2332
0,0,0.2,shapley_sampling,tshap_centroid,0.8260869565217391,0.9047619047619048,0.01904761904761905,0.19301505854177492,0.2929968775023317,0,0,1.1436317120023887,0.21884644199963077,UWaveGestureLibraryAll,2332
0,0,0.05,shapley_sampling,tshap_zero,0.7735849056603774,0.8723404255319149,0.006349206349206349,0.35027308794012246,0.30981420303688023,0,0,1.1436317120023887,0.22600427199722617,UWaveGestureLibraryAll,2332
0,0,0.1,shapley_sampling,tshap_zero,0.49206349206349204,0.6595744680851063,0.033862433862433865,0.5230125860029933,0.47098934477432475,0,0,1.1436317120023887,0.22600427199722617,UWaveGestureLibraryAll,2332
0,0,0.2,shapley_sampling,tshap_zero,0.0,0.0,0.3111111111111111,0.19301505854177492,0.5938788777629693,0,0,1.1436317120023887,0.22600427199722617,UWaveGestureLibraryAll,2332
0,0,0.05,shapley_sampling,mrsqm,0.0,0.0,0.7513227513227513,0.35027308794012246,0.10112929115187352,0,0,1.1436317120023887,2.9105001885909587e-05,UWaveGestureLibraryAll,2332
0,0,0.1,shapley_sampling,mrsqm,0.0,0.0,0.7015873015873015,0.5230125860029933,0.2091351191298192,0,0,1.1436317120023887,2.9105001885909587e-05,UWaveGestureLibraryAll,2332
0,0,0.2,shapley_sampling,mrsqm,0.0,0.0,0.4021164021164021,0.19301505854177492,0.27434987072193806,0,0,1.1436317120023887,2.9105001885909587e-05,UWaveGestureLibraryAll,2332
0,0,0.05,feature_ablation,tshap_centroid,0.0,0.0,0.3439153439153439,0.35027311544887163,-0.09680615542982363,0,0,0.047771433000889374,0.21884644199963077,UWaveGestureLibraryAll,2332
0,0,0.1,feature_ablation,tshap_centroid,0.0,0.0,0.3142857142857143,0.5230125806710795,-0.11291175197017456,0,0,0.047771433000889374,0.21884644199963077,UWaveGestureLibraryAll,2332
0,0,0.2,feature_ablation,tshap_centroid,0.0,0.0,0.21798941798941798,0.5376363355426329,0.2929968775023317,0,0,0.047771433000889374,0.21884644199963077,UWaveGestureLibraryAll,2332
0,0,0.05,feature_ablation,tshap_zero,0.7735849056603774,0.8723404255319149,0.006349206349206349,0.35027311544887163,0.30981420303688023,0,0,0.047771433000889374,0.22600427199722617,UWaveGestureLibraryAll,2332
0,0,0.1,feature_ablation,tshap_zero,0.49206349206349204,0.6595744680851063,0.033862433862433865,0.5230125806710795,0.47098934477432475,0,0,0.047771433000889374,0.22600427199722617,UWaveGestureLibraryAll,2332
0,0,0.2,feature_ablation,tshap_zero,0.28135593220338984,0.43915343915343913,0.11216931216931217,0.5376363355426329,0.5938788777629693,0,0,0.047771433000889374,0.22600427199722617,UWaveGestureLibraryAll,2332
0,0,0.05,feature_ablation,mrsqm,0.0,0.0,0.7513227513227513,0.35027311544887163,0.10112929115187352,0,0,0.047771433000889374,2.9105001885909587e-05,UWaveGestureLibraryAll,2332
0,0,0.1,feature_ablation,mrsqm,0.0,0.0,0.7015873015873015,0.5230125806710795,0.2091351191298192,0,0,0.047771433000889374,2.9105001885909587e-05,UWaveGestureLibraryAll,2332
0,0,0.2,feature_ablation,mrsqm,0.0,0.0,0.6010582010582011,0.5376363355426329,0.27434987072193806,0,0,0.047771433000889374,2.9105001885909587e-05,UWaveGestureLibraryAll,2332
0,0,0.05,tshap_centroid,tshap_zero,0.0,0.0,0.3502645502645503,-0.09680615542982363,0.30981420303688023,0,0,0.21884644199963077,0.22600427199722617,UWaveGestureLibraryAll,2332
0,0,0.1,tshap_centroid,tshap_zero,0.0,0.0,0.34814814814814815,-0.11291175197017456,0.47098934477432475,0,0,0.21884644199963077,0.22600427199722617,UWaveGestureLibraryAll,2332
0,0,0.2,tshap_centroid,tshap_zero,0.0,0.0,0.33015873015873015,0.2929968775023317,0.5938788777629693,0,0,0.21884644199963077,0.22600427199722617,UWaveGestureLibraryAll,2332
0,0,0.05,tshap_centroid,mrsqm,0.0,0.0,0.4074074074074074,-0.09680615542982363,0.10112929115187352,0,0,0.21884644199963077,2.9105001885909587e-05,UWaveGestureLibraryAll,2332
0,0,0.1,tshap_centroid,mrsqm,0.0,0.0,0.3873015873015873,-0.11291175197017456,0.2091351191298192,0,0,0.21884644199963077,2.9105001885909587e-05,UWaveGestureLibraryAll,2332
0,0,0.2,tshap_centroid,mrsqm,0.0,0.0,0.38306878306878306,0.2929968775023317,0.27434987072193806,0,0,0.21884644199963077,2.9105001885909587e-05,UWaveGestureLibraryAll,2332
0,0,0.05,tshap_zero,mrsqm,0.0,0.0,0.7576719576719577,0.30981420303688023,0.10112929115187352,0,0,0.22600427199722617,2.9105001885909587e-05,UWaveGestureLibraryAll,2332
0,0,0.1,tshap_zero,mrsqm,0.0,0.0,0.7354497354497355,0.47098934477432475,0.2091351191298192,0,0,0.22600427199722617,2.9105001885909587e-05,UWaveGestureLibraryAll,2332
0,0,0.2,tshap_zero,mrsqm,0.0,0.0,0.7132275132275132,0.5938788777629693,0.27434987072193806,0,0,0.22600427199722617,2.9105001885909587e-05,UWaveGestureLibraryAll,2332
7,7,0.05,hydra,shapley_sampling,0.0,0.0,0.18095238095238095,0.012386563815710572,0.28518930495202444,0,0,0.7010940170002868,1.1466239110013703,UWaveGestureLibraryAll,1838
7,7,0.1,hydra,shapley_sampling,0.0,0.0,0.1523809523809524,0.2115424559222432,0.4648643895166651,0,0,0.7010940170002868,1.1466239110013703,UWaveGestureLibraryAll,1838
7,7,0.2,hydra,shapley_sampling,0.0830945558739255,0.15343915343915343,0.1693121693121693,0.6221820362920649,0.5746334220294571,0,0,0.7010940170002868,1.1466239110013703,UWaveGestureLibraryAll,1838
7,7,0.05,hydra,feature_ablation,0.0,0.0,0.18095238095238095,0.012386563815710572,0.285189284557708,0,0,0.7010940170002868,0.04757400100061204,UWaveGestureLibraryAll,1838
7,7,0.1,hydra,feature_ablation,0.0,0.0,0.1523809523809524,0.2115424559222432,0.46486440354318903,0,0,0.7010940170002868,0.04757400100061204,UWaveGestureLibraryAll,1838
7,7,0.2,hydra,feature_ablation,0.2558139534883721,0.4074074074074074,0.11851851851851852,0.6221820362920649,0.4403773746571873,0,0,0.7010940170002868,0.04757400100061204,UWaveGestureLibraryAll,1838
7,7,0.05,hydra,tshap_centroid,0.0,0.0,0.07089947089947089,0.012386563815710572,0.3784216475742177,0,0,0.7010940170002868,0.21910188300171285,UWaveGestureLibraryAll,1838
7,7,0.1,hydra,tshap_centroid,0.1393939393939394,0.24468085106382978,0.07513227513227513,0.2115424559222432,0.7227392955514795,0,0,0.7010940170002868,0.21910188300171285,UWaveGestureLibraryAll,1838
7,7,0.2,hydra,tshap_centroid,0.4,0.5714285714285714,0.08571428571428572,0.6221820362920649,0.7126112975599038,0,0,0.7010940170002868,0.21910188300171285,UWaveGestureLibraryAll,1838
7,7,0.05,hydra,tshap_zero,0.0,0.0,0.050793650793650794,0.012386563815710572,-0.059814037536718434,0,0,0.7010940170002868,0.22410309900078573,UWaveGestureLibraryAll,1838
7,7,0.1,hydra,tshap_zero,0.3722627737226277,0.5425531914893617,0.0455026455026455,0.2115424559222432,0.028977657467470497,0,0,0.7010940170002868,0.22410309900078573,UWaveGestureLibraryAll,1838
7,7,0.2,hydra,tshap_zero,0.37454545454545457,0.544973544973545,0.091005291005291,0.6221820362920649,0.05591521703824509,0,0,0.7010940170002868,0.22410309900078573,UWaveGestureLibraryAll,1838
7,7,0.05,hydra,mrsqm,0.0,0.0,0.6201058201058202,0.012386563815710572,-0.05300641917590743,0,0,0.7010940170002868,2.9094000637996942e-05,UWaveGestureLibraryAll,1838
7,7,0.1,hydra,mrsqm,0.0,0.0,0.5989417989417989,0.2115424559222432,0.11287901145715962,0,0,0.7010940170002868,2.9094000637996942e-05,UWaveGestureLibraryAll,1838
7,7,0.2,hydra,mrsqm,0.0,0.0,0.5322751322751322,0.6221820362920649,0.48412210953080015,0,0,0.7010940170002868,2.9094000637996942e-05,UWaveGestureLibraryAll,1838
7,7,0.05,shapley_sampling,feature_ablation,1.0,1.0,0.0,0.28518930495202444,0.285189284557708,0,0,1.1466239110013703,0.04757400100061204,UWaveGestureLibraryAll,1838
7,7,0.1,shapley_sampling,feature_ablation,1.0,1.0,0.0,0.4648643895166651,0.46486440354318903,0,0,1.1466239110013703,0.04757400100061204,UWaveGestureLibraryAll,1838
7,7,0.2,shapley_sampling,feature_ablation,0.5949367088607594,0.746031746031746,0.050793650793650794,0.5746334220294571,0.4403773746571873,0,0,1.1466239110013703,0.04757400100061204,UWaveGestureLibraryAll,1838
7,7,0.05,shapley_sampling,tshap_centroid,0.0,0.0,0.2518518518518518,0.28518930495202444,0.3784216475742177,0,0,1.1466239110013703,0.21910188300171285,UWaveGestureLibraryAll,1838
7,7,0.1,shapley_sampling,tshap_centroid,0.0,0.0,0.2275132275132275,0.4648643895166651,0.7227392955514795,0,0,1.1466239110013703,0.21910188300171285,UWaveGestureLibraryAll,1838
7,7,0.2,shapley_sampling,tshap_centroid,0.0,0.0,0.25502645502645505,0.5746334220294571,0.7126112975599038,0,0,1.1466239110013703,0.21910188300171285,UWaveGestureLibraryAll,1838
7,7,0.05,shapley_sampling,tshap_zero,0.0,0.0,0.13015873015873017,0.28518930495202444,-0.059814037536718434,0,0,1.1466239110013703,0.22410309900078573,UWaveGestureLibraryAll,1838
7,7,0.1,shapley_sampling,tshap_zero,0.0,0.0,0.10687830687830688,0.4648643895166651,0.028977657467470497,0,0,1.1466239110013703,0.22410309900078573,UWaveGestureLibraryAll,1838
7,7,0.2,shapley_sampling,tshap_zero,0.4372623574144487,0.6084656084656085,0.07830687830687831,0.5746334220294571,0.05591521703824509,0,0,1.1466239110013703,0.22410309900078573,UWaveGestureLibraryAll,1838
7,7,0.05,shapley_sampling,mrsqm,0.0,0.0,0.801058201058201,0.28518930495202444,-0.05300641917590743,0,0,1.1466239110013703,2.9094000637996942e-05,UWaveGestureLibraryAll,1838
7,7,0.1,shapley_sampling,mrsqm,0.0,0.0,0.7513227513227513,0.4648643895166651,0.11287901145715962,0,0,1.1466239110013703,2.9094000637996942e-05,UWaveGestureLibraryAll,1838
7,7,0.2,shapley_sampling,mrsqm,0.0,0.0,0.7015873015873015,0.5746334220294571,0.48412210953080015,0,0,1.1466239110013703,2.9094000637996942e-05,UWaveGestureLibraryAll,1838
7,7,0.05,feature_ablation,tshap_centroid,0.0,0.0,0.2518518518518518,0.285189284557708,0.3784216475742177,0,0,0.04757400100061204,0.21910188300171285,UWaveGestureLibraryAll,1838
7,7,0.1,feature_ablation,tshap_centroid,0.0,0.0,0.2275132275132275,0.46486440354318903,0.7227392955514795,0,0,0.04757400100061204,0.21910188300171285,UWaveGestureLibraryAll,1838
7,7,0.2,feature_ablation,tshap_centroid,0.0,0.0,0.20423280423280424,0.4403773746571873,0.7126112975599038,0,0,0.04757400100061204,0.21910188300171285,UWaveGestureLibraryAll,1838
7,7,0.05,feature_ablation,tshap_zero,0.0,0.0,0.13015873015873017,0.285189284557708,-0.059814037536718434,0,0,0.04757400100061204,0.22410309900078573,UWaveGestureLibraryAll,1838
7,7,0.1,feature_ablation,tshap_zero,0.0,0.0,0.10687830687830688,0.46486440354318903,0.028977657467470497,0,0,0.04757400100061204,0.22410309900078573,UWaveGestureLibraryAll,1838
7,7,0.2,feature_ablation,tshap_zero,0.7581395348837209,0.8624338624338624,0.027513227513227514,0.4403773746571873,0.05591521703824509,0,0,0.04757400100061204,0.22410309900078573,UWaveGestureLibraryAll,1838
7,7,0.05,feature_ablation,mrsqm,0.0,0.0,0.801058201058201,0.285189284557708,-0.05300641917590743,0,0,0.04757400100061204,2.9094000637996942e-05,UWaveGestureLibraryAll,1838
7,7,0.1,feature_ablation,mrsqm,0.0,0.0,0.7513227513227513,0.46486440354318903,0.11287901145715962,0,0,0.04757400100061204,2.9094000637996942e-05,UWaveGestureLibraryAll,1838
7,7,0.2,feature_ablation,mrsqm,0.0,0.0,0.6507936507936508,0.4403773746571873,0.48412210953080015,0,0,0.04757400100061204,2.9094000637996942e-05,UWaveGestureLibraryAll,1838
7,7,0.05,tshap_centroid,tshap_zero,0.0,0.0,0.12169312169312169,0.3784216475742177,-0.059814037536718434,0,0,0.21910188300171285,0.22410309900078573,UWaveGestureLibraryAll,1838
7,7,0.1,tshap_centroid,tshap_zero,0.0,0.0,0.12063492063492064,0.7227392955514795,0.028977657467470497,0,0,0.21910188300171285,0.22410309900078573,UWaveGestureLibraryAll,1838
7,7,0.2,tshap_centroid,tshap_zero,0.06179775280898876,0.1164021164021164,0.17671957671957672,0.7126112975599038,0.05591521703824509,0,0,0.21910188300171285,0.22410309900078573,UWaveGestureLibraryAll,1838
7,7,0.05,tshap_centroid,mrsqm,0.0,0.0,0.5492063492063493,0.3784216475742177,-0.05300641917590743,0,0,0.21910188300171285,2.9094000637996942e-05,UWaveGestureLibraryAll,1838
7,7,0.1,tshap_centroid,mrsqm,0.0,0.0,0.5238095238095238,0.7227392955514795,0.11287901145715962,0,0,0.21910188300171285,2.9094000637996942e-05,UWaveGestureLibraryAll,1838
7,7,0.2,tshap_centroid,mrsqm,0.0,0.0,0.44656084656084655,0.7126112975599038,0.48412210953080015,0,0,0.21910188300171285,2.9094000637996942e-05,UWaveGestureLibraryAll,1838
7,7,0.05,tshap_zero,mrsqm,0.0,0.0,0.6708994708994709,-0.059814037536718434,-0.05300641917590743,0,0,0.22410309900078573,2.9094000637996942e-05,UWaveGestureLibraryAll,1838
7,7,0.1,tshap_zero,mrsqm,0.0,0.0,0.6444444444444445,0.028977657467470497,0.11287901145715962,0,0,0.22410309900078573,2.9094000637996942e-05,UWaveGestureLibraryAll,1838
7,7,0.2,tshap_zero,mrsqm,0.0,0.0,0.6232804232804233,0.05591521703824509,0.48412210953080015,0,0,0.22410309900078573,2.9094000637996942e-05,UWaveGestureLibraryAll,1838
7,7,0.05,hydra,shapley_sampling,0.0,0.0,0.3439153439153439,0.10608562410230338,0.2070960795214083,0,0,0.7004648609981814,1.1493052939986228,UWaveGestureLibraryAll,1545
7,7,0.1,hydra,shapley_sampling,0.9583333333333334,0.9787234042553191,0.0021164021164021165,0.30075691671811033,0.26066429219748355,0,0,0.7004648609981814,1.1493052939986228,UWaveGestureLibraryAll,1545
7,7,0.2,hydra,shapley_sampling,0.0,0.0,0.38095238095238093,0.7035510557475825,0.8941467445086647,0,0,0.7004648609981814,1.1493052939986228,UWaveGestureLibraryAll,1545
7,7,0.05,hydra,feature_ablation,0.0,0.0,0.3439153439153439,0.10608562410230338,0.20709612451208592,0,0,0.7004648609981814,0.048803598001541104,UWaveGestureLibraryAll,1545
7,7,0.1,hydra,feature_ablation,0.0,0.0,0.3470899470899471,0.30075691671811033,0.4626493708083863,0,0,0.7004648609981814,0.048803598001541104,UWaveGestureLibraryAll,1545
7,7,0.2,hydra,feature_ablation,0.0,0.0,0.38095238095238093,0.7035510557475825,0.8941467633576321,0,0,0.7004648609981814,0.048803598001541104,UWaveGestureLibraryAll,1545
7,7,0.05,hydra,tshap_centroid,0.23684210526315788,0.3829787234042553,0.030687830687830688,0.10608562410230338,0.27566348934145113,0,0,0.7004648609981814,0.21836224900107482,UWaveGestureLibraryAll,1545
7,7,0.1,hydra,tshap_centroid,0.4461538461538462,0.6170212765957447,0.0380952380952381,0.30075691671811033,0.3970474424773376,0,0,0.7004648609981814,0.21836224900107482,UWaveGestureLibraryAll,1545
7,7,0.2,hydra,tshap_centroid,0.75,0.8571428571428571,0.02857142857142857,0.7035510557475825,0.7767181456364466,0,0,0.7004648609981814,0.21836224900107482,UWaveGestureLibraryAll,1545
7,7,0.05,hydra,tshap_zero,0.0,0.0,0.19576719576719576,0.10608562410230338,-0.1406854202238388,0,0,0.7004648609981814,0.22619328899963875,UWaveGestureLibraryAll,1545
7,7,0.1,hydra,tshap_zero,0.0,0.0,0.18306878306878308,0.30075691671811033,-0.22514333892097138,0,0,0.7004648609981814,0.22619328899963875,UWaveGestureLibraryAll,1545
7,7,0.2,hydra,tshap_zero,0.0,0.0,0.5566137566137566,0.7035510557475825,0.08236873022579827,0,0,0.7004648609981814,0.22619328899963875,UWaveGestureLibraryAll,1545
7,7,0.05,hydra,mrsqm,0.0,0.0,0.10899470899470899,0.10608562410230338,0.0670492155604081,0,0,0.7004648609981814,2.9275000997586176e-05,UWaveGestureLibraryAll,1545
7,7,0.1,hydra,mrsqm,0.0,0.0,0.10582010582010581,0.30075691671811033,0.38030107308146177,0,0,0.7004648609981814,2.9275000997586176e-05,UWaveGestureLibraryAll,1545
7,7,0.2,hydra,mrsqm,0.8,0.8888888888888888,0.022222222222222223,0.7035510557475825,0.5031873513476011,0,0,0.7004648609981814,2.9275000997586176e-05,UWaveGestureLibraryAll,1545
7,7,0.05,shapley_sampling,feature_ablation,1.0,1.0,0.0,0.2070960795214083,0.20709612451208592,0,0,1.1493052939986228,0.048803598001541104,UWaveGestureLibraryAll,1545
7,7,0.1,shapley_sampling,feature_ablation,0.0,0.0,0.3492063492063492,0.26066429219748355,0.4626493708083863,0,0,1.1493052939986228,0.048803598001541104,UWaveGestureLibraryAll,1545
7,7,0.2,shapley_sampling,feature_ablation,1.0,1.0,0.0,0.8941467445086647,0.8941467633576321,0,0,1.1493052939986228,0.048803598001541104,UWaveGestureLibraryAll,1545
7,7,0.05,shapley_sampling,tshap_centroid,0.0,0.0,0.3746031746031746,0.2070960795214083,0.27566348934145113,0,0,1.1493052939986228,0.21836224900107482,UWaveGestureLibraryAll,1545
7,7,0.1,shapley_sampling,tshap_centroid,0.46875,0.6382978723404256,0.03597883597883598,0.26066429219748355,0.3970474424773376,0,0,1.1493052939986228,0.21836224900107482,UWaveGestureLibraryAll,1545
7,7,0.2,shapley_sampling,tshap_centroid,0.0,0.0,0.3523809523809524,0.8941467445086647,0.7767181456364466,0,0,1.1493052939986228,0.21836224900107482,UWaveGestureLibraryAll,1545
7,7,0.05,shapley_sampling,tshap_zero,0.0,0.0,0.14814814814814814,0.2070960795214083,-0.1406854202238388,0,0,1.1493052939986228,0.22619328899963875,UWaveGestureLibraryAll,1545
7,7,0.1,shapley_sampling,tshap_zero,0.0,0.0,0.18518518518518517,0.26066429219748355,-0.22514333892097138,0,0,1.1493052939986228,0.22619328899963875,UWaveGestureLibraryAll,1545
7,7,0.2,shapley_sampling,tshap_zero,0.0647887323943662,0.12169312169312169,0.17566137566137566,0.8941467445086647,0.08236873022579827,0,0,1.1493052939986228,0.22619328899963875,UWaveGestureLibraryAll,1545
7,7,0.05,shapley_sampling,mrsqm,0.0,0.0,0.45291005291005293,0.2070960795214083,0.0670492155604081,0,0,1.1493052939986228,2.9275000997586176e-05,UWaveGestureLibraryAll,1545
7,7,0.1,shapley_sampling,mrsqm,0.0,0.0,0.1037037037037037,0.26066429219748355,0.38030107308146177,0,0,1.1493052939986228,2.9275000997586176e-05,UWaveGestureLibraryAll,1545
7,7,0.2,shapley_sampling,mrsqm,0.0,0.0,0.4031746031746032,0.8941467445086647,0.5031873513476011,0,0,1.1493052939986228,2.9275000997586176e-05,UWaveGestureLibraryAll,1545
7,7,0.05,feature_ablation,tshap_centroid,0.0,0.0,0.3746031746031746,0.20709612451208592,0.27566348934145113,0,0,0.048803598001541104,0.21836224900107482,UWaveGestureLibraryAll,1545
7,7,0.1,feature_ablation,tshap_centroid,0.0,0.0,0.3851851851851852,0.4626493708083863,0.3970474424773376,0,0,0.048803598001541104,0.21836224900107482,UWaveGestureLibraryAll,1545
7,7,0.2,feature_ablation,tshap_centroid,0.0,0.0,0.3523809523809524,0.8941467633576321,0.7767181456364466,0,0,0.048803598001541104,0.21836224900107482,UWaveGestureLibraryAll,1545
7,7,0.05,feature_ablation,tshap_zero,0.0,0.0,0.14814814814814814,0.20709612451208592,-0.1406854202238388,0,0,0.048803598001541104,0.22619328899963875,UWaveGestureLibraryAll,1545
7,7,0.1,feature_ablation,tshap_zero,0.0,0.0,0.164021164021164,0.4626493708083863,-0.22514333892097138,0,0,0.048803598001541104,0.22619328899963875,UWaveGestureLibraryAll,1545
7,7,0.2,feature_ablation,tshap_zero,0.0647887323943662,0.12169312169312169,0.17566137566137566,0.8941467633576321,0.08236873022579827,0,0,0.048803598001541104,0.22619328899963875,UWaveGestureLibraryAll,1545
7,7,0.05,feature_ablation,mrsqm,0.0,0.0,0.45291005291005293,0.20709612451208592,0.0670492155604081,0,0,0.048803598001541104,2.9275000997586176e-05,UWaveGestureLibraryAll,1545
7,7,0.1,feature_ablation,mrsqm,0.0,0.0,0.45291005291005293,0.4626493708083863,0.38030107308146177,0,0,0.048803598001541104,2.9275000997586176e-05,UWaveGestureLibraryAll,1545
7,7,0.2,feature_ablation,mrsqm,0.0,0.0,0.4031746031746032,0.8941467633576321,0.5031873513476011,0,0,0.048803598001541104,2.9275000997586176e-05,UWaveGestureLibraryAll,1545
7,7,0.05,tshap_centroid,tshap_zero,0.0,0.0,0.22645502645502646,0.27566348934145113,-0.1406854202238388,0,0,0.21836224900107482,0.22619328899963875,UWaveGestureLibraryAll,1545
7,7,0.1,tshap_centroid,tshap_zero,0.0,0.0,0.22116402116402117,0.3970474424773376,-0.22514333892097138,0,0,0.21836224900107482,0.22619328899963875,UWaveGestureLibraryAll,1545
7,7,0.2,tshap_centroid,tshap_zero,0.0,0.0,0.5280423280423281,0.7767181456364466,0.08236873022579827,0,0,0.21836224900107482,0.22619328899963875,UWaveGestureLibraryAll,1545
7,7,0.05,tshap_centroid,mrsqm,0.0,0.0,0.07830687830687831,0.27566348934145113,0.0670492155604081,0,0,0.21836224900107482,2.9275000997586176e-05,UWaveGestureLibraryAll,1545
7,7,0.1,tshap_centroid,mrsqm,0.189873417721519,0.3191489361702128,0.06772486772486773,0.3970474424773376,0.38030107308146177,0,0,0.21836224900107482,2.9275000997586176e-05,UWaveGestureLibraryAll,1545
7,7,0.2,tshap_centroid,mrsqm,0.5949367088607594,0.746031746031746,0.050793650793650794,0.7767181456364466,0.5031873513476011,0,0,0.21836224900107482,2.9275000997586176e-05,UWaveGestureLibraryAll,1545
7,7,0.05,tshap_zero,mrsqm,0.0,0.0,0.3047619047619048,-0.1406854202238388,0.0670492155604081,0,0,0.22619328899963875,2.9275000997586176e-05,UWaveGestureLibraryAll,1545
7,7,0.1,tshap_zero,mrsqm,0.0,0.0,0.28888888888888886,-0.22514333892097138,0.38030107308146177,0,0,0.22619328899963875,2.9275000997586176e-05,UWaveGestureLibraryAll,1545
7,7,0.2,tshap_zero,mrsqm,0.0,0.0,0.5788359788359788,0.08236873022579827,0.5031873513476011,0,0,0.22619328899963875,2.9275000997586176e-05,UWaveGestureLibraryAll,1545
1,1,0.05,hydra,shapley_sampling,0.0,0.0,0.182010582010582,0.19980334770195052,0.317340877049582,0,0,0.7093123759987066,1.159305041001062,UWaveGestureLibraryAll,307
1,1,0.1,hydra,shapley_sampling,0.7735849056603774,0.8723404255319149,0.012698412698412698,0.502001398194738,0.4901793877073287,0,0,0.7093123759987066,1.159305041001062,UWaveGestureLibraryAll,307
1,1,0.2,hydra,shapley_sampling,0.20766773162939298,0.3439153439153439,0.1312169312169312,0.4338303557359626,0.4256454094788118,0,0,0.7093123759987066,1.159305041001062,UWaveGestureLibraryAll,307
1,1,0.05,hydra,feature_ablation,0.0,0.0,0.182010582010582,0.19980334770195052,0.3173408543080407,0,0,0.7093123759987066,0.04836232700108667,UWaveGestureLibraryAll,307
1,1,0.1,hydra,feature_ablation,0.23684210526315788,0.3829787234042553,0.061375661375661375,0.502001398194738,0.395070412691815,0,0,0.7093123759987066,0.04836232700108667,UWaveGestureLibraryAll,307
1,1,0.2,hydra,feature_ablation,0.20766773162939298,0.3439153439153439,0.1312169312169312,0.4338303557359626,0.42564539252294953,0,0,0.7093123759987066,0.04836232700108667,UWaveGestureLibraryAll,307
1,1,0.05,hydra,tshap_centroid,0.0,0.0,0.16296296296296298,0.19980334770195052,0.34569641934900797,0,0,0.7093123759987066,0.2219227099994896,UWaveGestureLibraryAll,307
1,1,0.1,hydra,tshap_centroid,0.8613861386138614,0.925531914893617,0.007407407407407408,0.502001398194738,0.4917177371361977,0,0,0.7093123759987066,0.2219227099994896,UWaveGestureLibraryAll,307
1,1,0.2,hydra,tshap_centroid,0.68,0.8095238095238095,0.0380952380952381,0.4338303557359626,0.43686338753290654,0,0,0.7093123759987066,0.2219227099994896,UWaveGestureLibraryAll,307
1,1,0.05,hydra,tshap_zero,0.0,0.0,0.15978835978835979,0.19980334770195052,0.33760191953010943,0,0,0.7093123759987066,0.228810822001833,UWaveGestureLibraryAll,307
1,1,0.1,hydra,tshap_zero,0.8613861386138614,0.925531914893617,0.007407407407407408,0.502001398194738,0.4917177507399859,0,0,0.7093123759987066,0.228810822001833,UWaveGestureLibraryAll,307
1,1,0.2,hydra,tshap_zero,0.5365853658536586,0.6984126984126984,0.06031746031746032,0.4338303557359626,0.4838732742019197,0,0,0.7093123759987066,0.228810822001833,UWaveGestureLibraryAll,307
1,1,0.05,hydra,mrsqm,0.0,0.0,0.28359788359788357,0.19980334770195052,0.010476420764467198,0,0,0.7093123759987066,2.749199848040007e-05,UWaveGestureLibraryAll,307
1,1,0.1,hydra,mrsqm,0.0,0.0,0.11428571428571428,0.502001398194738,-0.0069999865763232805,0,0,0.7093123759987066,2.749199848040007e-05,UWaveGestureLibraryAll,307
1,1,0.2,hydra,mrsqm,0.1962025316455696,0.328042328042328,0.1343915343915344,0.4338303557359626,0.40683973553376696,0,0,0.7093123759987066,2.749199848040007e-05,UWaveGestureLibraryAll,307
1,1,0.05,shapley_sampling,feature_ablation,1.0,1.0,0.0,0.317340877049582,0.3173408543080407,0,0,1.159305041001062,0.04836232700108667,UWaveGestureLibraryAll,307
1,1,0.1,shapley_sampling,feature_ablation,0.34285714285714286,0.5106382978723404,0.04867724867724868,0.4901793877073287,0.395070412691815,0,0,1.159305041001062,0.04836232700108667,UWaveGestureLibraryAll,307
1,1,0.2,shapley_sampling,feature_ablation,1.0,1.0,0.0,0.4256454094788118,0.42564539252294953,0,0,1.159305041001062,0.04836232700108667,UWaveGestureLibraryAll,307
1,1,0.05,shapley_sampling,tshap_centroid,0.4461538461538462,0.6170212765957447,0.01904761904761905,0.317340877049582,0.34569641934900797,0,0,1.159305041001062,0.2219227099994896,UWaveGestureLibraryAll,307
1,1,0.1,shapley_sampling,tshap_centroid,0.898989898989899,0.9468085106382979,0.005291005291005291,0.4901793877073287,0.4917177371361977,0,0,1.159305041001062,0.2219227099994896,UWaveGestureLibraryAll,307
1,1,0.2,shapley_sampling,tshap_centroid,0.36462093862815886,0.5343915343915344,0.09312169312169312,0.4256454094788118,0.43686338753290654,0,0,1.159305041001062,0.2219227099994896,UWaveGestureLibraryAll,307
1,1,0.05,shapley_sampling,tshap_zero,0.38235294117647056,0.5531914893617021,0.022222222222222223,0.317340877049582,0.33760191953010943,0,0,1.159305041001062,0.228810822001833,UWaveGestureLibraryAll,307
1,1,0.1,shapley_sampling,tshap_zero,0.898989898989899,0.9468085106382979,0.005291005291005291,0.4901793877073287,0.4917177507399859,0,0,1.159305041001062,0.228810822001833,UWaveGestureLibraryAll,307
1,1,0.2,shapley_sampling,tshap_zero,0.4765625,0.6455026455026455,0.07089947089947089,0.4256454094788118,0.4838732742019197,0,0,1.159305041001062,0.228810822001833,UWaveGestureLibraryAll,307
1,1,0.05,shapley_sampling,mrsqm,0.0,0.0,0.10158730158730159,0.317340877049582,0.010476420764467198,0,0,1.159305041001062,2.749199848040007e-05,UWaveGestureLibraryAll,307
1,1,0.1,shapley_sampling,mrsqm,0.0,0.0,0.10158730158730159,0.4901793877073287,-0.0069999865763232805,0,0,1.159305041001062,2.749199848040007e-05,UWaveGestureLibraryAll,307
1,1,0.2,shapley_sampling,mrsqm,0.96875,0.9841269841269841,0.0031746031746031746,0.4256454094788118,0.40683973553376696,0,0,1.159305041001062,2.749199848040007e-05,UWaveGestureLibraryAll,307
1,1,0.05,feature_ablation,tshap_centroid,0.4461538461538462,0.6170212765957447,0.01904761904761905,0.3173408543080407,0.34569641934900797,0,0,0.04836232700108667,0.2219227099994896,UWaveGestureLibraryAll,307
1,1,0.1,feature_ablation,tshap_centroid,0.296551724137931,0.4574468085106383,0.05396825396825397,0.395070412691815,0.4917177371361977,0,0,0.04836232700108667,0.2219227099994896,UWaveGestureLibraryAll,307
1,1,0.2,feature_ablation,tshap_centroid,0.36462093862815886,0.5343915343915344,0.09312169312169312,0.42564539252294953,0.43686338753290654,0,0,0.04836232700108667,0.2219227099994896,UWaveGestureLibraryAll,307
1,1,0.05,feature_ablation,tshap_zero,0.38235294117647056,0.5531914893617021,0.022222222222222223,0.3173408543080407,0.33760191953010943,0,0,0.04836232700108667,0.228810822001833,UWaveGestureLibraryAll,307
1,1,0.1,feature_ablation,tshap_zero,0.296551724137931,0.4574468085106383,0.05396825396825397,0.395070412691815,0.4917177507399859,0,0,0.04836232700108667,0.228810822001833,UWaveGestureLibraryAll,307
1,1,0.2,feature_ablation,tshap_zero,0.4765625,0.6455026455026455,0.07089947089947089,0.42564539252294953,0.4838732742019197,0,0,0.04836232700108667,0.228810822001833,UWaveGestureLibraryAll,307
1,1,0.05,feature_ablation,mrsqm,0.0,0.0,0.10158730158730159,0.3173408543080407,0.010476420764467198,0,0,0.04836232700108667,2.749199848040007e-05,UWaveGestureLibraryAll,307
1,1,0.1,feature_ablation,mrsqm,0.3055555555555556,0.46808510638297873,0.05291005291005291,0.395070412691815,-0.0069999865763232805,0,0,0.04836232700108667,2.749199848040007e-05,UWaveGestureLibraryAll,307
1,1,0.2,feature_ablation,mrsqm,0.96875,0.9841269841269841,0.0031746031746031746,0.42564539252294953,0.40683973553376696,0,0,0.04836232700108667,2.749199848040007e-05,UWaveGestureLibraryAll,307
1,1,0.05,tshap_centroid,tshap_zero,0.88,0.9361702127659575,0.0031746031746031746,0.34569641934900797,0.33760191953010943,0,0,0.2219227099994896,0.228810822001833,UWaveGestureLibraryAll,307
1,1,0.1,tshap_centroid,tshap_zero,1.0,1.0,0.0,0.4917177371361977,0.4917177507399859,0,0,0.2219227099994896,0.228810822001833,UWaveGestureLibraryAll,307
1,1,0.2,tshap_centroid,tshap_zero,0.8,0.8888888888888888,0.022222222222222223,0.43686338753290654,0.4838732742019197,0,0,0.2219227099994896,0.228810822001833,UWaveGestureLibraryAll,307
1,1,0.05,tshap_centroid,mrsqm,0.0,0.0,0.12063492063492064,0.34569641934900797,0.010476420764467198,0,0,0.2219227099994896,2.749199848040007e-05,UWaveGestureLibraryAll,307
1,1,0.1,tshap_centroid,mrsqm,0.0,0.0,0.10687830687830688,0.4917177371361977,-0.0069999865763232805,0,0,0.2219227099994896,2.749199848040007e-05,UWaveGestureLibraryAll,307
1,1,0.2,tshap_centroid,mrsqm,0.35,0.5185185185185185,0.0962962962962963,0.43686338753290654,0.40683973553376696,0,0,0.2219227099994896,2.749199848040007e-05,UWaveGestureLibraryAll,307
1,1,0.05,tshap_zero,mrsqm,0.0,0.0,0.12380952380952381,0.33760191953010943,0.010476420764467198,0,0,0.228810822001833,2.749199848040007e-05,UWaveGestureLibraryAll,307
1,1,0.1,tshap_zero,mrsqm,0.0,0.0,0.10687830687830688,0.4917177507399859,-0.0069999865763232805,0,0,0.228810822001833,2.749199848040007e-05,UWaveGestureLibraryAll,307
1,1,0.2,tshap_zero,mrsqm,0.4594594594594595,0.6296296296296297,0.07407407407407407,0.4838732742019197,0.40683973553376696,0,0,0.228810822001833,2.749199848040007e-05,UWaveGestureLibraryAll,307
4,4,0.05,hydra,shapley_sampling,0.0,0.0,0.34814814814814815,0.07177003208359478,0.2678413766237919,0,0,0.7153760729997884,1.1809083959997224,UWaveGestureLibraryAll,1617
4,4,0.1,hydra,shapley_sampling,0.0,0.0,0.30158730158730157,0.20103816272616637,0.4182228276898208,0,0,0.7153760729997884,1.1809083959997224,UWaveGestureLibraryAll,1617
4,4,0.2,hydra,shapley_sampling,0.42641509433962266,0.5978835978835979,0.08042328042328042,0.10604358075409093,-0.2502099761564265,0,0,0.7153760729997884,1.1809083959997224,UWaveGestureLibraryAll,1617
4,4,0.05,hydra,feature_ablation,0.0,0.0,0.34814814814814815,0.07177003208359478,0.26784136282744564,0,0,0.7153760729997884,0.049697432998073054,UWaveGestureLibraryAll,1617
4,4,0.1,hydra,feature_ablation,0.0,0.0,0.30158730158730157,0.20103816272616637,0.41822281357406643,0,0,0.7153760729997884,0.049697432998073054,UWaveGestureLibraryAll,1617
4,4,0.2,hydra,feature_ablation,0.0,0.0,0.3216931216931217,0.10604358075409093,0.7072217540959356,0,0,0.7153760729997884,0.049697432998073054,UWaveGestureLibraryAll,1617
4,4,0.05,hydra,tshap_centroid,0.0,0.0,0.42857142857142855,0.07177003208359478,0.09863745432891591,0,0,0.7153760729997884,0.23029929699987406,UWaveGestureLibraryAll,1617
4,4,0.1,hydra,tshap_centroid,0.0,0.0,0.4084656084656085,0.20103816272616637,0.07051726362601718,0,0,0.7153760729997884,0.23029929699987406,UWaveGestureLibraryAll,1617
4,4,0.2,hydra,tshap_centroid,0.0,0.0,0.44656084656084655,0.10604358075409093,0.14023165655638659,0,0,0.7153760729997884,0.23029929699987406,UWaveGestureLibraryAll,1617
4,4,0.05,hydra,tshap_zero,0.0,0.0,0.5851851851851851,0.07177003208359478,0.19706913417642058,0,0,0.7153760729997884,0.23291527699984726,UWaveGestureLibraryAll,1617
4,4,0.1,hydra,tshap_zero,0.0,0.0,0.562962962962963,0.20103816272616637,0.5508257649319055,0,0,0.7153760729997884,0.23291527699984726,UWaveGestureLibraryAll,1617
4,4,0.2,hydra,tshap_zero,0.0,0.0,0.6306878306878307,0.10604358075409093,0.7767226920765884,0,0,0.7153760729997884,0.23291527699984726,UWaveGestureLibraryAll,1617
4,4,0.05,hydra,mrsqm,0.0,0.0,0.20423280423280424,0.07177003208359478,-0.08954829320527136,0,0,0.7153760729997884,2.9024999093962833e-05,UWaveGestureLibraryAll,1617
4,4,0.1,hydra,mrsqm,0.0,0.0,0.20105820105820105,0.20103816272616637,-0.06775458118599409,0,0,0.7153760729997884,2.9024999093962833e-05,UWaveGestureLibraryAll,1617
4,4,0.2,hydra,mrsqm,0.42641509433962266,0.5978835978835979,0.08042328042328042,0.10604358075409093,-0.25020999079502326,0,0,0.7153760729997884,2.9024999093962833e-05,UWaveGestureLibraryAll,1617
4,4,0.05,shapley_sampling,feature_ablation,1.0,1.0,0.0,0.2678413766237919,0.26784136282744564,0,0,1.1809083959997224,0.049697432998073054,UWaveGestureLibraryAll,1617
4,4,0.1,shapley_sampling,feature_ablation,1.0,1.0,0.0,0.4182228276898208,0.41822281357406643,0,0,1.1809083959997224,0.049697432998073054,UWaveGestureLibraryAll,1617
4,4,0.2,shapley_sampling,feature_ablation,0.0,0.0,0.4021164021164021,-0.2502099761564265,0.7072217540959356,0,0,1.1809083959997224,0.049697432998073054,UWaveGestureLibraryAll,1617
4,4,0.05,shapley_sampling,tshap_centroid,0.0,0.0,0.08042328042328042,0.2678413766237919,0.09863745432891591,0,0,1.1809083959997224,0.23029929699987406,UWaveGestureLibraryAll,1617
4,4,0.1,shapley_sampling,tshap_centroid,0.0,0.0,0.10687830687830688,0.4182228276898208,0.07051726362601718,0,0,1.1809083959997224,0.23029929699987406,UWaveGestureLibraryAll,1617
4,4,0.2,shapley_sampling,tshap_centroid,0.0,0.0,0.526984126984127,-0.2502099761564265,0.14023165655638659,0,0,1.1809083959997224,0.23029929699987406,UWaveGestureLibraryAll,1617
4,4,0.05,shapley_sampling,tshap_zero,0.0,0.0,0.23703703703703705,0.2678413766237919,0.19706913417642058,0,0,1.1809083959997224,0.23291527699984726,UWaveGestureLibraryAll,1617
4,4,0.1,shapley_sampling,tshap_zero,0.0,0.0,0.2613756613756614,0.4182228276898208,0.5508257649319055,0,0,1.1809083959997224,0.23291527699984726,UWaveGestureLibraryAll,1617
4,4,0.2,shapley_sampling,tshap_zero,0.0,0.0,0.7111111111111111,-0.2502099761564265,0.7767226920765884,0,0,1.1809083959997224,0.23291527699984726,UWaveGestureLibraryAll,1617
4,4,0.05,shapley_sampling,mrsqm,0.0,0.0,0.5523809523809524,0.2678413766237919,-0.08954829320527136,0,0,1.1809083959997224,2.9024999093962833e-05,UWaveGestureLibraryAll,1617
4,4,0.1,shapley_sampling,mrsqm,0.0,0.0,0.5026455026455027,0.4182228276898208,-0.06775458118599409,0,0,1.1809083959997224,2.9024999093962833e-05,UWaveGestureLibraryAll,1617
4,4,0.2,shapley_sampling,mrsqm,1.0,1.0,0.0,-0.2502099761564265,-0.25020999079502326,0,0,1.1809083959997224,2.9024999093962833e-05,UWaveGestureLibraryAll,1617
4,4,0.05,feature_ablation,tshap_centroid,0.0,0.0,0.08042328042328042,0.26784136282744564,0.09863745432891591,0,0,0.049697432998073054,0.23029929699987406,UWaveGestureLibraryAll,1617
4,4,0.1,feature_ablation,tshap_centroid,0.0,0.0,0.10687830687830688,0.41822281357406643,0.07051726362601718,0,0,0.049697432998073054,0.23029929699987406,UWaveGestureLibraryAll,1617
4,4,0.2,feature_ablation,tshap_centroid,0.23127035830618892,0.37566137566137564,0.12486772486772486,0.7072217540959356,0.14023165655638659,0,0,0.049697432998073054,0.23029929699987406,UWaveGestureLibraryAll,1617
4,4,0.05,feature_ablation,tshap_zero,0.0,0.0,0.23703703703703705,0.26784136282744564,0.19706913417642058,0,0,0.049697432998073054,0.23291527699984726,UWaveGestureLibraryAll,1617
4,4,0.1,feature_ablation,tshap_zero,0.0,0.0,0.2613756613756614,0.41822281357406643,0.5508257649319055,0,0,0.049697432998073054,0.23291527699984726,UWaveGestureLibraryAll,1617
4,4,0.2,feature_ablation,tshap_zero,0.0,0.0,0.308994708994709,0.7072217540959356,0.7767226920765884,0,0,0.049697432998073054,0.23291527699984726,UWaveGestureLibraryAll,1617
4,4,0.05,feature_ablation,mrsqm,0.0,0.0,0.5523809523809524,0.26784136282744564,-0.08954829320527136,0,0,0.049697432998073054,2.9024999093962833e-05,UWaveGestureLibraryAll,1617
4,4,0.1,feature_ablation,mrsqm,0.0,0.0,0.5026455026455027,0.41822281357406643,-0.06775458118599409,0,0,0.049697432998073054,2.9024999093962833e-05,UWaveGestureLibraryAll,1617
4,4,0.2,feature_ablation,mrsqm,0.0,0.0,0.4021164021164021,0.7072217540959356,-0.25020999079502326,0,0,0.049697432998073054,2.9024999093962833e-05,UWaveGestureLibraryAll,1617
4,4,0.05,tshap_centroid,tshap_zero,0.0,0.0,0.15661375661375662,0.09863745432891591,0.19706913417642058,0,0,0.23029929699987406,0.23291527699984726,UWaveGestureLibraryAll,1617
4,4,0.1,tshap_centroid,tshap_zero,0.0,0.0,0.1544973544973545,0.07051726362601718,0.5508257649319055,0,0,0.23029929699987406,0.23291527699984726,UWaveGestureLibraryAll,1617
4,4,0.2,tshap_centroid,tshap_zero,0.04132231404958678,0.07936507936507936,0.18412698412698414,0.14023165655638659,0.7767226920765884,0,0,0.23029929699987406,0.23291527699984726,UWaveGestureLibraryAll,1617
4,4,0.05,tshap_centroid,mrsqm,0.0,0.0,0.6328042328042328,0.09863745432891591,-0.08954829320527136,0,0,0.23029929699987406,2.9024999093962833e-05,UWaveGestureLibraryAll,1617
4,4,0.1,tshap_centroid,mrsqm,0.0,0.0,0.6095238095238096,0.07051726362601718,-0.06775458118599409,0,0,0.23029929699987406,2.9024999093962833e-05,UWaveGestureLibraryAll,1617
4,4,0.2,tshap_centroid,mrsqm,0.0,0.0,0.526984126984127,0.14023165655638659,-0.25020999079502326,0,0,0.23029929699987406,2.9024999093962833e-05,UWaveGestureLibraryAll,1617
4,4,0.05,tshap_zero,mrsqm,0.0,0.0,0.7894179894179895,0.19706913417642058,-0.08954829320527136,0,0,0.23291527699984726,2.9024999093962833e-05,UWaveGestureLibraryAll,1617
4,4,0.1,tshap_zero,mrsqm,0.0,0.0,0.764021164021164,0.5508257649319055,-0.06775458118599409,0,0,0.23291527699984726,2.9024999093962833e-05,UWaveGestureLibraryAll,1617
4,4,0.2,tshap_zero,mrsqm,0.0,0.0,0.7111111111111111,0.7767226920765884,-0.25020999079502326,0,0,0.23291527699984726,2.9024999093962833e-05,UWaveGestureLibraryAll,1617
0,0,0.05,hydra,shapley_sampling,0.0,0.0,0.37354497354497357,0.04462963845897572,0.3882612693034213,0,0,0.7259677559995907,1.1634837860001426,UWaveGestureLibraryAll,3065
0,0,0.1,hydra,shapley_sampling,0.0,0.0,0.42328042328042326,0.3771100022179188,0.647998242891926,0,0,0.7259677559995907,1.1634837860001426,UWaveGestureLibraryAll,3065
0,0,0.2,hydra,shapley_sampling,0.0,0.0,0.4486772486772487,0.25738914750166586,0.7779993384484956,0,0,0.7259677559995907,1.1634837860001426,UWaveGestureLibraryAll,3065
0,0,0.05,hydra,feature_ablation,0.0,0.0,0.37354497354497357,0.04462963845897572,0.38826129851194136,0,0,0.7259677559995907,0.048092017001181375,UWaveGestureLibraryAll,3065
0,0,0.1,hydra,feature_ablation,0.0,0.0,0.37354497354497357,0.3771100022179188,0.7514859791082034,0,0,0.7259677559995907,0.048092017001181375,UWaveGestureLibraryAll,3065
0,0,0.2,hydra,feature_ablation,0.0,0.0,0.34814814814814815,0.25738914750166586,1.180864660866754,0,1,0.7259677559995907,0.048092017001181375,UWaveGestureLibraryAll,3065
0,0,0.05,hydra,tshap_centroid,0.0,0.0,0.3798941798941799,0.04462963845897572,0.42530611976012755,0,0,0.7259677559995907,0.22154819400020642,UWaveGestureLibraryAll,3065
0,0,0.1,hydra,tshap_centroid,0.0,0.0,0.40634920634920635,0.3771100022179188,0.7135366317179272,0,0,0.7259677559995907,0.22154819400020642,UWaveGestureLibraryAll,3065
0,0,0.2,hydra,tshap_centroid,0.0,0.0,0.3904761904761905,0.25738914750166586,0.965608628570016,0,0,0.7259677559995907,0.22154819400020642,UWaveGestureLibraryAll,3065
0,0,0.05,hydra,tshap_zero,0.0,0.0,0.37566137566137564,0.04462963845897572,0.38653954501533283,0,0,0.7259677559995907,0.22604567999951541,UWaveGestureLibraryAll,3065
0,0,0.1,hydra,tshap_zero,0.0,0.0,0.4095238095238095,0.3771100022179188,0.6822381274636924,0,0,0.7259677559995907,0.22604567999951541,UWaveGestureLibraryAll,3065
0,0,0.2,hydra,tshap_zero,0.0,0.0,0.4148148148148148,0.25738914750166586,1.0443835273325857,0,0,0.7259677559995907,0.22604567999951541,UWaveGestureLibraryAll,3065
0,0,0.05,hydra,mrsqm,0.0,0.0,0.37777777777777777,0.04462963845897572,0.153160512255891,0,0,0.7259677559995907,3.040699812117964e-05,UWaveGestureLibraryAll,3065
0,0,0.1,hydra,mrsqm,0.0,0.0,0.328042328042328,0.3771100022179188,0.1443907636651125,0,0,0.7259677559995907,3.040699812117964e-05,UWaveGestureLibraryAll,3065
0,0,0.2,hydra,mrsqm,0.0,0.0,0.30264550264550266,0.25738914750166586,0.11130358191456069,0,0,0.7259677559995907,3.040699812117964e-05,UWaveGestureLibraryAll,3065
0,0,0.05,shapley_sampling,feature_ablation,1.0,1.0,0.0,0.3882612693034213,0.38826129851194136,0,0,1.1634837860001426,0.048092017001181375,UWaveGestureLibraryAll,3065
0,0,0.1,shapley_sampling,feature_ablation,0.3333333333333333,0.5,0.04973544973544974,0.647998242891926,0.7514859791082034,0,0,1.1634837860001426,0.048092017001181375,UWaveGestureLibraryAll,3065
0,0,0.2,shapley_sampling,feature_ablation,0.33098591549295775,0.4973544973544973,0.10052910052910052,0.7779993384484956,1.180864660866754,0,1,1.1634837860001426,0.048092017001181375,UWaveGestureLibraryAll,3065
0,0,0.05,shapley_sampling,tshap_centroid,0.7735849056603774,0.8723404255319149,0.006349206349206349,0.3882612693034213,0.42530611976012755,0,0,1.1634837860001426,0.22154819400020642,UWaveGestureLibraryAll,3065
0,0,0.1,shapley_sampling,tshap_centroid,0.7090909090909091,0.8297872340425532,0.016931216931216932,0.647998242891926,0.7135366317179272,0,0,1.1634837860001426,0.22154819400020642,UWaveGestureLibraryAll,3065
0,0,0.2,shapley_sampling,tshap_centroid,0.5491803278688525,0.708994708994709,0.0582010582010582,0.7779993384484956,0.965608628570016,0,0,1.1634837860001426,0.22154819400020642,UWaveGestureLibraryAll,3065
0,0,0.05,shapley_sampling,tshap_zero,0.9183673469387755,0.9574468085106383,0.0021164021164021165,0.3882612693034213,0.38653954501533283,0,0,1.1634837860001426,0.22604567999951541,UWaveGestureLibraryAll,3065
0,0,0.1,shapley_sampling,tshap_zero,0.7570093457943925,0.8617021276595744,0.013756613756613757,0.647998242891926,0.6822381274636924,0,0,1.1634837860001426,0.22604567999951541,UWaveGestureLibraryAll,3065
0,0,0.2,shapley_sampling,tshap_zero,0.7104072398190046,0.8306878306878307,0.033862433862433865,0.7779993384484956,1.0443835273325857,0,0,1.1634837860001426,0.22604567999951541,UWaveGestureLibraryAll,3065
0,0,0.05,shapley_sampling,mrsqm,0.0,0.0,0.7513227513227513,0.3882612693034213,0.153160512255891,0,0,1.1634837860001426,3.040699812117964e-05,UWaveGestureLibraryAll,3065
0,0,0.1,shapley_sampling,mrsqm,0.0,0.0,0.7513227513227513,0.647998242891926,0.1443907636651125,0,0,1.1634837860001426,3.040699812117964e-05,UWaveGestureLibraryAll,3065
0,0,0.2,shapley_sampling,mrsqm,0.0,0.0,0.7513227513227513,0.7779993384484956,0.11130358191456069,0,0,1.1634837860001426,3.040699812117964e-05,UWaveGestureLibraryAll,3065
0,0,0.05,feature_ablation,tshap_centroid,0.7735849056603774,0.8723404255319149,0.006349206349206349,0.38826129851194136,0.42530611976012755,0,0,0.048092017001181375,0.22154819400020642,UWaveGestureLibraryAll,3065
0,0,0.1,feature_ablation,tshap_centroid,0.504,0.6702127659574468,0.0328042328042328,0.7514859791082034,0.7135366317179272,0,0,0.048092017001181375,0.22154819400020642,UWaveGestureLibraryAll,3065
0,0,0.2,feature_ablation,tshap_centroid,0.6506550218340611,0.7883597883597884,0.042328042328042326,1.180864660866754,0.965608628570016,1,0,0.048092017001181375,0.22154819400020642,UWaveGestureLibraryAll,3065
0,0,0.05,feature_ablation,tshap_zero,0.9183673469387755,0.9574468085106383,0.0021164021164021165,0.38826129851194136,0.38653954501533283,0,0,0.048092017001181375,0.22604567999951541,UWaveGestureLibraryAll,3065
0,0,0.1,feature_ablation,tshap_zero,0.46875,0.6382978723404256,0.03597883597883598,0.7514859791082034,0.6822381274636924,0,0,0.048092017001181375,0.22604567999951541,UWaveGestureLibraryAll,3065
0,0,0.2,feature_ablation,tshap_zero,0.5,0.6666666666666666,0.06666666666666667,1.180864660866754,1.0443835273325857,1,0,0.048092017001181375,0.22604567999951541,UWaveGestureLibraryAll,3065
0,0,0.05,feature_ablation,mrsqm,0.0,0.0,0.7513227513227513,0.38826129851194136,0.153160512255891,0,0,0.048092017001181375,3.040699812117964e-05,UWaveGestureLibraryAll,3065
0,0,0.1,feature_ablation,mrsqm,0.0,0.0,0.7015873015873015,0.7514859791082034,0.1443907636651125,0,0,0.048092017001181375,3.040699812117964e-05,UWaveGestureLibraryAll,3065
0,0,0.2,feature_ablation,mrsqm,0.0,0.0,0.6507936507936508,1.180864660866754,0.11130358191456069,1,0,0.048092017001181375,3.040699812117964e-05,UWaveGestureLibraryAll,3065
0,0,0.05,tshap_centroid,tshap_zero,0.8431372549019608,0.9148936170212766,0.004232804232804233,0.42530611976012755,0.38653954501533283,0,0,0.22154819400020642,0.22604567999951541,UWaveGestureLibraryAll,3065
0,0,0.1,tshap_centroid,tshap_zero,0.9381443298969072,0.9680851063829787,0.0031746031746031746,0.7135366317179272,0.6822381274636924,0,0,0.22154819400020642,0.22604567999951541,UWaveGestureLibraryAll,3065
0,0,0.2,tshap_centroid,tshap_zero,0.7830188679245284,0.8783068783068783,0.02433862433862434,0.965608628570016,1.0443835273325857,0,0,0.22154819400020642,0.22604567999951541,UWaveGestureLibraryAll,3065
0,0,0.05,tshap_centroid,mrsqm,0.0,0.0,0.7576719576719577,0.42530611976012755,0.153160512255891,0,0,0.22154819400020642,3.040699812117964e-05,UWaveGestureLibraryAll,3065
0,0,0.1,tshap_centroid,mrsqm,0.0,0.0,0.7343915343915344,0.7135366317179272,0.1443907636651125,0,0,0.22154819400020642,3.040699812117964e-05,UWaveGestureLibraryAll,3065
0,0,0.2,tshap_centroid,mrsqm,0.0,0.0,0.6931216931216931,0.965608628570016,0.11130358191456069,0,0,0.22154819400020642,3.040699812117964e-05,UWaveGestureLibraryAll,3065
0,0,0.05,tshap_zero,mrsqm,0.0,0.0,0.7534391534391535,0.38653954501533283,0.153160512255891,0,0,0.22604567999951541,3.040699812117964e-05,UWaveGestureLibraryAll,3065
0,0,0.1,tshap_zero,mrsqm,0.0,0.0,0.7375661375661375,0.6822381274636924,0.1443907636651125,0,0,0.22604567999951541,3.040699812117964e-05,UWaveGestureLibraryAll,3065
0,0,0.2,tshap_zero,mrsqm,0.0,0.0,0.7174603174603175,1.0443835273325857,0.11130358191456069,0,0,0.22604567999951541,3.040699812117964e-05,UWaveGestureLibraryAll,3065
0,0,0.05,hydra,shapley_sampling,0.0,0.0,0.05925925925925926,0.05072127021070694,-0.08565856997781351,0,0,0.709560662999138,1.1596502810025413,UWaveGestureLibraryAll,337
0,0,0.1,hydra,shapley_sampling,0.6206896551724138,0.7659574468085106,0.02328042328042328,-0.24518964052891146,-0.19983244315679227,0,0,0.709560662999138,1.1596502810025413,UWaveGestureLibraryAll,337
0,0,0.2,hydra,shapley_sampling,0.5949367088607594,0.746031746031746,0.050793650793650794,-0.4607141800066473,-0.4672991861923056,0,0,0.709560662999138,1.1596502810025413,UWaveGestureLibraryAll,337
0,0,0.05,hydra,feature_ablation,0.0,0.0,0.45714285714285713,0.05072127021070694,0.15497888128028547,0,0,0.709560662999138,0.048634881000907626,UWaveGestureLibraryAll,337
0,0,0.1,hydra,feature_ablation,0.0,0.0,0.4211640211640212,-0.24518964052891146,0.22444094365174105,0,0,0.709560662999138,0.048634881000907626,UWaveGestureLibraryAll,337
0,0,0.2,hydra,feature_ablation,0.5949367088607594,0.746031746031746,0.050793650793650794,-0.4607141800066473,-0.4672992176278147,0,0,0.709560662999138,0.048634881000907626,UWaveGestureLibraryAll,337
0,0,0.05,hydra,tshap_centroid,0.0,0.0,0.12380952380952381,0.05072127021070694,-0.0918014712287164,0,0,0.709560662999138,0.22017190100086736,UWaveGestureLibraryAll,337
0,0,0.1,hydra,tshap_centroid,0.0,0.0,0.11534391534391535,-0.24518964052891146,-0.05552924097621825,0,0,0.709560662999138,0.22017190100086736,UWaveGestureLibraryAll,337
0,0,0.2,hydra,tshap_centroid,0.22330097087378642,0.36507936507936506,0.12698412698412698,-0.4607141800066473,0.23572313079407914,0,0,0.709560662999138,0.22017190100086736,UWaveGestureLibraryAll,337
0,0,0.05,hydra,tshap_zero,0.0,0.0,0.4624338624338624,0.05072127021070694,0.18942023159812593,0,0,0.709560662999138,0.22647742399931303,UWaveGestureLibraryAll,337
0,0,0.1,hydra,tshap_zero,0.0,0.0,0.4708994708994709,-0.24518964052891146,0.14518923623954627,0,0,0.709560662999138,0.22647742399931303,UWaveGestureLibraryAll,337
0,0,0.2,hydra,tshap_zero,0.0,0.0,0.4687830687830688,-0.4607141800066473,0.2697922541749369,0,0,0.709560662999138,0.22647742399931303,UWaveGestureLibraryAll,337
0,0,0.05,hydra,mrsqm,0.0,0.0,0.29417989417989415,0.05072127021070694,0.12746137099983645,0,0,0.709560662999138,3.213099989807233e-05,UWaveGestureLibraryAll,337
0,0,0.1,hydra,mrsqm,0.0,0.0,0.2804232804232804,-0.24518964052891146,0.12722050888358327,0,0,0.709560662999138,3.213099989807233e-05,UWaveGestureLibraryAll,337
0,0,0.2,hydra,mrsqm,0.0,0.0,0.25396825396825395,-0.4607141800066473,-0.10845698925858305,0,0,0.709560662999138,3.213099989807233e-05,UWaveGestureLibraryAll,337
0,0,0.05,shapley_sampling,feature_ablation,0.0,0.0,0.3978835978835979,-0.08565856997781351,0.15497888128028547,0,0,1.1596502810025413,0.048634881000907626,UWaveGestureLibraryAll,337
0,0,0.1,shapley_sampling,feature_ablation,0.0,0.0,0.3978835978835979,-0.19983244315679227,0.22444094365174105,0,0,1.1596502810025413,0.048634881000907626,UWaveGestureLibraryAll,337
0,0,0.2,shapley_sampling,feature_ablation,1.0,1.0,0.0,-0.4672991861923056,-0.4672992176278147,0,0,1.1596502810025413,0.048634881000907626,UWaveGestureLibraryAll,337
0,0,0.05,shapley_sampling,tshap_centroid,0.0,0.0,0.18306878306878308,-0.08565856997781351,-0.0918014712287164,0,0,1.1596502810025413,0.22017190100086736,UWaveGestureLibraryAll,337
0,0,0.1,shapley_sampling,tshap_centroid,0.0,0.0,0.13862433862433862,-0.19983244315679227,-0.05552924097621825,0,0,1.1596502810025413,0.22017190100086736,UWaveGestureLibraryAll,337
0,0,0.2,shapley_sampling,tshap_centroid,0.4482758620689655,0.6190476190476191,0.0761904761904762,-0.4672991861923056,0.23572313079407914,0,0,1.1596502810025413,0.22017190100086736,UWaveGestureLibraryAll,337
0,0,0.05,shapley_sampling,tshap_zero,0.0,0.0,0.4031746031746032,-0.08565856997781351,0.18942023159812593,0,0,1.1596502810025413,0.22647742399931303,UWaveGestureLibraryAll,337
0,0,0.1,shapley_sampling,tshap_zero,0.0,0.0,0.44761904761904764,-0.19983244315679227,0.14518923623954627,0,0,1.1596502810025413,0.22647742399931303,UWaveGestureLibraryAll,337
0,0,0.2,shapley_sampling,tshap_zero,0.0,0.0,0.5195767195767196,-0.4672991861923056,0.2697922541749369,0,0,1.1596502810025413,0.22647742399931303,UWaveGestureLibraryAll,337
0,0,0.05,shapley_sampling,mrsqm,0.0,0.0,0.35343915343915344,-0.08565856997781351,0.12746137099983645,0,0,1.1596502810025413,3.213099989807233e-05,UWaveGestureLibraryAll,337
0,0,0.1,shapley_sampling,mrsqm,0.0,0.0,0.3037037037037037,-0.19983244315679227,0.12722050888358327,0,0,1.1596502810025413,3.213099989807233e-05,UWaveGestureLibraryAll,337
0,0,0.2,shapley_sampling,mrsqm,0.0,0.0,0.20317460317460317,-0.4672991861923056,-0.10845698925858305,0,0,1.1596502810025413,3.213099989807233e-05,UWaveGestureLibraryAll,337
0,0,0.05,feature_ablation,tshap_centroid,0.0,0.0,0.580952380952381,0.15497888128028547,-0.0918014712287164,0,0,0.048634881000907626,0.22017190100086736,UWaveGestureLibraryAll,337
0,0,0.1,feature_ablation,tshap_centroid,0.0,0.0,0.5365079365079365,0.22444094365174105,-0.05552924097621825,0,0,0.048634881000907626,0.22017190100086736,UWaveGestureLibraryAll,337
0,0,0.2,feature_ablation,tshap_centroid,0.4482758620689655,0.6190476190476191,0.0761904761904762,-0.4672992176278147,0.23572313079407914,0,0,0.048634881000907626,0.22017190100086736,UWaveGestureLibraryAll,337
0,0,0.05,feature_ablation,tshap_zero,0.8076923076923077,0.8936170212765957,0.005291005291005291,0.15497888128028547,0.18942023159812593,0,0,0.048634881000907626,0.22647742399931303,UWaveGestureLibraryAll,337
0,0,0.1,feature_ablation,tshap_zero,0.3333333333333333,0.5,0.04973544973544974,0.22444094365174105,0.14518923623954627,0,0,0.048634881000907626,0.22647742399931303,UWaveGestureLibraryAll,337
0,0,0.2,feature_ablation,tshap_zero,0.0,0.0,0.5195767195767196,-0.4672992176278147,0.2697922541749369,0,0,0.048634881000907626,0.22647742399931303,UWaveGestureLibraryAll,337
0,0,0.05,feature_ablation,mrsqm,0.0,0.0,0.7513227513227513,0.15497888128028547,0.12746137099983645,0,0,0.048634881000907626,3.213099989807233e-05,UWaveGestureLibraryAll,337
0,0,0.1,feature_ablation,mrsqm,0.0,0.0,0.7015873015873015,0.22444094365174105,0.12722050888358327,0,0,0.048634881000907626,3.213099989807233e-05,UWaveGestureLibraryAll,337
0,0,0.2,feature_ablation,mrsqm,0.0,0.0,0.20317460317460317,-0.4672992176278147,-0.10845698925858305,0,0,0.048634881000907626,3.213099989807233e-05,UWaveGestureLibraryAll,337
0,0,0.05,tshap_centroid,tshap_zero,0.0,0.0,0.5862433862433862,-0.0918014712287164,0.18942023159812593,0,0,0.22017190100086736,0.22647742399931303,UWaveGestureLibraryAll,337
0,0,0.1,tshap_centroid,tshap_zero,0.0,0.0,0.5862433862433862,-0.05552924097621825,0.14518923623954627,0,0,0.22017190100086736,0.22647742399931303,UWaveGestureLibraryAll,337
0,0,0.2,tshap_centroid,tshap_zero,0.0,0.0,0.5957671957671957,0.23572313079407914,0.2697922541749369,0,0,0.22017190100086736,0.22647742399931303,UWaveGestureLibraryAll,337
0,0,0.05,tshap_centroid,mrsqm,0.0,0.0,0.17037037037037037,-0.0918014712287164,0.12746137099983645,0,0,0.22017190100086736,3.213099989807233e-05,UWaveGestureLibraryAll,337
0,0,0.1,tshap_centroid,mrsqm,0.0,0.0,0.16507936507936508,-0.05552924097621825,0.12722050888358327,0,0,0.22017190100086736,3.213099989807233e-05,UWaveGestureLibraryAll,337
0,0,0.2,tshap_centroid,mrsqm,0.22330097087378642,0.36507936507936506,0.12698412698412698,0.23572313079407914,-0.10845698925858305,0,0,0.22017190100086736,3.213099989807233e-05,UWaveGestureLibraryAll,337
0,0,0.05,tshap_zero,mrsqm,0.0,0.0,0.7566137566137566,0.18942023159812593,0.12746137099983645,0,0,0.22647742399931303,3.213099989807233e-05,UWaveGestureLibraryAll,337
0,0,0.1,tshap_zero,mrsqm,0.0,0.0,0.7513227513227513,0.14518923623954627,0.12722050888358327,0,0,0.22647742399931303,3.213099989807233e-05,UWaveGestureLibraryAll,337
0,0,0.2,tshap_zero,mrsqm,0.0,0.0,0.7227513227513227,0.2697922541749369,-0.10845698925858305,0,0,0.22647742399931303,3.213099989807233e-05,UWaveGestureLibraryAll,337
1,1,0.05,hydra,shapley_sampling,0.0,0.0,0.3142857142857143,0.3384278499361483,0.1887620874855408,0,0,0.7100775269973383,1.1627597510014311,UWaveGestureLibraryAll,2630
1,1,0.1,hydra,shapley_sampling,0.0,0.0,0.6148148148148148,0.5506366463963417,0.5366002058860974,0,0,0.7100775269973383,1.1627597510014311,UWaveGestureLibraryAll,2630
1,1,0.2,hydra,shapley_sampling,0.3597122302158273,0.5291005291005291,0.09417989417989418,0.6115293071602226,0.5463785970882585,0,0,0.7100775269973383,1.1627597510014311,UWaveGestureLibraryAll,2630
1,1,0.05,hydra,feature_ablation,0.0,0.0,0.6624338624338625,0.3384278499361483,-0.07320449627611536,0,0,0.7100775269973383,0.048342819998651976,UWaveGestureLibraryAll,2630
1,1,0.1,hydra,feature_ablation,0.0,0.0,0.6645502645502646,0.5506366463963417,0.11529551365451329,0,0,0.7100775269973383,0.048342819998651976,UWaveGestureLibraryAll,2630
1,1,0.2,hydra,feature_ablation,0.125,0.2222222222222222,0.15555555555555556,0.6115293071602226,0.39569057570120325,0,1,0.7100775269973383,0.048342819998651976,UWaveGestureLibraryAll,2630
1,1,0.05,hydra,tshap_centroid,0.0,0.0,0.5671957671957671,0.3384278499361483,0.36234111251326206,0,0,0.7100775269973383,0.2223354970010405,UWaveGestureLibraryAll,2630
1,1,0.1,hydra,tshap_centroid,0.11242603550295859,0.20212765957446807,0.07936507936507936,0.5506366463963417,0.41556856985114554,0,0,0.7100775269973383,0.2223354970010405,UWaveGestureLibraryAll,2630
1,1,0.2,hydra,tshap_centroid,0.0,0.0,0.4444444444444444,0.6115293071602226,0.7479157502211385,0,1,0.7100775269973383,0.2223354970010405,UWaveGestureLibraryAll,2630
1,1,0.05,hydra,tshap_zero,0.7735849056603774,0.8723404255319149,0.006349206349206349,0.3384278499361483,0.4011705559239138,0,0,0.7100775269973383,0.2261875570002303,UWaveGestureLibraryAll,2630
1,1,0.1,hydra,tshap_zero,0.6068376068376068,0.7553191489361702,0.02433862433862434,0.5506366463963417,0.6087343609066125,0,1,0.7100775269973383,0.2261875570002303,UWaveGestureLibraryAll,2630
1,1,0.2,hydra,tshap_zero,0.0,0.0,0.46455026455026455,0.6115293071602226,0.8037829290264886,0,1,0.7100775269973383,0.2261875570002303,UWaveGestureLibraryAll,2630
1,1,0.05,hydra,mrsqm,0.0,0.0,0.13862433862433862,0.3384278499361483,0.06712111602330106,0,0,0.7100775269973383,3.286200080765411e-05,UWaveGestureLibraryAll,2630
1,1,0.1,hydra,mrsqm,0.06818181818181818,0.1276595744680851,0.08677248677248678,0.5506366463963417,0.11005814446780526,0,0,0.7100775269973383,3.286200080765411e-05,UWaveGestureLibraryAll,2630
1,1,0.2,hydra,mrsqm,0.0,0.0,0.546031746031746,0.6115293071602226,0.6603414395183632,0,0,0.7100775269973383,3.286200080765411e-05,UWaveGestureLibraryAll,2630
1,1,0.05,shapley_sampling,feature_ablation,0.0,0.0,0.34814814814814815,0.1887620874855408,-0.07320449627611536,0,0,1.1627597510014311,0.048342819998651976,UWaveGestureLibraryAll,2630
1,1,0.1,shapley_sampling,feature_ablation,0.3333333333333333,0.5,0.04973544973544974,0.5366002058860974,0.11529551365451329,0,0,1.1627597510014311,0.048342819998651976,UWaveGestureLibraryAll,2630
1,1,0.2,shapley_sampling,feature_ablation,0.0,0.0,0.24973544973544973,0.5463785970882585,0.39569057570120325,0,1,1.1627597510014311,0.048342819998651976,UWaveGestureLibraryAll,2630
1,1,0.05,shapley_sampling,tshap_centroid,0.0,0.0,0.2529100529100529,0.1887620874855408,0.36234111251326206,0,0,1.1627597510014311,0.2223354970010405,UWaveGestureLibraryAll,2630
1,1,0.1,shapley_sampling,tshap_centroid,0.0,0.0,0.5354497354497354,0.5366002058860974,0.41556856985114554,0,0,1.1627597510014311,0.2223354970010405,UWaveGestureLibraryAll,2630
1,1,0.2,shapley_sampling,tshap_centroid,0.0,0.0,0.3502645502645503,0.5463785970882585,0.7479157502211385,0,1,1.1627597510014311,0.2223354970010405,UWaveGestureLibraryAll,2630
1,1,0.05,shapley_sampling,tshap_zero,0.0,0.0,0.30793650793650795,0.1887620874855408,0.4011705559239138,0,0,1.1627597510014311,0.2261875570002303,UWaveGestureLibraryAll,2630
1,1,0.1,shapley_sampling,tshap_zero,0.0,0.0,0.5904761904761905,0.5366002058860974,0.6087343609066125,0,1,1.1627597510014311,0.2261875570002303,UWaveGestureLibraryAll,2630
1,1,0.2,shapley_sampling,tshap_zero,0.0,0.0,0.37037037037037035,0.5463785970882585,0.8037829290264886,0,1,1.1627597510014311,0.2261875570002303,UWaveGestureLibraryAll,2630
1,1,0.05,shapley_sampling,mrsqm,0.0,0.0,0.45291005291005293,0.1887620874855408,0.06712111602330106,0,0,1.1627597510014311,3.286200080765411e-05,UWaveGestureLibraryAll,2630
1,1,0.1,shapley_sampling,mrsqm,0.0,0.0,0.7015873015873015,0.5366002058860974,0.11005814446780526,0,0,1.1627597510014311,3.286200080765411e-05,UWaveGestureLibraryAll,2630
1,1,0.2,shapley_sampling,mrsqm,0.0,0.0,0.45185185185185184,0.5463785970882585,0.6603414395183632,0,0,1.1627597510014311,3.286200080765411e-05,UWaveGestureLibraryAll,2630
1,1,0.05,feature_ablation,tshap_centroid,0.0,0.0,0.09523809523809523,-0.07320449627611536,0.36234111251326206,0,0,0.048342819998651976,0.2223354970010405,UWaveGestureLibraryAll,2630
1,1,0.1,feature_ablation,tshap_centroid,0.0,0.0,0.5851851851851851,0.11529551365451329,0.41556856985114554,0,0,0.048342819998651976,0.2223354970010405,UWaveGestureLibraryAll,2630
1,1,0.2,feature_ablation,tshap_centroid,0.0,0.0,0.6,0.39569057570120325,0.7479157502211385,1,1,0.048342819998651976,0.2223354970010405,UWaveGestureLibraryAll,2630
1,1,0.05,feature_ablation,tshap_zero,0.0,0.0,0.656084656084656,-0.07320449627611536,0.4011705559239138,0,0,0.048342819998651976,0.2261875570002303,UWaveGestureLibraryAll,2630
1,1,0.1,feature_ablation,tshap_zero,0.0,0.0,0.6402116402116402,0.11529551365451329,0.6087343609066125,0,1,0.048342819998651976,0.2261875570002303,UWaveGestureLibraryAll,2630
1,1,0.2,feature_ablation,tshap_zero,0.0,0.0,0.6201058201058202,0.39569057570120325,0.8037829290264886,1,1,0.048342819998651976,0.2261875570002303,UWaveGestureLibraryAll,2630
1,1,0.05,feature_ablation,mrsqm,0.0,0.0,0.801058201058201,-0.07320449627611536,0.06712111602330106,0,0,0.048342819998651976,3.286200080765411e-05,UWaveGestureLibraryAll,2630
1,1,0.1,feature_ablation,mrsqm,0.0,0.0,0.7513227513227513,0.11529551365451329,0.11005814446780526,0,0,0.048342819998651976,3.286200080765411e-05,UWaveGestureLibraryAll,2630
1,1,0.2,feature_ablation,mrsqm,0.0,0.0,0.7015873015873015,0.39569057570120325,0.6603414395183632,1,0,0.048342819998651976,3.286200080765411e-05,UWaveGestureLibraryAll,2630
1,1,0.05,tshap_centroid,tshap_zero,0.0,0.0,0.5608465608465608,0.36234111251326206,0.4011705559239138,0,0,0.2223354970010405,0.2261875570002303,UWaveGestureLibraryAll,2630
1,1,0.1,tshap_centroid,tshap_zero,0.2876712328767123,0.44680851063829785,0.05502645502645503,0.41556856985114554,0.6087343609066125,0,1,0.2223354970010405,0.2261875570002303,UWaveGestureLibraryAll,2630
1,1,0.2,tshap_centroid,tshap_zero,0.8173076923076923,0.8994708994708994,0.020105820105820106,0.7479157502211385,0.8037829290264886,1,1,0.2223354970010405,0.2261875570002303,UWaveGestureLibraryAll,2630
1,1,0.05,tshap_centroid,mrsqm,0.0,0.0,0.7058201058201058,0.36234111251326206,0.06712111602330106,0,0,0.2223354970010405,3.286200080765411e-05,UWaveGestureLibraryAll,2630
1,1,0.1,tshap_centroid,mrsqm,0.0,0.0,0.16613756613756614,0.41556856985114554,0.11005814446780526,0,0,0.2223354970010405,3.286200080765411e-05,UWaveGestureLibraryAll,2630
1,1,0.2,tshap_centroid,mrsqm,0.3263157894736842,0.49206349206349204,0.10158730158730159,0.7479157502211385,0.6603414395183632,1,0,0.2223354970010405,3.286200080765411e-05,UWaveGestureLibraryAll,2630
1,1,0.05,tshap_zero,mrsqm,0.0,0.0,0.14497354497354498,0.4011705559239138,0.06712111602330106,0,0,0.2261875570002303,3.286200080765411e-05,UWaveGestureLibraryAll,2630
1,1,0.1,tshap_zero,mrsqm,0.0,0.0,0.1111111111111111,0.6087343609066125,0.11005814446780526,1,0,0.2261875570002303,3.286200080765411e-05,UWaveGestureLibraryAll,2630
1,1,0.2,tshap_zero,mrsqm,0.42105263157894735,0.5925925925925926,0.08148148148148149,0.8037829290264886,0.6603414395183632,1,0,0.2261875570002303,3.286200080765411e-05,UWaveGestureLibraryAll,2630
7,7,0.05,hydra,shapley_sampling,0.0,0.0,0.4507936507936508,0.12162607850946006,0.4314649981774763,0,0,0.7101212699999451,1.17030046400032,UWaveGestureLibraryAll,2815
7,7,0.1,hydra,shapley_sampling,0.0,0.0,0.10158730158730159,0.434443196817762,0.5639438674847326,0,0,0.7101212699999451,1.17030046400032,UWaveGestureLibraryAll,2815
7,7,0.2,hydra,shapley_sampling,0.4157303370786517,0.5873015873015873,0.08253968253968254,0.5132747188413544,0.7796027428146797,0,0,0.7101212699999451,1.17030046400032,UWaveGestureLibraryAll,2815
7,7,0.05,hydra,feature_ablation,0.0,0.0,0.1523809523809524,0.12162607850946006,0.4830799656567244,0,0,0.7101212699999451,0.048742363000201294,UWaveGestureLibraryAll,2815
7,7,0.1,hydra,feature_ablation,0.0,0.0,0.10158730158730159,0.434443196817762,0.5639438291690815,0,0,0.7101212699999451,0.048742363000201294,UWaveGestureLibraryAll,2815
7,7,0.2,hydra,feature_ablation,0.0,0.0,0.33121693121693124,0.5132747188413544,0.37034704339140867,0,0,0.7101212699999451,0.048742363000201294,UWaveGestureLibraryAll,2815
7,7,0.05,hydra,tshap_centroid,0.0,0.0,0.273015873015873,0.12162607850946006,0.3973388169676544,0,0,0.7101212699999451,0.22308946900011506,UWaveGestureLibraryAll,2815
7,7,0.1,hydra,tshap_centroid,0.0,0.0,0.2962962962962963,0.434443196817762,0.6681601514716635,0,0,0.7101212699999451,0.22308946900011506,UWaveGestureLibraryAll,2815
7,7,0.2,hydra,tshap_centroid,0.0,0.0,0.2867724867724868,0.5132747188413544,0.8564597289630186,0,0,0.7101212699999451,0.22308946900011506,UWaveGestureLibraryAll,2815
7,7,0.05,hydra,tshap_zero,0.0,0.0,0.28253968253968254,0.12162607850946006,0.01422279168104712,0,0,0.7101212699999451,0.2274259309997433,UWaveGestureLibraryAll,2815
7,7,0.1,hydra,tshap_zero,0.0,0.0,0.2624338624338624,0.434443196817762,0.22046393646348506,0,0,0.7101212699999451,0.2274259309997433,UWaveGestureLibraryAll,2815
7,7,0.2,hydra,tshap_zero,0.0,0.0,0.2560846560846561,0.5132747188413544,0.45784601424885096,0,0,0.7101212699999451,0.2274259309997433,UWaveGestureLibraryAll,2815
7,7,0.05,hydra,mrsqm,0.0,0.0,0.3502645502645503,0.12162607850946006,0.057866508006835016,0,0,0.7101212699999451,2.886400034185499e-05,UWaveGestureLibraryAll,2815
7,7,0.1,hydra,mrsqm,0.0,0.0,0.3513227513227513,0.434443196817762,0.27024197209590195,0,0,0.7101212699999451,2.886400034185499e-05,UWaveGestureLibraryAll,2815
7,7,0.2,hydra,mrsqm,0.0,0.0,0.31957671957671957,0.5132747188413544,0.7850868357194125,0,0,0.7101212699999451,2.886400034185499e-05,UWaveGestureLibraryAll,2815
7,7,0.05,shapley_sampling,feature_ablation,0.0,0.0,0.2984126984126984,0.4314649981774763,0.4830799656567244,0,0,1.17030046400032,0.048742363000201294,UWaveGestureLibraryAll,2815
7,7,0.1,shapley_sampling,feature_ablation,1.0,1.0,0.0,0.5639438674847326,0.5639438291690815,0,0,1.17030046400032,0.048742363000201294,UWaveGestureLibraryAll,2815
7,7,0.2,shapley_sampling,feature_ablation,0.0,0.0,0.24867724867724866,0.7796027428146797,0.37034704339140867,0,0,1.17030046400032,0.048742363000201294,UWaveGestureLibraryAll,2815
7,7,0.05,shapley_sampling,tshap_centroid,0.0,0.0,0.7238095238095238,0.4314649981774763,0.3973388169676544,0,0,1.17030046400032,0.22308946900011506,UWaveGestureLibraryAll,2815
7,7,0.1,shapley_sampling,tshap_centroid,0.0,0.0,0.3978835978835979,0.5639438674847326,0.6681601514716635,0,0,1.17030046400032,0.22308946900011506,UWaveGestureLibraryAll,2815
7,7,0.2,shapley_sampling,tshap_centroid,0.0,0.0,0.3693121693121693,0.7796027428146797,0.8564597289630186,0,0,1.17030046400032,0.22308946900011506,UWaveGestureLibraryAll,2815
7,7,0.05,shapley_sampling,tshap_zero,0.0,0.0,0.16825396825396827,0.4314649981774763,0.01422279168104712,0,0,1.17030046400032,0.2274259309997433,UWaveGestureLibraryAll,2815
7,7,0.1,shapley_sampling,tshap_zero,0.0,0.0,0.16084656084656085,0.5639438674847326,0.22046393646348506,0,0,1.17030046400032,0.2274259309997433,UWaveGestureLibraryAll,2815
7,7,0.2,shapley_sampling,tshap_zero,0.0708215297450425,0.13227513227513227,0.17354497354497356,0.7796027428146797,0.45784601424885096,0,0,1.17030046400032,0.2274259309997433,UWaveGestureLibraryAll,2815
7,7,0.05,shapley_sampling,mrsqm,0.0,0.0,0.801058201058201,0.4314649981774763,0.057866508006835016,0,0,1.17030046400032,2.886400034185499e-05,UWaveGestureLibraryAll,2815
7,7,0.1,shapley_sampling,mrsqm,0.0,0.0,0.45291005291005293,0.5639438674847326,0.27024197209590195,0,0,1.17030046400032,2.886400034185499e-05,UWaveGestureLibraryAll,2815
7,7,0.2,shapley_sampling,mrsqm,0.0,0.0,0.4021164021164021,0.7796027428146797,0.7850868357194125,0,0,1.17030046400032,2.886400034185499e-05,UWaveGestureLibraryAll,2815
7,7,0.05,feature_ablation,tshap_centroid,0.0,0.0,0.4253968253968254,0.4830799656567244,0.3973388169676544,0,0,0.048742363000201294,0.22308946900011506,UWaveGestureLibraryAll,2815
7,7,0.1,feature_ablation,tshap_centroid,0.0,0.0,0.3978835978835979,0.5639438291690815,0.6681601514716635,0,0,0.048742363000201294,0.22308946900011506,UWaveGestureLibraryAll,2815
7,7,0.2,feature_ablation,tshap_centroid,0.0,0.0,0.617989417989418,0.37034704339140867,0.8564597289630186,0,0,0.048742363000201294,0.22308946900011506,UWaveGestureLibraryAll,2815
7,7,0.05,feature_ablation,tshap_zero,0.0,0.0,0.13015873015873017,0.4830799656567244,0.01422279168104712,0,0,0.048742363000201294,0.2274259309997433,UWaveGestureLibraryAll,2815
7,7,0.1,feature_ablation,tshap_zero,0.0,0.0,0.16084656084656085,0.5639438291690815,0.22046393646348506,0,0,0.048742363000201294,0.2274259309997433,UWaveGestureLibraryAll,2815
7,7,0.2,feature_ablation,tshap_zero,0.45384615384615384,0.6243386243386243,0.07513227513227513,0.37034704339140867,0.45784601424885096,0,0,0.048742363000201294,0.2274259309997433,UWaveGestureLibraryAll,2815
7,7,0.05,feature_ablation,mrsqm,0.0,0.0,0.5026455026455027,0.4830799656567244,0.057866508006835016,0,0,0.048742363000201294,2.886400034185499e-05,UWaveGestureLibraryAll,2815
7,7,0.1,feature_ablation,mrsqm,0.0,0.0,0.45291005291005293,0.5639438291690815,0.27024197209590195,0,0,0.048742363000201294,2.886400034185499e-05,UWaveGestureLibraryAll,2815
7,7,0.2,feature_ablation,mrsqm,0.0,0.0,0.6507936507936508,0.37034704339140867,0.7850868357194125,0,0,0.048742363000201294,2.886400034185499e-05,UWaveGestureLibraryAll,2815
7,7,0.05,tshap_centroid,tshap_zero,0.0,0.0,0.5555555555555556,0.3973388169676544,0.01422279168104712,0,0,0.22308946900011506,0.2274259309997433,UWaveGestureLibraryAll,2815
7,7,0.1,tshap_centroid,tshap_zero,0.0,0.0,0.5587301587301587,0.6681601514716635,0.22046393646348506,0,0,0.22308946900011506,0.2274259309997433,UWaveGestureLibraryAll,2815
7,7,0.2,tshap_centroid,tshap_zero,0.0,0.0,0.5428571428571428,0.8564597289630186,0.45784601424885096,0,0,0.22308946900011506,0.2274259309997433,UWaveGestureLibraryAll,2815
7,7,0.05,tshap_centroid,mrsqm,0.0,0.0,0.07724867724867725,0.3973388169676544,0.057866508006835016,0,0,0.22308946900011506,2.886400034185499e-05,UWaveGestureLibraryAll,2815
7,7,0.1,tshap_centroid,mrsqm,0.2876712328767123,0.44680851063829785,0.05502645502645503,0.6681601514716635,0.27024197209590195,0,0,0.22308946900011506,2.886400034185499e-05,UWaveGestureLibraryAll,2815
7,7,0.2,tshap_centroid,mrsqm,0.7181818181818181,0.8359788359788359,0.0328042328042328,0.8564597289630186,0.7850868357194125,0,0,0.22308946900011506,2.886400034185499e-05,UWaveGestureLibraryAll,2815
7,7,0.05,tshap_zero,mrsqm,0.0,0.0,0.6328042328042328,0.01422279168104712,0.057866508006835016,0,0,0.2274259309997433,2.886400034185499e-05,UWaveGestureLibraryAll,2815
7,7,0.1,tshap_zero,mrsqm,0.0,0.0,0.6137566137566137,0.22046393646348506,0.27024197209590195,0,0,0.2274259309997433,2.886400034185499e-05,UWaveGestureLibraryAll,2815
7,7,0.2,tshap_zero,mrsqm,0.0,0.0,0.5756613756613757,0.45784601424885096,0.7850868357194125,0,0,0.2274259309997433,2.886400034185499e-05,UWaveGestureLibraryAll,2815
0,0,0.05,hydra,shapley_sampling,0.0,0.0,0.09841269841269841,0.024716738098916835,0.3947657918434495,0,0,0.709672925000632,1.16284782799994,UWaveGestureLibraryAll,1567
0,0,0.1,hydra,shapley_sampling,0.0,0.0,0.14285714285714285,0.12888676675237853,0.4011392177218598,0,0,0.709672925000632,1.16284782799994,UWaveGestureLibraryAll,1567
0,0,0.2,hydra,shapley_sampling,0.03561643835616438,0.06878306878306878,0.18624338624338624,0.14634794523925176,0.4756573229656704,0,0,0.709672925000632,1.16284782799994,UWaveGestureLibraryAll,1567
0,0,0.05,hydra,feature_ablation,0.0,0.0,0.3470899470899471,0.024716738098916835,0.40109673545004765,0,0,0.709672925000632,0.04839648100096383,UWaveGestureLibraryAll,1567
0,0,0.1,hydra,feature_ablation,0.0,0.0,0.3417989417989418,0.12888676675237853,0.5649445143136773,0,0,0.709672925000632,0.04839648100096383,UWaveGestureLibraryAll,1567
0,0,0.2,hydra,feature_ablation,0.0,0.0,0.33650793650793653,0.14634794523925176,0.4818597938070268,0,0,0.709672925000632,0.04839648100096383,UWaveGestureLibraryAll,1567
0,0,0.05,hydra,tshap_centroid,0.0,0.0,0.3396825396825397,0.024716738098916835,0.36898370490478394,0,0,0.709672925000632,0.21923558599883108,UWaveGestureLibraryAll,1567
0,0,0.1,hydra,tshap_centroid,0.0,0.0,0.35555555555555557,0.12888676675237853,0.6768548047998004,0,0,0.709672925000632,0.21923558599883108,UWaveGestureLibraryAll,1567
0,0,0.2,hydra,tshap_centroid,0.0,0.0,0.4126984126984127,0.14634794523925176,0.6073238136398775,0,0,0.709672925000632,0.21923558599883108,UWaveGestureLibraryAll,1567
0,0,0.05,hydra,tshap_zero,0.0,0.0,0.344973544973545,0.024716738098916835,0.4013117096074792,0,0,0.709672925000632,0.2273852739999711,UWaveGestureLibraryAll,1567
0,0,0.1,hydra,tshap_zero,0.0,0.0,0.37354497354497357,0.12888676675237853,0.4828009597685119,0,0,0.709672925000632,0.2273852739999711,UWaveGestureLibraryAll,1567
0,0,0.2,hydra,tshap_zero,0.0,0.0,0.4444444444444444,0.14634794523925176,0.8078147511343889,0,0,0.709672925000632,0.2273852739999711,UWaveGestureLibraryAll,1567
0,0,0.05,hydra,mrsqm,0.0,0.0,0.4042328042328042,0.024716738098916835,0.08165810629917236,0,0,0.709672925000632,2.865399801521562e-05,UWaveGestureLibraryAll,1567
0,0,0.1,hydra,mrsqm,0.0,0.0,0.35978835978835977,0.12888676675237853,0.21097437380990547,0,0,0.709672925000632,2.865399801521562e-05,UWaveGestureLibraryAll,1567
0,0,0.2,hydra,mrsqm,0.0,0.0,0.2656084656084656,0.14634794523925176,0.07934212032478749,0,0,0.709672925000632,2.865399801521562e-05,UWaveGestureLibraryAll,1567
0,0,0.05,shapley_sampling,feature_ablation,0.0,0.0,0.24867724867724866,0.3947657918434495,0.40109673545004765,0,0,1.16284782799994,0.04839648100096383,UWaveGestureLibraryAll,1567
0,0,0.1,shapley_sampling,feature_ablation,0.0,0.0,0.19894179894179895,0.4011392177218598,0.5649445143136773,0,0,1.16284782799994,0.04839648100096383,UWaveGestureLibraryAll,1567
0,0,0.2,shapley_sampling,feature_ablation,0.1419939577039275,0.24867724867724866,0.15026455026455027,0.4756573229656704,0.4818597938070268,0,0,1.16284782799994,0.04839648100096383,UWaveGestureLibraryAll,1567
0,0,0.05,shapley_sampling,tshap_centroid,0.0,0.0,0.24126984126984127,0.3947657918434495,0.36898370490478394,0,0,1.16284782799994,0.21923558599883108,UWaveGestureLibraryAll,1567
0,0,0.1,shapley_sampling,tshap_centroid,0.0,0.0,0.2126984126984127,0.4011392177218598,0.6768548047998004,0,0,1.16284782799994,0.21923558599883108,UWaveGestureLibraryAll,1567
0,0,0.2,shapley_sampling,tshap_centroid,0.0,0.0,0.22645502645502646,0.4756573229656704,0.6073238136398775,0,0,1.16284782799994,0.21923558599883108,UWaveGestureLibraryAll,1567
0,0,0.05,shapley_sampling,tshap_zero,0.0,0.0,0.24656084656084656,0.3947657918434495,0.4013117096074792,0,0,1.16284782799994,0.2273852739999711,UWaveGestureLibraryAll,1567
0,0,0.1,shapley_sampling,tshap_zero,0.0,0.0,0.2306878306878307,0.4011392177218598,0.4828009597685119,0,0,1.16284782799994,0.2273852739999711,UWaveGestureLibraryAll,1567
0,0,0.2,shapley_sampling,tshap_zero,0.0,0.0,0.2582010582010582,0.4756573229656704,0.8078147511343889,0,0,1.16284782799994,0.2273852739999711,UWaveGestureLibraryAll,1567
0,0,0.05,shapley_sampling,mrsqm,0.0,0.0,0.5026455026455027,0.3947657918434495,0.08165810629917236,0,0,1.16284782799994,2.865399801521562e-05,UWaveGestureLibraryAll,1567
0,0,0.1,shapley_sampling,mrsqm,0.0,0.0,0.5026455026455027,0.4011392177218598,0.21097437380990547,0,0,1.16284782799994,2.865399801521562e-05,UWaveGestureLibraryAll,1567
0,0,0.2,shapley_sampling,mrsqm,0.0,0.0,0.45185185185185184,0.4756573229656704,0.07934212032478749,0,0,1.16284782799994,2.865399801521562e-05,UWaveGestureLibraryAll,1567
0,0,0.05,feature_ablation,tshap_centroid,0.7407407407407407,0.851063829787234,0.007407407407407408,0.40109673545004765,0.36898370490478394,0,0,0.04839648100096383,0.21923558599883108,UWaveGestureLibraryAll,1567
0,0,0.1,feature_ablation,tshap_centroid,0.7570093457943925,0.8617021276595744,0.013756613756613757,0.5649445143136773,0.6768548047998004,0,0,0.04839648100096383,0.21923558599883108,UWaveGestureLibraryAll,1567
0,0,0.2,feature_ablation,tshap_centroid,0.4482758620689655,0.6190476190476191,0.0761904761904762,0.4818597938070268,0.6073238136398775,0,0,0.04839648100096383,0.21923558599883108,UWaveGestureLibraryAll,1567
0,0,0.05,feature_ablation,tshap_zero,0.9183673469387755,0.9574468085106383,0.0021164021164021165,0.40109673545004765,0.4013117096074792,0,0,0.04839648100096383,0.2273852739999711,UWaveGestureLibraryAll,1567
0,0,0.1,feature_ablation,tshap_zero,0.5161290322580645,0.6808510638297872,0.031746031746031744,0.5649445143136773,0.4828009597685119,0,0,0.04839648100096383,0.2273852739999711,UWaveGestureLibraryAll,1567
0,0,0.2,feature_ablation,tshap_zero,0.29896907216494845,0.4603174603174603,0.10793650793650794,0.4818597938070268,0.8078147511343889,0,0,0.04839648100096383,0.2273852739999711,UWaveGestureLibraryAll,1567
0,0,0.05,feature_ablation,mrsqm,0.0,0.0,0.7513227513227513,0.40109673545004765,0.08165810629917236,0,0,0.04839648100096383,2.865399801521562e-05,UWaveGestureLibraryAll,1567
0,0,0.1,feature_ablation,mrsqm,0.0,0.0,0.7015873015873015,0.5649445143136773,0.21097437380990547,0,0,0.04839648100096383,2.865399801521562e-05,UWaveGestureLibraryAll,1567
0,0,0.2,feature_ablation,mrsqm,0.0,0.0,0.6021164021164022,0.4818597938070268,0.07934212032478749,0,0,0.04839648100096383,2.865399801521562e-05,UWaveGestureLibraryAll,1567
0,0,0.05,tshap_centroid,tshap_zero,0.8076923076923077,0.8936170212765957,0.005291005291005291,0.36898370490478394,0.4013117096074792,0,0,0.21923558599883108,0.2273852739999711,UWaveGestureLibraryAll,1567
0,0,0.1,tshap_centroid,tshap_zero,0.6936936936936937,0.8191489361702128,0.01798941798941799,0.6768548047998004,0.4828009597685119,0,0,0.21923558599883108,0.2273852739999711,UWaveGestureLibraryAll,1567
0,0,0.2,tshap_centroid,tshap_zero,0.726027397260274,0.8412698412698413,0.031746031746031744,0.6073238136398775,0.8078147511343889,0,0,0.21923558599883108,0.2273852739999711,UWaveGestureLibraryAll,1567
0,0,0.05,tshap_centroid,mrsqm,0.0,0.0,0.7439153439153439,0.36898370490478394,0.08165810629917236,0,0,0.21923558599883108,2.865399801521562e-05,UWaveGestureLibraryAll,1567
0,0,0.1,tshap_centroid,mrsqm,0.0,0.0,0.7153439153439154,0.6768548047998004,0.21097437380990547,0,0,0.21923558599883108,2.865399801521562e-05,UWaveGestureLibraryAll,1567
0,0,0.2,tshap_centroid,mrsqm,0.0,0.0,0.6783068783068783,0.6073238136398775,0.07934212032478749,0,0,0.21923558599883108,2.865399801521562e-05,UWaveGestureLibraryAll,1567
0,0,0.05,tshap_zero,mrsqm,0.0,0.0,0.7492063492063492,0.4013117096074792,0.08165810629917236,0,0,0.2273852739999711,2.865399801521562e-05,UWaveGestureLibraryAll,1567
0,0,0.1,tshap_zero,mrsqm,0.0,0.0,0.7333333333333333,0.4828009597685119,0.21097437380990547,0,0,0.2273852739999711,2.865399801521562e-05,UWaveGestureLibraryAll,1567
0,0,0.2,tshap_zero,mrsqm,0.0,0.0,0.71005291005291,0.8078147511343889,0.07934212032478749,0,0,0.2273852739999711,2.865399801521562e-05,UWaveGestureLibraryAll,1567
2,2,0.05,hydra,shapley_sampling,0.0,0.0,0.21904761904761905,0.1863237206200048,0.3751848498192305,0,0,0.7132929180006613,1.169785292000597,UWaveGestureLibraryAll,2489
2,2,0.1,hydra,shapley_sampling,0.0,0.0,0.2021164021164021,0.19759944510664074,0.5774271387151148,0,0,0.7132929180006613,1.169785292000597,UWaveGestureLibraryAll,2489
2,2,0.2,hydra,shapley_sampling,0.26,0.4126984126984127,0.11746031746031746,0.7992520397679184,1.1858811143687866,0,1,0.7132929180006613,1.169785292000597,UWaveGestureLibraryAll,2489
2,2,0.05,hydra,feature_ablation,0.0,0.0,0.23174603174603176,0.1863237206200048,0.21639490991645882,0,0,0.7132929180006613,0.048657854000339285,UWaveGestureLibraryAll,2489
2,2,0.1,hydra,feature_ablation,0.0,0.0,0.4973544973544973,0.19759944510664074,0.22266494366694545,0,0,0.7132929180006613,0.048657854000339285,UWaveGestureLibraryAll,2489
2,2,0.2,hydra,feature_ablation,0.26,0.4126984126984127,0.11746031746031746,0.7992520397679184,1.1858810769183106,0,1,0.7132929180006613,0.048657854000339285,UWaveGestureLibraryAll,2489
2,2,0.05,hydra,tshap_centroid,0.0,0.0,0.1619047619047619,0.1863237206200048,0.21113893636550274,0,0,0.7132929180006613,0.22406116999991355,UWaveGestureLibraryAll,2489
2,2,0.1,hydra,tshap_centroid,0.0,0.0,0.1671957671957672,0.19759944510664074,0.5437624741005123,0,0,0.7132929180006613,0.22406116999991355,UWaveGestureLibraryAll,2489
2,2,0.2,hydra,tshap_centroid,0.3548387096774194,0.5238095238095238,0.09523809523809523,0.7992520397679184,1.3365873733164855,0,1,0.7132929180006613,0.22406116999991355,UWaveGestureLibraryAll,2489
2,2,0.05,hydra,tshap_zero,0.0,0.0,0.19047619047619047,0.1863237206200048,0.49836911491791724,0,0,0.7132929180006613,0.22774113500054227,UWaveGestureLibraryAll,2489
2,2,0.1,hydra,tshap_zero,0.0,0.0,0.18306878306878308,0.19759944510664074,0.6660079384390636,0,0,0.7132929180006613,0.22774113500054227,UWaveGestureLibraryAll,2489
2,2,0.2,hydra,tshap_zero,0.2727272727272727,0.42857142857142855,0.11428571428571428,0.7992520397679184,1.2164662677242783,0,1,0.7132929180006613,0.22774113500054227,UWaveGestureLibraryAll,2489
2,2,0.05,hydra,mrsqm,0.0,0.0,0.32063492063492066,0.1863237206200048,0.22955931917211503,0,0,0.7132929180006613,2.8774000384146348e-05,UWaveGestureLibraryAll,2489
2,2,0.1,hydra,mrsqm,0.0,0.0,0.3037037037037037,0.19759944510664074,0.24225414277594925,0,0,0.7132929180006613,2.8774000384146348e-05,UWaveGestureLibraryAll,2489
2,2,0.2,hydra,mrsqm,0.0,0.0,0.21904761904761905,0.7992520397679184,1.1459142426937983,0,1,0.7132929180006613,2.8774000384146348e-05,UWaveGestureLibraryAll,2489
2,2,0.05,shapley_sampling,feature_ablation,0.0,0.0,0.4507936507936508,0.3751848498192305,0.21639490991645882,0,0,1.169785292000597,0.048657854000339285,UWaveGestureLibraryAll,2489
2,2,0.1,shapley_sampling,feature_ablation,0.0,0.0,0.6994708994708995,0.5774271387151148,0.22266494366694545,0,0,1.169785292000597,0.048657854000339285,UWaveGestureLibraryAll,2489
2,2,0.2,shapley_sampling,feature_ablation,1.0,1.0,0.0,1.1858811143687866,1.1858810769183106,1,1,1.169785292000597,0.048657854000339285,UWaveGestureLibraryAll,2489
2,2,0.05,shapley_sampling,tshap_centroid,0.0,0.0,0.05714285714285714,0.3751848498192305,0.21113893636550274,0,0,1.169785292000597,0.22406116999991355,UWaveGestureLibraryAll,2489
2,2,0.1,shapley_sampling,tshap_centroid,0.48031496062992124,0.648936170212766,0.03492063492063492,0.5774271387151148,0.5437624741005123,0,0,1.169785292000597,0.22406116999991355,UWaveGestureLibraryAll,2489
2,2,0.2,shapley_sampling,tshap_centroid,0.8,0.8888888888888888,0.022222222222222223,1.1858811143687866,1.3365873733164855,1,1,1.169785292000597,0.22406116999991355,UWaveGestureLibraryAll,2489
2,2,0.05,shapley_sampling,tshap_zero,0.2702702702702703,0.425531914893617,0.02857142857142857,0.3751848498192305,0.49836911491791724,0,0,1.169785292000597,0.22774113500054227,UWaveGestureLibraryAll,2489
2,2,0.1,shapley_sampling,tshap_zero,0.6785714285714286,0.8085106382978723,0.01904761904761905,0.5774271387151148,0.6660079384390636,0,0,1.169785292000597,0.22774113500054227,UWaveGestureLibraryAll,2489
2,2,0.2,shapley_sampling,tshap_zero,0.96875,0.9841269841269841,0.0031746031746031746,1.1858811143687866,1.2164662677242783,1,1,1.169785292000597,0.22774113500054227,UWaveGestureLibraryAll,2489
2,2,0.05,shapley_sampling,mrsqm,0.0,0.0,0.10158730158730159,0.3751848498192305,0.22955931917211503,0,0,1.169785292000597,2.8774000384146348e-05,UWaveGestureLibraryAll,2489
2,2,0.1,shapley_sampling,mrsqm,0.0,0.0,0.10158730158730159,0.5774271387151148,0.24225414277594925,0,0,1.169785292000597,2.8774000384146348e-05,UWaveGestureLibraryAll,2489
2,2,0.2,shapley_sampling,mrsqm,0.3263157894736842,0.49206349206349204,0.10158730158730159,1.1858811143687866,1.1459142426937983,1,1,1.169785292000597,2.8774000384146348e-05,UWaveGestureLibraryAll,2489
2,2,0.05,feature_ablation,tshap_centroid,0.0,0.0,0.39365079365079364,0.21639490991645882,0.21113893636550274,0,0,0.048657854000339285,0.22406116999991355,UWaveGestureLibraryAll,2489
2,2,0.1,feature_ablation,tshap_centroid,0.0,0.0,0.6645502645502646,0.22266494366694545,0.5437624741005123,0,0,0.048657854000339285,0.22406116999991355,UWaveGestureLibraryAll,2489
2,2,0.2,feature_ablation,tshap_centroid,0.8,0.8888888888888888,0.022222222222222223,1.1858810769183106,1.3365873733164855,1,1,0.048657854000339285,0.22406116999991355,UWaveGestureLibraryAll,2489
2,2,0.05,feature_ablation,tshap_zero,0.0,0.0,0.4222222222222222,0.21639490991645882,0.49836911491791724,0,0,0.048657854000339285,0.22774113500054227,UWaveGestureLibraryAll,2489
2,2,0.1,feature_ablation,tshap_zero,0.0,0.0,0.6804232804232804,0.22266494366694545,0.6660079384390636,0,0,0.048657854000339285,0.22774113500054227,UWaveGestureLibraryAll,2489
2,2,0.2,feature_ablation,tshap_zero,0.96875,0.9841269841269841,0.0031746031746031746,1.1858810769183106,1.2164662677242783,1,1,0.048657854000339285,0.22774113500054227,UWaveGestureLibraryAll,2489
2,2,0.05,feature_ablation,mrsqm,0.0,0.0,0.5523809523809524,0.21639490991645882,0.22955931917211503,0,0,0.048657854000339285,2.8774000384146348e-05,UWaveGestureLibraryAll,2489
2,2,0.1,feature_ablation,mrsqm,0.0,0.0,0.801058201058201,0.22266494366694545,0.24225414277594925,0,0,0.048657854000339285,2.8774000384146348e-05,UWaveGestureLibraryAll,2489
2,2,0.2,feature_ablation,mrsqm,0.3263157894736842,0.49206349206349204,0.10158730158730159,1.1858810769183106,1.1459142426937983,1,1,0.048657854000339285,2.8774000384146348e-05,UWaveGestureLibraryAll,2489
2,2,0.05,tshap_centroid,tshap_zero,0.2702702702702703,0.425531914893617,0.02857142857142857,0.21113893636550274,0.49836911491791724,0,0,0.22406116999991355,0.22774113500054227,UWaveGestureLibraryAll,2489
2,2,0.1,tshap_centroid,tshap_zero,0.7247706422018348,0.8404255319148937,0.015873015873015872,0.5437624741005123,0.6660079384390636,0,0,0.22406116999991355,0.22774113500054227,UWaveGestureLibraryAll,2489
2,2,0.2,tshap_centroid,tshap_zero,0.8260869565217391,0.9047619047619048,0.01904761904761905,1.3365873733164855,1.2164662677242783,1,1,0.22406116999991355,0.22774113500054227,UWaveGestureLibraryAll,2489
2,2,0.05,tshap_centroid,mrsqm,0.0,0.0,0.15873015873015872,0.21113893636550274,0.22955931917211503,0,0,0.22406116999991355,2.8774000384146348e-05,UWaveGestureLibraryAll,2489
2,2,0.1,tshap_centroid,mrsqm,0.0,0.0,0.1365079365079365,0.5437624741005123,0.24225414277594925,0,0,0.22406116999991355,2.8774000384146348e-05,UWaveGestureLibraryAll,2489
2,2,0.2,tshap_centroid,mrsqm,0.23529411764705882,0.38095238095238093,0.12380952380952381,1.3365873733164855,1.1459142426937983,1,1,0.22406116999991355,2.8774000384146348e-05,UWaveGestureLibraryAll,2489
2,2,0.05,tshap_zero,mrsqm,0.0,0.0,0.13015873015873017,0.49836911491791724,0.22955931917211503,0,0,0.22774113500054227,2.8774000384146348e-05,UWaveGestureLibraryAll,2489
2,2,0.1,tshap_zero,mrsqm,0.0,0.0,0.12063492063492064,0.6660079384390636,0.24225414277594925,0,0,0.22774113500054227,2.8774000384146348e-05,UWaveGestureLibraryAll,2489
2,2,0.2,tshap_zero,mrsqm,0.3125,0.47619047619047616,0.10476190476190476,1.2164662677242783,1.1459142426937983,1,1,0.22774113500054227,2.8774000384146348e-05,UWaveGestureLibraryAll,2489
1,1,0.05,hydra,shapley_sampling,0.0,0.0,0.2052910052910053,0.2957770774053241,0.28114990071308754,0,0,0.7109065600016038,1.1695504400013306,UWaveGestureLibraryAll,1881
1,1,0.1,hydra,shapley_sampling,0.08670520231213873,0.1595744680851064,0.0835978835978836,0.34181459990476104,0.3854813656336231,0,0,0.7109065600016038,1.1695504400013306,UWaveGestureLibraryAll,1881
1,1,0.2,hydra,shapley_sampling,0.0,0.0,0.47513227513227513,0.23356064949299515,0.5462162451479047,0,0,0.7109065600016038,1.1695504400013306,UWaveGestureLibraryAll,1881
1,1,0.05,hydra,feature_ablation,0.0,0.0,0.10582010582010581,0.2957770774053241,0.43513425067016387,0,0,0.7109065600016038,0.048661461001756834,UWaveGestureLibraryAll,1881
1,1,0.1,hydra,feature_ablation,0.08670520231213873,0.1595744680851064,0.0835978835978836,0.34181459990476104,0.3854813795878129,0,0,0.7109065600016038,0.048661461001756834,UWaveGestureLibraryAll,1881
1,1,0.2,hydra,feature_ablation,0.0,0.0,0.4740740740740741,0.23356064949299515,0.5477314042988094,0,0,0.7109065600016038,0.048661461001756834,UWaveGestureLibraryAll,1881
1,1,0.05,hydra,tshap_centroid,0.0,0.0,0.10899470899470899,0.2957770774053241,0.4387047011287397,0,0,0.7109065600016038,0.22673697299978812,UWaveGestureLibraryAll,1881
1,1,0.1,hydra,tshap_centroid,0.26174496644295303,0.4148936170212766,0.0582010582010582,0.34181459990476104,0.5940926934349139,0,0,0.7109065600016038,0.22673697299978812,UWaveGestureLibraryAll,1881
1,1,0.2,hydra,tshap_centroid,0.0,0.0,0.5015873015873016,0.23356064949299515,0.40822838335960443,0,0,0.7109065600016038,0.22673697299978812,UWaveGestureLibraryAll,1881
1,1,0.05,hydra,tshap_zero,0.0,0.0,0.6645502645502646,0.2957770774053241,0.2916594688540062,0,0,0.7109065600016038,0.22857821299839998,UWaveGestureLibraryAll,1881
1,1,0.1,hydra,tshap_zero,0.0,0.0,0.5037037037037037,0.34181459990476104,0.25338081319861083,0,0,0.7109065600016038,0.22857821299839998,UWaveGestureLibraryAll,1881
1,1,0.2,hydra,tshap_zero,0.7027027027027027,0.8253968253968254,0.03492063492063492,0.23356064949299515,0.18715517316175978,0,0,0.7109065600016038,0.22857821299839998,UWaveGestureLibraryAll,1881
1,1,0.05,hydra,mrsqm,0.0,0.0,0.8074074074074075,0.2957770774053241,-0.11968790657580786,0,0,0.7109065600016038,2.8182999812997878e-05,UWaveGestureLibraryAll,1881
1,1,0.1,hydra,mrsqm,0.0,0.0,0.617989417989418,0.34181459990476104,-0.22812583572723333,0,0,0.7109065600016038,2.8182999812997878e-05,UWaveGestureLibraryAll,1881
1,1,0.2,hydra,mrsqm,0.22330097087378642,0.36507936507936506,0.12698412698412698,0.23356064949299515,0.08199584038867958,0,0,0.7109065600016038,2.8182999812997878e-05,UWaveGestureLibraryAll,1881
1,1,0.05,shapley_sampling,feature_ablation,0.0,0.0,0.09947089947089947,0.28114990071308754,0.43513425067016387,0,0,1.1695504400013306,0.048661461001756834,UWaveGestureLibraryAll,1881
1,1,0.1,shapley_sampling,feature_ablation,1.0,1.0,0.0,0.3854813656336231,0.3854813795878129,0,0,1.1695504400013306,0.048661461001756834,UWaveGestureLibraryAll,1881
1,1,0.2,shapley_sampling,feature_ablation,0.9894736842105263,0.9947089947089947,0.0010582010582010583,0.5462162451479047,0.5477314042988094,0,0,1.1695504400013306,0.048661461001756834,UWaveGestureLibraryAll,1881
1,1,0.05,shapley_sampling,tshap_centroid,0.0,0.0,0.0962962962962963,0.28114990071308754,0.4387047011287397,0,0,1.1695504400013306,0.22673697299978812,UWaveGestureLibraryAll,1881
1,1,0.1,shapley_sampling,tshap_centroid,0.5932203389830508,0.7446808510638298,0.025396825396825397,0.3854813656336231,0.5940926934349139,0,0,1.1695504400013306,0.22673697299978812,UWaveGestureLibraryAll,1881
1,1,0.2,shapley_sampling,tshap_centroid,0.7663551401869159,0.8677248677248677,0.026455026455026454,0.5462162451479047,0.40822838335960443,0,0,1.1695504400013306,0.22673697299978812,UWaveGestureLibraryAll,1881
1,1,0.05,shapley_sampling,tshap_zero,0.0,0.0,0.45925925925925926,0.28114990071308754,0.2916594688540062,0,0,1.1695504400013306,0.22857821299839998,UWaveGestureLibraryAll,1881
1,1,0.1,shapley_sampling,tshap_zero,0.0,0.0,0.5873015873015873,0.3854813656336231,0.25338081319861083,0,0,1.1695504400013306,0.22857821299839998,UWaveGestureLibraryAll,1881
1,1,0.2,shapley_sampling,tshap_zero,0.0,0.0,0.5100529100529101,0.5462162451479047,0.18715517316175978,0,0,1.1695504400013306,0.22857821299839998,UWaveGestureLibraryAll,1881
1,1,0.05,shapley_sampling,mrsqm,0.0,0.0,0.6021164021164022,0.28114990071308754,-0.11968790657580786,0,0,1.1695504400013306,2.8182999812997878e-05,UWaveGestureLibraryAll,1881
1,1,0.1,shapley_sampling,mrsqm,0.0,0.0,0.7015873015873015,0.3854813656336231,-0.22812583572723333,0,0,1.1695504400013306,2.8182999812997878e-05,UWaveGestureLibraryAll,1881
1,1,0.2,shapley_sampling,mrsqm,0.0,0.0,0.6021164021164022,0.5462162451479047,0.08199584038867958,0,0,1.1695504400013306,2.8182999812997878e-05,UWaveGestureLibraryAll,1881
1,1,0.05,feature_ablation,tshap_centroid,0.88,0.9361702127659575,0.0031746031746031746,0.43513425067016387,0.4387047011287397,0,0,0.048661461001756834,0.22673697299978812,UWaveGestureLibraryAll,1881
1,1,0.1,feature_ablation,tshap_centroid,0.5932203389830508,0.7446808510638298,0.025396825396825397,0.3854813795878129,0.5940926934349139,0,0,0.048661461001756834,0.22673697299978812,UWaveGestureLibraryAll,1881
1,1,0.2,feature_ablation,tshap_centroid,0.7581395348837209,0.8624338624338624,0.027513227513227514,0.5477314042988094,0.40822838335960443,0,0,0.048661461001756834,0.22673697299978812,UWaveGestureLibraryAll,1881
1,1,0.05,feature_ablation,tshap_zero,0.0,0.0,0.5587301587301587,0.43513425067016387,0.2916594688540062,0,0,0.048661461001756834,0.22857821299839998,UWaveGestureLibraryAll,1881
1,1,0.1,feature_ablation,tshap_zero,0.0,0.0,0.5873015873015873,0.3854813795878129,0.25338081319861083,0,0,0.048661461001756834,0.22857821299839998,UWaveGestureLibraryAll,1881
1,1,0.2,feature_ablation,tshap_zero,0.0,0.0,0.508994708994709,0.5477314042988094,0.18715517316175978,0,0,0.048661461001756834,0.22857821299839998,UWaveGestureLibraryAll,1881
1,1,0.05,feature_ablation,mrsqm,0.0,0.0,0.7015873015873015,0.43513425067016387,-0.11968790657580786,0,0,0.048661461001756834,2.8182999812997878e-05,UWaveGestureLibraryAll,1881
1,1,0.1,feature_ablation,mrsqm,0.0,0.0,0.7015873015873015,0.3854813795878129,-0.22812583572723333,0,0,0.048661461001756834,2.8182999812997878e-05,UWaveGestureLibraryAll,1881
1,1,0.2,feature_ablation,mrsqm,0.0,0.0,0.6010582010582011,0.5477314042988094,0.08199584038867958,0,0,0.048661461001756834,2.8182999812997878e-05,UWaveGestureLibraryAll,1881
1,1,0.05,tshap_centroid,tshap_zero,0.0,0.0,0.5555555555555556,0.4387047011287397,0.2916594688540062,0,0,0.22673697299978812,0.22857821299839998,UWaveGestureLibraryAll,1881
1,1,0.1,tshap_centroid,tshap_zero,0.0,0.0,0.5619047619047619,0.5940926934349139,0.25338081319861083,0,0,0.22673697299978812,0.22857821299839998,UWaveGestureLibraryAll,1881
1,1,0.2,tshap_centroid,tshap_zero,0.0,0.0,0.5365079365079365,0.40822838335960443,0.18715517316175978,0,0,0.22673697299978812,0.22857821299839998,UWaveGestureLibraryAll,1881
1,1,0.05,tshap_centroid,mrsqm,0.0,0.0,0.6984126984126984,0.4387047011287397,-0.11968790657580786,0,0,0.22673697299978812,2.8182999812997878e-05,UWaveGestureLibraryAll,1881
1,1,0.1,tshap_centroid,mrsqm,0.0,0.0,0.6761904761904762,0.5940926934349139,-0.22812583572723333,0,0,0.22673697299978812,2.8182999812997878e-05,UWaveGestureLibraryAll,1881
1,1,0.2,tshap_centroid,mrsqm,0.0,0.0,0.6285714285714286,0.40822838335960443,0.08199584038867958,0,0,0.22673697299978812,2.8182999812997878e-05,UWaveGestureLibraryAll,1881
1,1,0.05,tshap_zero,mrsqm,0.0,0.0,0.14285714285714285,0.2916594688540062,-0.11968790657580786,0,0,0.22857821299839998,2.8182999812997878e-05,UWaveGestureLibraryAll,1881
1,1,0.1,tshap_zero,mrsqm,0.0,0.0,0.11428571428571428,0.25338081319861083,-0.22812583572723333,0,0,0.22857821299839998,2.8182999812997878e-05,UWaveGestureLibraryAll,1881
1,1,0.2,tshap_zero,mrsqm,0.3695652173913043,0.5396825396825397,0.09206349206349207,0.18715517316175978,0.08199584038867958,0,0,0.22857821299839998,2.8182999812997878e-05,UWaveGestureLibraryAll,1881
