true_label,pred_label,fraction,method_a,method_b,iou,overlap_fraction,normalised_centre_distance,score_drop_a,score_drop_b,flipped_a,flipped_b,explain_time_a_s,explain_time_b_s,dataset,sample_idx
30,30,0.05,hydra,shapley_sampling,0.0,0.0,0.69,0.07534024655951038,0.019987525948345852,1,0,1.735251755999343,1.1691936460010766,PigCVP,146
30,30,0.1,hydra,shapley_sampling,0.0,0.0,0.1125,0.07096420799864206,0.11655342329410157,1,0,1.735251755999343,1.1691936460010766,PigCVP,146
30,30,0.2,hydra,shapley_sampling,0.8264840182648402,0.905,0.019,0.18622394068512904,0.12904440810451046,1,1,1.735251755999343,1.1691936460010766,PigCVP,146
30,30,0.05,hydra,feature_ablation,0.0,0.0,0.59,0.07534024655951038,0.019785848758935964,1,1,1.735251755999343,0.056900265997683164,PigCVP,146
30,30,0.1,hydra,feature_ablation,0.7777777777777778,0.875,0.0125,0.07096420799864206,0.07178043605732737,1,1,1.735251755999343,0.056900265997683164,PigCVP,146
30,30,0.2,hydra,feature_ablation,0.8264840182648402,0.905,0.019,0.18622394068512904,0.12904441349891882,1,1,1.735251755999343,0.056900265997683164,PigCVP,146
30,30,0.05,hydra,tshap_centroid,0.0,0.0,0.189,0.07534024655951038,0.06144587376946786,1,1,1.735251755999343,1.4485953699986567,PigCVP,146
30,30,0.1,hydra,tshap_centroid,0.0,0.0,0.4135,0.07096420799864206,0.2817383103284593,1,1,1.735251755999343,1.4485953699986567,PigCVP,146
30,30,0.2,hydra,tshap_centroid,0.0,0.0,0.537,0.18622394068512904,0.3323165394722901,1,1,1.735251755999343,1.4485953699986567,PigCVP,146
30,30,0.05,hydra,tshap_zero,0.5037593984962406,0.67,0.0165,0.07534024655951038,0.07085845297681032,1,1,1.735251755999343,1.4498022539992235,PigCVP,146
30,30,0.1,hydra,tshap_zero,0.0,0.0,0.5935,0.07096420799864206,0.1895540803587339,1,1,1.735251755999343,1.4498022539992235,PigCVP,146
30,30,0.2,hydra,tshap_zero,0.0,0.0,0.593,0.18622394068512904,0.33326063441986864,1,1,1.735251755999343,1.4498022539992235,PigCVP,146
30,30,0.05,hydra,mrsqm,0.0,0.0,0.11,0.07534024655951038,0.0368443875047163,1,1,1.735251755999343,7.436999658239074e-05,PigCVP,146
30,30,0.1,hydra,mrsqm,0.0,0.0,0.6875,0.07096420799864206,0.17248182043251892,1,1,1.735251755999343,7.436999658239074e-05,PigCVP,146
30,30,0.2,hydra,mrsqm,0.0,0.0,0.681,0.18622394068512904,0.24807558696929022,1,1,1.735251755999343,7.436999658239074e-05,PigCVP,146
30,30,0.05,shapley_sampling,feature_ablation,0.0,0.0,0.1,0.019987525948345852,0.019785848758935964,0,1,1.1691936460010766,0.056900265997683164,PigCVP,146
30,30,0.1,shapley_sampling,feature_ablation,0.0,0.0,0.1,0.11655342329410157,0.07178043605732737,0,1,1.1691936460010766,0.056900265997683164,PigCVP,146
30,30,0.2,shapley_sampling,feature_ablation,1.0,1.0,0.0,0.12904440810451046,0.12904441349891882,1,1,1.1691936460010766,0.056900265997683164,PigCVP,146
30,30,0.05,shapley_sampling,tshap_centroid,0.0,0.0,0.501,0.019987525948345852,0.06144587376946786,0,1,1.1691936460010766,1.4485953699986567,PigCVP,146
30,30,0.1,shapley_sampling,tshap_centroid,0.0,0.0,0.526,0.11655342329410157,0.2817383103284593,0,1,1.1691936460010766,1.4485953699986567,PigCVP,146
30,30,0.2,shapley_sampling,tshap_centroid,0.0,0.0,0.556,0.12904440810451046,0.3323165394722901,1,1,1.1691936460010766,1.4485953699986567,PigCVP,146
30,30,0.05,shapley_sampling,tshap_zero,0.0,0.0,0.7065,0.019987525948345852,0.07085845297681032,0,1,1.1691936460010766,1.4498022539992235,PigCVP,146
30,30,0.1,shapley_sampling,tshap_zero,0.0,0.0,0.706,0.11655342329410157,0.1895540803587339,0,1,1.1691936460010766,1.4498022539992235,PigCVP,146
30,30,0.2,shapley_sampling,tshap_zero,0.0,0.0,0.612,0.12904440810451046,0.33326063441986864,1,1,1.1691936460010766,1.4498022539992235,PigCVP,146
30,30,0.05,shapley_sampling,mrsqm,0.0,0.0,0.8,0.019987525948345852,0.0368443875047163,0,1,1.1691936460010766,7.436999658239074e-05,PigCVP,146
30,30,0.1,shapley_sampling,mrsqm,0.0,0.0,0.8,0.11655342329410157,0.17248182043251892,0,1,1.1691936460010766,7.436999658239074e-05,PigCVP,146
30,30,0.2,shapley_sampling,mrsqm,0.0,0.0,0.7,0.12904440810451046,0.24807558696929022,1,1,1.1691936460010766,7.436999658239074e-05,PigCVP,146
30,30,0.05,feature_ablation,tshap_centroid,0.0,0.0,0.401,0.019785848758935964,0.06144587376946786,1,1,0.056900265997683164,1.4485953699986567,PigCVP,146
30,30,0.1,feature_ablation,tshap_centroid,0.0,0.0,0.426,0.07178043605732737,0.2817383103284593,1,1,0.056900265997683164,1.4485953699986567,PigCVP,146
30,30,0.2,feature_ablation,tshap_centroid,0.0,0.0,0.556,0.12904441349891882,0.3323165394722901,1,1,0.056900265997683164,1.4485953699986567,PigCVP,146
30,30,0.05,feature_ablation,tshap_zero,0.0,0.0,0.6065,0.019785848758935964,0.07085845297681032,1,1,0.056900265997683164,1.4498022539992235,PigCVP,146
30,30,0.1,feature_ablation,tshap_zero,0.0,0.0,0.606,0.07178043605732737,0.1895540803587339,1,1,0.056900265997683164,1.4498022539992235,PigCVP,146
30,30,0.2,feature_ablation,tshap_zero,0.0,0.0,0.612,0.12904441349891882,0.33326063441986864,1,1,0.056900265997683164,1.4498022539992235,PigCVP,146
30,30,0.05,feature_ablation,mrsqm,0.0,0.0,0.7,0.019785848758935964,0.0368443875047163,1,1,0.056900265997683164,7.436999658239074e-05,PigCVP,146
30,30,0.1,feature_ablation,mrsqm,0.0,0.0,0.7,0.07178043605732737,0.17248182043251892,1,1,0.056900265997683164,7.436999658239074e-05,PigCVP,146
30,30,0.2,feature_ablation,mrsqm,0.0,0.0,0.7,0.12904441349891882,0.24807558696929022,1,1,0.056900265997683164,7.436999658239074e-05,PigCVP,146
30,30,0.05,tshap_centroid,tshap_zero,0.0,0.0,0.2055,0.06144587376946786,0.07085845297681032,1,1,1.4485953699986567,1.4498022539992235,PigCVP,146
30,30,0.1,tshap_centroid,tshap_zero,0.0,0.0,0.18,0.2817383103284593,0.1895540803587339,1,1,1.4485953699986567,1.4498022539992235,PigCVP,146
30,30,0.2,tshap_centroid,tshap_zero,0.5625,0.72,0.056,0.3323165394722901,0.33326063441986864,1,1,1.4485953699986567,1.4498022539992235,PigCVP,146
30,30,0.05,tshap_centroid,mrsqm,0.0,0.0,0.299,0.06144587376946786,0.0368443875047163,1,1,1.4485953699986567,7.436999658239074e-05,PigCVP,146
30,30,0.1,tshap_centroid,mrsqm,0.0,0.0,0.274,0.2817383103284593,0.17248182043251892,1,1,1.4485953699986567,7.436999658239074e-05,PigCVP,146
30,30,0.2,tshap_centroid,mrsqm,0.16279069767441862,0.28,0.144,0.3323165394722901,0.24807558696929022,1,1,1.4485953699986567,7.436999658239074e-05,PigCVP,146
30,30,0.05,tshap_zero,mrsqm,0.0,0.0,0.0935,0.07085845297681032,0.0368443875047163,1,1,1.4498022539992235,7.436999658239074e-05,PigCVP,146
30,30,0.1,tshap_zero,mrsqm,0.030927835051546393,0.06,0.094,0.1895540803587339,0.17248182043251892,1,1,1.4498022539992235,7.436999658239074e-05,PigCVP,146
30,30,0.2,tshap_zero,mrsqm,0.3888888888888889,0.56,0.088,0.33326063441986864,0.24807558696929022,1,1,1.4498022539992235,7.436999658239074e-05,PigCVP,146
30,30,0.05,hydra,shapley_sampling,0.0,0.0,0.6315,-0.03322065947495223,-0.07009428013059016,0,0,1.7549049980007112,1.201552067999728,PigCVP,145
30,30,0.1,hydra,shapley_sampling,0.0,0.0,0.598,-0.022250288473217195,-0.13142345694682644,0,0,1.7549049980007112,1.201552067999728,PigCVP,145
30,30,0.2,hydra,shapley_sampling,0.12994350282485875,0.23,0.154,0.15847106360166707,0.14685114479723071,0,1,1.7549049980007112,1.201552067999728,PigCVP,145
30,30,0.05,hydra,feature_ablation,0.0,0.0,0.6315,-0.03322065947495223,-0.07009426341153757,0,0,1.7549049980007112,0.04858010899988585,PigCVP,145
30,30,0.1,hydra,feature_ablation,0.0,0.0,0.598,-0.022250288473217195,-0.1314234751234855,0,0,1.7549049980007112,0.04858010899988585,PigCVP,145
30,30,0.2,hydra,feature_ablation,0.0,0.0,0.654,0.15847106360166707,-0.23432731372525284,0,0,1.7549049980007112,0.04858010899988585,PigCVP,145
30,30,0.05,hydra,tshap_centroid,0.0,0.0,0.0715,-0.03322065947495223,0.20049563075534949,0,0,1.7549049980007112,1.4197755650020554,PigCVP,145
30,30,0.1,hydra,tshap_centroid,0.12359550561797752,0.22,0.078,-0.022250288473217195,0.19296699297498643,0,0,1.7549049980007112,1.4197755650020554,PigCVP,145
30,30,0.2,hydra,tshap_centroid,0.5065913370998116,0.6725,0.0655,0.15847106360166707,0.12454421253660874,0,0,1.7549049980007112,1.4197755650020554,PigCVP,145
30,30,0.05,hydra,tshap_zero,0.0,0.0,0.0765,-0.03322065947495223,0.15243872755145316,0,0,1.7549049980007112,1.4222909359996265,PigCVP,145
30,30,0.1,hydra,tshap_zero,0.0,0.0,0.116,-0.022250288473217195,0.20984994981616434,0,0,1.7549049980007112,1.4222909359996265,PigCVP,145
30,30,0.2,hydra,tshap_zero,0.0,0.0,0.226,0.15847106360166707,0.2566978634495318,0,1,1.7549049980007112,1.4222909359996265,PigCVP,145
30,30,0.05,hydra,mrsqm,0.0,0.0,0.3185,-0.03322065947495223,0.04261450504601305,0,0,1.7549049980007112,7.944999742903747e-05,PigCVP,145
30,30,0.1,hydra,mrsqm,0.0,0.0,0.302,-0.022250288473217195,0.08177982935645445,0,0,1.7549049980007112,7.944999742903747e-05,PigCVP,145
30,30,0.2,hydra,mrsqm,0.15606936416184972,0.27,0.146,0.15847106360166707,0.06936807522444743,0,0,1.7549049980007112,7.944999742903747e-05,PigCVP,145
30,30,0.05,shapley_sampling,feature_ablation,1.0,1.0,0.0,-0.07009428013059016,-0.07009426341153757,0,0,1.201552067999728,0.04858010899988585,PigCVP,145
30,30,0.1,shapley_sampling,feature_ablation,1.0,1.0,0.0,-0.13142345694682644,-0.1314234751234855,0,0,1.201552067999728,0.04858010899988585,PigCVP,145
30,30,0.2,shapley_sampling,feature_ablation,0.0,0.0,0.5,0.14685114479723071,-0.23432731372525284,1,0,1.201552067999728,0.04858010899988585,PigCVP,145
30,30,0.05,shapley_sampling,tshap_centroid,0.0,0.0,0.703,-0.07009428013059016,0.20049563075534949,0,0,1.201552067999728,1.4197755650020554,PigCVP,145
30,30,0.1,shapley_sampling,tshap_centroid,0.0,0.0,0.676,-0.13142345694682644,0.19296699297498643,0,0,1.201552067999728,1.4197755650020554,PigCVP,145
30,30,0.2,shapley_sampling,tshap_centroid,0.38648180242634317,0.5575,0.0885,0.14685114479723071,0.12454421253660874,1,0,1.201552067999728,1.4197755650020554,PigCVP,145
30,30,0.05,shapley_sampling,tshap_zero,0.0,0.0,0.708,-0.07009428013059016,0.15243872755145316,0,0,1.201552067999728,1.4222909359996265,PigCVP,145
30,30,0.1,shapley_sampling,tshap_zero,0.0,0.0,0.482,-0.13142345694682644,0.20984994981616434,0,0,1.201552067999728,1.4222909359996265,PigCVP,145
30,30,0.2,shapley_sampling,tshap_zero,0.47058823529411764,0.64,0.072,0.14685114479723071,0.2566978634495318,1,1,1.201552067999728,1.4222909359996265,PigCVP,145
30,30,0.05,shapley_sampling,mrsqm,0.0,0.0,0.95,-0.07009428013059016,0.04261450504601305,0,0,1.201552067999728,7.944999742903747e-05,PigCVP,145
30,30,0.1,shapley_sampling,mrsqm,0.0,0.0,0.9,-0.13142345694682644,0.08177982935645445,0,0,1.201552067999728,7.944999742903747e-05,PigCVP,145
30,30,0.2,shapley_sampling,mrsqm,0.0,0.0,0.3,0.14685114479723071,0.06936807522444743,1,0,1.201552067999728,7.944999742903747e-05,PigCVP,145
30,30,0.05,feature_ablation,tshap_centroid,0.0,0.0,0.703,-0.07009426341153757,0.20049563075534949,0,0,0.04858010899988585,1.4197755650020554,PigCVP,145
30,30,0.1,feature_ablation,tshap_centroid,0.0,0.0,0.676,-0.1314234751234855,0.19296699297498643,0,0,0.04858010899988585,1.4197755650020554,PigCVP,145
30,30,0.2,feature_ablation,tshap_centroid,0.0,0.0,0.5885,-0.23432731372525284,0.12454421253660874,0,0,0.04858010899988585,1.4197755650020554,PigCVP,145
30,30,0.05,feature_ablation,tshap_zero,0.0,0.0,0.708,-0.07009426341153757,0.15243872755145316,0,0,0.04858010899988585,1.4222909359996265,PigCVP,145
30,30,0.1,feature_ablation,tshap_zero,0.0,0.0,0.482,-0.1314234751234855,0.20984994981616434,0,0,0.04858010899988585,1.4222909359996265,PigCVP,145
30,30,0.2,feature_ablation,tshap_zero,0.0,0.0,0.428,-0.23432731372525284,0.2566978634495318,0,1,0.04858010899988585,1.4222909359996265,PigCVP,145
30,30,0.05,feature_ablation,mrsqm,0.0,0.0,0.95,-0.07009426341153757,0.04261450504601305,0,0,0.04858010899988585,7.944999742903747e-05,PigCVP,145
30,30,0.1,feature_ablation,mrsqm,0.0,0.0,0.9,-0.1314234751234855,0.08177982935645445,0,0,0.04858010899988585,7.944999742903747e-05,PigCVP,145
30,30,0.2,feature_ablation,mrsqm,0.0,0.0,0.8,-0.23432731372525284,0.06936807522444743,0,0,0.04858010899988585,7.944999742903747e-05,PigCVP,145
30,30,0.05,tshap_centroid,tshap_zero,0.8181818181818182,0.9,0.005,0.20049563075534949,0.15243872755145316,0,0,1.4197755650020554,1.4222909359996265,PigCVP,145
30,30,0.1,tshap_centroid,tshap_zero,0.0,0.0,0.194,0.19296699297498643,0.20984994981616434,0,0,1.4197755650020554,1.4222909359996265,PigCVP,145
30,30,0.2,tshap_centroid,tshap_zero,0.10957004160887657,0.1975,0.1605,0.12454421253660874,0.2566978634495318,0,1,1.4197755650020554,1.4222909359996265,PigCVP,145
30,30,0.05,tshap_centroid,mrsqm,0.0,0.0,0.247,0.20049563075534949,0.04261450504601305,0,0,1.4197755650020554,7.944999742903747e-05,PigCVP,145
30,30,0.1,tshap_centroid,mrsqm,0.0,0.0,0.224,0.19296699297498643,0.08177982935645445,0,0,1.4197755650020554,7.944999742903747e-05,PigCVP,145
30,30,0.2,tshap_centroid,mrsqm,0.0,0.0,0.2115,0.12454421253660874,0.06936807522444743,0,0,1.4197755650020554,7.944999742903747e-05,PigCVP,145
30,30,0.05,tshap_zero,mrsqm,0.0,0.0,0.242,0.15243872755145316,0.04261450504601305,0,0,1.4222909359996265,7.944999742903747e-05,PigCVP,145
30,30,0.1,tshap_zero,mrsqm,0.0,0.0,0.418,0.20984994981616434,0.08177982935645445,0,0,1.4222909359996265,7.944999742903747e-05,PigCVP,145
30,30,0.2,tshap_zero,mrsqm,0.0,0.0,0.372,0.2566978634495318,0.06936807522444743,1,0,1.4222909359996265,7.944999742903747e-05,PigCVP,145
2,2,0.05,hydra,shapley_sampling,0.0,0.0,0.479,0.18820140187367396,0.03848091841282919,0,0,1.7402573279978242,1.1915136929965229,PigCVP,42
2,2,0.1,hydra,shapley_sampling,0.0,0.0,0.427,0.32916454492795333,0.09672095660717028,0,0,1.7402573279978242,1.1915136929965229,PigCVP,42
2,2,0.2,hydra,shapley_sampling,0.0,0.0,0.379,0.5115572471456387,0.38323059977711604,0,0,1.7402573279978242,1.1915136929965229,PigCVP,42
2,2,0.05,hydra,feature_ablation,0.0,0.0,0.479,0.18820140187367396,0.03848091801686926,0,0,1.7402573279978242,0.047612505997676635,PigCVP,42
2,2,0.1,hydra,feature_ablation,0.0,0.0,0.323,0.32916454492795333,0.1951025453993087,0,0,1.7402573279978242,0.047612505997676635,PigCVP,42
2,2,0.2,hydra,feature_ablation,0.0,0.0,0.279,0.5115572471456387,0.3299600510780456,0,0,1.7402573279978242,0.047612505997676635,PigCVP,42
2,2,0.05,hydra,tshap_centroid,0.8518518518518519,0.92,0.004,0.18820140187367396,0.1857886467553571,0,0,1.7402573279978242,1.493482882000535,PigCVP,42
2,2,0.1,hydra,tshap_centroid,0.5037593984962406,0.67,0.033,0.32916454492795333,0.35912160812514893,0,0,1.7402573279978242,1.493482882000535,PigCVP,42
2,2,0.2,hydra,tshap_centroid,0.6949152542372882,0.82,0.036,0.5115572471456387,0.49980162495580727,0,0,1.7402573279978242,1.493482882000535,PigCVP,42
2,2,0.05,hydra,tshap_zero,0.8518518518518519,0.92,0.004,0.18820140187367396,0.15943228743042837,0,0,1.7402573279978242,1.508069767998677,PigCVP,42
2,2,0.1,hydra,tshap_zero,0.6666666666666666,0.8,0.02,0.32916454492795333,0.3221502010401702,0,0,1.7402573279978242,1.508069767998677,PigCVP,42
2,2,0.2,hydra,tshap_zero,0.6771488469601677,0.8075,0.0385,0.5115572471456387,0.49639476785191083,0,0,1.7402573279978242,1.508069767998677,PigCVP,42
2,2,0.05,hydra,mrsqm,0.0,0.0,0.479,0.18820140187367396,0.03848091355764849,0,0,1.7402573279978242,8.295600127894431e-05,PigCVP,42
2,2,0.1,hydra,mrsqm,0.0,0.0,0.427,0.32916454492795333,0.09672095759620891,0,0,1.7402573279978242,8.295600127894431e-05,PigCVP,42
2,2,0.2,hydra,mrsqm,0.0,0.0,0.421,0.5115572471456387,0.2138043458140142,0,0,1.7402573279978242,8.295600127894431e-05,PigCVP,42
2,2,0.05,shapley_sampling,feature_ablation,1.0,1.0,0.0,0.03848091841282919,0.03848091801686926,0,0,1.1915136929965229,0.047612505997676635,PigCVP,42
2,2,0.1,shapley_sampling,feature_ablation,0.0,0.0,0.75,0.09672095660717028,0.1951025453993087,0,0,1.1915136929965229,0.047612505997676635,PigCVP,42
2,2,0.2,shapley_sampling,feature_ablation,0.3333333333333333,0.5,0.1,0.38323059977711604,0.3299600510780456,0,0,1.1915136929965229,0.047612505997676635,PigCVP,42
2,2,0.05,shapley_sampling,tshap_centroid,0.0,0.0,0.483,0.03848091841282919,0.1857886467553571,0,0,1.1915136929965229,1.493482882000535,PigCVP,42
2,2,0.1,shapley_sampling,tshap_centroid,0.0,0.0,0.46,0.09672095660717028,0.35912160812514893,0,0,1.1915136929965229,1.493482882000535,PigCVP,42
2,2,0.2,shapley_sampling,tshap_centroid,0.0,0.0,0.415,0.38323059977711604,0.49980162495580727,0,0,1.1915136929965229,1.493482882000535,PigCVP,42
2,2,0.05,shapley_sampling,tshap_zero,0.0,0.0,0.475,0.03848091841282919,0.15943228743042837,0,0,1.1915136929965229,1.508069767998677,PigCVP,42
2,2,0.1,shapley_sampling,tshap_zero,0.0,0.0,0.447,0.09672095660717028,0.3221502010401702,0,0,1.1915136929965229,1.508069767998677,PigCVP,42
2,2,0.2,shapley_sampling,tshap_zero,0.0,0.0,0.4175,0.38323059977711604,0.49639476785191083,0,0,1.1915136929965229,1.508069767998677,PigCVP,42
2,2,0.05,shapley_sampling,mrsqm,1.0,1.0,0.0,0.03848091841282919,0.03848091355764849,0,0,1.1915136929965229,8.295600127894431e-05,PigCVP,42
2,2,0.1,shapley_sampling,mrsqm,1.0,1.0,0.0,0.09672095660717028,0.09672095759620891,0,0,1.1915136929965229,8.295600127894431e-05,PigCVP,42
2,2,0.2,shapley_sampling,mrsqm,0.0,0.0,0.8,0.38323059977711604,0.2138043458140142,0,0,1.1915136929965229,8.295600127894431e-05,PigCVP,42
2,2,0.05,feature_ablation,tshap_centroid,0.0,0.0,0.483,0.03848091801686926,0.1857886467553571,0,0,0.047612505997676635,1.493482882000535,PigCVP,42
2,2,0.1,feature_ablation,tshap_centroid,0.0,0.0,0.29,0.1951025453993087,0.35912160812514893,0,0,0.047612505997676635,1.493482882000535,PigCVP,42
2,2,0.2,feature_ablation,tshap_centroid,0.0,0.0,0.315,0.3299600510780456,0.49980162495580727,0,0,0.047612505997676635,1.493482882000535,PigCVP,42
2,2,0.05,feature_ablation,tshap_zero,0.0,0.0,0.475,0.03848091801686926,0.15943228743042837,0,0,0.047612505997676635,1.508069767998677,PigCVP,42
2,2,0.1,feature_ablation,tshap_zero,0.0,0.0,0.303,0.1951025453993087,0.3221502010401702,0,0,0.047612505997676635,1.508069767998677,PigCVP,42
2,2,0.2,feature_ablation,tshap_zero,0.0,0.0,0.3175,0.3299600510780456,0.49639476785191083,0,0,0.047612505997676635,1.508069767998677,PigCVP,42
2,2,0.05,feature_ablation,mrsqm,1.0,1.0,0.0,0.03848091801686926,0.03848091355764849,0,0,0.047612505997676635,8.295600127894431e-05,PigCVP,42
2,2,0.1,feature_ablation,mrsqm,0.0,0.0,0.75,0.1951025453993087,0.09672095759620891,0,0,0.047612505997676635,8.295600127894431e-05,PigCVP,42
2,2,0.2,feature_ablation,mrsqm,0.0,0.0,0.7,0.3299600510780456,0.2138043458140142,0,0,0.047612505997676635,8.295600127894431e-05,PigCVP,42
2,2,0.05,tshap_centroid,tshap_zero,0.7241379310344828,0.84,0.008,0.1857886467553571,0.15943228743042837,0,0,1.493482882000535,1.508069767998677,PigCVP,42
2,2,0.1,tshap_centroid,tshap_zero,0.7699115044247787,0.87,0.013,0.35912160812514893,0.3221502010401702,0,0,1.493482882000535,1.508069767998677,PigCVP,42
2,2,0.2,tshap_centroid,tshap_zero,0.9753086419753086,0.9875,0.0025,0.49980162495580727,0.49639476785191083,0,0,1.493482882000535,1.508069767998677,PigCVP,42
2,2,0.05,tshap_centroid,mrsqm,0.0,0.0,0.483,0.1857886467553571,0.03848091355764849,0,0,1.493482882000535,8.295600127894431e-05,PigCVP,42
2,2,0.1,tshap_centroid,mrsqm,0.0,0.0,0.46,0.35912160812514893,0.09672095759620891,0,0,1.493482882000535,8.295600127894431e-05,PigCVP,42
2,2,0.2,tshap_centroid,mrsqm,0.0,0.0,0.385,0.49980162495580727,0.2138043458140142,0,0,1.493482882000535,8.295600127894431e-05,PigCVP,42
2,2,0.05,tshap_zero,mrsqm,0.0,0.0,0.475,0.15943228743042837,0.03848091355764849,0,0,1.508069767998677,8.295600127894431e-05,PigCVP,42
2,2,0.1,tshap_zero,mrsqm,0.0,0.0,0.447,0.3221502010401702,0.09672095759620891,0,0,1.508069767998677,8.295600127894431e-05,PigCVP,42
2,2,0.2,tshap_zero,mrsqm,0.0,0.0,0.3825,0.49639476785191083,0.2138043458140142,0,0,1.508069767998677,8.295600127894431e-05,PigCVP,42
43,43,0.05,hydra,shapley_sampling,0.0,0.0,0.667,0.20361084870327273,0.10060846747844165,0,0,1.7913021610002033,1.2458960549993208,PigCVP,193
43,43,0.1,hydra,shapley_sampling,0.0,0.0,0.6655,0.3831094199353875,0.2852544012335839,0,0,1.7913021610002033,1.2458960549993208,PigCVP,193
43,43,0.2,hydra,shapley_sampling,0.0,0.0,0.6485,0.6015877289821936,0.5202792819152386,0,0,1.7913021610002033,1.2458960549993208,PigCVP,193
43,43,0.05,hydra,feature_ablation,0.0,0.0,0.317,0.20361084870327273,0.16889320967371602,0,0,1.7913021610002033,0.05076633899807348,PigCVP,193
43,43,0.1,hydra,feature_ablation,0.0,0.0,0.3655,0.3831094199353875,0.28694517942171527,0,0,1.7913021610002033,0.05076633899807348,PigCVP,193
43,43,0.2,hydra,feature_ablation,0.0,0.0,0.4485,0.6015877289821936,0.46931024145092803,0,0,1.7913021610002033,0.05076633899807348,PigCVP,193
43,43,0.05,hydra,tshap_centroid,0.0,0.0,0.131,0.20361084870327273,0.13762399403857173,0,0,1.7913021610002033,1.4344679400019231,PigCVP,193
43,43,0.1,hydra,tshap_centroid,0.0,0.0,0.1575,0.3831094199353875,0.3123903896454937,0,0,1.7913021610002033,1.4344679400019231,PigCVP,193
43,43,0.2,hydra,tshap_centroid,0.1678832116788321,0.2875,0.1425,0.6015877289821936,0.5869188800962047,0,0,1.7913021610002033,1.4344679400019231,PigCVP,193
43,43,0.05,hydra,tshap_zero,0.0,0.0,0.0595,0.20361084870327273,0.2068726629268114,0,0,1.7913021610002033,1.514581318002456,PigCVP,193
43,43,0.1,hydra,tshap_zero,0.5325670498084292,0.695,0.0305,0.3831094199353875,0.3151027702206387,0,0,1.7913021610002033,1.514581318002456,PigCVP,193
43,43,0.2,hydra,tshap_zero,0.556420233463035,0.715,0.057,0.6015877289821936,0.6355033234827877,0,0,1.7913021610002033,1.514581318002456,PigCVP,193
43,43,0.05,hydra,mrsqm,0.0,0.0,0.283,0.20361084870327273,0.061023201752246514,0,0,1.7913021610002033,6.840899732196704e-05,PigCVP,193
43,43,0.1,hydra,mrsqm,0.0,0.0,0.2345,0.3831094199353875,0.21358946662870215,0,0,1.7913021610002033,6.840899732196704e-05,PigCVP,193
43,43,0.2,hydra,mrsqm,0.1379800853485064,0.2425,0.1515,0.6015877289821936,0.5394594271158106,0,0,1.7913021610002033,6.840899732196704e-05,PigCVP,193
43,43,0.05,shapley_sampling,feature_ablation,0.0,0.0,0.35,0.10060846747844165,0.16889320967371602,0,0,1.2458960549993208,0.05076633899807348,PigCVP,193
43,43,0.1,shapley_sampling,feature_ablation,0.0,0.0,0.3,0.2852544012335839,0.28694517942171527,0,0,1.2458960549993208,0.05076633899807348,PigCVP,193
43,43,0.2,shapley_sampling,feature_ablation,0.0,0.0,0.2,0.5202792819152386,0.46931024145092803,0,0,1.2458960549993208,0.05076633899807348,PigCVP,193
43,43,0.05,shapley_sampling,tshap_centroid,0.0,0.0,0.536,0.10060846747844165,0.13762399403857173,0,0,1.2458960549993208,1.4344679400019231,PigCVP,193
43,43,0.1,shapley_sampling,tshap_centroid,0.0,0.0,0.508,0.2852544012335839,0.3123903896454937,0,0,1.2458960549993208,1.4344679400019231,PigCVP,193
43,43,0.2,shapley_sampling,tshap_centroid,0.0,0.0,0.506,0.5202792819152386,0.5869188800962047,0,0,1.2458960549993208,1.4344679400019231,PigCVP,193
43,43,0.05,shapley_sampling,tshap_zero,0.0,0.0,0.7265,0.10060846747844165,0.2068726629268114,0,0,1.2458960549993208,1.514581318002456,PigCVP,193
43,43,0.1,shapley_sampling,tshap_zero,0.0,0.0,0.696,0.2852544012335839,0.3151027702206387,0,0,1.2458960549993208,1.514581318002456,PigCVP,193
43,43,0.2,shapley_sampling,tshap_zero,0.0,0.0,0.5915,0.5202792819152386,0.6355033234827877,0,0,1.2458960549993208,1.514581318002456,PigCVP,193
43,43,0.05,shapley_sampling,mrsqm,0.0,0.0,0.95,0.10060846747844165,0.061023201752246514,0,0,1.2458960549993208,6.840899732196704e-05,PigCVP,193
43,43,0.1,shapley_sampling,mrsqm,0.0,0.0,0.9,0.2852544012335839,0.21358946662870215,0,0,1.2458960549993208,6.840899732196704e-05,PigCVP,193
43,43,0.2,shapley_sampling,mrsqm,0.0,0.0,0.8,0.5202792819152386,0.5394594271158106,0,0,1.2458960549993208,6.840899732196704e-05,PigCVP,193
43,43,0.05,feature_ablation,tshap_centroid,0.0,0.0,0.186,0.16889320967371602,0.13762399403857173,0,0,0.05076633899807348,1.4344679400019231,PigCVP,193
43,43,0.1,feature_ablation,tshap_centroid,0.0,0.0,0.208,0.28694517942171527,0.3123903896454937,0,0,0.05076633899807348,1.4344679400019231,PigCVP,193
43,43,0.2,feature_ablation,tshap_centroid,0.0,0.0,0.306,0.46931024145092803,0.5869188800962047,0,0,0.05076633899807348,1.4344679400019231,PigCVP,193
43,43,0.05,feature_ablation,tshap_zero,0.0,0.0,0.3765,0.16889320967371602,0.2068726629268114,0,0,0.05076633899807348,1.514581318002456,PigCVP,193
43,43,0.1,feature_ablation,tshap_zero,0.0,0.0,0.396,0.28694517942171527,0.3151027702206387,0,0,0.05076633899807348,1.514581318002456,PigCVP,193
43,43,0.2,feature_ablation,tshap_zero,0.0,0.0,0.3915,0.46931024145092803,0.6355033234827877,0,0,0.05076633899807348,1.514581318002456,PigCVP,193
43,43,0.05,feature_ablation,mrsqm,0.0,0.0,0.6,0.16889320967371602,0.061023201752246514,0,0,0.05076633899807348,6.840899732196704e-05,PigCVP,193
43,43,0.1,feature_ablation,mrsqm,0.0,0.0,0.6,0.28694517942171527,0.21358946662870215,0,0,0.05076633899807348,6.840899732196704e-05,PigCVP,193
43,43,0.2,feature_ablation,mrsqm,0.0,0.0,0.6,0.46931024145092803,0.5394594271158106,0,0,0.05076633899807348,6.840899732196704e-05,PigCVP,193
43,43,0.05,tshap_centroid,tshap_zero,0.0,0.0,0.1905,0.13762399403857173,0.2068726629268114,0,0,1.4344679400019231,1.514581318002456,PigCVP,193
43,43,0.1,tshap_centroid,tshap_zero,0.0,0.0,0.188,0.3123903896454937,0.3151027702206387,0,0,1.4344679400019231,1.514581318002456,PigCVP,193
43,43,0.2,tshap_centroid,tshap_zero,0.4010507880910683,0.5725,0.0855,0.5869188800962047,0.6355033234827877,0,0,1.4344679400019231,1.514581318002456,PigCVP,193
43,43,0.05,tshap_centroid,mrsqm,0.0,0.0,0.414,0.13762399403857173,0.061023201752246514,0,0,1.4344679400019231,6.840899732196704e-05,PigCVP,193
43,43,0.1,tshap_centroid,mrsqm,0.0,0.0,0.392,0.3123903896454937,0.21358946662870215,0,0,1.4344679400019231,6.840899732196704e-05,PigCVP,193
43,43,0.2,tshap_centroid,mrsqm,0.0,0.0,0.294,0.5869188800962047,0.5394594271158106,0,0,1.4344679400019231,6.840899732196704e-05,PigCVP,193
43,43,0.05,tshap_zero,mrsqm,0.0,0.0,0.2235,0.2068726629268114,0.061023201752246514,0,0,1.514581318002456,6.840899732196704e-05,PigCVP,193
43,43,0.1,tshap_zero,mrsqm,0.0,0.0,0.204,0.3151027702206387,0.21358946662870215,0,0,1.514581318002456,6.840899732196704e-05,PigCVP,193
43,43,0.2,tshap_zero,mrsqm,0.0,0.0,0.2085,0.6355033234827877,0.5394594271158106,0,0,1.514581318002456,6.840899732196704e-05,PigCVP,193
38,38,0.05,hydra,shapley_sampling,0.0,0.0,0.0685,0.14575859836439287,0.1121957014779158,0,0,1.7424016679979104,1.26576868200209,PigCVP,172
38,38,0.1,hydra,shapley_sampling,0.0,0.0,0.7155,0.13139223297456182,0.061056034850539787,0,0,1.7424016679979104,1.26576868200209,PigCVP,172
38,38,0.2,hydra,shapley_sampling,0.0,0.0,0.6945,0.3888154788711352,0.30222885097518404,1,0,1.7424016679979104,1.26576868200209,PigCVP,172
38,38,0.05,hydra,feature_ablation,0.0,0.0,0.0685,0.14575859836439287,0.11219570246827892,0,0,1.7424016679979104,0.05195680200267816,PigCVP,172
38,38,0.1,hydra,feature_ablation,0.2084592145015106,0.345,0.0655,0.13139223297456182,0.08456365314706116,0,0,1.7424016679979104,0.05195680200267816,PigCVP,172
38,38,0.2,hydra,feature_ablation,0.16110304789550073,0.2775,0.1445,0.3888154788711352,0.2957501447962195,1,0,1.7424016679979104,0.05195680200267816,PigCVP,172
38,38,0.05,hydra,tshap_centroid,0.3698630136986301,0.54,0.023,0.14575859836439287,0.10383830604618871,0,0,1.7424016679979104,1.4844124000010197,PigCVP,172
38,38,0.1,hydra,tshap_centroid,0.2903225806451613,0.45,0.055,0.13139223297456182,0.2495624005694148,0,0,1.7424016679979104,1.4844124000010197,PigCVP,172
38,38,0.2,hydra,tshap_centroid,0.8867924528301887,0.94,0.012,0.3888154788711352,0.36354355596332444,1,0,1.7424016679979104,1.4844124000010197,PigCVP,172
38,38,0.05,hydra,tshap_zero,0.0,0.0,0.287,0.14575859836439287,0.03186154073785108,0,0,1.7424016679979104,1.4766517370007932,PigCVP,172
38,38,0.1,hydra,tshap_zero,0.0,0.0,0.259,0.13139223297456182,0.0691617451248493,0,0,1.7424016679979104,1.4766517370007932,PigCVP,172
38,38,0.2,hydra,tshap_zero,0.0,0.0,0.56,0.3888154788711352,0.19973666578225724,1,0,1.7424016679979104,1.4766517370007932,PigCVP,172
38,38,0.05,hydra,mrsqm,0.0,0.0,0.1815,0.14575859836439287,0.04592813209272317,0,0,1.7424016679979104,7.21159995009657e-05,PigCVP,172
38,38,0.1,hydra,mrsqm,0.0,0.0,0.1845,0.13139223297456182,0.08526196346174475,0,0,1.7424016679979104,7.21159995009657e-05,PigCVP,172
38,38,0.2,hydra,mrsqm,0.309328968903437,0.4725,0.1055,0.3888154788711352,0.3612151627597098,1,1,1.7424016679979104,7.21159995009657e-05,PigCVP,172
38,38,0.05,shapley_sampling,feature_ablation,1.0,1.0,0.0,0.1121957014779158,0.11219570246827892,0,0,1.26576868200209,0.05195680200267816,PigCVP,172
38,38,0.1,shapley_sampling,feature_ablation,0.0,0.0,0.65,0.061056034850539787,0.08456365314706116,0,0,1.26576868200209,0.05195680200267816,PigCVP,172
38,38,0.2,shapley_sampling,feature_ablation,0.0,0.0,0.55,0.30222885097518404,0.2957501447962195,0,0,1.26576868200209,0.05195680200267816,PigCVP,172
38,38,0.05,shapley_sampling,tshap_centroid,0.0,0.0,0.0915,0.1121957014779158,0.10383830604618871,0,0,1.26576868200209,1.4844124000010197,PigCVP,172
38,38,0.1,shapley_sampling,tshap_centroid,0.0,0.0,0.7705,0.061056034850539787,0.2495624005694148,0,0,1.26576868200209,1.4844124000010197,PigCVP,172
38,38,0.2,shapley_sampling,tshap_centroid,0.0,0.0,0.7065,0.30222885097518404,0.36354355596332444,0,0,1.26576868200209,1.4844124000010197,PigCVP,172
38,38,0.05,shapley_sampling,tshap_zero,0.0,0.0,0.2185,0.1121957014779158,0.03186154073785108,0,0,1.26576868200209,1.4766517370007932,PigCVP,172
38,38,0.1,shapley_sampling,tshap_zero,0.0,0.0,0.4565,0.061056034850539787,0.0691617451248493,0,0,1.26576868200209,1.4766517370007932,PigCVP,172
38,38,0.2,shapley_sampling,tshap_zero,0.19581464872944693,0.3275,0.1345,0.30222885097518404,0.19973666578225724,0,0,1.26576868200209,1.4766517370007932,PigCVP,172
38,38,0.05,shapley_sampling,mrsqm,0.0,0.0,0.25,0.1121957014779158,0.04592813209272317,0,0,1.26576868200209,7.21159995009657e-05,PigCVP,172
38,38,0.1,shapley_sampling,mrsqm,0.0,0.0,0.9,0.061056034850539787,0.08526196346174475,0,0,1.26576868200209,7.21159995009657e-05,PigCVP,172
38,38,0.2,shapley_sampling,mrsqm,0.0,0.0,0.8,0.30222885097518404,0.3612151627597098,0,1,1.26576868200209,7.21159995009657e-05,PigCVP,172
38,38,0.05,feature_ablation,tshap_centroid,0.0,0.0,0.0915,0.11219570246827892,0.10383830604618871,0,0,0.05195680200267816,1.4844124000010197,PigCVP,172
38,38,0.1,feature_ablation,tshap_centroid,0.0,0.0,0.1205,0.08456365314706116,0.2495624005694148,0,0,0.05195680200267816,1.4844124000010197,PigCVP,172
38,38,0.2,feature_ablation,tshap_centroid,0.12201963534361851,0.2175,0.1565,0.2957501447962195,0.36354355596332444,0,0,0.05195680200267816,1.4844124000010197,PigCVP,172
38,38,0.05,feature_ablation,tshap_zero,0.0,0.0,0.2185,0.11219570246827892,0.03186154073785108,0,0,0.05195680200267816,1.4766517370007932,PigCVP,172
38,38,0.1,feature_ablation,tshap_zero,0.0,0.0,0.1935,0.08456365314706116,0.0691617451248493,0,0,0.05195680200267816,1.4766517370007932,PigCVP,172
38,38,0.2,feature_ablation,tshap_zero,0.0,0.0,0.4155,0.2957501447962195,0.19973666578225724,0,0,0.05195680200267816,1.4766517370007932,PigCVP,172
38,38,0.05,feature_ablation,mrsqm,0.0,0.0,0.25,0.11219570246827892,0.04592813209272317,0,0,0.05195680200267816,7.21159995009657e-05,PigCVP,172
38,38,0.1,feature_ablation,mrsqm,0.0,0.0,0.25,0.08456365314706116,0.08526196346174475,0,0,0.05195680200267816,7.21159995009657e-05,PigCVP,172
38,38,0.2,feature_ablation,mrsqm,0.0,0.0,0.25,0.2957501447962195,0.3612151627597098,0,1,0.05195680200267816,7.21159995009657e-05,PigCVP,172
38,38,0.05,tshap_centroid,tshap_zero,0.0,0.0,0.31,0.10383830604618871,0.03186154073785108,0,0,1.4844124000010197,1.4766517370007932,PigCVP,172
38,38,0.1,tshap_centroid,tshap_zero,0.0,0.0,0.314,0.2495624005694148,0.0691617451248493,0,0,1.4844124000010197,1.4766517370007932,PigCVP,172
38,38,0.2,tshap_centroid,tshap_zero,0.0,0.0,0.572,0.36354355596332444,0.19973666578225724,0,0,1.4844124000010197,1.4766517370007932,PigCVP,172
38,38,0.05,tshap_centroid,mrsqm,0.0,0.0,0.1585,0.10383830604618871,0.04592813209272317,0,0,1.4844124000010197,7.21159995009657e-05,PigCVP,172
38,38,0.1,tshap_centroid,mrsqm,0.0,0.0,0.1295,0.2495624005694148,0.08526196346174475,0,0,1.4844124000010197,7.21159995009657e-05,PigCVP,172
38,38,0.2,tshap_centroid,mrsqm,0.3628620102214651,0.5325,0.0935,0.36354355596332444,0.3612151627597098,0,1,1.4844124000010197,7.21159995009657e-05,PigCVP,172
38,38,0.05,tshap_zero,mrsqm,0.0,0.0,0.4685,0.03186154073785108,0.04592813209272317,0,0,1.4766517370007932,7.21159995009657e-05,PigCVP,172
38,38,0.1,tshap_zero,mrsqm,0.0,0.0,0.4435,0.0691617451248493,0.08526196346174475,0,0,1.4766517370007932,7.21159995009657e-05,PigCVP,172
38,38,0.2,tshap_zero,mrsqm,0.0,0.0,0.6655,0.19973666578225724,0.3612151627597098,0,1,1.4766517370007932,7.21159995009657e-05,PigCVP,172
32,32,0.05,hydra,shapley_sampling,0.0,0.0,0.481,0.25766665215640483,0.11788345893384578,0,0,1.7663258879983914,1.1909335700001975,PigCVP,153
32,32,0.1,hydra,shapley_sampling,0.0,0.0,0.4665,0.3389761634250448,0.2837001476590659,0,0,1.7663258879983914,1.1909335700001975,PigCVP,153
32,32,0.2,hydra,shapley_sampling,0.0,0.0,0.4005,0.6347957128820354,0.5538772560630902,0,0,1.7663258879983914,1.1909335700001975,PigCVP,153
32,32,0.05,hydra,feature_ablation,0.0,0.0,0.331,0.25766665215640483,0.1671332304400146,0,0,1.7663258879983914,0.0477796910017787,PigCVP,153
32,32,0.1,hydra,feature_ablation,0.0,0.0,0.4665,0.3389761634250448,0.28370014120259,0,0,1.7663258879983914,0.0477796910017787,PigCVP,153
32,32,0.2,hydra,feature_ablation,0.0,0.0,0.4005,0.6347957128820354,0.5538772692938081,0,0,1.7663258879983914,0.0477796910017787,PigCVP,153
32,32,0.05,hydra,tshap_centroid,0.4492753623188406,0.62,0.019,0.25766665215640483,0.2535750872569942,0,0,1.7663258879983914,1.4377153189998353,PigCVP,153
32,32,0.1,hydra,tshap_centroid,0.8264840182648402,0.905,0.0095,0.3389761634250448,0.33543276451521664,0,0,1.7663258879983914,1.4377153189998353,PigCVP,153
32,32,0.2,hydra,tshap_centroid,0.9512195121951219,0.975,0.005,0.6347957128820354,0.6418445891295304,0,0,1.7663258879983914,1.4377153189998353,PigCVP,153
32,32,0.05,hydra,tshap_zero,0.0,0.0,0.3755,0.25766665215640483,0.08405372466295069,0,0,1.7663258879983914,1.4642290189985943,PigCVP,153
32,32,0.1,hydra,tshap_zero,0.0,0.0,0.3455,0.3389761634250448,0.14271595275988314,0,0,1.7663258879983914,1.4642290189985943,PigCVP,153
32,32,0.2,hydra,tshap_zero,0.0,0.0,0.3205,0.6347957128820354,0.39081513189657235,0,0,1.7663258879983914,1.4642290189985943,PigCVP,153
32,32,0.05,hydra,mrsqm,0.0,0.0,0.469,0.25766665215640483,0.1724125507580785,0,0,1.7663258879983914,7.299800199689344e-05,PigCVP,153
32,32,0.1,hydra,mrsqm,0.0,0.0,0.4335,0.3389761634250448,0.2020066539930998,0,0,1.7663258879983914,7.299800199689344e-05,PigCVP,153
32,32,0.2,hydra,mrsqm,0.0,0.0,0.3995,0.6347957128820354,0.410078358203556,0,0,1.7663258879983914,7.299800199689344e-05,PigCVP,153
32,32,0.05,shapley_sampling,feature_ablation,0.0,0.0,0.15,0.11788345893384578,0.1671332304400146,0,0,1.1909335700001975,0.0477796910017787,PigCVP,153
32,32,0.1,shapley_sampling,feature_ablation,1.0,1.0,0.0,0.2837001476590659,0.28370014120259,0,0,1.1909335700001975,0.0477796910017787,PigCVP,153
32,32,0.2,shapley_sampling,feature_ablation,1.0,1.0,0.0,0.5538772560630902,0.5538772692938081,0,0,1.1909335700001975,0.0477796910017787,PigCVP,153
32,32,0.05,shapley_sampling,tshap_centroid,0.0,0.0,0.5,0.11788345893384578,0.2535750872569942,0,0,1.1909335700001975,1.4377153189998353,PigCVP,153
32,32,0.1,shapley_sampling,tshap_centroid,0.0,0.0,0.476,0.2837001476590659,0.33543276451521664,0,0,1.1909335700001975,1.4377153189998353,PigCVP,153
32,32,0.2,shapley_sampling,tshap_centroid,0.0,0.0,0.3955,0.5538772560630902,0.6418445891295304,0,0,1.1909335700001975,1.4377153189998353,PigCVP,153
32,32,0.05,shapley_sampling,tshap_zero,0.0,0.0,0.8565,0.11788345893384578,0.08405372466295069,0,0,1.1909335700001975,1.4642290189985943,PigCVP,153
32,32,0.1,shapley_sampling,tshap_zero,0.0,0.0,0.812,0.2837001476590659,0.14271595275988314,0,0,1.1909335700001975,1.4642290189985943,PigCVP,153
32,32,0.2,shapley_sampling,tshap_zero,0.0,0.0,0.721,0.5538772560630902,0.39081513189657235,0,0,1.1909335700001975,1.4642290189985943,PigCVP,153
32,32,0.05,shapley_sampling,mrsqm,0.0,0.0,0.95,0.11788345893384578,0.1724125507580785,0,0,1.1909335700001975,7.299800199689344e-05,PigCVP,153
32,32,0.1,shapley_sampling,mrsqm,0.0,0.0,0.9,0.2837001476590659,0.2020066539930998,0,0,1.1909335700001975,7.299800199689344e-05,PigCVP,153
32,32,0.2,shapley_sampling,mrsqm,0.0,0.0,0.8,0.5538772560630902,0.410078358203556,0,0,1.1909335700001975,7.299800199689344e-05,PigCVP,153
32,32,0.05,feature_ablation,tshap_centroid,0.0,0.0,0.35,0.1671332304400146,0.2535750872569942,0,0,0.0477796910017787,1.4377153189998353,PigCVP,153
32,32,0.1,feature_ablation,tshap_centroid,0.0,0.0,0.476,0.28370014120259,0.33543276451521664,0,0,0.0477796910017787,1.4377153189998353,PigCVP,153
32,32,0.2,feature_ablation,tshap_centroid,0.0,0.0,0.3955,0.5538772692938081,0.6418445891295304,0,0,0.0477796910017787,1.4377153189998353,PigCVP,153
32,32,0.05,feature_ablation,tshap_zero,0.0,0.0,0.7065,0.1671332304400146,0.08405372466295069,0,0,0.0477796910017787,1.4642290189985943,PigCVP,153
32,32,0.1,feature_ablation,tshap_zero,0.0,0.0,0.812,0.28370014120259,0.14271595275988314,0,0,0.0477796910017787,1.4642290189985943,PigCVP,153
32,32,0.2,feature_ablation,tshap_zero,0.0,0.0,0.721,0.5538772692938081,0.39081513189657235,0,0,0.0477796910017787,1.4642290189985943,PigCVP,153
32,32,0.05,feature_ablation,mrsqm,0.0,0.0,0.8,0.1671332304400146,0.1724125507580785,0,0,0.0477796910017787,7.299800199689344e-05,PigCVP,153
32,32,0.1,feature_ablation,mrsqm,0.0,0.0,0.9,0.28370014120259,0.2020066539930998,0,0,0.0477796910017787,7.299800199689344e-05,PigCVP,153
32,32,0.2,feature_ablation,mrsqm,0.0,0.0,0.8,0.5538772692938081,0.410078358203556,0,0,0.0477796910017787,7.299800199689344e-05,PigCVP,153
32,32,0.05,tshap_centroid,tshap_zero,0.0,0.0,0.3565,0.2535750872569942,0.08405372466295069,0,0,1.4377153189998353,1.4642290189985943,PigCVP,153
32,32,0.1,tshap_centroid,tshap_zero,0.0,0.0,0.336,0.33543276451521664,0.14271595275988314,0,0,1.4377153189998353,1.4642290189985943,PigCVP,153
32,32,0.2,tshap_centroid,tshap_zero,0.0,0.0,0.3255,0.6418445891295304,0.39081513189657235,0,0,1.4377153189998353,1.4642290189985943,PigCVP,153
32,32,0.05,tshap_centroid,mrsqm,0.0,0.0,0.45,0.2535750872569942,0.1724125507580785,0,0,1.4377153189998353,7.299800199689344e-05,PigCVP,153
32,32,0.1,tshap_centroid,mrsqm,0.0,0.0,0.424,0.33543276451521664,0.2020066539930998,0,0,1.4377153189998353,7.299800199689344e-05,PigCVP,153
32,32,0.2,tshap_centroid,mrsqm,0.0,0.0,0.4045,0.6418445891295304,0.410078358203556,0,0,1.4377153189998353,7.299800199689344e-05,PigCVP,153
32,32,0.05,tshap_zero,mrsqm,0.0,0.0,0.0935,0.08405372466295069,0.1724125507580785,0,0,1.4642290189985943,7.299800199689344e-05,PigCVP,153
32,32,0.1,tshap_zero,mrsqm,0.06382978723404255,0.12,0.088,0.14271595275988314,0.2020066539930998,0,0,1.4642290189985943,7.299800199689344e-05,PigCVP,153
32,32,0.2,tshap_zero,mrsqm,0.4336917562724014,0.605,0.079,0.39081513189657235,0.410078358203556,0,0,1.4642290189985943,7.299800199689344e-05,PigCVP,153
49,49,0.05,hydra,shapley_sampling,0.0,0.0,0.8235,0.1962061358757674,-0.008027663720546085,0,0,1.7419064649984648,1.197722832999716,PigCVP,26
49,49,0.1,hydra,shapley_sampling,0.0,0.0,0.8275,0.33137045849301194,0.016955630395459886,0,0,1.7419064649984648,1.197722832999716,PigCVP,26
49,49,0.2,hydra,shapley_sampling,0.0,0.0,0.7485,0.7091167751923431,0.07068134673804116,1,0,1.7419064649984648,1.197722832999716,PigCVP,26
49,49,0.05,hydra,feature_ablation,0.0,0.0,0.8235,0.1962061358757674,-0.008027663899740967,0,0,1.7419064649984648,0.04792875200291746,PigCVP,26
49,49,0.1,hydra,feature_ablation,0.0,0.0,0.8275,0.33137045849301194,0.01695562887687707,0,0,1.7419064649984648,0.04792875200291746,PigCVP,26
49,49,0.2,hydra,feature_ablation,0.0,0.0,0.7485,0.7091167751923431,0.07068134908371726,1,0,1.7419064649984648,0.04792875200291746,PigCVP,26
49,49,0.05,hydra,tshap_centroid,0.25,0.4,0.03,0.1962061358757674,0.24509063222659577,0,0,1.7419064649984648,1.436222315998748,PigCVP,26
49,49,0.1,hydra,tshap_centroid,0.606425702811245,0.755,0.0245,0.33137045849301194,0.3722657162657589,0,0,1.7419064649984648,1.436222315998748,PigCVP,26
49,49,0.2,hydra,tshap_centroid,0.8390804597701149,0.9125,0.0175,0.7091167751923431,0.6706428546921586,1,1,1.7419064649984648,1.436222315998748,PigCVP,26
49,49,0.05,hydra,tshap_zero,0.2422360248447205,0.39,0.0305,0.1962061358757674,0.1970308545714915,0,0,1.7419064649984648,1.44028420000177,PigCVP,26
49,49,0.1,hydra,tshap_zero,0.36054421768707484,0.53,0.047,0.33137045849301194,0.43371975282906206,0,0,1.7419064649984648,1.44028420000177,PigCVP,26
49,49,0.2,hydra,tshap_zero,0.7857142857142857,0.88,0.024,0.7091167751923431,0.6774756797159577,1,1,1.7419064649984648,1.44028420000177,PigCVP,26
49,49,0.05,hydra,mrsqm,0.0,0.0,0.1265,0.1962061358757674,0.13522477140451727,0,0,1.7419064649984648,7.35989997338038e-05,PigCVP,26
49,49,0.1,hydra,mrsqm,0.15942028985507245,0.275,0.0725,0.33137045849301194,0.31704780273635247,0,0,1.7419064649984648,7.35989997338038e-05,PigCVP,26
49,49,0.2,hydra,mrsqm,0.5904572564612326,0.7425,0.0515,0.7091167751923431,0.6971290451546548,1,1,1.7419064649984648,7.35989997338038e-05,PigCVP,26
49,49,0.05,shapley_sampling,feature_ablation,1.0,1.0,0.0,-0.008027663720546085,-0.008027663899740967,0,0,1.197722832999716,0.04792875200291746,PigCVP,26
49,49,0.1,shapley_sampling,feature_ablation,1.0,1.0,0.0,0.016955630395459886,0.01695562887687707,0,0,1.197722832999716,0.04792875200291746,PigCVP,26
49,49,0.2,shapley_sampling,feature_ablation,1.0,1.0,0.0,0.07068134673804116,0.07068134908371726,0,0,1.197722832999716,0.04792875200291746,PigCVP,26
49,49,0.05,shapley_sampling,tshap_centroid,0.0,0.0,0.8535,-0.008027663720546085,0.24509063222659577,0,0,1.197722832999716,1.436222315998748,PigCVP,26
49,49,0.1,shapley_sampling,tshap_centroid,0.0,0.0,0.803,0.016955630395459886,0.3722657162657589,0,0,1.197722832999716,1.436222315998748,PigCVP,26
49,49,0.2,shapley_sampling,tshap_centroid,0.0,0.0,0.731,0.07068134673804116,0.6706428546921586,0,1,1.197722832999716,1.436222315998748,PigCVP,26
49,49,0.05,shapley_sampling,tshap_zero,0.0,0.0,0.793,-0.008027663720546085,0.1970308545714915,0,0,1.197722832999716,1.44028420000177,PigCVP,26
49,49,0.1,shapley_sampling,tshap_zero,0.0,0.0,0.7805,0.016955630395459886,0.43371975282906206,0,0,1.197722832999716,1.44028420000177,PigCVP,26
49,49,0.2,shapley_sampling,tshap_zero,0.0,0.0,0.7245,0.07068134673804116,0.6774756797159577,0,1,1.197722832999716,1.44028420000177,PigCVP,26
49,49,0.05,shapley_sampling,mrsqm,0.0,0.0,0.95,-0.008027663720546085,0.13522477140451727,0,0,1.197722832999716,7.35989997338038e-05,PigCVP,26
49,49,0.1,shapley_sampling,mrsqm,0.0,0.0,0.9,0.016955630395459886,0.31704780273635247,0,0,1.197722832999716,7.35989997338038e-05,PigCVP,26
49,49,0.2,shapley_sampling,mrsqm,0.0,0.0,0.8,0.07068134673804116,0.6971290451546548,0,1,1.197722832999716,7.35989997338038e-05,PigCVP,26
49,49,0.05,feature_ablation,tshap_centroid,0.0,0.0,0.8535,-0.008027663899740967,0.24509063222659577,0,0,0.04792875200291746,1.436222315998748,PigCVP,26
49,49,0.1,feature_ablation,tshap_centroid,0.0,0.0,0.803,0.01695562887687707,0.3722657162657589,0,0,0.04792875200291746,1.436222315998748,PigCVP,26
49,49,0.2,feature_ablation,tshap_centroid,0.0,0.0,0.731,0.07068134908371726,0.6706428546921586,0,1,0.04792875200291746,1.436222315998748,PigCVP,26
49,49,0.05,feature_ablation,tshap_zero,0.0,0.0,0.793,-0.008027663899740967,0.1970308545714915,0,0,0.04792875200291746,1.44028420000177,PigCVP,26
49,49,0.1,feature_ablation,tshap_zero,0.0,0.0,0.7805,0.01695562887687707,0.43371975282906206,0,0,0.04792875200291746,1.44028420000177,PigCVP,26
49,49,0.2,feature_ablation,tshap_zero,0.0,0.0,0.7245,0.07068134908371726,0.6774756797159577,0,1,0.04792875200291746,1.44028420000177,PigCVP,26
49,49,0.05,feature_ablation,mrsqm,0.0,0.0,0.95,-0.008027663899740967,0.13522477140451727,0,0,0.04792875200291746,7.35989997338038e-05,PigCVP,26
49,49,0.1,feature_ablation,mrsqm,0.0,0.0,0.9,0.01695562887687707,0.31704780273635247,0,0,0.04792875200291746,7.35989997338038e-05,PigCVP,26
49,49,0.2,feature_ablation,mrsqm,0.0,0.0,0.8,0.07068134908371726,0.6971290451546548,0,1,0.04792875200291746,7.35989997338038e-05,PigCVP,26
49,49,0.05,tshap_centroid,tshap_zero,0.0,0.0,0.0605,0.24509063222659577,0.1970308545714915,0,0,1.436222315998748,1.44028420000177,PigCVP,26
49,49,0.1,tshap_centroid,tshap_zero,0.6326530612244898,0.775,0.0225,0.3722657162657589,0.43371975282906206,0,0,1.436222315998748,1.44028420000177,PigCVP,26
49,49,0.2,tshap_centroid,tshap_zero,0.937046004842615,0.9675,0.0065,0.6706428546921586,0.6774756797159577,1,1,1.436222315998748,1.44028420000177,PigCVP,26
49,49,0.05,tshap_centroid,mrsqm,0.0,0.0,0.0965,0.24509063222659577,0.13522477140451727,0,0,1.436222315998748,7.35989997338038e-05,PigCVP,26
49,49,0.1,tshap_centroid,mrsqm,0.015228426395939087,0.03,0.097,0.3722657162657589,0.31704780273635247,0,0,1.436222315998748,7.35989997338038e-05,PigCVP,26
49,49,0.2,tshap_centroid,mrsqm,0.48698884758364314,0.655,0.069,0.6706428546921586,0.6971290451546548,1,1,1.436222315998748,7.35989997338038e-05,PigCVP,26
49,49,0.05,tshap_zero,mrsqm,0.0,0.0,0.157,0.1970308545714915,0.13522477140451727,0,0,1.44028420000177,7.35989997338038e-05,PigCVP,26
49,49,0.1,tshap_zero,mrsqm,0.0,0.0,0.1195,0.43371975282906206,0.31704780273635247,0,0,1.44028420000177,7.35989997338038e-05,PigCVP,26
49,49,0.2,tshap_zero,mrsqm,0.4519056261343013,0.6225,0.0755,0.6774756797159577,0.6971290451546548,1,1,1.44028420000177,7.35989997338038e-05,PigCVP,26
44,44,0.05,hydra,shapley_sampling,0.0,0.0,0.4545,0.19445322302448664,0.0751457783161047,0,0,1.7704055859976506,1.2294394560012734,PigCVP,17
44,44,0.1,hydra,shapley_sampling,0.0,0.0,0.3945,0.22899189724979652,0.009513276862542774,0,0,1.7704055859976506,1.2294394560012734,PigCVP,17
44,44,0.2,hydra,shapley_sampling,0.0,0.0,0.3475,0.18970164899685504,-0.0827001022633238,0,0,1.7704055859976506,1.2294394560012734,PigCVP,17
44,44,0.05,hydra,feature_ablation,0.0,0.0,0.2455,0.19445322302448664,0.04656351050767826,0,0,1.7704055859976506,0.047612786998797674,PigCVP,17
44,44,0.1,hydra,feature_ablation,0.0,0.0,0.2555,0.22899189724979652,0.014122507023576647,0,0,1.7704055859976506,0.047612786998797674,PigCVP,17
44,44,0.2,hydra,feature_ablation,0.0,0.0,0.2475,0.18970164899685504,-0.1103582259525504,0,0,1.7704055859976506,0.047612786998797674,PigCVP,17
44,44,0.05,hydra,tshap_centroid,0.5037593984962406,0.67,0.0165,0.19445322302448664,0.2139975734587426,0,0,1.7704055859976506,1.4256298860018433,PigCVP,17
44,44,0.1,hydra,tshap_centroid,0.6528925619834711,0.79,0.021,0.22899189724979652,0.2036429567775826,0,0,1.7704055859976506,1.4256298860018433,PigCVP,17
44,44,0.2,hydra,tshap_centroid,0.4732965009208103,0.6425,0.0715,0.18970164899685504,0.1262575504266994,0,0,1.7704055859976506,1.4256298860018433,PigCVP,17
44,44,0.05,hydra,tshap_zero,0.7543859649122807,0.86,0.007,0.19445322302448664,0.221832327135412,0,0,1.7704055859976506,1.475947750001069,PigCVP,17
44,44,0.1,hydra,tshap_zero,0.5936254980079682,0.745,0.0255,0.22899189724979652,0.19546054671100555,0,0,1.7704055859976506,1.475947750001069,PigCVP,17
44,44,0.2,hydra,tshap_zero,0.5094339622641509,0.675,0.065,0.18970164899685504,0.15868612704856389,0,0,1.7704055859976506,1.475947750001069,PigCVP,17
44,44,0.05,hydra,mrsqm,0.0,0.0,0.4545,0.19445322302448664,0.0751457784670233,0,0,1.7704055859976506,7.284700041054748e-05,PigCVP,17
44,44,0.1,hydra,mrsqm,0.0,0.0,0.3945,0.22899189724979652,0.009513280824102743,0,0,1.7704055859976506,7.284700041054748e-05,PigCVP,17
44,44,0.2,hydra,mrsqm,0.0,0.0,0.3025,0.18970164899685504,-0.11619814641649606,0,0,1.7704055859976506,7.284700041054748e-05,PigCVP,17
44,44,0.05,shapley_sampling,feature_ablation,0.0,0.0,0.7,0.0751457783161047,0.04656351050767826,0,0,1.2294394560012734,0.047612786998797674,PigCVP,17
44,44,0.1,shapley_sampling,feature_ablation,0.0,0.0,0.65,0.009513276862542774,0.014122507023576647,0,0,1.2294394560012734,0.047612786998797674,PigCVP,17
44,44,0.2,shapley_sampling,feature_ablation,0.3333333333333333,0.5,0.1,-0.0827001022633238,-0.1103582259525504,0,0,1.2294394560012734,0.047612786998797674,PigCVP,17
44,44,0.05,shapley_sampling,tshap_centroid,0.0,0.0,0.438,0.0751457783161047,0.2139975734587426,0,0,1.2294394560012734,1.4256298860018433,PigCVP,17
44,44,0.1,shapley_sampling,tshap_centroid,0.0,0.0,0.4155,0.009513276862542774,0.2036429567775826,0,0,1.2294394560012734,1.4256298860018433,PigCVP,17
44,44,0.2,shapley_sampling,tshap_centroid,0.0,0.0,0.276,-0.0827001022633238,0.1262575504266994,0,0,1.2294394560012734,1.4256298860018433,PigCVP,17
44,44,0.05,shapley_sampling,tshap_zero,0.0,0.0,0.4475,0.0751457783161047,0.221832327135412,0,0,1.2294394560012734,1.475947750001069,PigCVP,17
44,44,0.1,shapley_sampling,tshap_zero,0.0,0.0,0.42,0.009513276862542774,0.19546054671100555,0,0,1.2294394560012734,1.475947750001069,PigCVP,17
44,44,0.2,shapley_sampling,tshap_zero,0.0,0.0,0.2825,-0.0827001022633238,0.15868612704856389,0,0,1.2294394560012734,1.475947750001069,PigCVP,17
44,44,0.05,shapley_sampling,mrsqm,1.0,1.0,0.0,0.0751457783161047,0.0751457784670233,0,0,1.2294394560012734,7.284700041054748e-05,PigCVP,17
44,44,0.1,shapley_sampling,mrsqm,1.0,1.0,0.0,0.009513276862542774,0.009513280824102743,0,0,1.2294394560012734,7.284700041054748e-05,PigCVP,17
44,44,0.2,shapley_sampling,mrsqm,0.0,0.0,0.65,-0.0827001022633238,-0.11619814641649606,0,0,1.2294394560012734,7.284700041054748e-05,PigCVP,17
44,44,0.05,feature_ablation,tshap_centroid,0.0,0.0,0.262,0.04656351050767826,0.2139975734587426,0,0,0.047612786998797674,1.4256298860018433,PigCVP,17
44,44,0.1,feature_ablation,tshap_centroid,0.0,0.0,0.2345,0.014122507023576647,0.2036429567775826,0,0,0.047612786998797674,1.4256298860018433,PigCVP,17
44,44,0.2,feature_ablation,tshap_centroid,0.06382978723404255,0.12,0.176,-0.1103582259525504,0.1262575504266994,0,0,0.047612786998797674,1.4256298860018433,PigCVP,17
44,44,0.05,feature_ablation,tshap_zero,0.0,0.0,0.2525,0.04656351050767826,0.221832327135412,0,0,0.047612786998797674,1.475947750001069,PigCVP,17
44,44,0.1,feature_ablation,tshap_zero,0.0,0.0,0.23,0.014122507023576647,0.19546054671100555,0,0,0.047612786998797674,1.475947750001069,PigCVP,17
44,44,0.2,feature_ablation,tshap_zero,0.0457516339869281,0.0875,0.1825,-0.1103582259525504,0.15868612704856389,0,0,0.047612786998797674,1.475947750001069,PigCVP,17
44,44,0.05,feature_ablation,mrsqm,0.0,0.0,0.7,0.04656351050767826,0.0751457784670233,0,0,0.047612786998797674,7.284700041054748e-05,PigCVP,17
44,44,0.1,feature_ablation,mrsqm,0.0,0.0,0.65,0.014122507023576647,0.009513280824102743,0,0,0.047612786998797674,7.284700041054748e-05,PigCVP,17
44,44,0.2,feature_ablation,mrsqm,0.0,0.0,0.55,-0.1103582259525504,-0.11619814641649606,0,0,0.047612786998797674,7.284700041054748e-05,PigCVP,17
44,44,0.05,tshap_centroid,tshap_zero,0.680672268907563,0.81,0.0095,0.2139975734587426,0.221832327135412,0,0,1.4256298860018433,1.475947750001069,PigCVP,17
44,44,0.1,tshap_centroid,tshap_zero,0.9138755980861244,0.955,0.0045,0.2036429567775826,0.19546054671100555,0,0,1.4256298860018433,1.475947750001069,PigCVP,17
44,44,0.2,tshap_centroid,tshap_zero,0.937046004842615,0.9675,0.0065,0.1262575504266994,0.15868612704856389,0,0,1.4256298860018433,1.475947750001069,PigCVP,17
44,44,0.05,tshap_centroid,mrsqm,0.0,0.0,0.438,0.2139975734587426,0.0751457784670233,0,0,1.4256298860018433,7.284700041054748e-05,PigCVP,17
44,44,0.1,tshap_centroid,mrsqm,0.0,0.0,0.4155,0.2036429567775826,0.009513280824102743,0,0,1.4256298860018433,7.284700041054748e-05,PigCVP,17
44,44,0.2,tshap_centroid,mrsqm,0.0,0.0,0.374,0.1262575504266994,-0.11619814641649606,0,0,1.4256298860018433,7.284700041054748e-05,PigCVP,17
44,44,0.05,tshap_zero,mrsqm,0.0,0.0,0.4475,0.221832327135412,0.0751457784670233,0,0,1.475947750001069,7.284700041054748e-05,PigCVP,17
44,44,0.1,tshap_zero,mrsqm,0.0,0.0,0.42,0.19546054671100555,0.009513280824102743,0,0,1.475947750001069,7.284700041054748e-05,PigCVP,17
44,44,0.2,tshap_zero,mrsqm,0.0,0.0,0.3675,0.15868612704856389,-0.11619814641649606,0,0,1.475947750001069,7.284700041054748e-05,PigCVP,17
25,25,0.05,hydra,shapley_sampling,0.0,0.0,0.3405,0.0010269500110231533,0.03969699170594432,0,0,1.7714095670016832,1.247511128000042,PigCVP,125
25,25,0.1,hydra,shapley_sampling,0.0,0.0,0.35,0.07271511025867161,0.007478017229069822,0,0,1.7714095670016832,1.247511128000042,PigCVP,125
25,25,0.2,hydra,shapley_sampling,0.0,0.0,0.3015,0.05027763348697878,0.035504691293222534,0,0,1.7714095670016832,1.247511128000042,PigCVP,125
25,25,0.05,hydra,feature_ablation,0.0,0.0,0.3405,0.0010269500110231533,0.03969700022022504,0,0,1.7714095670016832,0.050443120002455544,PigCVP,125
25,25,0.1,hydra,feature_ablation,0.0,0.0,0.35,0.07271511025867161,0.00747801906547485,0,0,1.7714095670016832,0.050443120002455544,PigCVP,125
25,25,0.2,hydra,feature_ablation,0.0,0.0,0.3015,0.05027763348697878,0.035504704800171205,0,0,1.7714095670016832,0.050443120002455544,PigCVP,125
25,25,0.05,hydra,tshap_centroid,0.0,0.0,0.074,0.0010269500110231533,0.056103034757350345,0,0,1.7714095670016832,1.463747069999954,PigCVP,125
25,25,0.1,hydra,tshap_centroid,0.2779552715654952,0.435,0.0565,0.07271511025867161,0.05316698105157913,0,0,1.7714095670016832,1.463747069999954,PigCVP,125
25,25,0.2,hydra,tshap_centroid,0.8912529550827423,0.9425,0.0115,0.05027763348697878,0.09099040296213556,0,0,1.7714095670016832,1.463747069999954,PigCVP,125
25,25,0.05,hydra,tshap_zero,0.0,0.0,0.118,0.0010269500110231533,0.025609210010057337,0,0,1.7714095670016832,1.4420606269995915,PigCVP,125
25,25,0.1,hydra,tshap_zero,0.030927835051546393,0.06,0.094,0.07271511025867161,0.015565543028607909,0,0,1.7714095670016832,1.4420606269995915,PigCVP,125
25,25,0.2,hydra,tshap_zero,0.3377926421404682,0.505,0.099,0.05027763348697878,0.0904337952350257,0,0,1.7714095670016832,1.4420606269995915,PigCVP,125
25,25,0.05,hydra,mrsqm,0.0,0.0,0.6095,0.0010269500110231533,-0.033221194064626314,0,0,1.7714095670016832,7.316800110857002e-05,PigCVP,125
25,25,0.1,hydra,mrsqm,0.0,0.0,0.55,0.07271511025867161,-0.07117872480299514,0,0,1.7714095670016832,7.316800110857002e-05,PigCVP,125
25,25,0.2,hydra,mrsqm,0.0,0.0,0.4985,0.05027763348697878,-0.09930670178606249,0,0,1.7714095670016832,7.316800110857002e-05,PigCVP,125
25,25,0.05,shapley_sampling,feature_ablation,1.0,1.0,0.0,0.03969699170594432,0.03969700022022504,0,0,1.247511128000042,0.050443120002455544,PigCVP,125
25,25,0.1,shapley_sampling,feature_ablation,1.0,1.0,0.0,0.007478017229069822,0.00747801906547485,0,0,1.247511128000042,0.050443120002455544,PigCVP,125
25,25,0.2,shapley_sampling,feature_ablation,1.0,1.0,0.0,0.035504691293222534,0.035504704800171205,0,0,1.247511128000042,0.050443120002455544,PigCVP,125
25,25,0.05,shapley_sampling,tshap_centroid,0.0,0.0,0.4145,0.03969699170594432,0.056103034757350345,0,0,1.247511128000042,1.463747069999954,PigCVP,125
25,25,0.1,shapley_sampling,tshap_centroid,0.0,0.0,0.4065,0.007478017229069822,0.05316698105157913,0,0,1.247511128000042,1.463747069999954,PigCVP,125
25,25,0.2,shapley_sampling,tshap_centroid,0.0,0.0,0.313,0.035504691293222534,0.09099040296213556,0,0,1.247511128000042,1.463747069999954,PigCVP,125
25,25,0.05,shapley_sampling,tshap_zero,0.0,0.0,0.4585,0.03969699170594432,0.025609210010057337,0,0,1.247511128000042,1.4420606269995915,PigCVP,125
25,25,0.1,shapley_sampling,tshap_zero,0.0,0.0,0.444,0.007478017229069822,0.015565543028607909,0,0,1.247511128000042,1.4420606269995915,PigCVP,125
25,25,0.2,shapley_sampling,tshap_zero,0.0,0.0,0.4005,0.035504691293222534,0.0904337952350257,0,0,1.247511128000042,1.4420606269995915,PigCVP,125
25,25,0.05,shapley_sampling,mrsqm,0.0,0.0,0.95,0.03969699170594432,-0.033221194064626314,0,0,1.247511128000042,7.316800110857002e-05,PigCVP,125
25,25,0.1,shapley_sampling,mrsqm,0.0,0.0,0.9,0.007478017229069822,-0.07117872480299514,0,0,1.247511128000042,7.316800110857002e-05,PigCVP,125
25,25,0.2,shapley_sampling,mrsqm,0.0,0.0,0.8,0.035504691293222534,-0.09930670178606249,0,0,1.247511128000042,7.316800110857002e-05,PigCVP,125
25,25,0.05,feature_ablation,tshap_centroid,0.0,0.0,0.4145,0.03969700022022504,0.056103034757350345,0,0,0.050443120002455544,1.463747069999954,PigCVP,125
25,25,0.1,feature_ablation,tshap_centroid,0.0,0.0,0.4065,0.00747801906547485,0.05316698105157913,0,0,0.050443120002455544,1.463747069999954,PigCVP,125
25,25,0.2,feature_ablation,tshap_centroid,0.0,0.0,0.313,0.035504704800171205,0.09099040296213556,0,0,0.050443120002455544,1.463747069999954,PigCVP,125
25,25,0.05,feature_ablation,tshap_zero,0.0,0.0,0.4585,0.03969700022022504,0.025609210010057337,0,0,0.050443120002455544,1.4420606269995915,PigCVP,125
25,25,0.1,feature_ablation,tshap_zero,0.0,0.0,0.444,0.00747801906547485,0.015565543028607909,0,0,0.050443120002455544,1.4420606269995915,PigCVP,125
25,25,0.2,feature_ablation,tshap_zero,0.0,0.0,0.4005,0.035504704800171205,0.0904337952350257,0,0,0.050443120002455544,1.4420606269995915,PigCVP,125
25,25,0.05,feature_ablation,mrsqm,0.0,0.0,0.95,0.03969700022022504,-0.033221194064626314,0,0,0.050443120002455544,7.316800110857002e-05,PigCVP,125
25,25,0.1,feature_ablation,mrsqm,0.0,0.0,0.9,0.00747801906547485,-0.07117872480299514,0,0,0.050443120002455544,7.316800110857002e-05,PigCVP,125
25,25,0.2,feature_ablation,mrsqm,0.0,0.0,0.8,0.035504704800171205,-0.09930670178606249,0,0,0.050443120002455544,7.316800110857002e-05,PigCVP,125
25,25,0.05,tshap_centroid,tshap_zero,0.06382978723404255,0.12,0.044,0.056103034757350345,0.025609210010057337,0,0,1.463747069999954,1.4420606269995915,PigCVP,125
25,25,0.1,tshap_centroid,tshap_zero,0.45454545454545453,0.625,0.0375,0.05316698105157913,0.015565543028607909,0,0,1.463747069999954,1.4420606269995915,PigCVP,125
25,25,0.2,tshap_centroid,tshap_zero,0.391304347826087,0.5625,0.0875,0.09099040296213556,0.0904337952350257,0,0,1.463747069999954,1.4420606269995915,PigCVP,125
25,25,0.05,tshap_centroid,mrsqm,0.0,0.0,0.5355,0.056103034757350345,-0.033221194064626314,0,0,1.463747069999954,7.316800110857002e-05,PigCVP,125
25,25,0.1,tshap_centroid,mrsqm,0.0,0.0,0.4935,0.05316698105157913,-0.07117872480299514,0,0,1.463747069999954,7.316800110857002e-05,PigCVP,125
25,25,0.2,tshap_centroid,mrsqm,0.0,0.0,0.487,0.09099040296213556,-0.09930670178606249,0,0,1.463747069999954,7.316800110857002e-05,PigCVP,125
25,25,0.05,tshap_zero,mrsqm,0.0,0.0,0.4915,0.025609210010057337,-0.033221194064626314,0,0,1.4420606269995915,7.316800110857002e-05,PigCVP,125
25,25,0.1,tshap_zero,mrsqm,0.0,0.0,0.456,0.015565543028607909,-0.07117872480299514,0,0,1.4420606269995915,7.316800110857002e-05,PigCVP,125
25,25,0.2,tshap_zero,mrsqm,0.0,0.0,0.3995,0.0904337952350257,-0.09930670178606249,0,0,1.4420606269995915,7.316800110857002e-05,PigCVP,125
47,47,0.05,hydra,shapley_sampling,0.0,0.0,0.776,0.17639815175247797,0.11231445876102275,0,0,1.7518546899991634,1.2194341629983683,PigCVP,204
47,47,0.1,hydra,shapley_sampling,0.0,0.0,0.8395,0.3528563904461912,0.2837568787396736,0,0,1.7518546899991634,1.2194341629983683,PigCVP,204
47,47,0.2,hydra,shapley_sampling,0.0,0.0,0.7545,0.5040558325085578,0.5456369201253246,0,0,1.7518546899991634,1.2194341629983683,PigCVP,204
47,47,0.05,hydra,feature_ablation,0.0,0.0,0.276,0.17639815175247797,0.12499587198986828,0,0,1.7518546899991634,0.048736173997895094,PigCVP,204
47,47,0.1,hydra,feature_ablation,0.0,0.0,0.3395,0.3528563904461912,0.2218078118211726,0,0,1.7518546899991634,0.048736173997895094,PigCVP,204
47,47,0.2,hydra,feature_ablation,0.0,0.0,0.5045,0.5040558325085578,0.6824067910658527,0,0,1.7518546899991634,0.048736173997895094,PigCVP,204
47,47,0.05,hydra,tshap_centroid,0.0,0.0,0.489,0.17639815175247797,0.2607960346257021,0,0,1.7518546899991634,1.454768954001338,PigCVP,204
47,47,0.1,hydra,tshap_centroid,0.0,0.0,0.5325,0.3528563904461912,0.4735573407184106,0,0,1.7518546899991634,1.454768954001338,PigCVP,204
47,47,0.2,hydra,tshap_centroid,0.0,0.0,0.508,0.5040558325085578,0.689206199681559,0,0,1.7518546899991634,1.454768954001338,PigCVP,204
47,47,0.05,hydra,tshap_zero,0.0,0.0,0.4885,0.17639815175247797,0.2505008867364473,0,0,1.7518546899991634,1.4640390610002214,PigCVP,204
47,47,0.1,hydra,tshap_zero,0.0,0.0,0.5495,0.3528563904461912,0.4309430175911759,0,0,1.7518546899991634,1.4640390610002214,PigCVP,204
47,47,0.2,hydra,tshap_zero,0.0,0.0,0.519,0.5040558325085578,0.6943717792245578,0,0,1.7518546899991634,1.4640390610002214,PigCVP,204
47,47,0.05,hydra,mrsqm,0.0,0.0,0.124,0.17639815175247797,0.14849835171700887,0,0,1.7518546899991634,7.139499939512461e-05,PigCVP,204
47,47,0.1,hydra,mrsqm,0.24610591900311526,0.395,0.0605,0.3528563904461912,0.27410186211911736,0,0,1.7518546899991634,7.139499939512461e-05,PigCVP,204
47,47,0.2,hydra,mrsqm,0.6293279022403259,0.7725,0.0455,0.5040558325085578,0.49284192565944085,0,0,1.7518546899991634,7.139499939512461e-05,PigCVP,204
47,47,0.05,shapley_sampling,feature_ablation,0.0,0.0,0.5,0.11231445876102275,0.12499587198986828,0,0,1.2194341629983683,0.048736173997895094,PigCVP,204
47,47,0.1,shapley_sampling,feature_ablation,0.0,0.0,0.5,0.2837568787396736,0.2218078118211726,0,0,1.2194341629983683,0.048736173997895094,PigCVP,204
47,47,0.2,shapley_sampling,feature_ablation,0.0,0.0,0.25,0.5456369201253246,0.6824067910658527,0,0,1.2194341629983683,0.048736173997895094,PigCVP,204
47,47,0.05,shapley_sampling,tshap_centroid,0.0,0.0,0.287,0.11231445876102275,0.2607960346257021,0,0,1.2194341629983683,1.454768954001338,PigCVP,204
47,47,0.1,shapley_sampling,tshap_centroid,0.0,0.0,0.307,0.2837568787396736,0.4735573407184106,0,0,1.2194341629983683,1.454768954001338,PigCVP,204
47,47,0.2,shapley_sampling,tshap_centroid,0.0,0.0,0.2465,0.5456369201253246,0.689206199681559,0,0,1.2194341629983683,1.454768954001338,PigCVP,204
47,47,0.05,shapley_sampling,tshap_zero,0.0,0.0,0.2875,0.11231445876102275,0.2505008867364473,0,0,1.2194341629983683,1.4640390610002214,PigCVP,204
47,47,0.1,shapley_sampling,tshap_zero,0.0,0.0,0.29,0.2837568787396736,0.4309430175911759,0,0,1.2194341629983683,1.4640390610002214,PigCVP,204
47,47,0.2,shapley_sampling,tshap_zero,0.0,0.0,0.2355,0.5456369201253246,0.6943717792245578,0,0,1.2194341629983683,1.4640390610002214,PigCVP,204
47,47,0.05,shapley_sampling,mrsqm,0.0,0.0,0.9,0.11231445876102275,0.14849835171700887,0,0,1.2194341629983683,7.139499939512461e-05,PigCVP,204
47,47,0.1,shapley_sampling,mrsqm,0.0,0.0,0.9,0.2837568787396736,0.27410186211911736,0,0,1.2194341629983683,7.139499939512461e-05,PigCVP,204
47,47,0.2,shapley_sampling,mrsqm,0.0,0.0,0.8,0.5456369201253246,0.49284192565944085,0,0,1.2194341629983683,7.139499939512461e-05,PigCVP,204
47,47,0.05,feature_ablation,tshap_centroid,0.0,0.0,0.213,0.12499587198986828,0.2607960346257021,0,0,0.048736173997895094,1.454768954001338,PigCVP,204
47,47,0.1,feature_ablation,tshap_centroid,0.0,0.0,0.193,0.2218078118211726,0.4735573407184106,0,0,0.048736173997895094,1.454768954001338,PigCVP,204
47,47,0.2,feature_ablation,tshap_centroid,0.9656019656019657,0.9825,0.0035,0.6824067910658527,0.689206199681559,0,0,0.048736173997895094,1.454768954001338,PigCVP,204
47,47,0.05,feature_ablation,tshap_zero,0.0,0.0,0.2125,0.12499587198986828,0.2505008867364473,0,0,0.048736173997895094,1.4640390610002214,PigCVP,204
47,47,0.1,feature_ablation,tshap_zero,0.0,0.0,0.21,0.2218078118211726,0.4309430175911759,0,0,0.048736173997895094,1.4640390610002214,PigCVP,204
47,47,0.2,feature_ablation,tshap_zero,0.8648018648018648,0.9275,0.0145,0.6824067910658527,0.6943717792245578,0,0,0.048736173997895094,1.4640390610002214,PigCVP,204
47,47,0.05,feature_ablation,mrsqm,0.0,0.0,0.4,0.12499587198986828,0.14849835171700887,0,0,0.048736173997895094,7.139499939512461e-05,PigCVP,204
47,47,0.1,feature_ablation,mrsqm,0.0,0.0,0.4,0.2218078118211726,0.27410186211911736,0,0,0.048736173997895094,7.139499939512461e-05,PigCVP,204
47,47,0.2,feature_ablation,mrsqm,0.0,0.0,0.55,0.6824067910658527,0.49284192565944085,0,0,0.048736173997895094,7.139499939512461e-05,PigCVP,204
47,47,0.05,tshap_centroid,tshap_zero,0.9801980198019802,0.99,0.0005,0.2607960346257021,0.2505008867364473,0,0,1.454768954001338,1.4640390610002214,PigCVP,204
47,47,0.1,tshap_centroid,tshap_zero,0.7094017094017094,0.83,0.017,0.4735573407184106,0.4309430175911759,0,0,1.454768954001338,1.4640390610002214,PigCVP,204
47,47,0.2,tshap_centroid,tshap_zero,0.8957345971563981,0.945,0.011,0.689206199681559,0.6943717792245578,0,0,1.454768954001338,1.4640390610002214,PigCVP,204
47,47,0.05,tshap_centroid,mrsqm,0.0,0.0,0.613,0.2607960346257021,0.14849835171700887,0,0,1.454768954001338,7.139499939512461e-05,PigCVP,204
47,47,0.1,tshap_centroid,mrsqm,0.0,0.0,0.593,0.4735573407184106,0.27410186211911736,0,0,1.454768954001338,7.139499939512461e-05,PigCVP,204
47,47,0.2,tshap_centroid,mrsqm,0.0,0.0,0.5535,0.689206199681559,0.49284192565944085,0,0,1.454768954001338,7.139499939512461e-05,PigCVP,204
47,47,0.05,tshap_zero,mrsqm,0.0,0.0,0.6125,0.2505008867364473,0.14849835171700887,0,0,1.4640390610002214,7.139499939512461e-05,PigCVP,204
47,47,0.1,tshap_zero,mrsqm,0.0,0.0,0.61,0.4309430175911759,0.27410186211911736,0,0,1.4640390610002214,7.139499939512461e-05,PigCVP,204
47,47,0.2,tshap_zero,mrsqm,0.0,0.0,0.5645,0.6943717792245578,0.49284192565944085,0,0,1.4640390610002214,7.139499939512461e-05,PigCVP,204
14,14,0.05,hydra,shapley_sampling,0.0,0.0,0.116,0.13204454947831612,0.035558147977463817,0,0,1.7185002010010066,1.178455107001355,PigCVP,85
14,14,0.1,hydra,shapley_sampling,0.04712041884816754,0.09,0.091,0.2967261334402833,0.0011910811669053611,0,0,1.7185002010010066,1.178455107001355,PigCVP,85
14,14,0.2,hydra,shapley_sampling,0.5936254980079682,0.745,0.051,0.2860284575774924,0.13244008673955476,0,0,1.7185002010010066,1.178455107001355,PigCVP,85
14,14,0.05,hydra,feature_ablation,0.0,0.0,0.066,0.13204454947831612,0.0423537761464956,0,0,1.7185002010010066,0.0568688370003656,PigCVP,85
14,14,0.1,hydra,feature_ablation,0.04712041884816754,0.09,0.091,0.2967261334402833,0.0011910672011501422,0,0,1.7185002010010066,0.0568688370003656,PigCVP,85
14,14,0.2,hydra,feature_ablation,0.002506265664160401,0.005,0.199,0.2860284575774924,0.20864324661191702,0,0,1.7185002010010066,0.0568688370003656,PigCVP,85
14,14,0.05,hydra,tshap_centroid,0.0,0.0,0.695,0.13204454947831612,0.23026543667136867,0,0,1.7185002010010066,1.439948428000207,PigCVP,85
14,14,0.1,hydra,tshap_centroid,0.0,0.0,0.694,0.2967261334402833,0.22236057610483217,0,0,1.7185002010010066,1.439948428000207,PigCVP,85
14,14,0.2,hydra,tshap_centroid,0.0,0.0,0.674,0.2860284575774924,0.31257370228884884,0,0,1.7185002010010066,1.439948428000207,PigCVP,85
14,14,0.05,hydra,tshap_zero,0.0,0.0,0.6995,0.13204454947831612,0.2435372778248679,0,0,1.7185002010010066,1.4743334479971963,PigCVP,85
14,14,0.1,hydra,tshap_zero,0.0,0.0,0.7105,0.2967261334402833,0.28605790026691,0,0,1.7185002010010066,1.4743334479971963,PigCVP,85
14,14,0.2,hydra,tshap_zero,0.0,0.0,0.677,0.2860284575774924,0.2904380688060313,0,0,1.7185002010010066,1.4743334479971963,PigCVP,85
14,14,0.05,hydra,mrsqm,0.0,0.0,0.834,0.13204454947831612,0.05026589198319997,0,0,1.7185002010010066,7.406899749184959e-05,PigCVP,85
14,14,0.1,hydra,mrsqm,0.0,0.0,0.809,0.2967261334402833,0.1353162228438577,0,0,1.7185002010010066,7.406899749184959e-05,PigCVP,85
14,14,0.2,hydra,mrsqm,0.0,0.0,0.749,0.2860284575774924,0.3493530009326571,0,1,1.7185002010010066,7.406899749184959e-05,PigCVP,85
14,14,0.05,shapley_sampling,feature_ablation,0.0,0.0,0.05,0.035558147977463817,0.0423537761464956,0,0,1.178455107001355,0.0568688370003656,PigCVP,85
14,14,0.1,shapley_sampling,feature_ablation,1.0,1.0,0.0,0.0011910811669053611,0.0011910672011501422,0,0,1.178455107001355,0.0568688370003656,PigCVP,85
14,14,0.2,shapley_sampling,feature_ablation,0.0,0.0,0.25,0.13244008673955476,0.20864324661191702,0,0,1.178455107001355,0.0568688370003656,PigCVP,85
14,14,0.05,shapley_sampling,tshap_centroid,0.0,0.0,0.811,0.035558147977463817,0.23026543667136867,0,0,1.178455107001355,1.439948428000207,PigCVP,85
14,14,0.1,shapley_sampling,tshap_centroid,0.0,0.0,0.785,0.0011910811669053611,0.22236057610483217,0,0,1.178455107001355,1.439948428000207,PigCVP,85
14,14,0.2,shapley_sampling,tshap_centroid,0.0,0.0,0.725,0.13244008673955476,0.31257370228884884,0,0,1.178455107001355,1.439948428000207,PigCVP,85
14,14,0.05,shapley_sampling,tshap_zero,0.0,0.0,0.8155,0.035558147977463817,0.2435372778248679,0,0,1.178455107001355,1.4743334479971963,PigCVP,85
14,14,0.1,shapley_sampling,tshap_zero,0.0,0.0,0.8015,0.0011910811669053611,0.28605790026691,0,0,1.178455107001355,1.4743334479971963,PigCVP,85
14,14,0.2,shapley_sampling,tshap_zero,0.0,0.0,0.728,0.13244008673955476,0.2904380688060313,0,0,1.178455107001355,1.4743334479971963,PigCVP,85
14,14,0.05,shapley_sampling,mrsqm,0.0,0.0,0.95,0.035558147977463817,0.05026589198319997,0,0,1.178455107001355,7.406899749184959e-05,PigCVP,85
14,14,0.1,shapley_sampling,mrsqm,0.0,0.0,0.9,0.0011910811669053611,0.1353162228438577,0,0,1.178455107001355,7.406899749184959e-05,PigCVP,85
14,14,0.2,shapley_sampling,mrsqm,0.0,0.0,0.8,0.13244008673955476,0.3493530009326571,0,1,1.178455107001355,7.406899749184959e-05,PigCVP,85
14,14,0.05,feature_ablation,tshap_centroid,0.0,0.0,0.761,0.0423537761464956,0.23026543667136867,0,0,0.0568688370003656,1.439948428000207,PigCVP,85
14,14,0.1,feature_ablation,tshap_centroid,0.0,0.0,0.785,0.0011910672011501422,0.22236057610483217,0,0,0.0568688370003656,1.439948428000207,PigCVP,85
14,14,0.2,feature_ablation,tshap_centroid,0.0,0.0,0.475,0.20864324661191702,0.31257370228884884,0,0,0.0568688370003656,1.439948428000207,PigCVP,85
14,14,0.05,feature_ablation,tshap_zero,0.0,0.0,0.7655,0.0423537761464956,0.2435372778248679,0,0,0.0568688370003656,1.4743334479971963,PigCVP,85
14,14,0.1,feature_ablation,tshap_zero,0.0,0.0,0.8015,0.0011910672011501422,0.28605790026691,0,0,0.0568688370003656,1.4743334479971963,PigCVP,85
14,14,0.2,feature_ablation,tshap_zero,0.0,0.0,0.478,0.20864324661191702,0.2904380688060313,0,0,0.0568688370003656,1.4743334479971963,PigCVP,85
14,14,0.05,feature_ablation,mrsqm,0.0,0.0,0.9,0.0423537761464956,0.05026589198319997,0,0,0.0568688370003656,7.406899749184959e-05,PigCVP,85
14,14,0.1,feature_ablation,mrsqm,0.0,0.0,0.9,0.0011910672011501422,0.1353162228438577,0,0,0.0568688370003656,7.406899749184959e-05,PigCVP,85
14,14,0.2,feature_ablation,mrsqm,0.0,0.0,0.55,0.20864324661191702,0.3493530009326571,0,1,0.0568688370003656,7.406899749184959e-05,PigCVP,85
14,14,0.05,tshap_centroid,tshap_zero,0.8348623853211009,0.91,0.0045,0.23026543667136867,0.2435372778248679,0,0,1.439948428000207,1.4743334479971963,PigCVP,85
14,14,0.1,tshap_centroid,tshap_zero,0.7167381974248928,0.835,0.0165,0.22236057610483217,0.28605790026691,0,0,1.439948428000207,1.4743334479971963,PigCVP,85
14,14,0.2,tshap_centroid,tshap_zero,0.9704433497536946,0.985,0.003,0.31257370228884884,0.2904380688060313,0,0,1.439948428000207,1.4743334479971963,PigCVP,85
14,14,0.05,tshap_centroid,mrsqm,0.0,0.0,0.139,0.23026543667136867,0.05026589198319997,0,0,1.439948428000207,7.406899749184959e-05,PigCVP,85
14,14,0.1,tshap_centroid,mrsqm,0.0,0.0,0.115,0.22236057610483217,0.1353162228438577,0,0,1.439948428000207,7.406899749184959e-05,PigCVP,85
14,14,0.2,tshap_centroid,mrsqm,0.45454545454545453,0.625,0.075,0.31257370228884884,0.3493530009326571,0,1,1.439948428000207,7.406899749184959e-05,PigCVP,85
14,14,0.05,tshap_zero,mrsqm,0.0,0.0,0.1345,0.2435372778248679,0.05026589198319997,0,0,1.4743334479971963,7.406899749184959e-05,PigCVP,85
14,14,0.1,tshap_zero,mrsqm,0.007556675062972292,0.015,0.0985,0.28605790026691,0.1353162228438577,0,0,1.4743334479971963,7.406899749184959e-05,PigCVP,85
14,14,0.2,tshap_zero,mrsqm,0.47058823529411764,0.64,0.072,0.2904380688060313,0.3493530009326571,0,1,1.4743334479971963,7.406899749184959e-05,PigCVP,85
43,43,0.05,hydra,shapley_sampling,0.0,0.0,0.4185,0.2196305157116063,0.12310516337285549,0,0,1.7592887289974897,1.3569576779991621,PigCVP,192
43,43,0.1,hydra,shapley_sampling,0.22699386503067484,0.37,0.063,0.3469330059883575,0.29939605033459027,0,0,1.7592887289974897,1.3569576779991621,PigCVP,192
43,43,0.2,hydra,shapley_sampling,0.5209125475285171,0.685,0.063,0.579645102228908,0.6012556961598812,0,0,1.7592887289974897,1.3569576779991621,PigCVP,192
43,43,0.05,hydra,feature_ablation,0.22699386503067484,0.37,0.0315,0.2196305157116063,0.15378040099625734,0,0,1.7592887289974897,0.053791328999068355,PigCVP,192
43,43,0.1,hydra,feature_ablation,0.0,0.0,0.337,0.3469330059883575,0.29491799288019505,0,0,1.7592887289974897,0.053791328999068355,PigCVP,192
43,43,0.2,hydra,feature_ablation,0.0,0.0,0.337,0.579645102228908,0.520981601734793,0,0,1.7592887289974897,0.053791328999068355,PigCVP,192
43,43,0.05,hydra,tshap_centroid,0.0,0.0,0.3285,0.2196305157116063,0.19156546807794073,0,0,1.7592887289974897,1.4889990230003605,PigCVP,192
43,43,0.1,hydra,tshap_centroid,0.0,0.0,0.605,0.3469330059883575,0.34247575110633277,0,0,1.7592887289974897,1.4889990230003605,PigCVP,192
43,43,0.2,hydra,tshap_centroid,0.0,0.0,0.565,0.579645102228908,0.6193523130862377,0,0,1.7592887289974897,1.4889990230003605,PigCVP,192
43,43,0.05,hydra,tshap_zero,0.0,0.0,0.314,0.2196305157116063,0.2278799146579722,0,0,1.7592887289974897,1.443070680998062,PigCVP,192
43,43,0.1,hydra,tshap_zero,0.0,0.0,0.646,0.3469330059883575,0.36627380824164846,0,0,1.7592887289974897,1.443070680998062,PigCVP,192
43,43,0.2,hydra,tshap_zero,0.0,0.0,0.5765,0.579645102228908,0.6283021584545583,0,0,1.7592887289974897,1.443070680998062,PigCVP,192
43,43,0.05,hydra,mrsqm,0.0,0.0,0.4185,0.2196305157116063,0.12310516138512373,0,0,1.7592887289974897,7.795600322424434e-05,PigCVP,192
43,43,0.1,hydra,mrsqm,0.22699386503067484,0.37,0.063,0.3469330059883575,0.2993960405363938,0,0,1.7592887289974897,7.795600322424434e-05,PigCVP,192
43,43,0.2,hydra,mrsqm,0.5209125475285171,0.685,0.063,0.579645102228908,0.6012557022621483,0,0,1.7592887289974897,7.795600322424434e-05,PigCVP,192
43,43,0.05,shapley_sampling,feature_ablation,0.0,0.0,0.45,0.12310516337285549,0.15378040099625734,0,0,1.3569576779991621,0.053791328999068355,PigCVP,192
43,43,0.1,shapley_sampling,feature_ablation,0.0,0.0,0.4,0.29939605033459027,0.29491799288019505,0,0,1.3569576779991621,0.053791328999068355,PigCVP,192
43,43,0.2,shapley_sampling,feature_ablation,0.0,0.0,0.4,0.6012556961598812,0.520981601734793,0,0,1.3569576779991621,0.053791328999068355,PigCVP,192
43,43,0.05,shapley_sampling,tshap_centroid,0.0,0.0,0.09,0.12310516337285549,0.19156546807794073,0,0,1.3569576779991621,1.4889990230003605,PigCVP,192
43,43,0.1,shapley_sampling,tshap_centroid,0.0,0.0,0.668,0.29939605033459027,0.34247575110633277,0,0,1.3569576779991621,1.4889990230003605,PigCVP,192
43,43,0.2,shapley_sampling,tshap_centroid,0.0,0.0,0.628,0.6012556961598812,0.6193523130862377,0,0,1.3569576779991621,1.4889990230003605,PigCVP,192
43,43,0.05,shapley_sampling,tshap_zero,0.0,0.0,0.7325,0.12310516337285549,0.2278799146579722,0,0,1.3569576779991621,1.443070680998062,PigCVP,192
43,43,0.1,shapley_sampling,tshap_zero,0.0,0.0,0.709,0.29939605033459027,0.36627380824164846,0,0,1.3569576779991621,1.443070680998062,PigCVP,192
43,43,0.2,shapley_sampling,tshap_zero,0.0,0.0,0.6395,0.6012556961598812,0.6283021584545583,0,0,1.3569576779991621,1.443070680998062,PigCVP,192
43,43,0.05,shapley_sampling,mrsqm,1.0,1.0,0.0,0.12310516337285549,0.12310516138512373,0,0,1.3569576779991621,7.795600322424434e-05,PigCVP,192
43,43,0.1,shapley_sampling,mrsqm,1.0,1.0,0.0,0.29939605033459027,0.2993960405363938,0,0,1.3569576779991621,7.795600322424434e-05,PigCVP,192
43,43,0.2,shapley_sampling,mrsqm,1.0,1.0,0.0,0.6012556961598812,0.6012557022621483,0,0,1.3569576779991621,7.795600322424434e-05,PigCVP,192
43,43,0.05,feature_ablation,tshap_centroid,0.0,0.0,0.36,0.15378040099625734,0.19156546807794073,0,0,0.053791328999068355,1.4889990230003605,PigCVP,192
43,43,0.1,feature_ablation,tshap_centroid,0.0,0.0,0.268,0.29491799288019505,0.34247575110633277,0,0,0.053791328999068355,1.4889990230003605,PigCVP,192
43,43,0.2,feature_ablation,tshap_centroid,0.0,0.0,0.228,0.520981601734793,0.6193523130862377,0,0,0.053791328999068355,1.4889990230003605,PigCVP,192
43,43,0.05,feature_ablation,tshap_zero,0.0,0.0,0.2825,0.15378040099625734,0.2278799146579722,0,0,0.053791328999068355,1.443070680998062,PigCVP,192
43,43,0.1,feature_ablation,tshap_zero,0.0,0.0,0.309,0.29491799288019505,0.36627380824164846,0,0,0.053791328999068355,1.443070680998062,PigCVP,192
43,43,0.2,feature_ablation,tshap_zero,0.0,0.0,0.2395,0.520981601734793,0.6283021584545583,0,0,0.053791328999068355,1.443070680998062,PigCVP,192
43,43,0.05,feature_ablation,mrsqm,0.0,0.0,0.45,0.15378040099625734,0.12310516138512373,0,0,0.053791328999068355,7.795600322424434e-05,PigCVP,192
43,43,0.1,feature_ablation,mrsqm,0.0,0.0,0.4,0.29491799288019505,0.2993960405363938,0,0,0.053791328999068355,7.795600322424434e-05,PigCVP,192
43,43,0.2,feature_ablation,mrsqm,0.0,0.0,0.4,0.520981601734793,0.6012557022621483,0,0,0.053791328999068355,7.795600322424434e-05,PigCVP,192
43,43,0.05,tshap_centroid,tshap_zero,0.0,0.0,0.6425,0.19156546807794073,0.2278799146579722,0,0,1.4889990230003605,1.443070680998062,PigCVP,192
43,43,0.1,tshap_centroid,tshap_zero,0.41843971631205673,0.59,0.041,0.34247575110633277,0.36627380824164846,0,0,1.4889990230003605,1.443070680998062,PigCVP,192
43,43,0.2,tshap_centroid,tshap_zero,0.8912529550827423,0.9425,0.0115,0.6193523130862377,0.6283021584545583,0,0,1.4889990230003605,1.443070680998062,PigCVP,192
43,43,0.05,tshap_centroid,mrsqm,0.0,0.0,0.09,0.19156546807794073,0.12310516138512373,0,0,1.4889990230003605,7.795600322424434e-05,PigCVP,192
43,43,0.1,tshap_centroid,mrsqm,0.0,0.0,0.668,0.34247575110633277,0.2993960405363938,0,0,1.4889990230003605,7.795600322424434e-05,PigCVP,192
43,43,0.2,tshap_centroid,mrsqm,0.0,0.0,0.628,0.6193523130862377,0.6012557022621483,0,0,1.4889990230003605,7.795600322424434e-05,PigCVP,192
43,43,0.05,tshap_zero,mrsqm,0.0,0.0,0.7325,0.2278799146579722,0.12310516138512373,0,0,1.443070680998062,7.795600322424434e-05,PigCVP,192
43,43,0.1,tshap_zero,mrsqm,0.0,0.0,0.709,0.36627380824164846,0.2993960405363938,0,0,1.443070680998062,7.795600322424434e-05,PigCVP,192
43,43,0.2,tshap_zero,mrsqm,0.0,0.0,0.6395,0.6283021584545583,0.6012557022621483,0,0,1.443070680998062,7.795600322424434e-05,PigCVP,192
16,16,0.05,hydra,shapley_sampling,0.0,0.0,0.2095,-0.022179866259580683,0.051776522037367156,0,0,1.7471081570001843,1.197066957000061,PigCVP,95
16,16,0.1,hydra,shapley_sampling,0.0,0.0,0.257,0.037337336550894884,0.0036962069019235155,0,0,1.7471081570001843,1.197066957000061,PigCVP,95
16,16,0.2,hydra,shapley_sampling,0.1267605633802817,0.225,0.155,0.08168288804628343,0.14071345370190724,0,0,1.7471081570001843,1.197066957000061,PigCVP,95
16,16,0.05,hydra,feature_ablation,0.0,0.0,0.2095,-0.022179866259580683,0.05177652608487748,0,0,1.7471081570001843,0.048482586000318406,PigCVP,95
16,16,0.1,hydra,feature_ablation,0.0,0.0,0.257,0.037337336550894884,0.003696208360971953,0,0,1.7471081570001843,0.048482586000318406,PigCVP,95
16,16,0.2,hydra,feature_ablation,0.1267605633802817,0.225,0.155,0.08168288804628343,0.1407134529118097,0,0,1.7471081570001843,0.048482586000318406,PigCVP,95
16,16,0.05,hydra,tshap_centroid,0.0,0.0,0.0895,-0.022179866259580683,0.011207766537752795,0,0,1.7471081570001843,1.4497430230003374,PigCVP,95
16,16,0.1,hydra,tshap_centroid,0.0,0.0,0.109,0.037337336550894884,0.12204190695895978,0,0,1.7471081570001843,1.4497430230003374,PigCVP,95
16,16,0.2,hydra,tshap_centroid,0.5151515151515151,0.68,0.064,0.08168288804628343,0.14498657769908796,0,0,1.7471081570001843,1.4497430230003374,PigCVP,95
16,16,0.05,hydra,tshap_zero,0.0,0.0,0.118,-0.022179866259580683,0.0943747907797674,0,0,1.7471081570001843,1.4481446110003162,PigCVP,95
16,16,0.1,hydra,tshap_zero,0.0,0.0,0.141,0.037337336550894884,0.08699660200331372,0,0,1.7471081570001843,1.4481446110003162,PigCVP,95
16,16,0.2,hydra,tshap_zero,0.5037593984962406,0.67,0.066,0.08168288804628343,0.1487175229433897,0,0,1.7471081570001843,1.4481446110003162,PigCVP,95
16,16,0.05,hydra,mrsqm,0.0,0.0,0.6905,-0.022179866259580683,-0.027877562907746567,0,0,1.7471081570001843,7.588299922645092e-05,PigCVP,95
16,16,0.1,hydra,mrsqm,0.0,0.0,0.643,0.037337336550894884,-0.03884958013921325,0,0,1.7471081570001843,7.588299922645092e-05,PigCVP,95
16,16,0.2,hydra,mrsqm,0.0,0.0,0.645,0.08168288804628343,-0.10738041659111341,0,0,1.7471081570001843,7.588299922645092e-05,PigCVP,95
16,16,0.05,shapley_sampling,feature_ablation,1.0,1.0,0.0,0.051776522037367156,0.05177652608487748,0,0,1.197066957000061,0.048482586000318406,PigCVP,95
16,16,0.1,shapley_sampling,feature_ablation,1.0,1.0,0.0,0.0036962069019235155,0.003696208360971953,0,0,1.197066957000061,0.048482586000318406,PigCVP,95
16,16,0.2,shapley_sampling,feature_ablation,1.0,1.0,0.0,0.14071345370190724,0.1407134529118097,0,0,1.197066957000061,0.048482586000318406,PigCVP,95
16,16,0.05,shapley_sampling,tshap_centroid,0.0,0.0,0.12,0.051776522037367156,0.011207766537752795,0,0,1.197066957000061,1.4497430230003374,PigCVP,95
16,16,0.1,shapley_sampling,tshap_centroid,0.0,0.0,0.148,0.0036962069019235155,0.12204190695895978,0,0,1.197066957000061,1.4497430230003374,PigCVP,95
16,16,0.2,shapley_sampling,tshap_centroid,0.3745704467353952,0.545,0.091,0.14071345370190724,0.14498657769908796,0,0,1.197066957000061,1.4497430230003374,PigCVP,95
16,16,0.05,shapley_sampling,tshap_zero,0.0,0.0,0.0915,0.051776522037367156,0.0943747907797674,0,0,1.197066957000061,1.4481446110003162,PigCVP,95
16,16,0.1,shapley_sampling,tshap_zero,0.0,0.0,0.116,0.0036962069019235155,0.08699660200331372,0,0,1.197066957000061,1.4481446110003162,PigCVP,95
16,16,0.2,shapley_sampling,tshap_zero,0.38408304498269896,0.555,0.089,0.14071345370190724,0.1487175229433897,0,0,1.197066957000061,1.4481446110003162,PigCVP,95
16,16,0.05,shapley_sampling,mrsqm,0.0,0.0,0.9,0.051776522037367156,-0.027877562907746567,0,0,1.197066957000061,7.588299922645092e-05,PigCVP,95
16,16,0.1,shapley_sampling,mrsqm,0.0,0.0,0.9,0.0036962069019235155,-0.03884958013921325,0,0,1.197066957000061,7.588299922645092e-05,PigCVP,95
16,16,0.2,shapley_sampling,mrsqm,0.0,0.0,0.8,0.14071345370190724,-0.10738041659111341,0,0,1.197066957000061,7.588299922645092e-05,PigCVP,95
16,16,0.05,feature_ablation,tshap_centroid,0.0,0.0,0.12,0.05177652608487748,0.011207766537752795,0,0,0.048482586000318406,1.4497430230003374,PigCVP,95
16,16,0.1,feature_ablation,tshap_centroid,0.0,0.0,0.148,0.003696208360971953,0.12204190695895978,0,0,0.048482586000318406,1.4497430230003374,PigCVP,95
16,16,0.2,feature_ablation,tshap_centroid,0.3745704467353952,0.545,0.091,0.1407134529118097,0.14498657769908796,0,0,0.048482586000318406,1.4497430230003374,PigCVP,95
16,16,0.05,feature_ablation,tshap_zero,0.0,0.0,0.0915,0.05177652608487748,0.0943747907797674,0,0,0.048482586000318406,1.4481446110003162,PigCVP,95
16,16,0.1,feature_ablation,tshap_zero,0.0,0.0,0.116,0.003696208360971953,0.08699660200331372,0,0,0.048482586000318406,1.4481446110003162,PigCVP,95
16,16,0.2,feature_ablation,tshap_zero,0.38408304498269896,0.555,0.089,0.1407134529118097,0.1487175229433897,0,0,0.048482586000318406,1.4481446110003162,PigCVP,95
16,16,0.05,feature_ablation,mrsqm,0.0,0.0,0.9,0.05177652608487748,-0.027877562907746567,0,0,0.048482586000318406,7.588299922645092e-05,PigCVP,95
16,16,0.1,feature_ablation,mrsqm,0.0,0.0,0.9,0.003696208360971953,-0.03884958013921325,0,0,0.048482586000318406,7.588299922645092e-05,PigCVP,95
16,16,0.2,feature_ablation,mrsqm,0.0,0.0,0.8,0.1407134529118097,-0.10738041659111341,0,0,0.048482586000318406,7.588299922645092e-05,PigCVP,95
16,16,0.05,tshap_centroid,tshap_zero,0.27388535031847133,0.43,0.0285,0.011207766537752795,0.0943747907797674,0,0,1.4497430230003374,1.4481446110003162,PigCVP,95
16,16,0.1,tshap_centroid,tshap_zero,0.5151515151515151,0.68,0.032,0.12204190695895978,0.08699660200331372,0,0,1.4497430230003374,1.4481446110003162,PigCVP,95
16,16,0.2,tshap_centroid,tshap_zero,0.9801980198019802,0.99,0.002,0.14498657769908796,0.1487175229433897,0,0,1.4497430230003374,1.4481446110003162,PigCVP,95
16,16,0.05,tshap_centroid,mrsqm,0.0,0.0,0.78,0.011207766537752795,-0.027877562907746567,0,0,1.4497430230003374,7.588299922645092e-05,PigCVP,95
16,16,0.1,tshap_centroid,mrsqm,0.0,0.0,0.752,0.12204190695895978,-0.03884958013921325,0,0,1.4497430230003374,7.588299922645092e-05,PigCVP,95
16,16,0.2,tshap_centroid,mrsqm,0.0,0.0,0.709,0.14498657769908796,-0.10738041659111341,0,0,1.4497430230003374,7.588299922645092e-05,PigCVP,95
16,16,0.05,tshap_zero,mrsqm,0.0,0.0,0.8085,0.0943747907797674,-0.027877562907746567,0,0,1.4481446110003162,7.588299922645092e-05,PigCVP,95
16,16,0.1,tshap_zero,mrsqm,0.0,0.0,0.784,0.08699660200331372,-0.03884958013921325,0,0,1.4481446110003162,7.588299922645092e-05,PigCVP,95
16,16,0.2,tshap_zero,mrsqm,0.0,0.0,0.711,0.1487175229433897,-0.10738041659111341,0,0,1.4481446110003162,7.588299922645092e-05,PigCVP,95
36,36,0.05,hydra,shapley_sampling,0.0,0.0,0.2085,0.10694269135555445,0.053452625588286784,0,0,1.7305354089985485,1.1687222469990957,PigCVP,165
36,36,0.1,hydra,shapley_sampling,1.0,1.0,0.0,0.09648923774832419,0.0964892267720161,0,0,1.7305354089985485,1.1687222469990957,PigCVP,165
36,36,0.2,hydra,shapley_sampling,0.0,0.0,0.728,0.20725416543267716,0.003127386853825964,0,0,1.7305354089985485,1.1687222469990957,PigCVP,165
36,36,0.05,hydra,feature_ablation,0.0,0.0,0.7415,0.10694269135555445,0.01355097601967914,0,0,1.7305354089985485,0.046883852999599185,PigCVP,165
36,36,0.1,hydra,feature_ablation,0.0,0.0,0.9,0.09648923774832419,0.0025871936769800152,0,0,1.7305354089985485,0.046883852999599185,PigCVP,165
36,36,0.2,hydra,feature_ablation,0.43884892086330934,0.61,0.078,0.20725416543267716,0.17544089014507325,0,0,1.7305354089985485,0.046883852999599185,PigCVP,165
36,36,0.05,hydra,tshap_centroid,0.0,0.0,0.2705,0.10694269135555445,0.06895730997650662,0,0,1.7305354089985485,1.4320453649997944,PigCVP,165
36,36,0.1,hydra,tshap_centroid,0.0,0.0,0.4495,0.09648923774832419,0.14241142402664708,0,0,1.7305354089985485,1.4320453649997944,PigCVP,165
36,36,0.2,hydra,tshap_centroid,0.0,0.0,0.3195,0.20725416543267716,0.17566566684986318,0,0,1.7305354089985485,1.4320453649997944,PigCVP,165
36,36,0.05,hydra,tshap_zero,0.48148148148148145,0.65,0.0175,0.10694269135555445,0.15251893384683735,0,0,1.7305354089985485,1.4478235360002145,PigCVP,165
36,36,0.1,hydra,tshap_zero,0.0,0.0,0.1365,0.09648923774832419,0.21341773165555544,0,0,1.7305354089985485,1.4478235360002145,PigCVP,165
36,36,0.2,hydra,tshap_zero,0.9047619047619048,0.95,0.01,0.20725416543267716,0.1997459466723196,0,0,1.7305354089985485,1.4478235360002145,PigCVP,165
36,36,0.05,hydra,mrsqm,0.0,0.0,0.2085,0.10694269135555445,0.053452631958839314,0,0,1.7305354089985485,7.03229998180177e-05,PigCVP,165
36,36,0.1,hydra,mrsqm,1.0,1.0,0.0,0.09648923774832419,0.09648924400469983,0,0,1.7305354089985485,7.03229998180177e-05,PigCVP,165
36,36,0.2,hydra,mrsqm,0.47058823529411764,0.64,0.072,0.20725416543267716,0.050082287269822556,0,0,1.7305354089985485,7.03229998180177e-05,PigCVP,165
36,36,0.05,shapley_sampling,feature_ablation,0.0,0.0,0.95,0.053452625588286784,0.01355097601967914,0,0,1.1687222469990957,0.046883852999599185,PigCVP,165
36,36,0.1,shapley_sampling,feature_ablation,0.0,0.0,0.9,0.0964892267720161,0.0025871936769800152,0,0,1.1687222469990957,0.046883852999599185,PigCVP,165
36,36,0.2,shapley_sampling,feature_ablation,0.0,0.0,0.65,0.003127386853825964,0.17544089014507325,0,0,1.1687222469990957,0.046883852999599185,PigCVP,165
36,36,0.05,shapley_sampling,tshap_centroid,0.0,0.0,0.479,0.053452625588286784,0.06895730997650662,0,0,1.1687222469990957,1.4320453649997944,PigCVP,165
36,36,0.1,shapley_sampling,tshap_centroid,0.0,0.0,0.4495,0.0964892267720161,0.14241142402664708,0,0,1.1687222469990957,1.4320453649997944,PigCVP,165
36,36,0.2,shapley_sampling,tshap_centroid,0.0,0.0,0.4085,0.003127386853825964,0.17566566684986318,0,0,1.1687222469990957,1.4320453649997944,PigCVP,165
36,36,0.05,shapley_sampling,tshap_zero,0.0,0.0,0.191,0.053452625588286784,0.15251893384683735,0,0,1.1687222469990957,1.4478235360002145,PigCVP,165
36,36,0.1,shapley_sampling,tshap_zero,0.0,0.0,0.1365,0.0964892267720161,0.21341773165555544,0,0,1.1687222469990957,1.4478235360002145,PigCVP,165
36,36,0.2,shapley_sampling,tshap_zero,0.0,0.0,0.718,0.003127386853825964,0.1997459466723196,0,0,1.1687222469990957,1.4478235360002145,PigCVP,165
36,36,0.05,shapley_sampling,mrsqm,1.0,1.0,0.0,0.053452625588286784,0.053452631958839314,0,0,1.1687222469990957,7.03229998180177e-05,PigCVP,165
36,36,0.1,shapley_sampling,mrsqm,1.0,1.0,0.0,0.0964892267720161,0.09648924400469983,0,0,1.1687222469990957,7.03229998180177e-05,PigCVP,165
36,36,0.2,shapley_sampling,mrsqm,0.0,0.0,0.8,0.003127386853825964,0.050082287269822556,0,0,1.1687222469990957,7.03229998180177e-05,PigCVP,165
36,36,0.05,feature_ablation,tshap_centroid,0.0,0.0,0.471,0.01355097601967914,0.06895730997650662,0,0,0.046883852999599185,1.4320453649997944,PigCVP,165
36,36,0.1,feature_ablation,tshap_centroid,0.0,0.0,0.4505,0.0025871936769800152,0.14241142402664708,0,0,0.046883852999599185,1.4320453649997944,PigCVP,165
36,36,0.2,feature_ablation,tshap_centroid,0.0,0.0,0.2415,0.17544089014507325,0.17566566684986318,0,0,0.046883852999599185,1.4320453649997944,PigCVP,165
36,36,0.05,feature_ablation,tshap_zero,0.0,0.0,0.759,0.01355097601967914,0.15251893384683735,0,0,0.046883852999599185,1.4478235360002145,PigCVP,165
36,36,0.1,feature_ablation,tshap_zero,0.0,0.0,0.7635,0.0025871936769800152,0.21341773165555544,0,0,0.046883852999599185,1.4478235360002145,PigCVP,165
36,36,0.2,feature_ablation,tshap_zero,0.4925373134328358,0.66,0.068,0.17544089014507325,0.1997459466723196,0,0,0.046883852999599185,1.4478235360002145,PigCVP,165
36,36,0.05,feature_ablation,mrsqm,0.0,0.0,0.95,0.01355097601967914,0.053452631958839314,0,0,0.046883852999599185,7.03229998180177e-05,PigCVP,165
36,36,0.1,feature_ablation,mrsqm,0.0,0.0,0.9,0.0025871936769800152,0.09648924400469983,0,0,0.046883852999599185,7.03229998180177e-05,PigCVP,165
36,36,0.2,feature_ablation,mrsqm,0.14285714285714285,0.25,0.15,0.17544089014507325,0.050082287269822556,0,0,0.046883852999599185,7.03229998180177e-05,PigCVP,165
36,36,0.05,tshap_centroid,tshap_zero,0.0,0.0,0.288,0.06895730997650662,0.15251893384683735,0,0,1.4320453649997944,1.4478235360002145,PigCVP,165
36,36,0.1,tshap_centroid,tshap_zero,0.0,0.0,0.313,0.14241142402664708,0.21341773165555544,0,0,1.4320453649997944,1.4478235360002145,PigCVP,165
36,36,0.2,tshap_centroid,tshap_zero,0.0,0.0,0.3095,0.17566566684986318,0.1997459466723196,0,0,1.4320453649997944,1.4478235360002145,PigCVP,165
36,36,0.05,tshap_centroid,mrsqm,0.0,0.0,0.479,0.06895730997650662,0.053452631958839314,0,0,1.4320453649997944,7.03229998180177e-05,PigCVP,165
36,36,0.1,tshap_centroid,mrsqm,0.0,0.0,0.4495,0.14241142402664708,0.09648924400469983,0,0,1.4320453649997944,7.03229998180177e-05,PigCVP,165
36,36,0.2,tshap_centroid,mrsqm,0.0,0.0,0.3915,0.17566566684986318,0.050082287269822556,0,0,1.4320453649997944,7.03229998180177e-05,PigCVP,165
36,36,0.05,tshap_zero,mrsqm,0.0,0.0,0.191,0.15251893384683735,0.053452631958839314,0,0,1.4478235360002145,7.03229998180177e-05,PigCVP,165
36,36,0.1,tshap_zero,mrsqm,0.0,0.0,0.1365,0.21341773165555544,0.09648924400469983,0,0,1.4478235360002145,7.03229998180177e-05,PigCVP,165
36,36,0.2,tshap_zero,mrsqm,0.41843971631205673,0.59,0.082,0.1997459466723196,0.050082287269822556,0,0,1.4478235360002145,7.03229998180177e-05,PigCVP,165
44,44,0.05,hydra,shapley_sampling,0.0,0.0,0.415,0.17052942572779028,0.18139027225837423,0,0,1.7505512339994311,1.2015152289968682,PigCVP,18
44,44,0.1,hydra,shapley_sampling,0.0,0.0,0.138,0.10227637635937503,0.07501107161758691,0,0,1.7505512339994311,1.2015152289968682,PigCVP,18
44,44,0.2,hydra,shapley_sampling,0.0,0.0,0.341,0.3343334531890223,0.08794465454217892,0,0,1.7505512339994311,1.2015152289968682,PigCVP,18
44,44,0.05,hydra,feature_ablation,0.0,0.0,0.065,0.17052942572779028,0.10315467801379485,0,0,1.7505512339994311,0.04955785099809873,PigCVP,18
44,44,0.1,hydra,feature_ablation,0.0,0.0,0.162,0.10227637635937503,0.12983789486316866,0,0,1.7505512339994311,0.04955785099809873,PigCVP,18
44,44,0.2,hydra,feature_ablation,0.9138755980861244,0.955,0.009,0.3343334531890223,0.3468306328934083,0,0,1.7505512339994311,0.04955785099809873,PigCVP,18
44,44,0.05,hydra,tshap_centroid,0.0,0.0,0.121,0.17052942572779028,0.18759966494980507,0,0,1.7505512339994311,1.4342600490017503,PigCVP,18
44,44,0.1,hydra,tshap_centroid,0.0,0.0,0.348,0.10227637635937503,0.2727521033229179,0,0,1.7505512339994311,1.4342600490017503,PigCVP,18
44,44,0.2,hydra,tshap_centroid,0.5325670498084292,0.695,0.061,0.3343334531890223,0.3782275871791161,0,0,1.7505512339994311,1.4342600490017503,PigCVP,18
44,44,0.05,hydra,tshap_zero,0.5748031496062992,0.73,0.0135,0.17052942572779028,0.1956434768575659,0,0,1.7505512339994311,1.4529325129988138,PigCVP,18
44,44,0.1,hydra,tshap_zero,0.0,0.0,0.24,0.10227637635937503,0.19618307511227928,0,0,1.7505512339994311,1.4529325129988138,PigCVP,18
44,44,0.2,hydra,tshap_zero,0.9512195121951219,0.975,0.005,0.3343334531890223,0.3250709900402451,0,0,1.7505512339994311,1.4529325129988138,PigCVP,18
44,44,0.05,hydra,mrsqm,0.0,0.0,0.415,0.17052942572779028,0.1813902722695191,0,0,1.7505512339994311,7.255699892994016e-05,PigCVP,18
44,44,0.1,hydra,mrsqm,0.0,0.0,0.138,0.10227637635937503,0.07501106990512785,0,0,1.7505512339994311,7.255699892994016e-05,PigCVP,18
44,44,0.2,hydra,mrsqm,0.0,0.0,0.341,0.3343334531890223,0.0879446559981929,0,0,1.7505512339994311,7.255699892994016e-05,PigCVP,18
44,44,0.05,shapley_sampling,feature_ablation,0.0,0.0,0.35,0.18139027225837423,0.10315467801379485,0,0,1.2015152289968682,0.04955785099809873,PigCVP,18
44,44,0.1,shapley_sampling,feature_ablation,0.0,0.0,0.3,0.07501107161758691,0.12983789486316866,0,0,1.2015152289968682,0.04955785099809873,PigCVP,18
44,44,0.2,shapley_sampling,feature_ablation,0.0,0.0,0.35,0.08794465454217892,0.3468306328934083,0,0,1.2015152289968682,0.04955785099809873,PigCVP,18
44,44,0.05,shapley_sampling,tshap_centroid,0.0,0.0,0.536,0.18139027225837423,0.18759966494980507,0,0,1.2015152289968682,1.4342600490017503,PigCVP,18
44,44,0.1,shapley_sampling,tshap_centroid,0.0,0.0,0.486,0.07501107161758691,0.2727521033229179,0,0,1.2015152289968682,1.4342600490017503,PigCVP,18
44,44,0.2,shapley_sampling,tshap_centroid,0.0,0.0,0.402,0.08794465454217892,0.3782275871791161,0,0,1.2015152289968682,1.4342600490017503,PigCVP,18
44,44,0.05,shapley_sampling,tshap_zero,0.0,0.0,0.4015,0.18139027225837423,0.1956434768575659,0,0,1.2015152289968682,1.4529325129988138,PigCVP,18
44,44,0.1,shapley_sampling,tshap_zero,0.0,0.0,0.378,0.07501107161758691,0.19618307511227928,0,0,1.2015152289968682,1.4529325129988138,PigCVP,18
44,44,0.2,shapley_sampling,tshap_zero,0.0,0.0,0.336,0.08794465454217892,0.3250709900402451,0,0,1.2015152289968682,1.4529325129988138,PigCVP,18
44,44,0.05,shapley_sampling,mrsqm,1.0,1.0,0.0,0.18139027225837423,0.1813902722695191,0,0,1.2015152289968682,7.255699892994016e-05,PigCVP,18
44,44,0.1,shapley_sampling,mrsqm,1.0,1.0,0.0,0.07501107161758691,0.07501106990512785,0,0,1.2015152289968682,7.255699892994016e-05,PigCVP,18
44,44,0.2,shapley_sampling,mrsqm,1.0,1.0,0.0,0.08794465454217892,0.0879446559981929,0,0,1.2015152289968682,7.255699892994016e-05,PigCVP,18
44,44,0.05,feature_ablation,tshap_centroid,0.0,0.0,0.186,0.10315467801379485,0.18759966494980507,0,0,0.04955785099809873,1.4342600490017503,PigCVP,18
44,44,0.1,feature_ablation,tshap_centroid,0.0,0.0,0.186,0.12983789486316866,0.2727521033229179,0,0,0.04955785099809873,1.4342600490017503,PigCVP,18
44,44,0.2,feature_ablation,tshap_centroid,0.5873015873015873,0.74,0.052,0.3468306328934083,0.3782275871791161,0,0,0.04955785099809873,1.4342600490017503,PigCVP,18
44,44,0.05,feature_ablation,tshap_zero,0.0,0.0,0.0515,0.10315467801379485,0.1956434768575659,0,0,0.04955785099809873,1.4529325129988138,PigCVP,18
44,44,0.1,feature_ablation,tshap_zero,0.12359550561797752,0.22,0.078,0.12983789486316866,0.19618307511227928,0,0,0.04955785099809873,1.4529325129988138,PigCVP,18
44,44,0.2,feature_ablation,tshap_zero,0.8691588785046729,0.93,0.014,0.3468306328934083,0.3250709900402451,0,0,0.04955785099809873,1.4529325129988138,PigCVP,18
44,44,0.05,feature_ablation,mrsqm,0.0,0.0,0.35,0.10315467801379485,0.1813902722695191,0,0,0.04955785099809873,7.255699892994016e-05,PigCVP,18
44,44,0.1,feature_ablation,mrsqm,0.0,0.0,0.3,0.12983789486316866,0.07501106990512785,0,0,0.04955785099809873,7.255699892994016e-05,PigCVP,18
44,44,0.2,feature_ablation,mrsqm,0.0,0.0,0.35,0.3468306328934083,0.0879446559981929,0,0,0.04955785099809873,7.255699892994016e-05,PigCVP,18
44,44,0.05,tshap_centroid,tshap_zero,0.0,0.0,0.1345,0.18759966494980507,0.1956434768575659,0,0,1.4342600490017503,1.4529325129988138,PigCVP,18
44,44,0.1,tshap_centroid,tshap_zero,0.0,0.0,0.108,0.2727521033229179,0.19618307511227928,0,0,1.4342600490017503,1.4529325129988138,PigCVP,18
44,44,0.2,tshap_centroid,tshap_zero,0.5037593984962406,0.67,0.066,0.3782275871791161,0.3250709900402451,0,0,1.4342600490017503,1.4529325129988138,PigCVP,18
44,44,0.05,tshap_centroid,mrsqm,0.0,0.0,0.536,0.18759966494980507,0.1813902722695191,0,0,1.4342600490017503,7.255699892994016e-05,PigCVP,18
44,44,0.1,tshap_centroid,mrsqm,0.0,0.0,0.486,0.2727521033229179,0.07501106990512785,0,0,1.4342600490017503,7.255699892994016e-05,PigCVP,18
44,44,0.2,tshap_centroid,mrsqm,0.0,0.0,0.402,0.3782275871791161,0.0879446559981929,0,0,1.4342600490017503,7.255699892994016e-05,PigCVP,18
44,44,0.05,tshap_zero,mrsqm,0.0,0.0,0.4015,0.1956434768575659,0.1813902722695191,0,0,1.4529325129988138,7.255699892994016e-05,PigCVP,18
44,44,0.1,tshap_zero,mrsqm,0.0,0.0,0.378,0.19618307511227928,0.07501106990512785,0,0,1.4529325129988138,7.255699892994016e-05,PigCVP,18
44,44,0.2,tshap_zero,mrsqm,0.0,0.0,0.336,0.3250709900402451,0.0879446559981929,0,0,1.4529325129988138,7.255699892994016e-05,PigCVP,18
30,30,0.05,hydra,shapley_sampling,0.0,0.0,0.597,0.009619212191884996,-0.035556931457053076,0,0,1.800125626999943,1.2429512669987162,PigCVP,147
30,30,0.1,hydra,shapley_sampling,0.0,0.0,0.558,0.0922675708823113,-0.007982105018661256,1,0,1.800125626999943,1.2429512669987162,PigCVP,147
30,30,0.2,hydra,shapley_sampling,0.0,0.0,0.4635,0.24466642759223423,-0.1792387159207509,1,0,1.800125626999943,1.2429512669987162,PigCVP,147
30,30,0.05,hydra,feature_ablation,0.0,0.0,0.597,0.009619212191884996,-0.03555693353442857,0,0,1.800125626999943,0.04971190200012643,PigCVP,147
30,30,0.1,hydra,feature_ablation,0.0,0.0,0.558,0.0922675708823113,-0.007982110359240568,1,0,1.800125626999943,0.04971190200012643,PigCVP,147
30,30,0.2,hydra,feature_ablation,0.0,0.0,0.4635,0.24466642759223423,-0.17923870307319079,1,0,1.800125626999943,0.04971190200012643,PigCVP,147
30,30,0.05,hydra,tshap_centroid,0.0,0.0,0.1035,0.009619212191884996,0.07138063224599955,0,1,1.800125626999943,1.4280171249993145,PigCVP,147
30,30,0.1,hydra,tshap_centroid,0.0,0.0,0.1155,0.0922675708823113,0.18877238887608383,1,1,1.800125626999943,1.4280171249993145,PigCVP,147
30,30,0.2,hydra,tshap_centroid,0.02040816326530612,0.04,0.192,0.24466642759223423,0.30356816403959985,1,1,1.800125626999943,1.4280171249993145,PigCVP,147
30,30,0.05,hydra,tshap_zero,0.0,0.0,0.2595,0.009619212191884996,0.06355844091992813,0,0,1.800125626999943,1.4032482630027516,PigCVP,147
30,30,0.1,hydra,tshap_zero,0.0,0.0,0.248,0.0922675708823113,0.1466594195467063,1,1,1.800125626999943,1.4032482630027516,PigCVP,147
30,30,0.2,hydra,tshap_zero,0.0,0.0,0.251,0.24466642759223423,0.21382970550208846,1,1,1.800125626999943,1.4032482630027516,PigCVP,147
30,30,0.05,hydra,mrsqm,0.0,0.0,0.353,0.009619212191884996,0.1192517780494593,0,1,1.800125626999943,6.903000030433759e-05,PigCVP,147
30,30,0.1,hydra,mrsqm,0.0,0.0,0.342,0.0922675708823113,0.14053613829349887,1,1,1.800125626999943,6.903000030433759e-05,PigCVP,147
30,30,0.2,hydra,mrsqm,0.0,0.0,0.3365,0.24466642759223423,0.19284416932427384,1,1,1.800125626999943,6.903000030433759e-05,PigCVP,147
30,30,0.05,shapley_sampling,feature_ablation,1.0,1.0,0.0,-0.035556931457053076,-0.03555693353442857,0,0,1.2429512669987162,0.04971190200012643,PigCVP,147
30,30,0.1,shapley_sampling,feature_ablation,1.0,1.0,0.0,-0.007982105018661256,-0.007982110359240568,0,0,1.2429512669987162,0.04971190200012643,PigCVP,147
30,30,0.2,shapley_sampling,feature_ablation,1.0,1.0,0.0,-0.1792387159207509,-0.17923870307319079,0,0,1.2429512669987162,0.04971190200012643,PigCVP,147
30,30,0.05,shapley_sampling,tshap_centroid,0.0,0.0,0.7005,-0.035556931457053076,0.07138063224599955,0,1,1.2429512669987162,1.4280171249993145,PigCVP,147
30,30,0.1,shapley_sampling,tshap_centroid,0.0,0.0,0.6735,-0.007982105018661256,0.18877238887608383,0,1,1.2429512669987162,1.4280171249993145,PigCVP,147
30,30,0.2,shapley_sampling,tshap_centroid,0.0,0.0,0.6555,-0.1792387159207509,0.30356816403959985,0,1,1.2429512669987162,1.4280171249993145,PigCVP,147
30,30,0.05,shapley_sampling,tshap_zero,0.0,0.0,0.8565,-0.035556931457053076,0.06355844091992813,0,0,1.2429512669987162,1.4032482630027516,PigCVP,147
30,30,0.1,shapley_sampling,tshap_zero,0.0,0.0,0.806,-0.007982105018661256,0.1466594195467063,0,1,1.2429512669987162,1.4032482630027516,PigCVP,147
30,30,0.2,shapley_sampling,tshap_zero,0.0,0.0,0.7145,-0.1792387159207509,0.21382970550208846,0,1,1.2429512669987162,1.4032482630027516,PigCVP,147
30,30,0.05,shapley_sampling,mrsqm,0.0,0.0,0.95,-0.035556931457053076,0.1192517780494593,0,1,1.2429512669987162,6.903000030433759e-05,PigCVP,147
30,30,0.1,shapley_sampling,mrsqm,0.0,0.0,0.9,-0.007982105018661256,0.14053613829349887,0,1,1.2429512669987162,6.903000030433759e-05,PigCVP,147
30,30,0.2,shapley_sampling,mrsqm,0.0,0.0,0.8,-0.1792387159207509,0.19284416932427384,0,1,1.2429512669987162,6.903000030433759e-05,PigCVP,147
30,30,0.05,feature_ablation,tshap_centroid,0.0,0.0,0.7005,-0.03555693353442857,0.07138063224599955,0,1,0.04971190200012643,1.4280171249993145,PigCVP,147
30,30,0.1,feature_ablation,tshap_centroid,0.0,0.0,0.6735,-0.007982110359240568,0.18877238887608383,0,1,0.04971190200012643,1.4280171249993145,PigCVP,147
30,30,0.2,feature_ablation,tshap_centroid,0.0,0.0,0.6555,-0.17923870307319079,0.30356816403959985,0,1,0.04971190200012643,1.4280171249993145,PigCVP,147
30,30,0.05,feature_ablation,tshap_zero,0.0,0.0,0.8565,-0.03555693353442857,0.06355844091992813,0,0,0.04971190200012643,1.4032482630027516,PigCVP,147
30,30,0.1,feature_ablation,tshap_zero,0.0,0.0,0.806,-0.007982110359240568,0.1466594195467063,0,1,0.04971190200012643,1.4032482630027516,PigCVP,147
30,30,0.2,feature_ablation,tshap_zero,0.0,0.0,0.7145,-0.17923870307319079,0.21382970550208846,0,1,0.04971190200012643,1.4032482630027516,PigCVP,147
30,30,0.05,feature_ablation,mrsqm,0.0,0.0,0.95,-0.03555693353442857,0.1192517780494593,0,1,0.04971190200012643,6.903000030433759e-05,PigCVP,147
30,30,0.1,feature_ablation,mrsqm,0.0,0.0,0.9,-0.007982110359240568,0.14053613829349887,0,1,0.04971190200012643,6.903000030433759e-05,PigCVP,147
30,30,0.2,feature_ablation,mrsqm,0.0,0.0,0.8,-0.17923870307319079,0.19284416932427384,0,1,0.04971190200012643,6.903000030433759e-05,PigCVP,147
30,30,0.05,tshap_centroid,tshap_zero,0.0,0.0,0.156,0.07138063224599955,0.06355844091992813,1,0,1.4280171249993145,1.4032482630027516,PigCVP,147
30,30,0.1,tshap_centroid,tshap_zero,0.0,0.0,0.1325,0.18877238887608383,0.1466594195467063,1,1,1.4280171249993145,1.4032482630027516,PigCVP,147
30,30,0.2,tshap_centroid,tshap_zero,0.5444015444015444,0.705,0.059,0.30356816403959985,0.21382970550208846,1,1,1.4280171249993145,1.4032482630027516,PigCVP,147
30,30,0.05,tshap_centroid,mrsqm,0.0,0.0,0.2495,0.07138063224599955,0.1192517780494593,1,1,1.4280171249993145,6.903000030433759e-05,PigCVP,147
30,30,0.1,tshap_centroid,mrsqm,0.0,0.0,0.2265,0.18877238887608383,0.14053613829349887,1,1,1.4280171249993145,6.903000030433759e-05,PigCVP,147
30,30,0.2,tshap_centroid,mrsqm,0.16110304789550073,0.2775,0.1445,0.30356816403959985,0.19284416932427384,1,1,1.4280171249993145,6.903000030433759e-05,PigCVP,147
30,30,0.05,tshap_zero,mrsqm,0.0,0.0,0.0935,0.06355844091992813,0.1192517780494593,0,1,1.4032482630027516,6.903000030433759e-05,PigCVP,147
30,30,0.1,tshap_zero,mrsqm,0.030927835051546393,0.06,0.094,0.1466594195467063,0.14053613829349887,1,1,1.4032482630027516,6.903000030433759e-05,PigCVP,147
30,30,0.2,tshap_zero,mrsqm,0.4010507880910683,0.5725,0.0855,0.21382970550208846,0.19284416932427384,1,1,1.4032482630027516,6.903000030433759e-05,PigCVP,147
34,34,0.05,hydra,shapley_sampling,0.0,0.0,0.6615,0.19777116477656898,0.08579892081531448,0,0,1.7157355409981392,1.1857270500004233,PigCVP,159
34,34,0.1,hydra,shapley_sampling,0.0,0.0,0.2355,0.44237544156787567,0.21452900175672718,0,0,1.7157355409981392,1.1857270500004233,PigCVP,159
34,34,0.2,hydra,shapley_sampling,0.0,0.0,0.2335,0.7237624641474085,0.5206625204472355,0,0,1.7157355409981392,1.1857270500004233,PigCVP,159
34,34,0.05,hydra,feature_ablation,0.0,0.0,0.2885,0.19777116477656898,0.09798560398013922,0,0,1.7157355409981392,0.04840865599908284,PigCVP,159
34,34,0.1,hydra,feature_ablation,0.0,0.0,0.2355,0.44237544156787567,0.21452899706161288,0,0,1.7157355409981392,0.04840865599908284,PigCVP,159
34,34,0.2,hydra,feature_ablation,0.0,0.0,0.2335,0.7237624641474085,0.5206625252003874,0,0,1.7157355409981392,0.04840865599908284,PigCVP,159
34,34,0.05,hydra,tshap_centroid,0.20481927710843373,0.34,0.033,0.19777116477656898,0.2511318241093672,0,0,1.7157355409981392,1.4418717110020225,PigCVP,159
34,34,0.1,hydra,tshap_centroid,0.08401084010840108,0.155,0.0845,0.44237544156787567,0.4059115551986766,0,0,1.7157355409981392,1.4418717110020225,PigCVP,159
34,34,0.2,hydra,tshap_centroid,0.9047619047619048,0.95,0.01,0.7237624641474085,0.70474063892642,0,0,1.7157355409981392,1.4418717110020225,PigCVP,159
34,34,0.05,hydra,tshap_zero,0.0,0.0,0.065,0.19777116477656898,0.21133055398906775,0,0,1.7157355409981392,1.4690641990018776,PigCVP,159
34,34,0.1,hydra,tshap_zero,0.42857142857142855,0.6,0.04,0.44237544156787567,0.4328361292154017,0,0,1.7157355409981392,1.4690641990018776,PigCVP,159
34,34,0.2,hydra,tshap_zero,0.5180265654648957,0.6825,0.0635,0.7237624641474085,0.7312859540444521,0,0,1.7157355409981392,1.4690641990018776,PigCVP,159
34,34,0.05,hydra,mrsqm,0.0,0.0,0.6615,0.19777116477656898,0.08579892368411723,0,0,1.7157355409981392,7.377899964922108e-05,PigCVP,159
34,34,0.1,hydra,mrsqm,0.0,0.0,0.6645,0.44237544156787567,0.2390005822931318,0,0,1.7157355409981392,7.377899964922108e-05,PigCVP,159
34,34,0.2,hydra,mrsqm,0.0,0.0,0.5665,0.7237624641474085,0.4634814592536758,0,0,1.7157355409981392,7.377899964922108e-05,PigCVP,159
34,34,0.05,shapley_sampling,feature_ablation,0.0,0.0,0.95,0.08579892081531448,0.09798560398013922,0,0,1.1857270500004233,0.04840865599908284,PigCVP,159
34,34,0.1,shapley_sampling,feature_ablation,1.0,1.0,0.0,0.21452900175672718,0.21452899706161288,0,0,1.1857270500004233,0.04840865599908284,PigCVP,159
34,34,0.2,shapley_sampling,feature_ablation,1.0,1.0,0.0,0.5206625204472355,0.5206625252003874,0,0,1.1857270500004233,0.04840865599908284,PigCVP,159
34,34,0.05,shapley_sampling,tshap_centroid,0.0,0.0,0.6285,0.08579892081531448,0.2511318241093672,0,0,1.1857270500004233,1.4418717110020225,PigCVP,159
34,34,0.1,shapley_sampling,tshap_centroid,0.0,0.0,0.32,0.21452900175672718,0.4059115551986766,0,0,1.1857270500004233,1.4418717110020225,PigCVP,159
34,34,0.2,shapley_sampling,tshap_centroid,0.0,0.0,0.2435,0.5206625204472355,0.70474063892642,0,0,1.1857270500004233,1.4418717110020225,PigCVP,159
34,34,0.05,shapley_sampling,tshap_zero,0.0,0.0,0.7265,0.08579892081531448,0.21133055398906775,0,0,1.1857270500004233,1.4690641990018776,PigCVP,159
34,34,0.1,shapley_sampling,tshap_zero,0.0,0.0,0.1955,0.21452900175672718,0.4328361292154017,0,0,1.1857270500004233,1.4690641990018776,PigCVP,159
34,34,0.2,shapley_sampling,tshap_zero,0.08108108108108109,0.15,0.17,0.5206625204472355,0.7312859540444521,0,0,1.1857270500004233,1.4690641990018776,PigCVP,159
34,34,0.05,shapley_sampling,mrsqm,1.0,1.0,0.0,0.08579892081531448,0.08579892368411723,0,0,1.1857270500004233,7.377899964922108e-05,PigCVP,159
34,34,0.1,shapley_sampling,mrsqm,0.0,0.0,0.9,0.21452900175672718,0.2390005822931318,0,0,1.1857270500004233,7.377899964922108e-05,PigCVP,159
34,34,0.2,shapley_sampling,mrsqm,0.0,0.0,0.8,0.5206625204472355,0.4634814592536758,0,0,1.1857270500004233,7.377899964922108e-05,PigCVP,159
34,34,0.05,feature_ablation,tshap_centroid,0.0,0.0,0.3215,0.09798560398013922,0.2511318241093672,0,0,0.04840865599908284,1.4418717110020225,PigCVP,159
34,34,0.1,feature_ablation,tshap_centroid,0.0,0.0,0.32,0.21452899706161288,0.4059115551986766,0,0,0.04840865599908284,1.4418717110020225,PigCVP,159
34,34,0.2,feature_ablation,tshap_centroid,0.0,0.0,0.2435,0.5206625252003874,0.70474063892642,0,0,0.04840865599908284,1.4418717110020225,PigCVP,159
34,34,0.05,feature_ablation,tshap_zero,0.0,0.0,0.2235,0.09798560398013922,0.21133055398906775,0,0,0.04840865599908284,1.4690641990018776,PigCVP,159
34,34,0.1,feature_ablation,tshap_zero,0.0,0.0,0.1955,0.21452899706161288,0.4328361292154017,0,0,0.04840865599908284,1.4690641990018776,PigCVP,159
34,34,0.2,feature_ablation,tshap_zero,0.08108108108108109,0.15,0.17,0.5206625252003874,0.7312859540444521,0,0,0.04840865599908284,1.4690641990018776,PigCVP,159
34,34,0.05,feature_ablation,mrsqm,0.0,0.0,0.95,0.09798560398013922,0.08579892368411723,0,0,0.04840865599908284,7.377899964922108e-05,PigCVP,159
34,34,0.1,feature_ablation,mrsqm,0.0,0.0,0.9,0.21452899706161288,0.2390005822931318,0,0,0.04840865599908284,7.377899964922108e-05,PigCVP,159
34,34,0.2,feature_ablation,mrsqm,0.0,0.0,0.8,0.5206625252003874,0.4634814592536758,0,0,0.04840865599908284,7.377899964922108e-05,PigCVP,159
34,34,0.05,tshap_centroid,tshap_zero,0.0,0.0,0.098,0.2511318241093672,0.21133055398906775,0,0,1.4418717110020225,1.4690641990018776,PigCVP,159
34,34,0.1,tshap_centroid,tshap_zero,0.0,0.0,0.1245,0.4059115551986766,0.4328361292154017,0,0,1.4418717110020225,1.4690641990018776,PigCVP,159
34,34,0.2,tshap_centroid,tshap_zero,0.4625228519195612,0.6325,0.0735,0.70474063892642,0.7312859540444521,0,0,1.4418717110020225,1.4690641990018776,PigCVP,159
34,34,0.05,tshap_centroid,mrsqm,0.0,0.0,0.6285,0.2511318241093672,0.08579892368411723,0,0,1.4418717110020225,7.377899964922108e-05,PigCVP,159
34,34,0.1,tshap_centroid,mrsqm,0.0,0.0,0.58,0.4059115551986766,0.2390005822931318,0,0,1.4418717110020225,7.377899964922108e-05,PigCVP,159
34,34,0.2,tshap_centroid,mrsqm,0.0,0.0,0.5565,0.70474063892642,0.4634814592536758,0,0,1.4418717110020225,7.377899964922108e-05,PigCVP,159
34,34,0.05,tshap_zero,mrsqm,0.0,0.0,0.7265,0.21133055398906775,0.08579892368411723,0,0,1.4690641990018776,7.377899964922108e-05,PigCVP,159
34,34,0.1,tshap_zero,mrsqm,0.0,0.0,0.7045,0.4328361292154017,0.2390005822931318,0,0,1.4690641990018776,7.377899964922108e-05,PigCVP,159
34,34,0.2,tshap_zero,mrsqm,0.0,0.0,0.63,0.7312859540444521,0.4634814592536758,0,0,1.4690641990018776,7.377899964922108e-05,PigCVP,159
14,14,0.05,hydra,shapley_sampling,0.0,0.0,0.594,0.11099888476144715,-0.0012419390935825003,0,0,1.7096385930017277,1.2111420379987976,PigCVP,86
14,14,0.1,hydra,shapley_sampling,0.0,0.0,0.2125,0.19810461796632572,0.11483791686663469,0,0,1.7096385930017277,1.2111420379987976,PigCVP,86
14,14,0.2,hydra,shapley_sampling,0.0,0.0,0.3115,0.19512927272362024,-0.03442632266413159,0,0,1.7096385930017277,1.2111420379987976,PigCVP,86
14,14,0.05,hydra,feature_ablation,0.7857142857142857,0.88,0.006,0.11099888476144715,0.12399976051594774,0,0,1.7096385930017277,0.048519824998948025,PigCVP,86
14,14,0.1,hydra,feature_ablation,0.7777777777777778,0.875,0.0125,0.19810461796632572,0.2310941532523415,0,0,1.7096385930017277,0.048519824998948025,PigCVP,86
14,14,0.2,hydra,feature_ablation,0.8912529550827423,0.9425,0.0115,0.19512927272362024,0.2719587871898941,0,0,1.7096385930017277,0.048519824998948025,PigCVP,86
14,14,0.05,hydra,tshap_centroid,0.0,0.0,0.514,0.11099888476144715,0.05876196397308053,0,0,1.7096385930017277,1.45519222099756,PigCVP,86
14,14,0.1,hydra,tshap_centroid,0.12044817927170869,0.215,0.0785,0.19810461796632572,0.2473828369823402,0,0,1.7096385930017277,1.45519222099756,PigCVP,86
14,14,0.2,hydra,tshap_centroid,0.5625,0.72,0.056,0.19512927272362024,0.2134493127245113,0,0,1.7096385930017277,1.45519222099756,PigCVP,86
14,14,0.05,hydra,tshap_zero,0.0,0.0,0.507,0.11099888476144715,0.01967011734616264,0,0,1.7096385930017277,1.4521960850033793,PigCVP,86
14,14,0.1,hydra,tshap_zero,0.0,0.0,0.4495,0.19810461796632572,0.016232057602983407,0,0,1.7096385930017277,1.4521960850033793,PigCVP,86
14,14,0.2,hydra,tshap_zero,0.0,0.0,0.3775,0.19512927272362024,0.04804217300141023,0,0,1.7096385930017277,1.4521960850033793,PigCVP,86
14,14,0.05,hydra,mrsqm,0.0,0.0,0.594,0.11099888476144715,-0.0012419521549739132,0,0,1.7096385930017277,7.024200021987781e-05,PigCVP,86
14,14,0.1,hydra,mrsqm,0.0,0.0,0.5375,0.19810461796632572,0.07866382099453795,0,0,1.7096385930017277,7.024200021987781e-05,PigCVP,86
14,14,0.2,hydra,mrsqm,0.0,0.0,0.4385,0.19512927272362024,0.043522852876387796,0,0,1.7096385930017277,7.024200021987781e-05,PigCVP,86
14,14,0.05,shapley_sampling,feature_ablation,0.0,0.0,0.6,-0.0012419390935825003,0.12399976051594774,0,0,1.2111420379987976,0.048519824998948025,PigCVP,86
14,14,0.1,shapley_sampling,feature_ablation,0.0,0.0,0.2,0.11483791686663469,0.2310941532523415,0,0,1.2111420379987976,0.048519824998948025,PigCVP,86
14,14,0.2,shapley_sampling,feature_ablation,0.0,0.0,0.3,-0.03442632266413159,0.2719587871898941,0,0,1.2111420379987976,0.048519824998948025,PigCVP,86
14,14,0.05,shapley_sampling,tshap_centroid,0.0,0.0,0.08,-0.0012419390935825003,0.05876196397308053,0,0,1.2111420379987976,1.45519222099756,PigCVP,86
14,14,0.1,shapley_sampling,tshap_centroid,0.0,0.0,0.291,0.11483791686663469,0.2473828369823402,0,0,1.2111420379987976,1.45519222099756,PigCVP,86
14,14,0.2,shapley_sampling,tshap_centroid,0.0,0.0,0.3675,-0.03442632266413159,0.2134493127245113,0,0,1.2111420379987976,1.45519222099756,PigCVP,86
14,14,0.05,shapley_sampling,tshap_zero,0.0,0.0,0.087,-0.0012419390935825003,0.01967011734616264,0,0,1.2111420379987976,1.4521960850033793,PigCVP,86
14,14,0.1,shapley_sampling,tshap_zero,0.0,0.0,0.662,0.11483791686663469,0.016232057602983407,0,0,1.2111420379987976,1.4521960850033793,PigCVP,86
14,14,0.2,shapley_sampling,tshap_zero,0.0,0.0,0.689,-0.03442632266413159,0.04804217300141023,0,0,1.2111420379987976,1.4521960850033793,PigCVP,86
14,14,0.05,shapley_sampling,mrsqm,1.0,1.0,0.0,-0.0012419390935825003,-0.0012419521549739132,0,0,1.2111420379987976,7.024200021987781e-05,PigCVP,86
14,14,0.1,shapley_sampling,mrsqm,0.0,0.0,0.75,0.11483791686663469,0.07866382099453795,0,0,1.2111420379987976,7.024200021987781e-05,PigCVP,86
14,14,0.2,shapley_sampling,mrsqm,0.0,0.0,0.75,-0.03442632266413159,0.043522852876387796,0,0,1.2111420379987976,7.024200021987781e-05,PigCVP,86
14,14,0.05,feature_ablation,tshap_centroid,0.0,0.0,0.52,0.12399976051594774,0.05876196397308053,0,0,0.048519824998948025,1.45519222099756,PigCVP,86
14,14,0.1,feature_ablation,tshap_centroid,0.04712041884816754,0.09,0.091,0.2310941532523415,0.2473828369823402,0,0,0.048519824998948025,1.45519222099756,PigCVP,86
14,14,0.2,feature_ablation,tshap_centroid,0.4953271028037383,0.6625,0.0675,0.2719587871898941,0.2134493127245113,0,0,0.048519824998948025,1.45519222099756,PigCVP,86
14,14,0.05,feature_ablation,tshap_zero,0.0,0.0,0.513,0.12399976051594774,0.01967011734616264,0,0,0.048519824998948025,1.4521960850033793,PigCVP,86
14,14,0.1,feature_ablation,tshap_zero,0.0,0.0,0.462,0.2310941532523415,0.016232057602983407,0,0,0.048519824998948025,1.4521960850033793,PigCVP,86
14,14,0.2,feature_ablation,tshap_zero,0.0,0.0,0.389,0.2719587871898941,0.04804217300141023,0,0,0.048519824998948025,1.4521960850033793,PigCVP,86
14,14,0.05,feature_ablation,mrsqm,0.0,0.0,0.6,0.12399976051594774,-0.0012419521549739132,0,0,0.048519824998948025,7.024200021987781e-05,PigCVP,86
14,14,0.1,feature_ablation,mrsqm,0.0,0.0,0.55,0.2310941532523415,0.07866382099453795,0,0,0.048519824998948025,7.024200021987781e-05,PigCVP,86
14,14,0.2,feature_ablation,mrsqm,0.0,0.0,0.45,0.2719587871898941,0.043522852876387796,0,0,0.048519824998948025,7.024200021987781e-05,PigCVP,86
14,14,0.05,tshap_centroid,tshap_zero,0.7543859649122807,0.86,0.007,0.05876196397308053,0.01967011734616264,0,0,1.45519222099756,1.4521960850033793,PigCVP,86
14,14,0.1,tshap_centroid,tshap_zero,0.0,0.0,0.371,0.2473828369823402,0.016232057602983407,0,0,1.45519222099756,1.4521960850033793,PigCVP,86
14,14,0.2,tshap_centroid,tshap_zero,0.0,0.0,0.3215,0.2134493127245113,0.04804217300141023,0,0,1.45519222099756,1.4521960850033793,PigCVP,86
14,14,0.05,tshap_centroid,mrsqm,0.0,0.0,0.08,0.05876196397308053,-0.0012419521549739132,0,0,1.45519222099756,7.024200021987781e-05,PigCVP,86
14,14,0.1,tshap_centroid,mrsqm,0.0,0.0,0.459,0.2473828369823402,0.07866382099453795,0,0,1.45519222099756,7.024200021987781e-05,PigCVP,86
14,14,0.2,tshap_centroid,mrsqm,0.0,0.0,0.3825,0.2134493127245113,0.043522852876387796,0,0,1.45519222099756,7.024200021987781e-05,PigCVP,86
14,14,0.05,tshap_zero,mrsqm,0.0,0.0,0.087,0.01967011734616264,-0.0012419521549739132,0,0,1.4521960850033793,7.024200021987781e-05,PigCVP,86
14,14,0.1,tshap_zero,mrsqm,0.06382978723404255,0.12,0.088,0.016232057602983407,0.07866382099453795,0,0,1.4521960850033793,7.024200021987781e-05,PigCVP,86
14,14,0.2,tshap_zero,mrsqm,0.5325670498084292,0.695,0.061,0.04804217300141023,0.043522852876387796,0,0,1.4521960850033793,7.024200021987781e-05,PigCVP,86
28,28,0.05,hydra,shapley_sampling,0.0,0.0,0.358,-0.03421846508770365,0.010563264053111254,0,0,1.7352665929975046,1.1834616599990113,PigCVP,136
28,28,0.1,hydra,shapley_sampling,0.0,0.0,0.5905,-0.07678244325442285,-0.013301532164881724,0,0,1.7352665929975046,1.1834616599990113,PigCVP,136
28,28,0.2,hydra,shapley_sampling,0.0,0.0,0.2945,-0.08714110493187643,-0.12285023433416664,0,0,1.7352665929975046,1.1834616599990113,PigCVP,136
28,28,0.05,hydra,feature_ablation,0.0,0.0,0.342,-0.03421846508770365,0.030335132624942363,0,0,1.7352665929975046,0.04701587200179347,PigCVP,136
28,28,0.1,hydra,feature_ablation,0.0,0.0,0.3405,-0.07678244325442285,-0.00048601180114182796,0,0,1.7352665929975046,0.04701587200179347,PigCVP,136
28,28,0.2,hydra,feature_ablation,0.0,0.0,0.2945,-0.08714110493187643,-0.12285023679370988,0,0,1.7352665929975046,0.04701587200179347,PigCVP,136
28,28,0.05,hydra,tshap_centroid,0.0,0.0,0.2685,-0.03421846508770365,-0.0049597448151340595,0,0,1.7352665929975046,1.3948757870020927,PigCVP,136
28,28,0.1,hydra,tshap_centroid,0.0,0.0,0.223,-0.07678244325442285,-0.05044250478095247,0,0,1.7352665929975046,1.3948757870020927,PigCVP,136
28,28,0.2,hydra,tshap_centroid,0.0,0.0,0.2285,-0.08714110493187643,0.016717491351628033,0,0,1.7352665929975046,1.3948757870020927,PigCVP,136
28,28,0.05,hydra,tshap_zero,0.0,0.0,0.44,-0.03421846508770365,0.04955315779835101,0,0,1.7352665929975046,1.4110048590009683,PigCVP,136
28,28,0.1,hydra,tshap_zero,0.0,0.0,0.4665,-0.07678244325442285,0.062255082355204494,0,0,1.7352665929975046,1.4110048590009683,PigCVP,136
28,28,0.2,hydra,tshap_zero,0.0,0.0,0.399,-0.08714110493187643,0.007519298385076256,0,0,1.7352665929975046,1.4110048590009683,PigCVP,136
28,28,0.05,hydra,mrsqm,0.0,0.0,0.358,-0.03421846508770365,0.01056324851724777,0,0,1.7352665929975046,6.800800110795535e-05,PigCVP,136
28,28,0.1,hydra,mrsqm,0.0,0.0,0.3095,-0.07678244325442285,0.03922972623119758,0,0,1.7352665929975046,6.800800110795535e-05,PigCVP,136
28,28,0.2,hydra,mrsqm,0.0,0.0,0.3055,-0.08714110493187643,-0.012010146913517539,0,0,1.7352665929975046,6.800800110795535e-05,PigCVP,136
28,28,0.05,shapley_sampling,feature_ablation,0.0,0.0,0.7,0.010563264053111254,0.030335132624942363,0,0,1.1834616599990113,0.04701587200179347,PigCVP,136
28,28,0.1,shapley_sampling,feature_ablation,0.0,0.0,0.25,-0.013301532164881724,-0.00048601180114182796,0,0,1.1834616599990113,0.04701587200179347,PigCVP,136
28,28,0.2,shapley_sampling,feature_ablation,1.0,1.0,0.0,-0.12285023433416664,-0.12285023679370988,0,0,1.1834616599990113,0.04701587200179347,PigCVP,136
28,28,0.05,shapley_sampling,tshap_centroid,0.0,0.0,0.0895,0.010563264053111254,-0.0049597448151340595,0,0,1.1834616599990113,1.3948757870020927,PigCVP,136
28,28,0.1,shapley_sampling,tshap_centroid,0.0,0.0,0.8135,-0.013301532164881724,-0.05044250478095247,0,0,1.1834616599990113,1.3948757870020927,PigCVP,136
28,28,0.2,shapley_sampling,tshap_centroid,0.0,0.0,0.523,-0.12285023433416664,0.016717491351628033,0,0,1.1834616599990113,1.3948757870020927,PigCVP,136
28,28,0.05,shapley_sampling,tshap_zero,0.0,0.0,0.798,0.010563264053111254,0.04955315779835101,0,0,1.1834616599990113,1.4110048590009683,PigCVP,136
28,28,0.1,shapley_sampling,tshap_zero,0.0,0.0,0.124,-0.013301532164881724,0.062255082355204494,0,0,1.1834616599990113,1.4110048590009683,PigCVP,136
28,28,0.2,shapley_sampling,tshap_zero,0.3136288998357964,0.4775,0.1045,-0.12285023433416664,0.007519298385076256,0,0,1.1834616599990113,1.4110048590009683,PigCVP,136
28,28,0.05,shapley_sampling,mrsqm,1.0,1.0,0.0,0.010563264053111254,0.01056324851724777,0,0,1.1834616599990113,6.800800110795535e-05,PigCVP,136
28,28,0.1,shapley_sampling,mrsqm,0.0,0.0,0.9,-0.013301532164881724,0.03922972623119758,0,0,1.1834616599990113,6.800800110795535e-05,PigCVP,136
28,28,0.2,shapley_sampling,mrsqm,0.0,0.0,0.6,-0.12285023433416664,-0.012010146913517539,0,0,1.1834616599990113,6.800800110795535e-05,PigCVP,136
28,28,0.05,feature_ablation,tshap_centroid,0.0,0.0,0.6105,0.030335132624942363,-0.0049597448151340595,0,0,0.04701587200179347,1.3948757870020927,PigCVP,136
28,28,0.1,feature_ablation,tshap_centroid,0.0,0.0,0.5635,-0.00048601180114182796,-0.05044250478095247,0,0,0.04701587200179347,1.3948757870020927,PigCVP,136
28,28,0.2,feature_ablation,tshap_centroid,0.0,0.0,0.523,-0.12285023679370988,0.016717491351628033,0,0,0.04701587200179347,1.3948757870020927,PigCVP,136
28,28,0.05,feature_ablation,tshap_zero,0.0,0.0,0.098,0.030335132624942363,0.04955315779835101,0,0,0.04701587200179347,1.4110048590009683,PigCVP,136
28,28,0.1,feature_ablation,tshap_zero,0.0,0.0,0.126,-0.00048601180114182796,0.062255082355204494,0,0,0.04701587200179347,1.4110048590009683,PigCVP,136
28,28,0.2,feature_ablation,tshap_zero,0.3136288998357964,0.4775,0.1045,-0.12285023679370988,0.007519298385076256,0,0,0.04701587200179347,1.4110048590009683,PigCVP,136
28,28,0.05,feature_ablation,mrsqm,0.0,0.0,0.7,0.030335132624942363,0.01056324851724777,0,0,0.04701587200179347,6.800800110795535e-05,PigCVP,136
28,28,0.1,feature_ablation,mrsqm,0.0,0.0,0.65,-0.00048601180114182796,0.03922972623119758,0,0,0.04701587200179347,6.800800110795535e-05,PigCVP,136
28,28,0.2,feature_ablation,mrsqm,0.0,0.0,0.6,-0.12285023679370988,-0.012010146913517539,0,0,0.04701587200179347,6.800800110795535e-05,PigCVP,136
28,28,0.05,tshap_centroid,tshap_zero,0.0,0.0,0.7085,-0.0049597448151340595,0.04955315779835101,0,0,1.3948757870020927,1.4110048590009683,PigCVP,136
28,28,0.1,tshap_centroid,tshap_zero,0.0,0.0,0.6895,-0.05044250478095247,0.062255082355204494,0,0,1.3948757870020927,1.4110048590009683,PigCVP,136
28,28,0.2,tshap_centroid,tshap_zero,0.0,0.0,0.6275,0.016717491351628033,0.007519298385076256,0,0,1.3948757870020927,1.4110048590009683,PigCVP,136
28,28,0.05,tshap_centroid,mrsqm,0.0,0.0,0.0895,-0.0049597448151340595,0.01056324851724777,0,0,1.3948757870020927,6.800800110795535e-05,PigCVP,136
28,28,0.1,tshap_centroid,mrsqm,0.07238605898123325,0.135,0.0865,-0.05044250478095247,0.03922972623119758,0,0,1.3948757870020927,6.800800110795535e-05,PigCVP,136
28,28,0.2,tshap_centroid,mrsqm,0.44404332129963897,0.615,0.077,0.016717491351628033,-0.012010146913517539,0,0,1.3948757870020927,6.800800110795535e-05,PigCVP,136
28,28,0.05,tshap_zero,mrsqm,0.0,0.0,0.798,0.04955315779835101,0.01056324851724777,0,0,1.4110048590009683,6.800800110795535e-05,PigCVP,136
28,28,0.1,tshap_zero,mrsqm,0.0,0.0,0.776,0.062255082355204494,0.03922972623119758,0,0,1.4110048590009683,6.800800110795535e-05,PigCVP,136
28,28,0.2,tshap_zero,mrsqm,0.0,0.0,0.7045,0.007519298385076256,-0.012010146913517539,0,0,1.4110048590009683,6.800800110795535e-05,PigCVP,136
19,19,0.05,hydra,shapley_sampling,0.0,0.0,0.4515,0.15626069287989297,-0.05030840632550082,0,0,1.7159602239989908,1.1511788299976615,PigCVP,106
19,19,0.1,hydra,shapley_sampling,0.0,0.0,0.4395,0.21978729132016617,-0.11467706800621325,0,0,1.7159602239989908,1.1511788299976615,PigCVP,106
19,19,0.2,hydra,shapley_sampling,0.0,0.0,0.432,0.2909120936308811,-0.3021107760811643,0,0,1.7159602239989908,1.1511788299976615,PigCVP,106
19,19,0.05,hydra,feature_ablation,0.0,0.0,0.3485,0.15626069287989297,-0.01482700210307275,0,0,1.7159602239989908,0.04648335899764788,PigCVP,106
19,19,0.1,hydra,feature_ablation,0.0,0.0,0.3105,0.21978729132016617,0.020564463659289656,0,0,1.7159602239989908,0.04648335899764788,PigCVP,106
19,19,0.2,hydra,feature_ablation,0.0,0.0,0.232,0.2909120936308811,0.03437081030174227,0,0,1.7159602239989908,0.04648335899764788,PigCVP,106
19,19,0.05,hydra,tshap_centroid,0.3333333333333333,0.5,0.025,0.15626069287989297,0.1398430713326091,0,0,1.7159602239989908,1.3999585340025078,PigCVP,106
19,19,0.1,hydra,tshap_centroid,0.9323671497584541,0.965,0.0035,0.21978729132016617,0.24095599315614136,0,0,1.7159602239989908,1.3999585340025078,PigCVP,106
19,19,0.2,hydra,tshap_centroid,0.8957345971563981,0.945,0.011,0.2909120936308811,0.31420637394102235,0,0,1.7159602239989908,1.3999585340025078,PigCVP,106
19,19,0.05,hydra,tshap_zero,0.0,0.0,0.3625,0.15626069287989297,-0.022767681811784235,0,0,1.7159602239989908,1.3975855729986506,PigCVP,106
19,19,0.1,hydra,tshap_zero,0.0,0.0,0.359,0.21978729132016617,-0.04076943175152015,0,0,1.7159602239989908,1.3975855729986506,PigCVP,106
19,19,0.2,hydra,tshap_zero,0.0,0.0,0.382,0.2909120936308811,-0.1414056139795028,0,0,1.7159602239989908,1.3975855729986506,PigCVP,106
19,19,0.05,hydra,mrsqm,0.0,0.0,0.4985,0.15626069287989297,0.046225848374971346,0,0,1.7159602239989908,7.721500151092187e-05,PigCVP,106
19,19,0.1,hydra,mrsqm,0.0,0.0,0.4605,0.21978729132016617,0.055827217987925004,0,0,1.7159602239989908,7.721500151092187e-05,PigCVP,106
19,19,0.2,hydra,mrsqm,0.0,0.0,0.368,0.2909120936308811,-0.05669086748378249,0,0,1.7159602239989908,7.721500151092187e-05,PigCVP,106
19,19,0.05,shapley_sampling,feature_ablation,0.0,0.0,0.8,-0.05030840632550082,-0.01482700210307275,0,0,1.1511788299976615,0.04648335899764788,PigCVP,106
19,19,0.1,shapley_sampling,feature_ablation,0.0,0.0,0.75,-0.11467706800621325,0.020564463659289656,0,0,1.1511788299976615,0.04648335899764788,PigCVP,106
19,19,0.2,shapley_sampling,feature_ablation,0.0,0.0,0.2,-0.3021107760811643,0.03437081030174227,0,0,1.1511788299976615,0.04648335899764788,PigCVP,106
19,19,0.05,shapley_sampling,tshap_centroid,0.0,0.0,0.4765,-0.05030840632550082,0.1398430713326091,0,0,1.1511788299976615,1.3999585340025078,PigCVP,106
19,19,0.1,shapley_sampling,tshap_centroid,0.0,0.0,0.443,-0.11467706800621325,0.24095599315614136,0,0,1.1511788299976615,1.3999585340025078,PigCVP,106
19,19,0.2,shapley_sampling,tshap_centroid,0.0,0.0,0.443,-0.3021107760811643,0.31420637394102235,0,0,1.1511788299976615,1.3999585340025078,PigCVP,106
19,19,0.05,shapley_sampling,tshap_zero,0.0,0.0,0.089,-0.05030840632550082,-0.022767681811784235,0,0,1.1511788299976615,1.3975855729986506,PigCVP,106
19,19,0.1,shapley_sampling,tshap_zero,0.10803324099722991,0.195,0.0805,-0.11467706800621325,-0.04076943175152015,0,0,1.1511788299976615,1.3975855729986506,PigCVP,106
19,19,0.2,shapley_sampling,tshap_zero,0.6,0.75,0.05,-0.3021107760811643,-0.1414056139795028,0,0,1.1511788299976615,1.3975855729986506,PigCVP,106
19,19,0.05,shapley_sampling,mrsqm,0.0,0.0,0.95,-0.05030840632550082,0.046225848374971346,0,0,1.1511788299976615,7.721500151092187e-05,PigCVP,106
19,19,0.1,shapley_sampling,mrsqm,0.0,0.0,0.9,-0.11467706800621325,0.055827217987925004,0,0,1.1511788299976615,7.721500151092187e-05,PigCVP,106
19,19,0.2,shapley_sampling,mrsqm,0.0,0.0,0.8,-0.3021107760811643,-0.05669086748378249,0,0,1.1511788299976615,7.721500151092187e-05,PigCVP,106
19,19,0.05,feature_ablation,tshap_centroid,0.0,0.0,0.3235,-0.01482700210307275,0.1398430713326091,0,0,0.04648335899764788,1.3999585340025078,PigCVP,106
19,19,0.1,feature_ablation,tshap_centroid,0.0,0.0,0.307,0.020564463659289656,0.24095599315614136,0,0,0.04648335899764788,1.3999585340025078,PigCVP,106
19,19,0.2,feature_ablation,tshap_centroid,0.0,0.0,0.243,0.03437081030174227,0.31420637394102235,0,0,0.04648335899764788,1.3999585340025078,PigCVP,106
19,19,0.05,feature_ablation,tshap_zero,0.0,0.0,0.711,-0.01482700210307275,-0.022767681811784235,0,0,0.04648335899764788,1.3975855729986506,PigCVP,106
19,19,0.1,feature_ablation,tshap_zero,0.0,0.0,0.6695,0.020564463659289656,-0.04076943175152015,0,0,0.04648335899764788,1.3975855729986506,PigCVP,106
19,19,0.2,feature_ablation,tshap_zero,0.14285714285714285,0.25,0.15,0.03437081030174227,-0.1414056139795028,0,0,0.04648335899764788,1.3975855729986506,PigCVP,106
19,19,0.05,feature_ablation,mrsqm,0.0,0.0,0.15,-0.01482700210307275,0.046225848374971346,0,0,0.04648335899764788,7.721500151092187e-05,PigCVP,106
19,19,0.1,feature_ablation,mrsqm,0.0,0.0,0.15,0.020564463659289656,0.055827217987925004,0,0,0.04648335899764788,7.721500151092187e-05,PigCVP,106
19,19,0.2,feature_ablation,mrsqm,0.0,0.0,0.6,0.03437081030174227,-0.05669086748378249,0,0,0.04648335899764788,7.721500151092187e-05,PigCVP,106
19,19,0.05,tshap_centroid,tshap_zero,0.0,0.0,0.3875,0.1398430713326091,-0.022767681811784235,0,0,1.3999585340025078,1.3975855729986506,PigCVP,106
19,19,0.1,tshap_centroid,tshap_zero,0.0,0.0,0.3625,0.24095599315614136,-0.04076943175152015,0,0,1.3999585340025078,1.3975855729986506,PigCVP,106
19,19,0.2,tshap_centroid,tshap_zero,0.0,0.0,0.393,0.31420637394102235,-0.1414056139795028,0,0,1.3999585340025078,1.3975855729986506,PigCVP,106
19,19,0.05,tshap_centroid,mrsqm,0.0,0.0,0.4735,0.1398430713326091,0.046225848374971346,0,0,1.3999585340025078,7.721500151092187e-05,PigCVP,106
19,19,0.1,tshap_centroid,mrsqm,0.0,0.0,0.457,0.24095599315614136,0.055827217987925004,0,0,1.3999585340025078,7.721500151092187e-05,PigCVP,106
19,19,0.2,tshap_centroid,mrsqm,0.0,0.0,0.357,0.31420637394102235,-0.05669086748378249,0,0,1.3999585340025078,7.721500151092187e-05,PigCVP,106
19,19,0.05,tshap_zero,mrsqm,0.0,0.0,0.861,-0.022767681811784235,0.046225848374971346,0,0,1.3975855729986506,7.721500151092187e-05,PigCVP,106
19,19,0.1,tshap_zero,mrsqm,0.0,0.0,0.8195,-0.04076943175152015,0.055827217987925004,0,0,1.3975855729986506,7.721500151092187e-05,PigCVP,106
19,19,0.2,tshap_zero,mrsqm,0.0,0.0,0.75,-0.1414056139795028,-0.05669086748378249,0,0,1.3975855729986506,7.721500151092187e-05,PigCVP,106
