true_label,pred_label,fraction,method_a,method_b,iou,overlap_fraction,normalised_centre_distance,score_drop_a,score_drop_b,flipped_a,flipped_b,explain_time_a_s,explain_time_b_s,dataset,sample_idx
2,2,0.05,hydra,shapley_sampling,0.0,0.0,0.23492063492063492,0.06896132858277504,0.12466340903897377,0,0,0.21725447199787595,1.0217480620012793,UWaveGestureLibraryZ,2740
2,2,0.1,hydra,shapley_sampling,0.0847457627118644,0.15625,0.08571428571428572,0.5074294110307108,0.13763941425981652,1,1,0.21725447199787595,1.0217480620012793,UWaveGestureLibraryZ,2740
2,2,0.2,hydra,shapley_sampling,0.0,0.0,0.2920634920634921,0.1253657831200351,0.2575079674179863,0,1,0.21725447199787595,1.0217480620012793,UWaveGestureLibraryZ,2740
2,2,0.05,hydra,feature_ablation,0.0,0.0,0.3746031746031746,0.06896132858277504,0.2892838881242551,0,1,0.21725447199787595,0.04511193099824595,UWaveGestureLibraryZ,2740
2,2,0.1,hydra,feature_ablation,0.0,0.0,0.6444444444444445,0.5074294110307108,0.5049419912841928,1,1,0.21725447199787595,0.04511193099824595,UWaveGestureLibraryZ,2740
2,2,0.2,hydra,feature_ablation,0.0,0.0,0.2920634920634921,0.1253657831200351,0.25750797890689653,0,1,0.21725447199787595,0.04511193099824595,UWaveGestureLibraryZ,2740
2,2,0.05,hydra,tshap_centroid,0.0,0.0,0.5396825396825397,0.06896132858277504,0.3711074869468699,0,1,0.21725447199787595,0.021955038002488436,UWaveGestureLibraryZ,2740
2,2,0.1,hydra,tshap_centroid,0.0,0.0,0.834920634920635,0.5074294110307108,0.48423731745870535,1,1,0.21725447199787595,0.021955038002488436,UWaveGestureLibraryZ,2740
2,2,0.2,hydra,tshap_centroid,0.0,0.0,0.4095238095238095,0.1253657831200351,0.7809786060717941,0,1,0.21725447199787595,0.021955038002488436,UWaveGestureLibraryZ,2740
2,2,0.05,hydra,tshap_zero,0.0,0.0,0.5238095238095238,0.06896132858277504,0.402163026280852,0,1,0.21725447199787595,0.02405037700009416,UWaveGestureLibraryZ,2740
2,2,0.1,hydra,tshap_zero,0.0,0.0,0.8126984126984127,0.5074294110307108,0.286377851451312,1,1,0.21725447199787595,0.02405037700009416,UWaveGestureLibraryZ,2740
2,2,0.2,hydra,tshap_zero,0.0,0.0,0.36507936507936506,0.1253657831200351,0.5438187844114136,0,1,0.21725447199787595,0.02405037700009416,UWaveGestureLibraryZ,2740
2,2,0.05,hydra,mrsqm,0.0,0.0,0.33650793650793653,0.06896132858277504,0.25457718463157863,0,1,0.21725447199787595,2.509700061636977e-05,UWaveGestureLibraryZ,2740
2,2,0.1,hydra,mrsqm,0.7297297297297297,0.84375,0.015873015873015872,0.5074294110307108,0.3889389641997877,1,1,0.21725447199787595,2.509700061636977e-05,UWaveGestureLibraryZ,2740
2,2,0.2,hydra,mrsqm,0.0,0.0,0.346031746031746,0.1253657831200351,0.17846133270377817,0,1,0.21725447199787595,2.509700061636977e-05,UWaveGestureLibraryZ,2740
2,2,0.05,shapley_sampling,feature_ablation,0.0,0.0,0.6095238095238096,0.12466340903897377,0.2892838881242551,0,1,1.0217480620012793,0.04511193099824595,UWaveGestureLibraryZ,2740
2,2,0.1,shapley_sampling,feature_ablation,0.0,0.0,0.5587301587301587,0.13763941425981652,0.5049419912841928,1,1,1.0217480620012793,0.04511193099824595,UWaveGestureLibraryZ,2740
2,2,0.2,shapley_sampling,feature_ablation,1.0,1.0,0.0,0.2575079674179863,0.25750797890689653,1,1,1.0217480620012793,0.04511193099824595,UWaveGestureLibraryZ,2740
2,2,0.05,shapley_sampling,tshap_centroid,0.0,0.0,0.7746031746031746,0.12466340903897377,0.3711074869468699,0,1,1.0217480620012793,0.021955038002488436,UWaveGestureLibraryZ,2740
2,2,0.1,shapley_sampling,tshap_centroid,0.0,0.0,0.7492063492063492,0.13763941425981652,0.48423731745870535,1,1,1.0217480620012793,0.021955038002488436,UWaveGestureLibraryZ,2740
2,2,0.2,shapley_sampling,tshap_centroid,0.0,0.0,0.7015873015873015,0.2575079674179863,0.7809786060717941,1,1,1.0217480620012793,0.021955038002488436,UWaveGestureLibraryZ,2740
2,2,0.05,shapley_sampling,tshap_zero,0.0,0.0,0.7587301587301587,0.12466340903897377,0.402163026280852,0,1,1.0217480620012793,0.02405037700009416,UWaveGestureLibraryZ,2740
2,2,0.1,shapley_sampling,tshap_zero,0.0,0.0,0.726984126984127,0.13763941425981652,0.286377851451312,1,1,1.0217480620012793,0.02405037700009416,UWaveGestureLibraryZ,2740
2,2,0.2,shapley_sampling,tshap_zero,0.0,0.0,0.6571428571428571,0.2575079674179863,0.5438187844114136,1,1,1.0217480620012793,0.02405037700009416,UWaveGestureLibraryZ,2740
2,2,0.05,shapley_sampling,mrsqm,0.0,0.0,0.10158730158730159,0.12466340903897377,0.25457718463157863,0,1,1.0217480620012793,2.509700061636977e-05,UWaveGestureLibraryZ,2740
2,2,0.1,shapley_sampling,mrsqm,0.0,0.0,0.10158730158730159,0.13763941425981652,0.3889389641997877,1,1,1.0217480620012793,2.509700061636977e-05,UWaveGestureLibraryZ,2740
2,2,0.2,shapley_sampling,mrsqm,0.575,0.7301587301587301,0.05396825396825397,0.2575079674179863,0.17846133270377817,1,1,1.0217480620012793,2.509700061636977e-05,UWaveGestureLibraryZ,2740
2,2,0.05,feature_ablation,tshap_centroid,0.0,0.0,0.16507936507936508,0.2892838881242551,0.3711074869468699,1,1,0.04511193099824595,0.021955038002488436,UWaveGestureLibraryZ,2740
2,2,0.1,feature_ablation,tshap_centroid,0.0,0.0,0.19047619047619047,0.5049419912841928,0.48423731745870535,1,1,0.04511193099824595,0.021955038002488436,UWaveGestureLibraryZ,2740
2,2,0.2,feature_ablation,tshap_centroid,0.0,0.0,0.7015873015873015,0.25750797890689653,0.7809786060717941,1,1,0.04511193099824595,0.021955038002488436,UWaveGestureLibraryZ,2740
2,2,0.05,feature_ablation,tshap_zero,0.0,0.0,0.1492063492063492,0.2892838881242551,0.402163026280852,1,1,0.04511193099824595,0.02405037700009416,UWaveGestureLibraryZ,2740
2,2,0.1,feature_ablation,tshap_zero,0.0,0.0,0.16825396825396827,0.5049419912841928,0.286377851451312,1,1,0.04511193099824595,0.02405037700009416,UWaveGestureLibraryZ,2740
2,2,0.2,feature_ablation,tshap_zero,0.0,0.0,0.6571428571428571,0.25750797890689653,0.5438187844114136,1,1,0.04511193099824595,0.02405037700009416,UWaveGestureLibraryZ,2740
2,2,0.05,feature_ablation,mrsqm,0.0,0.0,0.7111111111111111,0.2892838881242551,0.25457718463157863,1,1,0.04511193099824595,2.509700061636977e-05,UWaveGestureLibraryZ,2740
2,2,0.1,feature_ablation,mrsqm,0.0,0.0,0.6603174603174603,0.5049419912841928,0.3889389641997877,1,1,0.04511193099824595,2.509700061636977e-05,UWaveGestureLibraryZ,2740
2,2,0.2,feature_ablation,mrsqm,0.575,0.7301587301587301,0.05396825396825397,0.25750797890689653,0.17846133270377817,1,1,0.04511193099824595,2.509700061636977e-05,UWaveGestureLibraryZ,2740
2,2,0.05,tshap_centroid,tshap_zero,0.5238095238095238,0.6875,0.015873015873015872,0.3711074869468699,0.402163026280852,1,1,0.021955038002488436,0.02405037700009416,UWaveGestureLibraryZ,2740
2,2,0.1,tshap_centroid,tshap_zero,0.6410256410256411,0.78125,0.022222222222222223,0.48423731745870535,0.286377851451312,1,1,0.021955038002488436,0.02405037700009416,UWaveGestureLibraryZ,2740
2,2,0.2,tshap_centroid,tshap_zero,0.6363636363636364,0.7777777777777778,0.044444444444444446,0.7809786060717941,0.5438187844114136,1,1,0.021955038002488436,0.02405037700009416,UWaveGestureLibraryZ,2740
2,2,0.05,tshap_centroid,mrsqm,0.0,0.0,0.8761904761904762,0.3711074869468699,0.25457718463157863,1,1,0.021955038002488436,2.509700061636977e-05,UWaveGestureLibraryZ,2740
2,2,0.1,tshap_centroid,mrsqm,0.0,0.0,0.8507936507936508,0.48423731745870535,0.3889389641997877,1,1,0.021955038002488436,2.509700061636977e-05,UWaveGestureLibraryZ,2740
2,2,0.2,tshap_centroid,mrsqm,0.0,0.0,0.7555555555555555,0.7809786060717941,0.17846133270377817,1,1,0.021955038002488436,2.509700061636977e-05,UWaveGestureLibraryZ,2740
2,2,0.05,tshap_zero,mrsqm,0.0,0.0,0.8603174603174604,0.402163026280852,0.25457718463157863,1,1,0.02405037700009416,2.509700061636977e-05,UWaveGestureLibraryZ,2740
2,2,0.1,tshap_zero,mrsqm,0.0,0.0,0.8285714285714286,0.286377851451312,0.3889389641997877,1,1,0.02405037700009416,2.509700061636977e-05,UWaveGestureLibraryZ,2740
2,2,0.2,tshap_zero,mrsqm,0.0,0.0,0.7111111111111111,0.5438187844114136,0.17846133270377817,1,1,0.02405037700009416,2.509700061636977e-05,UWaveGestureLibraryZ,2740
2,2,0.05,hydra,shapley_sampling,0.0,0.0,0.473015873015873,0.1304423016050913,0.18851656240702763,0,1,0.20257427499745972,1.0456492980010808,UWaveGestureLibraryZ,2558
2,2,0.1,hydra,shapley_sampling,0.0,0.0,0.473015873015873,0.17307742788418812,-0.11819673963689181,0,0,0.20257427499745972,1.0456492980010808,UWaveGestureLibraryZ,2558
2,2,0.2,hydra,shapley_sampling,0.0,0.0,0.26666666666666666,-0.12244617643853195,0.9576650184479121,0,1,0.20257427499745972,1.0456492980010808,UWaveGestureLibraryZ,2558
2,2,0.05,hydra,feature_ablation,0.0,0.0,0.22857142857142856,0.1304423016050913,0.0779741548154057,0,0,0.20257427499745972,0.04806944499796373,UWaveGestureLibraryZ,2558
2,2,0.1,hydra,feature_ablation,0.0,0.0,0.18412698412698414,0.17307742788418812,0.03486637218707067,0,0,0.20257427499745972,0.04806944499796373,UWaveGestureLibraryZ,2558
2,2,0.2,hydra,feature_ablation,0.5,0.6666666666666666,0.06666666666666667,-0.12244617643853195,0.23201853556909668,0,0,0.20257427499745972,0.04806944499796373,UWaveGestureLibraryZ,2558
2,2,0.05,hydra,tshap_centroid,0.0,0.0,0.3396825396825397,0.1304423016050913,0.5072140209387306,0,1,0.20257427499745972,0.025631597000028705,UWaveGestureLibraryZ,2558
2,2,0.1,hydra,tshap_centroid,0.0,0.0,0.3396825396825397,0.17307742788418812,0.6633250049912761,0,1,0.20257427499745972,0.025631597000028705,UWaveGestureLibraryZ,2558
2,2,0.2,hydra,tshap_centroid,0.0,0.0,0.37777777777777777,-0.12244617643853195,0.7257459002127615,0,1,0.20257427499745972,0.025631597000028705,UWaveGestureLibraryZ,2558
2,2,0.05,hydra,tshap_zero,0.0,0.0,0.10158730158730159,0.1304423016050913,0.44579240179307783,0,1,0.20257427499745972,0.027050671000324655,UWaveGestureLibraryZ,2558
2,2,0.1,hydra,tshap_zero,0.0,0.0,0.11746031746031746,0.17307742788418812,0.45165535006995616,0,0,0.20257427499745972,0.027050671000324655,UWaveGestureLibraryZ,2558
2,2,0.2,hydra,tshap_zero,0.0,0.0,0.37142857142857144,-0.12244617643853195,0.6998399510381876,0,1,0.20257427499745972,0.027050671000324655,UWaveGestureLibraryZ,2558
2,2,0.05,hydra,mrsqm,0.0,0.0,0.43174603174603177,0.1304423016050913,0.23415944999241922,0,0,0.20257427499745972,2.428500010864809e-05,UWaveGestureLibraryZ,2558
2,2,0.1,hydra,mrsqm,0.0,0.0,0.4253968253968254,0.17307742788418812,0.2333794793138234,0,0,0.20257427499745972,2.428500010864809e-05,UWaveGestureLibraryZ,2558
2,2,0.2,hydra,mrsqm,0.0,0.0,0.4222222222222222,-0.12244617643853195,0.31104964714475625,0,0,0.20257427499745972,2.428500010864809e-05,UWaveGestureLibraryZ,2558
2,2,0.05,shapley_sampling,feature_ablation,0.0,0.0,0.24444444444444444,0.18851656240702763,0.0779741548154057,1,0,1.0456492980010808,0.04806944499796373,UWaveGestureLibraryZ,2558
2,2,0.1,shapley_sampling,feature_ablation,0.0,0.0,0.28888888888888886,-0.11819673963689181,0.03486637218707067,0,0,1.0456492980010808,0.04806944499796373,UWaveGestureLibraryZ,2558
2,2,0.2,shapley_sampling,feature_ablation,0.0,0.0,0.2,0.9576650184479121,0.23201853556909668,1,0,1.0456492980010808,0.04806944499796373,UWaveGestureLibraryZ,2558
2,2,0.05,shapley_sampling,tshap_centroid,0.0,0.0,0.8126984126984127,0.18851656240702763,0.5072140209387306,1,1,1.0456492980010808,0.025631597000028705,UWaveGestureLibraryZ,2558
2,2,0.1,shapley_sampling,tshap_centroid,0.0,0.0,0.8126984126984127,-0.11819673963689181,0.6633250049912761,0,1,1.0456492980010808,0.025631597000028705,UWaveGestureLibraryZ,2558
2,2,0.2,shapley_sampling,tshap_centroid,0.2857142857142857,0.4444444444444444,0.1111111111111111,0.9576650184479121,0.7257459002127615,1,1,1.0456492980010808,0.025631597000028705,UWaveGestureLibraryZ,2558
2,2,0.05,shapley_sampling,tshap_zero,0.0,0.0,0.5746031746031746,0.18851656240702763,0.44579240179307783,1,1,1.0456492980010808,0.027050671000324655,UWaveGestureLibraryZ,2558
2,2,0.1,shapley_sampling,tshap_zero,0.0,0.0,0.5904761904761905,-0.11819673963689181,0.45165535006995616,0,0,1.0456492980010808,0.027050671000324655,UWaveGestureLibraryZ,2558
2,2,0.2,shapley_sampling,tshap_zero,0.3125,0.47619047619047616,0.10476190476190476,0.9576650184479121,0.6998399510381876,1,1,1.0456492980010808,0.027050671000324655,UWaveGestureLibraryZ,2558
2,2,0.05,shapley_sampling,mrsqm,0.0,0.0,0.9047619047619048,0.18851656240702763,0.23415944999241922,1,0,1.0456492980010808,2.428500010864809e-05,UWaveGestureLibraryZ,2558
2,2,0.1,shapley_sampling,mrsqm,0.0,0.0,0.8984126984126984,-0.11819673963689181,0.2333794793138234,0,0,1.0456492980010808,2.428500010864809e-05,UWaveGestureLibraryZ,2558
2,2,0.2,shapley_sampling,mrsqm,0.125,0.2222222222222222,0.15555555555555556,0.9576650184479121,0.31104964714475625,1,0,1.0456492980010808,2.428500010864809e-05,UWaveGestureLibraryZ,2558
2,2,0.05,feature_ablation,tshap_centroid,0.0,0.0,0.5682539682539682,0.0779741548154057,0.5072140209387306,0,1,0.04806944499796373,0.025631597000028705,UWaveGestureLibraryZ,2558
2,2,0.1,feature_ablation,tshap_centroid,0.0,0.0,0.5238095238095238,0.03486637218707067,0.6633250049912761,0,1,0.04806944499796373,0.025631597000028705,UWaveGestureLibraryZ,2558
2,2,0.2,feature_ablation,tshap_centroid,0.0,0.0,0.3111111111111111,0.23201853556909668,0.7257459002127615,0,1,0.04806944499796373,0.025631597000028705,UWaveGestureLibraryZ,2558
2,2,0.05,feature_ablation,tshap_zero,0.0,0.0,0.33015873015873015,0.0779741548154057,0.44579240179307783,0,1,0.04806944499796373,0.027050671000324655,UWaveGestureLibraryZ,2558
2,2,0.1,feature_ablation,tshap_zero,0.0,0.0,0.30158730158730157,0.03486637218707067,0.45165535006995616,0,0,0.04806944499796373,0.027050671000324655,UWaveGestureLibraryZ,2558
2,2,0.2,feature_ablation,tshap_zero,0.0,0.0,0.3047619047619048,0.23201853556909668,0.6998399510381876,0,1,0.04806944499796373,0.027050671000324655,UWaveGestureLibraryZ,2558
2,2,0.05,feature_ablation,mrsqm,0.0,0.0,0.6603174603174603,0.0779741548154057,0.23415944999241922,0,0,0.04806944499796373,2.428500010864809e-05,UWaveGestureLibraryZ,2558
2,2,0.1,feature_ablation,mrsqm,0.0,0.0,0.6095238095238096,0.03486637218707067,0.2333794793138234,0,0,0.04806944499796373,2.428500010864809e-05,UWaveGestureLibraryZ,2558
2,2,0.2,feature_ablation,mrsqm,0.0,0.0,0.35555555555555557,0.23201853556909668,0.31104964714475625,0,0,0.04806944499796373,2.428500010864809e-05,UWaveGestureLibraryZ,2558
2,2,0.05,tshap_centroid,tshap_zero,0.0,0.0,0.23809523809523808,0.5072140209387306,0.44579240179307783,1,1,0.025631597000028705,0.027050671000324655,UWaveGestureLibraryZ,2558
2,2,0.1,tshap_centroid,tshap_zero,0.0,0.0,0.2222222222222222,0.6633250049912761,0.45165535006995616,1,0,0.025631597000028705,0.027050671000324655,UWaveGestureLibraryZ,2558
2,2,0.2,tshap_centroid,tshap_zero,0.9384615384615385,0.9682539682539683,0.006349206349206349,0.7257459002127615,0.6998399510381876,1,1,0.025631597000028705,0.027050671000324655,UWaveGestureLibraryZ,2558
2,2,0.05,tshap_centroid,mrsqm,0.0,0.0,0.09206349206349207,0.5072140209387306,0.23415944999241922,1,0,0.025631597000028705,2.428500010864809e-05,UWaveGestureLibraryZ,2558
2,2,0.1,tshap_centroid,mrsqm,0.0847457627118644,0.15625,0.08571428571428572,0.6633250049912761,0.2333794793138234,1,0,0.025631597000028705,2.428500010864809e-05,UWaveGestureLibraryZ,2558
2,2,0.2,tshap_centroid,mrsqm,0.6363636363636364,0.7777777777777778,0.044444444444444446,0.7257459002127615,0.31104964714475625,1,0,0.025631597000028705,2.428500010864809e-05,UWaveGestureLibraryZ,2558
2,2,0.05,tshap_zero,mrsqm,0.0,0.0,0.33015873015873015,0.44579240179307783,0.23415944999241922,1,0,0.027050671000324655,2.428500010864809e-05,UWaveGestureLibraryZ,2558
2,2,0.1,tshap_zero,mrsqm,0.0,0.0,0.30793650793650795,0.45165535006995616,0.2333794793138234,0,0,0.027050671000324655,2.428500010864809e-05,UWaveGestureLibraryZ,2558
2,2,0.2,tshap_zero,mrsqm,0.5949367088607594,0.746031746031746,0.050793650793650794,0.6998399510381876,0.31104964714475625,1,0,0.027050671000324655,2.428500010864809e-05,UWaveGestureLibraryZ,2558
4,4,0.05,hydra,shapley_sampling,0.0,0.0,0.3142857142857143,0.15632274487996378,0.43805405662242924,0,0,0.2105492740010959,1.0433017630020913,UWaveGestureLibraryZ,711
4,4,0.1,hydra,shapley_sampling,0.0,0.0,0.26666666666666666,0.2697833093989108,0.08142021162090796,0,0,0.2105492740010959,1.0433017630020913,UWaveGestureLibraryZ,711
4,4,0.2,hydra,shapley_sampling,0.0,0.0,0.3968253968253968,-0.16342163033479085,0.2578761388621009,0,0,0.2105492740010959,1.0433017630020913,UWaveGestureLibraryZ,711
4,4,0.05,hydra,feature_ablation,0.6842105263157895,0.8125,0.009523809523809525,0.15632274487996378,0.19555061453503897,0,0,0.2105492740010959,0.043099037000501994,UWaveGestureLibraryZ,711
4,4,0.1,hydra,feature_ablation,0.6,0.75,0.025396825396825397,0.2697833093989108,0.08615890430671302,0,0,0.2105492740010959,0.043099037000501994,UWaveGestureLibraryZ,711
4,4,0.2,hydra,feature_ablation,0.3695652173913043,0.5396825396825397,0.09206349206349207,-0.16342163033479085,0.30879087071730926,0,0,0.2105492740010959,0.043099037000501994,UWaveGestureLibraryZ,711
4,4,0.05,hydra,tshap_centroid,0.0,0.0,0.25396825396825395,0.15632274487996378,0.3887332671404854,0,0,0.2105492740010959,0.02519835999919451,UWaveGestureLibraryZ,711
4,4,0.1,hydra,tshap_centroid,0.0,0.0,0.24444444444444444,0.2697833093989108,0.6434452240898926,0,1,0.2105492740010959,0.02519835999919451,UWaveGestureLibraryZ,711
4,4,0.2,hydra,tshap_centroid,0.0,0.0,0.24444444444444444,-0.16342163033479085,0.9152753186104309,0,1,0.2105492740010959,0.02519835999919451,UWaveGestureLibraryZ,711
4,4,0.05,hydra,tshap_zero,0.0,0.0,0.2126984126984127,0.15632274487996378,0.26571011369771325,0,0,0.2105492740010959,0.023792410000169184,UWaveGestureLibraryZ,711
4,4,0.1,hydra,tshap_zero,0.0,0.0,0.20317460317460317,0.2697833093989108,0.6356314410925356,0,1,0.2105492740010959,0.023792410000169184,UWaveGestureLibraryZ,711
4,4,0.2,hydra,tshap_zero,0.0,0.0,0.21904761904761905,-0.16342163033479085,0.904995537167699,0,1,0.2105492740010959,0.023792410000169184,UWaveGestureLibraryZ,711
4,4,0.05,hydra,mrsqm,0.0,0.0,0.6190476190476191,0.15632274487996378,-0.0737946763967936,0,0,0.2105492740010959,2.4065000616246834e-05,UWaveGestureLibraryZ,711
4,4,0.1,hydra,mrsqm,0.0,0.0,0.5841269841269842,0.2697833093989108,-0.06900077779643965,0,0,0.2105492740010959,2.4065000616246834e-05,UWaveGestureLibraryZ,711
4,4,0.2,hydra,mrsqm,0.0,0.0,0.5523809523809524,-0.16342163033479085,-0.1648884161086157,0,0,0.2105492740010959,2.4065000616246834e-05,UWaveGestureLibraryZ,711
4,4,0.05,shapley_sampling,feature_ablation,0.0,0.0,0.3047619047619048,0.43805405662242924,0.19555061453503897,0,0,1.0433017630020913,0.043099037000501994,UWaveGestureLibraryZ,711
4,4,0.1,shapley_sampling,feature_ablation,0.0,0.0,0.24126984126984127,0.08142021162090796,0.08615890430671302,0,0,1.0433017630020913,0.043099037000501994,UWaveGestureLibraryZ,711
4,4,0.2,shapley_sampling,feature_ablation,0.0,0.0,0.3047619047619048,0.2578761388621009,0.30879087071730926,0,0,1.0433017630020913,0.043099037000501994,UWaveGestureLibraryZ,711
4,4,0.05,shapley_sampling,tshap_centroid,0.0,0.0,0.06031746031746032,0.43805405662242924,0.3887332671404854,0,0,1.0433017630020913,0.02519835999919451,UWaveGestureLibraryZ,711
4,4,0.1,shapley_sampling,tshap_centroid,0.0,0.0,0.5111111111111111,0.08142021162090796,0.6434452240898926,0,1,1.0433017630020913,0.02519835999919451,UWaveGestureLibraryZ,711
4,4,0.2,shapley_sampling,tshap_centroid,0.13513513513513514,0.23809523809523808,0.1523809523809524,0.2578761388621009,0.9152753186104309,0,1,1.0433017630020913,0.02519835999919451,UWaveGestureLibraryZ,711
4,4,0.05,shapley_sampling,tshap_zero,0.0,0.0,0.10158730158730159,0.43805405662242924,0.26571011369771325,0,0,1.0433017630020913,0.023792410000169184,UWaveGestureLibraryZ,711
4,4,0.1,shapley_sampling,tshap_zero,0.0,0.0,0.46984126984126984,0.08142021162090796,0.6356314410925356,0,1,1.0433017630020913,0.023792410000169184,UWaveGestureLibraryZ,711
4,4,0.2,shapley_sampling,tshap_zero,0.058823529411764705,0.1111111111111111,0.17777777777777778,0.2578761388621009,0.904995537167699,0,1,1.0433017630020913,0.023792410000169184,UWaveGestureLibraryZ,711
4,4,0.05,shapley_sampling,mrsqm,0.0,0.0,0.3047619047619048,0.43805405662242924,-0.0737946763967936,0,0,1.0433017630020913,2.4065000616246834e-05,UWaveGestureLibraryZ,711
4,4,0.1,shapley_sampling,mrsqm,0.0,0.0,0.8507936507936508,0.08142021162090796,-0.06900077779643965,0,0,1.0433017630020913,2.4065000616246834e-05,UWaveGestureLibraryZ,711
4,4,0.2,shapley_sampling,mrsqm,0.125,0.2222222222222222,0.15555555555555556,0.2578761388621009,-0.1648884161086157,0,0,1.0433017630020913,2.4065000616246834e-05,UWaveGestureLibraryZ,711
4,4,0.05,feature_ablation,tshap_centroid,0.0,0.0,0.24444444444444444,0.19555061453503897,0.3887332671404854,0,0,0.043099037000501994,0.02519835999919451,UWaveGestureLibraryZ,711
4,4,0.1,feature_ablation,tshap_centroid,0.0,0.0,0.2698412698412698,0.08615890430671302,0.6434452240898926,0,1,0.043099037000501994,0.02519835999919451,UWaveGestureLibraryZ,711
4,4,0.2,feature_ablation,tshap_centroid,0.13513513513513514,0.23809523809523808,0.1523809523809524,0.30879087071730926,0.9152753186104309,0,1,0.043099037000501994,0.02519835999919451,UWaveGestureLibraryZ,711
4,4,0.05,feature_ablation,tshap_zero,0.0,0.0,0.20317460317460317,0.19555061453503897,0.26571011369771325,0,0,0.043099037000501994,0.023792410000169184,UWaveGestureLibraryZ,711
4,4,0.1,feature_ablation,tshap_zero,0.0,0.0,0.22857142857142856,0.08615890430671302,0.6356314410925356,0,1,0.043099037000501994,0.023792410000169184,UWaveGestureLibraryZ,711
4,4,0.2,feature_ablation,tshap_zero,0.22330097087378642,0.36507936507936506,0.12698412698412698,0.30879087071730926,0.904995537167699,0,1,0.043099037000501994,0.023792410000169184,UWaveGestureLibraryZ,711
4,4,0.05,feature_ablation,mrsqm,0.0,0.0,0.6095238095238096,0.19555061453503897,-0.0737946763967936,0,0,0.043099037000501994,2.4065000616246834e-05,UWaveGestureLibraryZ,711
4,4,0.1,feature_ablation,mrsqm,0.0,0.0,0.6095238095238096,0.08615890430671302,-0.06900077779643965,0,0,0.043099037000501994,2.4065000616246834e-05,UWaveGestureLibraryZ,711
4,4,0.2,feature_ablation,mrsqm,0.0,0.0,0.4603174603174603,0.30879087071730926,-0.1648884161086157,0,0,0.043099037000501994,2.4065000616246834e-05,UWaveGestureLibraryZ,711
4,4,0.05,tshap_centroid,tshap_zero,0.10344827586206896,0.1875,0.04126984126984127,0.3887332671404854,0.26571011369771325,0,0,0.02519835999919451,0.023792410000169184,UWaveGestureLibraryZ,711
4,4,0.1,tshap_centroid,tshap_zero,0.4222222222222222,0.59375,0.04126984126984127,0.6434452240898926,0.6356314410925356,1,1,0.02519835999919451,0.023792410000169184,UWaveGestureLibraryZ,711
4,4,0.2,tshap_centroid,tshap_zero,0.7746478873239436,0.873015873015873,0.025396825396825397,0.9152753186104309,0.904995537167699,1,1,0.02519835999919451,0.023792410000169184,UWaveGestureLibraryZ,711
4,4,0.05,tshap_centroid,mrsqm,0.0,0.0,0.36507936507936506,0.3887332671404854,-0.0737946763967936,0,0,0.02519835999919451,2.4065000616246834e-05,UWaveGestureLibraryZ,711
4,4,0.1,tshap_centroid,mrsqm,0.0,0.0,0.3396825396825397,0.6434452240898926,-0.06900077779643965,1,0,0.02519835999919451,2.4065000616246834e-05,UWaveGestureLibraryZ,711
4,4,0.2,tshap_centroid,mrsqm,0.0,0.0,0.30793650793650795,0.9152753186104309,-0.1648884161086157,1,0,0.02519835999919451,2.4065000616246834e-05,UWaveGestureLibraryZ,711
4,4,0.05,tshap_zero,mrsqm,0.0,0.0,0.40634920634920635,0.26571011369771325,-0.0737946763967936,0,0,0.023792410000169184,2.4065000616246834e-05,UWaveGestureLibraryZ,711
4,4,0.1,tshap_zero,mrsqm,0.0,0.0,0.38095238095238093,0.6356314410925356,-0.06900077779643965,1,0,0.023792410000169184,2.4065000616246834e-05,UWaveGestureLibraryZ,711
4,4,0.2,tshap_zero,mrsqm,0.0,0.0,0.3333333333333333,0.904995537167699,-0.1648884161086157,1,0,0.023792410000169184,2.4065000616246834e-05,UWaveGestureLibraryZ,711
4,4,0.05,hydra,shapley_sampling,0.0,0.0,0.7238095238095238,0.2728126810758065,0.16163540461418835,0,0,0.2066900509998959,1.0509979679991375,UWaveGestureLibraryZ,3487
4,4,0.1,hydra,shapley_sampling,0.8285714285714286,0.90625,0.009523809523809525,0.09624761313983976,0.07656375440203433,0,0,0.2066900509998959,1.0509979679991375,UWaveGestureLibraryZ,3487
4,4,0.2,hydra,shapley_sampling,0.0,0.0,0.707936507936508,0.5723377095053204,-0.2453891132907957,0,0,0.2066900509998959,1.0509979679991375,UWaveGestureLibraryZ,3487
4,4,0.05,hydra,feature_ablation,0.0,0.0,0.3682539682539683,0.2728126810758065,0.34305349706773325,0,0,0.2066900509998959,0.04469189899828052,UWaveGestureLibraryZ,3487
4,4,0.1,hydra,feature_ablation,0.0,0.0,0.3968253968253968,0.09624761313983976,0.4349639961952585,0,0,0.2066900509998959,0.04469189899828052,UWaveGestureLibraryZ,3487
4,4,0.2,hydra,feature_ablation,0.0,0.0,0.3047619047619048,0.5723377095053204,0.6329526625791422,0,0,0.2066900509998959,0.04469189899828052,UWaveGestureLibraryZ,3487
4,4,0.05,hydra,tshap_centroid,0.0,0.0,0.49523809523809526,0.2728126810758065,0.3784236230813617,0,0,0.2066900509998959,0.021803161998832365,UWaveGestureLibraryZ,3487
4,4,0.1,hydra,tshap_centroid,0.0,0.0,0.24126984126984127,0.09624761313983976,0.46686519607563737,0,0,0.2066900509998959,0.021803161998832365,UWaveGestureLibraryZ,3487
4,4,0.2,hydra,tshap_centroid,0.0,0.0,0.49206349206349204,0.5723377095053204,0.8003134599319353,0,0,0.2066900509998959,0.021803161998832365,UWaveGestureLibraryZ,3487
4,4,0.05,hydra,tshap_zero,0.0,0.0,0.4666666666666667,0.2728126810758065,0.20580111483413566,0,0,0.2066900509998959,0.024114067000482464,UWaveGestureLibraryZ,3487
4,4,0.1,hydra,tshap_zero,0.0,0.0,0.28253968253968254,0.09624761313983976,0.42537149118579254,0,0,0.2066900509998959,0.024114067000482464,UWaveGestureLibraryZ,3487
4,4,0.2,hydra,tshap_zero,0.0,0.0,0.4507936507936508,0.5723377095053204,0.7673463540599648,0,0,0.2066900509998959,0.024114067000482464,UWaveGestureLibraryZ,3487
4,4,0.05,hydra,mrsqm,0.0,0.0,0.7746031746031746,0.2728126810758065,0.06972519514617415,0,0,0.2066900509998959,2.3764998331898823e-05,UWaveGestureLibraryZ,3487
4,4,0.1,hydra,mrsqm,0.8285714285714286,0.90625,0.009523809523809525,0.09624761313983976,0.07656375861968279,0,0,0.2066900509998959,2.3764998331898823e-05,UWaveGestureLibraryZ,3487
4,4,0.2,hydra,mrsqm,0.0,0.0,0.7111111111111111,0.5723377095053204,-0.23120760073019597,0,0,0.2066900509998959,2.3764998331898823e-05,UWaveGestureLibraryZ,3487
4,4,0.05,shapley_sampling,feature_ablation,0.0,0.0,0.35555555555555557,0.16163540461418835,0.34305349706773325,0,0,1.0509979679991375,0.04469189899828052,UWaveGestureLibraryZ,3487
4,4,0.1,shapley_sampling,feature_ablation,0.0,0.0,0.40634920634920635,0.07656375440203433,0.4349639961952585,0,0,1.0509979679991375,0.04469189899828052,UWaveGestureLibraryZ,3487
4,4,0.2,shapley_sampling,feature_ablation,0.0,0.0,0.4031746031746032,-0.2453891132907957,0.6329526625791422,0,0,1.0509979679991375,0.04469189899828052,UWaveGestureLibraryZ,3487
4,4,0.05,shapley_sampling,tshap_centroid,0.0,0.0,0.22857142857142856,0.16163540461418835,0.3784236230813617,0,0,1.0509979679991375,0.021803161998832365,UWaveGestureLibraryZ,3487
4,4,0.1,shapley_sampling,tshap_centroid,0.0,0.0,0.2507936507936508,0.07656375440203433,0.46686519607563737,0,0,1.0509979679991375,0.021803161998832365,UWaveGestureLibraryZ,3487
4,4,0.2,shapley_sampling,tshap_centroid,0.0,0.0,0.21587301587301588,-0.2453891132907957,0.8003134599319353,0,0,1.0509979679991375,0.021803161998832365,UWaveGestureLibraryZ,3487
4,4,0.05,shapley_sampling,tshap_zero,0.0,0.0,0.2571428571428571,0.16163540461418835,0.20580111483413566,0,0,1.0509979679991375,0.024114067000482464,UWaveGestureLibraryZ,3487
4,4,0.1,shapley_sampling,tshap_zero,0.0,0.0,0.2920634920634921,0.07656375440203433,0.42537149118579254,0,0,1.0509979679991375,0.024114067000482464,UWaveGestureLibraryZ,3487
4,4,0.2,shapley_sampling,tshap_zero,0.0,0.0,0.2571428571428571,-0.2453891132907957,0.7673463540599648,0,0,1.0509979679991375,0.024114067000482464,UWaveGestureLibraryZ,3487
4,4,0.05,shapley_sampling,mrsqm,0.0,0.0,0.050793650793650794,0.16163540461418835,0.06972519514617415,0,0,1.0509979679991375,2.3764998331898823e-05,UWaveGestureLibraryZ,3487
4,4,0.1,shapley_sampling,mrsqm,1.0,1.0,0.0,0.07656375440203433,0.07656375861968279,0,0,1.0509979679991375,2.3764998331898823e-05,UWaveGestureLibraryZ,3487
4,4,0.2,shapley_sampling,mrsqm,0.96875,0.9841269841269841,0.0031746031746031746,-0.2453891132907957,-0.23120760073019597,0,0,1.0509979679991375,2.3764998331898823e-05,UWaveGestureLibraryZ,3487
4,4,0.05,feature_ablation,tshap_centroid,0.0,0.0,0.12698412698412698,0.34305349706773325,0.3784236230813617,0,0,0.04469189899828052,0.021803161998832365,UWaveGestureLibraryZ,3487
4,4,0.1,feature_ablation,tshap_centroid,0.0,0.0,0.15555555555555556,0.4349639961952585,0.46686519607563737,0,0,0.04469189899828052,0.021803161998832365,UWaveGestureLibraryZ,3487
4,4,0.2,feature_ablation,tshap_centroid,0.03278688524590164,0.06349206349206349,0.1873015873015873,0.6329526625791422,0.8003134599319353,0,0,0.04469189899828052,0.021803161998832365,UWaveGestureLibraryZ,3487
4,4,0.05,feature_ablation,tshap_zero,0.0,0.0,0.09841269841269841,0.34305349706773325,0.20580111483413566,0,0,0.04469189899828052,0.024114067000482464,UWaveGestureLibraryZ,3487
4,4,0.1,feature_ablation,tshap_zero,0.0,0.0,0.11428571428571428,0.4349639961952585,0.42537149118579254,0,0,0.04469189899828052,0.024114067000482464,UWaveGestureLibraryZ,3487
4,4,0.2,feature_ablation,tshap_zero,0.1559633027522936,0.2698412698412698,0.14603174603174604,0.6329526625791422,0.7673463540599648,0,0,0.04469189899828052,0.024114067000482464,UWaveGestureLibraryZ,3487
4,4,0.05,feature_ablation,mrsqm,0.0,0.0,0.40634920634920635,0.34305349706773325,0.06972519514617415,0,0,0.04469189899828052,2.3764998331898823e-05,UWaveGestureLibraryZ,3487
4,4,0.1,feature_ablation,mrsqm,0.0,0.0,0.40634920634920635,0.4349639961952585,0.07656375861968279,0,0,0.04469189899828052,2.3764998331898823e-05,UWaveGestureLibraryZ,3487
4,4,0.2,feature_ablation,mrsqm,0.0,0.0,0.40634920634920635,0.6329526625791422,-0.23120760073019597,0,0,0.04469189899828052,2.3764998331898823e-05,UWaveGestureLibraryZ,3487
4,4,0.05,tshap_centroid,tshap_zero,0.28,0.4375,0.02857142857142857,0.3784236230813617,0.20580111483413566,0,0,0.021803161998832365,0.024114067000482464,UWaveGestureLibraryZ,3487
4,4,0.1,tshap_centroid,tshap_zero,0.4222222222222222,0.59375,0.04126984126984127,0.46686519607563737,0.42537149118579254,0,0,0.021803161998832365,0.024114067000482464,UWaveGestureLibraryZ,3487
4,4,0.2,tshap_centroid,tshap_zero,0.6578947368421053,0.7936507936507936,0.04126984126984127,0.8003134599319353,0.7673463540599648,0,0,0.021803161998832365,0.024114067000482464,UWaveGestureLibraryZ,3487
4,4,0.05,tshap_centroid,mrsqm,0.0,0.0,0.27936507936507937,0.3784236230813617,0.06972519514617415,0,0,0.021803161998832365,2.3764998331898823e-05,UWaveGestureLibraryZ,3487
4,4,0.1,tshap_centroid,mrsqm,0.0,0.0,0.2507936507936508,0.46686519607563737,0.07656375861968279,0,0,0.021803161998832365,2.3764998331898823e-05,UWaveGestureLibraryZ,3487
4,4,0.2,tshap_centroid,mrsqm,0.0,0.0,0.21904761904761905,0.8003134599319353,-0.23120760073019597,0,0,0.021803161998832365,2.3764998331898823e-05,UWaveGestureLibraryZ,3487
4,4,0.05,tshap_zero,mrsqm,0.0,0.0,0.30793650793650795,0.20580111483413566,0.06972519514617415,0,0,0.024114067000482464,2.3764998331898823e-05,UWaveGestureLibraryZ,3487
4,4,0.1,tshap_zero,mrsqm,0.0,0.0,0.2920634920634921,0.42537149118579254,0.07656375861968279,0,0,0.024114067000482464,2.3764998331898823e-05,UWaveGestureLibraryZ,3487
4,4,0.2,tshap_zero,mrsqm,0.0,0.0,0.26031746031746034,0.7673463540599648,-0.23120760073019597,0,0,0.024114067000482464,2.3764998331898823e-05,UWaveGestureLibraryZ,3487
0,0,0.05,hydra,shapley_sampling,0.0,0.0,0.21587301587301588,0.29791931757925005,0.294186813389937,0,0,0.20705848599754972,1.1303466530007427,UWaveGestureLibraryZ,2993
0,0,0.1,hydra,shapley_sampling,0.0,0.0,0.23174603174603176,0.10650178575714242,0.32766483881354636,0,0,0.20705848599754972,1.1303466530007427,UWaveGestureLibraryZ,2993
0,0,0.2,hydra,shapley_sampling,0.0,0.0,0.3047619047619048,0.3981042211901884,0.6754640168004229,0,0,0.20705848599754972,1.1303466530007427,UWaveGestureLibraryZ,2993
0,0,0.05,hydra,feature_ablation,0.0,0.0,0.3682539682539683,0.29791931757925005,0.39673970742610165,0,0,0.20705848599754972,0.0473350809988915,UWaveGestureLibraryZ,2993
0,0,0.1,hydra,feature_ablation,0.0,0.0,0.38412698412698415,0.10650178575714242,0.3916639308085308,0,0,0.20705848599754972,0.0473350809988915,UWaveGestureLibraryZ,2993
0,0,0.2,hydra,feature_ablation,0.0,0.0,0.30793650793650795,0.3981042211901884,0.6520744882965769,0,0,0.20705848599754972,0.0473350809988915,UWaveGestureLibraryZ,2993
0,0,0.05,hydra,tshap_centroid,0.0,0.0,0.346031746031746,0.29791931757925005,0.33408278706249783,0,0,0.20705848599754972,0.02390294900033041,UWaveGestureLibraryZ,2993
0,0,0.1,hydra,tshap_centroid,0.0,0.0,0.3746031746031746,0.10650178575714242,0.373349470480447,0,0,0.20705848599754972,0.02390294900033041,UWaveGestureLibraryZ,2993
0,0,0.2,hydra,tshap_centroid,0.0,0.0,0.31746031746031744,0.3981042211901884,0.6172737964116559,0,0,0.20705848599754972,0.02390294900033041,UWaveGestureLibraryZ,2993
0,0,0.05,hydra,tshap_zero,0.0,0.0,0.473015873015873,0.29791931757925005,0.0445891977278845,0,0,0.20705848599754972,0.024446753999654902,UWaveGestureLibraryZ,2993
0,0,0.1,hydra,tshap_zero,0.0,0.0,0.43492063492063493,0.10650178575714242,-0.025106547417379277,0,0,0.20705848599754972,0.024446753999654902,UWaveGestureLibraryZ,2993
0,0,0.2,hydra,tshap_zero,0.0,0.0,0.44126984126984126,0.3981042211901884,0.47356117009793475,0,0,0.20705848599754972,0.024446753999654902,UWaveGestureLibraryZ,2993
0,0,0.05,hydra,mrsqm,0.0,0.0,0.41904761904761906,0.29791931757925005,0.14416991644355148,0,0,0.20705848599754972,2.5207998987752944e-05,UWaveGestureLibraryZ,2993
0,0,0.1,hydra,mrsqm,0.0,0.0,0.43492063492063493,0.10650178575714242,0.3167839729787798,0,0,0.20705848599754972,2.5207998987752944e-05,UWaveGestureLibraryZ,2993
0,0,0.2,hydra,mrsqm,0.0,0.0,0.35873015873015873,0.3981042211901884,0.4600727169804937,0,0,0.20705848599754972,2.5207998987752944e-05,UWaveGestureLibraryZ,2993
0,0,0.05,shapley_sampling,feature_ablation,0.0,0.0,0.1523809523809524,0.294186813389937,0.39673970742610165,0,0,1.1303466530007427,0.0473350809988915,UWaveGestureLibraryZ,2993
0,0,0.1,shapley_sampling,feature_ablation,0.0,0.0,0.1523809523809524,0.32766483881354636,0.3916639308085308,0,0,1.1303466530007427,0.0473350809988915,UWaveGestureLibraryZ,2993
0,0,0.2,shapley_sampling,feature_ablation,0.96875,0.9841269841269841,0.0031746031746031746,0.6754640168004229,0.6520744882965769,0,0,1.1303466530007427,0.0473350809988915,UWaveGestureLibraryZ,2993
0,0,0.05,shapley_sampling,tshap_centroid,0.0,0.0,0.13015873015873017,0.294186813389937,0.33408278706249783,0,0,1.1303466530007427,0.02390294900033041,UWaveGestureLibraryZ,2993
0,0,0.1,shapley_sampling,tshap_centroid,0.0,0.0,0.14285714285714285,0.32766483881354636,0.373349470480447,0,0,1.1303466530007427,0.02390294900033041,UWaveGestureLibraryZ,2993
0,0,0.2,shapley_sampling,tshap_centroid,0.8805970149253731,0.9365079365079365,0.012698412698412698,0.6754640168004229,0.6172737964116559,0,0,1.1303466530007427,0.02390294900033041,UWaveGestureLibraryZ,2993
0,0,0.05,shapley_sampling,tshap_zero,0.0,0.0,0.6888888888888889,0.294186813389937,0.0445891977278845,0,0,1.1303466530007427,0.024446753999654902,UWaveGestureLibraryZ,2993
0,0,0.1,shapley_sampling,tshap_zero,0.0,0.0,0.6666666666666666,0.32766483881354636,-0.025106547417379277,0,0,1.1303466530007427,0.024446753999654902,UWaveGestureLibraryZ,2993
0,0,0.2,shapley_sampling,tshap_zero,0.0,0.0,0.746031746031746,0.6754640168004229,0.47356117009793475,0,0,1.1303466530007427,0.024446753999654902,UWaveGestureLibraryZ,2993
0,0,0.05,shapley_sampling,mrsqm,0.0,0.0,0.20317460317460317,0.294186813389937,0.14416991644355148,0,0,1.1303466530007427,2.5207998987752944e-05,UWaveGestureLibraryZ,2993
0,0,0.1,shapley_sampling,mrsqm,0.0,0.0,0.20317460317460317,0.32766483881354636,0.3167839729787798,0,0,1.1303466530007427,2.5207998987752944e-05,UWaveGestureLibraryZ,2993
0,0,0.2,shapley_sampling,mrsqm,0.575,0.7301587301587301,0.05396825396825397,0.6754640168004229,0.4600727169804937,0,0,1.1303466530007427,2.5207998987752944e-05,UWaveGestureLibraryZ,2993
0,0,0.05,feature_ablation,tshap_centroid,0.391304347826087,0.5625,0.022222222222222223,0.39673970742610165,0.33408278706249783,0,0,0.0473350809988915,0.02390294900033041,UWaveGestureLibraryZ,2993
0,0,0.1,feature_ablation,tshap_centroid,0.8285714285714286,0.90625,0.009523809523809525,0.3916639308085308,0.373349470480447,0,0,0.0473350809988915,0.02390294900033041,UWaveGestureLibraryZ,2993
0,0,0.2,feature_ablation,tshap_centroid,0.9090909090909091,0.9523809523809523,0.009523809523809525,0.6520744882965769,0.6172737964116559,0,0,0.0473350809988915,0.02390294900033041,UWaveGestureLibraryZ,2993
0,0,0.05,feature_ablation,tshap_zero,0.0,0.0,0.8412698412698413,0.39673970742610165,0.0445891977278845,0,0,0.0473350809988915,0.024446753999654902,UWaveGestureLibraryZ,2993
0,0,0.1,feature_ablation,tshap_zero,0.0,0.0,0.819047619047619,0.3916639308085308,-0.025106547417379277,0,0,0.0473350809988915,0.024446753999654902,UWaveGestureLibraryZ,2993
0,0,0.2,feature_ablation,tshap_zero,0.0,0.0,0.7492063492063492,0.6520744882965769,0.47356117009793475,0,0,0.0473350809988915,0.024446753999654902,UWaveGestureLibraryZ,2993
0,0,0.05,feature_ablation,mrsqm,0.0,0.0,0.050793650793650794,0.39673970742610165,0.14416991644355148,0,0,0.0473350809988915,2.5207998987752944e-05,UWaveGestureLibraryZ,2993
0,0,0.1,feature_ablation,mrsqm,0.3333333333333333,0.5,0.050793650793650794,0.3916639308085308,0.3167839729787798,0,0,0.0473350809988915,2.5207998987752944e-05,UWaveGestureLibraryZ,2993
0,0,0.2,feature_ablation,mrsqm,0.5949367088607594,0.746031746031746,0.050793650793650794,0.6520744882965769,0.4600727169804937,0,0,0.0473350809988915,2.5207998987752944e-05,UWaveGestureLibraryZ,2993
0,0,0.05,tshap_centroid,tshap_zero,0.0,0.0,0.819047619047619,0.33408278706249783,0.0445891977278845,0,0,0.02390294900033041,0.024446753999654902,UWaveGestureLibraryZ,2993
0,0,0.1,tshap_centroid,tshap_zero,0.0,0.0,0.8095238095238095,0.373349470480447,-0.025106547417379277,0,0,0.02390294900033041,0.024446753999654902,UWaveGestureLibraryZ,2993
0,0,0.2,tshap_centroid,tshap_zero,0.0,0.0,0.7587301587301587,0.6172737964116559,0.47356117009793475,0,0,0.02390294900033041,0.024446753999654902,UWaveGestureLibraryZ,2993
0,0,0.05,tshap_centroid,mrsqm,0.0,0.0,0.07301587301587302,0.33408278706249783,0.14416991644355148,0,0,0.02390294900033041,2.5207998987752944e-05,UWaveGestureLibraryZ,2993
0,0,0.1,tshap_centroid,mrsqm,0.2549019607843137,0.40625,0.06031746031746032,0.373349470480447,0.3167839729787798,0,0,0.02390294900033041,2.5207998987752944e-05,UWaveGestureLibraryZ,2993
0,0,0.2,tshap_centroid,mrsqm,0.6578947368421053,0.7936507936507936,0.04126984126984127,0.6172737964116559,0.4600727169804937,0,0,0.02390294900033041,2.5207998987752944e-05,UWaveGestureLibraryZ,2993
0,0,0.05,tshap_zero,mrsqm,0.0,0.0,0.8920634920634921,0.0445891977278845,0.14416991644355148,0,0,0.024446753999654902,2.5207998987752944e-05,UWaveGestureLibraryZ,2993
0,0,0.1,tshap_zero,mrsqm,0.0,0.0,0.8698412698412699,-0.025106547417379277,0.3167839729787798,0,0,0.024446753999654902,2.5207998987752944e-05,UWaveGestureLibraryZ,2993
0,0,0.2,tshap_zero,mrsqm,0.0,0.0,0.8,0.47356117009793475,0.4600727169804937,0,0,0.024446753999654902,2.5207998987752944e-05,UWaveGestureLibraryZ,2993
4,4,0.05,hydra,shapley_sampling,0.0,0.0,0.6190476190476191,0.45371599017746944,0.00893412787581127,0,0,0.2079206400012481,1.1939087270002346,UWaveGestureLibraryZ,2708
4,4,0.1,hydra,shapley_sampling,0.0,0.0,0.6190476190476191,0.6083446574291291,0.07168478086240859,0,0,0.2079206400012481,1.1939087270002346,UWaveGestureLibraryZ,2708
4,4,0.2,hydra,shapley_sampling,0.0,0.0,0.5873015873015873,0.5637554918937862,-0.007138650567707128,0,0,0.2079206400012481,1.1939087270002346,UWaveGestureLibraryZ,2708
4,4,0.05,hydra,feature_ablation,0.0,0.0,0.13015873015873017,0.45371599017746944,0.4012553294374772,0,0,0.2079206400012481,0.05049686999700498,UWaveGestureLibraryZ,2708
4,4,0.1,hydra,feature_ablation,0.0,0.0,0.13015873015873017,0.6083446574291291,0.4114979844777735,0,0,0.2079206400012481,0.05049686999700498,UWaveGestureLibraryZ,2708
4,4,0.2,hydra,feature_ablation,0.5180722891566265,0.6825396825396826,0.06349206349206349,0.5637554918937862,0.5483434103155549,0,0,0.2079206400012481,0.05049686999700498,UWaveGestureLibraryZ,2708
4,4,0.05,hydra,tshap_centroid,0.0,0.0,0.2126984126984127,0.45371599017746944,0.18889676841489056,0,0,0.2079206400012481,0.026054543999634916,UWaveGestureLibraryZ,2708
4,4,0.1,hydra,tshap_centroid,0.0,0.0,0.17142857142857143,0.6083446574291291,0.3195688799241474,0,0,0.2079206400012481,0.026054543999634916,UWaveGestureLibraryZ,2708
4,4,0.2,hydra,tshap_centroid,0.04132231404958678,0.07936507936507936,0.18412698412698414,0.5637554918937862,0.667930859082682,0,0,0.2079206400012481,0.026054543999634916,UWaveGestureLibraryZ,2708
4,4,0.05,hydra,tshap_zero,0.0,0.0,0.2698412698412698,0.45371599017746944,0.1962349919419637,0,0,0.2079206400012481,0.026925484999082983,UWaveGestureLibraryZ,2708
4,4,0.1,hydra,tshap_zero,0.0,0.0,0.2698412698412698,0.6083446574291291,0.38567949763588394,0,0,0.2079206400012481,0.026925484999082983,UWaveGestureLibraryZ,2708
4,4,0.2,hydra,tshap_zero,0.0,0.0,0.29523809523809524,0.5637554918937862,0.6857376359975761,0,0,0.2079206400012481,0.026925484999082983,UWaveGestureLibraryZ,2708
4,4,0.05,hydra,mrsqm,0.0,0.0,0.7714285714285715,0.45371599017746944,-0.030541887644777388,0,0,0.2079206400012481,2.6841000362765044e-05,UWaveGestureLibraryZ,2708
4,4,0.1,hydra,mrsqm,0.0,0.0,0.7206349206349206,0.6083446574291291,0.010322800231817642,0,0,0.2079206400012481,2.6841000362765044e-05,UWaveGestureLibraryZ,2708
4,4,0.2,hydra,mrsqm,0.0,0.0,0.6888888888888889,0.5637554918937862,0.06635431720470075,0,0,0.2079206400012481,2.6841000362765044e-05,UWaveGestureLibraryZ,2708
4,4,0.05,shapley_sampling,feature_ablation,0.0,0.0,0.7492063492063492,0.00893412787581127,0.4012553294374772,0,0,1.1939087270002346,0.05049686999700498,UWaveGestureLibraryZ,2708
4,4,0.1,shapley_sampling,feature_ablation,0.0,0.0,0.7492063492063492,0.07168478086240859,0.4114979844777735,0,0,1.1939087270002346,0.05049686999700498,UWaveGestureLibraryZ,2708
4,4,0.2,shapley_sampling,feature_ablation,0.0,0.0,0.6507936507936508,-0.007138650567707128,0.5483434103155549,0,0,1.1939087270002346,0.05049686999700498,UWaveGestureLibraryZ,2708
4,4,0.05,shapley_sampling,tshap_centroid,0.0,0.0,0.40634920634920635,0.00893412787581127,0.18889676841489056,0,0,1.1939087270002346,0.026054543999634916,UWaveGestureLibraryZ,2708
4,4,0.1,shapley_sampling,tshap_centroid,0.0,0.0,0.44761904761904764,0.07168478086240859,0.3195688799241474,0,0,1.1939087270002346,0.026054543999634916,UWaveGestureLibraryZ,2708
4,4,0.2,shapley_sampling,tshap_centroid,0.0,0.0,0.4031746031746032,-0.007138650567707128,0.667930859082682,0,0,1.1939087270002346,0.026054543999634916,UWaveGestureLibraryZ,2708
4,4,0.05,shapley_sampling,tshap_zero,0.0,0.0,0.3492063492063492,0.00893412787581127,0.1962349919419637,0,0,1.1939087270002346,0.026925484999082983,UWaveGestureLibraryZ,2708
4,4,0.1,shapley_sampling,tshap_zero,0.0,0.0,0.3492063492063492,0.07168478086240859,0.38567949763588394,0,0,1.1939087270002346,0.026925484999082983,UWaveGestureLibraryZ,2708
4,4,0.2,shapley_sampling,tshap_zero,0.0,0.0,0.2920634920634921,-0.007138650567707128,0.6857376359975761,0,0,1.1939087270002346,0.026925484999082983,UWaveGestureLibraryZ,2708
4,4,0.05,shapley_sampling,mrsqm,0.0,0.0,0.1523809523809524,0.00893412787581127,-0.030541887644777388,0,0,1.1939087270002346,2.6841000362765044e-05,UWaveGestureLibraryZ,2708
4,4,0.1,shapley_sampling,mrsqm,0.0,0.0,0.10158730158730159,0.07168478086240859,0.010322800231817642,0,0,1.1939087270002346,2.6841000362765044e-05,UWaveGestureLibraryZ,2708
4,4,0.2,shapley_sampling,mrsqm,0.3263157894736842,0.49206349206349204,0.10158730158730159,-0.007138650567707128,0.06635431720470075,0,0,1.1939087270002346,2.6841000362765044e-05,UWaveGestureLibraryZ,2708
4,4,0.05,feature_ablation,tshap_centroid,0.0,0.0,0.34285714285714286,0.4012553294374772,0.18889676841489056,0,0,0.05049686999700498,0.026054543999634916,UWaveGestureLibraryZ,2708
4,4,0.1,feature_ablation,tshap_centroid,0.0,0.0,0.30158730158730157,0.4114979844777735,0.3195688799241474,0,0,0.05049686999700498,0.026054543999634916,UWaveGestureLibraryZ,2708
4,4,0.2,feature_ablation,tshap_centroid,0.0,0.0,0.24761904761904763,0.5483434103155549,0.667930859082682,0,0,0.05049686999700498,0.026054543999634916,UWaveGestureLibraryZ,2708
4,4,0.05,feature_ablation,tshap_zero,0.0,0.0,0.4,0.4012553294374772,0.1962349919419637,0,0,0.05049686999700498,0.026925484999082983,UWaveGestureLibraryZ,2708
4,4,0.1,feature_ablation,tshap_zero,0.0,0.0,0.4,0.4114979844777735,0.38567949763588394,0,0,0.05049686999700498,0.026925484999082983,UWaveGestureLibraryZ,2708
4,4,0.2,feature_ablation,tshap_zero,0.0,0.0,0.35873015873015873,0.5483434103155549,0.6857376359975761,0,0,0.05049686999700498,0.026925484999082983,UWaveGestureLibraryZ,2708
4,4,0.05,feature_ablation,mrsqm,0.0,0.0,0.9015873015873016,0.4012553294374772,-0.030541887644777388,0,0,0.05049686999700498,2.6841000362765044e-05,UWaveGestureLibraryZ,2708
4,4,0.1,feature_ablation,mrsqm,0.0,0.0,0.8507936507936508,0.4114979844777735,0.010322800231817642,0,0,0.05049686999700498,2.6841000362765044e-05,UWaveGestureLibraryZ,2708
4,4,0.2,feature_ablation,mrsqm,0.0,0.0,0.7523809523809524,0.5483434103155549,0.06635431720470075,0,0,0.05049686999700498,2.6841000362765044e-05,UWaveGestureLibraryZ,2708
4,4,0.05,tshap_centroid,tshap_zero,0.0,0.0,0.05714285714285714,0.18889676841489056,0.1962349919419637,0,0,0.026054543999634916,0.026925484999082983,UWaveGestureLibraryZ,2708
4,4,0.1,tshap_centroid,tshap_zero,0.015873015873015872,0.03125,0.09841269841269841,0.3195688799241474,0.38567949763588394,0,0,0.026054543999634916,0.026925484999082983,UWaveGestureLibraryZ,2708
4,4,0.2,tshap_centroid,tshap_zero,0.2857142857142857,0.4444444444444444,0.1111111111111111,0.667930859082682,0.6857376359975761,0,0,0.026054543999634916,0.026925484999082983,UWaveGestureLibraryZ,2708
4,4,0.05,tshap_centroid,mrsqm,0.0,0.0,0.5587301587301587,0.18889676841489056,-0.030541887644777388,0,0,0.026054543999634916,2.6841000362765044e-05,UWaveGestureLibraryZ,2708
4,4,0.1,tshap_centroid,mrsqm,0.0,0.0,0.5492063492063493,0.3195688799241474,0.010322800231817642,0,0,0.026054543999634916,2.6841000362765044e-05,UWaveGestureLibraryZ,2708
4,4,0.2,tshap_centroid,mrsqm,0.0,0.0,0.5047619047619047,0.667930859082682,0.06635431720470075,0,0,0.026054543999634916,2.6841000362765044e-05,UWaveGestureLibraryZ,2708
4,4,0.05,tshap_zero,mrsqm,0.0,0.0,0.5015873015873016,0.1962349919419637,-0.030541887644777388,0,0,0.026925484999082983,2.6841000362765044e-05,UWaveGestureLibraryZ,2708
4,4,0.1,tshap_zero,mrsqm,0.0,0.0,0.4507936507936508,0.38567949763588394,0.010322800231817642,0,0,0.026925484999082983,2.6841000362765044e-05,UWaveGestureLibraryZ,2708
4,4,0.2,tshap_zero,mrsqm,0.0,0.0,0.39365079365079364,0.6857376359975761,0.06635431720470075,0,0,0.026925484999082983,2.6841000362765044e-05,UWaveGestureLibraryZ,2708
6,6,0.05,hydra,shapley_sampling,0.0,0.0,0.2126984126984127,0.01702925261832333,0.10801898905245977,0,0,0.2114905579983315,1.1548441930026456,UWaveGestureLibraryZ,458
6,6,0.1,hydra,shapley_sampling,0.0,0.0,0.2,0.16868829841580046,0.32224713965232027,0,0,0.2114905579983315,1.1548441930026456,UWaveGestureLibraryZ,458
6,6,0.2,hydra,shapley_sampling,0.0,0.0,0.20952380952380953,0.4106495775984199,0.5194519780838065,0,0,0.2114905579983315,1.1548441930026456,UWaveGestureLibraryZ,458
6,6,0.05,hydra,feature_ablation,0.0,0.0,0.09206349206349207,0.01702925261832333,0.13321506489257773,0,0,0.2114905579983315,0.048746890999609604,UWaveGestureLibraryZ,458
6,6,0.1,hydra,feature_ablation,0.0,0.0,0.10476190476190476,0.16868829841580046,0.3114086944655958,0,0,0.2114905579983315,0.048746890999609604,UWaveGestureLibraryZ,458
6,6,0.2,hydra,feature_ablation,0.6153846153846154,0.7619047619047619,0.047619047619047616,0.4106495775984199,0.40237323742669284,0,0,0.2114905579983315,0.048746890999609604,UWaveGestureLibraryZ,458
6,6,0.05,hydra,tshap_centroid,0.0,0.0,0.6031746031746031,0.01702925261832333,0.5107462688742527,0,1,0.2114905579983315,0.025637438000558177,UWaveGestureLibraryZ,458
6,6,0.1,hydra,tshap_centroid,0.0,0.0,0.5904761904761905,0.16868829841580046,0.7308194451997282,0,1,0.2114905579983315,0.025637438000558177,UWaveGestureLibraryZ,458
6,6,0.2,hydra,tshap_centroid,0.0,0.0,0.5079365079365079,0.4106495775984199,0.8977679825670698,0,1,0.2114905579983315,0.025637438000558177,UWaveGestureLibraryZ,458
6,6,0.05,hydra,tshap_zero,1.0,1.0,0.0,0.01702925261832333,0.01702925860212634,0,0,0.2114905579983315,0.025500589999865042,UWaveGestureLibraryZ,458
6,6,0.1,hydra,tshap_zero,0.8823529411764706,0.9375,0.006349206349206349,0.16868829841580046,0.16781400605667363,0,0,0.2114905579983315,0.025500589999865042,UWaveGestureLibraryZ,458
6,6,0.2,hydra,tshap_zero,0.5555555555555556,0.7142857142857143,0.05714285714285714,0.4106495775984199,0.3552930202164981,0,0,0.2114905579983315,0.025500589999865042,UWaveGestureLibraryZ,458
6,6,0.05,hydra,mrsqm,0.0,0.0,0.2126984126984127,0.01702925261832333,0.10801897230514956,0,0,0.2114905579983315,2.559799759183079e-05,UWaveGestureLibraryZ,458
6,6,0.1,hydra,mrsqm,0.0,0.0,0.2,0.16868829841580046,0.32224714969311297,0,0,0.2114905579983315,2.559799759183079e-05,UWaveGestureLibraryZ,458
6,6,0.2,hydra,mrsqm,0.0,0.0,0.20952380952380953,0.4106495775984199,0.5194519879346802,0,0,0.2114905579983315,2.559799759183079e-05,UWaveGestureLibraryZ,458
6,6,0.05,shapley_sampling,feature_ablation,0.0,0.0,0.3047619047619048,0.10801898905245977,0.13321506489257773,0,0,1.1548441930026456,0.048746890999609604,UWaveGestureLibraryZ,458
6,6,0.1,shapley_sampling,feature_ablation,0.0,0.0,0.3047619047619048,0.32224713965232027,0.3114086944655958,0,0,1.1548441930026456,0.048746890999609604,UWaveGestureLibraryZ,458
6,6,0.2,shapley_sampling,feature_ablation,0.0,0.0,0.2571428571428571,0.5194519780838065,0.40237323742669284,0,0,1.1548441930026456,0.048746890999609604,UWaveGestureLibraryZ,458
6,6,0.05,shapley_sampling,tshap_centroid,0.0,0.0,0.8158730158730159,0.10801898905245977,0.5107462688742527,0,1,1.1548441930026456,0.025637438000558177,UWaveGestureLibraryZ,458
6,6,0.1,shapley_sampling,tshap_centroid,0.0,0.0,0.7904761904761904,0.32224713965232027,0.7308194451997282,0,1,1.1548441930026456,0.025637438000558177,UWaveGestureLibraryZ,458
6,6,0.2,shapley_sampling,tshap_centroid,0.0,0.0,0.7174603174603175,0.5194519780838065,0.8977679825670698,0,1,1.1548441930026456,0.025637438000558177,UWaveGestureLibraryZ,458
6,6,0.05,shapley_sampling,tshap_zero,0.0,0.0,0.2126984126984127,0.10801898905245977,0.01702925860212634,0,0,1.1548441930026456,0.025500589999865042,UWaveGestureLibraryZ,458
6,6,0.1,shapley_sampling,tshap_zero,0.0,0.0,0.19365079365079366,0.32224713965232027,0.16781400605667363,0,0,1.1548441930026456,0.025500589999865042,UWaveGestureLibraryZ,458
6,6,0.2,shapley_sampling,tshap_zero,0.13513513513513514,0.23809523809523808,0.1523809523809524,0.5194519780838065,0.3552930202164981,0,0,1.1548441930026456,0.025500589999865042,UWaveGestureLibraryZ,458
6,6,0.05,shapley_sampling,mrsqm,1.0,1.0,0.0,0.10801898905245977,0.10801897230514956,0,0,1.1548441930026456,2.559799759183079e-05,UWaveGestureLibraryZ,458
6,6,0.1,shapley_sampling,mrsqm,1.0,1.0,0.0,0.32224713965232027,0.32224714969311297,0,0,1.1548441930026456,2.559799759183079e-05,UWaveGestureLibraryZ,458
6,6,0.2,shapley_sampling,mrsqm,1.0,1.0,0.0,0.5194519780838065,0.5194519879346802,0,0,1.1548441930026456,2.559799759183079e-05,UWaveGestureLibraryZ,458
6,6,0.05,feature_ablation,tshap_centroid,0.0,0.0,0.5111111111111111,0.13321506489257773,0.5107462688742527,0,1,0.048746890999609604,0.025637438000558177,UWaveGestureLibraryZ,458
6,6,0.1,feature_ablation,tshap_centroid,0.0,0.0,0.4857142857142857,0.3114086944655958,0.7308194451997282,0,1,0.048746890999609604,0.025637438000558177,UWaveGestureLibraryZ,458
6,6,0.2,feature_ablation,tshap_centroid,0.0,0.0,0.4603174603174603,0.40237323742669284,0.8977679825670698,0,1,0.048746890999609604,0.025637438000558177,UWaveGestureLibraryZ,458
6,6,0.05,feature_ablation,tshap_zero,0.0,0.0,0.09206349206349207,0.13321506489257773,0.01702925860212634,0,0,0.048746890999609604,0.025500589999865042,UWaveGestureLibraryZ,458
6,6,0.1,feature_ablation,tshap_zero,0.0,0.0,0.1111111111111111,0.3114086944655958,0.16781400605667363,0,0,0.048746890999609604,0.025500589999865042,UWaveGestureLibraryZ,458
6,6,0.2,feature_ablation,tshap_zero,0.3125,0.47619047619047616,0.10476190476190476,0.40237323742669284,0.3552930202164981,0,0,0.048746890999609604,0.025500589999865042,UWaveGestureLibraryZ,458
6,6,0.05,feature_ablation,mrsqm,0.0,0.0,0.3047619047619048,0.13321506489257773,0.10801897230514956,0,0,0.048746890999609604,2.559799759183079e-05,UWaveGestureLibraryZ,458
6,6,0.1,feature_ablation,mrsqm,0.0,0.0,0.3047619047619048,0.3114086944655958,0.32224714969311297,0,0,0.048746890999609604,2.559799759183079e-05,UWaveGestureLibraryZ,458
6,6,0.2,feature_ablation,mrsqm,0.0,0.0,0.2571428571428571,0.40237323742669284,0.5194519879346802,0,0,0.048746890999609604,2.559799759183079e-05,UWaveGestureLibraryZ,458
6,6,0.05,tshap_centroid,tshap_zero,0.0,0.0,0.6031746031746031,0.5107462688742527,0.01702925860212634,1,0,0.025637438000558177,0.025500589999865042,UWaveGestureLibraryZ,458
6,6,0.1,tshap_centroid,tshap_zero,0.0,0.0,0.5968253968253968,0.7308194451997282,0.16781400605667363,1,0,0.025637438000558177,0.025500589999865042,UWaveGestureLibraryZ,458
6,6,0.2,tshap_centroid,tshap_zero,0.0,0.0,0.5650793650793651,0.8977679825670698,0.3552930202164981,1,0,0.025637438000558177,0.025500589999865042,UWaveGestureLibraryZ,458
6,6,0.05,tshap_centroid,mrsqm,0.0,0.0,0.8158730158730159,0.5107462688742527,0.10801897230514956,1,0,0.025637438000558177,2.559799759183079e-05,UWaveGestureLibraryZ,458
6,6,0.1,tshap_centroid,mrsqm,0.0,0.0,0.7904761904761904,0.7308194451997282,0.32224714969311297,1,0,0.025637438000558177,2.559799759183079e-05,UWaveGestureLibraryZ,458
6,6,0.2,tshap_centroid,mrsqm,0.0,0.0,0.7174603174603175,0.8977679825670698,0.5194519879346802,1,0,0.025637438000558177,2.559799759183079e-05,UWaveGestureLibraryZ,458
6,6,0.05,tshap_zero,mrsqm,0.0,0.0,0.2126984126984127,0.01702925860212634,0.10801897230514956,0,0,0.025500589999865042,2.559799759183079e-05,UWaveGestureLibraryZ,458
6,6,0.1,tshap_zero,mrsqm,0.0,0.0,0.19365079365079366,0.16781400605667363,0.32224714969311297,0,0,0.025500589999865042,2.559799759183079e-05,UWaveGestureLibraryZ,458
6,6,0.2,tshap_zero,mrsqm,0.13513513513513514,0.23809523809523808,0.1523809523809524,0.3552930202164981,0.5194519879346802,0,0,0.025500589999865042,2.559799759183079e-05,UWaveGestureLibraryZ,458
4,4,0.05,hydra,shapley_sampling,0.0,0.0,0.09841269841269841,-0.1663371152324986,0.2061546504080256,0,0,0.218577595998795,1.1037352700004703,UWaveGestureLibraryZ,318
4,4,0.1,hydra,shapley_sampling,0.3333333333333333,0.5,0.050793650793650794,-0.08409712890230203,0.2072075464642127,0,0,0.218577595998795,1.1037352700004703,UWaveGestureLibraryZ,318
4,4,0.2,hydra,shapley_sampling,0.3263157894736842,0.49206349206349204,0.10158730158730159,-0.11344449859488681,0.5784252648383159,0,1,0.218577595998795,1.1037352700004703,UWaveGestureLibraryZ,318
4,4,0.05,hydra,feature_ablation,0.0,0.0,0.5555555555555556,-0.1663371152324986,0.5077572294030364,0,0,0.218577595998795,0.052738013000634965,UWaveGestureLibraryZ,318
4,4,0.1,hydra,feature_ablation,0.0,0.0,0.5587301587301587,-0.08409712890230203,0.6900915535406265,0,1,0.218577595998795,0.052738013000634965,UWaveGestureLibraryZ,318
4,4,0.2,hydra,feature_ablation,0.0,0.0,0.5587301587301587,-0.11344449859488681,0.7731600330397137,0,1,0.218577595998795,0.052738013000634965,UWaveGestureLibraryZ,318
4,4,0.05,hydra,tshap_centroid,0.0,0.0,0.5746031746031746,-0.1663371152324986,0.4879216634534421,0,0,0.218577595998795,0.02797005399770569,UWaveGestureLibraryZ,318
4,4,0.1,hydra,tshap_centroid,0.0,0.0,0.5555555555555556,-0.08409712890230203,0.668326501394767,0,1,0.218577595998795,0.02797005399770569,UWaveGestureLibraryZ,318
4,4,0.2,hydra,tshap_centroid,0.0,0.0,0.5333333333333333,-0.11344449859488681,0.6972526952556224,0,1,0.218577595998795,0.02797005399770569,UWaveGestureLibraryZ,318
4,4,0.05,hydra,tshap_zero,0.0,0.0,0.5206349206349207,-0.1663371152324986,0.39397823556518863,0,0,0.218577595998795,0.024873007998394314,UWaveGestureLibraryZ,318
4,4,0.1,hydra,tshap_zero,0.0,0.0,0.49523809523809526,-0.08409712890230203,0.6085425289372373,0,1,0.218577595998795,0.024873007998394314,UWaveGestureLibraryZ,318
4,4,0.2,hydra,tshap_zero,0.0,0.0,0.42857142857142855,-0.11344449859488681,0.6824585532914846,0,1,0.218577595998795,0.024873007998394314,UWaveGestureLibraryZ,318
4,4,0.05,hydra,mrsqm,0.8823529411764706,0.9375,0.0031746031746031746,-0.1663371152324986,-0.040228418973230706,0,0,0.218577595998795,2.9566002922365442e-05,UWaveGestureLibraryZ,318
4,4,0.1,hydra,mrsqm,1.0,1.0,0.0,-0.08409712890230203,-0.08409712571101213,0,0,0.218577595998795,2.9566002922365442e-05,UWaveGestureLibraryZ,318
4,4,0.2,hydra,mrsqm,1.0,1.0,0.0,-0.11344449859488681,-0.11344450073132384,0,0,0.218577595998795,2.9566002922365442e-05,UWaveGestureLibraryZ,318
4,4,0.05,shapley_sampling,feature_ablation,0.0,0.0,0.45714285714285713,0.2061546504080256,0.5077572294030364,0,0,1.1037352700004703,0.052738013000634965,UWaveGestureLibraryZ,318
4,4,0.1,shapley_sampling,feature_ablation,0.0,0.0,0.5079365079365079,0.2072075464642127,0.6900915535406265,0,1,1.1037352700004703,0.052738013000634965,UWaveGestureLibraryZ,318
4,4,0.2,shapley_sampling,feature_ablation,0.0,0.0,0.45714285714285713,0.5784252648383159,0.7731600330397137,1,1,1.1037352700004703,0.052738013000634965,UWaveGestureLibraryZ,318
4,4,0.05,shapley_sampling,tshap_centroid,0.0,0.0,0.47619047619047616,0.2061546504080256,0.4879216634534421,0,0,1.1037352700004703,0.02797005399770569,UWaveGestureLibraryZ,318
4,4,0.1,shapley_sampling,tshap_centroid,0.0,0.0,0.5047619047619047,0.2072075464642127,0.668326501394767,0,1,1.1037352700004703,0.02797005399770569,UWaveGestureLibraryZ,318
4,4,0.2,shapley_sampling,tshap_centroid,0.0,0.0,0.43174603174603177,0.5784252648383159,0.6972526952556224,1,1,1.1037352700004703,0.02797005399770569,UWaveGestureLibraryZ,318
4,4,0.05,shapley_sampling,tshap_zero,0.0,0.0,0.4222222222222222,0.2061546504080256,0.39397823556518863,0,0,1.1037352700004703,0.024873007998394314,UWaveGestureLibraryZ,318
4,4,0.1,shapley_sampling,tshap_zero,0.0,0.0,0.4444444444444444,0.2072075464642127,0.6085425289372373,0,1,1.1037352700004703,0.024873007998394314,UWaveGestureLibraryZ,318
4,4,0.2,shapley_sampling,tshap_zero,0.0,0.0,0.326984126984127,0.5784252648383159,0.6824585532914846,1,1,1.1037352700004703,0.024873007998394314,UWaveGestureLibraryZ,318
4,4,0.05,shapley_sampling,mrsqm,0.0,0.0,0.10158730158730159,0.2061546504080256,-0.040228418973230706,0,0,1.1037352700004703,2.9566002922365442e-05,UWaveGestureLibraryZ,318
4,4,0.1,shapley_sampling,mrsqm,0.3333333333333333,0.5,0.050793650793650794,0.2072075464642127,-0.08409712571101213,0,0,1.1037352700004703,2.9566002922365442e-05,UWaveGestureLibraryZ,318
4,4,0.2,shapley_sampling,mrsqm,0.3263157894736842,0.49206349206349204,0.10158730158730159,0.5784252648383159,-0.11344450073132384,1,0,1.1037352700004703,2.9566002922365442e-05,UWaveGestureLibraryZ,318
4,4,0.05,feature_ablation,tshap_centroid,0.45454545454545453,0.625,0.01904761904761905,0.5077572294030364,0.4879216634534421,0,0,0.052738013000634965,0.02797005399770569,UWaveGestureLibraryZ,318
4,4,0.1,feature_ablation,tshap_centroid,0.9393939393939394,0.96875,0.0031746031746031746,0.6900915535406265,0.668326501394767,1,1,0.052738013000634965,0.02797005399770569,UWaveGestureLibraryZ,318
4,4,0.2,feature_ablation,tshap_centroid,0.7746478873239436,0.873015873015873,0.025396825396825397,0.7731600330397137,0.6972526952556224,1,1,0.052738013000634965,0.02797005399770569,UWaveGestureLibraryZ,318
4,4,0.05,feature_ablation,tshap_zero,0.18518518518518517,0.3125,0.03492063492063492,0.5077572294030364,0.39397823556518863,0,0,0.052738013000634965,0.024873007998394314,UWaveGestureLibraryZ,318
4,4,0.1,feature_ablation,tshap_zero,0.23076923076923078,0.375,0.06349206349206349,0.6900915535406265,0.6085425289372373,1,1,0.052738013000634965,0.024873007998394314,UWaveGestureLibraryZ,318
4,4,0.2,feature_ablation,tshap_zero,0.21153846153846154,0.3492063492063492,0.13015873015873017,0.7731600330397137,0.6824585532914846,1,1,0.052738013000634965,0.024873007998394314,UWaveGestureLibraryZ,318
4,4,0.05,feature_ablation,mrsqm,0.0,0.0,0.5587301587301587,0.5077572294030364,-0.040228418973230706,0,0,0.052738013000634965,2.9566002922365442e-05,UWaveGestureLibraryZ,318
4,4,0.1,feature_ablation,mrsqm,0.0,0.0,0.5587301587301587,0.6900915535406265,-0.08409712571101213,1,0,0.052738013000634965,2.9566002922365442e-05,UWaveGestureLibraryZ,318
4,4,0.2,feature_ablation,mrsqm,0.0,0.0,0.5587301587301587,0.7731600330397137,-0.11344450073132384,1,0,0.052738013000634965,2.9566002922365442e-05,UWaveGestureLibraryZ,318
4,4,0.05,tshap_centroid,tshap_zero,0.0,0.0,0.05396825396825397,0.4879216634534421,0.39397823556518863,0,0,0.02797005399770569,0.024873007998394314,UWaveGestureLibraryZ,318
4,4,0.1,tshap_centroid,tshap_zero,0.2549019607843137,0.40625,0.06031746031746032,0.668326501394767,0.6085425289372373,1,1,0.02797005399770569,0.024873007998394314,UWaveGestureLibraryZ,318
4,4,0.2,tshap_centroid,tshap_zero,0.3125,0.47619047619047616,0.10476190476190476,0.6972526952556224,0.6824585532914846,1,1,0.02797005399770569,0.024873007998394314,UWaveGestureLibraryZ,318
4,4,0.05,tshap_centroid,mrsqm,0.0,0.0,0.5777777777777777,0.4879216634534421,-0.040228418973230706,0,0,0.02797005399770569,2.9566002922365442e-05,UWaveGestureLibraryZ,318
4,4,0.1,tshap_centroid,mrsqm,0.0,0.0,0.5555555555555556,0.668326501394767,-0.08409712571101213,1,0,0.02797005399770569,2.9566002922365442e-05,UWaveGestureLibraryZ,318
4,4,0.2,tshap_centroid,mrsqm,0.0,0.0,0.5333333333333333,0.6972526952556224,-0.11344450073132384,1,0,0.02797005399770569,2.9566002922365442e-05,UWaveGestureLibraryZ,318
4,4,0.05,tshap_zero,mrsqm,0.0,0.0,0.5238095238095238,0.39397823556518863,-0.040228418973230706,0,0,0.024873007998394314,2.9566002922365442e-05,UWaveGestureLibraryZ,318
4,4,0.1,tshap_zero,mrsqm,0.0,0.0,0.49523809523809526,0.6085425289372373,-0.08409712571101213,1,0,0.024873007998394314,2.9566002922365442e-05,UWaveGestureLibraryZ,318
4,4,0.2,tshap_zero,mrsqm,0.0,0.0,0.42857142857142855,0.6824585532914846,-0.11344450073132384,1,0,0.024873007998394314,2.9566002922365442e-05,UWaveGestureLibraryZ,318
7,7,0.05,hydra,shapley_sampling,0.0,0.0,0.49523809523809526,-0.045509002300696544,-0.19044186240201344,0,0,0.21699490299943136,1.1335210959987307,UWaveGestureLibraryZ,2323
7,7,0.1,hydra,shapley_sampling,0.0,0.0,0.5079365079365079,0.032538971454247,-0.11026323847352848,0,0,0.21699490299943136,1.1335210959987307,UWaveGestureLibraryZ,2323
7,7,0.2,hydra,shapley_sampling,0.0,0.0,0.4793650793650794,0.1450901560249025,0.37342702555711893,0,1,0.21699490299943136,1.1335210959987307,UWaveGestureLibraryZ,2323
7,7,0.05,hydra,feature_ablation,0.0,0.0,0.2634920634920635,-0.045509002300696544,0.06156865872646544,0,0,0.21699490299943136,0.04918161100067664,UWaveGestureLibraryZ,2323
7,7,0.1,hydra,feature_ablation,0.0,0.0,0.29523809523809524,0.032538971454247,0.1542426426504253,0,0,0.21699490299943136,0.04918161100067664,UWaveGestureLibraryZ,2323
7,7,0.2,hydra,feature_ablation,0.07692307692307693,0.14285714285714285,0.17142857142857143,0.1450901560249025,0.5641744914950689,0,1,0.21699490299943136,0.04918161100067664,UWaveGestureLibraryZ,2323
7,7,0.05,hydra,tshap_centroid,0.0,0.0,0.17142857142857143,-0.045509002300696544,0.1434564859013574,0,0,0.21699490299943136,0.02132698399873334,UWaveGestureLibraryZ,2323
7,7,0.1,hydra,tshap_centroid,0.0,0.0,0.16825396825396827,0.032538971454247,0.15560682431658324,0,0,0.21699490299943136,0.02132698399873334,UWaveGestureLibraryZ,2323
7,7,0.2,hydra,tshap_centroid,0.0,0.0,0.2253968253968254,0.1450901560249025,0.5657443551824696,0,0,0.21699490299943136,0.02132698399873334,UWaveGestureLibraryZ,2323
7,7,0.05,hydra,tshap_zero,0.0,0.0,0.37142857142857144,-0.045509002300696544,0.4412196606491735,0,0,0.21699490299943136,0.02408081400062656,UWaveGestureLibraryZ,2323
7,7,0.1,hydra,tshap_zero,0.0,0.0,0.3396825396825397,0.032538971454247,0.6962006052773348,0,1,0.21699490299943136,0.02408081400062656,UWaveGestureLibraryZ,2323
7,7,0.2,hydra,tshap_zero,0.0,0.0,0.3333333333333333,0.1450901560249025,0.6453401768599556,0,0,0.21699490299943136,0.02408081400062656,UWaveGestureLibraryZ,2323
7,7,0.05,hydra,mrsqm,0.0,0.0,0.546031746031746,-0.045509002300696544,0.030992330680922553,0,0,0.21699490299943136,2.258200038340874e-05,UWaveGestureLibraryZ,2323
7,7,0.1,hydra,mrsqm,0.0,0.0,0.5079365079365079,0.032538971454247,-0.11026322702001723,0,0,0.21699490299943136,2.258200038340874e-05,UWaveGestureLibraryZ,2323
7,7,0.2,hydra,mrsqm,0.0,0.0,0.4793650793650794,0.1450901560249025,0.3734270317573237,0,1,0.21699490299943136,2.258200038340874e-05,UWaveGestureLibraryZ,2323
7,7,0.05,shapley_sampling,feature_ablation,0.0,0.0,0.7587301587301587,-0.19044186240201344,0.06156865872646544,0,0,1.1335210959987307,0.04918161100067664,UWaveGestureLibraryZ,2323
7,7,0.1,shapley_sampling,feature_ablation,0.0,0.0,0.8031746031746032,-0.11026323847352848,0.1542426426504253,0,0,1.1335210959987307,0.04918161100067664,UWaveGestureLibraryZ,2323
7,7,0.2,shapley_sampling,feature_ablation,0.0,0.0,0.30793650793650795,0.37342702555711893,0.5641744914950689,1,1,1.1335210959987307,0.04918161100067664,UWaveGestureLibraryZ,2323
7,7,0.05,shapley_sampling,tshap_centroid,0.0,0.0,0.3238095238095238,-0.19044186240201344,0.1434564859013574,0,0,1.1335210959987307,0.02132698399873334,UWaveGestureLibraryZ,2323
7,7,0.1,shapley_sampling,tshap_centroid,0.0,0.0,0.3396825396825397,-0.11026323847352848,0.15560682431658324,0,0,1.1335210959987307,0.02132698399873334,UWaveGestureLibraryZ,2323
7,7,0.2,shapley_sampling,tshap_centroid,0.0,0.0,0.25396825396825395,0.37342702555711893,0.5657443551824696,1,0,1.1335210959987307,0.02132698399873334,UWaveGestureLibraryZ,2323
7,7,0.05,shapley_sampling,tshap_zero,0.0,0.0,0.12380952380952381,-0.19044186240201344,0.4412196606491735,0,0,1.1335210959987307,0.02408081400062656,UWaveGestureLibraryZ,2323
7,7,0.1,shapley_sampling,tshap_zero,0.0,0.0,0.16825396825396827,-0.11026323847352848,0.6962006052773348,0,1,1.1335210959987307,0.02408081400062656,UWaveGestureLibraryZ,2323
7,7,0.2,shapley_sampling,tshap_zero,0.1559633027522936,0.2698412698412698,0.14603174603174604,0.37342702555711893,0.6453401768599556,1,0,1.1335210959987307,0.02408081400062656,UWaveGestureLibraryZ,2323
7,7,0.05,shapley_sampling,mrsqm,0.0,0.0,0.050793650793650794,-0.19044186240201344,0.030992330680922553,0,0,1.1335210959987307,2.258200038340874e-05,UWaveGestureLibraryZ,2323
7,7,0.1,shapley_sampling,mrsqm,1.0,1.0,0.0,-0.11026323847352848,-0.11026322702001723,0,0,1.1335210959987307,2.258200038340874e-05,UWaveGestureLibraryZ,2323
7,7,0.2,shapley_sampling,mrsqm,1.0,1.0,0.0,0.37342702555711893,0.3734270317573237,1,1,1.1335210959987307,2.258200038340874e-05,UWaveGestureLibraryZ,2323
7,7,0.05,feature_ablation,tshap_centroid,0.0,0.0,0.43492063492063493,0.06156865872646544,0.1434564859013574,0,0,0.04918161100067664,0.02132698399873334,UWaveGestureLibraryZ,2323
7,7,0.1,feature_ablation,tshap_centroid,0.0,0.0,0.4634920634920635,0.1542426426504253,0.15560682431658324,0,0,0.04918161100067664,0.02132698399873334,UWaveGestureLibraryZ,2323
7,7,0.2,feature_ablation,tshap_centroid,0.575,0.7301587301587301,0.05396825396825397,0.5641744914950689,0.5657443551824696,1,0,0.04918161100067664,0.02132698399873334,UWaveGestureLibraryZ,2323
7,7,0.05,feature_ablation,tshap_zero,0.0,0.0,0.6349206349206349,0.06156865872646544,0.4412196606491735,0,0,0.04918161100067664,0.02408081400062656,UWaveGestureLibraryZ,2323
7,7,0.1,feature_ablation,tshap_zero,0.0,0.0,0.6349206349206349,0.1542426426504253,0.6962006052773348,0,1,0.04918161100067664,0.02408081400062656,UWaveGestureLibraryZ,2323
7,7,0.2,feature_ablation,tshap_zero,0.10526315789473684,0.19047619047619047,0.1619047619047619,0.5641744914950689,0.6453401768599556,1,0,0.04918161100067664,0.02408081400062656,UWaveGestureLibraryZ,2323
7,7,0.05,feature_ablation,mrsqm,0.0,0.0,0.8095238095238095,0.06156865872646544,0.030992330680922553,0,0,0.04918161100067664,2.258200038340874e-05,UWaveGestureLibraryZ,2323
7,7,0.1,feature_ablation,mrsqm,0.0,0.0,0.8031746031746032,0.1542426426504253,-0.11026322702001723,0,0,0.04918161100067664,2.258200038340874e-05,UWaveGestureLibraryZ,2323
7,7,0.2,feature_ablation,mrsqm,0.0,0.0,0.30793650793650795,0.5641744914950689,0.3734270317573237,1,1,0.04918161100067664,2.258200038340874e-05,UWaveGestureLibraryZ,2323
7,7,0.05,tshap_centroid,tshap_zero,0.0,0.0,0.2,0.1434564859013574,0.4412196606491735,0,0,0.02132698399873334,0.02408081400062656,UWaveGestureLibraryZ,2323
7,7,0.1,tshap_centroid,tshap_zero,0.0,0.0,0.17142857142857143,0.15560682431658324,0.6962006052773348,0,1,0.02132698399873334,0.02408081400062656,UWaveGestureLibraryZ,2323
7,7,0.2,tshap_centroid,tshap_zero,0.29896907216494845,0.4603174603174603,0.10793650793650794,0.5657443551824696,0.6453401768599556,0,0,0.02132698399873334,0.02408081400062656,UWaveGestureLibraryZ,2323
7,7,0.05,tshap_centroid,mrsqm,0.0,0.0,0.3746031746031746,0.1434564859013574,0.030992330680922553,0,0,0.02132698399873334,2.258200038340874e-05,UWaveGestureLibraryZ,2323
7,7,0.1,tshap_centroid,mrsqm,0.0,0.0,0.3396825396825397,0.15560682431658324,-0.11026322702001723,0,0,0.02132698399873334,2.258200038340874e-05,UWaveGestureLibraryZ,2323
7,7,0.2,tshap_centroid,mrsqm,0.0,0.0,0.25396825396825395,0.5657443551824696,0.3734270317573237,0,1,0.02132698399873334,2.258200038340874e-05,UWaveGestureLibraryZ,2323
7,7,0.05,tshap_zero,mrsqm,0.0,0.0,0.1746031746031746,0.4412196606491735,0.030992330680922553,0,0,0.02408081400062656,2.258200038340874e-05,UWaveGestureLibraryZ,2323
7,7,0.1,tshap_zero,mrsqm,0.0,0.0,0.16825396825396827,0.6962006052773348,-0.11026322702001723,1,0,0.02408081400062656,2.258200038340874e-05,UWaveGestureLibraryZ,2323
7,7,0.2,tshap_zero,mrsqm,0.1559633027522936,0.2698412698412698,0.14603174603174604,0.6453401768599556,0.3734270317573237,0,1,0.02408081400062656,2.258200038340874e-05,UWaveGestureLibraryZ,2323
3,3,0.05,hydra,shapley_sampling,0.5238095238095238,0.6875,0.015873015873015872,0.13563788489349382,0.09795308122439966,0,0,0.2187063479977951,1.1558392380029545,UWaveGestureLibraryZ,1820
3,3,0.1,hydra,shapley_sampling,0.4883720930232558,0.65625,0.03492063492063492,0.17756572245499114,0.15337958167036925,1,1,0.2187063479977951,1.1558392380029545,UWaveGestureLibraryZ,1820
3,3,0.2,hydra,shapley_sampling,0.0,0.0,0.5523809523809524,0.10709626534680872,0.060719732464544984,1,0,0.2187063479977951,1.1558392380029545,UWaveGestureLibraryZ,1820
3,3,0.05,hydra,feature_ablation,0.5238095238095238,0.6875,0.015873015873015872,0.13563788489349382,0.09795306759964839,0,0,0.2187063479977951,0.052898095000273315,UWaveGestureLibraryZ,1820
3,3,0.1,hydra,feature_ablation,0.4883720930232558,0.65625,0.03492063492063492,0.17756572245499114,0.15337957390237678,1,1,0.2187063479977951,0.052898095000273315,UWaveGestureLibraryZ,1820
3,3,0.2,hydra,feature_ablation,0.0,0.0,0.45396825396825397,0.10709626534680872,0.05996756579263096,1,0,0.2187063479977951,0.052898095000273315,UWaveGestureLibraryZ,1820
3,3,0.05,hydra,tshap_centroid,0.8823529411764706,0.9375,0.0031746031746031746,0.13563788489349382,0.12760968819008583,0,0,0.2187063479977951,0.026555959000688745,UWaveGestureLibraryZ,1820
3,3,0.1,hydra,tshap_centroid,0.5609756097560976,0.71875,0.02857142857142857,0.17756572245499114,0.15370109641264867,1,1,0.2187063479977951,0.026555959000688745,UWaveGestureLibraryZ,1820
3,3,0.2,hydra,tshap_centroid,0.0,0.0,0.41904761904761906,0.10709626534680872,-0.01787655548022571,1,0,0.2187063479977951,0.026555959000688745,UWaveGestureLibraryZ,1820
3,3,0.05,hydra,tshap_zero,0.0,0.0,0.12698412698412698,0.13563788489349382,-0.0024780619040560836,0,0,0.2187063479977951,0.02596707900011097,UWaveGestureLibraryZ,1820
3,3,0.1,hydra,tshap_zero,0.0,0.0,0.28253968253968254,0.17756572245499114,-0.2844600776624272,1,0,0.2187063479977951,0.02596707900011097,UWaveGestureLibraryZ,1820
3,3,0.2,hydra,tshap_zero,0.024390243902439025,0.047619047619047616,0.19047619047619047,0.10709626534680872,0.030972909652190683,1,0,0.2187063479977951,0.02596707900011097,UWaveGestureLibraryZ,1820
3,3,0.05,hydra,mrsqm,0.0,0.0,0.5746031746031746,0.13563788489349382,-0.03088677910367832,0,0,0.2187063479977951,2.4545999622205272e-05,UWaveGestureLibraryZ,1820
3,3,0.1,hydra,mrsqm,0.0,0.0,0.5238095238095238,0.17756572245499114,-0.07788776282437515,1,0,0.2187063479977951,2.4545999622205272e-05,UWaveGestureLibraryZ,1820
3,3,0.2,hydra,mrsqm,0.9384615384615385,0.9682539682539683,0.006349206349206349,0.10709626534680872,0.0964568974392146,1,0,0.2187063479977951,2.4545999622205272e-05,UWaveGestureLibraryZ,1820
3,3,0.05,shapley_sampling,feature_ablation,1.0,1.0,0.0,0.09795308122439966,0.09795306759964839,0,0,1.1558392380029545,0.052898095000273315,UWaveGestureLibraryZ,1820
3,3,0.1,shapley_sampling,feature_ablation,1.0,1.0,0.0,0.15337958167036925,0.15337957390237678,1,1,1.1558392380029545,0.052898095000273315,UWaveGestureLibraryZ,1820
3,3,0.2,shapley_sampling,feature_ablation,0.3404255319148936,0.5079365079365079,0.09841269841269841,0.060719732464544984,0.05996756579263096,0,0,1.1558392380029545,0.052898095000273315,UWaveGestureLibraryZ,1820
3,3,0.05,shapley_sampling,tshap_centroid,0.45454545454545453,0.625,0.01904761904761905,0.09795308122439966,0.12760968819008583,0,0,1.1558392380029545,0.026555959000688745,UWaveGestureLibraryZ,1820
3,3,0.1,shapley_sampling,tshap_centroid,0.8823529411764706,0.9375,0.006349206349206349,0.15337958167036925,0.15370109641264867,1,1,1.1558392380029545,0.026555959000688745,UWaveGestureLibraryZ,1820
3,3,0.2,shapley_sampling,tshap_centroid,0.2,0.3333333333333333,0.13333333333333333,0.060719732464544984,-0.01787655548022571,0,0,1.1558392380029545,0.026555959000688745,UWaveGestureLibraryZ,1820
3,3,0.05,shapley_sampling,tshap_zero,0.0,0.0,0.14285714285714285,0.09795308122439966,-0.0024780619040560836,0,0,1.1558392380029545,0.02596707900011097,UWaveGestureLibraryZ,1820
3,3,0.1,shapley_sampling,tshap_zero,0.0,0.0,0.31746031746031744,0.15337958167036925,-0.2844600776624272,1,0,1.1558392380029545,0.02596707900011097,UWaveGestureLibraryZ,1820
3,3,0.2,shapley_sampling,tshap_zero,0.0,0.0,0.3619047619047619,0.060719732464544984,0.030972909652190683,0,0,1.1558392380029545,0.02596707900011097,UWaveGestureLibraryZ,1820
3,3,0.05,shapley_sampling,mrsqm,0.0,0.0,0.5587301587301587,0.09795308122439966,-0.03088677910367832,0,0,1.1558392380029545,2.4545999622205272e-05,UWaveGestureLibraryZ,1820
3,3,0.1,shapley_sampling,mrsqm,0.0,0.0,0.5587301587301587,0.15337958167036925,-0.07788776282437515,1,0,1.1558392380029545,2.4545999622205272e-05,UWaveGestureLibraryZ,1820
3,3,0.2,shapley_sampling,mrsqm,0.0,0.0,0.5587301587301587,0.060719732464544984,0.0964568974392146,0,0,1.1558392380029545,2.4545999622205272e-05,UWaveGestureLibraryZ,1820
3,3,0.05,feature_ablation,tshap_centroid,0.45454545454545453,0.625,0.01904761904761905,0.09795306759964839,0.12760968819008583,0,0,0.052898095000273315,0.026555959000688745,UWaveGestureLibraryZ,1820
3,3,0.1,feature_ablation,tshap_centroid,0.8823529411764706,0.9375,0.006349206349206349,0.15337957390237678,0.15370109641264867,1,1,0.052898095000273315,0.026555959000688745,UWaveGestureLibraryZ,1820
3,3,0.2,feature_ablation,tshap_centroid,0.7027027027027027,0.8253968253968254,0.03492063492063492,0.05996756579263096,-0.01787655548022571,0,0,0.052898095000273315,0.026555959000688745,UWaveGestureLibraryZ,1820
3,3,0.05,feature_ablation,tshap_zero,0.0,0.0,0.14285714285714285,0.09795306759964839,-0.0024780619040560836,0,0,0.052898095000273315,0.02596707900011097,UWaveGestureLibraryZ,1820
3,3,0.1,feature_ablation,tshap_zero,0.0,0.0,0.31746031746031744,0.15337957390237678,-0.2844600776624272,1,0,0.052898095000273315,0.02596707900011097,UWaveGestureLibraryZ,1820
3,3,0.2,feature_ablation,tshap_zero,0.0,0.0,0.2634920634920635,0.05996756579263096,0.030972909652190683,0,0,0.052898095000273315,0.02596707900011097,UWaveGestureLibraryZ,1820
3,3,0.05,feature_ablation,mrsqm,0.0,0.0,0.5587301587301587,0.09795306759964839,-0.03088677910367832,0,0,0.052898095000273315,2.4545999622205272e-05,UWaveGestureLibraryZ,1820
3,3,0.1,feature_ablation,mrsqm,0.0,0.0,0.5587301587301587,0.15337957390237678,-0.07788776282437515,1,0,0.052898095000273315,2.4545999622205272e-05,UWaveGestureLibraryZ,1820
3,3,0.2,feature_ablation,mrsqm,0.0,0.0,0.4603174603174603,0.05996756579263096,0.0964568974392146,0,0,0.052898095000273315,2.4545999622205272e-05,UWaveGestureLibraryZ,1820
3,3,0.05,tshap_centroid,tshap_zero,0.0,0.0,0.12380952380952381,0.12760968819008583,-0.0024780619040560836,0,0,0.026555959000688745,0.02596707900011097,UWaveGestureLibraryZ,1820
3,3,0.1,tshap_centroid,tshap_zero,0.0,0.0,0.3111111111111111,0.15370109641264867,-0.2844600776624272,1,0,0.026555959000688745,0.02596707900011097,UWaveGestureLibraryZ,1820
3,3,0.2,tshap_centroid,tshap_zero,0.0,0.0,0.22857142857142856,-0.01787655548022571,0.030972909652190683,0,0,0.026555959000688745,0.02596707900011097,UWaveGestureLibraryZ,1820
3,3,0.05,tshap_centroid,mrsqm,0.0,0.0,0.5777777777777777,0.12760968819008583,-0.03088677910367832,0,0,0.026555959000688745,2.4545999622205272e-05,UWaveGestureLibraryZ,1820
3,3,0.1,tshap_centroid,mrsqm,0.0,0.0,0.5523809523809524,0.15370109641264867,-0.07788776282437515,1,0,0.026555959000688745,2.4545999622205272e-05,UWaveGestureLibraryZ,1820
3,3,0.2,tshap_centroid,mrsqm,0.0,0.0,0.4253968253968254,-0.01787655548022571,0.0964568974392146,0,0,0.026555959000688745,2.4545999622205272e-05,UWaveGestureLibraryZ,1820
3,3,0.05,tshap_zero,mrsqm,0.0,0.0,0.7015873015873015,-0.0024780619040560836,-0.03088677910367832,0,0,0.02596707900011097,2.4545999622205272e-05,UWaveGestureLibraryZ,1820
3,3,0.1,tshap_zero,mrsqm,0.0,0.0,0.24126984126984127,-0.2844600776624272,-0.07788776282437515,0,0,0.02596707900011097,2.4545999622205272e-05,UWaveGestureLibraryZ,1820
3,3,0.2,tshap_zero,mrsqm,0.008,0.015873015873015872,0.19682539682539682,0.030972909652190683,0.0964568974392146,0,0,0.02596707900011097,2.4545999622205272e-05,UWaveGestureLibraryZ,1820
1,1,0.05,hydra,shapley_sampling,0.8823529411764706,0.9375,0.0031746031746031746,0.15896536104998038,0.17104022757820458,0,0,0.212774798997998,1.0860417939984472,UWaveGestureLibraryZ,1536
1,1,0.1,hydra,shapley_sampling,0.3617021276595745,0.53125,0.047619047619047616,0.4461208213240817,0.5122458490237702,0,0,0.212774798997998,1.0860417939984472,UWaveGestureLibraryZ,1536
1,1,0.2,hydra,shapley_sampling,0.96875,0.9841269841269841,0.0031746031746031746,0.8493134450689488,0.9177719779431435,0,0,0.212774798997998,1.0860417939984472,UWaveGestureLibraryZ,1536
1,1,0.05,hydra,feature_ablation,0.8823529411764706,0.9375,0.0031746031746031746,0.15896536104998038,0.17104021977864248,0,0,0.212774798997998,0.04729988400140428,UWaveGestureLibraryZ,1536
1,1,0.1,hydra,feature_ablation,0.3617021276595745,0.53125,0.047619047619047616,0.4461208213240817,0.5122458466146651,0,0,0.212774798997998,0.04729988400140428,UWaveGestureLibraryZ,1536
1,1,0.2,hydra,feature_ablation,0.96875,0.9841269841269841,0.0031746031746031746,0.8493134450689488,0.9177719823765413,0,0,0.212774798997998,0.04729988400140428,UWaveGestureLibraryZ,1536
1,1,0.05,hydra,tshap_centroid,0.7777777777777778,0.875,0.006349206349206349,0.15896536104998038,0.20317375022213158,0,0,0.212774798997998,0.02252153600056772,UWaveGestureLibraryZ,1536
1,1,0.1,hydra,tshap_centroid,0.8823529411764706,0.9375,0.006349206349206349,0.4461208213240817,0.48560866033519057,0,0,0.212774798997998,0.02252153600056772,UWaveGestureLibraryZ,1536
1,1,0.2,hydra,tshap_centroid,0.8,0.8888888888888888,0.022222222222222223,0.8493134450689488,0.7738419564588406,0,0,0.212774798997998,0.02252153600056772,UWaveGestureLibraryZ,1536
1,1,0.05,hydra,tshap_zero,0.6,0.75,0.012698412698412698,0.15896536104998038,0.21249807804176446,0,0,0.212774798997998,0.02518249100103276,UWaveGestureLibraryZ,1536
1,1,0.1,hydra,tshap_zero,0.9393939393939394,0.96875,0.0031746031746031746,0.4461208213240817,0.43882394291836846,0,0,0.212774798997998,0.02518249100103276,UWaveGestureLibraryZ,1536
1,1,0.2,hydra,tshap_zero,0.7027027027027027,0.8253968253968254,0.03492063492063492,0.8493134450689488,0.7007469599835545,0,0,0.212774798997998,0.02518249100103276,UWaveGestureLibraryZ,1536
1,1,0.05,hydra,mrsqm,0.0,0.0,0.05396825396825397,0.15896536104998038,0.04085385782277484,0,0,0.212774798997998,2.3975000658538193e-05,UWaveGestureLibraryZ,1536
1,1,0.1,hydra,mrsqm,0.3617021276595745,0.53125,0.047619047619047616,0.4461208213240817,0.5122458448467726,0,0,0.212774798997998,2.3975000658538193e-05,UWaveGestureLibraryZ,1536
1,1,0.2,hydra,mrsqm,0.96875,0.9841269841269841,0.0031746031746031746,0.8493134450689488,0.9177719766089256,0,0,0.212774798997998,2.3975000658538193e-05,UWaveGestureLibraryZ,1536
1,1,0.05,shapley_sampling,feature_ablation,1.0,1.0,0.0,0.17104022757820458,0.17104021977864248,0,0,1.0860417939984472,0.04729988400140428,UWaveGestureLibraryZ,1536
1,1,0.1,shapley_sampling,feature_ablation,1.0,1.0,0.0,0.5122458490237702,0.5122458466146651,0,0,1.0860417939984472,0.04729988400140428,UWaveGestureLibraryZ,1536
1,1,0.2,shapley_sampling,feature_ablation,1.0,1.0,0.0,0.9177719779431435,0.9177719823765413,0,0,1.0860417939984472,0.04729988400140428,UWaveGestureLibraryZ,1536
1,1,0.05,shapley_sampling,tshap_centroid,0.6842105263157895,0.8125,0.009523809523809525,0.17104022757820458,0.20317375022213158,0,0,1.0860417939984472,0.02252153600056772,UWaveGestureLibraryZ,1536
1,1,0.1,shapley_sampling,tshap_centroid,0.4222222222222222,0.59375,0.04126984126984127,0.5122458490237702,0.48560866033519057,0,0,1.0860417939984472,0.02252153600056772,UWaveGestureLibraryZ,1536
1,1,0.2,shapley_sampling,tshap_centroid,0.7746478873239436,0.873015873015873,0.025396825396825397,0.9177719779431435,0.7738419564588406,0,0,1.0860417939984472,0.02252153600056772,UWaveGestureLibraryZ,1536
1,1,0.05,shapley_sampling,tshap_zero,0.5238095238095238,0.6875,0.015873015873015872,0.17104022757820458,0.21249807804176446,0,0,1.0860417939984472,0.02518249100103276,UWaveGestureLibraryZ,1536
1,1,0.1,shapley_sampling,tshap_zero,0.3333333333333333,0.5,0.050793650793650794,0.5122458490237702,0.43882394291836846,0,0,1.0860417939984472,0.02518249100103276,UWaveGestureLibraryZ,1536
1,1,0.2,shapley_sampling,tshap_zero,0.68,0.8095238095238095,0.0380952380952381,0.9177719779431435,0.7007469599835545,0,0,1.0860417939984472,0.02518249100103276,UWaveGestureLibraryZ,1536
1,1,0.05,shapley_sampling,mrsqm,0.0,0.0,0.050793650793650794,0.17104022757820458,0.04085385782277484,0,0,1.0860417939984472,2.3975000658538193e-05,UWaveGestureLibraryZ,1536
1,1,0.1,shapley_sampling,mrsqm,1.0,1.0,0.0,0.5122458490237702,0.5122458448467726,0,0,1.0860417939984472,2.3975000658538193e-05,UWaveGestureLibraryZ,1536
1,1,0.2,shapley_sampling,mrsqm,1.0,1.0,0.0,0.9177719779431435,0.9177719766089256,0,0,1.0860417939984472,2.3975000658538193e-05,UWaveGestureLibraryZ,1536
1,1,0.05,feature_ablation,tshap_centroid,0.6842105263157895,0.8125,0.009523809523809525,0.17104021977864248,0.20317375022213158,0,0,0.04729988400140428,0.02252153600056772,UWaveGestureLibraryZ,1536
1,1,0.1,feature_ablation,tshap_centroid,0.4222222222222222,0.59375,0.04126984126984127,0.5122458466146651,0.48560866033519057,0,0,0.04729988400140428,0.02252153600056772,UWaveGestureLibraryZ,1536
1,1,0.2,feature_ablation,tshap_centroid,0.7746478873239436,0.873015873015873,0.025396825396825397,0.9177719823765413,0.7738419564588406,0,0,0.04729988400140428,0.02252153600056772,UWaveGestureLibraryZ,1536
1,1,0.05,feature_ablation,tshap_zero,0.5238095238095238,0.6875,0.015873015873015872,0.17104021977864248,0.21249807804176446,0,0,0.04729988400140428,0.02518249100103276,UWaveGestureLibraryZ,1536
1,1,0.1,feature_ablation,tshap_zero,0.3333333333333333,0.5,0.050793650793650794,0.5122458466146651,0.43882394291836846,0,0,0.04729988400140428,0.02518249100103276,UWaveGestureLibraryZ,1536
1,1,0.2,feature_ablation,tshap_zero,0.68,0.8095238095238095,0.0380952380952381,0.9177719823765413,0.7007469599835545,0,0,0.04729988400140428,0.02518249100103276,UWaveGestureLibraryZ,1536
1,1,0.05,feature_ablation,mrsqm,0.0,0.0,0.050793650793650794,0.17104021977864248,0.04085385782277484,0,0,0.04729988400140428,2.3975000658538193e-05,UWaveGestureLibraryZ,1536
1,1,0.1,feature_ablation,mrsqm,1.0,1.0,0.0,0.5122458466146651,0.5122458448467726,0,0,0.04729988400140428,2.3975000658538193e-05,UWaveGestureLibraryZ,1536
1,1,0.2,feature_ablation,mrsqm,1.0,1.0,0.0,0.9177719823765413,0.9177719766089256,0,0,0.04729988400140428,2.3975000658538193e-05,UWaveGestureLibraryZ,1536
1,1,0.05,tshap_centroid,tshap_zero,0.7777777777777778,0.875,0.006349206349206349,0.20317375022213158,0.21249807804176446,0,0,0.02252153600056772,0.02518249100103276,UWaveGestureLibraryZ,1536
1,1,0.1,tshap_centroid,tshap_zero,0.8285714285714286,0.90625,0.009523809523809525,0.48560866033519057,0.43882394291836846,0,0,0.02252153600056772,0.02518249100103276,UWaveGestureLibraryZ,1536
1,1,0.2,tshap_centroid,tshap_zero,0.8805970149253731,0.9365079365079365,0.012698412698412698,0.7738419564588406,0.7007469599835545,0,0,0.02252153600056772,0.02518249100103276,UWaveGestureLibraryZ,1536
1,1,0.05,tshap_centroid,mrsqm,0.0,0.0,0.06031746031746032,0.20317375022213158,0.04085385782277484,0,0,0.02252153600056772,2.3975000658538193e-05,UWaveGestureLibraryZ,1536
1,1,0.1,tshap_centroid,mrsqm,0.4222222222222222,0.59375,0.04126984126984127,0.48560866033519057,0.5122458448467726,0,0,0.02252153600056772,2.3975000658538193e-05,UWaveGestureLibraryZ,1536
1,1,0.2,tshap_centroid,mrsqm,0.7746478873239436,0.873015873015873,0.025396825396825397,0.7738419564588406,0.9177719766089256,0,0,0.02252153600056772,2.3975000658538193e-05,UWaveGestureLibraryZ,1536
1,1,0.05,tshap_zero,mrsqm,0.0,0.0,0.06666666666666667,0.21249807804176446,0.04085385782277484,0,0,0.02518249100103276,2.3975000658538193e-05,UWaveGestureLibraryZ,1536
1,1,0.1,tshap_zero,mrsqm,0.3333333333333333,0.5,0.050793650793650794,0.43882394291836846,0.5122458448467726,0,0,0.02518249100103276,2.3975000658538193e-05,UWaveGestureLibraryZ,1536
1,1,0.2,tshap_zero,mrsqm,0.68,0.8095238095238095,0.0380952380952381,0.7007469599835545,0.9177719766089256,0,0,0.02518249100103276,2.3975000658538193e-05,UWaveGestureLibraryZ,1536
7,7,0.05,hydra,shapley_sampling,0.0,0.0,0.3142857142857143,0.33049947173724714,-0.10150586588279054,0,0,0.2127862900015316,1.0944380780019856,UWaveGestureLibraryZ,308
7,7,0.1,hydra,shapley_sampling,0.0,0.0,0.3333333333333333,0.6246744501621702,-0.00846698912447974,1,0,0.2127862900015316,1.0944380780019856,UWaveGestureLibraryZ,308
7,7,0.2,hydra,shapley_sampling,0.0,0.0,0.45396825396825397,1.200014961371717,0.08194227207410898,1,0,0.2127862900015316,1.0944380780019856,UWaveGestureLibraryZ,308
7,7,0.05,hydra,feature_ablation,0.0,0.0,0.5047619047619047,0.33049947173724714,-0.15900580251965124,0,0,0.2127862900015316,0.04750826700183097,UWaveGestureLibraryZ,308
7,7,0.1,hydra,feature_ablation,0.0,0.0,0.473015873015873,0.6246744501621702,-0.22008673661919564,1,0,0.2127862900015316,0.04750826700183097,UWaveGestureLibraryZ,308
7,7,0.2,hydra,feature_ablation,0.0,0.0,0.49523809523809526,1.200014961371717,0.26911435397181105,1,0,0.2127862900015316,0.04750826700183097,UWaveGestureLibraryZ,308
7,7,0.05,hydra,tshap_centroid,0.8823529411764706,0.9375,0.0031746031746031746,0.33049947173724714,0.34841172251212793,0,0,0.2127862900015316,0.02204930600055377,UWaveGestureLibraryZ,308
7,7,0.1,hydra,tshap_centroid,0.7777777777777778,0.875,0.012698412698412698,0.6246744501621702,0.5737845526079152,1,1,0.2127862900015316,0.02204930600055377,UWaveGestureLibraryZ,308
7,7,0.2,hydra,tshap_centroid,0.4318181818181818,0.6031746031746031,0.07936507936507936,1.200014961371717,1.0043515962935503,1,1,0.2127862900015316,0.02204930600055377,UWaveGestureLibraryZ,308
7,7,0.05,hydra,tshap_zero,0.0,0.0,0.050793650793650794,0.33049947173724714,0.2966201027427229,0,0,0.2127862900015316,0.024274068000522675,UWaveGestureLibraryZ,308
7,7,0.1,hydra,tshap_zero,0.45454545454545453,0.625,0.0380952380952381,0.6246744501621702,0.6272039272551484,1,1,0.2127862900015316,0.024274068000522675,UWaveGestureLibraryZ,308
7,7,0.2,hydra,tshap_zero,0.46511627906976744,0.6349206349206349,0.07301587301587302,1.200014961371717,0.9879860195475536,1,1,0.2127862900015316,0.024274068000522675,UWaveGestureLibraryZ,308
7,7,0.05,hydra,mrsqm,0.0,0.0,0.3968253968253968,0.33049947173724714,-0.06282302719673805,0,0,0.2127862900015316,2.448599843773991e-05,UWaveGestureLibraryZ,308
7,7,0.1,hydra,mrsqm,0.0,0.0,0.37777777777777777,0.6246744501621702,-0.066400031247289,1,0,0.2127862900015316,2.448599843773991e-05,UWaveGestureLibraryZ,308
7,7,0.2,hydra,mrsqm,0.0,0.0,0.2571428571428571,1.200014961371717,0.008771870586538721,1,0,0.2127862900015316,2.448599843773991e-05,UWaveGestureLibraryZ,308
7,7,0.05,shapley_sampling,feature_ablation,0.0,0.0,0.19047619047619047,-0.10150586588279054,-0.15900580251965124,0,0,1.0944380780019856,0.04750826700183097,UWaveGestureLibraryZ,308
7,7,0.1,shapley_sampling,feature_ablation,0.0,0.0,0.13968253968253969,-0.00846698912447974,-0.22008673661919564,0,0,1.0944380780019856,0.04750826700183097,UWaveGestureLibraryZ,308
7,7,0.2,shapley_sampling,feature_ablation,0.6578947368421053,0.7936507936507936,0.04126984126984127,0.08194227207410898,0.26911435397181105,0,0,1.0944380780019856,0.04750826700183097,UWaveGestureLibraryZ,308
7,7,0.05,shapley_sampling,tshap_centroid,0.0,0.0,0.3111111111111111,-0.10150586588279054,0.34841172251212793,0,0,1.0944380780019856,0.02204930600055377,UWaveGestureLibraryZ,308
7,7,0.1,shapley_sampling,tshap_centroid,0.0,0.0,0.346031746031746,-0.00846698912447974,0.5737845526079152,0,1,1.0944380780019856,0.02204930600055377,UWaveGestureLibraryZ,308
7,7,0.2,shapley_sampling,tshap_centroid,0.0,0.0,0.3746031746031746,0.08194227207410898,1.0043515962935503,0,1,1.0944380780019856,0.02204930600055377,UWaveGestureLibraryZ,308
7,7,0.05,shapley_sampling,tshap_zero,0.0,0.0,0.36507936507936506,-0.10150586588279054,0.2966201027427229,0,0,1.0944380780019856,0.024274068000522675,UWaveGestureLibraryZ,308
7,7,0.1,shapley_sampling,tshap_zero,0.0,0.0,0.37142857142857144,-0.00846698912447974,0.6272039272551484,0,1,1.0944380780019856,0.024274068000522675,UWaveGestureLibraryZ,308
7,7,0.2,shapley_sampling,tshap_zero,0.0,0.0,0.38095238095238093,0.08194227207410898,0.9879860195475536,0,1,1.0944380780019856,0.024274068000522675,UWaveGestureLibraryZ,308
7,7,0.05,shapley_sampling,mrsqm,0.0,0.0,0.7111111111111111,-0.10150586588279054,-0.06282302719673805,0,0,1.0944380780019856,2.448599843773991e-05,UWaveGestureLibraryZ,308
7,7,0.1,shapley_sampling,mrsqm,0.0,0.0,0.7111111111111111,-0.00846698912447974,-0.066400031247289,0,0,1.0944380780019856,2.448599843773991e-05,UWaveGestureLibraryZ,308
7,7,0.2,shapley_sampling,mrsqm,0.0,0.0,0.7111111111111111,0.08194227207410898,0.008771870586538721,0,0,1.0944380780019856,2.448599843773991e-05,UWaveGestureLibraryZ,308
7,7,0.05,feature_ablation,tshap_centroid,0.0,0.0,0.5015873015873016,-0.15900580251965124,0.34841172251212793,0,0,0.04750826700183097,0.02204930600055377,UWaveGestureLibraryZ,308
7,7,0.1,feature_ablation,tshap_centroid,0.0,0.0,0.4857142857142857,-0.22008673661919564,0.5737845526079152,0,1,0.04750826700183097,0.02204930600055377,UWaveGestureLibraryZ,308
7,7,0.2,feature_ablation,tshap_centroid,0.0,0.0,0.4158730158730159,0.26911435397181105,1.0043515962935503,0,1,0.04750826700183097,0.02204930600055377,UWaveGestureLibraryZ,308
7,7,0.05,feature_ablation,tshap_zero,0.0,0.0,0.5555555555555556,-0.15900580251965124,0.2966201027427229,0,0,0.04750826700183097,0.024274068000522675,UWaveGestureLibraryZ,308
7,7,0.1,feature_ablation,tshap_zero,0.0,0.0,0.5111111111111111,-0.22008673661919564,0.6272039272551484,0,1,0.04750826700183097,0.024274068000522675,UWaveGestureLibraryZ,308
7,7,0.2,feature_ablation,tshap_zero,0.0,0.0,0.4222222222222222,0.26911435397181105,0.9879860195475536,0,1,0.04750826700183097,0.024274068000522675,UWaveGestureLibraryZ,308
7,7,0.05,feature_ablation,mrsqm,0.0,0.0,0.9015873015873016,-0.15900580251965124,-0.06282302719673805,0,0,0.04750826700183097,2.448599843773991e-05,UWaveGestureLibraryZ,308
7,7,0.1,feature_ablation,mrsqm,0.0,0.0,0.8507936507936508,-0.22008673661919564,-0.066400031247289,0,0,0.04750826700183097,2.448599843773991e-05,UWaveGestureLibraryZ,308
7,7,0.2,feature_ablation,mrsqm,0.0,0.0,0.7523809523809524,0.26911435397181105,0.008771870586538721,0,0,0.04750826700183097,2.448599843773991e-05,UWaveGestureLibraryZ,308
7,7,0.05,tshap_centroid,tshap_zero,0.0,0.0,0.05396825396825397,0.34841172251212793,0.2966201027427229,0,0,0.02204930600055377,0.024274068000522675,UWaveGestureLibraryZ,308
7,7,0.1,tshap_centroid,tshap_zero,0.6,0.75,0.025396825396825397,0.5737845526079152,0.6272039272551484,1,1,0.02204930600055377,0.024274068000522675,UWaveGestureLibraryZ,308
7,7,0.2,tshap_centroid,tshap_zero,0.9384615384615385,0.9682539682539683,0.006349206349206349,1.0043515962935503,0.9879860195475536,1,1,0.02204930600055377,0.024274068000522675,UWaveGestureLibraryZ,308
7,7,0.05,tshap_centroid,mrsqm,0.0,0.0,0.4,0.34841172251212793,-0.06282302719673805,0,0,0.02204930600055377,2.448599843773991e-05,UWaveGestureLibraryZ,308
7,7,0.1,tshap_centroid,mrsqm,0.0,0.0,0.36507936507936506,0.5737845526079152,-0.066400031247289,1,0,0.02204930600055377,2.448599843773991e-05,UWaveGestureLibraryZ,308
7,7,0.2,tshap_centroid,mrsqm,0.0,0.0,0.33650793650793653,1.0043515962935503,0.008771870586538721,1,0,0.02204930600055377,2.448599843773991e-05,UWaveGestureLibraryZ,308
7,7,0.05,tshap_zero,mrsqm,0.0,0.0,0.346031746031746,0.2966201027427229,-0.06282302719673805,0,0,0.024274068000522675,2.448599843773991e-05,UWaveGestureLibraryZ,308
7,7,0.1,tshap_zero,mrsqm,0.0,0.0,0.3396825396825397,0.6272039272551484,-0.066400031247289,1,0,0.024274068000522675,2.448599843773991e-05,UWaveGestureLibraryZ,308
7,7,0.2,tshap_zero,mrsqm,0.0,0.0,0.33015873015873015,0.9879860195475536,0.008771870586538721,1,0,0.024274068000522675,2.448599843773991e-05,UWaveGestureLibraryZ,308
5,5,0.05,hydra,shapley_sampling,0.0,0.0,0.06349206349206349,0.3493644842372192,-0.05192137318602619,0,0,0.21503586099788663,1.0686377629972412,UWaveGestureLibraryZ,1605
5,5,0.1,hydra,shapley_sampling,0.0,0.0,0.36507936507936506,0.22294950010207026,0.364935654811096,0,0,0.21503586099788663,1.0686377629972412,UWaveGestureLibraryZ,1605
5,5,0.2,hydra,shapley_sampling,0.0,0.0,0.326984126984127,0.5812763894275678,0.5818274569591322,0,0,0.21503586099788663,1.0686377629972412,UWaveGestureLibraryZ,1605
5,5,0.05,hydra,feature_ablation,0.0,0.0,0.4126984126984127,0.3493644842372192,0.1644492147482557,0,0,0.21503586099788663,0.0470652420008264,UWaveGestureLibraryZ,1605
5,5,0.1,hydra,feature_ablation,0.0,0.0,0.4603174603174603,0.22294950010207026,0.21674639155625863,0,0,0.21503586099788663,0.0470652420008264,UWaveGestureLibraryZ,1605
5,5,0.2,hydra,feature_ablation,0.0,0.0,0.38412698412698415,0.5812763894275678,0.40191265252674335,0,0,0.21503586099788663,0.0470652420008264,UWaveGestureLibraryZ,1605
5,5,0.05,hydra,tshap_centroid,0.0,0.0,0.10793650793650794,0.3493644842372192,0.19605261277509767,0,0,0.21503586099788663,0.02266366300318623,UWaveGestureLibraryZ,1605
5,5,0.1,hydra,tshap_centroid,0.0,0.0,0.1111111111111111,0.22294950010207026,0.27224692470519307,0,0,0.21503586099788663,0.02266366300318623,UWaveGestureLibraryZ,1605
5,5,0.2,hydra,tshap_centroid,0.5,0.6666666666666666,0.06666666666666667,0.5812763894275678,0.8910918493596949,0,1,0.21503586099788663,0.02266366300318623,UWaveGestureLibraryZ,1605
5,5,0.05,hydra,tshap_zero,0.0,0.0,0.08571428571428572,0.3493644842372192,0.03568060165023379,0,0,0.21503586099788663,0.024078910999378422,UWaveGestureLibraryZ,1605
5,5,0.1,hydra,tshap_zero,0.0,0.0,0.10793650793650794,0.22294950010207026,0.26869681475605134,0,0,0.21503586099788663,0.024078910999378422,UWaveGestureLibraryZ,1605
5,5,0.2,hydra,tshap_zero,0.4482758620689655,0.6190476190476191,0.0761904761904762,0.5812763894275678,0.9618254698104678,0,1,0.21503586099788663,0.024078910999378422,UWaveGestureLibraryZ,1605
5,5,0.05,hydra,mrsqm,0.0,0.0,0.4444444444444444,0.3493644842372192,0.08655161332040695,0,0,0.21503586099788663,2.3755001166136935e-05,UWaveGestureLibraryZ,1605
5,5,0.1,hydra,mrsqm,0.0,0.0,0.3968253968253968,0.22294950010207026,0.0942716643755459,0,0,0.21503586099788663,2.3755001166136935e-05,UWaveGestureLibraryZ,1605
5,5,0.2,hydra,mrsqm,0.0,0.0,0.37777777777777777,0.5812763894275678,0.2711516598806638,0,0,0.21503586099788663,2.3755001166136935e-05,UWaveGestureLibraryZ,1605
5,5,0.05,shapley_sampling,feature_ablation,0.0,0.0,0.3492063492063492,-0.05192137318602619,0.1644492147482557,0,0,1.0686377629972412,0.0470652420008264,UWaveGestureLibraryZ,1605
5,5,0.1,shapley_sampling,feature_ablation,0.03225806451612903,0.0625,0.09523809523809523,0.364935654811096,0.21674639155625863,0,0,1.0686377629972412,0.0470652420008264,UWaveGestureLibraryZ,1605
5,5,0.2,shapley_sampling,feature_ablation,0.5555555555555556,0.7142857142857143,0.05714285714285714,0.5818274569591322,0.40191265252674335,0,0,1.0686377629972412,0.0470652420008264,UWaveGestureLibraryZ,1605
5,5,0.05,shapley_sampling,tshap_centroid,0.06666666666666667,0.125,0.044444444444444446,-0.05192137318602619,0.19605261277509767,0,0,1.0686377629972412,0.02266366300318623,UWaveGestureLibraryZ,1605
5,5,0.1,shapley_sampling,tshap_centroid,0.0,0.0,0.25396825396825395,0.364935654811096,0.27224692470519307,0,0,1.0686377629972412,0.02266366300318623,UWaveGestureLibraryZ,1605
5,5,0.2,shapley_sampling,tshap_centroid,0.0,0.0,0.26031746031746034,0.5818274569591322,0.8910918493596949,0,1,1.0686377629972412,0.02266366300318623,UWaveGestureLibraryZ,1605
5,5,0.05,shapley_sampling,tshap_zero,0.391304347826087,0.5625,0.022222222222222223,-0.05192137318602619,0.03568060165023379,0,0,1.0686377629972412,0.024078910999378422,UWaveGestureLibraryZ,1605
5,5,0.1,shapley_sampling,tshap_zero,0.0,0.0,0.2571428571428571,0.364935654811096,0.26869681475605134,0,0,1.0686377629972412,0.024078910999378422,UWaveGestureLibraryZ,1605
5,5,0.2,shapley_sampling,tshap_zero,0.0,0.0,0.2507936507936508,0.5818274569591322,0.9618254698104678,0,1,1.0686377629972412,0.024078910999378422,UWaveGestureLibraryZ,1605
5,5,0.05,shapley_sampling,mrsqm,0.0,0.0,0.5079365079365079,-0.05192137318602619,0.08655161332040695,0,0,1.0686377629972412,2.3755001166136935e-05,UWaveGestureLibraryZ,1605
5,5,0.1,shapley_sampling,mrsqm,0.0,0.0,0.7619047619047619,0.364935654811096,0.0942716643755459,0,0,1.0686377629972412,2.3755001166136935e-05,UWaveGestureLibraryZ,1605
5,5,0.2,shapley_sampling,mrsqm,0.0,0.0,0.7047619047619048,0.5818274569591322,0.2711516598806638,0,0,1.0686377629972412,2.3755001166136935e-05,UWaveGestureLibraryZ,1605
5,5,0.05,feature_ablation,tshap_centroid,0.0,0.0,0.3047619047619048,0.1644492147482557,0.19605261277509767,0,0,0.0470652420008264,0.02266366300318623,UWaveGestureLibraryZ,1605
5,5,0.1,feature_ablation,tshap_centroid,0.0,0.0,0.3492063492063492,0.21674639155625863,0.27224692470519307,0,0,0.0470652420008264,0.02266366300318623,UWaveGestureLibraryZ,1605
5,5,0.2,feature_ablation,tshap_centroid,0.0,0.0,0.31746031746031744,0.40191265252674335,0.8910918493596949,0,1,0.0470652420008264,0.02266366300318623,UWaveGestureLibraryZ,1605
5,5,0.05,feature_ablation,tshap_zero,0.0,0.0,0.326984126984127,0.1644492147482557,0.03568060165023379,0,0,0.0470652420008264,0.024078910999378422,UWaveGestureLibraryZ,1605
5,5,0.1,feature_ablation,tshap_zero,0.0,0.0,0.3523809523809524,0.21674639155625863,0.26869681475605134,0,0,0.0470652420008264,0.024078910999378422,UWaveGestureLibraryZ,1605
5,5,0.2,feature_ablation,tshap_zero,0.0,0.0,0.30793650793650795,0.40191265252674335,0.9618254698104678,0,1,0.0470652420008264,0.024078910999378422,UWaveGestureLibraryZ,1605
5,5,0.05,feature_ablation,mrsqm,0.0,0.0,0.8571428571428571,0.1644492147482557,0.08655161332040695,0,0,0.0470652420008264,2.3755001166136935e-05,UWaveGestureLibraryZ,1605
5,5,0.1,feature_ablation,mrsqm,0.0,0.0,0.8571428571428571,0.21674639155625863,0.0942716643755459,0,0,0.0470652420008264,2.3755001166136935e-05,UWaveGestureLibraryZ,1605
5,5,0.2,feature_ablation,mrsqm,0.0,0.0,0.7619047619047619,0.40191265252674335,0.2711516598806638,0,0,0.0470652420008264,2.3755001166136935e-05,UWaveGestureLibraryZ,1605
5,5,0.05,tshap_centroid,tshap_zero,0.391304347826087,0.5625,0.022222222222222223,0.19605261277509767,0.03568060165023379,0,0,0.02266366300318623,0.024078910999378422,UWaveGestureLibraryZ,1605
5,5,0.1,tshap_centroid,tshap_zero,0.9393939393939394,0.96875,0.0031746031746031746,0.27224692470519307,0.26869681475605134,0,0,0.02266366300318623,0.024078910999378422,UWaveGestureLibraryZ,1605
5,5,0.2,tshap_centroid,tshap_zero,0.9090909090909091,0.9523809523809523,0.009523809523809525,0.8910918493596949,0.9618254698104678,1,1,0.02266366300318623,0.024078910999378422,UWaveGestureLibraryZ,1605
5,5,0.05,tshap_centroid,mrsqm,0.0,0.0,0.5523809523809524,0.19605261277509767,0.08655161332040695,0,0,0.02266366300318623,2.3755001166136935e-05,UWaveGestureLibraryZ,1605
5,5,0.1,tshap_centroid,mrsqm,0.0,0.0,0.5079365079365079,0.27224692470519307,0.0942716643755459,0,0,0.02266366300318623,2.3755001166136935e-05,UWaveGestureLibraryZ,1605
5,5,0.2,tshap_centroid,mrsqm,0.0,0.0,0.4444444444444444,0.8910918493596949,0.2711516598806638,1,0,0.02266366300318623,2.3755001166136935e-05,UWaveGestureLibraryZ,1605
5,5,0.05,tshap_zero,mrsqm,0.0,0.0,0.5301587301587302,0.03568060165023379,0.08655161332040695,0,0,0.024078910999378422,2.3755001166136935e-05,UWaveGestureLibraryZ,1605
5,5,0.1,tshap_zero,mrsqm,0.0,0.0,0.5047619047619047,0.26869681475605134,0.0942716643755459,0,0,0.024078910999378422,2.3755001166136935e-05,UWaveGestureLibraryZ,1605
5,5,0.2,tshap_zero,mrsqm,0.0,0.0,0.45396825396825397,0.9618254698104678,0.2711516598806638,1,0,0.024078910999378422,2.3755001166136935e-05,UWaveGestureLibraryZ,1605
7,7,0.05,hydra,shapley_sampling,0.0,0.0,0.29523809523809524,-0.11316972247173407,0.3267954705649774,0,1,0.2110824989977118,1.0688218209979823,UWaveGestureLibraryZ,3050
7,7,0.1,hydra,shapley_sampling,0.0,0.0,0.25396825396825395,0.002917775251000454,0.6353149471863383,0,1,0.2110824989977118,1.0688218209979823,UWaveGestureLibraryZ,3050
7,7,0.2,hydra,shapley_sampling,0.13513513513513514,0.23809523809523808,0.1523809523809524,-0.17236287693075636,0.537745458409312,0,1,0.2110824989977118,1.0688218209979823,UWaveGestureLibraryZ,3050
7,7,0.05,hydra,feature_ablation,0.0,0.0,0.29523809523809524,-0.11316972247173407,0.32679546803170856,0,1,0.2110824989977118,0.05104887999914354,UWaveGestureLibraryZ,3050
7,7,0.1,hydra,feature_ablation,0.0,0.0,0.25396825396825395,0.002917775251000454,0.6353149402108411,0,1,0.2110824989977118,0.05104887999914354,UWaveGestureLibraryZ,3050
7,7,0.2,hydra,feature_ablation,0.0,0.0,0.2,-0.17236287693075636,0.7514091027147117,0,1,0.2110824989977118,0.05104887999914354,UWaveGestureLibraryZ,3050
7,7,0.05,hydra,tshap_centroid,0.0,0.0,0.45396825396825397,-0.11316972247173407,0.40754973283124135,0,0,0.2110824989977118,0.02126676099942415,UWaveGestureLibraryZ,3050
7,7,0.1,hydra,tshap_centroid,0.0,0.0,0.43492063492063493,0.002917775251000454,0.798114094174286,0,1,0.2110824989977118,0.02126676099942415,UWaveGestureLibraryZ,3050
7,7,0.2,hydra,tshap_centroid,0.0,0.0,0.34285714285714286,-0.17236287693075636,1.136228585946254,0,1,0.2110824989977118,0.02126676099942415,UWaveGestureLibraryZ,3050
7,7,0.05,hydra,tshap_zero,0.0,0.0,0.4603174603174603,-0.11316972247173407,0.45226172433551765,0,0,0.2110824989977118,0.023923767999804113,UWaveGestureLibraryZ,3050
7,7,0.1,hydra,tshap_zero,0.0,0.0,0.44126984126984126,0.002917775251000454,0.7528861834812144,0,1,0.2110824989977118,0.023923767999804113,UWaveGestureLibraryZ,3050
7,7,0.2,hydra,tshap_zero,0.0,0.0,0.346031746031746,-0.17236287693075636,1.1298027447229935,0,1,0.2110824989977118,0.023923767999804113,UWaveGestureLibraryZ,3050
7,7,0.05,hydra,mrsqm,0.6842105263157895,0.8125,0.009523809523809525,-0.11316972247173407,-0.029945567636527448,0,0,0.2110824989977118,2.4256001779576764e-05,UWaveGestureLibraryZ,3050
7,7,0.1,hydra,mrsqm,1.0,1.0,0.0,0.002917775251000454,0.002917782114503664,0,0,0.2110824989977118,2.4256001779576764e-05,UWaveGestureLibraryZ,3050
7,7,0.2,hydra,mrsqm,0.96875,0.9841269841269841,0.0031746031746031746,-0.17236287693075636,-0.10864881028410744,0,0,0.2110824989977118,2.4256001779576764e-05,UWaveGestureLibraryZ,3050
7,7,0.05,shapley_sampling,feature_ablation,1.0,1.0,0.0,0.3267954705649774,0.32679546803170856,1,1,1.0688218209979823,0.05104887999914354,UWaveGestureLibraryZ,3050
7,7,0.1,shapley_sampling,feature_ablation,1.0,1.0,0.0,0.6353149471863383,0.6353149402108411,1,1,1.0688218209979823,0.05104887999914354,UWaveGestureLibraryZ,3050
7,7,0.2,shapley_sampling,feature_ablation,0.6153846153846154,0.7619047619047619,0.047619047619047616,0.537745458409312,0.7514091027147117,1,1,1.0688218209979823,0.05104887999914354,UWaveGestureLibraryZ,3050
7,7,0.05,shapley_sampling,tshap_centroid,0.0,0.0,0.15873015873015872,0.3267954705649774,0.40754973283124135,1,0,1.0688218209979823,0.02126676099942415,UWaveGestureLibraryZ,3050
7,7,0.1,shapley_sampling,tshap_centroid,0.0,0.0,0.18095238095238095,0.6353149471863383,0.798114094174286,1,1,1.0688218209979823,0.02126676099942415,UWaveGestureLibraryZ,3050
7,7,0.2,shapley_sampling,tshap_centroid,0.024390243902439025,0.047619047619047616,0.19047619047619047,0.537745458409312,1.136228585946254,1,1,1.0688218209979823,0.02126676099942415,UWaveGestureLibraryZ,3050
7,7,0.05,shapley_sampling,tshap_zero,0.0,0.0,0.16507936507936508,0.3267954705649774,0.45226172433551765,1,0,1.0688218209979823,0.023923767999804113,UWaveGestureLibraryZ,3050
7,7,0.1,shapley_sampling,tshap_zero,0.0,0.0,0.1873015873015873,0.6353149471863383,0.7528861834812144,1,1,1.0688218209979823,0.023923767999804113,UWaveGestureLibraryZ,3050
7,7,0.2,shapley_sampling,tshap_zero,0.016129032258064516,0.031746031746031744,0.19365079365079366,0.537745458409312,1.1298027447229935,1,1,1.0688218209979823,0.023923767999804113,UWaveGestureLibraryZ,3050
7,7,0.05,shapley_sampling,mrsqm,0.0,0.0,0.3047619047619048,0.3267954705649774,-0.029945567636527448,1,0,1.0688218209979823,2.4256001779576764e-05,UWaveGestureLibraryZ,3050
7,7,0.1,shapley_sampling,mrsqm,0.0,0.0,0.25396825396825395,0.6353149471863383,0.002917782114503664,1,0,1.0688218209979823,2.4256001779576764e-05,UWaveGestureLibraryZ,3050
7,7,0.2,shapley_sampling,mrsqm,0.125,0.2222222222222222,0.15555555555555556,0.537745458409312,-0.10864881028410744,1,0,1.0688218209979823,2.4256001779576764e-05,UWaveGestureLibraryZ,3050
7,7,0.05,feature_ablation,tshap_centroid,0.0,0.0,0.15873015873015872,0.32679546803170856,0.40754973283124135,1,0,0.05104887999914354,0.02126676099942415,UWaveGestureLibraryZ,3050
7,7,0.1,feature_ablation,tshap_centroid,0.0,0.0,0.18095238095238095,0.6353149402108411,0.798114094174286,1,1,0.05104887999914354,0.02126676099942415,UWaveGestureLibraryZ,3050
7,7,0.2,feature_ablation,tshap_centroid,0.16666666666666666,0.2857142857142857,0.14285714285714285,0.7514091027147117,1.136228585946254,1,1,0.05104887999914354,0.02126676099942415,UWaveGestureLibraryZ,3050
7,7,0.05,feature_ablation,tshap_zero,0.0,0.0,0.16507936507936508,0.32679546803170856,0.45226172433551765,1,0,0.05104887999914354,0.023923767999804113,UWaveGestureLibraryZ,3050
7,7,0.1,feature_ablation,tshap_zero,0.0,0.0,0.1873015873015873,0.6353149402108411,0.7528861834812144,1,1,0.05104887999914354,0.023923767999804113,UWaveGestureLibraryZ,3050
7,7,0.2,feature_ablation,tshap_zero,0.1559633027522936,0.2698412698412698,0.14603174603174604,0.7514091027147117,1.1298027447229935,1,1,0.05104887999914354,0.023923767999804113,UWaveGestureLibraryZ,3050
7,7,0.05,feature_ablation,mrsqm,0.0,0.0,0.3047619047619048,0.32679546803170856,-0.029945567636527448,1,0,0.05104887999914354,2.4256001779576764e-05,UWaveGestureLibraryZ,3050
7,7,0.1,feature_ablation,mrsqm,0.0,0.0,0.25396825396825395,0.6353149402108411,0.002917782114503664,1,0,0.05104887999914354,2.4256001779576764e-05,UWaveGestureLibraryZ,3050
7,7,0.2,feature_ablation,mrsqm,0.0,0.0,0.20317460317460317,0.7514091027147117,-0.10864881028410744,1,0,0.05104887999914354,2.4256001779576764e-05,UWaveGestureLibraryZ,3050
7,7,0.05,tshap_centroid,tshap_zero,0.7777777777777778,0.875,0.006349206349206349,0.40754973283124135,0.45226172433551765,0,0,0.02126676099942415,0.023923767999804113,UWaveGestureLibraryZ,3050
7,7,0.1,tshap_centroid,tshap_zero,0.8823529411764706,0.9375,0.006349206349206349,0.798114094174286,0.7528861834812144,1,1,0.02126676099942415,0.023923767999804113,UWaveGestureLibraryZ,3050
7,7,0.2,tshap_centroid,tshap_zero,0.96875,0.9841269841269841,0.0031746031746031746,1.136228585946254,1.1298027447229935,1,1,0.02126676099942415,0.023923767999804113,UWaveGestureLibraryZ,3050
7,7,0.05,tshap_centroid,mrsqm,0.0,0.0,0.4634920634920635,0.40754973283124135,-0.029945567636527448,0,0,0.02126676099942415,2.4256001779576764e-05,UWaveGestureLibraryZ,3050
7,7,0.1,tshap_centroid,mrsqm,0.0,0.0,0.43492063492063493,0.798114094174286,0.002917782114503664,1,0,0.02126676099942415,2.4256001779576764e-05,UWaveGestureLibraryZ,3050
7,7,0.2,tshap_centroid,mrsqm,0.0,0.0,0.346031746031746,1.136228585946254,-0.10864881028410744,1,0,0.02126676099942415,2.4256001779576764e-05,UWaveGestureLibraryZ,3050
7,7,0.05,tshap_zero,mrsqm,0.0,0.0,0.46984126984126984,0.45226172433551765,-0.029945567636527448,0,0,0.023923767999804113,2.4256001779576764e-05,UWaveGestureLibraryZ,3050
7,7,0.1,tshap_zero,mrsqm,0.0,0.0,0.44126984126984126,0.7528861834812144,0.002917782114503664,1,0,0.023923767999804113,2.4256001779576764e-05,UWaveGestureLibraryZ,3050
7,7,0.2,tshap_zero,mrsqm,0.0,0.0,0.3492063492063492,1.1298027447229935,-0.10864881028410744,1,0,0.023923767999804113,2.4256001779576764e-05,UWaveGestureLibraryZ,3050
4,4,0.05,hydra,shapley_sampling,0.0,0.0,0.692063492063492,0.7053643796879294,0.07139904233576044,0,0,0.20906215200011502,1.0707349160002195,UWaveGestureLibraryZ,334
4,4,0.1,hydra,shapley_sampling,0.0,0.0,0.2,0.9509529921180189,0.49902846564737446,0,0,0.20906215200011502,1.0707349160002195,UWaveGestureLibraryZ,334
4,4,0.2,hydra,shapley_sampling,0.38461538461538464,0.5555555555555556,0.08888888888888889,0.9371499950651752,0.7623435266721719,0,0,0.20906215200011502,1.0707349160002195,UWaveGestureLibraryZ,334
4,4,0.05,hydra,feature_ablation,0.0,0.0,0.20952380952380953,0.7053643796879294,0.45609397057444645,0,0,0.20906215200011502,0.0486036319998675,UWaveGestureLibraryZ,334
4,4,0.1,hydra,feature_ablation,0.0,0.0,0.2,0.9509529921180189,0.4990284648850416,0,0,0.20906215200011502,0.0486036319998675,UWaveGestureLibraryZ,334
4,4,0.2,hydra,feature_ablation,0.4318181818181818,0.6031746031746031,0.07936507936507936,0.9371499950651752,0.7633396084033482,0,0,0.20906215200011502,0.0486036319998675,UWaveGestureLibraryZ,334
4,4,0.05,hydra,tshap_centroid,0.0,0.0,0.05714285714285714,0.7053643796879294,0.6060132109121319,0,0,0.20906215200011502,0.026717624001321383,UWaveGestureLibraryZ,334
4,4,0.1,hydra,tshap_centroid,0.4222222222222222,0.59375,0.04126984126984127,0.9509529921180189,0.8705901670525201,0,0,0.20906215200011502,0.026717624001321383,UWaveGestureLibraryZ,334
4,4,0.2,hydra,tshap_centroid,0.2727272727272727,0.42857142857142855,0.11428571428571428,0.9371499950651752,0.9425809698608396,0,0,0.20906215200011502,0.026717624001321383,UWaveGestureLibraryZ,334
4,4,0.05,hydra,tshap_zero,0.06666666666666667,0.125,0.044444444444444446,0.7053643796879294,0.6721200300284784,0,0,0.20906215200011502,0.027812447002361296,UWaveGestureLibraryZ,334
4,4,0.1,hydra,tshap_zero,0.5238095238095238,0.6875,0.031746031746031744,0.9509529921180189,0.9168995836612774,0,0,0.20906215200011502,0.027812447002361296,UWaveGestureLibraryZ,334
4,4,0.2,hydra,tshap_zero,0.2727272727272727,0.42857142857142855,0.11428571428571428,0.9371499950651752,0.9425809762025796,0,0,0.20906215200011502,0.027812447002361296,UWaveGestureLibraryZ,334
4,4,0.05,hydra,mrsqm,0.0,0.0,0.692063492063492,0.7053643796879294,0.07139904190259139,0,0,0.20906215200011502,0.0001288720013690181,UWaveGestureLibraryZ,334
4,4,0.1,hydra,mrsqm,0.0,0.0,0.6507936507936508,0.9509529921180189,0.07665727626878627,0,0,0.20906215200011502,0.0001288720013690181,UWaveGestureLibraryZ,334
4,4,0.2,hydra,mrsqm,0.0,0.0,0.6730158730158731,0.9371499950651752,-0.012932022953187072,0,0,0.20906215200011502,0.0001288720013690181,UWaveGestureLibraryZ,334
4,4,0.05,shapley_sampling,feature_ablation,0.0,0.0,0.9015873015873016,0.07139904233576044,0.45609397057444645,0,0,1.0707349160002195,0.0486036319998675,UWaveGestureLibraryZ,334
4,4,0.1,shapley_sampling,feature_ablation,1.0,1.0,0.0,0.49902846564737446,0.4990284648850416,0,0,1.0707349160002195,0.0486036319998675,UWaveGestureLibraryZ,334
4,4,0.2,shapley_sampling,feature_ablation,0.9090909090909091,0.9523809523809523,0.009523809523809525,0.7623435266721719,0.7633396084033482,0,0,1.0707349160002195,0.0486036319998675,UWaveGestureLibraryZ,334
4,4,0.05,shapley_sampling,tshap_centroid,0.0,0.0,0.6349206349206349,0.07139904233576044,0.6060132109121319,0,0,1.0707349160002195,0.026717624001321383,UWaveGestureLibraryZ,334
4,4,0.1,shapley_sampling,tshap_centroid,0.0,0.0,0.24126984126984127,0.49902846564737446,0.8705901670525201,0,0,1.0707349160002195,0.026717624001321383,UWaveGestureLibraryZ,334
4,4,0.2,shapley_sampling,tshap_centroid,0.0,0.0,0.20317460317460317,0.7623435266721719,0.9425809698608396,0,0,1.0707349160002195,0.026717624001321383,UWaveGestureLibraryZ,334
4,4,0.05,shapley_sampling,tshap_zero,0.0,0.0,0.6476190476190476,0.07139904233576044,0.6721200300284784,0,0,1.0707349160002195,0.027812447002361296,UWaveGestureLibraryZ,334
4,4,0.1,shapley_sampling,tshap_zero,0.0,0.0,0.23174603174603176,0.49902846564737446,0.9168995836612774,0,0,1.0707349160002195,0.027812447002361296,UWaveGestureLibraryZ,334
4,4,0.2,shapley_sampling,tshap_zero,0.0,0.0,0.20317460317460317,0.7623435266721719,0.9425809762025796,0,0,1.0707349160002195,0.027812447002361296,UWaveGestureLibraryZ,334
4,4,0.05,shapley_sampling,mrsqm,1.0,1.0,0.0,0.07139904233576044,0.07139904190259139,0,0,1.0707349160002195,0.0001288720013690181,UWaveGestureLibraryZ,334
4,4,0.1,shapley_sampling,mrsqm,0.0,0.0,0.8507936507936508,0.49902846564737446,0.07665727626878627,0,0,1.0707349160002195,0.0001288720013690181,UWaveGestureLibraryZ,334
4,4,0.2,shapley_sampling,mrsqm,0.0,0.0,0.7619047619047619,0.7623435266721719,-0.012932022953187072,0,0,1.0707349160002195,0.0001288720013690181,UWaveGestureLibraryZ,334
4,4,0.05,feature_ablation,tshap_centroid,0.0,0.0,0.26666666666666666,0.45609397057444645,0.6060132109121319,0,0,0.0486036319998675,0.026717624001321383,UWaveGestureLibraryZ,334
4,4,0.1,feature_ablation,tshap_centroid,0.0,0.0,0.24126984126984127,0.4990284648850416,0.8705901670525201,0,0,0.0486036319998675,0.026717624001321383,UWaveGestureLibraryZ,334
4,4,0.2,feature_ablation,tshap_centroid,0.016129032258064516,0.031746031746031744,0.19365079365079366,0.7633396084033482,0.9425809698608396,0,0,0.0486036319998675,0.026717624001321383,UWaveGestureLibraryZ,334
4,4,0.05,feature_ablation,tshap_zero,0.0,0.0,0.25396825396825395,0.45609397057444645,0.6721200300284784,0,0,0.0486036319998675,0.027812447002361296,UWaveGestureLibraryZ,334
4,4,0.1,feature_ablation,tshap_zero,0.0,0.0,0.23174603174603176,0.4990284648850416,0.9168995836612774,0,0,0.0486036319998675,0.027812447002361296,UWaveGestureLibraryZ,334
4,4,0.2,feature_ablation,tshap_zero,0.016129032258064516,0.031746031746031744,0.19365079365079366,0.7633396084033482,0.9425809762025796,0,0,0.0486036319998675,0.027812447002361296,UWaveGestureLibraryZ,334
4,4,0.05,feature_ablation,mrsqm,0.0,0.0,0.9015873015873016,0.45609397057444645,0.07139904190259139,0,0,0.0486036319998675,0.0001288720013690181,UWaveGestureLibraryZ,334
4,4,0.1,feature_ablation,mrsqm,0.0,0.0,0.8507936507936508,0.4990284648850416,0.07665727626878627,0,0,0.0486036319998675,0.0001288720013690181,UWaveGestureLibraryZ,334
4,4,0.2,feature_ablation,mrsqm,0.0,0.0,0.7523809523809524,0.7633396084033482,-0.012932022953187072,0,0,0.0486036319998675,0.0001288720013690181,UWaveGestureLibraryZ,334
4,4,0.05,tshap_centroid,tshap_zero,0.6,0.75,0.012698412698412698,0.6060132109121319,0.6721200300284784,0,0,0.026717624001321383,0.027812447002361296,UWaveGestureLibraryZ,334
4,4,0.1,tshap_centroid,tshap_zero,0.8285714285714286,0.90625,0.009523809523809525,0.8705901670525201,0.9168995836612774,0,0,0.026717624001321383,0.027812447002361296,UWaveGestureLibraryZ,334
4,4,0.2,tshap_centroid,tshap_zero,1.0,1.0,0.0,0.9425809698608396,0.9425809762025796,0,0,0.026717624001321383,0.027812447002361296,UWaveGestureLibraryZ,334
4,4,0.05,tshap_centroid,mrsqm,0.0,0.0,0.6349206349206349,0.6060132109121319,0.07139904190259139,0,0,0.026717624001321383,0.0001288720013690181,UWaveGestureLibraryZ,334
4,4,0.1,tshap_centroid,mrsqm,0.0,0.0,0.6095238095238096,0.8705901670525201,0.07665727626878627,0,0,0.026717624001321383,0.0001288720013690181,UWaveGestureLibraryZ,334
4,4,0.2,tshap_centroid,mrsqm,0.0,0.0,0.5587301587301587,0.9425809698608396,-0.012932022953187072,0,0,0.026717624001321383,0.0001288720013690181,UWaveGestureLibraryZ,334
4,4,0.05,tshap_zero,mrsqm,0.0,0.0,0.6476190476190476,0.6721200300284784,0.07139904190259139,0,0,0.027812447002361296,0.0001288720013690181,UWaveGestureLibraryZ,334
4,4,0.1,tshap_zero,mrsqm,0.0,0.0,0.6190476190476191,0.9168995836612774,0.07665727626878627,0,0,0.027812447002361296,0.0001288720013690181,UWaveGestureLibraryZ,334
4,4,0.2,tshap_zero,mrsqm,0.0,0.0,0.5587301587301587,0.9425809762025796,-0.012932022953187072,0,0,0.027812447002361296,0.0001288720013690181,UWaveGestureLibraryZ,334
5,5,0.05,hydra,shapley_sampling,0.0,0.0,0.2126984126984127,0.00717026262049103,0.28555572330839185,0,0,0.20657929200024228,1.0399630009997054,UWaveGestureLibraryZ,2619
5,5,0.1,hydra,shapley_sampling,0.0,0.0,0.2222222222222222,0.05454204271240659,0.2500008523361197,0,0,0.20657929200024228,1.0399630009997054,UWaveGestureLibraryZ,2619
5,5,0.2,hydra,shapley_sampling,0.2,0.3333333333333333,0.13333333333333333,0.2984307977790037,0.3949776000497809,0,0,0.20657929200024228,1.0399630009997054,UWaveGestureLibraryZ,2619
5,5,0.05,hydra,feature_ablation,0.0,0.0,0.2126984126984127,0.00717026262049103,0.2855557076294364,0,0,0.20657929200024228,0.043619007999950554,UWaveGestureLibraryZ,2619
5,5,0.1,hydra,feature_ablation,0.0,0.0,0.2222222222222222,0.05454204271240659,0.2500008581308091,0,0,0.20657929200024228,0.043619007999950554,UWaveGestureLibraryZ,2619
5,5,0.2,hydra,feature_ablation,0.2,0.3333333333333333,0.13333333333333333,0.2984307977790037,0.39497759671007393,0,0,0.20657929200024228,0.043619007999950554,UWaveGestureLibraryZ,2619
5,5,0.05,hydra,tshap_centroid,0.0,0.0,0.5015873015873016,0.00717026262049103,0.2058233494574231,0,0,0.20657929200024228,0.024379628001042875,UWaveGestureLibraryZ,2619
5,5,0.1,hydra,tshap_centroid,0.0,0.0,0.4888888888888889,0.05454204271240659,0.3939602067561394,0,0,0.20657929200024228,0.024379628001042875,UWaveGestureLibraryZ,2619
5,5,0.2,hydra,tshap_centroid,0.0,0.0,0.45714285714285713,0.2984307977790037,1.0616316912874448,0,1,0.20657929200024228,0.024379628001042875,UWaveGestureLibraryZ,2619
5,5,0.05,hydra,tshap_zero,0.0,0.0,0.4984126984126984,0.00717026262049103,0.21428671996352167,0,0,0.20657929200024228,0.026018095999461366,UWaveGestureLibraryZ,2619
5,5,0.1,hydra,tshap_zero,0.0,0.0,0.4857142857142857,0.05454204271240659,0.4090624944808612,0,0,0.20657929200024228,0.026018095999461366,UWaveGestureLibraryZ,2619
5,5,0.2,hydra,tshap_zero,0.0,0.0,0.45714285714285713,0.2984307977790037,1.0616316892583462,0,1,0.20657929200024228,0.026018095999461366,UWaveGestureLibraryZ,2619
5,5,0.05,hydra,mrsqm,0.0,0.0,0.9238095238095239,0.00717026262049103,0.23031488886579443,0,0,0.20657929200024228,2.45769988396205e-05,UWaveGestureLibraryZ,2619
5,5,0.1,hydra,mrsqm,0.0,0.0,0.8825396825396825,0.05454204271240659,0.14576201892061724,0,0,0.20657929200024228,2.45769988396205e-05,UWaveGestureLibraryZ,2619
5,5,0.2,hydra,mrsqm,0.0,0.0,0.7936507936507936,0.2984307977790037,-0.06561279942636078,0,0,0.20657929200024228,2.45769988396205e-05,UWaveGestureLibraryZ,2619
5,5,0.05,shapley_sampling,feature_ablation,1.0,1.0,0.0,0.28555572330839185,0.2855557076294364,0,0,1.0399630009997054,0.043619007999950554,UWaveGestureLibraryZ,2619
5,5,0.1,shapley_sampling,feature_ablation,1.0,1.0,0.0,0.2500008523361197,0.2500008581308091,0,0,1.0399630009997054,0.043619007999950554,UWaveGestureLibraryZ,2619
5,5,0.2,shapley_sampling,feature_ablation,1.0,1.0,0.0,0.3949776000497809,0.39497759671007393,0,0,1.0399630009997054,0.043619007999950554,UWaveGestureLibraryZ,2619
5,5,0.05,shapley_sampling,tshap_centroid,0.0,0.0,0.28888888888888886,0.28555572330839185,0.2058233494574231,0,0,1.0399630009997054,0.024379628001042875,UWaveGestureLibraryZ,2619
5,5,0.1,shapley_sampling,tshap_centroid,0.0,0.0,0.26666666666666666,0.2500008523361197,0.3939602067561394,0,0,1.0399630009997054,0.024379628001042875,UWaveGestureLibraryZ,2619
5,5,0.2,shapley_sampling,tshap_centroid,0.0,0.0,0.3238095238095238,0.3949776000497809,1.0616316912874448,0,1,1.0399630009997054,0.024379628001042875,UWaveGestureLibraryZ,2619
5,5,0.05,shapley_sampling,tshap_zero,0.0,0.0,0.2857142857142857,0.28555572330839185,0.21428671996352167,0,0,1.0399630009997054,0.026018095999461366,UWaveGestureLibraryZ,2619
5,5,0.1,shapley_sampling,tshap_zero,0.0,0.0,0.2634920634920635,0.2500008523361197,0.4090624944808612,0,0,1.0399630009997054,0.026018095999461366,UWaveGestureLibraryZ,2619
5,5,0.2,shapley_sampling,tshap_zero,0.0,0.0,0.3238095238095238,0.3949776000497809,1.0616316892583462,0,1,1.0399630009997054,0.026018095999461366,UWaveGestureLibraryZ,2619
5,5,0.05,shapley_sampling,mrsqm,0.0,0.0,0.7111111111111111,0.28555572330839185,0.23031488886579443,0,0,1.0399630009997054,2.45769988396205e-05,UWaveGestureLibraryZ,2619
5,5,0.1,shapley_sampling,mrsqm,0.0,0.0,0.6603174603174603,0.2500008523361197,0.14576201892061724,0,0,1.0399630009997054,2.45769988396205e-05,UWaveGestureLibraryZ,2619
5,5,0.2,shapley_sampling,mrsqm,0.0,0.0,0.6603174603174603,0.3949776000497809,-0.06561279942636078,0,0,1.0399630009997054,2.45769988396205e-05,UWaveGestureLibraryZ,2619
5,5,0.05,feature_ablation,tshap_centroid,0.0,0.0,0.28888888888888886,0.2855557076294364,0.2058233494574231,0,0,0.043619007999950554,0.024379628001042875,UWaveGestureLibraryZ,2619
5,5,0.1,feature_ablation,tshap_centroid,0.0,0.0,0.26666666666666666,0.2500008581308091,0.3939602067561394,0,0,0.043619007999950554,0.024379628001042875,UWaveGestureLibraryZ,2619
5,5,0.2,feature_ablation,tshap_centroid,0.0,0.0,0.3238095238095238,0.39497759671007393,1.0616316912874448,0,1,0.043619007999950554,0.024379628001042875,UWaveGestureLibraryZ,2619
5,5,0.05,feature_ablation,tshap_zero,0.0,0.0,0.2857142857142857,0.2855557076294364,0.21428671996352167,0,0,0.043619007999950554,0.026018095999461366,UWaveGestureLibraryZ,2619
5,5,0.1,feature_ablation,tshap_zero,0.0,0.0,0.2634920634920635,0.2500008581308091,0.4090624944808612,0,0,0.043619007999950554,0.026018095999461366,UWaveGestureLibraryZ,2619
5,5,0.2,feature_ablation,tshap_zero,0.0,0.0,0.3238095238095238,0.39497759671007393,1.0616316892583462,0,1,0.043619007999950554,0.026018095999461366,UWaveGestureLibraryZ,2619
5,5,0.05,feature_ablation,mrsqm,0.0,0.0,0.7111111111111111,0.2855557076294364,0.23031488886579443,0,0,0.043619007999950554,2.45769988396205e-05,UWaveGestureLibraryZ,2619
5,5,0.1,feature_ablation,mrsqm,0.0,0.0,0.6603174603174603,0.2500008581308091,0.14576201892061724,0,0,0.043619007999950554,2.45769988396205e-05,UWaveGestureLibraryZ,2619
5,5,0.2,feature_ablation,mrsqm,0.0,0.0,0.6603174603174603,0.39497759671007393,-0.06561279942636078,0,0,0.043619007999950554,2.45769988396205e-05,UWaveGestureLibraryZ,2619
5,5,0.05,tshap_centroid,tshap_zero,0.8823529411764706,0.9375,0.0031746031746031746,0.2058233494574231,0.21428671996352167,0,0,0.024379628001042875,0.026018095999461366,UWaveGestureLibraryZ,2619
5,5,0.1,tshap_centroid,tshap_zero,0.9393939393939394,0.96875,0.0031746031746031746,0.3939602067561394,0.4090624944808612,0,0,0.024379628001042875,0.026018095999461366,UWaveGestureLibraryZ,2619
5,5,0.2,tshap_centroid,tshap_zero,1.0,1.0,0.0,1.0616316912874448,1.0616316892583462,1,1,0.024379628001042875,0.026018095999461366,UWaveGestureLibraryZ,2619
5,5,0.05,tshap_centroid,mrsqm,0.0,0.0,0.4222222222222222,0.2058233494574231,0.23031488886579443,0,0,0.024379628001042875,2.45769988396205e-05,UWaveGestureLibraryZ,2619
5,5,0.1,tshap_centroid,mrsqm,0.0,0.0,0.39365079365079364,0.3939602067561394,0.14576201892061724,0,0,0.024379628001042875,2.45769988396205e-05,UWaveGestureLibraryZ,2619
5,5,0.2,tshap_centroid,mrsqm,0.0,0.0,0.33650793650793653,1.0616316912874448,-0.06561279942636078,1,0,0.024379628001042875,2.45769988396205e-05,UWaveGestureLibraryZ,2619
5,5,0.05,tshap_zero,mrsqm,0.0,0.0,0.4253968253968254,0.21428671996352167,0.23031488886579443,0,0,0.026018095999461366,2.45769988396205e-05,UWaveGestureLibraryZ,2619
5,5,0.1,tshap_zero,mrsqm,0.0,0.0,0.3968253968253968,0.4090624944808612,0.14576201892061724,0,0,0.026018095999461366,2.45769988396205e-05,UWaveGestureLibraryZ,2619
5,5,0.2,tshap_zero,mrsqm,0.0,0.0,0.33650793650793653,1.0616316892583462,-0.06561279942636078,1,0,0.026018095999461366,2.45769988396205e-05,UWaveGestureLibraryZ,2619
4,4,0.05,hydra,shapley_sampling,0.6,0.75,0.012698412698412698,0.5787146215415648,0.5390652897701644,0,0,0.20418254600008368,1.0348676979992888,UWaveGestureLibraryZ,2797
4,4,0.1,hydra,shapley_sampling,0.0,0.0,0.15555555555555556,0.7002975139805219,0.8132724330689522,0,0,0.20418254600008368,1.0348676979992888,UWaveGestureLibraryZ,2797
4,4,0.2,hydra,shapley_sampling,0.0,0.0,0.23809523809523808,0.6622743126121226,0.7949493669690634,0,0,0.20418254600008368,1.0348676979992888,UWaveGestureLibraryZ,2797
4,4,0.05,hydra,feature_ablation,0.0,0.0,0.22857142857142856,0.5787146215415648,0.5321094144668652,0,0,0.20418254600008368,0.04589193100036937,UWaveGestureLibraryZ,2797
4,4,0.1,hydra,feature_ablation,0.4883720930232558,0.65625,0.03492063492063492,0.7002975139805219,0.6852997195023507,0,0,0.20418254600008368,0.04589193100036937,UWaveGestureLibraryZ,2797
4,4,0.2,hydra,feature_ablation,0.6153846153846154,0.7619047619047619,0.047619047619047616,0.6622743126121226,0.8572934548709469,0,0,0.20418254600008368,0.04589193100036937,UWaveGestureLibraryZ,2797
4,4,0.05,hydra,tshap_centroid,0.0,0.0,0.09206349206349207,0.5787146215415648,0.2528837960596728,0,0,0.20418254600008368,0.021811497001181124,UWaveGestureLibraryZ,2797
4,4,0.1,hydra,tshap_centroid,0.0,0.0,0.27936507936507937,0.7002975139805219,0.34715986417638933,0,0,0.20418254600008368,0.021811497001181124,UWaveGestureLibraryZ,2797
4,4,0.2,hydra,tshap_centroid,0.0,0.0,0.31746031746031744,0.6622743126121226,0.7591370397708914,0,0,0.20418254600008368,0.021811497001181124,UWaveGestureLibraryZ,2797
4,4,0.05,hydra,tshap_zero,0.0,0.0,0.20952380952380953,0.5787146215415648,0.40518398770442965,0,0,0.20418254600008368,0.023871159999544034,UWaveGestureLibraryZ,2797
4,4,0.1,hydra,tshap_zero,0.0,0.0,0.38095238095238093,0.7002975139805219,0.6167292776309459,0,0,0.20418254600008368,0.023871159999544034,UWaveGestureLibraryZ,2797
4,4,0.2,hydra,tshap_zero,0.0,0.0,0.4,0.6622743126121226,0.8256972402872975,0,0,0.20418254600008368,0.023871159999544034,UWaveGestureLibraryZ,2797
4,4,0.05,hydra,mrsqm,0.0,0.0,0.6730158730158731,0.5787146215415648,-0.026810275490531943,0,0,0.20418254600008368,2.3395001335302368e-05,UWaveGestureLibraryZ,2797
4,4,0.1,hydra,mrsqm,0.0,0.0,0.8158730158730159,0.7002975139805219,-0.005276933193877342,0,0,0.20418254600008368,2.3395001335302368e-05,UWaveGestureLibraryZ,2797
4,4,0.2,hydra,mrsqm,0.0,0.0,0.8,0.6622743126121226,-0.05058464374800553,0,0,0.20418254600008368,2.3395001335302368e-05,UWaveGestureLibraryZ,2797
4,4,0.05,shapley_sampling,feature_ablation,0.0,0.0,0.24126984126984127,0.5390652897701644,0.5321094144668652,0,0,1.0348676979992888,0.04589193100036937,UWaveGestureLibraryZ,2797
4,4,0.1,shapley_sampling,feature_ablation,0.0,0.0,0.19047619047619047,0.8132724330689522,0.6852997195023507,0,0,1.0348676979992888,0.04589193100036937,UWaveGestureLibraryZ,2797
4,4,0.2,shapley_sampling,feature_ablation,0.024390243902439025,0.047619047619047616,0.19047619047619047,0.7949493669690634,0.8572934548709469,0,0,1.0348676979992888,0.04589193100036937,UWaveGestureLibraryZ,2797
4,4,0.05,shapley_sampling,tshap_centroid,0.0,0.0,0.07936507936507936,0.5390652897701644,0.2528837960596728,0,0,1.0348676979992888,0.021811497001181124,UWaveGestureLibraryZ,2797
4,4,0.1,shapley_sampling,tshap_centroid,0.0,0.0,0.12380952380952381,0.8132724330689522,0.34715986417638933,0,0,1.0348676979992888,0.021811497001181124,UWaveGestureLibraryZ,2797
4,4,0.2,shapley_sampling,tshap_centroid,0.4318181818181818,0.6031746031746031,0.07936507936507936,0.7949493669690634,0.7591370397708914,0,0,1.0348676979992888,0.021811497001181124,UWaveGestureLibraryZ,2797
4,4,0.05,shapley_sampling,tshap_zero,0.0,0.0,0.19682539682539682,0.5390652897701644,0.40518398770442965,0,0,1.0348676979992888,0.023871159999544034,UWaveGestureLibraryZ,2797
4,4,0.1,shapley_sampling,tshap_zero,0.0,0.0,0.2253968253968254,0.8132724330689522,0.6167292776309459,0,0,1.0348676979992888,0.023871159999544034,UWaveGestureLibraryZ,2797
4,4,0.2,shapley_sampling,tshap_zero,0.10526315789473684,0.19047619047619047,0.1619047619047619,0.7949493669690634,0.8256972402872975,0,0,1.0348676979992888,0.023871159999544034,UWaveGestureLibraryZ,2797
4,4,0.05,shapley_sampling,mrsqm,0.0,0.0,0.6603174603174603,0.5390652897701644,-0.026810275490531943,0,0,1.0348676979992888,2.3395001335302368e-05,UWaveGestureLibraryZ,2797
4,4,0.1,shapley_sampling,mrsqm,0.0,0.0,0.6603174603174603,0.8132724330689522,-0.005276933193877342,0,0,1.0348676979992888,2.3395001335302368e-05,UWaveGestureLibraryZ,2797
4,4,0.2,shapley_sampling,mrsqm,0.0,0.0,0.5619047619047619,0.7949493669690634,-0.05058464374800553,0,0,1.0348676979992888,2.3395001335302368e-05,UWaveGestureLibraryZ,2797
4,4,0.05,feature_ablation,tshap_centroid,0.0,0.0,0.32063492063492066,0.5321094144668652,0.2528837960596728,0,0,0.04589193100036937,0.021811497001181124,UWaveGestureLibraryZ,2797
4,4,0.1,feature_ablation,tshap_centroid,0.0,0.0,0.3142857142857143,0.6852997195023507,0.34715986417638933,0,0,0.04589193100036937,0.021811497001181124,UWaveGestureLibraryZ,2797
4,4,0.2,feature_ablation,tshap_centroid,0.0,0.0,0.2698412698412698,0.8572934548709469,0.7591370397708914,0,0,0.04589193100036937,0.021811497001181124,UWaveGestureLibraryZ,2797
4,4,0.05,feature_ablation,tshap_zero,0.0,0.0,0.4380952380952381,0.5321094144668652,0.40518398770442965,0,0,0.04589193100036937,0.023871159999544034,UWaveGestureLibraryZ,2797
4,4,0.1,feature_ablation,tshap_zero,0.0,0.0,0.4158730158730159,0.6852997195023507,0.6167292776309459,0,0,0.04589193100036937,0.023871159999544034,UWaveGestureLibraryZ,2797
4,4,0.2,feature_ablation,tshap_zero,0.0,0.0,0.3523809523809524,0.8572934548709469,0.8256972402872975,0,0,0.04589193100036937,0.023871159999544034,UWaveGestureLibraryZ,2797
4,4,0.05,feature_ablation,mrsqm,0.0,0.0,0.9015873015873016,0.5321094144668652,-0.026810275490531943,0,0,0.04589193100036937,2.3395001335302368e-05,UWaveGestureLibraryZ,2797
4,4,0.1,feature_ablation,mrsqm,0.0,0.0,0.8507936507936508,0.6852997195023507,-0.005276933193877342,0,0,0.04589193100036937,2.3395001335302368e-05,UWaveGestureLibraryZ,2797
4,4,0.2,feature_ablation,mrsqm,0.0,0.0,0.7523809523809524,0.8572934548709469,-0.05058464374800553,0,0,0.04589193100036937,2.3395001335302368e-05,UWaveGestureLibraryZ,2797
4,4,0.05,tshap_centroid,tshap_zero,0.0,0.0,0.11746031746031746,0.2528837960596728,0.40518398770442965,0,0,0.021811497001181124,0.023871159999544034,UWaveGestureLibraryZ,2797
4,4,0.1,tshap_centroid,tshap_zero,0.0,0.0,0.10158730158730159,0.34715986417638933,0.6167292776309459,0,0,0.021811497001181124,0.023871159999544034,UWaveGestureLibraryZ,2797
4,4,0.2,tshap_centroid,tshap_zero,0.4157303370786517,0.5873015873015873,0.08253968253968254,0.7591370397708914,0.8256972402872975,0,0,0.021811497001181124,0.023871159999544034,UWaveGestureLibraryZ,2797
4,4,0.05,tshap_centroid,mrsqm,0.0,0.0,0.580952380952381,0.2528837960596728,-0.026810275490531943,0,0,0.021811497001181124,2.3395001335302368e-05,UWaveGestureLibraryZ,2797
4,4,0.1,tshap_centroid,mrsqm,0.0,0.0,0.5365079365079365,0.34715986417638933,-0.005276933193877342,0,0,0.021811497001181124,2.3395001335302368e-05,UWaveGestureLibraryZ,2797
4,4,0.2,tshap_centroid,mrsqm,0.0,0.0,0.48253968253968255,0.7591370397708914,-0.05058464374800553,0,0,0.021811497001181124,2.3395001335302368e-05,UWaveGestureLibraryZ,2797
4,4,0.05,tshap_zero,mrsqm,0.0,0.0,0.4634920634920635,0.40518398770442965,-0.026810275490531943,0,0,0.023871159999544034,2.3395001335302368e-05,UWaveGestureLibraryZ,2797
4,4,0.1,tshap_zero,mrsqm,0.0,0.0,0.43492063492063493,0.6167292776309459,-0.005276933193877342,0,0,0.023871159999544034,2.3395001335302368e-05,UWaveGestureLibraryZ,2797
4,4,0.2,tshap_zero,mrsqm,0.0,0.0,0.4,0.8256972402872975,-0.05058464374800553,0,0,0.023871159999544034,2.3395001335302368e-05,UWaveGestureLibraryZ,2797
3,2,0.05,hydra,shapley_sampling,0.10344827586206896,0.1875,0.04126984126984127,0.5991534513028578,0.24746485866859502,1,1,0.2032959550015221,1.0172929449981893,UWaveGestureLibraryZ,1558
3,2,0.1,hydra,shapley_sampling,0.0,0.0,0.49523809523809526,0.67035439992515,-0.04969938663352563,1,0,0.2032959550015221,1.0172929449981893,UWaveGestureLibraryZ,1558
3,2,0.2,hydra,shapley_sampling,0.0,0.0,0.5587301587301587,0.47478515646737446,0.25154238362150966,1,1,0.2032959550015221,1.0172929449981893,UWaveGestureLibraryZ,1558
3,2,0.05,hydra,feature_ablation,0.0,0.0,0.6,0.5991534513028578,0.37794674409172085,1,1,0.2032959550015221,0.04303688000072725,UWaveGestureLibraryZ,1558
3,2,0.1,hydra,feature_ablation,0.0,0.0,0.7873015873015873,0.67035439992515,0.3133397962764393,1,1,0.2032959550015221,0.04303688000072725,UWaveGestureLibraryZ,1558
3,2,0.2,hydra,feature_ablation,0.0,0.0,0.7111111111111111,0.47478515646737446,-0.009458034787181047,1,1,0.2032959550015221,0.04303688000072725,UWaveGestureLibraryZ,1558
3,2,0.05,hydra,tshap_centroid,0.06666666666666667,0.125,0.044444444444444446,0.5991534513028578,0.43511353848950146,1,1,0.2032959550015221,0.02128665800046292,UWaveGestureLibraryZ,1558
3,2,0.1,hydra,tshap_centroid,0.8285714285714286,0.90625,0.009523809523809525,0.67035439992515,0.6598782276107771,1,1,0.2032959550015221,0.02128665800046292,UWaveGestureLibraryZ,1558
3,2,0.2,hydra,tshap_centroid,0.0,0.0,0.2857142857142857,0.47478515646737446,0.09293438350590932,1,1,0.2032959550015221,0.02128665800046292,UWaveGestureLibraryZ,1558
3,2,0.05,hydra,tshap_zero,0.0,0.0,0.24126984126984127,0.5991534513028578,0.6716991149395461,1,1,0.2032959550015221,0.02342499900260009,UWaveGestureLibraryZ,1558
3,2,0.1,hydra,tshap_zero,0.0,0.0,0.2571428571428571,0.67035439992515,0.3225700567585698,1,1,0.2032959550015221,0.02342499900260009,UWaveGestureLibraryZ,1558
3,2,0.2,hydra,tshap_zero,0.0,0.0,0.28888888888888886,0.47478515646737446,0.1227084243101143,1,1,0.2032959550015221,0.02342499900260009,UWaveGestureLibraryZ,1558
3,2,0.05,hydra,mrsqm,0.0,0.0,0.1111111111111111,0.5991534513028578,0.3216886012978431,1,1,0.2032959550015221,2.565800241427496e-05,UWaveGestureLibraryZ,1558
3,2,0.1,hydra,mrsqm,0.23076923076923078,0.375,0.06349206349206349,0.67035439992515,0.3964592693976852,1,1,0.2032959550015221,2.565800241427496e-05,UWaveGestureLibraryZ,1558
3,2,0.2,hydra,mrsqm,1.0,1.0,0.0,0.47478515646737446,0.47478514999153004,1,1,0.2032959550015221,2.565800241427496e-05,UWaveGestureLibraryZ,1558
3,2,0.05,shapley_sampling,feature_ablation,0.0,0.0,0.5587301587301587,0.24746485866859502,0.37794674409172085,1,1,1.0172929449981893,0.04303688000072725,UWaveGestureLibraryZ,1558
3,2,0.1,shapley_sampling,feature_ablation,0.0,0.0,0.2920634920634921,-0.04969938663352563,0.3133397962764393,0,1,1.0172929449981893,0.04303688000072725,UWaveGestureLibraryZ,1558
3,2,0.2,shapley_sampling,feature_ablation,0.13513513513513514,0.23809523809523808,0.1523809523809524,0.25154238362150966,-0.009458034787181047,1,1,1.0172929449981893,0.04303688000072725,UWaveGestureLibraryZ,1558
3,2,0.05,shapley_sampling,tshap_centroid,0.0,0.0,0.08571428571428572,0.24746485866859502,0.43511353848950146,1,1,1.0172929449981893,0.02128665800046292,UWaveGestureLibraryZ,1558
3,2,0.1,shapley_sampling,tshap_centroid,0.0,0.0,0.5047619047619047,-0.04969938663352563,0.6598782276107771,0,1,1.0172929449981893,0.02128665800046292,UWaveGestureLibraryZ,1558
3,2,0.2,shapley_sampling,tshap_centroid,0.0,0.0,0.273015873015873,0.25154238362150966,0.09293438350590932,1,1,1.0172929449981893,0.02128665800046292,UWaveGestureLibraryZ,1558
3,2,0.05,shapley_sampling,tshap_zero,0.0,0.0,0.2,0.24746485866859502,0.6716991149395461,1,1,1.0172929449981893,0.02342499900260009,UWaveGestureLibraryZ,1558
3,2,0.1,shapley_sampling,tshap_zero,0.0,0.0,0.23809523809523808,-0.04969938663352563,0.3225700567585698,0,1,1.0172929449981893,0.02342499900260009,UWaveGestureLibraryZ,1558
3,2,0.2,shapley_sampling,tshap_zero,0.0,0.0,0.2698412698412698,0.25154238362150966,0.1227084243101143,1,1,1.0172929449981893,0.02342499900260009,UWaveGestureLibraryZ,1558
3,2,0.05,shapley_sampling,mrsqm,0.0,0.0,0.1523809523809524,0.24746485866859502,0.3216886012978431,1,1,1.0172929449981893,2.565800241427496e-05,UWaveGestureLibraryZ,1558
3,2,0.1,shapley_sampling,mrsqm,0.0,0.0,0.5587301587301587,-0.04969938663352563,0.3964592693976852,0,1,1.0172929449981893,2.565800241427496e-05,UWaveGestureLibraryZ,1558
3,2,0.2,shapley_sampling,mrsqm,0.0,0.0,0.5587301587301587,0.25154238362150966,0.47478514999153004,1,1,1.0172929449981893,2.565800241427496e-05,UWaveGestureLibraryZ,1558
3,2,0.05,feature_ablation,tshap_centroid,0.0,0.0,0.6444444444444445,0.37794674409172085,0.43511353848950146,1,1,0.04303688000072725,0.02128665800046292,UWaveGestureLibraryZ,1558
3,2,0.1,feature_ablation,tshap_centroid,0.0,0.0,0.7968253968253968,0.3133397962764393,0.6598782276107771,1,1,0.04303688000072725,0.02128665800046292,UWaveGestureLibraryZ,1558
3,2,0.2,feature_ablation,tshap_centroid,0.0,0.0,0.4253968253968254,-0.009458034787181047,0.09293438350590932,1,1,0.04303688000072725,0.02128665800046292,UWaveGestureLibraryZ,1558
3,2,0.05,feature_ablation,tshap_zero,0.0,0.0,0.35873015873015873,0.37794674409172085,0.6716991149395461,1,1,0.04303688000072725,0.02342499900260009,UWaveGestureLibraryZ,1558
3,2,0.1,feature_ablation,tshap_zero,0.0,0.0,0.5301587301587302,0.3133397962764393,0.3225700567585698,1,1,0.04303688000072725,0.02342499900260009,UWaveGestureLibraryZ,1558
3,2,0.2,feature_ablation,tshap_zero,0.0,0.0,0.4222222222222222,-0.009458034787181047,0.1227084243101143,1,1,0.04303688000072725,0.02342499900260009,UWaveGestureLibraryZ,1558
3,2,0.05,feature_ablation,mrsqm,0.0,0.0,0.7111111111111111,0.37794674409172085,0.3216886012978431,1,1,0.04303688000072725,2.565800241427496e-05,UWaveGestureLibraryZ,1558
3,2,0.1,feature_ablation,mrsqm,0.0,0.0,0.8507936507936508,0.3133397962764393,0.3964592693976852,1,1,0.04303688000072725,2.565800241427496e-05,UWaveGestureLibraryZ,1558
3,2,0.2,feature_ablation,mrsqm,0.0,0.0,0.7111111111111111,-0.009458034787181047,0.47478514999153004,1,1,0.04303688000072725,2.565800241427496e-05,UWaveGestureLibraryZ,1558
3,2,0.05,tshap_centroid,tshap_zero,0.0,0.0,0.2857142857142857,0.43511353848950146,0.6716991149395461,1,1,0.02128665800046292,0.02342499900260009,UWaveGestureLibraryZ,1558
3,2,0.1,tshap_centroid,tshap_zero,0.0,0.0,0.26666666666666666,0.6598782276107771,0.3225700567585698,1,1,0.02128665800046292,0.02342499900260009,UWaveGestureLibraryZ,1558
3,2,0.2,tshap_centroid,tshap_zero,0.96875,0.9841269841269841,0.0031746031746031746,0.09293438350590932,0.1227084243101143,1,1,0.02128665800046292,0.02342499900260009,UWaveGestureLibraryZ,1558
3,2,0.05,tshap_centroid,mrsqm,0.0,0.0,0.06666666666666667,0.43511353848950146,0.3216886012978431,1,1,0.02128665800046292,2.565800241427496e-05,UWaveGestureLibraryZ,1558
3,2,0.1,tshap_centroid,mrsqm,0.30612244897959184,0.46875,0.05396825396825397,0.6598782276107771,0.3964592693976852,1,1,0.02128665800046292,2.565800241427496e-05,UWaveGestureLibraryZ,1558
3,2,0.2,tshap_centroid,mrsqm,0.0,0.0,0.2857142857142857,0.09293438350590932,0.47478514999153004,1,1,0.02128665800046292,2.565800241427496e-05,UWaveGestureLibraryZ,1558
3,2,0.05,tshap_zero,mrsqm,0.0,0.0,0.3523809523809524,0.6716991149395461,0.3216886012978431,1,1,0.02342499900260009,2.565800241427496e-05,UWaveGestureLibraryZ,1558
3,2,0.1,tshap_zero,mrsqm,0.0,0.0,0.32063492063492066,0.3225700567585698,0.3964592693976852,1,1,0.02342499900260009,2.565800241427496e-05,UWaveGestureLibraryZ,1558
3,2,0.2,tshap_zero,mrsqm,0.0,0.0,0.28888888888888886,0.1227084243101143,0.47478514999153004,1,1,0.02342499900260009,2.565800241427496e-05,UWaveGestureLibraryZ,1558
7,7,0.05,hydra,shapley_sampling,0.0,0.0,0.12063492063492064,0.02314089571112854,-0.14043739579176773,0,0,0.21668943699842202,1.0738282660022378,UWaveGestureLibraryZ,2472
7,7,0.1,hydra,shapley_sampling,0.14285714285714285,0.25,0.0761904761904762,0.015645434496177946,-0.13403846953289933,0,0,0.21668943699842202,1.0738282660022378,UWaveGestureLibraryZ,2472
7,7,0.2,hydra,shapley_sampling,0.0,0.0,0.3523809523809524,-0.15796590679031564,0.19788789328502,0,0,0.21668943699842202,1.0738282660022378,UWaveGestureLibraryZ,2472
7,7,0.05,hydra,feature_ablation,0.0,0.0,0.47619047619047616,0.02314089571112854,0.1916099109325199,0,0,0.21668943699842202,0.04470120599944494,UWaveGestureLibraryZ,2472
7,7,0.1,hydra,feature_ablation,0.0,0.0,0.526984126984127,0.015645434496177946,0.18332079190903128,0,0,0.21668943699842202,0.04470120599944494,UWaveGestureLibraryZ,2472
7,7,0.2,hydra,feature_ablation,0.0,0.0,0.5555555555555556,-0.15796590679031564,0.7502843227215155,0,1,0.21668943699842202,0.04470120599944494,UWaveGestureLibraryZ,2472
7,7,0.05,hydra,tshap_centroid,0.0,0.0,0.41904761904761906,0.02314089571112854,0.17131364980888475,0,0,0.21668943699842202,0.021873825000511715,UWaveGestureLibraryZ,2472
7,7,0.1,hydra,tshap_centroid,0.0,0.0,0.44761904761904764,0.015645434496177946,0.3467602759510171,0,0,0.21668943699842202,0.021873825000511715,UWaveGestureLibraryZ,2472
7,7,0.2,hydra,tshap_centroid,0.0,0.0,0.44761904761904764,-0.15796590679031564,0.7337492452813541,0,1,0.21668943699842202,0.021873825000511715,UWaveGestureLibraryZ,2472
7,7,0.05,hydra,tshap_zero,0.0,0.0,0.6095238095238096,0.02314089571112854,-0.0029414861610354004,0,0,0.21668943699842202,0.023839167999540223,UWaveGestureLibraryZ,2472
7,7,0.1,hydra,tshap_zero,0.0,0.0,0.6317460317460317,0.015645434496177946,0.37905443958687135,0,0,0.21668943699842202,0.023839167999540223,UWaveGestureLibraryZ,2472
7,7,0.2,hydra,tshap_zero,0.0,0.0,0.5841269841269842,-0.15796590679031564,0.8488367927617835,0,1,0.21668943699842202,0.023839167999540223,UWaveGestureLibraryZ,2472
7,7,0.05,hydra,mrsqm,0.0,0.0,0.780952380952381,0.02314089571112854,0.01982616640042334,0,0,0.21668943699842202,2.346399924135767e-05,UWaveGestureLibraryZ,2472
7,7,0.1,hydra,mrsqm,0.0,0.0,0.780952380952381,0.015645434496177946,-0.031993292825164166,0,0,0.21668943699842202,2.346399924135767e-05,UWaveGestureLibraryZ,2472
7,7,0.2,hydra,mrsqm,0.0,0.0,0.7587301587301587,-0.15796590679031564,0.21650975643585613,0,0,0.21668943699842202,2.346399924135767e-05,UWaveGestureLibraryZ,2472
7,7,0.05,shapley_sampling,feature_ablation,0.0,0.0,0.5968253968253968,-0.14043739579176773,0.1916099109325199,0,0,1.0738282660022378,0.04470120599944494,UWaveGestureLibraryZ,2472
7,7,0.1,shapley_sampling,feature_ablation,0.0,0.0,0.6031746031746031,-0.13403846953289933,0.18332079190903128,0,0,1.0738282660022378,0.04470120599944494,UWaveGestureLibraryZ,2472
7,7,0.2,shapley_sampling,feature_ablation,0.0,0.0,0.20317460317460317,0.19788789328502,0.7502843227215155,0,1,1.0738282660022378,0.04470120599944494,UWaveGestureLibraryZ,2472
7,7,0.05,shapley_sampling,tshap_centroid,0.0,0.0,0.5396825396825397,-0.14043739579176773,0.17131364980888475,0,0,1.0738282660022378,0.021873825000511715,UWaveGestureLibraryZ,2472
7,7,0.1,shapley_sampling,tshap_centroid,0.0,0.0,0.5238095238095238,-0.13403846953289933,0.3467602759510171,0,0,1.0738282660022378,0.021873825000511715,UWaveGestureLibraryZ,2472
7,7,0.2,shapley_sampling,tshap_centroid,0.3548387096774194,0.5238095238095238,0.09523809523809523,0.19788789328502,0.7337492452813541,0,1,1.0738282660022378,0.021873825000511715,UWaveGestureLibraryZ,2472
7,7,0.05,shapley_sampling,tshap_zero,0.0,0.0,0.7301587301587301,-0.14043739579176773,-0.0029414861610354004,0,0,1.0738282660022378,0.023839167999540223,UWaveGestureLibraryZ,2472
7,7,0.1,shapley_sampling,tshap_zero,0.0,0.0,0.707936507936508,-0.13403846953289933,0.37905443958687135,0,0,1.0738282660022378,0.023839167999540223,UWaveGestureLibraryZ,2472
7,7,0.2,shapley_sampling,tshap_zero,0.0,0.0,0.23174603174603176,0.19788789328502,0.8488367927617835,0,1,1.0738282660022378,0.023839167999540223,UWaveGestureLibraryZ,2472
7,7,0.05,shapley_sampling,mrsqm,0.0,0.0,0.9015873015873016,-0.14043739579176773,0.01982616640042334,0,0,1.0738282660022378,2.346399924135767e-05,UWaveGestureLibraryZ,2472
7,7,0.1,shapley_sampling,mrsqm,0.0,0.0,0.8571428571428571,-0.13403846953289933,-0.031993292825164166,0,0,1.0738282660022378,2.346399924135767e-05,UWaveGestureLibraryZ,2472
7,7,0.2,shapley_sampling,mrsqm,0.0,0.0,0.40634920634920635,0.19788789328502,0.21650975643585613,0,0,1.0738282660022378,2.346399924135767e-05,UWaveGestureLibraryZ,2472
7,7,0.05,feature_ablation,tshap_centroid,0.0,0.0,0.05714285714285714,0.1916099109325199,0.17131364980888475,0,0,0.04470120599944494,0.021873825000511715,UWaveGestureLibraryZ,2472
7,7,0.1,feature_ablation,tshap_centroid,0.12280701754385964,0.21875,0.07936507936507936,0.18332079190903128,0.3467602759510171,0,0,0.04470120599944494,0.021873825000511715,UWaveGestureLibraryZ,2472
7,7,0.2,feature_ablation,tshap_centroid,0.29896907216494845,0.4603174603174603,0.10793650793650794,0.7502843227215155,0.7337492452813541,1,1,0.04470120599944494,0.021873825000511715,UWaveGestureLibraryZ,2472
7,7,0.05,feature_ablation,tshap_zero,0.0,0.0,0.13333333333333333,0.1916099109325199,-0.0029414861610354004,0,0,0.04470120599944494,0.023839167999540223,UWaveGestureLibraryZ,2472
7,7,0.1,feature_ablation,tshap_zero,0.0,0.0,0.10476190476190476,0.18332079190903128,0.37905443958687135,0,0,0.04470120599944494,0.023839167999540223,UWaveGestureLibraryZ,2472
7,7,0.2,feature_ablation,tshap_zero,0.75,0.8571428571428571,0.02857142857142857,0.7502843227215155,0.8488367927617835,1,1,0.04470120599944494,0.023839167999540223,UWaveGestureLibraryZ,2472
7,7,0.05,feature_ablation,mrsqm,0.0,0.0,0.3047619047619048,0.1916099109325199,0.01982616640042334,0,0,0.04470120599944494,2.346399924135767e-05,UWaveGestureLibraryZ,2472
7,7,0.1,feature_ablation,mrsqm,0.0,0.0,0.25396825396825395,0.18332079190903128,-0.031993292825164166,0,0,0.04470120599944494,2.346399924135767e-05,UWaveGestureLibraryZ,2472
7,7,0.2,feature_ablation,mrsqm,0.0,0.0,0.20317460317460317,0.7502843227215155,0.21650975643585613,1,0,0.04470120599944494,2.346399924135767e-05,UWaveGestureLibraryZ,2472
7,7,0.05,tshap_centroid,tshap_zero,0.0,0.0,0.19047619047619047,0.17131364980888475,-0.0029414861610354004,0,0,0.021873825000511715,0.023839167999540223,UWaveGestureLibraryZ,2472
7,7,0.1,tshap_centroid,tshap_zero,0.0,0.0,0.18412698412698414,0.3467602759510171,0.37905443958687135,0,0,0.021873825000511715,0.023839167999540223,UWaveGestureLibraryZ,2472
7,7,0.2,tshap_centroid,tshap_zero,0.18867924528301888,0.31746031746031744,0.1365079365079365,0.7337492452813541,0.8488367927617835,1,1,0.021873825000511715,0.023839167999540223,UWaveGestureLibraryZ,2472
7,7,0.05,tshap_centroid,mrsqm,0.0,0.0,0.3619047619047619,0.17131364980888475,0.01982616640042334,0,0,0.021873825000511715,2.346399924135767e-05,UWaveGestureLibraryZ,2472
7,7,0.1,tshap_centroid,mrsqm,0.0,0.0,0.3333333333333333,0.3467602759510171,-0.031993292825164166,0,0,0.021873825000511715,2.346399924135767e-05,UWaveGestureLibraryZ,2472
7,7,0.2,tshap_centroid,mrsqm,0.0,0.0,0.3111111111111111,0.7337492452813541,0.21650975643585613,1,0,0.021873825000511715,2.346399924135767e-05,UWaveGestureLibraryZ,2472
7,7,0.05,tshap_zero,mrsqm,0.0,0.0,0.17142857142857143,-0.0029414861610354004,0.01982616640042334,0,0,0.023839167999540223,2.346399924135767e-05,UWaveGestureLibraryZ,2472
7,7,0.1,tshap_zero,mrsqm,0.0,0.0,0.1492063492063492,0.37905443958687135,-0.031993292825164166,0,0,0.023839167999540223,2.346399924135767e-05,UWaveGestureLibraryZ,2472
7,7,0.2,tshap_zero,mrsqm,0.06779661016949153,0.12698412698412698,0.1746031746031746,0.8488367927617835,0.21650975643585613,1,0,0.023839167999540223,2.346399924135767e-05,UWaveGestureLibraryZ,2472
5,5,0.05,hydra,shapley_sampling,0.0,0.0,0.326984126984127,0.2843531441133458,-0.041867587081543145,0,0,0.20861737400264246,1.0446137459985039,UWaveGestureLibraryZ,1861
5,5,0.1,hydra,shapley_sampling,0.0,0.0,0.37142857142857144,0.2709828760167371,0.18941788408092386,0,0,0.20861737400264246,1.0446137459985039,UWaveGestureLibraryZ,1861
5,5,0.2,hydra,shapley_sampling,0.058823529411764705,0.1111111111111111,0.17777777777777778,0.1794333166535268,0.625918482294536,1,1,0.20861737400264246,1.0446137459985039,UWaveGestureLibraryZ,1861
5,5,0.05,hydra,feature_ablation,0.0,0.0,0.18095238095238095,0.2843531441133458,-0.005882067276178571,0,0,0.20861737400264246,0.0444368980024592,UWaveGestureLibraryZ,1861
5,5,0.1,hydra,feature_ablation,0.0,0.0,0.1873015873015873,0.2709828760167371,0.027038449644671836,0,0,0.20861737400264246,0.0444368980024592,UWaveGestureLibraryZ,1861
5,5,0.2,hydra,feature_ablation,0.0,0.0,0.7365079365079366,0.1794333166535268,-0.08015175829154808,1,0,0.20861737400264246,0.0444368980024592,UWaveGestureLibraryZ,1861
5,5,0.05,hydra,tshap_centroid,0.0,0.0,0.13968253968253969,0.2843531441133458,0.11944207410608565,0,0,0.20861737400264246,0.02185281499987468,UWaveGestureLibraryZ,1861
5,5,0.1,hydra,tshap_centroid,0.0,0.0,0.12063492063492064,0.2709828760167371,-0.17408771296483794,0,0,0.20861737400264246,0.02185281499987468,UWaveGestureLibraryZ,1861
5,5,0.2,hydra,tshap_centroid,0.0,0.0,0.7238095238095238,0.1794333166535268,0.07101229387579289,1,1,0.20861737400264246,0.02185281499987468,UWaveGestureLibraryZ,1861
5,5,0.05,hydra,tshap_zero,0.0,0.0,0.4126984126984127,0.2843531441133458,0.18122566391350914,0,0,0.20861737400264246,0.023925822002638597,UWaveGestureLibraryZ,1861
5,5,0.1,hydra,tshap_zero,0.0,0.0,0.40634920634920635,0.2709828760167371,0.3181556181281381,0,0,0.20861737400264246,0.023925822002638597,UWaveGestureLibraryZ,1861
5,5,0.2,hydra,tshap_zero,0.0,0.0,0.21587301587301588,0.1794333166535268,0.5269420132792428,1,1,0.20861737400264246,0.023925822002638597,UWaveGestureLibraryZ,1861
5,5,0.05,hydra,mrsqm,0.0,0.0,0.23174603174603176,0.2843531441133458,0.05018886513521714,0,0,0.20861737400264246,2.58290019701235e-05,UWaveGestureLibraryZ,1861
5,5,0.1,hydra,mrsqm,0.0,0.0,0.1873015873015873,0.2709828760167371,0.02703844837661684,0,0,0.20861737400264246,2.58290019701235e-05,UWaveGestureLibraryZ,1861
5,5,0.2,hydra,mrsqm,0.0,0.0,0.7365079365079366,0.1794333166535268,-0.08015173180153545,1,0,0.20861737400264246,2.58290019701235e-05,UWaveGestureLibraryZ,1861
5,5,0.05,shapley_sampling,feature_ablation,0.0,0.0,0.5079365079365079,-0.041867587081543145,-0.005882067276178571,0,0,1.0446137459985039,0.0444368980024592,UWaveGestureLibraryZ,1861
5,5,0.1,shapley_sampling,feature_ablation,0.0,0.0,0.5587301587301587,0.18941788408092386,0.027038449644671836,0,0,1.0446137459985039,0.0444368980024592,UWaveGestureLibraryZ,1861
5,5,0.2,shapley_sampling,feature_ablation,0.0,0.0,0.5587301587301587,0.625918482294536,-0.08015175829154808,1,0,1.0446137459985039,0.0444368980024592,UWaveGestureLibraryZ,1861
5,5,0.05,shapley_sampling,tshap_centroid,0.0,0.0,0.4666666666666667,-0.041867587081543145,0.11944207410608565,0,0,1.0446137459985039,0.02185281499987468,UWaveGestureLibraryZ,1861
5,5,0.1,shapley_sampling,tshap_centroid,0.0,0.0,0.49206349206349204,0.18941788408092386,-0.17408771296483794,0,0,1.0446137459985039,0.02185281499987468,UWaveGestureLibraryZ,1861
5,5,0.2,shapley_sampling,tshap_centroid,0.0,0.0,0.546031746031746,0.625918482294536,0.07101229387579289,1,1,1.0446137459985039,0.02185281499987468,UWaveGestureLibraryZ,1861
5,5,0.05,shapley_sampling,tshap_zero,0.0,0.0,0.08571428571428572,-0.041867587081543145,0.18122566391350914,0,0,1.0446137459985039,0.023925822002638597,UWaveGestureLibraryZ,1861
5,5,0.1,shapley_sampling,tshap_zero,0.4883720930232558,0.65625,0.03492063492063492,0.18941788408092386,0.3181556181281381,0,0,1.0446137459985039,0.023925822002638597,UWaveGestureLibraryZ,1861
5,5,0.2,shapley_sampling,tshap_zero,0.68,0.8095238095238095,0.0380952380952381,0.625918482294536,0.5269420132792428,1,1,1.0446137459985039,0.023925822002638597,UWaveGestureLibraryZ,1861
5,5,0.05,shapley_sampling,mrsqm,0.0,0.0,0.5587301587301587,-0.041867587081543145,0.05018886513521714,0,0,1.0446137459985039,2.58290019701235e-05,UWaveGestureLibraryZ,1861
5,5,0.1,shapley_sampling,mrsqm,0.0,0.0,0.5587301587301587,0.18941788408092386,0.02703844837661684,0,0,1.0446137459985039,2.58290019701235e-05,UWaveGestureLibraryZ,1861
5,5,0.2,shapley_sampling,mrsqm,0.0,0.0,0.5587301587301587,0.625918482294536,-0.08015173180153545,1,0,1.0446137459985039,2.58290019701235e-05,UWaveGestureLibraryZ,1861
5,5,0.05,feature_ablation,tshap_centroid,0.10344827586206896,0.1875,0.04126984126984127,-0.005882067276178571,0.11944207410608565,0,0,0.0444368980024592,0.02185281499987468,UWaveGestureLibraryZ,1861
5,5,0.1,feature_ablation,tshap_centroid,0.20754716981132076,0.34375,0.06666666666666667,0.027038449644671836,-0.17408771296483794,0,0,0.0444368980024592,0.02185281499987468,UWaveGestureLibraryZ,1861
5,5,0.2,feature_ablation,tshap_centroid,0.8805970149253731,0.9365079365079365,0.012698412698412698,-0.08015175829154808,0.07101229387579289,0,1,0.0444368980024592,0.02185281499987468,UWaveGestureLibraryZ,1861
5,5,0.05,feature_ablation,tshap_zero,0.0,0.0,0.5936507936507937,-0.005882067276178571,0.18122566391350914,0,0,0.0444368980024592,0.023925822002638597,UWaveGestureLibraryZ,1861
5,5,0.1,feature_ablation,tshap_zero,0.0,0.0,0.5936507936507937,0.027038449644671836,0.3181556181281381,0,0,0.0444368980024592,0.023925822002638597,UWaveGestureLibraryZ,1861
5,5,0.2,feature_ablation,tshap_zero,0.0,0.0,0.5206349206349207,-0.08015175829154808,0.5269420132792428,0,1,0.0444368980024592,0.023925822002638597,UWaveGestureLibraryZ,1861
5,5,0.05,feature_ablation,mrsqm,0.0,0.0,0.050793650793650794,-0.005882067276178571,0.05018886513521714,0,0,0.0444368980024592,2.58290019701235e-05,UWaveGestureLibraryZ,1861
5,5,0.1,feature_ablation,mrsqm,1.0,1.0,0.0,0.027038449644671836,0.02703844837661684,0,0,0.0444368980024592,2.58290019701235e-05,UWaveGestureLibraryZ,1861
5,5,0.2,feature_ablation,mrsqm,1.0,1.0,0.0,-0.08015175829154808,-0.08015173180153545,0,0,0.0444368980024592,2.58290019701235e-05,UWaveGestureLibraryZ,1861
5,5,0.05,tshap_centroid,tshap_zero,0.0,0.0,0.5523809523809524,0.11944207410608565,0.18122566391350914,0,0,0.02185281499987468,0.023925822002638597,UWaveGestureLibraryZ,1861
5,5,0.1,tshap_centroid,tshap_zero,0.0,0.0,0.526984126984127,-0.17408771296483794,0.3181556181281381,0,0,0.02185281499987468,0.023925822002638597,UWaveGestureLibraryZ,1861
5,5,0.2,tshap_centroid,tshap_zero,0.0,0.0,0.5079365079365079,0.07101229387579289,0.5269420132792428,1,1,0.02185281499987468,0.023925822002638597,UWaveGestureLibraryZ,1861
5,5,0.05,tshap_centroid,mrsqm,0.0,0.0,0.09206349206349207,0.11944207410608565,0.05018886513521714,0,0,0.02185281499987468,2.58290019701235e-05,UWaveGestureLibraryZ,1861
5,5,0.1,tshap_centroid,mrsqm,0.20754716981132076,0.34375,0.06666666666666667,-0.17408771296483794,0.02703844837661684,0,0,0.02185281499987468,2.58290019701235e-05,UWaveGestureLibraryZ,1861
5,5,0.2,tshap_centroid,mrsqm,0.8805970149253731,0.9365079365079365,0.012698412698412698,0.07101229387579289,-0.08015173180153545,1,0,0.02185281499987468,2.58290019701235e-05,UWaveGestureLibraryZ,1861
5,5,0.05,tshap_zero,mrsqm,0.0,0.0,0.6444444444444445,0.18122566391350914,0.05018886513521714,0,0,0.023925822002638597,2.58290019701235e-05,UWaveGestureLibraryZ,1861
5,5,0.1,tshap_zero,mrsqm,0.0,0.0,0.5936507936507937,0.3181556181281381,0.02703844837661684,0,0,0.023925822002638597,2.58290019701235e-05,UWaveGestureLibraryZ,1861
5,5,0.2,tshap_zero,mrsqm,0.0,0.0,0.5206349206349207,0.5269420132792428,-0.08015173180153545,1,0,0.023925822002638597,2.58290019701235e-05,UWaveGestureLibraryZ,1861
