true_label,pred_label,fraction,method_a,method_b,iou,overlap_fraction,normalised_centre_distance,score_drop_a,score_drop_b,flipped_a,flipped_b,explain_time_a_s,explain_time_b_s,dataset,sample_idx
0,0,0.05,hydra,shapley_sampling,0.45454545454545453,0.625,0.02,0.36070314799130454,0.4559191033643742,0,0,0.09434425500148791,0.8696628689976933,GunPoint,102
0,0,0.1,hydra,shapley_sampling,0.36363636363636365,0.5333333333333333,0.04666666666666667,0.4482050014737257,0.4422749514629956,0,0,0.09434425500148791,0.8696628689976933,GunPoint,102
0,0,0.2,hydra,shapley_sampling,1.0,1.0,0.0,0.979942090867049,0.9799420880732107,1,1,0.09434425500148791,0.8696628689976933,GunPoint,102
0,0,0.05,hydra,feature_ablation,0.45454545454545453,0.625,0.02,0.36070314799130454,0.45591909228109034,0,0,0.09434425500148791,0.03836606400000164,GunPoint,102
0,0,0.1,hydra,feature_ablation,1.0,1.0,0.0,0.4482050014737257,0.44820499334143,0,0,0.09434425500148791,0.03836606400000164,GunPoint,102
0,0,0.2,hydra,feature_ablation,0.6666666666666666,0.8,0.04,0.979942090867049,0.9820300586661833,1,1,0.09434425500148791,0.03836606400000164,GunPoint,102
0,0,0.05,hydra,tshap_centroid,0.0,0.0,0.17333333333333334,0.36070314799130454,-0.13348207742432072,0,0,0.09434425500148791,0.015148543996474473,GunPoint,102
0,0,0.1,hydra,tshap_centroid,0.0,0.0,0.17333333333333334,0.4482050014737257,0.06815738272352934,0,0,0.09434425500148791,0.015148543996474473,GunPoint,102
0,0,0.2,hydra,tshap_centroid,0.0,0.0,0.23333333333333334,0.979942090867049,0.330804548654001,1,0,0.09434425500148791,0.015148543996474473,GunPoint,102
0,0,0.05,hydra,tshap_zero,0.0,0.0,0.38,0.36070314799130454,-0.2836850664369016,0,0,0.09434425500148791,0.005414642997493502,GunPoint,102
0,0,0.1,hydra,tshap_zero,0.0,0.0,0.38,0.4482050014737257,-0.2518393607867194,0,0,0.09434425500148791,0.005414642997493502,GunPoint,102
0,0,0.2,hydra,tshap_zero,0.0,0.0,0.4,0.979942090867049,0.16853407531918663,1,0,0.09434425500148791,0.005414642997493502,GunPoint,102
0,0,0.05,hydra,mrsqm,0.0,0.0,0.19333333333333333,0.36070314799130454,0.17324455367053526,0,0,0.09434425500148791,1.928600249812007e-05,GunPoint,102
0,0,0.1,hydra,mrsqm,0.0,0.0,0.16666666666666666,0.4482050014737257,0.5140027283668172,0,0,0.09434425500148791,1.928600249812007e-05,GunPoint,102
0,0,0.2,hydra,mrsqm,0.5,0.6666666666666666,0.06666666666666667,0.979942090867049,0.9892784304889041,1,1,0.09434425500148791,1.928600249812007e-05,GunPoint,102
0,0,0.05,shapley_sampling,feature_ablation,1.0,1.0,0.0,0.4559191033643742,0.45591909228109034,0,0,0.8696628689976933,0.03836606400000164,GunPoint,102
0,0,0.1,shapley_sampling,feature_ablation,0.36363636363636365,0.5333333333333333,0.04666666666666667,0.4422749514629956,0.44820499334143,0,0,0.8696628689976933,0.03836606400000164,GunPoint,102
0,0,0.2,shapley_sampling,feature_ablation,0.6666666666666666,0.8,0.04,0.9799420880732107,0.9820300586661833,1,1,0.8696628689976933,0.03836606400000164,GunPoint,102
0,0,0.05,shapley_sampling,tshap_centroid,0.0,0.0,0.15333333333333332,0.4559191033643742,-0.13348207742432072,0,0,0.8696628689976933,0.015148543996474473,GunPoint,102
0,0,0.1,shapley_sampling,tshap_centroid,0.0,0.0,0.12666666666666668,0.4422749514629956,0.06815738272352934,0,0,0.8696628689976933,0.015148543996474473,GunPoint,102
0,0,0.2,shapley_sampling,tshap_centroid,0.0,0.0,0.23333333333333334,0.9799420880732107,0.330804548654001,1,0,0.8696628689976933,0.015148543996474473,GunPoint,102
0,0,0.05,shapley_sampling,tshap_zero,0.0,0.0,0.36,0.4559191033643742,-0.2836850664369016,0,0,0.8696628689976933,0.005414642997493502,GunPoint,102
0,0,0.1,shapley_sampling,tshap_zero,0.0,0.0,0.3333333333333333,0.4422749514629956,-0.2518393607867194,0,0,0.8696628689976933,0.005414642997493502,GunPoint,102
0,0,0.2,shapley_sampling,tshap_zero,0.0,0.0,0.4,0.9799420880732107,0.16853407531918663,1,0,0.8696628689976933,0.005414642997493502,GunPoint,102
0,0,0.05,shapley_sampling,mrsqm,0.0,0.0,0.21333333333333335,0.4559191033643742,0.17324455367053526,0,0,0.8696628689976933,1.928600249812007e-05,GunPoint,102
0,0,0.1,shapley_sampling,mrsqm,0.0,0.0,0.21333333333333335,0.4422749514629956,0.5140027283668172,0,0,0.8696628689976933,1.928600249812007e-05,GunPoint,102
0,0,0.2,shapley_sampling,mrsqm,0.5,0.6666666666666666,0.06666666666666667,0.9799420880732107,0.9892784304889041,1,1,0.8696628689976933,1.928600249812007e-05,GunPoint,102
0,0,0.05,feature_ablation,tshap_centroid,0.0,0.0,0.15333333333333332,0.45591909228109034,-0.13348207742432072,0,0,0.03836606400000164,0.015148543996474473,GunPoint,102
0,0,0.1,feature_ablation,tshap_centroid,0.0,0.0,0.17333333333333334,0.44820499334143,0.06815738272352934,0,0,0.03836606400000164,0.015148543996474473,GunPoint,102
0,0,0.2,feature_ablation,tshap_centroid,0.01694915254237288,0.03333333333333333,0.19333333333333333,0.9820300586661833,0.330804548654001,1,0,0.03836606400000164,0.015148543996474473,GunPoint,102
0,0,0.05,feature_ablation,tshap_zero,0.0,0.0,0.36,0.45591909228109034,-0.2836850664369016,0,0,0.03836606400000164,0.005414642997493502,GunPoint,102
0,0,0.1,feature_ablation,tshap_zero,0.0,0.0,0.38,0.44820499334143,-0.2518393607867194,0,0,0.03836606400000164,0.005414642997493502,GunPoint,102
0,0,0.2,feature_ablation,tshap_zero,0.0,0.0,0.36,0.9820300586661833,0.16853407531918663,1,0,0.03836606400000164,0.005414642997493502,GunPoint,102
0,0,0.05,feature_ablation,mrsqm,0.0,0.0,0.21333333333333335,0.45591909228109034,0.17324455367053526,0,0,0.03836606400000164,1.928600249812007e-05,GunPoint,102
0,0,0.1,feature_ablation,mrsqm,0.0,0.0,0.16666666666666666,0.44820499334143,0.5140027283668172,0,0,0.03836606400000164,1.928600249812007e-05,GunPoint,102
0,0,0.2,feature_ablation,mrsqm,0.30434782608695654,0.4666666666666667,0.10666666666666667,0.9820300586661833,0.9892784304889041,1,1,0.03836606400000164,1.928600249812007e-05,GunPoint,102
0,0,0.05,tshap_centroid,tshap_zero,0.0,0.0,0.20666666666666667,-0.13348207742432072,-0.2836850664369016,0,0,0.015148543996474473,0.005414642997493502,GunPoint,102
0,0,0.1,tshap_centroid,tshap_zero,0.0,0.0,0.20666666666666667,0.06815738272352934,-0.2518393607867194,0,0,0.015148543996474473,0.005414642997493502,GunPoint,102
0,0,0.2,tshap_centroid,tshap_zero,0.09090909090909091,0.16666666666666666,0.16666666666666666,0.330804548654001,0.16853407531918663,0,0,0.015148543996474473,0.005414642997493502,GunPoint,102
0,0,0.05,tshap_centroid,mrsqm,0.0,0.0,0.36666666666666664,-0.13348207742432072,0.17324455367053526,0,0,0.015148543996474473,1.928600249812007e-05,GunPoint,102
0,0,0.1,tshap_centroid,mrsqm,0.0,0.0,0.34,0.06815738272352934,0.5140027283668172,0,0,0.015148543996474473,1.928600249812007e-05,GunPoint,102
0,0,0.2,tshap_centroid,mrsqm,0.0,0.0,0.3,0.330804548654001,0.9892784304889041,0,1,0.015148543996474473,1.928600249812007e-05,GunPoint,102
0,0,0.05,tshap_zero,mrsqm,0.0,0.0,0.5733333333333334,-0.2836850664369016,0.17324455367053526,0,0,0.005414642997493502,1.928600249812007e-05,GunPoint,102
0,0,0.1,tshap_zero,mrsqm,0.0,0.0,0.5466666666666666,-0.2518393607867194,0.5140027283668172,0,0,0.005414642997493502,1.928600249812007e-05,GunPoint,102
0,0,0.2,tshap_zero,mrsqm,0.0,0.0,0.4666666666666667,0.16853407531918663,0.9892784304889041,0,1,0.005414642997493502,1.928600249812007e-05,GunPoint,102
1,1,0.05,hydra,shapley_sampling,0.0,0.0,0.23333333333333334,0.17017660722130667,0.6503783253678552,0,0,0.08072613299736986,0.8708792199977324,GunPoint,104
1,1,0.1,hydra,shapley_sampling,0.0,0.0,0.20666666666666667,0.34133204961787367,0.5869924921842289,0,0,0.08072613299736986,0.8708792199977324,GunPoint,104
1,1,0.2,hydra,shapley_sampling,0.17647058823529413,0.3,0.14,-0.15252007703726023,0.1465958983057032,0,0,0.08072613299736986,0.8708792199977324,GunPoint,104
1,1,0.05,hydra,feature_ablation,0.0,0.0,0.18,0.17017660722130667,0.6863849605150769,0,0,0.08072613299736986,0.038422880999860354,GunPoint,104
1,1,0.1,hydra,feature_ablation,0.0,0.0,0.2,0.34133204961787367,0.5558665745272433,0,0,0.08072613299736986,0.038422880999860354,GunPoint,104
1,1,0.2,hydra,feature_ablation,0.0,0.0,0.23333333333333334,-0.15252007703726023,0.4265772788724962,0,0,0.08072613299736986,0.038422880999860354,GunPoint,104
1,1,0.05,hydra,tshap_centroid,0.0,0.0,0.06666666666666667,0.17017660722130667,0.3968269472546594,0,0,0.08072613299736986,0.005477351001900388,GunPoint,104
1,1,0.1,hydra,tshap_centroid,0.15384615384615385,0.26666666666666666,0.07333333333333333,0.34133204961787367,0.3984688309838127,0,0,0.08072613299736986,0.005477351001900388,GunPoint,104
1,1,0.2,hydra,tshap_centroid,0.0,0.0,0.49333333333333335,-0.15252007703726023,0.15304378950383057,0,0,0.08072613299736986,0.005477351001900388,GunPoint,104
1,1,0.05,hydra,tshap_zero,0.0,0.0,0.16666666666666666,0.17017660722130667,0.6655582903235263,0,0,0.08072613299736986,0.005316569000569871,GunPoint,104
1,1,0.1,hydra,tshap_zero,0.0,0.0,0.16,0.34133204961787367,0.7275311246586692,0,0,0.08072613299736986,0.005316569000569871,GunPoint,104
1,1,0.2,hydra,tshap_zero,0.0,0.0,0.23333333333333334,-0.15252007703726023,0.4265772862500088,0,0,0.08072613299736986,0.005316569000569871,GunPoint,104
1,1,0.05,hydra,mrsqm,0.0,0.0,0.66,0.17017660722130667,0.07252930974191518,0,0,0.08072613299736986,1.862499993876554e-05,GunPoint,104
1,1,0.1,hydra,mrsqm,0.0,0.0,0.6333333333333333,0.34133204961787367,-0.007206684924536577,0,0,0.08072613299736986,1.862499993876554e-05,GunPoint,104
1,1,0.2,hydra,mrsqm,0.01694915254237288,0.03333333333333333,0.19333333333333333,-0.15252007703726023,-0.35054956517480707,0,0,0.08072613299736986,1.862499993876554e-05,GunPoint,104
1,1,0.05,shapley_sampling,feature_ablation,0.0,0.0,0.05333333333333334,0.6503783253678552,0.6863849605150769,0,0,0.8708792199977324,0.038422880999860354,GunPoint,104
1,1,0.1,shapley_sampling,feature_ablation,0.875,0.9333333333333333,0.006666666666666667,0.5869924921842289,0.5558665745272433,0,0,0.8708792199977324,0.038422880999860354,GunPoint,104
1,1,0.2,shapley_sampling,feature_ablation,0.36363636363636365,0.5333333333333333,0.09333333333333334,0.1465958983057032,0.4265772788724962,0,0,0.8708792199977324,0.038422880999860354,GunPoint,104
1,1,0.05,shapley_sampling,tshap_centroid,0.0,0.0,0.3,0.6503783253678552,0.3968269472546594,0,0,0.8708792199977324,0.005477351001900388,GunPoint,104
1,1,0.1,shapley_sampling,tshap_centroid,0.0,0.0,0.28,0.5869924921842289,0.3984688309838127,0,0,0.8708792199977324,0.005477351001900388,GunPoint,104
1,1,0.2,shapley_sampling,tshap_centroid,0.0,0.0,0.35333333333333333,0.1465958983057032,0.15304378950383057,0,0,0.8708792199977324,0.005477351001900388,GunPoint,104
1,1,0.05,shapley_sampling,tshap_zero,0.0,0.0,0.06666666666666667,0.6503783253678552,0.6655582903235263,0,0,0.8708792199977324,0.005316569000569871,GunPoint,104
1,1,0.1,shapley_sampling,tshap_zero,0.36363636363636365,0.5333333333333333,0.04666666666666667,0.5869924921842289,0.7275311246586692,0,0,0.8708792199977324,0.005316569000569871,GunPoint,104
1,1,0.2,shapley_sampling,tshap_zero,0.36363636363636365,0.5333333333333333,0.09333333333333334,0.1465958983057032,0.4265772862500088,0,0,0.8708792199977324,0.005316569000569871,GunPoint,104
1,1,0.05,shapley_sampling,mrsqm,0.0,0.0,0.4266666666666667,0.6503783253678552,0.07252930974191518,0,0,0.8708792199977324,1.862499993876554e-05,GunPoint,104
1,1,0.1,shapley_sampling,mrsqm,0.0,0.0,0.4266666666666667,0.5869924921842289,-0.007206684924536577,0,0,0.8708792199977324,1.862499993876554e-05,GunPoint,104
1,1,0.2,shapley_sampling,mrsqm,0.0,0.0,0.3333333333333333,0.1465958983057032,-0.35054956517480707,0,0,0.8708792199977324,1.862499993876554e-05,GunPoint,104
1,1,0.05,feature_ablation,tshap_centroid,0.0,0.0,0.24666666666666667,0.6863849605150769,0.3968269472546594,0,0,0.038422880999860354,0.005477351001900388,GunPoint,104
1,1,0.1,feature_ablation,tshap_centroid,0.0,0.0,0.2733333333333333,0.5558665745272433,0.3984688309838127,0,0,0.038422880999860354,0.005477351001900388,GunPoint,104
1,1,0.2,feature_ablation,tshap_centroid,0.0,0.0,0.26,0.4265772788724962,0.15304378950383057,0,0,0.038422880999860354,0.005477351001900388,GunPoint,104
1,1,0.05,feature_ablation,tshap_zero,0.6,0.75,0.013333333333333334,0.6863849605150769,0.6655582903235263,0,0,0.038422880999860354,0.005316569000569871,GunPoint,104
1,1,0.1,feature_ablation,tshap_zero,0.42857142857142855,0.6,0.04,0.5558665745272433,0.7275311246586692,0,0,0.038422880999860354,0.005316569000569871,GunPoint,104
1,1,0.2,feature_ablation,tshap_zero,1.0,1.0,0.0,0.4265772788724962,0.4265772862500088,0,0,0.038422880999860354,0.005316569000569871,GunPoint,104
1,1,0.05,feature_ablation,mrsqm,0.0,0.0,0.48,0.6863849605150769,0.07252930974191518,0,0,0.038422880999860354,1.862499993876554e-05,GunPoint,104
1,1,0.1,feature_ablation,mrsqm,0.0,0.0,0.43333333333333335,0.5558665745272433,-0.007206684924536577,0,0,0.038422880999860354,1.862499993876554e-05,GunPoint,104
1,1,0.2,feature_ablation,mrsqm,0.0,0.0,0.4266666666666667,0.4265772788724962,-0.35054956517480707,0,0,0.038422880999860354,1.862499993876554e-05,GunPoint,104
1,1,0.05,tshap_centroid,tshap_zero,0.0,0.0,0.23333333333333334,0.3968269472546594,0.6655582903235263,0,0,0.005477351001900388,0.005316569000569871,GunPoint,104
1,1,0.1,tshap_centroid,tshap_zero,0.0,0.0,0.23333333333333334,0.3984688309838127,0.7275311246586692,0,0,0.005477351001900388,0.005316569000569871,GunPoint,104
1,1,0.2,tshap_centroid,tshap_zero,0.0,0.0,0.26,0.15304378950383057,0.4265772862500088,0,0,0.005477351001900388,0.005316569000569871,GunPoint,104
1,1,0.05,tshap_centroid,mrsqm,0.0,0.0,0.7266666666666667,0.3968269472546594,0.07252930974191518,0,0,0.005477351001900388,1.862499993876554e-05,GunPoint,104
1,1,0.1,tshap_centroid,mrsqm,0.0,0.0,0.7066666666666667,0.3984688309838127,-0.007206684924536577,0,0,0.005477351001900388,1.862499993876554e-05,GunPoint,104
1,1,0.2,tshap_centroid,mrsqm,0.0,0.0,0.6866666666666666,0.15304378950383057,-0.35054956517480707,0,0,0.005477351001900388,1.862499993876554e-05,GunPoint,104
1,1,0.05,tshap_zero,mrsqm,0.0,0.0,0.49333333333333335,0.6655582903235263,0.07252930974191518,0,0,0.005316569000569871,1.862499993876554e-05,GunPoint,104
1,1,0.1,tshap_zero,mrsqm,0.0,0.0,0.47333333333333333,0.7275311246586692,-0.007206684924536577,0,0,0.005316569000569871,1.862499993876554e-05,GunPoint,104
1,1,0.2,tshap_zero,mrsqm,0.0,0.0,0.4266666666666667,0.4265772862500088,-0.35054956517480707,0,0,0.005316569000569871,1.862499993876554e-05,GunPoint,104
1,1,0.05,hydra,shapley_sampling,0.0,0.0,0.16,0.35076359795340994,0.31530975990175525,0,0,0.07975093600180116,0.8671074630001385,GunPoint,28
1,1,0.1,hydra,shapley_sampling,0.0,0.0,0.18666666666666668,0.439641589687254,0.02583652755342447,0,0,0.07975093600180116,0.8671074630001385,GunPoint,28
1,1,0.2,hydra,shapley_sampling,0.07142857142857142,0.13333333333333333,0.17333333333333334,0.07021404519030039,-0.2866205166114586,0,0,0.07975093600180116,0.8671074630001385,GunPoint,28
1,1,0.05,hydra,feature_ablation,0.0,0.0,0.21333333333333335,0.35076359795340994,0.7061548124857463,0,0,0.07975093600180116,0.0365394020009262,GunPoint,28
1,1,0.1,hydra,feature_ablation,0.0,0.0,0.18666666666666668,0.439641589687254,0.6357665346876762,0,0,0.07975093600180116,0.0365394020009262,GunPoint,28
1,1,0.2,hydra,feature_ablation,0.0,0.0,0.25333333333333335,0.07021404519030039,0.6252956944718081,0,0,0.07975093600180116,0.0365394020009262,GunPoint,28
1,1,0.05,hydra,tshap_centroid,0.0,0.0,0.07333333333333333,0.35076359795340994,0.36615318488985327,0,0,0.07975093600180116,0.005581407000136096,GunPoint,28
1,1,0.1,hydra,tshap_centroid,0.1111111111111111,0.2,0.08,0.439641589687254,0.19218424076898655,0,0,0.07975093600180116,0.005581407000136096,GunPoint,28
1,1,0.2,hydra,tshap_centroid,0.5,0.6666666666666666,0.06666666666666667,0.07021404519030039,0.129701400485291,0,0,0.07975093600180116,0.005581407000136096,GunPoint,28
1,1,0.05,hydra,tshap_zero,0.0,0.0,0.4533333333333333,0.35076359795340994,0.501339426460055,0,0,0.07975093600180116,0.005481610001879744,GunPoint,28
1,1,0.1,hydra,tshap_zero,0.0,0.0,0.44,0.439641589687254,0.6630210300099817,0,0,0.07975093600180116,0.005481610001879744,GunPoint,28
1,1,0.2,hydra,tshap_zero,0.0,0.0,0.42,0.07021404519030039,0.6707287665559012,0,0,0.07975093600180116,0.005481610001879744,GunPoint,28
1,1,0.05,hydra,mrsqm,0.0,0.0,0.26666666666666666,0.35076359795340994,0.21354950200917477,0,0,0.07975093600180116,1.8585000361781567e-05,GunPoint,28
1,1,0.1,hydra,mrsqm,0.0,0.0,0.24666666666666667,0.439641589687254,-0.010892102923877767,0,0,0.07975093600180116,1.8585000361781567e-05,GunPoint,28
1,1,0.2,hydra,mrsqm,0.07142857142857142,0.13333333333333333,0.17333333333333334,0.07021404519030039,-0.2866205148083596,0,0,0.07975093600180116,1.8585000361781567e-05,GunPoint,28
1,1,0.05,shapley_sampling,feature_ablation,0.0,0.0,0.37333333333333335,0.31530975990175525,0.7061548124857463,0,0,0.8671074630001385,0.0365394020009262,GunPoint,28
1,1,0.1,shapley_sampling,feature_ablation,0.0,0.0,0.37333333333333335,0.02583652755342447,0.6357665346876762,0,0,0.8671074630001385,0.0365394020009262,GunPoint,28
1,1,0.2,shapley_sampling,feature_ablation,0.0,0.0,0.4266666666666667,-0.2866205166114586,0.6252956944718081,0,0,0.8671074630001385,0.0365394020009262,GunPoint,28
1,1,0.05,shapley_sampling,tshap_centroid,0.0,0.0,0.08666666666666667,0.31530975990175525,0.36615318488985327,0,0,0.8671074630001385,0.005581407000136096,GunPoint,28
1,1,0.1,shapley_sampling,tshap_centroid,0.0,0.0,0.10666666666666667,0.02583652755342447,0.19218424076898655,0,0,0.8671074630001385,0.005581407000136096,GunPoint,28
1,1,0.2,shapley_sampling,tshap_centroid,0.30434782608695654,0.4666666666666667,0.10666666666666667,-0.2866205166114586,0.129701400485291,0,0,0.8671074630001385,0.005581407000136096,GunPoint,28
1,1,0.05,shapley_sampling,tshap_zero,0.0,0.0,0.6133333333333333,0.31530975990175525,0.501339426460055,0,0,0.8671074630001385,0.005481610001879744,GunPoint,28
1,1,0.1,shapley_sampling,tshap_zero,0.0,0.0,0.6266666666666667,0.02583652755342447,0.6630210300099817,0,0,0.8671074630001385,0.005481610001879744,GunPoint,28
1,1,0.2,shapley_sampling,tshap_zero,0.0,0.0,0.5933333333333334,-0.2866205166114586,0.6707287665559012,0,0,0.8671074630001385,0.005481610001879744,GunPoint,28
1,1,0.05,shapley_sampling,mrsqm,0.0,0.0,0.10666666666666667,0.31530975990175525,0.21354950200917477,0,0,0.8671074630001385,1.8585000361781567e-05,GunPoint,28
1,1,0.1,shapley_sampling,mrsqm,0.25,0.4,0.06,0.02583652755342447,-0.010892102923877767,0,0,0.8671074630001385,1.8585000361781567e-05,GunPoint,28
1,1,0.2,shapley_sampling,mrsqm,1.0,1.0,0.0,-0.2866205166114586,-0.2866205148083596,0,0,0.8671074630001385,1.8585000361781567e-05,GunPoint,28
1,1,0.05,feature_ablation,tshap_centroid,0.0,0.0,0.2866666666666667,0.7061548124857463,0.36615318488985327,0,0,0.0365394020009262,0.005581407000136096,GunPoint,28
1,1,0.1,feature_ablation,tshap_centroid,0.0,0.0,0.26666666666666666,0.6357665346876762,0.19218424076898655,0,0,0.0365394020009262,0.005581407000136096,GunPoint,28
1,1,0.2,feature_ablation,tshap_centroid,0.0,0.0,0.32,0.6252956944718081,0.129701400485291,0,0,0.0365394020009262,0.005581407000136096,GunPoint,28
1,1,0.05,feature_ablation,tshap_zero,0.0,0.0,0.24,0.7061548124857463,0.501339426460055,0,0,0.0365394020009262,0.005481610001879744,GunPoint,28
1,1,0.1,feature_ablation,tshap_zero,0.0,0.0,0.25333333333333335,0.6357665346876762,0.6630210300099817,0,0,0.0365394020009262,0.005481610001879744,GunPoint,28
1,1,0.2,feature_ablation,tshap_zero,0.09090909090909091,0.16666666666666666,0.16666666666666666,0.6252956944718081,0.6707287665559012,0,0,0.0365394020009262,0.005481610001879744,GunPoint,28
1,1,0.05,feature_ablation,mrsqm,0.0,0.0,0.48,0.7061548124857463,0.21354950200917477,0,0,0.0365394020009262,1.8585000361781567e-05,GunPoint,28
1,1,0.1,feature_ablation,mrsqm,0.0,0.0,0.43333333333333335,0.6357665346876762,-0.010892102923877767,0,0,0.0365394020009262,1.8585000361781567e-05,GunPoint,28
1,1,0.2,feature_ablation,mrsqm,0.0,0.0,0.4266666666666667,0.6252956944718081,-0.2866205148083596,0,0,0.0365394020009262,1.8585000361781567e-05,GunPoint,28
1,1,0.05,tshap_centroid,tshap_zero,0.0,0.0,0.5266666666666666,0.36615318488985327,0.501339426460055,0,0,0.005581407000136096,0.005481610001879744,GunPoint,28
1,1,0.1,tshap_centroid,tshap_zero,0.0,0.0,0.52,0.19218424076898655,0.6630210300099817,0,0,0.005581407000136096,0.005481610001879744,GunPoint,28
1,1,0.2,tshap_centroid,tshap_zero,0.0,0.0,0.4866666666666667,0.129701400485291,0.6707287665559012,0,0,0.005581407000136096,0.005481610001879744,GunPoint,28
1,1,0.05,tshap_centroid,mrsqm,0.0,0.0,0.19333333333333333,0.36615318488985327,0.21354950200917477,0,0,0.005581407000136096,1.8585000361781567e-05,GunPoint,28
1,1,0.1,tshap_centroid,mrsqm,0.0,0.0,0.16666666666666666,0.19218424076898655,-0.010892102923877767,0,0,0.005581407000136096,1.8585000361781567e-05,GunPoint,28
1,1,0.2,tshap_centroid,mrsqm,0.30434782608695654,0.4666666666666667,0.10666666666666667,0.129701400485291,-0.2866205148083596,0,0,0.005581407000136096,1.8585000361781567e-05,GunPoint,28
1,1,0.05,tshap_zero,mrsqm,0.0,0.0,0.72,0.501339426460055,0.21354950200917477,0,0,0.005481610001879744,1.8585000361781567e-05,GunPoint,28
1,1,0.1,tshap_zero,mrsqm,0.0,0.0,0.6866666666666666,0.6630210300099817,-0.010892102923877767,0,0,0.005481610001879744,1.8585000361781567e-05,GunPoint,28
1,1,0.2,tshap_zero,mrsqm,0.0,0.0,0.5933333333333334,0.6707287665559012,-0.2866205148083596,0,0,0.005481610001879744,1.8585000361781567e-05,GunPoint,28
0,0,0.05,hydra,shapley_sampling,0.0,0.0,0.13333333333333333,0.26101641396290354,0.1016120673270623,0,0,0.08089450999977998,0.86617937399933,GunPoint,138
0,0,0.1,hydra,shapley_sampling,0.0,0.0,0.15333333333333332,0.37113236093055746,0.6096391504900474,0,0,0.08089450999977998,0.86617937399933,GunPoint,138
0,0,0.2,hydra,shapley_sampling,0.5384615384615384,0.7,0.06,0.8876298561671353,0.9135607846043223,1,1,0.08089450999977998,0.86617937399933,GunPoint,138
0,0,0.05,hydra,feature_ablation,0.3333333333333333,0.5,0.02666666666666667,0.26101641396290354,0.3963433670003397,0,0,0.08089450999977998,0.03685807199872215,GunPoint,138
0,0,0.1,hydra,feature_ablation,0.30434782608695654,0.4666666666666667,0.05333333333333334,0.37113236093055746,0.25885036088628854,0,0,0.08089450999977998,0.03685807199872215,GunPoint,138
0,0,0.2,hydra,feature_ablation,0.1320754716981132,0.23333333333333334,0.15333333333333332,0.8876298561671353,0.7684612042912322,1,0,0.08089450999977998,0.03685807199872215,GunPoint,138
0,0,0.05,hydra,tshap_centroid,0.0,0.0,0.15333333333333332,0.26101641396290354,-0.2171134459431665,0,0,0.08089450999977998,0.005378794998250669,GunPoint,138
0,0,0.1,hydra,tshap_centroid,0.0,0.0,0.16,0.37113236093055746,-0.026696086121001605,0,0,0.08089450999977998,0.005378794998250669,GunPoint,138
0,0,0.2,hydra,tshap_centroid,0.0,0.0,0.22666666666666666,0.8876298561671353,0.36023624812243604,1,0,0.08089450999977998,0.005378794998250669,GunPoint,138
0,0,0.05,hydra,tshap_zero,0.0,0.0,0.37333333333333335,0.26101641396290354,-0.31486632159210615,0,0,0.08089450999977998,0.0051735890010604635,GunPoint,138
0,0,0.1,hydra,tshap_zero,0.0,0.0,0.37333333333333335,0.37113236093055746,-0.27537276543586175,0,0,0.08089450999977998,0.0051735890010604635,GunPoint,138
0,0,0.2,hydra,tshap_zero,0.0,0.0,0.4,0.8876298561671353,0.15302160110148944,1,0,0.08089450999977998,0.0051735890010604635,GunPoint,138
0,0,0.05,hydra,mrsqm,0.0,0.0,0.18666666666666668,0.26101641396290354,0.18686674739645726,0,0,0.08089450999977998,2.0388000848470256e-05,GunPoint,138
0,0,0.1,hydra,mrsqm,0.0,0.0,0.16,0.37113236093055746,0.5286421766574707,0,0,0.08089450999977998,2.0388000848470256e-05,GunPoint,138
0,0,0.2,hydra,mrsqm,0.5384615384615384,0.7,0.06,0.8876298561671353,0.9135607834468059,1,1,0.08089450999977998,2.0388000848470256e-05,GunPoint,138
0,0,0.05,shapley_sampling,feature_ablation,0.0,0.0,0.16,0.1016120673270623,0.3963433670003397,0,0,0.86617937399933,0.03685807199872215,GunPoint,138
0,0,0.1,shapley_sampling,feature_ablation,0.0,0.0,0.20666666666666667,0.6096391504900474,0.25885036088628854,0,0,0.86617937399933,0.03685807199872215,GunPoint,138
0,0,0.2,shapley_sampling,feature_ablation,0.0,0.0,0.21333333333333335,0.9135607846043223,0.7684612042912322,1,0,0.86617937399933,0.03685807199872215,GunPoint,138
0,0,0.05,shapley_sampling,tshap_centroid,0.0,0.0,0.2866666666666667,0.1016120673270623,-0.2171134459431665,0,0,0.86617937399933,0.005378794998250669,GunPoint,138
0,0,0.1,shapley_sampling,tshap_centroid,0.0,0.0,0.31333333333333335,0.6096391504900474,-0.026696086121001605,0,0,0.86617937399933,0.005378794998250669,GunPoint,138
0,0,0.2,shapley_sampling,tshap_centroid,0.0,0.0,0.2866666666666667,0.9135607846043223,0.36023624812243604,1,0,0.86617937399933,0.005378794998250669,GunPoint,138
0,0,0.05,shapley_sampling,tshap_zero,0.0,0.0,0.5066666666666667,0.1016120673270623,-0.31486632159210615,0,0,0.86617937399933,0.0051735890010604635,GunPoint,138
0,0,0.1,shapley_sampling,tshap_zero,0.0,0.0,0.5266666666666666,0.6096391504900474,-0.27537276543586175,0,0,0.86617937399933,0.0051735890010604635,GunPoint,138
0,0,0.2,shapley_sampling,tshap_zero,0.0,0.0,0.46,0.9135607846043223,0.15302160110148944,1,0,0.86617937399933,0.0051735890010604635,GunPoint,138
0,0,0.05,shapley_sampling,mrsqm,0.0,0.0,0.05333333333333334,0.1016120673270623,0.18686674739645726,0,0,0.86617937399933,2.0388000848470256e-05,GunPoint,138
0,0,0.1,shapley_sampling,mrsqm,0.875,0.9333333333333333,0.006666666666666667,0.6096391504900474,0.5286421766574707,0,0,0.86617937399933,2.0388000848470256e-05,GunPoint,138
0,0,0.2,shapley_sampling,mrsqm,1.0,1.0,0.0,0.9135607846043223,0.9135607834468059,1,1,0.86617937399933,2.0388000848470256e-05,GunPoint,138
0,0,0.05,feature_ablation,tshap_centroid,0.0,0.0,0.12666666666666668,0.3963433670003397,-0.2171134459431665,0,0,0.03685807199872215,0.005378794998250669,GunPoint,138
0,0,0.1,feature_ablation,tshap_centroid,0.0,0.0,0.10666666666666667,0.25885036088628854,-0.026696086121001605,0,0,0.03685807199872215,0.005378794998250669,GunPoint,138
0,0,0.2,feature_ablation,tshap_centroid,0.4634146341463415,0.6333333333333333,0.07333333333333333,0.7684612042912322,0.36023624812243604,0,0,0.03685807199872215,0.005378794998250669,GunPoint,138
0,0,0.05,feature_ablation,tshap_zero,0.0,0.0,0.3466666666666667,0.3963433670003397,-0.31486632159210615,0,0,0.03685807199872215,0.0051735890010604635,GunPoint,138
0,0,0.1,feature_ablation,tshap_zero,0.0,0.0,0.32,0.25885036088628854,-0.27537276543586175,0,0,0.03685807199872215,0.0051735890010604635,GunPoint,138
0,0,0.2,feature_ablation,tshap_zero,0.0,0.0,0.24666666666666667,0.7684612042912322,0.15302160110148944,0,0,0.03685807199872215,0.0051735890010604635,GunPoint,138
0,0,0.05,feature_ablation,mrsqm,0.0,0.0,0.21333333333333335,0.3963433670003397,0.18686674739645726,0,0,0.03685807199872215,2.0388000848470256e-05,GunPoint,138
0,0,0.1,feature_ablation,mrsqm,0.0,0.0,0.21333333333333335,0.25885036088628854,0.5286421766574707,0,0,0.03685807199872215,2.0388000848470256e-05,GunPoint,138
0,0,0.2,feature_ablation,mrsqm,0.0,0.0,0.21333333333333335,0.7684612042912322,0.9135607834468059,0,1,0.03685807199872215,2.0388000848470256e-05,GunPoint,138
0,0,0.05,tshap_centroid,tshap_zero,0.0,0.0,0.22,-0.2171134459431665,-0.31486632159210615,0,0,0.005378794998250669,0.0051735890010604635,GunPoint,138
0,0,0.1,tshap_centroid,tshap_zero,0.0,0.0,0.21333333333333335,-0.026696086121001605,-0.27537276543586175,0,0,0.005378794998250669,0.0051735890010604635,GunPoint,138
0,0,0.2,tshap_centroid,tshap_zero,0.07142857142857142,0.13333333333333333,0.17333333333333334,0.36023624812243604,0.15302160110148944,0,0,0.005378794998250669,0.0051735890010604635,GunPoint,138
0,0,0.05,tshap_centroid,mrsqm,0.0,0.0,0.34,-0.2171134459431665,0.18686674739645726,0,0,0.005378794998250669,2.0388000848470256e-05,GunPoint,138
0,0,0.1,tshap_centroid,mrsqm,0.0,0.0,0.32,-0.026696086121001605,0.5286421766574707,0,0,0.005378794998250669,2.0388000848470256e-05,GunPoint,138
0,0,0.2,tshap_centroid,mrsqm,0.0,0.0,0.2866666666666667,0.36023624812243604,0.9135607834468059,0,1,0.005378794998250669,2.0388000848470256e-05,GunPoint,138
0,0,0.05,tshap_zero,mrsqm,0.0,0.0,0.56,-0.31486632159210615,0.18686674739645726,0,0,0.0051735890010604635,2.0388000848470256e-05,GunPoint,138
0,0,0.1,tshap_zero,mrsqm,0.0,0.0,0.5333333333333333,-0.27537276543586175,0.5286421766574707,0,0,0.0051735890010604635,2.0388000848470256e-05,GunPoint,138
0,0,0.2,tshap_zero,mrsqm,0.0,0.0,0.46,0.15302160110148944,0.9135607834468059,0,1,0.0051735890010604635,2.0388000848470256e-05,GunPoint,138
1,1,0.05,hydra,shapley_sampling,0.0,0.0,0.11333333333333333,-0.04667445062831188,0.522836074638563,0,0,0.0815713260017219,0.8918035780006903,GunPoint,125
1,1,0.1,hydra,shapley_sampling,0.0,0.0,0.13333333333333333,0.007852835463875829,0.4216146010758205,0,0,0.0815713260017219,0.8918035780006903,GunPoint,125
1,1,0.2,hydra,shapley_sampling,0.0,0.0,0.21333333333333335,-0.0419953936308215,0.15288669471294414,0,0,0.0815713260017219,0.8918035780006903,GunPoint,125
1,1,0.05,hydra,feature_ablation,0.0,0.0,0.11333333333333333,-0.04667445062831188,0.5228360776082219,0,0,0.0815713260017219,0.03831466700285091,GunPoint,125
1,1,0.1,hydra,feature_ablation,0.1111111111111111,0.2,0.08,0.007852835463875829,0.1311803816003586,0,0,0.0815713260017219,0.03831466700285091,GunPoint,125
1,1,0.2,hydra,feature_ablation,0.5,0.6666666666666666,0.06666666666666667,-0.0419953936308215,0.027747560817272143,0,0,0.0815713260017219,0.03831466700285091,GunPoint,125
1,1,0.05,hydra,tshap_centroid,0.0,0.0,0.08666666666666667,-0.04667445062831188,0.4241229976441331,0,0,0.0815713260017219,0.0056044209995889105,GunPoint,125
1,1,0.1,hydra,tshap_centroid,0.1111111111111111,0.2,0.08,0.007852835463875829,0.5291951594979691,0,0,0.0815713260017219,0.0056044209995889105,GunPoint,125
1,1,0.2,hydra,tshap_centroid,0.36363636363636365,0.5333333333333333,0.09333333333333334,-0.0419953936308215,0.10264580556567937,0,0,0.0815713260017219,0.0056044209995889105,GunPoint,125
1,1,0.05,hydra,tshap_zero,0.0,0.0,0.5333333333333333,-0.04667445062831188,0.364123408790968,0,0,0.0815713260017219,0.005977873999654548,GunPoint,125
1,1,0.1,hydra,tshap_zero,0.0,0.0,0.5266666666666666,0.007852835463875829,0.5424048911251793,0,0,0.0815713260017219,0.005977873999654548,GunPoint,125
1,1,0.2,hydra,tshap_zero,0.0,0.0,0.5266666666666666,-0.0419953936308215,0.44174234468052154,0,0,0.0815713260017219,0.005977873999654548,GunPoint,125
1,1,0.05,hydra,mrsqm,0.0,0.0,0.15333333333333332,-0.04667445062831188,0.0572352108055838,0,0,0.0815713260017219,2.242199843749404e-05,GunPoint,125
1,1,0.1,hydra,mrsqm,0.0,0.0,0.13333333333333333,0.007852835463875829,-0.05352045507207559,0,0,0.0815713260017219,2.242199843749404e-05,GunPoint,125
1,1,0.2,hydra,mrsqm,0.5789473684210527,0.7333333333333333,0.05333333333333334,-0.0419953936308215,-0.26113238915708903,0,0,0.0815713260017219,2.242199843749404e-05,GunPoint,125
1,1,0.05,shapley_sampling,feature_ablation,1.0,1.0,0.0,0.522836074638563,0.5228360776082219,0,0,0.8918035780006903,0.03831466700285091,GunPoint,125
1,1,0.1,shapley_sampling,feature_ablation,0.0,0.0,0.21333333333333335,0.4216146010758205,0.1311803816003586,0,0,0.8918035780006903,0.03831466700285091,GunPoint,125
1,1,0.2,shapley_sampling,feature_ablation,0.15384615384615385,0.26666666666666666,0.14666666666666667,0.15288669471294414,0.027747560817272143,0,0,0.8918035780006903,0.03831466700285091,GunPoint,125
1,1,0.05,shapley_sampling,tshap_centroid,0.3333333333333333,0.5,0.02666666666666667,0.522836074638563,0.4241229976441331,0,0,0.8918035780006903,0.0056044209995889105,GunPoint,125
1,1,0.1,shapley_sampling,tshap_centroid,0.30434782608695654,0.4666666666666667,0.05333333333333334,0.4216146010758205,0.5291951594979691,0,0,0.8918035780006903,0.0056044209995889105,GunPoint,125
1,1,0.2,shapley_sampling,tshap_centroid,0.25,0.4,0.12,0.15288669471294414,0.10264580556567937,0,0,0.8918035780006903,0.0056044209995889105,GunPoint,125
1,1,0.05,shapley_sampling,tshap_zero,0.0,0.0,0.42,0.522836074638563,0.364123408790968,0,0,0.8918035780006903,0.005977873999654548,GunPoint,125
1,1,0.1,shapley_sampling,tshap_zero,0.0,0.0,0.3933333333333333,0.4216146010758205,0.5424048911251793,0,0,0.8918035780006903,0.005977873999654548,GunPoint,125
1,1,0.2,shapley_sampling,tshap_zero,0.0,0.0,0.31333333333333335,0.15288669471294414,0.44174234468052154,0,0,0.8918035780006903,0.005977873999654548,GunPoint,125
1,1,0.05,shapley_sampling,mrsqm,0.0,0.0,0.26666666666666666,0.522836074638563,0.0572352108055838,0,0,0.8918035780006903,2.242199843749404e-05,GunPoint,125
1,1,0.1,shapley_sampling,mrsqm,0.0,0.0,0.26666666666666666,0.4216146010758205,-0.05352045507207559,0,0,0.8918035780006903,2.242199843749404e-05,GunPoint,125
1,1,0.2,shapley_sampling,mrsqm,0.0,0.0,0.26666666666666666,0.15288669471294414,-0.26113238915708903,0,0,0.8918035780006903,2.242199843749404e-05,GunPoint,125
1,1,0.05,feature_ablation,tshap_centroid,0.3333333333333333,0.5,0.02666666666666667,0.5228360776082219,0.4241229976441331,0,0,0.03831466700285091,0.0056044209995889105,GunPoint,125
1,1,0.1,feature_ablation,tshap_centroid,0.0,0.0,0.16,0.1311803816003586,0.5291951594979691,0,0,0.03831466700285091,0.0056044209995889105,GunPoint,125
1,1,0.2,feature_ablation,tshap_centroid,0.7647058823529411,0.8666666666666667,0.02666666666666667,0.027747560817272143,0.10264580556567937,0,0,0.03831466700285091,0.0056044209995889105,GunPoint,125
1,1,0.05,feature_ablation,tshap_zero,0.0,0.0,0.42,0.5228360776082219,0.364123408790968,0,0,0.03831466700285091,0.005977873999654548,GunPoint,125
1,1,0.1,feature_ablation,tshap_zero,0.0,0.0,0.6066666666666667,0.1311803816003586,0.5424048911251793,0,0,0.03831466700285091,0.005977873999654548,GunPoint,125
1,1,0.2,feature_ablation,tshap_zero,0.0,0.0,0.46,0.027747560817272143,0.44174234468052154,0,0,0.03831466700285091,0.005977873999654548,GunPoint,125
1,1,0.05,feature_ablation,mrsqm,0.0,0.0,0.26666666666666666,0.5228360776082219,0.0572352108055838,0,0,0.03831466700285091,2.242199843749404e-05,GunPoint,125
1,1,0.1,feature_ablation,mrsqm,0.30434782608695654,0.4666666666666667,0.05333333333333334,0.1311803816003586,-0.05352045507207559,0,0,0.03831466700285091,2.242199843749404e-05,GunPoint,125
1,1,0.2,feature_ablation,mrsqm,0.25,0.4,0.12,0.027747560817272143,-0.26113238915708903,0,0,0.03831466700285091,2.242199843749404e-05,GunPoint,125
1,1,0.05,tshap_centroid,tshap_zero,0.0,0.0,0.44666666666666666,0.4241229976441331,0.364123408790968,0,0,0.0056044209995889105,0.005977873999654548,GunPoint,125
1,1,0.1,tshap_centroid,tshap_zero,0.0,0.0,0.44666666666666666,0.5291951594979691,0.5424048911251793,0,0,0.0056044209995889105,0.005977873999654548,GunPoint,125
1,1,0.2,tshap_centroid,tshap_zero,0.0,0.0,0.43333333333333335,0.10264580556567937,0.44174234468052154,0,0,0.0056044209995889105,0.005977873999654548,GunPoint,125
1,1,0.05,tshap_centroid,mrsqm,0.0,0.0,0.24,0.4241229976441331,0.0572352108055838,0,0,0.0056044209995889105,2.242199843749404e-05,GunPoint,125
1,1,0.1,tshap_centroid,mrsqm,0.0,0.0,0.21333333333333335,0.5291951594979691,-0.05352045507207559,0,0,0.0056044209995889105,2.242199843749404e-05,GunPoint,125
1,1,0.2,tshap_centroid,mrsqm,0.15384615384615385,0.26666666666666666,0.14666666666666667,0.10264580556567937,-0.26113238915708903,0,0,0.0056044209995889105,2.242199843749404e-05,GunPoint,125
1,1,0.05,tshap_zero,mrsqm,0.0,0.0,0.6866666666666666,0.364123408790968,0.0572352108055838,0,0,0.005977873999654548,2.242199843749404e-05,GunPoint,125
1,1,0.1,tshap_zero,mrsqm,0.0,0.0,0.66,0.5424048911251793,-0.05352045507207559,0,0,0.005977873999654548,2.242199843749404e-05,GunPoint,125
1,1,0.2,tshap_zero,mrsqm,0.0,0.0,0.58,0.44174234468052154,-0.26113238915708903,0,0,0.005977873999654548,2.242199843749404e-05,GunPoint,125
1,1,0.05,hydra,shapley_sampling,0.0,0.0,0.06666666666666667,0.043816773812530296,0.2581999193993383,0,0,0.0801227869997092,0.943364686001587,GunPoint,109
1,1,0.1,hydra,shapley_sampling,0.5,0.6666666666666666,0.03333333333333333,0.11157030687940506,0.10792500916691389,0,0,0.0801227869997092,0.943364686001587,GunPoint,109
1,1,0.2,hydra,shapley_sampling,0.09090909090909091,0.16666666666666666,0.16666666666666666,-0.059138743338234934,0.2391616930667088,0,0,0.0801227869997092,0.943364686001587,GunPoint,109
1,1,0.05,hydra,feature_ablation,0.0,0.0,0.17333333333333334,0.043816773812530296,0.7537031534165836,0,1,0.0801227869997092,0.042584171998896636,GunPoint,109
1,1,0.1,hydra,feature_ablation,0.0,0.0,0.14,0.11157030687940506,0.6593981705252512,0,1,0.0801227869997092,0.042584171998896636,GunPoint,109
1,1,0.2,hydra,feature_ablation,0.05263157894736842,0.1,0.18,-0.059138743338234934,0.3449898565120981,0,0,0.0801227869997092,0.042584171998896636,GunPoint,109
1,1,0.05,hydra,tshap_centroid,0.0,0.0,0.09333333333333334,0.043816773812530296,0.21094892327575832,0,0,0.0801227869997092,0.006013571000949014,GunPoint,109
1,1,0.1,hydra,tshap_centroid,0.0,0.0,0.10666666666666667,0.11157030687940506,0.05651987090585464,0,0,0.0801227869997092,0.006013571000949014,GunPoint,109
1,1,0.2,hydra,tshap_centroid,0.42857142857142855,0.6,0.08,-0.059138743338234934,-0.14472352631823576,0,0,0.0801227869997092,0.006013571000949014,GunPoint,109
1,1,0.05,hydra,tshap_zero,0.0,0.0,0.18,0.043816773812530296,0.7406044871357617,0,1,0.0801227869997092,0.0055988199965213425,GunPoint,109
1,1,0.1,hydra,tshap_zero,0.0,0.0,0.17333333333333334,0.11157030687940506,0.7416904994434224,0,1,0.0801227869997092,0.0055988199965213425,GunPoint,109
1,1,0.2,hydra,tshap_zero,0.0,0.0,0.23333333333333334,-0.059138743338234934,0.406223774158572,0,0,0.0801227869997092,0.0055988199965213425,GunPoint,109
1,1,0.05,hydra,mrsqm,0.0,0.0,0.25333333333333335,0.043816773812530296,-0.003324234402700965,0,0,0.0801227869997092,2.3413998860633e-05,GunPoint,109
1,1,0.1,hydra,mrsqm,0.0,0.0,0.24,0.11157030687940506,-0.17746119873562666,0,0,0.0801227869997092,2.3413998860633e-05,GunPoint,109
1,1,0.2,hydra,mrsqm,0.1320754716981132,0.23333333333333334,0.15333333333333332,-0.059138743338234934,-0.4107696704901613,0,0,0.0801227869997092,2.3413998860633e-05,GunPoint,109
1,1,0.05,shapley_sampling,feature_ablation,0.0,0.0,0.10666666666666667,0.2581999193993383,0.7537031534165836,0,1,0.943364686001587,0.042584171998896636,GunPoint,109
1,1,0.1,shapley_sampling,feature_ablation,0.0,0.0,0.10666666666666667,0.10792500916691389,0.6593981705252512,0,1,0.943364686001587,0.042584171998896636,GunPoint,109
1,1,0.2,shapley_sampling,feature_ablation,0.875,0.9333333333333333,0.013333333333333334,0.2391616930667088,0.3449898565120981,0,0,0.943364686001587,0.042584171998896636,GunPoint,109
1,1,0.05,shapley_sampling,tshap_centroid,0.0,0.0,0.16,0.2581999193993383,0.21094892327575832,0,0,0.943364686001587,0.006013571000949014,GunPoint,109
1,1,0.1,shapley_sampling,tshap_centroid,0.0,0.0,0.14,0.10792500916691389,0.05651987090585464,0,0,0.943364686001587,0.006013571000949014,GunPoint,109
1,1,0.2,shapley_sampling,tshap_centroid,0.0,0.0,0.24666666666666667,0.2391616930667088,-0.14472352631823576,0,0,0.943364686001587,0.006013571000949014,GunPoint,109
1,1,0.05,shapley_sampling,tshap_zero,0.0,0.0,0.11333333333333333,0.2581999193993383,0.7406044871357617,0,1,0.943364686001587,0.0055988199965213425,GunPoint,109
1,1,0.1,shapley_sampling,tshap_zero,0.0,0.0,0.14,0.10792500916691389,0.7416904994434224,0,1,0.943364686001587,0.0055988199965213425,GunPoint,109
1,1,0.2,shapley_sampling,tshap_zero,0.5,0.6666666666666666,0.06666666666666667,0.2391616930667088,0.406223774158572,0,0,0.943364686001587,0.0055988199965213425,GunPoint,109
1,1,0.05,shapley_sampling,mrsqm,0.0,0.0,0.32,0.2581999193993383,-0.003324234402700965,0,0,0.943364686001587,2.3413998860633e-05,GunPoint,109
1,1,0.1,shapley_sampling,mrsqm,0.0,0.0,0.2733333333333333,0.10792500916691389,-0.17746119873562666,0,0,0.943364686001587,2.3413998860633e-05,GunPoint,109
1,1,0.2,shapley_sampling,mrsqm,0.0,0.0,0.32,0.2391616930667088,-0.4107696704901613,0,0,0.943364686001587,2.3413998860633e-05,GunPoint,109
1,1,0.05,feature_ablation,tshap_centroid,0.0,0.0,0.26666666666666666,0.7537031534165836,0.21094892327575832,1,0,0.042584171998896636,0.006013571000949014,GunPoint,109
1,1,0.1,feature_ablation,tshap_centroid,0.0,0.0,0.24666666666666667,0.6593981705252512,0.05651987090585464,1,0,0.042584171998896636,0.006013571000949014,GunPoint,109
1,1,0.2,feature_ablation,tshap_centroid,0.0,0.0,0.26,0.3449898565120981,-0.14472352631823576,0,0,0.042584171998896636,0.006013571000949014,GunPoint,109
1,1,0.05,feature_ablation,tshap_zero,0.7777777777777778,0.875,0.006666666666666667,0.7537031534165836,0.7406044871357617,1,1,0.042584171998896636,0.0055988199965213425,GunPoint,109
1,1,0.1,feature_ablation,tshap_zero,0.5,0.6666666666666666,0.03333333333333333,0.6593981705252512,0.7416904994434224,1,1,0.042584171998896636,0.0055988199965213425,GunPoint,109
1,1,0.2,feature_ablation,tshap_zero,0.5789473684210527,0.7333333333333333,0.05333333333333334,0.3449898565120981,0.406223774158572,0,0,0.042584171998896636,0.0055988199965213425,GunPoint,109
1,1,0.05,feature_ablation,mrsqm,0.0,0.0,0.4266666666666667,0.7537031534165836,-0.003324234402700965,1,0,0.042584171998896636,2.3413998860633e-05,GunPoint,109
1,1,0.1,feature_ablation,mrsqm,0.0,0.0,0.38,0.6593981705252512,-0.17746119873562666,1,0,0.042584171998896636,2.3413998860633e-05,GunPoint,109
1,1,0.2,feature_ablation,mrsqm,0.0,0.0,0.3333333333333333,0.3449898565120981,-0.4107696704901613,0,0,0.042584171998896636,2.3413998860633e-05,GunPoint,109
1,1,0.05,tshap_centroid,tshap_zero,0.0,0.0,0.2733333333333333,0.21094892327575832,0.7406044871357617,0,1,0.006013571000949014,0.0055988199965213425,GunPoint,109
1,1,0.1,tshap_centroid,tshap_zero,0.0,0.0,0.28,0.05651987090585464,0.7416904994434224,0,1,0.006013571000949014,0.0055988199965213425,GunPoint,109
1,1,0.2,tshap_centroid,tshap_zero,0.0,0.0,0.31333333333333335,-0.14472352631823576,0.406223774158572,0,0,0.006013571000949014,0.0055988199965213425,GunPoint,109
1,1,0.05,tshap_centroid,mrsqm,0.0,0.0,0.16,0.21094892327575832,-0.003324234402700965,0,0,0.006013571000949014,2.3413998860633e-05,GunPoint,109
1,1,0.1,tshap_centroid,mrsqm,0.0,0.0,0.13333333333333333,0.05651987090585464,-0.17746119873562666,0,0,0.006013571000949014,2.3413998860633e-05,GunPoint,109
1,1,0.2,tshap_centroid,mrsqm,0.4634146341463415,0.6333333333333333,0.07333333333333333,-0.14472352631823576,-0.4107696704901613,0,0,0.006013571000949014,2.3413998860633e-05,GunPoint,109
1,1,0.05,tshap_zero,mrsqm,0.0,0.0,0.43333333333333335,0.7406044871357617,-0.003324234402700965,1,0,0.0055988199965213425,2.3413998860633e-05,GunPoint,109
1,1,0.1,tshap_zero,mrsqm,0.0,0.0,0.41333333333333333,0.7416904994434224,-0.17746119873562666,1,0,0.0055988199965213425,2.3413998860633e-05,GunPoint,109
1,1,0.2,tshap_zero,mrsqm,0.0,0.0,0.38666666666666666,0.406223774158572,-0.4107696704901613,0,0,0.0055988199965213425,2.3413998860633e-05,GunPoint,109
1,1,0.05,hydra,shapley_sampling,0.0,0.0,0.56,0.16238922570860193,0.030069413656912514,0,0,0.08311128800050938,0.9514122600012342,GunPoint,18
1,1,0.1,hydra,shapley_sampling,0.0,0.0,0.5466666666666666,0.2847270980066805,-0.2493060597350668,0,0,0.08311128800050938,0.9514122600012342,GunPoint,18
1,1,0.2,hydra,shapley_sampling,0.8181818181818182,0.9,0.02,-0.4210722470369487,-0.5207545907627703,0,0,0.08311128800050938,0.9514122600012342,GunPoint,18
1,1,0.05,hydra,feature_ablation,0.0,0.0,0.24,0.16238922570860193,0.6963190680416236,0,0,0.08311128800050938,0.0395349360005639,GunPoint,18
1,1,0.1,hydra,feature_ablation,0.0,0.0,0.22666666666666666,0.2847270980066805,0.5860065880848919,0,0,0.08311128800050938,0.0395349360005639,GunPoint,18
1,1,0.2,hydra,feature_ablation,0.0,0.0,0.25333333333333335,-0.4210722470369487,0.2612119480449815,0,0,0.08311128800050938,0.0395349360005639,GunPoint,18
1,1,0.05,hydra,tshap_centroid,0.0,0.0,0.07333333333333333,0.16238922570860193,0.35542473745129327,0,0,0.08311128800050938,0.00570057200093288,GunPoint,18
1,1,0.1,hydra,tshap_centroid,0.2,0.3333333333333333,0.06666666666666667,0.2847270980066805,0.28821780405444575,0,0,0.08311128800050938,0.00570057200093288,GunPoint,18
1,1,0.2,hydra,tshap_centroid,0.0,0.0,0.58,-0.4210722470369487,0.170545463630969,0,0,0.08311128800050938,0.00570057200093288,GunPoint,18
1,1,0.05,hydra,tshap_zero,0.0,0.0,0.18,0.16238922570860193,0.6008866899141349,0,0,0.08311128800050938,0.007165331997384783,GunPoint,18
1,1,0.1,hydra,tshap_zero,0.0,0.0,0.18666666666666668,0.2847270980066805,0.5742525340214342,0,0,0.08311128800050938,0.007165331997384783,GunPoint,18
1,1,0.2,hydra,tshap_zero,0.0,0.0,0.32,-0.4210722470369487,0.34787106203333495,0,0,0.08311128800050938,0.007165331997384783,GunPoint,18
1,1,0.05,hydra,mrsqm,0.0,0.0,0.6666666666666666,0.16238922570860193,0.036001154592871676,0,0,0.08311128800050938,3.299200034234673e-05,GunPoint,18
1,1,0.1,hydra,mrsqm,0.0,0.0,0.6533333333333333,0.2847270980066805,-0.1152403881884001,0,0,0.08311128800050938,3.299200034234673e-05,GunPoint,18
1,1,0.2,hydra,mrsqm,0.22448979591836735,0.36666666666666664,0.12666666666666668,-0.4210722470369487,-0.5496704281928128,0,0,0.08311128800050938,3.299200034234673e-05,GunPoint,18
1,1,0.05,shapley_sampling,feature_ablation,0.0,0.0,0.32,0.030069413656912514,0.6963190680416236,0,0,0.9514122600012342,0.0395349360005639,GunPoint,18
1,1,0.1,shapley_sampling,feature_ablation,0.0,0.0,0.32,-0.2493060597350668,0.5860065880848919,0,0,0.9514122600012342,0.0395349360005639,GunPoint,18
1,1,0.2,shapley_sampling,feature_ablation,0.0,0.0,0.2733333333333333,-0.5207545907627703,0.2612119480449815,0,0,0.9514122600012342,0.0395349360005639,GunPoint,18
1,1,0.05,shapley_sampling,tshap_centroid,0.0,0.0,0.6333333333333333,0.030069413656912514,0.35542473745129327,0,0,0.9514122600012342,0.00570057200093288,GunPoint,18
1,1,0.1,shapley_sampling,tshap_centroid,0.0,0.0,0.6133333333333333,-0.2493060597350668,0.28821780405444575,0,0,0.9514122600012342,0.00570057200093288,GunPoint,18
1,1,0.2,shapley_sampling,tshap_centroid,0.0,0.0,0.6,-0.5207545907627703,0.170545463630969,0,0,0.9514122600012342,0.00570057200093288,GunPoint,18
1,1,0.05,shapley_sampling,tshap_zero,0.0,0.0,0.38,0.030069413656912514,0.6008866899141349,0,0,0.9514122600012342,0.007165331997384783,GunPoint,18
1,1,0.1,shapley_sampling,tshap_zero,0.0,0.0,0.36,-0.2493060597350668,0.5742525340214342,0,0,0.9514122600012342,0.007165331997384783,GunPoint,18
1,1,0.2,shapley_sampling,tshap_zero,0.0,0.0,0.34,-0.5207545907627703,0.34787106203333495,0,0,0.9514122600012342,0.007165331997384783,GunPoint,18
1,1,0.05,shapley_sampling,mrsqm,0.0,0.0,0.10666666666666667,0.030069413656912514,0.036001154592871676,0,0,0.9514122600012342,3.299200034234673e-05,GunPoint,18
1,1,0.1,shapley_sampling,mrsqm,0.0,0.0,0.10666666666666667,-0.2493060597350668,-0.1152403881884001,0,0,0.9514122600012342,3.299200034234673e-05,GunPoint,18
1,1,0.2,shapley_sampling,mrsqm,0.30434782608695654,0.4666666666666667,0.10666666666666667,-0.5207545907627703,-0.5496704281928128,0,0,0.9514122600012342,3.299200034234673e-05,GunPoint,18
1,1,0.05,feature_ablation,tshap_centroid,0.0,0.0,0.31333333333333335,0.6963190680416236,0.35542473745129327,0,0,0.0395349360005639,0.00570057200093288,GunPoint,18
1,1,0.1,feature_ablation,tshap_centroid,0.0,0.0,0.29333333333333333,0.5860065880848919,0.28821780405444575,0,0,0.0395349360005639,0.00570057200093288,GunPoint,18
1,1,0.2,feature_ablation,tshap_centroid,0.0,0.0,0.32666666666666666,0.2612119480449815,0.170545463630969,0,0,0.0395349360005639,0.00570057200093288,GunPoint,18
1,1,0.05,feature_ablation,tshap_zero,0.0,0.0,0.06,0.6963190680416236,0.6008866899141349,0,0,0.0395349360005639,0.007165331997384783,GunPoint,18
1,1,0.1,feature_ablation,tshap_zero,0.42857142857142855,0.6,0.04,0.5860065880848919,0.5742525340214342,0,0,0.0395349360005639,0.007165331997384783,GunPoint,18
1,1,0.2,feature_ablation,tshap_zero,0.5,0.6666666666666666,0.06666666666666667,0.2612119480449815,0.34787106203333495,0,0,0.0395349360005639,0.007165331997384783,GunPoint,18
1,1,0.05,feature_ablation,mrsqm,0.0,0.0,0.4266666666666667,0.6963190680416236,0.036001154592871676,0,0,0.0395349360005639,3.299200034234673e-05,GunPoint,18
1,1,0.1,feature_ablation,mrsqm,0.0,0.0,0.4266666666666667,0.5860065880848919,-0.1152403881884001,0,0,0.0395349360005639,3.299200034234673e-05,GunPoint,18
1,1,0.2,feature_ablation,mrsqm,0.0,0.0,0.38,0.2612119480449815,-0.5496704281928128,0,0,0.0395349360005639,3.299200034234673e-05,GunPoint,18
1,1,0.05,tshap_centroid,tshap_zero,0.0,0.0,0.25333333333333335,0.35542473745129327,0.6008866899141349,0,0,0.00570057200093288,0.007165331997384783,GunPoint,18
1,1,0.1,tshap_centroid,tshap_zero,0.0,0.0,0.25333333333333335,0.28821780405444575,0.5742525340214342,0,0,0.00570057200093288,0.007165331997384783,GunPoint,18
1,1,0.2,tshap_centroid,tshap_zero,0.0,0.0,0.26,0.170545463630969,0.34787106203333495,0,0,0.00570057200093288,0.007165331997384783,GunPoint,18
1,1,0.05,tshap_centroid,mrsqm,0.0,0.0,0.74,0.35542473745129327,0.036001154592871676,0,0,0.00570057200093288,3.299200034234673e-05,GunPoint,18
1,1,0.1,tshap_centroid,mrsqm,0.0,0.0,0.72,0.28821780405444575,-0.1152403881884001,0,0,0.00570057200093288,3.299200034234673e-05,GunPoint,18
1,1,0.2,tshap_centroid,mrsqm,0.0,0.0,0.7066666666666667,0.170545463630969,-0.5496704281928128,0,0,0.00570057200093288,3.299200034234673e-05,GunPoint,18
1,1,0.05,tshap_zero,mrsqm,0.0,0.0,0.4866666666666667,0.6008866899141349,0.036001154592871676,0,0,0.007165331997384783,3.299200034234673e-05,GunPoint,18
1,1,0.1,tshap_zero,mrsqm,0.0,0.0,0.4666666666666667,0.5742525340214342,-0.1152403881884001,0,0,0.007165331997384783,3.299200034234673e-05,GunPoint,18
1,1,0.2,tshap_zero,mrsqm,0.0,0.0,0.44666666666666666,0.34787106203333495,-0.5496704281928128,0,0,0.007165331997384783,3.299200034234673e-05,GunPoint,18
0,0,0.05,hydra,shapley_sampling,0.0,0.0,0.2,0.11118097249238623,0.00864557836189439,0,0,0.08352882500184933,0.8730272979992151,GunPoint,11
0,0,0.1,hydra,shapley_sampling,0.0,0.0,0.18,0.2440372202260611,0.5484726254975066,0,0,0.08352882500184933,0.8730272979992151,GunPoint,11
0,0,0.2,hydra,shapley_sampling,0.30434782608695654,0.4666666666666667,0.10666666666666667,0.9236283547881079,1.0501054167780135,0,0,0.08352882500184933,0.8730272979992151,GunPoint,11
0,0,0.05,hydra,feature_ablation,0.0,0.0,0.5066666666666667,0.11118097249238623,0.3940135742068117,0,0,0.08352882500184933,0.04003956700034905,GunPoint,11
0,0,0.1,hydra,feature_ablation,0.0,0.0,0.48,0.2440372202260611,0.45688100478535476,0,0,0.08352882500184933,0.04003956700034905,GunPoint,11
0,0,0.2,hydra,feature_ablation,0.0,0.0,0.4666666666666667,0.9236283547881079,0.6170082030702349,0,0,0.08352882500184933,0.04003956700034905,GunPoint,11
0,0,0.05,hydra,tshap_centroid,0.0,0.0,0.5,0.11118097249238623,0.3328648386197588,0,0,0.08352882500184933,0.005720539000321878,GunPoint,11
0,0,0.1,hydra,tshap_centroid,0.0,0.0,0.49333333333333335,0.2440372202260611,0.4543443063103285,0,0,0.08352882500184933,0.005720539000321878,GunPoint,11
0,0,0.2,hydra,tshap_centroid,0.0,0.0,0.5333333333333333,0.9236283547881079,0.643667591806516,0,0,0.08352882500184933,0.005720539000321878,GunPoint,11
0,0,0.05,hydra,tshap_zero,0.0,0.0,0.36666666666666664,0.11118097249238623,-0.21304832121681794,0,0,0.08352882500184933,0.0062416820001089945,GunPoint,11
0,0,0.1,hydra,tshap_zero,0.0,0.0,0.36,0.2440372202260611,-0.07099573520184244,0,0,0.08352882500184933,0.0062416820001089945,GunPoint,11
0,0,0.2,hydra,tshap_zero,0.0,0.0,0.3333333333333333,0.9236283547881079,0.15718507729727915,0,0,0.08352882500184933,0.0062416820001089945,GunPoint,11
0,0,0.05,hydra,mrsqm,0.0,0.0,0.25333333333333335,0.11118097249238623,-0.00449366846240129,0,0,0.08352882500184933,2.232200131402351e-05,GunPoint,11
0,0,0.1,hydra,mrsqm,0.0,0.0,0.23333333333333334,0.2440372202260611,0.3452902415481375,0,0,0.08352882500184933,2.232200131402351e-05,GunPoint,11
0,0,0.2,hydra,mrsqm,0.1111111111111111,0.2,0.16,0.9236283547881079,0.982633431519888,0,0,0.08352882500184933,2.232200131402351e-05,GunPoint,11
0,0,0.05,shapley_sampling,feature_ablation,0.0,0.0,0.7066666666666667,0.00864557836189439,0.3940135742068117,0,0,0.8730272979992151,0.04003956700034905,GunPoint,11
0,0,0.1,shapley_sampling,feature_ablation,0.0,0.0,0.66,0.5484726254975066,0.45688100478535476,0,0,0.8730272979992151,0.04003956700034905,GunPoint,11
0,0,0.2,shapley_sampling,feature_ablation,0.0,0.0,0.5733333333333334,1.0501054167780135,0.6170082030702349,0,0,0.8730272979992151,0.04003956700034905,GunPoint,11
0,0,0.05,shapley_sampling,tshap_centroid,0.0,0.0,0.7,0.00864557836189439,0.3328648386197588,0,0,0.8730272979992151,0.005720539000321878,GunPoint,11
0,0,0.1,shapley_sampling,tshap_centroid,0.0,0.0,0.6733333333333333,0.5484726254975066,0.4543443063103285,0,0,0.8730272979992151,0.005720539000321878,GunPoint,11
0,0,0.2,shapley_sampling,tshap_centroid,0.0,0.0,0.64,1.0501054167780135,0.643667591806516,0,0,0.8730272979992151,0.005720539000321878,GunPoint,11
0,0,0.05,shapley_sampling,tshap_zero,0.0,0.0,0.5666666666666667,0.00864557836189439,-0.21304832121681794,0,0,0.8730272979992151,0.0062416820001089945,GunPoint,11
0,0,0.1,shapley_sampling,tshap_zero,0.0,0.0,0.54,0.5484726254975066,-0.07099573520184244,0,0,0.8730272979992151,0.0062416820001089945,GunPoint,11
0,0,0.2,shapley_sampling,tshap_zero,0.0,0.0,0.44,1.0501054167780135,0.15718507729727915,0,0,0.8730272979992151,0.0062416820001089945,GunPoint,11
0,0,0.05,shapley_sampling,mrsqm,0.0,0.0,0.05333333333333334,0.00864557836189439,-0.00449366846240129,0,0,0.8730272979992151,2.232200131402351e-05,GunPoint,11
0,0,0.1,shapley_sampling,mrsqm,0.30434782608695654,0.4666666666666667,0.05333333333333334,0.5484726254975066,0.3452902415481375,0,0,0.8730272979992151,2.232200131402351e-05,GunPoint,11
0,0,0.2,shapley_sampling,mrsqm,0.5789473684210527,0.7333333333333333,0.05333333333333334,1.0501054167780135,0.982633431519888,0,0,0.8730272979992151,2.232200131402351e-05,GunPoint,11
0,0,0.05,feature_ablation,tshap_centroid,0.7777777777777778,0.875,0.006666666666666667,0.3940135742068117,0.3328648386197588,0,0,0.04003956700034905,0.005720539000321878,GunPoint,11
0,0,0.1,feature_ablation,tshap_centroid,0.7647058823529411,0.8666666666666667,0.013333333333333334,0.45688100478535476,0.4543443063103285,0,0,0.04003956700034905,0.005720539000321878,GunPoint,11
0,0,0.2,feature_ablation,tshap_centroid,0.5,0.6666666666666666,0.06666666666666667,0.6170082030702349,0.643667591806516,0,0,0.04003956700034905,0.005720539000321878,GunPoint,11
0,0,0.05,feature_ablation,tshap_zero,0.0,0.0,0.14,0.3940135742068117,-0.21304832121681794,0,0,0.04003956700034905,0.0062416820001089945,GunPoint,11
0,0,0.1,feature_ablation,tshap_zero,0.0,0.0,0.12,0.45688100478535476,-0.07099573520184244,0,0,0.04003956700034905,0.0062416820001089945,GunPoint,11
0,0,0.2,feature_ablation,tshap_zero,0.2,0.3333333333333333,0.13333333333333333,0.6170082030702349,0.15718507729727915,0,0,0.04003956700034905,0.0062416820001089945,GunPoint,11
0,0,0.05,feature_ablation,mrsqm,0.0,0.0,0.76,0.3940135742068117,-0.00449366846240129,0,0,0.04003956700034905,2.232200131402351e-05,GunPoint,11
0,0,0.1,feature_ablation,mrsqm,0.0,0.0,0.7133333333333334,0.45688100478535476,0.3452902415481375,0,0,0.04003956700034905,2.232200131402351e-05,GunPoint,11
0,0,0.2,feature_ablation,mrsqm,0.0,0.0,0.6266666666666667,0.6170082030702349,0.982633431519888,0,0,0.04003956700034905,2.232200131402351e-05,GunPoint,11
0,0,0.05,tshap_centroid,tshap_zero,0.0,0.0,0.13333333333333333,0.3328648386197588,-0.21304832121681794,0,0,0.005720539000321878,0.0062416820001089945,GunPoint,11
0,0,0.1,tshap_centroid,tshap_zero,0.0,0.0,0.13333333333333333,0.4543443063103285,-0.07099573520184244,0,0,0.005720539000321878,0.0062416820001089945,GunPoint,11
0,0,0.2,tshap_centroid,tshap_zero,0.0,0.0,0.2,0.643667591806516,0.15718507729727915,0,0,0.005720539000321878,0.0062416820001089945,GunPoint,11
0,0,0.05,tshap_centroid,mrsqm,0.0,0.0,0.7533333333333333,0.3328648386197588,-0.00449366846240129,0,0,0.005720539000321878,2.232200131402351e-05,GunPoint,11
0,0,0.1,tshap_centroid,mrsqm,0.0,0.0,0.7266666666666667,0.4543443063103285,0.3452902415481375,0,0,0.005720539000321878,2.232200131402351e-05,GunPoint,11
0,0,0.2,tshap_centroid,mrsqm,0.0,0.0,0.6933333333333334,0.643667591806516,0.982633431519888,0,0,0.005720539000321878,2.232200131402351e-05,GunPoint,11
0,0,0.05,tshap_zero,mrsqm,0.0,0.0,0.62,-0.21304832121681794,-0.00449366846240129,0,0,0.0062416820001089945,2.232200131402351e-05,GunPoint,11
0,0,0.1,tshap_zero,mrsqm,0.0,0.0,0.5933333333333334,-0.07099573520184244,0.3452902415481375,0,0,0.0062416820001089945,2.232200131402351e-05,GunPoint,11
0,0,0.2,tshap_zero,mrsqm,0.0,0.0,0.49333333333333335,0.15718507729727915,0.982633431519888,0,0,0.0062416820001089945,2.232200131402351e-05,GunPoint,11
1,1,0.05,hydra,shapley_sampling,0.0,0.0,0.5866666666666667,0.18322381439762325,0.0409355195685599,0,0,0.08151034099864773,0.8774808699999994,GunPoint,87
1,1,0.1,hydra,shapley_sampling,0.0,0.0,0.5666666666666667,0.29977609523761606,-0.2483062255569507,0,0,0.08151034099864773,0.8774808699999994,GunPoint,87
1,1,0.2,hydra,shapley_sampling,0.0,0.0,0.62,-0.06372256773824736,-0.8008113198478167,0,0,0.08151034099864773,0.8774808699999994,GunPoint,87
1,1,0.05,hydra,feature_ablation,0.0,0.0,0.21333333333333335,0.18322381439762325,0.6219577500891029,0,1,0.08151034099864773,0.04212267200273345,GunPoint,87
1,1,0.1,hydra,feature_ablation,0.0,0.0,0.18666666666666668,0.29977609523761606,0.5389029883947698,0,1,0.08151034099864773,0.04212267200273345,GunPoint,87
1,1,0.2,hydra,feature_ablation,0.01694915254237288,0.03333333333333333,0.19333333333333333,-0.06372256773824736,0.18027910026622496,0,0,0.08151034099864773,0.04212267200273345,GunPoint,87
1,1,0.05,hydra,tshap_centroid,0.0,0.0,0.11333333333333333,0.18322381439762325,0.2236045445944374,0,0,0.08151034099864773,0.005973375002213288,GunPoint,87
1,1,0.1,hydra,tshap_centroid,0.0,0.0,0.10666666666666667,0.29977609523761606,0.06482347317549036,0,0,0.08151034099864773,0.005973375002213288,GunPoint,87
1,1,0.2,hydra,tshap_centroid,0.3333333333333333,0.5,0.1,-0.06372256773824736,-0.1272432055601629,0,0,0.08151034099864773,0.005973375002213288,GunPoint,87
1,1,0.05,hydra,tshap_zero,0.0,0.0,0.2,0.18322381439762325,0.6347956928576736,0,1,0.08151034099864773,0.0064542619984422345,GunPoint,87
1,1,0.1,hydra,tshap_zero,0.0,0.0,0.2,0.29977609523761606,0.5811781250090587,0,1,0.08151034099864773,0.0064542619984422345,GunPoint,87
1,1,0.2,hydra,tshap_zero,0.0,0.0,0.22666666666666666,-0.06372256773824736,0.41743920323212624,0,1,0.08151034099864773,0.0064542619984422345,GunPoint,87
1,1,0.05,hydra,mrsqm,0.0,0.0,0.26666666666666666,0.18322381439762325,0.14339202702414272,0,0,0.08151034099864773,2.2422002075472847e-05,GunPoint,87
1,1,0.1,hydra,mrsqm,0.0,0.0,0.24666666666666667,0.29977609523761606,0.014475046248305534,0,0,0.08151034099864773,2.2422002075472847e-05,GunPoint,87
1,1,0.2,hydra,mrsqm,0.05263157894736842,0.1,0.18,-0.06372256773824736,-0.3140278460906667,0,0,0.08151034099864773,2.2422002075472847e-05,GunPoint,87
1,1,0.05,shapley_sampling,feature_ablation,0.0,0.0,0.37333333333333335,0.0409355195685599,0.6219577500891029,0,1,0.8774808699999994,0.04212267200273345,GunPoint,87
1,1,0.1,shapley_sampling,feature_ablation,0.0,0.0,0.38,-0.2483062255569507,0.5389029883947698,0,1,0.8774808699999994,0.04212267200273345,GunPoint,87
1,1,0.2,shapley_sampling,feature_ablation,0.0,0.0,0.4266666666666667,-0.8008113198478167,0.18027910026622496,0,0,0.8774808699999994,0.04212267200273345,GunPoint,87
1,1,0.05,shapley_sampling,tshap_centroid,0.0,0.0,0.7,0.0409355195685599,0.2236045445944374,0,0,0.8774808699999994,0.005973375002213288,GunPoint,87
1,1,0.1,shapley_sampling,tshap_centroid,0.0,0.0,0.6733333333333333,-0.2483062255569507,0.06482347317549036,0,0,0.8774808699999994,0.005973375002213288,GunPoint,87
1,1,0.2,shapley_sampling,tshap_centroid,0.0,0.0,0.72,-0.8008113198478167,-0.1272432055601629,0,0,0.8774808699999994,0.005973375002213288,GunPoint,87
1,1,0.05,shapley_sampling,tshap_zero,0.0,0.0,0.38666666666666666,0.0409355195685599,0.6347956928576736,0,1,0.8774808699999994,0.0064542619984422345,GunPoint,87
1,1,0.1,shapley_sampling,tshap_zero,0.0,0.0,0.36666666666666664,-0.2483062255569507,0.5811781250090587,0,1,0.8774808699999994,0.0064542619984422345,GunPoint,87
1,1,0.2,shapley_sampling,tshap_zero,0.0,0.0,0.3933333333333333,-0.8008113198478167,0.41743920323212624,0,1,0.8774808699999994,0.0064542619984422345,GunPoint,87
1,1,0.05,shapley_sampling,mrsqm,0.0,0.0,0.8533333333333334,0.0409355195685599,0.14339202702414272,0,0,0.8774808699999994,2.2422002075472847e-05,GunPoint,87
1,1,0.1,shapley_sampling,mrsqm,0.0,0.0,0.8133333333333334,-0.2483062255569507,0.014475046248305534,0,0,0.8774808699999994,2.2422002075472847e-05,GunPoint,87
1,1,0.2,shapley_sampling,mrsqm,0.0,0.0,0.8,-0.8008113198478167,-0.3140278460906667,0,0,0.8774808699999994,2.2422002075472847e-05,GunPoint,87
1,1,0.05,feature_ablation,tshap_centroid,0.0,0.0,0.32666666666666666,0.6219577500891029,0.2236045445944374,1,0,0.04212267200273345,0.005973375002213288,GunPoint,87
1,1,0.1,feature_ablation,tshap_centroid,0.0,0.0,0.29333333333333333,0.5389029883947698,0.06482347317549036,1,0,0.04212267200273345,0.005973375002213288,GunPoint,87
1,1,0.2,feature_ablation,tshap_centroid,0.0,0.0,0.29333333333333333,0.18027910026622496,-0.1272432055601629,0,0,0.04212267200273345,0.005973375002213288,GunPoint,87
1,1,0.05,feature_ablation,tshap_zero,0.6,0.75,0.013333333333333334,0.6219577500891029,0.6347956928576736,1,1,0.04212267200273345,0.0064542619984422345,GunPoint,87
1,1,0.1,feature_ablation,tshap_zero,0.7647058823529411,0.8666666666666667,0.013333333333333334,0.5389029883947698,0.5811781250090587,1,1,0.04212267200273345,0.0064542619984422345,GunPoint,87
1,1,0.2,feature_ablation,tshap_zero,0.7142857142857143,0.8333333333333334,0.03333333333333333,0.18027910026622496,0.41743920323212624,0,1,0.04212267200273345,0.0064542619984422345,GunPoint,87
1,1,0.05,feature_ablation,mrsqm,0.0,0.0,0.48,0.6219577500891029,0.14339202702414272,1,0,0.04212267200273345,2.2422002075472847e-05,GunPoint,87
1,1,0.1,feature_ablation,mrsqm,0.0,0.0,0.43333333333333335,0.5389029883947698,0.014475046248305534,1,0,0.04212267200273345,2.2422002075472847e-05,GunPoint,87
1,1,0.2,feature_ablation,mrsqm,0.0,0.0,0.37333333333333335,0.18027910026622496,-0.3140278460906667,0,0,0.04212267200273345,2.2422002075472847e-05,GunPoint,87
1,1,0.05,tshap_centroid,tshap_zero,0.0,0.0,0.31333333333333335,0.2236045445944374,0.6347956928576736,0,1,0.005973375002213288,0.0064542619984422345,GunPoint,87
1,1,0.1,tshap_centroid,tshap_zero,0.0,0.0,0.30666666666666664,0.06482347317549036,0.5811781250090587,0,1,0.005973375002213288,0.0064542619984422345,GunPoint,87
1,1,0.2,tshap_centroid,tshap_zero,0.0,0.0,0.32666666666666666,-0.1272432055601629,0.41743920323212624,0,1,0.005973375002213288,0.0064542619984422345,GunPoint,87
1,1,0.05,tshap_centroid,mrsqm,0.0,0.0,0.15333333333333332,0.2236045445944374,0.14339202702414272,0,0,0.005973375002213288,2.2422002075472847e-05,GunPoint,87
1,1,0.1,tshap_centroid,mrsqm,0.0,0.0,0.14,0.06482347317549036,0.014475046248305534,0,0,0.005973375002213288,2.2422002075472847e-05,GunPoint,87
1,1,0.2,tshap_centroid,mrsqm,0.42857142857142855,0.6,0.08,-0.1272432055601629,-0.3140278460906667,0,0,0.005973375002213288,2.2422002075472847e-05,GunPoint,87
1,1,0.05,tshap_zero,mrsqm,0.0,0.0,0.4666666666666667,0.6347956928576736,0.14339202702414272,1,0,0.0064542619984422345,2.2422002075472847e-05,GunPoint,87
1,1,0.1,tshap_zero,mrsqm,0.0,0.0,0.44666666666666666,0.5811781250090587,0.014475046248305534,1,0,0.0064542619984422345,2.2422002075472847e-05,GunPoint,87
1,1,0.2,tshap_zero,mrsqm,0.0,0.0,0.4066666666666667,0.41743920323212624,-0.3140278460906667,1,0,0.0064542619984422345,2.2422002075472847e-05,GunPoint,87
1,1,0.05,hydra,shapley_sampling,0.0,0.0,0.14,0.29252746740289526,0.7485093569201519,0,0,0.08210898900142638,0.8964977639989229,GunPoint,75
1,1,0.1,hydra,shapley_sampling,0.0,0.0,0.11333333333333333,0.39895757734496884,0.5781097163359991,0,0,0.08210898900142638,0.8964977639989229,GunPoint,75
1,1,0.2,hydra,shapley_sampling,0.4634146341463415,0.6333333333333333,0.07333333333333333,0.10856516243103109,0.18031725861686976,0,0,0.08210898900142638,0.8964977639989229,GunPoint,75
1,1,0.05,hydra,feature_ablation,0.0,0.0,0.19333333333333333,0.29252746740289526,0.9370502177245431,0,0,0.08210898900142638,0.04030862400031765,GunPoint,75
1,1,0.1,hydra,feature_ablation,0.0,0.0,0.21333333333333335,0.39895757734496884,0.9737594533726474,0,0,0.08210898900142638,0.04030862400031765,GunPoint,75
1,1,0.2,hydra,feature_ablation,0.07142857142857142,0.13333333333333333,0.17333333333333334,0.10856516243103109,0.6359168064741483,0,0,0.08210898900142638,0.04030862400031765,GunPoint,75
1,1,0.05,hydra,tshap_centroid,0.0,0.0,0.05333333333333334,0.29252746740289526,0.368736096016429,0,0,0.08210898900142638,0.005492549000337021,GunPoint,75
1,1,0.1,hydra,tshap_centroid,0.2,0.3333333333333333,0.06666666666666667,0.39895757734496884,0.19943844555755863,0,0,0.08210898900142638,0.005492549000337021,GunPoint,75
1,1,0.2,hydra,tshap_centroid,0.4634146341463415,0.6333333333333333,0.07333333333333333,0.10856516243103109,-0.027551601877983778,0,0,0.08210898900142638,0.005492549000337021,GunPoint,75
1,1,0.05,hydra,tshap_zero,0.0,0.0,0.22,0.29252746740289526,0.8622193496626994,0,0,0.08210898900142638,0.0055468519967689645,GunPoint,75
1,1,0.1,hydra,tshap_zero,0.0,0.0,0.22666666666666666,0.39895757734496884,1.0572897774765941,0,0,0.08210898900142638,0.0055468519967689645,GunPoint,75
1,1,0.2,hydra,tshap_zero,0.0,0.0,0.2733333333333333,0.10856516243103109,0.5632167440142367,0,0,0.08210898900142638,0.0055468519967689645,GunPoint,75
1,1,0.05,hydra,mrsqm,0.0,0.0,0.2866666666666667,0.29252746740289526,0.17875721405154077,0,0,0.08210898900142638,1.9536997569957748e-05,GunPoint,75
1,1,0.1,hydra,mrsqm,0.0,0.0,0.26666666666666666,0.39895757734496884,0.07538345664941848,0,0,0.08210898900142638,1.9536997569957748e-05,GunPoint,75
1,1,0.2,hydra,mrsqm,0.0,0.0,0.20666666666666667,0.10856516243103109,-0.2576860191671537,0,0,0.08210898900142638,1.9536997569957748e-05,GunPoint,75
1,1,0.05,shapley_sampling,feature_ablation,0.0,0.0,0.05333333333333334,0.7485093569201519,0.9370502177245431,0,0,0.8964977639989229,0.04030862400031765,GunPoint,75
1,1,0.1,shapley_sampling,feature_ablation,0.0,0.0,0.1,0.5781097163359991,0.9737594533726474,0,0,0.8964977639989229,0.04030862400031765,GunPoint,75
1,1,0.2,shapley_sampling,feature_ablation,0.3333333333333333,0.5,0.1,0.18031725861686976,0.6359168064741483,0,0,0.8964977639989229,0.04030862400031765,GunPoint,75
1,1,0.05,shapley_sampling,tshap_centroid,0.0,0.0,0.19333333333333333,0.7485093569201519,0.368736096016429,0,0,0.8964977639989229,0.005492549000337021,GunPoint,75
1,1,0.1,shapley_sampling,tshap_centroid,0.0,0.0,0.18,0.5781097163359991,0.19943844555755863,0,0,0.8964977639989229,0.005492549000337021,GunPoint,75
1,1,0.2,shapley_sampling,tshap_centroid,0.15384615384615385,0.26666666666666666,0.14666666666666667,0.18031725861686976,-0.027551601877983778,0,0,0.8964977639989229,0.005492549000337021,GunPoint,75
1,1,0.05,shapley_sampling,tshap_zero,0.0,0.0,0.08,0.7485093569201519,0.8622193496626994,0,0,0.8964977639989229,0.0055468519967689645,GunPoint,75
1,1,0.1,shapley_sampling,tshap_zero,0.0,0.0,0.11333333333333333,0.5781097163359991,1.0572897774765941,0,0,0.8964977639989229,0.0055468519967689645,GunPoint,75
1,1,0.2,shapley_sampling,tshap_zero,0.0,0.0,0.2,0.18031725861686976,0.5632167440142367,0,0,0.8964977639989229,0.0055468519967689645,GunPoint,75
1,1,0.05,shapley_sampling,mrsqm,0.0,0.0,0.4266666666666667,0.7485093569201519,0.17875721405154077,0,0,0.8964977639989229,1.9536997569957748e-05,GunPoint,75
1,1,0.1,shapley_sampling,mrsqm,0.0,0.0,0.38,0.5781097163359991,0.07538345664941848,0,0,0.8964977639989229,1.9536997569957748e-05,GunPoint,75
1,1,0.2,shapley_sampling,mrsqm,0.0,0.0,0.28,0.18031725861686976,-0.2576860191671537,0,0,0.8964977639989229,1.9536997569957748e-05,GunPoint,75
1,1,0.05,feature_ablation,tshap_centroid,0.0,0.0,0.24666666666666667,0.9370502177245431,0.368736096016429,0,0,0.04030862400031765,0.005492549000337021,GunPoint,75
1,1,0.1,feature_ablation,tshap_centroid,0.0,0.0,0.28,0.9737594533726474,0.19943844555755863,0,0,0.04030862400031765,0.005492549000337021,GunPoint,75
1,1,0.2,feature_ablation,tshap_centroid,0.0,0.0,0.24666666666666667,0.6359168064741483,-0.027551601877983778,0,0,0.04030862400031765,0.005492549000337021,GunPoint,75
1,1,0.05,feature_ablation,tshap_zero,0.3333333333333333,0.5,0.02666666666666667,0.9370502177245431,0.8622193496626994,0,0,0.04030862400031765,0.0055468519967689645,GunPoint,75
1,1,0.1,feature_ablation,tshap_zero,0.7647058823529411,0.8666666666666667,0.013333333333333334,0.9737594533726474,1.0572897774765941,0,0,0.04030862400031765,0.0055468519967689645,GunPoint,75
1,1,0.2,feature_ablation,tshap_zero,0.3333333333333333,0.5,0.1,0.6359168064741483,0.5632167440142367,0,0,0.04030862400031765,0.0055468519967689645,GunPoint,75
1,1,0.05,feature_ablation,mrsqm,0.0,0.0,0.48,0.9370502177245431,0.17875721405154077,0,0,0.04030862400031765,1.9536997569957748e-05,GunPoint,75
1,1,0.1,feature_ablation,mrsqm,0.0,0.0,0.48,0.9737594533726474,0.07538345664941848,0,0,0.04030862400031765,1.9536997569957748e-05,GunPoint,75
1,1,0.2,feature_ablation,mrsqm,0.0,0.0,0.38,0.6359168064741483,-0.2576860191671537,0,0,0.04030862400031765,1.9536997569957748e-05,GunPoint,75
1,1,0.05,tshap_centroid,tshap_zero,0.0,0.0,0.2733333333333333,0.368736096016429,0.8622193496626994,0,0,0.005492549000337021,0.0055468519967689645,GunPoint,75
1,1,0.1,tshap_centroid,tshap_zero,0.0,0.0,0.29333333333333333,0.19943844555755863,1.0572897774765941,0,0,0.005492549000337021,0.0055468519967689645,GunPoint,75
1,1,0.2,tshap_centroid,tshap_zero,0.0,0.0,0.3466666666666667,-0.027551601877983778,0.5632167440142367,0,0,0.005492549000337021,0.0055468519967689645,GunPoint,75
1,1,0.05,tshap_centroid,mrsqm,0.0,0.0,0.23333333333333334,0.368736096016429,0.17875721405154077,0,0,0.005492549000337021,1.9536997569957748e-05,GunPoint,75
1,1,0.1,tshap_centroid,mrsqm,0.0,0.0,0.2,0.19943844555755863,0.07538345664941848,0,0,0.005492549000337021,1.9536997569957748e-05,GunPoint,75
1,1,0.2,tshap_centroid,mrsqm,0.2,0.3333333333333333,0.13333333333333333,-0.027551601877983778,-0.2576860191671537,0,0,0.005492549000337021,1.9536997569957748e-05,GunPoint,75
1,1,0.05,tshap_zero,mrsqm,0.0,0.0,0.5066666666666667,0.8622193496626994,0.17875721405154077,0,0,0.0055468519967689645,1.9536997569957748e-05,GunPoint,75
1,1,0.1,tshap_zero,mrsqm,0.0,0.0,0.49333333333333335,1.0572897774765941,0.07538345664941848,0,0,0.0055468519967689645,1.9536997569957748e-05,GunPoint,75
1,1,0.2,tshap_zero,mrsqm,0.0,0.0,0.48,0.5632167440142367,-0.2576860191671537,0,0,0.0055468519967689645,1.9536997569957748e-05,GunPoint,75
0,0,0.05,hydra,shapley_sampling,0.0,0.0,0.11333333333333333,0.29300358138815175,0.3291181321571133,0,0,0.08381619600186241,0.9291702089976752,GunPoint,134
0,0,0.1,hydra,shapley_sampling,0.034482758620689655,0.06666666666666667,0.09333333333333334,0.4801523515292386,0.7575289002176008,0,1,0.08381619600186241,0.9291702089976752,GunPoint,134
0,0,0.2,hydra,shapley_sampling,0.6216216216216216,0.7666666666666667,0.04666666666666667,0.9827888588582009,1.0083509846851944,1,1,0.08381619600186241,0.9291702089976752,GunPoint,134
0,0,0.05,hydra,feature_ablation,0.06666666666666667,0.125,0.04666666666666667,0.29300358138815175,0.33867286798383633,0,0,0.08381619600186241,0.0419973870011745,GunPoint,134
0,0,0.1,hydra,feature_ablation,0.6666666666666666,0.8,0.02,0.4801523515292386,0.4659671223202693,0,0,0.08381619600186241,0.0419973870011745,GunPoint,134
0,0,0.2,hydra,feature_ablation,0.8181818181818182,0.9,0.02,0.9827888588582009,1.0523878324724738,1,1,0.08381619600186241,0.0419973870011745,GunPoint,134
0,0,0.05,hydra,tshap_centroid,0.0,0.0,0.58,0.29300358138815175,0.2128087108651754,0,0,0.08381619600186241,0.005851736001204699,GunPoint,134
0,0,0.1,hydra,tshap_centroid,0.0,0.0,0.5733333333333334,0.4801523515292386,0.2310711949764097,0,0,0.08381619600186241,0.005851736001204699,GunPoint,134
0,0,0.2,hydra,tshap_centroid,0.0,0.0,0.2866666666666667,0.9827888588582009,0.31144733920255707,1,0,0.08381619600186241,0.005851736001204699,GunPoint,134
0,0,0.05,hydra,tshap_zero,0.0,0.0,0.44,0.29300358138815175,-0.2849245467445498,0,0,0.08381619600186241,0.005642522999551147,GunPoint,134
0,0,0.1,hydra,tshap_zero,0.0,0.0,0.43333333333333335,0.4801523515292386,-0.35582569599765823,0,0,0.08381619600186241,0.005642522999551147,GunPoint,134
0,0,0.2,hydra,tshap_zero,0.0,0.0,0.4666666666666667,0.9827888588582009,-0.04624669246692348,1,0,0.08381619600186241,0.005642522999551147,GunPoint,134
0,0,0.05,hydra,mrsqm,0.0,0.0,0.22,0.29300358138815175,0.09948716545915626,0,0,0.08381619600186241,2.506700184312649e-05,GunPoint,134
0,0,0.1,hydra,mrsqm,0.0,0.0,0.2,0.4801523515292386,0.4540195022063686,0,0,0.08381619600186241,2.506700184312649e-05,GunPoint,134
0,0,0.2,hydra,mrsqm,0.3333333333333333,0.5,0.1,0.9827888588582009,1.2007827872551775,1,1,0.08381619600186241,2.506700184312649e-05,GunPoint,134
0,0,0.05,shapley_sampling,feature_ablation,0.0,0.0,0.16,0.3291181321571133,0.33867286798383633,0,0,0.9291702089976752,0.0419973870011745,GunPoint,134
0,0,0.1,shapley_sampling,feature_ablation,0.0,0.0,0.11333333333333333,0.7575289002176008,0.4659671223202693,1,0,0.9291702089976752,0.0419973870011745,GunPoint,134
0,0,0.2,shapley_sampling,feature_ablation,0.5,0.6666666666666666,0.06666666666666667,1.0083509846851944,1.0523878324724738,1,1,0.9291702089976752,0.0419973870011745,GunPoint,134
0,0,0.05,shapley_sampling,tshap_centroid,0.0,0.0,0.6933333333333334,0.3291181321571133,0.2128087108651754,0,0,0.9291702089976752,0.005851736001204699,GunPoint,134
0,0,0.1,shapley_sampling,tshap_centroid,0.0,0.0,0.6666666666666666,0.7575289002176008,0.2310711949764097,1,0,0.9291702089976752,0.005851736001204699,GunPoint,134
0,0,0.2,shapley_sampling,tshap_centroid,0.0,0.0,0.3333333333333333,1.0083509846851944,0.31144733920255707,1,0,0.9291702089976752,0.005851736001204699,GunPoint,134
0,0,0.05,shapley_sampling,tshap_zero,0.0,0.0,0.5533333333333333,0.3291181321571133,-0.2849245467445498,0,0,0.9291702089976752,0.005642522999551147,GunPoint,134
0,0,0.1,shapley_sampling,tshap_zero,0.0,0.0,0.5266666666666666,0.7575289002176008,-0.35582569599765823,1,0,0.9291702089976752,0.005642522999551147,GunPoint,134
0,0,0.2,shapley_sampling,tshap_zero,0.0,0.0,0.5133333333333333,1.0083509846851944,-0.04624669246692348,1,0,0.9291702089976752,0.005642522999551147,GunPoint,134
0,0,0.05,shapley_sampling,mrsqm,0.0,0.0,0.10666666666666667,0.3291181321571133,0.09948716545915626,0,0,0.9291702089976752,2.506700184312649e-05,GunPoint,134
0,0,0.1,shapley_sampling,mrsqm,0.0,0.0,0.10666666666666667,0.7575289002176008,0.4540195022063686,1,0,0.9291702089976752,2.506700184312649e-05,GunPoint,134
0,0,0.2,shapley_sampling,mrsqm,0.5789473684210527,0.7333333333333333,0.05333333333333334,1.0083509846851944,1.2007827872551775,1,1,0.9291702089976752,2.506700184312649e-05,GunPoint,134
0,0,0.05,feature_ablation,tshap_centroid,0.0,0.0,0.5333333333333333,0.33867286798383633,0.2128087108651754,0,0,0.0419973870011745,0.005851736001204699,GunPoint,134
0,0,0.1,feature_ablation,tshap_centroid,0.0,0.0,0.5533333333333333,0.4659671223202693,0.2310711949764097,0,0,0.0419973870011745,0.005851736001204699,GunPoint,134
0,0,0.2,feature_ablation,tshap_centroid,0.0,0.0,0.26666666666666666,1.0523878324724738,0.31144733920255707,1,0,0.0419973870011745,0.005851736001204699,GunPoint,134
0,0,0.05,feature_ablation,tshap_zero,0.0,0.0,0.3933333333333333,0.33867286798383633,-0.2849245467445498,0,0,0.0419973870011745,0.005642522999551147,GunPoint,134
0,0,0.1,feature_ablation,tshap_zero,0.0,0.0,0.41333333333333333,0.4659671223202693,-0.35582569599765823,0,0,0.0419973870011745,0.005642522999551147,GunPoint,134
0,0,0.2,feature_ablation,tshap_zero,0.0,0.0,0.44666666666666666,1.0523878324724738,-0.04624669246692348,1,0,0.0419973870011745,0.005642522999551147,GunPoint,134
0,0,0.05,feature_ablation,mrsqm,0.0,0.0,0.26666666666666666,0.33867286798383633,0.09948716545915626,0,0,0.0419973870011745,2.506700184312649e-05,GunPoint,134
0,0,0.1,feature_ablation,mrsqm,0.0,0.0,0.22,0.4659671223202693,0.4540195022063686,0,0,0.0419973870011745,2.506700184312649e-05,GunPoint,134
0,0,0.2,feature_ablation,mrsqm,0.25,0.4,0.12,1.0523878324724738,1.2007827872551775,1,1,0.0419973870011745,2.506700184312649e-05,GunPoint,134
0,0,0.05,tshap_centroid,tshap_zero,0.0,0.0,0.14,0.2128087108651754,-0.2849245467445498,0,0,0.005851736001204699,0.005642522999551147,GunPoint,134
0,0,0.1,tshap_centroid,tshap_zero,0.0,0.0,0.14,0.2310711949764097,-0.35582569599765823,0,0,0.005851736001204699,0.005642522999551147,GunPoint,134
0,0,0.2,tshap_centroid,tshap_zero,0.05263157894736842,0.1,0.18,0.31144733920255707,-0.04624669246692348,0,0,0.005851736001204699,0.005642522999551147,GunPoint,134
0,0,0.05,tshap_centroid,mrsqm,0.0,0.0,0.8,0.2128087108651754,0.09948716545915626,0,0,0.005851736001204699,2.506700184312649e-05,GunPoint,134
0,0,0.1,tshap_centroid,mrsqm,0.0,0.0,0.7733333333333333,0.2310711949764097,0.4540195022063686,0,0,0.005851736001204699,2.506700184312649e-05,GunPoint,134
0,0,0.2,tshap_centroid,mrsqm,0.0,0.0,0.38666666666666666,0.31144733920255707,1.2007827872551775,0,1,0.005851736001204699,2.506700184312649e-05,GunPoint,134
0,0,0.05,tshap_zero,mrsqm,0.0,0.0,0.66,-0.2849245467445498,0.09948716545915626,0,0,0.005642522999551147,2.506700184312649e-05,GunPoint,134
0,0,0.1,tshap_zero,mrsqm,0.0,0.0,0.6333333333333333,-0.35582569599765823,0.4540195022063686,0,0,0.005642522999551147,2.506700184312649e-05,GunPoint,134
0,0,0.2,tshap_zero,mrsqm,0.0,0.0,0.5666666666666667,-0.04624669246692348,1.2007827872551775,0,1,0.005642522999551147,2.506700184312649e-05,GunPoint,134
0,0,0.05,hydra,shapley_sampling,0.0,0.0,0.06,0.21387976116130314,0.18835372648091286,0,0,0.08414243099832674,0.8922981010000512,GunPoint,136
0,0,0.1,hydra,shapley_sampling,0.5,0.6666666666666666,0.03333333333333333,0.44809623306583657,0.4503986850383286,0,0,0.08414243099832674,0.8922981010000512,GunPoint,136
0,0,0.2,hydra,shapley_sampling,0.7142857142857143,0.8333333333333334,0.03333333333333333,0.9251491258829245,0.9605154812066052,1,1,0.08414243099832674,0.8922981010000512,GunPoint,136
0,0,0.05,hydra,feature_ablation,0.7777777777777778,0.875,0.006666666666666667,0.21387976116130314,0.3312602450840498,0,0,0.08414243099832674,0.040165553997212555,GunPoint,136
0,0,0.1,hydra,feature_ablation,0.0,0.0,0.48,0.44809623306583657,0.44424749869094804,0,0,0.08414243099832674,0.040165553997212555,GunPoint,136
0,0,0.2,hydra,feature_ablation,0.0,0.0,0.48,0.9251491258829245,0.5133167912588362,1,0,0.08414243099832674,0.040165553997212555,GunPoint,136
0,0,0.05,hydra,tshap_centroid,0.0,0.0,0.4266666666666667,0.21387976116130314,-0.08013492669902789,0,0,0.08414243099832674,0.005896751001273515,GunPoint,136
0,0,0.1,hydra,tshap_centroid,0.0,0.0,0.42,0.44809623306583657,0.0206708937906378,0,0,0.08414243099832674,0.005896751001273515,GunPoint,136
0,0,0.2,hydra,tshap_centroid,0.0,0.0,0.5333333333333333,0.9251491258829245,0.4135511125591902,1,0,0.08414243099832674,0.005896751001273515,GunPoint,136
0,0,0.05,hydra,tshap_zero,0.0,0.0,0.36,0.21387976116130314,-0.28464891809765924,0,0,0.08414243099832674,0.005644585999107221,GunPoint,136
0,0,0.1,hydra,tshap_zero,0.0,0.0,0.36,0.44809623306583657,-0.2691105553091222,0,0,0.08414243099832674,0.005644585999107221,GunPoint,136
0,0,0.2,hydra,tshap_zero,0.0,0.0,0.38,0.9251491258829245,0.09128309935814838,1,0,0.08414243099832674,0.005644585999107221,GunPoint,136
0,0,0.05,hydra,mrsqm,0.0,0.0,0.20666666666666667,0.21387976116130314,0.09878326036521279,0,0,0.08414243099832674,2.5127999833784997e-05,GunPoint,136
0,0,0.1,hydra,mrsqm,0.0,0.0,0.18666666666666668,0.44809623306583657,0.4462258615733419,0,0,0.08414243099832674,2.5127999833784997e-05,GunPoint,136
0,0,0.2,hydra,mrsqm,0.3953488372093023,0.5666666666666667,0.08666666666666667,0.9251491258829245,0.9654711979413765,1,1,0.08414243099832674,2.5127999833784997e-05,GunPoint,136
0,0,0.05,shapley_sampling,feature_ablation,0.0,0.0,0.05333333333333334,0.18835372648091286,0.3312602450840498,0,0,0.8922981010000512,0.040165553997212555,GunPoint,136
0,0,0.1,shapley_sampling,feature_ablation,0.0,0.0,0.44666666666666666,0.4503986850383286,0.44424749869094804,0,0,0.8922981010000512,0.040165553997212555,GunPoint,136
0,0,0.2,shapley_sampling,feature_ablation,0.0,0.0,0.44666666666666666,0.9605154812066052,0.5133167912588362,1,0,0.8922981010000512,0.040165553997212555,GunPoint,136
0,0,0.05,shapley_sampling,tshap_centroid,0.0,0.0,0.36666666666666664,0.18835372648091286,-0.08013492669902789,0,0,0.8922981010000512,0.005896751001273515,GunPoint,136
0,0,0.1,shapley_sampling,tshap_centroid,0.0,0.0,0.38666666666666666,0.4503986850383286,0.0206708937906378,0,0,0.8922981010000512,0.005896751001273515,GunPoint,136
0,0,0.2,shapley_sampling,tshap_centroid,0.0,0.0,0.5,0.9605154812066052,0.4135511125591902,1,0,0.8922981010000512,0.005896751001273515,GunPoint,136
0,0,0.05,shapley_sampling,tshap_zero,0.0,0.0,0.3,0.18835372648091286,-0.28464891809765924,0,0,0.8922981010000512,0.005644585999107221,GunPoint,136
0,0,0.1,shapley_sampling,tshap_zero,0.0,0.0,0.32666666666666666,0.4503986850383286,-0.2691105553091222,0,0,0.8922981010000512,0.005644585999107221,GunPoint,136
0,0,0.2,shapley_sampling,tshap_zero,0.0,0.0,0.3466666666666667,0.9605154812066052,0.09128309935814838,1,0,0.8922981010000512,0.005644585999107221,GunPoint,136
0,0,0.05,shapley_sampling,mrsqm,0.0,0.0,0.26666666666666666,0.18835372648091286,0.09878326036521279,0,0,0.8922981010000512,2.5127999833784997e-05,GunPoint,136
0,0,0.1,shapley_sampling,mrsqm,0.0,0.0,0.22,0.4503986850383286,0.4462258615733419,0,0,0.8922981010000512,2.5127999833784997e-05,GunPoint,136
0,0,0.2,shapley_sampling,mrsqm,0.25,0.4,0.12,0.9605154812066052,0.9654711979413765,1,1,0.8922981010000512,2.5127999833784997e-05,GunPoint,136
0,0,0.05,feature_ablation,tshap_centroid,0.0,0.0,0.42,0.3312602450840498,-0.08013492669902789,0,0,0.040165553997212555,0.005896751001273515,GunPoint,136
0,0,0.1,feature_ablation,tshap_centroid,0.25,0.4,0.06,0.44424749869094804,0.0206708937906378,0,0,0.040165553997212555,0.005896751001273515,GunPoint,136
0,0,0.2,feature_ablation,tshap_centroid,0.5789473684210527,0.7333333333333333,0.05333333333333334,0.5133167912588362,0.4135511125591902,0,0,0.040165553997212555,0.005896751001273515,GunPoint,136
0,0,0.05,feature_ablation,tshap_zero,0.0,0.0,0.35333333333333333,0.3312602450840498,-0.28464891809765924,0,0,0.040165553997212555,0.005644585999107221,GunPoint,136
0,0,0.1,feature_ablation,tshap_zero,0.0,0.0,0.12,0.44424749869094804,-0.2691105553091222,0,0,0.040165553997212555,0.005644585999107221,GunPoint,136
0,0,0.2,feature_ablation,tshap_zero,0.3333333333333333,0.5,0.1,0.5133167912588362,0.09128309935814838,0,0,0.040165553997212555,0.005644585999107221,GunPoint,136
0,0,0.05,feature_ablation,mrsqm,0.0,0.0,0.21333333333333335,0.3312602450840498,0.09878326036521279,0,0,0.040165553997212555,2.5127999833784997e-05,GunPoint,136
0,0,0.1,feature_ablation,mrsqm,0.0,0.0,0.6666666666666666,0.44424749869094804,0.4462258615733419,0,0,0.040165553997212555,2.5127999833784997e-05,GunPoint,136
0,0,0.2,feature_ablation,mrsqm,0.0,0.0,0.5666666666666667,0.5133167912588362,0.9654711979413765,0,1,0.040165553997212555,2.5127999833784997e-05,GunPoint,136
0,0,0.05,tshap_centroid,tshap_zero,0.0,0.0,0.06666666666666667,-0.08013492669902789,-0.28464891809765924,0,0,0.005896751001273515,0.005644585999107221,GunPoint,136
0,0,0.1,tshap_centroid,tshap_zero,0.25,0.4,0.06,0.0206708937906378,-0.2691105553091222,0,0,0.005896751001273515,0.005644585999107221,GunPoint,136
0,0,0.2,tshap_centroid,tshap_zero,0.1320754716981132,0.23333333333333334,0.15333333333333332,0.4135511125591902,0.09128309935814838,0,0,0.005896751001273515,0.005644585999107221,GunPoint,136
0,0,0.05,tshap_centroid,mrsqm,0.0,0.0,0.6333333333333333,-0.08013492669902789,0.09878326036521279,0,0,0.005896751001273515,2.5127999833784997e-05,GunPoint,136
0,0,0.1,tshap_centroid,mrsqm,0.0,0.0,0.6066666666666667,0.0206708937906378,0.4462258615733419,0,0,0.005896751001273515,2.5127999833784997e-05,GunPoint,136
0,0,0.2,tshap_centroid,mrsqm,0.0,0.0,0.62,0.4135511125591902,0.9654711979413765,0,1,0.005896751001273515,2.5127999833784997e-05,GunPoint,136
0,0,0.05,tshap_zero,mrsqm,0.0,0.0,0.5666666666666667,-0.28464891809765924,0.09878326036521279,0,0,0.005644585999107221,2.5127999833784997e-05,GunPoint,136
0,0,0.1,tshap_zero,mrsqm,0.0,0.0,0.5466666666666666,-0.2691105553091222,0.4462258615733419,0,0,0.005644585999107221,2.5127999833784997e-05,GunPoint,136
0,0,0.2,tshap_zero,mrsqm,0.0,0.0,0.4666666666666667,0.09128309935814838,0.9654711979413765,0,1,0.005644585999107221,2.5127999833784997e-05,GunPoint,136
1,1,0.05,hydra,shapley_sampling,0.0,0.0,0.16666666666666666,0.27340361623329845,0.7533645217376255,0,0,0.08191319999968982,0.8815965550020337,GunPoint,67
1,1,0.1,hydra,shapley_sampling,0.0,0.0,0.18666666666666668,0.31804626352054655,0.6929172500906682,0,0,0.08191319999968982,0.8815965550020337,GunPoint,67
1,1,0.2,hydra,shapley_sampling,0.01694915254237288,0.03333333333333333,0.19333333333333333,0.02084182751007735,0.5220783358118828,0,0,0.08191319999968982,0.8815965550020337,GunPoint,67
1,1,0.05,hydra,feature_ablation,0.0,0.0,0.22,0.27340361623329845,0.7851143966290483,0,0,0.08191319999968982,0.03997913299826905,GunPoint,67
1,1,0.1,hydra,feature_ablation,0.0,0.0,0.19333333333333333,0.31804626352054655,0.7323441406118639,0,0,0.08191319999968982,0.03997913299826905,GunPoint,67
1,1,0.2,hydra,feature_ablation,0.01694915254237288,0.03333333333333333,0.19333333333333333,0.02084182751007735,0.5220783269684489,0,0,0.08191319999968982,0.03997913299826905,GunPoint,67
1,1,0.05,hydra,tshap_centroid,0.0,0.0,0.08666666666666667,0.27340361623329845,0.2537450828820982,0,0,0.08191319999968982,0.005902111002797028,GunPoint,67
1,1,0.1,hydra,tshap_centroid,0.034482758620689655,0.06666666666666667,0.09333333333333334,0.31804626352054655,0.08083591227908538,0,0,0.08191319999968982,0.005902111002797028,GunPoint,67
1,1,0.2,hydra,tshap_centroid,0.36363636363636365,0.5333333333333333,0.09333333333333334,0.02084182751007735,-0.1340725631256986,0,0,0.08191319999968982,0.005902111002797028,GunPoint,67
1,1,0.05,hydra,tshap_zero,0.0,0.0,0.24,0.27340361623329845,0.7573744013670942,0,0,0.08191319999968982,0.006392125000274973,GunPoint,67
1,1,0.1,hydra,tshap_zero,0.0,0.0,0.24,0.31804626352054655,0.8125875321242426,0,0,0.08191319999968982,0.006392125000274973,GunPoint,67
1,1,0.2,hydra,tshap_zero,0.0,0.0,0.26666666666666666,0.02084182751007735,0.6023489745276289,0,0,0.08191319999968982,0.006392125000274973,GunPoint,67
1,1,0.05,hydra,mrsqm,0.0,0.0,0.26,0.27340361623329845,0.24624007588364472,0,0,0.08191319999968982,2.28729986702092e-05,GunPoint,67
1,1,0.1,hydra,mrsqm,0.0,0.0,0.24,0.31804626352054655,0.0818679104832245,0,0,0.08191319999968982,2.28729986702092e-05,GunPoint,67
1,1,0.2,hydra,mrsqm,0.034482758620689655,0.06666666666666667,0.18666666666666668,0.02084182751007735,-0.2611802845774557,0,0,0.08191319999968982,2.28729986702092e-05,GunPoint,67
1,1,0.05,shapley_sampling,feature_ablation,0.0,0.0,0.05333333333333334,0.7533645217376255,0.7851143966290483,0,0,0.8815965550020337,0.03997913299826905,GunPoint,67
1,1,0.1,shapley_sampling,feature_ablation,0.875,0.9333333333333333,0.006666666666666667,0.6929172500906682,0.7323441406118639,0,0,0.8815965550020337,0.03997913299826905,GunPoint,67
1,1,0.2,shapley_sampling,feature_ablation,1.0,1.0,0.0,0.5220783358118828,0.5220783269684489,0,0,0.8815965550020337,0.03997913299826905,GunPoint,67
1,1,0.05,shapley_sampling,tshap_centroid,0.0,0.0,0.25333333333333335,0.7533645217376255,0.2537450828820982,0,0,0.8815965550020337,0.005902111002797028,GunPoint,67
1,1,0.1,shapley_sampling,tshap_centroid,0.0,0.0,0.28,0.6929172500906682,0.08083591227908538,0,0,0.8815965550020337,0.005902111002797028,GunPoint,67
1,1,0.2,shapley_sampling,tshap_centroid,0.0,0.0,0.2866666666666667,0.5220783358118828,-0.1340725631256986,0,0,0.8815965550020337,0.005902111002797028,GunPoint,67
1,1,0.05,shapley_sampling,tshap_zero,0.0,0.0,0.07333333333333333,0.7533645217376255,0.7573744013670942,0,0,0.8815965550020337,0.006392125000274973,GunPoint,67
1,1,0.1,shapley_sampling,tshap_zero,0.30434782608695654,0.4666666666666667,0.05333333333333334,0.6929172500906682,0.8125875321242426,0,0,0.8815965550020337,0.006392125000274973,GunPoint,67
1,1,0.2,shapley_sampling,tshap_zero,0.4634146341463415,0.6333333333333333,0.07333333333333333,0.5220783358118828,0.6023489745276289,0,0,0.8815965550020337,0.006392125000274973,GunPoint,67
1,1,0.05,shapley_sampling,mrsqm,0.0,0.0,0.4266666666666667,0.7533645217376255,0.24624007588364472,0,0,0.8815965550020337,2.28729986702092e-05,GunPoint,67
1,1,0.1,shapley_sampling,mrsqm,0.0,0.0,0.4266666666666667,0.6929172500906682,0.0818679104832245,0,0,0.8815965550020337,2.28729986702092e-05,GunPoint,67
1,1,0.2,shapley_sampling,mrsqm,0.0,0.0,0.38,0.5220783358118828,-0.2611802845774557,0,0,0.8815965550020337,2.28729986702092e-05,GunPoint,67
1,1,0.05,feature_ablation,tshap_centroid,0.0,0.0,0.30666666666666664,0.7851143966290483,0.2537450828820982,0,0,0.03997913299826905,0.005902111002797028,GunPoint,67
1,1,0.1,feature_ablation,tshap_centroid,0.0,0.0,0.2866666666666667,0.7323441406118639,0.08083591227908538,0,0,0.03997913299826905,0.005902111002797028,GunPoint,67
1,1,0.2,feature_ablation,tshap_centroid,0.0,0.0,0.2866666666666667,0.5220783269684489,-0.1340725631256986,0,0,0.03997913299826905,0.005902111002797028,GunPoint,67
1,1,0.05,feature_ablation,tshap_zero,0.45454545454545453,0.625,0.02,0.7851143966290483,0.7573744013670942,0,0,0.03997913299826905,0.006392125000274973,GunPoint,67
1,1,0.1,feature_ablation,tshap_zero,0.36363636363636365,0.5333333333333333,0.04666666666666667,0.7323441406118639,0.8125875321242426,0,0,0.03997913299826905,0.006392125000274973,GunPoint,67
1,1,0.2,feature_ablation,tshap_zero,0.4634146341463415,0.6333333333333333,0.07333333333333333,0.5220783269684489,0.6023489745276289,0,0,0.03997913299826905,0.006392125000274973,GunPoint,67
1,1,0.05,feature_ablation,mrsqm,0.0,0.0,0.48,0.7851143966290483,0.24624007588364472,0,0,0.03997913299826905,2.28729986702092e-05,GunPoint,67
1,1,0.1,feature_ablation,mrsqm,0.0,0.0,0.43333333333333335,0.7323441406118639,0.0818679104832245,0,0,0.03997913299826905,2.28729986702092e-05,GunPoint,67
1,1,0.2,feature_ablation,mrsqm,0.0,0.0,0.38,0.5220783269684489,-0.2611802845774557,0,0,0.03997913299826905,2.28729986702092e-05,GunPoint,67
1,1,0.05,tshap_centroid,tshap_zero,0.0,0.0,0.32666666666666666,0.2537450828820982,0.7573744013670942,0,0,0.005902111002797028,0.006392125000274973,GunPoint,67
1,1,0.1,tshap_centroid,tshap_zero,0.0,0.0,0.3333333333333333,0.08083591227908538,0.8125875321242426,0,0,0.005902111002797028,0.006392125000274973,GunPoint,67
1,1,0.2,tshap_centroid,tshap_zero,0.0,0.0,0.36,-0.1340725631256986,0.6023489745276289,0,0,0.005902111002797028,0.006392125000274973,GunPoint,67
1,1,0.05,tshap_centroid,mrsqm,0.0,0.0,0.17333333333333334,0.2537450828820982,0.24624007588364472,0,0,0.005902111002797028,2.28729986702092e-05,GunPoint,67
1,1,0.1,tshap_centroid,mrsqm,0.0,0.0,0.14666666666666667,0.08083591227908538,0.0818679104832245,0,0,0.005902111002797028,2.28729986702092e-05,GunPoint,67
1,1,0.2,tshap_centroid,mrsqm,0.36363636363636365,0.5333333333333333,0.09333333333333334,-0.1340725631256986,-0.2611802845774557,0,0,0.005902111002797028,2.28729986702092e-05,GunPoint,67
1,1,0.05,tshap_zero,mrsqm,0.0,0.0,0.5,0.7573744013670942,0.24624007588364472,0,0,0.006392125000274973,2.28729986702092e-05,GunPoint,67
1,1,0.1,tshap_zero,mrsqm,0.0,0.0,0.48,0.8125875321242426,0.0818679104832245,0,0,0.006392125000274973,2.28729986702092e-05,GunPoint,67
1,1,0.2,tshap_zero,mrsqm,0.0,0.0,0.4533333333333333,0.6023489745276289,-0.2611802845774557,0,0,0.006392125000274973,2.28729986702092e-05,GunPoint,67
1,1,0.05,hydra,shapley_sampling,1.0,1.0,0.0,-0.002659390054623678,-0.0026593817237305917,0,0,0.08165510400067433,0.9011809180010459,GunPoint,116
1,1,0.1,hydra,shapley_sampling,0.6666666666666666,0.8,0.02,0.0832886233015856,0.11339316454405957,0,0,0.08165510400067433,0.9011809180010459,GunPoint,116
1,1,0.2,hydra,shapley_sampling,0.0,0.0,0.32,-0.23207163768558758,-0.004548242481891673,0,0,0.08165510400067433,0.9011809180010459,GunPoint,116
1,1,0.05,hydra,feature_ablation,0.0,0.0,0.10666666666666667,-0.002659390054623678,0.6146939553474947,0,0,0.08165510400067433,0.03903619599805097,GunPoint,116
1,1,0.1,hydra,feature_ablation,0.0,0.0,0.13333333333333333,0.0832886233015856,0.629719679126582,0,0,0.08165510400067433,0.03903619599805097,GunPoint,116
1,1,0.2,hydra,feature_ablation,0.0,0.0,0.21333333333333335,-0.23207163768558758,0.29911596625561343,0,0,0.08165510400067433,0.03903619599805097,GunPoint,116
1,1,0.05,hydra,tshap_centroid,0.0,0.0,0.11333333333333333,-0.002659390054623678,0.6347638539593141,0,0,0.08165510400067433,0.005984106002870249,GunPoint,116
1,1,0.1,hydra,tshap_centroid,0.0,0.0,0.12,0.0832886233015856,0.6368519589501023,0,0,0.08165510400067433,0.005984106002870249,GunPoint,116
1,1,0.2,hydra,tshap_centroid,0.09090909090909091,0.16666666666666666,0.16666666666666666,-0.23207163768558758,0.3239990481132681,0,0,0.08165510400067433,0.005984106002870249,GunPoint,116
1,1,0.05,hydra,tshap_zero,0.0,0.0,0.47333333333333333,-0.002659390054623678,0.4854798870586239,0,0,0.08165510400067433,0.00561979900157894,GunPoint,116
1,1,0.1,hydra,tshap_zero,0.0,0.0,0.48,0.0832886233015856,0.700555345869809,0,0,0.08165510400067433,0.00561979900157894,GunPoint,116
1,1,0.2,hydra,tshap_zero,0.0,0.0,0.5,-0.23207163768558758,0.4709663099232124,0,0,0.08165510400067433,0.00561979900157894,GunPoint,116
1,1,0.05,hydra,mrsqm,0.0,0.0,0.10666666666666667,-0.002659390054623678,0.11229236401552367,0,0,0.08165510400067433,2.0388000848470256e-05,GunPoint,116
1,1,0.1,hydra,mrsqm,0.1111111111111111,0.2,0.08,0.0832886233015856,-0.07729406777686565,0,0,0.08165510400067433,2.0388000848470256e-05,GunPoint,116
1,1,0.2,hydra,mrsqm,1.0,1.0,0.0,-0.23207163768558758,-0.23207164582143758,0,0,0.08165510400067433,2.0388000848470256e-05,GunPoint,116
1,1,0.05,shapley_sampling,feature_ablation,0.0,0.0,0.10666666666666667,-0.0026593817237305917,0.6146939553474947,0,0,0.9011809180010459,0.03903619599805097,GunPoint,116
1,1,0.1,shapley_sampling,feature_ablation,0.0,0.0,0.15333333333333332,0.11339316454405957,0.629719679126582,0,0,0.9011809180010459,0.03903619599805097,GunPoint,116
1,1,0.2,shapley_sampling,feature_ablation,0.30434782608695654,0.4666666666666667,0.10666666666666667,-0.004548242481891673,0.29911596625561343,0,0,0.9011809180010459,0.03903619599805097,GunPoint,116
1,1,0.05,shapley_sampling,tshap_centroid,0.0,0.0,0.11333333333333333,-0.0026593817237305917,0.6347638539593141,0,0,0.9011809180010459,0.005984106002870249,GunPoint,116
1,1,0.1,shapley_sampling,tshap_centroid,0.0,0.0,0.14,0.11339316454405957,0.6368519589501023,0,0,0.9011809180010459,0.005984106002870249,GunPoint,116
1,1,0.2,shapley_sampling,tshap_centroid,0.1320754716981132,0.23333333333333334,0.15333333333333332,-0.004548242481891673,0.3239990481132681,0,0,0.9011809180010459,0.005984106002870249,GunPoint,116
1,1,0.05,shapley_sampling,tshap_zero,0.0,0.0,0.47333333333333333,-0.0026593817237305917,0.4854798870586239,0,0,0.9011809180010459,0.00561979900157894,GunPoint,116
1,1,0.1,shapley_sampling,tshap_zero,0.0,0.0,0.5,0.11339316454405957,0.700555345869809,0,0,0.9011809180010459,0.00561979900157894,GunPoint,116
1,1,0.2,shapley_sampling,tshap_zero,0.05263157894736842,0.1,0.18,-0.004548242481891673,0.4709663099232124,0,0,0.9011809180010459,0.00561979900157894,GunPoint,116
1,1,0.05,shapley_sampling,mrsqm,0.0,0.0,0.10666666666666667,-0.0026593817237305917,0.11229236401552367,0,0,0.9011809180010459,2.0388000848470256e-05,GunPoint,116
1,1,0.1,shapley_sampling,mrsqm,0.25,0.4,0.06,0.11339316454405957,-0.07729406777686565,0,0,0.9011809180010459,2.0388000848470256e-05,GunPoint,116
1,1,0.2,shapley_sampling,mrsqm,0.0,0.0,0.32,-0.004548242481891673,-0.23207164582143758,0,0,0.9011809180010459,2.0388000848470256e-05,GunPoint,116
1,1,0.05,feature_ablation,tshap_centroid,0.7777777777777778,0.875,0.006666666666666667,0.6146939553474947,0.6347638539593141,0,0,0.03903619599805097,0.005984106002870249,GunPoint,116
1,1,0.1,feature_ablation,tshap_centroid,0.7647058823529411,0.8666666666666667,0.013333333333333334,0.629719679126582,0.6368519589501023,0,0,0.03903619599805097,0.005984106002870249,GunPoint,116
1,1,0.2,feature_ablation,tshap_centroid,0.6216216216216216,0.7666666666666667,0.04666666666666667,0.29911596625561343,0.3239990481132681,0,0,0.03903619599805097,0.005984106002870249,GunPoint,116
1,1,0.05,feature_ablation,tshap_zero,0.0,0.0,0.36666666666666664,0.6146939553474947,0.4854798870586239,0,0,0.03903619599805097,0.00561979900157894,GunPoint,116
1,1,0.1,feature_ablation,tshap_zero,0.0,0.0,0.3466666666666667,0.629719679126582,0.700555345869809,0,0,0.03903619599805097,0.00561979900157894,GunPoint,116
1,1,0.2,feature_ablation,tshap_zero,0.0,0.0,0.2866666666666667,0.29911596625561343,0.4709663099232124,0,0,0.03903619599805097,0.00561979900157894,GunPoint,116
1,1,0.05,feature_ablation,mrsqm,0.0,0.0,0.21333333333333335,0.6146939553474947,0.11229236401552367,0,0,0.03903619599805097,2.0388000848470256e-05,GunPoint,116
1,1,0.1,feature_ablation,mrsqm,0.0,0.0,0.21333333333333335,0.629719679126582,-0.07729406777686565,0,0,0.03903619599805097,2.0388000848470256e-05,GunPoint,116
1,1,0.2,feature_ablation,mrsqm,0.0,0.0,0.21333333333333335,0.29911596625561343,-0.23207164582143758,0,0,0.03903619599805097,2.0388000848470256e-05,GunPoint,116
1,1,0.05,tshap_centroid,tshap_zero,0.0,0.0,0.36,0.6347638539593141,0.4854798870586239,0,0,0.005984106002870249,0.00561979900157894,GunPoint,116
1,1,0.1,tshap_centroid,tshap_zero,0.0,0.0,0.36,0.6368519589501023,0.700555345869809,0,0,0.005984106002870249,0.00561979900157894,GunPoint,116
1,1,0.2,tshap_centroid,tshap_zero,0.0,0.0,0.3333333333333333,0.3239990481132681,0.4709663099232124,0,0,0.005984106002870249,0.00561979900157894,GunPoint,116
1,1,0.05,tshap_centroid,mrsqm,0.0,0.0,0.22,0.6347638539593141,0.11229236401552367,0,0,0.005984106002870249,2.0388000848470256e-05,GunPoint,116
1,1,0.1,tshap_centroid,mrsqm,0.0,0.0,0.2,0.6368519589501023,-0.07729406777686565,0,0,0.005984106002870249,2.0388000848470256e-05,GunPoint,116
1,1,0.2,tshap_centroid,mrsqm,0.09090909090909091,0.16666666666666666,0.16666666666666666,0.3239990481132681,-0.23207164582143758,0,0,0.005984106002870249,2.0388000848470256e-05,GunPoint,116
1,1,0.05,tshap_zero,mrsqm,0.0,0.0,0.58,0.4854798870586239,0.11229236401552367,0,0,0.00561979900157894,2.0388000848470256e-05,GunPoint,116
1,1,0.1,tshap_zero,mrsqm,0.0,0.0,0.56,0.700555345869809,-0.07729406777686565,0,0,0.00561979900157894,2.0388000848470256e-05,GunPoint,116
1,1,0.2,tshap_zero,mrsqm,0.0,0.0,0.5,0.4709663099232124,-0.23207164582143758,0,0,0.00561979900157894,2.0388000848470256e-05,GunPoint,116
0,0,0.05,hydra,shapley_sampling,0.0,0.0,0.10666666666666667,0.27907548425059403,0.3501319893616958,0,0,0.08206553700074437,0.8932848999975249,GunPoint,13
0,0,0.1,hydra,shapley_sampling,0.1111111111111111,0.2,0.08,0.39236714450063676,0.6352311618602988,0,1,0.08206553700074437,0.8932848999975249,GunPoint,13
0,0,0.2,hydra,shapley_sampling,0.8181818181818182,0.9,0.02,0.9056798790537788,0.9891014123159223,1,1,0.08206553700074437,0.8932848999975249,GunPoint,13
0,0,0.05,hydra,feature_ablation,0.0,0.0,0.10666666666666667,0.27907548425059403,0.35013197042693256,0,0,0.08206553700074437,0.038313494998874376,GunPoint,13
0,0,0.1,hydra,feature_ablation,0.0,0.0,0.48,0.39236714450063676,0.3558287456583501,0,0,0.08206553700074437,0.038313494998874376,GunPoint,13
0,0,0.2,hydra,feature_ablation,0.0,0.0,0.48,0.9056798790537788,0.38232932592834834,1,0,0.08206553700074437,0.038313494998874376,GunPoint,13
0,0,0.05,hydra,tshap_centroid,0.0,0.0,0.56,0.27907548425059403,-0.22936233931576888,0,0,0.08206553700074437,0.005556399999477435,GunPoint,13
0,0,0.1,hydra,tshap_centroid,0.0,0.0,0.5666666666666667,0.39236714450063676,0.01901941216119596,0,0,0.08206553700074437,0.005556399999477435,GunPoint,13
0,0,0.2,hydra,tshap_centroid,0.0,0.0,0.54,0.9056798790537788,0.37266105848136943,1,0,0.08206553700074437,0.005556399999477435,GunPoint,13
0,0,0.05,hydra,tshap_zero,0.0,0.0,0.35333333333333333,0.27907548425059403,-0.30610575690599906,0,0,0.08206553700074437,0.00545748399963486,GunPoint,13
0,0,0.1,hydra,tshap_zero,0.0,0.0,0.36,0.39236714450063676,-0.30491516246726136,0,0,0.08206553700074437,0.00545748399963486,GunPoint,13
0,0,0.2,hydra,tshap_zero,0.0,0.0,0.37333333333333335,0.9056798790537788,-0.011827278619518156,1,0,0.08206553700074437,0.00545748399963486,GunPoint,13
0,0,0.05,hydra,mrsqm,0.0,0.0,0.21333333333333335,0.27907548425059403,0.07430765133577055,0,0,0.08206553700074437,1.997700019273907e-05,GunPoint,13
0,0,0.1,hydra,mrsqm,0.0,0.0,0.18666666666666668,0.39236714450063676,0.4477773552386642,0,0,0.08206553700074437,1.997700019273907e-05,GunPoint,13
0,0,0.2,hydra,mrsqm,0.3953488372093023,0.5666666666666667,0.08666666666666667,0.9056798790537788,0.9924279524269823,1,1,0.08206553700074437,1.997700019273907e-05,GunPoint,13
0,0,0.05,shapley_sampling,feature_ablation,1.0,1.0,0.0,0.3501319893616958,0.35013197042693256,0,0,0.8932848999975249,0.038313494998874376,GunPoint,13
0,0,0.1,shapley_sampling,feature_ablation,0.0,0.0,0.56,0.6352311618602988,0.3558287456583501,1,0,0.8932848999975249,0.038313494998874376,GunPoint,13
0,0,0.2,shapley_sampling,feature_ablation,0.0,0.0,0.46,0.9891014123159223,0.38232932592834834,1,0,0.8932848999975249,0.038313494998874376,GunPoint,13
0,0,0.05,shapley_sampling,tshap_centroid,0.0,0.0,0.6666666666666666,0.3501319893616958,-0.22936233931576888,0,0,0.8932848999975249,0.005556399999477435,GunPoint,13
0,0,0.1,shapley_sampling,tshap_centroid,0.0,0.0,0.6466666666666666,0.6352311618602988,0.01901941216119596,1,0,0.8932848999975249,0.005556399999477435,GunPoint,13
0,0,0.2,shapley_sampling,tshap_centroid,0.0,0.0,0.52,0.9891014123159223,0.37266105848136943,1,0,0.8932848999975249,0.005556399999477435,GunPoint,13
0,0,0.05,shapley_sampling,tshap_zero,0.0,0.0,0.46,0.3501319893616958,-0.30610575690599906,0,0,0.8932848999975249,0.00545748399963486,GunPoint,13
0,0,0.1,shapley_sampling,tshap_zero,0.0,0.0,0.44,0.6352311618602988,-0.30491516246726136,1,0,0.8932848999975249,0.00545748399963486,GunPoint,13
0,0,0.2,shapley_sampling,tshap_zero,0.0,0.0,0.35333333333333333,0.9891014123159223,-0.011827278619518156,1,0,0.8932848999975249,0.00545748399963486,GunPoint,13
0,0,0.05,shapley_sampling,mrsqm,0.0,0.0,0.10666666666666667,0.3501319893616958,0.07430765133577055,0,0,0.8932848999975249,1.997700019273907e-05,GunPoint,13
0,0,0.1,shapley_sampling,mrsqm,0.0,0.0,0.10666666666666667,0.6352311618602988,0.4477773552386642,1,0,0.8932848999975249,1.997700019273907e-05,GunPoint,13
0,0,0.2,shapley_sampling,mrsqm,0.30434782608695654,0.4666666666666667,0.10666666666666667,0.9891014123159223,0.9924279524269823,1,1,0.8932848999975249,1.997700019273907e-05,GunPoint,13
0,0,0.05,feature_ablation,tshap_centroid,0.0,0.0,0.6666666666666666,0.35013197042693256,-0.22936233931576888,0,0,0.038313494998874376,0.005556399999477435,GunPoint,13
0,0,0.1,feature_ablation,tshap_centroid,0.07142857142857142,0.13333333333333333,0.08666666666666667,0.3558287456583501,0.01901941216119596,0,0,0.038313494998874376,0.005556399999477435,GunPoint,13
0,0,0.2,feature_ablation,tshap_centroid,0.5384615384615384,0.7,0.06,0.38232932592834834,0.37266105848136943,0,0,0.038313494998874376,0.005556399999477435,GunPoint,13
0,0,0.05,feature_ablation,tshap_zero,0.0,0.0,0.46,0.35013197042693256,-0.30610575690599906,0,0,0.038313494998874376,0.00545748399963486,GunPoint,13
0,0,0.1,feature_ablation,tshap_zero,0.0,0.0,0.12,0.3558287456583501,-0.30491516246726136,0,0,0.038313494998874376,0.00545748399963486,GunPoint,13
0,0,0.2,feature_ablation,tshap_zero,0.30434782608695654,0.4666666666666667,0.10666666666666667,0.38232932592834834,-0.011827278619518156,0,0,0.038313494998874376,0.00545748399963486,GunPoint,13
0,0,0.05,feature_ablation,mrsqm,0.0,0.0,0.10666666666666667,0.35013197042693256,0.07430765133577055,0,0,0.038313494998874376,1.997700019273907e-05,GunPoint,13
0,0,0.1,feature_ablation,mrsqm,0.0,0.0,0.6666666666666666,0.3558287456583501,0.4477773552386642,0,0,0.038313494998874376,1.997700019273907e-05,GunPoint,13
0,0,0.2,feature_ablation,mrsqm,0.0,0.0,0.5666666666666667,0.38232932592834834,0.9924279524269823,0,1,0.038313494998874376,1.997700019273907e-05,GunPoint,13
0,0,0.05,tshap_centroid,tshap_zero,0.0,0.0,0.20666666666666667,-0.22936233931576888,-0.30610575690599906,0,0,0.005556399999477435,0.00545748399963486,GunPoint,13
0,0,0.1,tshap_centroid,tshap_zero,0.0,0.0,0.20666666666666667,0.01901941216119596,-0.30491516246726136,0,0,0.005556399999477435,0.00545748399963486,GunPoint,13
0,0,0.2,tshap_centroid,tshap_zero,0.09090909090909091,0.16666666666666666,0.16666666666666666,0.37266105848136943,-0.011827278619518156,0,0,0.005556399999477435,0.00545748399963486,GunPoint,13
0,0,0.05,tshap_centroid,mrsqm,0.0,0.0,0.7733333333333333,-0.22936233931576888,0.07430765133577055,0,0,0.005556399999477435,1.997700019273907e-05,GunPoint,13
0,0,0.1,tshap_centroid,mrsqm,0.0,0.0,0.7533333333333333,0.01901941216119596,0.4477773552386642,0,0,0.005556399999477435,1.997700019273907e-05,GunPoint,13
0,0,0.2,tshap_centroid,mrsqm,0.0,0.0,0.6266666666666667,0.37266105848136943,0.9924279524269823,0,1,0.005556399999477435,1.997700019273907e-05,GunPoint,13
0,0,0.05,tshap_zero,mrsqm,0.0,0.0,0.5666666666666667,-0.30610575690599906,0.07430765133577055,0,0,0.00545748399963486,1.997700019273907e-05,GunPoint,13
0,0,0.1,tshap_zero,mrsqm,0.0,0.0,0.5466666666666666,-0.30491516246726136,0.4477773552386642,0,0,0.00545748399963486,1.997700019273907e-05,GunPoint,13
0,0,0.2,tshap_zero,mrsqm,0.0,0.0,0.46,-0.011827278619518156,0.9924279524269823,0,1,0.00545748399963486,1.997700019273907e-05,GunPoint,13
0,0,0.05,hydra,shapley_sampling,0.0,0.0,0.08666666666666667,0.24080549038845145,0.35849829139360223,0,0,0.08259193900084938,0.9047576079974533,GunPoint,105
0,0,0.1,hydra,shapley_sampling,0.034482758620689655,0.06666666666666667,0.09333333333333334,0.3529142901629968,0.23069888007857664,0,0,0.08259193900084938,0.9047576079974533,GunPoint,105
0,0,0.2,hydra,shapley_sampling,0.01694915254237288,0.03333333333333333,0.19333333333333333,1.0478538158358175,0.417805088715285,0,0,0.08259193900084938,0.9047576079974533,GunPoint,105
0,0,0.05,hydra,feature_ablation,0.45454545454545453,0.625,0.02,0.24080549038845145,0.36834758342865237,0,0,0.08259193900084938,0.038996691997454036,GunPoint,105
0,0,0.1,hydra,feature_ablation,0.0,0.0,0.14666666666666667,0.3529142901629968,-0.1911837415142288,0,0,0.08259193900084938,0.038996691997454036,GunPoint,105
0,0,0.2,hydra,feature_ablation,0.17647058823529413,0.3,0.14,1.0478538158358175,0.8368884365060374,0,0,0.08259193900084938,0.038996691997454036,GunPoint,105
0,0,0.05,hydra,tshap_centroid,0.0,0.0,0.06,0.24080549038845145,0.2186669377819529,0,0,0.08259193900084938,0.006072101998142898,GunPoint,105
0,0,0.1,hydra,tshap_centroid,0.0,0.0,0.28,0.3529142901629968,0.07742284936798294,0,0,0.08259193900084938,0.006072101998142898,GunPoint,105
0,0,0.2,hydra,tshap_centroid,0.5789473684210527,0.7333333333333333,0.05333333333333334,1.0478538158358175,1.0363871305628853,0,0,0.08259193900084938,0.006072101998142898,GunPoint,105
0,0,0.05,hydra,tshap_zero,0.0,0.0,0.20666666666666667,0.24080549038845145,-0.3844398334632917,0,0,0.08259193900084938,0.005436703999293968,GunPoint,105
0,0,0.1,hydra,tshap_zero,0.0,0.0,0.20666666666666667,0.3529142901629968,-0.2986847411532749,0,0,0.08259193900084938,0.005436703999293968,GunPoint,105
0,0,0.2,hydra,tshap_zero,0.0,0.0,0.26666666666666666,1.0478538158358175,0.039619676619065514,0,0,0.08259193900084938,0.005436703999293968,GunPoint,105
0,0,0.05,hydra,mrsqm,0.0,0.0,0.3,0.24080549038845145,-0.022258077085917538,0,0,0.08259193900084938,1.9586997950682417e-05,GunPoint,105
0,0,0.1,hydra,mrsqm,0.0,0.0,0.28,0.3529142901629968,0.1957067591821452,0,0,0.08259193900084938,1.9586997950682417e-05,GunPoint,105
0,0,0.2,hydra,mrsqm,0.05263157894736842,0.1,0.18,1.0478538158358175,0.7593389862261815,0,0,0.08259193900084938,1.9586997950682417e-05,GunPoint,105
0,0,0.05,shapley_sampling,feature_ablation,0.0,0.0,0.10666666666666667,0.35849829139360223,0.36834758342865237,0,0,0.9047576079974533,0.038996691997454036,GunPoint,105
0,0,0.1,shapley_sampling,feature_ablation,0.30434782608695654,0.4666666666666667,0.05333333333333334,0.23069888007857664,-0.1911837415142288,0,0,0.9047576079974533,0.038996691997454036,GunPoint,105
0,0,0.2,shapley_sampling,feature_ablation,0.5789473684210527,0.7333333333333333,0.05333333333333334,0.417805088715285,0.8368884365060374,0,0,0.9047576079974533,0.038996691997454036,GunPoint,105
0,0,0.05,shapley_sampling,tshap_centroid,0.0,0.0,0.14666666666666667,0.35849829139360223,0.2186669377819529,0,0,0.9047576079974533,0.006072101998142898,GunPoint,105
0,0,0.1,shapley_sampling,tshap_centroid,0.0,0.0,0.18666666666666668,0.23069888007857664,0.07742284936798294,0,0,0.9047576079974533,0.006072101998142898,GunPoint,105
0,0,0.2,shapley_sampling,tshap_centroid,0.17647058823529413,0.3,0.14,0.417805088715285,1.0363871305628853,0,0,0.9047576079974533,0.006072101998142898,GunPoint,105
0,0,0.05,shapley_sampling,tshap_zero,0.0,0.0,0.29333333333333333,0.35849829139360223,-0.3844398334632917,0,0,0.9047576079974533,0.005436703999293968,GunPoint,105
0,0,0.1,shapley_sampling,tshap_zero,0.0,0.0,0.11333333333333333,0.23069888007857664,-0.2986847411532749,0,0,0.9047576079974533,0.005436703999293968,GunPoint,105
0,0,0.2,shapley_sampling,tshap_zero,0.4634146341463415,0.6333333333333333,0.07333333333333333,0.417805088715285,0.039619676619065514,0,0,0.9047576079974533,0.005436703999293968,GunPoint,105
0,0,0.05,shapley_sampling,mrsqm,0.0,0.0,0.21333333333333335,0.35849829139360223,-0.022258077085917538,0,0,0.9047576079974533,1.9586997950682417e-05,GunPoint,105
0,0,0.1,shapley_sampling,mrsqm,0.0,0.0,0.37333333333333335,0.23069888007857664,0.1957067591821452,0,0,0.9047576079974533,1.9586997950682417e-05,GunPoint,105
0,0,0.2,shapley_sampling,mrsqm,0.0,0.0,0.37333333333333335,0.417805088715285,0.7593389862261815,0,0,0.9047576079974533,1.9586997950682417e-05,GunPoint,105
0,0,0.05,feature_ablation,tshap_centroid,0.14285714285714285,0.25,0.04,0.36834758342865237,0.2186669377819529,0,0,0.038996691997454036,0.006072101998142898,GunPoint,105
0,0,0.1,feature_ablation,tshap_centroid,0.0,0.0,0.13333333333333333,-0.1911837415142288,0.07742284936798294,0,0,0.038996691997454036,0.006072101998142898,GunPoint,105
0,0,0.2,feature_ablation,tshap_centroid,0.3953488372093023,0.5666666666666667,0.08666666666666667,0.8368884365060374,1.0363871305628853,0,0,0.038996691997454036,0.006072101998142898,GunPoint,105
0,0,0.05,feature_ablation,tshap_zero,0.0,0.0,0.18666666666666668,0.36834758342865237,-0.3844398334632917,0,0,0.038996691997454036,0.005436703999293968,GunPoint,105
0,0,0.1,feature_ablation,tshap_zero,0.25,0.4,0.06,-0.1911837415142288,-0.2986847411532749,0,0,0.038996691997454036,0.005436703999293968,GunPoint,105
0,0,0.2,feature_ablation,tshap_zero,0.22448979591836735,0.36666666666666664,0.12666666666666668,0.8368884365060374,0.039619676619065514,0,0,0.038996691997454036,0.005436703999293968,GunPoint,105
0,0,0.05,feature_ablation,mrsqm,0.0,0.0,0.32,0.36834758342865237,-0.022258077085917538,0,0,0.038996691997454036,1.9586997950682417e-05,GunPoint,105
0,0,0.1,feature_ablation,mrsqm,0.0,0.0,0.4266666666666667,-0.1911837415142288,0.1957067591821452,0,0,0.038996691997454036,1.9586997950682417e-05,GunPoint,105
0,0,0.2,feature_ablation,mrsqm,0.0,0.0,0.32,0.8368884365060374,0.7593389862261815,0,0,0.038996691997454036,1.9586997950682417e-05,GunPoint,105
0,0,0.05,tshap_centroid,tshap_zero,0.0,0.0,0.14666666666666667,0.2186669377819529,-0.3844398334632917,0,0,0.006072101998142898,0.005436703999293968,GunPoint,105
0,0,0.1,tshap_centroid,tshap_zero,0.15384615384615385,0.26666666666666666,0.07333333333333333,0.07742284936798294,-0.2986847411532749,0,0,0.006072101998142898,0.005436703999293968,GunPoint,105
0,0,0.2,tshap_centroid,tshap_zero,0.0,0.0,0.21333333333333335,1.0363871305628853,0.039619676619065514,0,0,0.006072101998142898,0.005436703999293968,GunPoint,105
0,0,0.05,tshap_centroid,mrsqm,0.0,0.0,0.36,0.2186669377819529,-0.022258077085917538,0,0,0.006072101998142898,1.9586997950682417e-05,GunPoint,105
0,0,0.1,tshap_centroid,mrsqm,0.0,0.0,0.56,0.07742284936798294,0.1957067591821452,0,0,0.006072101998142898,1.9586997950682417e-05,GunPoint,105
0,0,0.2,tshap_centroid,mrsqm,0.0,0.0,0.23333333333333334,1.0363871305628853,0.7593389862261815,0,0,0.006072101998142898,1.9586997950682417e-05,GunPoint,105
0,0,0.05,tshap_zero,mrsqm,0.0,0.0,0.5066666666666667,-0.3844398334632917,-0.022258077085917538,0,0,0.005436703999293968,1.9586997950682417e-05,GunPoint,105
0,0,0.1,tshap_zero,mrsqm,0.0,0.0,0.4866666666666667,-0.2986847411532749,0.1957067591821452,0,0,0.005436703999293968,1.9586997950682417e-05,GunPoint,105
0,0,0.2,tshap_zero,mrsqm,0.0,0.0,0.44666666666666666,0.039619676619065514,0.7593389862261815,0,0,0.005436703999293968,1.9586997950682417e-05,GunPoint,105
0,0,0.05,hydra,shapley_sampling,0.0,0.0,0.52,0.28166466422883585,0.4488427439976717,0,0,0.08158986100170296,0.8879865759990935,GunPoint,114
0,0,0.1,hydra,shapley_sampling,0.30434782608695654,0.4666666666666667,0.05333333333333334,0.30169906285669734,0.34293644573593784,0,0,0.08158986100170296,0.8879865759990935,GunPoint,114
0,0,0.2,hydra,shapley_sampling,0.3953488372093023,0.5666666666666667,0.08666666666666667,0.8384361553532184,0.829233399562782,0,0,0.08158986100170296,0.8879865759990935,GunPoint,114
0,0,0.05,hydra,feature_ablation,0.0,0.0,0.52,0.28166466422883585,0.44884276014936797,0,0,0.08158986100170296,0.03773636699770577,GunPoint,114
0,0,0.1,hydra,feature_ablation,0.0,0.0,0.5333333333333333,0.30169906285669734,0.7195556887779739,0,0,0.08158986100170296,0.03773636699770577,GunPoint,114
0,0,0.2,hydra,feature_ablation,0.0,0.0,0.48,0.8384361553532184,0.6279475493759359,0,0,0.08158986100170296,0.03773636699770577,GunPoint,114
0,0,0.05,hydra,tshap_centroid,0.0,0.0,0.22,0.28166466422883585,-0.07536972286669597,0,0,0.08158986100170296,0.005491537998750573,GunPoint,114
0,0,0.1,hydra,tshap_centroid,0.0,0.0,0.20666666666666667,0.30169906285669734,0.27858491653653017,0,0,0.08158986100170296,0.005491537998750573,GunPoint,114
0,0,0.2,hydra,tshap_centroid,0.22448979591836735,0.36666666666666664,0.12666666666666668,0.8384361553532184,0.7271950991315306,0,0,0.08158986100170296,0.005491537998750573,GunPoint,114
0,0,0.05,hydra,tshap_zero,0.0,0.0,0.24,0.28166466422883585,-0.12371138239084234,0,0,0.08158986100170296,0.005548454999370733,GunPoint,114
0,0,0.1,hydra,tshap_zero,0.0,0.0,0.19333333333333333,0.30169906285669734,-0.2743138372361512,0,0,0.08158986100170296,0.005548454999370733,GunPoint,114
0,0,0.2,hydra,tshap_zero,0.0,0.0,0.24666666666666667,0.8384361553532184,0.07053305577530944,0,0,0.08158986100170296,0.005548454999370733,GunPoint,114
0,0,0.05,hydra,mrsqm,0.0,0.0,0.29333333333333333,0.28166466422883585,-0.08381134421565883,0,0,0.08158986100170296,2.0037998183397576e-05,GunPoint,114
0,0,0.1,hydra,mrsqm,0.0,0.0,0.2733333333333333,0.30169906285669734,0.0672811037803539,0,0,0.08158986100170296,2.0037998183397576e-05,GunPoint,114
0,0,0.2,hydra,mrsqm,0.05263157894736842,0.1,0.18,0.8384361553532184,0.5412720310729533,0,0,0.08158986100170296,2.0037998183397576e-05,GunPoint,114
0,0,0.05,shapley_sampling,feature_ablation,1.0,1.0,0.0,0.4488427439976717,0.44884276014936797,0,0,0.8879865759990935,0.03773636699770577,GunPoint,114
0,0,0.1,shapley_sampling,feature_ablation,0.0,0.0,0.48,0.34293644573593784,0.7195556887779739,0,0,0.8879865759990935,0.03773636699770577,GunPoint,114
0,0,0.2,shapley_sampling,feature_ablation,0.0,0.0,0.3933333333333333,0.829233399562782,0.6279475493759359,0,0,0.8879865759990935,0.03773636699770577,GunPoint,114
0,0,0.05,shapley_sampling,tshap_centroid,0.0,0.0,0.74,0.4488427439976717,-0.07536972286669597,0,0,0.8879865759990935,0.005491537998750573,GunPoint,114
0,0,0.1,shapley_sampling,tshap_centroid,0.0,0.0,0.26,0.34293644573593784,0.27858491653653017,0,0,0.8879865759990935,0.005491537998750573,GunPoint,114
0,0,0.2,shapley_sampling,tshap_centroid,0.0,0.0,0.21333333333333335,0.829233399562782,0.7271950991315306,0,0,0.8879865759990935,0.005491537998750573,GunPoint,114
0,0,0.05,shapley_sampling,tshap_zero,0.0,0.0,0.76,0.4488427439976717,-0.12371138239084234,0,0,0.8879865759990935,0.005548454999370733,GunPoint,114
0,0,0.1,shapley_sampling,tshap_zero,0.0,0.0,0.14,0.34293644573593784,-0.2743138372361512,0,0,0.8879865759990935,0.005548454999370733,GunPoint,114
0,0,0.2,shapley_sampling,tshap_zero,0.1111111111111111,0.2,0.16,0.829233399562782,0.07053305577530944,0,0,0.8879865759990935,0.005548454999370733,GunPoint,114
0,0,0.05,shapley_sampling,mrsqm,0.0,0.0,0.8133333333333334,0.4488427439976717,-0.08381134421565883,0,0,0.8879865759990935,2.0037998183397576e-05,GunPoint,114
0,0,0.1,shapley_sampling,mrsqm,0.0,0.0,0.32666666666666666,0.34293644573593784,0.0672811037803539,0,0,0.8879865759990935,2.0037998183397576e-05,GunPoint,114
0,0,0.2,shapley_sampling,mrsqm,0.0,0.0,0.26666666666666666,0.829233399562782,0.5412720310729533,0,0,0.8879865759990935,2.0037998183397576e-05,GunPoint,114
0,0,0.05,feature_ablation,tshap_centroid,0.0,0.0,0.74,0.44884276014936797,-0.07536972286669597,0,0,0.03773636699770577,0.005491537998750573,GunPoint,114
0,0,0.1,feature_ablation,tshap_centroid,0.0,0.0,0.74,0.7195556887779739,0.27858491653653017,0,0,0.03773636699770577,0.005491537998750573,GunPoint,114
0,0,0.2,feature_ablation,tshap_centroid,0.0,0.0,0.6066666666666667,0.6279475493759359,0.7271950991315306,0,0,0.03773636699770577,0.005491537998750573,GunPoint,114
0,0,0.05,feature_ablation,tshap_zero,0.0,0.0,0.76,0.44884276014936797,-0.12371138239084234,0,0,0.03773636699770577,0.005548454999370733,GunPoint,114
0,0,0.1,feature_ablation,tshap_zero,0.0,0.0,0.34,0.7195556887779739,-0.2743138372361512,0,0,0.03773636699770577,0.005548454999370733,GunPoint,114
0,0,0.2,feature_ablation,tshap_zero,0.0,0.0,0.23333333333333334,0.6279475493759359,0.07053305577530944,0,0,0.03773636699770577,0.005548454999370733,GunPoint,114
0,0,0.05,feature_ablation,mrsqm,0.0,0.0,0.8133333333333334,0.44884276014936797,-0.08381134421565883,0,0,0.03773636699770577,2.0037998183397576e-05,GunPoint,114
0,0,0.1,feature_ablation,mrsqm,0.0,0.0,0.8066666666666666,0.7195556887779739,0.0672811037803539,0,0,0.03773636699770577,2.0037998183397576e-05,GunPoint,114
0,0,0.2,feature_ablation,mrsqm,0.0,0.0,0.66,0.6279475493759359,0.5412720310729533,0,0,0.03773636699770577,2.0037998183397576e-05,GunPoint,114
0,0,0.05,tshap_centroid,tshap_zero,0.45454545454545453,0.625,0.02,-0.07536972286669597,-0.12371138239084234,0,0,0.005491537998750573,0.005548454999370733,GunPoint,114
0,0,0.1,tshap_centroid,tshap_zero,0.0,0.0,0.4,0.27858491653653017,-0.2743138372361512,0,0,0.005491537998750573,0.005548454999370733,GunPoint,114
0,0,0.2,tshap_centroid,tshap_zero,0.0,0.0,0.37333333333333335,0.7271950991315306,0.07053305577530944,0,0,0.005491537998750573,0.005548454999370733,GunPoint,114
0,0,0.05,tshap_centroid,mrsqm,0.0,0.0,0.07333333333333333,-0.07536972286669597,-0.08381134421565883,0,0,0.005491537998750573,2.0037998183397576e-05,GunPoint,114
0,0,0.1,tshap_centroid,mrsqm,0.2,0.3333333333333333,0.06666666666666667,0.27858491653653017,0.0672811037803539,0,0,0.005491537998750573,2.0037998183397576e-05,GunPoint,114
0,0,0.2,tshap_centroid,mrsqm,0.5789473684210527,0.7333333333333333,0.05333333333333334,0.7271950991315306,0.5412720310729533,0,0,0.005491537998750573,2.0037998183397576e-05,GunPoint,114
0,0,0.05,tshap_zero,mrsqm,0.0,0.0,0.05333333333333334,-0.12371138239084234,-0.08381134421565883,0,0,0.005548454999370733,2.0037998183397576e-05,GunPoint,114
0,0,0.1,tshap_zero,mrsqm,0.0,0.0,0.4666666666666667,-0.2743138372361512,0.0672811037803539,0,0,0.005548454999370733,2.0037998183397576e-05,GunPoint,114
0,0,0.2,tshap_zero,mrsqm,0.0,0.0,0.4266666666666667,0.07053305577530944,0.5412720310729533,0,0,0.005548454999370733,2.0037998183397576e-05,GunPoint,114
0,0,0.05,hydra,shapley_sampling,0.0,0.0,0.07333333333333333,0.30869983220471553,0.2810312987721514,0,0,0.08313228800034267,0.920684770000662,GunPoint,58
0,0,0.1,hydra,shapley_sampling,0.36363636363636365,0.5333333333333333,0.04666666666666667,0.3180042915959339,0.40316776881830274,0,0,0.08313228800034267,0.920684770000662,GunPoint,58
0,0,0.2,hydra,shapley_sampling,0.15384615384615385,0.26666666666666666,0.14666666666666667,0.5986660080546948,0.6216115470901815,0,0,0.08313228800034267,0.920684770000662,GunPoint,58
0,0,0.05,hydra,feature_ablation,0.3333333333333333,0.5,0.02666666666666667,0.30869983220471553,0.3814171475457876,0,0,0.08313228800034267,0.03954296099982457,GunPoint,58
0,0,0.1,hydra,feature_ablation,0.875,0.9333333333333333,0.006666666666666667,0.3180042915959339,0.34564722663541336,0,0,0.08313228800034267,0.03954296099982457,GunPoint,58
0,0,0.2,hydra,feature_ablation,0.30434782608695654,0.4666666666666667,0.10666666666666667,0.5986660080546948,0.739677620489412,0,0,0.08313228800034267,0.03954296099982457,GunPoint,58
0,0,0.05,hydra,tshap_centroid,0.0,0.0,0.06,0.30869983220471553,0.27196008909030966,0,0,0.08313228800034267,0.005683870000211755,GunPoint,58
0,0,0.1,hydra,tshap_centroid,0.30434782608695654,0.4666666666666667,0.05333333333333334,0.3180042915959339,0.4272581557790355,0,0,0.08313228800034267,0.005683870000211755,GunPoint,58
0,0,0.2,hydra,tshap_centroid,0.3333333333333333,0.5,0.1,0.5986660080546948,0.701368653269222,0,0,0.08313228800034267,0.005683870000211755,GunPoint,58
0,0,0.05,hydra,tshap_zero,0.0,0.0,0.6,0.30869983220471553,-0.05967416574717799,0,0,0.08313228800034267,0.007228950998978689,GunPoint,58
0,0,0.1,hydra,tshap_zero,0.0,0.0,0.18666666666666668,0.3180042915959339,-0.23879896862236594,0,0,0.08313228800034267,0.007228950998978689,GunPoint,58
0,0,0.2,hydra,tshap_zero,0.0,0.0,0.23333333333333334,0.5986660080546948,0.10403029794963758,0,0,0.08313228800034267,0.007228950998978689,GunPoint,58
0,0,0.05,hydra,mrsqm,0.0,0.0,0.6533333333333333,0.30869983220471553,-0.025396693483099364,0,0,0.08313228800034267,2.0818999473704025e-05,GunPoint,58
0,0,0.1,hydra,mrsqm,0.0,0.0,0.6266666666666667,0.3180042915959339,0.17395189775183317,0,0,0.08313228800034267,2.0818999473704025e-05,GunPoint,58
0,0,0.2,hydra,mrsqm,0.0,0.0,0.6266666666666667,0.5986660080546948,0.6603310126447482,0,0,0.08313228800034267,2.0818999473704025e-05,GunPoint,58
0,0,0.05,shapley_sampling,feature_ablation,0.06666666666666667,0.125,0.04666666666666667,0.2810312987721514,0.3814171475457876,0,0,0.920684770000662,0.03954296099982457,GunPoint,58
0,0,0.1,shapley_sampling,feature_ablation,0.42857142857142855,0.6,0.04,0.40316776881830274,0.34564722663541336,0,0,0.920684770000662,0.03954296099982457,GunPoint,58
0,0,0.2,shapley_sampling,feature_ablation,0.6666666666666666,0.8,0.04,0.6216115470901815,0.739677620489412,0,0,0.920684770000662,0.03954296099982457,GunPoint,58
0,0,0.05,shapley_sampling,tshap_centroid,0.6,0.75,0.013333333333333334,0.2810312987721514,0.27196008909030966,0,0,0.920684770000662,0.005683870000211755,GunPoint,58
0,0,0.1,shapley_sampling,tshap_centroid,0.875,0.9333333333333333,0.006666666666666667,0.40316776881830274,0.4272581557790355,0,0,0.920684770000662,0.005683870000211755,GunPoint,58
0,0,0.2,shapley_sampling,tshap_centroid,0.6216216216216216,0.7666666666666667,0.04666666666666667,0.6216115470901815,0.701368653269222,0,0,0.920684770000662,0.005683870000211755,GunPoint,58
0,0,0.05,shapley_sampling,tshap_zero,0.0,0.0,0.5266666666666666,0.2810312987721514,-0.05967416574717799,0,0,0.920684770000662,0.007228950998978689,GunPoint,58
0,0,0.1,shapley_sampling,tshap_zero,0.0,0.0,0.14,0.40316776881830274,-0.23879896862236594,0,0,0.920684770000662,0.007228950998978689,GunPoint,58
0,0,0.2,shapley_sampling,tshap_zero,0.3953488372093023,0.5666666666666667,0.08666666666666667,0.6216115470901815,0.10403029794963758,0,0,0.920684770000662,0.007228950998978689,GunPoint,58
0,0,0.05,shapley_sampling,mrsqm,0.0,0.0,0.58,0.2810312987721514,-0.025396693483099364,0,0,0.920684770000662,2.0818999473704025e-05,GunPoint,58
0,0,0.1,shapley_sampling,mrsqm,0.0,0.0,0.58,0.40316776881830274,0.17395189775183317,0,0,0.920684770000662,2.0818999473704025e-05,GunPoint,58
0,0,0.2,shapley_sampling,mrsqm,0.0,0.0,0.48,0.6216115470901815,0.6603310126447482,0,0,0.920684770000662,2.0818999473704025e-05,GunPoint,58
0,0,0.05,feature_ablation,tshap_centroid,0.23076923076923078,0.375,0.03333333333333333,0.3814171475457876,0.27196008909030966,0,0,0.03954296099982457,0.005683870000211755,GunPoint,58
0,0,0.1,feature_ablation,tshap_centroid,0.36363636363636365,0.5333333333333333,0.04666666666666667,0.34564722663541336,0.4272581557790355,0,0,0.03954296099982457,0.005683870000211755,GunPoint,58
0,0,0.2,feature_ablation,tshap_centroid,0.9354838709677419,0.9666666666666667,0.006666666666666667,0.739677620489412,0.701368653269222,0,0,0.03954296099982457,0.005683870000211755,GunPoint,58
0,0,0.05,feature_ablation,tshap_zero,0.0,0.0,0.5733333333333334,0.3814171475457876,-0.05967416574717799,0,0,0.03954296099982457,0.007228950998978689,GunPoint,58
0,0,0.1,feature_ablation,tshap_zero,0.0,0.0,0.18,0.34564722663541336,-0.23879896862236594,0,0,0.03954296099982457,0.007228950998978689,GunPoint,58
0,0,0.2,feature_ablation,tshap_zero,0.22448979591836735,0.36666666666666664,0.12666666666666668,0.739677620489412,0.10403029794963758,0,0,0.03954296099982457,0.007228950998978689,GunPoint,58
0,0,0.05,feature_ablation,mrsqm,0.0,0.0,0.6266666666666667,0.3814171475457876,-0.025396693483099364,0,0,0.03954296099982457,2.0818999473704025e-05,GunPoint,58
0,0,0.1,feature_ablation,mrsqm,0.0,0.0,0.62,0.34564722663541336,0.17395189775183317,0,0,0.03954296099982457,2.0818999473704025e-05,GunPoint,58
0,0,0.2,feature_ablation,mrsqm,0.0,0.0,0.52,0.739677620489412,0.6603310126447482,0,0,0.03954296099982457,2.0818999473704025e-05,GunPoint,58
0,0,0.05,tshap_centroid,tshap_zero,0.0,0.0,0.54,0.27196008909030966,-0.05967416574717799,0,0,0.005683870000211755,0.007228950998978689,GunPoint,58
0,0,0.1,tshap_centroid,tshap_zero,0.0,0.0,0.13333333333333333,0.4272581557790355,-0.23879896862236594,0,0,0.005683870000211755,0.007228950998978689,GunPoint,58
0,0,0.2,tshap_centroid,tshap_zero,0.2,0.3333333333333333,0.13333333333333333,0.701368653269222,0.10403029794963758,0,0,0.005683870000211755,0.007228950998978689,GunPoint,58
0,0,0.05,tshap_centroid,mrsqm,0.0,0.0,0.5933333333333334,0.27196008909030966,-0.025396693483099364,0,0,0.005683870000211755,2.0818999473704025e-05,GunPoint,58
0,0,0.1,tshap_centroid,mrsqm,0.0,0.0,0.5733333333333334,0.4272581557790355,0.17395189775183317,0,0,0.005683870000211755,2.0818999473704025e-05,GunPoint,58
0,0,0.2,tshap_centroid,mrsqm,0.0,0.0,0.5266666666666666,0.701368653269222,0.6603310126447482,0,0,0.005683870000211755,2.0818999473704025e-05,GunPoint,58
0,0,0.05,tshap_zero,mrsqm,0.0,0.0,0.05333333333333334,-0.05967416574717799,-0.025396693483099364,0,0,0.007228950998978689,2.0818999473704025e-05,GunPoint,58
0,0,0.1,tshap_zero,mrsqm,0.0,0.0,0.44,-0.23879896862236594,0.17395189775183317,0,0,0.007228950998978689,2.0818999473704025e-05,GunPoint,58
0,0,0.2,tshap_zero,mrsqm,0.0,0.0,0.3933333333333333,0.10403029794963758,0.6603310126447482,0,0,0.007228950998978689,2.0818999473704025e-05,GunPoint,58
1,1,0.05,hydra,shapley_sampling,0.0,0.0,0.15333333333333332,0.26380495478948096,0.8404023209339262,0,0,0.08293024600061472,0.8807008080002561,GunPoint,96
1,1,0.1,hydra,shapley_sampling,0.0,0.0,0.18,0.3734465870341479,0.7425907644435665,0,0,0.08293024600061472,0.8807008080002561,GunPoint,96
1,1,0.2,hydra,shapley_sampling,0.0,0.0,0.26,-0.16156288505611494,0.5449249897260022,0,0,0.08293024600061472,0.8807008080002561,GunPoint,96
1,1,0.05,hydra,feature_ablation,0.0,0.0,0.15333333333333332,0.26380495478948096,0.8404023266900197,0,0,0.08293024600061472,0.03789440399850719,GunPoint,96
1,1,0.1,hydra,feature_ablation,0.0,0.0,0.18,0.3734465870341479,0.7425907789285253,0,0,0.08293024600061472,0.03789440399850719,GunPoint,96
1,1,0.2,hydra,feature_ablation,0.0,0.0,0.26,-0.16156288505611494,0.5449249748016662,0,0,0.08293024600061472,0.03789440399850719,GunPoint,96
1,1,0.05,hydra,tshap_centroid,0.0,0.0,0.44666666666666666,0.26380495478948096,0.47526168293763693,0,0,0.08293024600061472,0.005626071000733646,GunPoint,96
1,1,0.1,hydra,tshap_centroid,0.0,0.0,0.46,0.3734465870341479,0.49641527101666577,0,0,0.08293024600061472,0.005626071000733646,GunPoint,96
1,1,0.2,hydra,tshap_centroid,0.0,0.0,0.56,-0.16156288505611494,0.33912651283293516,0,0,0.08293024600061472,0.005626071000733646,GunPoint,96
1,1,0.05,hydra,tshap_zero,0.0,0.0,0.20666666666666667,0.26380495478948096,0.7284248391403411,0,0,0.08293024600061472,0.005404824001743691,GunPoint,96
1,1,0.1,hydra,tshap_zero,0.0,0.0,0.21333333333333335,0.3734465870341479,0.7776955695778593,0,0,0.08293024600061472,0.005404824001743691,GunPoint,96
1,1,0.2,hydra,tshap_zero,0.0,0.0,0.31333333333333335,-0.16156288505611494,0.4534427480389526,0,0,0.08293024600061472,0.005404824001743691,GunPoint,96
1,1,0.05,hydra,mrsqm,0.0,0.0,0.2733333333333333,0.26380495478948096,0.15259908926271004,0,0,0.08293024600061472,1.9295999663881958e-05,GunPoint,96
1,1,0.1,hydra,mrsqm,0.0,0.0,0.24666666666666667,0.3734465870341479,-0.07135454805447272,0,0,0.08293024600061472,1.9295999663881958e-05,GunPoint,96
1,1,0.2,hydra,mrsqm,0.25,0.4,0.12,-0.16156288505611494,-0.4731224601182943,0,0,0.08293024600061472,1.9295999663881958e-05,GunPoint,96
1,1,0.05,shapley_sampling,feature_ablation,1.0,1.0,0.0,0.8404023209339262,0.8404023266900197,0,0,0.8807008080002561,0.03789440399850719,GunPoint,96
1,1,0.1,shapley_sampling,feature_ablation,1.0,1.0,0.0,0.7425907644435665,0.7425907789285253,0,0,0.8807008080002561,0.03789440399850719,GunPoint,96
1,1,0.2,shapley_sampling,feature_ablation,1.0,1.0,0.0,0.5449249897260022,0.5449249748016662,0,0,0.8807008080002561,0.03789440399850719,GunPoint,96
1,1,0.05,shapley_sampling,tshap_centroid,0.0,0.0,0.29333333333333333,0.8404023209339262,0.47526168293763693,0,0,0.8807008080002561,0.005626071000733646,GunPoint,96
1,1,0.1,shapley_sampling,tshap_centroid,0.0,0.0,0.28,0.7425907644435665,0.49641527101666577,0,0,0.8807008080002561,0.005626071000733646,GunPoint,96
1,1,0.2,shapley_sampling,tshap_centroid,0.0,0.0,0.3,0.5449249897260022,0.33912651283293516,0,0,0.8807008080002561,0.005626071000733646,GunPoint,96
1,1,0.05,shapley_sampling,tshap_zero,0.0,0.0,0.05333333333333334,0.8404023209339262,0.7284248391403411,0,0,0.8807008080002561,0.005404824001743691,GunPoint,96
1,1,0.1,shapley_sampling,tshap_zero,0.5,0.6666666666666666,0.03333333333333333,0.7425907644435665,0.7776955695778593,0,0,0.8807008080002561,0.005404824001743691,GunPoint,96
1,1,0.2,shapley_sampling,tshap_zero,0.5789473684210527,0.7333333333333333,0.05333333333333334,0.5449249897260022,0.4534427480389526,0,0,0.8807008080002561,0.005404824001743691,GunPoint,96
1,1,0.05,shapley_sampling,mrsqm,0.0,0.0,0.4266666666666667,0.8404023209339262,0.15259908926271004,0,0,0.8807008080002561,1.9295999663881958e-05,GunPoint,96
1,1,0.1,shapley_sampling,mrsqm,0.0,0.0,0.4266666666666667,0.7425907644435665,-0.07135454805447272,0,0,0.8807008080002561,1.9295999663881958e-05,GunPoint,96
1,1,0.2,shapley_sampling,mrsqm,0.0,0.0,0.38,0.5449249897260022,-0.4731224601182943,0,0,0.8807008080002561,1.9295999663881958e-05,GunPoint,96
1,1,0.05,feature_ablation,tshap_centroid,0.0,0.0,0.29333333333333333,0.8404023266900197,0.47526168293763693,0,0,0.03789440399850719,0.005626071000733646,GunPoint,96
1,1,0.1,feature_ablation,tshap_centroid,0.0,0.0,0.28,0.7425907789285253,0.49641527101666577,0,0,0.03789440399850719,0.005626071000733646,GunPoint,96
1,1,0.2,feature_ablation,tshap_centroid,0.0,0.0,0.3,0.5449249748016662,0.33912651283293516,0,0,0.03789440399850719,0.005626071000733646,GunPoint,96
1,1,0.05,feature_ablation,tshap_zero,0.0,0.0,0.05333333333333334,0.8404023266900197,0.7284248391403411,0,0,0.03789440399850719,0.005404824001743691,GunPoint,96
1,1,0.1,feature_ablation,tshap_zero,0.5,0.6666666666666666,0.03333333333333333,0.7425907789285253,0.7776955695778593,0,0,0.03789440399850719,0.005404824001743691,GunPoint,96
1,1,0.2,feature_ablation,tshap_zero,0.5789473684210527,0.7333333333333333,0.05333333333333334,0.5449249748016662,0.4534427480389526,0,0,0.03789440399850719,0.005404824001743691,GunPoint,96
1,1,0.05,feature_ablation,mrsqm,0.0,0.0,0.4266666666666667,0.8404023266900197,0.15259908926271004,0,0,0.03789440399850719,1.9295999663881958e-05,GunPoint,96
1,1,0.1,feature_ablation,mrsqm,0.0,0.0,0.4266666666666667,0.7425907789285253,-0.07135454805447272,0,0,0.03789440399850719,1.9295999663881958e-05,GunPoint,96
1,1,0.2,feature_ablation,mrsqm,0.0,0.0,0.38,0.5449249748016662,-0.4731224601182943,0,0,0.03789440399850719,1.9295999663881958e-05,GunPoint,96
1,1,0.05,tshap_centroid,tshap_zero,0.0,0.0,0.24,0.47526168293763693,0.7284248391403411,0,0,0.005626071000733646,0.005404824001743691,GunPoint,96
1,1,0.1,tshap_centroid,tshap_zero,0.0,0.0,0.24666666666666667,0.49641527101666577,0.7776955695778593,0,0,0.005626071000733646,0.005404824001743691,GunPoint,96
1,1,0.2,tshap_centroid,tshap_zero,0.0,0.0,0.24666666666666667,0.33912651283293516,0.4534427480389526,0,0,0.005626071000733646,0.005404824001743691,GunPoint,96
1,1,0.05,tshap_centroid,mrsqm,0.0,0.0,0.72,0.47526168293763693,0.15259908926271004,0,0,0.005626071000733646,1.9295999663881958e-05,GunPoint,96
1,1,0.1,tshap_centroid,mrsqm,0.0,0.0,0.7066666666666667,0.49641527101666577,-0.07135454805447272,0,0,0.005626071000733646,1.9295999663881958e-05,GunPoint,96
1,1,0.2,tshap_centroid,mrsqm,0.0,0.0,0.68,0.33912651283293516,-0.4731224601182943,0,0,0.005626071000733646,1.9295999663881958e-05,GunPoint,96
1,1,0.05,tshap_zero,mrsqm,0.0,0.0,0.48,0.7284248391403411,0.15259908926271004,0,0,0.005404824001743691,1.9295999663881958e-05,GunPoint,96
1,1,0.1,tshap_zero,mrsqm,0.0,0.0,0.46,0.7776955695778593,-0.07135454805447272,0,0,0.005404824001743691,1.9295999663881958e-05,GunPoint,96
1,1,0.2,tshap_zero,mrsqm,0.0,0.0,0.43333333333333335,0.4534427480389526,-0.4731224601182943,0,0,0.005404824001743691,1.9295999663881958e-05,GunPoint,96
1,1,0.05,hydra,shapley_sampling,0.0,0.0,0.22666666666666666,0.08812453759643302,0.24472867114208807,0,0,0.08227656500093872,0.8874806829990121,GunPoint,74
1,1,0.1,hydra,shapley_sampling,0.0,0.0,0.36,0.16161996141008061,0.18500381548767375,0,0,0.08227656500093872,0.8874806829990121,GunPoint,74
1,1,0.2,hydra,shapley_sampling,0.0,0.0,0.32,-0.08865796108367263,-0.09628544823649277,0,0,0.08227656500093872,0.8874806829990121,GunPoint,74
1,1,0.05,hydra,feature_ablation,0.0,0.0,0.12,0.08812453759643302,0.686798067632828,0,0,0.08227656500093872,0.04029540900228312,GunPoint,74
1,1,0.1,hydra,feature_ablation,0.0,0.0,0.14666666666666667,0.16161996141008061,0.6246664816632258,0,0,0.08227656500093872,0.04029540900228312,GunPoint,74
1,1,0.2,hydra,feature_ablation,0.1111111111111111,0.2,0.16,-0.08865796108367263,0.2160751728367878,0,0,0.08227656500093872,0.04029540900228312,GunPoint,74
1,1,0.05,hydra,tshap_centroid,0.0,0.0,0.11333333333333333,0.08812453759643302,0.6758842184625131,0,0,0.08227656500093872,0.006154477003292413,GunPoint,74
1,1,0.1,hydra,tshap_centroid,0.0,0.0,0.11333333333333333,0.16161996141008061,0.6026927963343262,0,0,0.08227656500093872,0.006154477003292413,GunPoint,74
1,1,0.2,hydra,tshap_centroid,0.2,0.3333333333333333,0.13333333333333333,-0.08865796108367263,0.28073954126890455,0,0,0.08227656500093872,0.006154477003292413,GunPoint,74
1,1,0.05,hydra,tshap_zero,0.0,0.0,0.12,0.08812453759643302,0.6867980660442696,0,0,0.08227656500093872,0.00572127000123146,GunPoint,74
1,1,0.1,hydra,tshap_zero,0.0,0.0,0.12666666666666668,0.16161996141008061,0.6291395500618934,0,0,0.08227656500093872,0.00572127000123146,GunPoint,74
1,1,0.2,hydra,tshap_zero,0.15384615384615385,0.26666666666666666,0.14666666666666667,-0.08865796108367263,0.29325522299701245,0,0,0.08227656500093872,0.00572127000123146,GunPoint,74
1,1,0.05,hydra,mrsqm,0.0,0.0,0.09333333333333334,0.08812453759643302,0.10673360148288524,0,0,0.08227656500093872,2.168100036215037e-05,GunPoint,74
1,1,0.1,hydra,mrsqm,0.2,0.3333333333333333,0.06666666666666667,0.16161996141008061,-0.0038371474377265624,0,0,0.08227656500093872,2.168100036215037e-05,GunPoint,74
1,1,0.2,hydra,mrsqm,1.0,1.0,0.0,-0.08865796108367263,-0.08865795201966109,0,0,0.08227656500093872,2.168100036215037e-05,GunPoint,74
1,1,0.05,shapley_sampling,feature_ablation,0.0,0.0,0.10666666666666667,0.24472867114208807,0.686798067632828,0,0,0.8874806829990121,0.04029540900228312,GunPoint,74
1,1,0.1,shapley_sampling,feature_ablation,0.0,0.0,0.21333333333333335,0.18500381548767375,0.6246664816632258,0,0,0.8874806829990121,0.04029540900228312,GunPoint,74
1,1,0.2,shapley_sampling,feature_ablation,0.1111111111111111,0.2,0.16,-0.09628544823649277,0.2160751728367878,0,0,0.8874806829990121,0.04029540900228312,GunPoint,74
1,1,0.05,shapley_sampling,tshap_centroid,0.0,0.0,0.11333333333333333,0.24472867114208807,0.6758842184625131,0,0,0.8874806829990121,0.006154477003292413,GunPoint,74
1,1,0.1,shapley_sampling,tshap_centroid,0.0,0.0,0.24666666666666667,0.18500381548767375,0.6026927963343262,0,0,0.8874806829990121,0.006154477003292413,GunPoint,74
1,1,0.2,shapley_sampling,tshap_centroid,0.034482758620689655,0.06666666666666667,0.18666666666666668,-0.09628544823649277,0.28073954126890455,0,0,0.8874806829990121,0.006154477003292413,GunPoint,74
1,1,0.05,shapley_sampling,tshap_zero,0.0,0.0,0.10666666666666667,0.24472867114208807,0.6867980660442696,0,0,0.8874806829990121,0.00572127000123146,GunPoint,74
1,1,0.1,shapley_sampling,tshap_zero,0.0,0.0,0.23333333333333334,0.18500381548767375,0.6291395500618934,0,0,0.8874806829990121,0.00572127000123146,GunPoint,74
1,1,0.2,shapley_sampling,tshap_zero,0.07142857142857142,0.13333333333333333,0.17333333333333334,-0.09628544823649277,0.29325522299701245,0,0,0.8874806829990121,0.00572127000123146,GunPoint,74
1,1,0.05,shapley_sampling,mrsqm,0.0,0.0,0.32,0.24472867114208807,0.10673360148288524,0,0,0.8874806829990121,2.168100036215037e-05,GunPoint,74
1,1,0.1,shapley_sampling,mrsqm,0.0,0.0,0.4266666666666667,0.18500381548767375,-0.0038371474377265624,0,0,0.8874806829990121,2.168100036215037e-05,GunPoint,74
1,1,0.2,shapley_sampling,mrsqm,0.0,0.0,0.32,-0.09628544823649277,-0.08865795201966109,0,0,0.8874806829990121,2.168100036215037e-05,GunPoint,74
1,1,0.05,feature_ablation,tshap_centroid,0.7777777777777778,0.875,0.006666666666666667,0.686798067632828,0.6758842184625131,0,0,0.04029540900228312,0.006154477003292413,GunPoint,74
1,1,0.1,feature_ablation,tshap_centroid,0.5,0.6666666666666666,0.03333333333333333,0.6246664816632258,0.6026927963343262,0,0,0.04029540900228312,0.006154477003292413,GunPoint,74
1,1,0.2,feature_ablation,tshap_centroid,0.7647058823529411,0.8666666666666667,0.02666666666666667,0.2160751728367878,0.28073954126890455,0,0,0.04029540900228312,0.006154477003292413,GunPoint,74
1,1,0.05,feature_ablation,tshap_zero,1.0,1.0,0.0,0.686798067632828,0.6867980660442696,0,0,0.04029540900228312,0.00572127000123146,GunPoint,74
1,1,0.1,feature_ablation,tshap_zero,0.6666666666666666,0.8,0.02,0.6246664816632258,0.6291395500618934,0,0,0.04029540900228312,0.00572127000123146,GunPoint,74
1,1,0.2,feature_ablation,tshap_zero,0.875,0.9333333333333333,0.013333333333333334,0.2160751728367878,0.29325522299701245,0,0,0.04029540900228312,0.00572127000123146,GunPoint,74
1,1,0.05,feature_ablation,mrsqm,0.0,0.0,0.21333333333333335,0.686798067632828,0.10673360148288524,0,0,0.04029540900228312,2.168100036215037e-05,GunPoint,74
1,1,0.1,feature_ablation,mrsqm,0.0,0.0,0.21333333333333335,0.6246664816632258,-0.0038371474377265624,0,0,0.04029540900228312,2.168100036215037e-05,GunPoint,74
1,1,0.2,feature_ablation,mrsqm,0.1111111111111111,0.2,0.16,0.2160751728367878,-0.08865795201966109,0,0,0.04029540900228312,2.168100036215037e-05,GunPoint,74
1,1,0.05,tshap_centroid,tshap_zero,0.7777777777777778,0.875,0.006666666666666667,0.6758842184625131,0.6867980660442696,0,0,0.006154477003292413,0.00572127000123146,GunPoint,74
1,1,0.1,tshap_centroid,tshap_zero,0.7647058823529411,0.8666666666666667,0.013333333333333334,0.6026927963343262,0.6291395500618934,0,0,0.006154477003292413,0.00572127000123146,GunPoint,74
1,1,0.2,tshap_centroid,tshap_zero,0.875,0.9333333333333333,0.013333333333333334,0.28073954126890455,0.29325522299701245,0,0,0.006154477003292413,0.00572127000123146,GunPoint,74
1,1,0.05,tshap_centroid,mrsqm,0.0,0.0,0.20666666666666667,0.6758842184625131,0.10673360148288524,0,0,0.006154477003292413,2.168100036215037e-05,GunPoint,74
1,1,0.1,tshap_centroid,mrsqm,0.0,0.0,0.18,0.6026927963343262,-0.0038371474377265624,0,0,0.006154477003292413,2.168100036215037e-05,GunPoint,74
1,1,0.2,tshap_centroid,mrsqm,0.2,0.3333333333333333,0.13333333333333333,0.28073954126890455,-0.08865795201966109,0,0,0.006154477003292413,2.168100036215037e-05,GunPoint,74
1,1,0.05,tshap_zero,mrsqm,0.0,0.0,0.21333333333333335,0.6867980660442696,0.10673360148288524,0,0,0.00572127000123146,2.168100036215037e-05,GunPoint,74
1,1,0.1,tshap_zero,mrsqm,0.0,0.0,0.19333333333333333,0.6291395500618934,-0.0038371474377265624,0,0,0.00572127000123146,2.168100036215037e-05,GunPoint,74
1,1,0.2,tshap_zero,mrsqm,0.15384615384615385,0.26666666666666666,0.14666666666666667,0.29325522299701245,-0.08865795201966109,0,0,0.00572127000123146,2.168100036215037e-05,GunPoint,74
