true_label,pred_label,fraction,method_a,method_b,iou,overlap_fraction,normalised_centre_distance,score_drop_a,score_drop_b,flipped_a,flipped_b,explain_time_a_s,explain_time_b_s,dataset,sample_idx
8,8,0.05,hydra,shapley_sampling,0.0,0.0,0.282,0.41053784964686857,-0.11363727063271467,0,0,0.3382814760043402,1.0513593740033684,AllGestureWiimoteX,498
8,8,0.1,hydra,shapley_sampling,0.3333333333333333,0.5,0.05,0.5422404346812582,0.7337417587768053,1,1,0.3382814760043402,1.0513593740033684,AllGestureWiimoteX,498
8,8,0.2,hydra,shapley_sampling,0.6949152542372882,0.82,0.036,0.7785481475539546,0.6275419888909404,1,1,0.3382814760043402,1.0513593740033684,AllGestureWiimoteX,498
8,8,0.05,hydra,feature_ablation,0.21951219512195122,0.36,0.032,0.41053784964686857,0.6253998940279801,0,1,0.3382814760043402,0.047750582998560276,AllGestureWiimoteX,498
8,8,0.1,hydra,feature_ablation,0.3333333333333333,0.5,0.05,0.5422404346812582,0.653115495275429,1,1,0.3382814760043402,0.047750582998560276,AllGestureWiimoteX,498
8,8,0.2,hydra,feature_ablation,0.27388535031847133,0.43,0.114,0.7785481475539546,0.45797087990908525,1,1,0.3382814760043402,0.047750582998560276,AllGestureWiimoteX,498
8,8,0.05,hydra,tshap_centroid,0.041666666666666664,0.08,0.046,0.41053784964686857,0.6537445412391758,0,1,0.3382814760043402,0.06652392899559345,AllGestureWiimoteX,498
8,8,0.1,hydra,tshap_centroid,0.3157894736842105,0.48,0.052,0.5422404346812582,0.7684471217887285,1,1,0.3382814760043402,0.06652392899559345,AllGestureWiimoteX,498
8,8,0.2,hydra,tshap_centroid,0.8018018018018018,0.89,0.022,0.7785481475539546,0.8412833917001994,1,1,0.3382814760043402,0.06652392899559345,AllGestureWiimoteX,498
8,8,0.05,hydra,tshap_zero,0.0,0.0,0.052,0.41053784964686857,0.7640295152779103,0,1,0.3382814760043402,0.05821819400443928,AllGestureWiimoteX,498
8,8,0.1,hydra,tshap_zero,0.2345679012345679,0.38,0.062,0.5422404346812582,0.780428412457354,1,1,0.3382814760043402,0.05821819400443928,AllGestureWiimoteX,498
8,8,0.2,hydra,tshap_zero,0.9230769230769231,0.96,0.008,0.7785481475539546,0.7805608838513982,1,1,0.3382814760043402,0.05821819400443928,AllGestureWiimoteX,498
8,8,0.05,hydra,tshap_train,0.1111111111111111,0.2,0.04,0.41053784964686857,0.509386752539744,0,0,0.3382814760043402,0.7003828300003079,AllGestureWiimoteX,498
8,8,0.1,hydra,tshap_train,0.42857142857142855,0.6,0.04,0.5422404346812582,0.6238032286806849,1,1,0.3382814760043402,0.7003828300003079,AllGestureWiimoteX,498
8,8,0.2,hydra,tshap_train,0.7543859649122807,0.86,0.028,0.7785481475539546,0.8579175849212206,1,1,0.3382814760043402,0.7003828300003079,AllGestureWiimoteX,498
8,8,0.05,hydra,mrsqm,0.0,0.0,0.282,0.41053784964686857,-0.1136372715841385,0,0,0.3382814760043402,2.907500311266631e-05,AllGestureWiimoteX,498
8,8,0.1,hydra,mrsqm,0.0,0.0,0.25,0.5422404346812582,-0.2372076713188338,1,0,0.3382814760043402,2.907500311266631e-05,AllGestureWiimoteX,498
8,8,0.2,hydra,mrsqm,0.0,0.0,0.264,0.7785481475539546,-0.28975800725089274,1,0,0.3382814760043402,2.907500311266631e-05,AllGestureWiimoteX,498
8,8,0.05,shapley_sampling,feature_ablation,0.0,0.0,0.25,-0.11363727063271467,0.6253998940279801,0,1,1.0513593740033684,0.047750582998560276,AllGestureWiimoteX,498
8,8,0.1,shapley_sampling,feature_ablation,0.0,0.0,0.1,0.7337417587768053,0.653115495275429,1,1,1.0513593740033684,0.047750582998560276,AllGestureWiimoteX,498
8,8,0.2,shapley_sampling,feature_ablation,0.14285714285714285,0.25,0.15,0.6275419888909404,0.45797087990908525,1,1,1.0513593740033684,0.047750582998560276,AllGestureWiimoteX,498
8,8,0.05,shapley_sampling,tshap_centroid,0.0,0.0,0.328,-0.11363727063271467,0.6537445412391758,0,1,1.0513593740033684,0.06652392899559345,AllGestureWiimoteX,498
8,8,0.1,shapley_sampling,tshap_centroid,0.9607843137254902,0.98,0.002,0.7337417587768053,0.7684471217887285,1,1,1.0513593740033684,0.06652392899559345,AllGestureWiimoteX,498
8,8,0.2,shapley_sampling,tshap_centroid,0.5503875968992248,0.71,0.058,0.6275419888909404,0.8412833917001994,1,1,1.0513593740033684,0.06652392899559345,AllGestureWiimoteX,498
8,8,0.05,shapley_sampling,tshap_zero,0.0,0.0,0.334,-0.11363727063271467,0.7640295152779103,0,1,1.0513593740033684,0.05821819400443928,AllGestureWiimoteX,498
8,8,0.1,shapley_sampling,tshap_zero,0.7857142857142857,0.88,0.012,0.7337417587768053,0.780428412457354,1,1,1.0513593740033684,0.05821819400443928,AllGestureWiimoteX,498
8,8,0.2,shapley_sampling,tshap_zero,0.639344262295082,0.78,0.044,0.6275419888909404,0.7805608838513982,1,1,1.0513593740033684,0.05821819400443928,AllGestureWiimoteX,498
8,8,0.05,shapley_sampling,tshap_train,0.0,0.0,0.322,-0.11363727063271467,0.509386752539744,0,0,1.0513593740033684,0.7003828300003079,AllGestureWiimoteX,498
8,8,0.1,shapley_sampling,tshap_train,0.8181818181818182,0.9,0.01,0.7337417587768053,0.6238032286806849,1,1,1.0513593740033684,0.7003828300003079,AllGestureWiimoteX,498
8,8,0.2,shapley_sampling,tshap_train,0.5151515151515151,0.68,0.064,0.6275419888909404,0.8579175849212206,1,1,1.0513593740033684,0.7003828300003079,AllGestureWiimoteX,498
8,8,0.05,shapley_sampling,mrsqm,1.0,1.0,0.0,-0.11363727063271467,-0.1136372715841385,0,0,1.0513593740033684,2.907500311266631e-05,AllGestureWiimoteX,498
8,8,0.1,shapley_sampling,mrsqm,0.0,0.0,0.3,0.7337417587768053,-0.2372076713188338,1,0,1.0513593740033684,2.907500311266631e-05,AllGestureWiimoteX,498
8,8,0.2,shapley_sampling,mrsqm,0.0,0.0,0.3,0.6275419888909404,-0.28975800725089274,1,0,1.0513593740033684,2.907500311266631e-05,AllGestureWiimoteX,498
8,8,0.05,feature_ablation,tshap_centroid,0.0,0.0,0.078,0.6253998940279801,0.6537445412391758,1,1,0.047750582998560276,0.06652392899559345,AllGestureWiimoteX,498
8,8,0.1,feature_ablation,tshap_centroid,0.0,0.0,0.102,0.653115495275429,0.7684471217887285,1,1,0.047750582998560276,0.06652392899559345,AllGestureWiimoteX,498
8,8,0.2,feature_ablation,tshap_centroid,0.3698630136986301,0.54,0.092,0.45797087990908525,0.8412833917001994,1,1,0.047750582998560276,0.06652392899559345,AllGestureWiimoteX,498
8,8,0.05,feature_ablation,tshap_zero,0.0,0.0,0.084,0.6253998940279801,0.7640295152779103,1,1,0.047750582998560276,0.05821819400443928,AllGestureWiimoteX,498
8,8,0.1,feature_ablation,tshap_zero,0.0,0.0,0.112,0.653115495275429,0.780428412457354,1,1,0.047750582998560276,0.05821819400443928,AllGestureWiimoteX,498
8,8,0.2,feature_ablation,tshap_zero,0.30718954248366015,0.47,0.106,0.45797087990908525,0.7805608838513982,1,1,0.047750582998560276,0.05821819400443928,AllGestureWiimoteX,498
8,8,0.05,feature_ablation,tshap_train,0.0,0.0,0.072,0.6253998940279801,0.509386752539744,1,0,0.047750582998560276,0.7003828300003079,AllGestureWiimoteX,498
8,8,0.1,feature_ablation,tshap_train,0.05263157894736842,0.1,0.09,0.653115495275429,0.6238032286806849,1,1,0.047750582998560276,0.7003828300003079,AllGestureWiimoteX,498
8,8,0.2,feature_ablation,tshap_train,0.3986013986013986,0.57,0.086,0.45797087990908525,0.8579175849212206,1,1,0.047750582998560276,0.7003828300003079,AllGestureWiimoteX,498
8,8,0.05,feature_ablation,mrsqm,0.0,0.0,0.25,0.6253998940279801,-0.1136372715841385,1,0,0.047750582998560276,2.907500311266631e-05,AllGestureWiimoteX,498
8,8,0.1,feature_ablation,mrsqm,0.0,0.0,0.2,0.653115495275429,-0.2372076713188338,1,0,0.047750582998560276,2.907500311266631e-05,AllGestureWiimoteX,498
8,8,0.2,feature_ablation,mrsqm,0.14285714285714285,0.25,0.15,0.45797087990908525,-0.28975800725089274,1,0,0.047750582998560276,2.907500311266631e-05,AllGestureWiimoteX,498
8,8,0.05,tshap_centroid,tshap_zero,0.7857142857142857,0.88,0.006,0.6537445412391758,0.7640295152779103,1,1,0.06652392899559345,0.05821819400443928,AllGestureWiimoteX,498
8,8,0.1,tshap_centroid,tshap_zero,0.8181818181818182,0.9,0.01,0.7684471217887285,0.780428412457354,1,1,0.06652392899559345,0.05821819400443928,AllGestureWiimoteX,498
8,8,0.2,tshap_centroid,tshap_zero,0.8691588785046729,0.93,0.014,0.8412833917001994,0.7805608838513982,1,1,0.06652392899559345,0.05821819400443928,AllGestureWiimoteX,498
8,8,0.05,tshap_centroid,tshap_train,0.7857142857142857,0.88,0.006,0.6537445412391758,0.509386752539744,1,0,0.06652392899559345,0.7003828300003079,AllGestureWiimoteX,498
8,8,0.1,tshap_centroid,tshap_train,0.7857142857142857,0.88,0.012,0.7684471217887285,0.6238032286806849,1,1,0.06652392899559345,0.7003828300003079,AllGestureWiimoteX,498
8,8,0.2,tshap_centroid,tshap_train,0.941747572815534,0.97,0.006,0.8412833917001994,0.8579175849212206,1,1,0.06652392899559345,0.7003828300003079,AllGestureWiimoteX,498
8,8,0.05,tshap_centroid,mrsqm,0.0,0.0,0.328,0.6537445412391758,-0.1136372715841385,1,0,0.06652392899559345,2.907500311266631e-05,AllGestureWiimoteX,498
8,8,0.1,tshap_centroid,mrsqm,0.0,0.0,0.302,0.7684471217887285,-0.2372076713188338,1,0,0.06652392899559345,2.907500311266631e-05,AllGestureWiimoteX,498
8,8,0.2,tshap_centroid,mrsqm,0.0,0.0,0.242,0.8412833917001994,-0.28975800725089274,1,0,0.06652392899559345,2.907500311266631e-05,AllGestureWiimoteX,498
8,8,0.05,tshap_zero,tshap_train,0.6129032258064516,0.76,0.012,0.7640295152779103,0.509386752539744,1,0,0.05821819400443928,0.7003828300003079,AllGestureWiimoteX,498
8,8,0.1,tshap_zero,tshap_train,0.639344262295082,0.78,0.022,0.780428412457354,0.6238032286806849,1,1,0.05821819400443928,0.7003828300003079,AllGestureWiimoteX,498
8,8,0.2,tshap_zero,tshap_train,0.8181818181818182,0.9,0.02,0.7805608838513982,0.8579175849212206,1,1,0.05821819400443928,0.7003828300003079,AllGestureWiimoteX,498
8,8,0.05,tshap_zero,mrsqm,0.0,0.0,0.334,0.7640295152779103,-0.1136372715841385,1,0,0.05821819400443928,2.907500311266631e-05,AllGestureWiimoteX,498
8,8,0.1,tshap_zero,mrsqm,0.0,0.0,0.312,0.780428412457354,-0.2372076713188338,1,0,0.05821819400443928,2.907500311266631e-05,AllGestureWiimoteX,498
8,8,0.2,tshap_zero,mrsqm,0.0,0.0,0.256,0.7805608838513982,-0.28975800725089274,1,0,0.05821819400443928,2.907500311266631e-05,AllGestureWiimoteX,498
8,8,0.05,tshap_train,mrsqm,0.0,0.0,0.322,0.509386752539744,-0.1136372715841385,0,0,0.7003828300003079,2.907500311266631e-05,AllGestureWiimoteX,498
8,8,0.1,tshap_train,mrsqm,0.0,0.0,0.29,0.6238032286806849,-0.2372076713188338,1,0,0.7003828300003079,2.907500311266631e-05,AllGestureWiimoteX,498
8,8,0.2,tshap_train,mrsqm,0.0,0.0,0.236,0.8579175849212206,-0.28975800725089274,1,0,0.7003828300003079,2.907500311266631e-05,AllGestureWiimoteX,498
7,7,0.05,hydra,shapley_sampling,0.0,0.0,0.094,0.421829042689716,0.18454426573718946,1,1,0.3314300819984055,1.035331833998498,AllGestureWiimoteX,481
7,7,0.1,hydra,shapley_sampling,0.7241379310344828,0.84,0.016,0.6712589856500563,0.5187638635874758,1,1,0.3314300819984055,1.035331833998498,AllGestureWiimoteX,481
7,7,0.2,hydra,shapley_sampling,0.0,0.0,0.244,0.8161829893672238,0.1277505220104902,1,1,0.3314300819984055,1.035331833998498,AllGestureWiimoteX,481
7,7,0.05,hydra,feature_ablation,0.0,0.0,0.306,0.421829042689716,0.015084824223737803,1,0,0.3314300819984055,0.043778826999187004,AllGestureWiimoteX,481
7,7,0.1,hydra,feature_ablation,0.0,0.0,0.384,0.6712589856500563,0.024321512840185022,1,0,0.3314300819984055,0.043778826999187004,AllGestureWiimoteX,481
7,7,0.2,hydra,feature_ablation,0.0,0.0,0.244,0.8161829893672238,0.1277505223668095,1,1,0.3314300819984055,0.043778826999187004,AllGestureWiimoteX,481
7,7,0.05,hydra,tshap_centroid,0.19047619047619047,0.32,0.034,0.421829042689716,0.15975116447774396,1,1,0.3314300819984055,0.05401319800148485,AllGestureWiimoteX,481
7,7,0.1,hydra,tshap_centroid,0.05263157894736842,0.1,0.09,0.6712589856500563,0.3426901822046394,1,1,0.3314300819984055,0.05401319800148485,AllGestureWiimoteX,481
7,7,0.2,hydra,tshap_centroid,0.48148148148148145,0.65,0.07,0.8161829893672238,0.6071817275756485,1,1,0.3314300819984055,0.05401319800148485,AllGestureWiimoteX,481
7,7,0.05,hydra,tshap_zero,0.16279069767441862,0.28,0.036,0.421829042689716,0.16318465733218052,1,1,0.3314300819984055,0.057101769001747016,AllGestureWiimoteX,481
7,7,0.1,hydra,tshap_zero,0.05263157894736842,0.1,0.09,0.6712589856500563,0.3426901792002184,1,1,0.3314300819984055,0.057101769001747016,AllGestureWiimoteX,481
7,7,0.2,hydra,tshap_zero,0.639344262295082,0.78,0.044,0.8161829893672238,0.7838749847053456,1,1,0.3314300819984055,0.057101769001747016,AllGestureWiimoteX,481
7,7,0.05,hydra,tshap_train,0.0,0.0,0.056,0.421829042689716,0.17828935800607482,1,0,0.3314300819984055,0.6738985499978298,AllGestureWiimoteX,481
7,7,0.1,hydra,tshap_train,0.0,0.0,0.106,0.6712589856500563,0.35797998328215763,1,1,0.3314300819984055,0.6738985499978298,AllGestureWiimoteX,481
7,7,0.2,hydra,tshap_train,0.3333333333333333,0.5,0.1,0.8161829893672238,0.4803232973157642,1,1,0.3314300819984055,0.6738985499978298,AllGestureWiimoteX,481
7,7,0.05,hydra,mrsqm,0.0,0.0,0.094,0.421829042689716,0.18454426514568611,1,1,0.3314300819984055,3.447500057518482e-05,AllGestureWiimoteX,481
7,7,0.1,hydra,mrsqm,0.7241379310344828,0.84,0.016,0.6712589856500563,0.5187638627626217,1,1,0.3314300819984055,3.447500057518482e-05,AllGestureWiimoteX,481
7,7,0.2,hydra,mrsqm,0.941747572815534,0.97,0.006,0.8161829893672238,0.7177521643863748,1,1,0.3314300819984055,3.447500057518482e-05,AllGestureWiimoteX,481
7,7,0.05,shapley_sampling,feature_ablation,0.0,0.0,0.4,0.18454426573718946,0.015084824223737803,1,0,1.035331833998498,0.043778826999187004,AllGestureWiimoteX,481
7,7,0.1,shapley_sampling,feature_ablation,0.0,0.0,0.4,0.5187638635874758,0.024321512840185022,1,0,1.035331833998498,0.043778826999187004,AllGestureWiimoteX,481
7,7,0.2,shapley_sampling,feature_ablation,1.0,1.0,0.0,0.1277505220104902,0.1277505223668095,1,1,1.035331833998498,0.043778826999187004,AllGestureWiimoteX,481
7,7,0.05,shapley_sampling,tshap_centroid,0.0,0.0,0.128,0.18454426573718946,0.15975116447774396,1,1,1.035331833998498,0.05401319800148485,AllGestureWiimoteX,481
7,7,0.1,shapley_sampling,tshap_centroid,0.0,0.0,0.106,0.5187638635874758,0.3426901822046394,1,1,1.035331833998498,0.05401319800148485,AllGestureWiimoteX,481
7,7,0.2,shapley_sampling,tshap_centroid,0.06951871657754011,0.13,0.174,0.1277505220104902,0.6071817275756485,1,1,1.035331833998498,0.05401319800148485,AllGestureWiimoteX,481
7,7,0.05,shapley_sampling,tshap_zero,0.0,0.0,0.13,0.18454426573718946,0.16318465733218052,1,1,1.035331833998498,0.057101769001747016,AllGestureWiimoteX,481
7,7,0.1,shapley_sampling,tshap_zero,0.0,0.0,0.106,0.5187638635874758,0.3426901792002184,1,1,1.035331833998498,0.057101769001747016,AllGestureWiimoteX,481
7,7,0.2,shapley_sampling,tshap_zero,0.0,0.0,0.2,0.1277505220104902,0.7838749847053456,1,1,1.035331833998498,0.057101769001747016,AllGestureWiimoteX,481
7,7,0.05,shapley_sampling,tshap_train,0.0,0.0,0.15,0.18454426573718946,0.17828935800607482,1,0,1.035331833998498,0.6738985499978298,AllGestureWiimoteX,481
7,7,0.1,shapley_sampling,tshap_train,0.0,0.0,0.122,0.5187638635874758,0.35797998328215763,1,1,1.035331833998498,0.6738985499978298,AllGestureWiimoteX,481
7,7,0.2,shapley_sampling,tshap_train,0.16279069767441862,0.28,0.144,0.1277505220104902,0.4803232973157642,1,1,1.035331833998498,0.6738985499978298,AllGestureWiimoteX,481
7,7,0.05,shapley_sampling,mrsqm,1.0,1.0,0.0,0.18454426573718946,0.18454426514568611,1,1,1.035331833998498,3.447500057518482e-05,AllGestureWiimoteX,481
7,7,0.1,shapley_sampling,mrsqm,1.0,1.0,0.0,0.5187638635874758,0.5187638627626217,1,1,1.035331833998498,3.447500057518482e-05,AllGestureWiimoteX,481
7,7,0.2,shapley_sampling,mrsqm,0.0,0.0,0.25,0.1277505220104902,0.7177521643863748,1,1,1.035331833998498,3.447500057518482e-05,AllGestureWiimoteX,481
7,7,0.05,feature_ablation,tshap_centroid,0.0,0.0,0.272,0.015084824223737803,0.15975116447774396,0,1,0.043778826999187004,0.05401319800148485,AllGestureWiimoteX,481
7,7,0.1,feature_ablation,tshap_centroid,0.0,0.0,0.294,0.024321512840185022,0.3426901822046394,0,1,0.043778826999187004,0.05401319800148485,AllGestureWiimoteX,481
7,7,0.2,feature_ablation,tshap_centroid,0.06951871657754011,0.13,0.174,0.1277505223668095,0.6071817275756485,1,1,0.043778826999187004,0.05401319800148485,AllGestureWiimoteX,481
7,7,0.05,feature_ablation,tshap_zero,0.0,0.0,0.27,0.015084824223737803,0.16318465733218052,0,1,0.043778826999187004,0.057101769001747016,AllGestureWiimoteX,481
7,7,0.1,feature_ablation,tshap_zero,0.0,0.0,0.294,0.024321512840185022,0.3426901792002184,0,1,0.043778826999187004,0.057101769001747016,AllGestureWiimoteX,481
7,7,0.2,feature_ablation,tshap_zero,0.0,0.0,0.2,0.1277505223668095,0.7838749847053456,1,1,0.043778826999187004,0.057101769001747016,AllGestureWiimoteX,481
7,7,0.05,feature_ablation,tshap_train,0.0,0.0,0.25,0.015084824223737803,0.17828935800607482,0,0,0.043778826999187004,0.6738985499978298,AllGestureWiimoteX,481
7,7,0.1,feature_ablation,tshap_train,0.0,0.0,0.278,0.024321512840185022,0.35797998328215763,0,1,0.043778826999187004,0.6738985499978298,AllGestureWiimoteX,481
7,7,0.2,feature_ablation,tshap_train,0.16279069767441862,0.28,0.144,0.1277505223668095,0.4803232973157642,1,1,0.043778826999187004,0.6738985499978298,AllGestureWiimoteX,481
7,7,0.05,feature_ablation,mrsqm,0.0,0.0,0.4,0.015084824223737803,0.18454426514568611,0,1,0.043778826999187004,3.447500057518482e-05,AllGestureWiimoteX,481
7,7,0.1,feature_ablation,mrsqm,0.0,0.0,0.4,0.024321512840185022,0.5187638627626217,0,1,0.043778826999187004,3.447500057518482e-05,AllGestureWiimoteX,481
7,7,0.2,feature_ablation,mrsqm,0.0,0.0,0.25,0.1277505223668095,0.7177521643863748,1,1,0.043778826999187004,3.447500057518482e-05,AllGestureWiimoteX,481
7,7,0.05,tshap_centroid,tshap_zero,0.9230769230769231,0.96,0.002,0.15975116447774396,0.16318465733218052,1,1,0.05401319800148485,0.057101769001747016,AllGestureWiimoteX,481
7,7,0.1,tshap_centroid,tshap_zero,1.0,1.0,0.0,0.3426901822046394,0.3426901792002184,1,1,0.05401319800148485,0.057101769001747016,AllGestureWiimoteX,481
7,7,0.2,tshap_centroid,tshap_zero,0.7699115044247787,0.87,0.026,0.6071817275756485,0.7838749847053456,1,1,0.05401319800148485,0.057101769001747016,AllGestureWiimoteX,481
7,7,0.05,tshap_centroid,tshap_train,0.3888888888888889,0.56,0.022,0.15975116447774396,0.17828935800607482,1,0,0.05401319800148485,0.6738985499978298,AllGestureWiimoteX,481
7,7,0.1,tshap_centroid,tshap_train,0.7241379310344828,0.84,0.016,0.3426901822046394,0.35797998328215763,1,1,0.05401319800148485,0.6738985499978298,AllGestureWiimoteX,481
7,7,0.2,tshap_centroid,tshap_train,0.7391304347826086,0.85,0.03,0.6071817275756485,0.4803232973157642,1,1,0.05401319800148485,0.6738985499978298,AllGestureWiimoteX,481
7,7,0.05,tshap_centroid,mrsqm,0.0,0.0,0.128,0.15975116447774396,0.18454426514568611,1,1,0.05401319800148485,3.447500057518482e-05,AllGestureWiimoteX,481
7,7,0.1,tshap_centroid,mrsqm,0.0,0.0,0.106,0.3426901822046394,0.5187638627626217,1,1,0.05401319800148485,3.447500057518482e-05,AllGestureWiimoteX,481
7,7,0.2,tshap_centroid,mrsqm,0.4492753623188406,0.62,0.076,0.6071817275756485,0.7177521643863748,1,1,0.05401319800148485,3.447500057518482e-05,AllGestureWiimoteX,481
7,7,0.05,tshap_zero,tshap_train,0.42857142857142855,0.6,0.02,0.16318465733218052,0.17828935800607482,1,0,0.057101769001747016,0.6738985499978298,AllGestureWiimoteX,481
7,7,0.1,tshap_zero,tshap_train,0.7241379310344828,0.84,0.016,0.3426901792002184,0.35797998328215763,1,1,0.057101769001747016,0.6738985499978298,AllGestureWiimoteX,481
7,7,0.2,tshap_zero,tshap_train,0.5625,0.72,0.056,0.7838749847053456,0.4803232973157642,1,1,0.057101769001747016,0.6738985499978298,AllGestureWiimoteX,481
7,7,0.05,tshap_zero,mrsqm,0.0,0.0,0.13,0.16318465733218052,0.18454426514568611,1,1,0.057101769001747016,3.447500057518482e-05,AllGestureWiimoteX,481
7,7,0.1,tshap_zero,mrsqm,0.0,0.0,0.106,0.3426901792002184,0.5187638627626217,1,1,0.057101769001747016,3.447500057518482e-05,AllGestureWiimoteX,481
7,7,0.2,tshap_zero,mrsqm,0.6,0.75,0.05,0.7838749847053456,0.7177521643863748,1,1,0.057101769001747016,3.447500057518482e-05,AllGestureWiimoteX,481
7,7,0.05,tshap_train,mrsqm,0.0,0.0,0.15,0.17828935800607482,0.18454426514568611,0,1,0.6738985499978298,3.447500057518482e-05,AllGestureWiimoteX,481
7,7,0.1,tshap_train,mrsqm,0.0,0.0,0.122,0.35797998328215763,0.5187638627626217,1,1,0.6738985499978298,3.447500057518482e-05,AllGestureWiimoteX,481
7,7,0.2,tshap_train,mrsqm,0.30718954248366015,0.47,0.106,0.4803232973157642,0.7177521643863748,1,1,0.6738985499978298,3.447500057518482e-05,AllGestureWiimoteX,481
2,2,0.05,hydra,shapley_sampling,0.0,0.0,0.092,0.3857347371840534,0.18653800659601738,0,0,0.32507453199650627,1.0143289659972652,AllGestureWiimoteX,125
2,2,0.1,hydra,shapley_sampling,0.0,0.0,0.378,0.45117459100410806,-0.073742446412417,1,0,0.32507453199650627,1.0143289659972652,AllGestureWiimoteX,125
2,2,0.2,hydra,shapley_sampling,0.0,0.0,0.234,0.8780819482247781,0.06111447802100578,1,1,0.32507453199650627,1.0143289659972652,AllGestureWiimoteX,125
2,2,0.05,hydra,feature_ablation,0.0,0.0,0.542,0.3857347371840534,-0.06850983784780396,0,0,0.32507453199650627,0.042613710997102316,AllGestureWiimoteX,125
2,2,0.1,hydra,feature_ablation,0.0,0.0,0.378,0.45117459100410806,-0.07374245137271784,1,0,0.32507453199650627,0.042613710997102316,AllGestureWiimoteX,125
2,2,0.2,hydra,feature_ablation,0.0,0.0,0.534,0.8780819482247781,-0.2635934669805122,1,1,0.32507453199650627,0.042613710997102316,AllGestureWiimoteX,125
2,2,0.05,hydra,tshap_centroid,0.0,0.0,0.192,0.3857347371840534,0.4182883558588468,0,0,0.32507453199650627,0.05049470599624328,AllGestureWiimoteX,125
2,2,0.1,hydra,tshap_centroid,0.3157894736842105,0.48,0.052,0.45117459100410806,0.687781762101213,1,1,0.32507453199650627,0.05049470599624328,AllGestureWiimoteX,125
2,2,0.2,hydra,tshap_centroid,0.4925373134328358,0.66,0.068,0.8780819482247781,0.9773484215139427,1,1,0.32507453199650627,0.05049470599624328,AllGestureWiimoteX,125
2,2,0.05,hydra,tshap_zero,0.0,0.0,0.382,0.3857347371840534,-0.07122961033624553,0,0,0.32507453199650627,0.05672972799948184,AllGestureWiimoteX,125
2,2,0.1,hydra,tshap_zero,0.0,0.0,0.248,0.45117459100410806,-0.13805604773354596,1,0,0.32507453199650627,0.05672972799948184,AllGestureWiimoteX,125
2,2,0.2,hydra,tshap_zero,0.0,0.0,0.334,0.8780819482247781,-0.29969901123103093,1,1,0.32507453199650627,0.05672972799948184,AllGestureWiimoteX,125
2,2,0.05,hydra,tshap_train,0.0,0.0,0.19,0.3857347371840534,0.39038043595497274,0,0,0.32507453199650627,0.6824593560013454,AllGestureWiimoteX,125
2,2,0.1,hydra,tshap_train,0.3333333333333333,0.5,0.05,0.45117459100410806,0.6122562043552426,1,1,0.32507453199650627,0.6824593560013454,AllGestureWiimoteX,125
2,2,0.2,hydra,tshap_train,0.4925373134328358,0.66,0.068,0.8780819482247781,0.977348416815029,1,1,0.32507453199650627,0.6824593560013454,AllGestureWiimoteX,125
2,2,0.05,hydra,mrsqm,0.7241379310344828,0.84,0.008,0.3857347371840534,0.4966861438914565,0,0,0.32507453199650627,2.7090994990430772e-05,AllGestureWiimoteX,125
2,2,0.1,hydra,mrsqm,0.0,0.0,0.122,0.45117459100410806,0.4708090502423714,1,1,0.32507453199650627,2.7090994990430772e-05,AllGestureWiimoteX,125
2,2,0.2,hydra,mrsqm,0.8518518518518519,0.92,0.016,0.8780819482247781,0.966230152606195,1,1,0.32507453199650627,2.7090994990430772e-05,AllGestureWiimoteX,125
2,2,0.05,shapley_sampling,feature_ablation,0.0,0.0,0.45,0.18653800659601738,-0.06850983784780396,0,0,1.0143289659972652,0.042613710997102316,AllGestureWiimoteX,125
2,2,0.1,shapley_sampling,feature_ablation,1.0,1.0,0.0,-0.073742446412417,-0.07374245137271784,0,0,1.0143289659972652,0.042613710997102316,AllGestureWiimoteX,125
2,2,0.2,shapley_sampling,feature_ablation,0.0,0.0,0.3,0.06111447802100578,-0.2635934669805122,1,1,1.0143289659972652,0.042613710997102316,AllGestureWiimoteX,125
2,2,0.05,shapley_sampling,tshap_centroid,0.0,0.0,0.1,0.18653800659601738,0.4182883558588468,0,0,1.0143289659972652,0.05049470599624328,AllGestureWiimoteX,125
2,2,0.1,shapley_sampling,tshap_centroid,0.0,0.0,0.326,-0.073742446412417,0.687781762101213,0,1,1.0143289659972652,0.05049470599624328,AllGestureWiimoteX,125
2,2,0.2,shapley_sampling,tshap_centroid,0.09289617486338798,0.17,0.166,0.06111447802100578,0.9773484215139427,1,1,1.0143289659972652,0.05049470599624328,AllGestureWiimoteX,125
2,2,0.05,shapley_sampling,tshap_zero,0.0,0.0,0.29,0.18653800659601738,-0.07122961033624553,0,0,1.0143289659972652,0.05672972799948184,AllGestureWiimoteX,125
2,2,0.1,shapley_sampling,tshap_zero,0.0,0.0,0.13,-0.073742446412417,-0.13805604773354596,0,0,1.0143289659972652,0.05672972799948184,AllGestureWiimoteX,125
2,2,0.2,shapley_sampling,tshap_zero,0.3333333333333333,0.5,0.1,0.06111447802100578,-0.29969901123103093,1,1,1.0143289659972652,0.05672972799948184,AllGestureWiimoteX,125
2,2,0.05,shapley_sampling,tshap_train,0.0,0.0,0.098,0.18653800659601738,0.39038043595497274,0,0,1.0143289659972652,0.6824593560013454,AllGestureWiimoteX,125
2,2,0.1,shapley_sampling,tshap_train,0.0,0.0,0.328,-0.073742446412417,0.6122562043552426,0,1,1.0143289659972652,0.6824593560013454,AllGestureWiimoteX,125
2,2,0.2,shapley_sampling,tshap_train,0.09289617486338798,0.17,0.166,0.06111447802100578,0.977348416815029,1,1,1.0143289659972652,0.6824593560013454,AllGestureWiimoteX,125
2,2,0.05,shapley_sampling,mrsqm,0.0,0.0,0.1,0.18653800659601738,0.4966861438914565,0,0,1.0143289659972652,2.7090994990430772e-05,AllGestureWiimoteX,125
2,2,0.1,shapley_sampling,mrsqm,0.0,0.0,0.5,-0.073742446412417,0.4708090502423714,0,1,1.0143289659972652,2.7090994990430772e-05,AllGestureWiimoteX,125
2,2,0.2,shapley_sampling,mrsqm,0.0,0.0,0.25,0.06111447802100578,0.966230152606195,1,1,1.0143289659972652,2.7090994990430772e-05,AllGestureWiimoteX,125
2,2,0.05,feature_ablation,tshap_centroid,0.0,0.0,0.35,-0.06850983784780396,0.4182883558588468,0,0,0.042613710997102316,0.05049470599624328,AllGestureWiimoteX,125
2,2,0.1,feature_ablation,tshap_centroid,0.0,0.0,0.326,-0.07374245137271784,0.687781762101213,0,1,0.042613710997102316,0.05049470599624328,AllGestureWiimoteX,125
2,2,0.2,feature_ablation,tshap_centroid,0.0,0.0,0.466,-0.2635934669805122,0.9773484215139427,1,1,0.042613710997102316,0.05049470599624328,AllGestureWiimoteX,125
2,2,0.05,feature_ablation,tshap_zero,0.0,0.0,0.16,-0.06850983784780396,-0.07122961033624553,0,0,0.042613710997102316,0.05672972799948184,AllGestureWiimoteX,125
2,2,0.1,feature_ablation,tshap_zero,0.0,0.0,0.13,-0.07374245137271784,-0.13805604773354596,0,0,0.042613710997102316,0.05672972799948184,AllGestureWiimoteX,125
2,2,0.2,feature_ablation,tshap_zero,0.0,0.0,0.2,-0.2635934669805122,-0.29969901123103093,1,1,0.042613710997102316,0.05672972799948184,AllGestureWiimoteX,125
2,2,0.05,feature_ablation,tshap_train,0.0,0.0,0.352,-0.06850983784780396,0.39038043595497274,0,0,0.042613710997102316,0.6824593560013454,AllGestureWiimoteX,125
2,2,0.1,feature_ablation,tshap_train,0.0,0.0,0.328,-0.07374245137271784,0.6122562043552426,0,1,0.042613710997102316,0.6824593560013454,AllGestureWiimoteX,125
2,2,0.2,feature_ablation,tshap_train,0.0,0.0,0.466,-0.2635934669805122,0.977348416815029,1,1,0.042613710997102316,0.6824593560013454,AllGestureWiimoteX,125
2,2,0.05,feature_ablation,mrsqm,0.0,0.0,0.55,-0.06850983784780396,0.4966861438914565,0,0,0.042613710997102316,2.7090994990430772e-05,AllGestureWiimoteX,125
2,2,0.1,feature_ablation,mrsqm,0.0,0.0,0.5,-0.07374245137271784,0.4708090502423714,0,1,0.042613710997102316,2.7090994990430772e-05,AllGestureWiimoteX,125
2,2,0.2,feature_ablation,mrsqm,0.0,0.0,0.55,-0.2635934669805122,0.966230152606195,1,1,0.042613710997102316,2.7090994990430772e-05,AllGestureWiimoteX,125
2,2,0.05,tshap_centroid,tshap_zero,0.0,0.0,0.19,0.4182883558588468,-0.07122961033624553,0,0,0.05049470599624328,0.05672972799948184,AllGestureWiimoteX,125
2,2,0.1,tshap_centroid,tshap_zero,0.0,0.0,0.196,0.687781762101213,-0.13805604773354596,1,0,0.05049470599624328,0.05672972799948184,AllGestureWiimoteX,125
2,2,0.2,tshap_centroid,tshap_zero,0.0,0.0,0.266,0.9773484215139427,-0.29969901123103093,1,1,0.05049470599624328,0.05672972799948184,AllGestureWiimoteX,125
2,2,0.05,tshap_centroid,tshap_train,0.9230769230769231,0.96,0.002,0.4182883558588468,0.39038043595497274,0,0,0.05049470599624328,0.6824593560013454,AllGestureWiimoteX,125
2,2,0.1,tshap_centroid,tshap_train,0.9607843137254902,0.98,0.002,0.687781762101213,0.6122562043552426,1,1,0.05049470599624328,0.6824593560013454,AllGestureWiimoteX,125
2,2,0.2,tshap_centroid,tshap_train,1.0,1.0,0.0,0.9773484215139427,0.977348416815029,1,1,0.05049470599624328,0.6824593560013454,AllGestureWiimoteX,125
2,2,0.05,tshap_centroid,mrsqm,0.0,0.0,0.2,0.4182883558588468,0.4966861438914565,0,0,0.05049470599624328,2.7090994990430772e-05,AllGestureWiimoteX,125
2,2,0.1,tshap_centroid,mrsqm,0.0,0.0,0.174,0.687781762101213,0.4708090502423714,1,1,0.05049470599624328,2.7090994990430772e-05,AllGestureWiimoteX,125
2,2,0.2,tshap_centroid,mrsqm,0.4084507042253521,0.58,0.084,0.9773484215139427,0.966230152606195,1,1,0.05049470599624328,2.7090994990430772e-05,AllGestureWiimoteX,125
2,2,0.05,tshap_zero,tshap_train,0.0,0.0,0.192,-0.07122961033624553,0.39038043595497274,0,0,0.05672972799948184,0.6824593560013454,AllGestureWiimoteX,125
2,2,0.1,tshap_zero,tshap_train,0.0,0.0,0.198,-0.13805604773354596,0.6122562043552426,0,1,0.05672972799948184,0.6824593560013454,AllGestureWiimoteX,125
2,2,0.2,tshap_zero,tshap_train,0.0,0.0,0.266,-0.29969901123103093,0.977348416815029,1,1,0.05672972799948184,0.6824593560013454,AllGestureWiimoteX,125
2,2,0.05,tshap_zero,mrsqm,0.0,0.0,0.39,-0.07122961033624553,0.4966861438914565,0,0,0.05672972799948184,2.7090994990430772e-05,AllGestureWiimoteX,125
2,2,0.1,tshap_zero,mrsqm,0.0,0.0,0.37,-0.13805604773354596,0.4708090502423714,0,1,0.05672972799948184,2.7090994990430772e-05,AllGestureWiimoteX,125
2,2,0.2,tshap_zero,mrsqm,0.0,0.0,0.35,-0.29969901123103093,0.966230152606195,1,1,0.05672972799948184,2.7090994990430772e-05,AllGestureWiimoteX,125
2,2,0.05,tshap_train,mrsqm,0.0,0.0,0.198,0.39038043595497274,0.4966861438914565,0,0,0.6824593560013454,2.7090994990430772e-05,AllGestureWiimoteX,125
2,2,0.1,tshap_train,mrsqm,0.0,0.0,0.172,0.6122562043552426,0.4708090502423714,1,1,0.6824593560013454,2.7090994990430772e-05,AllGestureWiimoteX,125
2,2,0.2,tshap_train,mrsqm,0.4084507042253521,0.58,0.084,0.977348416815029,0.966230152606195,1,1,0.6824593560013454,2.7090994990430772e-05,AllGestureWiimoteX,125
1,1,0.05,hydra,shapley_sampling,0.0,0.0,0.136,-0.02584409469351545,-0.07096394947825274,0,0,0.3256080680002924,1.027725116997317,AllGestureWiimoteX,660
1,1,0.1,hydra,shapley_sampling,0.0,0.0,0.124,-0.08304985756237515,-0.18057846475826111,0,1,0.3256080680002924,1.027725116997317,AllGestureWiimoteX,660
1,1,0.2,hydra,shapley_sampling,0.4492753623188406,0.62,0.076,-0.3607984636549333,-0.6338788697555404,1,1,0.3256080680002924,1.027725116997317,AllGestureWiimoteX,660
1,1,0.05,hydra,feature_ablation,0.0,0.0,0.136,-0.02584409469351545,-0.07096395555304247,0,0,0.3256080680002924,0.04314919100579573,AllGestureWiimoteX,660
1,1,0.1,hydra,feature_ablation,0.0,0.0,0.124,-0.08304985756237515,-0.18057846487223383,0,1,0.3256080680002924,0.04314919100579573,AllGestureWiimoteX,660
1,1,0.2,hydra,feature_ablation,0.4492753623188406,0.62,0.076,-0.3607984636549333,-0.6338788691000723,1,1,0.3256080680002924,0.04314919100579573,AllGestureWiimoteX,660
1,1,0.05,hydra,tshap_centroid,0.0,0.0,0.204,-0.02584409469351545,-0.03906095266212928,0,0,0.3256080680002924,0.05073509799694875,AllGestureWiimoteX,660
1,1,0.1,hydra,tshap_centroid,0.0,0.0,0.192,-0.08304985756237515,0.07670594415397142,0,1,0.3256080680002924,0.05073509799694875,AllGestureWiimoteX,660
1,1,0.2,hydra,tshap_centroid,0.0,0.0,0.248,-0.3607984636549333,-0.06106535239784194,1,1,0.3256080680002924,0.05073509799694875,AllGestureWiimoteX,660
1,1,0.05,hydra,tshap_zero,0.0,0.0,0.534,-0.02584409469351545,0.07519590076225624,0,0,0.3256080680002924,0.05679999999847496,AllGestureWiimoteX,660
1,1,0.1,hydra,tshap_zero,0.0,0.0,0.52,-0.08304985756237515,0.18167226533948533,0,1,0.3256080680002924,0.05679999999847496,AllGestureWiimoteX,660
1,1,0.2,hydra,tshap_zero,0.0,0.0,0.458,-0.3607984636549333,0.23074913065720914,1,1,0.3256080680002924,0.05679999999847496,AllGestureWiimoteX,660
1,1,0.05,hydra,tshap_train,0.0,0.0,0.086,-0.02584409469351545,-0.023675070418318844,0,0,0.3256080680002924,0.6688007220000145,AllGestureWiimoteX,660
1,1,0.1,hydra,tshap_train,0.0,0.0,0.158,-0.08304985756237515,0.0351875980700635,0,1,0.3256080680002924,0.6688007220000145,AllGestureWiimoteX,660
1,1,0.2,hydra,tshap_train,0.08108108108108109,0.15,0.17,-0.3607984636549333,-0.02106913851472858,1,1,0.3256080680002924,0.6688007220000145,AllGestureWiimoteX,660
1,1,0.05,hydra,mrsqm,0.0,0.0,0.136,-0.02584409469351545,-0.0709639511261761,0,0,0.3256080680002924,2.6219000574201345e-05,AllGestureWiimoteX,660
1,1,0.1,hydra,mrsqm,0.0,0.0,0.124,-0.08304985756237515,-0.1805784705531377,0,1,0.3256080680002924,2.6219000574201345e-05,AllGestureWiimoteX,660
1,1,0.2,hydra,mrsqm,0.4492753623188406,0.62,0.076,-0.3607984636549333,-0.6338788683048846,1,1,0.3256080680002924,2.6219000574201345e-05,AllGestureWiimoteX,660
1,1,0.05,shapley_sampling,feature_ablation,1.0,1.0,0.0,-0.07096394947825274,-0.07096395555304247,0,0,1.027725116997317,0.04314919100579573,AllGestureWiimoteX,660
1,1,0.1,shapley_sampling,feature_ablation,1.0,1.0,0.0,-0.18057846475826111,-0.18057846487223383,1,1,1.027725116997317,0.04314919100579573,AllGestureWiimoteX,660
1,1,0.2,shapley_sampling,feature_ablation,1.0,1.0,0.0,-0.6338788697555404,-0.6338788691000723,1,1,1.027725116997317,0.04314919100579573,AllGestureWiimoteX,660
1,1,0.05,shapley_sampling,tshap_centroid,0.0,0.0,0.34,-0.07096394947825274,-0.03906095266212928,0,0,1.027725116997317,0.05073509799694875,AllGestureWiimoteX,660
1,1,0.1,shapley_sampling,tshap_centroid,0.0,0.0,0.316,-0.18057846475826111,0.07670594415397142,1,1,1.027725116997317,0.05073509799694875,AllGestureWiimoteX,660
1,1,0.2,shapley_sampling,tshap_centroid,0.0,0.0,0.324,-0.6338788697555404,-0.06106535239784194,1,1,1.027725116997317,0.05073509799694875,AllGestureWiimoteX,660
1,1,0.05,shapley_sampling,tshap_zero,0.0,0.0,0.67,-0.07096394947825274,0.07519590076225624,0,0,1.027725116997317,0.05679999999847496,AllGestureWiimoteX,660
1,1,0.1,shapley_sampling,tshap_zero,0.0,0.0,0.644,-0.18057846475826111,0.18167226533948533,1,1,1.027725116997317,0.05679999999847496,AllGestureWiimoteX,660
1,1,0.2,shapley_sampling,tshap_zero,0.0,0.0,0.534,-0.6338788697555404,0.23074913065720914,1,1,1.027725116997317,0.05679999999847496,AllGestureWiimoteX,660
1,1,0.05,shapley_sampling,tshap_train,0.0,0.0,0.05,-0.07096394947825274,-0.023675070418318844,0,0,1.027725116997317,0.6688007220000145,AllGestureWiimoteX,660
1,1,0.1,shapley_sampling,tshap_train,0.0,0.0,0.282,-0.18057846475826111,0.0351875980700635,1,1,1.027725116997317,0.6688007220000145,AllGestureWiimoteX,660
1,1,0.2,shapley_sampling,tshap_train,0.0,0.0,0.246,-0.6338788697555404,-0.02106913851472858,1,1,1.027725116997317,0.6688007220000145,AllGestureWiimoteX,660
1,1,0.05,shapley_sampling,mrsqm,1.0,1.0,0.0,-0.07096394947825274,-0.0709639511261761,0,0,1.027725116997317,2.6219000574201345e-05,AllGestureWiimoteX,660
1,1,0.1,shapley_sampling,mrsqm,1.0,1.0,0.0,-0.18057846475826111,-0.1805784705531377,1,1,1.027725116997317,2.6219000574201345e-05,AllGestureWiimoteX,660
1,1,0.2,shapley_sampling,mrsqm,1.0,1.0,0.0,-0.6338788697555404,-0.6338788683048846,1,1,1.027725116997317,2.6219000574201345e-05,AllGestureWiimoteX,660
1,1,0.05,feature_ablation,tshap_centroid,0.0,0.0,0.34,-0.07096395555304247,-0.03906095266212928,0,0,0.04314919100579573,0.05073509799694875,AllGestureWiimoteX,660
1,1,0.1,feature_ablation,tshap_centroid,0.0,0.0,0.316,-0.18057846487223383,0.07670594415397142,1,1,0.04314919100579573,0.05073509799694875,AllGestureWiimoteX,660
1,1,0.2,feature_ablation,tshap_centroid,0.0,0.0,0.324,-0.6338788691000723,-0.06106535239784194,1,1,0.04314919100579573,0.05073509799694875,AllGestureWiimoteX,660
1,1,0.05,feature_ablation,tshap_zero,0.0,0.0,0.67,-0.07096395555304247,0.07519590076225624,0,0,0.04314919100579573,0.05679999999847496,AllGestureWiimoteX,660
1,1,0.1,feature_ablation,tshap_zero,0.0,0.0,0.644,-0.18057846487223383,0.18167226533948533,1,1,0.04314919100579573,0.05679999999847496,AllGestureWiimoteX,660
1,1,0.2,feature_ablation,tshap_zero,0.0,0.0,0.534,-0.6338788691000723,0.23074913065720914,1,1,0.04314919100579573,0.05679999999847496,AllGestureWiimoteX,660
1,1,0.05,feature_ablation,tshap_train,0.0,0.0,0.05,-0.07096395555304247,-0.023675070418318844,0,0,0.04314919100579573,0.6688007220000145,AllGestureWiimoteX,660
1,1,0.1,feature_ablation,tshap_train,0.0,0.0,0.282,-0.18057846487223383,0.0351875980700635,1,1,0.04314919100579573,0.6688007220000145,AllGestureWiimoteX,660
1,1,0.2,feature_ablation,tshap_train,0.0,0.0,0.246,-0.6338788691000723,-0.02106913851472858,1,1,0.04314919100579573,0.6688007220000145,AllGestureWiimoteX,660
1,1,0.05,feature_ablation,mrsqm,1.0,1.0,0.0,-0.07096395555304247,-0.0709639511261761,0,0,0.04314919100579573,2.6219000574201345e-05,AllGestureWiimoteX,660
1,1,0.1,feature_ablation,mrsqm,1.0,1.0,0.0,-0.18057846487223383,-0.1805784705531377,1,1,0.04314919100579573,2.6219000574201345e-05,AllGestureWiimoteX,660
1,1,0.2,feature_ablation,mrsqm,1.0,1.0,0.0,-0.6338788691000723,-0.6338788683048846,1,1,0.04314919100579573,2.6219000574201345e-05,AllGestureWiimoteX,660
1,1,0.05,tshap_centroid,tshap_zero,0.0,0.0,0.33,-0.03906095266212928,0.07519590076225624,0,0,0.05073509799694875,0.05679999999847496,AllGestureWiimoteX,660
1,1,0.1,tshap_centroid,tshap_zero,0.0,0.0,0.328,0.07670594415397142,0.18167226533948533,1,1,0.05073509799694875,0.05679999999847496,AllGestureWiimoteX,660
1,1,0.2,tshap_centroid,tshap_zero,0.0,0.0,0.21,-0.06106535239784194,0.23074913065720914,1,1,0.05073509799694875,0.05679999999847496,AllGestureWiimoteX,660
1,1,0.05,tshap_centroid,tshap_train,0.0,0.0,0.29,-0.03906095266212928,-0.023675070418318844,0,0,0.05073509799694875,0.6688007220000145,AllGestureWiimoteX,660
1,1,0.1,tshap_centroid,tshap_train,0.4925373134328358,0.66,0.034,0.07670594415397142,0.0351875980700635,1,1,0.05073509799694875,0.6688007220000145,AllGestureWiimoteX,660
1,1,0.2,tshap_centroid,tshap_train,0.43884892086330934,0.61,0.078,-0.06106535239784194,-0.02106913851472858,1,1,0.05073509799694875,0.6688007220000145,AllGestureWiimoteX,660
1,1,0.05,tshap_centroid,mrsqm,0.0,0.0,0.34,-0.03906095266212928,-0.0709639511261761,0,0,0.05073509799694875,2.6219000574201345e-05,AllGestureWiimoteX,660
1,1,0.1,tshap_centroid,mrsqm,0.0,0.0,0.316,0.07670594415397142,-0.1805784705531377,1,1,0.05073509799694875,2.6219000574201345e-05,AllGestureWiimoteX,660
1,1,0.2,tshap_centroid,mrsqm,0.0,0.0,0.324,-0.06106535239784194,-0.6338788683048846,1,1,0.05073509799694875,2.6219000574201345e-05,AllGestureWiimoteX,660
1,1,0.05,tshap_zero,tshap_train,0.0,0.0,0.62,0.07519590076225624,-0.023675070418318844,0,0,0.05679999999847496,0.6688007220000145,AllGestureWiimoteX,660
1,1,0.1,tshap_zero,tshap_train,0.0,0.0,0.362,0.18167226533948533,0.0351875980700635,1,1,0.05679999999847496,0.6688007220000145,AllGestureWiimoteX,660
1,1,0.2,tshap_zero,tshap_train,0.0,0.0,0.288,0.23074913065720914,-0.02106913851472858,1,1,0.05679999999847496,0.6688007220000145,AllGestureWiimoteX,660
1,1,0.05,tshap_zero,mrsqm,0.0,0.0,0.67,0.07519590076225624,-0.0709639511261761,0,0,0.05679999999847496,2.6219000574201345e-05,AllGestureWiimoteX,660
1,1,0.1,tshap_zero,mrsqm,0.0,0.0,0.644,0.18167226533948533,-0.1805784705531377,1,1,0.05679999999847496,2.6219000574201345e-05,AllGestureWiimoteX,660
1,1,0.2,tshap_zero,mrsqm,0.0,0.0,0.534,0.23074913065720914,-0.6338788683048846,1,1,0.05679999999847496,2.6219000574201345e-05,AllGestureWiimoteX,660
1,1,0.05,tshap_train,mrsqm,0.0,0.0,0.05,-0.023675070418318844,-0.0709639511261761,0,0,0.6688007220000145,2.6219000574201345e-05,AllGestureWiimoteX,660
1,1,0.1,tshap_train,mrsqm,0.0,0.0,0.282,0.0351875980700635,-0.1805784705531377,1,1,0.6688007220000145,2.6219000574201345e-05,AllGestureWiimoteX,660
1,1,0.2,tshap_train,mrsqm,0.0,0.0,0.246,-0.02106913851472858,-0.6338788683048846,1,1,0.6688007220000145,2.6219000574201345e-05,AllGestureWiimoteX,660
8,8,0.05,hydra,shapley_sampling,0.19047619047619047,0.32,0.034,0.4036904397188306,0.5505648788495908,0,1,0.3217845519975526,1.0108364639963838,AllGestureWiimoteX,549
8,8,0.1,hydra,shapley_sampling,0.0,0.0,0.414,0.5480070917585254,-0.017609497374429184,1,0,0.3217845519975526,1.0108364639963838,AllGestureWiimoteX,549
8,8,0.2,hydra,shapley_sampling,0.3888888888888889,0.56,0.088,0.7319581092059708,0.5891711683094831,1,1,0.3217845519975526,1.0108364639963838,AllGestureWiimoteX,549
8,8,0.05,hydra,feature_ablation,0.0,0.0,0.084,0.4036904397188306,0.4598191912205038,0,0,0.3217845519975526,0.04277303100388963,AllGestureWiimoteX,549
8,8,0.1,hydra,feature_ablation,0.0,0.0,0.414,0.5480070917585254,-0.01760949824242486,1,0,0.3217845519975526,0.04277303100388963,AllGestureWiimoteX,549
8,8,0.2,hydra,feature_ablation,0.0,0.0,0.312,0.7319581092059708,-0.1533663141620889,1,0,0.3217845519975526,0.04277303100388963,AllGestureWiimoteX,549
8,8,0.05,hydra,tshap_centroid,0.06382978723404255,0.12,0.044,0.4036904397188306,0.7340560633142434,0,1,0.3217845519975526,0.05012585099757416,AllGestureWiimoteX,549
8,8,0.1,hydra,tshap_centroid,0.3333333333333333,0.5,0.05,0.5480070917585254,0.9212460449567916,1,1,0.3217845519975526,0.05012585099757416,AllGestureWiimoteX,549
8,8,0.2,hydra,tshap_centroid,0.7699115044247787,0.87,0.026,0.7319581092059708,0.9194043705260062,1,1,0.3217845519975526,0.05012585099757416,AllGestureWiimoteX,549
8,8,0.05,hydra,tshap_zero,0.08695652173913043,0.16,0.042,0.4036904397188306,0.7440916112016089,0,1,0.3217845519975526,0.056452384997101035,AllGestureWiimoteX,549
8,8,0.1,hydra,tshap_zero,0.3333333333333333,0.5,0.05,0.5480070917585254,0.9212460457635321,1,1,0.3217845519975526,0.056452384997101035,AllGestureWiimoteX,549
8,8,0.2,hydra,tshap_zero,0.6949152542372882,0.82,0.036,0.7319581092059708,1.0076319835747756,1,1,0.3217845519975526,0.056452384997101035,AllGestureWiimoteX,549
8,8,0.05,hydra,tshap_train,0.06382978723404255,0.12,0.044,0.4036904397188306,0.7340560658296384,0,1,0.3217845519975526,0.6624144239976886,AllGestureWiimoteX,549
8,8,0.1,hydra,tshap_train,0.3333333333333333,0.5,0.05,0.5480070917585254,0.9212460428639271,1,1,0.3217845519975526,0.6624144239976886,AllGestureWiimoteX,549
8,8,0.2,hydra,tshap_train,0.8518518518518519,0.92,0.016,0.7319581092059708,0.8012959860998488,1,1,0.3217845519975526,0.6624144239976886,AllGestureWiimoteX,549
8,8,0.05,hydra,mrsqm,0.0,0.0,0.216,0.4036904397188306,-0.033643901862408176,0,0,0.3217845519975526,2.5246998120564967e-05,AllGestureWiimoteX,549
8,8,0.1,hydra,mrsqm,0.0,0.0,0.186,0.5480070917585254,-0.17702237753241157,1,0,0.3217845519975526,2.5246998120564967e-05,AllGestureWiimoteX,549
8,8,0.2,hydra,mrsqm,0.030927835051546393,0.06,0.188,0.7319581092059708,0.0014728105885299936,1,0,0.3217845519975526,2.5246998120564967e-05,AllGestureWiimoteX,549
8,8,0.05,shapley_sampling,feature_ablation,0.0,0.0,0.05,0.5505648788495908,0.4598191912205038,1,0,1.0108364639963838,0.04277303100388963,AllGestureWiimoteX,549
8,8,0.1,shapley_sampling,feature_ablation,1.0,1.0,0.0,-0.017609497374429184,-0.01760949824242486,0,0,1.0108364639963838,0.04277303100388963,AllGestureWiimoteX,549
8,8,0.2,shapley_sampling,feature_ablation,0.0,0.0,0.4,0.5891711683094831,-0.1533663141620889,1,0,1.0108364639963838,0.04277303100388963,AllGestureWiimoteX,549
8,8,0.05,shapley_sampling,tshap_centroid,0.6666666666666666,0.8,0.01,0.5505648788495908,0.7340560633142434,1,1,1.0108364639963838,0.05012585099757416,AllGestureWiimoteX,549
8,8,0.1,shapley_sampling,tshap_centroid,0.0,0.0,0.364,-0.017609497374429184,0.9212460449567916,0,1,1.0108364639963838,0.05012585099757416,AllGestureWiimoteX,549
8,8,0.2,shapley_sampling,tshap_centroid,0.5267175572519084,0.69,0.062,0.5891711683094831,0.9194043705260062,1,1,1.0108364639963838,0.05012585099757416,AllGestureWiimoteX,549
8,8,0.05,shapley_sampling,tshap_zero,0.7241379310344828,0.84,0.008,0.5505648788495908,0.7440916112016089,1,1,1.0108364639963838,0.056452384997101035,AllGestureWiimoteX,549
8,8,0.1,shapley_sampling,tshap_zero,0.0,0.0,0.364,-0.017609497374429184,0.9212460457635321,0,1,1.0108364639963838,0.056452384997101035,AllGestureWiimoteX,549
8,8,0.2,shapley_sampling,tshap_zero,0.5873015873015873,0.74,0.052,0.5891711683094831,1.0076319835747756,1,1,1.0108364639963838,0.056452384997101035,AllGestureWiimoteX,549
8,8,0.05,shapley_sampling,tshap_train,0.6666666666666666,0.8,0.01,0.5505648788495908,0.7340560658296384,1,1,1.0108364639963838,0.6624144239976886,AllGestureWiimoteX,549
8,8,0.1,shapley_sampling,tshap_train,0.0,0.0,0.364,-0.017609497374429184,0.9212460428639271,0,1,1.0108364639963838,0.6624144239976886,AllGestureWiimoteX,549
8,8,0.2,shapley_sampling,tshap_train,0.47058823529411764,0.64,0.072,0.5891711683094831,0.8012959860998488,1,1,1.0108364639963838,0.6624144239976886,AllGestureWiimoteX,549
8,8,0.05,shapley_sampling,mrsqm,0.0,0.0,0.25,0.5505648788495908,-0.033643901862408176,1,0,1.0108364639963838,2.5246998120564967e-05,AllGestureWiimoteX,549
8,8,0.1,shapley_sampling,mrsqm,0.0,0.0,0.6,-0.017609497374429184,-0.17702237753241157,0,0,1.0108364639963838,2.5246998120564967e-05,AllGestureWiimoteX,549
8,8,0.2,shapley_sampling,mrsqm,0.3333333333333333,0.5,0.1,0.5891711683094831,0.0014728105885299936,1,0,1.0108364639963838,2.5246998120564967e-05,AllGestureWiimoteX,549
8,8,0.05,feature_ablation,tshap_centroid,0.1111111111111111,0.2,0.04,0.4598191912205038,0.7340560633142434,0,1,0.04277303100388963,0.05012585099757416,AllGestureWiimoteX,549
8,8,0.1,feature_ablation,tshap_centroid,0.0,0.0,0.364,-0.01760949824242486,0.9212460449567916,0,1,0.04277303100388963,0.05012585099757416,AllGestureWiimoteX,549
8,8,0.2,feature_ablation,tshap_centroid,0.0,0.0,0.338,-0.1533663141620889,0.9194043705260062,0,1,0.04277303100388963,0.05012585099757416,AllGestureWiimoteX,549
8,8,0.05,feature_ablation,tshap_zero,0.08695652173913043,0.16,0.042,0.4598191912205038,0.7440916112016089,0,1,0.04277303100388963,0.056452384997101035,AllGestureWiimoteX,549
8,8,0.1,feature_ablation,tshap_zero,0.0,0.0,0.364,-0.01760949824242486,0.9212460457635321,0,1,0.04277303100388963,0.056452384997101035,AllGestureWiimoteX,549
8,8,0.2,feature_ablation,tshap_zero,0.0,0.0,0.348,-0.1533663141620889,1.0076319835747756,0,1,0.04277303100388963,0.056452384997101035,AllGestureWiimoteX,549
8,8,0.05,feature_ablation,tshap_train,0.1111111111111111,0.2,0.04,0.4598191912205038,0.7340560658296384,0,1,0.04277303100388963,0.6624144239976886,AllGestureWiimoteX,549
8,8,0.1,feature_ablation,tshap_train,0.0,0.0,0.364,-0.01760949824242486,0.9212460428639271,0,1,0.04277303100388963,0.6624144239976886,AllGestureWiimoteX,549
8,8,0.2,feature_ablation,tshap_train,0.0,0.0,0.328,-0.1533663141620889,0.8012959860998488,0,1,0.04277303100388963,0.6624144239976886,AllGestureWiimoteX,549
8,8,0.05,feature_ablation,mrsqm,0.0,0.0,0.3,0.4598191912205038,-0.033643901862408176,0,0,0.04277303100388963,2.5246998120564967e-05,AllGestureWiimoteX,549
8,8,0.1,feature_ablation,mrsqm,0.0,0.0,0.6,-0.01760949824242486,-0.17702237753241157,0,0,0.04277303100388963,2.5246998120564967e-05,AllGestureWiimoteX,549
8,8,0.2,feature_ablation,mrsqm,0.0,0.0,0.5,-0.1533663141620889,0.0014728105885299936,0,0,0.04277303100388963,2.5246998120564967e-05,AllGestureWiimoteX,549
8,8,0.05,tshap_centroid,tshap_zero,0.9230769230769231,0.96,0.002,0.7340560633142434,0.7440916112016089,1,1,0.05012585099757416,0.056452384997101035,AllGestureWiimoteX,549
8,8,0.1,tshap_centroid,tshap_zero,1.0,1.0,0.0,0.9212460449567916,0.9212460457635321,1,1,0.05012585099757416,0.056452384997101035,AllGestureWiimoteX,549
8,8,0.2,tshap_centroid,tshap_zero,0.9047619047619048,0.95,0.01,0.9194043705260062,1.0076319835747756,1,1,0.05012585099757416,0.056452384997101035,AllGestureWiimoteX,549
8,8,0.05,tshap_centroid,tshap_train,1.0,1.0,0.0,0.7340560633142434,0.7340560658296384,1,1,0.05012585099757416,0.6624144239976886,AllGestureWiimoteX,549
8,8,0.1,tshap_centroid,tshap_train,1.0,1.0,0.0,0.9212460449567916,0.9212460428639271,1,1,0.05012585099757416,0.6624144239976886,AllGestureWiimoteX,549
8,8,0.2,tshap_centroid,tshap_train,0.9047619047619048,0.95,0.01,0.9194043705260062,0.8012959860998488,1,1,0.05012585099757416,0.6624144239976886,AllGestureWiimoteX,549
8,8,0.05,tshap_centroid,mrsqm,0.0,0.0,0.26,0.7340560633142434,-0.033643901862408176,1,0,0.05012585099757416,2.5246998120564967e-05,AllGestureWiimoteX,549
8,8,0.1,tshap_centroid,mrsqm,0.0,0.0,0.236,0.9212460449567916,-0.17702237753241157,1,0,0.05012585099757416,2.5246998120564967e-05,AllGestureWiimoteX,549
8,8,0.2,tshap_centroid,mrsqm,0.10497237569060773,0.19,0.162,0.9194043705260062,0.0014728105885299936,1,0,0.05012585099757416,2.5246998120564967e-05,AllGestureWiimoteX,549
8,8,0.05,tshap_zero,tshap_train,0.9230769230769231,0.96,0.002,0.7440916112016089,0.7340560658296384,1,1,0.056452384997101035,0.6624144239976886,AllGestureWiimoteX,549
8,8,0.1,tshap_zero,tshap_train,1.0,1.0,0.0,0.9212460457635321,0.9212460428639271,1,1,0.056452384997101035,0.6624144239976886,AllGestureWiimoteX,549
8,8,0.2,tshap_zero,tshap_train,0.8181818181818182,0.9,0.02,1.0076319835747756,0.8012959860998488,1,1,0.056452384997101035,0.6624144239976886,AllGestureWiimoteX,549
8,8,0.05,tshap_zero,mrsqm,0.0,0.0,0.258,0.7440916112016089,-0.033643901862408176,1,0,0.056452384997101035,2.5246998120564967e-05,AllGestureWiimoteX,549
8,8,0.1,tshap_zero,mrsqm,0.0,0.0,0.236,0.9212460457635321,-0.17702237753241157,1,0,0.056452384997101035,2.5246998120564967e-05,AllGestureWiimoteX,549
8,8,0.2,tshap_zero,mrsqm,0.13636363636363635,0.24,0.152,1.0076319835747756,0.0014728105885299936,1,0,0.056452384997101035,2.5246998120564967e-05,AllGestureWiimoteX,549
8,8,0.05,tshap_train,mrsqm,0.0,0.0,0.26,0.7340560658296384,-0.033643901862408176,1,0,0.6624144239976886,2.5246998120564967e-05,AllGestureWiimoteX,549
8,8,0.1,tshap_train,mrsqm,0.0,0.0,0.236,0.9212460428639271,-0.17702237753241157,1,0,0.6624144239976886,2.5246998120564967e-05,AllGestureWiimoteX,549
8,8,0.2,tshap_train,mrsqm,0.07526881720430108,0.14,0.172,0.8012959860998488,0.0014728105885299936,1,0,0.6624144239976886,2.5246998120564967e-05,AllGestureWiimoteX,549
8,8,0.05,hydra,shapley_sampling,0.0,0.0,0.172,0.1502982000995613,-0.009760970836866334,0,0,0.3238564769999357,1.006084387001465,AllGestureWiimoteX,502
8,8,0.1,hydra,shapley_sampling,0.0,0.0,0.158,0.7601728170652988,-0.03475772702308222,1,0,0.3238564769999357,1.006084387001465,AllGestureWiimoteX,502
8,8,0.2,hydra,shapley_sampling,0.0,0.0,0.252,0.6240184446756352,-0.20532839024586658,1,0,0.3238564769999357,1.006084387001465,AllGestureWiimoteX,502
8,8,0.05,hydra,feature_ablation,0.28205128205128205,0.44,0.028,0.1502982000995613,0.35048758258033375,0,1,0.3238564769999357,0.0427138399973046,AllGestureWiimoteX,502
8,8,0.1,hydra,feature_ablation,0.4084507042253521,0.58,0.042,0.7601728170652988,0.3935460904206898,1,1,0.3238564769999357,0.0427138399973046,AllGestureWiimoteX,502
8,8,0.2,hydra,feature_ablation,0.5873015873015873,0.74,0.052,0.6240184446756352,0.3518841245172605,1,1,0.3238564769999357,0.0427138399973046,AllGestureWiimoteX,502
8,8,0.05,hydra,tshap_centroid,0.06382978723404255,0.12,0.044,0.1502982000995613,0.8951309888752526,0,1,0.3238564769999357,0.05022308399929898,AllGestureWiimoteX,502
8,8,0.1,hydra,tshap_centroid,0.9607843137254902,0.98,0.002,0.7601728170652988,0.7386169735238515,1,1,0.3238564769999357,0.05022308399929898,AllGestureWiimoteX,502
8,8,0.2,hydra,tshap_centroid,0.8181818181818182,0.9,0.02,0.6240184446756352,0.5884824077552516,1,1,0.3238564769999357,0.05022308399929898,AllGestureWiimoteX,502
8,8,0.05,hydra,tshap_zero,0.0,0.0,0.052,0.1502982000995613,0.8665126649085395,0,1,0.3238564769999357,0.06273529800091637,AllGestureWiimoteX,502
8,8,0.1,hydra,tshap_zero,0.6666666666666666,0.8,0.02,0.7601728170652988,0.7400006484394448,1,1,0.3238564769999357,0.06273529800091637,AllGestureWiimoteX,502
8,8,0.2,hydra,tshap_zero,0.0,0.0,0.406,0.6240184446756352,-0.1777016574331498,1,0,0.3238564769999357,0.06273529800091637,AllGestureWiimoteX,502
8,8,0.05,hydra,tshap_train,0.06382978723404255,0.12,0.044,0.1502982000995613,0.8951309835190165,0,1,0.3238564769999357,0.6614313710015267,AllGestureWiimoteX,502
8,8,0.1,hydra,tshap_train,0.9607843137254902,0.98,0.002,0.7601728170652988,0.738616970610747,1,1,0.3238564769999357,0.6614313710015267,AllGestureWiimoteX,502
8,8,0.2,hydra,tshap_train,0.7699115044247787,0.87,0.026,0.6240184446756352,0.48296479565394057,1,1,0.3238564769999357,0.6614313710015267,AllGestureWiimoteX,502
8,8,0.05,hydra,mrsqm,0.0,0.0,0.278,0.1502982000995613,-0.0521024934415254,0,0,0.3238564769999357,2.654000127222389e-05,AllGestureWiimoteX,502
8,8,0.1,hydra,mrsqm,0.0,0.0,0.292,0.7601728170652988,-0.2135285742021822,1,0,0.3238564769999357,2.654000127222389e-05,AllGestureWiimoteX,502
8,8,0.2,hydra,mrsqm,0.005025125628140704,0.01,0.198,0.6240184446756352,-0.2192287370382906,1,0,0.3238564769999357,2.654000127222389e-05,AllGestureWiimoteX,502
8,8,0.05,shapley_sampling,feature_ablation,0.0,0.0,0.2,-0.009760970836866334,0.35048758258033375,0,1,1.006084387001465,0.0427138399973046,AllGestureWiimoteX,502
8,8,0.1,shapley_sampling,feature_ablation,0.0,0.0,0.2,-0.03475772702308222,0.3935460904206898,0,1,1.006084387001465,0.0427138399973046,AllGestureWiimoteX,502
8,8,0.2,shapley_sampling,feature_ablation,0.0,0.0,0.2,-0.20532839024586658,0.3518841245172605,0,1,1.006084387001465,0.0427138399973046,AllGestureWiimoteX,502
8,8,0.05,shapley_sampling,tshap_centroid,0.0,0.0,0.128,-0.009760970836866334,0.8951309888752526,0,1,1.006084387001465,0.05022308399929898,AllGestureWiimoteX,502
8,8,0.1,shapley_sampling,tshap_centroid,0.0,0.0,0.156,-0.03475772702308222,0.7386169735238515,0,1,1.006084387001465,0.05022308399929898,AllGestureWiimoteX,502
8,8,0.2,shapley_sampling,tshap_centroid,0.0,0.0,0.232,-0.20532839024586658,0.5884824077552516,0,1,1.006084387001465,0.05022308399929898,AllGestureWiimoteX,502
8,8,0.05,shapley_sampling,tshap_zero,0.0,0.0,0.12,-0.009760970836866334,0.8665126649085395,0,1,1.006084387001465,0.06273529800091637,AllGestureWiimoteX,502
8,8,0.1,shapley_sampling,tshap_zero,0.0,0.0,0.138,-0.03475772702308222,0.7400006484394448,0,1,1.006084387001465,0.06273529800091637,AllGestureWiimoteX,502
8,8,0.2,shapley_sampling,tshap_zero,0.12994350282485875,0.23,0.154,-0.20532839024586658,-0.1777016574331498,0,0,1.006084387001465,0.06273529800091637,AllGestureWiimoteX,502
8,8,0.05,shapley_sampling,tshap_train,0.0,0.0,0.128,-0.009760970836866334,0.8951309835190165,0,1,1.006084387001465,0.6614313710015267,AllGestureWiimoteX,502
8,8,0.1,shapley_sampling,tshap_train,0.0,0.0,0.156,-0.03475772702308222,0.738616970610747,0,1,1.006084387001465,0.6614313710015267,AllGestureWiimoteX,502
8,8,0.2,shapley_sampling,tshap_train,0.0,0.0,0.226,-0.20532839024586658,0.48296479565394057,0,1,1.006084387001465,0.6614313710015267,AllGestureWiimoteX,502
8,8,0.05,shapley_sampling,mrsqm,0.0,0.0,0.45,-0.009760970836866334,-0.0521024934415254,0,0,1.006084387001465,2.654000127222389e-05,AllGestureWiimoteX,502
8,8,0.1,shapley_sampling,mrsqm,0.0,0.0,0.45,-0.03475772702308222,-0.2135285742021822,0,0,1.006084387001465,2.654000127222389e-05,AllGestureWiimoteX,502
8,8,0.2,shapley_sampling,mrsqm,0.0,0.0,0.45,-0.20532839024586658,-0.2192287370382906,0,0,1.006084387001465,2.654000127222389e-05,AllGestureWiimoteX,502
8,8,0.05,feature_ablation,tshap_centroid,0.0,0.0,0.072,0.35048758258033375,0.8951309888752526,1,1,0.0427138399973046,0.05022308399929898,AllGestureWiimoteX,502
8,8,0.1,feature_ablation,tshap_centroid,0.3888888888888889,0.56,0.044,0.3935460904206898,0.7386169735238515,1,1,0.0427138399973046,0.05022308399929898,AllGestureWiimoteX,502
8,8,0.2,feature_ablation,tshap_centroid,0.7241379310344828,0.84,0.032,0.3518841245172605,0.5884824077552516,1,1,0.0427138399973046,0.05022308399929898,AllGestureWiimoteX,502
8,8,0.05,feature_ablation,tshap_zero,0.0,0.0,0.08,0.35048758258033375,0.8665126649085395,1,1,0.0427138399973046,0.06273529800091637,AllGestureWiimoteX,502
8,8,0.1,feature_ablation,tshap_zero,0.2345679012345679,0.38,0.062,0.3935460904206898,0.7400006484394448,1,1,0.0427138399973046,0.06273529800091637,AllGestureWiimoteX,502
8,8,0.2,feature_ablation,tshap_zero,0.0,0.0,0.354,0.3518841245172605,-0.1777016574331498,1,0,0.0427138399973046,0.06273529800091637,AllGestureWiimoteX,502
8,8,0.05,feature_ablation,tshap_train,0.0,0.0,0.072,0.35048758258033375,0.8951309835190165,1,1,0.0427138399973046,0.6614313710015267,AllGestureWiimoteX,502
8,8,0.1,feature_ablation,tshap_train,0.3888888888888889,0.56,0.044,0.3935460904206898,0.738616970610747,1,1,0.0427138399973046,0.6614313710015267,AllGestureWiimoteX,502
8,8,0.2,feature_ablation,tshap_train,0.7699115044247787,0.87,0.026,0.3518841245172605,0.48296479565394057,1,1,0.0427138399973046,0.6614313710015267,AllGestureWiimoteX,502
8,8,0.05,feature_ablation,mrsqm,0.0,0.0,0.25,0.35048758258033375,-0.0521024934415254,1,0,0.0427138399973046,2.654000127222389e-05,AllGestureWiimoteX,502
8,8,0.1,feature_ablation,mrsqm,0.0,0.0,0.25,0.3935460904206898,-0.2135285742021822,1,0,0.0427138399973046,2.654000127222389e-05,AllGestureWiimoteX,502
8,8,0.2,feature_ablation,mrsqm,0.0,0.0,0.25,0.3518841245172605,-0.2192287370382906,1,0,0.0427138399973046,2.654000127222389e-05,AllGestureWiimoteX,502
8,8,0.05,tshap_centroid,tshap_zero,0.7241379310344828,0.84,0.008,0.8951309888752526,0.8665126649085395,1,1,0.05022308399929898,0.06273529800091637,AllGestureWiimoteX,502
8,8,0.1,tshap_centroid,tshap_zero,0.6949152542372882,0.82,0.018,0.7386169735238515,0.7400006484394448,1,1,0.05022308399929898,0.06273529800091637,AllGestureWiimoteX,502
8,8,0.2,tshap_centroid,tshap_zero,0.0,0.0,0.386,0.5884824077552516,-0.1777016574331498,1,0,0.05022308399929898,0.06273529800091637,AllGestureWiimoteX,502
8,8,0.05,tshap_centroid,tshap_train,1.0,1.0,0.0,0.8951309888752526,0.8951309835190165,1,1,0.05022308399929898,0.6614313710015267,AllGestureWiimoteX,502
8,8,0.1,tshap_centroid,tshap_train,1.0,1.0,0.0,0.7386169735238515,0.738616970610747,1,1,0.05022308399929898,0.6614313710015267,AllGestureWiimoteX,502
8,8,0.2,tshap_centroid,tshap_train,0.941747572815534,0.97,0.006,0.5884824077552516,0.48296479565394057,1,1,0.05022308399929898,0.6614313710015267,AllGestureWiimoteX,502
8,8,0.05,tshap_centroid,mrsqm,0.0,0.0,0.322,0.8951309888752526,-0.0521024934415254,1,0,0.05022308399929898,2.654000127222389e-05,AllGestureWiimoteX,502
8,8,0.1,tshap_centroid,mrsqm,0.0,0.0,0.294,0.7386169735238515,-0.2135285742021822,1,0,0.05022308399929898,2.654000127222389e-05,AllGestureWiimoteX,502
8,8,0.2,tshap_centroid,mrsqm,0.0,0.0,0.218,0.5884824077552516,-0.2192287370382906,1,0,0.05022308399929898,2.654000127222389e-05,AllGestureWiimoteX,502
8,8,0.05,tshap_zero,tshap_train,0.7241379310344828,0.84,0.008,0.8665126649085395,0.8951309835190165,1,1,0.06273529800091637,0.6614313710015267,AllGestureWiimoteX,502
8,8,0.1,tshap_zero,tshap_train,0.6949152542372882,0.82,0.018,0.7400006484394448,0.738616970610747,1,1,0.06273529800091637,0.6614313710015267,AllGestureWiimoteX,502
8,8,0.2,tshap_zero,tshap_train,0.0,0.0,0.38,-0.1777016574331498,0.48296479565394057,0,1,0.06273529800091637,0.6614313710015267,AllGestureWiimoteX,502
8,8,0.05,tshap_zero,mrsqm,0.0,0.0,0.33,0.8665126649085395,-0.0521024934415254,1,0,0.06273529800091637,2.654000127222389e-05,AllGestureWiimoteX,502
8,8,0.1,tshap_zero,mrsqm,0.0,0.0,0.312,0.7400006484394448,-0.2135285742021822,1,0,0.06273529800091637,2.654000127222389e-05,AllGestureWiimoteX,502
8,8,0.2,tshap_zero,mrsqm,0.0,0.0,0.604,-0.1777016574331498,-0.2192287370382906,0,0,0.06273529800091637,2.654000127222389e-05,AllGestureWiimoteX,502
8,8,0.05,tshap_train,mrsqm,0.0,0.0,0.322,0.8951309835190165,-0.0521024934415254,1,0,0.6614313710015267,2.654000127222389e-05,AllGestureWiimoteX,502
8,8,0.1,tshap_train,mrsqm,0.0,0.0,0.294,0.738616970610747,-0.2135285742021822,1,0,0.6614313710015267,2.654000127222389e-05,AllGestureWiimoteX,502
8,8,0.2,tshap_train,mrsqm,0.0,0.0,0.224,0.48296479565394057,-0.2192287370382906,1,0,0.6614313710015267,2.654000127222389e-05,AllGestureWiimoteX,502
2,2,0.05,hydra,shapley_sampling,0.0,0.0,0.14,0.1491335944975174,-0.048847900702430835,1,1,0.32065059400338214,1.0073324289987795,AllGestureWiimoteX,87
2,2,0.1,hydra,shapley_sampling,0.0,0.0,0.158,0.4926340114112169,-0.06250038955565285,1,1,0.32065059400338214,1.0073324289987795,AllGestureWiimoteX,87
2,2,0.2,hydra,shapley_sampling,0.0,0.0,0.23,0.8501573473328509,-0.20696253889726557,1,1,0.32065059400338214,1.0073324289987795,AllGestureWiimoteX,87
2,2,0.05,hydra,feature_ablation,0.0,0.0,0.49,0.1491335944975174,-0.0641436426833335,1,0,0.32065059400338214,0.04773253000166733,AllGestureWiimoteX,87
2,2,0.1,hydra,feature_ablation,0.0,0.0,0.208,0.4926340114112169,-0.10612427877377317,1,1,0.32065059400338214,0.04773253000166733,AllGestureWiimoteX,87
2,2,0.2,hydra,feature_ablation,0.0,0.0,0.23,0.8501573473328509,-0.20696252818937588,1,1,0.32065059400338214,0.04773253000166733,AllGestureWiimoteX,87
2,2,0.05,hydra,tshap_centroid,0.25,0.4,0.03,0.1491335944975174,0.33266294577664046,1,1,0.32065059400338214,0.05128284200327471,AllGestureWiimoteX,87
2,2,0.1,hydra,tshap_centroid,0.8867924528301887,0.94,0.006,0.4926340114112169,0.41130704078958236,1,1,0.32065059400338214,0.05128284200327471,AllGestureWiimoteX,87
2,2,0.2,hydra,tshap_centroid,0.8348623853211009,0.91,0.018,0.8501573473328509,0.807344284654972,1,1,0.32065059400338214,0.05128284200327471,AllGestureWiimoteX,87
2,2,0.05,hydra,tshap_zero,0.0,0.0,0.198,0.1491335944975174,-0.053389512111047255,1,1,0.32065059400338214,0.056849544002034236,AllGestureWiimoteX,87
2,2,0.1,hydra,tshap_zero,0.0,0.0,0.268,0.4926340114112169,-0.1177615678693078,1,1,0.32065059400338214,0.056849544002034236,AllGestureWiimoteX,87
2,2,0.2,hydra,tshap_zero,0.0,0.0,0.294,0.8501573473328509,-0.340165634956183,1,1,0.32065059400338214,0.056849544002034236,AllGestureWiimoteX,87
2,2,0.05,hydra,tshap_train,0.25,0.4,0.03,0.1491335944975174,0.33266296362721226,1,1,0.32065059400338214,0.6574950220019673,AllGestureWiimoteX,87
2,2,0.1,hydra,tshap_train,0.7857142857142857,0.88,0.012,0.4926340114112169,0.3412521883431092,1,1,0.32065059400338214,0.6574950220019673,AllGestureWiimoteX,87
2,2,0.2,hydra,tshap_train,0.7857142857142857,0.88,0.024,0.8501573473328509,0.8571338216896793,1,1,0.32065059400338214,0.6574950220019673,AllGestureWiimoteX,87
2,2,0.05,hydra,mrsqm,0.0,0.0,0.21,0.1491335944975174,0.01603657597914565,1,1,0.32065059400338214,2.6279005396645516e-05,AllGestureWiimoteX,87
2,2,0.1,hydra,mrsqm,0.0,0.0,0.142,0.4926340114112169,0.03618236970120314,1,1,0.32065059400338214,2.6279005396645516e-05,AllGestureWiimoteX,87
2,2,0.2,hydra,mrsqm,0.48148148148148145,0.65,0.07,0.8501573473328509,0.4149125677215563,1,1,0.32065059400338214,2.6279005396645516e-05,AllGestureWiimoteX,87
2,2,0.05,shapley_sampling,feature_ablation,0.0,0.0,0.35,-0.048847900702430835,-0.0641436426833335,1,0,1.0073324289987795,0.04773253000166733,AllGestureWiimoteX,87
2,2,0.1,shapley_sampling,feature_ablation,0.3333333333333333,0.5,0.05,-0.06250038955565285,-0.10612427877377317,1,1,1.0073324289987795,0.04773253000166733,AllGestureWiimoteX,87
2,2,0.2,shapley_sampling,feature_ablation,1.0,1.0,0.0,-0.20696253889726557,-0.20696252818937588,1,1,1.0073324289987795,0.04773253000166733,AllGestureWiimoteX,87
2,2,0.05,shapley_sampling,tshap_centroid,0.0,0.0,0.17,-0.048847900702430835,0.33266294577664046,1,1,1.0073324289987795,0.05128284200327471,AllGestureWiimoteX,87
2,2,0.1,shapley_sampling,tshap_centroid,0.0,0.0,0.152,-0.06250038955565285,0.41130704078958236,1,1,1.0073324289987795,0.05128284200327471,AllGestureWiimoteX,87
2,2,0.2,shapley_sampling,tshap_centroid,0.0,0.0,0.212,-0.20696253889726557,0.807344284654972,1,1,1.0073324289987795,0.05128284200327471,AllGestureWiimoteX,87
2,2,0.05,shapley_sampling,tshap_zero,0.0,0.0,0.058,-0.048847900702430835,-0.053389512111047255,1,1,1.0073324289987795,0.056849544002034236,AllGestureWiimoteX,87
2,2,0.1,shapley_sampling,tshap_zero,0.0,0.0,0.11,-0.06250038955565285,-0.1177615678693078,1,1,1.0073324289987795,0.056849544002034236,AllGestureWiimoteX,87
2,2,0.2,shapley_sampling,tshap_zero,0.5151515151515151,0.68,0.064,-0.20696253889726557,-0.340165634956183,1,1,1.0073324289987795,0.056849544002034236,AllGestureWiimoteX,87
2,2,0.05,shapley_sampling,tshap_train,0.0,0.0,0.17,-0.048847900702430835,0.33266296362721226,1,1,1.0073324289987795,0.6574950220019673,AllGestureWiimoteX,87
2,2,0.1,shapley_sampling,tshap_train,0.0,0.0,0.146,-0.06250038955565285,0.3412521883431092,1,1,1.0073324289987795,0.6574950220019673,AllGestureWiimoteX,87
2,2,0.2,shapley_sampling,tshap_train,0.0,0.0,0.206,-0.20696253889726557,0.8571338216896793,1,1,1.0073324289987795,0.6574950220019673,AllGestureWiimoteX,87
2,2,0.05,shapley_sampling,mrsqm,0.0,0.0,0.35,-0.048847900702430835,0.01603657597914565,1,1,1.0073324289987795,2.6279005396645516e-05,AllGestureWiimoteX,87
2,2,0.1,shapley_sampling,mrsqm,0.0,0.0,0.3,-0.06250038955565285,0.03618236970120314,1,1,1.0073324289987795,2.6279005396645516e-05,AllGestureWiimoteX,87
2,2,0.2,shapley_sampling,mrsqm,0.0,0.0,0.3,-0.20696253889726557,0.4149125677215563,1,1,1.0073324289987795,2.6279005396645516e-05,AllGestureWiimoteX,87
2,2,0.05,feature_ablation,tshap_centroid,0.0,0.0,0.52,-0.0641436426833335,0.33266294577664046,0,1,0.04773253000166733,0.05128284200327471,AllGestureWiimoteX,87
2,2,0.1,feature_ablation,tshap_centroid,0.0,0.0,0.202,-0.10612427877377317,0.41130704078958236,1,1,0.04773253000166733,0.05128284200327471,AllGestureWiimoteX,87
2,2,0.2,feature_ablation,tshap_centroid,0.0,0.0,0.212,-0.20696252818937588,0.807344284654972,1,1,0.04773253000166733,0.05128284200327471,AllGestureWiimoteX,87
2,2,0.05,feature_ablation,tshap_zero,0.0,0.0,0.292,-0.0641436426833335,-0.053389512111047255,0,1,0.04773253000166733,0.056849544002034236,AllGestureWiimoteX,87
2,2,0.1,feature_ablation,tshap_zero,0.25,0.4,0.06,-0.10612427877377317,-0.1177615678693078,1,1,0.04773253000166733,0.056849544002034236,AllGestureWiimoteX,87
2,2,0.2,feature_ablation,tshap_zero,0.5151515151515151,0.68,0.064,-0.20696252818937588,-0.340165634956183,1,1,0.04773253000166733,0.056849544002034236,AllGestureWiimoteX,87
2,2,0.05,feature_ablation,tshap_train,0.0,0.0,0.52,-0.0641436426833335,0.33266296362721226,0,1,0.04773253000166733,0.6574950220019673,AllGestureWiimoteX,87
2,2,0.1,feature_ablation,tshap_train,0.0,0.0,0.196,-0.10612427877377317,0.3412521883431092,1,1,0.04773253000166733,0.6574950220019673,AllGestureWiimoteX,87
2,2,0.2,feature_ablation,tshap_train,0.0,0.0,0.206,-0.20696252818937588,0.8571338216896793,1,1,0.04773253000166733,0.6574950220019673,AllGestureWiimoteX,87
2,2,0.05,feature_ablation,mrsqm,0.0,0.0,0.7,-0.0641436426833335,0.01603657597914565,0,1,0.04773253000166733,2.6279005396645516e-05,AllGestureWiimoteX,87
2,2,0.1,feature_ablation,mrsqm,0.0,0.0,0.35,-0.10612427877377317,0.03618236970120314,1,1,0.04773253000166733,2.6279005396645516e-05,AllGestureWiimoteX,87
2,2,0.2,feature_ablation,mrsqm,0.0,0.0,0.3,-0.20696252818937588,0.4149125677215563,1,1,0.04773253000166733,2.6279005396645516e-05,AllGestureWiimoteX,87
2,2,0.05,tshap_centroid,tshap_zero,0.0,0.0,0.228,0.33266294577664046,-0.053389512111047255,1,1,0.05128284200327471,0.056849544002034236,AllGestureWiimoteX,87
2,2,0.1,tshap_centroid,tshap_zero,0.0,0.0,0.262,0.41130704078958236,-0.1177615678693078,1,1,0.05128284200327471,0.056849544002034236,AllGestureWiimoteX,87
2,2,0.2,tshap_centroid,tshap_zero,0.0,0.0,0.276,0.807344284654972,-0.340165634956183,1,1,0.05128284200327471,0.056849544002034236,AllGestureWiimoteX,87
2,2,0.05,tshap_centroid,tshap_train,1.0,1.0,0.0,0.33266294577664046,0.33266296362721226,1,1,0.05128284200327471,0.6574950220019673,AllGestureWiimoteX,87
2,2,0.1,tshap_centroid,tshap_train,0.8867924528301887,0.94,0.006,0.41130704078958236,0.3412521883431092,1,1,0.05128284200327471,0.6574950220019673,AllGestureWiimoteX,87
2,2,0.2,tshap_centroid,tshap_train,0.941747572815534,0.97,0.006,0.807344284654972,0.8571338216896793,1,1,0.05128284200327471,0.6574950220019673,AllGestureWiimoteX,87
2,2,0.05,tshap_centroid,mrsqm,0.0,0.0,0.18,0.33266294577664046,0.01603657597914565,1,1,0.05128284200327471,2.6279005396645516e-05,AllGestureWiimoteX,87
2,2,0.1,tshap_centroid,mrsqm,0.0,0.0,0.148,0.41130704078958236,0.03618236970120314,1,1,0.05128284200327471,2.6279005396645516e-05,AllGestureWiimoteX,87
2,2,0.2,tshap_centroid,mrsqm,0.3888888888888889,0.56,0.088,0.807344284654972,0.4149125677215563,1,1,0.05128284200327471,2.6279005396645516e-05,AllGestureWiimoteX,87
2,2,0.05,tshap_zero,tshap_train,0.0,0.0,0.228,-0.053389512111047255,0.33266296362721226,1,1,0.056849544002034236,0.6574950220019673,AllGestureWiimoteX,87
2,2,0.1,tshap_zero,tshap_train,0.0,0.0,0.256,-0.1177615678693078,0.3412521883431092,1,1,0.056849544002034236,0.6574950220019673,AllGestureWiimoteX,87
2,2,0.2,tshap_zero,tshap_train,0.0,0.0,0.27,-0.340165634956183,0.8571338216896793,1,1,0.056849544002034236,0.6574950220019673,AllGestureWiimoteX,87
2,2,0.05,tshap_zero,mrsqm,0.0,0.0,0.408,-0.053389512111047255,0.01603657597914565,1,1,0.056849544002034236,2.6279005396645516e-05,AllGestureWiimoteX,87
2,2,0.1,tshap_zero,mrsqm,0.0,0.0,0.41,-0.1177615678693078,0.03618236970120314,1,1,0.056849544002034236,2.6279005396645516e-05,AllGestureWiimoteX,87
2,2,0.2,tshap_zero,mrsqm,0.0,0.0,0.364,-0.340165634956183,0.4149125677215563,1,1,0.056849544002034236,2.6279005396645516e-05,AllGestureWiimoteX,87
2,2,0.05,tshap_train,mrsqm,0.0,0.0,0.18,0.33266296362721226,0.01603657597914565,1,1,0.6574950220019673,2.6279005396645516e-05,AllGestureWiimoteX,87
2,2,0.1,tshap_train,mrsqm,0.0,0.0,0.154,0.3412521883431092,0.03618236970120314,1,1,0.6574950220019673,2.6279005396645516e-05,AllGestureWiimoteX,87
2,2,0.2,tshap_train,mrsqm,0.36054421768707484,0.53,0.094,0.8571338216896793,0.4149125677215563,1,1,0.6574950220019673,2.6279005396645516e-05,AllGestureWiimoteX,87
0,0,0.05,hydra,shapley_sampling,0.19047619047619047,0.32,0.034,0.239030798403699,0.45732393201126886,1,1,0.3217529720059247,1.0045638909941772,AllGestureWiimoteX,60
0,0,0.1,hydra,shapley_sampling,0.9230769230769231,0.96,0.004,0.9868307030634853,0.8983985283232407,1,1,0.3217529720059247,1.0045638909941772,AllGestureWiimoteX,60
0,0,0.2,hydra,shapley_sampling,1.0,1.0,0.0,1.7913497669177494,1.7913497645453524,1,1,0.3217529720059247,1.0045638909941772,AllGestureWiimoteX,60
0,0,0.05,hydra,feature_ablation,0.19047619047619047,0.32,0.034,0.239030798403699,0.457323928183086,1,1,0.3217529720059247,0.04233033699711086,AllGestureWiimoteX,60
0,0,0.1,hydra,feature_ablation,0.3698630136986301,0.54,0.046,0.9868307030634853,1.0305313861136762,1,1,0.3217529720059247,0.04233033699711086,AllGestureWiimoteX,60
0,0,0.2,hydra,feature_ablation,1.0,1.0,0.0,1.7913497669177494,1.791349765468431,1,1,0.3217529720059247,0.04233033699711086,AllGestureWiimoteX,60
0,0,0.05,hydra,tshap_centroid,0.19047619047619047,0.32,0.034,0.239030798403699,0.45732393104207036,1,1,0.3217529720059247,0.05001603400160093,AllGestureWiimoteX,60
0,0,0.1,hydra,tshap_centroid,0.4925373134328358,0.66,0.034,0.9868307030634853,0.8788460051241098,1,1,0.3217529720059247,0.05001603400160093,AllGestureWiimoteX,60
0,0,0.2,hydra,tshap_centroid,0.8691588785046729,0.93,0.014,1.7913497669177494,1.5371780233558978,1,1,0.3217529720059247,0.05001603400160093,AllGestureWiimoteX,60
0,0,0.05,hydra,tshap_zero,0.28205128205128205,0.44,0.028,0.239030798403699,0.39336368668130206,1,1,0.3217529720059247,0.056206772998848464,AllGestureWiimoteX,60
0,0,0.1,hydra,tshap_zero,0.7241379310344828,0.84,0.016,0.9868307030634853,0.8571143452644168,1,1,0.3217529720059247,0.056206772998848464,AllGestureWiimoteX,60
0,0,0.2,hydra,tshap_zero,0.0,0.0,0.622,1.7913497669177494,0.48405370998266717,1,1,0.3217529720059247,0.056206772998848464,AllGestureWiimoteX,60
0,0,0.05,hydra,tshap_train,0.28205128205128205,0.44,0.028,0.239030798403699,0.39336368800931043,1,1,0.3217529720059247,0.6742011500027729,AllGestureWiimoteX,60
0,0,0.1,hydra,tshap_train,0.7543859649122807,0.86,0.014,0.9868307030634853,0.8904854639711759,1,1,0.3217529720059247,0.6742011500027729,AllGestureWiimoteX,60
0,0,0.2,hydra,tshap_train,1.0,1.0,0.0,1.7913497669177494,1.7913497667522866,1,1,0.3217529720059247,0.6742011500027729,AllGestureWiimoteX,60
0,0,0.05,hydra,mrsqm,0.0,0.0,0.084,0.239030798403699,0.30543645883544224,1,1,0.3217529720059247,2.900500112446025e-05,AllGestureWiimoteX,60
0,0,0.1,hydra,mrsqm,0.3698630136986301,0.54,0.046,0.9868307030634853,1.030531387809994,1,1,0.3217529720059247,2.900500112446025e-05,AllGestureWiimoteX,60
0,0,0.2,hydra,mrsqm,1.0,1.0,0.0,1.7913497669177494,1.7913497631049393,1,1,0.3217529720059247,2.900500112446025e-05,AllGestureWiimoteX,60
0,0,0.05,shapley_sampling,feature_ablation,1.0,1.0,0.0,0.45732393201126886,0.457323928183086,1,1,1.0045638909941772,0.04233033699711086,AllGestureWiimoteX,60
0,0,0.1,shapley_sampling,feature_ablation,0.3333333333333333,0.5,0.05,0.8983985283232407,1.0305313861136762,1,1,1.0045638909941772,0.04233033699711086,AllGestureWiimoteX,60
0,0,0.2,shapley_sampling,feature_ablation,1.0,1.0,0.0,1.7913497645453524,1.791349765468431,1,1,1.0045638909941772,0.04233033699711086,AllGestureWiimoteX,60
0,0,0.05,shapley_sampling,tshap_centroid,1.0,1.0,0.0,0.45732393201126886,0.45732393104207036,1,1,1.0045638909941772,0.05001603400160093,AllGestureWiimoteX,60
0,0,0.1,shapley_sampling,tshap_centroid,0.4492753623188406,0.62,0.038,0.8983985283232407,0.8788460051241098,1,1,1.0045638909941772,0.05001603400160093,AllGestureWiimoteX,60
0,0,0.2,shapley_sampling,tshap_centroid,0.8691588785046729,0.93,0.014,1.7913497645453524,1.5371780233558978,1,1,1.0045638909941772,0.05001603400160093,AllGestureWiimoteX,60
0,0,0.05,shapley_sampling,tshap_zero,0.7857142857142857,0.88,0.006,0.45732393201126886,0.39336368668130206,1,1,1.0045638909941772,0.056206772998848464,AllGestureWiimoteX,60
0,0,0.1,shapley_sampling,tshap_zero,0.6666666666666666,0.8,0.02,0.8983985283232407,0.8571143452644168,1,1,1.0045638909941772,0.056206772998848464,AllGestureWiimoteX,60
0,0,0.2,shapley_sampling,tshap_zero,0.0,0.0,0.622,1.7913497645453524,0.48405370998266717,1,1,1.0045638909941772,0.056206772998848464,AllGestureWiimoteX,60
0,0,0.05,shapley_sampling,tshap_train,0.7857142857142857,0.88,0.006,0.45732393201126886,0.39336368800931043,1,1,1.0045638909941772,0.6742011500027729,AllGestureWiimoteX,60
0,0,0.1,shapley_sampling,tshap_train,0.6949152542372882,0.82,0.018,0.8983985283232407,0.8904854639711759,1,1,1.0045638909941772,0.6742011500027729,AllGestureWiimoteX,60
0,0,0.2,shapley_sampling,tshap_train,1.0,1.0,0.0,1.7913497645453524,1.7913497667522866,1,1,1.0045638909941772,0.6742011500027729,AllGestureWiimoteX,60
0,0,0.05,shapley_sampling,mrsqm,0.0,0.0,0.05,0.45732393201126886,0.30543645883544224,1,1,1.0045638909941772,2.900500112446025e-05,AllGestureWiimoteX,60
0,0,0.1,shapley_sampling,mrsqm,0.3333333333333333,0.5,0.05,0.8983985283232407,1.030531387809994,1,1,1.0045638909941772,2.900500112446025e-05,AllGestureWiimoteX,60
0,0,0.2,shapley_sampling,mrsqm,1.0,1.0,0.0,1.7913497645453524,1.7913497631049393,1,1,1.0045638909941772,2.900500112446025e-05,AllGestureWiimoteX,60
0,0,0.05,feature_ablation,tshap_centroid,1.0,1.0,0.0,0.457323928183086,0.45732393104207036,1,1,0.04233033699711086,0.05001603400160093,AllGestureWiimoteX,60
0,0,0.1,feature_ablation,tshap_centroid,0.7857142857142857,0.88,0.012,1.0305313861136762,0.8788460051241098,1,1,0.04233033699711086,0.05001603400160093,AllGestureWiimoteX,60
0,0,0.2,feature_ablation,tshap_centroid,0.8691588785046729,0.93,0.014,1.791349765468431,1.5371780233558978,1,1,0.04233033699711086,0.05001603400160093,AllGestureWiimoteX,60
0,0,0.05,feature_ablation,tshap_zero,0.7857142857142857,0.88,0.006,0.457323928183086,0.39336368668130206,1,1,0.04233033699711086,0.056206772998848464,AllGestureWiimoteX,60
0,0,0.1,feature_ablation,tshap_zero,0.5384615384615384,0.7,0.03,1.0305313861136762,0.8571143452644168,1,1,0.04233033699711086,0.056206772998848464,AllGestureWiimoteX,60
0,0,0.2,feature_ablation,tshap_zero,0.0,0.0,0.622,1.791349765468431,0.48405370998266717,1,1,0.04233033699711086,0.056206772998848464,AllGestureWiimoteX,60
0,0,0.05,feature_ablation,tshap_train,0.7857142857142857,0.88,0.006,0.457323928183086,0.39336368800931043,1,1,0.04233033699711086,0.6742011500027729,AllGestureWiimoteX,60
0,0,0.1,feature_ablation,tshap_train,0.5151515151515151,0.68,0.032,1.0305313861136762,0.8904854639711759,1,1,0.04233033699711086,0.6742011500027729,AllGestureWiimoteX,60
0,0,0.2,feature_ablation,tshap_train,1.0,1.0,0.0,1.791349765468431,1.7913497667522866,1,1,0.04233033699711086,0.6742011500027729,AllGestureWiimoteX,60
0,0,0.05,feature_ablation,mrsqm,0.0,0.0,0.05,0.457323928183086,0.30543645883544224,1,1,0.04233033699711086,2.900500112446025e-05,AllGestureWiimoteX,60
0,0,0.1,feature_ablation,mrsqm,1.0,1.0,0.0,1.0305313861136762,1.030531387809994,1,1,0.04233033699711086,2.900500112446025e-05,AllGestureWiimoteX,60
0,0,0.2,feature_ablation,mrsqm,1.0,1.0,0.0,1.791349765468431,1.7913497631049393,1,1,0.04233033699711086,2.900500112446025e-05,AllGestureWiimoteX,60
0,0,0.05,tshap_centroid,tshap_zero,0.7857142857142857,0.88,0.006,0.45732393104207036,0.39336368668130206,1,1,0.05001603400160093,0.056206772998848464,AllGestureWiimoteX,60
0,0,0.1,tshap_centroid,tshap_zero,0.6949152542372882,0.82,0.018,0.8788460051241098,0.8571143452644168,1,1,0.05001603400160093,0.056206772998848464,AllGestureWiimoteX,60
0,0,0.2,tshap_centroid,tshap_zero,0.0,0.0,0.608,1.5371780233558978,0.48405370998266717,1,1,0.05001603400160093,0.056206772998848464,AllGestureWiimoteX,60
0,0,0.05,tshap_centroid,tshap_train,0.7857142857142857,0.88,0.006,0.45732393104207036,0.39336368800931043,1,1,0.05001603400160093,0.6742011500027729,AllGestureWiimoteX,60
0,0,0.1,tshap_centroid,tshap_train,0.6666666666666666,0.8,0.02,0.8788460051241098,0.8904854639711759,1,1,0.05001603400160093,0.6742011500027729,AllGestureWiimoteX,60
0,0,0.2,tshap_centroid,tshap_train,0.8691588785046729,0.93,0.014,1.5371780233558978,1.7913497667522866,1,1,0.05001603400160093,0.6742011500027729,AllGestureWiimoteX,60
0,0,0.05,tshap_centroid,mrsqm,0.0,0.0,0.05,0.45732393104207036,0.30543645883544224,1,1,0.05001603400160093,2.900500112446025e-05,AllGestureWiimoteX,60
0,0,0.1,tshap_centroid,mrsqm,0.7857142857142857,0.88,0.012,0.8788460051241098,1.030531387809994,1,1,0.05001603400160093,2.900500112446025e-05,AllGestureWiimoteX,60
0,0,0.2,tshap_centroid,mrsqm,0.8691588785046729,0.93,0.014,1.5371780233558978,1.7913497631049393,1,1,0.05001603400160093,2.900500112446025e-05,AllGestureWiimoteX,60
0,0,0.05,tshap_zero,tshap_train,1.0,1.0,0.0,0.39336368668130206,0.39336368800931043,1,1,0.056206772998848464,0.6742011500027729,AllGestureWiimoteX,60
0,0,0.1,tshap_zero,tshap_train,0.9607843137254902,0.98,0.002,0.8571143452644168,0.8904854639711759,1,1,0.056206772998848464,0.6742011500027729,AllGestureWiimoteX,60
0,0,0.2,tshap_zero,tshap_train,0.0,0.0,0.622,0.48405370998266717,1.7913497667522866,1,1,0.056206772998848464,0.6742011500027729,AllGestureWiimoteX,60
0,0,0.05,tshap_zero,mrsqm,0.0,0.0,0.056,0.39336368668130206,0.30543645883544224,1,1,0.056206772998848464,2.900500112446025e-05,AllGestureWiimoteX,60
0,0,0.1,tshap_zero,mrsqm,0.5384615384615384,0.7,0.03,0.8571143452644168,1.030531387809994,1,1,0.056206772998848464,2.900500112446025e-05,AllGestureWiimoteX,60
0,0,0.2,tshap_zero,mrsqm,0.0,0.0,0.622,0.48405370998266717,1.7913497631049393,1,1,0.056206772998848464,2.900500112446025e-05,AllGestureWiimoteX,60
0,0,0.05,tshap_train,mrsqm,0.0,0.0,0.056,0.39336368800931043,0.30543645883544224,1,1,0.6742011500027729,2.900500112446025e-05,AllGestureWiimoteX,60
0,0,0.1,tshap_train,mrsqm,0.5151515151515151,0.68,0.032,0.8904854639711759,1.030531387809994,1,1,0.6742011500027729,2.900500112446025e-05,AllGestureWiimoteX,60
0,0,0.2,tshap_train,mrsqm,1.0,1.0,0.0,1.7913497667522866,1.7913497631049393,1,1,0.6742011500027729,2.900500112446025e-05,AllGestureWiimoteX,60
7,7,0.05,hydra,shapley_sampling,0.9230769230769231,0.96,0.002,0.9204337086526434,0.927403682250534,0,0,0.3205939469989971,1.0063199610012816,AllGestureWiimoteX,441
7,7,0.1,hydra,shapley_sampling,0.5151515151515151,0.68,0.032,1.2360295360420301,1.1953460516821053,1,1,0.3205939469989971,1.0063199610012816,AllGestureWiimoteX,441
7,7,0.2,hydra,shapley_sampling,0.0,0.0,0.352,1.9744677830160788,0.21706631620483652,1,0,0.3205939469989971,1.0063199610012816,AllGestureWiimoteX,441
7,7,0.05,hydra,feature_ablation,0.02040816326530612,0.04,0.048,0.9204337086526434,0.6475288809697564,0,0,0.3205939469989971,0.04237126399675617,AllGestureWiimoteX,441
7,7,0.1,hydra,feature_ablation,0.19047619047619047,0.32,0.068,1.2360295360420301,1.0141659545245774,1,0,0.3205939469989971,0.04237126399675617,AllGestureWiimoteX,441
7,7,0.2,hydra,feature_ablation,0.6129032258064516,0.76,0.048,1.9744677830160788,1.6358367673279344,1,1,0.3205939469989971,0.04237126399675617,AllGestureWiimoteX,441
7,7,0.05,hydra,tshap_centroid,0.47058823529411764,0.64,0.018,0.9204337086526434,0.8547499424968399,0,0,0.3205939469989971,0.050226060004206374,AllGestureWiimoteX,441
7,7,0.1,hydra,tshap_centroid,0.7241379310344828,0.84,0.016,1.2360295360420301,1.1549838290058965,1,1,0.3205939469989971,0.050226060004206374,AllGestureWiimoteX,441
7,7,0.2,hydra,tshap_centroid,0.7391304347826086,0.85,0.03,1.9744677830160788,1.82241833447419,1,1,0.3205939469989971,0.050226060004206374,AllGestureWiimoteX,441
7,7,0.05,hydra,tshap_zero,0.5625,0.72,0.014,0.9204337086526434,0.9517204366705443,0,0,0.3205939469989971,0.05692224099766463,AllGestureWiimoteX,441
7,7,0.1,hydra,tshap_zero,0.8181818181818182,0.9,0.01,1.2360295360420301,1.1225951474417066,1,1,0.3205939469989971,0.05692224099766463,AllGestureWiimoteX,441
7,7,0.2,hydra,tshap_zero,0.7094017094017094,0.83,0.034,1.9744677830160788,1.7942136486416245,1,1,0.3205939469989971,0.05692224099766463,AllGestureWiimoteX,441
7,7,0.05,hydra,tshap_train,0.7241379310344828,0.84,0.008,0.9204337086526434,0.9319062128033085,0,0,0.3205939469989971,0.6626584240002558,AllGestureWiimoteX,441
7,7,0.1,hydra,tshap_train,0.9607843137254902,0.98,0.002,1.2360295360420301,1.1705414384409534,1,1,0.3205939469989971,0.6626584240002558,AllGestureWiimoteX,441
7,7,0.2,hydra,tshap_train,0.6949152542372882,0.82,0.036,1.9744677830160788,1.7829558049724725,1,1,0.3205939469989971,0.6626584240002558,AllGestureWiimoteX,441
7,7,0.05,hydra,mrsqm,0.0,0.0,0.052,0.9204337086526434,0.568728335166486,0,0,0.3205939469989971,2.6228997739963233e-05,AllGestureWiimoteX,441
7,7,0.1,hydra,mrsqm,0.5151515151515151,0.68,0.032,1.2360295360420301,1.19534605098172,1,1,0.3205939469989971,2.6228997739963233e-05,AllGestureWiimoteX,441
7,7,0.2,hydra,mrsqm,0.6129032258064516,0.76,0.048,1.9744677830160788,1.6358367714480857,1,1,0.3205939469989971,2.6228997739963233e-05,AllGestureWiimoteX,441
7,7,0.05,shapley_sampling,feature_ablation,0.0,0.0,0.05,0.927403682250534,0.6475288809697564,0,0,1.0063199610012816,0.04237126399675617,AllGestureWiimoteX,441
7,7,0.1,shapley_sampling,feature_ablation,0.0,0.0,0.1,1.1953460516821053,1.0141659545245774,1,0,1.0063199610012816,0.04237126399675617,AllGestureWiimoteX,441
7,7,0.2,shapley_sampling,feature_ablation,0.0,0.0,0.4,0.21706631620483652,1.6358367673279344,0,1,1.0063199610012816,0.04237126399675617,AllGestureWiimoteX,441
7,7,0.05,shapley_sampling,tshap_centroid,0.42857142857142855,0.6,0.02,0.927403682250534,0.8547499424968399,0,0,1.0063199610012816,0.050226060004206374,AllGestureWiimoteX,441
7,7,0.1,shapley_sampling,tshap_centroid,0.35135135135135137,0.52,0.048,1.1953460516821053,1.1549838290058965,1,1,1.0063199610012816,0.050226060004206374,AllGestureWiimoteX,441
7,7,0.2,shapley_sampling,tshap_centroid,0.0,0.0,0.382,0.21706631620483652,1.82241833447419,0,1,1.0063199610012816,0.050226060004206374,AllGestureWiimoteX,441
7,7,0.05,shapley_sampling,tshap_zero,0.5151515151515151,0.68,0.016,0.927403682250534,0.9517204366705443,0,0,1.0063199610012816,0.05692224099766463,AllGestureWiimoteX,441
7,7,0.1,shapley_sampling,tshap_zero,0.4084507042253521,0.58,0.042,1.1953460516821053,1.1225951474417066,1,1,1.0063199610012816,0.05692224099766463,AllGestureWiimoteX,441
7,7,0.2,shapley_sampling,tshap_zero,0.0,0.0,0.386,0.21706631620483652,1.7942136486416245,0,1,1.0063199610012816,0.05692224099766463,AllGestureWiimoteX,441
7,7,0.05,shapley_sampling,tshap_train,0.6666666666666666,0.8,0.01,0.927403682250534,0.9319062128033085,0,0,1.0063199610012816,0.6626584240002558,AllGestureWiimoteX,441
7,7,0.1,shapley_sampling,tshap_train,0.4925373134328358,0.66,0.034,1.1953460516821053,1.1705414384409534,1,1,1.0063199610012816,0.6626584240002558,AllGestureWiimoteX,441
7,7,0.2,shapley_sampling,tshap_train,0.0,0.0,0.388,0.21706631620483652,1.7829558049724725,0,1,1.0063199610012816,0.6626584240002558,AllGestureWiimoteX,441
7,7,0.05,shapley_sampling,mrsqm,0.0,0.0,0.05,0.927403682250534,0.568728335166486,0,0,1.0063199610012816,2.6228997739963233e-05,AllGestureWiimoteX,441
7,7,0.1,shapley_sampling,mrsqm,1.0,1.0,0.0,1.1953460516821053,1.19534605098172,1,1,1.0063199610012816,2.6228997739963233e-05,AllGestureWiimoteX,441
7,7,0.2,shapley_sampling,mrsqm,0.0,0.0,0.4,0.21706631620483652,1.6358367714480857,0,1,1.0063199610012816,2.6228997739963233e-05,AllGestureWiimoteX,441
7,7,0.05,feature_ablation,tshap_centroid,0.25,0.4,0.03,0.6475288809697564,0.8547499424968399,0,0,0.04237126399675617,0.050226060004206374,AllGestureWiimoteX,441
7,7,0.1,feature_ablation,tshap_centroid,0.3157894736842105,0.48,0.052,1.0141659545245774,1.1549838290058965,0,1,0.04237126399675617,0.050226060004206374,AllGestureWiimoteX,441
7,7,0.2,feature_ablation,tshap_centroid,0.8348623853211009,0.91,0.018,1.6358367673279344,1.82241833447419,1,1,0.04237126399675617,0.050226060004206374,AllGestureWiimoteX,441
7,7,0.05,feature_ablation,tshap_zero,0.19047619047619047,0.32,0.034,0.6475288809697564,0.9517204366705443,0,0,0.04237126399675617,0.05692224099766463,AllGestureWiimoteX,441
7,7,0.1,feature_ablation,tshap_zero,0.26582278481012656,0.42,0.058,1.0141659545245774,1.1225951474417066,0,1,0.04237126399675617,0.05692224099766463,AllGestureWiimoteX,441
7,7,0.2,feature_ablation,tshap_zero,0.8691588785046729,0.93,0.014,1.6358367673279344,1.7942136486416245,1,1,0.04237126399675617,0.05692224099766463,AllGestureWiimoteX,441
7,7,0.05,feature_ablation,tshap_train,0.1111111111111111,0.2,0.04,0.6475288809697564,0.9319062128033085,0,0,0.04237126399675617,0.6626584240002558,AllGestureWiimoteX,441
7,7,0.1,feature_ablation,tshap_train,0.20481927710843373,0.34,0.066,1.0141659545245774,1.1705414384409534,0,1,0.04237126399675617,0.6626584240002558,AllGestureWiimoteX,441
7,7,0.2,feature_ablation,tshap_train,0.8867924528301887,0.94,0.012,1.6358367673279344,1.7829558049724725,1,1,0.04237126399675617,0.6626584240002558,AllGestureWiimoteX,441
7,7,0.05,feature_ablation,mrsqm,0.0,0.0,0.1,0.6475288809697564,0.568728335166486,0,0,0.04237126399675617,2.6228997739963233e-05,AllGestureWiimoteX,441
7,7,0.1,feature_ablation,mrsqm,0.0,0.0,0.1,1.0141659545245774,1.19534605098172,0,1,0.04237126399675617,2.6228997739963233e-05,AllGestureWiimoteX,441
7,7,0.2,feature_ablation,mrsqm,1.0,1.0,0.0,1.6358367673279344,1.6358367714480857,1,1,0.04237126399675617,2.6228997739963233e-05,AllGestureWiimoteX,441
7,7,0.05,tshap_centroid,tshap_zero,0.8518518518518519,0.92,0.004,0.8547499424968399,0.9517204366705443,0,0,0.050226060004206374,0.05692224099766463,AllGestureWiimoteX,441
7,7,0.1,tshap_centroid,tshap_zero,0.8867924528301887,0.94,0.006,1.1549838290058965,1.1225951474417066,1,1,0.050226060004206374,0.05692224099766463,AllGestureWiimoteX,441
7,7,0.2,tshap_centroid,tshap_zero,0.9607843137254902,0.98,0.004,1.82241833447419,1.7942136486416245,1,1,0.050226060004206374,0.05692224099766463,AllGestureWiimoteX,441
7,7,0.05,tshap_centroid,tshap_train,0.6666666666666666,0.8,0.01,0.8547499424968399,0.9319062128033085,0,0,0.050226060004206374,0.6626584240002558,AllGestureWiimoteX,441
7,7,0.1,tshap_centroid,tshap_train,0.7543859649122807,0.86,0.014,1.1549838290058965,1.1705414384409534,1,1,0.050226060004206374,0.6626584240002558,AllGestureWiimoteX,441
7,7,0.2,tshap_centroid,tshap_train,0.941747572815534,0.97,0.006,1.82241833447419,1.7829558049724725,1,1,0.050226060004206374,0.6626584240002558,AllGestureWiimoteX,441
7,7,0.05,tshap_centroid,mrsqm,0.0,0.0,0.07,0.8547499424968399,0.568728335166486,0,0,0.050226060004206374,2.6228997739963233e-05,AllGestureWiimoteX,441
7,7,0.1,tshap_centroid,mrsqm,0.35135135135135137,0.52,0.048,1.1549838290058965,1.19534605098172,1,1,0.050226060004206374,2.6228997739963233e-05,AllGestureWiimoteX,441
7,7,0.2,tshap_centroid,mrsqm,0.8348623853211009,0.91,0.018,1.82241833447419,1.6358367714480857,1,1,0.050226060004206374,2.6228997739963233e-05,AllGestureWiimoteX,441
7,7,0.05,tshap_zero,tshap_train,0.7857142857142857,0.88,0.006,0.9517204366705443,0.9319062128033085,0,0,0.05692224099766463,0.6626584240002558,AllGestureWiimoteX,441
7,7,0.1,tshap_zero,tshap_train,0.8518518518518519,0.92,0.008,1.1225951474417066,1.1705414384409534,1,1,0.05692224099766463,0.6626584240002558,AllGestureWiimoteX,441
7,7,0.2,tshap_zero,tshap_train,0.9801980198019802,0.99,0.002,1.7942136486416245,1.7829558049724725,1,1,0.05692224099766463,0.6626584240002558,AllGestureWiimoteX,441
7,7,0.05,tshap_zero,mrsqm,0.0,0.0,0.066,0.9517204366705443,0.568728335166486,0,0,0.05692224099766463,2.6228997739963233e-05,AllGestureWiimoteX,441
7,7,0.1,tshap_zero,mrsqm,0.4084507042253521,0.58,0.042,1.1225951474417066,1.19534605098172,1,1,0.05692224099766463,2.6228997739963233e-05,AllGestureWiimoteX,441
7,7,0.2,tshap_zero,mrsqm,0.8691588785046729,0.93,0.014,1.7942136486416245,1.6358367714480857,1,1,0.05692224099766463,2.6228997739963233e-05,AllGestureWiimoteX,441
7,7,0.05,tshap_train,mrsqm,0.0,0.0,0.06,0.9319062128033085,0.568728335166486,0,0,0.6626584240002558,2.6228997739963233e-05,AllGestureWiimoteX,441
7,7,0.1,tshap_train,mrsqm,0.4925373134328358,0.66,0.034,1.1705414384409534,1.19534605098172,1,1,0.6626584240002558,2.6228997739963233e-05,AllGestureWiimoteX,441
7,7,0.2,tshap_train,mrsqm,0.8867924528301887,0.94,0.012,1.7829558049724725,1.6358367714480857,1,1,0.6626584240002558,2.6228997739963233e-05,AllGestureWiimoteX,441
5,5,0.05,hydra,shapley_sampling,0.0,0.0,0.138,-0.11026346203173043,0.14169712676300705,0,1,0.3220239729998866,1.0084326029973454,AllGestureWiimoteX,319
5,5,0.1,hydra,shapley_sampling,0.0,0.0,0.11,-0.11735056131789423,0.26858852935403255,1,1,0.3220239729998866,1.0084326029973454,AllGestureWiimoteX,319
5,5,0.2,hydra,shapley_sampling,0.22699386503067484,0.37,0.126,0.32206059435815537,0.2717085452637459,1,1,0.3220239729998866,1.0084326029973454,AllGestureWiimoteX,319
5,5,0.05,hydra,feature_ablation,0.0,0.0,0.138,-0.11026346203173043,0.14169713069108858,0,1,0.3220239729998866,0.04331546399771469,AllGestureWiimoteX,319
5,5,0.1,hydra,feature_ablation,0.0,0.0,0.11,-0.11735056131789423,0.26858853198834765,1,1,0.3220239729998866,0.04331546399771469,AllGestureWiimoteX,319
5,5,0.2,hydra,feature_ablation,0.22699386503067484,0.37,0.126,0.32206059435815537,0.27170855078057243,1,1,0.3220239729998866,0.04331546399771469,AllGestureWiimoteX,319
5,5,0.05,hydra,tshap_centroid,0.0,0.0,0.07,-0.11026346203173043,0.040535392372849643,0,0,0.3220239729998866,0.050029428995912895,AllGestureWiimoteX,319
5,5,0.1,hydra,tshap_centroid,0.20481927710843373,0.34,0.066,-0.11735056131789423,0.17724412947358442,1,1,0.3220239729998866,0.050029428995912895,AllGestureWiimoteX,319
5,5,0.2,hydra,tshap_centroid,0.0,0.0,0.224,0.32206059435815537,0.45051913355642903,1,1,0.3220239729998866,0.050029428995912895,AllGestureWiimoteX,319
5,5,0.05,hydra,tshap_zero,0.0,0.0,0.15,-0.11026346203173043,0.08877245740423334,0,0,0.3220239729998866,0.05629894599405816,AllGestureWiimoteX,319
5,5,0.1,hydra,tshap_zero,0.0,0.0,0.158,-0.11735056131789423,0.23332365191531906,1,1,0.3220239729998866,0.05629894599405816,AllGestureWiimoteX,319
5,5,0.2,hydra,tshap_zero,0.1834319526627219,0.31,0.138,0.32206059435815537,0.5292850120798108,1,1,0.3220239729998866,0.05629894599405816,AllGestureWiimoteX,319
5,5,0.05,hydra,tshap_train,0.0,0.0,0.082,-0.11026346203173043,0.06729483883392962,0,1,0.3220239729998866,0.6618164770043222,AllGestureWiimoteX,319
5,5,0.1,hydra,tshap_train,0.07526881720430108,0.14,0.086,-0.11735056131789423,0.20746992301737455,1,1,0.3220239729998866,0.6618164770043222,AllGestureWiimoteX,319
5,5,0.2,hydra,tshap_train,0.27388535031847133,0.43,0.114,0.32206059435815537,0.13189640254172608,1,1,0.3220239729998866,0.6618164770043222,AllGestureWiimoteX,319
5,5,0.05,hydra,mrsqm,0.0,0.0,0.138,-0.11026346203173043,0.14169712304011428,0,1,0.3220239729998866,2.7130998205393553e-05,AllGestureWiimoteX,319
5,5,0.1,hydra,mrsqm,0.0,0.0,0.11,-0.11735056131789423,0.268588527379631,1,1,0.3220239729998866,2.7130998205393553e-05,AllGestureWiimoteX,319
5,5,0.2,hydra,mrsqm,0.22699386503067484,0.37,0.126,0.32206059435815537,0.2717085427856686,1,1,0.3220239729998866,2.7130998205393553e-05,AllGestureWiimoteX,319
5,5,0.05,shapley_sampling,feature_ablation,1.0,1.0,0.0,0.14169712676300705,0.14169713069108858,1,1,1.0084326029973454,0.04331546399771469,AllGestureWiimoteX,319
5,5,0.1,shapley_sampling,feature_ablation,1.0,1.0,0.0,0.26858852935403255,0.26858853198834765,1,1,1.0084326029973454,0.04331546399771469,AllGestureWiimoteX,319
5,5,0.2,shapley_sampling,feature_ablation,1.0,1.0,0.0,0.2717085452637459,0.27170855078057243,1,1,1.0084326029973454,0.04331546399771469,AllGestureWiimoteX,319
5,5,0.05,shapley_sampling,tshap_centroid,0.0,0.0,0.068,0.14169712676300705,0.040535392372849643,1,0,1.0084326029973454,0.050029428995912895,AllGestureWiimoteX,319
5,5,0.1,shapley_sampling,tshap_centroid,0.3888888888888889,0.56,0.044,0.26858852935403255,0.17724412947358442,1,1,1.0084326029973454,0.050029428995912895,AllGestureWiimoteX,319
5,5,0.2,shapley_sampling,tshap_centroid,0.0,0.0,0.35,0.2717085452637459,0.45051913355642903,1,1,1.0084326029973454,0.050029428995912895,AllGestureWiimoteX,319
5,5,0.05,shapley_sampling,tshap_zero,0.0,0.0,0.288,0.14169712676300705,0.08877245740423334,1,0,1.0084326029973454,0.05629894599405816,AllGestureWiimoteX,319
5,5,0.1,shapley_sampling,tshap_zero,0.0,0.0,0.268,0.26858852935403255,0.23332365191531906,1,1,1.0084326029973454,0.05629894599405816,AllGestureWiimoteX,319
5,5,0.2,shapley_sampling,tshap_zero,0.0,0.0,0.264,0.2717085452637459,0.5292850120798108,1,1,1.0084326029973454,0.05629894599405816,AllGestureWiimoteX,319
5,5,0.05,shapley_sampling,tshap_train,0.0,0.0,0.056,0.14169712676300705,0.06729483883392962,1,1,1.0084326029973454,0.6618164770043222,AllGestureWiimoteX,319
5,5,0.1,shapley_sampling,tshap_train,0.6129032258064516,0.76,0.024,0.26858852935403255,0.20746992301737455,1,1,1.0084326029973454,0.6618164770043222,AllGestureWiimoteX,319
5,5,0.2,shapley_sampling,tshap_train,0.8867924528301887,0.94,0.012,0.2717085452637459,0.13189640254172608,1,1,1.0084326029973454,0.6618164770043222,AllGestureWiimoteX,319
5,5,0.05,shapley_sampling,mrsqm,1.0,1.0,0.0,0.14169712676300705,0.14169712304011428,1,1,1.0084326029973454,2.7130998205393553e-05,AllGestureWiimoteX,319
5,5,0.1,shapley_sampling,mrsqm,1.0,1.0,0.0,0.26858852935403255,0.268588527379631,1,1,1.0084326029973454,2.7130998205393553e-05,AllGestureWiimoteX,319
5,5,0.2,shapley_sampling,mrsqm,1.0,1.0,0.0,0.2717085452637459,0.2717085427856686,1,1,1.0084326029973454,2.7130998205393553e-05,AllGestureWiimoteX,319
5,5,0.05,feature_ablation,tshap_centroid,0.0,0.0,0.068,0.14169713069108858,0.040535392372849643,1,0,0.04331546399771469,0.050029428995912895,AllGestureWiimoteX,319
5,5,0.1,feature_ablation,tshap_centroid,0.3888888888888889,0.56,0.044,0.26858853198834765,0.17724412947358442,1,1,0.04331546399771469,0.050029428995912895,AllGestureWiimoteX,319
5,5,0.2,feature_ablation,tshap_centroid,0.0,0.0,0.35,0.27170855078057243,0.45051913355642903,1,1,0.04331546399771469,0.050029428995912895,AllGestureWiimoteX,319
5,5,0.05,feature_ablation,tshap_zero,0.0,0.0,0.288,0.14169713069108858,0.08877245740423334,1,0,0.04331546399771469,0.05629894599405816,AllGestureWiimoteX,319
5,5,0.1,feature_ablation,tshap_zero,0.0,0.0,0.268,0.26858853198834765,0.23332365191531906,1,1,0.04331546399771469,0.05629894599405816,AllGestureWiimoteX,319
5,5,0.2,feature_ablation,tshap_zero,0.0,0.0,0.264,0.27170855078057243,0.5292850120798108,1,1,0.04331546399771469,0.05629894599405816,AllGestureWiimoteX,319
5,5,0.05,feature_ablation,tshap_train,0.0,0.0,0.056,0.14169713069108858,0.06729483883392962,1,1,0.04331546399771469,0.6618164770043222,AllGestureWiimoteX,319
5,5,0.1,feature_ablation,tshap_train,0.6129032258064516,0.76,0.024,0.26858853198834765,0.20746992301737455,1,1,0.04331546399771469,0.6618164770043222,AllGestureWiimoteX,319
5,5,0.2,feature_ablation,tshap_train,0.8867924528301887,0.94,0.012,0.27170855078057243,0.13189640254172608,1,1,0.04331546399771469,0.6618164770043222,AllGestureWiimoteX,319
5,5,0.05,feature_ablation,mrsqm,1.0,1.0,0.0,0.14169713069108858,0.14169712304011428,1,1,0.04331546399771469,2.7130998205393553e-05,AllGestureWiimoteX,319
5,5,0.1,feature_ablation,mrsqm,1.0,1.0,0.0,0.26858853198834765,0.268588527379631,1,1,0.04331546399771469,2.7130998205393553e-05,AllGestureWiimoteX,319
5,5,0.2,feature_ablation,mrsqm,1.0,1.0,0.0,0.27170855078057243,0.2717085427856686,1,1,0.04331546399771469,2.7130998205393553e-05,AllGestureWiimoteX,319
5,5,0.05,tshap_centroid,tshap_zero,0.0,0.0,0.22,0.040535392372849643,0.08877245740423334,0,0,0.050029428995912895,0.05629894599405816,AllGestureWiimoteX,319
5,5,0.1,tshap_centroid,tshap_zero,0.0,0.0,0.224,0.17724412947358442,0.23332365191531906,1,1,0.050029428995912895,0.05629894599405816,AllGestureWiimoteX,319
5,5,0.2,tshap_centroid,tshap_zero,0.3986013986013986,0.57,0.086,0.45051913355642903,0.5292850120798108,1,1,0.050029428995912895,0.05629894599405816,AllGestureWiimoteX,319
5,5,0.05,tshap_centroid,tshap_train,0.6129032258064516,0.76,0.012,0.040535392372849643,0.06729483883392962,0,1,0.050029428995912895,0.6618164770043222,AllGestureWiimoteX,319
5,5,0.1,tshap_centroid,tshap_train,0.6666666666666666,0.8,0.02,0.17724412947358442,0.20746992301737455,1,1,0.050029428995912895,0.6618164770043222,AllGestureWiimoteX,319
5,5,0.2,tshap_centroid,tshap_train,0.0,0.0,0.338,0.45051913355642903,0.13189640254172608,1,1,0.050029428995912895,0.6618164770043222,AllGestureWiimoteX,319
5,5,0.05,tshap_centroid,mrsqm,0.0,0.0,0.068,0.040535392372849643,0.14169712304011428,0,1,0.050029428995912895,2.7130998205393553e-05,AllGestureWiimoteX,319
5,5,0.1,tshap_centroid,mrsqm,0.3888888888888889,0.56,0.044,0.17724412947358442,0.268588527379631,1,1,0.050029428995912895,2.7130998205393553e-05,AllGestureWiimoteX,319
5,5,0.2,tshap_centroid,mrsqm,0.0,0.0,0.35,0.45051913355642903,0.2717085427856686,1,1,0.050029428995912895,2.7130998205393553e-05,AllGestureWiimoteX,319
5,5,0.05,tshap_zero,tshap_train,0.0,0.0,0.232,0.08877245740423334,0.06729483883392962,0,1,0.05629894599405816,0.6618164770043222,AllGestureWiimoteX,319
5,5,0.1,tshap_zero,tshap_train,0.0,0.0,0.244,0.23332365191531906,0.20746992301737455,1,1,0.05629894599405816,0.6618164770043222,AllGestureWiimoteX,319
5,5,0.2,tshap_zero,tshap_train,0.0,0.0,0.252,0.5292850120798108,0.13189640254172608,1,1,0.05629894599405816,0.6618164770043222,AllGestureWiimoteX,319
5,5,0.05,tshap_zero,mrsqm,0.0,0.0,0.288,0.08877245740423334,0.14169712304011428,0,1,0.05629894599405816,2.7130998205393553e-05,AllGestureWiimoteX,319
5,5,0.1,tshap_zero,mrsqm,0.0,0.0,0.268,0.23332365191531906,0.268588527379631,1,1,0.05629894599405816,2.7130998205393553e-05,AllGestureWiimoteX,319
5,5,0.2,tshap_zero,mrsqm,0.0,0.0,0.264,0.5292850120798108,0.2717085427856686,1,1,0.05629894599405816,2.7130998205393553e-05,AllGestureWiimoteX,319
5,5,0.05,tshap_train,mrsqm,0.0,0.0,0.056,0.06729483883392962,0.14169712304011428,1,1,0.6618164770043222,2.7130998205393553e-05,AllGestureWiimoteX,319
5,5,0.1,tshap_train,mrsqm,0.6129032258064516,0.76,0.024,0.20746992301737455,0.268588527379631,1,1,0.6618164770043222,2.7130998205393553e-05,AllGestureWiimoteX,319
5,5,0.2,tshap_train,mrsqm,0.8867924528301887,0.94,0.012,0.13189640254172608,0.2717085427856686,1,1,0.6618164770043222,2.7130998205393553e-05,AllGestureWiimoteX,319
4,4,0.05,hydra,shapley_sampling,0.0,0.0,0.422,-0.6957212909809893,-0.25133782746906563,0,0,0.3237309109972557,1.0108431869957712,AllGestureWiimoteX,251
4,4,0.1,hydra,shapley_sampling,0.0,0.0,0.136,-0.30069527222506,-0.6803587438481382,0,0,0.3237309109972557,1.0108431869957712,AllGestureWiimoteX,251
4,4,0.2,hydra,shapley_sampling,0.35135135135135137,0.52,0.096,-1.1552991026115254,-1.6960118192225462,0,0,0.3237309109972557,1.0108431869957712,AllGestureWiimoteX,251
4,4,0.05,hydra,feature_ablation,0.0,0.0,0.422,-0.6957212909809893,-0.25133782747039346,0,0,0.3237309109972557,0.04249118999723578,AllGestureWiimoteX,251
4,4,0.1,hydra,feature_ablation,0.0,0.0,0.486,-0.30069527222506,-0.6984808959542719,0,0,0.3237309109972557,0.04249118999723578,AllGestureWiimoteX,251
4,4,0.2,hydra,feature_ablation,0.6260162601626016,0.77,0.046,-1.1552991026115254,-1.678500346870233,0,0,0.3237309109972557,0.04249118999723578,AllGestureWiimoteX,251
4,4,0.05,hydra,tshap_centroid,0.0,0.0,0.746,-0.6957212909809893,-0.1843476704124356,0,0,0.3237309109972557,0.050191745001939125,AllGestureWiimoteX,251
4,4,0.1,hydra,tshap_centroid,0.0,0.0,0.782,-0.30069527222506,-0.5986212961193689,0,0,0.3237309109972557,0.050191745001939125,AllGestureWiimoteX,251
4,4,0.2,hydra,tshap_centroid,0.0,0.0,0.716,-1.1552991026115254,-1.545452635613676,0,0,0.3237309109972557,0.050191745001939125,AllGestureWiimoteX,251
4,4,0.05,hydra,tshap_zero,0.0,0.0,0.416,-0.6957212909809893,-0.22343201642574906,0,0,0.3237309109972557,0.05629888599651167,AllGestureWiimoteX,251
4,4,0.1,hydra,tshap_zero,0.0,0.0,0.458,-0.30069527222506,-0.7128385629697769,0,0,0.3237309109972557,0.05629888599651167,AllGestureWiimoteX,251
4,4,0.2,hydra,tshap_zero,0.0,0.0,0.396,-1.1552991026115254,-1.5615178166927173,0,0,0.3237309109972557,0.05629888599651167,AllGestureWiimoteX,251
4,4,0.05,hydra,tshap_train,0.28205128205128205,0.44,0.028,-0.6957212909809893,-0.23582535150238448,0,0,0.3237309109972557,0.66134800400323,AllGestureWiimoteX,251
4,4,0.1,hydra,tshap_train,0.9230769230769231,0.96,0.004,-0.30069527222506,-0.4015126150939998,0,0,0.3237309109972557,0.66134800400323,AllGestureWiimoteX,251
4,4,0.2,hydra,tshap_train,0.9607843137254902,0.98,0.004,-1.1552991026115254,-1.1344650777111847,0,0,0.3237309109972557,0.66134800400323,AllGestureWiimoteX,251
4,4,0.05,hydra,mrsqm,0.0,0.0,0.078,-0.6957212909809893,0.2359897106347375,0,1,0.3237309109972557,2.725100057432428e-05,AllGestureWiimoteX,251
4,4,0.1,hydra,mrsqm,0.7543859649122807,0.86,0.014,-0.30069527222506,-0.23797665978166505,0,0,0.3237309109972557,2.725100057432428e-05,AllGestureWiimoteX,251
4,4,0.2,hydra,mrsqm,0.9607843137254902,0.98,0.004,-1.1552991026115254,-1.1163602403714492,0,0,0.3237309109972557,2.725100057432428e-05,AllGestureWiimoteX,251
4,4,0.05,shapley_sampling,feature_ablation,1.0,1.0,0.0,-0.25133782746906563,-0.25133782747039346,0,0,1.0108431869957712,0.04249118999723578,AllGestureWiimoteX,251
4,4,0.1,shapley_sampling,feature_ablation,0.0,0.0,0.35,-0.6803587438481382,-0.6984808959542719,0,0,1.0108431869957712,0.04249118999723578,AllGestureWiimoteX,251
4,4,0.2,shapley_sampling,feature_ablation,0.6,0.75,0.05,-1.6960118192225462,-1.678500346870233,0,0,1.0108431869957712,0.04249118999723578,AllGestureWiimoteX,251
4,4,0.05,shapley_sampling,tshap_centroid,0.0,0.0,0.324,-0.25133782746906563,-0.1843476704124356,0,0,1.0108431869957712,0.050191745001939125,AllGestureWiimoteX,251
4,4,0.1,shapley_sampling,tshap_centroid,0.0,0.0,0.646,-0.6803587438481382,-0.5986212961193689,0,0,1.0108431869957712,0.050191745001939125,AllGestureWiimoteX,251
4,4,0.2,shapley_sampling,tshap_centroid,0.0,0.0,0.62,-1.6960118192225462,-1.545452635613676,0,0,1.0108431869957712,0.050191745001939125,AllGestureWiimoteX,251
4,4,0.05,shapley_sampling,tshap_zero,0.7857142857142857,0.88,0.006,-0.25133782746906563,-0.22343201642574906,0,0,1.0108431869957712,0.05629888599651167,AllGestureWiimoteX,251
4,4,0.1,shapley_sampling,tshap_zero,0.0,0.0,0.322,-0.6803587438481382,-0.7128385629697769,0,0,1.0108431869957712,0.05629888599651167,AllGestureWiimoteX,251
4,4,0.2,shapley_sampling,tshap_zero,0.0,0.0,0.3,-1.6960118192225462,-1.5615178166927173,0,0,1.0108431869957712,0.05629888599651167,AllGestureWiimoteX,251
4,4,0.05,shapley_sampling,tshap_train,0.0,0.0,0.45,-0.25133782746906563,-0.23582535150238448,0,0,1.0108431869957712,0.66134800400323,AllGestureWiimoteX,251
4,4,0.1,shapley_sampling,tshap_train,0.0,0.0,0.132,-0.6803587438481382,-0.4015126150939998,0,0,1.0108431869957712,0.66134800400323,AllGestureWiimoteX,251
4,4,0.2,shapley_sampling,tshap_train,0.3698630136986301,0.54,0.092,-1.6960118192225462,-1.1344650777111847,0,0,1.0108431869957712,0.66134800400323,AllGestureWiimoteX,251
4,4,0.05,shapley_sampling,mrsqm,0.0,0.0,0.5,-0.25133782746906563,0.2359897106347375,0,1,1.0108431869957712,2.725100057432428e-05,AllGestureWiimoteX,251
4,4,0.1,shapley_sampling,mrsqm,0.0,0.0,0.15,-0.6803587438481382,-0.23797665978166505,0,0,1.0108431869957712,2.725100057432428e-05,AllGestureWiimoteX,251
4,4,0.2,shapley_sampling,mrsqm,0.3333333333333333,0.5,0.1,-1.6960118192225462,-1.1163602403714492,0,0,1.0108431869957712,2.725100057432428e-05,AllGestureWiimoteX,251
4,4,0.05,feature_ablation,tshap_centroid,0.0,0.0,0.324,-0.25133782747039346,-0.1843476704124356,0,0,0.04249118999723578,0.050191745001939125,AllGestureWiimoteX,251
4,4,0.1,feature_ablation,tshap_centroid,0.0,0.0,0.296,-0.6984808959542719,-0.5986212961193689,0,0,0.04249118999723578,0.050191745001939125,AllGestureWiimoteX,251
4,4,0.2,feature_ablation,tshap_centroid,0.0,0.0,0.67,-1.678500346870233,-1.545452635613676,0,0,0.04249118999723578,0.050191745001939125,AllGestureWiimoteX,251
4,4,0.05,feature_ablation,tshap_zero,0.7857142857142857,0.88,0.006,-0.25133782747039346,-0.22343201642574906,0,0,0.04249118999723578,0.05629888599651167,AllGestureWiimoteX,251
4,4,0.1,feature_ablation,tshap_zero,0.5625,0.72,0.028,-0.6984808959542719,-0.7128385629697769,0,0,0.04249118999723578,0.05629888599651167,AllGestureWiimoteX,251
4,4,0.2,feature_ablation,tshap_zero,0.0,0.0,0.35,-1.678500346870233,-1.5615178166927173,0,0,0.04249118999723578,0.05629888599651167,AllGestureWiimoteX,251
4,4,0.05,feature_ablation,tshap_train,0.0,0.0,0.45,-0.25133782747039346,-0.23582535150238448,0,0,0.04249118999723578,0.66134800400323,AllGestureWiimoteX,251
4,4,0.1,feature_ablation,tshap_train,0.0,0.0,0.482,-0.6984808959542719,-0.4015126150939998,0,0,0.04249118999723578,0.66134800400323,AllGestureWiimoteX,251
4,4,0.2,feature_ablation,tshap_train,0.6528925619834711,0.79,0.042,-1.678500346870233,-1.1344650777111847,0,0,0.04249118999723578,0.66134800400323,AllGestureWiimoteX,251
4,4,0.05,feature_ablation,mrsqm,0.0,0.0,0.5,-0.25133782747039346,0.2359897106347375,0,1,0.04249118999723578,2.725100057432428e-05,AllGestureWiimoteX,251
4,4,0.1,feature_ablation,mrsqm,0.0,0.0,0.5,-0.6984808959542719,-0.23797665978166505,0,0,0.04249118999723578,2.725100057432428e-05,AllGestureWiimoteX,251
4,4,0.2,feature_ablation,mrsqm,0.6,0.75,0.05,-1.678500346870233,-1.1163602403714492,0,0,0.04249118999723578,2.725100057432428e-05,AllGestureWiimoteX,251
4,4,0.05,tshap_centroid,tshap_zero,0.0,0.0,0.33,-0.1843476704124356,-0.22343201642574906,0,0,0.050191745001939125,0.05629888599651167,AllGestureWiimoteX,251
4,4,0.1,tshap_centroid,tshap_zero,0.0,0.0,0.324,-0.5986212961193689,-0.7128385629697769,0,0,0.050191745001939125,0.05629888599651167,AllGestureWiimoteX,251
4,4,0.2,tshap_centroid,tshap_zero,0.0,0.0,0.32,-1.545452635613676,-1.5615178166927173,0,0,0.050191745001939125,0.05629888599651167,AllGestureWiimoteX,251
4,4,0.05,tshap_centroid,tshap_train,0.0,0.0,0.774,-0.1843476704124356,-0.23582535150238448,0,0,0.050191745001939125,0.66134800400323,AllGestureWiimoteX,251
4,4,0.1,tshap_centroid,tshap_train,0.0,0.0,0.778,-0.5986212961193689,-0.4015126150939998,0,0,0.050191745001939125,0.66134800400323,AllGestureWiimoteX,251
4,4,0.2,tshap_centroid,tshap_train,0.0,0.0,0.712,-1.545452635613676,-1.1344650777111847,0,0,0.050191745001939125,0.66134800400323,AllGestureWiimoteX,251
4,4,0.05,tshap_centroid,mrsqm,0.0,0.0,0.824,-0.1843476704124356,0.2359897106347375,0,1,0.050191745001939125,2.725100057432428e-05,AllGestureWiimoteX,251
4,4,0.1,tshap_centroid,mrsqm,0.0,0.0,0.796,-0.5986212961193689,-0.23797665978166505,0,0,0.050191745001939125,2.725100057432428e-05,AllGestureWiimoteX,251
4,4,0.2,tshap_centroid,mrsqm,0.0,0.0,0.72,-1.545452635613676,-1.1163602403714492,0,0,0.050191745001939125,2.725100057432428e-05,AllGestureWiimoteX,251
4,4,0.05,tshap_zero,tshap_train,0.0,0.0,0.444,-0.22343201642574906,-0.23582535150238448,0,0,0.05629888599651167,0.66134800400323,AllGestureWiimoteX,251
4,4,0.1,tshap_zero,tshap_train,0.0,0.0,0.454,-0.7128385629697769,-0.4015126150939998,0,0,0.05629888599651167,0.66134800400323,AllGestureWiimoteX,251
4,4,0.2,tshap_zero,tshap_train,0.0,0.0,0.392,-1.5615178166927173,-1.1344650777111847,0,0,0.05629888599651167,0.66134800400323,AllGestureWiimoteX,251
4,4,0.05,tshap_zero,mrsqm,0.0,0.0,0.494,-0.22343201642574906,0.2359897106347375,0,1,0.05629888599651167,2.725100057432428e-05,AllGestureWiimoteX,251
4,4,0.1,tshap_zero,mrsqm,0.0,0.0,0.472,-0.7128385629697769,-0.23797665978166505,0,0,0.05629888599651167,2.725100057432428e-05,AllGestureWiimoteX,251
4,4,0.2,tshap_zero,mrsqm,0.0,0.0,0.4,-1.5615178166927173,-1.1163602403714492,0,0,0.05629888599651167,2.725100057432428e-05,AllGestureWiimoteX,251
4,4,0.05,tshap_train,mrsqm,0.0,0.0,0.05,-0.23582535150238448,0.2359897106347375,0,1,0.66134800400323,2.725100057432428e-05,AllGestureWiimoteX,251
4,4,0.1,tshap_train,mrsqm,0.6949152542372882,0.82,0.018,-0.4015126150939998,-0.23797665978166505,0,0,0.66134800400323,2.725100057432428e-05,AllGestureWiimoteX,251
4,4,0.2,tshap_train,mrsqm,0.9230769230769231,0.96,0.008,-1.1344650777111847,-1.1163602403714492,0,0,0.66134800400323,2.725100057432428e-05,AllGestureWiimoteX,251
0,0,0.05,hydra,shapley_sampling,0.02040816326530612,0.04,0.048,0.33373927813626036,0.29260476544698577,1,0,0.321370110999851,1.007943251002871,AllGestureWiimoteX,59
0,0,0.1,hydra,shapley_sampling,0.2345679012345679,0.38,0.062,0.7311392130576996,0.8456047362744784,1,1,0.321370110999851,1.007943251002871,AllGestureWiimoteX,59
0,0,0.2,hydra,shapley_sampling,0.7391304347826086,0.85,0.03,1.4696862093237493,1.559246660328049,1,1,0.321370110999851,1.007943251002871,AllGestureWiimoteX,59
0,0,0.05,hydra,feature_ablation,0.9230769230769231,0.96,0.002,0.33373927813626036,0.37060249415966817,1,1,0.321370110999851,0.04421045100025367,AllGestureWiimoteX,59
0,0,0.1,hydra,feature_ablation,0.2345679012345679,0.38,0.062,0.7311392130576996,0.8456047338505107,1,1,0.321370110999851,0.04421045100025367,AllGestureWiimoteX,59
0,0,0.2,hydra,feature_ablation,0.7391304347826086,0.85,0.03,1.4696862093237493,1.5592466585749758,1,1,0.321370110999851,0.04421045100025367,AllGestureWiimoteX,59
0,0,0.05,hydra,tshap_centroid,0.0,0.0,0.096,0.33373927813626036,0.20686206123336692,1,0,0.321370110999851,0.050103718996979296,AllGestureWiimoteX,59
0,0,0.1,hydra,tshap_centroid,0.0,0.0,0.43,0.7311392130576996,0.25783666885956424,1,0,0.321370110999851,0.050103718996979296,AllGestureWiimoteX,59
0,0,0.2,hydra,tshap_centroid,0.0,0.0,0.414,1.4696862093237493,0.5412127924894972,1,1,0.321370110999851,0.050103718996979296,AllGestureWiimoteX,59
0,0,0.05,hydra,tshap_zero,0.9230769230769231,0.96,0.002,0.33373927813626036,0.3358651786440544,1,1,0.321370110999851,0.05678070399881108,AllGestureWiimoteX,59
0,0,0.1,hydra,tshap_zero,0.3333333333333333,0.5,0.05,0.7311392130576996,0.6753167050950685,1,1,0.321370110999851,0.05678070399881108,AllGestureWiimoteX,59
0,0,0.2,hydra,tshap_zero,0.47058823529411764,0.64,0.072,1.4696862093237493,1.5817511895402774,1,1,0.321370110999851,0.05678070399881108,AllGestureWiimoteX,59
0,0,0.05,hydra,tshap_train,0.13636363636363635,0.24,0.038,0.33373927813626036,0.07560606489810306,1,0,0.321370110999851,0.6567976170044858,AllGestureWiimoteX,59
0,0,0.1,hydra,tshap_train,0.8867924528301887,0.94,0.006,0.7311392130576996,0.7564285944039587,1,1,0.321370110999851,0.6567976170044858,AllGestureWiimoteX,59
0,0,0.2,hydra,tshap_train,0.6949152542372882,0.82,0.036,1.4696862093237493,1.3941273731515151,1,1,0.321370110999851,0.6567976170044858,AllGestureWiimoteX,59
0,0,0.05,hydra,mrsqm,0.0,0.0,0.148,0.33373927813626036,0.17939229287330571,1,0,0.321370110999851,2.7551999664865434e-05,AllGestureWiimoteX,59
0,0,0.1,hydra,mrsqm,0.0,0.0,0.162,0.7311392130576996,0.2943987760809367,1,1,0.321370110999851,2.7551999664865434e-05,AllGestureWiimoteX,59
0,0,0.2,hydra,mrsqm,0.21212121212121213,0.35,0.13,1.4696862093237493,1.4167411894415398,1,1,0.321370110999851,2.7551999664865434e-05,AllGestureWiimoteX,59
0,0,0.05,shapley_sampling,feature_ablation,0.0,0.0,0.05,0.29260476544698577,0.37060249415966817,0,1,1.007943251002871,0.04421045100025367,AllGestureWiimoteX,59
0,0,0.1,shapley_sampling,feature_ablation,1.0,1.0,0.0,0.8456047362744784,0.8456047338505107,1,1,1.007943251002871,0.04421045100025367,AllGestureWiimoteX,59
0,0,0.2,shapley_sampling,feature_ablation,1.0,1.0,0.0,1.559246660328049,1.5592466585749758,1,1,1.007943251002871,0.04421045100025367,AllGestureWiimoteX,59
0,0,0.05,shapley_sampling,tshap_centroid,0.0,0.0,0.144,0.29260476544698577,0.20686206123336692,0,0,1.007943251002871,0.050103718996979296,AllGestureWiimoteX,59
0,0,0.1,shapley_sampling,tshap_centroid,0.0,0.0,0.492,0.8456047362744784,0.25783666885956424,1,0,1.007943251002871,0.050103718996979296,AllGestureWiimoteX,59
0,0,0.2,shapley_sampling,tshap_centroid,0.0,0.0,0.444,1.559246660328049,0.5412127924894972,1,1,1.007943251002871,0.050103718996979296,AllGestureWiimoteX,59
0,0,0.05,shapley_sampling,tshap_zero,0.041666666666666664,0.08,0.046,0.29260476544698577,0.3358651786440544,0,1,1.007943251002871,0.05678070399881108,AllGestureWiimoteX,59
0,0,0.1,shapley_sampling,tshap_zero,0.7857142857142857,0.88,0.012,0.8456047362744784,0.6753167050950685,1,1,1.007943251002871,0.05678070399881108,AllGestureWiimoteX,59
0,0,0.2,shapley_sampling,tshap_zero,0.6528925619834711,0.79,0.042,1.559246660328049,1.5817511895402774,1,1,1.007943251002871,0.05678070399881108,AllGestureWiimoteX,59
0,0,0.05,shapley_sampling,tshap_train,0.0,0.0,0.086,0.29260476544698577,0.07560606489810306,0,0,1.007943251002871,0.6567976170044858,AllGestureWiimoteX,59
0,0,0.1,shapley_sampling,tshap_train,0.28205128205128205,0.44,0.056,0.8456047362744784,0.7564285944039587,1,1,1.007943251002871,0.6567976170044858,AllGestureWiimoteX,59
0,0,0.2,shapley_sampling,tshap_train,0.941747572815534,0.97,0.006,1.559246660328049,1.3941273731515151,1,1,1.007943251002871,0.6567976170044858,AllGestureWiimoteX,59
0,0,0.05,shapley_sampling,mrsqm,0.0,0.0,0.1,0.29260476544698577,0.17939229287330571,0,0,1.007943251002871,2.7551999664865434e-05,AllGestureWiimoteX,59
0,0,0.1,shapley_sampling,mrsqm,0.0,0.0,0.1,0.8456047362744784,0.2943987760809367,1,1,1.007943251002871,2.7551999664865434e-05,AllGestureWiimoteX,59
0,0,0.2,shapley_sampling,mrsqm,0.3333333333333333,0.5,0.1,1.559246660328049,1.4167411894415398,1,1,1.007943251002871,2.7551999664865434e-05,AllGestureWiimoteX,59
0,0,0.05,feature_ablation,tshap_centroid,0.0,0.0,0.094,0.37060249415966817,0.20686206123336692,1,0,0.04421045100025367,0.050103718996979296,AllGestureWiimoteX,59
0,0,0.1,feature_ablation,tshap_centroid,0.0,0.0,0.492,0.8456047338505107,0.25783666885956424,1,0,0.04421045100025367,0.050103718996979296,AllGestureWiimoteX,59
0,0,0.2,feature_ablation,tshap_centroid,0.0,0.0,0.444,1.5592466585749758,0.5412127924894972,1,1,0.04421045100025367,0.050103718996979296,AllGestureWiimoteX,59
0,0,0.05,feature_ablation,tshap_zero,0.8518518518518519,0.92,0.004,0.37060249415966817,0.3358651786440544,1,1,0.04421045100025367,0.05678070399881108,AllGestureWiimoteX,59
0,0,0.1,feature_ablation,tshap_zero,0.7857142857142857,0.88,0.012,0.8456047338505107,0.6753167050950685,1,1,0.04421045100025367,0.05678070399881108,AllGestureWiimoteX,59
0,0,0.2,feature_ablation,tshap_zero,0.6528925619834711,0.79,0.042,1.5592466585749758,1.5817511895402774,1,1,0.04421045100025367,0.05678070399881108,AllGestureWiimoteX,59
0,0,0.05,feature_ablation,tshap_train,0.16279069767441862,0.28,0.036,0.37060249415966817,0.07560606489810306,1,0,0.04421045100025367,0.6567976170044858,AllGestureWiimoteX,59
0,0,0.1,feature_ablation,tshap_train,0.28205128205128205,0.44,0.056,0.8456047338505107,0.7564285944039587,1,1,0.04421045100025367,0.6567976170044858,AllGestureWiimoteX,59
0,0,0.2,feature_ablation,tshap_train,0.941747572815534,0.97,0.006,1.5592466585749758,1.3941273731515151,1,1,0.04421045100025367,0.6567976170044858,AllGestureWiimoteX,59
0,0,0.05,feature_ablation,mrsqm,0.0,0.0,0.15,0.37060249415966817,0.17939229287330571,1,0,0.04421045100025367,2.7551999664865434e-05,AllGestureWiimoteX,59
0,0,0.1,feature_ablation,mrsqm,0.0,0.0,0.1,0.8456047338505107,0.2943987760809367,1,1,0.04421045100025367,2.7551999664865434e-05,AllGestureWiimoteX,59
0,0,0.2,feature_ablation,mrsqm,0.3333333333333333,0.5,0.1,1.5592466585749758,1.4167411894415398,1,1,0.04421045100025367,2.7551999664865434e-05,AllGestureWiimoteX,59
0,0,0.05,tshap_centroid,tshap_zero,0.0,0.0,0.098,0.20686206123336692,0.3358651786440544,0,1,0.050103718996979296,0.05678070399881108,AllGestureWiimoteX,59
0,0,0.1,tshap_centroid,tshap_zero,0.0,0.0,0.48,0.25783666885956424,0.6753167050950685,0,1,0.050103718996979296,0.05678070399881108,AllGestureWiimoteX,59
0,0,0.2,tshap_centroid,tshap_zero,0.0,0.0,0.486,0.5412127924894972,1.5817511895402774,1,1,0.050103718996979296,0.05678070399881108,AllGestureWiimoteX,59
0,0,0.05,tshap_centroid,tshap_train,0.0,0.0,0.058,0.20686206123336692,0.07560606489810306,0,0,0.050103718996979296,0.6567976170044858,AllGestureWiimoteX,59
0,0,0.1,tshap_centroid,tshap_train,0.0,0.0,0.436,0.25783666885956424,0.7564285944039587,0,1,0.050103718996979296,0.6567976170044858,AllGestureWiimoteX,59
0,0,0.2,tshap_centroid,tshap_train,0.0,0.0,0.45,0.5412127924894972,1.3941273731515151,1,1,0.050103718996979296,0.6567976170044858,AllGestureWiimoteX,59
0,0,0.05,tshap_centroid,mrsqm,0.0,0.0,0.244,0.20686206123336692,0.17939229287330571,0,0,0.050103718996979296,2.7551999664865434e-05,AllGestureWiimoteX,59
0,0,0.1,tshap_centroid,mrsqm,0.0,0.0,0.592,0.25783666885956424,0.2943987760809367,0,1,0.050103718996979296,2.7551999664865434e-05,AllGestureWiimoteX,59
0,0,0.2,tshap_centroid,mrsqm,0.0,0.0,0.544,0.5412127924894972,1.4167411894415398,1,1,0.050103718996979296,2.7551999664865434e-05,AllGestureWiimoteX,59
0,0,0.05,tshap_zero,tshap_train,0.1111111111111111,0.2,0.04,0.3358651786440544,0.07560606489810306,1,0,0.05678070399881108,0.6567976170044858,AllGestureWiimoteX,59
0,0,0.1,tshap_zero,tshap_train,0.3888888888888889,0.56,0.044,0.6753167050950685,0.7564285944039587,1,1,0.05678070399881108,0.6567976170044858,AllGestureWiimoteX,59
0,0,0.2,tshap_zero,tshap_train,0.6949152542372882,0.82,0.036,1.5817511895402774,1.3941273731515151,1,1,0.05678070399881108,0.6567976170044858,AllGestureWiimoteX,59
0,0,0.05,tshap_zero,mrsqm,0.0,0.0,0.146,0.3358651786440544,0.17939229287330571,1,0,0.05678070399881108,2.7551999664865434e-05,AllGestureWiimoteX,59
0,0,0.1,tshap_zero,mrsqm,0.0,0.0,0.112,0.6753167050950685,0.2943987760809367,1,1,0.05678070399881108,2.7551999664865434e-05,AllGestureWiimoteX,59
0,0,0.2,tshap_zero,mrsqm,0.5503875968992248,0.71,0.058,1.5817511895402774,1.4167411894415398,1,1,0.05678070399881108,2.7551999664865434e-05,AllGestureWiimoteX,59
0,0,0.05,tshap_train,mrsqm,0.0,0.0,0.186,0.07560606489810306,0.17939229287330571,0,0,0.6567976170044858,2.7551999664865434e-05,AllGestureWiimoteX,59
0,0,0.1,tshap_train,mrsqm,0.0,0.0,0.156,0.7564285944039587,0.2943987760809367,1,1,0.6567976170044858,2.7551999664865434e-05,AllGestureWiimoteX,59
0,0,0.2,tshap_train,mrsqm,0.36054421768707484,0.53,0.094,1.3941273731515151,1.4167411894415398,1,1,0.6567976170044858,2.7551999664865434e-05,AllGestureWiimoteX,59
4,4,0.05,hydra,shapley_sampling,0.0,0.0,0.07,-0.22976554651765235,-0.26395003265159944,0,0,0.3202874900016468,1.0066131729981862,AllGestureWiimoteX,266
4,4,0.1,hydra,shapley_sampling,0.0,0.0,0.1,-0.48402508985451254,-0.8295839184229591,0,0,0.3202874900016468,1.0066131729981862,AllGestureWiimoteX,266
4,4,0.2,hydra,shapley_sampling,0.7699115044247787,0.87,0.026,-1.5309952640774416,-1.2370312093354268,0,0,0.3202874900016468,1.0066131729981862,AllGestureWiimoteX,266
4,4,0.05,hydra,feature_ablation,0.0,0.0,0.07,-0.22976554651765235,-0.2639500290272777,0,0,0.3202874900016468,0.04289775599318091,AllGestureWiimoteX,266
4,4,0.1,hydra,feature_ablation,0.0,0.0,0.1,-0.48402508985451254,-0.8295839195909639,0,0,0.3202874900016468,0.04289775599318091,AllGestureWiimoteX,266
4,4,0.2,hydra,feature_ablation,0.7699115044247787,0.87,0.026,-1.5309952640774416,-1.2370312098915641,0,0,0.3202874900016468,0.04289775599318091,AllGestureWiimoteX,266
4,4,0.05,hydra,tshap_centroid,0.42857142857142855,0.6,0.02,-0.22976554651765235,-0.09784039943323664,0,0,0.3202874900016468,0.050225569000758696,AllGestureWiimoteX,266
4,4,0.1,hydra,tshap_centroid,0.7857142857142857,0.88,0.012,-0.48402508985451254,-0.46537198427677307,0,0,0.3202874900016468,0.050225569000758696,AllGestureWiimoteX,266
4,4,0.2,hydra,tshap_centroid,0.0,0.0,0.69,-1.5309952640774416,-1.4419687614789112,0,0,0.3202874900016468,0.050225569000758696,AllGestureWiimoteX,266
4,4,0.05,hydra,tshap_zero,0.0,0.0,0.446,-0.22976554651765235,-0.17119197926453822,0,0,0.3202874900016468,0.05674469599762233,AllGestureWiimoteX,266
4,4,0.1,hydra,tshap_zero,0.0,0.0,0.456,-0.48402508985451254,-0.5742314857297787,0,0,0.3202874900016468,0.05674469599762233,AllGestureWiimoteX,266
4,4,0.2,hydra,tshap_zero,0.0,0.0,0.342,-1.5309952640774416,-1.4740361037696288,0,0,0.3202874900016468,0.05674469599762233,AllGestureWiimoteX,266
4,4,0.05,hydra,tshap_train,0.1111111111111111,0.2,0.04,-0.22976554651765235,-0.026218164217141182,0,0,0.3202874900016468,0.665934558994195,AllGestureWiimoteX,266
4,4,0.1,hydra,tshap_train,0.3333333333333333,0.5,0.05,-0.48402508985451254,-0.5424624227743408,0,0,0.3202874900016468,0.665934558994195,AllGestureWiimoteX,266
4,4,0.2,hydra,tshap_train,0.9607843137254902,0.98,0.004,-1.5309952640774416,-1.5266707059952886,0,0,0.3202874900016468,0.665934558994195,AllGestureWiimoteX,266
4,4,0.05,hydra,mrsqm,0.25,0.4,0.03,-0.22976554651765235,0.07101683069623566,0,0,0.3202874900016468,2.75919956038706e-05,AllGestureWiimoteX,266
4,4,0.1,hydra,mrsqm,1.0,1.0,0.0,-0.48402508985451254,-0.4840250900327451,0,0,0.3202874900016468,2.75919956038706e-05,AllGestureWiimoteX,266
4,4,0.2,hydra,mrsqm,0.7699115044247787,0.87,0.026,-1.5309952640774416,-1.2370312093752114,0,0,0.3202874900016468,2.75919956038706e-05,AllGestureWiimoteX,266
4,4,0.05,shapley_sampling,feature_ablation,1.0,1.0,0.0,-0.26395003265159944,-0.2639500290272777,0,0,1.0066131729981862,0.04289775599318091,AllGestureWiimoteX,266
4,4,0.1,shapley_sampling,feature_ablation,1.0,1.0,0.0,-0.8295839184229591,-0.8295839195909639,0,0,1.0066131729981862,0.04289775599318091,AllGestureWiimoteX,266
4,4,0.2,shapley_sampling,feature_ablation,1.0,1.0,0.0,-1.2370312093354268,-1.2370312098915641,0,0,1.0066131729981862,0.04289775599318091,AllGestureWiimoteX,266
4,4,0.05,shapley_sampling,tshap_centroid,0.0,0.0,0.05,-0.26395003265159944,-0.09784039943323664,0,0,1.0066131729981862,0.050225569000758696,AllGestureWiimoteX,266
4,4,0.1,shapley_sampling,tshap_centroid,0.06382978723404255,0.12,0.088,-0.8295839184229591,-0.46537198427677307,0,0,1.0066131729981862,0.050225569000758696,AllGestureWiimoteX,266
4,4,0.2,shapley_sampling,tshap_centroid,0.0,0.0,0.716,-1.2370312093354268,-1.4419687614789112,0,0,1.0066131729981862,0.050225569000758696,AllGestureWiimoteX,266
4,4,0.05,shapley_sampling,tshap_zero,0.0,0.0,0.376,-0.26395003265159944,-0.17119197926453822,0,0,1.0066131729981862,0.05674469599762233,AllGestureWiimoteX,266
4,4,0.1,shapley_sampling,tshap_zero,0.0,0.0,0.356,-0.8295839184229591,-0.5742314857297787,0,0,1.0066131729981862,0.05674469599762233,AllGestureWiimoteX,266
4,4,0.2,shapley_sampling,tshap_zero,0.0,0.0,0.368,-1.2370312093354268,-1.4740361037696288,0,0,1.0066131729981862,0.05674469599762233,AllGestureWiimoteX,266
4,4,0.05,shapley_sampling,tshap_train,0.25,0.4,0.03,-0.26395003265159944,-0.026218164217141182,0,0,1.0066131729981862,0.665934558994195,AllGestureWiimoteX,266
4,4,0.1,shapley_sampling,tshap_train,0.3333333333333333,0.5,0.05,-0.8295839184229591,-0.5424624227743408,0,0,1.0066131729981862,0.665934558994195,AllGestureWiimoteX,266
4,4,0.2,shapley_sampling,tshap_train,0.7391304347826086,0.85,0.03,-1.2370312093354268,-1.5266707059952886,0,0,1.0066131729981862,0.665934558994195,AllGestureWiimoteX,266
4,4,0.05,shapley_sampling,mrsqm,0.0,0.0,0.1,-0.26395003265159944,0.07101683069623566,0,0,1.0066131729981862,2.75919956038706e-05,AllGestureWiimoteX,266
4,4,0.1,shapley_sampling,mrsqm,0.0,0.0,0.1,-0.8295839184229591,-0.4840250900327451,0,0,1.0066131729981862,2.75919956038706e-05,AllGestureWiimoteX,266
4,4,0.2,shapley_sampling,mrsqm,1.0,1.0,0.0,-1.2370312093354268,-1.2370312093752114,0,0,1.0066131729981862,2.75919956038706e-05,AllGestureWiimoteX,266
4,4,0.05,feature_ablation,tshap_centroid,0.0,0.0,0.05,-0.2639500290272777,-0.09784039943323664,0,0,0.04289775599318091,0.050225569000758696,AllGestureWiimoteX,266
4,4,0.1,feature_ablation,tshap_centroid,0.06382978723404255,0.12,0.088,-0.8295839195909639,-0.46537198427677307,0,0,0.04289775599318091,0.050225569000758696,AllGestureWiimoteX,266
4,4,0.2,feature_ablation,tshap_centroid,0.0,0.0,0.716,-1.2370312098915641,-1.4419687614789112,0,0,0.04289775599318091,0.050225569000758696,AllGestureWiimoteX,266
4,4,0.05,feature_ablation,tshap_zero,0.0,0.0,0.376,-0.2639500290272777,-0.17119197926453822,0,0,0.04289775599318091,0.05674469599762233,AllGestureWiimoteX,266
4,4,0.1,feature_ablation,tshap_zero,0.0,0.0,0.356,-0.8295839195909639,-0.5742314857297787,0,0,0.04289775599318091,0.05674469599762233,AllGestureWiimoteX,266
4,4,0.2,feature_ablation,tshap_zero,0.0,0.0,0.368,-1.2370312098915641,-1.4740361037696288,0,0,0.04289775599318091,0.05674469599762233,AllGestureWiimoteX,266
4,4,0.05,feature_ablation,tshap_train,0.25,0.4,0.03,-0.2639500290272777,-0.026218164217141182,0,0,0.04289775599318091,0.665934558994195,AllGestureWiimoteX,266
4,4,0.1,feature_ablation,tshap_train,0.3333333333333333,0.5,0.05,-0.8295839195909639,-0.5424624227743408,0,0,0.04289775599318091,0.665934558994195,AllGestureWiimoteX,266
4,4,0.2,feature_ablation,tshap_train,0.7391304347826086,0.85,0.03,-1.2370312098915641,-1.5266707059952886,0,0,0.04289775599318091,0.665934558994195,AllGestureWiimoteX,266
4,4,0.05,feature_ablation,mrsqm,0.0,0.0,0.1,-0.2639500290272777,0.07101683069623566,0,0,0.04289775599318091,2.75919956038706e-05,AllGestureWiimoteX,266
4,4,0.1,feature_ablation,mrsqm,0.0,0.0,0.1,-0.8295839195909639,-0.4840250900327451,0,0,0.04289775599318091,2.75919956038706e-05,AllGestureWiimoteX,266
4,4,0.2,feature_ablation,mrsqm,1.0,1.0,0.0,-1.2370312098915641,-1.2370312093752114,0,0,0.04289775599318091,2.75919956038706e-05,AllGestureWiimoteX,266
4,4,0.05,tshap_centroid,tshap_zero,0.0,0.0,0.426,-0.09784039943323664,-0.17119197926453822,0,0,0.050225569000758696,0.05674469599762233,AllGestureWiimoteX,266
4,4,0.1,tshap_centroid,tshap_zero,0.0,0.0,0.444,-0.46537198427677307,-0.5742314857297787,0,0,0.050225569000758696,0.05674469599762233,AllGestureWiimoteX,266
4,4,0.2,tshap_centroid,tshap_zero,0.0,0.0,0.348,-1.4419687614789112,-1.4740361037696288,0,0,0.050225569000758696,0.05674469599762233,AllGestureWiimoteX,266
4,4,0.05,tshap_centroid,tshap_train,0.42857142857142855,0.6,0.02,-0.09784039943323664,-0.026218164217141182,0,0,0.050225569000758696,0.665934558994195,AllGestureWiimoteX,266
4,4,0.1,tshap_centroid,tshap_train,0.4492753623188406,0.62,0.038,-0.46537198427677307,-0.5424624227743408,0,0,0.050225569000758696,0.665934558994195,AllGestureWiimoteX,266
4,4,0.2,tshap_centroid,tshap_train,0.0,0.0,0.686,-1.4419687614789112,-1.5266707059952886,0,0,0.050225569000758696,0.665934558994195,AllGestureWiimoteX,266
4,4,0.05,tshap_centroid,mrsqm,0.0,0.0,0.05,-0.09784039943323664,0.07101683069623566,0,0,0.050225569000758696,2.75919956038706e-05,AllGestureWiimoteX,266
4,4,0.1,tshap_centroid,mrsqm,0.7857142857142857,0.88,0.012,-0.46537198427677307,-0.4840250900327451,0,0,0.050225569000758696,2.75919956038706e-05,AllGestureWiimoteX,266
4,4,0.2,tshap_centroid,mrsqm,0.0,0.0,0.716,-1.4419687614789112,-1.2370312093752114,0,0,0.050225569000758696,2.75919956038706e-05,AllGestureWiimoteX,266
4,4,0.05,tshap_zero,tshap_train,0.0,0.0,0.406,-0.17119197926453822,-0.026218164217141182,0,0,0.05674469599762233,0.665934558994195,AllGestureWiimoteX,266
4,4,0.1,tshap_zero,tshap_train,0.0,0.0,0.406,-0.5742314857297787,-0.5424624227743408,0,0,0.05674469599762233,0.665934558994195,AllGestureWiimoteX,266
4,4,0.2,tshap_zero,tshap_train,0.0,0.0,0.338,-1.4740361037696288,-1.5266707059952886,0,0,0.05674469599762233,0.665934558994195,AllGestureWiimoteX,266
4,4,0.05,tshap_zero,mrsqm,0.0,0.0,0.476,-0.17119197926453822,0.07101683069623566,0,0,0.05674469599762233,2.75919956038706e-05,AllGestureWiimoteX,266
4,4,0.1,tshap_zero,mrsqm,0.0,0.0,0.456,-0.5742314857297787,-0.4840250900327451,0,0,0.05674469599762233,2.75919956038706e-05,AllGestureWiimoteX,266
4,4,0.2,tshap_zero,mrsqm,0.0,0.0,0.368,-1.4740361037696288,-1.2370312093752114,0,0,0.05674469599762233,2.75919956038706e-05,AllGestureWiimoteX,266
4,4,0.05,tshap_train,mrsqm,0.0,0.0,0.07,-0.026218164217141182,0.07101683069623566,0,0,0.665934558994195,2.75919956038706e-05,AllGestureWiimoteX,266
4,4,0.1,tshap_train,mrsqm,0.3333333333333333,0.5,0.05,-0.5424624227743408,-0.4840250900327451,0,0,0.665934558994195,2.75919956038706e-05,AllGestureWiimoteX,266
4,4,0.2,tshap_train,mrsqm,0.7391304347826086,0.85,0.03,-1.5266707059952886,-1.2370312093752114,0,0,0.665934558994195,2.75919956038706e-05,AllGestureWiimoteX,266
8,8,0.05,hydra,shapley_sampling,0.0,0.0,0.074,0.4390155379108047,0.15573010542771604,0,0,0.3216976180046913,1.0106521859997883,AllGestureWiimoteX,547
8,8,0.1,hydra,shapley_sampling,0.35135135135135137,0.52,0.048,0.8935355177529134,0.6937422318327991,1,1,0.3216976180046913,1.0106521859997883,AllGestureWiimoteX,547
8,8,0.2,hydra,shapley_sampling,0.43884892086330934,0.61,0.078,1.2428256997464275,1.2107404326606839,1,1,0.3216976180046913,1.0106521859997883,AllGestureWiimoteX,547
8,8,0.05,hydra,feature_ablation,0.0,0.0,0.074,0.4390155379108047,0.15573010796076536,0,0,0.3216976180046913,0.04218660600599833,AllGestureWiimoteX,547
8,8,0.1,hydra,feature_ablation,0.0,0.0,0.102,0.8935355177529134,0.882582062428772,1,1,0.3216976180046913,0.04218660600599833,AllGestureWiimoteX,547
8,8,0.2,hydra,feature_ablation,0.43884892086330934,0.61,0.078,1.2428256997464275,1.2107404306298881,1,1,0.3216976180046913,0.04218660600599833,AllGestureWiimoteX,547
8,8,0.05,hydra,tshap_centroid,0.7857142857142857,0.88,0.006,0.4390155379108047,0.3987157354958373,0,0,0.3216976180046913,0.05013678099930985,AllGestureWiimoteX,547
8,8,0.1,hydra,tshap_centroid,0.6129032258064516,0.76,0.024,0.8935355177529134,0.842003013404308,1,1,0.3216976180046913,0.05013678099930985,AllGestureWiimoteX,547
8,8,0.2,hydra,tshap_centroid,0.6260162601626016,0.77,0.046,1.2428256997464275,1.478414841072647,1,1,0.3216976180046913,0.05013678099930985,AllGestureWiimoteX,547
8,8,0.05,hydra,tshap_zero,0.6666666666666666,0.8,0.01,0.4390155379108047,0.43025061395595476,0,0,0.3216976180046913,0.056606464997457806,AllGestureWiimoteX,547
8,8,0.1,hydra,tshap_zero,0.5873015873015873,0.74,0.026,0.8935355177529134,0.8234849803862809,1,1,0.3216976180046913,0.056606464997457806,AllGestureWiimoteX,547
8,8,0.2,hydra,tshap_zero,0.639344262295082,0.78,0.044,1.2428256997464275,1.4526010679856027,1,1,0.3216976180046913,0.056606464997457806,AllGestureWiimoteX,547
8,8,0.05,hydra,tshap_train,0.9230769230769231,0.96,0.002,0.4390155379108047,0.41307440090057634,0,0,0.3216976180046913,0.6599213650042657,AllGestureWiimoteX,547
8,8,0.1,hydra,tshap_train,0.7241379310344828,0.84,0.016,0.8935355177529134,0.8544098100780396,1,1,0.3216976180046913,0.6599213650042657,AllGestureWiimoteX,547
8,8,0.2,hydra,tshap_train,0.6949152542372882,0.82,0.036,1.2428256997464275,1.4945677466822658,1,1,0.3216976180046913,0.6599213650042657,AllGestureWiimoteX,547
8,8,0.05,hydra,mrsqm,0.0,0.0,0.074,0.4390155379108047,0.155730106332981,0,0,0.3216976180046913,2.5368004571646452e-05,AllGestureWiimoteX,547
8,8,0.1,hydra,mrsqm,0.35135135135135137,0.52,0.048,0.8935355177529134,0.6937422335514416,1,1,0.3216976180046913,2.5368004571646452e-05,AllGestureWiimoteX,547
8,8,0.2,hydra,mrsqm,0.43884892086330934,0.61,0.078,1.2428256997464275,1.210740431071792,1,1,0.3216976180046913,2.5368004571646452e-05,AllGestureWiimoteX,547
8,8,0.05,shapley_sampling,feature_ablation,1.0,1.0,0.0,0.15573010542771604,0.15573010796076536,0,0,1.0106521859997883,0.04218660600599833,AllGestureWiimoteX,547
8,8,0.1,shapley_sampling,feature_ablation,0.0,0.0,0.15,0.6937422318327991,0.882582062428772,1,1,1.0106521859997883,0.04218660600599833,AllGestureWiimoteX,547
8,8,0.2,shapley_sampling,feature_ablation,1.0,1.0,0.0,1.2107404326606839,1.2107404306298881,1,1,1.0106521859997883,0.04218660600599833,AllGestureWiimoteX,547
8,8,0.05,shapley_sampling,tshap_centroid,0.0,0.0,0.08,0.15573010542771604,0.3987157354958373,0,0,1.0106521859997883,0.05013678099930985,AllGestureWiimoteX,547
8,8,0.1,shapley_sampling,tshap_centroid,0.16279069767441862,0.28,0.072,0.6937422318327991,0.842003013404308,1,1,1.0106521859997883,0.05013678099930985,AllGestureWiimoteX,547
8,8,0.2,shapley_sampling,tshap_centroid,0.7241379310344828,0.84,0.032,1.2107404326606839,1.478414841072647,1,1,1.0106521859997883,0.05013678099930985,AllGestureWiimoteX,547
8,8,0.05,shapley_sampling,tshap_zero,0.0,0.0,0.084,0.15573010542771604,0.43025061395595476,0,0,1.0106521859997883,0.056606464997457806,AllGestureWiimoteX,547
8,8,0.1,shapley_sampling,tshap_zero,0.14942528735632185,0.26,0.074,0.6937422318327991,0.8234849803862809,1,1,1.0106521859997883,0.056606464997457806,AllGestureWiimoteX,547
8,8,0.2,shapley_sampling,tshap_zero,0.7094017094017094,0.83,0.034,1.2107404326606839,1.4526010679856027,1,1,1.0106521859997883,0.056606464997457806,AllGestureWiimoteX,547
8,8,0.05,shapley_sampling,tshap_train,0.0,0.0,0.076,0.15573010542771604,0.41307440090057634,0,0,1.0106521859997883,0.6599213650042657,AllGestureWiimoteX,547
8,8,0.1,shapley_sampling,tshap_train,0.21951219512195122,0.36,0.064,0.6937422318327991,0.8544098100780396,1,1,1.0106521859997883,0.6599213650042657,AllGestureWiimoteX,547
8,8,0.2,shapley_sampling,tshap_train,0.6528925619834711,0.79,0.042,1.2107404326606839,1.4945677466822658,1,1,1.0106521859997883,0.6599213650042657,AllGestureWiimoteX,547
8,8,0.05,shapley_sampling,mrsqm,1.0,1.0,0.0,0.15573010542771604,0.155730106332981,0,0,1.0106521859997883,2.5368004571646452e-05,AllGestureWiimoteX,547
8,8,0.1,shapley_sampling,mrsqm,1.0,1.0,0.0,0.6937422318327991,0.6937422335514416,1,1,1.0106521859997883,2.5368004571646452e-05,AllGestureWiimoteX,547
8,8,0.2,shapley_sampling,mrsqm,1.0,1.0,0.0,1.2107404326606839,1.210740431071792,1,1,1.0106521859997883,2.5368004571646452e-05,AllGestureWiimoteX,547
8,8,0.05,feature_ablation,tshap_centroid,0.0,0.0,0.08,0.15573010796076536,0.3987157354958373,0,0,0.04218660600599833,0.05013678099930985,AllGestureWiimoteX,547
8,8,0.1,feature_ablation,tshap_centroid,0.12359550561797752,0.22,0.078,0.882582062428772,0.842003013404308,1,1,0.04218660600599833,0.05013678099930985,AllGestureWiimoteX,547
8,8,0.2,feature_ablation,tshap_centroid,0.7241379310344828,0.84,0.032,1.2107404306298881,1.478414841072647,1,1,0.04218660600599833,0.05013678099930985,AllGestureWiimoteX,547
8,8,0.05,feature_ablation,tshap_zero,0.0,0.0,0.084,0.15573010796076536,0.43025061395595476,0,0,0.04218660600599833,0.056606464997457806,AllGestureWiimoteX,547
8,8,0.1,feature_ablation,tshap_zero,0.13636363636363635,0.24,0.076,0.882582062428772,0.8234849803862809,1,1,0.04218660600599833,0.056606464997457806,AllGestureWiimoteX,547
8,8,0.2,feature_ablation,tshap_zero,0.7094017094017094,0.83,0.034,1.2107404306298881,1.4526010679856027,1,1,0.04218660600599833,0.056606464997457806,AllGestureWiimoteX,547
8,8,0.05,feature_ablation,tshap_train,0.0,0.0,0.076,0.15573010796076536,0.41307440090057634,0,0,0.04218660600599833,0.6599213650042657,AllGestureWiimoteX,547
8,8,0.1,feature_ablation,tshap_train,0.07526881720430108,0.14,0.086,0.882582062428772,0.8544098100780396,1,1,0.04218660600599833,0.6599213650042657,AllGestureWiimoteX,547
8,8,0.2,feature_ablation,tshap_train,0.6528925619834711,0.79,0.042,1.2107404306298881,1.4945677466822658,1,1,0.04218660600599833,0.6599213650042657,AllGestureWiimoteX,547
8,8,0.05,feature_ablation,mrsqm,1.0,1.0,0.0,0.15573010796076536,0.155730106332981,0,0,0.04218660600599833,2.5368004571646452e-05,AllGestureWiimoteX,547
8,8,0.1,feature_ablation,mrsqm,0.0,0.0,0.15,0.882582062428772,0.6937422335514416,1,1,0.04218660600599833,2.5368004571646452e-05,AllGestureWiimoteX,547
8,8,0.2,feature_ablation,mrsqm,1.0,1.0,0.0,1.2107404306298881,1.210740431071792,1,1,0.04218660600599833,2.5368004571646452e-05,AllGestureWiimoteX,547
8,8,0.05,tshap_centroid,tshap_zero,0.8518518518518519,0.92,0.004,0.3987157354958373,0.43025061395595476,0,0,0.05013678099930985,0.056606464997457806,AllGestureWiimoteX,547
8,8,0.1,tshap_centroid,tshap_zero,0.9607843137254902,0.98,0.002,0.842003013404308,0.8234849803862809,1,1,0.05013678099930985,0.056606464997457806,AllGestureWiimoteX,547
8,8,0.2,tshap_centroid,tshap_zero,0.9801980198019802,0.99,0.002,1.478414841072647,1.4526010679856027,1,1,0.05013678099930985,0.056606464997457806,AllGestureWiimoteX,547
8,8,0.05,tshap_centroid,tshap_train,0.8518518518518519,0.92,0.004,0.3987157354958373,0.41307440090057634,0,0,0.05013678099930985,0.6599213650042657,AllGestureWiimoteX,547
8,8,0.1,tshap_centroid,tshap_train,0.8518518518518519,0.92,0.008,0.842003013404308,0.8544098100780396,1,1,0.05013678099930985,0.6599213650042657,AllGestureWiimoteX,547
8,8,0.2,tshap_centroid,tshap_train,0.9047619047619048,0.95,0.01,1.478414841072647,1.4945677466822658,1,1,0.05013678099930985,0.6599213650042657,AllGestureWiimoteX,547
8,8,0.05,tshap_centroid,mrsqm,0.0,0.0,0.08,0.3987157354958373,0.155730106332981,0,0,0.05013678099930985,2.5368004571646452e-05,AllGestureWiimoteX,547
8,8,0.1,tshap_centroid,mrsqm,0.16279069767441862,0.28,0.072,0.842003013404308,0.6937422335514416,1,1,0.05013678099930985,2.5368004571646452e-05,AllGestureWiimoteX,547
8,8,0.2,tshap_centroid,mrsqm,0.7241379310344828,0.84,0.032,1.478414841072647,1.210740431071792,1,1,0.05013678099930985,2.5368004571646452e-05,AllGestureWiimoteX,547
8,8,0.05,tshap_zero,tshap_train,0.7241379310344828,0.84,0.008,0.43025061395595476,0.41307440090057634,0,0,0.056606464997457806,0.6599213650042657,AllGestureWiimoteX,547
8,8,0.1,tshap_zero,tshap_train,0.8181818181818182,0.9,0.01,0.8234849803862809,0.8544098100780396,1,1,0.056606464997457806,0.6599213650042657,AllGestureWiimoteX,547
8,8,0.2,tshap_zero,tshap_train,0.9230769230769231,0.96,0.008,1.4526010679856027,1.4945677466822658,1,1,0.056606464997457806,0.6599213650042657,AllGestureWiimoteX,547
8,8,0.05,tshap_zero,mrsqm,0.0,0.0,0.084,0.43025061395595476,0.155730106332981,0,0,0.056606464997457806,2.5368004571646452e-05,AllGestureWiimoteX,547
8,8,0.1,tshap_zero,mrsqm,0.14942528735632185,0.26,0.074,0.8234849803862809,0.6937422335514416,1,1,0.056606464997457806,2.5368004571646452e-05,AllGestureWiimoteX,547
8,8,0.2,tshap_zero,mrsqm,0.7094017094017094,0.83,0.034,1.4526010679856027,1.210740431071792,1,1,0.056606464997457806,2.5368004571646452e-05,AllGestureWiimoteX,547
8,8,0.05,tshap_train,mrsqm,0.0,0.0,0.076,0.41307440090057634,0.155730106332981,0,0,0.6599213650042657,2.5368004571646452e-05,AllGestureWiimoteX,547
8,8,0.1,tshap_train,mrsqm,0.21951219512195122,0.36,0.064,0.8544098100780396,0.6937422335514416,1,1,0.6599213650042657,2.5368004571646452e-05,AllGestureWiimoteX,547
8,8,0.2,tshap_train,mrsqm,0.6528925619834711,0.79,0.042,1.4945677466822658,1.210740431071792,1,1,0.6599213650042657,2.5368004571646452e-05,AllGestureWiimoteX,547
0,0,0.05,hydra,shapley_sampling,0.3888888888888889,0.56,0.022,0.4906838433597809,0.46434314237716756,0,0,0.32446301999880234,1.0091856729995925,AllGestureWiimoteX,65
0,0,0.1,hydra,shapley_sampling,0.4925373134328358,0.66,0.034,0.760523892718386,0.9446284890894113,0,1,0.32446301999880234,1.0091856729995925,AllGestureWiimoteX,65
0,0,0.2,hydra,shapley_sampling,1.0,1.0,0.0,1.5439201345175708,1.5439201279760186,1,1,0.32446301999880234,1.0091856729995925,AllGestureWiimoteX,65
0,0,0.05,hydra,feature_ablation,0.3888888888888889,0.56,0.022,0.4906838433597809,0.46434313572291197,0,0,0.32446301999880234,0.04262778800330125,AllGestureWiimoteX,65
0,0,0.1,hydra,feature_ablation,0.4925373134328358,0.66,0.034,0.760523892718386,0.944628489770758,0,1,0.32446301999880234,0.04262778800330125,AllGestureWiimoteX,65
0,0,0.2,hydra,feature_ablation,0.14285714285714285,0.25,0.15,1.5439201345175708,1.4673461751190806,1,1,0.32446301999880234,0.04262778800330125,AllGestureWiimoteX,65
0,0,0.05,hydra,tshap_centroid,0.0,0.0,0.786,0.4906838433597809,0.06105927233771791,0,0,0.32446301999880234,0.05011627299973043,AllGestureWiimoteX,65
0,0,0.1,hydra,tshap_centroid,0.0,0.0,0.784,0.760523892718386,0.10469697690353685,0,0,0.32446301999880234,0.05011627299973043,AllGestureWiimoteX,65
0,0,0.2,hydra,tshap_centroid,0.0,0.0,0.718,1.5439201345175708,0.3630853018550887,1,1,0.32446301999880234,0.05011627299973043,AllGestureWiimoteX,65
0,0,0.05,hydra,tshap_zero,0.6666666666666666,0.8,0.01,0.4906838433597809,0.5187592588951485,0,0,0.32446301999880234,0.05647630999737885,AllGestureWiimoteX,65
0,0,0.1,hydra,tshap_zero,0.8867924528301887,0.94,0.006,0.760523892718386,0.6383084605431643,0,0,0.32446301999880234,0.05647630999737885,AllGestureWiimoteX,65
0,0,0.2,hydra,tshap_zero,0.8867924528301887,0.94,0.012,1.5439201345175708,1.5098472442161937,1,1,0.32446301999880234,0.05647630999737885,AllGestureWiimoteX,65
0,0,0.05,hydra,tshap_train,0.7857142857142857,0.88,0.006,0.4906838433597809,0.4900491906087444,0,0,0.32446301999880234,0.6627030380041106,AllGestureWiimoteX,65
0,0,0.1,hydra,tshap_train,0.6666666666666666,0.8,0.02,0.760523892718386,0.6601632885687183,0,0,0.32446301999880234,0.6627030380041106,AllGestureWiimoteX,65
0,0,0.2,hydra,tshap_train,0.9801980198019802,0.99,0.002,1.5439201345175708,1.5197001602722282,1,1,0.32446301999880234,0.6627030380041106,AllGestureWiimoteX,65
0,0,0.05,hydra,mrsqm,0.0,0.0,0.072,0.4906838433597809,0.24885031095279153,0,0,0.32446301999880234,2.8534006560221314e-05,AllGestureWiimoteX,65
0,0,0.1,hydra,mrsqm,0.4925373134328358,0.66,0.034,0.760523892718386,0.944628477829856,0,1,0.32446301999880234,2.8534006560221314e-05,AllGestureWiimoteX,65
0,0,0.2,hydra,mrsqm,0.6,0.75,0.05,1.5439201345175708,1.6916244192878391,1,1,0.32446301999880234,2.8534006560221314e-05,AllGestureWiimoteX,65
0,0,0.05,shapley_sampling,feature_ablation,1.0,1.0,0.0,0.46434314237716756,0.46434313572291197,0,0,1.0091856729995925,0.04262778800330125,AllGestureWiimoteX,65
0,0,0.1,shapley_sampling,feature_ablation,1.0,1.0,0.0,0.9446284890894113,0.944628489770758,1,1,1.0091856729995925,0.04262778800330125,AllGestureWiimoteX,65
0,0,0.2,shapley_sampling,feature_ablation,0.14285714285714285,0.25,0.15,1.5439201279760186,1.4673461751190806,1,1,1.0091856729995925,0.04262778800330125,AllGestureWiimoteX,65
0,0,0.05,shapley_sampling,tshap_centroid,0.0,0.0,0.808,0.46434314237716756,0.06105927233771791,0,0,1.0091856729995925,0.05011627299973043,AllGestureWiimoteX,65
0,0,0.1,shapley_sampling,tshap_centroid,0.0,0.0,0.818,0.9446284890894113,0.10469697690353685,1,0,1.0091856729995925,0.05011627299973043,AllGestureWiimoteX,65
0,0,0.2,shapley_sampling,tshap_centroid,0.0,0.0,0.718,1.5439201279760186,0.3630853018550887,1,1,1.0091856729995925,0.05011627299973043,AllGestureWiimoteX,65
0,0,0.05,shapley_sampling,tshap_zero,0.6129032258064516,0.76,0.012,0.46434314237716756,0.5187592588951485,0,0,1.0091856729995925,0.05647630999737885,AllGestureWiimoteX,65
0,0,0.1,shapley_sampling,tshap_zero,0.42857142857142855,0.6,0.04,0.9446284890894113,0.6383084605431643,1,0,1.0091856729995925,0.05647630999737885,AllGestureWiimoteX,65
0,0,0.2,shapley_sampling,tshap_zero,0.8867924528301887,0.94,0.012,1.5439201279760186,1.5098472442161937,1,1,1.0091856729995925,0.05647630999737885,AllGestureWiimoteX,65
0,0,0.05,shapley_sampling,tshap_train,0.5151515151515151,0.68,0.016,0.46434314237716756,0.4900491906087444,0,0,1.0091856729995925,0.6627030380041106,AllGestureWiimoteX,65
0,0,0.1,shapley_sampling,tshap_train,0.2987012987012987,0.46,0.054,0.9446284890894113,0.6601632885687183,1,0,1.0091856729995925,0.6627030380041106,AllGestureWiimoteX,65
0,0,0.2,shapley_sampling,tshap_train,0.9801980198019802,0.99,0.002,1.5439201279760186,1.5197001602722282,1,1,1.0091856729995925,0.6627030380041106,AllGestureWiimoteX,65
0,0,0.05,shapley_sampling,mrsqm,0.0,0.0,0.05,0.46434314237716756,0.24885031095279153,0,0,1.0091856729995925,2.8534006560221314e-05,AllGestureWiimoteX,65
0,0,0.1,shapley_sampling,mrsqm,1.0,1.0,0.0,0.9446284890894113,0.944628477829856,1,1,1.0091856729995925,2.8534006560221314e-05,AllGestureWiimoteX,65
0,0,0.2,shapley_sampling,mrsqm,0.6,0.75,0.05,1.5439201279760186,1.6916244192878391,1,1,1.0091856729995925,2.8534006560221314e-05,AllGestureWiimoteX,65
0,0,0.05,feature_ablation,tshap_centroid,0.0,0.0,0.808,0.46434313572291197,0.06105927233771791,0,0,0.04262778800330125,0.05011627299973043,AllGestureWiimoteX,65
0,0,0.1,feature_ablation,tshap_centroid,0.0,0.0,0.818,0.944628489770758,0.10469697690353685,1,0,0.04262778800330125,0.05011627299973043,AllGestureWiimoteX,65
0,0,0.2,feature_ablation,tshap_centroid,0.0,0.0,0.568,1.4673461751190806,0.3630853018550887,1,1,0.04262778800330125,0.05011627299973043,AllGestureWiimoteX,65
0,0,0.05,feature_ablation,tshap_zero,0.6129032258064516,0.76,0.012,0.46434313572291197,0.5187592588951485,0,0,0.04262778800330125,0.05647630999737885,AllGestureWiimoteX,65
0,0,0.1,feature_ablation,tshap_zero,0.42857142857142855,0.6,0.04,0.944628489770758,0.6383084605431643,1,0,0.04262778800330125,0.05647630999737885,AllGestureWiimoteX,65
0,0,0.2,feature_ablation,tshap_zero,0.10497237569060773,0.19,0.162,1.4673461751190806,1.5098472442161937,1,1,0.04262778800330125,0.05647630999737885,AllGestureWiimoteX,65
0,0,0.05,feature_ablation,tshap_train,0.5151515151515151,0.68,0.016,0.46434313572291197,0.4900491906087444,0,0,0.04262778800330125,0.6627030380041106,AllGestureWiimoteX,65
0,0,0.1,feature_ablation,tshap_train,0.2987012987012987,0.46,0.054,0.944628489770758,0.6601632885687183,1,0,0.04262778800330125,0.6627030380041106,AllGestureWiimoteX,65
0,0,0.2,feature_ablation,tshap_train,0.13636363636363635,0.24,0.152,1.4673461751190806,1.5197001602722282,1,1,0.04262778800330125,0.6627030380041106,AllGestureWiimoteX,65
0,0,0.05,feature_ablation,mrsqm,0.0,0.0,0.05,0.46434313572291197,0.24885031095279153,0,0,0.04262778800330125,2.8534006560221314e-05,AllGestureWiimoteX,65
0,0,0.1,feature_ablation,mrsqm,1.0,1.0,0.0,0.944628489770758,0.944628477829856,1,1,0.04262778800330125,2.8534006560221314e-05,AllGestureWiimoteX,65
0,0,0.2,feature_ablation,mrsqm,0.0,0.0,0.2,1.4673461751190806,1.6916244192878391,1,1,0.04262778800330125,2.8534006560221314e-05,AllGestureWiimoteX,65
0,0,0.05,tshap_centroid,tshap_zero,0.0,0.0,0.796,0.06105927233771791,0.5187592588951485,0,0,0.05011627299973043,0.05647630999737885,AllGestureWiimoteX,65
0,0,0.1,tshap_centroid,tshap_zero,0.0,0.0,0.778,0.10469697690353685,0.6383084605431643,0,0,0.05011627299973043,0.05647630999737885,AllGestureWiimoteX,65
0,0,0.2,tshap_centroid,tshap_zero,0.0,0.0,0.73,0.3630853018550887,1.5098472442161937,1,1,0.05011627299973043,0.05647630999737885,AllGestureWiimoteX,65
0,0,0.05,tshap_centroid,tshap_train,0.0,0.0,0.792,0.06105927233771791,0.4900491906087444,0,0,0.05011627299973043,0.6627030380041106,AllGestureWiimoteX,65
0,0,0.1,tshap_centroid,tshap_train,0.0,0.0,0.764,0.10469697690353685,0.6601632885687183,0,0,0.05011627299973043,0.6627030380041106,AllGestureWiimoteX,65
0,0,0.2,tshap_centroid,tshap_train,0.0,0.0,0.72,0.3630853018550887,1.5197001602722282,1,1,0.05011627299973043,0.6627030380041106,AllGestureWiimoteX,65
0,0,0.05,tshap_centroid,mrsqm,0.0,0.0,0.858,0.06105927233771791,0.24885031095279153,0,0,0.05011627299973043,2.8534006560221314e-05,AllGestureWiimoteX,65
0,0,0.1,tshap_centroid,mrsqm,0.0,0.0,0.818,0.10469697690353685,0.944628477829856,0,1,0.05011627299973043,2.8534006560221314e-05,AllGestureWiimoteX,65
0,0,0.2,tshap_centroid,mrsqm,0.0,0.0,0.768,0.3630853018550887,1.6916244192878391,1,1,0.05011627299973043,2.8534006560221314e-05,AllGestureWiimoteX,65
0,0,0.05,tshap_zero,tshap_train,0.8518518518518519,0.92,0.004,0.5187592588951485,0.4900491906087444,0,0,0.05647630999737885,0.6627030380041106,AllGestureWiimoteX,65
0,0,0.1,tshap_zero,tshap_train,0.7543859649122807,0.86,0.014,0.6383084605431643,0.6601632885687183,0,0,0.05647630999737885,0.6627030380041106,AllGestureWiimoteX,65
0,0,0.2,tshap_zero,tshap_train,0.9047619047619048,0.95,0.01,1.5098472442161937,1.5197001602722282,1,1,0.05647630999737885,0.6627030380041106,AllGestureWiimoteX,65
0,0,0.05,tshap_zero,mrsqm,0.0,0.0,0.062,0.5187592588951485,0.24885031095279153,0,0,0.05647630999737885,2.8534006560221314e-05,AllGestureWiimoteX,65
0,0,0.1,tshap_zero,mrsqm,0.42857142857142855,0.6,0.04,0.6383084605431643,0.944628477829856,0,1,0.05647630999737885,2.8534006560221314e-05,AllGestureWiimoteX,65
0,0,0.2,tshap_zero,mrsqm,0.680672268907563,0.81,0.038,1.5098472442161937,1.6916244192878391,1,1,0.05647630999737885,2.8534006560221314e-05,AllGestureWiimoteX,65
0,0,0.05,tshap_train,mrsqm,0.0,0.0,0.066,0.4900491906087444,0.24885031095279153,0,0,0.6627030380041106,2.8534006560221314e-05,AllGestureWiimoteX,65
0,0,0.1,tshap_train,mrsqm,0.2987012987012987,0.46,0.054,0.6601632885687183,0.944628477829856,0,1,0.6627030380041106,2.8534006560221314e-05,AllGestureWiimoteX,65
0,0,0.2,tshap_train,mrsqm,0.6129032258064516,0.76,0.048,1.5197001602722282,1.6916244192878391,1,1,0.6627030380041106,2.8534006560221314e-05,AllGestureWiimoteX,65
7,7,0.05,hydra,shapley_sampling,0.0,0.0,0.052,0.4693409665933177,0.5385566074462568,0,0,0.3254609409996192,1.010947071998089,AllGestureWiimoteX,489
7,7,0.1,hydra,shapley_sampling,0.0,0.0,0.102,1.0414105900924076,0.64169219696261,1,1,0.3254609409996192,1.010947071998089,AllGestureWiimoteX,489
7,7,0.2,hydra,shapley_sampling,0.45985401459854014,0.63,0.074,1.1381352284771453,1.2888520099707397,1,1,0.3254609409996192,1.010947071998089,AllGestureWiimoteX,489
7,7,0.05,hydra,feature_ablation,0.9230769230769231,0.96,0.002,0.4693409665933177,0.44262174274650323,0,0,0.3254609409996192,0.043364126002416015,AllGestureWiimoteX,489
7,7,0.1,hydra,feature_ablation,0.3157894736842105,0.48,0.052,1.0414105900924076,0.8065370690348611,1,1,0.3254609409996192,0.043364126002416015,AllGestureWiimoteX,489
7,7,0.2,hydra,feature_ablation,0.45985401459854014,0.63,0.074,1.1381352284771453,1.2888520091858016,1,1,0.3254609409996192,0.043364126002416015,AllGestureWiimoteX,489
7,7,0.05,hydra,tshap_centroid,0.9230769230769231,0.96,0.002,0.4693409665933177,0.512266353631144,0,0,0.3254609409996192,0.05041460500069661,AllGestureWiimoteX,489
7,7,0.1,hydra,tshap_centroid,0.639344262295082,0.78,0.022,1.0414105900924076,0.8268512524359709,1,1,0.3254609409996192,0.05041460500069661,AllGestureWiimoteX,489
7,7,0.2,hydra,tshap_centroid,0.6,0.75,0.05,1.1381352284771453,1.3222586753902437,1,1,0.3254609409996192,0.05041460500069661,AllGestureWiimoteX,489
7,7,0.05,hydra,tshap_zero,0.5625,0.72,0.014,0.4693409665933177,0.5451306073828271,0,0,0.3254609409996192,0.0565831919957418,AllGestureWiimoteX,489
7,7,0.1,hydra,tshap_zero,0.5384615384615384,0.7,0.03,1.0414105900924076,0.7966339454558456,1,1,0.3254609409996192,0.0565831919957418,AllGestureWiimoteX,489
7,7,0.2,hydra,tshap_zero,0.5625,0.72,0.056,1.1381352284771453,1.3139029745114956,1,1,0.3254609409996192,0.0565831919957418,AllGestureWiimoteX,489
7,7,0.05,hydra,tshap_train,0.8518518518518519,0.92,0.004,0.4693409665933177,0.4484653439018663,0,0,0.3254609409996192,0.6629630079987692,AllGestureWiimoteX,489
7,7,0.1,hydra,tshap_train,0.639344262295082,0.78,0.022,1.0414105900924076,0.8268512516497759,1,1,0.3254609409996192,0.6629630079987692,AllGestureWiimoteX,489
7,7,0.2,hydra,tshap_train,0.5873015873015873,0.74,0.052,1.1381352284771453,1.2844141971045036,1,1,0.3254609409996192,0.6629630079987692,AllGestureWiimoteX,489
7,7,0.05,hydra,mrsqm,0.0,0.0,0.102,0.4693409665933177,0.043351752714550496,0,0,0.3254609409996192,2.6319998141843826e-05,AllGestureWiimoteX,489
7,7,0.1,hydra,mrsqm,0.0,0.0,0.102,1.0414105900924076,0.6416921893564487,1,1,0.3254609409996192,2.6319998141843826e-05,AllGestureWiimoteX,489
7,7,0.2,hydra,mrsqm,0.45985401459854014,0.63,0.074,1.1381352284771453,1.2888520097536527,1,1,0.3254609409996192,2.6319998141843826e-05,AllGestureWiimoteX,489
7,7,0.05,shapley_sampling,feature_ablation,0.0,0.0,0.05,0.5385566074462568,0.44262174274650323,0,0,1.010947071998089,0.043364126002416015,AllGestureWiimoteX,489
7,7,0.1,shapley_sampling,feature_ablation,0.3333333333333333,0.5,0.05,0.64169219696261,0.8065370690348611,1,1,1.010947071998089,0.043364126002416015,AllGestureWiimoteX,489
7,7,0.2,shapley_sampling,feature_ablation,1.0,1.0,0.0,1.2888520099707397,1.2888520091858016,1,1,1.010947071998089,0.043364126002416015,AllGestureWiimoteX,489
7,7,0.05,shapley_sampling,tshap_centroid,0.0,0.0,0.054,0.5385566074462568,0.512266353631144,0,0,1.010947071998089,0.05041460500069661,AllGestureWiimoteX,489
7,7,0.1,shapley_sampling,tshap_centroid,0.1111111111111111,0.2,0.08,0.64169219696261,0.8268512524359709,1,1,1.010947071998089,0.05041460500069661,AllGestureWiimoteX,489
7,7,0.2,shapley_sampling,tshap_centroid,0.7857142857142857,0.88,0.024,1.2888520099707397,1.3222586753902437,1,1,1.010947071998089,0.05041460500069661,AllGestureWiimoteX,489
7,7,0.05,shapley_sampling,tshap_zero,0.13636363636363635,0.24,0.038,0.5385566074462568,0.5451306073828271,0,0,1.010947071998089,0.0565831919957418,AllGestureWiimoteX,489
7,7,0.1,shapley_sampling,tshap_zero,0.16279069767441862,0.28,0.072,0.64169219696261,0.7966339454558456,1,1,1.010947071998089,0.0565831919957418,AllGestureWiimoteX,489
7,7,0.2,shapley_sampling,tshap_zero,0.8348623853211009,0.91,0.018,1.2888520099707397,1.3139029745114956,1,1,1.010947071998089,0.0565831919957418,AllGestureWiimoteX,489
7,7,0.05,shapley_sampling,tshap_train,0.02040816326530612,0.04,0.048,0.5385566074462568,0.4484653439018663,0,0,1.010947071998089,0.6629630079987692,AllGestureWiimoteX,489
7,7,0.1,shapley_sampling,tshap_train,0.1111111111111111,0.2,0.08,0.64169219696261,0.8268512516497759,1,1,1.010947071998089,0.6629630079987692,AllGestureWiimoteX,489
7,7,0.2,shapley_sampling,tshap_train,0.8018018018018018,0.89,0.022,1.2888520099707397,1.2844141971045036,1,1,1.010947071998089,0.6629630079987692,AllGestureWiimoteX,489
7,7,0.05,shapley_sampling,mrsqm,0.0,0.0,0.05,0.5385566074462568,0.043351752714550496,0,0,1.010947071998089,2.6319998141843826e-05,AllGestureWiimoteX,489
7,7,0.1,shapley_sampling,mrsqm,1.0,1.0,0.0,0.64169219696261,0.6416921893564487,1,1,1.010947071998089,2.6319998141843826e-05,AllGestureWiimoteX,489
7,7,0.2,shapley_sampling,mrsqm,1.0,1.0,0.0,1.2888520099707397,1.2888520097536527,1,1,1.010947071998089,2.6319998141843826e-05,AllGestureWiimoteX,489
7,7,0.05,feature_ablation,tshap_centroid,0.8518518518518519,0.92,0.004,0.44262174274650323,0.512266353631144,0,0,0.043364126002416015,0.05041460500069661,AllGestureWiimoteX,489
7,7,0.1,feature_ablation,tshap_centroid,0.5384615384615384,0.7,0.03,0.8065370690348611,0.8268512524359709,1,1,0.043364126002416015,0.05041460500069661,AllGestureWiimoteX,489
7,7,0.2,feature_ablation,tshap_centroid,0.7857142857142857,0.88,0.024,1.2888520091858016,1.3222586753902437,1,1,0.043364126002416015,0.05041460500069661,AllGestureWiimoteX,489
7,7,0.05,feature_ablation,tshap_zero,0.6129032258064516,0.76,0.012,0.44262174274650323,0.5451306073828271,0,0,0.043364126002416015,0.0565831919957418,AllGestureWiimoteX,489
7,7,0.1,feature_ablation,tshap_zero,0.639344262295082,0.78,0.022,0.8065370690348611,0.7966339454558456,1,1,0.043364126002416015,0.0565831919957418,AllGestureWiimoteX,489
7,7,0.2,feature_ablation,tshap_zero,0.8348623853211009,0.91,0.018,1.2888520091858016,1.3139029745114956,1,1,0.043364126002416015,0.0565831919957418,AllGestureWiimoteX,489
7,7,0.05,feature_ablation,tshap_train,0.9230769230769231,0.96,0.002,0.44262174274650323,0.4484653439018663,0,0,0.043364126002416015,0.6629630079987692,AllGestureWiimoteX,489
7,7,0.1,feature_ablation,tshap_train,0.5384615384615384,0.7,0.03,0.8065370690348611,0.8268512516497759,1,1,0.043364126002416015,0.6629630079987692,AllGestureWiimoteX,489
7,7,0.2,feature_ablation,tshap_train,0.8018018018018018,0.89,0.022,1.2888520091858016,1.2844141971045036,1,1,0.043364126002416015,0.6629630079987692,AllGestureWiimoteX,489
7,7,0.05,feature_ablation,mrsqm,0.0,0.0,0.1,0.44262174274650323,0.043351752714550496,0,0,0.043364126002416015,2.6319998141843826e-05,AllGestureWiimoteX,489
7,7,0.1,feature_ablation,mrsqm,0.3333333333333333,0.5,0.05,0.8065370690348611,0.6416921893564487,1,1,0.043364126002416015,2.6319998141843826e-05,AllGestureWiimoteX,489
7,7,0.2,feature_ablation,mrsqm,1.0,1.0,0.0,1.2888520091858016,1.2888520097536527,1,1,0.043364126002416015,2.6319998141843826e-05,AllGestureWiimoteX,489
7,7,0.05,tshap_centroid,tshap_zero,0.5151515151515151,0.68,0.016,0.512266353631144,0.5451306073828271,0,0,0.05041460500069661,0.0565831919957418,AllGestureWiimoteX,489
7,7,0.1,tshap_centroid,tshap_zero,0.8518518518518519,0.92,0.008,0.8268512524359709,0.7966339454558456,1,1,0.05041460500069661,0.0565831919957418,AllGestureWiimoteX,489
7,7,0.2,tshap_centroid,tshap_zero,0.941747572815534,0.97,0.006,1.3222586753902437,1.3139029745114956,1,1,0.05041460500069661,0.0565831919957418,AllGestureWiimoteX,489
7,7,0.05,tshap_centroid,tshap_train,0.7857142857142857,0.88,0.006,0.512266353631144,0.4484653439018663,0,0,0.05041460500069661,0.6629630079987692,AllGestureWiimoteX,489
7,7,0.1,tshap_centroid,tshap_train,1.0,1.0,0.0,0.8268512524359709,0.8268512516497759,1,1,0.05041460500069661,0.6629630079987692,AllGestureWiimoteX,489
7,7,0.2,tshap_centroid,tshap_train,0.9801980198019802,0.99,0.002,1.3222586753902437,1.2844141971045036,1,1,0.05041460500069661,0.6629630079987692,AllGestureWiimoteX,489
7,7,0.05,tshap_centroid,mrsqm,0.0,0.0,0.104,0.512266353631144,0.043351752714550496,0,0,0.05041460500069661,2.6319998141843826e-05,AllGestureWiimoteX,489
7,7,0.1,tshap_centroid,mrsqm,0.1111111111111111,0.2,0.08,0.8268512524359709,0.6416921893564487,1,1,0.05041460500069661,2.6319998141843826e-05,AllGestureWiimoteX,489
7,7,0.2,tshap_centroid,mrsqm,0.7857142857142857,0.88,0.024,1.3222586753902437,1.2888520097536527,1,1,0.05041460500069661,2.6319998141843826e-05,AllGestureWiimoteX,489
7,7,0.05,tshap_zero,tshap_train,0.6666666666666666,0.8,0.01,0.5451306073828271,0.4484653439018663,0,0,0.0565831919957418,0.6629630079987692,AllGestureWiimoteX,489
7,7,0.1,tshap_zero,tshap_train,0.8518518518518519,0.92,0.008,0.7966339454558456,0.8268512516497759,1,1,0.0565831919957418,0.6629630079987692,AllGestureWiimoteX,489
7,7,0.2,tshap_zero,tshap_train,0.9607843137254902,0.98,0.004,1.3139029745114956,1.2844141971045036,1,1,0.0565831919957418,0.6629630079987692,AllGestureWiimoteX,489
7,7,0.05,tshap_zero,mrsqm,0.0,0.0,0.088,0.5451306073828271,0.043351752714550496,0,0,0.0565831919957418,2.6319998141843826e-05,AllGestureWiimoteX,489
7,7,0.1,tshap_zero,mrsqm,0.16279069767441862,0.28,0.072,0.7966339454558456,0.6416921893564487,1,1,0.0565831919957418,2.6319998141843826e-05,AllGestureWiimoteX,489
7,7,0.2,tshap_zero,mrsqm,0.8348623853211009,0.91,0.018,1.3139029745114956,1.2888520097536527,1,1,0.0565831919957418,2.6319998141843826e-05,AllGestureWiimoteX,489
7,7,0.05,tshap_train,mrsqm,0.0,0.0,0.098,0.4484653439018663,0.043351752714550496,0,0,0.6629630079987692,2.6319998141843826e-05,AllGestureWiimoteX,489
7,7,0.1,tshap_train,mrsqm,0.1111111111111111,0.2,0.08,0.8268512516497759,0.6416921893564487,1,1,0.6629630079987692,2.6319998141843826e-05,AllGestureWiimoteX,489
7,7,0.2,tshap_train,mrsqm,0.8018018018018018,0.89,0.022,1.2844141971045036,1.2888520097536527,1,1,0.6629630079987692,2.6319998141843826e-05,AllGestureWiimoteX,489
8,8,0.05,hydra,shapley_sampling,0.47058823529411764,0.64,0.018,0.25345935130361286,0.02775541250635094,0,0,0.321536373005074,1.0061884430033388,AllGestureWiimoteX,516
8,8,0.1,hydra,shapley_sampling,0.4925373134328358,0.66,0.034,0.723523262498326,0.4083588389954983,1,1,0.321536373005074,1.0061884430033388,AllGestureWiimoteX,516
8,8,0.2,hydra,shapley_sampling,0.7543859649122807,0.86,0.028,0.7638848064348237,0.704697423920161,1,1,0.321536373005074,1.0061884430033388,AllGestureWiimoteX,516
8,8,0.05,hydra,feature_ablation,0.21951219512195122,0.36,0.032,0.25345935130361286,0.6851973635756332,0,1,0.321536373005074,0.04233521599962842,AllGestureWiimoteX,516
8,8,0.1,hydra,feature_ablation,0.4925373134328358,0.66,0.034,0.723523262498326,0.4083588420773746,1,1,0.321536373005074,0.04233521599962842,AllGestureWiimoteX,516
8,8,0.2,hydra,feature_ablation,0.21951219512195122,0.36,0.128,0.7638848064348237,0.4488067658292413,1,1,0.321536373005074,0.04233521599962842,AllGestureWiimoteX,516
8,8,0.05,hydra,tshap_centroid,0.02040816326530612,0.04,0.048,0.25345935130361286,0.6794889785554273,0,1,0.321536373005074,0.0538802669980214,AllGestureWiimoteX,516
8,8,0.1,hydra,tshap_centroid,0.08695652173913043,0.16,0.084,0.723523262498326,0.5481797564945555,1,1,0.321536373005074,0.0538802669980214,AllGestureWiimoteX,516
8,8,0.2,hydra,tshap_centroid,0.0,0.0,0.266,0.7638848064348237,-0.36451364056529667,1,0,0.321536373005074,0.0538802669980214,AllGestureWiimoteX,516
8,8,0.05,hydra,tshap_zero,0.06382978723404255,0.12,0.044,0.25345935130361286,0.6552703414157327,0,1,0.321536373005074,0.05628352700296091,AllGestureWiimoteX,516
8,8,0.1,hydra,tshap_zero,0.14942528735632185,0.26,0.074,0.723523262498326,0.39806330904505005,1,1,0.321536373005074,0.05628352700296091,AllGestureWiimoteX,516
8,8,0.2,hydra,tshap_zero,0.7391304347826086,0.85,0.03,0.7638848064348237,0.7458222416290426,1,1,0.321536373005074,0.05628352700296091,AllGestureWiimoteX,516
8,8,0.05,hydra,tshap_train,0.0,0.0,0.05,0.25345935130361286,0.6930940828874564,0,1,0.321536373005074,0.6591670239940868,AllGestureWiimoteX,516
8,8,0.1,hydra,tshap_train,0.05263157894736842,0.1,0.09,0.723523262498326,0.6413897219098329,1,1,0.321536373005074,0.6591670239940868,AllGestureWiimoteX,516
8,8,0.2,hydra,tshap_train,0.9801980198019802,0.99,0.002,0.7638848064348237,0.7579411426924448,1,1,0.321536373005074,0.6591670239940868,AllGestureWiimoteX,516
8,8,0.05,hydra,mrsqm,0.0,0.0,0.182,0.25345935130361286,-0.09807221990998805,0,0,0.321536373005074,2.5738001568242908e-05,AllGestureWiimoteX,516
8,8,0.1,hydra,mrsqm,0.0,0.0,0.116,0.723523262498326,-0.1521698555355936,1,0,0.321536373005074,2.5738001568242908e-05,AllGestureWiimoteX,516
8,8,0.2,hydra,mrsqm,0.21951219512195122,0.36,0.128,0.7638848064348237,0.4488067735585878,1,1,0.321536373005074,2.5738001568242908e-05,AllGestureWiimoteX,516
8,8,0.05,shapley_sampling,feature_ablation,0.0,0.0,0.05,0.02775541250635094,0.6851973635756332,0,1,1.0061884430033388,0.04233521599962842,AllGestureWiimoteX,516
8,8,0.1,shapley_sampling,feature_ablation,1.0,1.0,0.0,0.4083588389954983,0.4083588420773746,1,1,1.0061884430033388,0.04233521599962842,AllGestureWiimoteX,516
8,8,0.2,shapley_sampling,feature_ablation,0.3333333333333333,0.5,0.1,0.704697423920161,0.4488067658292413,1,1,1.0061884430033388,0.04233521599962842,AllGestureWiimoteX,516
8,8,0.05,shapley_sampling,tshap_centroid,0.25,0.4,0.03,0.02775541250635094,0.6794889785554273,0,1,1.0061884430033388,0.0538802669980214,AllGestureWiimoteX,516
8,8,0.1,shapley_sampling,tshap_centroid,0.3333333333333333,0.5,0.05,0.4083588389954983,0.5481797564945555,1,1,1.0061884430033388,0.0538802669980214,AllGestureWiimoteX,516
8,8,0.2,shapley_sampling,tshap_centroid,0.0,0.0,0.294,0.704697423920161,-0.36451364056529667,1,0,1.0061884430033388,0.0538802669980214,AllGestureWiimoteX,516
8,8,0.05,shapley_sampling,tshap_zero,0.3157894736842105,0.48,0.026,0.02775541250635094,0.6552703414157327,0,1,1.0061884430033388,0.05628352700296091,AllGestureWiimoteX,516
8,8,0.1,shapley_sampling,tshap_zero,0.42857142857142855,0.6,0.04,0.4083588389954983,0.39806330904505005,1,1,1.0061884430033388,0.05628352700296091,AllGestureWiimoteX,516
8,8,0.2,shapley_sampling,tshap_zero,0.9801980198019802,0.99,0.002,0.704697423920161,0.7458222416290426,1,1,1.0061884430033388,0.05628352700296091,AllGestureWiimoteX,516
8,8,0.05,shapley_sampling,tshap_train,0.21951219512195122,0.36,0.032,0.02775541250635094,0.6930940828874564,0,1,1.0061884430033388,0.6591670239940868,AllGestureWiimoteX,516
8,8,0.1,shapley_sampling,tshap_train,0.28205128205128205,0.44,0.056,0.4083588389954983,0.6413897219098329,1,1,1.0061884430033388,0.6591670239940868,AllGestureWiimoteX,516
8,8,0.2,shapley_sampling,tshap_train,0.7699115044247787,0.87,0.026,0.704697423920161,0.7579411426924448,1,1,1.0061884430033388,0.6591670239940868,AllGestureWiimoteX,516
8,8,0.05,shapley_sampling,mrsqm,0.0,0.0,0.2,0.02775541250635094,-0.09807221990998805,0,0,1.0061884430033388,2.5738001568242908e-05,AllGestureWiimoteX,516
8,8,0.1,shapley_sampling,mrsqm,0.0,0.0,0.15,0.4083588389954983,-0.1521698555355936,1,0,1.0061884430033388,2.5738001568242908e-05,AllGestureWiimoteX,516
8,8,0.2,shapley_sampling,mrsqm,0.3333333333333333,0.5,0.1,0.704697423920161,0.4488067735585878,1,1,1.0061884430033388,2.5738001568242908e-05,AllGestureWiimoteX,516
8,8,0.05,feature_ablation,tshap_centroid,0.0,0.0,0.08,0.6851973635756332,0.6794889785554273,1,1,0.04233521599962842,0.0538802669980214,AllGestureWiimoteX,516
8,8,0.1,feature_ablation,tshap_centroid,0.3333333333333333,0.5,0.05,0.4083588420773746,0.5481797564945555,1,1,0.04233521599962842,0.0538802669980214,AllGestureWiimoteX,516
8,8,0.2,feature_ablation,tshap_centroid,0.0,0.0,0.394,0.4488067658292413,-0.36451364056529667,1,0,0.04233521599962842,0.0538802669980214,AllGestureWiimoteX,516
8,8,0.05,feature_ablation,tshap_zero,0.0,0.0,0.076,0.6851973635756332,0.6552703414157327,1,1,0.04233521599962842,0.05628352700296091,AllGestureWiimoteX,516
8,8,0.1,feature_ablation,tshap_zero,0.42857142857142855,0.6,0.04,0.4083588420773746,0.39806330904505005,1,1,0.04233521599962842,0.05628352700296091,AllGestureWiimoteX,516
8,8,0.2,feature_ablation,tshap_zero,0.3422818791946309,0.51,0.098,0.4488067658292413,0.7458222416290426,1,1,0.04233521599962842,0.05628352700296091,AllGestureWiimoteX,516
8,8,0.05,feature_ablation,tshap_train,0.0,0.0,0.082,0.6851973635756332,0.6930940828874564,1,1,0.04233521599962842,0.6591670239940868,AllGestureWiimoteX,516
8,8,0.1,feature_ablation,tshap_train,0.28205128205128205,0.44,0.056,0.4083588420773746,0.6413897219098329,1,1,0.04233521599962842,0.6591670239940868,AllGestureWiimoteX,516
8,8,0.2,feature_ablation,tshap_train,0.22699386503067484,0.37,0.126,0.4488067658292413,0.7579411426924448,1,1,0.04233521599962842,0.6591670239940868,AllGestureWiimoteX,516
8,8,0.05,feature_ablation,mrsqm,0.0,0.0,0.15,0.6851973635756332,-0.09807221990998805,1,0,0.04233521599962842,2.5738001568242908e-05,AllGestureWiimoteX,516
8,8,0.1,feature_ablation,mrsqm,0.0,0.0,0.15,0.4083588420773746,-0.1521698555355936,1,0,0.04233521599962842,2.5738001568242908e-05,AllGestureWiimoteX,516
8,8,0.2,feature_ablation,mrsqm,1.0,1.0,0.0,0.4488067658292413,0.4488067735585878,1,1,0.04233521599962842,2.5738001568242908e-05,AllGestureWiimoteX,516
8,8,0.05,tshap_centroid,tshap_zero,0.8518518518518519,0.92,0.004,0.6794889785554273,0.6552703414157327,1,1,0.0538802669980214,0.05628352700296091,AllGestureWiimoteX,516
8,8,0.1,tshap_centroid,tshap_zero,0.8181818181818182,0.9,0.01,0.5481797564945555,0.39806330904505005,1,1,0.0538802669980214,0.05628352700296091,AllGestureWiimoteX,516
8,8,0.2,tshap_centroid,tshap_zero,0.0,0.0,0.296,-0.36451364056529667,0.7458222416290426,0,1,0.0538802669980214,0.05628352700296091,AllGestureWiimoteX,516
8,8,0.05,tshap_centroid,tshap_train,0.9230769230769231,0.96,0.002,0.6794889785554273,0.6930940828874564,1,1,0.0538802669980214,0.6591670239940868,AllGestureWiimoteX,516
8,8,0.1,tshap_centroid,tshap_train,0.8867924528301887,0.94,0.006,0.5481797564945555,0.6413897219098329,1,1,0.0538802669980214,0.6591670239940868,AllGestureWiimoteX,516
8,8,0.2,tshap_centroid,tshap_train,0.0,0.0,0.268,-0.36451364056529667,0.7579411426924448,0,1,0.0538802669980214,0.6591670239940868,AllGestureWiimoteX,516
8,8,0.05,tshap_centroid,mrsqm,0.0,0.0,0.23,0.6794889785554273,-0.09807221990998805,1,0,0.0538802669980214,2.5738001568242908e-05,AllGestureWiimoteX,516
8,8,0.1,tshap_centroid,mrsqm,0.0,0.0,0.2,0.5481797564945555,-0.1521698555355936,1,0,0.0538802669980214,2.5738001568242908e-05,AllGestureWiimoteX,516
8,8,0.2,tshap_centroid,mrsqm,0.0,0.0,0.394,-0.36451364056529667,0.4488067735585878,0,1,0.0538802669980214,2.5738001568242908e-05,AllGestureWiimoteX,516
8,8,0.05,tshap_zero,tshap_train,0.7857142857142857,0.88,0.006,0.6552703414157327,0.6930940828874564,1,1,0.05628352700296091,0.6591670239940868,AllGestureWiimoteX,516
8,8,0.1,tshap_zero,tshap_train,0.7241379310344828,0.84,0.016,0.39806330904505005,0.6413897219098329,1,1,0.05628352700296091,0.6591670239940868,AllGestureWiimoteX,516
8,8,0.2,tshap_zero,tshap_train,0.7543859649122807,0.86,0.028,0.7458222416290426,0.7579411426924448,1,1,0.05628352700296091,0.6591670239940868,AllGestureWiimoteX,516
8,8,0.05,tshap_zero,mrsqm,0.0,0.0,0.226,0.6552703414157327,-0.09807221990998805,1,0,0.05628352700296091,2.5738001568242908e-05,AllGestureWiimoteX,516
8,8,0.1,tshap_zero,mrsqm,0.0,0.0,0.19,0.39806330904505005,-0.1521698555355936,1,0,0.05628352700296091,2.5738001568242908e-05,AllGestureWiimoteX,516
8,8,0.2,tshap_zero,mrsqm,0.3422818791946309,0.51,0.098,0.7458222416290426,0.4488067735585878,1,1,0.05628352700296091,2.5738001568242908e-05,AllGestureWiimoteX,516
8,8,0.05,tshap_train,mrsqm,0.0,0.0,0.232,0.6930940828874564,-0.09807221990998805,1,0,0.6591670239940868,2.5738001568242908e-05,AllGestureWiimoteX,516
8,8,0.1,tshap_train,mrsqm,0.0,0.0,0.206,0.6413897219098329,-0.1521698555355936,1,0,0.6591670239940868,2.5738001568242908e-05,AllGestureWiimoteX,516
8,8,0.2,tshap_train,mrsqm,0.22699386503067484,0.37,0.126,0.7579411426924448,0.4488067735585878,1,1,0.6591670239940868,2.5738001568242908e-05,AllGestureWiimoteX,516
4,4,0.05,hydra,shapley_sampling,0.0,0.0,0.146,0.20659510478314824,-0.23631589545910447,0,0,0.32189314599963836,1.0062294599993038,AllGestureWiimoteX,253
4,4,0.1,hydra,shapley_sampling,0.0,0.0,0.83,-0.7192488102933993,-0.6841056947477874,0,0,0.32189314599963836,1.0062294599993038,AllGestureWiimoteX,253
4,4,0.2,hydra,shapley_sampling,0.0,0.0,0.788,-1.7518750974914399,-0.9662363503422217,0,0,0.32189314599963836,1.0062294599993038,AllGestureWiimoteX,253
4,4,0.05,hydra,feature_ablation,0.0,0.0,0.104,0.20659510478314824,-0.21518252631396206,0,0,0.32189314599963836,0.04291637200367404,AllGestureWiimoteX,253
4,4,0.1,hydra,feature_ablation,0.0,0.0,0.83,-0.7192488102933993,-0.6841056890318401,0,0,0.32189314599963836,0.04291637200367404,AllGestureWiimoteX,253
4,4,0.2,hydra,feature_ablation,0.0,0.0,0.238,-1.7518750974914399,-1.5528216300786086,0,0,0.32189314599963836,0.04291637200367404,AllGestureWiimoteX,253
4,4,0.05,hydra,tshap_centroid,0.13636363636363635,0.24,0.038,0.20659510478314824,0.1863168556669167,0,0,0.32189314599963836,0.05048582000017632,AllGestureWiimoteX,253
4,4,0.1,hydra,tshap_centroid,0.0,0.0,0.714,-0.7192488102933993,-0.23788559509626384,0,0,0.32189314599963836,0.05048582000017632,AllGestureWiimoteX,253
4,4,0.2,hydra,tshap_centroid,0.0,0.0,0.72,-1.7518750974914399,-0.9663256113818789,0,0,0.32189314599963836,0.05048582000017632,AllGestureWiimoteX,253
4,4,0.05,hydra,tshap_zero,0.13636363636363635,0.24,0.038,0.20659510478314824,0.18631686220498345,0,0,0.32189314599963836,0.056597328002681024,AllGestureWiimoteX,253
4,4,0.1,hydra,tshap_zero,0.0,0.0,0.71,-0.7192488102933993,-0.2727241418787053,0,0,0.32189314599963836,0.056597328002681024,AllGestureWiimoteX,253
4,4,0.2,hydra,tshap_zero,0.0,0.0,0.696,-1.7518750974914399,-0.9022666874719899,0,0,0.32189314599963836,0.056597328002681024,AllGestureWiimoteX,253
4,4,0.05,hydra,tshap_train,0.42857142857142855,0.6,0.02,0.20659510478314824,0.18442372161019005,0,0,0.32189314599963836,0.6646539550056332,AllGestureWiimoteX,253
4,4,0.1,hydra,tshap_train,0.0,0.0,0.74,-0.7192488102933993,-0.04428637414610781,0,0,0.32189314599963836,0.6646539550056332,AllGestureWiimoteX,253
4,4,0.2,hydra,tshap_train,0.0,0.0,0.726,-1.7518750974914399,-0.9855084885004656,0,0,0.32189314599963836,0.6646539550056332,AllGestureWiimoteX,253
4,4,0.05,hydra,mrsqm,0.0,0.0,0.104,0.20659510478314824,-0.21518252317930453,0,0,0.32189314599963836,2.778299676720053e-05,AllGestureWiimoteX,253
4,4,0.1,hydra,mrsqm,0.0,0.0,0.83,-0.7192488102933993,-0.684105684275586,0,0,0.32189314599963836,2.778299676720053e-05,AllGestureWiimoteX,253
4,4,0.2,hydra,mrsqm,0.0,0.0,0.788,-1.7518750974914399,-0.9662363503106718,0,0,0.32189314599963836,2.778299676720053e-05,AllGestureWiimoteX,253
4,4,0.05,shapley_sampling,feature_ablation,0.0,0.0,0.25,-0.23631589545910447,-0.21518252631396206,0,0,1.0062294599993038,0.04291637200367404,AllGestureWiimoteX,253
4,4,0.1,shapley_sampling,feature_ablation,1.0,1.0,0.0,-0.6841056947477874,-0.6841056890318401,0,0,1.0062294599993038,0.04291637200367404,AllGestureWiimoteX,253
4,4,0.2,shapley_sampling,feature_ablation,0.0,0.0,0.55,-0.9662363503422217,-1.5528216300786086,0,0,1.0062294599993038,0.04291637200367404,AllGestureWiimoteX,253
4,4,0.05,shapley_sampling,tshap_centroid,0.0,0.0,0.108,-0.23631589545910447,0.1863168556669167,0,0,1.0062294599993038,0.05048582000017632,AllGestureWiimoteX,253
4,4,0.1,shapley_sampling,tshap_centroid,0.0,0.0,0.116,-0.6841056947477874,-0.23788559509626384,0,0,1.0062294599993038,0.05048582000017632,AllGestureWiimoteX,253
4,4,0.2,shapley_sampling,tshap_centroid,0.4925373134328358,0.66,0.068,-0.9662363503422217,-0.9663256113818789,0,0,1.0062294599993038,0.05048582000017632,AllGestureWiimoteX,253
4,4,0.05,shapley_sampling,tshap_zero,0.0,0.0,0.108,-0.23631589545910447,0.18631686220498345,0,0,1.0062294599993038,0.056597328002681024,AllGestureWiimoteX,253
4,4,0.1,shapley_sampling,tshap_zero,0.0,0.0,0.12,-0.6841056947477874,-0.2727241418787053,0,0,1.0062294599993038,0.056597328002681024,AllGestureWiimoteX,253
4,4,0.2,shapley_sampling,tshap_zero,0.3698630136986301,0.54,0.092,-0.9662363503422217,-0.9022666874719899,0,0,1.0062294599993038,0.056597328002681024,AllGestureWiimoteX,253
4,4,0.05,shapley_sampling,tshap_train,0.0,0.0,0.126,-0.23631589545910447,0.18442372161019005,0,0,1.0062294599993038,0.6646539550056332,AllGestureWiimoteX,253
4,4,0.1,shapley_sampling,tshap_train,0.05263157894736842,0.1,0.09,-0.6841056947477874,-0.04428637414610781,0,0,1.0062294599993038,0.6646539550056332,AllGestureWiimoteX,253
4,4,0.2,shapley_sampling,tshap_train,0.5267175572519084,0.69,0.062,-0.9662363503422217,-0.9855084885004656,0,0,1.0062294599993038,0.6646539550056332,AllGestureWiimoteX,253
4,4,0.05,shapley_sampling,mrsqm,0.0,0.0,0.25,-0.23631589545910447,-0.21518252317930453,0,0,1.0062294599993038,2.778299676720053e-05,AllGestureWiimoteX,253
4,4,0.1,shapley_sampling,mrsqm,1.0,1.0,0.0,-0.6841056947477874,-0.684105684275586,0,0,1.0062294599993038,2.778299676720053e-05,AllGestureWiimoteX,253
4,4,0.2,shapley_sampling,mrsqm,1.0,1.0,0.0,-0.9662363503422217,-0.9662363503106718,0,0,1.0062294599993038,2.778299676720053e-05,AllGestureWiimoteX,253
4,4,0.05,feature_ablation,tshap_centroid,0.0,0.0,0.142,-0.21518252631396206,0.1863168556669167,0,0,0.04291637200367404,0.05048582000017632,AllGestureWiimoteX,253
4,4,0.1,feature_ablation,tshap_centroid,0.0,0.0,0.116,-0.6841056890318401,-0.23788559509626384,0,0,0.04291637200367404,0.05048582000017632,AllGestureWiimoteX,253
4,4,0.2,feature_ablation,tshap_centroid,0.0,0.0,0.482,-1.5528216300786086,-0.9663256113818789,0,0,0.04291637200367404,0.05048582000017632,AllGestureWiimoteX,253
4,4,0.05,feature_ablation,tshap_zero,0.0,0.0,0.142,-0.21518252631396206,0.18631686220498345,0,0,0.04291637200367404,0.056597328002681024,AllGestureWiimoteX,253
4,4,0.1,feature_ablation,tshap_zero,0.0,0.0,0.12,-0.6841056890318401,-0.2727241418787053,0,0,0.04291637200367404,0.056597328002681024,AllGestureWiimoteX,253
4,4,0.2,feature_ablation,tshap_zero,0.0,0.0,0.458,-1.5528216300786086,-0.9022666874719899,0,0,0.04291637200367404,0.056597328002681024,AllGestureWiimoteX,253
4,4,0.05,feature_ablation,tshap_train,0.0,0.0,0.124,-0.21518252631396206,0.18442372161019005,0,0,0.04291637200367404,0.6646539550056332,AllGestureWiimoteX,253
4,4,0.1,feature_ablation,tshap_train,0.05263157894736842,0.1,0.09,-0.6841056890318401,-0.04428637414610781,0,0,0.04291637200367404,0.6646539550056332,AllGestureWiimoteX,253
4,4,0.2,feature_ablation,tshap_train,0.0,0.0,0.488,-1.5528216300786086,-0.9855084885004656,0,0,0.04291637200367404,0.6646539550056332,AllGestureWiimoteX,253
4,4,0.05,feature_ablation,mrsqm,1.0,1.0,0.0,-0.21518252631396206,-0.21518252317930453,0,0,0.04291637200367404,2.778299676720053e-05,AllGestureWiimoteX,253
4,4,0.1,feature_ablation,mrsqm,1.0,1.0,0.0,-0.6841056890318401,-0.684105684275586,0,0,0.04291637200367404,2.778299676720053e-05,AllGestureWiimoteX,253
4,4,0.2,feature_ablation,mrsqm,0.0,0.0,0.55,-1.5528216300786086,-0.9662363503106718,0,0,0.04291637200367404,2.778299676720053e-05,AllGestureWiimoteX,253
4,4,0.05,tshap_centroid,tshap_zero,1.0,1.0,0.0,0.1863168556669167,0.18631686220498345,0,0,0.05048582000017632,0.056597328002681024,AllGestureWiimoteX,253
4,4,0.1,tshap_centroid,tshap_zero,0.9230769230769231,0.96,0.004,-0.23788559509626384,-0.2727241418787053,0,0,0.05048582000017632,0.056597328002681024,AllGestureWiimoteX,253
4,4,0.2,tshap_centroid,tshap_zero,0.7857142857142857,0.88,0.024,-0.9663256113818789,-0.9022666874719899,0,0,0.05048582000017632,0.056597328002681024,AllGestureWiimoteX,253
4,4,0.05,tshap_centroid,tshap_train,0.47058823529411764,0.64,0.018,0.1863168556669167,0.18442372161019005,0,0,0.05048582000017632,0.6646539550056332,AllGestureWiimoteX,253
4,4,0.1,tshap_centroid,tshap_train,0.5873015873015873,0.74,0.026,-0.23788559509626384,-0.04428637414610781,0,0,0.05048582000017632,0.6646539550056332,AllGestureWiimoteX,253
4,4,0.2,tshap_centroid,tshap_train,0.941747572815534,0.97,0.006,-0.9663256113818789,-0.9855084885004656,0,0,0.05048582000017632,0.6646539550056332,AllGestureWiimoteX,253
4,4,0.05,tshap_centroid,mrsqm,0.0,0.0,0.142,0.1863168556669167,-0.21518252317930453,0,0,0.05048582000017632,2.778299676720053e-05,AllGestureWiimoteX,253
4,4,0.1,tshap_centroid,mrsqm,0.0,0.0,0.116,-0.23788559509626384,-0.684105684275586,0,0,0.05048582000017632,2.778299676720053e-05,AllGestureWiimoteX,253
4,4,0.2,tshap_centroid,mrsqm,0.4925373134328358,0.66,0.068,-0.9663256113818789,-0.9662363503106718,0,0,0.05048582000017632,2.778299676720053e-05,AllGestureWiimoteX,253
4,4,0.05,tshap_zero,tshap_train,0.47058823529411764,0.64,0.018,0.18631686220498345,0.18442372161019005,0,0,0.056597328002681024,0.6646539550056332,AllGestureWiimoteX,253
4,4,0.1,tshap_zero,tshap_train,0.5384615384615384,0.7,0.03,-0.2727241418787053,-0.04428637414610781,0,0,0.056597328002681024,0.6646539550056332,AllGestureWiimoteX,253
4,4,0.2,tshap_zero,tshap_train,0.7391304347826086,0.85,0.03,-0.9022666874719899,-0.9855084885004656,0,0,0.056597328002681024,0.6646539550056332,AllGestureWiimoteX,253
4,4,0.05,tshap_zero,mrsqm,0.0,0.0,0.142,0.18631686220498345,-0.21518252317930453,0,0,0.056597328002681024,2.778299676720053e-05,AllGestureWiimoteX,253
4,4,0.1,tshap_zero,mrsqm,0.0,0.0,0.12,-0.2727241418787053,-0.684105684275586,0,0,0.056597328002681024,2.778299676720053e-05,AllGestureWiimoteX,253
4,4,0.2,tshap_zero,mrsqm,0.3698630136986301,0.54,0.092,-0.9022666874719899,-0.9662363503106718,0,0,0.056597328002681024,2.778299676720053e-05,AllGestureWiimoteX,253
4,4,0.05,tshap_train,mrsqm,0.0,0.0,0.124,0.18442372161019005,-0.21518252317930453,0,0,0.6646539550056332,2.778299676720053e-05,AllGestureWiimoteX,253
4,4,0.1,tshap_train,mrsqm,0.05263157894736842,0.1,0.09,-0.04428637414610781,-0.684105684275586,0,0,0.6646539550056332,2.778299676720053e-05,AllGestureWiimoteX,253
4,4,0.2,tshap_train,mrsqm,0.5267175572519084,0.69,0.062,-0.9855084885004656,-0.9662363503106718,0,0,0.6646539550056332,2.778299676720053e-05,AllGestureWiimoteX,253
7,7,0.05,hydra,shapley_sampling,0.0,0.0,0.052,0.9076199411490475,0.45474299875941004,1,0,0.3209965059941169,1.0066722150004352,AllGestureWiimoteX,465
7,7,0.1,hydra,shapley_sampling,0.07526881720430108,0.14,0.086,1.1525042032104293,0.5518829844718263,1,1,0.3209965059941169,1.0066722150004352,AllGestureWiimoteX,465
7,7,0.2,hydra,shapley_sampling,1.0,1.0,0.0,1.6390781350679169,1.6390781305293074,1,1,0.3209965059941169,1.0066722150004352,AllGestureWiimoteX,465
7,7,0.05,hydra,feature_ablation,0.0,0.0,0.102,0.9076199411490475,-0.29466751094197097,1,0,0.3209965059941169,0.04279491300258087,AllGestureWiimoteX,465
7,7,0.1,hydra,feature_ablation,0.07526881720430108,0.14,0.086,1.1525042032104293,0.5518829804744839,1,1,0.3209965059941169,0.04279491300258087,AllGestureWiimoteX,465
7,7,0.2,hydra,feature_ablation,1.0,1.0,0.0,1.6390781350679169,1.6390781292872307,1,1,0.3209965059941169,0.04279491300258087,AllGestureWiimoteX,465
7,7,0.05,hydra,tshap_centroid,0.5151515151515151,0.68,0.016,0.9076199411490475,0.7821552996804293,1,1,0.3209965059941169,0.05364776900387369,AllGestureWiimoteX,465
7,7,0.1,hydra,tshap_centroid,0.8867924528301887,0.94,0.006,1.1525042032104293,1.177950300095781,1,1,0.3209965059941169,0.05364776900387369,AllGestureWiimoteX,465
7,7,0.2,hydra,tshap_centroid,0.5748031496062992,0.73,0.054,1.6390781350679169,1.1858042083687326,1,1,0.3209965059941169,0.05364776900387369,AllGestureWiimoteX,465
7,7,0.05,hydra,tshap_zero,0.5625,0.72,0.014,0.9076199411490475,0.7829582178596455,1,1,0.3209965059941169,0.056799629994202405,AllGestureWiimoteX,465
7,7,0.1,hydra,tshap_zero,0.9230769230769231,0.96,0.004,1.1525042032104293,1.151814573585412,1,1,0.3209965059941169,0.056799629994202405,AllGestureWiimoteX,465
7,7,0.2,hydra,tshap_zero,0.6666666666666666,0.8,0.04,1.6390781350679169,1.2717961678654084,1,1,0.3209965059941169,0.056799629994202405,AllGestureWiimoteX,465
7,7,0.05,hydra,tshap_train,0.5625,0.72,0.014,0.9076199411490475,0.7829582177667969,1,1,0.3209965059941169,0.6704906769955414,AllGestureWiimoteX,465
7,7,0.1,hydra,tshap_train,0.9230769230769231,0.96,0.004,1.1525042032104293,1.151814571179024,1,1,0.3209965059941169,0.6704906769955414,AllGestureWiimoteX,465
7,7,0.2,hydra,tshap_train,0.639344262295082,0.78,0.044,1.6390781350679169,1.2941371436795692,1,1,0.3209965059941169,0.6704906769955414,AllGestureWiimoteX,465
7,7,0.05,hydra,mrsqm,0.0,0.0,0.102,0.9076199411490475,-0.294667508849898,1,0,0.3209965059941169,2.6570000045467168e-05,AllGestureWiimoteX,465
7,7,0.1,hydra,mrsqm,0.07526881720430108,0.14,0.086,1.1525042032104293,0.5518829824649003,1,1,0.3209965059941169,2.6570000045467168e-05,AllGestureWiimoteX,465
7,7,0.2,hydra,mrsqm,1.0,1.0,0.0,1.6390781350679169,1.6390781338150489,1,1,0.3209965059941169,2.6570000045467168e-05,AllGestureWiimoteX,465
7,7,0.05,shapley_sampling,feature_ablation,0.0,0.0,0.05,0.45474299875941004,-0.29466751094197097,0,0,1.0066722150004352,0.04279491300258087,AllGestureWiimoteX,465
7,7,0.1,shapley_sampling,feature_ablation,1.0,1.0,0.0,0.5518829844718263,0.5518829804744839,1,1,1.0066722150004352,0.04279491300258087,AllGestureWiimoteX,465
7,7,0.2,shapley_sampling,feature_ablation,1.0,1.0,0.0,1.6390781305293074,1.6390781292872307,1,1,1.0066722150004352,0.04279491300258087,AllGestureWiimoteX,465
7,7,0.05,shapley_sampling,tshap_centroid,0.0,0.0,0.068,0.45474299875941004,0.7821552996804293,0,1,1.0066722150004352,0.05364776900387369,AllGestureWiimoteX,465
7,7,0.1,shapley_sampling,tshap_centroid,0.041666666666666664,0.08,0.092,0.5518829844718263,1.177950300095781,1,1,1.0066722150004352,0.05364776900387369,AllGestureWiimoteX,465
7,7,0.2,shapley_sampling,tshap_centroid,0.5748031496062992,0.73,0.054,1.6390781305293074,1.1858042083687326,1,1,1.0066722150004352,0.05364776900387369,AllGestureWiimoteX,465
7,7,0.05,shapley_sampling,tshap_zero,0.0,0.0,0.066,0.45474299875941004,0.7829582178596455,0,1,1.0066722150004352,0.056799629994202405,AllGestureWiimoteX,465
7,7,0.1,shapley_sampling,tshap_zero,0.05263157894736842,0.1,0.09,0.5518829844718263,1.151814573585412,1,1,1.0066722150004352,0.056799629994202405,AllGestureWiimoteX,465
7,7,0.2,shapley_sampling,tshap_zero,0.6666666666666666,0.8,0.04,1.6390781305293074,1.2717961678654084,1,1,1.0066722150004352,0.056799629994202405,AllGestureWiimoteX,465
7,7,0.05,shapley_sampling,tshap_train,0.0,0.0,0.066,0.45474299875941004,0.7829582177667969,0,1,1.0066722150004352,0.6704906769955414,AllGestureWiimoteX,465
7,7,0.1,shapley_sampling,tshap_train,0.05263157894736842,0.1,0.09,0.5518829844718263,1.151814571179024,1,1,1.0066722150004352,0.6704906769955414,AllGestureWiimoteX,465
7,7,0.2,shapley_sampling,tshap_train,0.639344262295082,0.78,0.044,1.6390781305293074,1.2941371436795692,1,1,1.0066722150004352,0.6704906769955414,AllGestureWiimoteX,465
7,7,0.05,shapley_sampling,mrsqm,0.0,0.0,0.05,0.45474299875941004,-0.294667508849898,0,0,1.0066722150004352,2.6570000045467168e-05,AllGestureWiimoteX,465
7,7,0.1,shapley_sampling,mrsqm,1.0,1.0,0.0,0.5518829844718263,0.5518829824649003,1,1,1.0066722150004352,2.6570000045467168e-05,AllGestureWiimoteX,465
7,7,0.2,shapley_sampling,mrsqm,1.0,1.0,0.0,1.6390781305293074,1.6390781338150489,1,1,1.0066722150004352,2.6570000045467168e-05,AllGestureWiimoteX,465
7,7,0.05,feature_ablation,tshap_centroid,0.0,0.0,0.118,-0.29466751094197097,0.7821552996804293,0,1,0.04279491300258087,0.05364776900387369,AllGestureWiimoteX,465
7,7,0.1,feature_ablation,tshap_centroid,0.041666666666666664,0.08,0.092,0.5518829804744839,1.177950300095781,1,1,0.04279491300258087,0.05364776900387369,AllGestureWiimoteX,465
7,7,0.2,feature_ablation,tshap_centroid,0.5748031496062992,0.73,0.054,1.6390781292872307,1.1858042083687326,1,1,0.04279491300258087,0.05364776900387369,AllGestureWiimoteX,465
7,7,0.05,feature_ablation,tshap_zero,0.0,0.0,0.116,-0.29466751094197097,0.7829582178596455,0,1,0.04279491300258087,0.056799629994202405,AllGestureWiimoteX,465
7,7,0.1,feature_ablation,tshap_zero,0.05263157894736842,0.1,0.09,0.5518829804744839,1.151814573585412,1,1,0.04279491300258087,0.056799629994202405,AllGestureWiimoteX,465
7,7,0.2,feature_ablation,tshap_zero,0.6666666666666666,0.8,0.04,1.6390781292872307,1.2717961678654084,1,1,0.04279491300258087,0.056799629994202405,AllGestureWiimoteX,465
7,7,0.05,feature_ablation,tshap_train,0.0,0.0,0.116,-0.29466751094197097,0.7829582177667969,0,1,0.04279491300258087,0.6704906769955414,AllGestureWiimoteX,465
7,7,0.1,feature_ablation,tshap_train,0.05263157894736842,0.1,0.09,0.5518829804744839,1.151814571179024,1,1,0.04279491300258087,0.6704906769955414,AllGestureWiimoteX,465
7,7,0.2,feature_ablation,tshap_train,0.639344262295082,0.78,0.044,1.6390781292872307,1.2941371436795692,1,1,0.04279491300258087,0.6704906769955414,AllGestureWiimoteX,465
7,7,0.05,feature_ablation,mrsqm,1.0,1.0,0.0,-0.29466751094197097,-0.294667508849898,0,0,0.04279491300258087,2.6570000045467168e-05,AllGestureWiimoteX,465
7,7,0.1,feature_ablation,mrsqm,1.0,1.0,0.0,0.5518829804744839,0.5518829824649003,1,1,0.04279491300258087,2.6570000045467168e-05,AllGestureWiimoteX,465
7,7,0.2,feature_ablation,mrsqm,1.0,1.0,0.0,1.6390781292872307,1.6390781338150489,1,1,0.04279491300258087,2.6570000045467168e-05,AllGestureWiimoteX,465
7,7,0.05,tshap_centroid,tshap_zero,0.9230769230769231,0.96,0.002,0.7821552996804293,0.7829582178596455,1,1,0.05364776900387369,0.056799629994202405,AllGestureWiimoteX,465
7,7,0.1,tshap_centroid,tshap_zero,0.9607843137254902,0.98,0.002,1.177950300095781,1.151814573585412,1,1,0.05364776900387369,0.056799629994202405,AllGestureWiimoteX,465
7,7,0.2,tshap_centroid,tshap_zero,0.8691588785046729,0.93,0.014,1.1858042083687326,1.2717961678654084,1,1,0.05364776900387369,0.056799629994202405,AllGestureWiimoteX,465
7,7,0.05,tshap_centroid,tshap_train,0.9230769230769231,0.96,0.002,0.7821552996804293,0.7829582177667969,1,1,0.05364776900387369,0.6704906769955414,AllGestureWiimoteX,465
7,7,0.1,tshap_centroid,tshap_train,0.9607843137254902,0.98,0.002,1.177950300095781,1.151814571179024,1,1,0.05364776900387369,0.6704906769955414,AllGestureWiimoteX,465
7,7,0.2,tshap_centroid,tshap_train,0.9047619047619048,0.95,0.01,1.1858042083687326,1.2941371436795692,1,1,0.05364776900387369,0.6704906769955414,AllGestureWiimoteX,465
7,7,0.05,tshap_centroid,mrsqm,0.0,0.0,0.118,0.7821552996804293,-0.294667508849898,1,0,0.05364776900387369,2.6570000045467168e-05,AllGestureWiimoteX,465
7,7,0.1,tshap_centroid,mrsqm,0.041666666666666664,0.08,0.092,1.177950300095781,0.5518829824649003,1,1,0.05364776900387369,2.6570000045467168e-05,AllGestureWiimoteX,465
7,7,0.2,tshap_centroid,mrsqm,0.5748031496062992,0.73,0.054,1.1858042083687326,1.6390781338150489,1,1,0.05364776900387369,2.6570000045467168e-05,AllGestureWiimoteX,465
7,7,0.05,tshap_zero,tshap_train,1.0,1.0,0.0,0.7829582178596455,0.7829582177667969,1,1,0.056799629994202405,0.6704906769955414,AllGestureWiimoteX,465
7,7,0.1,tshap_zero,tshap_train,1.0,1.0,0.0,1.151814573585412,1.151814571179024,1,1,0.056799629994202405,0.6704906769955414,AllGestureWiimoteX,465
7,7,0.2,tshap_zero,tshap_train,0.9607843137254902,0.98,0.004,1.2717961678654084,1.2941371436795692,1,1,0.056799629994202405,0.6704906769955414,AllGestureWiimoteX,465
7,7,0.05,tshap_zero,mrsqm,0.0,0.0,0.116,0.7829582178596455,-0.294667508849898,1,0,0.056799629994202405,2.6570000045467168e-05,AllGestureWiimoteX,465
7,7,0.1,tshap_zero,mrsqm,0.05263157894736842,0.1,0.09,1.151814573585412,0.5518829824649003,1,1,0.056799629994202405,2.6570000045467168e-05,AllGestureWiimoteX,465
7,7,0.2,tshap_zero,mrsqm,0.6666666666666666,0.8,0.04,1.2717961678654084,1.6390781338150489,1,1,0.056799629994202405,2.6570000045467168e-05,AllGestureWiimoteX,465
7,7,0.05,tshap_train,mrsqm,0.0,0.0,0.116,0.7829582177667969,-0.294667508849898,1,0,0.6704906769955414,2.6570000045467168e-05,AllGestureWiimoteX,465
7,7,0.1,tshap_train,mrsqm,0.05263157894736842,0.1,0.09,1.151814571179024,0.5518829824649003,1,1,0.6704906769955414,2.6570000045467168e-05,AllGestureWiimoteX,465
7,7,0.2,tshap_train,mrsqm,0.639344262295082,0.78,0.044,1.2941371436795692,1.6390781338150489,1,1,0.6704906769955414,2.6570000045467168e-05,AllGestureWiimoteX,465
5,5,0.05,hydra,shapley_sampling,0.0,0.0,0.88,-0.0876886870249507,-0.21982966390566205,0,0,0.32320186300057685,1.008207938997657,AllGestureWiimoteX,333
5,5,0.1,hydra,shapley_sampling,0.0,0.0,0.9,0.11395330321687169,-0.07957692210782608,0,0,0.32320186300057685,1.008207938997657,AllGestureWiimoteX,333
5,5,0.2,hydra,shapley_sampling,0.6129032258064516,0.76,0.048,0.3983828783271657,0.32203575667748663,1,1,0.32320186300057685,1.008207938997657,AllGestureWiimoteX,333
5,5,0.05,hydra,feature_ablation,0.0,0.0,0.88,-0.0876886870249507,-0.2198296603806732,0,0,0.32320186300057685,0.04262455199932447,AllGestureWiimoteX,333
5,5,0.1,hydra,feature_ablation,0.0,0.0,0.9,0.11395330321687169,-0.07957692252850068,0,0,0.32320186300057685,0.04262455199932447,AllGestureWiimoteX,333
5,5,0.2,hydra,feature_ablation,0.6129032258064516,0.76,0.048,0.3983828783271657,0.3220357596830238,1,1,0.32320186300057685,0.04262455199932447,AllGestureWiimoteX,333
5,5,0.05,hydra,tshap_centroid,0.0,0.0,0.382,-0.0876886870249507,0.15148926797806617,0,0,0.32320186300057685,0.04999465400032932,AllGestureWiimoteX,333
5,5,0.1,hydra,tshap_centroid,0.0,0.0,0.388,0.11395330321687169,0.3993961641536393,0,1,0.32320186300057685,0.04999465400032932,AllGestureWiimoteX,333
5,5,0.2,hydra,tshap_centroid,0.0,0.0,0.4,0.3983828783271657,0.5062600524063268,1,1,0.32320186300057685,0.04999465400032932,AllGestureWiimoteX,333
5,5,0.05,hydra,tshap_zero,0.0,0.0,0.754,-0.0876886870249507,0.2793629716831654,0,0,0.32320186300057685,0.05669311900419416,AllGestureWiimoteX,333
5,5,0.1,hydra,tshap_zero,0.0,0.0,0.732,0.11395330321687169,0.3303104931476688,0,1,0.32320186300057685,0.05669311900419416,AllGestureWiimoteX,333
5,5,0.2,hydra,tshap_zero,0.25,0.4,0.12,0.3983828783271657,0.8546436696446414,1,1,0.32320186300057685,0.05669311900419416,AllGestureWiimoteX,333
5,5,0.05,hydra,tshap_train,0.0,0.0,0.766,-0.0876886870249507,0.22454695458204715,0,0,0.32320186300057685,0.6597508139966521,AllGestureWiimoteX,333
5,5,0.1,hydra,tshap_train,0.0,0.0,0.76,0.11395330321687169,0.41835470470077085,0,1,0.32320186300057685,0.6597508139966521,AllGestureWiimoteX,333
5,5,0.2,hydra,tshap_train,0.5267175572519084,0.69,0.062,0.3983828783271657,0.7852941004446466,1,1,0.32320186300057685,0.6597508139966521,AllGestureWiimoteX,333
5,5,0.05,hydra,mrsqm,0.0,0.0,0.93,-0.0876886870249507,0.07721592629610241,0,0,0.32320186300057685,2.5768000341486186e-05,AllGestureWiimoteX,333
5,5,0.1,hydra,mrsqm,0.0,0.0,0.9,0.11395330321687169,-0.07957692104418146,0,0,0.32320186300057685,2.5768000341486186e-05,AllGestureWiimoteX,333
5,5,0.2,hydra,mrsqm,0.6129032258064516,0.76,0.048,0.3983828783271657,0.3220357535302103,1,1,0.32320186300057685,2.5768000341486186e-05,AllGestureWiimoteX,333
5,5,0.05,shapley_sampling,feature_ablation,1.0,1.0,0.0,-0.21982966390566205,-0.2198296603806732,0,0,1.008207938997657,0.04262455199932447,AllGestureWiimoteX,333
5,5,0.1,shapley_sampling,feature_ablation,1.0,1.0,0.0,-0.07957692210782608,-0.07957692252850068,0,0,1.008207938997657,0.04262455199932447,AllGestureWiimoteX,333
5,5,0.2,shapley_sampling,feature_ablation,1.0,1.0,0.0,0.32203575667748663,0.3220357596830238,1,1,1.008207938997657,0.04262455199932447,AllGestureWiimoteX,333
5,5,0.05,shapley_sampling,tshap_centroid,0.0,0.0,0.498,-0.21982966390566205,0.15148926797806617,0,0,1.008207938997657,0.04999465400032932,AllGestureWiimoteX,333
5,5,0.1,shapley_sampling,tshap_centroid,0.0,0.0,0.512,-0.07957692210782608,0.3993961641536393,0,1,1.008207938997657,0.04999465400032932,AllGestureWiimoteX,333
5,5,0.2,shapley_sampling,tshap_centroid,0.0,0.0,0.448,0.32203575667748663,0.5062600524063268,1,1,1.008207938997657,0.04999465400032932,AllGestureWiimoteX,333
5,5,0.05,shapley_sampling,tshap_zero,0.0,0.0,0.126,-0.21982966390566205,0.2793629716831654,0,0,1.008207938997657,0.05669311900419416,AllGestureWiimoteX,333
5,5,0.1,shapley_sampling,tshap_zero,0.0,0.0,0.168,-0.07957692210782608,0.3303104931476688,0,1,1.008207938997657,0.05669311900419416,AllGestureWiimoteX,333
5,5,0.2,shapley_sampling,tshap_zero,0.08695652173913043,0.16,0.168,0.32203575667748663,0.8546436696446414,1,1,1.008207938997657,0.05669311900419416,AllGestureWiimoteX,333
5,5,0.05,shapley_sampling,tshap_train,0.0,0.0,0.114,-0.21982966390566205,0.22454695458204715,0,0,1.008207938997657,0.6597508139966521,AllGestureWiimoteX,333
5,5,0.1,shapley_sampling,tshap_train,0.0,0.0,0.14,-0.07957692210782608,0.41835470470077085,0,1,1.008207938997657,0.6597508139966521,AllGestureWiimoteX,333
5,5,0.2,shapley_sampling,tshap_train,0.2903225806451613,0.45,0.11,0.32203575667748663,0.7852941004446466,1,1,1.008207938997657,0.6597508139966521,AllGestureWiimoteX,333
5,5,0.05,shapley_sampling,mrsqm,0.0,0.0,0.05,-0.21982966390566205,0.07721592629610241,0,0,1.008207938997657,2.5768000341486186e-05,AllGestureWiimoteX,333
5,5,0.1,shapley_sampling,mrsqm,1.0,1.0,0.0,-0.07957692210782608,-0.07957692104418146,0,0,1.008207938997657,2.5768000341486186e-05,AllGestureWiimoteX,333
5,5,0.2,shapley_sampling,mrsqm,1.0,1.0,0.0,0.32203575667748663,0.3220357535302103,1,1,1.008207938997657,2.5768000341486186e-05,AllGestureWiimoteX,333
5,5,0.05,feature_ablation,tshap_centroid,0.0,0.0,0.498,-0.2198296603806732,0.15148926797806617,0,0,0.04262455199932447,0.04999465400032932,AllGestureWiimoteX,333
5,5,0.1,feature_ablation,tshap_centroid,0.0,0.0,0.512,-0.07957692252850068,0.3993961641536393,0,1,0.04262455199932447,0.04999465400032932,AllGestureWiimoteX,333
5,5,0.2,feature_ablation,tshap_centroid,0.0,0.0,0.448,0.3220357596830238,0.5062600524063268,1,1,0.04262455199932447,0.04999465400032932,AllGestureWiimoteX,333
5,5,0.05,feature_ablation,tshap_zero,0.0,0.0,0.126,-0.2198296603806732,0.2793629716831654,0,0,0.04262455199932447,0.05669311900419416,AllGestureWiimoteX,333
5,5,0.1,feature_ablation,tshap_zero,0.0,0.0,0.168,-0.07957692252850068,0.3303104931476688,0,1,0.04262455199932447,0.05669311900419416,AllGestureWiimoteX,333
5,5,0.2,feature_ablation,tshap_zero,0.08695652173913043,0.16,0.168,0.3220357596830238,0.8546436696446414,1,1,0.04262455199932447,0.05669311900419416,AllGestureWiimoteX,333
5,5,0.05,feature_ablation,tshap_train,0.0,0.0,0.114,-0.2198296603806732,0.22454695458204715,0,0,0.04262455199932447,0.6597508139966521,AllGestureWiimoteX,333
5,5,0.1,feature_ablation,tshap_train,0.0,0.0,0.14,-0.07957692252850068,0.41835470470077085,0,1,0.04262455199932447,0.6597508139966521,AllGestureWiimoteX,333
5,5,0.2,feature_ablation,tshap_train,0.2903225806451613,0.45,0.11,0.3220357596830238,0.7852941004446466,1,1,0.04262455199932447,0.6597508139966521,AllGestureWiimoteX,333
5,5,0.05,feature_ablation,mrsqm,0.0,0.0,0.05,-0.2198296603806732,0.07721592629610241,0,0,0.04262455199932447,2.5768000341486186e-05,AllGestureWiimoteX,333
5,5,0.1,feature_ablation,mrsqm,1.0,1.0,0.0,-0.07957692252850068,-0.07957692104418146,0,0,0.04262455199932447,2.5768000341486186e-05,AllGestureWiimoteX,333
5,5,0.2,feature_ablation,mrsqm,1.0,1.0,0.0,0.3220357596830238,0.3220357535302103,1,1,0.04262455199932447,2.5768000341486186e-05,AllGestureWiimoteX,333
5,5,0.05,tshap_centroid,tshap_zero,0.0,0.0,0.372,0.15148926797806617,0.2793629716831654,0,0,0.04999465400032932,0.05669311900419416,AllGestureWiimoteX,333
5,5,0.1,tshap_centroid,tshap_zero,0.0,0.0,0.344,0.3993961641536393,0.3303104931476688,1,1,0.04999465400032932,0.05669311900419416,AllGestureWiimoteX,333
5,5,0.2,tshap_centroid,tshap_zero,0.0,0.0,0.28,0.5062600524063268,0.8546436696446414,1,1,0.04999465400032932,0.05669311900419416,AllGestureWiimoteX,333
5,5,0.05,tshap_centroid,tshap_train,0.0,0.0,0.384,0.15148926797806617,0.22454695458204715,0,0,0.04999465400032932,0.6597508139966521,AllGestureWiimoteX,333
5,5,0.1,tshap_centroid,tshap_train,0.0,0.0,0.372,0.3993961641536393,0.41835470470077085,1,1,0.04999465400032932,0.6597508139966521,AllGestureWiimoteX,333
5,5,0.2,tshap_centroid,tshap_train,0.0,0.0,0.338,0.5062600524063268,0.7852941004446466,1,1,0.04999465400032932,0.6597508139966521,AllGestureWiimoteX,333
5,5,0.05,tshap_centroid,mrsqm,0.0,0.0,0.548,0.15148926797806617,0.07721592629610241,0,0,0.04999465400032932,2.5768000341486186e-05,AllGestureWiimoteX,333
5,5,0.1,tshap_centroid,mrsqm,0.0,0.0,0.512,0.3993961641536393,-0.07957692104418146,1,0,0.04999465400032932,2.5768000341486186e-05,AllGestureWiimoteX,333
5,5,0.2,tshap_centroid,mrsqm,0.0,0.0,0.448,0.5062600524063268,0.3220357535302103,1,1,0.04999465400032932,2.5768000341486186e-05,AllGestureWiimoteX,333
5,5,0.05,tshap_zero,tshap_train,0.6129032258064516,0.76,0.012,0.2793629716831654,0.22454695458204715,0,0,0.05669311900419416,0.6597508139966521,AllGestureWiimoteX,333
5,5,0.1,tshap_zero,tshap_train,0.5625,0.72,0.028,0.3303104931476688,0.41835470470077085,1,1,0.05669311900419416,0.6597508139966521,AllGestureWiimoteX,333
5,5,0.2,tshap_zero,tshap_train,0.5503875968992248,0.71,0.058,0.8546436696446414,0.7852941004446466,1,1,0.05669311900419416,0.6597508139966521,AllGestureWiimoteX,333
5,5,0.05,tshap_zero,mrsqm,0.0,0.0,0.176,0.2793629716831654,0.07721592629610241,0,0,0.05669311900419416,2.5768000341486186e-05,AllGestureWiimoteX,333
5,5,0.1,tshap_zero,mrsqm,0.0,0.0,0.168,0.3303104931476688,-0.07957692104418146,1,0,0.05669311900419416,2.5768000341486186e-05,AllGestureWiimoteX,333
5,5,0.2,tshap_zero,mrsqm,0.08695652173913043,0.16,0.168,0.8546436696446414,0.3220357535302103,1,1,0.05669311900419416,2.5768000341486186e-05,AllGestureWiimoteX,333
5,5,0.05,tshap_train,mrsqm,0.0,0.0,0.164,0.22454695458204715,0.07721592629610241,0,0,0.6597508139966521,2.5768000341486186e-05,AllGestureWiimoteX,333
5,5,0.1,tshap_train,mrsqm,0.0,0.0,0.14,0.41835470470077085,-0.07957692104418146,1,0,0.6597508139966521,2.5768000341486186e-05,AllGestureWiimoteX,333
5,5,0.2,tshap_train,mrsqm,0.2903225806451613,0.45,0.11,0.7852941004446466,0.3220357535302103,1,1,0.6597508139966521,2.5768000341486186e-05,AllGestureWiimoteX,333
