true_label,pred_label,fraction,method_a,method_b,iou,overlap_fraction,normalised_centre_distance,score_drop_a,score_drop_b,flipped_a,flipped_b,explain_time_a_s,explain_time_b_s,dataset,sample_idx
9,9,0.05,hydra,shapley_sampling,1.0,1.0,0.0,0.37094611476443007,0.3709461274233524,0,0,0.3458887649976532,1.0429167110050912,AllGestureWiimoteY,561
9,9,0.1,hydra,shapley_sampling,1.0,1.0,0.0,0.6895612558704101,0.6895612623583907,0,0,0.3458887649976532,1.0429167110050912,AllGestureWiimoteY,561
9,9,0.2,hydra,shapley_sampling,1.0,1.0,0.0,0.8399598356110572,0.839959828838214,1,1,0.3458887649976532,1.0429167110050912,AllGestureWiimoteY,561
9,9,0.05,hydra,feature_ablation,1.0,1.0,0.0,0.37094611476443007,0.3709461160070642,0,0,0.3458887649976532,0.04299323699524393,AllGestureWiimoteY,561
9,9,0.1,hydra,feature_ablation,1.0,1.0,0.0,0.6895612558704101,0.6895612560965013,0,0,0.3458887649976532,0.04299323699524393,AllGestureWiimoteY,561
9,9,0.2,hydra,feature_ablation,1.0,1.0,0.0,0.8399598356110572,0.839959831514174,1,1,0.3458887649976532,0.04299323699524393,AllGestureWiimoteY,561
9,9,0.05,hydra,tshap_centroid,0.0,0.0,0.056,0.37094611476443007,0.9514543753307969,0,1,0.3458887649976532,0.05395407600008184,AllGestureWiimoteY,561
9,9,0.1,hydra,tshap_centroid,0.5151515151515151,0.68,0.032,0.6895612558704101,0.9154132986930276,0,1,0.3458887649976532,0.05395407600008184,AllGestureWiimoteY,561
9,9,0.2,hydra,tshap_centroid,0.9047619047619048,0.95,0.01,0.8399598356110572,0.819208578604822,1,0,0.3458887649976532,0.05395407600008184,AllGestureWiimoteY,561
9,9,0.05,hydra,tshap_zero,0.0,0.0,0.05,0.37094611476443007,0.9786003530099998,0,1,0.3458887649976532,0.056893906999903265,AllGestureWiimoteY,561
9,9,0.1,hydra,tshap_zero,0.639344262295082,0.78,0.022,0.6895612558704101,0.808966414462778,0,0,0.3458887649976532,0.056893906999903265,AllGestureWiimoteY,561
9,9,0.2,hydra,tshap_zero,1.0,1.0,0.0,0.8399598356110572,0.8399598271425204,1,1,0.3458887649976532,0.056893906999903265,AllGestureWiimoteY,561
9,9,0.05,hydra,tshap_train,0.0,0.0,0.056,0.37094611476443007,0.9514543745758547,0,1,0.3458887649976532,0.6840744799992535,AllGestureWiimoteY,561
9,9,0.1,hydra,tshap_train,0.5151515151515151,0.68,0.032,0.6895612558704101,0.9154132935847699,0,1,0.3458887649976532,0.6840744799992535,AllGestureWiimoteY,561
9,9,0.2,hydra,tshap_train,0.941747572815534,0.97,0.006,0.8399598356110572,0.8382687746593309,1,1,0.3458887649976532,0.6840744799992535,AllGestureWiimoteY,561
9,9,0.05,hydra,mrsqm,1.0,1.0,0.0,0.37094611476443007,0.3709461272746146,0,0,0.3458887649976532,3.014699905179441e-05,AllGestureWiimoteY,561
9,9,0.1,hydra,mrsqm,1.0,1.0,0.0,0.6895612558704101,0.68956125620597,0,0,0.3458887649976532,3.014699905179441e-05,AllGestureWiimoteY,561
9,9,0.2,hydra,mrsqm,1.0,1.0,0.0,0.8399598356110572,0.8399598285493166,1,1,0.3458887649976532,3.014699905179441e-05,AllGestureWiimoteY,561
9,9,0.05,shapley_sampling,feature_ablation,1.0,1.0,0.0,0.3709461274233524,0.3709461160070642,0,0,1.0429167110050912,0.04299323699524393,AllGestureWiimoteY,561
9,9,0.1,shapley_sampling,feature_ablation,1.0,1.0,0.0,0.6895612623583907,0.6895612560965013,0,0,1.0429167110050912,0.04299323699524393,AllGestureWiimoteY,561
9,9,0.2,shapley_sampling,feature_ablation,1.0,1.0,0.0,0.839959828838214,0.839959831514174,1,1,1.0429167110050912,0.04299323699524393,AllGestureWiimoteY,561
9,9,0.05,shapley_sampling,tshap_centroid,0.0,0.0,0.056,0.3709461274233524,0.9514543753307969,0,1,1.0429167110050912,0.05395407600008184,AllGestureWiimoteY,561
9,9,0.1,shapley_sampling,tshap_centroid,0.5151515151515151,0.68,0.032,0.6895612623583907,0.9154132986930276,0,1,1.0429167110050912,0.05395407600008184,AllGestureWiimoteY,561
9,9,0.2,shapley_sampling,tshap_centroid,0.9047619047619048,0.95,0.01,0.839959828838214,0.819208578604822,1,0,1.0429167110050912,0.05395407600008184,AllGestureWiimoteY,561
9,9,0.05,shapley_sampling,tshap_zero,0.0,0.0,0.05,0.3709461274233524,0.9786003530099998,0,1,1.0429167110050912,0.056893906999903265,AllGestureWiimoteY,561
9,9,0.1,shapley_sampling,tshap_zero,0.639344262295082,0.78,0.022,0.6895612623583907,0.808966414462778,0,0,1.0429167110050912,0.056893906999903265,AllGestureWiimoteY,561
9,9,0.2,shapley_sampling,tshap_zero,1.0,1.0,0.0,0.839959828838214,0.8399598271425204,1,1,1.0429167110050912,0.056893906999903265,AllGestureWiimoteY,561
9,9,0.05,shapley_sampling,tshap_train,0.0,0.0,0.056,0.3709461274233524,0.9514543745758547,0,1,1.0429167110050912,0.6840744799992535,AllGestureWiimoteY,561
9,9,0.1,shapley_sampling,tshap_train,0.5151515151515151,0.68,0.032,0.6895612623583907,0.9154132935847699,0,1,1.0429167110050912,0.6840744799992535,AllGestureWiimoteY,561
9,9,0.2,shapley_sampling,tshap_train,0.941747572815534,0.97,0.006,0.839959828838214,0.8382687746593309,1,1,1.0429167110050912,0.6840744799992535,AllGestureWiimoteY,561
9,9,0.05,shapley_sampling,mrsqm,1.0,1.0,0.0,0.3709461274233524,0.3709461272746146,0,0,1.0429167110050912,3.014699905179441e-05,AllGestureWiimoteY,561
9,9,0.1,shapley_sampling,mrsqm,1.0,1.0,0.0,0.6895612623583907,0.68956125620597,0,0,1.0429167110050912,3.014699905179441e-05,AllGestureWiimoteY,561
9,9,0.2,shapley_sampling,mrsqm,1.0,1.0,0.0,0.839959828838214,0.8399598285493166,1,1,1.0429167110050912,3.014699905179441e-05,AllGestureWiimoteY,561
9,9,0.05,feature_ablation,tshap_centroid,0.0,0.0,0.056,0.3709461160070642,0.9514543753307969,0,1,0.04299323699524393,0.05395407600008184,AllGestureWiimoteY,561
9,9,0.1,feature_ablation,tshap_centroid,0.5151515151515151,0.68,0.032,0.6895612560965013,0.9154132986930276,0,1,0.04299323699524393,0.05395407600008184,AllGestureWiimoteY,561
9,9,0.2,feature_ablation,tshap_centroid,0.9047619047619048,0.95,0.01,0.839959831514174,0.819208578604822,1,0,0.04299323699524393,0.05395407600008184,AllGestureWiimoteY,561
9,9,0.05,feature_ablation,tshap_zero,0.0,0.0,0.05,0.3709461160070642,0.9786003530099998,0,1,0.04299323699524393,0.056893906999903265,AllGestureWiimoteY,561
9,9,0.1,feature_ablation,tshap_zero,0.639344262295082,0.78,0.022,0.6895612560965013,0.808966414462778,0,0,0.04299323699524393,0.056893906999903265,AllGestureWiimoteY,561
9,9,0.2,feature_ablation,tshap_zero,1.0,1.0,0.0,0.839959831514174,0.8399598271425204,1,1,0.04299323699524393,0.056893906999903265,AllGestureWiimoteY,561
9,9,0.05,feature_ablation,tshap_train,0.0,0.0,0.056,0.3709461160070642,0.9514543745758547,0,1,0.04299323699524393,0.6840744799992535,AllGestureWiimoteY,561
9,9,0.1,feature_ablation,tshap_train,0.5151515151515151,0.68,0.032,0.6895612560965013,0.9154132935847699,0,1,0.04299323699524393,0.6840744799992535,AllGestureWiimoteY,561
9,9,0.2,feature_ablation,tshap_train,0.941747572815534,0.97,0.006,0.839959831514174,0.8382687746593309,1,1,0.04299323699524393,0.6840744799992535,AllGestureWiimoteY,561
9,9,0.05,feature_ablation,mrsqm,1.0,1.0,0.0,0.3709461160070642,0.3709461272746146,0,0,0.04299323699524393,3.014699905179441e-05,AllGestureWiimoteY,561
9,9,0.1,feature_ablation,mrsqm,1.0,1.0,0.0,0.6895612560965013,0.68956125620597,0,0,0.04299323699524393,3.014699905179441e-05,AllGestureWiimoteY,561
9,9,0.2,feature_ablation,mrsqm,1.0,1.0,0.0,0.839959831514174,0.8399598285493166,1,1,0.04299323699524393,3.014699905179441e-05,AllGestureWiimoteY,561
9,9,0.05,tshap_centroid,tshap_zero,0.7857142857142857,0.88,0.006,0.9514543753307969,0.9786003530099998,1,1,0.05395407600008184,0.056893906999903265,AllGestureWiimoteY,561
9,9,0.1,tshap_centroid,tshap_zero,0.8181818181818182,0.9,0.01,0.9154132986930276,0.808966414462778,1,0,0.05395407600008184,0.056893906999903265,AllGestureWiimoteY,561
9,9,0.2,tshap_centroid,tshap_zero,0.9047619047619048,0.95,0.01,0.819208578604822,0.8399598271425204,0,1,0.05395407600008184,0.056893906999903265,AllGestureWiimoteY,561
9,9,0.05,tshap_centroid,tshap_train,1.0,1.0,0.0,0.9514543753307969,0.9514543745758547,1,1,0.05395407600008184,0.6840744799992535,AllGestureWiimoteY,561
9,9,0.1,tshap_centroid,tshap_train,1.0,1.0,0.0,0.9154132986930276,0.9154132935847699,1,1,0.05395407600008184,0.6840744799992535,AllGestureWiimoteY,561
9,9,0.2,tshap_centroid,tshap_train,0.9607843137254902,0.98,0.004,0.819208578604822,0.8382687746593309,0,1,0.05395407600008184,0.6840744799992535,AllGestureWiimoteY,561
9,9,0.05,tshap_centroid,mrsqm,0.0,0.0,0.056,0.9514543753307969,0.3709461272746146,1,0,0.05395407600008184,3.014699905179441e-05,AllGestureWiimoteY,561
9,9,0.1,tshap_centroid,mrsqm,0.5151515151515151,0.68,0.032,0.9154132986930276,0.68956125620597,1,0,0.05395407600008184,3.014699905179441e-05,AllGestureWiimoteY,561
9,9,0.2,tshap_centroid,mrsqm,0.9047619047619048,0.95,0.01,0.819208578604822,0.8399598285493166,0,1,0.05395407600008184,3.014699905179441e-05,AllGestureWiimoteY,561
9,9,0.05,tshap_zero,tshap_train,0.7857142857142857,0.88,0.006,0.9786003530099998,0.9514543745758547,1,1,0.056893906999903265,0.6840744799992535,AllGestureWiimoteY,561
9,9,0.1,tshap_zero,tshap_train,0.8181818181818182,0.9,0.01,0.808966414462778,0.9154132935847699,0,1,0.056893906999903265,0.6840744799992535,AllGestureWiimoteY,561
9,9,0.2,tshap_zero,tshap_train,0.941747572815534,0.97,0.006,0.8399598271425204,0.8382687746593309,1,1,0.056893906999903265,0.6840744799992535,AllGestureWiimoteY,561
9,9,0.05,tshap_zero,mrsqm,0.0,0.0,0.05,0.9786003530099998,0.3709461272746146,1,0,0.056893906999903265,3.014699905179441e-05,AllGestureWiimoteY,561
9,9,0.1,tshap_zero,mrsqm,0.639344262295082,0.78,0.022,0.808966414462778,0.68956125620597,0,0,0.056893906999903265,3.014699905179441e-05,AllGestureWiimoteY,561
9,9,0.2,tshap_zero,mrsqm,1.0,1.0,0.0,0.8399598271425204,0.8399598285493166,1,1,0.056893906999903265,3.014699905179441e-05,AllGestureWiimoteY,561
9,9,0.05,tshap_train,mrsqm,0.0,0.0,0.056,0.9514543745758547,0.3709461272746146,1,0,0.6840744799992535,3.014699905179441e-05,AllGestureWiimoteY,561
9,9,0.1,tshap_train,mrsqm,0.5151515151515151,0.68,0.032,0.9154132935847699,0.68956125620597,1,0,0.6840744799992535,3.014699905179441e-05,AllGestureWiimoteY,561
9,9,0.2,tshap_train,mrsqm,0.941747572815534,0.97,0.006,0.8382687746593309,0.8399598285493166,1,1,0.6840744799992535,3.014699905179441e-05,AllGestureWiimoteY,561
8,8,0.05,hydra,shapley_sampling,0.0,0.0,0.87,0.18416677947057652,0.049928868953587446,1,0,0.32822708500316367,1.0277584499999648,AllGestureWiimoteY,534
8,8,0.1,hydra,shapley_sampling,0.47058823529411764,0.64,0.036,0.6326431083378916,0.4778461891935967,1,1,0.32822708500316367,1.0277584499999648,AllGestureWiimoteY,534
8,8,0.2,hydra,shapley_sampling,0.8518518518518519,0.92,0.016,0.9714824480218907,1.0946209726234517,1,1,0.32822708500316367,1.0277584499999648,AllGestureWiimoteY,534
8,8,0.05,hydra,feature_ablation,0.0,0.0,0.77,0.18416677947057652,0.03158154718678036,1,0,0.32822708500316367,0.04301444600423565,AllGestureWiimoteY,534
8,8,0.1,hydra,feature_ablation,0.0,0.0,0.714,0.6326431083378916,0.09200026798825328,1,1,0.32822708500316367,0.04301444600423565,AllGestureWiimoteY,534
8,8,0.2,hydra,feature_ablation,0.0,0.0,0.784,0.9714824480218907,-0.29728147319947623,1,1,0.32822708500316367,0.04301444600423565,AllGestureWiimoteY,534
8,8,0.05,hydra,tshap_centroid,0.0,0.0,0.374,0.18416677947057652,-0.015876823357130754,1,0,0.32822708500316367,0.05100031899928581,AllGestureWiimoteY,534
8,8,0.1,hydra,tshap_centroid,0.0,0.0,0.338,0.6326431083378916,0.158424844144113,1,1,0.32822708500316367,0.05100031899928581,AllGestureWiimoteY,534
8,8,0.2,hydra,tshap_centroid,0.0,0.0,0.322,0.9714824480218907,0.2861857905630944,1,1,0.32822708500316367,0.05100031899928581,AllGestureWiimoteY,534
8,8,0.05,hydra,tshap_zero,0.0,0.0,0.702,0.18416677947057652,0.026640897375134254,1,0,0.32822708500316367,0.05704379999951925,AllGestureWiimoteY,534
8,8,0.1,hydra,tshap_zero,0.0,0.0,0.684,0.6326431083378916,0.12231508217243542,1,1,0.32822708500316367,0.05704379999951925,AllGestureWiimoteY,534
8,8,0.2,hydra,tshap_zero,0.0,0.0,0.73,0.9714824480218907,0.06112778919594897,1,1,0.32822708500316367,0.05704379999951925,AllGestureWiimoteY,534
8,8,0.05,hydra,tshap_train,0.7857142857142857,0.88,0.006,0.18416677947057652,0.1647548141809042,1,0,0.32822708500316367,0.6701677079981891,AllGestureWiimoteY,534
8,8,0.1,hydra,tshap_train,0.4925373134328358,0.66,0.034,0.6326431083378916,0.4809133105647592,1,1,0.32822708500316367,0.6701677079981891,AllGestureWiimoteY,534
8,8,0.2,hydra,tshap_train,0.8691588785046729,0.93,0.014,0.9714824480218907,1.0517574426605927,1,1,0.32822708500316367,0.6701677079981891,AllGestureWiimoteY,534
8,8,0.05,hydra,mrsqm,0.0,0.0,0.08,0.18416677947057652,0.06885477274521584,1,1,0.32822708500316367,2.6810004783328623e-05,AllGestureWiimoteY,534
8,8,0.1,hydra,mrsqm,0.07526881720430108,0.14,0.086,0.6326431083378916,0.6310193554423726,1,1,0.32822708500316367,2.6810004783328623e-05,AllGestureWiimoteY,534
8,8,0.2,hydra,mrsqm,0.8518518518518519,0.92,0.016,0.9714824480218907,1.0946209714563047,1,1,0.32822708500316367,2.6810004783328623e-05,AllGestureWiimoteY,534
8,8,0.05,shapley_sampling,feature_ablation,0.0,0.0,0.1,0.049928868953587446,0.03158154718678036,0,0,1.0277584499999648,0.04301444600423565,AllGestureWiimoteY,534
8,8,0.1,shapley_sampling,feature_ablation,0.0,0.0,0.75,0.4778461891935967,0.09200026798825328,1,1,1.0277584499999648,0.04301444600423565,AllGestureWiimoteY,534
8,8,0.2,shapley_sampling,feature_ablation,0.0,0.0,0.8,1.0946209726234517,-0.29728147319947623,1,1,1.0277584499999648,0.04301444600423565,AllGestureWiimoteY,534
8,8,0.05,shapley_sampling,tshap_centroid,0.0,0.0,0.496,0.049928868953587446,-0.015876823357130754,0,0,1.0277584499999648,0.05100031899928581,AllGestureWiimoteY,534
8,8,0.1,shapley_sampling,tshap_centroid,0.0,0.0,0.374,0.4778461891935967,0.158424844144113,1,1,1.0277584499999648,0.05100031899928581,AllGestureWiimoteY,534
8,8,0.2,shapley_sampling,tshap_centroid,0.0,0.0,0.338,1.0946209726234517,0.2861857905630944,1,1,1.0277584499999648,0.05100031899928581,AllGestureWiimoteY,534
8,8,0.05,shapley_sampling,tshap_zero,0.0,0.0,0.168,0.049928868953587446,0.026640897375134254,0,0,1.0277584499999648,0.05704379999951925,AllGestureWiimoteY,534
8,8,0.1,shapley_sampling,tshap_zero,0.0,0.0,0.72,0.4778461891935967,0.12231508217243542,1,1,1.0277584499999648,0.05704379999951925,AllGestureWiimoteY,534
8,8,0.2,shapley_sampling,tshap_zero,0.0,0.0,0.746,1.0946209726234517,0.06112778919594897,1,1,1.0277584499999648,0.05704379999951925,AllGestureWiimoteY,534
8,8,0.05,shapley_sampling,tshap_train,0.0,0.0,0.876,0.049928868953587446,0.1647548141809042,0,0,1.0277584499999648,0.6701677079981891,AllGestureWiimoteY,534
8,8,0.1,shapley_sampling,tshap_train,0.9607843137254902,0.98,0.002,0.4778461891935967,0.4809133105647592,1,1,1.0277584499999648,0.6701677079981891,AllGestureWiimoteY,534
8,8,0.2,shapley_sampling,tshap_train,0.9801980198019802,0.99,0.002,1.0946209726234517,1.0517574426605927,1,1,1.0277584499999648,0.6701677079981891,AllGestureWiimoteY,534
8,8,0.05,shapley_sampling,mrsqm,0.0,0.0,0.95,0.049928868953587446,0.06885477274521584,0,1,1.0277584499999648,2.6810004783328623e-05,AllGestureWiimoteY,534
8,8,0.1,shapley_sampling,mrsqm,0.3333333333333333,0.5,0.05,0.4778461891935967,0.6310193554423726,1,1,1.0277584499999648,2.6810004783328623e-05,AllGestureWiimoteY,534
8,8,0.2,shapley_sampling,mrsqm,1.0,1.0,0.0,1.0946209726234517,1.0946209714563047,1,1,1.0277584499999648,2.6810004783328623e-05,AllGestureWiimoteY,534
8,8,0.05,feature_ablation,tshap_centroid,0.0,0.0,0.396,0.03158154718678036,-0.015876823357130754,0,0,0.04301444600423565,0.05100031899928581,AllGestureWiimoteY,534
8,8,0.1,feature_ablation,tshap_centroid,0.0,0.0,0.376,0.09200026798825328,0.158424844144113,1,1,0.04301444600423565,0.05100031899928581,AllGestureWiimoteY,534
8,8,0.2,feature_ablation,tshap_centroid,0.0,0.0,0.462,-0.29728147319947623,0.2861857905630944,1,1,0.04301444600423565,0.05100031899928581,AllGestureWiimoteY,534
8,8,0.05,feature_ablation,tshap_zero,0.0,0.0,0.068,0.03158154718678036,0.026640897375134254,0,0,0.04301444600423565,0.05704379999951925,AllGestureWiimoteY,534
8,8,0.1,feature_ablation,tshap_zero,0.5384615384615384,0.7,0.03,0.09200026798825328,0.12231508217243542,1,1,0.04301444600423565,0.05704379999951925,AllGestureWiimoteY,534
8,8,0.2,feature_ablation,tshap_zero,0.5748031496062992,0.73,0.054,-0.29728147319947623,0.06112778919594897,1,1,0.04301444600423565,0.05704379999951925,AllGestureWiimoteY,534
8,8,0.05,feature_ablation,tshap_train,0.0,0.0,0.776,0.03158154718678036,0.1647548141809042,0,0,0.04301444600423565,0.6701677079981891,AllGestureWiimoteY,534
8,8,0.1,feature_ablation,tshap_train,0.0,0.0,0.748,0.09200026798825328,0.4809133105647592,1,1,0.04301444600423565,0.6701677079981891,AllGestureWiimoteY,534
8,8,0.2,feature_ablation,tshap_train,0.0,0.0,0.798,-0.29728147319947623,1.0517574426605927,1,1,0.04301444600423565,0.6701677079981891,AllGestureWiimoteY,534
8,8,0.05,feature_ablation,mrsqm,0.0,0.0,0.85,0.03158154718678036,0.06885477274521584,0,1,0.04301444600423565,2.6810004783328623e-05,AllGestureWiimoteY,534
8,8,0.1,feature_ablation,mrsqm,0.0,0.0,0.8,0.09200026798825328,0.6310193554423726,1,1,0.04301444600423565,2.6810004783328623e-05,AllGestureWiimoteY,534
8,8,0.2,feature_ablation,mrsqm,0.0,0.0,0.8,-0.29728147319947623,1.0946209714563047,1,1,0.04301444600423565,2.6810004783328623e-05,AllGestureWiimoteY,534
8,8,0.05,tshap_centroid,tshap_zero,0.0,0.0,0.328,-0.015876823357130754,0.026640897375134254,0,0,0.05100031899928581,0.05704379999951925,AllGestureWiimoteY,534
8,8,0.1,tshap_centroid,tshap_zero,0.0,0.0,0.346,0.158424844144113,0.12231508217243542,1,1,0.05100031899928581,0.05704379999951925,AllGestureWiimoteY,534
8,8,0.2,tshap_centroid,tshap_zero,0.0,0.0,0.408,0.2861857905630944,0.06112778919594897,1,1,0.05100031899928581,0.05704379999951925,AllGestureWiimoteY,534
8,8,0.05,tshap_centroid,tshap_train,0.0,0.0,0.38,-0.015876823357130754,0.1647548141809042,0,0,0.05100031899928581,0.6701677079981891,AllGestureWiimoteY,534
8,8,0.1,tshap_centroid,tshap_train,0.0,0.0,0.372,0.158424844144113,0.4809133105647592,1,1,0.05100031899928581,0.6701677079981891,AllGestureWiimoteY,534
8,8,0.2,tshap_centroid,tshap_train,0.0,0.0,0.336,0.2861857905630944,1.0517574426605927,1,1,0.05100031899928581,0.6701677079981891,AllGestureWiimoteY,534
8,8,0.05,tshap_centroid,mrsqm,0.0,0.0,0.454,-0.015876823357130754,0.06885477274521584,0,1,0.05100031899928581,2.6810004783328623e-05,AllGestureWiimoteY,534
8,8,0.1,tshap_centroid,mrsqm,0.0,0.0,0.424,0.158424844144113,0.6310193554423726,1,1,0.05100031899928581,2.6810004783328623e-05,AllGestureWiimoteY,534
8,8,0.2,tshap_centroid,mrsqm,0.0,0.0,0.338,0.2861857905630944,1.0946209714563047,1,1,0.05100031899928581,2.6810004783328623e-05,AllGestureWiimoteY,534
8,8,0.05,tshap_zero,tshap_train,0.0,0.0,0.708,0.026640897375134254,0.1647548141809042,0,0,0.05704379999951925,0.6701677079981891,AllGestureWiimoteY,534
8,8,0.1,tshap_zero,tshap_train,0.0,0.0,0.718,0.12231508217243542,0.4809133105647592,1,1,0.05704379999951925,0.6701677079981891,AllGestureWiimoteY,534
8,8,0.2,tshap_zero,tshap_train,0.0,0.0,0.744,0.06112778919594897,1.0517574426605927,1,1,0.05704379999951925,0.6701677079981891,AllGestureWiimoteY,534
8,8,0.05,tshap_zero,mrsqm,0.0,0.0,0.782,0.026640897375134254,0.06885477274521584,0,1,0.05704379999951925,2.6810004783328623e-05,AllGestureWiimoteY,534
8,8,0.1,tshap_zero,mrsqm,0.0,0.0,0.77,0.12231508217243542,0.6310193554423726,1,1,0.05704379999951925,2.6810004783328623e-05,AllGestureWiimoteY,534
8,8,0.2,tshap_zero,mrsqm,0.0,0.0,0.746,0.06112778919594897,1.0946209714563047,1,1,0.05704379999951925,2.6810004783328623e-05,AllGestureWiimoteY,534
8,8,0.05,tshap_train,mrsqm,0.0,0.0,0.074,0.1647548141809042,0.06885477274521584,0,1,0.6701677079981891,2.6810004783328623e-05,AllGestureWiimoteY,534
8,8,0.1,tshap_train,mrsqm,0.3157894736842105,0.48,0.052,0.4809133105647592,0.6310193554423726,1,1,0.6701677079981891,2.6810004783328623e-05,AllGestureWiimoteY,534
8,8,0.2,tshap_train,mrsqm,0.9801980198019802,0.99,0.002,1.0517574426605927,1.0946209714563047,1,1,0.6701677079981891,2.6810004783328623e-05,AllGestureWiimoteY,534
2,2,0.05,hydra,shapley_sampling,0.9230769230769231,0.96,0.002,0.21991197292331732,0.19215241807395844,0,0,0.3257935180008644,1.0289950709993718,AllGestureWiimoteY,119
2,2,0.1,hydra,shapley_sampling,0.8867924528301887,0.94,0.006,0.4585971095534526,0.3733095053407552,0,0,0.3257935180008644,1.0289950709993718,AllGestureWiimoteY,119
2,2,0.2,hydra,shapley_sampling,1.0,1.0,0.0,0.7121046668251756,0.7121046630348168,1,1,0.3257935180008644,1.0289950709993718,AllGestureWiimoteY,119
2,2,0.05,hydra,feature_ablation,0.9230769230769231,0.96,0.002,0.21991197292331732,0.1921524079385748,0,0,0.3257935180008644,0.04312218999984907,AllGestureWiimoteY,119
2,2,0.1,hydra,feature_ablation,0.8867924528301887,0.94,0.006,0.4585971095534526,0.37330950629034754,0,0,0.3257935180008644,0.04312218999984907,AllGestureWiimoteY,119
2,2,0.2,hydra,feature_ablation,1.0,1.0,0.0,0.7121046668251756,0.7121046618776724,1,1,0.3257935180008644,0.04312218999984907,AllGestureWiimoteY,119
2,2,0.05,hydra,tshap_centroid,0.0,0.0,0.18,0.21991197292331732,0.3158758853667695,0,0,0.3257935180008644,0.05360989699693164,AllGestureWiimoteY,119
2,2,0.1,hydra,tshap_centroid,0.0,0.0,0.166,0.4585971095534526,0.5784395591549316,0,1,0.3257935180008644,0.05360989699693164,AllGestureWiimoteY,119
2,2,0.2,hydra,tshap_centroid,0.45985401459854014,0.63,0.074,0.7121046668251756,0.5833266651088043,1,1,0.3257935180008644,0.05360989699693164,AllGestureWiimoteY,119
2,2,0.05,hydra,tshap_zero,0.0,0.0,0.218,0.21991197292331732,0.20448872947729868,0,0,0.3257935180008644,0.05665427499479847,AllGestureWiimoteY,119
2,2,0.1,hydra,tshap_zero,0.0,0.0,0.176,0.4585971095534526,0.47872951921346996,0,0,0.3257935180008644,0.05665427499479847,AllGestureWiimoteY,119
2,2,0.2,hydra,tshap_zero,0.3888888888888889,0.56,0.088,0.7121046668251756,0.48797743792795595,1,1,0.3257935180008644,0.05665427499479847,AllGestureWiimoteY,119
2,2,0.05,hydra,tshap_train,0.0,0.0,0.21,0.21991197292331732,0.17812095146363638,0,0,0.3257935180008644,0.6628681090005557,AllGestureWiimoteY,119
2,2,0.1,hydra,tshap_train,0.0,0.0,0.172,0.4585971095534526,0.5164527010622293,0,0,0.3257935180008644,0.6628681090005557,AllGestureWiimoteY,119
2,2,0.2,hydra,tshap_train,0.4492753623188406,0.62,0.076,0.7121046668251756,0.6003635648969872,1,1,0.3257935180008644,0.6628681090005557,AllGestureWiimoteY,119
2,2,0.05,hydra,mrsqm,0.9230769230769231,0.96,0.002,0.21991197292331732,0.19215241601831246,0,0,0.3257935180008644,2.649000089149922e-05,AllGestureWiimoteY,119
2,2,0.1,hydra,mrsqm,0.8867924528301887,0.94,0.006,0.4585971095534526,0.37330950738347024,0,0,0.3257935180008644,2.649000089149922e-05,AllGestureWiimoteY,119
2,2,0.2,hydra,mrsqm,1.0,1.0,0.0,0.7121046668251756,0.7121046656838895,1,1,0.3257935180008644,2.649000089149922e-05,AllGestureWiimoteY,119
2,2,0.05,shapley_sampling,feature_ablation,1.0,1.0,0.0,0.19215241807395844,0.1921524079385748,0,0,1.0289950709993718,0.04312218999984907,AllGestureWiimoteY,119
2,2,0.1,shapley_sampling,feature_ablation,1.0,1.0,0.0,0.3733095053407552,0.37330950629034754,0,0,1.0289950709993718,0.04312218999984907,AllGestureWiimoteY,119
2,2,0.2,shapley_sampling,feature_ablation,1.0,1.0,0.0,0.7121046630348168,0.7121046618776724,1,1,1.0289950709993718,0.04312218999984907,AllGestureWiimoteY,119
2,2,0.05,shapley_sampling,tshap_centroid,0.0,0.0,0.182,0.19215241807395844,0.3158758853667695,0,0,1.0289950709993718,0.05360989699693164,AllGestureWiimoteY,119
2,2,0.1,shapley_sampling,tshap_centroid,0.0,0.0,0.172,0.3733095053407552,0.5784395591549316,0,1,1.0289950709993718,0.05360989699693164,AllGestureWiimoteY,119
2,2,0.2,shapley_sampling,tshap_centroid,0.45985401459854014,0.63,0.074,0.7121046630348168,0.5833266651088043,1,1,1.0289950709993718,0.05360989699693164,AllGestureWiimoteY,119
2,2,0.05,shapley_sampling,tshap_zero,0.0,0.0,0.22,0.19215241807395844,0.20448872947729868,0,0,1.0289950709993718,0.05665427499479847,AllGestureWiimoteY,119
2,2,0.1,shapley_sampling,tshap_zero,0.0,0.0,0.182,0.3733095053407552,0.47872951921346996,0,0,1.0289950709993718,0.05665427499479847,AllGestureWiimoteY,119
2,2,0.2,shapley_sampling,tshap_zero,0.3888888888888889,0.56,0.088,0.7121046630348168,0.48797743792795595,1,1,1.0289950709993718,0.05665427499479847,AllGestureWiimoteY,119
2,2,0.05,shapley_sampling,tshap_train,0.0,0.0,0.212,0.19215241807395844,0.17812095146363638,0,0,1.0289950709993718,0.6628681090005557,AllGestureWiimoteY,119
2,2,0.1,shapley_sampling,tshap_train,0.0,0.0,0.178,0.3733095053407552,0.5164527010622293,0,0,1.0289950709993718,0.6628681090005557,AllGestureWiimoteY,119
2,2,0.2,shapley_sampling,tshap_train,0.4492753623188406,0.62,0.076,0.7121046630348168,0.6003635648969872,1,1,1.0289950709993718,0.6628681090005557,AllGestureWiimoteY,119
2,2,0.05,shapley_sampling,mrsqm,1.0,1.0,0.0,0.19215241807395844,0.19215241601831246,0,0,1.0289950709993718,2.649000089149922e-05,AllGestureWiimoteY,119
2,2,0.1,shapley_sampling,mrsqm,1.0,1.0,0.0,0.3733095053407552,0.37330950738347024,0,0,1.0289950709993718,2.649000089149922e-05,AllGestureWiimoteY,119
2,2,0.2,shapley_sampling,mrsqm,1.0,1.0,0.0,0.7121046630348168,0.7121046656838895,1,1,1.0289950709993718,2.649000089149922e-05,AllGestureWiimoteY,119
2,2,0.05,feature_ablation,tshap_centroid,0.0,0.0,0.182,0.1921524079385748,0.3158758853667695,0,0,0.04312218999984907,0.05360989699693164,AllGestureWiimoteY,119
2,2,0.1,feature_ablation,tshap_centroid,0.0,0.0,0.172,0.37330950629034754,0.5784395591549316,0,1,0.04312218999984907,0.05360989699693164,AllGestureWiimoteY,119
2,2,0.2,feature_ablation,tshap_centroid,0.45985401459854014,0.63,0.074,0.7121046618776724,0.5833266651088043,1,1,0.04312218999984907,0.05360989699693164,AllGestureWiimoteY,119
2,2,0.05,feature_ablation,tshap_zero,0.0,0.0,0.22,0.1921524079385748,0.20448872947729868,0,0,0.04312218999984907,0.05665427499479847,AllGestureWiimoteY,119
2,2,0.1,feature_ablation,tshap_zero,0.0,0.0,0.182,0.37330950629034754,0.47872951921346996,0,0,0.04312218999984907,0.05665427499479847,AllGestureWiimoteY,119
2,2,0.2,feature_ablation,tshap_zero,0.3888888888888889,0.56,0.088,0.7121046618776724,0.48797743792795595,1,1,0.04312218999984907,0.05665427499479847,AllGestureWiimoteY,119
2,2,0.05,feature_ablation,tshap_train,0.0,0.0,0.212,0.1921524079385748,0.17812095146363638,0,0,0.04312218999984907,0.6628681090005557,AllGestureWiimoteY,119
2,2,0.1,feature_ablation,tshap_train,0.0,0.0,0.178,0.37330950629034754,0.5164527010622293,0,0,0.04312218999984907,0.6628681090005557,AllGestureWiimoteY,119
2,2,0.2,feature_ablation,tshap_train,0.4492753623188406,0.62,0.076,0.7121046618776724,0.6003635648969872,1,1,0.04312218999984907,0.6628681090005557,AllGestureWiimoteY,119
2,2,0.05,feature_ablation,mrsqm,1.0,1.0,0.0,0.1921524079385748,0.19215241601831246,0,0,0.04312218999984907,2.649000089149922e-05,AllGestureWiimoteY,119
2,2,0.1,feature_ablation,mrsqm,1.0,1.0,0.0,0.37330950629034754,0.37330950738347024,0,0,0.04312218999984907,2.649000089149922e-05,AllGestureWiimoteY,119
2,2,0.2,feature_ablation,mrsqm,1.0,1.0,0.0,0.7121046618776724,0.7121046656838895,1,1,0.04312218999984907,2.649000089149922e-05,AllGestureWiimoteY,119
2,2,0.05,tshap_centroid,tshap_zero,0.13636363636363635,0.24,0.038,0.3158758853667695,0.20448872947729868,0,0,0.05360989699693164,0.05665427499479847,AllGestureWiimoteY,119
2,2,0.1,tshap_centroid,tshap_zero,0.8181818181818182,0.9,0.01,0.5784395591549316,0.47872951921346996,1,0,0.05360989699693164,0.05665427499479847,AllGestureWiimoteY,119
2,2,0.2,tshap_centroid,tshap_zero,0.8691588785046729,0.93,0.014,0.5833266651088043,0.48797743792795595,1,1,0.05360989699693164,0.05665427499479847,AllGestureWiimoteY,119
2,2,0.05,tshap_centroid,tshap_train,0.25,0.4,0.03,0.3158758853667695,0.17812095146363638,0,0,0.05360989699693164,0.6628681090005557,AllGestureWiimoteY,119
2,2,0.1,tshap_centroid,tshap_train,0.8867924528301887,0.94,0.006,0.5784395591549316,0.5164527010622293,1,0,0.05360989699693164,0.6628681090005557,AllGestureWiimoteY,119
2,2,0.2,tshap_centroid,tshap_train,0.9801980198019802,0.99,0.002,0.5833266651088043,0.6003635648969872,1,1,0.05360989699693164,0.6628681090005557,AllGestureWiimoteY,119
2,2,0.05,tshap_centroid,mrsqm,0.0,0.0,0.182,0.3158758853667695,0.19215241601831246,0,0,0.05360989699693164,2.649000089149922e-05,AllGestureWiimoteY,119
2,2,0.1,tshap_centroid,mrsqm,0.0,0.0,0.172,0.5784395591549316,0.37330950738347024,1,0,0.05360989699693164,2.649000089149922e-05,AllGestureWiimoteY,119
2,2,0.2,tshap_centroid,mrsqm,0.45985401459854014,0.63,0.074,0.5833266651088043,0.7121046656838895,1,1,0.05360989699693164,2.649000089149922e-05,AllGestureWiimoteY,119
2,2,0.05,tshap_zero,tshap_train,0.7241379310344828,0.84,0.008,0.20448872947729868,0.17812095146363638,0,0,0.05665427499479847,0.6628681090005557,AllGestureWiimoteY,119
2,2,0.1,tshap_zero,tshap_train,0.9230769230769231,0.96,0.004,0.47872951921346996,0.5164527010622293,0,0,0.05665427499479847,0.6628681090005557,AllGestureWiimoteY,119
2,2,0.2,tshap_zero,tshap_train,0.8867924528301887,0.94,0.012,0.48797743792795595,0.6003635648969872,1,1,0.05665427499479847,0.6628681090005557,AllGestureWiimoteY,119
2,2,0.05,tshap_zero,mrsqm,0.0,0.0,0.22,0.20448872947729868,0.19215241601831246,0,0,0.05665427499479847,2.649000089149922e-05,AllGestureWiimoteY,119
2,2,0.1,tshap_zero,mrsqm,0.0,0.0,0.182,0.47872951921346996,0.37330950738347024,0,0,0.05665427499479847,2.649000089149922e-05,AllGestureWiimoteY,119
2,2,0.2,tshap_zero,mrsqm,0.3888888888888889,0.56,0.088,0.48797743792795595,0.7121046656838895,1,1,0.05665427499479847,2.649000089149922e-05,AllGestureWiimoteY,119
2,2,0.05,tshap_train,mrsqm,0.0,0.0,0.212,0.17812095146363638,0.19215241601831246,0,0,0.6628681090005557,2.649000089149922e-05,AllGestureWiimoteY,119
2,2,0.1,tshap_train,mrsqm,0.0,0.0,0.178,0.5164527010622293,0.37330950738347024,0,0,0.6628681090005557,2.649000089149922e-05,AllGestureWiimoteY,119
2,2,0.2,tshap_train,mrsqm,0.4492753623188406,0.62,0.076,0.6003635648969872,0.7121046656838895,1,1,0.6628681090005557,2.649000089149922e-05,AllGestureWiimoteY,119
1,1,0.05,hydra,shapley_sampling,0.1111111111111111,0.2,0.04,0.7561751632465421,0.7782964364630942,1,1,0.32317608499579364,1.0315649440017296,AllGestureWiimoteY,676
1,1,0.1,hydra,shapley_sampling,0.0989010989010989,0.18,0.082,0.7801614243563121,0.7273212126741608,1,1,0.32317608499579364,1.0315649440017296,AllGestureWiimoteY,676
1,1,0.2,hydra,shapley_sampling,0.7543859649122807,0.86,0.028,0.7509973231071163,0.6807581260981906,1,1,0.32317608499579364,1.0315649440017296,AllGestureWiimoteY,676
1,1,0.05,hydra,feature_ablation,0.1111111111111111,0.2,0.04,0.7561751632465421,0.7782964301855033,1,1,0.32317608499579364,0.04353621000336716,AllGestureWiimoteY,676
1,1,0.1,hydra,feature_ablation,0.0989010989010989,0.18,0.082,0.7801614243563121,0.727321218142703,1,1,0.32317608499579364,0.04353621000336716,AllGestureWiimoteY,676
1,1,0.2,hydra,feature_ablation,0.7543859649122807,0.86,0.028,0.7509973231071163,0.6807581242222367,1,1,0.32317608499579364,0.04353621000336716,AllGestureWiimoteY,676
1,1,0.05,hydra,tshap_centroid,0.42857142857142855,0.6,0.02,0.7561751632465421,0.9519507994197568,1,1,0.32317608499579364,0.05195267400267767,AllGestureWiimoteY,676
1,1,0.1,hydra,tshap_centroid,0.4492753623188406,0.62,0.038,0.7801614243563121,0.7652287401542579,1,1,0.32317608499579364,0.05195267400267767,AllGestureWiimoteY,676
1,1,0.2,hydra,tshap_centroid,0.7857142857142857,0.88,0.024,0.7509973231071163,0.6614627726616059,1,1,0.32317608499579364,0.05195267400267767,AllGestureWiimoteY,676
1,1,0.05,hydra,tshap_zero,0.0,0.0,0.544,0.7561751632465421,-0.10859435366627612,1,0,0.32317608499579364,0.05697168399638031,AllGestureWiimoteY,676
1,1,0.1,hydra,tshap_zero,0.0,0.0,0.528,0.7801614243563121,-0.21702575907643196,1,0,0.32317608499579364,0.05697168399638031,AllGestureWiimoteY,676
1,1,0.2,hydra,tshap_zero,0.0,0.0,0.234,0.7509973231071163,-0.16814591938585455,1,0,0.32317608499579364,0.05697168399638031,AllGestureWiimoteY,676
1,1,0.05,hydra,tshap_train,0.5151515151515151,0.68,0.016,0.7561751632465421,0.9126347183399263,1,1,0.32317608499579364,0.6680834890066762,AllGestureWiimoteY,676
1,1,0.1,hydra,tshap_train,0.5384615384615384,0.7,0.03,0.7801614243563121,0.7575020393200012,1,1,0.32317608499579364,0.6680834890066762,AllGestureWiimoteY,676
1,1,0.2,hydra,tshap_train,0.8691588785046729,0.93,0.014,0.7509973231071163,0.665604129822303,1,1,0.32317608499579364,0.6680834890066762,AllGestureWiimoteY,676
1,1,0.05,hydra,mrsqm,0.0,0.0,0.09,0.7561751632465421,-0.02484450546553152,1,0,0.32317608499579364,2.7121001039631665e-05,AllGestureWiimoteY,676
1,1,0.1,hydra,mrsqm,0.0989010989010989,0.18,0.082,0.7801614243563121,0.7273212133378814,1,1,0.32317608499579364,2.7121001039631665e-05,AllGestureWiimoteY,676
1,1,0.2,hydra,mrsqm,0.7543859649122807,0.86,0.028,0.7509973231071163,0.6807581226327206,1,1,0.32317608499579364,2.7121001039631665e-05,AllGestureWiimoteY,676
1,1,0.05,shapley_sampling,feature_ablation,1.0,1.0,0.0,0.7782964364630942,0.7782964301855033,1,1,1.0315649440017296,0.04353621000336716,AllGestureWiimoteY,676
1,1,0.1,shapley_sampling,feature_ablation,1.0,1.0,0.0,0.7273212126741608,0.727321218142703,1,1,1.0315649440017296,0.04353621000336716,AllGestureWiimoteY,676
1,1,0.2,shapley_sampling,feature_ablation,1.0,1.0,0.0,0.6807581260981906,0.6807581242222367,1,1,1.0315649440017296,0.04353621000336716,AllGestureWiimoteY,676
1,1,0.05,shapley_sampling,tshap_centroid,0.42857142857142855,0.6,0.02,0.7782964364630942,0.9519507994197568,1,1,1.0315649440017296,0.05195267400267767,AllGestureWiimoteY,676
1,1,0.1,shapley_sampling,tshap_centroid,0.3888888888888889,0.56,0.044,0.7273212126741608,0.7652287401542579,1,1,1.0315649440017296,0.05195267400267767,AllGestureWiimoteY,676
1,1,0.2,shapley_sampling,tshap_centroid,0.9607843137254902,0.98,0.004,0.6807581260981906,0.6614627726616059,1,1,1.0315649440017296,0.05195267400267767,AllGestureWiimoteY,676
1,1,0.05,shapley_sampling,tshap_zero,0.0,0.0,0.584,0.7782964364630942,-0.10859435366627612,1,0,1.0315649440017296,0.05697168399638031,AllGestureWiimoteY,676
1,1,0.1,shapley_sampling,tshap_zero,0.0,0.0,0.61,0.7273212126741608,-0.21702575907643196,1,0,1.0315649440017296,0.05697168399638031,AllGestureWiimoteY,676
1,1,0.2,shapley_sampling,tshap_zero,0.0,0.0,0.262,0.6807581260981906,-0.16814591938585455,1,0,1.0315649440017296,0.05697168399638031,AllGestureWiimoteY,676
1,1,0.05,shapley_sampling,tshap_train,0.35135135135135137,0.52,0.024,0.7782964364630942,0.9126347183399263,1,1,1.0315649440017296,0.6680834890066762,AllGestureWiimoteY,676
1,1,0.1,shapley_sampling,tshap_train,0.3157894736842105,0.48,0.052,0.7273212126741608,0.7575020393200012,1,1,1.0315649440017296,0.6680834890066762,AllGestureWiimoteY,676
1,1,0.2,shapley_sampling,tshap_train,0.8691588785046729,0.93,0.014,0.6807581260981906,0.665604129822303,1,1,1.0315649440017296,0.6680834890066762,AllGestureWiimoteY,676
1,1,0.05,shapley_sampling,mrsqm,0.0,0.0,0.05,0.7782964364630942,-0.02484450546553152,1,0,1.0315649440017296,2.7121001039631665e-05,AllGestureWiimoteY,676
1,1,0.1,shapley_sampling,mrsqm,1.0,1.0,0.0,0.7273212126741608,0.7273212133378814,1,1,1.0315649440017296,2.7121001039631665e-05,AllGestureWiimoteY,676
1,1,0.2,shapley_sampling,mrsqm,1.0,1.0,0.0,0.6807581260981906,0.6807581226327206,1,1,1.0315649440017296,2.7121001039631665e-05,AllGestureWiimoteY,676
1,1,0.05,feature_ablation,tshap_centroid,0.42857142857142855,0.6,0.02,0.7782964301855033,0.9519507994197568,1,1,0.04353621000336716,0.05195267400267767,AllGestureWiimoteY,676
1,1,0.1,feature_ablation,tshap_centroid,0.3888888888888889,0.56,0.044,0.727321218142703,0.7652287401542579,1,1,0.04353621000336716,0.05195267400267767,AllGestureWiimoteY,676
1,1,0.2,feature_ablation,tshap_centroid,0.9607843137254902,0.98,0.004,0.6807581242222367,0.6614627726616059,1,1,0.04353621000336716,0.05195267400267767,AllGestureWiimoteY,676
1,1,0.05,feature_ablation,tshap_zero,0.0,0.0,0.584,0.7782964301855033,-0.10859435366627612,1,0,0.04353621000336716,0.05697168399638031,AllGestureWiimoteY,676
1,1,0.1,feature_ablation,tshap_zero,0.0,0.0,0.61,0.727321218142703,-0.21702575907643196,1,0,0.04353621000336716,0.05697168399638031,AllGestureWiimoteY,676
1,1,0.2,feature_ablation,tshap_zero,0.0,0.0,0.262,0.6807581242222367,-0.16814591938585455,1,0,0.04353621000336716,0.05697168399638031,AllGestureWiimoteY,676
1,1,0.05,feature_ablation,tshap_train,0.35135135135135137,0.52,0.024,0.7782964301855033,0.9126347183399263,1,1,0.04353621000336716,0.6680834890066762,AllGestureWiimoteY,676
1,1,0.1,feature_ablation,tshap_train,0.3157894736842105,0.48,0.052,0.727321218142703,0.7575020393200012,1,1,0.04353621000336716,0.6680834890066762,AllGestureWiimoteY,676
1,1,0.2,feature_ablation,tshap_train,0.8691588785046729,0.93,0.014,0.6807581242222367,0.665604129822303,1,1,0.04353621000336716,0.6680834890066762,AllGestureWiimoteY,676
1,1,0.05,feature_ablation,mrsqm,0.0,0.0,0.05,0.7782964301855033,-0.02484450546553152,1,0,0.04353621000336716,2.7121001039631665e-05,AllGestureWiimoteY,676
1,1,0.1,feature_ablation,mrsqm,1.0,1.0,0.0,0.727321218142703,0.7273212133378814,1,1,0.04353621000336716,2.7121001039631665e-05,AllGestureWiimoteY,676
1,1,0.2,feature_ablation,mrsqm,1.0,1.0,0.0,0.6807581242222367,0.6807581226327206,1,1,0.04353621000336716,2.7121001039631665e-05,AllGestureWiimoteY,676
1,1,0.05,tshap_centroid,tshap_zero,0.0,0.0,0.564,0.9519507994197568,-0.10859435366627612,1,0,0.05195267400267767,0.05697168399638031,AllGestureWiimoteY,676
1,1,0.1,tshap_centroid,tshap_zero,0.0,0.0,0.566,0.7652287401542579,-0.21702575907643196,1,0,0.05195267400267767,0.05697168399638031,AllGestureWiimoteY,676
1,1,0.2,tshap_centroid,tshap_zero,0.0,0.0,0.258,0.6614627726616059,-0.16814591938585455,1,0,0.05195267400267767,0.05697168399638031,AllGestureWiimoteY,676
1,1,0.05,tshap_centroid,tshap_train,0.8518518518518519,0.92,0.004,0.9519507994197568,0.9126347183399263,1,1,0.05195267400267767,0.6680834890066762,AllGestureWiimoteY,676
1,1,0.1,tshap_centroid,tshap_train,0.8518518518518519,0.92,0.008,0.7652287401542579,0.7575020393200012,1,1,0.05195267400267767,0.6680834890066762,AllGestureWiimoteY,676
1,1,0.2,tshap_centroid,tshap_train,0.9047619047619048,0.95,0.01,0.6614627726616059,0.665604129822303,1,1,0.05195267400267767,0.6680834890066762,AllGestureWiimoteY,676
1,1,0.05,tshap_centroid,mrsqm,0.0,0.0,0.07,0.9519507994197568,-0.02484450546553152,1,0,0.05195267400267767,2.7121001039631665e-05,AllGestureWiimoteY,676
1,1,0.1,tshap_centroid,mrsqm,0.3888888888888889,0.56,0.044,0.7652287401542579,0.7273212133378814,1,1,0.05195267400267767,2.7121001039631665e-05,AllGestureWiimoteY,676
1,1,0.2,tshap_centroid,mrsqm,0.9607843137254902,0.98,0.004,0.6614627726616059,0.6807581226327206,1,1,0.05195267400267767,2.7121001039631665e-05,AllGestureWiimoteY,676
1,1,0.05,tshap_zero,tshap_train,0.0,0.0,0.56,-0.10859435366627612,0.9126347183399263,0,1,0.05697168399638031,0.6680834890066762,AllGestureWiimoteY,676
1,1,0.1,tshap_zero,tshap_train,0.0,0.0,0.558,-0.21702575907643196,0.7575020393200012,0,1,0.05697168399638031,0.6680834890066762,AllGestureWiimoteY,676
1,1,0.2,tshap_zero,tshap_train,0.0,0.0,0.248,-0.16814591938585455,0.665604129822303,0,1,0.05697168399638031,0.6680834890066762,AllGestureWiimoteY,676
1,1,0.05,tshap_zero,mrsqm,0.0,0.0,0.634,-0.10859435366627612,-0.02484450546553152,0,0,0.05697168399638031,2.7121001039631665e-05,AllGestureWiimoteY,676
1,1,0.1,tshap_zero,mrsqm,0.0,0.0,0.61,-0.21702575907643196,0.7273212133378814,0,1,0.05697168399638031,2.7121001039631665e-05,AllGestureWiimoteY,676
1,1,0.2,tshap_zero,mrsqm,0.0,0.0,0.262,-0.16814591938585455,0.6807581226327206,0,1,0.05697168399638031,2.7121001039631665e-05,AllGestureWiimoteY,676
1,1,0.05,tshap_train,mrsqm,0.0,0.0,0.074,0.9126347183399263,-0.02484450546553152,1,0,0.6680834890066762,2.7121001039631665e-05,AllGestureWiimoteY,676
1,1,0.1,tshap_train,mrsqm,0.3157894736842105,0.48,0.052,0.7575020393200012,0.7273212133378814,1,1,0.6680834890066762,2.7121001039631665e-05,AllGestureWiimoteY,676
1,1,0.2,tshap_train,mrsqm,0.8691588785046729,0.93,0.014,0.665604129822303,0.6807581226327206,1,1,0.6680834890066762,2.7121001039631665e-05,AllGestureWiimoteY,676
9,9,0.05,hydra,shapley_sampling,0.13636363636363635,0.24,0.038,0.4968631260862104,1.14706142102611,1,1,0.32311961800587596,1.0219071910032653,AllGestureWiimoteY,608
9,9,0.1,hydra,shapley_sampling,0.3333333333333333,0.5,0.05,1.1981016587894797,0.7430761652146975,1,1,0.32311961800587596,1.0219071910032653,AllGestureWiimoteY,608
9,9,0.2,hydra,shapley_sampling,0.8691588785046729,0.93,0.014,0.8842930020041836,0.7571993728242702,1,1,0.32311961800587596,1.0219071910032653,AllGestureWiimoteY,608
9,9,0.05,hydra,feature_ablation,0.13636363636363635,0.24,0.038,0.4968631260862104,1.147061422073536,1,1,0.32311961800587596,0.043069971005024854,AllGestureWiimoteY,608
9,9,0.1,hydra,feature_ablation,0.3333333333333333,0.5,0.05,1.1981016587894797,0.7430761696415382,1,1,0.32311961800587596,0.043069971005024854,AllGestureWiimoteY,608
9,9,0.2,hydra,feature_ablation,0.8691588785046729,0.93,0.014,0.8842930020041836,0.7571993718125155,1,1,0.32311961800587596,0.043069971005024854,AllGestureWiimoteY,608
9,9,0.05,hydra,tshap_centroid,0.08695652173913043,0.16,0.042,0.4968631260862104,1.037004410765686,1,1,0.32311961800587596,0.05083053799899062,AllGestureWiimoteY,608
9,9,0.1,hydra,tshap_centroid,0.5873015873015873,0.74,0.026,1.1981016587894797,0.8730746653904046,1,1,0.32311961800587596,0.05083053799899062,AllGestureWiimoteY,608
9,9,0.2,hydra,tshap_centroid,0.8691588785046729,0.93,0.014,0.8842930020041836,0.7571993759505887,1,1,0.32311961800587596,0.05083053799899062,AllGestureWiimoteY,608
9,9,0.05,hydra,tshap_zero,0.1111111111111111,0.2,0.04,0.4968631260862104,1.101213772631585,1,1,0.32311961800587596,0.05650013499689521,AllGestureWiimoteY,608
9,9,0.1,hydra,tshap_zero,0.6666666666666666,0.8,0.02,1.1981016587894797,0.9299633850933587,1,1,0.32311961800587596,0.05650013499689521,AllGestureWiimoteY,608
9,9,0.2,hydra,tshap_zero,0.8867924528301887,0.94,0.012,0.8842930020041836,0.7714560588756093,1,1,0.32311961800587596,0.05650013499689521,AllGestureWiimoteY,608
9,9,0.05,hydra,tshap_train,0.1111111111111111,0.2,0.04,0.4968631260862104,1.1012137653704082,1,1,0.32311961800587596,0.6747969440039014,AllGestureWiimoteY,608
9,9,0.1,hydra,tshap_train,0.5873015873015873,0.74,0.026,1.1981016587894797,0.8730746633728981,1,1,0.32311961800587596,0.6747969440039014,AllGestureWiimoteY,608
9,9,0.2,hydra,tshap_train,0.8691588785046729,0.93,0.014,0.8842930020041836,0.7571993748911262,1,1,0.32311961800587596,0.6747969440039014,AllGestureWiimoteY,608
9,9,0.05,hydra,mrsqm,0.6129032258064516,0.76,0.012,0.4968631260862104,0.08350626525565708,1,0,0.32311961800587596,2.7191003027837723e-05,AllGestureWiimoteY,608
9,9,0.1,hydra,mrsqm,1.0,1.0,0.0,1.1981016587894797,1.1981016617738143,1,1,0.32311961800587596,2.7191003027837723e-05,AllGestureWiimoteY,608
9,9,0.2,hydra,mrsqm,0.8691588785046729,0.93,0.014,0.8842930020041836,0.7571993705982737,1,1,0.32311961800587596,2.7191003027837723e-05,AllGestureWiimoteY,608
9,9,0.05,shapley_sampling,feature_ablation,1.0,1.0,0.0,1.14706142102611,1.147061422073536,1,1,1.0219071910032653,0.043069971005024854,AllGestureWiimoteY,608
9,9,0.1,shapley_sampling,feature_ablation,1.0,1.0,0.0,0.7430761652146975,0.7430761696415382,1,1,1.0219071910032653,0.043069971005024854,AllGestureWiimoteY,608
9,9,0.2,shapley_sampling,feature_ablation,1.0,1.0,0.0,0.7571993728242702,0.7571993718125155,1,1,1.0219071910032653,0.043069971005024854,AllGestureWiimoteY,608
9,9,0.05,shapley_sampling,tshap_centroid,0.8518518518518519,0.92,0.004,1.14706142102611,1.037004410765686,1,1,1.0219071910032653,0.05083053799899062,AllGestureWiimoteY,608
9,9,0.1,shapley_sampling,tshap_centroid,0.6129032258064516,0.76,0.024,0.7430761652146975,0.8730746653904046,1,1,1.0219071910032653,0.05083053799899062,AllGestureWiimoteY,608
9,9,0.2,shapley_sampling,tshap_centroid,1.0,1.0,0.0,0.7571993728242702,0.7571993759505887,1,1,1.0219071910032653,0.05083053799899062,AllGestureWiimoteY,608
9,9,0.05,shapley_sampling,tshap_zero,0.9230769230769231,0.96,0.002,1.14706142102611,1.101213772631585,1,1,1.0219071910032653,0.05650013499689521,AllGestureWiimoteY,608
9,9,0.1,shapley_sampling,tshap_zero,0.5384615384615384,0.7,0.03,0.7430761652146975,0.9299633850933587,1,1,1.0219071910032653,0.05650013499689521,AllGestureWiimoteY,608
9,9,0.2,shapley_sampling,tshap_zero,0.9801980198019802,0.99,0.002,0.7571993728242702,0.7714560588756093,1,1,1.0219071910032653,0.05650013499689521,AllGestureWiimoteY,608
9,9,0.05,shapley_sampling,tshap_train,0.9230769230769231,0.96,0.002,1.14706142102611,1.1012137653704082,1,1,1.0219071910032653,0.6747969440039014,AllGestureWiimoteY,608
9,9,0.1,shapley_sampling,tshap_train,0.6129032258064516,0.76,0.024,0.7430761652146975,0.8730746633728981,1,1,1.0219071910032653,0.6747969440039014,AllGestureWiimoteY,608
9,9,0.2,shapley_sampling,tshap_train,1.0,1.0,0.0,0.7571993728242702,0.7571993748911262,1,1,1.0219071910032653,0.6747969440039014,AllGestureWiimoteY,608
9,9,0.05,shapley_sampling,mrsqm,0.0,0.0,0.05,1.14706142102611,0.08350626525565708,1,0,1.0219071910032653,2.7191003027837723e-05,AllGestureWiimoteY,608
9,9,0.1,shapley_sampling,mrsqm,0.3333333333333333,0.5,0.05,0.7430761652146975,1.1981016617738143,1,1,1.0219071910032653,2.7191003027837723e-05,AllGestureWiimoteY,608
9,9,0.2,shapley_sampling,mrsqm,1.0,1.0,0.0,0.7571993728242702,0.7571993705982737,1,1,1.0219071910032653,2.7191003027837723e-05,AllGestureWiimoteY,608
9,9,0.05,feature_ablation,tshap_centroid,0.8518518518518519,0.92,0.004,1.147061422073536,1.037004410765686,1,1,0.043069971005024854,0.05083053799899062,AllGestureWiimoteY,608
9,9,0.1,feature_ablation,tshap_centroid,0.6129032258064516,0.76,0.024,0.7430761696415382,0.8730746653904046,1,1,0.043069971005024854,0.05083053799899062,AllGestureWiimoteY,608
9,9,0.2,feature_ablation,tshap_centroid,1.0,1.0,0.0,0.7571993718125155,0.7571993759505887,1,1,0.043069971005024854,0.05083053799899062,AllGestureWiimoteY,608
9,9,0.05,feature_ablation,tshap_zero,0.9230769230769231,0.96,0.002,1.147061422073536,1.101213772631585,1,1,0.043069971005024854,0.05650013499689521,AllGestureWiimoteY,608
9,9,0.1,feature_ablation,tshap_zero,0.5384615384615384,0.7,0.03,0.7430761696415382,0.9299633850933587,1,1,0.043069971005024854,0.05650013499689521,AllGestureWiimoteY,608
9,9,0.2,feature_ablation,tshap_zero,0.9801980198019802,0.99,0.002,0.7571993718125155,0.7714560588756093,1,1,0.043069971005024854,0.05650013499689521,AllGestureWiimoteY,608
9,9,0.05,feature_ablation,tshap_train,0.9230769230769231,0.96,0.002,1.147061422073536,1.1012137653704082,1,1,0.043069971005024854,0.6747969440039014,AllGestureWiimoteY,608
9,9,0.1,feature_ablation,tshap_train,0.6129032258064516,0.76,0.024,0.7430761696415382,0.8730746633728981,1,1,0.043069971005024854,0.6747969440039014,AllGestureWiimoteY,608
9,9,0.2,feature_ablation,tshap_train,1.0,1.0,0.0,0.7571993718125155,0.7571993748911262,1,1,0.043069971005024854,0.6747969440039014,AllGestureWiimoteY,608
9,9,0.05,feature_ablation,mrsqm,0.0,0.0,0.05,1.147061422073536,0.08350626525565708,1,0,0.043069971005024854,2.7191003027837723e-05,AllGestureWiimoteY,608
9,9,0.1,feature_ablation,mrsqm,0.3333333333333333,0.5,0.05,0.7430761696415382,1.1981016617738143,1,1,0.043069971005024854,2.7191003027837723e-05,AllGestureWiimoteY,608
9,9,0.2,feature_ablation,mrsqm,1.0,1.0,0.0,0.7571993718125155,0.7571993705982737,1,1,0.043069971005024854,2.7191003027837723e-05,AllGestureWiimoteY,608
9,9,0.05,tshap_centroid,tshap_zero,0.9230769230769231,0.96,0.002,1.037004410765686,1.101213772631585,1,1,0.05083053799899062,0.05650013499689521,AllGestureWiimoteY,608
9,9,0.1,tshap_centroid,tshap_zero,0.8867924528301887,0.94,0.006,0.8730746653904046,0.9299633850933587,1,1,0.05083053799899062,0.05650013499689521,AllGestureWiimoteY,608
9,9,0.2,tshap_centroid,tshap_zero,0.9801980198019802,0.99,0.002,0.7571993759505887,0.7714560588756093,1,1,0.05083053799899062,0.05650013499689521,AllGestureWiimoteY,608
9,9,0.05,tshap_centroid,tshap_train,0.9230769230769231,0.96,0.002,1.037004410765686,1.1012137653704082,1,1,0.05083053799899062,0.6747969440039014,AllGestureWiimoteY,608
9,9,0.1,tshap_centroid,tshap_train,1.0,1.0,0.0,0.8730746653904046,0.8730746633728981,1,1,0.05083053799899062,0.6747969440039014,AllGestureWiimoteY,608
9,9,0.2,tshap_centroid,tshap_train,1.0,1.0,0.0,0.7571993759505887,0.7571993748911262,1,1,0.05083053799899062,0.6747969440039014,AllGestureWiimoteY,608
9,9,0.05,tshap_centroid,mrsqm,0.0,0.0,0.054,1.037004410765686,0.08350626525565708,1,0,0.05083053799899062,2.7191003027837723e-05,AllGestureWiimoteY,608
9,9,0.1,tshap_centroid,mrsqm,0.5873015873015873,0.74,0.026,0.8730746653904046,1.1981016617738143,1,1,0.05083053799899062,2.7191003027837723e-05,AllGestureWiimoteY,608
9,9,0.2,tshap_centroid,mrsqm,1.0,1.0,0.0,0.7571993759505887,0.7571993705982737,1,1,0.05083053799899062,2.7191003027837723e-05,AllGestureWiimoteY,608
9,9,0.05,tshap_zero,tshap_train,1.0,1.0,0.0,1.101213772631585,1.1012137653704082,1,1,0.05650013499689521,0.6747969440039014,AllGestureWiimoteY,608
9,9,0.1,tshap_zero,tshap_train,0.8867924528301887,0.94,0.006,0.9299633850933587,0.8730746633728981,1,1,0.05650013499689521,0.6747969440039014,AllGestureWiimoteY,608
9,9,0.2,tshap_zero,tshap_train,0.9801980198019802,0.99,0.002,0.7714560588756093,0.7571993748911262,1,1,0.05650013499689521,0.6747969440039014,AllGestureWiimoteY,608
9,9,0.05,tshap_zero,mrsqm,0.0,0.0,0.052,1.101213772631585,0.08350626525565708,1,0,0.05650013499689521,2.7191003027837723e-05,AllGestureWiimoteY,608
9,9,0.1,tshap_zero,mrsqm,0.6666666666666666,0.8,0.02,0.9299633850933587,1.1981016617738143,1,1,0.05650013499689521,2.7191003027837723e-05,AllGestureWiimoteY,608
9,9,0.2,tshap_zero,mrsqm,0.9801980198019802,0.99,0.002,0.7714560588756093,0.7571993705982737,1,1,0.05650013499689521,2.7191003027837723e-05,AllGestureWiimoteY,608
9,9,0.05,tshap_train,mrsqm,0.0,0.0,0.052,1.1012137653704082,0.08350626525565708,1,0,0.6747969440039014,2.7191003027837723e-05,AllGestureWiimoteY,608
9,9,0.1,tshap_train,mrsqm,0.5873015873015873,0.74,0.026,0.8730746633728981,1.1981016617738143,1,1,0.6747969440039014,2.7191003027837723e-05,AllGestureWiimoteY,608
9,9,0.2,tshap_train,mrsqm,1.0,1.0,0.0,0.7571993748911262,0.7571993705982737,1,1,0.6747969440039014,2.7191003027837723e-05,AllGestureWiimoteY,608
9,9,0.05,hydra,shapley_sampling,0.0,0.0,0.058,0.1057382430799032,1.2038610300224297,0,1,0.32425946700095665,1.0271641190047376,AllGestureWiimoteY,564
9,9,0.1,hydra,shapley_sampling,0.8518518518518519,0.92,0.008,0.9291132089464488,0.8907032283312663,1,1,0.32425946700095665,1.0271641190047376,AllGestureWiimoteY,564
9,9,0.2,hydra,shapley_sampling,0.9047619047619048,0.95,0.01,1.006901200579342,0.9415420882631783,1,1,0.32425946700095665,1.0271641190047376,AllGestureWiimoteY,564
9,9,0.05,hydra,feature_ablation,0.0,0.0,0.058,0.1057382430799032,1.203861036139088,0,1,0.32425946700095665,0.043039112999395,AllGestureWiimoteY,564
9,9,0.1,hydra,feature_ablation,0.8518518518518519,0.92,0.008,0.9291132089464488,0.8907032326559629,1,1,0.32425946700095665,0.043039112999395,AllGestureWiimoteY,564
9,9,0.2,hydra,feature_ablation,0.9047619047619048,0.95,0.01,1.006901200579342,0.9415420913678296,1,1,0.32425946700095665,0.043039112999395,AllGestureWiimoteY,564
9,9,0.05,hydra,tshap_centroid,0.7241379310344828,0.84,0.008,0.1057382430799032,0.18242334177621955,0,0,0.32425946700095665,0.050832652996177785,AllGestureWiimoteY,564
9,9,0.1,hydra,tshap_centroid,0.8867924528301887,0.94,0.006,0.9291132089464488,1.0149480531605755,1,1,0.32425946700095665,0.050832652996177785,AllGestureWiimoteY,564
9,9,0.2,hydra,tshap_centroid,0.9047619047619048,0.95,0.01,1.006901200579342,0.941542093899227,1,1,0.32425946700095665,0.050832652996177785,AllGestureWiimoteY,564
9,9,0.05,hydra,tshap_zero,0.25,0.4,0.03,0.1057382430799032,0.9801406254436769,0,1,0.32425946700095665,0.05729937199794222,AllGestureWiimoteY,564
9,9,0.1,hydra,tshap_zero,0.9230769230769231,0.96,0.004,0.9291132089464488,0.9057849691359087,1,1,0.32425946700095665,0.05729937199794222,AllGestureWiimoteY,564
9,9,0.2,hydra,tshap_zero,0.9047619047619048,0.95,0.01,1.006901200579342,0.9415420922940004,1,1,0.32425946700095665,0.05729937199794222,AllGestureWiimoteY,564
9,9,0.05,hydra,tshap_train,0.7241379310344828,0.84,0.008,0.1057382430799032,0.18242334147920836,0,0,0.32425946700095665,0.6731070290043135,AllGestureWiimoteY,564
9,9,0.1,hydra,tshap_train,0.8518518518518519,0.92,0.008,0.9291132089464488,1.0576916859676397,1,1,0.32425946700095665,0.6731070290043135,AllGestureWiimoteY,564
9,9,0.2,hydra,tshap_train,0.9047619047619048,0.95,0.01,1.006901200579342,0.9415420920499206,1,1,0.32425946700095665,0.6731070290043135,AllGestureWiimoteY,564
9,9,0.05,hydra,mrsqm,0.0,0.0,0.058,0.1057382430799032,1.2038610389256839,0,1,0.32425946700095665,2.789300197036937e-05,AllGestureWiimoteY,564
9,9,0.1,hydra,mrsqm,0.8518518518518519,0.92,0.008,0.9291132089464488,0.8907032297154637,1,1,0.32425946700095665,2.789300197036937e-05,AllGestureWiimoteY,564
9,9,0.2,hydra,mrsqm,0.9047619047619048,0.95,0.01,1.006901200579342,0.9415420935118567,1,1,0.32425946700095665,2.789300197036937e-05,AllGestureWiimoteY,564
9,9,0.05,shapley_sampling,feature_ablation,1.0,1.0,0.0,1.2038610300224297,1.203861036139088,1,1,1.0271641190047376,0.043039112999395,AllGestureWiimoteY,564
9,9,0.1,shapley_sampling,feature_ablation,1.0,1.0,0.0,0.8907032283312663,0.8907032326559629,1,1,1.0271641190047376,0.043039112999395,AllGestureWiimoteY,564
9,9,0.2,shapley_sampling,feature_ablation,1.0,1.0,0.0,0.9415420882631783,0.9415420913678296,1,1,1.0271641190047376,0.043039112999395,AllGestureWiimoteY,564
9,9,0.05,shapley_sampling,tshap_centroid,0.0,0.0,0.05,1.2038610300224297,0.18242334177621955,1,0,1.0271641190047376,0.050832652996177785,AllGestureWiimoteY,564
9,9,0.1,shapley_sampling,tshap_centroid,0.7543859649122807,0.86,0.014,0.8907032283312663,1.0149480531605755,1,1,1.0271641190047376,0.050832652996177785,AllGestureWiimoteY,564
9,9,0.2,shapley_sampling,tshap_centroid,1.0,1.0,0.0,0.9415420882631783,0.941542093899227,1,1,1.0271641190047376,0.050832652996177785,AllGestureWiimoteY,564
9,9,0.05,shapley_sampling,tshap_zero,0.28205128205128205,0.44,0.028,1.2038610300224297,0.9801406254436769,1,1,1.0271641190047376,0.05729937199794222,AllGestureWiimoteY,564
9,9,0.1,shapley_sampling,tshap_zero,0.9230769230769231,0.96,0.004,0.8907032283312663,0.9057849691359087,1,1,1.0271641190047376,0.05729937199794222,AllGestureWiimoteY,564
9,9,0.2,shapley_sampling,tshap_zero,1.0,1.0,0.0,0.9415420882631783,0.9415420922940004,1,1,1.0271641190047376,0.05729937199794222,AllGestureWiimoteY,564
9,9,0.05,shapley_sampling,tshap_train,0.0,0.0,0.05,1.2038610300224297,0.18242334147920836,1,0,1.0271641190047376,0.6731070290043135,AllGestureWiimoteY,564
9,9,0.1,shapley_sampling,tshap_train,0.7241379310344828,0.84,0.016,0.8907032283312663,1.0576916859676397,1,1,1.0271641190047376,0.6731070290043135,AllGestureWiimoteY,564
9,9,0.2,shapley_sampling,tshap_train,1.0,1.0,0.0,0.9415420882631783,0.9415420920499206,1,1,1.0271641190047376,0.6731070290043135,AllGestureWiimoteY,564
9,9,0.05,shapley_sampling,mrsqm,1.0,1.0,0.0,1.2038610300224297,1.2038610389256839,1,1,1.0271641190047376,2.789300197036937e-05,AllGestureWiimoteY,564
9,9,0.1,shapley_sampling,mrsqm,1.0,1.0,0.0,0.8907032283312663,0.8907032297154637,1,1,1.0271641190047376,2.789300197036937e-05,AllGestureWiimoteY,564
9,9,0.2,shapley_sampling,mrsqm,1.0,1.0,0.0,0.9415420882631783,0.9415420935118567,1,1,1.0271641190047376,2.789300197036937e-05,AllGestureWiimoteY,564
9,9,0.05,feature_ablation,tshap_centroid,0.0,0.0,0.05,1.203861036139088,0.18242334177621955,1,0,0.043039112999395,0.050832652996177785,AllGestureWiimoteY,564
9,9,0.1,feature_ablation,tshap_centroid,0.7543859649122807,0.86,0.014,0.8907032326559629,1.0149480531605755,1,1,0.043039112999395,0.050832652996177785,AllGestureWiimoteY,564
9,9,0.2,feature_ablation,tshap_centroid,1.0,1.0,0.0,0.9415420913678296,0.941542093899227,1,1,0.043039112999395,0.050832652996177785,AllGestureWiimoteY,564
9,9,0.05,feature_ablation,tshap_zero,0.28205128205128205,0.44,0.028,1.203861036139088,0.9801406254436769,1,1,0.043039112999395,0.05729937199794222,AllGestureWiimoteY,564
9,9,0.1,feature_ablation,tshap_zero,0.9230769230769231,0.96,0.004,0.8907032326559629,0.9057849691359087,1,1,0.043039112999395,0.05729937199794222,AllGestureWiimoteY,564
9,9,0.2,feature_ablation,tshap_zero,1.0,1.0,0.0,0.9415420913678296,0.9415420922940004,1,1,0.043039112999395,0.05729937199794222,AllGestureWiimoteY,564
9,9,0.05,feature_ablation,tshap_train,0.0,0.0,0.05,1.203861036139088,0.18242334147920836,1,0,0.043039112999395,0.6731070290043135,AllGestureWiimoteY,564
9,9,0.1,feature_ablation,tshap_train,0.7241379310344828,0.84,0.016,0.8907032326559629,1.0576916859676397,1,1,0.043039112999395,0.6731070290043135,AllGestureWiimoteY,564
9,9,0.2,feature_ablation,tshap_train,1.0,1.0,0.0,0.9415420913678296,0.9415420920499206,1,1,0.043039112999395,0.6731070290043135,AllGestureWiimoteY,564
9,9,0.05,feature_ablation,mrsqm,1.0,1.0,0.0,1.203861036139088,1.2038610389256839,1,1,0.043039112999395,2.789300197036937e-05,AllGestureWiimoteY,564
9,9,0.1,feature_ablation,mrsqm,1.0,1.0,0.0,0.8907032326559629,0.8907032297154637,1,1,0.043039112999395,2.789300197036937e-05,AllGestureWiimoteY,564
9,9,0.2,feature_ablation,mrsqm,1.0,1.0,0.0,0.9415420913678296,0.9415420935118567,1,1,0.043039112999395,2.789300197036937e-05,AllGestureWiimoteY,564
9,9,0.05,tshap_centroid,tshap_zero,0.3888888888888889,0.56,0.022,0.18242334177621955,0.9801406254436769,0,1,0.050832652996177785,0.05729937199794222,AllGestureWiimoteY,564
9,9,0.1,tshap_centroid,tshap_zero,0.8181818181818182,0.9,0.01,1.0149480531605755,0.9057849691359087,1,1,0.050832652996177785,0.05729937199794222,AllGestureWiimoteY,564
9,9,0.2,tshap_centroid,tshap_zero,1.0,1.0,0.0,0.941542093899227,0.9415420922940004,1,1,0.050832652996177785,0.05729937199794222,AllGestureWiimoteY,564
9,9,0.05,tshap_centroid,tshap_train,1.0,1.0,0.0,0.18242334177621955,0.18242334147920836,0,0,0.050832652996177785,0.6731070290043135,AllGestureWiimoteY,564
9,9,0.1,tshap_centroid,tshap_train,0.9607843137254902,0.98,0.002,1.0149480531605755,1.0576916859676397,1,1,0.050832652996177785,0.6731070290043135,AllGestureWiimoteY,564
9,9,0.2,tshap_centroid,tshap_train,1.0,1.0,0.0,0.941542093899227,0.9415420920499206,1,1,0.050832652996177785,0.6731070290043135,AllGestureWiimoteY,564
9,9,0.05,tshap_centroid,mrsqm,0.0,0.0,0.05,0.18242334177621955,1.2038610389256839,0,1,0.050832652996177785,2.789300197036937e-05,AllGestureWiimoteY,564
9,9,0.1,tshap_centroid,mrsqm,0.7543859649122807,0.86,0.014,1.0149480531605755,0.8907032297154637,1,1,0.050832652996177785,2.789300197036937e-05,AllGestureWiimoteY,564
9,9,0.2,tshap_centroid,mrsqm,1.0,1.0,0.0,0.941542093899227,0.9415420935118567,1,1,0.050832652996177785,2.789300197036937e-05,AllGestureWiimoteY,564
9,9,0.05,tshap_zero,tshap_train,0.3888888888888889,0.56,0.022,0.9801406254436769,0.18242334147920836,1,0,0.05729937199794222,0.6731070290043135,AllGestureWiimoteY,564
9,9,0.1,tshap_zero,tshap_train,0.7857142857142857,0.88,0.012,0.9057849691359087,1.0576916859676397,1,1,0.05729937199794222,0.6731070290043135,AllGestureWiimoteY,564
9,9,0.2,tshap_zero,tshap_train,1.0,1.0,0.0,0.9415420922940004,0.9415420920499206,1,1,0.05729937199794222,0.6731070290043135,AllGestureWiimoteY,564
9,9,0.05,tshap_zero,mrsqm,0.28205128205128205,0.44,0.028,0.9801406254436769,1.2038610389256839,1,1,0.05729937199794222,2.789300197036937e-05,AllGestureWiimoteY,564
9,9,0.1,tshap_zero,mrsqm,0.9230769230769231,0.96,0.004,0.9057849691359087,0.8907032297154637,1,1,0.05729937199794222,2.789300197036937e-05,AllGestureWiimoteY,564
9,9,0.2,tshap_zero,mrsqm,1.0,1.0,0.0,0.9415420922940004,0.9415420935118567,1,1,0.05729937199794222,2.789300197036937e-05,AllGestureWiimoteY,564
9,9,0.05,tshap_train,mrsqm,0.0,0.0,0.05,0.18242334147920836,1.2038610389256839,0,1,0.6731070290043135,2.789300197036937e-05,AllGestureWiimoteY,564
9,9,0.1,tshap_train,mrsqm,0.7241379310344828,0.84,0.016,1.0576916859676397,0.8907032297154637,1,1,0.6731070290043135,2.789300197036937e-05,AllGestureWiimoteY,564
9,9,0.2,tshap_train,mrsqm,1.0,1.0,0.0,0.9415420920499206,0.9415420935118567,1,1,0.6731070290043135,2.789300197036937e-05,AllGestureWiimoteY,564
2,2,0.05,hydra,shapley_sampling,0.0,0.0,0.148,0.3017525439147827,0.35993462235795015,0,0,0.3245219009986613,1.0331358249968616,AllGestureWiimoteY,72
2,2,0.1,hydra,shapley_sampling,0.010101010101010102,0.02,0.098,0.47982373426688113,0.3735505413947745,0,0,0.3245219009986613,1.0331358249968616,AllGestureWiimoteY,72
2,2,0.2,hydra,shapley_sampling,1.0,1.0,0.0,0.9732646698307609,0.9732646796399,1,1,0.3245219009986613,1.0331358249968616,AllGestureWiimoteY,72
2,2,0.05,hydra,feature_ablation,0.9230769230769231,0.96,0.002,0.3017525439147827,0.29294805563369974,0,0,0.3245219009986613,0.0446363939990988,AllGestureWiimoteY,72
2,2,0.1,hydra,feature_ablation,0.9607843137254902,0.98,0.002,0.47982373426688113,0.4920262270249817,0,0,0.3245219009986613,0.0446363939990988,AllGestureWiimoteY,72
2,2,0.2,hydra,feature_ablation,1.0,1.0,0.0,0.9732646698307609,0.9732646797792727,1,1,0.3245219009986613,0.0446363939990988,AllGestureWiimoteY,72
2,2,0.05,hydra,tshap_centroid,0.0,0.0,0.152,0.3017525439147827,0.39063491291328445,0,0,0.3245219009986613,0.0512093930010451,AllGestureWiimoteY,72
2,2,0.1,hydra,tshap_centroid,0.0,0.0,0.136,0.47982373426688113,0.6248678298849166,0,1,0.3245219009986613,0.0512093930010451,AllGestureWiimoteY,72
2,2,0.2,hydra,tshap_centroid,0.5873015873015873,0.74,0.052,0.9732646698307609,0.7603613549616622,1,1,0.3245219009986613,0.0512093930010451,AllGestureWiimoteY,72
2,2,0.05,hydra,tshap_zero,0.0,0.0,0.152,0.3017525439147827,0.39063491474148226,0,0,0.3245219009986613,0.05765739599883091,AllGestureWiimoteY,72
2,2,0.1,hydra,tshap_zero,0.0,0.0,0.138,0.47982373426688113,0.6381312397212914,0,1,0.3245219009986613,0.05765739599883091,AllGestureWiimoteY,72
2,2,0.2,hydra,tshap_zero,0.5384615384615384,0.7,0.06,0.9732646698307609,0.7904057737282265,1,1,0.3245219009986613,0.05765739599883091,AllGestureWiimoteY,72
2,2,0.05,hydra,tshap_train,0.0,0.0,0.156,0.3017525439147827,0.41391709931565157,0,0,0.3245219009986613,0.6846544139989419,AllGestureWiimoteY,72
2,2,0.1,hydra,tshap_train,0.0,0.0,0.142,0.47982373426688113,0.5972979944597872,0,1,0.3245219009986613,0.6846544139989419,AllGestureWiimoteY,72
2,2,0.2,hydra,tshap_train,0.6,0.75,0.05,0.9732646698307609,0.7694161266998374,1,1,0.3245219009986613,0.6846544139989419,AllGestureWiimoteY,72
2,2,0.05,hydra,mrsqm,0.9230769230769231,0.96,0.002,0.3017525439147827,0.29294805291544046,0,0,0.3245219009986613,2.7381000109016895e-05,AllGestureWiimoteY,72
2,2,0.1,hydra,mrsqm,0.9607843137254902,0.98,0.002,0.47982373426688113,0.4920262275426293,0,0,0.3245219009986613,2.7381000109016895e-05,AllGestureWiimoteY,72
2,2,0.2,hydra,mrsqm,1.0,1.0,0.0,0.9732646698307609,0.9732646775053481,1,1,0.3245219009986613,2.7381000109016895e-05,AllGestureWiimoteY,72
2,2,0.05,shapley_sampling,feature_ablation,0.0,0.0,0.15,0.35993462235795015,0.29294805563369974,0,0,1.0331358249968616,0.0446363939990988,AllGestureWiimoteY,72
2,2,0.1,shapley_sampling,feature_ablation,0.0,0.0,0.1,0.3735505413947745,0.4920262270249817,0,0,1.0331358249968616,0.0446363939990988,AllGestureWiimoteY,72
2,2,0.2,shapley_sampling,feature_ablation,1.0,1.0,0.0,0.9732646796399,0.9732646797792727,1,1,1.0331358249968616,0.0446363939990988,AllGestureWiimoteY,72
2,2,0.05,shapley_sampling,tshap_centroid,0.8518518518518519,0.92,0.004,0.35993462235795015,0.39063491291328445,0,0,1.0331358249968616,0.0512093930010451,AllGestureWiimoteY,72
2,2,0.1,shapley_sampling,tshap_centroid,0.4492753623188406,0.62,0.038,0.3735505413947745,0.6248678298849166,0,1,1.0331358249968616,0.0512093930010451,AllGestureWiimoteY,72
2,2,0.2,shapley_sampling,tshap_centroid,0.5873015873015873,0.74,0.052,0.9732646796399,0.7603613549616622,1,1,1.0331358249968616,0.0512093930010451,AllGestureWiimoteY,72
2,2,0.05,shapley_sampling,tshap_zero,0.8518518518518519,0.92,0.004,0.35993462235795015,0.39063491474148226,0,0,1.0331358249968616,0.05765739599883091,AllGestureWiimoteY,72
2,2,0.1,shapley_sampling,tshap_zero,0.42857142857142855,0.6,0.04,0.3735505413947745,0.6381312397212914,0,1,1.0331358249968616,0.05765739599883091,AllGestureWiimoteY,72
2,2,0.2,shapley_sampling,tshap_zero,0.5384615384615384,0.7,0.06,0.9732646796399,0.7904057737282265,1,1,1.0331358249968616,0.05765739599883091,AllGestureWiimoteY,72
2,2,0.05,shapley_sampling,tshap_train,0.7241379310344828,0.84,0.008,0.35993462235795015,0.41391709931565157,0,0,1.0331358249968616,0.6846544139989419,AllGestureWiimoteY,72
2,2,0.1,shapley_sampling,tshap_train,0.3888888888888889,0.56,0.044,0.3735505413947745,0.5972979944597872,0,1,1.0331358249968616,0.6846544139989419,AllGestureWiimoteY,72
2,2,0.2,shapley_sampling,tshap_train,0.6,0.75,0.05,0.9732646796399,0.7694161266998374,1,1,1.0331358249968616,0.6846544139989419,AllGestureWiimoteY,72
2,2,0.05,shapley_sampling,mrsqm,0.0,0.0,0.15,0.35993462235795015,0.29294805291544046,0,0,1.0331358249968616,2.7381000109016895e-05,AllGestureWiimoteY,72
2,2,0.1,shapley_sampling,mrsqm,0.0,0.0,0.1,0.3735505413947745,0.4920262275426293,0,0,1.0331358249968616,2.7381000109016895e-05,AllGestureWiimoteY,72
2,2,0.2,shapley_sampling,mrsqm,1.0,1.0,0.0,0.9732646796399,0.9732646775053481,1,1,1.0331358249968616,2.7381000109016895e-05,AllGestureWiimoteY,72
2,2,0.05,feature_ablation,tshap_centroid,0.0,0.0,0.154,0.29294805563369974,0.39063491291328445,0,0,0.0446363939990988,0.0512093930010451,AllGestureWiimoteY,72
2,2,0.1,feature_ablation,tshap_centroid,0.0,0.0,0.138,0.4920262270249817,0.6248678298849166,0,1,0.0446363939990988,0.0512093930010451,AllGestureWiimoteY,72
2,2,0.2,feature_ablation,tshap_centroid,0.5873015873015873,0.74,0.052,0.9732646797792727,0.7603613549616622,1,1,0.0446363939990988,0.0512093930010451,AllGestureWiimoteY,72
2,2,0.05,feature_ablation,tshap_zero,0.0,0.0,0.154,0.29294805563369974,0.39063491474148226,0,0,0.0446363939990988,0.05765739599883091,AllGestureWiimoteY,72
2,2,0.1,feature_ablation,tshap_zero,0.0,0.0,0.14,0.4920262270249817,0.6381312397212914,0,1,0.0446363939990988,0.05765739599883091,AllGestureWiimoteY,72
2,2,0.2,feature_ablation,tshap_zero,0.5384615384615384,0.7,0.06,0.9732646797792727,0.7904057737282265,1,1,0.0446363939990988,0.05765739599883091,AllGestureWiimoteY,72
2,2,0.05,feature_ablation,tshap_train,0.0,0.0,0.158,0.29294805563369974,0.41391709931565157,0,0,0.0446363939990988,0.6846544139989419,AllGestureWiimoteY,72
2,2,0.1,feature_ablation,tshap_train,0.0,0.0,0.144,0.4920262270249817,0.5972979944597872,0,1,0.0446363939990988,0.6846544139989419,AllGestureWiimoteY,72
2,2,0.2,feature_ablation,tshap_train,0.6,0.75,0.05,0.9732646797792727,0.7694161266998374,1,1,0.0446363939990988,0.6846544139989419,AllGestureWiimoteY,72
2,2,0.05,feature_ablation,mrsqm,1.0,1.0,0.0,0.29294805563369974,0.29294805291544046,0,0,0.0446363939990988,2.7381000109016895e-05,AllGestureWiimoteY,72
2,2,0.1,feature_ablation,mrsqm,1.0,1.0,0.0,0.4920262270249817,0.4920262275426293,0,0,0.0446363939990988,2.7381000109016895e-05,AllGestureWiimoteY,72
2,2,0.2,feature_ablation,mrsqm,1.0,1.0,0.0,0.9732646797792727,0.9732646775053481,1,1,0.0446363939990988,2.7381000109016895e-05,AllGestureWiimoteY,72
2,2,0.05,tshap_centroid,tshap_zero,1.0,1.0,0.0,0.39063491291328445,0.39063491474148226,0,0,0.0512093930010451,0.05765739599883091,AllGestureWiimoteY,72
2,2,0.1,tshap_centroid,tshap_zero,0.9607843137254902,0.98,0.002,0.6248678298849166,0.6381312397212914,1,1,0.0512093930010451,0.05765739599883091,AllGestureWiimoteY,72
2,2,0.2,tshap_centroid,tshap_zero,0.9230769230769231,0.96,0.008,0.7603613549616622,0.7904057737282265,1,1,0.0512093930010451,0.05765739599883091,AllGestureWiimoteY,72
2,2,0.05,tshap_centroid,tshap_train,0.8518518518518519,0.92,0.004,0.39063491291328445,0.41391709931565157,0,0,0.0512093930010451,0.6846544139989419,AllGestureWiimoteY,72
2,2,0.1,tshap_centroid,tshap_train,0.8867924528301887,0.94,0.006,0.6248678298849166,0.5972979944597872,1,1,0.0512093930010451,0.6846544139989419,AllGestureWiimoteY,72
2,2,0.2,tshap_centroid,tshap_train,0.9801980198019802,0.99,0.002,0.7603613549616622,0.7694161266998374,1,1,0.0512093930010451,0.6846544139989419,AllGestureWiimoteY,72
2,2,0.05,tshap_centroid,mrsqm,0.0,0.0,0.154,0.39063491291328445,0.29294805291544046,0,0,0.0512093930010451,2.7381000109016895e-05,AllGestureWiimoteY,72
2,2,0.1,tshap_centroid,mrsqm,0.0,0.0,0.138,0.6248678298849166,0.4920262275426293,1,0,0.0512093930010451,2.7381000109016895e-05,AllGestureWiimoteY,72
2,2,0.2,tshap_centroid,mrsqm,0.5873015873015873,0.74,0.052,0.7603613549616622,0.9732646775053481,1,1,0.0512093930010451,2.7381000109016895e-05,AllGestureWiimoteY,72
2,2,0.05,tshap_zero,tshap_train,0.8518518518518519,0.92,0.004,0.39063491474148226,0.41391709931565157,0,0,0.05765739599883091,0.6846544139989419,AllGestureWiimoteY,72
2,2,0.1,tshap_zero,tshap_train,0.9230769230769231,0.96,0.004,0.6381312397212914,0.5972979944597872,1,1,0.05765739599883091,0.6846544139989419,AllGestureWiimoteY,72
2,2,0.2,tshap_zero,tshap_train,0.9047619047619048,0.95,0.01,0.7904057737282265,0.7694161266998374,1,1,0.05765739599883091,0.6846544139989419,AllGestureWiimoteY,72
2,2,0.05,tshap_zero,mrsqm,0.0,0.0,0.154,0.39063491474148226,0.29294805291544046,0,0,0.05765739599883091,2.7381000109016895e-05,AllGestureWiimoteY,72
2,2,0.1,tshap_zero,mrsqm,0.0,0.0,0.14,0.6381312397212914,0.4920262275426293,1,0,0.05765739599883091,2.7381000109016895e-05,AllGestureWiimoteY,72
2,2,0.2,tshap_zero,mrsqm,0.5384615384615384,0.7,0.06,0.7904057737282265,0.9732646775053481,1,1,0.05765739599883091,2.7381000109016895e-05,AllGestureWiimoteY,72
2,2,0.05,tshap_train,mrsqm,0.0,0.0,0.158,0.41391709931565157,0.29294805291544046,0,0,0.6846544139989419,2.7381000109016895e-05,AllGestureWiimoteY,72
2,2,0.1,tshap_train,mrsqm,0.0,0.0,0.144,0.5972979944597872,0.4920262275426293,1,0,0.6846544139989419,2.7381000109016895e-05,AllGestureWiimoteY,72
2,2,0.2,tshap_train,mrsqm,0.6,0.75,0.05,0.7694161266998374,0.9732646775053481,1,1,0.6846544139989419,2.7381000109016895e-05,AllGestureWiimoteY,72
0,0,0.05,hydra,shapley_sampling,0.21951219512195122,0.36,0.032,0.40844416351233037,0.6467004792715596,0,1,0.3321108450036263,1.05298471700371,AllGestureWiimoteY,48
0,0,0.1,hydra,shapley_sampling,0.5151515151515151,0.68,0.032,0.7536780429933744,0.8314622738276038,1,1,0.3321108450036263,1.05298471700371,AllGestureWiimoteY,48
0,0,0.2,hydra,shapley_sampling,0.9801980198019802,0.99,0.002,0.8155162488471493,0.8684777856725857,1,1,0.3321108450036263,1.05298471700371,AllGestureWiimoteY,48
0,0,0.05,hydra,feature_ablation,0.21951219512195122,0.36,0.032,0.40844416351233037,0.6467004846983677,0,1,0.3321108450036263,0.04667259199777618,AllGestureWiimoteY,48
0,0,0.1,hydra,feature_ablation,0.5151515151515151,0.68,0.032,0.7536780429933744,0.8314622753769751,1,1,0.3321108450036263,0.04667259199777618,AllGestureWiimoteY,48
0,0,0.2,hydra,feature_ablation,0.9801980198019802,0.99,0.002,0.8155162488471493,0.8684777847736463,1,1,0.3321108450036263,0.04667259199777618,AllGestureWiimoteY,48
0,0,0.05,hydra,tshap_centroid,0.0,0.0,0.052,0.40844416351233037,0.438873129602997,0,0,0.3321108450036263,0.051846063004632015,AllGestureWiimoteY,48
0,0,0.1,hydra,tshap_centroid,0.4084507042253521,0.58,0.042,0.7536780429933744,0.6977282418917178,1,1,0.3321108450036263,0.051846063004632015,AllGestureWiimoteY,48
0,0,0.2,hydra,tshap_centroid,0.5151515151515151,0.68,0.064,0.8155162488471493,0.7221393116135238,1,1,0.3321108450036263,0.051846063004632015,AllGestureWiimoteY,48
0,0,0.05,hydra,tshap_zero,0.0,0.0,0.058,0.40844416351233037,0.5243906281167432,0,1,0.3321108450036263,0.05693680900003528,AllGestureWiimoteY,48
0,0,0.1,hydra,tshap_zero,0.3157894736842105,0.48,0.052,0.7536780429933744,0.6636013874217855,1,1,0.3321108450036263,0.05693680900003528,AllGestureWiimoteY,48
0,0,0.2,hydra,tshap_zero,0.4925373134328358,0.66,0.068,0.8155162488471493,0.7163857201605187,1,1,0.3321108450036263,0.05693680900003528,AllGestureWiimoteY,48
0,0,0.05,hydra,tshap_train,0.0,0.0,0.062,0.40844416351233037,0.5672850640102998,0,1,0.3321108450036263,0.685697609995259,AllGestureWiimoteY,48
0,0,0.1,hydra,tshap_train,0.2987012987012987,0.46,0.054,0.7536780429933744,0.6599966400208415,1,1,0.3321108450036263,0.685697609995259,AllGestureWiimoteY,48
0,0,0.2,hydra,tshap_train,0.5503875968992248,0.71,0.058,0.8155162488471493,0.7937512190378059,1,1,0.3321108450036263,0.685697609995259,AllGestureWiimoteY,48
0,0,0.05,hydra,mrsqm,0.21951219512195122,0.36,0.032,0.40844416351233037,0.6467004809925704,0,1,0.3321108450036263,2.747099642874673e-05,AllGestureWiimoteY,48
0,0,0.1,hydra,mrsqm,0.5151515151515151,0.68,0.032,0.7536780429933744,0.8314622750470033,1,1,0.3321108450036263,2.747099642874673e-05,AllGestureWiimoteY,48
0,0,0.2,hydra,mrsqm,0.9801980198019802,0.99,0.002,0.8155162488471493,0.8684777834639971,1,1,0.3321108450036263,2.747099642874673e-05,AllGestureWiimoteY,48
0,0,0.05,shapley_sampling,feature_ablation,1.0,1.0,0.0,0.6467004792715596,0.6467004846983677,1,1,1.05298471700371,0.04667259199777618,AllGestureWiimoteY,48
0,0,0.1,shapley_sampling,feature_ablation,1.0,1.0,0.0,0.8314622738276038,0.8314622753769751,1,1,1.05298471700371,0.04667259199777618,AllGestureWiimoteY,48
0,0,0.2,shapley_sampling,feature_ablation,1.0,1.0,0.0,0.8684777856725857,0.8684777847736463,1,1,1.05298471700371,0.04667259199777618,AllGestureWiimoteY,48
0,0,0.05,shapley_sampling,tshap_centroid,0.0,0.0,0.084,0.6467004792715596,0.438873129602997,1,0,1.05298471700371,0.051846063004632015,AllGestureWiimoteY,48
0,0,0.1,shapley_sampling,tshap_centroid,0.14942528735632185,0.26,0.074,0.8314622738276038,0.6977282418917178,1,1,1.05298471700371,0.051846063004632015,AllGestureWiimoteY,48
0,0,0.2,shapley_sampling,tshap_centroid,0.5037593984962406,0.67,0.066,0.8684777856725857,0.7221393116135238,1,1,1.05298471700371,0.051846063004632015,AllGestureWiimoteY,48
0,0,0.05,shapley_sampling,tshap_zero,0.0,0.0,0.09,0.6467004792715596,0.5243906281167432,1,1,1.05298471700371,0.05693680900003528,AllGestureWiimoteY,48
0,0,0.1,shapley_sampling,tshap_zero,0.08695652173913043,0.16,0.084,0.8314622738276038,0.6636013874217855,1,1,1.05298471700371,0.05693680900003528,AllGestureWiimoteY,48
0,0,0.2,shapley_sampling,tshap_zero,0.48148148148148145,0.65,0.07,0.8684777856725857,0.7163857201605187,1,1,1.05298471700371,0.05693680900003528,AllGestureWiimoteY,48
0,0,0.05,shapley_sampling,tshap_train,0.0,0.0,0.094,0.6467004792715596,0.5672850640102998,1,1,1.05298471700371,0.685697609995259,AllGestureWiimoteY,48
0,0,0.1,shapley_sampling,tshap_train,0.07526881720430108,0.14,0.086,0.8314622738276038,0.6599966400208415,1,1,1.05298471700371,0.685697609995259,AllGestureWiimoteY,48
0,0,0.2,shapley_sampling,tshap_train,0.5384615384615384,0.7,0.06,0.8684777856725857,0.7937512190378059,1,1,1.05298471700371,0.685697609995259,AllGestureWiimoteY,48
0,0,0.05,shapley_sampling,mrsqm,1.0,1.0,0.0,0.6467004792715596,0.6467004809925704,1,1,1.05298471700371,2.747099642874673e-05,AllGestureWiimoteY,48
0,0,0.1,shapley_sampling,mrsqm,1.0,1.0,0.0,0.8314622738276038,0.8314622750470033,1,1,1.05298471700371,2.747099642874673e-05,AllGestureWiimoteY,48
0,0,0.2,shapley_sampling,mrsqm,1.0,1.0,0.0,0.8684777856725857,0.8684777834639971,1,1,1.05298471700371,2.747099642874673e-05,AllGestureWiimoteY,48
0,0,0.05,feature_ablation,tshap_centroid,0.0,0.0,0.084,0.6467004846983677,0.438873129602997,1,0,0.04667259199777618,0.051846063004632015,AllGestureWiimoteY,48
0,0,0.1,feature_ablation,tshap_centroid,0.14942528735632185,0.26,0.074,0.8314622753769751,0.6977282418917178,1,1,0.04667259199777618,0.051846063004632015,AllGestureWiimoteY,48
0,0,0.2,feature_ablation,tshap_centroid,0.5037593984962406,0.67,0.066,0.8684777847736463,0.7221393116135238,1,1,0.04667259199777618,0.051846063004632015,AllGestureWiimoteY,48
0,0,0.05,feature_ablation,tshap_zero,0.0,0.0,0.09,0.6467004846983677,0.5243906281167432,1,1,0.04667259199777618,0.05693680900003528,AllGestureWiimoteY,48
0,0,0.1,feature_ablation,tshap_zero,0.08695652173913043,0.16,0.084,0.8314622753769751,0.6636013874217855,1,1,0.04667259199777618,0.05693680900003528,AllGestureWiimoteY,48
0,0,0.2,feature_ablation,tshap_zero,0.48148148148148145,0.65,0.07,0.8684777847736463,0.7163857201605187,1,1,0.04667259199777618,0.05693680900003528,AllGestureWiimoteY,48
0,0,0.05,feature_ablation,tshap_train,0.0,0.0,0.094,0.6467004846983677,0.5672850640102998,1,1,0.04667259199777618,0.685697609995259,AllGestureWiimoteY,48
0,0,0.1,feature_ablation,tshap_train,0.07526881720430108,0.14,0.086,0.8314622753769751,0.6599966400208415,1,1,0.04667259199777618,0.685697609995259,AllGestureWiimoteY,48
0,0,0.2,feature_ablation,tshap_train,0.5384615384615384,0.7,0.06,0.8684777847736463,0.7937512190378059,1,1,0.04667259199777618,0.685697609995259,AllGestureWiimoteY,48
0,0,0.05,feature_ablation,mrsqm,1.0,1.0,0.0,0.6467004846983677,0.6467004809925704,1,1,0.04667259199777618,2.747099642874673e-05,AllGestureWiimoteY,48
0,0,0.1,feature_ablation,mrsqm,1.0,1.0,0.0,0.8314622753769751,0.8314622750470033,1,1,0.04667259199777618,2.747099642874673e-05,AllGestureWiimoteY,48
0,0,0.2,feature_ablation,mrsqm,1.0,1.0,0.0,0.8684777847736463,0.8684777834639971,1,1,0.04667259199777618,2.747099642874673e-05,AllGestureWiimoteY,48
0,0,0.05,tshap_centroid,tshap_zero,0.7857142857142857,0.88,0.006,0.438873129602997,0.5243906281167432,0,1,0.051846063004632015,0.05693680900003528,AllGestureWiimoteY,48
0,0,0.1,tshap_centroid,tshap_zero,0.8181818181818182,0.9,0.01,0.6977282418917178,0.6636013874217855,1,1,0.051846063004632015,0.05693680900003528,AllGestureWiimoteY,48
0,0,0.2,tshap_centroid,tshap_zero,0.9607843137254902,0.98,0.004,0.7221393116135238,0.7163857201605187,1,1,0.051846063004632015,0.05693680900003528,AllGestureWiimoteY,48
0,0,0.05,tshap_centroid,tshap_train,0.6666666666666666,0.8,0.01,0.438873129602997,0.5672850640102998,0,1,0.051846063004632015,0.685697609995259,AllGestureWiimoteY,48
0,0,0.1,tshap_centroid,tshap_train,0.7857142857142857,0.88,0.012,0.6977282418917178,0.6599966400208415,1,1,0.051846063004632015,0.685697609995259,AllGestureWiimoteY,48
0,0,0.2,tshap_centroid,tshap_train,0.941747572815534,0.97,0.006,0.7221393116135238,0.7937512190378059,1,1,0.051846063004632015,0.685697609995259,AllGestureWiimoteY,48
0,0,0.05,tshap_centroid,mrsqm,0.0,0.0,0.084,0.438873129602997,0.6467004809925704,0,1,0.051846063004632015,2.747099642874673e-05,AllGestureWiimoteY,48
0,0,0.1,tshap_centroid,mrsqm,0.14942528735632185,0.26,0.074,0.6977282418917178,0.8314622750470033,1,1,0.051846063004632015,2.747099642874673e-05,AllGestureWiimoteY,48
0,0,0.2,tshap_centroid,mrsqm,0.5037593984962406,0.67,0.066,0.7221393116135238,0.8684777834639971,1,1,0.051846063004632015,2.747099642874673e-05,AllGestureWiimoteY,48
0,0,0.05,tshap_zero,tshap_train,0.8518518518518519,0.92,0.004,0.5243906281167432,0.5672850640102998,1,1,0.05693680900003528,0.685697609995259,AllGestureWiimoteY,48
0,0,0.1,tshap_zero,tshap_train,0.9607843137254902,0.98,0.002,0.6636013874217855,0.6599966400208415,1,1,0.05693680900003528,0.685697609995259,AllGestureWiimoteY,48
0,0,0.2,tshap_zero,tshap_train,0.9047619047619048,0.95,0.01,0.7163857201605187,0.7937512190378059,1,1,0.05693680900003528,0.685697609995259,AllGestureWiimoteY,48
0,0,0.05,tshap_zero,mrsqm,0.0,0.0,0.09,0.5243906281167432,0.6467004809925704,1,1,0.05693680900003528,2.747099642874673e-05,AllGestureWiimoteY,48
0,0,0.1,tshap_zero,mrsqm,0.08695652173913043,0.16,0.084,0.6636013874217855,0.8314622750470033,1,1,0.05693680900003528,2.747099642874673e-05,AllGestureWiimoteY,48
0,0,0.2,tshap_zero,mrsqm,0.48148148148148145,0.65,0.07,0.7163857201605187,0.8684777834639971,1,1,0.05693680900003528,2.747099642874673e-05,AllGestureWiimoteY,48
0,0,0.05,tshap_train,mrsqm,0.0,0.0,0.094,0.5672850640102998,0.6467004809925704,1,1,0.685697609995259,2.747099642874673e-05,AllGestureWiimoteY,48
0,0,0.1,tshap_train,mrsqm,0.07526881720430108,0.14,0.086,0.6599966400208415,0.8314622750470033,1,1,0.685697609995259,2.747099642874673e-05,AllGestureWiimoteY,48
0,0,0.2,tshap_train,mrsqm,0.5384615384615384,0.7,0.06,0.7937512190378059,0.8684777834639971,1,1,0.685697609995259,2.747099642874673e-05,AllGestureWiimoteY,48
7,7,0.05,hydra,shapley_sampling,0.0,0.0,0.154,0.030754187046616588,0.037528518342514694,0,0,0.3308966370022972,1.0531238999974448,AllGestureWiimoteY,468
7,7,0.1,hydra,shapley_sampling,0.5873015873015873,0.74,0.026,0.2917746896575997,0.3068528251535183,0,1,0.3308966370022972,1.0531238999974448,AllGestureWiimoteY,468
7,7,0.2,hydra,shapley_sampling,0.0,0.0,0.66,0.6799195738845321,0.27254493646418315,1,1,0.3308966370022972,1.0531238999974448,AllGestureWiimoteY,468
7,7,0.05,hydra,feature_ablation,0.041666666666666664,0.08,0.046,0.030754187046616588,0.1068339238378393,0,0,0.3308966370022972,0.046405449000303634,AllGestureWiimoteY,468
7,7,0.1,hydra,feature_ablation,0.5873015873015873,0.74,0.026,0.2917746896575997,0.306852823074893,0,1,0.3308966370022972,0.046405449000303634,AllGestureWiimoteY,468
7,7,0.2,hydra,feature_ablation,0.0,0.0,0.76,0.6799195738845321,0.28360208393748076,1,1,0.3308966370022972,0.046405449000303634,AllGestureWiimoteY,468
7,7,0.05,hydra,tshap_centroid,0.0,0.0,0.27,0.030754187046616588,-0.0669115408882679,0,0,0.3308966370022972,0.05297337800584501,AllGestureWiimoteY,468
7,7,0.1,hydra,tshap_centroid,0.0,0.0,0.26,0.2917746896575997,-0.10086639825106625,0,0,0.3308966370022972,0.05297337800584501,AllGestureWiimoteY,468
7,7,0.2,hydra,tshap_centroid,0.0,0.0,0.212,0.6799195738845321,-0.017723392249375247,1,0,0.3308966370022972,0.05297337800584501,AllGestureWiimoteY,468
7,7,0.05,hydra,tshap_zero,0.0,0.0,0.234,0.030754187046616588,-0.12913074676871017,0,0,0.3308966370022972,0.058759464001923334,AllGestureWiimoteY,468
7,7,0.1,hydra,tshap_zero,0.0,0.0,0.238,0.2917746896575997,-0.1473687222289476,0,0,0.3308966370022972,0.058759464001923334,AllGestureWiimoteY,468
7,7,0.2,hydra,tshap_zero,0.03626943005181347,0.07,0.186,0.6799195738845321,0.10652738633092973,1,0,0.3308966370022972,0.058759464001923334,AllGestureWiimoteY,468
7,7,0.05,hydra,tshap_train,0.6666666666666666,0.8,0.01,0.030754187046616588,0.10163903531263052,0,0,0.3308966370022972,0.6867915120019461,AllGestureWiimoteY,468
7,7,0.1,hydra,tshap_train,0.9607843137254902,0.98,0.002,0.2917746896575997,0.3076474901061157,0,0,0.3308966370022972,0.6867915120019461,AllGestureWiimoteY,468
7,7,0.2,hydra,tshap_train,0.0,0.0,0.458,0.6799195738845321,0.22837792383815053,1,1,0.3308966370022972,0.6867915120019461,AllGestureWiimoteY,468
7,7,0.05,hydra,mrsqm,0.041666666666666664,0.08,0.046,0.030754187046616588,0.10683392313915108,0,0,0.3308966370022972,2.8002999897580594e-05,AllGestureWiimoteY,468
7,7,0.1,hydra,mrsqm,0.5873015873015873,0.74,0.026,0.2917746896575997,0.3068528238344552,0,1,0.3308966370022972,2.8002999897580594e-05,AllGestureWiimoteY,468
7,7,0.2,hydra,mrsqm,0.6666666666666666,0.8,0.04,0.6799195738845321,0.7554324039253789,1,1,0.3308966370022972,2.8002999897580594e-05,AllGestureWiimoteY,468
7,7,0.05,shapley_sampling,feature_ablation,0.0,0.0,0.2,0.037528518342514694,0.1068339238378393,0,0,1.0531238999974448,0.046405449000303634,AllGestureWiimoteY,468
7,7,0.1,shapley_sampling,feature_ablation,1.0,1.0,0.0,0.3068528251535183,0.306852823074893,1,1,1.0531238999974448,0.046405449000303634,AllGestureWiimoteY,468
7,7,0.2,shapley_sampling,feature_ablation,0.3333333333333333,0.5,0.1,0.27254493646418315,0.28360208393748076,1,1,1.0531238999974448,0.046405449000303634,AllGestureWiimoteY,468
7,7,0.05,shapley_sampling,tshap_centroid,0.0,0.0,0.116,0.037528518342514694,-0.0669115408882679,0,0,1.0531238999974448,0.05297337800584501,AllGestureWiimoteY,468
7,7,0.1,shapley_sampling,tshap_centroid,0.0,0.0,0.286,0.3068528251535183,-0.10086639825106625,1,0,1.0531238999974448,0.05297337800584501,AllGestureWiimoteY,468
7,7,0.2,shapley_sampling,tshap_centroid,0.0,0.0,0.448,0.27254493646418315,-0.017723392249375247,1,0,1.0531238999974448,0.05297337800584501,AllGestureWiimoteY,468
7,7,0.05,shapley_sampling,tshap_zero,0.0,0.0,0.08,0.037528518342514694,-0.12913074676871017,0,0,1.0531238999974448,0.058759464001923334,AllGestureWiimoteY,468
7,7,0.1,shapley_sampling,tshap_zero,0.0,0.0,0.264,0.3068528251535183,-0.1473687222289476,1,0,1.0531238999974448,0.058759464001923334,AllGestureWiimoteY,468
7,7,0.2,shapley_sampling,tshap_zero,0.0,0.0,0.474,0.27254493646418315,0.10652738633092973,1,0,1.0531238999974448,0.058759464001923334,AllGestureWiimoteY,468
7,7,0.05,shapley_sampling,tshap_train,0.0,0.0,0.144,0.037528518342514694,0.10163903531263052,0,0,1.0531238999974448,0.6867915120019461,AllGestureWiimoteY,468
7,7,0.1,shapley_sampling,tshap_train,0.5625,0.72,0.028,0.3068528251535183,0.3076474901061157,1,0,1.0531238999974448,0.6867915120019461,AllGestureWiimoteY,468
7,7,0.2,shapley_sampling,tshap_train,0.0,0.0,0.202,0.27254493646418315,0.22837792383815053,1,1,1.0531238999974448,0.6867915120019461,AllGestureWiimoteY,468
7,7,0.05,shapley_sampling,mrsqm,0.0,0.0,0.2,0.037528518342514694,0.10683392313915108,0,0,1.0531238999974448,2.8002999897580594e-05,AllGestureWiimoteY,468
7,7,0.1,shapley_sampling,mrsqm,1.0,1.0,0.0,0.3068528251535183,0.3068528238344552,1,1,1.0531238999974448,2.8002999897580594e-05,AllGestureWiimoteY,468
7,7,0.2,shapley_sampling,mrsqm,0.0,0.0,0.7,0.27254493646418315,0.7554324039253789,1,1,1.0531238999974448,2.8002999897580594e-05,AllGestureWiimoteY,468
7,7,0.05,feature_ablation,tshap_centroid,0.0,0.0,0.316,0.1068339238378393,-0.0669115408882679,0,0,0.046405449000303634,0.05297337800584501,AllGestureWiimoteY,468
7,7,0.1,feature_ablation,tshap_centroid,0.0,0.0,0.286,0.306852823074893,-0.10086639825106625,1,0,0.046405449000303634,0.05297337800584501,AllGestureWiimoteY,468
7,7,0.2,feature_ablation,tshap_centroid,0.0,0.0,0.548,0.28360208393748076,-0.017723392249375247,1,0,0.046405449000303634,0.05297337800584501,AllGestureWiimoteY,468
7,7,0.05,feature_ablation,tshap_zero,0.0,0.0,0.28,0.1068339238378393,-0.12913074676871017,0,0,0.046405449000303634,0.058759464001923334,AllGestureWiimoteY,468
7,7,0.1,feature_ablation,tshap_zero,0.0,0.0,0.264,0.306852823074893,-0.1473687222289476,1,0,0.046405449000303634,0.058759464001923334,AllGestureWiimoteY,468
7,7,0.2,feature_ablation,tshap_zero,0.0,0.0,0.574,0.28360208393748076,0.10652738633092973,1,0,0.046405449000303634,0.058759464001923334,AllGestureWiimoteY,468
7,7,0.05,feature_ablation,tshap_train,0.0,0.0,0.056,0.1068339238378393,0.10163903531263052,0,0,0.046405449000303634,0.6867915120019461,AllGestureWiimoteY,468
7,7,0.1,feature_ablation,tshap_train,0.5625,0.72,0.028,0.306852823074893,0.3076474901061157,1,0,0.046405449000303634,0.6867915120019461,AllGestureWiimoteY,468
7,7,0.2,feature_ablation,tshap_train,0.0,0.0,0.302,0.28360208393748076,0.22837792383815053,1,1,0.046405449000303634,0.6867915120019461,AllGestureWiimoteY,468
7,7,0.05,feature_ablation,mrsqm,1.0,1.0,0.0,0.1068339238378393,0.10683392313915108,0,0,0.046405449000303634,2.8002999897580594e-05,AllGestureWiimoteY,468
7,7,0.1,feature_ablation,mrsqm,1.0,1.0,0.0,0.306852823074893,0.3068528238344552,1,1,0.046405449000303634,2.8002999897580594e-05,AllGestureWiimoteY,468
7,7,0.2,feature_ablation,mrsqm,0.0,0.0,0.8,0.28360208393748076,0.7554324039253789,1,1,0.046405449000303634,2.8002999897580594e-05,AllGestureWiimoteY,468
7,7,0.05,tshap_centroid,tshap_zero,0.16279069767441862,0.28,0.036,-0.0669115408882679,-0.12913074676871017,0,0,0.05297337800584501,0.058759464001923334,AllGestureWiimoteY,468
7,7,0.1,tshap_centroid,tshap_zero,0.639344262295082,0.78,0.022,-0.10086639825106625,-0.1473687222289476,0,0,0.05297337800584501,0.058759464001923334,AllGestureWiimoteY,468
7,7,0.2,tshap_centroid,tshap_zero,0.7699115044247787,0.87,0.026,-0.017723392249375247,0.10652738633092973,0,0,0.05297337800584501,0.058759464001923334,AllGestureWiimoteY,468
7,7,0.05,tshap_centroid,tshap_train,0.0,0.0,0.26,-0.0669115408882679,0.10163903531263052,0,0,0.05297337800584501,0.6867915120019461,AllGestureWiimoteY,468
7,7,0.1,tshap_centroid,tshap_train,0.0,0.0,0.258,-0.10086639825106625,0.3076474901061157,0,0,0.05297337800584501,0.6867915120019461,AllGestureWiimoteY,468
7,7,0.2,tshap_centroid,tshap_train,0.0,0.0,0.246,-0.017723392249375247,0.22837792383815053,0,1,0.05297337800584501,0.6867915120019461,AllGestureWiimoteY,468
7,7,0.05,tshap_centroid,mrsqm,0.0,0.0,0.316,-0.0669115408882679,0.10683392313915108,0,0,0.05297337800584501,2.8002999897580594e-05,AllGestureWiimoteY,468
7,7,0.1,tshap_centroid,mrsqm,0.0,0.0,0.286,-0.10086639825106625,0.3068528238344552,0,1,0.05297337800584501,2.8002999897580594e-05,AllGestureWiimoteY,468
7,7,0.2,tshap_centroid,mrsqm,0.0,0.0,0.252,-0.017723392249375247,0.7554324039253789,0,1,0.05297337800584501,2.8002999897580594e-05,AllGestureWiimoteY,468
7,7,0.05,tshap_zero,tshap_train,0.0,0.0,0.224,-0.12913074676871017,0.10163903531263052,0,0,0.058759464001923334,0.6867915120019461,AllGestureWiimoteY,468
7,7,0.1,tshap_zero,tshap_train,0.0,0.0,0.236,-0.1473687222289476,0.3076474901061157,0,0,0.058759464001923334,0.6867915120019461,AllGestureWiimoteY,468
7,7,0.2,tshap_zero,tshap_train,0.0,0.0,0.272,0.10652738633092973,0.22837792383815053,0,1,0.058759464001923334,0.6867915120019461,AllGestureWiimoteY,468
7,7,0.05,tshap_zero,mrsqm,0.0,0.0,0.28,-0.12913074676871017,0.10683392313915108,0,0,0.058759464001923334,2.8002999897580594e-05,AllGestureWiimoteY,468
7,7,0.1,tshap_zero,mrsqm,0.0,0.0,0.264,-0.1473687222289476,0.3068528238344552,0,1,0.058759464001923334,2.8002999897580594e-05,AllGestureWiimoteY,468
7,7,0.2,tshap_zero,mrsqm,0.0,0.0,0.226,0.10652738633092973,0.7554324039253789,0,1,0.058759464001923334,2.8002999897580594e-05,AllGestureWiimoteY,468
7,7,0.05,tshap_train,mrsqm,0.0,0.0,0.056,0.10163903531263052,0.10683392313915108,0,0,0.6867915120019461,2.8002999897580594e-05,AllGestureWiimoteY,468
7,7,0.1,tshap_train,mrsqm,0.5625,0.72,0.028,0.3076474901061157,0.3068528238344552,0,1,0.6867915120019461,2.8002999897580594e-05,AllGestureWiimoteY,468
7,7,0.2,tshap_train,mrsqm,0.0,0.0,0.498,0.22837792383815053,0.7554324039253789,1,1,0.6867915120019461,2.8002999897580594e-05,AllGestureWiimoteY,468
6,6,0.05,hydra,shapley_sampling,0.0,0.0,0.056,0.3362422576824049,0.3627607257836296,0,0,0.3275376750025316,1.0678150210005697,AllGestureWiimoteY,376
6,6,0.1,hydra,shapley_sampling,0.0,0.0,0.112,0.38998080667122537,0.583732335614907,0,0,0.3275376750025316,1.0678150210005697,AllGestureWiimoteY,376
6,6,0.2,hydra,shapley_sampling,0.12359550561797752,0.22,0.156,0.33011584724063403,1.0908107485930638,0,1,0.3275376750025316,1.0678150210005697,AllGestureWiimoteY,376
6,6,0.05,hydra,feature_ablation,0.0,0.0,0.056,0.3362422576824049,0.36276073597412917,0,0,0.3275376750025316,0.046801504999166355,AllGestureWiimoteY,376
6,6,0.1,hydra,feature_ablation,0.0,0.0,0.112,0.38998080667122537,0.5837323436498341,0,0,0.3275376750025316,0.046801504999166355,AllGestureWiimoteY,376
6,6,0.2,hydra,feature_ablation,0.30718954248366015,0.47,0.106,0.33011584724063403,1.1302796291728328,0,1,0.3275376750025316,0.046801504999166355,AllGestureWiimoteY,376
6,6,0.05,hydra,tshap_centroid,0.28205128205128205,0.44,0.028,0.3362422576824049,0.6112043869000414,0,0,0.3275376750025316,0.05267451400140999,AllGestureWiimoteY,376
6,6,0.1,hydra,tshap_centroid,0.17647058823529413,0.3,0.07,0.38998080667122537,0.7012408291005958,0,0,0.3275376750025316,0.05267451400140999,AllGestureWiimoteY,376
6,6,0.2,hydra,tshap_centroid,0.3422818791946309,0.51,0.098,0.33011584724063403,1.1321892239026545,0,1,0.3275376750025316,0.05267451400140999,AllGestureWiimoteY,376
6,6,0.05,hydra,tshap_zero,1.0,1.0,0.0,0.3362422576824049,0.33624226176346284,0,0,0.3275376750025316,0.05765419000090333,AllGestureWiimoteY,376
6,6,0.1,hydra,tshap_zero,0.5873015873015873,0.74,0.026,0.38998080667122537,0.4983486511022157,0,0,0.3275376750025316,0.05765419000090333,AllGestureWiimoteY,376
6,6,0.2,hydra,tshap_zero,0.6,0.75,0.05,0.33011584724063403,0.5661086556358372,0,0,0.3275376750025316,0.05765419000090333,AllGestureWiimoteY,376
6,6,0.05,hydra,tshap_train,0.6666666666666666,0.8,0.01,0.3362422576824049,0.38255853912896143,0,0,0.3275376750025316,0.6870900240028277,AllGestureWiimoteY,376
6,6,0.1,hydra,tshap_train,0.47058823529411764,0.64,0.036,0.38998080667122537,0.5639197741436142,0,0,0.3275376750025316,0.6870900240028277,AllGestureWiimoteY,376
6,6,0.2,hydra,tshap_train,0.43884892086330934,0.61,0.078,0.33011584724063403,1.0482043247644408,0,1,0.3275376750025316,0.6870900240028277,AllGestureWiimoteY,376
6,6,0.05,hydra,mrsqm,0.0,0.0,0.156,0.3362422576824049,0.6608320264110031,0,0,0.3275376750025316,2.810300065902993e-05,AllGestureWiimoteY,376
6,6,0.1,hydra,mrsqm,0.0,0.0,0.162,0.38998080667122537,0.7376074383967905,0,0,0.3275376750025316,2.810300065902993e-05,AllGestureWiimoteY,376
6,6,0.2,hydra,mrsqm,0.12359550561797752,0.22,0.156,0.33011584724063403,1.0908107409974934,0,1,0.3275376750025316,2.810300065902993e-05,AllGestureWiimoteY,376
6,6,0.05,shapley_sampling,feature_ablation,1.0,1.0,0.0,0.3627607257836296,0.36276073597412917,0,0,1.0678150210005697,0.046801504999166355,AllGestureWiimoteY,376
6,6,0.1,shapley_sampling,feature_ablation,1.0,1.0,0.0,0.583732335614907,0.5837323436498341,0,0,1.0678150210005697,0.046801504999166355,AllGestureWiimoteY,376
6,6,0.2,shapley_sampling,feature_ablation,0.6,0.75,0.05,1.0908107485930638,1.1302796291728328,1,1,1.0678150210005697,0.046801504999166355,AllGestureWiimoteY,376
6,6,0.05,shapley_sampling,tshap_centroid,0.28205128205128205,0.44,0.028,0.3627607257836296,0.6112043869000414,0,0,1.0678150210005697,0.05267451400140999,AllGestureWiimoteY,376
6,6,0.1,shapley_sampling,tshap_centroid,0.4084507042253521,0.58,0.042,0.583732335614907,0.7012408291005958,0,0,1.0678150210005697,0.05267451400140999,AllGestureWiimoteY,376
6,6,0.2,shapley_sampling,tshap_centroid,0.5503875968992248,0.71,0.058,1.0908107485930638,1.1321892239026545,1,1,1.0678150210005697,0.05267451400140999,AllGestureWiimoteY,376
6,6,0.05,shapley_sampling,tshap_zero,0.0,0.0,0.056,0.3627607257836296,0.33624226176346284,0,0,1.0678150210005697,0.05765419000090333,AllGestureWiimoteY,376
6,6,0.1,shapley_sampling,tshap_zero,0.07526881720430108,0.14,0.086,0.583732335614907,0.4983486511022157,0,0,1.0678150210005697,0.05765419000090333,AllGestureWiimoteY,376
6,6,0.2,shapley_sampling,tshap_zero,0.30718954248366015,0.47,0.106,1.0908107485930638,0.5661086556358372,1,0,1.0678150210005697,0.05765419000090333,AllGestureWiimoteY,376
6,6,0.05,shapley_sampling,tshap_train,0.041666666666666664,0.08,0.046,0.3627607257836296,0.38255853912896143,0,0,1.0678150210005697,0.6870900240028277,AllGestureWiimoteY,376
6,6,0.1,shapley_sampling,tshap_train,0.13636363636363635,0.24,0.076,0.583732335614907,0.5639197741436142,0,0,1.0678150210005697,0.6870900240028277,AllGestureWiimoteY,376
6,6,0.2,shapley_sampling,tshap_train,0.43884892086330934,0.61,0.078,1.0908107485930638,1.0482043247644408,1,1,1.0678150210005697,0.6870900240028277,AllGestureWiimoteY,376
6,6,0.05,shapley_sampling,mrsqm,0.0,0.0,0.1,0.3627607257836296,0.6608320264110031,0,0,1.0678150210005697,2.810300065902993e-05,AllGestureWiimoteY,376
6,6,0.1,shapley_sampling,mrsqm,0.3333333333333333,0.5,0.05,0.583732335614907,0.7376074383967905,0,0,1.0678150210005697,2.810300065902993e-05,AllGestureWiimoteY,376
6,6,0.2,shapley_sampling,mrsqm,1.0,1.0,0.0,1.0908107485930638,1.0908107409974934,1,1,1.0678150210005697,2.810300065902993e-05,AllGestureWiimoteY,376
6,6,0.05,feature_ablation,tshap_centroid,0.28205128205128205,0.44,0.028,0.36276073597412917,0.6112043869000414,0,0,0.046801504999166355,0.05267451400140999,AllGestureWiimoteY,376
6,6,0.1,feature_ablation,tshap_centroid,0.4084507042253521,0.58,0.042,0.5837323436498341,0.7012408291005958,0,0,0.046801504999166355,0.05267451400140999,AllGestureWiimoteY,376
6,6,0.2,feature_ablation,tshap_centroid,0.9230769230769231,0.96,0.008,1.1302796291728328,1.1321892239026545,1,1,0.046801504999166355,0.05267451400140999,AllGestureWiimoteY,376
6,6,0.05,feature_ablation,tshap_zero,0.0,0.0,0.056,0.36276073597412917,0.33624226176346284,0,0,0.046801504999166355,0.05765419000090333,AllGestureWiimoteY,376
6,6,0.1,feature_ablation,tshap_zero,0.07526881720430108,0.14,0.086,0.5837323436498341,0.4983486511022157,0,0,0.046801504999166355,0.05765419000090333,AllGestureWiimoteY,376
6,6,0.2,feature_ablation,tshap_zero,0.5625,0.72,0.056,1.1302796291728328,0.5661086556358372,1,0,0.046801504999166355,0.05765419000090333,AllGestureWiimoteY,376
6,6,0.05,feature_ablation,tshap_train,0.041666666666666664,0.08,0.046,0.36276073597412917,0.38255853912896143,0,0,0.046801504999166355,0.6870900240028277,AllGestureWiimoteY,376
6,6,0.1,feature_ablation,tshap_train,0.13636363636363635,0.24,0.076,0.5837323436498341,0.5639197741436142,0,0,0.046801504999166355,0.6870900240028277,AllGestureWiimoteY,376
6,6,0.2,feature_ablation,tshap_train,0.7543859649122807,0.86,0.028,1.1302796291728328,1.0482043247644408,1,1,0.046801504999166355,0.6870900240028277,AllGestureWiimoteY,376
6,6,0.05,feature_ablation,mrsqm,0.0,0.0,0.1,0.36276073597412917,0.6608320264110031,0,0,0.046801504999166355,2.810300065902993e-05,AllGestureWiimoteY,376
6,6,0.1,feature_ablation,mrsqm,0.3333333333333333,0.5,0.05,0.5837323436498341,0.7376074383967905,0,0,0.046801504999166355,2.810300065902993e-05,AllGestureWiimoteY,376
6,6,0.2,feature_ablation,mrsqm,0.6,0.75,0.05,1.1302796291728328,1.0908107409974934,1,1,0.046801504999166355,2.810300065902993e-05,AllGestureWiimoteY,376
6,6,0.05,tshap_centroid,tshap_zero,0.28205128205128205,0.44,0.028,0.6112043869000414,0.33624226176346284,0,0,0.05267451400140999,0.05765419000090333,AllGestureWiimoteY,376
6,6,0.1,tshap_centroid,tshap_zero,0.3888888888888889,0.56,0.044,0.7012408291005958,0.4983486511022157,0,0,0.05267451400140999,0.05765419000090333,AllGestureWiimoteY,376
6,6,0.2,tshap_centroid,tshap_zero,0.6129032258064516,0.76,0.048,1.1321892239026545,0.5661086556358372,1,0,0.05267451400140999,0.05765419000090333,AllGestureWiimoteY,376
6,6,0.05,tshap_centroid,tshap_train,0.47058823529411764,0.64,0.018,0.6112043869000414,0.38255853912896143,0,0,0.05267451400140999,0.6870900240028277,AllGestureWiimoteY,376
6,6,0.1,tshap_centroid,tshap_train,0.4925373134328358,0.66,0.034,0.7012408291005958,0.5639197741436142,0,0,0.05267451400140999,0.6870900240028277,AllGestureWiimoteY,376
6,6,0.2,tshap_centroid,tshap_train,0.8181818181818182,0.9,0.02,1.1321892239026545,1.0482043247644408,1,1,0.05267451400140999,0.6870900240028277,AllGestureWiimoteY,376
6,6,0.05,tshap_centroid,mrsqm,0.0,0.0,0.128,0.6112043869000414,0.6608320264110031,0,0,0.05267451400140999,2.810300065902993e-05,AllGestureWiimoteY,376
6,6,0.1,tshap_centroid,mrsqm,0.041666666666666664,0.08,0.092,0.7012408291005958,0.7376074383967905,0,0,0.05267451400140999,2.810300065902993e-05,AllGestureWiimoteY,376
6,6,0.2,tshap_centroid,mrsqm,0.5503875968992248,0.71,0.058,1.1321892239026545,1.0908107409974934,1,1,0.05267451400140999,2.810300065902993e-05,AllGestureWiimoteY,376
6,6,0.05,tshap_zero,tshap_train,0.6666666666666666,0.8,0.01,0.33624226176346284,0.38255853912896143,0,0,0.05765419000090333,0.6870900240028277,AllGestureWiimoteY,376
6,6,0.1,tshap_zero,tshap_train,0.8181818181818182,0.9,0.01,0.4983486511022157,0.5639197741436142,0,0,0.05765419000090333,0.6870900240028277,AllGestureWiimoteY,376
6,6,0.2,tshap_zero,tshap_train,0.7543859649122807,0.86,0.028,0.5661086556358372,1.0482043247644408,0,1,0.05765419000090333,0.6870900240028277,AllGestureWiimoteY,376
6,6,0.05,tshap_zero,mrsqm,0.0,0.0,0.156,0.33624226176346284,0.6608320264110031,0,0,0.05765419000090333,2.810300065902993e-05,AllGestureWiimoteY,376
6,6,0.1,tshap_zero,mrsqm,0.0,0.0,0.136,0.4983486511022157,0.7376074383967905,0,0,0.05765419000090333,2.810300065902993e-05,AllGestureWiimoteY,376
6,6,0.2,tshap_zero,mrsqm,0.30718954248366015,0.47,0.106,0.5661086556358372,1.0908107409974934,0,1,0.05765419000090333,2.810300065902993e-05,AllGestureWiimoteY,376
6,6,0.05,tshap_train,mrsqm,0.0,0.0,0.146,0.38255853912896143,0.6608320264110031,0,0,0.6870900240028277,2.810300065902993e-05,AllGestureWiimoteY,376
6,6,0.1,tshap_train,mrsqm,0.0,0.0,0.126,0.5639197741436142,0.7376074383967905,0,0,0.6870900240028277,2.810300065902993e-05,AllGestureWiimoteY,376
6,6,0.2,tshap_train,mrsqm,0.43884892086330934,0.61,0.078,1.0482043247644408,1.0908107409974934,1,1,0.6870900240028277,2.810300065902993e-05,AllGestureWiimoteY,376
5,5,0.05,hydra,shapley_sampling,0.0,0.0,0.064,0.015621830691188054,0.4080776328544992,0,1,0.3307211360006477,1.0698057629997493,AllGestureWiimoteY,312
5,5,0.1,hydra,shapley_sampling,0.0989010989010989,0.18,0.082,0.3416707283177148,0.2680751855936209,1,1,0.3307211360006477,1.0698057629997493,AllGestureWiimoteY,312
5,5,0.2,hydra,shapley_sampling,0.0,0.0,0.8,0.2233789757067854,0.6383071870132879,1,1,0.3307211360006477,1.0698057629997493,AllGestureWiimoteY,312
5,5,0.05,hydra,feature_ablation,0.0,0.0,0.836,0.015621830691188054,0.10140668131464331,0,0,0.3307211360006477,0.050427268994098995,AllGestureWiimoteY,312
5,5,0.1,hydra,feature_ablation,0.0,0.0,0.818,0.3416707283177148,0.2792153227616028,1,1,0.3307211360006477,0.050427268994098995,AllGestureWiimoteY,312
5,5,0.2,hydra,feature_ablation,0.0,0.0,0.8,0.2233789757067854,0.638307186458124,1,1,0.3307211360006477,0.050427268994098995,AllGestureWiimoteY,312
5,5,0.05,hydra,tshap_centroid,0.02040816326530612,0.04,0.048,0.015621830691188054,0.4187549867535126,0,1,0.3307211360006477,0.05328380299761193,AllGestureWiimoteY,312
5,5,0.1,hydra,tshap_centroid,0.5384615384615384,0.7,0.03,0.3416707283177148,0.4428771137129271,1,1,0.3307211360006477,0.05328380299761193,AllGestureWiimoteY,312
5,5,0.2,hydra,tshap_centroid,0.7857142857142857,0.88,0.024,0.2233789757067854,0.24564212876841302,1,1,0.3307211360006477,0.05328380299761193,AllGestureWiimoteY,312
5,5,0.05,hydra,tshap_zero,0.0,0.0,0.724,0.015621830691188054,0.035054873497815886,0,0,0.3307211360006477,0.058738133004226256,AllGestureWiimoteY,312
5,5,0.1,hydra,tshap_zero,0.0,0.0,0.726,0.3416707283177148,0.22505451159715678,1,1,0.3307211360006477,0.058738133004226256,AllGestureWiimoteY,312
5,5,0.2,hydra,tshap_zero,0.0,0.0,0.742,0.2233789757067854,0.41719694066832463,1,1,0.3307211360006477,0.058738133004226256,AllGestureWiimoteY,312
5,5,0.05,hydra,tshap_train,0.16279069767441862,0.28,0.036,0.015621830691188054,0.3022624219226269,0,1,0.3307211360006477,0.6945087580024847,AllGestureWiimoteY,312
5,5,0.1,hydra,tshap_train,0.6949152542372882,0.82,0.018,0.3416707283177148,0.5463534104299703,1,1,0.3307211360006477,0.6945087580024847,AllGestureWiimoteY,312
5,5,0.2,hydra,tshap_train,0.8518518518518519,0.92,0.016,0.2233789757067854,0.255372241026871,1,1,0.3307211360006477,0.6945087580024847,AllGestureWiimoteY,312
5,5,0.05,hydra,mrsqm,0.0,0.0,0.114,0.015621830691188054,-0.2540284095042225,0,0,0.3307211360006477,2.6670000806916505e-05,AllGestureWiimoteY,312
5,5,0.1,hydra,mrsqm,0.0989010989010989,0.18,0.082,0.3416707283177148,0.2680751849675655,1,1,0.3307211360006477,2.6670000806916505e-05,AllGestureWiimoteY,312
5,5,0.2,hydra,mrsqm,1.0,1.0,0.0,0.2233789757067854,0.22337897475033758,1,1,0.3307211360006477,2.6670000806916505e-05,AllGestureWiimoteY,312
5,5,0.05,shapley_sampling,feature_ablation,0.0,0.0,0.9,0.4080776328544992,0.10140668131464331,1,0,1.0698057629997493,0.050427268994098995,AllGestureWiimoteY,312
5,5,0.1,shapley_sampling,feature_ablation,0.0,0.0,0.9,0.2680751855936209,0.2792153227616028,1,1,1.0698057629997493,0.050427268994098995,AllGestureWiimoteY,312
5,5,0.2,shapley_sampling,feature_ablation,1.0,1.0,0.0,0.6383071870132879,0.638307186458124,1,1,1.0698057629997493,0.050427268994098995,AllGestureWiimoteY,312
5,5,0.05,shapley_sampling,tshap_centroid,0.5151515151515151,0.68,0.016,0.4080776328544992,0.4187549867535126,1,1,1.0698057629997493,0.05328380299761193,AllGestureWiimoteY,312
5,5,0.1,shapley_sampling,tshap_centroid,0.3157894736842105,0.48,0.052,0.2680751855936209,0.4428771137129271,1,1,1.0698057629997493,0.05328380299761193,AllGestureWiimoteY,312
5,5,0.2,shapley_sampling,tshap_centroid,0.0,0.0,0.776,0.6383071870132879,0.24564212876841302,1,1,1.0698057629997493,0.05328380299761193,AllGestureWiimoteY,312
5,5,0.05,shapley_sampling,tshap_zero,0.0,0.0,0.788,0.4080776328544992,0.035054873497815886,1,0,1.0698057629997493,0.058738133004226256,AllGestureWiimoteY,312
5,5,0.1,shapley_sampling,tshap_zero,0.0,0.0,0.808,0.2680751855936209,0.22505451159715678,1,1,1.0698057629997493,0.058738133004226256,AllGestureWiimoteY,312
5,5,0.2,shapley_sampling,tshap_zero,0.5503875968992248,0.71,0.058,0.6383071870132879,0.41719694066832463,1,1,1.0698057629997493,0.058738133004226256,AllGestureWiimoteY,312
5,5,0.05,shapley_sampling,tshap_train,0.28205128205128205,0.44,0.028,0.4080776328544992,0.3022624219226269,1,1,1.0698057629997493,0.6945087580024847,AllGestureWiimoteY,312
5,5,0.1,shapley_sampling,tshap_train,0.21951219512195122,0.36,0.064,0.2680751855936209,0.5463534104299703,1,1,1.0698057629997493,0.6945087580024847,AllGestureWiimoteY,312
5,5,0.2,shapley_sampling,tshap_train,0.0,0.0,0.784,0.6383071870132879,0.255372241026871,1,1,1.0698057629997493,0.6945087580024847,AllGestureWiimoteY,312
5,5,0.05,shapley_sampling,mrsqm,0.0,0.0,0.05,0.4080776328544992,-0.2540284095042225,1,0,1.0698057629997493,2.6670000806916505e-05,AllGestureWiimoteY,312
5,5,0.1,shapley_sampling,mrsqm,1.0,1.0,0.0,0.2680751855936209,0.2680751849675655,1,1,1.0698057629997493,2.6670000806916505e-05,AllGestureWiimoteY,312
5,5,0.2,shapley_sampling,mrsqm,0.0,0.0,0.8,0.6383071870132879,0.22337897475033758,1,1,1.0698057629997493,2.6670000806916505e-05,AllGestureWiimoteY,312
5,5,0.05,feature_ablation,tshap_centroid,0.0,0.0,0.884,0.10140668131464331,0.4187549867535126,0,1,0.050427268994098995,0.05328380299761193,AllGestureWiimoteY,312
5,5,0.1,feature_ablation,tshap_centroid,0.0,0.0,0.848,0.2792153227616028,0.4428771137129271,1,1,0.050427268994098995,0.05328380299761193,AllGestureWiimoteY,312
5,5,0.2,feature_ablation,tshap_centroid,0.0,0.0,0.776,0.638307186458124,0.24564212876841302,1,1,0.050427268994098995,0.05328380299761193,AllGestureWiimoteY,312
5,5,0.05,feature_ablation,tshap_zero,0.0,0.0,0.112,0.10140668131464331,0.035054873497815886,0,0,0.050427268994098995,0.058738133004226256,AllGestureWiimoteY,312
5,5,0.1,feature_ablation,tshap_zero,0.041666666666666664,0.08,0.092,0.2792153227616028,0.22505451159715678,1,1,0.050427268994098995,0.058738133004226256,AllGestureWiimoteY,312
5,5,0.2,feature_ablation,tshap_zero,0.5503875968992248,0.71,0.058,0.638307186458124,0.41719694066832463,1,1,0.050427268994098995,0.058738133004226256,AllGestureWiimoteY,312
5,5,0.05,feature_ablation,tshap_train,0.0,0.0,0.872,0.10140668131464331,0.3022624219226269,0,1,0.050427268994098995,0.6945087580024847,AllGestureWiimoteY,312
5,5,0.1,feature_ablation,tshap_train,0.0,0.0,0.836,0.2792153227616028,0.5463534104299703,1,1,0.050427268994098995,0.6945087580024847,AllGestureWiimoteY,312
5,5,0.2,feature_ablation,tshap_train,0.0,0.0,0.784,0.638307186458124,0.255372241026871,1,1,0.050427268994098995,0.6945087580024847,AllGestureWiimoteY,312
5,5,0.05,feature_ablation,mrsqm,0.0,0.0,0.95,0.10140668131464331,-0.2540284095042225,0,0,0.050427268994098995,2.6670000806916505e-05,AllGestureWiimoteY,312
5,5,0.1,feature_ablation,mrsqm,0.0,0.0,0.9,0.2792153227616028,0.2680751849675655,1,1,0.050427268994098995,2.6670000806916505e-05,AllGestureWiimoteY,312
5,5,0.2,feature_ablation,mrsqm,0.0,0.0,0.8,0.638307186458124,0.22337897475033758,1,1,0.050427268994098995,2.6670000806916505e-05,AllGestureWiimoteY,312
5,5,0.05,tshap_centroid,tshap_zero,0.0,0.0,0.772,0.4187549867535126,0.035054873497815886,1,0,0.05328380299761193,0.058738133004226256,AllGestureWiimoteY,312
5,5,0.1,tshap_centroid,tshap_zero,0.0,0.0,0.756,0.4428771137129271,0.22505451159715678,1,1,0.05328380299761193,0.058738133004226256,AllGestureWiimoteY,312
5,5,0.2,tshap_centroid,tshap_zero,0.0,0.0,0.718,0.24564212876841302,0.41719694066832463,1,1,0.05328380299761193,0.058738133004226256,AllGestureWiimoteY,312
5,5,0.05,tshap_centroid,tshap_train,0.6129032258064516,0.76,0.012,0.4187549867535126,0.3022624219226269,1,1,0.05328380299761193,0.6945087580024847,AllGestureWiimoteY,312
5,5,0.1,tshap_centroid,tshap_train,0.7857142857142857,0.88,0.012,0.4428771137129271,0.5463534104299703,1,1,0.05328380299761193,0.6945087580024847,AllGestureWiimoteY,312
5,5,0.2,tshap_centroid,tshap_train,0.9230769230769231,0.96,0.008,0.24564212876841302,0.255372241026871,1,1,0.05328380299761193,0.6945087580024847,AllGestureWiimoteY,312
5,5,0.05,tshap_centroid,mrsqm,0.0,0.0,0.066,0.4187549867535126,-0.2540284095042225,1,0,0.05328380299761193,2.6670000806916505e-05,AllGestureWiimoteY,312
5,5,0.1,tshap_centroid,mrsqm,0.3157894736842105,0.48,0.052,0.4428771137129271,0.2680751849675655,1,1,0.05328380299761193,2.6670000806916505e-05,AllGestureWiimoteY,312
5,5,0.2,tshap_centroid,mrsqm,0.7857142857142857,0.88,0.024,0.24564212876841302,0.22337897475033758,1,1,0.05328380299761193,2.6670000806916505e-05,AllGestureWiimoteY,312
5,5,0.05,tshap_zero,tshap_train,0.0,0.0,0.76,0.035054873497815886,0.3022624219226269,0,1,0.058738133004226256,0.6945087580024847,AllGestureWiimoteY,312
5,5,0.1,tshap_zero,tshap_train,0.0,0.0,0.744,0.22505451159715678,0.5463534104299703,1,1,0.058738133004226256,0.6945087580024847,AllGestureWiimoteY,312
5,5,0.2,tshap_zero,tshap_train,0.0,0.0,0.726,0.41719694066832463,0.255372241026871,1,1,0.058738133004226256,0.6945087580024847,AllGestureWiimoteY,312
5,5,0.05,tshap_zero,mrsqm,0.0,0.0,0.838,0.035054873497815886,-0.2540284095042225,0,0,0.058738133004226256,2.6670000806916505e-05,AllGestureWiimoteY,312
5,5,0.1,tshap_zero,mrsqm,0.0,0.0,0.808,0.22505451159715678,0.2680751849675655,1,1,0.058738133004226256,2.6670000806916505e-05,AllGestureWiimoteY,312
5,5,0.2,tshap_zero,mrsqm,0.0,0.0,0.742,0.41719694066832463,0.22337897475033758,1,1,0.058738133004226256,2.6670000806916505e-05,AllGestureWiimoteY,312
5,5,0.05,tshap_train,mrsqm,0.0,0.0,0.078,0.3022624219226269,-0.2540284095042225,1,0,0.6945087580024847,2.6670000806916505e-05,AllGestureWiimoteY,312
5,5,0.1,tshap_train,mrsqm,0.21951219512195122,0.36,0.064,0.5463534104299703,0.2680751849675655,1,1,0.6945087580024847,2.6670000806916505e-05,AllGestureWiimoteY,312
5,5,0.2,tshap_train,mrsqm,0.8518518518518519,0.92,0.016,0.255372241026871,0.22337897475033758,1,1,0.6945087580024847,2.6670000806916505e-05,AllGestureWiimoteY,312
0,0,0.05,hydra,shapley_sampling,0.0,0.0,0.49,-0.18311675931397353,0.7719151090753079,0,1,0.33082602299691644,1.0632034779991955,AllGestureWiimoteY,47
0,0,0.1,hydra,shapley_sampling,0.0,0.0,0.672,-0.3602047738841977,0.6277011374165543,0,1,0.33082602299691644,1.0632034779991955,AllGestureWiimoteY,47
0,0,0.2,hydra,shapley_sampling,0.0,0.0,0.336,-1.0117947616155427,0.15928265535229846,0,1,0.33082602299691644,1.0632034779991955,AllGestureWiimoteY,47
0,0,0.05,hydra,feature_ablation,0.0,0.0,0.49,-0.18311675931397353,0.7719151098348125,0,1,0.33082602299691644,0.045168807002482936,AllGestureWiimoteY,47
0,0,0.1,hydra,feature_ablation,0.0,0.0,0.672,-0.3602047738841977,0.6277011372411828,0,1,0.33082602299691644,0.045168807002482936,AllGestureWiimoteY,47
0,0,0.2,hydra,feature_ablation,0.0,0.0,0.386,-1.0117947616155427,0.18273636806612303,0,1,0.33082602299691644,0.045168807002482936,AllGestureWiimoteY,47
0,0,0.05,hydra,tshap_centroid,0.0,0.0,0.48,-0.18311675931397353,0.7983237147221388,0,1,0.33082602299691644,0.05322113399597583,AllGestureWiimoteY,47
0,0,0.1,hydra,tshap_centroid,0.0,0.0,0.64,-0.3602047738841977,0.7124345580344427,0,1,0.33082602299691644,0.05322113399597583,AllGestureWiimoteY,47
0,0,0.2,hydra,tshap_centroid,0.0,0.0,0.388,-1.0117947616155427,0.1525469885735094,0,1,0.33082602299691644,0.05322113399597583,AllGestureWiimoteY,47
0,0,0.05,hydra,tshap_zero,0.0,0.0,0.498,-0.18311675931397353,0.636178355148534,0,1,0.33082602299691644,0.05892198999936227,AllGestureWiimoteY,47
0,0,0.1,hydra,tshap_zero,0.0,0.0,0.648,-0.3602047738841977,0.698013425210567,0,1,0.33082602299691644,0.05892198999936227,AllGestureWiimoteY,47
0,0,0.2,hydra,tshap_zero,0.0,0.0,0.39,-1.0117947616155427,0.0979650834551371,0,1,0.33082602299691644,0.05892198999936227,AllGestureWiimoteY,47
0,0,0.05,hydra,tshap_train,0.0,0.0,0.494,-0.18311675931397353,0.7230986625120878,0,1,0.33082602299691644,0.6865066940008546,AllGestureWiimoteY,47
0,0,0.1,hydra,tshap_train,0.0,0.0,0.652,-0.3602047738841977,0.7364332016330631,0,1,0.33082602299691644,0.6865066940008546,AllGestureWiimoteY,47
0,0,0.2,hydra,tshap_train,0.0,0.0,0.418,-1.0117947616155427,-0.1263020495061723,0,0,0.33082602299691644,0.6865066940008546,AllGestureWiimoteY,47
0,0,0.05,hydra,mrsqm,0.0,0.0,0.59,-0.18311675931397353,0.004989100581715089,0,0,0.33082602299691644,2.7581998438108712e-05,AllGestureWiimoteY,47
0,0,0.1,hydra,mrsqm,0.0,0.0,0.722,-0.3602047738841977,-0.03245764831041076,0,0,0.33082602299691644,2.7581998438108712e-05,AllGestureWiimoteY,47
0,0,0.2,hydra,mrsqm,0.0,0.0,0.436,-1.0117947616155427,-0.25918218923770164,0,0,0.33082602299691644,2.7581998438108712e-05,AllGestureWiimoteY,47
0,0,0.05,shapley_sampling,feature_ablation,1.0,1.0,0.0,0.7719151090753079,0.7719151098348125,1,1,1.0632034779991955,0.045168807002482936,AllGestureWiimoteY,47
0,0,0.1,shapley_sampling,feature_ablation,1.0,1.0,0.0,0.6277011374165543,0.6277011372411828,1,1,1.0632034779991955,0.045168807002482936,AllGestureWiimoteY,47
0,0,0.2,shapley_sampling,feature_ablation,0.6,0.75,0.05,0.15928265535229846,0.18273636806612303,1,1,1.0632034779991955,0.045168807002482936,AllGestureWiimoteY,47
0,0,0.05,shapley_sampling,tshap_centroid,0.6666666666666666,0.8,0.01,0.7719151090753079,0.7983237147221388,1,1,1.0632034779991955,0.05322113399597583,AllGestureWiimoteY,47
0,0,0.1,shapley_sampling,tshap_centroid,0.5151515151515151,0.68,0.032,0.6277011374165543,0.7124345580344427,1,1,1.0632034779991955,0.05322113399597583,AllGestureWiimoteY,47
0,0,0.2,shapley_sampling,tshap_centroid,0.5873015873015873,0.74,0.052,0.15928265535229846,0.1525469885735094,1,1,1.0632034779991955,0.05322113399597583,AllGestureWiimoteY,47
0,0,0.05,shapley_sampling,tshap_zero,0.7241379310344828,0.84,0.008,0.7719151090753079,0.636178355148534,1,1,1.0632034779991955,0.05892198999936227,AllGestureWiimoteY,47
0,0,0.1,shapley_sampling,tshap_zero,0.6129032258064516,0.76,0.024,0.6277011374165543,0.698013425210567,1,1,1.0632034779991955,0.05892198999936227,AllGestureWiimoteY,47
0,0,0.2,shapley_sampling,tshap_zero,0.5748031496062992,0.73,0.054,0.15928265535229846,0.0979650834551371,1,1,1.0632034779991955,0.05892198999936227,AllGestureWiimoteY,47
0,0,0.05,shapley_sampling,tshap_train,0.8518518518518519,0.92,0.004,0.7719151090753079,0.7230986625120878,1,1,1.0632034779991955,0.6865066940008546,AllGestureWiimoteY,47
0,0,0.1,shapley_sampling,tshap_train,0.6666666666666666,0.8,0.02,0.6277011374165543,0.7364332016330631,1,1,1.0632034779991955,0.6865066940008546,AllGestureWiimoteY,47
0,0,0.2,shapley_sampling,tshap_train,0.41843971631205673,0.59,0.082,0.15928265535229846,-0.1263020495061723,1,0,1.0632034779991955,0.6865066940008546,AllGestureWiimoteY,47
0,0,0.05,shapley_sampling,mrsqm,0.0,0.0,0.1,0.7719151090753079,0.004989100581715089,1,0,1.0632034779991955,2.7581998438108712e-05,AllGestureWiimoteY,47
0,0,0.1,shapley_sampling,mrsqm,0.3333333333333333,0.5,0.05,0.6277011374165543,-0.03245764831041076,1,0,1.0632034779991955,2.7581998438108712e-05,AllGestureWiimoteY,47
0,0,0.2,shapley_sampling,mrsqm,0.3333333333333333,0.5,0.1,0.15928265535229846,-0.25918218923770164,1,0,1.0632034779991955,2.7581998438108712e-05,AllGestureWiimoteY,47
0,0,0.05,feature_ablation,tshap_centroid,0.6666666666666666,0.8,0.01,0.7719151098348125,0.7983237147221388,1,1,0.045168807002482936,0.05322113399597583,AllGestureWiimoteY,47
0,0,0.1,feature_ablation,tshap_centroid,0.5151515151515151,0.68,0.032,0.6277011372411828,0.7124345580344427,1,1,0.045168807002482936,0.05322113399597583,AllGestureWiimoteY,47
0,0,0.2,feature_ablation,tshap_centroid,0.9801980198019802,0.99,0.002,0.18273636806612303,0.1525469885735094,1,1,0.045168807002482936,0.05322113399597583,AllGestureWiimoteY,47
0,0,0.05,feature_ablation,tshap_zero,0.7241379310344828,0.84,0.008,0.7719151098348125,0.636178355148534,1,1,0.045168807002482936,0.05892198999936227,AllGestureWiimoteY,47
0,0,0.1,feature_ablation,tshap_zero,0.6129032258064516,0.76,0.024,0.6277011372411828,0.698013425210567,1,1,0.045168807002482936,0.05892198999936227,AllGestureWiimoteY,47
0,0,0.2,feature_ablation,tshap_zero,0.9607843137254902,0.98,0.004,0.18273636806612303,0.0979650834551371,1,1,0.045168807002482936,0.05892198999936227,AllGestureWiimoteY,47
0,0,0.05,feature_ablation,tshap_train,0.8518518518518519,0.92,0.004,0.7719151098348125,0.7230986625120878,1,1,0.045168807002482936,0.6865066940008546,AllGestureWiimoteY,47
0,0,0.1,feature_ablation,tshap_train,0.6666666666666666,0.8,0.02,0.6277011372411828,0.7364332016330631,1,1,0.045168807002482936,0.6865066940008546,AllGestureWiimoteY,47
0,0,0.2,feature_ablation,tshap_train,0.7241379310344828,0.84,0.032,0.18273636806612303,-0.1263020495061723,1,0,0.045168807002482936,0.6865066940008546,AllGestureWiimoteY,47
0,0,0.05,feature_ablation,mrsqm,0.0,0.0,0.1,0.7719151098348125,0.004989100581715089,1,0,0.045168807002482936,2.7581998438108712e-05,AllGestureWiimoteY,47
0,0,0.1,feature_ablation,mrsqm,0.3333333333333333,0.5,0.05,0.6277011372411828,-0.03245764831041076,1,0,0.045168807002482936,2.7581998438108712e-05,AllGestureWiimoteY,47
0,0,0.2,feature_ablation,mrsqm,0.6,0.75,0.05,0.18273636806612303,-0.25918218923770164,1,0,0.045168807002482936,2.7581998438108712e-05,AllGestureWiimoteY,47
0,0,0.05,tshap_centroid,tshap_zero,0.47058823529411764,0.64,0.018,0.7983237147221388,0.636178355148534,1,1,0.05322113399597583,0.05892198999936227,AllGestureWiimoteY,47
0,0,0.1,tshap_centroid,tshap_zero,0.8518518518518519,0.92,0.008,0.7124345580344427,0.698013425210567,1,1,0.05322113399597583,0.05892198999936227,AllGestureWiimoteY,47
0,0,0.2,tshap_centroid,tshap_zero,0.9801980198019802,0.99,0.002,0.1525469885735094,0.0979650834551371,1,1,0.05322113399597583,0.05892198999936227,AllGestureWiimoteY,47
0,0,0.05,tshap_centroid,tshap_train,0.5625,0.72,0.014,0.7983237147221388,0.7230986625120878,1,1,0.05322113399597583,0.6865066940008546,AllGestureWiimoteY,47
0,0,0.1,tshap_centroid,tshap_train,0.7857142857142857,0.88,0.012,0.7124345580344427,0.7364332016330631,1,1,0.05322113399597583,0.6865066940008546,AllGestureWiimoteY,47
0,0,0.2,tshap_centroid,tshap_train,0.7391304347826086,0.85,0.03,0.1525469885735094,-0.1263020495061723,1,0,0.05322113399597583,0.6865066940008546,AllGestureWiimoteY,47
0,0,0.05,tshap_centroid,mrsqm,0.0,0.0,0.11,0.7983237147221388,0.004989100581715089,1,0,0.05322113399597583,2.7581998438108712e-05,AllGestureWiimoteY,47
0,0,0.1,tshap_centroid,mrsqm,0.0989010989010989,0.18,0.082,0.7124345580344427,-0.03245764831041076,1,0,0.05322113399597583,2.7581998438108712e-05,AllGestureWiimoteY,47
0,0,0.2,tshap_centroid,mrsqm,0.6129032258064516,0.76,0.048,0.1525469885735094,-0.25918218923770164,1,0,0.05322113399597583,2.7581998438108712e-05,AllGestureWiimoteY,47
0,0,0.05,tshap_zero,tshap_train,0.8518518518518519,0.92,0.004,0.636178355148534,0.7230986625120878,1,1,0.05892198999936227,0.6865066940008546,AllGestureWiimoteY,47
0,0,0.1,tshap_zero,tshap_train,0.9230769230769231,0.96,0.004,0.698013425210567,0.7364332016330631,1,1,0.05892198999936227,0.6865066940008546,AllGestureWiimoteY,47
0,0,0.2,tshap_zero,tshap_train,0.7543859649122807,0.86,0.028,0.0979650834551371,-0.1263020495061723,1,0,0.05892198999936227,0.6865066940008546,AllGestureWiimoteY,47
0,0,0.05,tshap_zero,mrsqm,0.0,0.0,0.092,0.636178355148534,0.004989100581715089,1,0,0.05892198999936227,2.7581998438108712e-05,AllGestureWiimoteY,47
0,0,0.1,tshap_zero,mrsqm,0.14942528735632185,0.26,0.074,0.698013425210567,-0.03245764831041076,1,0,0.05892198999936227,2.7581998438108712e-05,AllGestureWiimoteY,47
0,0,0.2,tshap_zero,mrsqm,0.6260162601626016,0.77,0.046,0.0979650834551371,-0.25918218923770164,1,0,0.05892198999936227,2.7581998438108712e-05,AllGestureWiimoteY,47
0,0,0.05,tshap_train,mrsqm,0.0,0.0,0.096,0.7230986625120878,0.004989100581715089,1,0,0.6865066940008546,2.7581998438108712e-05,AllGestureWiimoteY,47
0,0,0.1,tshap_train,mrsqm,0.17647058823529413,0.3,0.07,0.7364332016330631,-0.03245764831041076,1,0,0.6865066940008546,2.7581998438108712e-05,AllGestureWiimoteY,47
0,0,0.2,tshap_train,mrsqm,0.8348623853211009,0.91,0.018,-0.1263020495061723,-0.25918218923770164,0,0,0.6865066940008546,2.7581998438108712e-05,AllGestureWiimoteY,47
5,5,0.05,hydra,shapley_sampling,0.0,0.0,0.134,-0.010602963478329563,0.18702781403032503,0,1,0.3321607399993809,1.054506455999217,AllGestureWiimoteY,342
5,5,0.1,hydra,shapley_sampling,0.16279069767441862,0.28,0.072,0.038792070906386034,0.22940052590558752,0,1,0.3321607399993809,1.054506455999217,AllGestureWiimoteY,342
5,5,0.2,hydra,shapley_sampling,0.8518518518518519,0.92,0.016,0.4089242202437303,0.3857248954168294,1,1,0.3321607399993809,1.054506455999217,AllGestureWiimoteY,342
5,5,0.05,hydra,feature_ablation,0.0,0.0,0.134,-0.010602963478329563,0.18702781585031586,0,1,0.3321607399993809,0.047072405002836604,AllGestureWiimoteY,342
5,5,0.1,hydra,feature_ablation,0.16279069767441862,0.28,0.072,0.038792070906386034,0.22940052097918628,0,1,0.3321607399993809,0.047072405002836604,AllGestureWiimoteY,342
5,5,0.2,hydra,feature_ablation,0.7094017094017094,0.83,0.034,0.4089242202437303,0.5121617558384695,1,1,0.3321607399993809,0.047072405002836604,AllGestureWiimoteY,342
5,5,0.05,hydra,tshap_centroid,0.0,0.0,0.178,-0.010602963478329563,-0.08517602256107693,0,0,0.3321607399993809,0.05424668799969368,AllGestureWiimoteY,342
5,5,0.1,hydra,tshap_centroid,0.35135135135135137,0.52,0.048,0.038792070906386034,-0.010760874160375411,0,0,0.3321607399993809,0.05424668799969368,AllGestureWiimoteY,342
5,5,0.2,hydra,tshap_centroid,0.9607843137254902,0.98,0.004,0.4089242202437303,0.3863217816837846,1,1,0.3321607399993809,0.05424668799969368,AllGestureWiimoteY,342
5,5,0.05,hydra,tshap_zero,0.1111111111111111,0.2,0.04,-0.010602963478329563,-0.2060672155528085,0,0,0.3321607399993809,0.06954502300504828,AllGestureWiimoteY,342
5,5,0.1,hydra,tshap_zero,0.0,0.0,0.194,0.038792070906386034,-0.01297158586681213,0,0,0.3321607399993809,0.06954502300504828,AllGestureWiimoteY,342
5,5,0.2,hydra,tshap_zero,0.08695652173913043,0.16,0.168,0.4089242202437303,0.10077923970675284,1,1,0.3321607399993809,0.06954502300504828,AllGestureWiimoteY,342
5,5,0.05,hydra,tshap_train,0.0,0.0,0.202,-0.010602963478329563,0.000524199453632912,0,0,0.3321607399993809,0.6827434509978048,AllGestureWiimoteY,342
5,5,0.1,hydra,tshap_train,0.5625,0.72,0.028,0.038792070906386034,-0.018402271147860083,0,0,0.3321607399993809,0.6827434509978048,AllGestureWiimoteY,342
5,5,0.2,hydra,tshap_train,0.9607843137254902,0.98,0.004,0.4089242202437303,0.3863217844119039,1,1,0.3321607399993809,0.6827434509978048,AllGestureWiimoteY,342
5,5,0.05,hydra,mrsqm,0.0,0.0,0.066,-0.010602963478329563,-0.06552668138855844,0,0,0.3321607399993809,2.7280999347567558e-05,AllGestureWiimoteY,342
5,5,0.1,hydra,mrsqm,0.0,0.0,0.272,0.038792070906386034,-0.09762326273395328,0,0,0.3321607399993809,2.7280999347567558e-05,AllGestureWiimoteY,342
5,5,0.2,hydra,mrsqm,0.041666666666666664,0.08,0.184,0.4089242202437303,0.009737574175388786,1,1,0.3321607399993809,2.7280999347567558e-05,AllGestureWiimoteY,342
5,5,0.05,shapley_sampling,feature_ablation,1.0,1.0,0.0,0.18702781403032503,0.18702781585031586,1,1,1.054506455999217,0.047072405002836604,AllGestureWiimoteY,342
5,5,0.1,shapley_sampling,feature_ablation,1.0,1.0,0.0,0.22940052590558752,0.22940052097918628,1,1,1.054506455999217,0.047072405002836604,AllGestureWiimoteY,342
5,5,0.2,shapley_sampling,feature_ablation,0.6,0.75,0.05,0.3857248954168294,0.5121617558384695,1,1,1.054506455999217,0.047072405002836604,AllGestureWiimoteY,342
5,5,0.05,shapley_sampling,tshap_centroid,0.06382978723404255,0.12,0.044,0.18702781403032503,-0.08517602256107693,1,0,1.054506455999217,0.05424668799969368,AllGestureWiimoteY,342
5,5,0.1,shapley_sampling,tshap_centroid,0.6129032258064516,0.76,0.024,0.22940052590558752,-0.010760874160375411,1,0,1.054506455999217,0.05424668799969368,AllGestureWiimoteY,342
5,5,0.2,shapley_sampling,tshap_centroid,0.8181818181818182,0.9,0.02,0.3857248954168294,0.3863217816837846,1,1,1.054506455999217,0.05424668799969368,AllGestureWiimoteY,342
5,5,0.05,shapley_sampling,tshap_zero,0.0,0.0,0.094,0.18702781403032503,-0.2060672155528085,1,0,1.054506455999217,0.06954502300504828,AllGestureWiimoteY,342
5,5,0.1,shapley_sampling,tshap_zero,0.0,0.0,0.122,0.22940052590558752,-0.01297158586681213,1,0,1.054506455999217,0.06954502300504828,AllGestureWiimoteY,342
5,5,0.2,shapley_sampling,tshap_zero,0.041666666666666664,0.08,0.184,0.3857248954168294,0.10077923970675284,1,1,1.054506455999217,0.06954502300504828,AllGestureWiimoteY,342
5,5,0.05,shapley_sampling,tshap_train,0.0,0.0,0.068,0.18702781403032503,0.000524199453632912,1,0,1.054506455999217,0.6827434509978048,AllGestureWiimoteY,342
5,5,0.1,shapley_sampling,tshap_train,0.3888888888888889,0.56,0.044,0.22940052590558752,-0.018402271147860083,1,0,1.054506455999217,0.6827434509978048,AllGestureWiimoteY,342
5,5,0.2,shapley_sampling,tshap_train,0.8181818181818182,0.9,0.02,0.3857248954168294,0.3863217844119039,1,1,1.054506455999217,0.6827434509978048,AllGestureWiimoteY,342
5,5,0.05,shapley_sampling,mrsqm,0.0,0.0,0.2,0.18702781403032503,-0.06552668138855844,1,0,1.054506455999217,2.7280999347567558e-05,AllGestureWiimoteY,342
5,5,0.1,shapley_sampling,mrsqm,0.0,0.0,0.2,0.22940052590558752,-0.09762326273395328,1,0,1.054506455999217,2.7280999347567558e-05,AllGestureWiimoteY,342
5,5,0.2,shapley_sampling,mrsqm,0.0,0.0,0.2,0.3857248954168294,0.009737574175388786,1,1,1.054506455999217,2.7280999347567558e-05,AllGestureWiimoteY,342
5,5,0.05,feature_ablation,tshap_centroid,0.06382978723404255,0.12,0.044,0.18702781585031586,-0.08517602256107693,1,0,0.047072405002836604,0.05424668799969368,AllGestureWiimoteY,342
5,5,0.1,feature_ablation,tshap_centroid,0.6129032258064516,0.76,0.024,0.22940052097918628,-0.010760874160375411,1,0,0.047072405002836604,0.05424668799969368,AllGestureWiimoteY,342
5,5,0.2,feature_ablation,tshap_centroid,0.7391304347826086,0.85,0.03,0.5121617558384695,0.3863217816837846,1,1,0.047072405002836604,0.05424668799969368,AllGestureWiimoteY,342
5,5,0.05,feature_ablation,tshap_zero,0.0,0.0,0.094,0.18702781585031586,-0.2060672155528085,1,0,0.047072405002836604,0.06954502300504828,AllGestureWiimoteY,342
5,5,0.1,feature_ablation,tshap_zero,0.0,0.0,0.122,0.22940052097918628,-0.01297158586681213,1,0,0.047072405002836604,0.06954502300504828,AllGestureWiimoteY,342
5,5,0.2,feature_ablation,tshap_zero,0.19760479041916168,0.33,0.134,0.5121617558384695,0.10077923970675284,1,1,0.047072405002836604,0.06954502300504828,AllGestureWiimoteY,342
5,5,0.05,feature_ablation,tshap_train,0.0,0.0,0.068,0.18702781585031586,0.000524199453632912,1,0,0.047072405002836604,0.6827434509978048,AllGestureWiimoteY,342
5,5,0.1,feature_ablation,tshap_train,0.3888888888888889,0.56,0.044,0.22940052097918628,-0.018402271147860083,1,0,0.047072405002836604,0.6827434509978048,AllGestureWiimoteY,342
5,5,0.2,feature_ablation,tshap_train,0.7391304347826086,0.85,0.03,0.5121617558384695,0.3863217844119039,1,1,0.047072405002836604,0.6827434509978048,AllGestureWiimoteY,342
5,5,0.05,feature_ablation,mrsqm,0.0,0.0,0.2,0.18702781585031586,-0.06552668138855844,1,0,0.047072405002836604,2.7280999347567558e-05,AllGestureWiimoteY,342
5,5,0.1,feature_ablation,mrsqm,0.0,0.0,0.2,0.22940052097918628,-0.09762326273395328,1,0,0.047072405002836604,2.7280999347567558e-05,AllGestureWiimoteY,342
5,5,0.2,feature_ablation,mrsqm,0.14285714285714285,0.25,0.15,0.5121617558384695,0.009737574175388786,1,1,0.047072405002836604,2.7280999347567558e-05,AllGestureWiimoteY,342
5,5,0.05,tshap_centroid,tshap_zero,0.0,0.0,0.138,-0.08517602256107693,-0.2060672155528085,0,0,0.05424668799969368,0.06954502300504828,AllGestureWiimoteY,342
5,5,0.1,tshap_centroid,tshap_zero,0.0,0.0,0.146,-0.010760874160375411,-0.01297158586681213,0,0,0.05424668799969368,0.06954502300504828,AllGestureWiimoteY,342
5,5,0.2,tshap_centroid,tshap_zero,0.0989010989010989,0.18,0.164,0.3863217816837846,0.10077923970675284,1,1,0.05424668799969368,0.06954502300504828,AllGestureWiimoteY,342
5,5,0.05,tshap_centroid,tshap_train,0.35135135135135137,0.52,0.024,-0.08517602256107693,0.000524199453632912,0,0,0.05424668799969368,0.6827434509978048,AllGestureWiimoteY,342
5,5,0.1,tshap_centroid,tshap_train,0.6666666666666666,0.8,0.02,-0.010760874160375411,-0.018402271147860083,0,0,0.05424668799969368,0.6827434509978048,AllGestureWiimoteY,342
5,5,0.2,tshap_centroid,tshap_train,1.0,1.0,0.0,0.3863217816837846,0.3863217844119039,1,1,0.05424668799969368,0.6827434509978048,AllGestureWiimoteY,342
5,5,0.05,tshap_centroid,mrsqm,0.0,0.0,0.244,-0.08517602256107693,-0.06552668138855844,0,0,0.05424668799969368,2.7280999347567558e-05,AllGestureWiimoteY,342
5,5,0.1,tshap_centroid,mrsqm,0.0,0.0,0.224,-0.010760874160375411,-0.09762326273395328,0,0,0.05424668799969368,2.7280999347567558e-05,AllGestureWiimoteY,342
5,5,0.2,tshap_centroid,mrsqm,0.05263157894736842,0.1,0.18,0.3863217816837846,0.009737574175388786,1,1,0.05424668799969368,2.7280999347567558e-05,AllGestureWiimoteY,342
5,5,0.05,tshap_zero,tshap_train,0.0,0.0,0.162,-0.2060672155528085,0.000524199453632912,0,0,0.06954502300504828,0.6827434509978048,AllGestureWiimoteY,342
5,5,0.1,tshap_zero,tshap_train,0.0,0.0,0.166,-0.01297158586681213,-0.018402271147860083,0,0,0.06954502300504828,0.6827434509978048,AllGestureWiimoteY,342
5,5,0.2,tshap_zero,tshap_train,0.0989010989010989,0.18,0.164,0.10077923970675284,0.3863217844119039,1,1,0.06954502300504828,0.6827434509978048,AllGestureWiimoteY,342
5,5,0.05,tshap_zero,mrsqm,0.0,0.0,0.106,-0.2060672155528085,-0.06552668138855844,0,0,0.06954502300504828,2.7280999347567558e-05,AllGestureWiimoteY,342
5,5,0.1,tshap_zero,mrsqm,0.12359550561797752,0.22,0.078,-0.01297158586681213,-0.09762326273395328,0,0,0.06954502300504828,2.7280999347567558e-05,AllGestureWiimoteY,342
5,5,0.2,tshap_zero,mrsqm,0.8518518518518519,0.92,0.016,0.10077923970675284,0.009737574175388786,1,1,0.06954502300504828,2.7280999347567558e-05,AllGestureWiimoteY,342
5,5,0.05,tshap_train,mrsqm,0.0,0.0,0.268,0.000524199453632912,-0.06552668138855844,0,0,0.6827434509978048,2.7280999347567558e-05,AllGestureWiimoteY,342
5,5,0.1,tshap_train,mrsqm,0.0,0.0,0.244,-0.018402271147860083,-0.09762326273395328,0,0,0.6827434509978048,2.7280999347567558e-05,AllGestureWiimoteY,342
5,5,0.2,tshap_train,mrsqm,0.05263157894736842,0.1,0.18,0.3863217844119039,0.009737574175388786,1,1,0.6827434509978048,2.7280999347567558e-05,AllGestureWiimoteY,342
9,9,0.05,hydra,shapley_sampling,0.0,0.0,0.05,1.3610602811360026,0.8929896027698317,1,1,0.3257835990007152,1.0258180829987396,AllGestureWiimoteY,606
9,9,0.1,hydra,shapley_sampling,1.0,1.0,0.0,1.1229761173228914,1.1229761222983332,1,1,0.3257835990007152,1.0258180829987396,AllGestureWiimoteY,606
9,9,0.2,hydra,shapley_sampling,1.0,1.0,0.0,1.0870768447862769,1.0870768475308605,1,1,0.3257835990007152,1.0258180829987396,AllGestureWiimoteY,606
9,9,0.05,hydra,feature_ablation,0.0,0.0,0.05,1.3610602811360026,0.8929896063689122,1,1,0.3257835990007152,0.04314736699598143,AllGestureWiimoteY,606
9,9,0.1,hydra,feature_ablation,1.0,1.0,0.0,1.1229761173228914,1.122976120348865,1,1,0.3257835990007152,0.04314736699598143,AllGestureWiimoteY,606
9,9,0.2,hydra,feature_ablation,1.0,1.0,0.0,1.0870768447862769,1.0870768488525153,1,1,0.3257835990007152,0.04314736699598143,AllGestureWiimoteY,606
9,9,0.05,hydra,tshap_centroid,0.0,0.0,0.05,1.3610602811360026,0.8929896008343007,1,1,0.3257835990007152,0.051237916995887645,AllGestureWiimoteY,606
9,9,0.1,hydra,tshap_centroid,0.6949152542372882,0.82,0.018,1.1229761173228914,1.2129407262721652,1,1,0.3257835990007152,0.051237916995887645,AllGestureWiimoteY,606
9,9,0.2,hydra,tshap_centroid,1.0,1.0,0.0,1.0870768447862769,1.0870768447083463,1,1,0.3257835990007152,0.051237916995887645,AllGestureWiimoteY,606
9,9,0.05,hydra,tshap_zero,0.08695652173913043,0.16,0.042,1.3610602811360026,0.9961291302199436,1,1,0.3257835990007152,0.056527296997956,AllGestureWiimoteY,606
9,9,0.1,hydra,tshap_zero,0.8181818181818182,0.9,0.01,1.1229761173228914,1.143779554937091,1,1,0.3257835990007152,0.056527296997956,AllGestureWiimoteY,606
9,9,0.2,hydra,tshap_zero,1.0,1.0,0.0,1.0870768447862769,1.087076844400045,1,1,0.3257835990007152,0.056527296997956,AllGestureWiimoteY,606
9,9,0.05,hydra,tshap_train,0.0,0.0,0.052,1.3610602811360026,0.8490747802295691,1,1,0.3257835990007152,0.677278961004049,AllGestureWiimoteY,606
9,9,0.1,hydra,tshap_train,0.639344262295082,0.78,0.022,1.1229761173228914,1.1845360035976231,1,1,0.3257835990007152,0.677278961004049,AllGestureWiimoteY,606
9,9,0.2,hydra,tshap_train,0.9607843137254902,0.98,0.004,1.0870768447862769,1.1076523505551754,1,1,0.3257835990007152,0.677278961004049,AllGestureWiimoteY,606
9,9,0.05,hydra,mrsqm,1.0,1.0,0.0,1.3610602811360026,1.3610602857175924,1,1,0.3257835990007152,2.7431997295934707e-05,AllGestureWiimoteY,606
9,9,0.1,hydra,mrsqm,1.0,1.0,0.0,1.1229761173228914,1.12297612363264,1,1,0.3257835990007152,2.7431997295934707e-05,AllGestureWiimoteY,606
9,9,0.2,hydra,mrsqm,1.0,1.0,0.0,1.0870768447862769,1.0870768462321143,1,1,0.3257835990007152,2.7431997295934707e-05,AllGestureWiimoteY,606
9,9,0.05,shapley_sampling,feature_ablation,1.0,1.0,0.0,0.8929896027698317,0.8929896063689122,1,1,1.0258180829987396,0.04314736699598143,AllGestureWiimoteY,606
9,9,0.1,shapley_sampling,feature_ablation,1.0,1.0,0.0,1.1229761222983332,1.122976120348865,1,1,1.0258180829987396,0.04314736699598143,AllGestureWiimoteY,606
9,9,0.2,shapley_sampling,feature_ablation,1.0,1.0,0.0,1.0870768475308605,1.0870768488525153,1,1,1.0258180829987396,0.04314736699598143,AllGestureWiimoteY,606
9,9,0.05,shapley_sampling,tshap_centroid,1.0,1.0,0.0,0.8929896027698317,0.8929896008343007,1,1,1.0258180829987396,0.051237916995887645,AllGestureWiimoteY,606
9,9,0.1,shapley_sampling,tshap_centroid,0.6949152542372882,0.82,0.018,1.1229761222983332,1.2129407262721652,1,1,1.0258180829987396,0.051237916995887645,AllGestureWiimoteY,606
9,9,0.2,shapley_sampling,tshap_centroid,1.0,1.0,0.0,1.0870768475308605,1.0870768447083463,1,1,1.0258180829987396,0.051237916995887645,AllGestureWiimoteY,606
9,9,0.05,shapley_sampling,tshap_zero,0.7241379310344828,0.84,0.008,0.8929896027698317,0.9961291302199436,1,1,1.0258180829987396,0.056527296997956,AllGestureWiimoteY,606
9,9,0.1,shapley_sampling,tshap_zero,0.8181818181818182,0.9,0.01,1.1229761222983332,1.143779554937091,1,1,1.0258180829987396,0.056527296997956,AllGestureWiimoteY,606
9,9,0.2,shapley_sampling,tshap_zero,1.0,1.0,0.0,1.0870768475308605,1.087076844400045,1,1,1.0258180829987396,0.056527296997956,AllGestureWiimoteY,606
9,9,0.05,shapley_sampling,tshap_train,0.9230769230769231,0.96,0.002,0.8929896027698317,0.8490747802295691,1,1,1.0258180829987396,0.677278961004049,AllGestureWiimoteY,606
9,9,0.1,shapley_sampling,tshap_train,0.639344262295082,0.78,0.022,1.1229761222983332,1.1845360035976231,1,1,1.0258180829987396,0.677278961004049,AllGestureWiimoteY,606
9,9,0.2,shapley_sampling,tshap_train,0.9607843137254902,0.98,0.004,1.0870768475308605,1.1076523505551754,1,1,1.0258180829987396,0.677278961004049,AllGestureWiimoteY,606
9,9,0.05,shapley_sampling,mrsqm,0.0,0.0,0.05,0.8929896027698317,1.3610602857175924,1,1,1.0258180829987396,2.7431997295934707e-05,AllGestureWiimoteY,606
9,9,0.1,shapley_sampling,mrsqm,1.0,1.0,0.0,1.1229761222983332,1.12297612363264,1,1,1.0258180829987396,2.7431997295934707e-05,AllGestureWiimoteY,606
9,9,0.2,shapley_sampling,mrsqm,1.0,1.0,0.0,1.0870768475308605,1.0870768462321143,1,1,1.0258180829987396,2.7431997295934707e-05,AllGestureWiimoteY,606
9,9,0.05,feature_ablation,tshap_centroid,1.0,1.0,0.0,0.8929896063689122,0.8929896008343007,1,1,0.04314736699598143,0.051237916995887645,AllGestureWiimoteY,606
9,9,0.1,feature_ablation,tshap_centroid,0.6949152542372882,0.82,0.018,1.122976120348865,1.2129407262721652,1,1,0.04314736699598143,0.051237916995887645,AllGestureWiimoteY,606
9,9,0.2,feature_ablation,tshap_centroid,1.0,1.0,0.0,1.0870768488525153,1.0870768447083463,1,1,0.04314736699598143,0.051237916995887645,AllGestureWiimoteY,606
9,9,0.05,feature_ablation,tshap_zero,0.7241379310344828,0.84,0.008,0.8929896063689122,0.9961291302199436,1,1,0.04314736699598143,0.056527296997956,AllGestureWiimoteY,606
9,9,0.1,feature_ablation,tshap_zero,0.8181818181818182,0.9,0.01,1.122976120348865,1.143779554937091,1,1,0.04314736699598143,0.056527296997956,AllGestureWiimoteY,606
9,9,0.2,feature_ablation,tshap_zero,1.0,1.0,0.0,1.0870768488525153,1.087076844400045,1,1,0.04314736699598143,0.056527296997956,AllGestureWiimoteY,606
9,9,0.05,feature_ablation,tshap_train,0.9230769230769231,0.96,0.002,0.8929896063689122,0.8490747802295691,1,1,0.04314736699598143,0.677278961004049,AllGestureWiimoteY,606
9,9,0.1,feature_ablation,tshap_train,0.639344262295082,0.78,0.022,1.122976120348865,1.1845360035976231,1,1,0.04314736699598143,0.677278961004049,AllGestureWiimoteY,606
9,9,0.2,feature_ablation,tshap_train,0.9607843137254902,0.98,0.004,1.0870768488525153,1.1076523505551754,1,1,0.04314736699598143,0.677278961004049,AllGestureWiimoteY,606
9,9,0.05,feature_ablation,mrsqm,0.0,0.0,0.05,0.8929896063689122,1.3610602857175924,1,1,0.04314736699598143,2.7431997295934707e-05,AllGestureWiimoteY,606
9,9,0.1,feature_ablation,mrsqm,1.0,1.0,0.0,1.122976120348865,1.12297612363264,1,1,0.04314736699598143,2.7431997295934707e-05,AllGestureWiimoteY,606
9,9,0.2,feature_ablation,mrsqm,1.0,1.0,0.0,1.0870768488525153,1.0870768462321143,1,1,0.04314736699598143,2.7431997295934707e-05,AllGestureWiimoteY,606
9,9,0.05,tshap_centroid,tshap_zero,0.7241379310344828,0.84,0.008,0.8929896008343007,0.9961291302199436,1,1,0.051237916995887645,0.056527296997956,AllGestureWiimoteY,606
9,9,0.1,tshap_centroid,tshap_zero,0.8518518518518519,0.92,0.008,1.2129407262721652,1.143779554937091,1,1,0.051237916995887645,0.056527296997956,AllGestureWiimoteY,606
9,9,0.2,tshap_centroid,tshap_zero,1.0,1.0,0.0,1.0870768447083463,1.087076844400045,1,1,0.051237916995887645,0.056527296997956,AllGestureWiimoteY,606
9,9,0.05,tshap_centroid,tshap_train,0.9230769230769231,0.96,0.002,0.8929896008343007,0.8490747802295691,1,1,0.051237916995887645,0.677278961004049,AllGestureWiimoteY,606
9,9,0.1,tshap_centroid,tshap_train,0.9230769230769231,0.96,0.004,1.2129407262721652,1.1845360035976231,1,1,0.051237916995887645,0.677278961004049,AllGestureWiimoteY,606
9,9,0.2,tshap_centroid,tshap_train,0.9607843137254902,0.98,0.004,1.0870768447083463,1.1076523505551754,1,1,0.051237916995887645,0.677278961004049,AllGestureWiimoteY,606
9,9,0.05,tshap_centroid,mrsqm,0.0,0.0,0.05,0.8929896008343007,1.3610602857175924,1,1,0.051237916995887645,2.7431997295934707e-05,AllGestureWiimoteY,606
9,9,0.1,tshap_centroid,mrsqm,0.6949152542372882,0.82,0.018,1.2129407262721652,1.12297612363264,1,1,0.051237916995887645,2.7431997295934707e-05,AllGestureWiimoteY,606
9,9,0.2,tshap_centroid,mrsqm,1.0,1.0,0.0,1.0870768447083463,1.0870768462321143,1,1,0.051237916995887645,2.7431997295934707e-05,AllGestureWiimoteY,606
9,9,0.05,tshap_zero,tshap_train,0.6666666666666666,0.8,0.01,0.9961291302199436,0.8490747802295691,1,1,0.056527296997956,0.677278961004049,AllGestureWiimoteY,606
9,9,0.1,tshap_zero,tshap_train,0.7857142857142857,0.88,0.012,1.143779554937091,1.1845360035976231,1,1,0.056527296997956,0.677278961004049,AllGestureWiimoteY,606
9,9,0.2,tshap_zero,tshap_train,0.9607843137254902,0.98,0.004,1.087076844400045,1.1076523505551754,1,1,0.056527296997956,0.677278961004049,AllGestureWiimoteY,606
9,9,0.05,tshap_zero,mrsqm,0.08695652173913043,0.16,0.042,0.9961291302199436,1.3610602857175924,1,1,0.056527296997956,2.7431997295934707e-05,AllGestureWiimoteY,606
9,9,0.1,tshap_zero,mrsqm,0.8181818181818182,0.9,0.01,1.143779554937091,1.12297612363264,1,1,0.056527296997956,2.7431997295934707e-05,AllGestureWiimoteY,606
9,9,0.2,tshap_zero,mrsqm,1.0,1.0,0.0,1.087076844400045,1.0870768462321143,1,1,0.056527296997956,2.7431997295934707e-05,AllGestureWiimoteY,606
9,9,0.05,tshap_train,mrsqm,0.0,0.0,0.052,0.8490747802295691,1.3610602857175924,1,1,0.677278961004049,2.7431997295934707e-05,AllGestureWiimoteY,606
9,9,0.1,tshap_train,mrsqm,0.639344262295082,0.78,0.022,1.1845360035976231,1.12297612363264,1,1,0.677278961004049,2.7431997295934707e-05,AllGestureWiimoteY,606
9,9,0.2,tshap_train,mrsqm,0.9607843137254902,0.98,0.004,1.1076523505551754,1.0870768462321143,1,1,0.677278961004049,2.7431997295934707e-05,AllGestureWiimoteY,606
0,0,0.05,hydra,shapley_sampling,0.28205128205128205,0.44,0.028,0.5885463226237844,0.8721191215060085,0,0,0.3270121450041188,1.0231144659992424,AllGestureWiimoteY,53
0,0,0.1,hydra,shapley_sampling,0.47058823529411764,0.64,0.036,1.458612064851564,1.4388589299356125,1,1,0.3270121450041188,1.0231144659992424,AllGestureWiimoteY,53
0,0,0.2,hydra,shapley_sampling,0.8691588785046729,0.93,0.014,1.5085922134798613,1.5223219165839104,1,1,0.3270121450041188,1.0231144659992424,AllGestureWiimoteY,53
0,0,0.05,hydra,feature_ablation,0.28205128205128205,0.44,0.028,0.5885463226237844,0.8721191193325786,0,0,0.3270121450041188,0.04290938899794128,AllGestureWiimoteY,53
0,0,0.1,hydra,feature_ablation,0.47058823529411764,0.64,0.036,1.458612064851564,1.4388589320630842,1,1,0.3270121450041188,0.04290938899794128,AllGestureWiimoteY,53
0,0,0.2,hydra,feature_ablation,0.8691588785046729,0.93,0.014,1.5085922134798613,1.52232191427896,1,1,0.3270121450041188,0.04290938899794128,AllGestureWiimoteY,53
0,0,0.05,hydra,tshap_centroid,0.06382978723404255,0.12,0.044,0.5885463226237844,1.0819600488329673,0,0,0.3270121450041188,0.05123442000331124,AllGestureWiimoteY,53
0,0,0.1,hydra,tshap_centroid,0.6129032258064516,0.76,0.024,1.458612064851564,1.5003152838944953,1,1,0.3270121450041188,0.05123442000331124,AllGestureWiimoteY,53
0,0,0.2,hydra,tshap_centroid,0.6666666666666666,0.8,0.04,1.5085922134798613,1.616874354128413,1,1,0.3270121450041188,0.05123442000331124,AllGestureWiimoteY,53
0,0,0.05,hydra,tshap_zero,0.13636363636363635,0.24,0.038,0.5885463226237844,0.9719722762929187,0,0,0.3270121450041188,0.05689769399759825,AllGestureWiimoteY,53
0,0,0.1,hydra,tshap_zero,0.639344262295082,0.78,0.022,1.458612064851564,1.5291813393319662,1,1,0.3270121450041188,0.05689769399759825,AllGestureWiimoteY,53
0,0,0.2,hydra,tshap_zero,0.6666666666666666,0.8,0.04,1.5085922134798613,1.6168743507870473,1,1,0.3270121450041188,0.05689769399759825,AllGestureWiimoteY,53
0,0,0.05,hydra,tshap_train,0.1111111111111111,0.2,0.04,0.5885463226237844,1.0147979475455216,0,0,0.3270121450041188,0.6698937819965067,AllGestureWiimoteY,53
0,0,0.1,hydra,tshap_train,0.639344262295082,0.78,0.022,1.458612064851564,1.529181339373833,1,1,0.3270121450041188,0.6698937819965067,AllGestureWiimoteY,53
0,0,0.2,hydra,tshap_train,0.7391304347826086,0.85,0.03,1.5085922134798613,1.5576815976321017,1,1,0.3270121450041188,0.6698937819965067,AllGestureWiimoteY,53
0,0,0.05,hydra,mrsqm,0.0,0.0,0.072,0.5885463226237844,0.4027027571440014,0,0,0.3270121450041188,2.6109999453183264e-05,AllGestureWiimoteY,53
0,0,0.1,hydra,mrsqm,0.21951219512195122,0.36,0.064,1.458612064851564,0.9326481602687169,1,1,0.3270121450041188,2.6109999453183264e-05,AllGestureWiimoteY,53
0,0,0.2,hydra,mrsqm,0.8691588785046729,0.93,0.014,1.5085922134798613,1.5223219194035753,1,1,0.3270121450041188,2.6109999453183264e-05,AllGestureWiimoteY,53
0,0,0.05,shapley_sampling,feature_ablation,1.0,1.0,0.0,0.8721191215060085,0.8721191193325786,0,0,1.0231144659992424,0.04290938899794128,AllGestureWiimoteY,53
0,0,0.1,shapley_sampling,feature_ablation,1.0,1.0,0.0,1.4388589299356125,1.4388589320630842,1,1,1.0231144659992424,0.04290938899794128,AllGestureWiimoteY,53
0,0,0.2,shapley_sampling,feature_ablation,1.0,1.0,0.0,1.5223219165839104,1.52232191427896,1,1,1.0231144659992424,0.04290938899794128,AllGestureWiimoteY,53
0,0,0.05,shapley_sampling,tshap_centroid,0.5151515151515151,0.68,0.016,0.8721191215060085,1.0819600488329673,0,0,1.0231144659992424,0.05123442000331124,AllGestureWiimoteY,53
0,0,0.1,shapley_sampling,tshap_centroid,0.7857142857142857,0.88,0.012,1.4388589299356125,1.5003152838944953,1,1,1.0231144659992424,0.05123442000331124,AllGestureWiimoteY,53
0,0,0.2,shapley_sampling,tshap_centroid,0.5748031496062992,0.73,0.054,1.5223219165839104,1.616874354128413,1,1,1.0231144659992424,0.05123442000331124,AllGestureWiimoteY,53
0,0,0.05,shapley_sampling,tshap_zero,0.6666666666666666,0.8,0.01,0.8721191215060085,0.9719722762929187,0,0,1.0231144659992424,0.05689769399759825,AllGestureWiimoteY,53
0,0,0.1,shapley_sampling,tshap_zero,0.7543859649122807,0.86,0.014,1.4388589299356125,1.5291813393319662,1,1,1.0231144659992424,0.05689769399759825,AllGestureWiimoteY,53
0,0,0.2,shapley_sampling,tshap_zero,0.5748031496062992,0.73,0.054,1.5223219165839104,1.6168743507870473,1,1,1.0231144659992424,0.05689769399759825,AllGestureWiimoteY,53
0,0,0.05,shapley_sampling,tshap_train,0.6129032258064516,0.76,0.012,0.8721191215060085,1.0147979475455216,0,0,1.0231144659992424,0.6698937819965067,AllGestureWiimoteY,53
0,0,0.1,shapley_sampling,tshap_train,0.7543859649122807,0.86,0.014,1.4388589299356125,1.529181339373833,1,1,1.0231144659992424,0.6698937819965067,AllGestureWiimoteY,53
0,0,0.2,shapley_sampling,tshap_train,0.639344262295082,0.78,0.044,1.5223219165839104,1.5576815976321017,1,1,1.0231144659992424,0.6698937819965067,AllGestureWiimoteY,53
0,0,0.05,shapley_sampling,mrsqm,0.0,0.0,0.1,0.8721191215060085,0.4027027571440014,0,0,1.0231144659992424,2.6109999453183264e-05,AllGestureWiimoteY,53
0,0,0.1,shapley_sampling,mrsqm,0.0,0.0,0.1,1.4388589299356125,0.9326481602687169,1,1,1.0231144659992424,2.6109999453183264e-05,AllGestureWiimoteY,53
0,0,0.2,shapley_sampling,mrsqm,1.0,1.0,0.0,1.5223219165839104,1.5223219194035753,1,1,1.0231144659992424,2.6109999453183264e-05,AllGestureWiimoteY,53
0,0,0.05,feature_ablation,tshap_centroid,0.5151515151515151,0.68,0.016,0.8721191193325786,1.0819600488329673,0,0,0.04290938899794128,0.05123442000331124,AllGestureWiimoteY,53
0,0,0.1,feature_ablation,tshap_centroid,0.7857142857142857,0.88,0.012,1.4388589320630842,1.5003152838944953,1,1,0.04290938899794128,0.05123442000331124,AllGestureWiimoteY,53
0,0,0.2,feature_ablation,tshap_centroid,0.5748031496062992,0.73,0.054,1.52232191427896,1.616874354128413,1,1,0.04290938899794128,0.05123442000331124,AllGestureWiimoteY,53
0,0,0.05,feature_ablation,tshap_zero,0.6666666666666666,0.8,0.01,0.8721191193325786,0.9719722762929187,0,0,0.04290938899794128,0.05689769399759825,AllGestureWiimoteY,53
0,0,0.1,feature_ablation,tshap_zero,0.7543859649122807,0.86,0.014,1.4388589320630842,1.5291813393319662,1,1,0.04290938899794128,0.05689769399759825,AllGestureWiimoteY,53
0,0,0.2,feature_ablation,tshap_zero,0.5748031496062992,0.73,0.054,1.52232191427896,1.6168743507870473,1,1,0.04290938899794128,0.05689769399759825,AllGestureWiimoteY,53
0,0,0.05,feature_ablation,tshap_train,0.6129032258064516,0.76,0.012,0.8721191193325786,1.0147979475455216,0,0,0.04290938899794128,0.6698937819965067,AllGestureWiimoteY,53
0,0,0.1,feature_ablation,tshap_train,0.7543859649122807,0.86,0.014,1.4388589320630842,1.529181339373833,1,1,0.04290938899794128,0.6698937819965067,AllGestureWiimoteY,53
0,0,0.2,feature_ablation,tshap_train,0.639344262295082,0.78,0.044,1.52232191427896,1.5576815976321017,1,1,0.04290938899794128,0.6698937819965067,AllGestureWiimoteY,53
0,0,0.05,feature_ablation,mrsqm,0.0,0.0,0.1,0.8721191193325786,0.4027027571440014,0,0,0.04290938899794128,2.6109999453183264e-05,AllGestureWiimoteY,53
0,0,0.1,feature_ablation,mrsqm,0.0,0.0,0.1,1.4388589320630842,0.9326481602687169,1,1,0.04290938899794128,2.6109999453183264e-05,AllGestureWiimoteY,53
0,0,0.2,feature_ablation,mrsqm,1.0,1.0,0.0,1.52232191427896,1.5223219194035753,1,1,0.04290938899794128,2.6109999453183264e-05,AllGestureWiimoteY,53
0,0,0.05,tshap_centroid,tshap_zero,0.7857142857142857,0.88,0.006,1.0819600488329673,0.9719722762929187,0,0,0.05123442000331124,0.05689769399759825,AllGestureWiimoteY,53
0,0,0.1,tshap_centroid,tshap_zero,0.9607843137254902,0.98,0.002,1.5003152838944953,1.5291813393319662,1,1,0.05123442000331124,0.05689769399759825,AllGestureWiimoteY,53
0,0,0.2,tshap_centroid,tshap_zero,1.0,1.0,0.0,1.616874354128413,1.6168743507870473,1,1,0.05123442000331124,0.05689769399759825,AllGestureWiimoteY,53
0,0,0.05,tshap_centroid,tshap_train,0.8518518518518519,0.92,0.004,1.0819600488329673,1.0147979475455216,0,0,0.05123442000331124,0.6698937819965067,AllGestureWiimoteY,53
0,0,0.1,tshap_centroid,tshap_train,0.9607843137254902,0.98,0.002,1.5003152838944953,1.529181339373833,1,1,0.05123442000331124,0.6698937819965067,AllGestureWiimoteY,53
0,0,0.2,tshap_centroid,tshap_train,0.9047619047619048,0.95,0.01,1.616874354128413,1.5576815976321017,1,1,0.05123442000331124,0.6698937819965067,AllGestureWiimoteY,53
0,0,0.05,tshap_centroid,mrsqm,0.0,0.0,0.116,1.0819600488329673,0.4027027571440014,0,0,0.05123442000331124,2.6109999453183264e-05,AllGestureWiimoteY,53
0,0,0.1,tshap_centroid,mrsqm,0.06382978723404255,0.12,0.088,1.5003152838944953,0.9326481602687169,1,1,0.05123442000331124,2.6109999453183264e-05,AllGestureWiimoteY,53
0,0,0.2,tshap_centroid,mrsqm,0.5748031496062992,0.73,0.054,1.616874354128413,1.5223219194035753,1,1,0.05123442000331124,2.6109999453183264e-05,AllGestureWiimoteY,53
0,0,0.05,tshap_zero,tshap_train,0.9230769230769231,0.96,0.002,0.9719722762929187,1.0147979475455216,0,0,0.05689769399759825,0.6698937819965067,AllGestureWiimoteY,53
0,0,0.1,tshap_zero,tshap_train,1.0,1.0,0.0,1.5291813393319662,1.529181339373833,1,1,0.05689769399759825,0.6698937819965067,AllGestureWiimoteY,53
0,0,0.2,tshap_zero,tshap_train,0.9047619047619048,0.95,0.01,1.6168743507870473,1.5576815976321017,1,1,0.05689769399759825,0.6698937819965067,AllGestureWiimoteY,53
0,0,0.05,tshap_zero,mrsqm,0.0,0.0,0.11,0.9719722762929187,0.4027027571440014,0,0,0.05689769399759825,2.6109999453183264e-05,AllGestureWiimoteY,53
0,0,0.1,tshap_zero,mrsqm,0.07526881720430108,0.14,0.086,1.5291813393319662,0.9326481602687169,1,1,0.05689769399759825,2.6109999453183264e-05,AllGestureWiimoteY,53
0,0,0.2,tshap_zero,mrsqm,0.5748031496062992,0.73,0.054,1.6168743507870473,1.5223219194035753,1,1,0.05689769399759825,2.6109999453183264e-05,AllGestureWiimoteY,53
0,0,0.05,tshap_train,mrsqm,0.0,0.0,0.112,1.0147979475455216,0.4027027571440014,0,0,0.6698937819965067,2.6109999453183264e-05,AllGestureWiimoteY,53
0,0,0.1,tshap_train,mrsqm,0.07526881720430108,0.14,0.086,1.529181339373833,0.9326481602687169,1,1,0.6698937819965067,2.6109999453183264e-05,AllGestureWiimoteY,53
0,0,0.2,tshap_train,mrsqm,0.639344262295082,0.78,0.044,1.5576815976321017,1.5223219194035753,1,1,0.6698937819965067,2.6109999453183264e-05,AllGestureWiimoteY,53
8,8,0.05,hydra,shapley_sampling,0.7241379310344828,0.84,0.008,0.1826728949264993,0.2363346817901184,0,0,0.3261548290029168,1.0225526469948818,AllGestureWiimoteY,547
8,8,0.1,hydra,shapley_sampling,0.4084507042253521,0.58,0.042,0.4610877857994935,0.5255732470918495,0,0,0.3261548290029168,1.0225526469948818,AllGestureWiimoteY,547
8,8,0.2,hydra,shapley_sampling,0.43884892086330934,0.61,0.078,0.7034642087947992,0.552880535786239,1,1,0.3261548290029168,1.0225526469948818,AllGestureWiimoteY,547
8,8,0.05,hydra,feature_ablation,0.7241379310344828,0.84,0.008,0.1826728949264993,0.23633467934253272,0,0,0.3261548290029168,0.043384595002862625,AllGestureWiimoteY,547
8,8,0.1,hydra,feature_ablation,0.4084507042253521,0.58,0.042,0.4610877857994935,0.5255732466130735,0,0,0.3261548290029168,0.043384595002862625,AllGestureWiimoteY,547
8,8,0.2,hydra,feature_ablation,0.43884892086330934,0.61,0.078,0.7034642087947992,0.552880534557816,1,1,0.3261548290029168,0.043384595002862625,AllGestureWiimoteY,547
8,8,0.05,hydra,tshap_centroid,0.0,0.0,0.454,0.1826728949264993,0.16469234581408942,0,0,0.3261548290029168,0.05445108300045831,AllGestureWiimoteY,547
8,8,0.1,hydra,tshap_centroid,0.0,0.0,0.406,0.4610877857994935,0.27021557497194193,0,0,0.3261548290029168,0.05445108300045831,AllGestureWiimoteY,547
8,8,0.2,hydra,tshap_centroid,0.0,0.0,0.376,0.7034642087947992,0.3300732955850203,1,0,0.3261548290029168,0.05445108300045831,AllGestureWiimoteY,547
8,8,0.05,hydra,tshap_zero,0.0,0.0,0.058,0.1826728949264993,0.2508989210322998,0,0,0.3261548290029168,0.056492951000109315,AllGestureWiimoteY,547
8,8,0.1,hydra,tshap_zero,0.08695652173913043,0.16,0.084,0.4610877857994935,0.41458993550708745,0,0,0.3261548290029168,0.056492951000109315,AllGestureWiimoteY,547
8,8,0.2,hydra,tshap_zero,0.7241379310344828,0.84,0.032,0.7034642087947992,0.6494104800021672,1,1,0.3261548290029168,0.056492951000109315,AllGestureWiimoteY,547
8,8,0.05,hydra,tshap_train,0.8518518518518519,0.92,0.004,0.1826728949264993,0.09622170832506194,0,0,0.3261548290029168,0.6699373040028149,AllGestureWiimoteY,547
8,8,0.1,hydra,tshap_train,0.5384615384615384,0.7,0.03,0.4610877857994935,0.49475553036586895,0,0,0.3261548290029168,0.6699373040028149,AllGestureWiimoteY,547
8,8,0.2,hydra,tshap_train,0.941747572815534,0.97,0.006,0.7034642087947992,0.7203120110868513,1,1,0.3261548290029168,0.6699373040028149,AllGestureWiimoteY,547
8,8,0.05,hydra,mrsqm,0.0,0.0,0.192,0.1826728949264993,-0.05106147354032631,0,0,0.3261548290029168,2.660000609466806e-05,AllGestureWiimoteY,547
8,8,0.1,hydra,mrsqm,0.0,0.0,0.192,0.4610877857994935,0.14311935057576142,0,0,0.3261548290029168,2.660000609466806e-05,AllGestureWiimoteY,547
8,8,0.2,hydra,mrsqm,0.21951219512195122,0.36,0.128,0.7034642087947992,0.4835896837756096,1,1,0.3261548290029168,2.660000609466806e-05,AllGestureWiimoteY,547
8,8,0.05,shapley_sampling,feature_ablation,1.0,1.0,0.0,0.2363346817901184,0.23633467934253272,0,0,1.0225526469948818,0.043384595002862625,AllGestureWiimoteY,547
8,8,0.1,shapley_sampling,feature_ablation,1.0,1.0,0.0,0.5255732470918495,0.5255732466130735,0,0,1.0225526469948818,0.043384595002862625,AllGestureWiimoteY,547
8,8,0.2,shapley_sampling,feature_ablation,1.0,1.0,0.0,0.552880535786239,0.552880534557816,1,1,1.0225526469948818,0.043384595002862625,AllGestureWiimoteY,547
8,8,0.05,shapley_sampling,tshap_centroid,0.0,0.0,0.446,0.2363346817901184,0.16469234581408942,0,0,1.0225526469948818,0.05445108300045831,AllGestureWiimoteY,547
8,8,0.1,shapley_sampling,tshap_centroid,0.0,0.0,0.448,0.5255732470918495,0.27021557497194193,0,0,1.0225526469948818,0.05445108300045831,AllGestureWiimoteY,547
8,8,0.2,shapley_sampling,tshap_centroid,0.0,0.0,0.454,0.552880535786239,0.3300732955850203,1,0,1.0225526469948818,0.05445108300045831,AllGestureWiimoteY,547
8,8,0.05,shapley_sampling,tshap_zero,0.0,0.0,0.066,0.2363346817901184,0.2508989210322998,0,0,1.0225526469948818,0.056492951000109315,AllGestureWiimoteY,547
8,8,0.1,shapley_sampling,tshap_zero,0.4084507042253521,0.58,0.042,0.5255732470918495,0.41458993550708745,0,0,1.0225526469948818,0.056492951000109315,AllGestureWiimoteY,547
8,8,0.2,shapley_sampling,tshap_zero,0.6260162601626016,0.77,0.046,0.552880535786239,0.6494104800021672,1,1,1.0225526469948818,0.056492951000109315,AllGestureWiimoteY,547
8,8,0.05,shapley_sampling,tshap_train,0.6129032258064516,0.76,0.012,0.2363346817901184,0.09622170832506194,0,0,1.0225526469948818,0.6699373040028149,AllGestureWiimoteY,547
8,8,0.1,shapley_sampling,tshap_train,0.7857142857142857,0.88,0.012,0.5255732470918495,0.49475553036586895,0,0,1.0225526469948818,0.6699373040028149,AllGestureWiimoteY,547
8,8,0.2,shapley_sampling,tshap_train,0.47058823529411764,0.64,0.072,0.552880535786239,0.7203120110868513,1,1,1.0225526469948818,0.6699373040028149,AllGestureWiimoteY,547
8,8,0.05,shapley_sampling,mrsqm,0.0,0.0,0.2,0.2363346817901184,-0.05106147354032631,0,0,1.0225526469948818,2.660000609466806e-05,AllGestureWiimoteY,547
8,8,0.1,shapley_sampling,mrsqm,0.0,0.0,0.15,0.5255732470918495,0.14311935057576142,0,0,1.0225526469948818,2.660000609466806e-05,AllGestureWiimoteY,547
8,8,0.2,shapley_sampling,mrsqm,0.6,0.75,0.05,0.552880535786239,0.4835896837756096,1,1,1.0225526469948818,2.660000609466806e-05,AllGestureWiimoteY,547
8,8,0.05,feature_ablation,tshap_centroid,0.0,0.0,0.446,0.23633467934253272,0.16469234581408942,0,0,0.043384595002862625,0.05445108300045831,AllGestureWiimoteY,547
8,8,0.1,feature_ablation,tshap_centroid,0.0,0.0,0.448,0.5255732466130735,0.27021557497194193,0,0,0.043384595002862625,0.05445108300045831,AllGestureWiimoteY,547
8,8,0.2,feature_ablation,tshap_centroid,0.0,0.0,0.454,0.552880534557816,0.3300732955850203,1,0,0.043384595002862625,0.05445108300045831,AllGestureWiimoteY,547
8,8,0.05,feature_ablation,tshap_zero,0.0,0.0,0.066,0.23633467934253272,0.2508989210322998,0,0,0.043384595002862625,0.056492951000109315,AllGestureWiimoteY,547
8,8,0.1,feature_ablation,tshap_zero,0.4084507042253521,0.58,0.042,0.5255732466130735,0.41458993550708745,0,0,0.043384595002862625,0.056492951000109315,AllGestureWiimoteY,547
8,8,0.2,feature_ablation,tshap_zero,0.6260162601626016,0.77,0.046,0.552880534557816,0.6494104800021672,1,1,0.043384595002862625,0.056492951000109315,AllGestureWiimoteY,547
8,8,0.05,feature_ablation,tshap_train,0.6129032258064516,0.76,0.012,0.23633467934253272,0.09622170832506194,0,0,0.043384595002862625,0.6699373040028149,AllGestureWiimoteY,547
8,8,0.1,feature_ablation,tshap_train,0.7857142857142857,0.88,0.012,0.5255732466130735,0.49475553036586895,0,0,0.043384595002862625,0.6699373040028149,AllGestureWiimoteY,547
8,8,0.2,feature_ablation,tshap_train,0.47058823529411764,0.64,0.072,0.552880534557816,0.7203120110868513,1,1,0.043384595002862625,0.6699373040028149,AllGestureWiimoteY,547
8,8,0.05,feature_ablation,mrsqm,0.0,0.0,0.2,0.23633467934253272,-0.05106147354032631,0,0,0.043384595002862625,2.660000609466806e-05,AllGestureWiimoteY,547
8,8,0.1,feature_ablation,mrsqm,0.0,0.0,0.15,0.5255732466130735,0.14311935057576142,0,0,0.043384595002862625,2.660000609466806e-05,AllGestureWiimoteY,547
8,8,0.2,feature_ablation,mrsqm,0.6,0.75,0.05,0.552880534557816,0.4835896837756096,1,1,0.043384595002862625,2.660000609466806e-05,AllGestureWiimoteY,547
8,8,0.05,tshap_centroid,tshap_zero,0.0,0.0,0.512,0.16469234581408942,0.2508989210322998,0,0,0.05445108300045831,0.056492951000109315,AllGestureWiimoteY,547
8,8,0.1,tshap_centroid,tshap_zero,0.0,0.0,0.49,0.27021557497194193,0.41458993550708745,0,0,0.05445108300045831,0.056492951000109315,AllGestureWiimoteY,547
8,8,0.2,tshap_centroid,tshap_zero,0.0,0.0,0.408,0.3300732955850203,0.6494104800021672,0,1,0.05445108300045831,0.056492951000109315,AllGestureWiimoteY,547
8,8,0.05,tshap_centroid,tshap_train,0.0,0.0,0.458,0.16469234581408942,0.09622170832506194,0,0,0.05445108300045831,0.6699373040028149,AllGestureWiimoteY,547
8,8,0.1,tshap_centroid,tshap_train,0.0,0.0,0.436,0.27021557497194193,0.49475553036586895,0,0,0.05445108300045831,0.6699373040028149,AllGestureWiimoteY,547
8,8,0.2,tshap_centroid,tshap_train,0.0,0.0,0.382,0.3300732955850203,0.7203120110868513,0,1,0.05445108300045831,0.6699373040028149,AllGestureWiimoteY,547
8,8,0.05,tshap_centroid,mrsqm,0.0,0.0,0.646,0.16469234581408942,-0.05106147354032631,0,0,0.05445108300045831,2.660000609466806e-05,AllGestureWiimoteY,547
8,8,0.1,tshap_centroid,mrsqm,0.0,0.0,0.598,0.27021557497194193,0.14311935057576142,0,0,0.05445108300045831,2.660000609466806e-05,AllGestureWiimoteY,547
8,8,0.2,tshap_centroid,mrsqm,0.0,0.0,0.504,0.3300732955850203,0.4835896837756096,0,1,0.05445108300045831,2.660000609466806e-05,AllGestureWiimoteY,547
8,8,0.05,tshap_zero,tshap_train,0.0,0.0,0.054,0.2508989210322998,0.09622170832506194,0,0,0.056492951000109315,0.6699373040028149,AllGestureWiimoteY,547
8,8,0.1,tshap_zero,tshap_train,0.2987012987012987,0.46,0.054,0.41458993550708745,0.49475553036586895,0,0,0.056492951000109315,0.6699373040028149,AllGestureWiimoteY,547
8,8,0.2,tshap_zero,tshap_train,0.7699115044247787,0.87,0.026,0.6494104800021672,0.7203120110868513,1,1,0.056492951000109315,0.6699373040028149,AllGestureWiimoteY,547
8,8,0.05,tshap_zero,mrsqm,0.0,0.0,0.134,0.2508989210322998,-0.05106147354032631,0,0,0.056492951000109315,2.660000609466806e-05,AllGestureWiimoteY,547
8,8,0.1,tshap_zero,mrsqm,0.0,0.0,0.108,0.41458993550708745,0.14311935057576142,0,0,0.056492951000109315,2.660000609466806e-05,AllGestureWiimoteY,547
8,8,0.2,tshap_zero,mrsqm,0.35135135135135137,0.52,0.096,0.6494104800021672,0.4835896837756096,1,1,0.056492951000109315,2.660000609466806e-05,AllGestureWiimoteY,547
8,8,0.05,tshap_train,mrsqm,0.0,0.0,0.188,0.09622170832506194,-0.05106147354032631,0,0,0.6699373040028149,2.660000609466806e-05,AllGestureWiimoteY,547
8,8,0.1,tshap_train,mrsqm,0.0,0.0,0.162,0.49475553036586895,0.14311935057576142,0,0,0.6699373040028149,2.660000609466806e-05,AllGestureWiimoteY,547
8,8,0.2,tshap_train,mrsqm,0.2422360248447205,0.39,0.122,0.7203120110868513,0.4835896837756096,1,1,0.6699373040028149,2.660000609466806e-05,AllGestureWiimoteY,547
9,9,0.05,hydra,shapley_sampling,0.0,0.0,0.164,0.02361992566204907,0.5669835709263013,0,1,0.32785232800233644,1.0286981709941756,AllGestureWiimoteY,578
9,9,0.1,hydra,shapley_sampling,0.0,0.0,0.1,-0.10938774465651879,0.4268014220052183,0,1,0.32785232800233644,1.0286981709941756,AllGestureWiimoteY,578
9,9,0.2,hydra,shapley_sampling,0.42857142857142855,0.6,0.08,0.1801155994173398,0.4994244928496987,0,1,0.32785232800233644,1.0286981709941756,AllGestureWiimoteY,578
9,9,0.05,hydra,feature_ablation,0.0,0.0,0.164,0.02361992566204907,0.5669835699297576,0,1,0.32785232800233644,0.04374441200343426,AllGestureWiimoteY,578
9,9,0.1,hydra,feature_ablation,0.0,0.0,0.1,-0.10938774465651879,0.42680142070329874,0,1,0.32785232800233644,0.04374441200343426,AllGestureWiimoteY,578
9,9,0.2,hydra,feature_ablation,0.42857142857142855,0.6,0.08,0.1801155994173398,0.49942449724926385,0,1,0.32785232800233644,0.04374441200343426,AllGestureWiimoteY,578
9,9,0.05,hydra,tshap_centroid,0.0,0.0,0.154,0.02361992566204907,0.5977902783764115,0,1,0.32785232800233644,0.05111888200190151,AllGestureWiimoteY,578
9,9,0.1,hydra,tshap_centroid,0.2345679012345679,0.38,0.062,-0.10938774465651879,0.6449627522280297,0,1,0.32785232800233644,0.05111888200190151,AllGestureWiimoteY,578
9,9,0.2,hydra,tshap_centroid,0.5748031496062992,0.73,0.054,0.1801155994173398,0.7631593424174605,0,1,0.32785232800233644,0.05111888200190151,AllGestureWiimoteY,578
9,9,0.05,hydra,tshap_zero,0.0,0.0,0.172,0.02361992566204907,0.512788839774987,0,1,0.32785232800233644,0.0567757749959128,AllGestureWiimoteY,578
9,9,0.1,hydra,tshap_zero,0.05263157894736842,0.1,0.09,-0.10938774465651879,0.5038528172406803,0,1,0.32785232800233644,0.0567757749959128,AllGestureWiimoteY,578
9,9,0.2,hydra,tshap_zero,0.43884892086330934,0.61,0.078,0.1801155994173398,0.49398666427723326,0,1,0.32785232800233644,0.0567757749959128,AllGestureWiimoteY,578
9,9,0.05,hydra,tshap_train,0.0,0.0,0.158,0.02361992566204907,0.5532662521299324,0,1,0.32785232800233644,0.6675311490034801,AllGestureWiimoteY,578
9,9,0.1,hydra,tshap_train,0.21951219512195122,0.36,0.064,-0.10938774465651879,0.6671742794543778,0,1,0.32785232800233644,0.6675311490034801,AllGestureWiimoteY,578
9,9,0.2,hydra,tshap_train,0.5037593984962406,0.67,0.066,0.1801155994173398,0.6019178462675959,0,1,0.32785232800233644,0.6675311490034801,AllGestureWiimoteY,578
9,9,0.05,hydra,mrsqm,0.0,0.0,0.214,0.02361992566204907,0.1859787076815136,0,0,0.32785232800233644,2.8774004022125155e-05,AllGestureWiimoteY,578
9,9,0.1,hydra,mrsqm,0.0,0.0,0.1,-0.10938774465651879,0.42680141956618006,0,1,0.32785232800233644,2.8774004022125155e-05,AllGestureWiimoteY,578
9,9,0.2,hydra,mrsqm,0.42857142857142855,0.6,0.08,0.1801155994173398,0.4994244923841893,0,1,0.32785232800233644,2.8774004022125155e-05,AllGestureWiimoteY,578
9,9,0.05,shapley_sampling,feature_ablation,1.0,1.0,0.0,0.5669835709263013,0.5669835699297576,1,1,1.0286981709941756,0.04374441200343426,AllGestureWiimoteY,578
9,9,0.1,shapley_sampling,feature_ablation,1.0,1.0,0.0,0.4268014220052183,0.42680142070329874,1,1,1.0286981709941756,0.04374441200343426,AllGestureWiimoteY,578
9,9,0.2,shapley_sampling,feature_ablation,1.0,1.0,0.0,0.4994244928496987,0.49942449724926385,1,1,1.0286981709941756,0.04374441200343426,AllGestureWiimoteY,578
9,9,0.05,shapley_sampling,tshap_centroid,0.6666666666666666,0.8,0.01,0.5669835709263013,0.5977902783764115,1,1,1.0286981709941756,0.05111888200190151,AllGestureWiimoteY,578
9,9,0.1,shapley_sampling,tshap_centroid,0.4492753623188406,0.62,0.038,0.4268014220052183,0.6449627522280297,1,1,1.0286981709941756,0.05111888200190151,AllGestureWiimoteY,578
9,9,0.2,shapley_sampling,tshap_centroid,0.7699115044247787,0.87,0.026,0.4994244928496987,0.7631593424174605,1,1,1.0286981709941756,0.05111888200190151,AllGestureWiimoteY,578
9,9,0.05,shapley_sampling,tshap_zero,0.7241379310344828,0.84,0.008,0.5669835709263013,0.512788839774987,1,1,1.0286981709941756,0.0567757749959128,AllGestureWiimoteY,578
9,9,0.1,shapley_sampling,tshap_zero,0.8181818181818182,0.9,0.01,0.4268014220052183,0.5038528172406803,1,1,1.0286981709941756,0.0567757749959128,AllGestureWiimoteY,578
9,9,0.2,shapley_sampling,tshap_zero,0.9801980198019802,0.99,0.002,0.4994244928496987,0.49398666427723326,1,1,1.0286981709941756,0.0567757749959128,AllGestureWiimoteY,578
9,9,0.05,shapley_sampling,tshap_train,0.7857142857142857,0.88,0.006,0.5669835709263013,0.5532662521299324,1,1,1.0286981709941756,0.6675311490034801,AllGestureWiimoteY,578
9,9,0.1,shapley_sampling,tshap_train,0.47058823529411764,0.64,0.036,0.4268014220052183,0.6671742794543778,1,1,1.0286981709941756,0.6675311490034801,AllGestureWiimoteY,578
9,9,0.2,shapley_sampling,tshap_train,0.8691588785046729,0.93,0.014,0.4994244928496987,0.6019178462675959,1,1,1.0286981709941756,0.6675311490034801,AllGestureWiimoteY,578
9,9,0.05,shapley_sampling,mrsqm,0.0,0.0,0.05,0.5669835709263013,0.1859787076815136,1,0,1.0286981709941756,2.8774004022125155e-05,AllGestureWiimoteY,578
9,9,0.1,shapley_sampling,mrsqm,1.0,1.0,0.0,0.4268014220052183,0.42680141956618006,1,1,1.0286981709941756,2.8774004022125155e-05,AllGestureWiimoteY,578
9,9,0.2,shapley_sampling,mrsqm,1.0,1.0,0.0,0.4994244928496987,0.4994244923841893,1,1,1.0286981709941756,2.8774004022125155e-05,AllGestureWiimoteY,578
9,9,0.05,feature_ablation,tshap_centroid,0.6666666666666666,0.8,0.01,0.5669835699297576,0.5977902783764115,1,1,0.04374441200343426,0.05111888200190151,AllGestureWiimoteY,578
9,9,0.1,feature_ablation,tshap_centroid,0.4492753623188406,0.62,0.038,0.42680142070329874,0.6449627522280297,1,1,0.04374441200343426,0.05111888200190151,AllGestureWiimoteY,578
9,9,0.2,feature_ablation,tshap_centroid,0.7699115044247787,0.87,0.026,0.49942449724926385,0.7631593424174605,1,1,0.04374441200343426,0.05111888200190151,AllGestureWiimoteY,578
9,9,0.05,feature_ablation,tshap_zero,0.7241379310344828,0.84,0.008,0.5669835699297576,0.512788839774987,1,1,0.04374441200343426,0.0567757749959128,AllGestureWiimoteY,578
9,9,0.1,feature_ablation,tshap_zero,0.8181818181818182,0.9,0.01,0.42680142070329874,0.5038528172406803,1,1,0.04374441200343426,0.0567757749959128,AllGestureWiimoteY,578
9,9,0.2,feature_ablation,tshap_zero,0.9801980198019802,0.99,0.002,0.49942449724926385,0.49398666427723326,1,1,0.04374441200343426,0.0567757749959128,AllGestureWiimoteY,578
9,9,0.05,feature_ablation,tshap_train,0.7857142857142857,0.88,0.006,0.5669835699297576,0.5532662521299324,1,1,0.04374441200343426,0.6675311490034801,AllGestureWiimoteY,578
9,9,0.1,feature_ablation,tshap_train,0.47058823529411764,0.64,0.036,0.42680142070329874,0.6671742794543778,1,1,0.04374441200343426,0.6675311490034801,AllGestureWiimoteY,578
9,9,0.2,feature_ablation,tshap_train,0.8691588785046729,0.93,0.014,0.49942449724926385,0.6019178462675959,1,1,0.04374441200343426,0.6675311490034801,AllGestureWiimoteY,578
9,9,0.05,feature_ablation,mrsqm,0.0,0.0,0.05,0.5669835699297576,0.1859787076815136,1,0,0.04374441200343426,2.8774004022125155e-05,AllGestureWiimoteY,578
9,9,0.1,feature_ablation,mrsqm,1.0,1.0,0.0,0.42680142070329874,0.42680141956618006,1,1,0.04374441200343426,2.8774004022125155e-05,AllGestureWiimoteY,578
9,9,0.2,feature_ablation,mrsqm,1.0,1.0,0.0,0.49942449724926385,0.4994244923841893,1,1,0.04374441200343426,2.8774004022125155e-05,AllGestureWiimoteY,578
9,9,0.05,tshap_centroid,tshap_zero,0.47058823529411764,0.64,0.018,0.5977902783764115,0.512788839774987,1,1,0.05111888200190151,0.0567757749959128,AllGestureWiimoteY,578
9,9,0.1,tshap_centroid,tshap_zero,0.5625,0.72,0.028,0.6449627522280297,0.5038528172406803,1,1,0.05111888200190151,0.0567757749959128,AllGestureWiimoteY,578
9,9,0.2,tshap_centroid,tshap_zero,0.7857142857142857,0.88,0.024,0.7631593424174605,0.49398666427723326,1,1,0.05111888200190151,0.0567757749959128,AllGestureWiimoteY,578
9,9,0.05,tshap_centroid,tshap_train,0.8518518518518519,0.92,0.004,0.5977902783764115,0.5532662521299324,1,1,0.05111888200190151,0.6675311490034801,AllGestureWiimoteY,578
9,9,0.1,tshap_centroid,tshap_train,0.9607843137254902,0.98,0.002,0.6449627522280297,0.6671742794543778,1,1,0.05111888200190151,0.6675311490034801,AllGestureWiimoteY,578
9,9,0.2,tshap_centroid,tshap_train,0.8867924528301887,0.94,0.012,0.7631593424174605,0.6019178462675959,1,1,0.05111888200190151,0.6675311490034801,AllGestureWiimoteY,578
9,9,0.05,tshap_centroid,mrsqm,0.0,0.0,0.06,0.5977902783764115,0.1859787076815136,1,0,0.05111888200190151,2.8774004022125155e-05,AllGestureWiimoteY,578
9,9,0.1,tshap_centroid,mrsqm,0.4492753623188406,0.62,0.038,0.6449627522280297,0.42680141956618006,1,1,0.05111888200190151,2.8774004022125155e-05,AllGestureWiimoteY,578
9,9,0.2,tshap_centroid,mrsqm,0.7699115044247787,0.87,0.026,0.7631593424174605,0.4994244923841893,1,1,0.05111888200190151,2.8774004022125155e-05,AllGestureWiimoteY,578
9,9,0.05,tshap_zero,tshap_train,0.5625,0.72,0.014,0.512788839774987,0.5532662521299324,1,1,0.0567757749959128,0.6675311490034801,AllGestureWiimoteY,578
9,9,0.1,tshap_zero,tshap_train,0.5873015873015873,0.74,0.026,0.5038528172406803,0.6671742794543778,1,1,0.0567757749959128,0.6675311490034801,AllGestureWiimoteY,578
9,9,0.2,tshap_zero,tshap_train,0.8867924528301887,0.94,0.012,0.49398666427723326,0.6019178462675959,1,1,0.0567757749959128,0.6675311490034801,AllGestureWiimoteY,578
9,9,0.05,tshap_zero,mrsqm,0.08695652173913043,0.16,0.042,0.512788839774987,0.1859787076815136,1,0,0.0567757749959128,2.8774004022125155e-05,AllGestureWiimoteY,578
9,9,0.1,tshap_zero,mrsqm,0.8181818181818182,0.9,0.01,0.5038528172406803,0.42680141956618006,1,1,0.0567757749959128,2.8774004022125155e-05,AllGestureWiimoteY,578
9,9,0.2,tshap_zero,mrsqm,0.9801980198019802,0.99,0.002,0.49398666427723326,0.4994244923841893,1,1,0.0567757749959128,2.8774004022125155e-05,AllGestureWiimoteY,578
9,9,0.05,tshap_train,mrsqm,0.0,0.0,0.056,0.5532662521299324,0.1859787076815136,1,0,0.6675311490034801,2.8774004022125155e-05,AllGestureWiimoteY,578
9,9,0.1,tshap_train,mrsqm,0.47058823529411764,0.64,0.036,0.6671742794543778,0.42680141956618006,1,1,0.6675311490034801,2.8774004022125155e-05,AllGestureWiimoteY,578
9,9,0.2,tshap_train,mrsqm,0.8691588785046729,0.93,0.014,0.6019178462675959,0.4994244923841893,1,1,0.6675311490034801,2.8774004022125155e-05,AllGestureWiimoteY,578
5,5,0.05,hydra,shapley_sampling,0.0,0.0,0.05,-0.19103853590121034,0.3769803493054317,0,0,0.32728874599706614,1.035898823000025,AllGestureWiimoteY,318
5,5,0.1,hydra,shapley_sampling,1.0,1.0,0.0,0.17559667170854132,0.17559667340419371,0,0,0.32728874599706614,1.035898823000025,AllGestureWiimoteY,318
5,5,0.2,hydra,shapley_sampling,1.0,1.0,0.0,0.4431752223475708,0.4431752271298599,1,1,0.32728874599706614,1.035898823000025,AllGestureWiimoteY,318
5,5,0.05,hydra,feature_ablation,0.0,0.0,0.05,-0.19103853590121034,0.3769803551203553,0,0,0.32728874599706614,0.04351040100300452,AllGestureWiimoteY,318
5,5,0.1,hydra,feature_ablation,1.0,1.0,0.0,0.17559667170854132,0.1755966702785584,0,0,0.32728874599706614,0.04351040100300452,AllGestureWiimoteY,318
5,5,0.2,hydra,feature_ablation,1.0,1.0,0.0,0.4431752223475708,0.4431752234351227,1,1,0.32728874599706614,0.04351040100300452,AllGestureWiimoteY,318
5,5,0.05,hydra,tshap_centroid,0.0,0.0,0.082,-0.19103853590121034,0.4113861090485509,0,0,0.32728874599706614,0.05153088900260627,AllGestureWiimoteY,318
5,5,0.1,hydra,tshap_centroid,0.20481927710843373,0.34,0.066,0.17559667170854132,0.7792058235380437,0,1,0.32728874599706614,0.05153088900260627,AllGestureWiimoteY,318
5,5,0.2,hydra,tshap_centroid,0.47058823529411764,0.64,0.072,0.4431752223475708,0.9283853259768833,1,1,0.32728874599706614,0.05153088900260627,AllGestureWiimoteY,318
5,5,0.05,hydra,tshap_zero,0.0,0.0,0.822,-0.19103853590121034,-0.028396038092700193,0,0,0.32728874599706614,0.05709196100360714,AllGestureWiimoteY,318
5,5,0.1,hydra,tshap_zero,0.0,0.0,0.804,0.17559667170854132,0.14115982221521695,0,0,0.32728874599706614,0.05709196100360714,AllGestureWiimoteY,318
5,5,0.2,hydra,tshap_zero,0.0,0.0,0.762,0.4431752223475708,0.5564961848775144,1,1,0.32728874599706614,0.05709196100360714,AllGestureWiimoteY,318
5,5,0.05,hydra,tshap_train,0.0,0.0,0.086,-0.19103853590121034,0.26337036099649747,0,0,0.32728874599706614,0.6691231090007932,AllGestureWiimoteY,318
5,5,0.1,hydra,tshap_train,0.20481927710843373,0.34,0.066,0.17559667170854132,0.7792058198964572,0,1,0.32728874599706614,0.6691231090007932,AllGestureWiimoteY,318
5,5,0.2,hydra,tshap_train,0.5384615384615384,0.7,0.06,0.4431752223475708,1.1307927878363944,1,1,0.32728874599706614,0.6691231090007932,AllGestureWiimoteY,318
5,5,0.05,hydra,mrsqm,1.0,1.0,0.0,-0.19103853590121034,-0.1910385317555181,0,0,0.32728874599706614,2.574899554019794e-05,AllGestureWiimoteY,318
5,5,0.1,hydra,mrsqm,1.0,1.0,0.0,0.17559667170854132,0.17559667673396162,0,0,0.32728874599706614,2.574899554019794e-05,AllGestureWiimoteY,318
5,5,0.2,hydra,mrsqm,1.0,1.0,0.0,0.4431752223475708,0.4431752279395772,1,1,0.32728874599706614,2.574899554019794e-05,AllGestureWiimoteY,318
5,5,0.05,shapley_sampling,feature_ablation,1.0,1.0,0.0,0.3769803493054317,0.3769803551203553,0,0,1.035898823000025,0.04351040100300452,AllGestureWiimoteY,318
5,5,0.1,shapley_sampling,feature_ablation,1.0,1.0,0.0,0.17559667340419371,0.1755966702785584,0,0,1.035898823000025,0.04351040100300452,AllGestureWiimoteY,318
5,5,0.2,shapley_sampling,feature_ablation,1.0,1.0,0.0,0.4431752271298599,0.4431752234351227,1,1,1.035898823000025,0.04351040100300452,AllGestureWiimoteY,318
5,5,0.05,shapley_sampling,tshap_centroid,0.21951219512195122,0.36,0.032,0.3769803493054317,0.4113861090485509,0,0,1.035898823000025,0.05153088900260627,AllGestureWiimoteY,318
5,5,0.1,shapley_sampling,tshap_centroid,0.20481927710843373,0.34,0.066,0.17559667340419371,0.7792058235380437,0,1,1.035898823000025,0.05153088900260627,AllGestureWiimoteY,318
5,5,0.2,shapley_sampling,tshap_centroid,0.47058823529411764,0.64,0.072,0.4431752271298599,0.9283853259768833,1,1,1.035898823000025,0.05153088900260627,AllGestureWiimoteY,318
5,5,0.05,shapley_sampling,tshap_zero,0.0,0.0,0.772,0.3769803493054317,-0.028396038092700193,0,0,1.035898823000025,0.05709196100360714,AllGestureWiimoteY,318
5,5,0.1,shapley_sampling,tshap_zero,0.0,0.0,0.804,0.17559667340419371,0.14115982221521695,0,0,1.035898823000025,0.05709196100360714,AllGestureWiimoteY,318
5,5,0.2,shapley_sampling,tshap_zero,0.0,0.0,0.762,0.4431752271298599,0.5564961848775144,1,1,1.035898823000025,0.05709196100360714,AllGestureWiimoteY,318
5,5,0.05,shapley_sampling,tshap_train,0.16279069767441862,0.28,0.036,0.3769803493054317,0.26337036099649747,0,0,1.035898823000025,0.6691231090007932,AllGestureWiimoteY,318
5,5,0.1,shapley_sampling,tshap_train,0.20481927710843373,0.34,0.066,0.17559667340419371,0.7792058198964572,0,1,1.035898823000025,0.6691231090007932,AllGestureWiimoteY,318
5,5,0.2,shapley_sampling,tshap_train,0.5384615384615384,0.7,0.06,0.4431752271298599,1.1307927878363944,1,1,1.035898823000025,0.6691231090007932,AllGestureWiimoteY,318
5,5,0.05,shapley_sampling,mrsqm,0.0,0.0,0.05,0.3769803493054317,-0.1910385317555181,0,0,1.035898823000025,2.574899554019794e-05,AllGestureWiimoteY,318
5,5,0.1,shapley_sampling,mrsqm,1.0,1.0,0.0,0.17559667340419371,0.17559667673396162,0,0,1.035898823000025,2.574899554019794e-05,AllGestureWiimoteY,318
5,5,0.2,shapley_sampling,mrsqm,1.0,1.0,0.0,0.4431752271298599,0.4431752279395772,1,1,1.035898823000025,2.574899554019794e-05,AllGestureWiimoteY,318
5,5,0.05,feature_ablation,tshap_centroid,0.21951219512195122,0.36,0.032,0.3769803551203553,0.4113861090485509,0,0,0.04351040100300452,0.05153088900260627,AllGestureWiimoteY,318
5,5,0.1,feature_ablation,tshap_centroid,0.20481927710843373,0.34,0.066,0.1755966702785584,0.7792058235380437,0,1,0.04351040100300452,0.05153088900260627,AllGestureWiimoteY,318
5,5,0.2,feature_ablation,tshap_centroid,0.47058823529411764,0.64,0.072,0.4431752234351227,0.9283853259768833,1,1,0.04351040100300452,0.05153088900260627,AllGestureWiimoteY,318
5,5,0.05,feature_ablation,tshap_zero,0.0,0.0,0.772,0.3769803551203553,-0.028396038092700193,0,0,0.04351040100300452,0.05709196100360714,AllGestureWiimoteY,318
5,5,0.1,feature_ablation,tshap_zero,0.0,0.0,0.804,0.1755966702785584,0.14115982221521695,0,0,0.04351040100300452,0.05709196100360714,AllGestureWiimoteY,318
5,5,0.2,feature_ablation,tshap_zero,0.0,0.0,0.762,0.4431752234351227,0.5564961848775144,1,1,0.04351040100300452,0.05709196100360714,AllGestureWiimoteY,318
5,5,0.05,feature_ablation,tshap_train,0.16279069767441862,0.28,0.036,0.3769803551203553,0.26337036099649747,0,0,0.04351040100300452,0.6691231090007932,AllGestureWiimoteY,318
5,5,0.1,feature_ablation,tshap_train,0.20481927710843373,0.34,0.066,0.1755966702785584,0.7792058198964572,0,1,0.04351040100300452,0.6691231090007932,AllGestureWiimoteY,318
5,5,0.2,feature_ablation,tshap_train,0.5384615384615384,0.7,0.06,0.4431752234351227,1.1307927878363944,1,1,0.04351040100300452,0.6691231090007932,AllGestureWiimoteY,318
5,5,0.05,feature_ablation,mrsqm,0.0,0.0,0.05,0.3769803551203553,-0.1910385317555181,0,0,0.04351040100300452,2.574899554019794e-05,AllGestureWiimoteY,318
5,5,0.1,feature_ablation,mrsqm,1.0,1.0,0.0,0.1755966702785584,0.17559667673396162,0,0,0.04351040100300452,2.574899554019794e-05,AllGestureWiimoteY,318
5,5,0.2,feature_ablation,mrsqm,1.0,1.0,0.0,0.4431752234351227,0.4431752279395772,1,1,0.04351040100300452,2.574899554019794e-05,AllGestureWiimoteY,318
5,5,0.05,tshap_centroid,tshap_zero,0.0,0.0,0.74,0.4113861090485509,-0.028396038092700193,0,0,0.05153088900260627,0.05709196100360714,AllGestureWiimoteY,318
5,5,0.1,tshap_centroid,tshap_zero,0.0,0.0,0.738,0.7792058235380437,0.14115982221521695,1,0,0.05153088900260627,0.05709196100360714,AllGestureWiimoteY,318
5,5,0.2,tshap_centroid,tshap_zero,0.0,0.0,0.69,0.9283853259768833,0.5564961848775144,1,1,0.05153088900260627,0.05709196100360714,AllGestureWiimoteY,318
5,5,0.05,tshap_centroid,tshap_train,0.8518518518518519,0.92,0.004,0.4113861090485509,0.26337036099649747,0,0,0.05153088900260627,0.6691231090007932,AllGestureWiimoteY,318
5,5,0.1,tshap_centroid,tshap_train,1.0,1.0,0.0,0.7792058235380437,0.7792058198964572,1,1,0.05153088900260627,0.6691231090007932,AllGestureWiimoteY,318
5,5,0.2,tshap_centroid,tshap_train,0.8867924528301887,0.94,0.012,0.9283853259768833,1.1307927878363944,1,1,0.05153088900260627,0.6691231090007932,AllGestureWiimoteY,318
5,5,0.05,tshap_centroid,mrsqm,0.0,0.0,0.082,0.4113861090485509,-0.1910385317555181,0,0,0.05153088900260627,2.574899554019794e-05,AllGestureWiimoteY,318
5,5,0.1,tshap_centroid,mrsqm,0.20481927710843373,0.34,0.066,0.7792058235380437,0.17559667673396162,1,0,0.05153088900260627,2.574899554019794e-05,AllGestureWiimoteY,318
5,5,0.2,tshap_centroid,mrsqm,0.47058823529411764,0.64,0.072,0.9283853259768833,0.4431752279395772,1,1,0.05153088900260627,2.574899554019794e-05,AllGestureWiimoteY,318
5,5,0.05,tshap_zero,tshap_train,0.0,0.0,0.736,-0.028396038092700193,0.26337036099649747,0,0,0.05709196100360714,0.6691231090007932,AllGestureWiimoteY,318
5,5,0.1,tshap_zero,tshap_train,0.0,0.0,0.738,0.14115982221521695,0.7792058198964572,0,1,0.05709196100360714,0.6691231090007932,AllGestureWiimoteY,318
5,5,0.2,tshap_zero,tshap_train,0.0,0.0,0.702,0.5564961848775144,1.1307927878363944,1,1,0.05709196100360714,0.6691231090007932,AllGestureWiimoteY,318
5,5,0.05,tshap_zero,mrsqm,0.0,0.0,0.822,-0.028396038092700193,-0.1910385317555181,0,0,0.05709196100360714,2.574899554019794e-05,AllGestureWiimoteY,318
5,5,0.1,tshap_zero,mrsqm,0.0,0.0,0.804,0.14115982221521695,0.17559667673396162,0,0,0.05709196100360714,2.574899554019794e-05,AllGestureWiimoteY,318
5,5,0.2,tshap_zero,mrsqm,0.0,0.0,0.762,0.5564961848775144,0.4431752279395772,1,1,0.05709196100360714,2.574899554019794e-05,AllGestureWiimoteY,318
5,5,0.05,tshap_train,mrsqm,0.0,0.0,0.086,0.26337036099649747,-0.1910385317555181,0,0,0.6691231090007932,2.574899554019794e-05,AllGestureWiimoteY,318
5,5,0.1,tshap_train,mrsqm,0.20481927710843373,0.34,0.066,0.7792058198964572,0.17559667673396162,1,0,0.6691231090007932,2.574899554019794e-05,AllGestureWiimoteY,318
5,5,0.2,tshap_train,mrsqm,0.5384615384615384,0.7,0.06,1.1307927878363944,0.4431752279395772,1,1,0.6691231090007932,2.574899554019794e-05,AllGestureWiimoteY,318
8,8,0.05,hydra,shapley_sampling,0.0,0.0,0.196,0.07023176690791122,0.1954120440034462,0,1,0.32570535199920414,1.0320594660006464,AllGestureWiimoteY,513
8,8,0.1,hydra,shapley_sampling,0.0,0.0,0.202,0.21667504778372898,0.5299490553548932,0,1,0.32570535199920414,1.0320594660006464,AllGestureWiimoteY,513
8,8,0.2,hydra,shapley_sampling,0.21951219512195122,0.36,0.128,0.7295899382765013,0.6368447035196184,1,1,0.32570535199920414,1.0320594660006464,AllGestureWiimoteY,513
8,8,0.05,hydra,feature_ablation,0.0,0.0,0.246,0.07023176690791122,0.3596242119445294,0,1,0.32570535199920414,0.043535037999390624,AllGestureWiimoteY,513
8,8,0.1,hydra,feature_ablation,0.0,0.0,0.202,0.21667504778372898,0.5299490565721081,0,1,0.32570535199920414,0.043535037999390624,AllGestureWiimoteY,513
8,8,0.2,hydra,feature_ablation,0.21951219512195122,0.36,0.128,0.7295899382765013,0.6368447014610396,1,1,0.32570535199920414,0.043535037999390624,AllGestureWiimoteY,513
8,8,0.05,hydra,tshap_centroid,0.0,0.0,0.364,0.07023176690791122,0.0725015132215665,0,1,0.32570535199920414,0.05906581100134645,AllGestureWiimoteY,513
8,8,0.1,hydra,tshap_centroid,0.0,0.0,0.386,0.21667504778372898,0.12845405319348663,0,1,0.32570535199920414,0.05906581100134645,AllGestureWiimoteY,513
8,8,0.2,hydra,tshap_centroid,0.0,0.0,0.386,0.7295899382765013,0.25398933605046226,1,1,0.32570535199920414,0.05906581100134645,AllGestureWiimoteY,513
8,8,0.05,hydra,tshap_zero,0.0,0.0,0.626,0.07023176690791122,0.05282288873548768,0,1,0.32570535199920414,0.056432217003020924,AllGestureWiimoteY,513
8,8,0.1,hydra,tshap_zero,0.0,0.0,0.618,0.21667504778372898,0.13073519899369412,0,1,0.32570535199920414,0.056432217003020924,AllGestureWiimoteY,513
8,8,0.2,hydra,tshap_zero,0.0,0.0,0.62,0.7295899382765013,-0.05023338006657241,1,1,0.32570535199920414,0.056432217003020924,AllGestureWiimoteY,513
8,8,0.05,hydra,tshap_train,0.0,0.0,0.172,0.07023176690791122,0.27637510752613936,0,1,0.32570535199920414,0.685910842003068,AllGestureWiimoteY,513
8,8,0.1,hydra,tshap_train,0.0,0.0,0.144,0.21667504778372898,0.3658425212373716,0,1,0.32570535199920414,0.685910842003068,AllGestureWiimoteY,513
8,8,0.2,hydra,tshap_train,0.2903225806451613,0.45,0.11,0.7295899382765013,0.6483698643188478,1,1,0.32570535199920414,0.685910842003068,AllGestureWiimoteY,513
8,8,0.05,hydra,mrsqm,0.0,0.0,0.246,0.07023176690791122,0.3596242106967724,0,1,0.32570535199920414,2.685000072233379e-05,AllGestureWiimoteY,513
8,8,0.1,hydra,mrsqm,0.0,0.0,0.202,0.21667504778372898,0.5299490574234772,0,1,0.32570535199920414,2.685000072233379e-05,AllGestureWiimoteY,513
8,8,0.2,hydra,mrsqm,0.21951219512195122,0.36,0.128,0.7295899382765013,0.6368447005827399,1,1,0.32570535199920414,2.685000072233379e-05,AllGestureWiimoteY,513
8,8,0.05,shapley_sampling,feature_ablation,0.0,0.0,0.05,0.1954120440034462,0.3596242119445294,1,1,1.0320594660006464,0.043535037999390624,AllGestureWiimoteY,513
8,8,0.1,shapley_sampling,feature_ablation,1.0,1.0,0.0,0.5299490553548932,0.5299490565721081,1,1,1.0320594660006464,0.043535037999390624,AllGestureWiimoteY,513
8,8,0.2,shapley_sampling,feature_ablation,1.0,1.0,0.0,0.6368447035196184,0.6368447014610396,1,1,1.0320594660006464,0.043535037999390624,AllGestureWiimoteY,513
8,8,0.05,shapley_sampling,tshap_centroid,0.0,0.0,0.56,0.1954120440034462,0.0725015132215665,1,1,1.0320594660006464,0.05906581100134645,AllGestureWiimoteY,513
8,8,0.1,shapley_sampling,tshap_centroid,0.0,0.0,0.588,0.5299490553548932,0.12845405319348663,1,1,1.0320594660006464,0.05906581100134645,AllGestureWiimoteY,513
8,8,0.2,shapley_sampling,tshap_centroid,0.0,0.0,0.514,0.6368447035196184,0.25398933605046226,1,1,1.0320594660006464,0.05906581100134645,AllGestureWiimoteY,513
8,8,0.05,shapley_sampling,tshap_zero,0.0,0.0,0.822,0.1954120440034462,0.05282288873548768,1,1,1.0320594660006464,0.056432217003020924,AllGestureWiimoteY,513
8,8,0.1,shapley_sampling,tshap_zero,0.0,0.0,0.82,0.5299490553548932,0.13073519899369412,1,1,1.0320594660006464,0.056432217003020924,AllGestureWiimoteY,513
8,8,0.2,shapley_sampling,tshap_zero,0.0,0.0,0.748,0.6368447035196184,-0.05023338006657241,1,1,1.0320594660006464,0.056432217003020924,AllGestureWiimoteY,513
8,8,0.05,shapley_sampling,tshap_train,0.35135135135135137,0.52,0.024,0.1954120440034462,0.27637510752613936,1,1,1.0320594660006464,0.685910842003068,AllGestureWiimoteY,513
8,8,0.1,shapley_sampling,tshap_train,0.26582278481012656,0.42,0.058,0.5299490553548932,0.3658425212373716,1,1,1.0320594660006464,0.685910842003068,AllGestureWiimoteY,513
8,8,0.2,shapley_sampling,tshap_train,0.8348623853211009,0.91,0.018,0.6368447035196184,0.6483698643188478,1,1,1.0320594660006464,0.685910842003068,AllGestureWiimoteY,513
8,8,0.05,shapley_sampling,mrsqm,0.0,0.0,0.05,0.1954120440034462,0.3596242106967724,1,1,1.0320594660006464,2.685000072233379e-05,AllGestureWiimoteY,513
8,8,0.1,shapley_sampling,mrsqm,1.0,1.0,0.0,0.5299490553548932,0.5299490574234772,1,1,1.0320594660006464,2.685000072233379e-05,AllGestureWiimoteY,513
8,8,0.2,shapley_sampling,mrsqm,1.0,1.0,0.0,0.6368447035196184,0.6368447005827399,1,1,1.0320594660006464,2.685000072233379e-05,AllGestureWiimoteY,513
8,8,0.05,feature_ablation,tshap_centroid,0.0,0.0,0.61,0.3596242119445294,0.0725015132215665,1,1,0.043535037999390624,0.05906581100134645,AllGestureWiimoteY,513
8,8,0.1,feature_ablation,tshap_centroid,0.0,0.0,0.588,0.5299490565721081,0.12845405319348663,1,1,0.043535037999390624,0.05906581100134645,AllGestureWiimoteY,513
8,8,0.2,feature_ablation,tshap_centroid,0.0,0.0,0.514,0.6368447014610396,0.25398933605046226,1,1,0.043535037999390624,0.05906581100134645,AllGestureWiimoteY,513
8,8,0.05,feature_ablation,tshap_zero,0.0,0.0,0.872,0.3596242119445294,0.05282288873548768,1,1,0.043535037999390624,0.056432217003020924,AllGestureWiimoteY,513
8,8,0.1,feature_ablation,tshap_zero,0.0,0.0,0.82,0.5299490565721081,0.13073519899369412,1,1,0.043535037999390624,0.056432217003020924,AllGestureWiimoteY,513
8,8,0.2,feature_ablation,tshap_zero,0.0,0.0,0.748,0.6368447014610396,-0.05023338006657241,1,1,0.043535037999390624,0.056432217003020924,AllGestureWiimoteY,513
8,8,0.05,feature_ablation,tshap_train,0.0,0.0,0.074,0.3596242119445294,0.27637510752613936,1,1,0.043535037999390624,0.685910842003068,AllGestureWiimoteY,513
8,8,0.1,feature_ablation,tshap_train,0.26582278481012656,0.42,0.058,0.5299490565721081,0.3658425212373716,1,1,0.043535037999390624,0.685910842003068,AllGestureWiimoteY,513
8,8,0.2,feature_ablation,tshap_train,0.8348623853211009,0.91,0.018,0.6368447014610396,0.6483698643188478,1,1,0.043535037999390624,0.685910842003068,AllGestureWiimoteY,513
8,8,0.05,feature_ablation,mrsqm,1.0,1.0,0.0,0.3596242119445294,0.3596242106967724,1,1,0.043535037999390624,2.685000072233379e-05,AllGestureWiimoteY,513
8,8,0.1,feature_ablation,mrsqm,1.0,1.0,0.0,0.5299490565721081,0.5299490574234772,1,1,0.043535037999390624,2.685000072233379e-05,AllGestureWiimoteY,513
8,8,0.2,feature_ablation,mrsqm,1.0,1.0,0.0,0.6368447014610396,0.6368447005827399,1,1,0.043535037999390624,2.685000072233379e-05,AllGestureWiimoteY,513
8,8,0.05,tshap_centroid,tshap_zero,0.0,0.0,0.262,0.0725015132215665,0.05282288873548768,1,1,0.05906581100134645,0.056432217003020924,AllGestureWiimoteY,513
8,8,0.1,tshap_centroid,tshap_zero,0.0,0.0,0.232,0.12845405319348663,0.13073519899369412,1,1,0.05906581100134645,0.056432217003020924,AllGestureWiimoteY,513
8,8,0.2,tshap_centroid,tshap_zero,0.0,0.0,0.234,0.25398933605046226,-0.05023338006657241,1,1,0.05906581100134645,0.056432217003020924,AllGestureWiimoteY,513
8,8,0.05,tshap_centroid,tshap_train,0.0,0.0,0.536,0.0725015132215665,0.27637510752613936,1,1,0.05906581100134645,0.685910842003068,AllGestureWiimoteY,513
8,8,0.1,tshap_centroid,tshap_train,0.0,0.0,0.53,0.12845405319348663,0.3658425212373716,1,1,0.05906581100134645,0.685910842003068,AllGestureWiimoteY,513
8,8,0.2,tshap_centroid,tshap_train,0.0,0.0,0.496,0.25398933605046226,0.6483698643188478,1,1,0.05906581100134645,0.685910842003068,AllGestureWiimoteY,513
8,8,0.05,tshap_centroid,mrsqm,0.0,0.0,0.61,0.0725015132215665,0.3596242106967724,1,1,0.05906581100134645,2.685000072233379e-05,AllGestureWiimoteY,513
8,8,0.1,tshap_centroid,mrsqm,0.0,0.0,0.588,0.12845405319348663,0.5299490574234772,1,1,0.05906581100134645,2.685000072233379e-05,AllGestureWiimoteY,513
8,8,0.2,tshap_centroid,mrsqm,0.0,0.0,0.514,0.25398933605046226,0.6368447005827399,1,1,0.05906581100134645,2.685000072233379e-05,AllGestureWiimoteY,513
8,8,0.05,tshap_zero,tshap_train,0.0,0.0,0.798,0.05282288873548768,0.27637510752613936,1,1,0.056432217003020924,0.685910842003068,AllGestureWiimoteY,513
8,8,0.1,tshap_zero,tshap_train,0.0,0.0,0.762,0.13073519899369412,0.3658425212373716,1,1,0.056432217003020924,0.685910842003068,AllGestureWiimoteY,513
8,8,0.2,tshap_zero,tshap_train,0.0,0.0,0.73,-0.05023338006657241,0.6483698643188478,1,1,0.056432217003020924,0.685910842003068,AllGestureWiimoteY,513
8,8,0.05,tshap_zero,mrsqm,0.0,0.0,0.872,0.05282288873548768,0.3596242106967724,1,1,0.056432217003020924,2.685000072233379e-05,AllGestureWiimoteY,513
8,8,0.1,tshap_zero,mrsqm,0.0,0.0,0.82,0.13073519899369412,0.5299490574234772,1,1,0.056432217003020924,2.685000072233379e-05,AllGestureWiimoteY,513
8,8,0.2,tshap_zero,mrsqm,0.0,0.0,0.748,-0.05023338006657241,0.6368447005827399,1,1,0.056432217003020924,2.685000072233379e-05,AllGestureWiimoteY,513
8,8,0.05,tshap_train,mrsqm,0.0,0.0,0.074,0.27637510752613936,0.3596242106967724,1,1,0.685910842003068,2.685000072233379e-05,AllGestureWiimoteY,513
8,8,0.1,tshap_train,mrsqm,0.26582278481012656,0.42,0.058,0.3658425212373716,0.5299490574234772,1,1,0.685910842003068,2.685000072233379e-05,AllGestureWiimoteY,513
8,8,0.2,tshap_train,mrsqm,0.8348623853211009,0.91,0.018,0.6483698643188478,0.6368447005827399,1,1,0.685910842003068,2.685000072233379e-05,AllGestureWiimoteY,513
6,6,0.05,hydra,shapley_sampling,0.0,0.0,0.554,0.06156214893224887,0.05061475074632282,0,0,0.32851107000169577,1.0601595120024285,AllGestureWiimoteY,380
6,6,0.1,hydra,shapley_sampling,0.0,0.0,0.676,0.24132928502166728,-0.07607754807443357,0,0,0.32851107000169577,1.0601595120024285,AllGestureWiimoteY,380
6,6,0.2,hydra,shapley_sampling,0.0,0.0,0.586,0.46393455153060015,0.27114383443134304,1,0,0.32851107000169577,1.0601595120024285,AllGestureWiimoteY,380
6,6,0.05,hydra,feature_ablation,0.0,0.0,0.246,0.06156214893224887,0.0012947012030815053,0,0,0.32851107000169577,0.045876271004090086,AllGestureWiimoteY,380
6,6,0.1,hydra,feature_ablation,0.5873015873015873,0.74,0.026,0.24132928502166728,-0.012021987842814053,0,0,0.32851107000169577,0.045876271004090086,AllGestureWiimoteY,380
6,6,0.2,hydra,feature_ablation,0.0,0.0,0.214,0.46393455153060015,0.6771109421818637,1,0,0.32851107000169577,0.045876271004090086,AllGestureWiimoteY,380
6,6,0.05,hydra,tshap_centroid,0.0,0.0,0.18,0.06156214893224887,0.3792975215546337,0,0,0.32851107000169577,0.05198168900096789,AllGestureWiimoteY,380
6,6,0.1,hydra,tshap_centroid,0.0,0.0,0.186,0.24132928502166728,0.37884915492844484,0,0,0.32851107000169577,0.05198168900096789,AllGestureWiimoteY,380
6,6,0.2,hydra,tshap_centroid,0.0,0.0,0.214,0.46393455153060015,0.677110949311829,1,0,0.32851107000169577,0.05198168900096789,AllGestureWiimoteY,380
6,6,0.05,hydra,tshap_zero,0.0,0.0,0.076,0.06156214893224887,0.5492753828744863,0,0,0.32851107000169577,0.05756048399780411,AllGestureWiimoteY,380
6,6,0.1,hydra,tshap_zero,0.0989010989010989,0.18,0.082,0.24132928502166728,0.8620609956048536,0,1,0.32851107000169577,0.05756048399780411,AllGestureWiimoteY,380
6,6,0.2,hydra,tshap_zero,0.15606936416184972,0.27,0.146,0.46393455153060015,1.3749835511958528,1,1,0.32851107000169577,0.05756048399780411,AllGestureWiimoteY,380
6,6,0.05,hydra,tshap_train,0.0,0.0,0.094,0.06156214893224887,0.43428521268886167,0,0,0.32851107000169577,0.7059881749955821,AllGestureWiimoteY,380
6,6,0.1,hydra,tshap_train,0.0,0.0,0.128,0.24132928502166728,0.4639855231446326,0,0,0.32851107000169577,0.7059881749955821,AllGestureWiimoteY,380
6,6,0.2,hydra,tshap_train,0.12359550561797752,0.22,0.156,0.46393455153060015,1.402161244080653,1,1,0.32851107000169577,0.7059881749955821,AllGestureWiimoteY,380
6,6,0.05,hydra,mrsqm,0.0,0.0,0.246,0.06156214893224887,0.0012946943184539705,0,0,0.32851107000169577,2.7110996597912163e-05,AllGestureWiimoteY,380
6,6,0.1,hydra,mrsqm,0.0,0.0,0.224,0.24132928502166728,0.19348449875943363,0,0,0.32851107000169577,2.7110996597912163e-05,AllGestureWiimoteY,380
6,6,0.2,hydra,mrsqm,0.0,0.0,0.214,0.46393455153060015,0.6771109466494718,1,0,0.32851107000169577,2.7110996597912163e-05,AllGestureWiimoteY,380
6,6,0.05,shapley_sampling,feature_ablation,0.0,0.0,0.8,0.05061475074632282,0.0012947012030815053,0,0,1.0601595120024285,0.045876271004090086,AllGestureWiimoteY,380
6,6,0.1,shapley_sampling,feature_ablation,0.0,0.0,0.65,-0.07607754807443357,-0.012021987842814053,0,0,1.0601595120024285,0.045876271004090086,AllGestureWiimoteY,380
6,6,0.2,shapley_sampling,feature_ablation,0.0,0.0,0.8,0.27114383443134304,0.6771109421818637,0,0,1.0601595120024285,0.045876271004090086,AllGestureWiimoteY,380
6,6,0.05,shapley_sampling,tshap_centroid,0.0,0.0,0.734,0.05061475074632282,0.3792975215546337,0,0,1.0601595120024285,0.05198168900096789,AllGestureWiimoteY,380
6,6,0.1,shapley_sampling,tshap_centroid,0.0,0.0,0.862,-0.07607754807443357,0.37884915492844484,0,0,1.0601595120024285,0.05198168900096789,AllGestureWiimoteY,380
6,6,0.2,shapley_sampling,tshap_centroid,0.0,0.0,0.8,0.27114383443134304,0.677110949311829,0,0,1.0601595120024285,0.05198168900096789,AllGestureWiimoteY,380
6,6,0.05,shapley_sampling,tshap_zero,0.0,0.0,0.63,0.05061475074632282,0.5492753828744863,0,0,1.0601595120024285,0.05756048399780411,AllGestureWiimoteY,380
6,6,0.1,shapley_sampling,tshap_zero,0.0,0.0,0.758,-0.07607754807443357,0.8620609956048536,0,1,1.0601595120024285,0.05756048399780411,AllGestureWiimoteY,380
6,6,0.2,shapley_sampling,tshap_zero,0.0,0.0,0.732,0.27114383443134304,1.3749835511958528,0,1,1.0601595120024285,0.05756048399780411,AllGestureWiimoteY,380
6,6,0.05,shapley_sampling,tshap_train,0.0,0.0,0.648,0.05061475074632282,0.43428521268886167,0,0,1.0601595120024285,0.7059881749955821,AllGestureWiimoteY,380
6,6,0.1,shapley_sampling,tshap_train,0.0,0.0,0.804,-0.07607754807443357,0.4639855231446326,0,0,1.0601595120024285,0.7059881749955821,AllGestureWiimoteY,380
6,6,0.2,shapley_sampling,tshap_train,0.0,0.0,0.742,0.27114383443134304,1.402161244080653,0,1,1.0601595120024285,0.7059881749955821,AllGestureWiimoteY,380
6,6,0.05,shapley_sampling,mrsqm,0.0,0.0,0.8,0.05061475074632282,0.0012946943184539705,0,0,1.0601595120024285,2.7110996597912163e-05,AllGestureWiimoteY,380
6,6,0.1,shapley_sampling,mrsqm,0.0,0.0,0.9,-0.07607754807443357,0.19348449875943363,0,0,1.0601595120024285,2.7110996597912163e-05,AllGestureWiimoteY,380
6,6,0.2,shapley_sampling,mrsqm,0.0,0.0,0.8,0.27114383443134304,0.6771109466494718,0,0,1.0601595120024285,2.7110996597912163e-05,AllGestureWiimoteY,380
6,6,0.05,feature_ablation,tshap_centroid,0.0,0.0,0.066,0.0012947012030815053,0.3792975215546337,0,0,0.045876271004090086,0.05198168900096789,AllGestureWiimoteY,380
6,6,0.1,feature_ablation,tshap_centroid,0.0,0.0,0.212,-0.012021987842814053,0.37884915492844484,0,0,0.045876271004090086,0.05198168900096789,AllGestureWiimoteY,380
6,6,0.2,feature_ablation,tshap_centroid,1.0,1.0,0.0,0.6771109421818637,0.677110949311829,0,0,0.045876271004090086,0.05198168900096789,AllGestureWiimoteY,380
6,6,0.05,feature_ablation,tshap_zero,0.0,0.0,0.17,0.0012947012030815053,0.5492753828744863,0,0,0.045876271004090086,0.05756048399780411,AllGestureWiimoteY,380
6,6,0.1,feature_ablation,tshap_zero,0.0,0.0,0.108,-0.012021987842814053,0.8620609956048536,0,1,0.045876271004090086,0.05756048399780411,AllGestureWiimoteY,380
6,6,0.2,feature_ablation,tshap_zero,0.4925373134328358,0.66,0.068,0.6771109421818637,1.3749835511958528,0,1,0.045876271004090086,0.05756048399780411,AllGestureWiimoteY,380
6,6,0.05,feature_ablation,tshap_train,0.0,0.0,0.152,0.0012947012030815053,0.43428521268886167,0,0,0.045876271004090086,0.7059881749955821,AllGestureWiimoteY,380
6,6,0.1,feature_ablation,tshap_train,0.0,0.0,0.154,-0.012021987842814053,0.4639855231446326,0,0,0.045876271004090086,0.7059881749955821,AllGestureWiimoteY,380
6,6,0.2,feature_ablation,tshap_train,0.5503875968992248,0.71,0.058,0.6771109421818637,1.402161244080653,0,1,0.045876271004090086,0.7059881749955821,AllGestureWiimoteY,380
6,6,0.05,feature_ablation,mrsqm,1.0,1.0,0.0,0.0012947012030815053,0.0012946943184539705,0,0,0.045876271004090086,2.7110996597912163e-05,AllGestureWiimoteY,380
6,6,0.1,feature_ablation,mrsqm,0.0,0.0,0.25,-0.012021987842814053,0.19348449875943363,0,0,0.045876271004090086,2.7110996597912163e-05,AllGestureWiimoteY,380
6,6,0.2,feature_ablation,mrsqm,1.0,1.0,0.0,0.6771109421818637,0.6771109466494718,0,0,0.045876271004090086,2.7110996597912163e-05,AllGestureWiimoteY,380
6,6,0.05,tshap_centroid,tshap_zero,0.0,0.0,0.104,0.3792975215546337,0.5492753828744863,0,0,0.05198168900096789,0.05756048399780411,AllGestureWiimoteY,380
6,6,0.1,tshap_centroid,tshap_zero,0.0,0.0,0.104,0.37884915492844484,0.8620609956048536,0,1,0.05198168900096789,0.05756048399780411,AllGestureWiimoteY,380
6,6,0.2,tshap_centroid,tshap_zero,0.4925373134328358,0.66,0.068,0.677110949311829,1.3749835511958528,0,1,0.05198168900096789,0.05756048399780411,AllGestureWiimoteY,380
6,6,0.05,tshap_centroid,tshap_train,0.0,0.0,0.086,0.3792975215546337,0.43428521268886167,0,0,0.05198168900096789,0.7059881749955821,AllGestureWiimoteY,380
6,6,0.1,tshap_centroid,tshap_train,0.26582278481012656,0.42,0.058,0.37884915492844484,0.4639855231446326,0,0,0.05198168900096789,0.7059881749955821,AllGestureWiimoteY,380
6,6,0.2,tshap_centroid,tshap_train,0.5503875968992248,0.71,0.058,0.677110949311829,1.402161244080653,0,1,0.05198168900096789,0.7059881749955821,AllGestureWiimoteY,380
6,6,0.05,tshap_centroid,mrsqm,0.0,0.0,0.066,0.3792975215546337,0.0012946943184539705,0,0,0.05198168900096789,2.7110996597912163e-05,AllGestureWiimoteY,380
6,6,0.1,tshap_centroid,mrsqm,0.4492753623188406,0.62,0.038,0.37884915492844484,0.19348449875943363,0,0,0.05198168900096789,2.7110996597912163e-05,AllGestureWiimoteY,380
6,6,0.2,tshap_centroid,mrsqm,1.0,1.0,0.0,0.677110949311829,0.6771109466494718,0,0,0.05198168900096789,2.7110996597912163e-05,AllGestureWiimoteY,380
6,6,0.05,tshap_zero,tshap_train,0.47058823529411764,0.64,0.018,0.5492753828744863,0.43428521268886167,0,0,0.05756048399780411,0.7059881749955821,AllGestureWiimoteY,380
6,6,0.1,tshap_zero,tshap_train,0.3698630136986301,0.54,0.046,0.8620609956048536,0.4639855231446326,1,0,0.05756048399780411,0.7059881749955821,AllGestureWiimoteY,380
6,6,0.2,tshap_zero,tshap_train,0.9047619047619048,0.95,0.01,1.3749835511958528,1.402161244080653,1,1,0.05756048399780411,0.7059881749955821,AllGestureWiimoteY,380
6,6,0.05,tshap_zero,mrsqm,0.0,0.0,0.17,0.5492753828744863,0.0012946943184539705,0,0,0.05756048399780411,2.7110996597912163e-05,AllGestureWiimoteY,380
6,6,0.1,tshap_zero,mrsqm,0.0,0.0,0.142,0.8620609956048536,0.19348449875943363,1,0,0.05756048399780411,2.7110996597912163e-05,AllGestureWiimoteY,380
6,6,0.2,tshap_zero,mrsqm,0.4925373134328358,0.66,0.068,1.3749835511958528,0.6771109466494718,1,0,0.05756048399780411,2.7110996597912163e-05,AllGestureWiimoteY,380
6,6,0.05,tshap_train,mrsqm,0.0,0.0,0.152,0.43428521268886167,0.0012946943184539705,0,0,0.7059881749955821,2.7110996597912163e-05,AllGestureWiimoteY,380
6,6,0.1,tshap_train,mrsqm,0.02040816326530612,0.04,0.096,0.4639855231446326,0.19348449875943363,0,0,0.7059881749955821,2.7110996597912163e-05,AllGestureWiimoteY,380
6,6,0.2,tshap_train,mrsqm,0.5503875968992248,0.71,0.058,1.402161244080653,0.6771109466494718,1,0,0.7059881749955821,2.7110996597912163e-05,AllGestureWiimoteY,380
